t_date,oof_adj,y_adj
1996-02-29,71.3167,70.3
1996-03-01,71.1407,70.1
1996-03-02,70.7861,70.0
1996-03-03,70.4044,68.1
1996-03-04,69.9974,70.6
1996-03-05,69.9342,71.1
1996-03-06,70.1698,70.2
1996-03-07,69.3719,70.0
1996-03-08,70.2665,68.8
1996-03-09,69.3059,68.6
1996-03-10,70.052,68.6
1996-03-11,71.3145,69.3
1996-03-12,72.0246,69.1
1996-03-13,71.2094,68.8
1996-03-14,71.0116,68.7
1996-03-15,70.7894,69.3
1996-03-16,71.1064,69.1
1996-03-17,71.0304,68.5
1996-03-18,71.0243,68.8
1996-03-19,70.7317,69.9
1996-03-20,70.4246,70.8
1996-03-21,70.8794,71.2
1996-03-22,72.431,72.3
1996-03-23,71.6149,74.8
1996-03-24,71.1922,73.2
1996-03-25,71.5874,71.9
1996-03-26,71.3756,69.5
1996-03-27,71.3434,68.7
1996-03-28,71.3401,69.1
1996-03-29,70.6227,69.2
1996-03-30,70.4696,68.6
1996-03-31,70.404,69.5
1996-04-01,69.5401,69.6
1996-04-02,70.6894,68.9
1996-04-03,70.9536,69.0
1996-04-04,70.6006,69.5
1996-04-05,70.5274,70.6
1996-04-06,69.9744,72.0
1996-04-07,69.8809,76.0
1996-04-08,69.893,76.3
1996-04-09,70.2333,77.5
1996-04-10,70.18,77.7
1996-04-11,70.0152,79.1
1996-04-12,69.9469,78.0
1996-04-13,70.2166,75.1
1996-04-14,70.0962,74.3
1996-04-15,69.7647,73.4
1996-04-16,69.8732,72.5
1996-04-17,70.4133,72.6
1996-04-18,70.8202,72.9
1996-04-19,71.0068,72.0
1996-04-20,71.4568,70.4
1996-04-21,72.5164,69.6
1996-04-22,71.7975,68.5
1996-04-23,71.2586,68.1
1996-04-24,70.1499,68.9
1996-04-25,69.7365,69.0
1996-04-26,69.9341,68.7
1996-04-27,69.9731,68.7
1996-04-28,69.6951,68.4
1996-04-29,70.1658,67.8
1996-04-30,70.2121,68.3
1996-05-01,69.909,68.4
1996-05-02,69.9275,69.9
1996-05-03,70.1723,70.8
1996-05-04,70.6856,70.7
1996-05-05,71.3667,71.3
1996-05-06,73.2853,71.6
1996-05-07,73.5193,73.0
1996-05-08,74.2214,73.9
1996-05-09,74.4057,75.9
1996-05-10,75.2185,72.9
1996-05-11,74.7769,72.4
1996-05-12,73.3966,71.5
1996-05-13,73.0435,70.6
1996-05-14,72.6708,69.7
1996-05-15,72.2055,70.7
1996-05-16,72.2096,70.1
1996-05-17,72.3165,69.5
1996-05-18,71.8935,69.6
1996-05-19,71.1685,69.8
1996-05-20,70.7593,69.9
1996-05-21,70.2064,70.7
1996-05-22,70.0174,71.9
1996-05-23,70.4218,72.7
1996-05-24,70.458,72.6
1996-05-25,70.3582,72.0
1996-05-26,70.3429,75.2
1996-05-27,70.2274,74.7
1996-05-28,69.9682,74.5
1996-05-29,70.2069,74.0
1996-05-30,70.2281,74.2
1996-05-31,70.9254,73.7
1996-06-01,71.3411,73.6
1996-06-02,71.3016,73.3
1996-06-03,71.5943,72.8
1996-06-04,71.7973,71.3
1996-06-05,72.4834,71.5
1996-06-06,72.9564,71.0
1996-06-07,73.9405,70.5
1996-06-08,72.6398,74.3
1996-06-09,72.394,84.3
1996-06-10,72.0041,86.5
1996-06-11,71.565,82.5
1996-06-12,71.0565,79.6
1996-06-13,71.5115,76.2
1996-06-14,71.1544,72.5
1996-06-15,70.8461,70.0
1996-06-16,70.8428,69.3
1996-06-17,70.9103,69.1
1996-06-18,70.9802,69.0
1996-06-19,71.3932,67.0
1996-06-20,71.9763,68.3
1996-06-21,72.3259,67.5
1996-06-22,72.3328,67.2
1996-06-23,72.0935,68.2
1996-06-24,73.4939,68.9
1996-06-25,73.357,68.3
1996-06-26,73.3389,70.4
1996-06-27,73.2508,72.4
1996-06-28,73.4081,75.6
1996-06-29,73.247,77.8
1996-06-30,73.273,80.3
1996-07-01,73.1485,82.3
1996-07-02,72.9796,82.7
1996-07-03,72.3047,82.8
1996-07-04,72.4244,81.9
1996-07-05,72.1984,81.6
1996-07-06,71.8792,79.9
1996-07-07,73.6278,76.2
1996-07-08,78.2755,75.1
1996-07-09,79.4237,73.7
1996-07-10,77.6592,71.7
1996-07-11,76.4514,72.1
1996-07-12,74.9725,73.6
1996-07-13,73.2862,74.8
1996-07-14,72.1068,72.0
1996-07-15,71.734,71.4
1996-07-16,71.6283,70.5
1996-07-17,71.5768,69.3
1996-07-18,70.6318,69.3
1996-07-19,71.1702,69.5
1996-07-20,70.7793,68.4
1996-07-21,70.607,69.3
1996-07-22,71.0393,70.1
1996-07-23,71.3951,71.3
1996-07-24,71.1177,74.5
1996-07-25,72.0772,75.8
1996-07-26,72.927,76.2
1996-07-27,74.3641,76.3
1996-07-28,75.4221,75.8
1996-07-29,76.5233,75.9
1996-07-30,77.4464,74.7
1996-07-31,77.6646,75.0
1996-08-01,77.7451,74.7
1996-08-02,77.4634,77.6
1996-08-03,77.4009,74.8
1996-08-04,76.7234,73.6
1996-08-05,75.0579,72.4
1996-08-06,74.5439,72.0
1996-08-07,73.9227,71.4
1996-08-08,73.0664,70.8
1996-08-09,73.2691,70.5
1996-08-10,73.9972,69.2
1996-08-11,74.6212,68.8
1996-08-12,73.3979,68.9
1996-08-13,73.1766,68.5
1996-08-14,72.7631,68.6
1996-08-15,72.1908,68.1
1996-08-16,72.1159,67.9
1996-08-17,72.2426,67.1
1996-08-18,71.7253,68.7
1996-08-19,72.0912,69.6
1996-08-20,72.4687,69.6
1996-08-21,73.0413,69.8
1996-08-22,74.4575,69.7
1996-08-23,75.1264,70.3
1996-08-24,75.3477,69.1
1996-08-25,75.3049,70.4
1996-08-26,75.1176,70.4
1996-08-27,75.1767,71.2
1996-08-28,74.6451,70.4
1996-08-29,74.854,70.1
1996-08-30,74.716,71.2
1996-08-31,76.1514,70.3
1996-09-01,74.9214,69.7
1996-09-02,74.4229,69.6
1996-09-03,73.9157,69.8
1996-09-04,73.8261,69.6
1996-09-05,73.5678,69.4
1996-09-06,73.2525,68.5
1996-09-07,73.101,68.8
1996-09-08,72.4274,68.2
1996-09-09,72.1497,67.7
1996-09-10,72.1504,67.7
1996-09-11,71.9451,67.4
1996-09-12,71.9888,66.4
1996-09-13,71.7084,66.9
1996-09-14,71.5189,67.3
1996-09-15,71.1088,68.2
1996-09-16,71.7724,68.6
1996-09-17,72.151,68.1
1996-09-18,72.1297,68.0
1996-09-19,72.208,69.0
1996-09-20,72.1966,70.4
1996-09-21,72.4192,70.6
1996-09-22,71.8801,69.0
1996-09-23,72.4698,69.1
1996-09-24,72.4347,69.1
1996-09-25,72.8352,69.1
1996-09-26,72.4942,69.1
1996-09-27,72.2374,70.3
1996-09-28,72.6434,71.2
1996-09-29,72.1404,67.5
1996-09-30,71.7594,69.4
1996-10-01,71.618,69.7
1996-10-02,71.6522,68.6
1996-10-03,71.5545,68.5
1996-10-04,71.4199,67.9
1996-10-05,71.0261,68.3
1996-10-06,71.159,67.8
1996-10-07,70.8813,67.1
1996-10-08,70.6612,68.0
1996-10-09,70.6299,67.3
1996-10-10,70.4918,67.8
1996-10-11,70.0393,68.9
1996-10-12,70.2437,69.6
1996-10-13,70.4351,70.0
1996-10-14,70.8536,70.7
1996-10-15,71.0338,71.5
1996-10-16,70.7875,72.1
1996-10-17,70.6817,71.9
1996-10-18,71.0349,72.2
1996-10-19,71.578,70.4
1996-10-20,71.6091,72.4
1996-10-21,70.7729,72.6
1996-10-22,70.725,72.7
1996-10-23,70.6275,72.6
1996-10-24,70.5325,80.6
1996-10-25,70.4791,88.7
1996-10-26,70.9526,97.3
1996-10-27,71.3308,101.7
1996-10-28,69.6438,100.8
1996-10-29,70.4326,100.0
1996-10-30,70.5048,95.4
1996-10-31,69.9823,88.5
1996-11-01,69.9122,85.1
1996-11-02,69.615,80.8
1996-11-03,69.7641,75.7
1996-11-04,69.5179,70.7
1996-11-05,69.1514,68.6
1996-11-06,69.514,67.6
1996-11-07,69.2018,67.6
1996-11-08,69.4224,67.1
1996-11-09,69.9187,66.6
1996-11-10,70.2754,71.5
1996-11-11,70.4552,70.2
1996-11-12,70.6915,75.2
1996-11-13,71.015,78.6
1996-11-14,71.2765,79.2
1996-11-15,71.2161,80.0
1996-11-16,71.338,82.3
1996-11-17,70.4994,83.5
1996-11-18,71.3645,83.6
1996-11-19,71.4286,85.6
1996-11-20,71.4608,84.6
1996-11-21,71.45,80.3
1996-11-22,75.1969,80.9
1996-11-23,79.0682,78.9
1996-11-24,83.014,76.9
1996-11-25,85.2718,76.4
1996-11-26,85.0584,74.7
1996-11-27,84.9056,73.0
1996-11-28,83.0741,72.2
1996-11-29,80.1732,71.8
1996-11-30,78.6819,71.4
1996-12-01,76.898,70.1
1996-12-02,74.6035,69.8
1996-12-03,72.3154,70.0
1996-12-04,71.3649,69.7
1996-12-05,70.8884,70.8
1996-12-06,70.8646,71.4
1996-12-07,70.6124,71.9
1996-12-08,70.3771,70.6
1996-12-09,72.5629,70.9
1996-12-10,71.975,71.3
1996-12-11,74.2392,71.3
1996-12-12,75.9882,72.9
1996-12-13,76.4345,71.6
1996-12-14,76.8711,72.1
1996-12-15,77.991,72.1
1996-12-16,78.6269,72.4
1996-12-17,78.8372,73.3
1996-12-18,79.8565,72.4
1996-12-19,79.4577,71.7
1996-12-20,77.6158,72.2
1996-12-21,78.0437,72.9
1996-12-22,77.205,74.3
1996-12-23,76.3988,71.8
1996-12-24,76.2523,70.7
1996-12-25,75.4771,71.1
1996-12-26,74.6637,71.9
1996-12-27,74.2636,70.9
1996-12-28,74.015,71.9
1996-12-29,73.7977,71.3
1996-12-30,73.1486,70.8
1996-12-31,73.024,72.4
1997-01-01,73.1276,71.5
1997-01-02,73.0527,70.3
1997-01-03,73.6167,69.2
1997-01-04,73.9978,76.2
1997-01-05,74.2552,77.4
1997-01-06,73.707,78.4
1997-01-07,73.8046,73.3
1997-01-08,73.9926,72.2
1997-01-09,73.9654,73.7
1997-01-10,74.6547,73.2
1997-01-11,74.1059,71.2
1997-01-12,74.3607,70.4
1997-01-13,74.3578,69.3
1997-01-14,74.4831,69.1
1997-01-15,74.9756,69.3
1997-01-16,74.63,69.6
1997-01-17,74.3372,70.1
1997-01-18,74.5964,70.3
1997-01-19,74.9929,71.4
1997-01-20,75.7351,71.2
1997-01-21,74.6554,70.4
1997-01-22,74.0943,71.0
1997-01-23,74.2702,71.6
1997-01-24,74.7077,71.9
1997-01-25,74.2779,73.0
1997-01-26,74.7714,73.1
1997-01-27,74.5515,72.6
1997-01-28,74.3527,72.4
1997-01-29,75.1173,72.4
1997-01-30,74.6748,71.5
1997-01-31,74.0901,72.9
1997-02-01,73.5607,71.1
1997-02-02,76.7691,72.8
1997-02-03,77.4321,72.8
1997-02-04,77.9688,73.4
1997-02-05,75.6915,74.2
1997-02-06,75.1744,73.1
1997-02-07,75.8273,73.6
1997-02-08,75.6705,74.1
1997-02-09,74.7939,73.8
1997-02-10,74.3804,73.4
1997-02-11,73.7678,73.4
1997-02-12,73.5439,73.3
1997-02-13,73.3253,74.7
1997-02-14,73.2287,75.0
1997-02-15,73.242,75.0
1997-02-16,73.0618,74.4
1997-02-17,73.377,73.7
1997-02-18,73.2334,73.1
1997-02-19,72.7256,71.0
1997-02-20,72.8738,70.0
1997-02-21,73.1766,70.1
1997-02-22,73.3092,70.3
1997-02-23,73.7955,70.6
1997-02-24,73.9198,70.2
1997-02-25,73.7383,69.5
1997-02-26,73.6662,71.9
1997-02-27,73.6999,72.9
1997-02-28,73.3382,75.1
1997-03-01,73.9925,73.8
1997-03-02,73.1698,74.6
1997-03-03,73.8606,76.2
1997-03-04,73.8482,80.4
1997-03-05,74.0164,78.8
1997-03-06,74.3777,78.6
1997-03-07,73.7911,80.3
1997-03-08,73.9303,78.3
1997-03-09,74.1113,77.0
1997-03-10,73.8505,76.3
1997-03-11,73.6775,78.3
1997-03-12,73.6274,78.0
1997-03-13,73.4939,77.4
1997-03-14,74.0766,76.9
1997-03-15,74.2623,79.3
1997-03-16,74.2842,77.9
1997-03-17,73.9406,79.2
1997-03-18,73.683,75.6
1997-03-19,73.4441,72.3
1997-03-20,72.5462,70.7
1997-03-21,72.0338,70.6
1997-03-22,72.0614,70.4
1997-03-23,72.1492,70.9
1997-03-24,72.2882,71.5
1997-03-25,72.042,69.7
1997-03-26,71.7102,70.7
1997-03-27,72.7752,69.6
1997-03-28,73.2684,71.8
1997-03-29,74.3492,74.1
1997-03-30,73.8445,73.4
1997-03-31,74.1784,72.9
1997-04-01,74.9518,73.7
1997-04-02,76.9636,73.4
1997-04-03,76.3095,73.3
1997-04-04,76.2962,72.3
1997-04-05,77.0833,72.1
1997-04-06,76.2725,73.6
1997-04-07,75.6962,73.4
1997-04-08,75.4268,73.3
1997-04-09,76.456,73.3
1997-04-10,76.3956,73.0
1997-04-11,76.1897,74.8
1997-04-12,75.9976,73.8
1997-04-13,77.1182,73.7
1997-04-14,76.5703,75.4
1997-04-15,77.2338,75.1
1997-04-16,75.6187,74.7
1997-04-17,74.1081,73.9
1997-04-18,73.2816,74.4
1997-04-19,73.1932,75.8
1997-04-20,73.0322,76.0
1997-04-21,73.2668,81.1
1997-04-22,73.5127,86.9
1997-04-23,72.6807,83.0
1997-04-24,73.0552,78.1
1997-04-25,72.427,78.9
1997-04-26,73.3732,80.1
1997-04-27,74.411,82.0
1997-04-28,74.1303,80.4
1997-04-29,73.9512,79.5
1997-04-30,74.3183,77.6
1997-05-01,74.2294,77.2
1997-05-02,74.2168,74.5
1997-05-03,73.7754,79.6
1997-05-04,73.7189,79.1
1997-05-05,74.3978,77.4
1997-05-06,74.4029,76.1
1997-05-07,74.4308,76.1
1997-05-08,74.4395,76.4
1997-05-09,74.2865,76.9
1997-05-10,75.1086,75.4
1997-05-11,74.7191,75.3
1997-05-12,74.724,74.2
1997-05-13,75.5152,73.0
1997-05-14,75.4002,71.8
1997-05-15,75.1981,72.3
1997-05-16,74.8544,72.9
1997-05-17,75.0994,73.0
1997-05-18,75.8189,74.4
1997-05-19,75.9197,71.8
1997-05-20,78.349,73.5
1997-05-21,81.0558,72.4
1997-05-22,79.4538,72.5
1997-05-23,77.281,69.8
1997-05-24,77.6954,71.8
1997-05-25,78.257,71.3
1997-05-26,79.1806,72.2
1997-05-27,78.5278,74.1
1997-05-28,78.2273,74.2
1997-05-29,77.4456,74.1
1997-05-30,77.3089,73.6
1997-05-31,76.0198,72.6
1997-06-01,78.4138,72.1
1997-06-02,78.2194,72.4
1997-06-03,77.4963,72.4
1997-06-04,76.7933,71.4
1997-06-05,76.7759,72.0
1997-06-06,76.8984,72.0
1997-06-07,77.1805,70.6
1997-06-08,76.4821,72.6
1997-06-09,76.4554,72.1
1997-06-10,75.9499,72.3
1997-06-11,75.497,70.8
1997-06-12,74.922,70.9
1997-06-13,75.1481,69.6
1997-06-14,75.4252,69.3
1997-06-15,75.4479,70.3
1997-06-16,76.1527,71.5
1997-06-17,74.9572,71.9
1997-06-18,75.6996,72.2
1997-06-19,75.1832,72.3
1997-06-20,75.2546,72.8
1997-06-21,73.9117,73.5
1997-06-22,74.795,73.6
1997-06-23,74.5204,74.5
1997-06-24,74.9327,78.1
1997-06-25,75.8474,81.2
1997-06-26,75.8113,83.0
1997-06-27,75.7162,79.0
1997-06-28,75.4395,76.8
1997-06-29,74.9066,76.5
1997-06-30,74.654,75.0
1997-07-01,74.7145,73.2
1997-07-02,74.7186,72.5
1997-07-03,74.1902,73.2
1997-07-04,74.3669,72.9
1997-07-05,74.319,74.3
1997-07-06,73.6244,74.9
1997-07-07,74.6434,76.9
1997-07-08,74.4402,79.0
1997-07-09,74.5549,80.1
1997-07-10,73.7779,79.9
1997-07-11,73.7564,80.3
1997-07-12,73.1267,80.4
1997-07-13,72.9433,81.6
1997-07-14,73.4049,83.0
1997-07-15,74.0241,84.2
1997-07-16,74.25,81.6
1997-07-17,74.3875,79.6
1997-07-18,74.4619,79.8
1997-07-19,74.678,77.4
1997-07-20,75.0039,77.7
1997-07-21,75.044,76.1
1997-07-22,75.4641,76.3
1997-07-23,77.1838,76.3
1997-07-24,78.6249,77.2
1997-07-25,79.5017,78.2
1997-07-26,77.7718,79.4
1997-07-27,76.7655,83.7
1997-07-28,76.6226,85.5
1997-07-29,76.0481,83.5
1997-07-30,75.2503,92.3
1997-07-31,74.9543,93.3
1997-08-01,75.2942,93.8
1997-08-02,75.1565,98.2
1997-08-03,75.8247,95.1
1997-08-04,76.0539,93.3
1997-08-05,76.9563,94.7
1997-08-06,77.9811,94.6
1997-08-07,78.4963,97.6
1997-08-08,78.37,99.1
1997-08-09,78.5088,103.6
1997-08-10,78.4688,109.3
1997-08-11,79.0395,117.7
1997-08-12,79.6387,116.4
1997-08-13,80.1997,110.0
1997-08-14,79.0955,110.3
1997-08-15,78.2187,108.9
1997-08-16,78.316,103.7
1997-08-17,77.2676,99.1
1997-08-18,77.4163,96.4
1997-08-19,76.6445,94.0
1997-08-20,76.7593,89.0
1997-08-21,76.7058,89.1
1997-08-22,77.1109,88.4
1997-08-23,77.5427,85.8
1997-08-24,78.1406,89.6
1997-08-25,80.1291,92.3
1997-08-26,81.0913,93.5
1997-08-27,80.2128,88.9
1997-08-28,84.3542,89.5
1997-08-29,84.8641,88.8
1997-08-30,85.2094,87.5
1997-08-31,87.2795,90.0
1997-09-01,86.0908,87.9
1997-09-02,85.4086,87.3
1997-09-03,86.1542,86.0
1997-09-04,86.2469,85.8
1997-09-05,87.7423,83.4
1997-09-06,85.5025,84.3
1997-09-07,87.4544,83.6
1997-09-08,90.5498,83.4
1997-09-09,94.2277,82.7
1997-09-10,94.2418,83.3
1997-09-11,92.0626,84.0
1997-09-12,92.1831,85.8
1997-09-13,91.856,88.3
1997-09-14,89.5289,87.8
1997-09-15,87.871,84.3
1997-09-16,87.1148,86.4
1997-09-17,86.5427,86.9
1997-09-18,85.0147,87.5
1997-09-19,85.3362,85.9
1997-09-20,85.2747,84.0
1997-09-21,84.1162,82.1
1997-09-22,86.328,84.2
1997-09-23,87.5177,79.9
1997-09-24,88.1198,78.8
1997-09-25,87.0996,77.7
1997-09-26,87.3707,80.5
1997-09-27,87.2144,81.0
1997-09-28,86.905,83.3
1997-09-29,88.0011,84.4
1997-09-30,87.8324,86.0
1997-10-01,88.0771,86.9
1997-10-02,87.9722,89.2
1997-10-03,88.4404,91.6
1997-10-04,88.314,96.2
1997-10-05,88.5354,108.0
1997-10-06,88.0625,115.9
1997-10-07,87.7734,111.9
1997-10-08,87.3309,103.5
1997-10-09,87.4368,92.7
1997-10-10,87.1983,87.9
1997-10-11,87.7333,84.8
1997-10-12,88.7892,87.6
1997-10-13,88.2237,89.6
1997-10-14,86.703,85.4
1997-10-15,87.4265,88.2
1997-10-16,87.573,91.0
1997-10-17,87.8661,94.1
1997-10-18,87.1626,94.1
1997-10-19,86.6678,92.0
1997-10-20,85.733,89.4
1997-10-21,86.4448,96.8
1997-10-22,85.0106,86.5
1997-10-23,84.4912,93.6
1997-10-24,84.3983,97.7
1997-10-25,85.216,97.3
1997-10-26,85.3026,100.6
1997-10-27,86.1952,99.4
1997-10-28,86.6134,105.2
1997-10-29,87.1497,108.2
1997-10-30,87.8168,113.2
1997-10-31,88.6891,109.0
1997-11-01,89.4682,109.3
1997-11-02,90.9768,113.7
1997-11-03,95.4468,109.0
1997-11-04,98.7684,109.0
1997-11-05,97.9697,104.2
1997-11-06,94.8354,100.7
1997-11-07,90.9959,105.6
1997-11-08,89.2496,96.0
1997-11-09,88.2388,95.1
1997-11-10,89.5402,93.8
1997-11-11,90.5377,92.2
1997-11-12,88.9272,93.4
1997-11-13,90.1025,89.6
1997-11-14,91.0595,86.5
1997-11-15,92.461,87.1
1997-11-16,92.2636,86.3
1997-11-17,91.6242,82.0
1997-11-18,90.6568,82.9
1997-11-19,93.2323,83.5
1997-11-20,89.6415,86.8
1997-11-21,92.0492,86.7
1997-11-22,93.4357,89.0
1997-11-23,93.6013,85.5
1997-11-24,94.9562,100.7
1997-11-25,94.7031,104.3
1997-11-26,97.0592,101.3
1997-11-27,98.6159,101.3
1997-11-28,101.3457,92.7
1997-11-29,100.394,98.7
1997-11-30,100.137,101.0
1997-12-01,101.2377,101.0
1997-12-02,98.8829,101.1
1997-12-03,98.584,98.3
1997-12-04,96.6848,97.6
1997-12-05,95.7834,97.7
1997-12-06,97.5052,87.7
1997-12-07,93.8254,86.3
1997-12-08,93.5925,84.1
1997-12-09,93.6111,82.1
1997-12-10,93.0534,79.5
1997-12-11,93.3755,78.9
1997-12-12,92.4157,78.0
1997-12-13,90.1903,82.0
1997-12-14,90.6043,92.7
1997-12-15,89.5709,87.5
1997-12-16,88.415,90.8
1997-12-17,89.0333,94.6
1997-12-18,89.2227,94.4
1997-12-19,90.7161,93.1
1997-12-20,90.942,92.0
1997-12-21,92.4706,90.5
1997-12-22,91.2802,88.5
1997-12-23,97.3674,88.0
1997-12-24,98.6033,90.1
1997-12-25,97.8268,93.9
1997-12-26,98.2539,94.5
1997-12-27,94.91,105.0
1997-12-28,97.2376,96.9
1997-12-29,97.8534,97.7
1997-12-30,97.6065,93.7
1997-12-31,98.0453,90.9
1998-01-01,95.7952,88.4
1998-01-02,95.4121,86.8
1998-01-03,95.2108,88.1
1998-01-04,91.8394,86.5
1998-01-05,91.1833,86.3
1998-01-06,90.0317,86.6
1998-01-07,89.0325,83.1
1998-01-08,88.15,81.8
1998-01-09,87.9425,80.8
1998-01-10,87.3291,81.3
1998-01-11,88.9615,81.5
1998-01-12,93.1402,81.5
1998-01-13,91.6975,84.0
1998-01-14,93.0834,88.3
1998-01-15,94.4713,92.3
1998-01-16,94.2519,102.3
1998-01-17,94.8003,104.7
1998-01-18,94.7189,104.2
1998-01-19,94.1328,102.4
1998-01-20,93.4495,100.9
1998-01-21,92.5332,96.3
1998-01-22,93.6683,93.6
1998-01-23,95.2293,92.8
1998-01-24,96.3187,93.5
1998-01-25,100.264,97.3
1998-01-26,96.8717,96.6
1998-01-27,96.4244,92.9
1998-01-28,94.9293,90.9
1998-01-29,93.259,88.6
1998-01-30,92.1803,92.3
1998-01-31,91.168,96.5
1998-02-01,91.4673,95.1
1998-02-02,90.5722,95.0
1998-02-03,90.4211,100.0
1998-02-04,90.4238,95.1
1998-02-05,89.337,90.3
1998-02-06,89.5486,90.5
1998-02-07,88.6073,89.9
1998-02-08,88.876,88.7
1998-02-09,89.1225,95.0
1998-02-10,89.142,99.4
1998-02-11,89.8653,100.3
1998-02-12,91.3593,103.7
1998-02-13,92.6591,118.2
1998-02-14,97.0641,131.6
1998-02-15,97.5941,122.6
1998-02-16,97.4578,124.3
1998-02-17,97.0501,125.9
1998-02-18,96.4827,123.5
1998-02-19,95.3785,125.5
1998-02-20,93.5424,124.9
1998-02-21,93.0226,126.8
1998-02-22,92.9887,121.3
1998-02-23,94.1393,119.9
1998-02-24,93.7357,114.4
1998-02-25,92.0813,109.5
1998-02-26,91.4316,110.0
1998-02-27,90.6427,103.6
1998-02-28,91.7745,100.0
1998-03-01,93.8,107.2
1998-03-02,93.5922,107.9
1998-03-03,92.8038,105.6
1998-03-04,94.5092,103.4
1998-03-05,92.7032,103.6
1998-03-06,91.0288,110.2
1998-03-07,91.104,126.4
1998-03-08,91.164,133.7
1998-03-09,91.2785,135.5
1998-03-10,93.7591,141.0
1998-03-11,96.2405,140.2
1998-03-12,97.5483,130.2
1998-03-13,98.7197,128.8
1998-03-14,104.6594,117.6
1998-03-15,110.1145,115.5
1998-03-16,106.3224,112.6
1998-03-17,106.6889,113.5
1998-03-18,107.7968,107.2
1998-03-19,107.3624,102.1
1998-03-20,108.6665,99.4
1998-03-21,108.5349,96.7
1998-03-22,109.0565,98.7
1998-03-23,106.3504,92.9
1998-03-24,105.76,88.5
1998-03-25,104.2372,91.3
1998-03-26,102.136,91.7
1998-03-27,102.1832,93.0
1998-03-28,99.9461,91.8
1998-03-29,99.5907,92.6
1998-03-30,101.7632,99.8
1998-03-31,102.1236,99.1
1998-04-01,101.763,104.1
1998-04-02,100.7452,115.1
1998-04-03,100.7159,118.8
1998-04-04,104.0147,119.3
1998-04-05,110.6502,123.2
1998-04-06,114.2028,135.7
1998-04-07,116.652,132.4
1998-04-08,120.3862,125.6
1998-04-09,121.4408,120.2
1998-04-10,117.3452,112.8
1998-04-11,117.1904,109.3
1998-04-12,113.3761,110.2
1998-04-13,111.7946,114.4
1998-04-14,111.6192,119.1
1998-04-15,111.3586,119.8
1998-04-16,108.6957,118.6
1998-04-17,106.1691,120.4
1998-04-18,105.1089,113.0
1998-04-19,103.5431,104.6
1998-04-20,104.0092,101.5
1998-04-21,101.7794,94.1
1998-04-22,99.9408,91.2
1998-04-23,100.4544,89.6
1998-04-24,101.2473,92.6
1998-04-25,101.8916,98.0
1998-04-26,101.6122,94.7
1998-04-27,101.7175,94.9
1998-04-28,104.5418,96.6
1998-04-29,104.7214,101.1
1998-04-30,107.7299,97.6
1998-05-01,112.5246,98.8
1998-05-02,114.6493,96.8
1998-05-03,115.8674,103.0
1998-05-04,117.8017,107.7
1998-05-05,122.351,116.4
1998-05-06,121.376,115.0
1998-05-07,117.5466,118.4
1998-05-08,114.9917,118.5
1998-05-09,111.7658,116.4
1998-05-10,110.3625,120.5
1998-05-11,110.3439,115.7
1998-05-12,112.4897,115.3
1998-05-13,113.8358,115.8
1998-05-14,114.0226,115.7
1998-05-15,113.6308,113.9
1998-05-16,114.1294,105.1
1998-05-17,111.3679,103.6
1998-05-18,108.689,107.3
1998-05-19,107.448,103.9
1998-05-20,104.7272,103.3
1998-05-21,103.6021,101.8
1998-05-22,103.0354,104.4
1998-05-23,104.412,105.4
1998-05-24,105.962,103.8
1998-05-25,105.1409,98.9
1998-05-26,106.1147,108.8
1998-05-27,107.0822,109.7
1998-05-28,108.8906,112.8
1998-05-29,108.0112,119.1
1998-05-30,109.5558,126.1
1998-05-31,108.7361,123.3
1998-06-01,110.6443,125.0
1998-06-02,112.1982,131.1
1998-06-03,114.8676,124.4
1998-06-04,114.6803,131.9
1998-06-05,115.8107,133.5
1998-06-06,116.3071,127.6
1998-06-07,115.4819,125.2
1998-06-08,116.6669,118.5
1998-06-09,115.7443,116.2
1998-06-10,116.0567,118.2
1998-06-11,115.4807,112.9
1998-06-12,114.6027,111.3
1998-06-13,113.6597,102.6
1998-06-14,109.4821,109.7
1998-06-15,107.6779,106.3
1998-06-16,108.8299,108.2
1998-06-17,107.8188,109.7
1998-06-18,107.645,103.6
1998-06-19,106.5902,102.4
1998-06-20,107.7105,105.2
1998-06-21,108.2941,115.4
1998-06-22,107.4328,113.9
1998-06-23,105.5889,117.8
1998-06-24,109.5129,119.1
1998-06-25,110.9775,129.2
1998-06-26,112.8112,125.5
1998-06-27,115.6499,122.8
1998-06-28,118.7816,123.2
1998-06-29,117.5719,125.1
1998-06-30,118.7046,123.1
1998-07-01,120.8511,118.3
1998-07-02,118.3352,117.2
1998-07-03,121.0931,115.4
1998-07-04,121.4765,112.9
1998-07-05,119.8916,111.7
1998-07-06,118.9052,119.2
1998-07-07,115.6612,130.5
1998-07-08,114.4388,142.2
1998-07-09,114.6439,149.1
1998-07-10,112.9158,150.9
1998-07-11,112.8096,158.3
1998-07-12,109.4643,153.3
1998-07-13,111.6631,154.1
1998-07-14,110.5343,150.9
1998-07-15,112.006,140.4
1998-07-16,113.7005,140.6
1998-07-17,111.0445,136.8
1998-07-18,110.0963,143.3
1998-07-19,111.7875,139.7
1998-07-20,116.4427,136.8
1998-07-21,116.185,137.9
1998-07-22,118.5532,141.9
1998-07-23,119.6477,135.2
1998-07-24,122.7635,135.9
1998-07-25,121.7374,129.3
1998-07-26,121.0523,126.0
1998-07-27,120.9077,124.8
1998-07-28,122.0483,129.6
1998-07-29,121.5305,137.8
1998-07-30,118.6624,142.0
1998-07-31,118.8554,149.4
1998-08-01,116.8783,166.4
1998-08-02,116.4055,181.8
1998-08-03,115.6302,180.2
1998-08-04,117.7658,166.3
1998-08-05,122.305,165.5
1998-08-06,126.6264,157.3
1998-08-07,130.1275,156.8
1998-08-08,130.9196,167.1
1998-08-09,133.8372,153.5
1998-08-10,132.683,155.8
1998-08-11,132.9125,147.4
1998-08-12,132.0054,143.6
1998-08-13,128.3608,140.4
1998-08-14,129.52,136.6
1998-08-15,126.8579,132.3
1998-08-16,129.4223,123.3
1998-08-17,128.4726,118.6
1998-08-18,128.0765,119.9
1998-08-19,128.6767,118.6
1998-08-20,130.3834,123.7
1998-08-21,128.6061,128.0
1998-08-22,128.8993,133.3
1998-08-23,126.3504,139.4
1998-08-24,124.7461,142.1
1998-08-25,124.3039,144.1
1998-08-26,126.0458,136.2
1998-08-27,129.2571,139.2
1998-08-28,130.8269,136.2
1998-08-29,134.0317,128.0
1998-08-30,140.9482,123.0
1998-08-31,147.1546,116.3
1998-09-01,147.4165,121.8
1998-09-02,142.8384,119.1
1998-09-03,142.8289,112.9
1998-09-04,140.2513,112.0
1998-09-05,140.3165,114.9
1998-09-06,143.9345,117.1
1998-09-07,139.5733,116.9
1998-09-08,140.7994,124.1
1998-09-09,137.4502,123.8
1998-09-10,135.7177,123.2
1998-09-11,134.647,120.3
1998-09-12,133.5176,118.5
1998-09-13,132.1026,113.4
1998-09-14,128.9539,117.5
1998-09-15,126.8177,118.4
1998-09-16,127.2456,130.4
1998-09-17,126.7698,130.1
1998-09-18,128.42,134.4
1998-09-19,130.4344,125.0
1998-09-20,132.5895,116.8
1998-09-21,134.949,120.2
1998-09-22,136.3845,117.2
1998-09-23,137.5454,113.8
1998-09-24,135.5346,111.4
1998-09-25,137.1678,109.6
1998-09-26,136.2422,106.3
1998-09-27,132.8996,102.8
1998-09-28,131.1008,101.8
1998-09-29,128.3452,106.4
1998-09-30,129.8919,108.0
1998-10-01,129.1477,109.9
1998-10-02,126.3,117.0
1998-10-03,126.1288,119.5
1998-10-04,126.9029,124.1
1998-10-05,127.6741,129.9
1998-10-06,127.633,139.0
1998-10-07,130.109,150.1
1998-10-08,129.9481,138.4
1998-10-09,129.5611,145.8
1998-10-10,128.0462,149.9
1998-10-11,127.353,159.3
1998-10-12,125.4948,150.8
1998-10-13,127.1169,144.1
1998-10-14,127.7243,138.7
1998-10-15,132.3997,132.6
1998-10-16,132.8721,123.8
1998-10-17,135.3152,123.7
1998-10-18,131.2645,121.8
1998-10-19,128.1341,118.0
1998-10-20,128.9126,112.2
1998-10-21,127.5495,113.7
1998-10-22,125.8807,118.6
1998-10-23,124.9856,118.3
1998-10-24,124.0778,123.0
1998-10-25,122.7927,126.7
1998-10-26,120.7925,136.7
1998-10-27,119.7165,145.6
1998-10-28,120.8549,152.3
1998-10-29,121.4045,154.7
1998-10-30,122.1265,160.4
1998-10-31,124.8657,163.2
1998-11-01,125.8934,158.9
1998-11-02,127.703,158.2
1998-11-03,129.4579,147.4
1998-11-04,132.7925,148.7
1998-11-05,136.9742,144.0
1998-11-06,132.6608,138.3
1998-11-07,135.8639,138.1
1998-11-08,137.809,148.7
1998-11-09,141.7547,157.1
1998-11-10,139.0594,149.3
1998-11-11,136.7876,129.8
1998-11-12,135.0537,138.8
1998-11-13,132.7772,138.9
1998-11-14,129.0627,139.7
1998-11-15,128.382,139.9
1998-11-16,126.9317,137.2
1998-11-17,124.5442,136.1
1998-11-18,122.2646,141.5
1998-11-19,122.2641,137.9
1998-11-20,123.5084,133.6
1998-11-21,122.9532,130.4
1998-11-22,124.5221,130.9
1998-11-23,125.776,124.6
1998-11-24,129.953,135.2
1998-11-25,133.9785,134.9
1998-11-26,137.06,139.6
1998-11-27,138.4877,140.2
1998-11-28,140.6425,161.4
1998-11-29,141.8734,178.3
1998-11-30,140.7146,176.8
1998-12-01,140.0247,173.1
1998-12-02,136.2614,168.8
1998-12-03,136.8813,161.6
1998-12-04,135.4739,154.8
1998-12-05,133.3079,149.4
1998-12-06,133.1272,142.0
1998-12-07,136.818,132.0
1998-12-08,140.7459,121.6
1998-12-09,137.0523,111.3
1998-12-10,129.7628,111.7
1998-12-11,132.5627,111.0
1998-12-12,132.4258,109.6
1998-12-13,132.2332,108.2
1998-12-14,132.3443,109.1
1998-12-15,131.759,114.7
1998-12-16,131.1809,132.4
1998-12-17,133.2119,138.0
1998-12-18,132.4428,153.4
1998-12-19,131.4413,156.2
1998-12-20,130.5879,165.4
1998-12-21,131.2437,170.3
1998-12-22,129.4505,166.4
1998-12-23,133.4533,169.7
1998-12-24,133.6731,172.3
1998-12-25,135.689,160.8
1998-12-26,136.0632,156.8
1998-12-27,143.9057,133.9
1998-12-28,150.259,129.1
1998-12-29,149.6424,121.6
1998-12-30,148.5965,115.2
1998-12-31,147.2444,114.2
1999-01-01,145.0622,114.5
1999-01-02,143.0347,111.5
1999-01-03,140.1881,114.5
1999-01-04,136.9894,107.7
1999-01-05,133.6514,105.8
1999-01-06,129.7724,104.3
1999-01-07,125.9213,100.9
1999-01-08,125.8458,96.6
1999-01-09,125.2069,106.5
1999-01-10,124.4153,121.1
1999-01-11,123.9564,125.9
1999-01-12,124.3006,148.4
1999-01-13,126.3642,159.3
1999-01-14,134.0788,183.6
1999-01-15,136.9632,193.4
1999-01-16,142.6663,199.6
1999-01-17,144.3381,185.5
1999-01-18,148.3791,187.3
1999-01-19,150.8512,185.3
1999-01-20,149.5571,164.2
1999-01-21,151.1799,160.5
1999-01-22,152.5252,153.6
1999-01-23,148.6644,144.0
1999-01-24,146.9181,127.0
1999-01-25,138.029,124.3
1999-01-26,135.4124,117.3
1999-01-27,132.4001,117.1
1999-01-28,129.1738,113.4
1999-01-29,128.0833,113.1
1999-01-30,127.8554,120.7
1999-01-31,126.4188,118.0
1999-02-01,126.9881,127.6
1999-02-02,124.4672,134.6
1999-02-03,123.3116,141.6
1999-02-04,122.5968,125.4
1999-02-05,121.2371,112.6
1999-02-06,119.3013,108.3
1999-02-07,123.1774,125.0
1999-02-08,129.4774,125.3
1999-02-09,131.6517,133.6
1999-02-10,141.0181,135.3
1999-02-11,145.4281,138.5
1999-02-12,155.4687,142.7
1999-02-13,160.3838,148.7
1999-02-14,163.1534,148.4
1999-02-15,157.9993,154.1
1999-02-16,158.7742,152.9
1999-02-17,157.5239,146.7
1999-02-18,150.4648,138.1
1999-02-19,147.7913,131.6
1999-02-20,144.7795,123.1
1999-02-21,140.664,115.0
1999-02-22,132.4983,112.2
1999-02-23,131.0294,107.6
1999-02-24,128.5467,106.4
1999-02-25,128.3213,103.1
1999-02-26,126.7999,104.1
1999-02-27,126.4774,102.7
1999-02-28,128.937,103.8
1999-03-01,127.9344,104.4
1999-03-02,130.8818,101.7
1999-03-03,134.1632,102.9
1999-03-04,137.4983,99.4
1999-03-05,132.7536,98.4
1999-03-06,128.2609,116.0
1999-03-07,126.4692,132.7
1999-03-08,132.8952,137.6
1999-03-09,134.612,141.7
1999-03-10,139.0015,139.5
1999-03-11,140.1109,136.7
1999-03-12,141.16,136.9
1999-03-13,142.3962,131.3
1999-03-14,143.9067,130.7
1999-03-15,142.7651,130.3
1999-03-16,144.4285,121.0
1999-03-17,143.6627,122.7
1999-03-18,140.4679,123.8
1999-03-19,136.4059,116.6
1999-03-20,133.3424,113.8
1999-03-21,129.4248,110.9
1999-03-22,126.1882,105.8
1999-03-23,124.4588,104.4
1999-03-24,122.4726,101.4
1999-03-25,121.9859,99.3
1999-03-26,120.479,102.0
1999-03-27,120.9949,103.8
1999-03-28,120.842,105.8
1999-03-29,121.4391,110.0
1999-03-30,121.2088,111.3
1999-03-31,119.9179,123.9
1999-04-01,120.4094,125.3
1999-04-02,119.4504,128.4
1999-04-03,118.6824,137.9
1999-04-04,125.9495,129.2
1999-04-05,133.5372,141.1
1999-04-06,136.3701,143.3
1999-04-07,138.0661,149.5
1999-04-08,137.4005,166.4
1999-04-09,136.416,175.1
1999-04-10,136.0731,181.7
1999-04-11,132.9125,172.8
1999-04-12,131.7702,162.6
1999-04-13,130.8879,156.3
1999-04-14,126.7962,150.5
1999-04-15,126.3925,147.3
1999-04-16,126.2534,146.8
1999-04-17,123.324,155.6
1999-04-18,121.5526,148.6
1999-04-19,120.5676,143.8
1999-04-20,118.5019,145.8
1999-04-21,117.9586,145.9
1999-04-22,116.5307,143.7
1999-04-23,115.5425,143.7
1999-04-24,116.5147,144.2
1999-04-25,117.2934,140.4
1999-04-26,118.3717,146.8
1999-04-27,120.3016,156.6
1999-04-28,121.0408,159.3
1999-04-29,126.5456,156.2
1999-04-30,127.864,152.7
1999-05-01,129.5166,161.1
1999-05-02,133.2847,170.1
1999-05-03,130.0285,181.2
1999-05-04,134.5146,178.1
1999-05-05,135.0024,178.5
1999-05-06,136.9951,175.9
1999-05-07,142.7305,168.8
1999-05-08,145.4771,172.9
1999-05-09,147.546,162.4
1999-05-10,144.3939,161.3
1999-05-11,140.8119,170.3
1999-05-12,138.3678,166.0
1999-05-13,135.5176,169.8
1999-05-14,134.2131,173.2
1999-05-15,133.8743,173.0
1999-05-16,137.7509,173.5
1999-05-17,135.0862,163.5
1999-05-18,132.9465,157.6
1999-05-19,134.3396,151.3
1999-05-20,134.5329,151.2
1999-05-21,134.1034,143.3
1999-05-22,134.4279,156.5
1999-05-23,134.8831,150.3
1999-05-24,134.3367,166.9
1999-05-25,136.7838,173.0
1999-05-26,141.4008,191.1
1999-05-27,143.1433,207.5
1999-05-28,142.2587,206.1
1999-05-29,141.1395,214.3
1999-05-30,144.3504,203.2
1999-05-31,147.4054,197.7
1999-06-01,152.6574,216.5
1999-06-02,151.5485,202.0
1999-06-03,152.1133,193.4
1999-06-04,150.7772,203.5
1999-06-05,147.9308,191.9
1999-06-06,149.1054,180.0
1999-06-07,145.7141,173.5
1999-06-08,145.1891,163.7
1999-06-09,148.2637,154.1
1999-06-10,147.2259,155.9
1999-06-11,148.7085,161.5
1999-06-12,150.2008,157.8
1999-06-13,150.463,159.2
1999-06-14,151.442,148.3
1999-06-15,148.1639,133.9
1999-06-16,146.5479,133.8
1999-06-17,144.4137,136.4
1999-06-18,144.4671,141.3
1999-06-19,142.254,142.8
1999-06-20,148.0113,145.8
1999-06-21,145.9911,144.1
1999-06-22,152.1923,152.1
1999-06-23,154.9599,157.8
1999-06-24,162.9015,181.6
1999-06-25,170.2002,190.1
1999-06-26,170.9708,188.0
1999-06-27,174.9903,177.8
1999-06-28,171.1019,179.9
1999-06-29,168.8721,203.9
1999-06-30,176.2373,208.6
1999-07-01,171.5942,212.2
1999-07-02,168.1453,206.7
1999-07-03,172.2845,222.9
1999-07-04,168.4889,218.8
1999-07-05,163.5447,216.9
1999-07-06,160.8116,206.0
1999-07-07,157.2581,182.1
1999-07-08,154.1795,175.3
1999-07-09,154.7366,157.6
1999-07-10,157.1217,141.7
1999-07-11,156.2336,141.9
1999-07-12,156.6347,130.8
1999-07-13,152.9953,131.4
1999-07-14,148.3143,126.4
1999-07-15,149.1185,129.8
1999-07-16,150.4631,131.5
1999-07-17,152.6378,134.5
1999-07-18,153.7514,134.4
1999-07-19,155.4938,136.4
1999-07-20,155.9522,133.9
1999-07-21,158.9205,138.0
1999-07-22,162.0983,155.2
1999-07-23,170.6862,165.0
1999-07-24,173.3694,176.7
1999-07-25,173.3954,191.7
1999-07-26,169.6699,206.4
1999-07-27,170.3482,212.9
1999-07-28,178.2922,226.9
1999-07-29,179.4896,227.7
1999-07-30,181.1889,253.4
1999-07-31,178.8437,222.5
1999-08-01,186.2668,201.9
1999-08-02,185.4943,186.1
1999-08-03,185.0409,165.8
1999-08-04,180.7693,159.3
1999-08-05,171.6286,141.7
1999-08-06,168.9606,133.5
1999-08-07,162.4653,123.8
1999-08-08,155.8768,120.4
1999-08-09,156.0456,114.1
1999-08-10,151.123,108.4
1999-08-11,151.3726,108.0
1999-08-12,149.143,123.7
1999-08-13,150.5531,124.1
1999-08-14,151.2657,142.6
1999-08-15,153.5925,156.5
1999-08-16,153.6322,158.2
1999-08-17,155.5633,156.6
1999-08-18,154.8676,159.9
1999-08-19,156.1865,159.1
1999-08-20,162.3166,153.0
1999-08-21,166.0146,150.6
1999-08-22,171.2241,146.2
1999-08-23,176.2837,147.9
1999-08-24,180.9396,141.5
1999-08-25,182.9221,137.8
1999-08-26,188.2975,132.4
1999-08-27,188.4012,126.1
1999-08-28,197.3529,123.3
1999-08-29,187.77,124.4
1999-08-30,179.4554,126.5
1999-08-31,173.2654,125.3
1999-09-01,165.1147,125.1
1999-09-02,161.0159,121.9
1999-09-03,154.0711,126.6
1999-09-04,150.8352,134.7
1999-09-05,147.0289,144.4
1999-09-06,145.4067,146.2
1999-09-07,142.5058,133.5
1999-09-08,140.1272,129.2
1999-09-09,139.7646,150.9
1999-09-10,145.5314,152.8
1999-09-11,146.2401,160.0
1999-09-12,153.7799,166.0
1999-09-13,159.417,182.9
1999-09-14,160.9316,190.1
1999-09-15,160.7508,198.7
1999-09-16,162.1633,197.1
1999-09-17,162.643,187.8
1999-09-18,160.4848,176.8
1999-09-19,159.0191,171.4
1999-09-20,157.5667,168.2
1999-09-21,157.9135,157.4
1999-09-22,156.0168,157.0
1999-09-23,153.2232,158.8
1999-09-24,150.2711,162.8
1999-09-25,146.0151,157.1
1999-09-26,143.6031,170.8
1999-09-27,143.0385,187.1
1999-09-28,142.3582,194.8
1999-09-29,141.2306,181.5
1999-09-30,140.3938,177.2
1999-10-01,138.6242,167.0
1999-10-02,140.1013,158.1
1999-10-03,143.4781,148.4
1999-10-04,147.2628,140.6
1999-10-05,148.941,140.8
1999-10-06,144.6986,145.1
1999-10-07,143.5478,157.8
1999-10-08,151.6903,147.4
1999-10-09,153.119,170.8
1999-10-10,156.0086,188.4
1999-10-11,158.8598,225.5
1999-10-12,164.7668,243.6
1999-10-13,167.31,235.0
1999-10-14,170.5538,227.1
1999-10-15,169.7563,219.1
1999-10-16,166.2714,214.2
1999-10-17,162.2784,201.1
1999-10-18,160.0745,228.2
1999-10-19,158.2454,216.3
1999-10-20,153.4262,212.9
1999-10-21,152.923,205.1
1999-10-22,153.0954,199.5
1999-10-23,154.2838,205.0
1999-10-24,151.6752,187.2
1999-10-25,156.3244,180.9
1999-10-26,163.6714,181.9
1999-10-27,167.4253,179.0
1999-10-28,163.0701,167.7
1999-10-29,161.9402,164.5
1999-10-30,157.786,170.1
1999-10-31,154.0159,159.5
1999-11-01,150.3602,158.3
1999-11-02,148.6012,160.4
1999-11-03,149.0529,160.9
1999-11-04,151.0076,147.5
1999-11-05,156.0962,143.3
1999-11-06,153.479,138.6
1999-11-07,161.4915,138.6
1999-11-08,168.4513,148.8
1999-11-09,182.8091,145.6
1999-11-10,189.2251,151.5
1999-11-11,186.2982,159.5
1999-11-12,183.7873,154.3
1999-11-13,181.0171,154.4
1999-11-14,178.6216,161.0
1999-11-15,173.5086,163.1
1999-11-16,183.4835,173.1
1999-11-17,179.972,187.9
1999-11-18,178.0867,194.4
1999-11-19,174.9895,198.9
1999-11-20,173.7619,200.3
1999-11-21,176.5194,202.4
1999-11-22,169.508,210.1
1999-11-23,166.9685,195.1
1999-11-24,167.3429,191.9
1999-11-25,166.3401,176.5
1999-11-26,162.167,172.5
1999-11-27,161.6321,171.2
1999-11-28,164.0574,156.4
1999-11-29,160.8134,145.4
1999-11-30,161.5312,139.0
1999-12-01,162.4592,131.2
1999-12-02,163.455,125.8
1999-12-03,159.3604,125.6
1999-12-04,158.7946,128.5
1999-12-05,157.947,128.7
1999-12-06,157.625,130.3
1999-12-07,161.1296,132.0
1999-12-08,160.0799,140.0
1999-12-09,161.638,144.8
1999-12-10,163.8709,149.6
1999-12-11,162.129,155.3
1999-12-12,161.4511,157.8
1999-12-13,163.3716,171.8
1999-12-14,164.0229,189.3
1999-12-15,166.9351,195.4
1999-12-16,172.6876,194.7
1999-12-17,174.936,203.9
1999-12-18,177.7134,201.0
1999-12-19,178.5993,190.1
1999-12-20,180.1465,188.4
1999-12-21,183.3683,172.9
1999-12-22,178.5565,165.3
1999-12-23,177.1078,154.3
1999-12-24,170.7431,145.8
1999-12-25,169.2087,136.1
1999-12-26,168.811,136.3
1999-12-27,163.6891,133.1
1999-12-28,159.1692,136.4
1999-12-29,157.1608,128.4
1999-12-30,152.9621,131.0
1999-12-31,150.4658,123.9
2000-01-01,150.2201,128.7
2000-01-02,151.0878,134.5
2000-01-03,151.2709,134.1
2000-01-04,152.1302,140.2
2000-01-05,153.6706,149.7
2000-01-06,156.2302,162.7
2000-01-07,158.0623,163.1
2000-01-08,159.754,172.8
2000-01-09,161.8486,177.0
2000-01-10,163.2837,169.0
2000-01-11,168.7626,170.8
2000-01-12,175.3257,171.1
2000-01-13,177.5763,165.8
2000-01-14,176.9565,159.1
2000-01-15,179.9181,155.9
2000-01-16,178.145,154.7
2000-01-17,173.9406,152.2
2000-01-18,172.6,156.3
2000-01-19,166.6472,153.4
2000-01-20,163.9967,137.8
2000-01-21,159.1984,141.5
2000-01-22,155.4025,149.9
2000-01-23,151.3993,148.7
2000-01-24,151.0545,168.6
2000-01-25,150.0557,181.2
2000-01-26,151.7882,188.3
2000-01-27,148.2479,206.2
2000-01-28,148.6425,210.6
2000-01-29,145.2318,222.9
2000-01-30,146.6063,214.7
2000-01-31,149.0431,215.1
2000-02-01,149.2831,228.7
2000-02-02,151.4513,209.6
2000-02-03,155.1728,200.4
2000-02-04,160.1204,197.0
2000-02-05,160.9507,216.8
2000-02-06,165.0007,219.1
2000-02-07,167.0642,218.5
2000-02-08,163.9404,211.8
2000-02-09,164.4715,203.0
2000-02-10,163.5288,200.7
2000-02-11,161.0339,200.6
2000-02-12,157.4121,200.8
2000-02-13,154.6448,186.0
2000-02-14,153.6322,180.6
2000-02-15,152.5461,175.9
2000-02-16,153.412,182.5
2000-02-17,151.6895,190.6
2000-02-18,146.0771,193.0
2000-02-19,146.7012,206.5
2000-02-20,149.74,208.7
2000-02-21,149.1395,228.9
2000-02-22,156.4296,232.2
2000-02-23,162.1737,222.7
2000-02-24,166.5239,217.7
2000-02-25,174.1823,204.1
2000-02-26,176.5985,210.4
2000-02-27,181.9091,204.1
2000-02-28,179.4017,200.3
2000-02-29,180.0514,208.3
2000-03-01,185.421,205.1
2000-03-02,180.1234,225.1
2000-03-03,176.6643,222.7
2000-03-04,174.7332,219.3
2000-03-05,182.6536,215.5
2000-03-06,183.335,206.9
2000-03-07,183.1499,194.7
2000-03-08,180.4006,178.1
2000-03-09,176.1624,175.4
2000-03-10,175.0663,182.5
2000-03-11,174.8556,176.9
2000-03-12,175.4795,178.6
2000-03-13,170.9381,182.4
2000-03-14,169.0897,173.9
2000-03-15,166.9141,165.0
2000-03-16,170.0236,166.3
2000-03-17,174.4138,164.9
2000-03-18,176.6269,160.2
2000-03-19,182.3068,159.2
2000-03-20,183.8797,161.8
2000-03-21,191.7233,169.2
2000-03-22,193.9598,182.4
2000-03-23,191.683,189.2
2000-03-24,190.0637,204.1
2000-03-25,186.2349,208.4
2000-03-26,188.8674,208.1
2000-03-27,186.5987,205.1
2000-03-28,185.3137,192.4
2000-03-29,187.6906,186.0
2000-03-30,187.379,186.0
2000-03-31,194.2351,177.5
2000-04-01,193.7343,172.0
2000-04-02,192.8715,160.1
2000-04-03,192.1103,155.3
2000-04-04,189.3226,139.6
2000-04-05,184.8751,136.8
2000-04-06,178.1792,132.1
2000-04-07,176.2568,129.1
2000-04-08,179.4627,133.4
2000-04-09,177.348,139.6
2000-04-10,178.0154,152.5
2000-04-11,180.1981,163.0
2000-04-12,176.9801,181.3
2000-04-13,174.5386,191.0
2000-04-14,174.8974,222.0
2000-04-15,174.7851,237.6
2000-04-16,172.9442,244.6
2000-04-17,172.0822,264.5
2000-04-18,173.5626,268.1
2000-04-19,176.0058,258.8
2000-04-20,181.5231,260.4
2000-04-21,184.7403,251.6
2000-04-22,189.4101,238.0
2000-04-23,191.3132,220.3
2000-04-24,191.2377,209.5
2000-04-25,190.8669,194.3
2000-04-26,186.0442,177.4
2000-04-27,183.9779,172.4
2000-04-28,183.8662,166.2
2000-04-29,180.8827,160.2
2000-04-30,178.2032,153.1
2000-05-01,173.1932,150.5
2000-05-02,170.7177,158.7
2000-05-03,165.7286,152.3
2000-05-04,164.5254,155.3
2000-05-05,162.8296,170.7
2000-05-06,160.9081,174.7
2000-05-07,162.1907,176.1
2000-05-08,164.0026,186.9
2000-05-09,168.3355,185.8
2000-05-10,172.1959,179.9
2000-05-11,179.0724,174.1
2000-05-12,182.702,185.1
2000-05-13,194.907,192.6
2000-05-14,201.4887,198.7
2000-05-15,204.638,205.5
2000-05-16,211.2123,206.9
2000-05-17,212.8807,208.9
2000-05-18,210.4367,203.8
2000-05-19,211.4987,199.4
2000-05-20,209.0018,193.7
2000-05-21,204.0883,184.2
2000-05-22,197.9827,189.7
2000-05-23,194.4316,194.2
2000-05-24,187.5058,185.6
2000-05-25,181.497,181.0
2000-05-26,178.7011,173.9
2000-05-27,176.088,180.9
2000-05-28,172.5044,183.4
2000-05-29,169.303,184.6
2000-05-30,167.7285,181.2
2000-05-31,169.9936,168.8
2000-06-01,168.0716,165.0
2000-06-02,169.3086,169.2
2000-06-03,176.1693,167.9
2000-06-04,178.6385,161.5
2000-06-05,179.961,163.7
2000-06-06,184.3467,174.4
2000-06-07,185.1761,180.1
2000-06-08,183.9256,193.5
2000-06-09,182.0653,217.1
2000-06-10,186.2614,218.4
2000-06-11,188.589,238.9
2000-06-12,189.526,249.7
2000-06-13,191.2989,258.7
2000-06-14,191.1053,239.6
2000-06-15,190.3587,210.6
2000-06-16,187.2189,220.1
2000-06-17,185.1985,226.1
2000-06-18,182.6961,235.8
2000-06-19,178.6687,270.5
2000-06-20,180.5175,258.0
2000-06-21,182.1751,261.1
2000-06-22,179.0602,259.0
2000-06-23,176.3789,259.0
2000-06-24,172.682,224.3
2000-06-25,175.4648,232.0
2000-06-26,176.4894,208.2
2000-06-27,178.0706,180.1
2000-06-28,177.3138,167.4
2000-06-29,172.9507,162.7
2000-06-30,171.7926,157.9
2000-07-01,173.7552,154.5
2000-07-02,173.5288,152.4
2000-07-03,171.0395,153.9
2000-07-04,171.7973,155.1
2000-07-05,176.4629,158.8
2000-07-06,179.4088,158.7
2000-07-07,184.658,163.2
2000-07-08,193.874,170.8
2000-07-09,194.916,171.6
2000-07-10,201.4718,175.6
2000-07-11,205.4751,187.2
2000-07-12,208.3188,185.9
2000-07-13,201.9955,192.3
2000-07-14,192.0315,194.3
2000-07-15,195.1807,190.9
2000-07-16,197.8179,194.3
2000-07-17,201.1522,198.9
2000-07-18,212.205,190.3
2000-07-19,208.7546,181.5
2000-07-20,210.6461,173.6
2000-07-21,210.2024,160.8
2000-07-22,210.6945,156.0
2000-07-23,199.6866,154.9
2000-07-24,202.2063,147.5
2000-07-25,194.9108,139.9
2000-07-26,184.2836,133.5
2000-07-27,179.4462,136.0
2000-07-28,177.3963,139.9
2000-07-29,175.6354,153.2
2000-07-30,174.7255,163.2
2000-07-31,174.0813,166.5
2000-08-01,174.9028,167.9
2000-08-02,176.1028,165.9
2000-08-03,177.5728,160.5
2000-08-04,177.9672,156.7
2000-08-05,179.7745,156.7
2000-08-06,182.5237,173.6
2000-08-07,182.0988,183.1
2000-08-08,182.6006,181.5
2000-08-09,187.0578,175.8
2000-08-10,186.9104,165.7
2000-08-11,188.8669,153.0
2000-08-12,190.2989,142.5
2000-08-13,188.224,136.7
2000-08-14,189.4491,134.2
2000-08-15,190.8655,134.8
2000-08-16,187.4938,152.5
2000-08-17,183.3238,161.1
2000-08-18,180.7796,176.4
2000-08-19,175.2738,183.2
2000-08-20,172.3361,205.7
2000-08-21,171.149,208.8
2000-08-22,168.2722,213.1
2000-08-23,165.3414,226.7
2000-08-24,163.0915,233.8
2000-08-25,163.6395,226.7
2000-08-26,164.5658,225.8
2000-08-27,169.1719,226.8
2000-08-28,172.9958,224.7
2000-08-29,174.4859,205.5
2000-08-30,174.8006,203.0
2000-08-31,174.5448,192.6
2000-09-01,172.2571,194.0
2000-09-02,170.6167,201.9
2000-09-03,171.0499,202.9
2000-09-04,176.7982,192.1
2000-09-05,180.3637,184.1
2000-09-06,179.9023,173.7
2000-09-07,177.8879,157.9
2000-09-08,174.3551,155.3
2000-09-09,169.437,148.6
2000-09-10,164.2809,140.4
2000-09-11,161.3905,139.1
2000-09-12,159.811,150.8
2000-09-13,159.2306,161.9
2000-09-14,164.886,167.2
2000-09-15,167.7897,162.3
2000-09-16,173.4556,160.1
2000-09-17,175.8107,159.8
2000-09-18,183.8391,153.0
2000-09-19,185.0067,149.9
2000-09-20,186.7258,156.5
2000-09-21,192.2314,159.3
2000-09-22,195.2036,156.5
2000-09-23,193.8075,158.6
2000-09-24,194.066,164.8
2000-09-25,194.4753,157.5
2000-09-26,194.0807,162.0
2000-09-27,186.9344,168.9
2000-09-28,185.706,173.7
2000-09-29,182.9744,179.7
2000-09-30,183.5761,184.5
2000-10-01,186.1308,191.0
2000-10-02,185.7745,190.5
2000-10-03,181.6407,201.2
2000-10-04,178.3135,193.2
2000-10-05,173.6048,195.5
2000-10-06,166.5652,191.4
2000-10-07,164.5102,183.1
2000-10-08,161.8246,174.9
2000-10-09,158.6835,176.6
2000-10-10,157.7051,169.5
2000-10-11,162.1009,163.0
2000-10-12,166.3861,150.4
2000-10-13,168.5374,146.6
2000-10-14,166.3358,143.6
2000-10-15,165.2576,140.6
2000-10-16,165.3575,145.4
2000-10-17,163.6958,143.2
2000-10-18,162.4906,150.7
2000-10-19,164.8217,159.6
2000-10-20,166.007,172.9
2000-10-21,164.8282,170.7
2000-10-22,164.7634,169.6
2000-10-23,167.408,180.9
2000-10-24,164.2205,190.1
2000-10-25,166.3518,200.1
2000-10-26,169.5878,194.0
2000-10-27,171.1551,194.6
2000-10-28,172.5782,197.0
2000-10-29,174.4267,186.6
2000-10-30,176.4033,190.3
2000-10-31,175.3219,183.2
2000-11-01,178.8585,187.0
2000-11-02,175.4395,179.3
2000-11-03,175.556,162.3
2000-11-04,173.6296,158.9
2000-11-05,170.7119,147.6
2000-11-06,168.3841,142.7
2000-11-07,169.4463,136.9
2000-11-08,167.1605,139.9
2000-11-09,164.7026,134.1
2000-11-10,160.0189,130.7
2000-11-11,158.2394,142.1
2000-11-12,157.3596,139.2
2000-11-13,156.6606,145.2
2000-11-14,158.7215,159.5
2000-11-15,158.0135,176.5
2000-11-16,160.3149,181.9
2000-11-17,163.0074,184.4
2000-11-18,167.6424,190.4
2000-11-19,166.9041,191.6
2000-11-20,167.1602,192.2
2000-11-21,172.1011,194.8
2000-11-22,175.6098,188.2
2000-11-23,179.9939,183.8
2000-11-24,178.2316,184.7
2000-11-25,178.8504,186.7
2000-11-26,180.2871,180.9
2000-11-27,176.7088,182.6
2000-11-28,178.1263,181.4
2000-11-29,174.9405,179.3
2000-11-30,176.0602,175.5
2000-12-01,172.1587,176.1
2000-12-02,166.0615,163.9
2000-12-03,164.0769,165.3
2000-12-04,159.71,170.2
2000-12-05,157.5685,164.2
2000-12-06,155.4453,168.8
2000-12-07,156.4639,170.5
2000-12-08,154.1417,173.4
2000-12-09,152.008,170.9
2000-12-10,156.2071,161.5
2000-12-11,155.5103,160.8
2000-12-12,157.888,157.4
2000-12-13,162.7127,160.5
2000-12-14,168.8325,172.5
2000-12-15,170.6926,178.3
2000-12-16,172.2715,170.6
2000-12-17,174.001,163.8
2000-12-18,174.7583,156.6
2000-12-19,174.8708,147.0
2000-12-20,175.6837,146.6
2000-12-21,173.4633,147.7
2000-12-22,171.7729,148.3
2000-12-23,172.3221,146.7
2000-12-24,172.0173,157.1
2000-12-25,170.1066,162.0
2000-12-26,170.5452,167.2
2000-12-27,169.8512,163.4
2000-12-28,169.179,160.5
2000-12-29,167.8247,161.8
2000-12-30,167.828,162.6
2000-12-31,163.2098,160.5
2001-01-01,163.808,154.9
2001-01-02,165.231,148.8
2001-01-03,163.3648,156.2
2001-01-04,164.9893,161.6
2001-01-05,165.2596,159.0
2001-01-06,167.2427,144.0
2001-01-07,166.8468,160.7
2001-01-08,164.3456,165.3
2001-01-09,164.61,159.6
2001-01-10,163.3012,152.3
2001-01-11,164.6054,158.1
2001-01-12,169.6165,156.5
2001-01-13,171.6247,147.4
2001-01-14,168.9616,140.9
2001-01-15,165.8341,137.8
2001-01-16,162.5952,134.6
2001-01-17,158.7799,131.8
2001-01-18,158.297,126.5
2001-01-19,158.1301,126.8
2001-01-20,158.2174,129.0
2001-01-21,157.258,134.0
2001-01-22,160.2661,142.3
2001-01-23,161.9722,140.5
2001-01-24,163.5021,142.7
2001-01-25,161.5862,142.2
2001-01-26,159.9556,134.6
2001-01-27,160.901,132.2
2001-01-28,160.7029,132.8
2001-01-29,159.9857,128.1
2001-01-30,158.0889,129.4
2001-01-31,156.7196,129.0
2001-02-01,158.8402,127.4
2001-02-02,160.9674,137.3
2001-02-03,160.332,138.7
2001-02-04,155.0714,153.4
2001-02-05,161.1679,155.4
2001-02-06,164.1781,174.0
2001-02-07,162.003,164.8
2001-02-08,158.7822,159.2
2001-02-09,160.6577,158.0
2001-02-10,159.6451,155.8
2001-02-11,155.6313,155.7
2001-02-12,152.5757,145.6
2001-02-13,151.0839,140.7
2001-02-14,149.9982,134.7
2001-02-15,149.0583,138.5
2001-02-16,146.3168,132.9
2001-02-17,145.8361,138.5
2001-02-18,146.0574,145.7
2001-02-19,148.5058,152.1
2001-02-20,151.3809,158.2
2001-02-21,150.4366,181.8
2001-02-22,150.7192,178.9
2001-02-23,150.3911,217.5
2001-02-24,147.5135,215.7
2001-02-25,146.1019,262.6
2001-02-26,146.9489,272.4
2001-02-27,144.8501,272.6
2001-02-28,145.2415,261.0
2001-03-01,144.2828,256.3
2001-03-02,144.2283,245.3
2001-03-03,148.317,257.2
2001-03-04,148.5758,236.7
2001-03-05,153.4039,223.1
2001-03-06,154.0861,205.0
2001-03-07,161.0297,207.8
2001-03-08,157.8553,198.0
2001-03-09,154.4797,180.0
2001-03-10,153.1488,169.7
2001-03-11,151.8898,165.4
2001-03-12,151.3598,170.4
2001-03-13,147.4775,160.3
2001-03-14,145.3087,149.8
2001-03-15,143.1729,137.8
2001-03-16,144.7705,139.6
2001-03-17,142.6388,135.1
2001-03-18,144.6389,124.3
2001-03-19,147.3431,127.1
2001-03-20,149.3526,133.0
2001-03-21,151.3846,145.8
2001-03-22,160.3416,182.2
2001-03-23,159.7724,193.0
2001-03-24,174.4785,194.6
2001-03-25,174.7422,198.6
2001-03-26,190.8246,195.8
2001-03-27,194.4569,196.3
2001-03-28,194.7164,198.7
2001-03-29,190.9546,193.3
2001-03-30,190.3938,190.4
2001-03-31,187.3995,194.5
2001-04-01,192.6265,190.7
2001-04-02,186.5946,187.4
2001-04-03,182.5079,179.0
2001-04-04,175.7596,175.1
2001-04-05,176.7729,178.6
2001-04-06,173.1617,163.5
2001-04-07,166.326,157.8
2001-04-08,161.9184,140.9
2001-04-09,159.9791,131.1
2001-04-10,161.9526,131.9
2001-04-11,158.953,133.0
2001-04-12,155.0069,139.4
2001-04-13,150.1398,141.0
2001-04-14,150.6217,141.9
2001-04-15,149.3061,141.2
2001-04-16,146.1033,145.2
2001-04-17,146.7101,140.9
2001-04-18,150.1657,150.8
2001-04-19,154.4779,141.5
2001-04-20,171.815,144.6
2001-04-21,178.2639,144.9
2001-04-22,179.6728,153.8
2001-04-23,180.4836,155.8
2001-04-24,178.6727,162.8
2001-04-25,177.1858,174.7
2001-04-26,178.4479,166.1
2001-04-27,175.9865,151.3
2001-04-28,174.3452,150.8
2001-04-29,174.8142,146.9
2001-04-30,173.3949,142.3
2001-05-01,172.8023,136.0
2001-05-02,168.894,136.6
2001-05-03,166.9789,136.8
2001-05-04,168.5778,137.8
2001-05-05,162.7845,149.5
2001-05-06,160.1118,158.3
2001-05-07,154.0566,158.0
2001-05-08,150.5497,162.4
2001-05-09,151.5983,169.8
2001-05-10,152.0307,185.7
2001-05-11,154.0709,182.4
2001-05-12,154.6778,168.0
2001-05-13,155.1871,167.4
2001-05-14,155.3183,171.6
2001-05-15,157.9062,187.1
2001-05-16,157.057,200.9
2001-05-17,160.4489,203.2
2001-05-18,157.9692,214.3
2001-05-19,159.032,211.2
2001-05-20,159.6671,205.7
2001-05-21,162.668,201.7
2001-05-22,163.3095,205.0
2001-05-23,165.9671,206.9
2001-05-24,170.1583,206.8
2001-05-25,167.3817,213.0
2001-05-26,161.2503,201.3
2001-05-27,160.7971,188.4
2001-05-28,158.8212,173.5
2001-05-29,157.4107,152.8
2001-05-30,154.4561,144.9
2001-05-31,154.1894,144.6
2001-06-01,153.6462,141.2
2001-06-02,153.6552,140.0
2001-06-03,157.4765,138.8
2001-06-04,160.2578,136.3
2001-06-05,160.5576,131.3
2001-06-06,162.7528,123.6
2001-06-07,165.4418,120.3
2001-06-08,172.2279,121.8
2001-06-09,172.0136,130.5
2001-06-10,166.5463,134.4
2001-06-11,166.5763,134.3
2001-06-12,167.6118,136.3
2001-06-13,172.9474,138.3
2001-06-14,178.4853,137.7
2001-06-15,179.3992,145.4
2001-06-16,183.851,146.8
2001-06-17,183.0375,154.7
2001-06-18,180.2326,150.4
2001-06-19,177.7844,147.7
2001-06-20,178.1643,146.9
2001-06-21,178.4726,147.2
2001-06-22,178.4723,143.5
2001-06-23,180.983,144.9
2001-06-24,176.7787,147.8
2001-06-25,171.8294,136.7
2001-06-26,165.3653,137.5
2001-06-27,157.774,127.2
2001-06-28,154.5437,125.1
2001-06-29,154.3642,119.0
2001-06-30,153.1127,120.5
2001-07-01,152.5397,118.0
2001-07-02,152.571,120.3
2001-07-03,152.1696,123.8
2001-07-04,150.0965,124.3
2001-07-05,146.8357,135.5
2001-07-06,145.2448,152.7
2001-07-07,145.4998,160.5
2001-07-08,149.7424,168.3
2001-07-09,152.1832,171.0
2001-07-10,152.3814,171.5
2001-07-11,153.1282,167.8
2001-07-12,153.669,164.7
2001-07-13,153.3346,169.5
2001-07-14,155.4468,164.0
2001-07-15,155.5593,155.5
2001-07-16,157.5882,151.1
2001-07-17,156.2214,150.5
2001-07-18,155.042,146.2
2001-07-19,153.8331,148.4
2001-07-20,152.9281,159.9
2001-07-21,151.0187,161.3
2001-07-22,150.3951,159.8
2001-07-23,151.2977,163.9
2001-07-24,146.9862,165.2
2001-07-25,146.9813,173.4
2001-07-26,142.4703,178.7
2001-07-27,141.5358,191.6
2001-07-28,138.653,193.8
2001-07-29,138.2544,195.9
2001-07-30,137.1275,203.1
2001-07-31,137.888,200.9
2001-08-01,140.1612,203.0
2001-08-02,141.5079,192.2
2001-08-03,146.4834,187.4
2001-08-04,152.4707,185.7
2001-08-05,156.2014,202.1
2001-08-06,158.9506,222.1
2001-08-07,159.6373,221.8
2001-08-08,160.3696,225.6
2001-08-09,159.0502,229.5
2001-08-10,158.0152,253.1
2001-08-11,159.3541,239.5
2001-08-12,157.2419,247.8
2001-08-13,153.6105,252.9
2001-08-14,151.5798,238.1
2001-08-15,150.9665,242.6
2001-08-16,149.5952,239.3
2001-08-17,150.2546,221.7
2001-08-18,153.9305,209.3
2001-08-19,154.497,201.1
2001-08-20,153.8221,205.7
2001-08-21,155.3694,200.6
2001-08-22,155.8234,228.7
2001-08-23,158.9147,240.5
2001-08-24,160.6493,257.0
2001-08-25,166.1338,260.2
2001-08-26,167.6502,281.0
2001-08-27,169.0767,276.6
2001-08-28,172.3649,284.0
2001-08-29,171.8252,270.6
2001-08-30,172.8486,285.5
2001-08-31,169.5083,240.2
2001-09-01,168.0939,236.3
2001-09-02,167.6038,216.9
2001-09-03,173.7765,201.1
2001-09-04,180.7463,191.8
2001-09-05,181.1891,186.5
2001-09-06,182.6708,176.8
2001-09-07,183.8548,180.2
2001-09-08,191.7546,172.4
2001-09-09,187.7208,170.8
2001-09-10,190.2808,175.9
2001-09-11,192.3477,178.1
2001-09-12,188.0994,174.1
2001-09-13,189.8676,178.5
2001-09-14,189.2581,178.6
2001-09-15,183.4411,190.8
2001-09-16,179.9843,191.7
2001-09-17,177.2727,205.8
2001-09-18,179.9365,215.8
2001-09-19,179.1894,226.9
2001-09-20,189.4216,245.6
2001-09-21,194.397,242.5
2001-09-22,200.9699,222.0
2001-09-23,203.2206,230.4
2001-09-24,211.4018,224.1
2001-09-25,210.7442,236.0
2001-09-26,214.0226,236.1
2001-09-27,210.8866,233.6
2001-09-28,217.6381,243.4
2001-09-29,204.3044,224.2
2001-09-30,203.5539,212.8
2001-10-01,197.2112,222.7
2001-10-02,191.4846,217.8
2001-10-03,189.108,232.0
2001-10-04,186.9622,210.1
2001-10-05,182.7081,212.5
2001-10-06,184.6759,223.5
2001-10-07,179.8409,230.6
2001-10-08,179.4526,233.2
2001-10-09,181.5405,226.0
2001-10-10,182.6517,243.1
2001-10-11,181.2899,265.6
2001-10-12,183.5875,241.0
2001-10-13,183.7493,229.3
2001-10-14,188.3241,222.6
2001-10-15,189.9663,226.8
2001-10-16,195.2452,212.6
2001-10-17,200.0448,202.4
2001-10-18,204.5307,197.6
2001-10-19,212.014,194.0
2001-10-20,211.5855,183.8
2001-10-21,205.3148,186.8
2001-10-22,207.7015,180.6
2001-10-23,206.1484,179.7
2001-10-24,208.8442,185.3
2001-10-25,209.2872,172.9
2001-10-26,208.6735,168.6
2001-10-27,211.6604,165.6
2001-10-28,205.2248,170.3
2001-10-29,201.8277,185.3
2001-10-30,204.4968,193.1
2001-10-31,203.6698,210.5
2001-11-01,208.6996,219.6
2001-11-02,201.5027,215.1
2001-11-03,202.7687,238.1
2001-11-04,207.0276,228.3
2001-11-05,210.3542,226.6
2001-11-06,212.4583,230.1
2001-11-07,209.8893,239.5
2001-11-08,218.141,219.3
2001-11-09,225.5254,213.9
2001-11-10,218.5675,217.5
2001-11-11,214.841,212.3
2001-11-12,213.0167,213.9
2001-11-13,215.2851,215.7
2001-11-14,210.5576,213.4
2001-11-15,206.0134,209.9
2001-11-16,204.4703,211.0
2001-11-17,202.8205,202.5
2001-11-18,199.4347,199.0
2001-11-19,200.3639,205.0
2001-11-20,198.0217,201.6
2001-11-21,197.8365,214.0
2001-11-22,199.2372,226.7
2001-11-23,192.549,234.9
2001-11-24,190.7895,246.3
2001-11-25,189.1479,265.5
2001-11-26,190.8996,250.3
2001-11-27,196.5746,259.0
2001-11-28,199.0468,265.6
2001-11-29,205.477,254.6
2001-11-30,208.5077,255.7
2001-12-01,206.9045,238.5
2001-12-02,214.1073,237.5
2001-12-03,211.1717,224.5
2001-12-04,210.9991,223.5
2001-12-05,211.5193,213.0
2001-12-06,214.5001,211.0
2001-12-07,207.871,205.2
2001-12-08,206.9123,190.1
2001-12-09,207.6899,182.4
2001-12-10,205.7322,192.6
2001-12-11,205.7756,216.2
2001-12-12,206.2728,217.3
2001-12-13,204.6422,221.4
2001-12-14,202.8125,225.7
2001-12-15,202.394,232.9
2001-12-16,198.986,221.6
2001-12-17,197.7818,211.2
2001-12-18,198.7313,209.1
2001-12-19,197.4196,205.0
2001-12-20,201.6563,203.8
2001-12-21,206.4524,206.9
2001-12-22,210.0602,215.2
2001-12-23,213.9864,217.5
2001-12-24,222.3317,221.5
2001-12-25,217.622,219.4
2001-12-26,221.1837,223.6
2001-12-27,224.3597,227.6
2001-12-28,220.8726,248.7
2001-12-29,221.2334,240.5
2001-12-30,216.2087,252.0
2001-12-31,216.3457,253.2
2002-01-01,211.4633,248.8
2002-01-02,211.1035,235.5
2002-01-03,207.8248,238.5
2002-01-04,207.2583,233.7
2002-01-05,205.334,226.3
2002-01-06,199.7232,228.1
2002-01-07,196.5166,214.5
2002-01-08,199.8846,196.9
2002-01-09,207.6836,186.6
2002-01-10,207.6787,186.4
2002-01-11,209.5105,194.1
2002-01-12,210.9118,210.9
2002-01-13,213.4436,196.6
2002-01-14,210.3318,203.1
2002-01-15,207.0342,198.5
2002-01-16,205.9697,191.3
2002-01-17,205.0601,190.3
2002-01-18,205.1509,188.9
2002-01-19,205.9542,192.0
2002-01-20,209.6742,188.4
2002-01-21,210.443,185.1
2002-01-22,211.0414,189.1
2002-01-23,210.3166,196.7
2002-01-24,211.1031,187.9
2002-01-25,212.1781,184.2
2002-01-26,218.2449,188.9
2002-01-27,215.7299,206.4
2002-01-28,219.1407,203.5
2002-01-29,219.7109,194.9
2002-01-30,218.2691,200.4
2002-01-31,213.0464,184.3
2002-02-01,214.0389,187.6
2002-02-02,212.6043,179.6
2002-02-03,211.0731,172.0
2002-02-04,211.5152,169.4
2002-02-05,207.1382,175.0
2002-02-06,201.1824,177.0
2002-02-07,197.8988,174.2
2002-02-08,197.4362,181.2
2002-02-09,199.9605,176.9
2002-02-10,206.0174,180.0
2002-02-11,201.3348,176.2
2002-02-12,203.5777,182.1
2002-02-13,202.4228,178.6
2002-02-14,200.6761,174.9
2002-02-15,200.8104,182.7
2002-02-16,200.9536,182.7
2002-02-17,201.7884,176.5
2002-02-18,200.6458,173.3
2002-02-19,199.2263,186.3
2002-02-20,200.9705,172.8
2002-02-21,202.8087,170.4
2002-02-22,199.9946,169.4
2002-02-23,198.4265,174.3
2002-02-24,199.4545,169.1
2002-02-25,204.756,164.9
2002-02-26,204.1841,168.4
2002-02-27,200.8776,175.6
2002-02-28,202.1988,180.8
2002-03-01,197.0532,188.2
2002-03-02,197.533,204.0
2002-03-03,193.4501,206.7
2002-03-04,188.8932,205.9
2002-03-05,187.242,209.4
2002-03-06,189.3996,216.3
2002-03-07,190.6627,217.6
2002-03-08,189.1764,206.7
2002-03-09,192.244,208.4
2002-03-10,189.9364,206.8
2002-03-11,190.7329,205.8
2002-03-12,188.7299,195.1
2002-03-13,190.8797,198.3
2002-03-14,189.2343,213.0
2002-03-15,187.1194,227.3
2002-03-16,189.9421,211.6
2002-03-17,189.7587,204.7
2002-03-18,186.7318,197.2
2002-03-19,184.672,195.0
2002-03-20,189.4869,189.8
2002-03-21,183.874,181.4
2002-03-22,182.6923,179.0
2002-03-23,181.7246,175.1
2002-03-24,183.0781,171.7
2002-03-25,181.0684,177.2
2002-03-26,179.0581,178.9
2002-03-27,179.8732,169.3
2002-03-28,182.4071,164.7
2002-03-29,184.3757,159.0
2002-03-30,187.5191,149.2
2002-03-31,193.3251,155.2
2002-04-01,194.5593,155.6
2002-04-02,194.1122,164.9
2002-04-03,195.2605,171.7
2002-04-04,197.5423,182.0
2002-04-05,198.2224,192.7
2002-04-06,194.7355,183.2
2002-04-07,195.1526,194.3
2002-04-08,194.34,190.3
2002-04-09,193.6379,190.2
2002-04-10,189.5628,193.7
2002-04-11,190.8063,194.8
2002-04-12,195.8481,191.8
2002-04-13,200.5088,187.1
2002-04-14,195.8698,175.6
2002-04-15,192.7781,164.2
2002-04-16,189.2697,162.7
2002-04-17,188.5478,162.0
2002-04-18,186.912,160.7
2002-04-19,183.3663,166.8
2002-04-20,181.7632,175.0
2002-04-21,179.8604,175.4
2002-04-22,178.2186,190.4
2002-04-23,180.3706,185.6
2002-04-24,181.7639,184.8
2002-04-25,178.2706,193.9
2002-04-26,176.1703,187.4
2002-04-27,173.2943,188.0
2002-04-28,168.9748,191.6
2002-04-29,170.9596,191.4
2002-04-30,170.9889,189.8
2002-05-01,174.8588,185.1
2002-05-02,177.2622,187.0
2002-05-03,181.8521,183.9
2002-05-04,185.8591,180.0
2002-05-05,181.9446,175.4
2002-05-06,185.5947,174.7
2002-05-07,184.3931,163.7
2002-05-08,184.8883,159.1
2002-05-09,185.4264,163.1
2002-05-10,185.5912,159.9
2002-05-11,184.5678,161.9
2002-05-12,182.484,156.2
2002-05-13,177.5353,152.4
2002-05-14,172.352,146.2
2002-05-15,171.5347,137.6
2002-05-16,171.2312,135.6
2002-05-17,170.1781,139.7
2002-05-18,172.8344,141.0
2002-05-19,175.4813,147.5
2002-05-20,175.3161,147.5
2002-05-21,180.7921,150.5
2002-05-22,178.9527,149.8
2002-05-23,178.1294,144.2
2002-05-24,181.5416,146.6
2002-05-25,179.5175,147.5
2002-05-26,180.1624,155.3
2002-05-27,182.0879,149.5
2002-05-28,182.8195,148.6
2002-05-29,182.5748,143.2
2002-05-30,180.6659,141.9
2002-05-31,182.1933,147.5
2002-06-01,181.1071,151.4
2002-06-02,179.6733,152.3
2002-06-03,178.1703,153.5
2002-06-04,177.5814,152.4
2002-06-05,173.052,151.3
2002-06-06,170.608,143.5
2002-06-07,171.2157,138.0
2002-06-08,169.4322,141.5
2002-06-09,169.4403,135.3
2002-06-10,167.2835,140.9
2002-06-11,165.6717,133.1
2002-06-12,163.7761,135.9
2002-06-13,161.0269,137.7
2002-06-14,160.3234,139.4
2002-06-15,161.7378,148.6
2002-06-16,161.6741,164.8
2002-06-17,163.7179,177.2
2002-06-18,163.8593,185.9
2002-06-19,164.6635,186.6
2002-06-20,163.8361,188.3
2002-06-21,161.6844,190.7
2002-06-22,162.1509,188.7
2002-06-23,162.0847,195.8
2002-06-24,164.3813,204.6
2002-06-25,162.0733,215.0
2002-06-26,161.3374,224.5
2002-06-27,159.1358,240.4
2002-06-28,158.2331,238.0
2002-06-29,159.468,246.2
2002-06-30,160.0386,241.1
2002-07-01,159.9687,234.1
2002-07-02,160.0816,214.8
2002-07-03,159.2323,198.3
2002-07-04,158.7578,185.7
2002-07-05,155.7756,172.7
2002-07-06,153.5965,155.3
2002-07-07,153.7979,146.0
2002-07-08,151.3236,148.8
2002-07-09,152.8947,140.1
2002-07-10,150.2857,138.3
2002-07-11,150.9416,144.0
2002-07-12,151.4079,152.4
2002-07-13,151.5984,176.9
2002-07-14,154.5485,188.8
2002-07-15,160.947,196.8
2002-07-16,165.3968,213.5
2002-07-17,168.7159,215.7
2002-07-18,168.9985,219.1
2002-07-19,169.9572,232.3
2002-07-20,170.6419,246.9
2002-07-21,169.8945,242.6
2002-07-22,172.2816,232.8
2002-07-23,175.7937,225.0
2002-07-24,180.0896,225.1
2002-07-25,183.7231,229.5
2002-07-26,189.8724,199.8
2002-07-27,189.5144,182.4
2002-07-28,192.7648,172.2
2002-07-29,191.7895,164.7
2002-07-30,189.6282,166.4
2002-07-31,183.0982,172.6
2002-08-01,176.7436,176.9
2002-08-02,171.7234,183.7
2002-08-03,165.6885,183.8
2002-08-04,158.1169,176.9
2002-08-05,154.3362,174.4
2002-08-06,155.1447,174.2
2002-08-07,152.3949,178.1
2002-08-08,151.928,180.9
2002-08-09,154.1234,185.6
2002-08-10,157.871,194.4
2002-08-11,167.3857,209.0
2002-08-12,173.8311,223.5
2002-08-13,178.0848,219.0
2002-08-14,185.1941,215.1
2002-08-15,186.5092,208.6
2002-08-16,188.0262,209.2
2002-08-17,192.9098,189.9
2002-08-18,198.1528,184.5
2002-08-19,196.9056,195.9
2002-08-20,193.7706,178.4
2002-08-21,190.9316,166.7
2002-08-22,190.8766,165.8
2002-08-23,192.6759,159.8
2002-08-24,181.3856,161.1
2002-08-25,173.7717,154.8
2002-08-26,168.7592,158.9
2002-08-27,165.4452,154.2
2002-08-28,165.348,150.6
2002-08-29,167.1376,152.2
2002-08-30,168.9734,149.1
2002-08-31,173.7154,138.6
2002-09-01,175.0833,140.1
2002-09-02,171.6076,140.1
2002-09-03,170.8166,136.0
2002-09-04,171.6216,146.1
2002-09-05,174.0163,157.6
2002-09-06,176.7529,155.1
2002-09-07,179.8202,161.6
2002-09-08,183.7291,163.5
2002-09-09,188.994,165.1
2002-09-10,194.5652,166.8
2002-09-11,193.9834,171.4
2002-09-12,193.6963,178.7
2002-09-13,191.4012,179.7
2002-09-14,191.3661,178.3
2002-09-15,184.1117,180.2
2002-09-16,181.9498,175.7
2002-09-17,186.0096,181.4
2002-09-18,178.4964,177.7
2002-09-19,173.3452,171.3
2002-09-20,172.8406,178.1
2002-09-21,170.3264,178.7
2002-09-22,170.8553,180.8
2002-09-23,168.808,167.7
2002-09-24,170.6172,161.9
2002-09-25,169.2449,158.5
2002-09-26,167.1946,170.9
2002-09-27,167.707,156.1
2002-09-28,166.1679,155.2
2002-09-29,162.8277,156.3
2002-09-30,163.4368,159.4
2002-10-01,163.7306,165.3
2002-10-02,162.4636,167.7
2002-10-03,166.1152,159.7
2002-10-04,171.2694,162.1
2002-10-05,170.3388,166.5
2002-10-06,172.9442,174.4
2002-10-07,173.1108,180.0
2002-10-08,173.6254,181.2
2002-10-09,174.4108,186.4
2002-10-10,175.5215,185.5
2002-10-11,178.279,187.0
2002-10-12,178.7427,187.7
2002-10-13,177.5747,181.0
2002-10-14,176.7782,174.6
2002-10-15,175.3674,178.6
2002-10-16,176.6067,180.2
2002-10-17,174.655,193.2
2002-10-18,171.6784,194.8
2002-10-19,173.742,180.5
2002-10-20,173.6223,174.8
2002-10-21,174.2806,164.3
2002-10-22,169.1829,155.3
2002-10-23,166.9173,147.2
2002-10-24,165.0444,145.5
2002-10-25,169.6882,143.8
2002-10-26,164.5,143.5
2002-10-27,164.0503,133.2
2002-10-28,165.1009,138.5
2002-10-29,166.9265,138.8
2002-10-30,169.4283,136.0
2002-10-31,169.8668,137.5
2002-11-01,167.6729,142.1
2002-11-02,168.0838,145.5
2002-11-03,169.8628,142.0
2002-11-04,171.9611,141.8
2002-11-05,174.2615,144.5
2002-11-06,174.793,144.4
2002-11-07,176.5357,143.9
2002-11-08,176.1096,146.6
2002-11-09,176.2397,149.8
2002-11-10,176.3341,151.6
2002-11-11,172.7685,156.5
2002-11-12,169.2005,147.7
2002-11-13,170.2017,148.4
2002-11-14,171.1477,161.8
2002-11-15,176.7674,180.1
2002-11-16,177.2839,196.6
2002-11-17,172.0624,196.5
2002-11-18,169.1478,205.8
2002-11-19,165.1026,190.6
2002-11-20,161.2121,186.7
2002-11-21,158.1872,190.3
2002-11-22,157.0315,177.9
2002-11-23,156.411,166.4
2002-11-24,156.6122,153.7
2002-11-25,153.4915,142.5
2002-11-26,154.7118,127.6
2002-11-27,154.6163,123.2
2002-11-28,153.6155,112.7
2002-11-29,153.99,113.1
2002-11-30,155.3807,111.0
2002-12-01,156.1954,110.1
2002-12-02,154.932,111.3
2002-12-03,154.6687,111.2
2002-12-04,155.1775,114.4
2002-12-05,154.9268,127.0
2002-12-06,154.2169,138.2
2002-12-07,154.7442,143.2
2002-12-08,155.7737,156.8
2002-12-09,156.3056,157.8
2002-12-10,158.2668,168.0
2002-12-11,154.9566,176.9
2002-12-12,154.0648,178.7
2002-12-13,159.497,182.6
2002-12-14,166.3174,167.7
2002-12-15,172.1833,166.2
2002-12-16,172.3455,158.6
2002-12-17,175.7882,145.0
2002-12-18,170.8056,139.9
2002-12-19,169.8434,137.1
2002-12-20,170.8824,133.0
2002-12-21,166.8624,126.1
2002-12-22,162.4565,133.7
2002-12-23,157.4527,129.4
2002-12-24,153.5018,125.4
2002-12-25,147.9901,131.6
2002-12-26,146.0183,125.8
2002-12-27,141.0049,124.9
2002-12-28,140.313,121.2
2002-12-29,139.1147,117.7
2002-12-30,138.8602,121.8
2002-12-31,138.9682,120.7
2003-01-01,138.825,117.6
2003-01-02,139.9121,116.9
2003-01-03,145.3975,122.1
2003-01-04,150.2816,123.0
2003-01-05,151.6829,128.7
2003-01-06,156.3188,131.0
2003-01-07,157.0428,136.2
2003-01-08,161.2711,145.4
2003-01-09,164.3451,143.3
2003-01-10,164.765,135.4
2003-01-11,165.6633,137.6
2003-01-12,159.9407,132.6
2003-01-13,158.6722,131.4
2003-01-14,155.8598,128.2
2003-01-15,149.9927,127.3
2003-01-16,147.537,128.1
2003-01-17,146.073,120.6
2003-01-18,144.4881,115.7
2003-01-19,141.391,109.4
2003-01-20,144.1485,107.4
2003-01-21,142.1295,113.6
2003-01-22,140.7006,115.7
2003-01-23,143.1269,117.0
2003-01-24,140.3131,104.3
2003-01-25,139.6413,101.8
2003-01-26,137.5254,99.9
2003-01-27,135.4462,99.5
2003-01-28,137.0083,107.2
2003-01-29,136.5489,115.4
2003-01-30,135.4352,122.6
2003-01-31,135.6673,135.6
2003-02-01,137.4522,131.4
2003-02-02,137.7721,146.5
2003-02-03,140.7871,143.6
2003-02-04,141.7057,146.2
2003-02-05,143.654,147.9
2003-02-06,146.1798,147.6
2003-02-07,145.2306,146.2
2003-02-08,142.3133,150.6
2003-02-09,142.4932,141.7
2003-02-10,140.2796,139.7
2003-02-11,139.4473,136.2
2003-02-12,137.9401,132.5
2003-02-13,136.9875,137.3
2003-02-14,137.3364,129.3
2003-02-15,133.4493,127.2
2003-02-16,130.8955,123.1
2003-02-17,128.4951,117.3
2003-02-18,127.4165,107.2
2003-02-19,129.5619,96.6
2003-02-20,129.9796,90.3
2003-02-21,130.2583,88.3
2003-02-22,125.536,92.4
2003-02-23,123.739,97.3
2003-02-24,122.3776,108.2
2003-02-25,121.7594,126.6
2003-02-26,125.1645,140.5
2003-02-27,128.4885,146.4
2003-02-28,131.1775,154.6
2003-03-01,137.0064,154.2
2003-03-02,135.8197,159.8
2003-03-03,141.511,152.8
2003-03-04,140.5225,157.3
2003-03-05,140.6241,155.7
2003-03-06,140.7987,152.7
2003-03-07,139.9285,137.5
2003-03-08,138.8331,126.1
2003-03-09,139.9653,115.9
2003-03-10,135.8777,112.6
2003-03-11,135.0946,109.7
2003-03-12,133.182,104.1
2003-03-13,131.2524,103.0
2003-03-14,132.5883,102.6
2003-03-15,129.2594,103.0
2003-03-16,129.0305,102.6
2003-03-17,127.6378,101.1
2003-03-18,125.421,99.2
2003-03-19,121.4255,101.8
2003-03-20,116.9,108.7
2003-03-21,113.7533,113.1
2003-03-22,112.6023,119.7
2003-03-23,114.3584,127.0
2003-03-24,116.6039,133.8
2003-03-25,121.4133,134.3
2003-03-26,129.0022,129.8
2003-03-27,134.2486,145.3
2003-03-28,137.1209,145.5
2003-03-29,140.7769,156.1
2003-03-30,140.8217,154.3
2003-03-31,142.2762,157.4
2003-04-01,139.6724,155.8
2003-04-02,141.1638,151.0
2003-04-03,140.3058,159.0
2003-04-04,138.7938,150.1
2003-04-05,132.439,144.4
2003-04-06,127.8152,131.1
2003-04-07,123.7015,124.1
2003-04-08,122.1455,112.2
2003-04-09,120.5104,102.8
2003-04-10,118.1489,98.9
2003-04-11,117.3258,94.5
2003-04-12,116.8576,93.4
2003-04-13,116.5709,95.8
2003-04-14,116.1384,98.1
2003-04-15,115.1649,98.3
2003-04-16,113.9803,101.4
2003-04-17,115.2114,104.9
2003-04-18,118.1507,104.7
2003-04-19,120.7139,111.5
2003-04-20,123.669,117.4
2003-04-21,127.2963,120.0
2003-04-22,130.5829,122.2
2003-04-23,131.1266,121.3
2003-04-24,129.5301,120.9
2003-04-25,135.1418,119.8
2003-04-26,134.9612,124.3
2003-04-27,139.6831,128.4
2003-04-28,138.9057,132.3
2003-04-29,140.1544,133.7
2003-04-30,138.5369,127.8
2003-05-01,136.1479,120.4
2003-05-02,138.939,116.3
2003-05-03,135.7753,115.5
2003-05-04,133.5768,124.8
2003-05-05,128.2275,117.8
2003-05-06,125.2259,108.7
2003-05-07,121.1086,117.0
2003-05-08,117.207,129.4
2003-05-09,115.4841,137.2
2003-05-10,113.2549,158.0
2003-05-11,112.5544,163.1
2003-05-12,113.4944,182.0
2003-05-13,114.5774,198.9
2003-05-14,114.9548,168.6
2003-05-15,116.6685,155.8
2003-05-16,118.8182,137.7
2003-05-17,119.2103,132.8
2003-05-18,121.9394,126.5
2003-05-19,124.2138,125.8
2003-05-20,125.8047,124.3
2003-05-21,126.5198,122.55
2003-05-22,126.5096,120.8
2003-05-23,126.0357,118.8
2003-05-24,125.5367,113.9
2003-05-25,127.2426,117.2
2003-05-26,128.6648,118.3
2003-05-27,129.7998,120.2
2003-05-28,129.6428,122.9
2003-05-29,127.0664,128.1
2003-05-30,123.5915,128.1
2003-05-31,121.5024,131.6
2003-06-01,120.4492,132.5
2003-06-02,123.3597,135.6
2003-06-03,120.6568,139.3
2003-06-04,117.0901,136.7
2003-06-05,119.7638,144.8
2003-06-06,125.1363,146.7
2003-06-07,128.5458,135.3
2003-06-08,136.7265,137.8
2003-06-09,139.3433,135.7
2003-06-10,147.1122,130.2
2003-06-11,153.9231,126.9
2003-06-12,143.9074,126.1
2003-06-13,139.5426,125.5
2003-06-14,133.0967,130.7
2003-06-15,131.7266,131.4
2003-06-16,128.6332,129.9
2003-06-17,128.1312,137.5
2003-06-18,127.807,143.2
2003-06-19,126.5821,144.3
2003-06-20,125.4711,150.8
2003-06-21,124.4873,162.4
2003-06-22,123.0645,160.7
2003-06-23,123.7673,157.4
2003-06-24,123.8842,148.7
2003-06-25,124.3138,129.2
2003-06-26,124.9599,115.1
2003-06-27,127.3499,105.9
2003-06-28,127.4821,104.9
2003-06-29,128.6349,106.6
2003-06-30,129.4113,103.0
2003-07-01,130.936,101.7
2003-07-02,132.6141,105.2
2003-07-03,132.3563,110.6
2003-07-04,135.4949,114.7
2003-07-05,137.2488,123.6
2003-07-06,134.0391,126.0
2003-07-07,133.9799,134.4
2003-07-08,132.8646,132.4
2003-07-09,130.3212,140.9
2003-07-10,129.0382,136.6
2003-07-11,128.4907,133.6
2003-07-12,128.3437,134.7
2003-07-13,130.3063,132.7
2003-07-14,130.7754,126.6
2003-07-15,130.3147,134.3
2003-07-16,133.2293,133.1
2003-07-17,135.0902,134.7
2003-07-18,135.6442,130.1
2003-07-19,138.1471,122.3
2003-07-20,142.5461,118.7
2003-07-21,142.1817,119.5
2003-07-22,141.1111,114.5
2003-07-23,136.9477,122.0
2003-07-24,130.5114,123.7
2003-07-25,125.155,122.9
2003-07-26,121.4466,120.95
2003-07-27,120.9043,119.0
2003-07-28,121.3398,123.4
2003-07-29,119.9416,128.3
2003-07-30,119.4515,121.1
2003-07-31,120.721,118.7
2003-08-01,123.202,116.2
2003-08-02,125.2124,111.8
2003-08-03,129.0086,110.1
2003-08-04,129.9323,107.6
2003-08-05,132.8935,112.4
2003-08-06,132.3146,114.1
2003-08-07,135.1809,109.8
2003-08-08,133.9515,106.6
2003-08-09,133.0543,109.4
2003-08-10,133.2579,100.3
2003-08-11,132.814,97.3
2003-08-12,130.7219,100.6
2003-08-13,133.5841,98.0
2003-08-14,133.6027,95.6
2003-08-15,134.1744,97.3
2003-08-16,132.3334,95.8
2003-08-17,128.8769,98.4
2003-08-18,126.6889,100.4
2003-08-19,126.2049,107.0
2003-08-20,124.3295,110.2
2003-08-21,126.7844,112.1
2003-08-22,128.0786,116.5
2003-08-23,127.3209,120.9
2003-08-24,126.7175,123.5
2003-08-25,126.3359,125.7
2003-08-26,128.3631,134.3
2003-08-27,130.7386,133.4
2003-08-28,127.8305,131.8
2003-08-29,126.4681,130.3
2003-08-30,125.5789,137.6
2003-08-31,123.7329,135.6
2003-09-01,122.916,133.3
2003-09-02,121.4466,137.1
2003-09-03,122.957,125.0
2003-09-04,123.5017,120.3
2003-09-05,121.6348,119.0
2003-09-06,120.1639,109.6
2003-09-07,121.3921,112.0
2003-09-08,117.6639,111.8
2003-09-09,115.856,113.1
2003-09-10,116.8623,110.5
2003-09-11,115.2646,111.4
2003-09-12,114.1242,105.4
2003-09-13,114.632,97.4
2003-09-14,113.792,94.0
2003-09-15,114.7643,91.9
2003-09-16,115.6313,95.3
2003-09-17,118.1905,94.6
2003-09-18,119.3916,98.1
2003-09-19,120.3267,107.8
2003-09-20,121.6879,119.4
2003-09-21,123.3257,133.9
2003-09-22,124.2509,150.2
2003-09-23,124.9405,152.0
2003-09-24,127.8486,181.3
2003-09-25,127.2953,188.5
2003-09-26,126.6949,219.0
2003-09-27,125.6993,240.6
2003-09-28,128.6028,254.0
2003-09-29,127.9123,268.4
2003-09-30,127.0459,275.4
2003-10-01,128.2614,267.6
2003-10-02,123.8015,245.2
2003-10-03,121.3764,233.2
2003-10-04,120.5925,187.4
2003-10-05,117.3146,164.2
2003-10-06,118.1837,165.6
2003-10-07,118.0438,112.1
2003-10-08,118.3211,96.1
2003-10-09,117.1367,89.4
2003-10-10,117.4604,91.0
2003-10-11,115.3195,91.2
2003-10-12,111.4982,92.8
2003-10-13,110.9466,93.7
2003-10-14,110.3392,95.8
2003-10-15,111.5831,100.0
2003-10-16,111.6943,96.8
2003-10-17,113.1043,95.6
2003-10-18,118.1603,102.0
2003-10-19,123.1999,118.2
2003-10-20,128.3747,141.0
2003-10-21,132.3695,151.5
2003-10-22,133.5722,171.0
2003-10-23,144.3139,172.8
2003-10-24,147.3697,171.9
2003-10-25,158.7549,173.8
2003-10-26,166.6822,172.8
2003-10-27,171.4786,166.3
2003-10-28,176.7256,166.5
2003-10-29,179.6812,170.1
2003-10-30,177.7577,163.2
2003-10-31,171.5866,161.4
2003-11-01,168.3332,148.6
2003-11-02,152.7963,139.3
2003-11-03,143.8611,135.4
2003-11-04,144.1013,120.3
2003-11-05,123.8914,112.5
2003-11-06,116.651,108.5
2003-11-07,113.2299,105.7
2003-11-08,113.4002,89.3
2003-11-09,113.5367,90.9
2003-11-10,114.201,89.4
2003-11-11,114.6244,86.5
2003-11-12,115.786,83.4
2003-11-13,117.9248,84.5
2003-11-14,117.02,85.0
2003-11-15,116.8846,89.5
2003-11-16,119.5493,97.7
2003-11-17,126.9698,103.0
2003-11-18,135.642,113.8
2003-11-19,141.8273,119.1
2003-11-20,149.7031,118.6
2003-11-21,151.0577,125.9
2003-11-22,151.2125,129.1
2003-11-23,152.1513,133.2
2003-11-24,151.7388,137.4
2003-11-25,149.2081,134.4
2003-11-26,149.0401,134.6
2003-11-27,149.0621,132.7
2003-11-28,146.5269,124.3
2003-11-29,146.276,115.1
2003-11-30,139.8181,110.7
2003-12-01,136.0768,104.2
2003-12-02,134.6736,104.4
2003-12-03,128.1265,112.2
2003-12-04,125.2106,112.6
2003-12-05,123.9548,112.3
2003-12-06,123.1956,115.5
2003-12-07,116.8094,119.0
2003-12-08,116.9735,113.4
2003-12-09,116.2036,114.9
2003-12-10,114.877,116.1
2003-12-11,113.9232,114.4
2003-12-12,114.6285,115.3
2003-12-13,115.2538,114.6
2003-12-14,117.2985,114.4
2003-12-15,121.1955,114.1
2003-12-16,123.4913,117.1
2003-12-17,128.0736,115.2
2003-12-18,130.1548,116.4
2003-12-19,129.8799,118.6
2003-12-20,133.0812,115.6
2003-12-21,135.3322,130.3
2003-12-22,137.4674,124.8
2003-12-23,138.4029,126.0
2003-12-24,136.8064,117.9
2003-12-25,135.8423,111.6
2003-12-26,134.3098,104.1
2003-12-27,130.4306,99.1
2003-12-28,126.0039,95.0
2003-12-29,123.6149,90.8
2003-12-30,121.0229,85.9
2003-12-31,120.9532,84.8
2004-01-01,123.1505,89.9
2004-01-02,123.3668,91.6
2004-01-03,123.4246,94.5
2004-01-04,124.5534,98.5
2004-01-05,125.8155,96.6
2004-01-06,124.1891,98.6
2004-01-07,124.6852,102.5
2004-01-08,125.3959,103.7
2004-01-09,125.2838,108.1
2004-01-10,125.9219,113.1
2004-01-11,125.8727,114.7
2004-01-12,125.5976,113.5
2004-01-13,125.2813,111.2
2004-01-14,125.9282,109.3
2004-01-15,124.8641,105.1
2004-01-16,124.8913,101.1
2004-01-17,125.0747,99.6
2004-01-18,123.2658,96.3
2004-01-19,128.1257,99.5
2004-01-20,125.5719,95.4
2004-01-21,125.0188,94.2
2004-01-22,121.1332,93.2
2004-01-23,118.2591,96.0
2004-01-24,114.7054,101.7
2004-01-25,112.579,102.1
2004-01-26,110.9087,103.4
2004-01-27,108.8757,116.1
2004-01-28,106.6339,118.4
2004-01-29,106.0516,119.8
2004-01-30,108.1367,113.6
2004-01-31,108.5685,108.0
2004-02-01,109.9085,100.0
2004-02-02,111.7642,97.1
2004-02-03,111.169,88.9
2004-02-04,112.014,95.9
2004-02-05,113.7767,105.0
2004-02-06,114.2583,102.9
2004-02-07,115.8411,104.6
2004-02-08,117.5638,106.3
2004-02-09,119.4128,107.2
2004-02-10,118.5618,111.1
2004-02-11,117.3956,111.7
2004-02-12,115.4566,106.2
2004-02-13,114.5513,102.6
2004-02-14,111.5048,101.3
2004-02-15,110.5323,100.3
2004-02-16,107.9239,108.5
2004-02-17,107.881,108.8
2004-02-18,105.5502,114.4
2004-02-19,104.5562,111.3
2004-02-20,103.7524,112.7
2004-02-21,104.4005,110.4
2004-02-22,106.018,115.6
2004-02-23,106.2322,117.6
2004-02-24,106.8723,119.0
2004-02-25,112.2106,126.4
2004-02-26,113.3454,123.2
2004-02-27,114.622,127.2
2004-02-28,112.7979,128.6
2004-02-29,111.0707,128.3
2004-03-01,107.7628,126.4
2004-03-02,106.5137,121.0
2004-03-03,104.0353,112.6
2004-03-04,106.6288,108.1
2004-03-05,111.0499,107.4
2004-03-06,110.3319,109.0
2004-03-07,110.631,108.9
2004-03-08,111.1471,101.6
2004-03-09,111.0058,98.4
2004-03-10,111.9301,93.8
2004-03-11,112.0058,90.3
2004-03-12,109.4952,88.1
2004-03-13,108.0465,90.0
2004-03-14,107.0863,91.8
2004-03-15,106.2523,93.6
2004-03-16,109.41,95.8
2004-03-17,110.1662,97.4
2004-03-18,111.9852,97.6
2004-03-19,110.7264,99.0
2004-03-20,111.1988,110.0
2004-03-21,111.4198,114.5
2004-03-22,113.5311,111.8
2004-03-23,114.6829,113.9
2004-03-24,115.0642,118.4
2004-03-25,117.9337,116.6
2004-03-26,116.4113,112.9
2004-03-27,118.1398,108.4
2004-03-28,117.8395,100.9
2004-03-29,118.1574,96.4
2004-03-30,117.6879,90.7
2004-03-31,115.503,89.8
2004-04-01,112.6846,90.8
2004-04-02,111.1414,95.7
2004-04-03,110.9299,99.1
2004-04-04,111.3428,92.8
2004-04-05,111.3362,88.9
2004-04-06,107.5505,90.1
2004-04-07,105.7045,88.0
2004-04-08,103.7009,86.8
2004-04-09,102.3017,88.9
2004-04-10,102.015,95.0
2004-04-11,102.4547,94.8
2004-04-12,103.2487,92.0
2004-04-13,103.7897,100.9
2004-04-14,104.6568,103.0
2004-04-15,104.8671,112.1
2004-04-16,105.3417,117.9
2004-04-17,106.1059,121.0
2004-04-18,111.0613,113.7
2004-04-19,113.6766,110.4
2004-04-20,112.7004,111.4
2004-04-21,114.0741,107.2
2004-04-22,115.8231,109.6
2004-04-23,114.8851,105.0
2004-04-24,113.5036,106.6
2004-04-25,111.3114,107.9
2004-04-26,107.6249,105.1
2004-04-27,105.1939,106.1
2004-04-28,103.1959,104.6
2004-04-29,102.8437,105.2
2004-04-30,102.9886,104.0
2004-05-01,104.09,102.4
2004-05-02,104.8138,98.1
2004-05-03,102.2077,92.5
2004-05-04,100.4096,93.0
2004-05-05,100.4338,92.6
2004-05-06,99.5974,92.0
2004-05-07,99.0801,87.0
2004-05-08,99.7467,91.0
2004-05-09,102.1305,91.2
2004-05-10,102.2499,88.6
2004-05-11,101.3513,87.9
2004-05-12,104.8693,85.0
2004-05-13,106.7237,86.5
2004-05-14,110.8264,90.7
2004-05-15,112.942,98.2
2004-05-16,114.622,103.1
2004-05-17,112.5795,112.9
2004-05-18,111.2723,115.1
2004-05-19,111.129,114.9
2004-05-20,109.2399,111.3
2004-05-21,109.4192,116.4
2004-05-22,107.1923,123.0
2004-05-23,107.8026,119.6
2004-05-24,108.0321,120.5
2004-05-25,106.8975,116.2
2004-05-26,107.391,111.9
2004-05-27,106.7794,106.3
2004-05-28,106.5574,102.2
2004-05-29,105.7283,97.3
2004-05-30,105.4437,92.4
2004-05-31,103.0838,87.9
2004-06-01,101.3004,84.5
2004-06-02,101.2689,84.0
2004-06-03,101.4054,83.4
2004-06-04,101.359,82.2
2004-06-05,99.8486,82.1
2004-06-06,101.893,80.9
2004-06-07,102.3549,81.6
2004-06-08,101.9345,81.9
2004-06-09,101.7238,84.6
2004-06-10,100.0374,89.6
2004-06-11,100.0807,96.4
2004-06-12,101.2927,107.9
2004-06-13,103.9171,129.2
2004-06-14,106.0432,131.6
2004-06-15,109.9174,142.6
2004-06-16,110.3742,150.5
2004-06-17,110.2874,151.3
2004-06-18,108.6486,154.1
2004-06-19,109.9122,160.2
2004-06-20,112.1008,175.8
2004-06-21,110.8612,180.8
2004-06-22,111.0325,177.7
2004-06-23,109.0722,178.4
2004-06-24,107.301,170.4
2004-06-25,104.7783,151.8
2004-06-26,102.6776,143.9
2004-06-27,100.6286,132.0
2004-06-28,99.0183,121.8
2004-06-29,97.347,103.8
2004-06-30,95.2483,102.8
2004-07-01,95.3376,91.4
2004-07-02,95.4568,89.0
2004-07-03,94.6442,85.8
2004-07-04,94.5384,87.0
2004-07-05,93.7127,90.1
2004-07-06,94.1684,87.9
2004-07-07,94.4253,91.5
2004-07-08,95.8125,93.6
2004-07-09,98.3795,97.3
2004-07-10,101.6715,107.7
2004-07-11,106.7231,117.0
2004-07-12,114.4119,124.7
2004-07-13,115.5065,134.3
2004-07-14,119.8995,151.1
2004-07-15,123.1321,152.5
2004-07-16,123.5658,153.1
2004-07-17,125.5778,142.4
2004-07-18,128.37,137.0
2004-07-19,133.8823,138.3
2004-07-20,135.8756,143.3
2004-07-21,134.5663,123.5
2004-07-22,134.9118,124.2
2004-07-23,132.4918,122.8
2004-07-24,125.3984,117.8
2004-07-25,122.023,111.9
2004-07-26,118.1309,107.2
2004-07-27,114.5725,102.5
2004-07-28,108.0485,99.5
2004-07-29,107.4603,92.3
2004-07-30,103.2668,88.9
2004-07-31,102.2276,87.7
2004-08-01,100.8369,91.6
2004-08-02,101.476,89.7
2004-08-03,102.9494,91.5
2004-08-04,103.0005,95.6
2004-08-05,104.9425,98.3
2004-08-06,107.5588,100.9
2004-08-07,109.2403,104.8
2004-08-08,114.6603,108.2
2004-08-09,118.9078,120.7
2004-08-10,122.2129,126.3
2004-08-11,125.9241,132.8
2004-08-12,132.4627,131.8
2004-08-13,134.3433,117.9
2004-08-14,134.9881,116.0
2004-08-15,130.7274,119.1
2004-08-16,128.8459,116.0
2004-08-17,128.2789,110.8
2004-08-18,128.4634,109.4
2004-08-19,121.1997,105.5
2004-08-20,120.387,103.6
2004-08-21,119.1261,106.1
2004-08-22,116.403,101.3
2004-08-23,113.9968,95.6
2004-08-24,111.2161,92.0
2004-08-25,109.1879,90.8
2004-08-26,107.4686,89.9
2004-08-27,105.0218,89.9
2004-08-28,104.0461,89.9
2004-08-29,103.5171,90.2
2004-08-30,105.2607,90.2
2004-08-31,105.2585,90.0
2004-09-01,106.6625,88.4
2004-09-02,108.9516,88.1
2004-09-03,110.6712,88.1
2004-09-04,112.4161,89.1
2004-09-05,115.469,90.7
2004-09-06,118.306,90.8
2004-09-07,123.0872,92.0
2004-09-08,125.5496,93.7
2004-09-09,127.3572,90.4
2004-09-10,126.5049,87.7
2004-09-11,121.584,88.7
2004-09-12,120.9122,86.6
2004-09-13,120.2687,87.2
2004-09-14,119.0019,89.4
2004-09-15,116.9145,90.2
2004-09-16,115.8932,88.6
2004-09-17,113.9919,91.1
2004-09-18,112.5012,91.2
2004-09-19,112.867,95.5
2004-09-20,110.984,98.2
2004-09-21,108.8099,110.3
2004-09-22,107.2855,111.0
2004-09-23,106.4785,121.2
2004-09-24,106.502,130.2
2004-09-25,106.3353,138.7
2004-09-26,106.4856,141.5
2004-09-27,106.9443,135.0
2004-09-28,107.3196,127.8
2004-09-29,107.794,134.0
2004-09-30,107.4365,128.8
2004-10-01,107.1069,134.4
2004-10-02,107.6673,137.1
2004-10-03,108.0928,133.4
2004-10-04,108.6753,131.0
2004-10-05,108.2802,129.4
2004-10-06,107.3027,128.6
2004-10-07,107.4446,138.8
2004-10-08,105.9575,126.5
2004-10-09,103.944,127.2
2004-10-10,103.3072,121.7
2004-10-11,101.6695,124.2
2004-10-12,100.9879,102.6
2004-10-13,101.149,93.0
2004-10-14,100.993,94.0
2004-10-15,99.745,94.4
2004-10-16,99.9597,98.1
2004-10-17,99.6461,103.3
2004-10-18,101.1943,104.2
2004-10-19,102.0716,102.5
2004-10-20,106.9144,101.6
2004-10-21,107.8218,100.9
2004-10-22,111.7993,96.9
2004-10-23,115.2808,98.5
2004-10-24,118.6399,103.7
2004-10-25,119.8087,104.2
2004-10-26,118.0138,104.5
2004-10-27,115.7846,106.6
2004-10-28,118.2224,108.2
2004-10-29,116.7545,107.4
2004-10-30,118.8131,109.8
2004-10-31,119.9628,108.4
2004-11-01,118.5427,107.5
2004-11-02,117.2978,107.8
2004-11-03,116.5151,102.6
2004-11-04,116.0708,97.9
2004-11-05,119.2156,94.6
2004-11-06,115.6072,93.1
2004-11-07,116.2072,90.4
2004-11-08,114.2209,87.1
2004-11-09,115.3657,91.6
2004-11-10,107.4118,84.7
2004-11-11,103.3188,82.3
2004-11-12,103.6789,87.1
2004-11-13,103.9848,87.7
2004-11-14,105.9326,87.0
2004-11-15,108.5238,86.5
2004-11-16,109.9831,86.5
2004-11-17,110.1905,88.3667
2004-11-18,110.517,90.2333
2005-02-18,100.1636,92.2
2005-02-19,97.7128,88.3
2005-02-20,96.0926,89.2
2005-02-21,95.1526,86.7
2005-02-22,93.9007,87.1
2005-02-23,90.9487,86.6
2005-02-24,88.9753,81.7
2005-02-25,88.2223,77.4
2005-02-26,87.4291,78.1
2005-02-27,86.9755,79.4
2005-02-28,86.7724,78.6
2005-03-01,86.2397,77.5
2005-03-02,87.5567,76.5
2005-03-03,88.3861,78.2
2005-03-04,89.8127,80.2
2005-03-05,91.0795,81.1
2005-03-06,92.0138,84.9
2005-03-07,93.6935,88.5
2005-03-08,96.7112,88.2
2005-03-09,99.2574,88.0
2005-03-10,99.9067,87.9
2005-03-11,101.4875,88.8
2005-03-12,103.8252,88.6
2005-03-13,104.6324,87.9
2005-03-14,103.4737,85.3
2005-03-15,101.8218,84.0
2005-03-16,100.2333,86.0
2005-03-17,98.7138,85.5
2005-03-18,96.7231,83.6
2005-03-19,94.7657,84.2
2005-03-20,92.5955,82.0
2005-03-21,92.6806,78.9
2005-03-22,91.5298,77.8
2005-03-23,91.3677,77.9
2005-03-24,91.1957,78.1
2005-03-25,89.3087,80.2
2005-03-26,87.7216,83.2
2005-03-27,87.9705,87.1
2005-03-28,88.455,92.1
2005-03-29,88.3498,96.6
2005-03-30,88.0492,99.4
2005-03-31,87.7549,106.5
2005-04-01,88.6552,108.0
2005-04-02,89.9136,113.4
2005-04-03,90.8291,113.3
2005-04-04,92.5718,114.2
2005-04-05,94.3106,110.6
2005-04-06,94.0518,111.0
2005-04-07,93.8471,112.4
2005-04-08,93.1813,101.8
2005-04-09,92.9929,103.2
2005-04-10,92.2531,112.2
2005-04-11,91.3252,121.6
2005-04-12,89.5495,127.9
2005-04-13,88.7616,119.9
2005-04-14,89.1849,115.5
2005-04-15,88.8829,101.7
2005-04-16,87.7479,105.2
2005-04-17,87.6979,101.4
2005-04-18,86.7818,92.0
2005-04-19,85.2639,85.8
2005-04-20,84.5288,86.7
2005-04-21,84.6116,85.6
2005-04-22,84.7764,83.9
2005-04-23,85.4576,84.2
2005-04-24,86.5368,85.5
2005-04-25,88.0046,87.4
2005-04-26,89.953,86.0
2005-04-27,91.8295,92.8
2005-04-28,93.2753,98.1
2005-04-29,96.6136,95.1
2005-04-30,97.6793,95.3
2005-05-01,99.5368,97.5
2005-05-02,99.63,99.0
2005-05-03,99.805,96.9
2005-05-04,98.5687,96.0
2005-05-05,98.7262,98.0
2005-05-06,99.2619,99.8
2005-05-07,95.0828,108.6
2005-05-08,95.5464,109.2
2005-05-09,99.0848,112.4
2005-05-10,102.3239,119.3
2005-05-11,104.7885,119.7
2005-05-12,102.2872,117.9
2005-05-13,100.5772,111.4
2005-05-14,95.401,106.3
2005-05-15,96.4117,94.7
2005-05-16,95.2958,96.8
2005-05-17,92.1035,97.5
2005-05-18,89.8985,100.2
2005-05-19,90.536,93.7
2005-05-20,90.1748,92.9
2005-05-21,90.1715,89.8
2005-05-22,90.7207,88.9
2005-05-23,91.7145,85.5
2005-05-24,93.3649,82.1
2005-05-25,92.9434,80.1
2005-05-26,96.2625,79.2
2005-05-27,98.1259,79.3
2005-05-28,97.3317,81.3
2005-05-29,97.1503,80.0
2005-05-30,97.8334,82.6
2005-05-31,98.5029,91.2
2005-06-01,96.9458,104.85
2005-06-02,96.5976,118.5
2005-06-03,97.5233,128.0
2005-06-04,98.8176,134.1
2005-06-05,103.0666,127.8
2005-06-06,102.8349,131.0
2005-06-07,103.7254,127.2
2005-06-08,104.9096,125.5
2005-06-09,105.2515,114.2
2005-06-10,104.4063,111.9
2005-06-11,101.5671,105.2
2005-06-12,99.329,96.4
2005-06-13,94.8863,99.4
2005-06-14,95.3104,94.5
2005-06-15,95.5861,92.9
2005-06-16,97.0592,90.1
2005-06-17,95.0303,78.8
2005-06-18,94.732,76.5
2005-06-19,93.6747,74.4
2005-06-20,94.1077,73.5
2005-06-21,93.1512,74.4
2005-06-22,91.7044,75.2
2005-06-23,91.2225,75.9
2005-06-24,91.1364,82.7
2005-06-25,91.1665,82.8
2005-06-26,91.576,86.5
2005-06-27,91.0324,89.2
2005-06-28,92.1829,93.4
2005-06-29,96.1575,98.7
2005-06-30,102.6806,106.9
2005-07-01,107.9286,108.2
2005-07-02,111.9908,113.1
2005-07-03,115.0271,114.6
2005-07-04,113.3555,113.5
2005-07-05,114.5797,112.2
2005-07-06,112.9514,109.2
2005-07-07,111.6547,101.7
2005-07-08,106.9813,96.1
2005-07-09,106.2509,94.9
2005-07-10,103.657,88.9
2005-07-11,100.6002,84.7
2005-07-12,101.3416,78.3
2005-07-13,99.5214,77.9
2005-07-14,98.7969,78.3
2005-07-15,97.5145,77.4
2005-07-16,93.2851,76.7
2005-07-17,91.9789,77.7
2005-07-18,90.7182,77.7
2005-07-19,90.1032,78.9
2005-07-20,90.2543,84.7
2005-07-21,90.4394,95.3
2005-07-22,90.2323,100.4
2005-07-23,92.7339,100.8
2005-07-24,93.3906,107.2
2005-07-25,95.5558,109.3
2005-07-26,97.5284,100.7
2005-07-27,99.8113,94.4
2005-07-28,102.1753,95.2
2005-07-29,105.5681,94.0
2005-07-30,106.2994,91.6
2005-07-31,108.0168,90.9
2005-08-01,108.3423,87.6
2005-08-02,106.9499,85.6
2005-08-03,106.1486,80.6
2005-08-04,104.0661,78.5
2005-08-05,100.7388,75.4
2005-08-06,98.763,75.8
2005-08-07,97.74,76.2
2005-08-08,95.5247,82.4
2005-08-09,93.0271,93.6
2005-08-10,89.5075,92.4
2005-08-11,89.1687,100.6
2005-08-12,89.0627,117.6
2005-08-13,88.7275,111.1
2005-08-14,88.4633,119.5
2005-08-15,88.8836,115.0
2005-08-16,88.9464,117.9
2005-08-17,89.6951,120.6
2005-08-18,91.7358,112.9
2005-08-19,95.9207,104.9
2005-08-20,98.7031,103.2
2005-08-21,99.1841,91.9
2005-08-22,102.9108,88.5
2005-08-23,104.2704,86.7
2005-08-24,101.2223,84.3
2005-08-25,99.067,83.3
2005-08-26,99.2281,81.9
2005-08-27,98.7422,81.4
2005-08-28,97.4822,81.7
2005-08-29,96.6976,77.2
2005-08-30,94.6052,74.9
2005-08-31,92.8108,74.0
2005-09-01,90.5146,72.4
2005-09-02,89.0764,72.3
2005-09-03,87.1709,75.0
2005-09-04,86.4855,74.4
2005-09-05,86.2226,82.7
2005-09-06,88.2598,81.3
2005-09-07,92.1891,79.4
2005-09-08,92.1492,78.7
2005-09-09,95.4583,78.0
2005-09-10,102.0656,78.7
2005-09-11,100.4802,78.8
2005-09-12,104.136,77.3
2005-09-13,103.9119,76.5
2005-09-14,105.479,77.6
2005-09-15,107.0,78.0
2005-09-16,105.0464,79.1
2005-09-17,102.2175,78.7
2005-09-18,101.2051,77.5
2005-09-19,96.902,77.7
2005-09-20,95.4158,77.2
2005-09-21,94.1227,76.0
2005-09-22,92.48,74.6
2005-09-23,91.6798,74.0
2005-09-24,90.477,73.4
2005-09-25,89.6627,72.5
2005-09-26,88.8119,72.1
2005-09-27,86.6636,71.2
2005-09-28,85.069,70.7
2005-09-29,84.2723,72.1
2005-09-30,83.5505,73.1
2005-10-01,83.8748,74.5
2005-10-02,85.4615,76.7
2005-10-03,85.0653,76.1
2005-10-04,88.6427,76.8
2005-10-05,89.5175,75.5
2005-10-06,88.6924,76.1
2005-10-07,89.0087,77.9
2005-10-08,88.6672,80.3
2005-10-09,89.1258,78.0
2005-10-10,89.5277,77.9
2005-10-11,88.4653,76.6
2005-10-12,87.5829,76.4
2005-10-13,87.6623,77.0
2005-10-14,86.8756,81.4
2005-10-15,86.7407,86.0
2005-10-16,86.0302,90.4
2005-10-17,85.0739,97.8
2005-10-18,84.7039,91.8
2005-10-19,84.1834,98.2
2005-10-20,83.2112,98.8
2005-10-21,82.5485,99.6
2005-10-22,81.7162,94.1
2005-10-23,81.0777,92.4
2005-10-24,80.4319,90.3
2005-10-25,79.9559,87.5
2005-10-26,79.4408,84.4
2005-10-27,79.1556,77.9
2005-10-28,79.4963,78.7
2005-10-29,80.368,78.6
2005-10-30,80.7835,79.7
2005-10-31,81.4034,82.4
2005-11-01,81.2164,92.0
2005-11-02,81.5632,95.5
2005-11-03,81.1888,101.3
2005-11-04,81.1252,98.4
2005-11-05,81.9713,92.5
2005-11-06,82.906,89.0
2005-11-07,82.1654,86.5
2005-11-08,82.0774,86.3
2005-11-09,81.5256,86.9
2005-11-10,81.2433,86.4
2005-11-11,81.166,88.7
2005-11-12,82.5595,90.2
2005-11-13,84.1062,85.6
2005-11-14,85.694,85.2
2005-11-15,87.9057,86.8
2005-11-16,85.9516,84.2
2005-11-17,88.0732,83.1
2005-11-18,88.2634,82.5
2005-11-19,88.7073,82.8
2005-11-20,86.9431,86.6
2005-11-21,86.3429,84.9
2005-11-22,85.8522,83.7
2005-11-23,85.1781,84.8
2005-11-24,84.149,90.1
2005-11-25,82.1321,88.9
2005-11-26,82.3142,88.8
2005-11-27,82.2257,89.5
2005-11-28,82.3114,89.2
2005-11-29,83.1673,86.1
2005-11-30,86.3544,87.4
2005-12-01,87.6603,86.9
2005-12-02,89.5933,84.5
2005-12-03,88.2664,84.5
2005-12-04,86.1716,81.7
2005-12-05,84.6971,82.1
2005-12-06,83.7088,81.2
2005-12-07,83.6707,80.6
2005-12-08,84.1505,79.3
2005-12-09,84.3056,76.6
2005-12-10,85.7211,75.6
2005-12-11,85.8886,75.0
2005-12-12,84.5385,75.2
2005-12-13,84.5272,74.7
2005-12-14,85.2981,74.0
2005-12-15,84.0611,74.0
2005-12-16,83.5565,74.9
2005-12-17,83.1024,78.3
2005-12-18,82.9861,81.1
2005-12-19,84.1891,79.8
2005-12-20,83.1011,82.9
2005-12-21,82.9253,85.8
2005-12-22,83.362,87.9
2005-12-23,85.4708,90.9
2005-12-24,85.5136,89.9
2005-12-25,86.1525,89.6
2005-12-26,86.7426,89.8
2005-12-27,86.9697,86.3
2005-12-28,85.6197,84.2
2005-12-29,85.8476,81.0
2005-12-30,85.816,77.6
2005-12-31,84.57,77.2
2006-01-01,84.2421,76.5
2006-01-02,83.3296,75.3
2006-01-03,83.4269,75.3
2006-01-04,83.258,75.1
2006-01-05,83.1033,76.4
2006-01-06,82.2793,74.9
2006-01-07,81.233,74.2
2006-01-08,80.8085,72.9
2006-01-09,80.2969,72.0
2006-01-10,80.1973,72.0
2006-01-11,79.9654,72.8
2006-01-12,79.7024,73.2
2006-01-13,79.8961,74.1
2006-01-14,80.1762,74.1
2006-01-15,81.5168,74.4
2006-01-16,82.9249,75.4
2006-01-17,82.9034,76.6
2006-01-18,84.1861,77.3
2006-01-19,85.2526,77.3
2006-01-20,86.4167,76.7
2006-01-21,87.6702,74.8
2006-01-22,87.3572,74.5
2006-01-23,87.6774,74.2
2006-01-24,87.6094,74.4
2006-01-25,86.0895,73.6
2006-01-26,85.0444,74.4
2006-01-27,83.6287,74.5
2006-01-28,82.5458,75.0
2006-01-29,82.3569,75.5
2006-01-30,81.9003,75.7
2006-01-31,81.2601,75.6
2006-02-01,80.9128,74.7
2006-02-02,80.6326,74.2
2006-02-03,81.0176,73.8
2006-02-04,80.1508,73.0
2006-02-05,79.7015,72.5
2006-02-06,79.0524,73.3
2006-02-07,78.5911,71.3
2006-02-08,78.3758,71.8
2006-02-09,78.8259,71.2
2006-02-10,79.0819,73.1
2006-02-11,79.2237,72.3
2006-02-12,79.4262,71.7
2006-02-13,79.6806,72.8
2006-02-14,80.131,73.4
2006-02-15,80.9089,71.7
2006-02-16,81.3291,71.3
2006-02-17,81.4037,71.7
2006-02-18,81.0322,74.6
2006-02-19,79.7098,76.2
2006-02-20,79.1452,76.1
2006-02-21,78.5304,75.4
2006-02-22,78.2524,76.1
2006-02-23,77.8755,75.4
2006-02-24,77.8788,75.2
2006-02-25,77.6935,73.3
2006-02-26,77.7212,74.0
2006-02-27,77.7948,79.0
2006-02-28,77.8844,81.5
2006-03-01,77.6722,83.7
2006-03-02,77.1946,86.1
2006-03-03,76.9297,86.9
2006-03-04,76.6944,91.1
2006-03-05,76.3817,100.4
2006-03-06,76.2473,99.6
2006-03-07,76.4735,99.1
2006-03-08,75.8609,99.1
2006-03-09,75.9686,94.7
2006-03-10,75.7028,91.3
2006-03-11,76.2171,89.5
2006-03-12,75.908,89.1
2006-03-13,75.6538,90.1
2006-03-14,75.894,81.6
2006-03-15,75.9339,80.5
2006-03-16,76.1744,79.4
2006-03-17,75.8386,78.9
2006-03-18,75.881,77.0
2006-03-19,77.0759,78.5
2006-03-20,77.6802,76.1
2006-03-21,77.5457,76.5
2006-03-22,77.1743,79.3
2006-03-23,77.458,80.0
2006-03-24,77.1801,83.2
2006-03-25,77.049,87.7
2006-03-26,76.1604,93.9
2006-03-27,76.4278,96.3
2006-03-28,78.6744,101.3
2006-03-29,79.8798,102.0
2006-03-30,80.9512,101.5
2006-03-31,82.112,102.7
2006-04-01,82.6232,101.4
2006-04-02,84.5506,94.8
2006-04-03,88.8584,90.9
2006-04-04,88.6281,90.4
2006-04-05,85.0162,93.4
2006-04-06,85.2904,88.2
2006-04-07,83.7555,88.6
2006-04-08,82.8367,87.8
2006-04-09,82.4352,86.3
2006-04-10,82.3419,84.2
2006-04-11,82.596,79.8
2006-04-12,79.6852,77.9
2006-04-13,79.3914,77.3
2006-04-14,79.0037,75.0
2006-04-15,78.4489,73.6
2006-04-16,77.5894,73.2
2006-04-17,78.1224,73.1
2006-04-18,77.035,73.6
2006-04-19,77.1722,75.0
2006-04-20,78.1712,77.1
2006-04-21,78.5288,78.0
2006-04-22,79.9765,79.4
2006-04-23,81.8089,85.1
2006-04-24,84.2711,86.3
2006-04-25,85.5453,85.9
2006-04-26,87.597,85.9
2006-04-27,88.5837,83.8
2006-04-28,89.1169,85.2
2006-04-29,89.8992,87.0
2006-04-30,89.5396,83.3
2006-05-01,87.4331,82.3
2006-05-02,86.0393,80.6
2006-05-03,85.7546,79.4
2006-05-04,86.7493,77.5
2006-05-05,85.08,78.1
2006-05-06,85.3574,77.8
2006-05-07,84.6387,80.2
2006-05-08,83.8806,80.3
2006-05-09,82.8412,85.2
2006-05-10,81.257,82.5
2006-05-11,80.3191,80.0
2006-05-12,80.0215,78.5
2006-05-13,78.8282,76.7
2006-05-14,78.3824,76.5
2006-05-15,78.4785,79.5
2006-05-16,78.4839,77.7
2006-05-17,78.9597,78.8
2006-05-18,79.7265,77.7
2006-05-19,81.1707,75.6
2006-05-20,82.0901,75.7
2006-05-21,83.0644,75.7
2006-05-22,85.3431,75.3
2006-05-23,86.1205,75.1
2006-05-24,85.9443,74.4
2006-05-25,85.8966,74.1
2006-05-26,85.0751,76.1
2006-05-27,85.5142,76.5
2006-05-28,86.3934,79.0
2006-05-29,85.0241,81.2
2006-05-30,84.2226,86.3
2006-05-31,83.2636,88.4
2006-06-01,82.5002,89.0
2006-06-02,81.8096,88.4
2006-06-03,81.9785,90.0
2006-06-04,81.5183,88.8
2006-06-05,82.2493,95.1
2006-06-06,82.1596,87.5
2006-06-07,84.0754,87.9
2006-06-08,83.171,82.6
2006-06-09,82.1794,80.0
2006-06-10,81.837,77.1
2006-06-11,81.2012,75.2
2006-06-12,81.1753,73.6
2006-06-13,82.3807,72.9
2006-06-14,81.8496,72.2
2006-06-15,82.4399,73.3
2006-06-16,82.4636,72.6
2006-06-17,81.6673,73.2
2006-06-18,81.5633,73.3
2006-06-19,81.4907,73.6
2006-06-20,81.0796,73.4
2006-06-21,80.9701,74.5
2006-06-22,80.5722,75.0
2006-06-23,79.96,75.9
2006-06-24,80.3997,78.9
2006-06-25,80.4673,79.5
2006-06-26,81.337,77.9
2006-06-27,81.9626,77.0
2006-06-28,84.081,76.7
2006-06-29,84.9412,74.9
2006-06-30,85.201,75.2
2006-07-01,84.9341,76.2
2006-07-02,85.6583,74.6
2006-07-03,85.1849,74.9
2006-07-04,87.2121,74.3
2006-07-05,84.5031,73.4
2006-07-06,84.6531,71.6
2006-07-07,82.7216,71.5
2006-07-08,81.9741,71.5
2006-07-09,80.9233,71.8
2006-07-10,80.2044,73.4
2006-07-11,79.3804,76.1
2006-07-12,78.8585,82.5
2006-07-13,78.4649,86.2
2006-07-14,78.6352,87.0
2006-07-15,78.0868,88.1
2006-07-16,78.0247,88.6
2006-07-17,77.7892,87.8
2006-07-18,77.6207,96.4
2006-07-19,77.4553,88.0
2006-07-20,77.6688,90.6
2006-07-21,77.8179,90.9
2006-07-22,78.2506,90.2
2006-07-23,79.9293,89.8
2006-07-24,80.3005,82.7
2006-07-25,79.7608,80.1
2006-07-26,79.3185,79.9
2006-07-27,79.1565,78.9
2006-07-28,78.0697,77.3
2006-07-29,78.4963,80.2
2006-07-30,78.428,78.0
2006-07-31,77.8683,74.4
2006-08-01,77.4983,75.7
2006-08-02,77.1295,84.7
2006-08-03,76.5465,78.3
2006-08-04,75.7175,76.9
2006-08-05,75.5137,77.8
2006-08-06,75.3027,80.3
2006-08-07,75.2976,81.7
2006-08-08,75.923,85.3
2006-08-09,76.7501,88.1
2006-08-10,79.0751,88.5
2006-08-11,80.4086,86.7
2006-08-12,80.8513,88.5
2006-08-13,81.3476,85.7
2006-08-14,81.7256,85.1
2006-08-15,81.4672,83.9
2006-08-16,84.5873,83.8
2006-08-17,82.0627,81.0
2006-08-18,83.1873,80.1
2006-08-19,83.2391,78.8
2006-08-20,83.0578,75.1
2006-08-21,83.1163,74.0
2006-08-22,80.4306,71.5
2006-08-23,79.4537,72.0
2006-08-24,79.3505,72.9
2006-08-25,78.8853,70.9
2006-08-26,78.2928,70.3
2006-08-27,79.2105,70.6
2006-08-28,78.3699,71.0
2006-08-29,76.7215,72.4
2006-08-30,77.048,73.3
2006-08-31,80.7002,76.8
2006-09-01,78.4741,77.9
2006-09-02,78.0413,78.6
2006-09-03,78.5392,78.0
2006-09-04,79.9152,76.7
2006-09-05,80.858,76.7
2006-09-06,82.2222,77.3
2006-09-07,83.3961,76.3
2006-09-08,83.5181,76.4
2006-09-09,83.1355,75.1
2006-09-10,84.3299,74.8
2006-09-11,82.9816,75.0
2006-09-12,82.897,73.3
2006-09-13,82.6137,73.3
2006-09-14,82.5467,72.9
2006-09-15,81.5523,72.0
2006-09-16,80.5744,70.7
2006-09-17,79.8523,69.1
2006-09-18,78.3679,69.1
2006-09-19,77.702,69.0
2006-09-20,76.59,69.0
2006-09-21,76.6266,70.4
2006-09-22,76.6483,74.0
2006-09-23,75.5353,75.1
2006-09-24,75.1972,75.7
2006-09-25,75.732,74.0
2006-09-26,75.3953,73.9
2006-09-27,75.7917,71.0
2006-09-28,76.2366,71.1
2006-09-29,77.7996,73.7
2006-09-30,78.3904,72.3
2006-10-01,78.8855,74.6
2006-10-02,78.9399,78.9
2006-10-03,78.4603,85.3
2006-10-04,78.3131,86.8
2006-10-05,78.6106,86.0
2006-10-06,78.1099,84.0
2006-10-07,78.1863,83.2
2006-10-08,77.6511,82.1
2006-10-09,77.4747,85.6
2006-10-10,77.3068,84.8
2006-10-11,76.7223,87.7
2006-10-12,76.6091,89.3
2006-10-13,76.0553,95.0
2006-10-14,75.4814,94.7
2006-10-15,74.5879,93.2
2006-10-16,73.9685,92.5
2006-10-17,73.9575,94.0
2006-10-18,73.8093,92.0
2006-10-19,73.7519,87.4
2006-10-20,74.348,86.8
2006-10-21,75.7171,82.9
2006-10-22,76.4604,78.6
2006-10-23,76.8549,75.6
2006-10-24,76.5839,74.6
2006-10-25,76.4394,74.9
2006-10-26,75.5508,75.5
2006-10-27,75.6142,76.5
2006-10-28,76.433,76.2
2006-10-29,75.8605,80.2
2006-10-30,76.7332,83.2
2006-10-31,78.2927,82.7
2006-11-01,80.9032,81.8
2006-11-02,81.2721,81.8
2006-11-03,80.9487,84.8
2006-11-04,80.1492,84.6
2006-11-05,79.6596,93.6
2006-11-06,79.0934,99.4
2006-11-07,80.1664,99.7
2006-11-08,79.8813,94.4
2006-11-09,80.7328,93.1
2006-11-10,81.1402,89.6
2006-11-11,83.2197,87.3
2006-11-12,83.1918,89.4
2006-11-13,82.863,101.0
2006-11-14,82.8924,93.5
2006-11-15,83.6349,91.4
2006-11-16,83.2068,85.4
2006-11-17,81.7993,80.0
2006-11-18,81.614,79.5
2006-11-19,80.3223,73.0
2006-11-20,78.5997,72.0
2006-11-21,77.3322,70.3
2006-11-22,77.1461,71.6
2006-11-23,77.0751,72.2
2006-11-24,77.3842,71.2
2006-11-25,78.0773,71.9
2006-11-26,78.2667,73.9
2006-11-27,79.7918,72.5
2006-11-28,80.7303,70.9
2006-11-29,80.3434,73.8
2006-11-30,80.014,75.8
2006-12-01,79.8584,78.2
2006-12-02,81.13,82.3
2006-12-03,81.1101,85.5
2006-12-04,84.3093,88.6
2006-12-05,86.7546,84.8
2006-12-06,87.3128,88.0
2006-12-07,85.7487,86.5
2006-12-08,85.1615,85.6
2006-12-09,83.9114,85.3
2006-12-10,83.228,85.7
2006-12-11,83.8279,89.1
2006-12-12,87.5553,83.3
2006-12-13,85.1958,81.2
2006-12-14,84.2991,81.0
2006-12-15,82.079,78.7
2006-12-16,79.8627,79.4
2006-12-17,79.6564,79.3
2006-12-18,77.3687,76.1
2006-12-19,77.1423,75.6
2006-12-20,76.4865,74.4
2006-12-21,76.7947,73.9
2006-12-22,77.108,76.3
2006-12-23,76.804,76.1
2006-12-24,76.984,76.0
2006-12-25,77.696,76.8
2006-12-26,77.4449,77.9
2006-12-27,77.1397,77.5
2006-12-28,78.2641,77.3
2006-12-29,79.524,78.0
2006-12-30,80.9942,79.3
2006-12-31,82.7165,84.1
2007-01-01,83.5655,84.9
2007-01-02,84.8335,86.6
2007-01-03,83.4369,87.3
2007-01-04,84.3799,87.7
2007-01-05,84.236,84.8
2007-01-06,84.576,81.3
2007-01-07,84.0481,80.7
2007-01-08,84.3073,79.6
2007-01-09,85.1653,79.8
2007-01-10,82.7861,76.3
2007-01-11,81.9041,74.6
2007-01-12,81.2216,73.9
2007-01-13,80.4024,72.8
2007-01-14,80.5108,71.8
2007-01-15,80.722,70.9
2007-01-16,79.5655,70.9
2007-01-17,79.2986,71.8
2007-01-18,79.0278,72.9
2007-01-19,79.0343,73.5
2007-01-20,79.7998,74.1
2007-01-21,79.4679,73.2
2007-01-22,79.6267,73.1
2007-01-23,80.0335,73.2
2007-01-24,80.7322,73.9
2007-01-25,80.8968,73.6
2007-01-26,81.0738,73.9
2007-01-27,81.4933,75.1
2007-01-28,81.6132,73.9
2007-01-29,83.8139,73.4
2007-01-30,83.9965,74.4
2007-01-31,84.449,73.4
2007-02-01,84.6067,74.2
2007-02-02,84.6441,72.0
2007-02-03,83.6579,71.3
2007-02-04,81.7741,70.8
2007-02-05,81.0635,70.8
2007-02-06,80.6415,71.8
2007-02-07,80.4368,71.4
2007-02-08,79.0195,70.6
2007-02-09,78.3273,70.2
2007-02-10,77.8033,70.1
2007-02-11,77.4497,70.3
2007-02-12,77.1632,70.6
2007-02-13,76.815,69.2
2007-02-14,76.8572,68.5
2007-02-15,77.0494,68.0
2007-02-16,77.4149,68.6
2007-02-17,77.5927,69.8
2007-02-18,77.82,69.5
2007-02-19,77.4117,72.0
2007-02-20,77.3559,72.3
2007-02-21,77.3518,72.0
2007-02-22,77.7072,72.0
2007-02-23,77.7445,72.4
2007-02-24,77.6479,73.3
2007-02-25,78.0991,73.5
2007-02-26,77.6532,73.0
2007-02-27,77.3089,74.3
2007-02-28,77.1764,73.6
2007-03-01,76.3883,73.9
2007-03-02,76.5069,73.1
2007-03-03,75.4994,71.6
2007-03-04,75.0722,71.1
2007-03-05,75.5002,70.8
2007-03-06,75.3848,70.8
2007-03-07,75.7904,71.0
2007-03-08,75.5716,71.1
2007-03-09,75.1644,71.4
2007-03-10,74.9321,71.3
2007-03-11,74.8372,70.2
2007-03-12,74.9392,69.7
2007-03-13,75.0396,69.5
2007-03-14,74.4331,68.6
2007-03-15,74.1327,68.6
2007-03-16,73.8804,68.6
2007-03-17,74.155,69.8
2007-03-18,74.7017,69.8
2007-03-19,74.4991,69.8
2007-03-20,75.6736,69.3
2007-03-21,75.7766,68.9
2007-03-22,75.5894,69.1
2007-03-23,75.5701,69.4
2007-03-24,75.5816,69.7
2007-03-25,75.8842,69.8
2007-03-26,75.8298,74.0
2007-03-27,75.4461,77.4
2007-03-28,75.9218,81.5
2007-03-29,75.4263,83.8
2007-03-30,75.5039,86.1
2007-03-31,75.0402,86.0
2007-04-01,74.3092,88.2
2007-04-02,74.0181,87.6
2007-04-03,73.7862,88.8
2007-04-04,73.7455,84.4
2007-04-05,73.8303,83.9
2007-04-06,73.9262,82.4
2007-04-07,74.054,79.4
2007-04-08,73.9291,77.1
2007-04-09,73.2773,74.7
2007-04-10,72.9146,73.5
2007-04-11,72.7327,72.6
2007-04-12,72.2906,72.9
2007-04-13,72.2793,72.9
2007-04-14,72.2454,75.0
2007-04-15,72.7705,74.4
2007-04-16,72.7633,78.5
2007-04-17,72.761,78.9
2007-04-18,72.4677,78.3
2007-04-19,72.1786,77.6
2007-04-20,72.1924,76.6
2007-04-21,72.1848,75.9
2007-04-22,72.1563,75.0
2007-04-23,72.0475,73.7
2007-04-24,73.7757,71.9
2007-04-25,75.3552,71.7
2007-04-26,77.1751,69.9
2007-04-27,78.2486,69.5
2007-04-28,79.2866,68.8
2007-04-29,79.2894,70.5
2007-04-30,80.3407,71.5
2007-05-01,80.1344,72.6
2007-05-02,80.7517,76.7
2007-05-03,78.8848,81.6
2007-05-04,78.7082,85.6
2007-05-05,78.1035,89.5
2007-05-06,76.8695,88.2
2007-05-07,75.8963,84.8
2007-05-08,74.7315,87.13
2007-05-09,74.2539,88.11
2007-05-10,73.8674,86.8
2007-05-11,74.0654,81.0
2007-05-12,74.0732,78.2
2007-05-13,75.0386,75.6
2007-05-14,74.8495,72.6
2007-05-15,76.874,73.1
2007-05-16,77.1917,70.6
2007-05-17,77.0066,71.3
2007-05-18,76.7274,70.2
2007-05-19,76.25,68.9
2007-05-20,75.9132,68.8
2007-05-21,75.4888,68.5
2007-05-22,74.8944,67.8
2007-05-23,73.9186,67.6
2007-05-24,73.8262,67.5
2007-05-25,72.8801,68.1
2007-05-26,72.6086,69.1
2007-05-27,72.3049,69.8
2007-05-28,73.0149,72.8
2007-05-29,73.4911,75.7
2007-05-30,74.0368,77.4
2007-05-31,75.9614,77.8
2007-06-01,78.308,76.4
2007-06-02,80.3726,76.8
2007-06-03,82.3041,75.1
2007-06-04,81.8442,74.2
2007-06-05,80.5237,74.9
2007-06-06,81.6868,73.9
2007-06-07,82.1477,73.5
2007-06-08,81.7018,75.5
2007-06-09,79.1596,77.6
2007-06-10,77.9488,79.7
2007-06-11,76.603,80.8
2007-06-12,75.2591,81.1
2007-06-13,75.3946,79.5
2007-06-14,74.2631,80.6
2007-06-15,74.5447,78.2
2007-06-16,74.0266,77.1
2007-06-17,73.3322,75.3
2007-06-18,73.2387,74.7
2007-06-19,73.0688,71.8
2007-06-20,72.7289,70.5
2007-06-21,72.6826,69.5
2007-06-22,72.7337,68.6
2007-06-23,72.9579,68.3
2007-06-24,73.4304,69.3
2007-06-25,73.821,70.2
2007-06-26,75.1981,70.8
2007-06-27,76.6061,70.6
2007-06-28,77.3984,70.9
2007-06-29,77.6183,72.1
2007-06-30,76.9623,71.1
2007-07-01,77.1684,71.0
2007-07-02,76.383,70.1
2007-07-03,76.0392,70.4
2007-07-04,76.3697,71.5
2007-07-05,75.9357,72.4
2007-07-06,75.7849,71.4
2007-07-07,76.6602,70.9
2007-07-08,77.7089,72.0
2007-07-09,78.7694,71.0
2007-07-10,79.369,71.0
2007-07-11,79.638,69.3
2007-07-12,79.0606,69.3
2007-07-13,79.7232,69.5
2007-07-14,78.7357,70.0
2007-07-15,78.256,69.5
2007-07-16,77.4002,70.3
2007-07-17,76.9984,69.3
2007-07-18,75.5898,69.0
2007-07-19,74.7447,69.3
2007-07-20,74.0034,69.6
2007-07-21,73.4895,69.4
2007-07-22,73.2346,70.7
2007-07-23,73.5355,70.9
2007-07-24,73.8276,71.6
2007-07-25,74.0625,72.4
2007-07-26,73.9893,73.2
2007-07-27,74.0206,73.1
2007-07-28,74.5685,71.6
2007-07-29,74.1841,70.7
2007-07-30,74.0348,71.6
2007-07-31,73.5805,71.0
2007-08-01,73.5965,73.0
2007-08-02,74.1069,72.2
2007-08-03,74.6018,72.1
2007-08-04,74.1041,70.6
2007-08-05,73.7538,69.1
2007-08-06,74.1265,69.4
2007-08-07,73.6418,68.8
2007-08-08,73.5389,67.8
2007-08-09,72.745,68.2
2007-08-10,72.6139,67.6
2007-08-11,72.6411,67.7
2007-08-12,72.8599,67.9
2007-08-13,72.6392,67.0
2007-08-14,73.0311,66.7
2007-08-15,72.6086,67.2
2007-08-16,72.5067,67.6
2007-08-17,72.6991,68.5
2007-08-18,72.8333,67.8
2007-08-19,72.781,67.6
2007-08-20,73.3207,67.1
2007-08-21,73.3421,67.4
2007-08-22,73.5419,67.4
2007-08-23,73.7988,67.4
2007-08-24,74.0806,67.2
2007-08-25,73.9583,66.8
2007-08-26,73.1094,66.5
2007-08-27,72.5535,66.6
2007-08-28,72.8701,66.8
2007-08-29,72.4792,67.4
2007-08-30,73.3744,67.4
2007-08-31,72.9799,67.8
2007-09-01,72.9157,65.1
2007-09-02,72.1723,67.8
2007-09-03,71.4596,66.5
2007-09-04,71.589,67.3
2007-09-05,71.2673,67.4
2007-09-06,70.8076,67.8
2007-09-07,70.9677,68.9
2007-09-08,70.7134,68.1
2007-09-09,70.7601,67.9
2007-09-10,70.8247,68.6
2007-09-11,70.4489,67.9
2007-09-12,70.3288,68.6
2007-09-13,70.5768,68.3
2007-09-14,70.737,67.3
2007-09-15,71.1316,66.7
2007-09-16,70.7533,66.8
2007-09-17,70.5698,66.7
2007-09-18,70.2607,67.0
2007-09-19,70.2782,67.7
2007-09-20,70.2209,66.8
2007-09-21,70.1862,66.3
2007-09-22,70.0508,66.6
2007-09-23,69.8849,66.0
2007-09-24,69.7369,66.4
2007-09-25,69.7492,66.8
2007-09-26,69.7865,66.3
2007-09-27,69.9842,66.7
2007-09-28,69.8183,66.2
2007-09-29,69.8095,66.6
2007-09-30,68.4662,66.2
2007-10-01,69.4493,66.3
2007-10-02,68.763,66.1
2007-10-03,69.0347,66.3
2007-10-04,69.005,66.8
2007-10-05,69.1289,66.5
2007-10-06,69.5618,66.5
2007-10-07,69.1903,66.2
2007-10-08,69.0744,67.3
2007-10-09,69.3817,66.9
2007-10-10,69.0886,68.4
2007-10-11,69.4395,68.2
2007-10-12,69.3501,68.4
2007-10-13,68.9352,67.7
2007-10-14,68.6587,68.3
2007-10-15,68.709,68.4
2007-10-16,68.6311,68.9
2007-10-17,68.7357,67.7
2007-10-18,69.046,69.1
2007-10-19,68.6065,68.2
2007-10-20,68.3616,67.2
2007-10-21,68.4032,67.9
2007-10-22,68.104,68.0
2007-10-23,68.2286,67.4
2007-10-24,68.348,68.0
2007-10-25,68.0625,68.3
2007-10-26,68.1883,69.5
2007-10-27,67.9533,68.8
2007-10-28,68.0763,69.6
2007-10-29,67.8805,69.6
2007-10-30,67.8975,69.3
2007-10-31,67.7761,69.3
2007-11-01,67.8474,69.2
2007-11-02,68.0303,69.9
2007-11-03,67.8758,71.0
2007-11-04,67.8684,70.5
2007-11-05,67.7288,71.5
2007-11-06,68.2561,73.1
2007-11-07,68.081,75.9
2007-11-08,68.7849,79.8
2007-11-09,68.7074,84.4
2007-11-10,68.7643,86.2
2007-11-11,68.462,84.3
2007-11-12,68.6775,90.5
2007-11-13,68.7165,91.1
2007-11-14,68.8934,90.9
2007-11-15,68.2891,89.0
2007-11-16,68.9131,86.1
2007-11-17,68.4575,79.1
2007-11-18,67.9639,76.9
2007-11-19,68.16,74.4
2007-11-20,68.1776,72.1
2007-11-21,67.8742,70.2
2007-11-22,68.1132,68.7
2007-11-23,68.2367,69.1
2007-11-24,68.7761,69.1
2007-11-25,68.4583,69.1
2007-11-26,68.8384,69.7
2007-11-27,68.8425,70.2
2007-11-28,68.7268,69.7
2007-11-29,68.7362,69.5
2007-11-30,68.7162,70.3
2007-12-01,69.0353,72.5
2007-12-02,69.561,74.2
2007-12-03,69.3606,76.7
2007-12-04,69.8068,77.0
2007-12-05,70.5618,76.7
2007-12-06,71.8949,76.4
2007-12-07,73.8395,77.1
2007-12-08,76.2053,76.6
2007-12-09,77.1707,75.2
2007-12-10,76.4764,73.0
2007-12-11,79.3693,74.0
2007-12-12,79.8958,73.2
2007-12-13,79.9483,73.5
2007-12-14,79.2056,73.2
2007-12-15,78.0471,72.9
2007-12-16,74.9819,73.1
2007-12-17,74.0411,71.3
2007-12-18,72.863,70.6
2007-12-19,71.83,71.3
2007-12-20,70.9899,68.8
2007-12-21,70.2938,68.6
2007-12-22,70.4896,68.0
2007-12-23,70.4814,69.3
2007-12-24,70.4993,68.1
2007-12-25,70.7904,68.4
2007-12-26,71.0138,69.1
2007-12-27,70.8158,68.9
2007-12-28,70.7436,70.3
2007-12-29,71.1314,69.8
2007-12-30,72.153,69.2
2007-12-31,72.9168,69.5
2008-01-01,74.1646,70.6
2008-01-02,74.4015,69.9
2008-01-03,74.3799,69.0
2008-01-04,74.3095,69.8
2008-01-05,74.6971,69.55
2008-01-06,74.5237,69.3
2008-01-07,73.9162,68.5
2008-01-08,73.0011,69.6
2008-01-09,73.5196,68.9
2008-01-10,73.2226,69.0
2008-01-11,73.4263,70.3
2008-01-12,73.3213,70.7
2008-01-13,73.2271,70.2
2008-01-14,73.3597,70.3
2008-01-15,72.5932,68.7
2008-01-16,72.3013,68.8
2008-01-17,72.6706,68.0
2008-01-18,71.6562,68.6
2008-01-19,71.5015,69.4
2008-01-20,71.2488,69.5
2008-01-21,71.776,70.0
2008-01-22,71.3032,69.3
2008-01-23,71.4734,70.3
2008-01-24,71.7856,70.8
2008-01-25,71.6653,70.1
2008-01-26,72.3329,69.3
2008-01-27,72.0812,69.9
2008-01-28,71.829,69.3
2008-01-29,71.9496,69.4
2008-01-30,72.4268,68.7
2008-01-31,72.1529,68.5
2008-02-01,71.7833,67.4
2008-02-02,72.1491,68.0
2008-02-03,72.0974,67.3
2008-02-04,71.9777,67.2
2008-02-05,71.5867,68.2
2008-02-06,72.1057,69.3
2008-02-07,71.8049,69.5
2008-02-08,71.8397,68.8
2008-02-09,72.4614,68.5
2008-02-10,72.6356,69.4
2008-02-11,72.4306,69.3
2008-02-12,72.4849,68.5
2008-02-13,71.8117,68.7
2008-02-14,71.8427,69.1
2008-02-15,71.5372,68.8
2008-02-16,71.7508,69.6
2008-02-17,72.0935,69.1
2008-02-18,72.16,69.0
2008-02-19,72.3271,68.4
2008-02-20,72.0175,67.9
2008-02-21,72.4689,67.7
2008-02-22,72.7084,69.1
2008-02-23,72.431,71.5
2008-02-24,72.0867,79.0
2008-02-25,72.3396,88.2
2008-02-26,72.0247,81.2
2008-02-27,71.9623,84.5
2008-02-28,71.5942,82.6
2008-02-29,71.3409,82.4
2008-03-01,70.6579,80.4
2008-03-02,70.7476,79.1
2008-03-03,70.2868,77.7
2008-03-04,70.0336,75.9
2008-03-05,70.3277,76.4
2008-03-06,70.7392,73.1
2008-03-07,70.7076,71.1
2008-03-08,70.3792,69.5
2008-03-09,70.1622,69.3
2008-03-10,70.5574,70.0
2008-03-11,70.49,68.2
2008-03-12,70.1082,68.1
2008-03-13,70.2047,67.4
2008-03-14,70.3604,68.5
2008-03-15,70.2262,69.7
2008-03-16,70.5812,69.0
2008-03-17,70.3577,69.7
2008-03-18,70.3082,70.0
2008-03-19,70.0398,69.8
2008-03-20,69.7723,70.8
2008-03-21,69.6111,71.7
2008-03-22,70.1963,71.5
2008-03-23,71.2132,71.6
2008-03-24,74.7015,72.1
2008-03-25,78.9942,71.5
2008-03-26,75.8761,71.2
2008-03-27,77.4698,70.7
2008-03-28,76.6199,69.9
2008-03-29,76.6274,69.0
2008-03-30,75.7988,69.4
2008-03-31,75.2553,69.6
2008-04-01,74.663,68.0
2008-04-02,73.7681,69.6
2008-04-03,73.9939,69.2
2008-04-04,72.5167,68.5
2008-04-05,71.6049,69.5
2008-04-06,70.8441,68.8
2008-04-07,70.6735,68.4
2008-04-08,71.0139,67.8
2008-04-09,70.1682,67.7
2008-04-10,70.1198,68.6
2008-04-11,69.7998,68.7
2008-04-12,70.3188,69.4
2008-04-13,70.834,69.5
2008-04-14,70.5532,69.7
2008-04-15,70.8738,70.5
2008-04-16,70.9961,72.7
2008-04-17,70.9024,73.2
2008-04-18,71.3313,72.8
2008-04-19,71.7112,73.3
2008-04-20,71.6418,70.5
2008-04-21,71.7784,70.2
2008-04-22,72.009,70.8
2008-04-23,71.7525,71.0
2008-04-24,71.7041,69.6
2008-04-25,71.5125,70.3
2008-04-26,71.1752,70.1
2008-04-27,70.7595,69.8
2008-04-28,70.9175,69.7
2008-04-29,70.9592,69.6
2008-04-30,70.2316,69.9
2008-05-01,70.8766,69.0
2008-05-02,70.6958,68.8
2008-05-03,70.3796,68.5
2008-05-04,70.8738,69.0
2008-05-05,70.5994,68.2
2008-05-06,70.4612,67.1
2008-05-07,70.1617,68.4
2008-05-08,70.1159,67.9
2008-05-09,70.496,67.6
2008-05-10,70.5445,66.9
2008-05-11,70.8608,68.0
2008-05-12,70.8488,68.2
2008-05-13,70.9897,67.8
2008-05-14,71.3837,69.2
2008-05-15,72.3643,68.6
2008-05-16,72.6812,69.2
2008-05-17,72.5606,68.6
2008-05-18,72.7961,67.4
2008-05-19,71.4957,68.1
2008-05-20,71.3976,67.5
2008-05-21,71.7353,67.0
2008-05-22,71.9511,67.3
2008-05-23,71.3605,67.0
2008-05-24,71.5758,67.5
2008-05-25,71.5188,67.5
2008-05-26,71.3907,68.0
2008-05-27,71.3876,68.1
2008-05-28,71.3497,67.5
2008-05-29,71.4182,68.3
2008-05-30,71.0251,68.1
2008-05-31,70.8336,68.8
2008-06-01,70.7035,68.9
2008-06-02,70.8449,67.8
2008-06-03,70.4838,68.2
2008-06-04,69.9868,67.7
2008-06-05,70.578,67.6
2008-06-06,70.3984,67.3
2008-06-07,70.2958,68.3
2008-06-08,70.0086,67.7
2008-06-09,70.506,67.8
2008-06-10,70.6348,68.3
2008-06-11,70.5206,67.6
2008-06-12,71.1118,67.9
2008-06-13,70.7621,67.1
2008-06-14,70.858,67.4
2008-06-15,70.4705,67.8
2008-06-16,69.7448,67.9
2008-06-17,69.9214,66.7
2008-06-18,69.5261,67.1
2008-06-19,69.1781,67.4
2008-06-20,69.18,68.5
2008-06-21,68.9377,68.0
2008-06-22,69.0841,68.4
2008-06-23,69.0072,68.0
2008-06-24,69.1726,67.6
2008-06-25,69.2227,67.5
2008-06-26,68.9491,67.9
2008-06-27,69.3137,68.1
2008-06-28,69.2212,68.4
2008-06-29,69.5034,68.3
2008-06-30,69.5506,68.1
2008-07-01,69.0764,68.5
2008-07-02,69.243,67.5
2008-07-03,69.0435,68.1
2008-07-04,68.998,68.2
2008-07-05,68.8617,67.4
2008-07-06,69.3149,68.2
2008-07-07,69.0542,68.4
2008-07-08,69.0717,68.9
2008-07-09,69.2657,68.0
2008-07-10,68.9104,67.3
2008-07-11,68.9766,67.3
2008-07-12,68.6189,67.4
2008-07-13,68.7436,67.5
2008-07-14,68.8993,66.9
2008-07-15,68.864,67.0
2008-07-16,68.3045,67.6
2008-07-17,68.4338,67.0
2008-07-18,68.5522,67.8
2008-07-19,69.0397,68.2
2008-07-20,68.8257,67.8
2008-07-21,68.9803,68.9
2008-07-22,68.7892,67.4
2008-07-23,68.61,68.7
2008-07-24,68.5502,69.1
2008-07-25,68.7127,69.4
2008-07-26,68.7957,68.6
2008-07-27,68.9345,68.0
2008-07-28,68.9148,68.3
2008-07-29,68.837,68.0
2008-07-30,69.0226,67.4
2008-07-31,68.5733,68.1
2008-08-01,68.8399,68.4
2008-08-02,68.8752,67.9
2008-08-03,68.498,67.0
2008-08-04,68.8176,67.2
2008-08-05,68.8691,67.3
2008-08-06,69.066,67.0
2008-08-07,68.6283,66.3
2008-08-08,68.2881,66.8
2008-08-09,68.2671,67.6
2008-08-10,68.2686,68.0
2008-08-11,68.2999,68.0
2008-08-12,68.017,68.1
2008-08-13,68.0491,67.8
2008-08-14,68.302,67.1
2008-08-15,68.0192,67.2
2008-08-16,68.3582,67.6
2008-08-17,68.5159,68.2
2008-08-18,68.3293,70.1
2008-08-19,68.8121,67.7
2008-08-20,68.1463,67.8
2008-08-21,68.715,68.4
2008-08-22,68.8813,68.4
2008-08-23,69.0193,68.4
2008-08-24,68.6668,69.6
2008-08-25,68.4135,69.8
2008-08-26,68.5503,68.8
2008-08-27,68.4243,68.6
2008-08-28,68.1662,68.0
2008-08-29,68.4865,67.6
2008-08-30,68.6195,67.3
2008-08-31,68.3998,67.0
2008-09-01,67.9893,66.4
2008-09-02,68.0676,65.9
2008-09-03,68.0935,66.4
2008-09-04,67.9514,67.2
2008-09-05,67.6376,66.6
2008-09-06,67.8471,67.4
2008-09-07,68.1986,67.2
2008-09-08,68.3809,66.6
2008-09-09,68.3882,67.5
2008-09-10,68.439,68.5
2008-09-11,68.3095,68.7
2008-09-12,67.9997,70.5
2008-09-13,68.0415,69.7
2008-09-14,68.2147,70.5
2008-09-15,68.4778,70.0
2008-09-16,69.3342,70.5
2008-09-17,68.2719,71.4
2008-09-18,68.3021,69.5
2008-09-19,68.5712,68.6
2008-09-20,68.5764,69.0
2008-09-21,68.5756,68.6
2008-09-22,69.1127,68.2
2008-09-23,69.2267,67.0
2008-09-24,68.7884,66.5
2008-09-25,68.7019,66.7
2008-09-26,68.4307,66.7
2008-09-27,68.2471,66.0
2008-09-28,68.1206,66.1
2008-09-29,67.9834,66.2
2008-09-30,67.706,65.8
2008-10-01,67.4712,65.9
2008-10-02,67.6921,67.1
2008-10-03,68.0221,65.6
2008-10-04,67.7489,68.0
2008-10-05,68.1291,68.3
2008-10-06,68.0451,66.8
2008-10-07,67.769,66.5
2008-10-08,68.157,67.3
2008-10-09,68.6083,66.5
2008-10-10,68.7069,67.0
2008-10-11,69.5496,67.1
2008-10-12,69.2211,67.9
2008-10-13,69.5974,70.0
2008-10-14,69.3714,69.5
2008-10-15,69.6003,67.6
2008-10-16,70.0162,66.8
2008-10-17,69.1673,66.7
2008-10-18,68.7791,66.2
2008-10-19,68.9476,66.2
2008-10-20,68.7833,68.2
2008-10-21,68.6009,67.7
2008-10-22,68.0567,67.9
2008-10-23,67.826,66.8
2008-10-24,67.8888,67.3
2008-10-25,67.8726,67.2
2008-10-26,67.5563,66.1
2008-10-27,67.5681,66.0
2008-10-28,67.5927,66.5
2008-10-29,67.4371,66.4
2008-10-30,67.4804,65.2
2008-10-31,68.0151,66.4
2008-11-01,67.3531,66.5
2008-11-02,68.418,66.2
2008-11-03,68.5333,67.0
2008-11-04,67.8828,67.2
2008-11-05,67.7376,67.6
2008-11-06,68.0883,66.8
2008-11-07,67.7336,67.1
2008-11-08,67.9184,67.0
2008-11-09,67.9682,66.4
2008-11-10,68.3052,66.7
2008-11-11,69.2463,68.7
2008-11-12,69.0043,68.0
2008-11-13,68.1478,68.8
2008-11-14,67.7401,67.5
2008-11-15,67.6953,66.6
2008-11-16,67.4555,66.7
2008-11-17,67.4461,67.2
2008-11-18,68.3071,66.6
2008-11-19,68.0831,66.2
2008-11-20,68.1709,67.0
2008-11-21,67.6952,66.9
2008-11-22,67.948,66.2
2008-11-23,67.9224,65.5
2008-11-24,67.4438,66.3
2008-11-25,67.4048,67.1
2008-11-26,67.6412,67.0
2008-11-27,67.5944,67.0
2008-11-28,67.0524,67.1
2008-11-29,67.5542,67.5
2008-11-30,67.5991,67.5
2008-12-01,67.4369,66.3
2008-12-02,67.7838,67.0
2008-12-03,67.861,66.6
2008-12-04,68.0188,67.6
2008-12-05,67.6369,67.2
2008-12-06,67.7445,66.6
2008-12-07,67.7223,66.9
2008-12-08,67.4524,66.5
2008-12-09,67.5352,66.7
2008-12-10,68.4003,66.5
2008-12-11,68.107,67.4
2008-12-12,68.45,68.5
2008-12-13,67.8789,67.7
2008-12-14,67.4732,67.0
2008-12-15,67.4842,68.2
2008-12-16,67.6943,68.9
2008-12-17,67.418,68.8
2008-12-18,67.2488,68.5
2008-12-19,67.6141,69.6
2008-12-20,67.5861,68.8
2008-12-21,67.309,68.6
2008-12-22,67.0218,68.1
2008-12-23,67.3896,67.2
2008-12-24,67.7837,66.9
2008-12-25,67.735,67.8
2008-12-26,67.7325,66.6
2008-12-27,67.8103,67.7
2008-12-28,67.9605,67.8
2008-12-29,67.9326,67.6
2008-12-30,67.3087,67.4
2008-12-31,67.5983,67.3
2009-01-01,67.4125,67.1
2009-01-02,67.8252,67.4
2009-01-03,67.6346,67.5
2009-01-04,67.3249,67.1
2009-01-05,67.4259,67.3
2009-01-06,67.224,67.5
2009-01-07,67.2817,68.1
2009-01-08,67.1912,68.2
2009-01-09,67.5766,69.2
2009-01-10,68.085,69.3
2009-01-11,67.7722,68.8
2009-01-12,67.5285,65.8
2009-01-13,68.0817,68.5
2009-01-14,68.3977,68.0
2009-01-15,68.4229,68.3
2009-01-16,68.2599,68.4
2009-01-17,68.7577,67.9
2009-01-18,68.4037,67.9
2009-01-19,68.2847,69.0
2009-01-20,68.0784,68.2
2009-01-21,67.7136,67.4
2009-01-22,67.5869,67.6
2009-01-23,68.0166,69.1
2009-01-24,67.4997,68.8
2009-01-25,67.9888,69.3
2009-01-26,68.0597,69.5
2009-01-27,67.9594,69.3
2009-01-28,67.8495,68.6
2009-01-29,67.7321,67.6
2009-01-30,67.6272,69.3
2009-01-31,67.7347,68.1
2009-02-01,67.763,68.0
2009-02-02,67.5922,68.0
2009-02-03,67.6832,68.6
2009-02-04,67.7671,68.1
2009-02-05,68.049,68.0
2009-02-06,68.1089,68.0
2009-02-07,68.5619,67.9
2009-02-08,68.6303,67.2
2009-02-09,68.4096,67.8
2009-02-10,67.088,68.0
2009-02-11,68.2919,67.8
2009-02-12,68.0896,67.4
2009-02-13,68.2298,67.7
2009-02-14,68.2795,67.7
2009-02-15,68.0901,68.7
2009-02-16,68.1255,68.2
2009-02-17,68.6796,67.8
2009-02-18,68.3717,68.5
2009-02-19,68.0307,68.2
2009-02-20,68.1828,69.6
2009-02-21,68.8037,68.2
2009-02-22,68.6564,67.6
2009-02-23,68.8505,68.7
2009-02-24,68.9001,68.2
2009-02-25,68.8426,68.8
2009-02-26,68.5453,71.4
2009-02-27,68.11,70.4
2009-02-28,68.8769,70.7
2009-03-01,68.3416,70.8
2009-03-02,68.2854,71.1
2009-03-03,68.2904,70.7
2009-03-04,68.5496,70.6
2009-03-05,68.3504,70.4
2009-03-06,68.3004,70.1
2009-03-07,68.297,70.5
2009-03-08,68.2624,68.9
2009-03-09,67.9724,70.4
2009-03-10,68.2412,70.2
2009-03-11,68.3411,70.3
2009-03-12,68.257,69.7
2009-03-13,68.0996,69.7
2009-03-14,68.2199,69.7
2009-03-15,68.2216,68.8
2009-03-16,68.6826,69.9
2009-03-17,68.4679,69.9
2009-03-18,68.293,70.5
2009-03-19,68.6132,70.4
2009-03-20,68.4968,70.5
2009-03-21,69.1623,70.8
2009-03-22,68.5537,70.4
2009-03-23,68.2996,71.8
2009-03-24,68.7892,71.9
2009-03-25,68.5787,71.4
2009-03-26,68.856,70.5
2009-03-27,70.0377,70.3
2009-03-28,69.632,70.1
2009-03-29,69.7854,68.6
2009-03-30,69.8499,69.8
2009-03-31,69.9964,70.5
2009-04-01,69.8477,70.5
2009-04-02,69.8252,69.6
2009-04-03,69.7796,69.4
2009-04-04,69.6764,69.7
2009-04-05,69.8586,69.2
2009-04-06,69.1597,69.2
2009-04-07,69.8224,70.0
2009-04-08,69.7434,70.8
2009-04-09,69.7963,72.2
2009-04-10,69.5382,73.7
2009-04-11,69.5215,73.2
2009-04-12,69.5611,73.3
2009-04-13,69.1834,75.5
2009-04-14,69.6849,75.3
2009-04-15,69.7052,75.5
2009-04-16,69.9918,75.4
2009-04-17,69.958,75.8
2009-04-18,70.0237,75.7
2009-04-19,70.186,74.6
2009-04-20,70.0419,74.0
2009-04-21,70.6859,73.2
2009-04-22,70.7828,73.5
2009-04-23,70.5902,73.9
2009-04-24,70.2456,72.2
2009-04-25,70.1764,71.0
2009-04-26,70.1084,70.7
2009-04-27,69.4486,69.9
2009-04-28,69.9996,68.5
2009-04-29,70.3266,69.6
2009-04-30,70.3449,70.1
2009-05-01,69.9471,70.4
2009-05-02,69.8603,70.4
2009-05-03,69.9975,74.6
2009-05-04,69.7722,74.0
2009-05-05,69.7754,74.6
2009-05-06,70.1498,73.1
2009-05-07,70.5107,72.2
2009-05-08,71.1493,71.1
2009-05-09,71.8348,71.0
2009-05-10,71.6609,71.1
2009-05-11,71.7376,71.2
2009-05-12,72.7983,71.3
2009-05-13,72.74,71.4
2009-05-14,72.9215,71.2
2009-05-15,72.9147,70.4
2009-05-16,73.1529,70.3
2009-05-17,73.1728,69.5
2009-05-18,72.7389,70.5
2009-05-19,72.5401,70.0
2009-05-20,72.2228,69.9
2009-05-21,72.4089,69.2
2009-05-22,72.6611,68.8
2009-05-23,71.9677,69.2
2009-05-24,71.4378,70.2
2009-05-25,71.2901,70.2
2009-05-26,70.9063,69.1
2009-05-27,70.2656,70.3
2009-05-28,70.7506,69.0
2009-05-29,70.9694,69.3
2009-05-30,71.1411,69.2
2009-05-31,71.1651,70.8
2009-06-01,73.0973,70.5
2009-06-02,72.8877,69.8
2009-06-03,73.1794,68.7
2009-06-04,72.5611,69.5
2009-06-05,72.1521,73.4
2009-06-06,71.7031,74.0
2009-06-07,71.6891,71.2
2009-06-08,71.7818,73.7
2009-06-09,71.8976,73.1
2009-06-10,71.9667,71.4
2009-06-11,72.0302,70.1
2009-06-12,72.0078,70.5
2009-06-13,71.6833,70.3
2009-06-14,71.6356,69.5
2009-06-15,71.2583,68.8
2009-06-16,71.6547,68.7
2009-06-17,71.417,68.9
2009-06-18,71.3242,68.4
2009-06-19,70.9599,69.2
2009-06-20,70.7204,69.9
2009-06-21,70.9131,70.4
2009-06-22,71.3933,69.9
2009-06-23,71.3573,70.0
2009-06-24,70.8428,69.9
2009-06-25,71.428,70.5
2009-06-26,70.8529,71.2
2009-06-27,71.0106,69.8
2009-06-28,70.9331,70.5
2009-06-29,71.7382,70.9
2009-06-30,71.6074,70.4
2009-07-01,71.3252,70.1
2009-07-02,70.8368,70.8
2009-07-03,71.1896,70.2
2009-07-04,72.9771,70.1
2009-07-05,73.2527,69.3
2009-07-06,72.061,67.8
2009-07-07,73.2472,68.1
2009-07-08,72.9776,68.7
2009-07-09,72.3528,69.7
2009-07-10,71.7732,68.8
2009-07-11,71.8936,69.1
2009-07-12,71.7776,69.0
2009-07-13,71.3006,68.4
2009-07-14,70.9376,68.2
2009-07-15,70.8658,68.9
2009-07-16,70.9205,69.4
2009-07-17,70.6902,69.8
2009-07-18,70.9902,70.6
2009-07-19,71.2877,69.8
2009-07-20,71.4694,69.1
2009-07-21,71.1886,68.7
2009-07-22,71.2528,69.2
2009-07-23,71.2197,67.9
2009-07-24,71.5139,68.1
2009-07-25,71.8595,68.8
2009-07-26,71.2411,69.1
2009-07-27,71.5509,68.5
2009-07-28,71.7379,68.7
2009-07-29,71.4925,69.1
2009-07-30,71.4328,69.3
2009-07-31,71.76,69.3
2009-08-01,71.4689,68.5
2009-08-02,71.3039,69.6
2009-08-03,70.9054,70.4
2009-08-04,70.1843,69.4
2009-08-05,70.2053,69.8
2009-08-06,70.3653,69.5
2009-08-07,70.776,69.6
2009-08-08,70.29,70.3
2009-08-09,70.3781,69.8
2009-08-10,70.2977,70.0
2009-08-11,69.9553,70.2
2009-08-12,69.8506,70.2
2009-08-13,70.1302,70.2
2009-08-14,70.3564,69.8
2009-08-15,70.5547,69.9
2009-08-16,70.9321,69.8
2009-08-17,70.6202,69.9
2009-08-18,70.3147,69.5
2009-08-19,70.1145,69.8
2009-08-20,70.3553,69.6
2009-08-21,69.7544,71.1
2009-08-22,69.8054,71.9
2009-08-23,70.0857,72.5
2009-08-24,70.1974,75.3
2009-08-25,69.9544,76.6
2009-08-26,70.0277,75.0
2009-08-27,70.2008,72.8
2009-08-28,70.2715,72.2
2009-08-29,70.2365,72.6
2009-08-30,69.8477,73.5
2009-08-31,70.2791,72.5
2009-09-01,70.6072,72.1
2009-09-02,70.1711,72.2
2009-09-03,70.3034,71.7
2009-09-04,70.1935,71.7
2009-09-05,70.1987,71.1
2009-09-06,70.5152,69.9
2009-09-07,70.2997,68.8
2009-09-08,70.394,68.4
2009-09-09,70.4944,68.6
2009-09-10,70.5086,69.0
2009-09-11,70.5259,69.8
2009-09-12,70.3514,70.1
2009-09-13,70.4073,69.8
2009-09-14,70.394,69.4
2009-09-15,70.4428,70.5
2009-09-16,70.3171,70.0
2009-09-17,70.4406,69.2
2009-09-18,70.34,70.2
2009-09-19,71.0589,69.5
2009-09-20,71.395,70.3
2009-09-21,71.6926,70.3
2009-09-22,72.8779,70.6
2009-09-23,73.5846,70.9
2009-09-24,72.8148,72.1
2009-09-25,71.8579,74.7
2009-09-26,71.5343,74.7
2009-09-27,71.7274,80.3
2009-09-28,72.1521,80.4
2009-09-29,71.7054,78.9
2009-09-30,71.5569,75.6
2009-10-01,71.6213,74.2
2009-10-02,71.4232,74.0
2009-10-03,71.4367,71.2
2009-10-04,71.183,70.3
2009-10-05,70.6263,70.3
2009-10-06,70.1168,70.2
2009-10-07,69.9437,69.3
2009-10-08,70.0487,69.6
2009-10-09,70.2162,69.3
2009-10-10,70.5916,69.6
2009-10-11,70.6923,70.7
2009-10-12,70.5585,71.3
2009-10-13,70.3745,71.0
2009-10-14,70.8625,71.7
2009-10-15,70.6522,72.6
2009-10-16,70.2733,73.2
2009-10-17,70.7185,73.5
2009-10-18,70.3902,74.5
2009-10-19,70.7448,75.4
2009-10-20,70.7714,74.4
2009-10-21,70.8916,74.9
2009-10-22,71.0395,74.4
2009-10-23,71.6189,74.0
2009-10-24,72.8424,74.4
2009-10-25,72.878,73.8
2009-10-26,75.5243,72.8
2009-10-27,75.6862,72.3
2009-10-28,75.0698,72.7
2009-10-29,73.5765,71.7
2009-10-30,72.9407,70.9
2009-10-31,72.864,70.1
2009-11-01,71.6893,70.4
2009-11-02,71.2731,70.2
2009-11-03,71.2354,69.4
2009-11-04,71.1482,69.6
2009-11-05,70.7343,69.4
2009-11-06,70.8902,69.6
2009-11-07,70.7613,69.8
2009-11-08,70.9485,69.0
2009-11-09,71.4393,70.0
2009-11-10,71.7761,70.8
2009-11-11,71.6699,71.6
2009-11-12,72.0205,69.9
2009-11-13,72.4678,72.2
2009-11-14,72.7412,73.1
2009-11-15,72.9639,76.2
2009-11-16,73.4428,79.0
2009-11-17,73.8405,80.6
2009-11-18,73.5001,84.2
2009-11-19,73.8453,81.6
2009-11-20,73.7197,79.1
2009-11-21,73.5358,81.0
2009-11-22,73.7342,80.0
2009-11-23,73.4826,79.5
2009-11-24,73.0709,75.9
2009-11-25,72.8697,74.6
2009-11-26,73.0839,73.5
2009-11-27,72.5606,73.4
2009-11-28,72.1568,74.3
2009-11-29,71.7503,73.3
2009-11-30,71.8518,72.7
2009-12-01,71.739,74.3
2009-12-02,71.3982,77.2
2009-12-03,71.4952,72.7
2009-12-04,71.451,75.4
2009-12-05,71.6092,73.8
2009-12-06,71.7341,70.6
2009-12-07,71.3669,74.3
2009-12-08,71.8186,74.7
2009-12-09,72.1734,75.5
2009-12-10,72.5665,74.9
2009-12-11,71.7398,79.0
2009-12-12,72.6967,81.6
2009-12-13,72.9905,86.3
2009-12-14,74.425,90.2
2009-12-15,75.847,87.5
2009-12-16,76.6655,87.0
2009-12-17,78.4156,82.6
2009-12-18,77.2545,81.4
2009-12-19,76.2171,79.9
2009-12-20,77.1912,78.9
2009-12-21,76.8109,81.6
2009-12-22,76.6804,79.1
2009-12-23,75.0514,80.0
2009-12-24,74.4519,79.8
2009-12-25,73.9667,82.0
2009-12-26,73.9821,81.9
2009-12-27,74.4141,78.7
2009-12-28,73.9688,77.3
2009-12-29,73.6892,75.4
2009-12-30,74.3321,74.0
2009-12-31,75.8206,71.1
2010-01-01,73.7821,72.8
2010-01-02,75.0693,73.0
2010-01-03,74.4387,73.1
2010-01-04,73.0109,73.0
2010-01-05,74.7439,72.3
2010-01-06,74.9672,71.8
2010-01-07,75.3924,75.6
2010-01-08,75.1833,85.1
2010-01-09,77.1064,87.8
2010-01-10,78.3876,91.2
2010-01-11,80.5879,89.0
2010-01-12,82.4005,88.9
2010-01-13,81.3253,91.8
2010-01-14,81.1976,93.1
2010-01-15,79.2446,91.8
2010-01-16,78.6556,87.2
2010-01-17,78.0837,85.5
2010-01-18,77.6608,84.7
2010-01-19,78.9336,84.8
2010-01-20,77.8136,83.1
2010-01-21,78.3349,81.8
2010-01-22,78.2942,82.0
2010-01-23,79.3268,81.7
2010-01-24,79.3222,81.9
2010-01-25,77.9723,82.4
2010-01-26,77.428,80.9
2010-01-27,76.4897,81.1
2010-01-28,75.8283,78.9
2010-01-29,74.5636,77.1
2010-01-30,75.3284,76.6
2010-01-31,75.4409,76.5
2010-02-01,75.4433,78.0
2010-02-02,75.3746,79.0
2010-02-03,75.074,80.0
2010-02-04,74.8321,78.2
2010-02-05,76.4931,77.1
2010-02-06,80.9203,75.4
2010-02-07,82.2625,75.1
2010-02-08,84.0792,76.8
2010-02-09,83.2151,79.3
2010-02-10,83.2609,83.1
2010-02-11,84.7047,88.5
2010-02-12,85.4584,90.7
2010-02-13,84.987,88.3
2010-02-14,83.0345,85.5
2010-02-15,82.3967,84.3
2010-02-16,80.2959,85.9
2010-02-17,80.5787,85.0
2010-02-18,79.8711,83.7
2010-02-19,79.1068,82.8
2010-02-20,79.3087,84.1
2010-02-21,79.0351,81.9
2010-02-22,79.1056,83.3
2010-02-23,79.3892,83.9
2010-02-24,79.2522,87.1
2010-02-25,79.4515,85.5
2010-02-26,78.8355,87.8
2010-02-27,78.2135,85.7
2010-02-28,78.0009,82.9
2010-03-01,78.0206,82.6
2010-03-02,78.9569,80.9
2010-03-03,80.0078,79.1
2010-03-04,80.5132,76.1
2010-03-05,80.208,77.4
2010-03-06,79.6995,78.7
2010-03-07,78.8922,79.3
2010-03-08,78.7264,77.7
2010-03-09,79.3774,76.5
2010-03-10,80.3427,75.9
2010-03-11,81.5144,76.3
2010-03-12,83.2593,75.3
2010-03-13,83.9028,74.9
2010-03-14,83.2773,74.9
2010-03-15,82.2379,75.3
2010-03-16,81.7441,75.6
2010-03-17,82.215,75.0
2010-03-18,82.0724,75.4
2010-03-19,81.499,74.5
2010-03-20,81.2445,75.3
2010-03-21,81.7419,76.1
2010-03-22,80.8292,76.4
2010-03-23,81.2132,76.9
2010-03-24,81.4497,76.9
2010-03-25,82.639,75.8
2010-03-26,82.2135,75.0
2010-03-27,83.2798,76.4
2010-03-28,82.7239,77.0
2010-03-29,81.8433,75.7
2010-03-30,81.7497,77.2
2010-03-31,81.1664,77.3
2010-04-01,80.2468,79.8
2010-04-02,79.1439,79.0
2010-04-03,79.7911,80.8
2010-04-04,80.5558,81.6
2010-04-05,81.0123,83.1
2010-04-06,80.7754,84.7
2010-04-07,80.306,80.5
2010-04-08,79.6575,80.5
2010-04-09,79.6745,80.3
2010-04-10,79.0667,76.9
2010-04-11,78.9634,75.1
2010-04-12,78.8094,75.0
2010-04-13,78.8632,72.7
2010-04-14,78.9416,70.9
2010-04-15,78.7654,71.2
2010-04-16,78.6635,71.8
2010-04-17,78.3687,70.0
2010-04-18,78.6557,70.8
2010-04-19,79.1479,70.3
2010-04-20,79.2045,70.2
2010-04-21,79.5507,70.4
2010-04-22,79.5413,72.6
2010-04-23,78.9261,74.3
2010-04-24,78.6813,76.4
2010-04-25,79.0683,74.4
2010-04-26,79.2627,75.1
2010-04-27,78.6581,74.3
2010-04-28,79.2292,74.6
2010-04-29,79.1934,75.2
2010-04-30,80.0593,75.7
2010-05-01,79.576,75.0
2010-05-02,80.0347,74.1
2010-05-03,80.4087,74.8
2010-05-04,81.2807,76.1
2010-05-05,81.7811,76.8
2010-05-06,79.7998,74.0
2010-05-07,79.7769,72.4
2010-05-08,79.7162,70.0
2010-05-09,78.5071,70.6
2010-05-10,77.661,74.0
2010-05-11,77.583,73.7
2010-05-12,76.6328,75.2
2010-05-13,75.9882,76.9
2010-05-14,76.0286,78.6
2010-05-15,76.1783,78.7
2010-05-16,75.4448,75.1
2010-05-17,75.5362,72.3
2010-05-18,75.26,73.9
2010-05-19,75.0373,72.7
2010-05-20,75.1751,72.8
2010-05-21,76.112,71.2
2010-05-22,76.5804,72.3
2010-05-23,77.5208,74.3
2010-05-24,76.73,75.7
2010-05-25,77.1291,76.5
2010-05-26,76.7771,76.9
2010-05-27,76.9931,76.9
2010-05-28,77.2089,76.9
2010-05-29,77.5463,75.3
2010-05-30,77.457,76.4
2010-05-31,76.9052,76.0
2010-06-01,77.0143,76.3
2010-06-02,77.1331,75.5
2010-06-03,77.1816,75.9
2010-06-04,77.1604,74.8
2010-06-05,76.3939,74.0
2010-06-06,75.0936,75.2
2010-06-07,75.2964,75.2
2010-06-08,76.82,76.6
2010-06-09,76.6283,78.2
2010-06-10,77.3419,82.7
2010-06-11,78.0617,82.6
2010-06-12,78.837,85.4
2010-06-13,78.8555,82.6
2010-06-14,77.1028,81.1
2010-06-15,75.8194,80.3
2010-06-16,76.4217,78.4
2010-06-17,75.7568,79.1
2010-06-18,75.7081,81.3
2010-06-19,74.8551,79.4
2010-06-20,75.2843,82.5
2010-06-21,76.085,89.9
2010-06-22,76.6918,92.0
2010-06-23,77.0267,90.5
2010-06-24,77.201,89.2
2010-06-25,77.1837,87.9
2010-06-26,77.1427,87.9
2010-06-27,76.4178,87.1
2010-06-28,76.9083,85.2
2010-06-29,76.7817,88.0
2010-06-30,76.9197,87.2
2010-07-01,76.5106,85.7
2010-07-02,76.7034,83.9
2010-07-03,76.2297,82.1
2010-07-04,75.8817,81.5
2010-07-05,76.4311,83.0
2010-07-06,76.4055,83.2
2010-07-07,77.0755,85.1
2010-07-08,77.8014,84.4
2010-07-09,79.8603,84.1
2010-07-10,79.8276,84.9
2010-07-11,81.2121,86.5
2010-07-12,80.0319,85.8
2010-07-13,79.427,88.1
2010-07-14,79.0896,86.0
2010-07-15,78.2856,86.0
2010-07-16,78.6132,87.4
2010-07-17,79.6403,87.8
2010-07-18,78.842,86.9
2010-07-19,80.2337,83.1
2010-07-20,83.6423,81.8
2010-07-21,84.6706,79.8
2010-07-22,84.042,78.9
2010-07-23,83.4807,77.3
2010-07-24,82.9637,76.3
2010-07-25,82.9593,76.5
2010-07-26,82.6187,75.2
2010-07-27,81.8065,75.1
2010-07-28,83.1628,75.0
2010-07-29,82.915,74.8
2010-07-30,82.3775,73.3
2010-07-31,81.6371,75.4
2010-08-01,80.7582,76.4
2010-08-02,80.5728,76.0
2010-08-03,80.0196,77.7
2010-08-04,80.2858,78.4
2010-08-05,81.3331,78.5
2010-08-06,81.0872,83.6
2010-08-07,81.071,83.5
2010-08-08,81.323,81.0
2010-08-09,81.9186,77.3
2010-08-10,81.814,75.6
2010-08-11,82.912,74.7
2010-08-12,82.2001,76.4
2010-08-13,82.3396,79.1
2010-08-14,83.3218,79.3
2010-08-15,83.6045,80.4
2010-08-16,83.3785,81.6
2010-08-17,81.9311,82.1
2010-08-18,81.2917,83.3
2010-08-19,80.5928,83.0
2010-08-20,80.2648,82.9
2010-08-21,79.6633,81.9
2010-08-22,79.525,83.3
2010-08-23,79.438,85.2
2010-08-24,78.7418,85.4
2010-08-25,78.5283,84.9
2010-08-26,78.3051,83.1
2010-08-27,78.0474,83.4
2010-08-28,77.6508,84.3
2010-08-29,78.4037,83.4
2010-08-30,78.8863,83.5
2010-08-31,78.7001,91.0
2010-09-01,79.3608,90.2
2010-09-02,79.8571,86.9
2010-09-03,80.0336,85.1
2010-09-04,82.0067,80.1
2010-09-05,82.132,76.1
2010-09-06,80.9068,75.4
2010-09-07,79.62,74.2
2010-09-08,79.0709,75.0
2010-09-09,78.7131,74.7
2010-09-10,79.2505,76.2
2010-09-11,79.9729,75.7
2010-09-12,80.0425,75.0
2010-09-13,80.2149,74.9
2010-09-14,80.7442,77.7
2010-09-15,80.8031,79.9
2010-09-16,81.6317,81.7
2010-09-17,81.7248,86.3
2010-09-18,81.6635,83.0
2010-09-19,81.1253,89.9
2010-09-20,81.4679,85.9
2010-09-21,82.0611,83.2
2010-09-22,82.219,82.7
2010-09-23,82.3053,81.4
2010-09-24,81.8833,83.4
2010-09-25,82.0746,81.2
2010-09-26,82.722,85.2
2010-09-27,82.4996,85.1
2010-09-28,82.5771,86.5
2010-09-29,85.5247,85.3
2010-09-30,85.4127,84.5
2010-10-01,84.0805,83.6
2010-10-02,83.2471,80.0
2010-10-03,81.3786,77.9
2010-10-04,79.6229,77.7
2010-10-05,79.3606,77.2
2010-10-06,79.1171,77.8
2010-10-07,79.2593,81.6
2010-10-08,79.0877,83.1
2010-10-09,79.5893,83.5
2010-10-10,79.2823,82.2
2010-10-11,79.0255,82.5
2010-10-12,78.7989,83.9
2010-10-13,79.8986,82.8
2010-10-14,80.7137,83.7
2010-10-15,81.6651,83.6
2010-10-16,83.4098,84.6
2010-10-17,82.3387,88.8
2010-10-18,84.6189,89.8
2010-10-19,83.2809,89.1
2010-10-20,82.4248,84.5
2010-10-21,82.0116,82.0
2010-10-22,81.549,77.9
2010-10-23,82.1972,75.8
2010-10-24,81.9867,72.9
2010-10-25,83.2888,73.4
2010-10-26,82.9839,73.9
2010-10-27,83.197,75.9
2010-10-28,82.3301,74.2
2010-10-29,81.744,74.5
2010-10-30,81.3774,77.9
2010-10-31,79.9294,80.2
2010-11-01,79.1375,84.0
2010-11-02,78.7895,84.1
2010-11-03,78.669,84.1
2010-11-04,78.7865,84.4
2010-11-05,79.9842,84.9
2010-11-06,80.7216,85.4
2010-11-07,81.0533,85.9
2010-11-08,80.7584,84.5
2010-11-09,81.0861,84.6
2010-11-10,82.3054,84.2
2010-11-11,81.9085,85.8
2010-11-12,82.8643,84.3
2010-11-13,82.8267,86.7
2010-11-14,82.9585,85.0
2010-11-15,84.4652,87.5
2010-11-16,84.8601,84.2
2010-11-17,84.7198,81.4
2010-11-18,83.072,79.1
2010-11-19,82.3727,78.0
2010-11-20,80.7711,78.3
2010-11-21,79.8705,75.4
2010-11-22,78.5551,75.3
2010-11-23,78.5676,75.2
2010-11-24,78.413,77.5
2010-11-25,78.7588,76.1
2010-11-26,78.0301,76.8
2010-11-27,77.9499,77.9
2010-11-28,79.3747,77.4
2010-11-29,80.3708,78.0
2010-11-30,82.1124,79.9
2010-12-01,82.3287,80.2
2010-12-02,82.4344,87.9
2010-12-03,82.4761,88.0
2010-12-04,82.9725,88.1
2010-12-05,83.1448,89.1
2010-12-06,83.1506,87.6
2010-12-07,82.867,84.8
2010-12-08,82.8747,83.9
2010-12-09,82.7934,83.5
2010-12-10,83.5742,82.0
2010-12-11,83.0915,80.0
2010-12-12,83.9109,80.6
2010-12-13,83.263,79.9
2010-12-14,83.5814,77.4
2010-12-15,82.2167,76.9
2010-12-16,80.9919,76.7
2010-12-17,79.8662,77.6
2010-12-18,79.4019,77.8
2010-12-19,79.557,79.1
2010-12-20,78.5753,78.4
2010-12-21,78.0855,78.2
2010-12-22,77.9884,79.7
2010-12-23,79.054,84.8
2010-12-24,78.7085,84.9
2010-12-25,79.2771,81.7
2010-12-26,79.9416,79.9
2010-12-27,79.9688,78.0
2010-12-28,80.3403,77.6
2010-12-29,81.0884,78.1
2010-12-30,81.1832,78.1
2010-12-31,84.1441,79.0
2011-01-01,84.4402,80.2
2011-01-02,84.5329,78.9
2011-01-03,84.8748,77.6
2011-01-04,84.5226,77.0
2011-01-05,83.3682,78.1
2011-01-06,83.2682,79.8
2011-01-07,83.0075,78.7
2011-01-08,82.3154,78.0
2011-01-09,81.3996,80.1
2011-01-10,81.3202,87.3
2011-01-11,80.8912,86.4
2011-01-12,79.8695,89.0
2011-01-13,79.5528,88.9
2011-01-14,79.1767,93.1
2011-01-15,79.5506,101.4
2011-01-16,79.5062,109.8
2011-01-17,80.0839,110.0
2011-01-18,79.8492,111.4
2011-01-19,79.6366,108.3
2011-01-20,80.1398,121.9
2011-01-21,82.1881,106.9
2011-01-22,82.4031,102.2
2011-01-23,81.4256,94.6
2011-01-24,80.9159,89.0
2011-01-25,80.8988,87.4
2011-01-26,80.5795,87.0
2011-01-27,80.7593,86.4
2011-01-28,80.7044,88.4
2011-01-29,80.9253,88.7
2011-01-30,81.058,94.0
2011-01-31,80.5902,108.5
2011-02-01,79.9556,111.4
2011-02-02,79.6605,118.8
2011-02-03,79.9153,124.7
2011-02-04,80.5803,132.5
2011-02-05,80.0536,140.3
2011-02-06,79.3573,149.6
2011-02-07,79.997,147.7
2011-02-08,82.9064,141.1
2011-02-09,82.6786,129.5
2011-02-10,83.3183,121.5
2011-02-11,83.7168,119.2
2011-02-12,85.2516,111.5
2011-02-13,88.2763,106.1
2011-02-14,91.6517,100.3
2011-02-15,92.2391,100.8
2011-02-16,93.283,89.2
2011-02-17,91.9728,86.8
2011-02-18,97.1945,88.0
2011-02-19,91.9559,91.2
2011-02-20,90.1015,100.2
2011-02-21,87.7441,99.1
2011-02-22,85.8196,104.0
2011-02-23,85.2872,106.9
2011-02-24,85.2474,112.0
2011-02-25,84.9214,113.9
2011-02-26,85.6192,115.1
2011-02-27,85.7521,118.1
2011-02-28,87.7375,115.9
2011-03-01,92.7382,117.3
2011-03-02,94.1607,113.1
2011-03-03,97.3589,108.7
2011-03-04,100.6327,107.4
2011-03-05,104.7028,114.0
2011-03-06,108.0091,112.7
2011-03-07,112.1892,109.3
2011-03-08,112.1595,117.2
2011-03-09,109.837,112.5
2011-03-10,106.3545,109.0
2011-03-11,104.2152,105.3
2011-03-12,103.7877,105.2
2011-03-13,101.4182,106.3
2011-03-14,98.9091,110.8
2011-03-15,97.9142,118.4
2011-03-16,97.311,119.4
2011-03-17,92.9541,130.2
2011-03-18,91.546,120.0
2011-03-19,91.7573,115.3
2011-03-20,93.0989,111.9
2011-03-21,96.1985,111.9
2011-03-22,96.0279,118.1
2011-03-23,97.6303,114.1
2011-03-24,99.0527,116.0
2011-03-25,102.0182,120.4
2011-03-26,104.0364,118.5
2011-03-27,104.9507,113.5
2011-03-28,107.2326,110.8
2011-03-29,106.7351,109.3
2011-03-30,108.1071,111.9
2011-03-31,107.188,111.2
2011-04-01,106.4429,111.1
2011-04-02,105.8584,107.7
2011-04-03,108.1201,111.5
2011-04-04,107.1936,108.8
2011-04-05,105.2743,108.7
2011-04-06,108.2808,106.7
2011-04-07,106.7642,103.7
2011-04-08,105.1545,104.1
2011-04-09,103.6071,104.1
2011-04-10,103.3537,105.7
2011-04-11,103.3829,99.4
2011-04-12,105.429,96.0
2011-04-13,108.0838,94.7
2011-04-14,109.2579,93.5
2011-04-15,114.2014,93.4
2011-04-16,110.7587,96.6
2011-04-17,109.3546,94.3
2011-04-18,108.3042,93.6
2011-04-19,109.3391,92.7
2011-04-20,112.2785,86.4
2011-04-21,111.11,85.7
2011-04-22,112.4588,85.7
2011-04-23,114.3977,86.6
2011-04-24,114.0985,86.3
2011-04-25,112.5599,83.8
2011-04-26,111.5948,82.4
2011-04-27,111.1253,84.9
2011-04-28,113.3277,92.3
2011-04-29,113.2416,103.2
2011-04-30,113.0264,113.8
2011-05-01,112.0755,115.0
2011-05-02,113.1416,115.2
2011-05-03,111.7805,116.8
2011-05-04,111.7411,114.8
2011-05-05,111.1575,110.2
2011-05-06,110.0142,105.8
2011-05-07,110.2424,105.9
2011-05-08,110.8026,103.2
2011-05-09,111.6107,99.3
2011-05-10,110.1523,92.9
2011-05-11,107.8903,90.2
2011-05-12,106.9474,89.4
2011-05-13,106.3773,87.2
2011-05-14,106.1658,87.3
2011-05-15,107.8157,89.4
2011-05-16,106.9205,102.5
2011-05-17,107.0057,104.8
2011-05-18,107.1182,106.6
2011-05-19,104.4798,107.6
2011-05-20,103.5726,102.4
2011-05-21,103.4237,102.4
2011-05-22,103.5777,99.6
2011-05-23,103.1083,98.2
2011-05-24,102.0403,96.0
2011-05-25,101.1821,99.5
2011-05-26,101.3516,99.4
2011-05-27,104.1945,96.7
2011-05-28,107.6956,93.1
2011-05-29,111.951,92.2
2011-05-30,111.921,89.8
2011-05-31,111.8632,90.3
2011-06-01,112.7583,92.2
2011-06-02,112.1747,90.5
2011-06-03,110.4741,88.5
2011-06-04,108.2694,89.2
2011-06-05,107.6537,87.9
2011-06-06,106.3555,87.7
2011-06-07,104.8834,87.5
2011-06-08,102.4731,88.4
2011-06-09,101.5073,88.7
2011-06-10,100.5933,88.5
2011-06-11,99.5192,93.7
2011-06-12,99.0324,93.1
2011-06-13,99.1124,94.7
2011-06-14,103.9358,97.7
2011-06-15,104.7426,97.2
2011-06-16,105.3001,96.9
2011-06-17,105.5813,96.9
2011-06-18,103.7513,107.0
2011-06-19,103.7803,105.3
2011-06-20,102.9451,103.6
2011-06-21,102.9529,103.4
2011-06-22,102.8792,99.1
2011-06-23,104.8266,95.4
2011-06-24,104.9442,91.1
2011-06-25,103.7333,88.9
2011-06-26,102.1626,89.8
2011-06-27,101.6082,96.4
2011-06-28,100.3813,102.5
2011-06-29,100.2177,110.7
2011-06-30,100.7486,115.2
2011-07-01,99.981,116.2
2011-07-02,98.5772,122.2
2011-07-03,97.9579,128.7
2011-07-04,97.227,125.2
2011-07-05,96.4842,123.5
2011-07-06,96.1142,119.7
2011-07-07,96.3436,112.5
2011-07-08,96.6168,113.2
2011-07-09,97.1782,108.4
2011-07-10,98.878,106.9
2011-07-11,98.8217,100.2
2011-07-12,99.0885,92.7
2011-07-13,99.4596,86.5
2011-07-14,99.3129,85.7
2011-07-15,99.2867,85.3
2011-07-16,99.4141,90.4
2011-07-17,103.1979,92.7
2011-07-18,102.7848,95.4
2011-07-19,102.2838,100.0
2011-07-20,101.4253,100.2
2011-07-21,99.2663,100.6
2011-07-22,97.7111,102.9
2011-07-23,95.798,103.3
2011-07-24,94.5826,110.7
2011-07-25,94.5971,106.1
2011-07-26,96.6784,106.4
2011-07-27,98.7765,106.4
2011-07-28,102.5601,106.8
2011-07-29,104.0557,106.0
2011-07-30,105.0393,103.1
2011-07-31,107.5093,103.2
2011-08-01,110.2838,103.2
2011-08-02,109.3144,111.0
2011-08-03,108.422,113.8
2011-08-04,108.0747,117.5
2011-08-05,105.258,120.8
2011-08-06,105.48,121.5
2011-08-07,103.9381,120.7
2011-08-08,103.3414,114.2
2011-08-09,101.0036,114.5
2011-08-10,98.1108,111.7
2011-08-11,96.4753,113.4
2011-08-12,95.9826,117.8
2011-08-13,95.5948,122.9
2011-08-14,97.4691,125.5
2011-08-15,98.248,131.0
2011-08-16,99.1909,144.3
2011-08-17,100.8891,142.3
2011-08-18,100.7616,144.6
2011-08-19,100.7861,146.2
2011-08-20,101.7919,151.6
2011-08-21,102.2725,142.2
2011-08-22,106.0613,145.5
2011-08-23,104.894,145.3
2011-08-24,104.5154,151.9
2011-08-25,104.8847,159.3
2011-08-26,105.818,169.8
2011-08-27,105.4071,169.8
2011-08-28,104.2808,149.0
2011-08-29,104.0153,139.6
2011-08-30,104.0287,134.0
2011-08-31,107.3938,137.0
2011-09-01,108.6789,138.5
2011-09-02,110.1035,137.2
2011-09-03,111.0449,131.1
2011-09-04,110.4787,129.1
2011-09-05,109.6672,130.4
2011-09-06,107.0722,126.7
2011-09-07,107.001,123.9
2011-09-08,106.225,121.9
2011-09-09,107.1344,118.2
2011-09-10,109.0434,120.7
2011-09-11,111.8306,126.0
2011-09-12,113.308,129.7
2011-09-13,115.4986,133.5
2011-09-14,120.8341,137.0
2011-09-15,121.1066,135.4
2011-09-16,123.0468,136.9
2011-09-17,123.5088,150.0
2011-09-18,126.2445,151.6
2011-09-19,122.9222,145.7
2011-09-20,124.6041,146.1
2011-09-21,124.8089,157.8
2011-09-22,127.9208,166.3
2011-09-23,131.5167,162.5
2011-09-24,136.0517,153.9
2011-09-25,137.7667,143.8
2011-09-26,130.4672,137.3
2011-09-27,127.5352,130.6
2011-09-28,126.1525,129.9
2011-09-29,127.0069,132.2
2011-09-30,127.8224,121.4
2011-10-01,126.9101,124.9
2011-10-02,124.9968,136.1
2011-10-03,124.4549,136.5
2011-10-04,125.7468,151.2
2011-10-05,125.1443,157.8
2011-10-06,124.7722,161.1
2011-10-07,121.9653,169.0
2011-10-08,121.2592,173.6
2011-10-09,122.8706,178.9
2011-10-10,124.7539,177.7
2011-10-11,126.461,176.7
2011-10-12,128.1338,175.2
2011-10-13,129.2389,170.4
2011-10-14,128.8976,165.3
2011-10-15,129.5895,152.1
2011-10-16,134.9166,157.7
2011-10-17,136.473,145.1
2011-10-18,134.3305,139.2
2011-10-19,134.9128,144.4
2011-10-20,140.206,141.1
2011-10-21,142.5893,136.3
2011-10-22,141.1571,136.6
2011-10-23,137.605,137.7
2011-10-24,133.9868,138.9
2011-10-25,131.6982,136.5
2011-10-26,128.7127,133.8
2011-10-27,128.505,131.7
2011-10-28,129.5724,129.3
2011-10-29,125.7348,131.7
2011-10-30,127.1413,134.0
2011-10-31,131.3654,136.8
2011-11-01,132.2832,140.1
2011-11-02,138.418,148.0
2011-11-03,141.7363,152.9
2011-11-04,143.2457,155.95
2011-11-05,146.6936,159.0
2011-11-06,149.2574,153.6
2011-11-07,152.457,146.6
2011-11-08,152.2387,144.5
2011-11-09,152.0391,140.4
2011-11-10,152.0841,139.2
2011-11-11,150.8396,135.8
2011-11-12,149.0865,130.2
2011-11-13,144.7506,127.5
2011-11-14,146.8122,129.0
2011-11-15,141.9477,127.9
2011-11-16,139.4006,120.3
2011-11-17,140.9721,117.2
2011-11-18,139.8207,115.8
2011-11-19,137.9321,123.3
2011-11-20,137.7253,124.1
2011-11-21,138.4246,133.0
2011-11-22,139.1814,139.9
2011-11-23,137.7404,141.1
2011-11-24,137.2479,133.7
2011-11-25,137.0955,138.1
2011-11-26,136.1703,137.2
2011-11-27,137.249,140.8
2011-11-28,138.3674,135.7
2011-11-29,139.8024,140.0
2011-11-30,141.5348,142.3
2011-12-01,145.0632,136.4
2011-12-02,147.0605,128.5
2011-12-03,148.6508,129.4
2011-12-04,150.0806,130.3
2011-12-05,148.6836,130.2
2011-12-06,145.7655,131.6
2011-12-07,145.2057,136.6
2011-12-08,143.6184,131.0
2011-12-09,143.3436,135.9
2011-12-10,141.4916,131.4
2011-12-11,139.3585,137.6
2011-12-12,138.0687,124.6
2011-12-13,137.7021,116.1
2011-12-14,136.6581,113.0
2011-12-15,132.3754,120.0
2011-12-16,131.1936,128.0
2011-12-17,130.1742,129.2
2011-12-18,132.9403,135.1
2011-12-19,133.626,134.5
2011-12-20,137.8891,143.4
2011-12-21,140.7164,146.1
2011-12-22,141.5953,136.7
2011-12-23,139.7998,137.2
2011-12-24,142.0001,136.6
2011-12-25,141.8861,139.8
2011-12-26,143.6739,131.5
2011-12-27,142.3083,122.5
2011-12-28,144.0004,124.3
2011-12-29,145.1884,124.7
2011-12-30,143.2042,111.0
2011-12-31,139.5553,106.6
2012-01-01,138.544,111.0
2012-01-02,139.0859,113.1
2012-01-03,138.922,114.1
2012-01-04,139.2367,114.6
2012-01-05,140.4031,107.9
2012-01-06,138.3329,104.0
2012-01-07,140.052,99.8
2012-01-08,138.3659,108.9
2012-01-09,140.3009,104.3
2012-01-10,134.6916,94.6
2012-01-11,130.5883,96.6
2012-01-12,129.2608,107.9
2012-01-13,131.3917,109.4
2012-01-14,135.3366,107.6
2012-01-15,136.0393,105.7
2012-01-16,138.5072,104.8
2012-01-17,138.3495,102.0
2012-01-18,141.6569,100.8
2012-01-19,142.7521,101.3
2012-01-20,139.7429,101.7
2012-01-21,139.7934,102.9
2012-01-22,139.6375,108.7
2012-01-23,140.5418,101.0
2012-01-24,136.9875,102.0
2012-01-25,132.3668,101.2
2012-01-26,132.2241,106.7
2012-01-27,132.1442,105.9
2012-01-28,126.5967,104.9
2012-01-29,124.2687,103.5
2012-01-30,125.5787,101.3
2012-01-31,125.7722,100.2
2012-02-01,126.3923,101.6
2012-02-02,125.6582,106.3
2012-02-03,122.8283,114.5
2012-02-04,120.4598,118.2
2012-02-05,118.3201,129.5
2012-02-06,121.5553,136.0
2012-02-07,120.1577,133.7
2012-02-08,116.3797,137.5
2012-02-09,116.5652,143.5
2012-02-10,120.9777,146.9
2012-02-11,121.6963,129.5
2012-02-12,121.2137,128.7
2012-02-13,120.2811,125.0
2012-02-14,119.259,117.5
2012-02-15,117.8543,109.4
2012-02-16,117.1073,97.6
2012-02-17,117.3884,101.4
2012-02-18,116.9727,101.1
2012-02-19,116.8276,100.9
2012-02-20,118.8908,98.8
2012-02-21,115.9587,99.2
2012-02-22,115.4863,101.7
2012-02-23,114.4899,104.2
2012-02-24,116.4656,102.1
2012-02-25,116.1783,100.8
2012-02-26,115.863,101.9
2012-02-27,115.188,105.2
2012-02-28,113.4518,106.6
2012-02-29,112.6503,111.2
2012-03-01,112.8274,110.4
2012-03-02,114.8869,109.9
2012-03-03,117.8783,107.2
2012-03-04,119.6809,105.9
2012-03-05,124.8089,103.6
2012-03-06,128.3106,102.1
2012-03-07,128.1542,101.0
2012-03-08,129.6743,97.6
2012-03-09,131.9187,98.7
2012-03-10,133.165,93.5
2012-03-11,126.7553,94.9
2012-03-12,125.7945,93.7
2012-03-13,123.3086,93.8
2012-03-14,120.0879,95.8
2012-03-15,116.985,98.3
2012-03-16,112.1356,98.8
2012-03-17,112.9101,102.4
2012-03-18,112.2963,108.8
2012-03-19,111.9465,114.7
2012-03-20,111.9089,122.6
2012-03-21,111.5408,139.1
2012-03-22,112.2219,143.1
2012-03-23,113.283,150.6
2012-03-24,113.3647,149.5
2012-03-25,112.8358,143.4
2012-03-26,113.1455,135.2
2012-03-27,114.388,128.8
2012-03-28,115.3067,120.7
2012-03-29,117.2776,119.5
2012-03-30,117.5773,122.8
2012-03-31,117.9882,117.7
2012-04-01,116.6299,115.9
2012-04-02,116.6652,111.6
2012-04-03,116.1801,117.4
2012-04-04,115.1794,115.9
2012-04-05,112.7012,115.9
2012-04-06,110.7749,118.1
2012-04-07,111.044,119.4
2012-04-08,108.0191,123.9
2012-04-09,107.0627,125.1
2012-04-10,105.5725,129.8
2012-04-11,105.5219,133.3
2012-04-12,105.8808,139.2
2012-04-13,106.2606,132.2
2012-04-14,106.611,133.3
2012-04-15,108.5567,132.9
2012-04-16,110.3013,131.9
2012-04-17,112.8813,133.9
2012-04-18,116.4993,139.5
2012-04-19,123.6325,135.3
2012-04-20,126.3763,134.1
2012-04-21,130.2988,134.0
2012-04-22,130.5688,128.2
2012-04-23,128.6771,124.3
2012-04-24,126.2658,120.2
2012-04-25,124.1672,118.5
2012-04-26,120.5499,120.3
2012-04-27,119.6756,112.9
2012-04-28,120.6593,113.7
2012-04-29,118.5488,113.3
2012-04-30,117.625,109.3
2012-05-01,115.4995,114.1
2012-05-02,117.7036,120.6
2012-05-03,116.3856,132.2
2012-05-04,116.12,132.9
2012-05-05,116.7853,133.2
2012-05-06,117.7975,131.9
2012-05-07,119.7509,142.8
2012-05-08,121.3448,138.5
2012-05-09,123.3669,132.1
2012-05-10,125.1705,127.9
2012-05-11,128.3131,132.3
2012-05-12,126.6575,132.3
2012-05-13,127.9504,138.1
2012-05-14,128.9642,145.8
2012-05-15,128.8001,147.3
2012-05-16,130.3549,144.8
2012-05-17,132.2719,149.6
2012-05-18,130.2765,138.8
2012-05-19,129.3393,128.0
2012-05-20,129.0683,121.9
2012-05-21,123.9785,113.5
2012-05-22,122.5162,107.1
2012-05-23,121.1361,100.9
2012-05-24,120.2792,91.4
2012-05-25,121.0157,86.8
2012-05-26,118.3737,88.1
2012-05-27,119.3188,91.5
2012-05-28,119.2056,102.5
2012-05-29,117.207,109.9
2012-05-30,118.5136,123.7
2012-05-31,122.1792,121.3
2012-06-01,127.3439,128.2
2012-06-02,127.9867,137.9
2012-06-03,129.6288,142.0
2012-06-04,129.7032,150.7
2012-06-05,133.8289,152.5
2012-06-06,129.5129,170.1
2012-06-07,127.6388,163.0
2012-06-08,126.3526,163.7
2012-06-09,128.2459,183.7
2012-06-10,128.7119,179.6
2012-06-11,130.339,179.2
2012-06-12,132.7261,167.1
2012-06-13,133.4701,170.9
2012-06-14,132.3779,152.1
2012-06-15,134.3847,152.8
2012-06-16,130.1665,145.1
2012-06-17,126.325,142.5
2012-06-18,124.1295,131.7
2012-06-19,120.6575,113.1
2012-06-20,117.9695,103.2
2012-06-21,115.1659,95.3
2012-06-22,110.9086,92.8
2012-06-23,108.6483,96.7
2012-06-24,109.204,99.8
2012-06-25,110.2817,105.7
2012-06-26,115.2848,108.7
2012-06-27,118.8062,118.3
2012-06-28,124.931,127.1
2012-06-29,124.9822,130.5
2012-06-30,128.2655,135.4
2012-07-01,132.5313,140.1
2012-07-02,133.8373,144.0
2012-07-03,137.6505,146.0
2012-07-04,138.9689,138.6
2012-07-05,145.4132,143.8
2012-07-06,143.165,142.7
2012-07-07,143.7254,137.9
2012-07-08,151.4136,137.9
2012-07-09,150.1888,132.1
2012-07-10,149.9001,137.0
2012-07-11,144.9528,134.8
2012-07-12,145.911,128.8
2012-07-13,138.8514,123.0
2012-07-14,138.6547,115.3
2012-07-15,135.3231,110.9
2012-07-16,133.7456,108.5
2012-07-17,129.7675,103.2
2012-07-18,122.1819,100.8
2012-07-19,117.8999,97.7
2012-07-20,114.7564,99.4
2012-07-21,113.7108,98.5
2012-07-22,115.1724,98.5
2012-07-23,116.9344,96.4
2012-07-24,119.0574,96.9
2012-07-25,120.8943,98.8
2012-07-26,125.1197,106.4
2012-07-27,129.1738,108.1
2012-07-28,131.4963,115.6
2012-07-29,133.5434,113.7
2012-07-30,135.797,113.4
2012-07-31,136.7683,120.6
2012-08-01,137.6774,130.2
2012-08-02,135.6698,132.9
2012-08-03,137.0769,148.2
2012-08-04,136.0163,144.7
2012-08-05,133.2479,144.0
2012-08-06,133.2145,139.9
2012-08-07,130.8771,134.9
2012-08-08,132.6861,130.0
2012-08-09,131.844,135.4
2012-08-10,129.6554,130.5
2012-08-11,127.1184,124.8
2012-08-12,123.4128,112.8
2012-08-13,121.0135,106.4
2012-08-14,120.0268,103.8
2012-08-15,117.7578,100.3
2012-08-16,117.0963,101.7
2012-08-17,115.8261,98.6
2012-08-18,116.9895,98.3
2012-08-19,116.66,102.5
2012-08-20,116.7847,105.3
2012-08-21,116.1528,110.8
2012-08-22,116.37,118.4
2012-08-23,117.1905,117.8
2012-08-24,120.1797,125.3
2012-08-25,121.1898,134.4
2012-08-26,123.9943,137.4
2012-08-27,123.1423,140.6
2012-08-28,122.6324,139.9
2012-08-29,125.3192,133.8
2012-08-30,130.158,138.3
2012-08-31,132.4256,136.4
2012-09-01,137.6805,135.9
2012-09-02,136.7083,128.3
2012-09-03,135.1544,118.3
2012-09-04,132.9994,111.8
2012-09-05,130.1529,109.5
2012-09-06,128.5269,106.1
2012-09-07,130.3841,98.7
2012-09-08,128.2654,97.9
2012-09-09,126.1315,103.2
2012-09-10,121.1933,105.9
2012-09-11,119.0931,111.6
2012-09-12,117.8234,116.2
2012-09-13,116.5992,121.3
2012-09-14,116.867,124.3
2012-09-15,115.8641,131.3
2012-09-16,115.438,135.9
2012-09-17,117.0627,136.1
2012-09-18,118.7158,134.1
2012-09-19,120.8134,136.5
2012-09-20,124.5909,140.3
2012-09-21,124.514,150.1
2012-09-22,127.0416,142.8
2012-09-23,131.5847,153.9
2012-09-24,132.682,140.1
2012-09-25,133.5333,134.1
2012-09-26,133.6251,128.5
2012-09-27,130.8102,129.1
2012-09-28,131.8639,120.2
2012-09-29,130.7583,115.4
2012-09-30,129.9564,106.9
2012-10-01,126.9253,104.8
2012-10-02,123.4134,102.7
2012-10-03,120.2392,96.8
2012-10-04,118.506,94.9
2012-10-05,116.6907,91.8
2012-10-06,113.0347,93.4
2012-10-07,112.1435,94.9
2012-10-08,113.815,96.9
2012-10-09,115.0912,99.8
2012-10-10,117.8977,102.2
2012-10-11,120.0838,112.9
2012-10-12,122.6331,119.8
2012-10-13,124.3975,130.6
2012-10-14,127.6298,140.8
2012-10-15,129.6923,143.1
2012-10-16,129.6623,139.1
2012-10-17,129.4965,138.6
2012-10-18,131.1762,135.2
2012-10-19,132.8117,132.4
2012-10-20,136.683,137.7
2012-10-21,134.2087,130.7
2012-10-22,138.0759,137.8
2012-10-23,133.2191,137.0
2012-10-24,130.3683,124.5
2012-10-25,127.6017,123.5
2012-10-26,126.8642,115.0
2012-10-27,122.3657,118.4
2012-10-28,120.153,118.6
2012-10-29,116.6102,114.0
2012-10-30,115.5377,111.2
2012-10-31,113.9215,110.0
2012-11-01,111.3635,107.5
2012-11-02,110.1889,98.8
2012-11-03,109.0704,94.9
2012-11-04,109.8207,93.9
2012-11-05,110.6581,93.4
2012-11-06,111.8537,92.7
2012-11-07,113.0096,94.6
2012-11-08,114.5591,94.2
2012-11-09,119.218,98.1
2012-11-10,122.32,100.6
2012-11-11,127.1381,100.9
2012-11-12,131.9447,100.5
2012-11-13,132.9366,108.4
2012-11-14,132.0715,113.0
2012-11-15,131.7079,115.5
2012-11-16,130.8287,118.5
2012-11-17,128.8586,115.8
2012-11-18,130.3374,111.3
2012-11-19,126.8976,112.5
2012-11-20,129.3349,109.8
2012-11-21,128.6563,110.4
2012-11-22,123.4831,110.9
2012-11-23,122.4016,111.6
2012-11-24,118.841,110.4
2012-11-25,119.8025,109.4
2012-11-26,119.4314,109.3
2012-11-27,118.0055,106.2
2012-11-28,117.2271,103.2
2012-11-29,116.8866,102.3
2012-11-30,115.9826,100.9
2012-12-01,112.4554,103.2
2012-12-02,110.526,109.8
2012-12-03,110.1257,113.9
2012-12-04,110.3076,115.0
2012-12-05,110.3919,124.6
2012-12-06,111.3804,138.4
2012-12-07,111.3659,140.3
2012-12-08,113.0569,137.5
2012-12-09,114.0377,144.8
2012-12-10,113.964,150.5
2012-12-11,113.9184,163.8
2012-12-12,116.6907,168.2
2012-12-13,118.7847,166.7
2012-12-14,119.4863,163.0
2012-12-15,121.0228,151.4
2012-12-16,119.7039,149.1
2012-12-17,119.1636,135.2
2012-12-18,119.1982,132.6
2012-12-19,117.2354,118.8
2012-12-20,117.2226,111.5
2012-12-21,116.8458,103.3
2012-12-22,117.0025,103.2
2012-12-23,116.0373,104.9
2012-12-24,115.0747,106.9
2012-12-25,114.5889,101.6
2012-12-26,113.3616,100.2
2012-12-27,112.0466,97.5
2012-12-28,111.6975,96.3
2012-12-29,111.2825,94.7
2012-12-30,112.0068,94.7
2012-12-31,115.4005,92.6
2013-01-01,117.2146,93.8
2013-01-02,117.8291,99.7
2013-01-03,123.1541,100.7
2013-01-04,129.1328,108.6
2013-01-05,130.22,107.9
2013-01-06,129.5156,103.7
2013-01-07,132.1763,102.2
2013-01-08,134.8167,100.7
2013-01-09,139.3785,100.0
2013-01-10,140.9272,101.4
2013-01-11,140.1483,104.8
2013-01-12,139.0791,103.2
2013-01-13,135.1797,102.5
2013-01-14,133.6736,99.2
2013-01-15,127.3235,97.8
2013-01-16,125.6212,97.0
2013-01-17,120.0561,97.7
2013-01-18,117.0629,100.8
2013-01-19,113.7434,103.1
2013-01-20,113.661,102.3
2013-01-21,114.2487,109.9
2013-01-22,114.9533,111.0
2013-01-23,112.9521,106.2
2013-01-24,112.368,104.7
2013-01-25,111.6071,97.5
2013-01-26,111.1891,93.0
2013-01-27,110.3386,93.5
2013-01-28,110.3577,96.8
2013-01-29,110.1284,100.0
2013-01-30,112.9405,103.6
2013-01-31,114.6741,110.6
2013-02-01,114.8933,109.1
2013-02-02,118.386,110.1
2013-02-03,119.2196,112.4
2013-02-04,117.8886,116.6
2013-02-05,117.3993,112.6
2013-02-06,116.1666,112.1
2013-02-07,114.9509,113.3
2013-02-08,115.1163,114.6
2013-02-09,114.2948,117.7
2013-02-10,112.2416,118.2
2013-02-11,110.5445,121.5
2013-02-12,108.4282,121.5
2013-02-13,107.1389,121.5
2013-02-14,106.6922,121.8
2013-02-15,106.8506,124.8
2013-02-16,108.3835,124.5
2013-02-17,108.8171,116.6
2013-02-18,108.9386,109.5
2013-02-19,111.2633,106.7
2013-02-20,111.4634,105.3
2013-02-21,109.9605,100.2
2013-02-22,109.1764,97.6
2013-02-23,106.2938,95.4
2013-02-24,105.2314,92.2
2013-02-25,106.0777,92.0
2013-02-26,107.4406,92.6
2013-02-27,109.4712,98.3
2013-02-28,110.9476,104.8
2013-03-01,113.3467,108.2
2013-03-02,113.213,113.1
2013-03-03,113.394,119.0
2013-03-04,114.086,122.1
2013-03-05,116.2203,127.0
2013-03-06,115.0099,128.6
2013-03-07,114.5009,134.5
2013-03-08,115.1533,137.3
2013-03-09,115.3405,138.2
2013-03-10,116.866,139.6
2013-03-11,117.0542,147.0
2013-03-12,118.8487,148.6
2013-03-13,119.184,137.8
2013-03-14,119.8221,138.6
2013-03-15,119.5036,125.8
2013-03-16,121.8958,117.5
2013-03-17,122.3384,114.1
2013-03-18,119.3749,114.1
2013-03-19,115.4502,109.0
2013-03-20,114.1937,105.9
2013-03-21,113.1395,100.3
2013-03-22,111.3159,105.9
2013-03-23,110.5434,110.5
2013-03-24,109.9777,114.1
2013-03-25,109.1497,118.8
2013-03-26,108.864,116.1
2013-03-27,108.645,120.7
2013-03-28,111.0857,123.5
2013-03-29,114.1134,128.8
2013-03-30,115.3754,133.5
2013-03-31,116.6103,144.5
2013-04-01,118.2446,156.7
2013-04-02,119.281,161.7
2013-04-03,120.79,151.8
2013-04-04,121.6463,150.4
2013-04-05,123.6476,144.1
2013-04-06,125.1045,139.5
2013-04-07,125.9863,133.0
2013-04-08,126.4285,131.1
2013-04-09,130.1206,129.3
2013-04-10,130.8673,130.9
2013-04-11,126.3747,127.3
2013-04-12,125.8617,139.4
2013-04-13,120.3521,150.4
2013-04-14,117.3558,153.5
2013-04-15,115.6205,151.1
2013-04-16,115.36,148.8
2013-04-17,113.2093,148.0
2013-04-18,111.5076,139.6
2013-04-19,109.1515,135.2
2013-04-20,111.9973,138.5
2013-04-21,114.3473,135.2
2013-04-22,115.7063,128.4
2013-04-23,117.9208,136.7
2013-04-24,117.6348,137.9
2013-04-25,119.9216,130.6
2013-04-26,121.4925,124.5
2013-04-27,124.131,123.2
2013-04-28,125.9667,113.1
2013-04-29,131.1735,107.6
2013-04-30,137.5582,109.8
2013-05-01,139.978,106.9
2013-05-02,136.0955,104.7
2013-05-03,135.888,108.8
2013-05-04,133.9764,114.1
2013-05-05,132.7017,115.0
2013-05-06,129.415,113.1
2013-05-07,125.2886,112.1
2013-05-08,124.0537,112.3
2013-05-09,124.4446,112.6
2013-05-10,123.359,106.3
2013-05-11,127.5283,99.0
2013-05-12,132.5939,96.2
2013-05-13,134.398,92.3
2013-05-14,133.7503,96.2
2013-05-15,133.7461,102.0
2013-05-16,134.3395,112.6
2013-05-17,131.0753,114.5
2013-05-18,129.4981,119.7
2013-05-19,130.6147,127.8
2013-05-20,129.9314,128.8
2013-05-21,127.7609,127.4
2013-05-22,131.7005,130.5
2013-05-23,132.1787,137.6
2013-05-24,129.9207,134.2
2013-05-25,127.8014,132.4
2013-05-26,127.2467,124.6
2013-05-27,122.8467,112.9
2013-05-28,120.4046,110.1
2013-05-29,120.6418,102.9
2013-05-30,119.6616,104.3
2013-05-31,118.4487,103.6
2013-06-01,119.7509,106.3
2013-06-02,121.9047,111.4
2013-06-03,122.0603,118.1
2013-06-04,121.0283,128.7
2013-06-05,121.3731,142.3
2013-06-06,121.6098,145.6
2013-06-07,121.486,138.7
2013-06-08,118.7123,129.8
2013-06-09,115.3614,123.3
2013-06-10,113.7612,124.0
2013-06-11,111.6255,121.9
2013-06-12,113.3174,117.1
2013-06-13,115.9469,121.6
2013-06-14,120.4234,117.8
2013-06-15,121.4772,116.7
2013-06-16,123.9999,117.9
2013-06-17,128.4042,117.6
2013-06-18,130.2357,114.9
2013-06-19,129.9884,118.6
2013-06-20,131.0541,117.3
2013-06-21,133.6073,116.1
2013-06-22,132.0899,112.9
2013-06-23,131.0399,113.4
2013-06-24,127.0468,110.1
2013-06-25,122.1249,111.0
2013-06-26,120.3738,110.3
2013-06-27,117.2636,112.9
2013-06-28,117.9779,111.3
2013-06-29,116.8283,112.7
2013-06-30,117.8454,115.6
2013-07-01,119.717,116.5
2013-07-02,122.4086,112.0
2013-07-03,127.546,115.4
2013-07-04,133.2141,116.2
2013-07-05,134.2908,110.5
2013-07-06,131.9257,107.9
2013-07-07,128.8847,107.3
2013-07-08,125.9871,106.8
2013-07-09,126.5156,108.5
2013-07-10,125.2212,107.3
2013-07-11,123.5888,106.5
2013-07-12,124.7378,105.3
2013-07-13,123.2764,113.4
2013-07-14,122.9928,117.2
2013-07-15,123.6846,125.1
2013-07-16,123.9332,128.5
2013-07-17,122.5225,125.8
2013-07-18,123.5592,122.9
2013-07-19,122.5847,126.3
2013-07-20,121.1793,129.2
2013-07-21,120.1804,131.4
2013-07-22,120.0207,134.6
2013-07-23,119.1572,133.4
2013-07-24,119.1947,134.5
2013-07-25,119.1552,126.8
2013-07-26,120.0,119.9
2013-07-27,119.7491,115.0
2013-07-28,120.362,113.5
2013-07-29,121.8763,111.9
2013-07-30,122.4331,110.3
2013-07-31,120.0867,111.0
2013-08-01,120.5508,109.5
2013-08-02,120.6591,109.5
2013-08-03,117.9503,105.6
2013-08-04,116.5917,107.5
2013-08-05,116.087,107.9
2013-08-06,117.2579,111.1
2013-08-07,118.1472,111.9
2013-08-08,117.635,102.9
2013-08-09,116.6728,100.0
2013-08-10,116.6662,97.1
2013-08-11,118.8757,95.6
2013-08-12,120.3432,96.2
2013-08-13,123.8787,94.1
2013-08-14,125.5025,94.1
2013-08-15,124.4565,92.7
2013-08-16,123.4091,93.6
2013-08-17,124.2387,93.8
2013-08-18,125.3609,95.5
2013-08-19,126.6179,99.7
2013-08-20,128.3203,105.1
2013-08-21,128.6649,108.9
2013-08-22,129.7453,110.0
2013-08-23,127.4243,111.2
2013-08-24,123.907,111.9
2013-08-25,120.9328,108.5
2013-08-26,120.3465,110.9
2013-08-27,119.4987,111.7
2013-08-28,116.8261,110.5
2013-08-29,117.3702,108.3
2013-08-30,116.6312,106.0
2013-08-31,116.7166,104.6
2013-09-01,115.5982,105.2
2013-09-02,116.7102,107.0
2013-09-03,116.3841,108.3
2013-09-04,118.2466,113.9
2013-09-05,118.1498,109.2
2013-09-06,114.4359,105.9
2013-09-07,114.9276,106.5
2013-09-08,113.2147,111.8
2013-09-09,112.2247,111.7
2013-09-10,112.3191,113.1
2013-09-11,111.6261,120.3
2013-09-12,111.0035,128.5
2013-09-13,110.8457,127.3
2013-09-14,111.2049,128.6
2013-09-15,111.0508,124.3
2013-09-16,111.3338,124.5
2013-09-17,113.2733,127.2
2013-09-18,115.8719,135.1
2013-09-19,117.4123,138.8
2013-09-20,118.266,131.6
2013-09-21,118.0884,132.2
2013-09-22,118.424,134.5
2013-09-23,116.4561,144.8
2013-09-24,116.2366,151.1
2013-09-25,116.1846,158.8
2013-09-26,115.5441,159.6
2013-09-27,114.5155,169.7
2013-09-28,113.0142,164.8
2013-09-29,111.8173,157.8
2013-09-30,111.7793,150.6
2013-10-01,111.7049,139.9
2013-10-02,111.8265,140.5
2013-10-03,114.1214,144.2
2013-10-04,112.1401,139.4
2013-10-05,110.5878,141.1
2013-10-06,110.3631,144.9
2013-10-07,112.6409,145.9
2013-10-08,113.459,150.8
2013-10-09,114.4749,145.3
2013-10-10,117.8754,143.3
2013-10-11,121.2056,145.2
2013-10-12,120.9858,151.1
2013-10-13,122.1871,160.4
2013-10-14,120.4812,164.0
2013-10-15,120.8601,167.4
2013-10-16,121.9458,172.0
2013-10-17,125.3594,174.0
2013-10-18,126.6828,170.6
2013-10-19,125.1018,172.9
2013-10-20,125.2715,159.5
2013-10-21,126.9047,149.3
2013-10-22,130.9044,143.5
2013-10-23,135.4533,137.8
2013-10-24,138.7389,139.2
2013-10-25,139.6425,132.2
2013-10-26,143.7708,123.9
2013-10-27,142.6039,116.0
2013-10-28,140.6324,112.4
2013-10-29,134.2919,125.6
2013-10-30,129.4946,129.3
2013-10-31,129.5868,125.0
2013-11-01,131.0255,127.6
2013-11-02,129.1373,126.9
2013-11-03,129.833,130.0
2013-11-04,131.8255,131.9
2013-11-05,132.7139,134.0
2013-11-06,134.6877,145.3
2013-11-07,132.8179,146.1
2013-11-08,131.6616,152.3
2013-11-09,131.9425,160.6
2013-11-10,134.9202,163.1
2013-11-11,139.007,169.9
2013-11-12,140.9174,165.6
2013-11-13,141.985,159.8
2013-11-14,144.4136,158.1
2013-11-15,145.5206,159.0
2013-11-16,145.0989,151.3
2013-11-17,146.1937,149.4
2013-11-18,141.4398,153.9
2013-11-19,137.7348,151.1
2013-11-20,135.336,148.5
2013-11-21,132.7287,144.4
2013-11-22,132.7524,139.5
2013-11-23,130.3323,133.4
2013-11-24,127.1221,131.6
2013-11-25,124.3745,124.1
2013-11-26,123.016,118.7
2013-11-27,128.0806,120.6
2013-11-28,129.8853,126.3
2013-11-29,128.717,130.1
2013-11-30,129.8903,132.5
2013-12-01,129.8592,138.2
2013-12-02,131.3865,140.5
2013-12-03,132.2926,154.3
2013-12-04,133.3788,155.2
2013-12-05,137.6964,176.3
2013-12-06,138.7718,206.2
2013-12-07,141.4545,210.3
2013-12-08,144.8185,197.2
2013-12-09,145.9426,193.3
2013-12-10,149.5183,188.2
2013-12-11,148.333,178.1
2013-12-12,146.2412,169.4
2013-12-13,145.6009,160.7
2013-12-14,146.0189,150.2
2013-12-15,143.5829,138.7
2013-12-16,142.3008,132.6
2013-12-17,144.5775,122.1
2013-12-18,143.4987,117.1
2013-12-19,142.5501,124.7
2013-12-20,141.0271,125.5
2013-12-21,139.5559,123.4
2013-12-22,137.7023,133.0
2013-12-23,137.3244,141.4
2013-12-24,134.3141,138.9
2013-12-25,131.9821,132.1
2013-12-26,132.4017,131.3
2013-12-27,134.8165,129.1
2013-12-28,137.5027,133.7
2013-12-29,139.1613,139.6
2013-12-30,142.0551,152.5
2013-12-31,143.2927,151.8
2014-01-01,148.518,155.8
2014-01-02,149.6253,160.9
2014-01-03,157.9359,171.6
2014-01-04,168.9214,184.4
2014-01-05,170.6875,183.0
2014-01-06,165.7016,182.9
2014-01-07,164.5866,188.1
2014-01-08,162.8545,186.1
2014-01-09,158.6192,173.2
2014-01-10,155.1003,167.2
2014-01-11,152.0099,164.6
2014-01-12,147.8317,156.8
2014-01-13,142.9525,167.8
2014-01-14,139.9263,156.1
2014-01-15,135.6202,162.5
2014-01-16,133.1485,162.5
2014-01-17,135.7923,158.1
2014-01-18,135.9047,150.2
2014-01-19,135.1996,148.9
2014-01-20,139.4746,147.9
2014-01-21,142.5655,154.2
2014-01-22,141.6753,153.0
2014-01-23,140.0358,153.4
2014-01-24,140.5056,159.7
2014-01-25,139.5647,168.2
2014-01-26,141.6207,167.2
2014-01-27,143.6628,170.4
2014-01-28,149.428,174.7
2014-01-29,150.8189,172.4
2014-01-30,152.6017,167.5
2014-01-31,153.785,161.6
2014-02-01,157.3904,158.5
2014-02-02,160.8969,158.3
2014-02-03,159.9616,155.4
2014-02-04,159.4823,146.7
2014-02-05,160.827,146.5
2014-02-06,159.828,146.0
2014-02-07,154.6628,139.5
2014-02-08,152.6855,143.8
2014-02-09,151.3889,149.5
2014-02-10,148.3161,162.5
2014-02-11,152.0668,167.1
2014-02-12,148.199,145.9
2014-02-13,150.863,142.1
2014-02-14,151.1865,137.5
2014-02-15,150.0208,134.2
2014-02-16,147.4817,135.1
2014-02-17,146.7153,137.0
2014-02-18,146.525,147.9
2014-02-19,149.3986,150.1
2014-02-20,150.0883,151.4
2014-02-21,151.14,153.8
2014-02-22,154.0689,156.0
2014-02-23,158.1095,157.7
2014-02-24,158.1508,152.0
2014-02-25,159.7465,152.5
2014-02-26,162.0319,144.2
2014-02-27,161.8359,145.9
2014-02-28,159.633,142.3
2014-03-01,157.0773,148.1
2014-03-02,155.1447,152.1
2014-03-03,154.3018,153.1
2014-03-04,152.2762,154.6
2014-03-05,148.4361,153.0
2014-03-06,147.6818,157.0
2014-03-07,147.0703,142.3
2014-03-08,144.8342,141.2
2014-03-09,145.9185,140.2
2014-03-10,148.6656,132.4
2014-03-11,153.5915,131.0
2014-03-12,155.6508,137.3
2014-03-13,148.3115,138.2
2014-03-14,147.0179,136.5
2014-03-15,145.4156,137.9
2014-03-16,144.7338,151.2
2014-03-17,145.4036,163.0
2014-03-18,146.4514,185.2
2014-03-19,150.7341,180.3
2014-03-20,152.4447,173.7
2014-03-21,152.9448,170.8
2014-03-22,154.1152,164.1
2014-03-23,155.0985,160.4
2014-03-24,155.7129,146.3
2014-03-25,153.6709,137.6
2014-03-26,153.8848,131.6
2014-03-27,150.3309,126.2
2014-03-28,150.4202,122.3
2014-03-29,148.809,119.6
2014-03-30,149.8897,122.5
2014-03-31,151.0456,121.8
2014-04-01,151.5814,125.5
2014-04-02,151.8313,127.7
2014-04-03,151.5209,137.6
2014-04-04,153.6119,134.8
2014-04-05,148.4794,133.7
2014-04-06,147.8581,141.5
2014-04-07,147.1915,141.3
2014-04-08,144.4239,148.6
2014-04-09,143.8482,150.8
2014-04-10,146.1354,155.2
2014-04-11,146.3659,155.1
2014-04-12,146.5234,167.7
2014-04-13,147.3128,166.3
2014-04-14,151.8767,162.7
2014-04-15,156.6722,166.7
2014-04-16,165.0746,155.5
2014-04-17,164.4645,141.8
2014-04-18,162.8639,136.6
2014-04-19,161.6568,130.4
2014-04-20,159.1089,119.7
2014-04-21,156.6843,120.1
2014-04-22,150.7819,116.7
2014-04-23,147.1729,114.1
2014-04-24,144.6372,119.2
2014-04-25,141.6188,127.7
2014-04-26,138.7115,116.0
2014-04-27,137.9884,111.1
2014-04-28,138.2491,108.7
2014-04-29,137.935,102.1
2014-04-30,138.8747,105.5
2014-05-01,140.4186,104.4
2014-05-02,144.3296,106.6
2014-05-03,142.9021,106.2
2014-05-04,142.1035,108.3
2014-05-05,144.7889,110.1
2014-05-06,144.7617,108.5
2014-05-07,147.0951,113.8
2014-05-08,148.5708,136.9
2014-05-09,150.9632,140.8
2014-05-10,151.1001,153.1
2014-05-11,156.7398,166.1
2014-05-12,156.6401,171.3
2014-05-13,154.8812,173.6
2014-05-14,156.0185,179.8
2014-05-15,151.4057,157.5
2014-05-16,145.336,148.0
2014-05-17,142.6919,134.3
2014-05-18,140.1785,120.5
2014-05-19,135.2349,118.0
2014-05-20,134.076,114.4
2014-05-21,132.7319,114.7
2014-05-22,130.9688,105.5
2014-05-23,132.9041,104.5
2014-05-24,136.7304,97.3
2014-05-25,131.7251,95.6
2014-05-26,129.7964,96.6
2014-05-27,128.6896,100.2
2014-05-28,125.6214,103.3
2014-05-29,126.4082,107.6
2014-05-30,126.199,118.4
2014-05-31,126.5802,129.9
2014-06-01,126.4746,145.2
2014-06-02,127.1582,156.9
2014-06-03,127.9429,175.1
2014-06-04,127.0855,184.1
2014-06-05,129.6202,193.9
2014-06-06,139.4559,199.4
2014-06-07,141.9809,207.7
2014-06-08,146.9472,204.5
2014-06-09,151.0091,208.1
2014-06-10,151.8345,205.0
2014-06-11,151.7772,183.3
2014-06-12,153.6301,171.8
2014-06-13,145.6332,149.9
2014-06-14,141.4519,131.0
2014-06-15,135.9646,113.0
2014-06-16,130.6557,103.9
2014-06-17,129.2644,95.1
2014-06-18,127.8246,91.5
2014-06-19,127.1455,91.4
2014-06-20,123.3223,88.9
2014-06-21,122.5261,89.9
2014-06-22,119.4321,93.0
2014-06-23,118.51,95.5
2014-06-24,118.2822,102.2
2014-06-25,119.9381,107.4
2014-06-26,121.3115,109.9
2014-06-27,123.3894,120.1
2014-06-28,127.3523,125.2
2014-06-29,133.5204,136.3
2014-06-30,140.1059,146.0
2014-07-01,145.5527,156.6
2014-07-02,151.9588,161.1
2014-07-03,155.7499,173.5
2014-07-04,159.1916,160.2
2014-07-05,161.7131,156.2
2014-07-06,164.0756,143.3
2014-07-07,163.013,143.3
2014-07-08,163.441,140.5
2014-07-09,162.5,140.0
2014-07-10,154.2168,126.4
2014-07-11,148.7843,116.3
2014-07-12,141.0044,111.3
2014-07-13,133.5903,107.3
2014-07-14,125.7735,106.8
2014-07-15,121.6501,105.6
2014-07-16,117.87,105.4
2014-07-17,115.6381,116.0
2014-07-18,115.2907,114.8
2014-07-19,114.3798,117.9
2014-07-20,114.3882,113.3
2014-07-21,115.7038,113.3
2014-07-22,116.9833,121.1
2014-07-23,120.1493,131.3
2014-07-24,122.6853,129.3
2014-07-25,124.0243,134.9
2014-07-26,128.6024,144.0
2014-07-27,131.4096,140.2
2014-07-28,137.3533,130.8
2014-07-29,141.7812,125.3
2014-07-30,146.1961,121.0
2014-07-31,148.8913,122.5
2014-08-01,152.5211,125.5
2014-08-02,147.3098,127.1
2014-08-03,144.5858,128.9
2014-08-04,137.7087,138.7
2014-08-05,136.6505,140.1
2014-08-06,134.9188,148.4
2014-08-07,133.9758,146.3
2014-08-08,127.9368,159.8
2014-08-09,123.3718,162.6
2014-08-10,121.1369,166.3
2014-08-11,119.4884,161.6
2014-08-12,119.5256,157.4
2014-08-13,119.1932,153.4
2014-08-14,119.1287,154.0
2014-08-15,122.8355,146.9
2014-08-16,123.1772,141.0
2014-08-17,124.6662,134.4
2014-08-18,123.6651,134.1
2014-08-19,124.1112,134.2
2014-08-20,127.8637,121.3
2014-08-21,134.1981,122.8
2014-08-22,135.3726,120.1
2014-08-23,138.3826,124.9
2014-08-24,142.1727,136.8
2014-08-25,141.1032,139.1
2014-08-26,138.1199,145.6
2014-08-27,134.0905,167.8
2014-08-28,130.9201,171.0
2014-08-29,129.6972,182.2
2014-08-30,131.5911,181.8
2014-08-31,131.3863,175.6
2014-09-01,131.5431,162.6
2014-09-02,133.9403,155.4
2014-09-03,134.0852,149.3
2014-09-04,137.7508,136.9
2014-09-05,137.47,127.6
2014-09-06,143.0244,128.4
2014-09-07,144.5794,129.9
2014-09-08,145.8356,125.2
2014-09-09,145.2765,126.2
2014-09-10,144.6185,118.6
2014-09-11,143.3307,120.4
2014-09-12,143.5991,111.6
2014-09-13,141.3875,110.0
2014-09-14,139.8,112.6
2014-09-15,138.121,119.7
2014-09-16,138.0803,125.0
2014-09-17,138.3778,138.0
2014-09-18,132.7123,144.8
2014-09-19,132.2099,171.1
2014-09-20,130.6177,171.7
2014-09-21,132.4298,202.2
2014-09-22,137.2888,197.1
2014-09-23,138.1816,214.2
2014-09-24,139.2521,221.8
2014-09-25,146.8524,219.5
2014-09-26,147.9235,216.8
2014-09-27,153.135,214.0
2014-09-28,153.2707,185.4
2014-09-29,150.8746,165.1
2014-09-30,145.612,148.4
2014-10-01,143.0722,138.4
2014-10-02,140.5777,119.5
2014-10-03,135.9298,118.1
2014-10-04,132.4158,122.4
2014-10-05,132.4652,123.2
2014-10-06,132.8083,127.3
2014-10-07,131.1488,142.7
2014-10-08,131.6057,133.1
2014-10-09,128.8594,129.6
2014-10-10,129.2578,129.6
2014-10-11,126.2186,129.2
2014-10-12,125.7122,133.4
2014-10-13,126.6366,139.5
2014-10-14,129.5932,149.8
2014-10-15,131.9263,150.3
2014-10-16,136.6288,157.6
2014-10-17,139.0881,157.1
2014-10-18,148.5453,165.0
2014-10-19,149.535,163.8
2014-10-20,162.1107,163.6
2014-10-21,161.6586,165.7
2014-10-22,168.8449,164.1
2014-10-23,171.9352,158.6
2014-10-24,171.623,162.6
2014-10-25,170.3687,168.8
2014-10-26,169.5261,165.8
2014-10-27,158.6834,165.0
2014-10-28,151.0777,166.5
2014-10-29,144.7914,174.1
2014-10-30,140.9728,176.6
2014-10-31,133.3579,172.5
2014-11-01,132.2764,172.4
2014-11-02,133.6828,163.4
2014-11-03,134.2125,163.0
2014-11-04,135.6115,149.8
2014-11-05,140.6687,147.6
2014-11-06,137.4529,132.8
2014-11-07,136.6117,125.0
2014-11-08,136.8941,127.9
2014-11-09,137.1636,128.7
2014-11-10,139.3847,135.5
2014-11-11,142.2355,145.3
2014-11-12,147.2987,143.0
2014-11-13,147.7903,149.4
2014-11-14,152.5746,154.9
2014-11-15,152.9983,161.2
2014-11-16,157.3687,164.0
2014-11-17,157.9121,178.8
2014-11-18,157.1597,192.3
2014-11-19,156.3993,206.4
2014-11-20,155.9468,208.9
2014-11-21,152.2703,196.7
2014-11-22,152.4763,199.2
2014-11-23,153.2337,173.4
2014-11-24,151.811,160.5
2014-11-25,151.1287,146.5
2014-11-26,151.4215,140.6
2014-11-27,154.4629,132.5
2014-11-28,155.7576,129.7
2014-11-29,154.7326,128.2
2014-11-30,155.0278,127.1
2014-12-01,151.6379,126.0
2014-12-02,151.2329,129.2
2014-12-03,146.888,132.9
2014-12-04,146.4514,141.0
2014-12-05,141.5635,143.8
2014-12-06,138.4309,144.8
2014-12-07,140.192,137.2
2014-12-08,141.1336,137.2
2014-12-09,144.2614,142.4
2014-12-10,148.2166,152.0
2014-12-11,147.9127,146.2
2014-12-12,150.3563,146.9
2014-12-13,152.5272,148.6
2014-12-14,155.4805,153.4
2014-12-15,156.7653,145.3
2014-12-16,161.6143,137.2
2014-12-17,166.3424,127.1
2014-12-18,171.409,120.7
2014-12-19,171.7438,118.0
2014-12-20,167.404,121.7
2014-12-21,168.0663,125.9
2014-12-22,159.1698,121.6
2014-12-23,154.7397,120.0
2014-12-24,148.9142,116.6
2014-12-25,146.3371,117.3
2014-12-26,143.0618,121.4
2014-12-27,142.0501,122.7
2014-12-28,141.4067,142.5
2014-12-29,140.8834,153.3
2014-12-30,139.8997,154.5
2014-12-31,141.5939,166.7
2015-01-01,144.3684,154.6
2015-01-02,147.8366,149.0
2015-01-03,148.9134,137.6
2015-01-04,150.0038,139.8
2015-01-05,147.4492,145.1
2015-01-06,147.4571,150.1
2015-01-07,149.1595,138.0
2015-01-08,152.4843,139.3
2015-01-09,150.6068,148.9
2015-01-10,150.6184,148.7
2015-01-11,151.5603,141.9
2015-01-12,153.6389,137.3
2015-01-13,150.2974,127.7
2015-01-14,146.5175,124.4
2015-01-15,140.7654,121.8
2015-01-16,136.7555,117.4
2015-01-17,134.9926,116.7
2015-01-18,135.6091,115.3
2015-01-19,137.4889,115.7
2015-01-20,135.6876,118.2
2015-01-21,135.0312,116.0
2015-01-22,134.1977,117.0
2015-01-23,134.6817,113.6
2015-01-24,135.9214,115.0
2015-01-25,136.0256,114.3
2015-01-26,143.2579,112.1
2015-01-27,147.6869,108.8
2015-01-28,148.7806,109.1
2015-01-29,153.4815,115.7
2015-01-30,149.8231,121.1
2015-01-31,148.0439,125.3
2015-02-01,144.5339,128.1
2015-02-02,145.5335,122.9
2015-02-03,147.3877,122.1
2015-02-04,149.1127,124.5
2015-02-05,145.0381,125.4
2015-02-06,145.4458,130.9
2015-02-07,148.1161,122.3
2015-02-08,147.2509,121.2
2015-02-09,144.5345,119.2
2015-02-10,142.2599,129.9
2015-02-11,137.9737,125.1
2015-02-12,136.368,117.9
2015-02-13,134.9217,114.3
2015-02-14,132.7563,113.1
2015-02-15,131.8892,116.0
2015-02-16,130.751,113.2
2015-02-17,130.3557,113.7
2015-02-18,131.5563,108.3
2015-02-19,130.3445,111.8
2015-02-20,131.0264,112.7
2015-02-21,129.8663,121.5
2015-02-22,130.1645,127.2
2015-02-23,130.0531,132.2
2015-02-24,129.0328,137.0
2015-02-25,127.353,135.5
2015-02-26,126.8261,137.2
2015-02-27,128.8749,145.1
2015-02-28,131.1517,144.0
2015-03-01,133.0728,133.3
2015-03-02,134.5004,127.8
2015-03-03,131.7765,123.9
2015-03-04,130.7607,121.2
2015-03-05,131.5259,119.8
2015-03-06,131.5488,122.4
2015-03-07,133.4278,122.3
2015-03-08,129.4305,125.8
2015-03-09,127.9154,111.4
2015-03-10,126.4619,106.3
2015-03-11,129.7079,111.6
2015-03-12,127.7668,115.5
2015-03-13,125.2488,123.5
2015-03-14,123.575,134.6
2015-03-15,123.2903,142.1
2015-03-16,124.0078,147.7
2015-03-17,123.2548,155.7
2015-03-18,123.117,151.3
2015-03-19,121.0489,150.8
2015-03-20,122.2332,148.9
2015-03-21,122.6959,153.0
2015-03-22,126.5071,151.0
2015-03-23,129.4511,155.3
2015-03-24,132.1805,151.8
2015-03-25,134.4459,142.0
2015-03-26,133.6269,136.0
2015-03-27,134.0434,127.4
2015-03-28,136.4471,120.0
2015-03-29,135.3746,108.9
2015-03-30,131.3875,109.2
2015-03-31,129.0329,105.5
2015-04-01,126.8946,103.3
2015-04-02,125.0693,101.4
2015-04-03,124.0671,107.3
2015-04-04,125.0404,112.9
2015-04-05,124.9145,125.4
2015-04-06,126.0423,130.0
2015-04-07,120.8116,138.6
2015-04-08,118.6703,149.2
2015-04-09,120.6139,152.6
2015-04-10,122.0154,157.5
2015-04-11,125.5902,163.1
2015-04-12,130.2222,166.2
2015-04-13,133.0261,166.5
2015-04-14,136.1493,160.3
2015-04-15,139.5449,148.2
2015-04-16,138.1756,139.5
2015-04-17,138.0511,134.0
2015-04-18,137.4423,122.3
2015-04-19,139.2354,117.6
2015-04-20,138.1798,112.9
2015-04-21,139.7997,108.2
2015-04-22,138.9434,104.3
2015-04-23,134.563,101.6
2015-04-24,131.4536,100.2
2015-04-25,128.1605,101.2
2015-04-26,124.7391,99.0
2015-04-27,119.7508,97.0
2015-04-28,119.4808,97.8
2015-04-29,118.2507,95.5
2015-04-30,117.0938,94.8
2015-05-01,116.2493,97.7
2015-05-02,118.1247,97.0
2015-05-03,120.4991,103.2
2015-05-04,125.7878,103.9
2015-05-05,128.0749,111.6
2015-05-06,131.5628,121.4
2015-05-07,136.5753,129.7
2015-05-08,138.5732,136.6
2015-05-09,140.791,141.4
2015-05-10,143.2979,138.2
2015-05-11,144.7081,140.6
2015-05-12,144.995,139.5
2015-05-13,142.8291,144.2
2015-05-14,138.5364,141.0
2015-05-15,134.8545,140.3
2015-05-16,132.661,135.8
2015-05-17,127.9157,139.1
2015-05-18,126.0248,140.5
2015-05-19,123.4509,140.2
2015-05-20,120.8979,141.7
2015-05-21,118.9818,141.8
2015-05-22,117.5037,139.8
2015-05-23,116.8254,136.0
2015-05-24,117.115,134.3
2015-05-25,116.2673,119.9
2015-05-26,115.2057,113.1
2015-05-27,115.1911,105.2
2015-05-28,114.6215,104.6
2015-05-29,114.2114,100.5
2015-05-30,115.4267,100.5
2015-05-31,115.4531,100.4
2015-06-01,117.9648,104.2
2015-06-02,118.28,113.3
2015-06-03,121.6117,117.6
2015-06-04,125.8771,116.1
2015-06-05,130.5204,120.7
2015-06-06,134.1198,129.0
2015-06-07,135.5151,137.9
2015-06-08,134.0201,137.1
2015-06-09,134.3601,133.2
2015-06-10,134.0067,126.0
2015-06-11,135.1429,133.3
2015-06-12,133.9922,124.3
2015-06-13,132.6813,119.9
2015-06-14,130.7361,113.8
2015-06-15,131.795,108.7
2015-06-16,132.1546,104.4
2015-06-17,132.1076,102.9
2015-06-18,132.7707,100.6
2015-06-19,132.6588,99.1
2015-06-20,131.8718,102.6
2015-06-21,131.0585,96.3
2015-06-22,130.6958,94.0
2015-06-23,124.7321,91.9
2015-06-24,121.6908,92.2
2015-06-25,118.7783,95.2
2015-06-26,118.5527,96.9
2015-06-27,116.9496,100.1
2015-06-28,117.08,103.2
2015-06-29,117.3149,104.2
2015-06-30,119.1978,103.8
2015-07-01,123.0288,105.1
2015-07-02,125.5005,103.8
2015-07-03,124.2577,106.0
2015-07-04,126.2245,104.5
2015-07-05,129.0996,108.7
2015-07-06,132.4893,109.9
2015-07-07,131.7936,115.5
2015-07-08,130.3123,125.1
2015-07-09,127.0715,125.5
2015-07-10,129.9281,124.4
2015-07-11,126.1353,117.6
2015-07-12,123.9088,109.1
2015-07-13,121.5781,105.6
2015-07-14,119.4833,101.9
2015-07-15,117.5966,97.3
2015-07-16,116.7417,95.7
2015-07-17,115.4454,91.7
2015-07-18,114.2124,87.8
2015-07-19,114.9602,89.2
2015-07-20,112.1302,90.9
2015-07-21,110.801,100.6
2015-07-22,109.6368,105.3
2015-07-23,109.5713,121.4
2015-07-24,110.9038,119.6
2015-07-25,111.7373,119.8
2015-07-26,113.2461,130.6
2015-07-27,114.5765,123.9
2015-07-28,114.8443,128.9
2015-07-29,114.4031,112.5
2015-07-30,115.0766,111.3
2015-07-31,115.153,102.1
2015-08-01,115.7068,93.4
2015-08-02,114.1604,92.7
2015-08-03,114.7068,90.7
2015-08-04,115.7549,89.8
2015-08-05,117.6964,88.0
2015-08-06,121.8295,91.5
2015-08-07,122.1133,86.8
2015-08-08,121.7111,86.9
2015-08-09,117.8317,85.0
2015-08-10,114.0563,84.7
2015-08-11,113.0985,83.5
2015-08-12,111.6595,84.6
2015-08-13,109.6246,94.1
2015-08-14,108.8604,100.4
2015-08-15,106.4786,100.0
2015-08-16,105.4508,97.7
2015-08-17,105.7018,102.2
2015-08-18,106.3736,110.6
2015-08-19,109.5666,107.9
2015-08-20,111.9374,103.8
2015-08-21,118.3688,106.7
2015-08-22,118.2432,111.3
2015-08-23,118.8809,104.2
2015-08-24,123.7309,107.8
2015-08-25,120.9422,111.4
2015-08-26,123.1223,107.4
2015-08-27,116.058,120.5
2015-08-28,115.3891,120.8
2015-08-29,111.8644,128.1
2015-08-30,108.9319,124.5
2015-08-31,108.6302,129.6
2015-09-01,107.8065,131.5
2015-09-02,107.017,120.0
2015-09-03,105.2599,107.6
2015-09-04,105.7735,97.0
2015-09-05,103.1629,88.3
2015-09-06,102.6986,82.6
2015-09-07,100.7851,81.3
2015-09-08,100.2108,80.4
2015-09-09,99.4415,79.5
2015-09-10,99.6082,81.0
2015-09-11,103.3655,81.2
2015-09-12,106.0477,84.3
2015-09-13,106.5315,88.7
2015-09-14,105.4937,95.2
2015-09-15,107.8627,100.2
2015-09-16,111.3927,106.1
2015-09-17,110.2835,108.4
2015-09-18,108.8426,115.8
2015-09-19,109.5116,118.6
2015-09-20,111.1354,122.7
2015-09-21,107.4294,121.7
2015-09-22,108.6074,127.8
2015-09-23,109.2719,119.3
2015-09-24,107.1697,113.7
2015-09-25,113.356,105.2
2015-09-26,113.267,105.2
2015-09-27,116.2789,104.9
2015-09-28,114.5838,108.7
2015-09-29,116.5912,110.7
2015-09-30,116.9006,111.4
2015-10-01,111.9484,115.5
2015-10-02,105.7448,116.7
2015-10-03,101.1564,122.4
2015-10-04,98.4642,120.1
2015-10-05,96.2435,122.2
2015-10-06,96.226,112.0
2015-10-07,96.2739,108.1
2015-10-08,95.8811,113.2
2015-10-09,95.8246,112.9
2015-10-10,96.2771,105.7
2015-10-11,97.8648,105.6
2015-10-12,100.1157,103.3
2015-10-13,102.556,102.9
2015-10-14,105.1804,101.4
2015-10-15,107.9631,100.8
2015-10-16,108.9983,104.1
2015-10-17,112.1498,103.5
2015-10-18,113.3186,103.2
2015-10-19,115.099,104.6
2015-10-20,115.9148,105.1
2015-10-21,117.3604,105.6
2015-10-22,115.0901,108.4
2015-10-23,112.6481,119.2
2015-10-24,109.3393,119.9
2015-10-25,109.3065,116.7
2015-10-26,107.4836,110.3
2015-10-27,108.1821,106.2
2015-10-28,108.271,101.2
2015-10-29,108.4742,96.3
2015-10-30,109.6818,94.0
2015-10-31,110.4027,92.9
2015-11-01,112.239,93.1
2015-11-02,111.7537,91.9
2015-11-03,112.1894,92.6
2015-11-04,109.068,91.8
2015-11-05,107.3597,94.8
2015-11-06,109.501,97.6
2015-11-07,110.0945,99.3
2015-11-08,108.0157,97.8
2015-11-09,108.0722,107.9
2015-11-10,107.0518,105.5
2015-11-11,107.2159,105.2
2015-11-12,106.7008,110.3
2015-11-13,106.5675,113.1
2015-11-14,107.6932,118.7
2015-11-15,107.888,120.2
2015-11-16,107.0442,115.2
2015-11-17,107.5963,122.2
2015-11-18,106.9901,114.0
2015-11-19,107.6202,113.3
2015-11-20,109.0184,115.2
2015-11-21,113.8703,112.8
2015-11-22,114.7816,117.8
2015-11-23,113.5498,125.8
2015-11-24,111.4604,129.5
2015-11-25,110.3549,128.4
2015-11-26,108.5982,122.3
2015-11-27,106.5592,113.5
2015-11-28,105.5954,106.7
2015-11-29,104.6709,108.4
2015-11-30,104.7291,101.9
2015-12-01,104.2561,98.1
2015-12-02,104.398,93.0
2015-12-03,103.4055,95.1
2015-12-04,104.1537,96.6
2015-12-05,105.0566,98.5
2015-12-06,105.8335,92.2
2015-12-07,105.0804,92.1
2015-12-08,109.3223,96.9
2015-12-09,109.0084,99.9
2015-12-10,108.8756,104.9
2015-12-11,110.888,103.5
2015-12-12,111.9974,105.4
2015-12-13,114.2407,104.5
2015-12-14,115.0781,102.0
2015-12-15,112.2064,100.7
2015-12-16,115.3102,99.9
2015-12-17,111.6679,100.1
2015-12-18,111.2388,96.7
2015-12-19,111.011,97.4
2015-12-20,110.0455,96.7
2015-12-21,112.0858,94.4
2015-12-22,115.5982,97.2
2015-12-23,117.0123,100.7
2015-12-24,116.5956,97.3
2015-12-25,114.321,95.8
2015-12-26,111.2729,100.6
2015-12-27,108.4182,104.3
2015-12-28,109.2377,111.3
2015-12-29,107.3037,109.3
2015-12-30,105.2842,106.6
2015-12-31,103.6427,103.7
2016-01-01,104.2088,102.0
2016-01-02,105.8734,98.3
2016-01-03,106.4556,97.3
2016-01-04,104.7085,99.1
2016-01-05,105.1656,108.9
2016-01-06,106.8745,119.8
2016-01-07,108.9932,116.3
2016-01-08,111.2498,113.9
2016-01-09,110.8793,113.9
2016-01-10,111.7568,112.1
2016-01-11,109.846,114.1
2016-01-12,108.914,109.2
2016-01-13,109.0187,109.8
2016-01-14,108.5325,109.3
2016-01-15,108.8208,107.5
2016-01-16,107.4263,105.4
2016-01-17,108.2701,104.7
2016-01-18,107.1731,101.5
2016-01-19,105.3489,97.5
2016-01-20,105.1037,92.7
2016-01-21,105.3217,91.9
2016-01-22,103.6404,97.8
2016-01-23,102.5314,93.5
2016-01-24,104.7119,91.7
2016-01-25,105.9354,89.1
2016-01-26,108.6859,86.1
2016-01-27,108.0443,89.9
2016-01-28,107.2403,87.2
2016-01-29,104.9293,88.6
2016-01-30,104.0322,91.5
2016-01-31,102.7338,89.3
2016-02-01,102.6105,95.1
2016-02-02,103.5856,96.5
2016-02-03,107.8639,97.1
2016-02-04,112.8476,98.9
2016-02-05,111.8951,94.7
2016-02-06,110.4291,94.1
2016-02-07,110.8052,92.8
2016-02-08,110.2634,94.2
2016-02-09,110.8853,96.0
2016-02-10,108.8146,93.7
2016-02-11,109.2827,93.0
2016-02-12,108.899,93.9
2016-02-13,108.0618,91.5
2016-02-14,107.5677,92.4
2016-02-15,107.765,93.1
2016-02-16,106.2239,90.1
2016-02-17,104.4043,90.7
2016-02-18,102.5447,89.5
2016-02-19,102.194,88.6
2016-02-20,104.6794,86.9
2016-02-21,103.635,88.2
2016-02-22,102.78,86.7
2016-02-23,101.9462,86.2
2016-02-24,100.1263,86.0
2016-02-25,101.3322,85.1
2016-02-26,100.684,85.1
2016-02-27,101.3795,87.9
2016-02-28,103.1295,87.4
2016-02-29,103.2564,87.5
2016-03-01,105.2995,83.6
2016-03-02,106.0422,81.6
2016-03-03,106.1734,82.0
2016-03-04,107.3647,81.5
2016-03-05,104.8061,82.3
2016-03-06,103.8746,83.5
2016-03-07,102.9891,83.5
2016-03-08,103.5364,87.2
2016-03-09,104.9167,92.5
2016-03-10,103.0052,98.6
2016-03-11,101.8509,105.9
2016-03-12,101.7343,111.1
2016-03-13,99.8692,117.2
2016-03-14,99.343,111.9
2016-03-15,98.7127,108.8
2016-03-16,98.2153,111.8
2016-03-17,97.5653,113.2
2016-03-18,96.7561,114.0
2016-03-19,96.1834,102.9
2016-03-20,95.0778,95.4
2016-03-21,95.6109,89.9
2016-03-22,94.2894,84.0
2016-03-23,94.0593,77.5
2016-03-24,94.2732,77.5
2016-03-25,93.9295,79.6
2016-03-26,94.528,82.8
2016-03-27,95.9798,82.9
2016-03-28,95.9137,86.3
2016-03-29,95.7892,93.8
2016-03-30,93.7054,96.3
2016-03-31,92.5967,93.8
2016-04-01,92.5132,95.4
2016-04-02,92.1727,93.6
2016-04-03,92.4211,91.3
2016-04-04,93.0856,91.5
2016-04-05,93.0999,91.6
2016-04-06,94.5053,88.7
2016-04-07,96.3807,91.2
2016-04-08,98.4934,89.7
2016-04-09,101.6913,85.6
2016-04-10,103.1699,90.2
2016-04-11,105.2218,90.5
2016-04-12,103.2598,95.8
2016-04-13,101.9636,93.9
2016-04-14,102.6783,95.4
2016-04-15,102.9929,103.4
2016-04-16,103.2704,105.7
2016-04-17,99.2116,104.3
2016-04-18,96.4233,105.6
2016-04-19,94.1887,104.7
2016-04-20,91.5115,101.2
2016-04-21,88.7301,102.0
2016-04-22,88.5849,100.2
2016-04-23,89.1364,99.8
2016-04-24,90.2677,99.8
2016-04-25,90.0846,96.7
2016-04-26,91.4262,96.1
2016-04-27,94.147,94.2
2016-04-28,95.4915,92.8
2016-04-29,94.6716,90.1
2016-04-30,95.2772,85.3
2016-05-01,94.7578,88.7
2016-05-02,94.0036,89.0
2016-05-03,94.3597,88.4
2016-05-04,94.6811,87.7
2016-05-05,94.3291,85.7
2016-05-06,95.4572,82.4
2016-05-07,94.0299,81.5
2016-05-08,92.1159,80.8
2016-05-09,94.2634,80.8
2016-05-10,94.6437,82.6
2016-05-11,96.3028,87.8
2016-05-12,94.7045,87.5
2016-05-13,94.6749,90.9
2016-05-14,97.7552,97.1
2016-05-15,98.5909,93.9
2016-05-16,97.5826,90.4
2016-05-17,97.8591,90.1
2016-05-18,97.5362,91.0
2016-05-19,96.3702,89.4
2016-05-20,96.8398,86.3
2016-05-21,96.117,87.9
2016-05-22,96.2911,87.1
2016-05-23,96.4333,82.9
2016-05-24,94.9084,80.9
2016-05-25,94.5207,80.0
2016-05-26,93.7761,78.2
2016-05-27,93.5332,79.6
2016-05-28,92.8553,79.2
2016-05-29,90.9826,78.0
2016-05-30,92.8969,75.5
2016-05-31,93.5233,76.0
2016-06-01,93.2054,75.4
2016-06-02,92.5139,74.4
2016-06-03,91.6577,73.3
2016-06-04,90.4621,74.8
2016-06-05,90.5412,76.3
2016-06-06,89.885,74.9
2016-06-07,89.702,79.7
2016-06-08,91.0101,86.1
2016-06-09,93.0011,90.0
2016-06-10,93.0797,95.3
2016-06-11,94.4111,97.6
2016-06-12,96.4594,97.8
2016-06-13,95.1425,95.5
2016-06-14,93.8385,100.0
2016-06-15,93.5871,98.2
2016-06-16,93.8404,105.4
2016-06-17,93.3886,110.1
2016-06-18,91.5792,108.6
2016-06-19,92.209,110.6
2016-06-20,91.6303,104.1
2016-06-21,89.3142,111.5
2016-06-22,88.5762,103.3
2016-06-23,87.7389,93.3
2016-06-24,87.1462,88.9
2016-06-25,87.6278,84.8
2016-06-26,87.61,75.9
2016-06-27,87.2657,75.9
2016-06-28,85.5705,73.8
2016-06-29,85.3742,72.5
2016-06-30,84.872,72.6
2016-07-01,84.0774,73.1
2016-07-02,83.5613,73.7
2016-07-03,83.8248,74.1
2016-07-04,84.8771,77.1
2016-07-05,83.9566,77.0
2016-07-06,86.274,78.5
2016-07-07,89.1622,82.1
2016-07-08,90.6878,85.5
2016-07-09,92.428,95.3
2016-07-10,93.2682,99.0
2016-07-11,93.4958,94.9
2016-07-12,92.4498,97.6
2016-07-13,93.7125,97.2
2016-07-14,93.3818,97.3
2016-07-15,95.9442,92.9
2016-07-16,97.4888,89.4
2016-07-17,96.9285,89.8
2016-07-18,97.8611,88.7
2016-07-19,95.7233,84.9
2016-07-20,98.5479,84.4
2016-07-21,95.8145,82.7
2016-07-22,91.7416,80.0
2016-07-23,90.1194,78.4
2016-07-24,88.2319,81.8
2016-07-25,84.3551,83.1
2016-07-26,84.0165,79.7
2016-07-27,83.0657,80.3
2016-07-28,82.6411,83.6
2016-07-29,82.7571,85.6
2016-07-30,82.6533,87.1
2016-07-31,83.1934,89.5
2016-08-01,83.7018,102.3
2016-08-02,85.4443,99.3
2016-08-03,85.8368,96.9
2016-08-04,86.7654,96.3
2016-08-05,88.1669,100.7
2016-08-06,89.1968,99.0
2016-08-07,93.2587,95.3
2016-08-08,94.7426,93.9
2016-08-09,93.3134,94.4
2016-08-10,94.2858,95.9
2016-08-11,94.0566,92.3
2016-08-12,94.1261,94.3
2016-08-13,92.1176,87.5
2016-08-14,91.1541,87.5
2016-08-15,90.7285,87.0
2016-08-16,89.678,86.2
2016-08-17,87.4084,85.3
2016-08-18,86.6286,84.5
2016-08-19,85.3357,81.0
2016-08-20,83.7705,83.8
2016-08-21,83.2503,83.3
2016-08-22,84.6137,85.2
2016-08-23,85.2206,86.1
2016-08-24,83.7564,85.7
2016-08-25,83.8853,86.1
2016-08-26,85.2078,85.4
2016-08-27,86.381,85.1
2016-08-28,86.9709,87.2
2016-08-29,88.0491,85.9
2016-08-30,93.1535,84.8
2016-08-31,92.7097,83.0
2016-09-01,92.551,80.8
2016-09-02,92.3834,81.2
2016-09-03,93.9099,82.4
2016-09-04,93.0677,87.9
2016-09-05,91.9652,93.1
2016-09-06,91.6109,99.3
2016-09-07,91.4281,101.4
2016-09-08,91.7448,104.0
2016-09-09,90.9613,104.1
2016-09-10,92.0675,104.2
2016-09-11,89.5633,101.6
2016-09-12,88.9661,98.8
2016-09-13,88.3789,97.2
2016-09-14,87.928,94.8
2016-09-15,87.3765,92.3
2016-09-16,87.0456,84.4
2016-09-17,85.6257,80.4
2016-09-18,87.0412,75.6
2016-09-19,87.1964,76.8
2016-09-20,88.2142,75.8
2016-09-21,88.6534,74.0
2016-09-22,88.6206,77.1
2016-09-23,89.1456,76.7
2016-09-24,89.6866,76.0
2016-09-25,89.4108,74.5
2016-09-26,90.2606,76.9
2016-09-27,89.4526,77.1
2016-09-28,89.3637,77.8
2016-09-29,88.3815,78.2
2016-09-30,87.4541,78.0
2016-10-01,87.654,75.1
2016-10-02,88.1247,75.5
2016-10-03,90.1791,75.4
2016-10-04,91.9755,74.8
2016-10-05,94.314,74.4
2016-10-06,94.3194,75.4
2016-10-07,94.973,75.3
2016-10-08,94.989,74.9
2016-10-09,94.8984,75.1
2016-10-10,93.956,75.4
2016-10-11,92.6077,78.3
2016-10-12,91.5056,78.6
2016-10-13,90.8145,76.8
2016-10-14,89.881,76.8
2016-10-15,87.1375,76.2
2016-10-16,85.3552,75.6
2016-10-17,83.5031,74.9
2016-10-18,83.8943,79.1
2016-10-19,83.5688,76.8
2016-10-20,82.5891,75.8
2016-10-21,84.2325,74.9
2016-10-22,84.1387,74.6
2016-10-23,83.5573,73.1
2016-10-24,82.6288,75.4
2016-10-25,83.7579,75.7
2016-10-26,84.2844,77.0
2016-10-27,84.6251,78.8
2016-10-28,85.1115,79.1
2016-10-29,85.0679,80.4
2016-10-30,83.712,82.9
2016-10-31,84.1556,83.1
2016-11-01,84.0974,81.3
2016-11-02,83.6224,82.1
2016-11-03,83.4882,82.0
2016-11-04,83.4722,82.2
2016-11-05,83.2075,80.0
2016-11-06,82.5805,80.3
2016-11-07,82.2454,77.4
2016-11-08,82.1637,74.9
2016-11-09,83.2239,72.6
2016-11-10,83.1345,70.7
2016-11-11,82.1525,70.0
2016-11-12,82.0117,69.2
2016-11-13,81.9286,68.6
2016-11-14,81.3707,69.0
2016-11-15,81.0834,70.1
2016-11-16,82.831,70.2
2016-11-17,82.1088,70.3
2016-11-18,81.1898,69.8
2016-11-19,80.5908,70.0
2016-11-20,80.3256,70.5
2016-11-21,79.8513,72.5
2016-11-22,80.5746,72.6
2016-11-23,80.6284,72.4
2016-11-24,80.9748,71.3
2016-11-25,81.6296,70.7
2016-11-26,81.7722,70.1
2016-11-27,82.1808,71.4
2016-11-28,83.0517,71.3
2016-11-29,83.2479,70.9
2016-11-30,82.7392,70.9
2016-12-01,82.8747,71.2
2016-12-02,82.8147,71.1
2016-12-03,82.709,70.1
2016-12-04,81.9316,70.6
2016-12-05,81.9129,71.0
2016-12-06,80.723,70.0
2016-12-07,79.5944,70.9
2016-12-08,78.6815,69.6
2016-12-09,77.8683,69.7
2016-12-10,77.4404,69.2
2016-12-11,77.3597,68.9
2016-12-12,76.9509,70.3
2016-12-13,76.9216,72.0
2016-12-14,77.1091,73.0
2016-12-15,76.9542,72.4
2016-12-16,76.7406,74.1
2016-12-17,76.5834,75.0
2016-12-18,76.544,75.8
2016-12-19,76.6592,76.1
2016-12-20,77.5008,76.1
2016-12-21,77.3988,77.0
2016-12-22,77.2958,80.6
2016-12-23,76.9235,83.4
2016-12-24,76.4937,84.0
2016-12-25,75.8393,81.5
2016-12-26,76.0783,79.7
2016-12-27,76.1062,82.5
2016-12-28,75.6674,80.6
2016-12-29,75.39,77.9
2016-12-30,75.3667,76.1
2016-12-31,75.1215,74.4
2017-01-01,74.4141,74.7
2017-01-02,74.4121,73.8
2017-01-03,74.4722,73.9
2017-01-04,73.9933,73.1
2017-01-05,74.365,73.0
2017-01-06,73.7194,71.9
2017-01-07,73.7182,70.6
2017-01-08,73.4375,70.5
2017-01-09,73.314,70.1
2017-01-10,73.9264,71.1
2017-01-11,74.6796,71.5
2017-01-12,75.2028,72.1
2017-01-13,74.937,73.8
2017-01-14,75.6774,74.3
2017-01-15,76.0912,73.0
2017-01-16,76.3832,72.7
2017-01-17,76.5709,73.0
2017-01-18,76.5926,72.2
2017-01-19,77.0885,72.8
2017-01-20,78.8045,74.9
2017-01-21,80.0895,76.4
2017-01-22,80.369,78.9
2017-01-23,79.325,80.7
2017-01-24,78.5735,81.4
2017-01-25,79.8129,81.6
2017-01-26,79.0674,80.5
2017-01-27,77.886,78.5
2017-01-28,76.99,77.5
2017-01-29,76.218,80.6
2017-01-30,76.2858,80.1
2017-01-31,75.8653,79.3
2017-02-01,75.8443,77.8
2017-02-02,75.4117,76.7
2017-02-03,75.3222,73.9
2017-02-04,74.7988,71.6
2017-02-05,74.1764,71.3
2017-02-06,74.054,70.6
2017-02-07,73.8641,69.6
2017-02-08,74.3057,70.3
2017-02-09,74.4424,70.0
2017-02-10,74.7245,69.1
2017-02-11,75.4498,69.2
2017-02-12,75.6146,69.5
2017-02-13,74.9862,68.8
2017-02-14,74.8214,69.1
2017-02-15,74.9125,69.7
2017-02-16,74.5134,69.9
2017-02-17,74.6463,69.6
2017-02-18,75.5012,70.5
2017-02-19,76.1988,72.1
2017-02-20,77.508,70.5
2017-02-21,78.4287,72.0
2017-02-22,78.6932,71.5
2017-02-23,78.7242,71.9
2017-02-24,78.235,73.7
2017-02-25,77.3836,76.8
2017-02-26,76.9226,82.5
2017-02-27,78.3213,83.4
2017-02-28,78.0955,83.1
2017-03-01,77.8914,85.7
2017-03-02,77.3188,90.4
2017-03-03,76.751,100.9
2017-03-04,75.4134,111.9
2017-03-05,74.3839,107.9
2017-03-06,74.2142,93.9
2017-03-07,73.8861,84.7
2017-03-08,73.501,85.8
2017-03-09,73.8607,74.1
2017-03-10,73.755,73.3
2017-03-11,73.3749,74.7
2017-03-12,73.3772,73.9
2017-03-13,73.4434,74.9
2017-03-14,73.1011,71.8
2017-03-15,73.2592,73.9
2017-03-16,73.4505,73.3
2017-03-17,73.4637,73.5
2017-03-18,73.2794,75.0
2017-03-19,73.6483,75.8
2017-03-20,74.3914,77.5
2017-03-21,73.6379,81.6
2017-03-22,74.3029,81.4
2017-03-23,74.0398,83.1
2017-03-24,74.2494,84.5
2017-03-25,75.0382,83.4
2017-03-26,76.5506,81.1
2017-03-27,79.2442,82.3
2017-03-28,79.7543,80.6
2017-03-29,79.7313,79.3
2017-03-30,81.0421,79.1
2017-03-31,83.3618,78.2
2017-04-01,88.2557,78.6
2017-04-02,93.5157,76.4
2017-04-03,92.1719,78.4
2017-04-04,86.1203,76.2
2017-04-05,81.9516,75.4
2017-04-06,82.4763,74.8
2017-04-07,77.206,74.1
2017-04-08,76.9205,73.0
2017-04-09,77.5391,71.8
2017-04-10,77.2688,70.2
2017-04-11,77.6723,69.9
2017-04-12,76.1444,70.5
2017-04-13,76.9561,70.4
2017-04-14,76.6819,71.9
2017-04-15,76.7522,72.7
2017-04-16,77.3128,72.2
2017-04-17,77.6404,73.5
2017-04-18,78.487,73.1
2017-04-19,80.3804,73.9
2017-04-20,80.4227,74.0
2017-04-21,81.1975,74.2
2017-04-22,81.7857,75.3
2017-04-23,81.3315,76.3
2017-04-24,80.3487,77.9
2017-04-25,80.8794,79.9
2017-04-26,80.1826,78.1
2017-04-27,79.623,82.4
2017-04-28,79.5806,84.1
2017-04-29,79.2068,81.0
2017-04-30,79.3998,77.9
2017-05-01,78.2923,75.7
2017-05-02,79.2508,76.2
2017-05-03,78.1746,77.9
2017-05-04,77.8369,80.4
2017-05-05,77.6537,80.2
2017-05-06,77.3375,79.9
2017-05-07,76.9163,81.8
2017-05-08,76.4603,77.6
2017-05-09,75.6471,77.8
2017-05-10,75.5218,76.2
2017-05-11,75.7147,76.0
2017-05-12,75.6293,77.0
2017-05-13,76.1995,76.6
2017-05-14,76.5183,77.5
2017-05-15,76.1857,77.2
2017-05-16,76.7529,76.4
2017-05-17,76.4657,79.9
2017-05-18,76.8138,75.8
2017-05-19,76.7486,77.2
2017-05-20,76.7779,77.3
2017-05-21,77.2669,76.0
2017-05-22,77.7895,76.9
2017-05-23,78.6037,76.2
2017-05-24,79.6018,76.1
2017-05-25,78.9402,76.1
2017-05-26,80.9231,76.6
2017-05-27,81.8286,76.2
2017-05-28,80.588,76.2
2017-05-29,79.2606,76.6
2017-05-30,78.165,74.5
2017-05-31,78.382,74.2
2017-06-01,79.3479,73.9
2017-06-02,78.6038,73.1
2017-06-03,78.5366,73.6
2017-06-04,78.4679,74.1
2017-06-05,79.4239,74.2
2017-06-06,78.1434,75.5
2017-06-07,78.3792,78.5
2017-06-08,77.8071,82.2
2017-06-09,77.6544,89.5
2017-06-10,78.3871,94.0
2017-06-11,78.3148,98.2
2017-06-12,78.7997,94.1
2017-06-13,78.7944,93.2
2017-06-14,78.4409,95.3
2017-06-15,79.8542,97.0
2017-06-16,78.302,94.6
2017-06-17,78.9787,89.3
2017-06-18,79.0694,88.4
2017-06-19,78.2847,80.8
2017-06-20,78.8934,75.5
2017-06-21,78.4452,72.5
2017-06-22,78.5913,71.6
2017-06-23,78.3482,71.8
2017-06-24,78.4375,72.8
2017-06-25,78.1313,72.3
2017-06-26,78.0736,72.0
2017-06-27,78.3219,70.7
2017-06-28,77.3836,70.5
2017-06-29,77.2444,71.6
2017-06-30,77.131,72.1
2017-07-01,76.7524,71.7
2017-07-02,76.9688,74.4
2017-07-03,77.1523,75.7
2017-07-04,77.1703,76.6
2017-07-05,77.7406,77.3
2017-07-06,79.378,76.3
2017-07-07,81.0877,76.3
2017-07-08,84.4923,75.6
2017-07-09,86.5733,74.8
2017-07-10,88.5104,73.0
2017-07-11,86.8493,73.4
2017-07-12,84.0403,73.0
2017-07-13,84.7519,71.7
2017-07-14,85.3009,72.2
2017-07-15,84.6726,70.0
2017-07-16,82.8211,74.9
2017-07-17,82.5827,76.1
2017-07-18,79.9447,79.2
2017-07-19,77.9954,78.5
2017-07-20,76.9748,82.0
2017-07-21,76.6253,88.9
2017-07-22,76.5884,88.0
2017-07-23,76.7712,89.1
2017-07-24,76.5176,92.3
2017-07-25,76.3979,87.0
2017-07-26,75.7465,80.5
2017-07-27,75.6615,82.5
2017-07-28,76.0736,79.2
2017-07-29,76.321,79.8
2017-07-30,76.2669,83.2
2017-07-31,77.359,85.9
2017-08-01,78.0621,88.6
2017-08-02,79.0882,93.6
2017-08-03,79.6895,95.1
2017-08-04,79.6345,101.7
2017-08-05,79.3254,122.2
2017-08-06,78.9879,136.3
2017-08-07,78.7608,122.5
2017-08-08,78.2561,134.9
2017-08-09,78.1463,130.4
2017-08-10,77.5339,118.5
2017-08-11,76.9036,108.7
2017-08-12,76.5448,101.6
2017-08-13,75.2074,80.9
2017-08-14,76.546,76.4
2017-08-15,76.8542,76.0
2017-08-16,78.2732,75.1
2017-08-17,78.1072,73.6
2017-08-18,79.3129,72.9
2017-08-19,81.8396,72.9
2017-08-20,81.6101,72.9
2017-08-21,82.1512,71.3
2017-08-22,83.4014,74.5
2017-08-23,81.5555,73.6
2017-08-24,79.2585,78.1
2017-08-25,80.0656,81.7
2017-08-26,79.1876,87.4
2017-08-27,79.539,90.4
2017-08-28,80.7365,91.1
2017-08-29,81.6038,91.3
2017-08-30,82.7928,91.2
2017-08-31,84.7385,90.0
2017-09-01,85.3715,89.6
2017-09-02,87.6943,85.9
2017-09-03,95.8711,86.1
2017-09-04,101.6964,86.5
2017-09-05,97.4346,86.8
2017-09-06,102.2588,84.7
2017-09-07,100.8639,84.0
2017-09-08,96.79,79.5
2017-09-09,93.0533,76.5
2017-09-10,90.8472,72.1
2017-09-11,83.7996,70.7
2017-09-12,82.0778,69.3
2017-09-13,82.2247,69.9
2017-09-14,81.7112,69.4
2017-09-15,81.2161,68.6
2017-09-16,81.2432,69.9
2017-09-17,80.8282,70.4
2017-09-18,80.33,69.8
2017-09-19,79.945,72.7
2017-09-20,80.9527,72.8
2017-09-21,80.8101,75.1
2017-09-22,82.8975,75.7
2017-09-23,84.5298,76.5
2017-09-24,86.7345,77.2
2017-09-25,88.287,76.7
2017-09-26,88.7395,77.9
2017-09-27,89.2262,76.4
2017-09-28,90.5475,75.0
2017-09-29,90.881,74.4
2017-09-30,89.7783,74.3
2017-10-01,88.9742,74.5
2017-10-02,88.4964,74.2
2017-10-03,87.7439,71.5
2017-10-04,87.0065,72.4
2017-10-05,85.8278,72.0
2017-10-06,84.1079,70.9
2017-10-07,82.2738,69.9
2017-10-08,81.088,68.1
2017-10-09,79.2645,67.0
2017-10-10,78.6602,66.4
2017-10-11,77.9775,64.6
2017-10-12,78.1305,67.2
2017-10-13,77.8118,65.9
2017-10-14,77.5159,68.0
2017-10-15,78.2013,70.6
2017-10-16,78.1981,72.8
2017-10-17,78.372,72.6
2017-10-18,79.6313,71.6
2017-10-19,80.0695,74.7
2017-10-20,81.2038,74.3
2017-10-21,81.6033,72.7
2017-10-22,81.9823,71.8
2017-10-23,82.2338,71.4
2017-10-24,81.9417,71.6
2017-10-25,82.5528,70.6
2017-10-26,81.7548,72.2
2017-10-27,81.0652,72.4
2017-10-28,80.8056,73.5
2017-10-29,80.8338,71.7
2017-10-30,80.7648,70.0
2017-10-31,80.5935,70.6
2017-11-01,79.2592,69.8
2017-11-02,79.2409,68.3
2017-11-03,78.7019,69.5
2017-11-04,78.0987,67.0
2017-11-05,77.5188,66.4
2017-11-06,76.92,66.0
2017-11-07,76.4314,66.3
2017-11-08,76.0336,65.9
2017-11-09,75.4878,67.8
2017-11-10,76.2215,69.0
2017-11-11,75.6649,69.8
2017-11-12,76.4126,70.1
2017-11-13,77.3506,69.2
2017-11-14,78.3477,69.9
2017-11-15,78.4643,69.8
2017-11-16,78.15,69.5
2017-11-17,79.3016,69.0
2017-11-18,79.0618,68.8
2017-11-19,78.4851,69.4
2017-11-20,77.8869,66.6
2017-11-21,77.4669,71.8
2017-11-22,77.2129,73.6
2017-11-23,76.476,72.9
2017-11-24,76.5836,73.7
2017-11-25,76.267,73.6
2017-11-26,77.1164,73.2
2017-11-27,75.8823,69.5
2017-11-28,74.7436,68.6
2017-11-29,74.6951,68.8
2017-11-30,74.0562,69.1
2017-12-01,73.3009,68.1
2017-12-02,73.7844,68.3
2017-12-03,72.5183,66.8
2017-12-04,72.1803,67.2
2017-12-05,71.8873,68.3
2017-12-06,71.9493,67.2
2017-12-07,71.7413,67.0
2017-12-08,72.556,67.1
2017-12-09,73.1567,67.6
2017-12-10,73.5643,68.0
2017-12-11,73.6607,68.5
2017-12-12,73.2322,68.1
2017-12-13,73.4703,68.5
2017-12-14,73.3321,68.6
2017-12-15,73.0692,68.5
2017-12-16,72.6981,68.2
2017-12-17,72.441,67.9
2017-12-18,72.5071,68.8
2017-12-19,71.1026,68.6
2017-12-20,73.2947,68.8
2017-12-21,74.0303,68.5
2017-12-22,73.6539,67.4
2017-12-23,73.9264,66.1
2017-12-24,73.7748,67.9
2017-12-25,73.5053,68.3
2017-12-26,71.6999,67.7
2017-12-27,71.1733,68.2
2017-12-28,71.177,67.7
2017-12-29,71.2414,66.7
2017-12-30,70.7247,66.4
2017-12-31,70.7981,66.2
2018-01-01,70.0938,66.9
2018-01-02,70.2241,67.2
2018-01-03,70.7633,67.0
2018-01-04,70.2611,66.8
2018-01-05,70.1532,67.3
2018-01-06,70.1632,71.0
2018-01-07,70.3568,72.0
2018-01-08,70.4766,74.8
2018-01-09,70.6963,74.6
2018-01-10,70.4598,75.5
2018-01-11,70.632,76.1
2018-01-12,70.6566,76.2
2018-01-13,70.5793,76.2
2018-01-14,70.3638,76.6
2018-01-15,70.132,74.1
2018-01-16,70.4726,73.4
2018-01-17,70.3283,70.8
2018-01-18,70.3715,69.8
2018-01-19,70.1694,67.4
2018-01-20,69.6205,68.7
2018-01-21,68.972,67.5
2018-01-22,69.6997,68.9
2018-01-23,69.8807,66.1
2018-01-24,69.5582,68.2
2018-01-25,69.7667,68.5
2018-01-26,69.5277,68.6
2018-01-27,69.0718,67.8
2018-01-28,68.9267,70.6
2018-01-29,68.8444,68.7
2018-01-30,69.1529,68.6
2018-01-31,69.2923,66.0
2018-02-01,69.2153,66.6
2018-02-02,69.1041,66.7
2018-02-03,69.2978,66.4
2018-02-04,71.0183,66.5
2018-02-05,71.5214,66.5
2018-02-06,72.7835,66.8
2018-02-07,72.7336,65.6
2018-02-08,73.1646,66.6
2018-02-09,73.5306,66.8
2018-02-10,73.6043,66.9
2018-02-11,73.6349,67.3
2018-02-12,73.8923,67.7
2018-02-13,72.7231,66.9
2018-02-14,72.3917,68.3
2018-02-15,71.164,67.9
2018-02-16,70.7241,69.0
2018-02-17,69.6357,68.5
2018-02-18,70.1527,69.7
2018-02-19,69.5719,68.2
2018-02-20,70.1936,68.8
2018-02-21,68.9275,68.0
2018-02-22,69.8518,67.7
2018-02-23,70.0116,67.2
2018-02-24,70.0884,68.0
2018-02-25,69.7286,67.5
2018-02-26,71.0124,68.0
2018-02-27,70.1794,68.3
2018-02-28,70.1333,68.8
2018-03-01,68.9291,68.6
2018-03-02,69.1116,68.9
2018-03-03,69.1329,68.9
2018-03-04,68.9578,68.4
2018-03-05,68.9908,67.8
2018-03-06,68.9664,68.6
2018-03-07,69.0907,66.4
2018-03-08,68.5232,67.4
2018-03-09,68.9354,67.0
2018-03-10,69.0261,68.1
2018-03-11,69.0207,68.9
2018-03-12,69.1583,68.8
2018-03-13,69.3135,68.6
2018-03-14,68.9215,70.4
2018-03-15,69.5272,70.1
2018-03-16,69.2998,69.9
2018-03-17,69.8364,71.0
2018-03-18,69.6528,69.7
2018-03-19,70.1972,69.8
2018-03-20,69.4996,71.4
2018-03-21,69.7503,71.4
2018-03-22,69.3843,73.7
2018-03-23,69.2572,77.5
2018-03-24,69.0135,76.5
2018-03-25,69.3635,74.7
2018-03-26,69.1104,73.7
2018-03-27,69.3401,71.6
2018-03-28,69.5097,70.3
2018-03-29,69.7615,69.6
2018-03-30,69.7093,71.1
2018-03-31,69.8649,72.2
2018-04-01,69.8959,71.3
2018-04-02,69.7076,69.5
2018-04-03,69.4339,68.1
2018-04-04,69.7928,67.6
2018-04-05,68.8112,68.9
2018-04-06,69.2565,68.7
2018-04-07,69.0322,68.4
2018-04-08,69.4844,70.9
2018-04-09,69.8494,70.9
2018-04-10,69.8226,70.9
2018-04-11,69.7213,71.0
2018-04-12,70.5551,71.7
2018-04-13,70.4257,71.2
2018-04-14,70.304,72.4
2018-04-15,70.8729,71.8
2018-04-16,70.299,71.9
2018-04-17,70.3487,71.5
2018-04-18,71.0854,70.5
2018-04-19,71.1203,71.1
2018-04-20,72.2383,71.9
2018-04-21,74.2383,70.4
2018-04-22,73.7539,71.3
2018-04-23,72.9049,72.6
2018-04-24,72.5044,75.0
2018-04-25,71.5935,75.6
2018-04-26,71.0428,77.7
2018-04-27,70.6681,74.9
2018-04-28,71.288,76.6
2018-04-29,71.7931,78.9
2018-04-30,71.3361,77.0
2018-05-01,70.4696,77.3
2018-05-02,69.7603,78.9
2018-05-03,69.4664,76.9
2018-05-04,70.0225,76.5
2018-05-05,69.938,75.7
2018-05-06,69.7206,72.6
2018-05-07,70.8256,73.4
2018-05-08,70.8055,73.2
2018-05-09,70.8294,71.3
2018-05-10,70.8647,70.2
2018-05-11,71.224,68.8
2018-05-12,71.0371,72.4
2018-05-13,71.6424,72.0
2018-05-14,71.3571,72.5
2018-05-15,71.4148,73.0
2018-05-16,71.221,74.7
2018-05-17,70.8062,72.8
2018-05-18,71.0551,72.7
2018-05-19,71.4277,74.6
2018-05-20,70.7474,76.1
2018-05-21,71.258,79.0
2018-05-22,71.9092,84.7
2018-05-23,73.0358,84.2
2018-05-24,73.4132,83.0
2018-05-25,74.6553,79.7
2018-05-26,73.3556,77.0
2018-05-27,74.253,75.2
2018-05-28,75.5173,73.4
2018-05-29,74.8165,72.4
2018-05-30,74.9957,71.9
2018-05-31,75.8299,70.9
2018-06-01,74.9746,71.1
2018-06-02,74.7358,70.4
2018-06-03,74.3575,68.8
2018-06-04,73.0221,70.5
2018-06-05,73.3917,70.2
2018-06-06,73.3439,70.4
2018-06-07,72.5073,72.9
2018-06-08,71.99,74.4
2018-06-09,71.3475,74.0
2018-06-10,73.0099,75.4
2018-06-11,72.8723,74.5
2018-06-12,73.162,75.8
2018-06-13,73.4329,74.6
2018-06-14,74.2351,74.9
2018-06-15,73.4881,74.7
2018-06-16,73.5089,74.1
2018-06-17,74.3947,74.3
2018-06-18,75.1569,73.5
2018-06-19,76.647,73.6
2018-06-20,79.2581,72.8
2018-06-21,79.1011,72.7
2018-06-22,78.6611,72.2
2018-06-23,77.3347,70.4
2018-06-24,76.123,69.1
2018-06-25,75.2142,69.0
2018-06-26,74.4375,67.9
2018-06-27,74.0194,68.3
2018-06-28,73.8204,68.6
2018-06-29,73.3806,70.0
2018-06-30,73.4954,70.0
2018-07-01,73.1851,70.4
2018-07-02,72.4812,71.0
2018-07-03,73.2072,72.3
2018-07-04,73.0746,72.0
2018-07-05,73.178,72.3
2018-07-06,74.3454,72.5
2018-07-07,75.038,71.2
2018-07-08,74.9304,71.1
2018-07-09,75.5452,71.5
2018-07-10,75.1289,71.6
2018-07-11,75.7171,72.2
2018-07-12,75.1625,71.4
2018-07-13,75.3124,69.3
2018-07-14,75.1965,69.9
2018-07-15,74.9489,69.6
2018-07-16,75.0685,70.5
2018-07-17,74.6852,70.6
2018-07-18,74.8124,70.0
2018-07-19,74.4956,69.0
2018-07-20,74.4249,68.9
2018-07-21,74.2287,68.4
2018-07-22,73.4486,69.6
2018-07-23,72.8962,69.4
2018-07-24,72.7826,68.4
2018-07-25,72.3237,71.1
2018-07-26,72.5096,74.0
2018-07-27,72.6394,73.1
2018-07-28,73.2559,72.6
2018-07-29,73.2426,71.0
2018-07-30,73.4203,71.2
2018-07-31,73.6771,71.8
2018-08-01,74.2793,69.6
2018-08-02,74.1132,68.8
2018-08-03,74.2438,69.5
2018-08-04,74.3198,68.9
2018-08-05,73.7685,69.3
2018-08-06,73.6425,68.6
2018-08-07,73.8178,68.6
2018-08-08,73.9078,68.4
2018-08-09,74.1874,68.6
2018-08-10,73.8309,69.7
2018-08-11,72.8294,69.4
2018-08-12,73.0074,69.9
2018-08-13,72.8573,70.3
2018-08-14,73.1945,70.6
2018-08-15,73.2446,70.5
2018-08-16,72.8481,69.8
2018-08-17,72.2703,69.2
2018-08-18,72.1914,69.8
2018-08-19,71.9767,68.5
2018-08-20,72.4506,68.8
2018-08-21,72.3268,68.5
2018-08-22,71.8393,67.2
2018-08-23,73.0011,67.4
2018-08-24,74.3582,68.4
2018-08-25,74.004,68.9
2018-08-26,73.8151,69.0
2018-08-27,73.0752,68.0
2018-08-28,73.1695,69.3
2018-08-29,73.4279,67.4
2018-08-30,72.4697,69.4
2018-08-31,72.1413,68.9
2018-09-01,72.4499,68.5
2018-09-02,72.1651,70.3
2018-09-03,72.2971,67.1
2018-09-04,71.9709,68.4
2018-09-05,71.9473,67.2
2018-09-06,71.7716,68.7
2018-09-07,71.7731,68.6
2018-09-08,72.1665,69.4
2018-09-09,71.9285,68.7
2018-09-10,72.0341,69.3
2018-09-11,72.1168,69.6
2018-09-12,72.1355,70.6
2018-09-13,72.045,71.3
2018-09-14,71.7029,72.1
2018-09-15,71.3733,71.1
2018-09-16,71.5766,69.6
2018-09-17,70.9708,69.3
2018-09-18,71.0941,69.6
2018-09-19,70.9389,69.0
2018-09-20,70.3178,69.0
2018-09-21,70.379,69.8
2018-09-22,70.8184,70.4
2018-09-23,71.0412,70.2
2018-09-24,71.0752,70.9
2018-09-25,70.5913,68.9
2018-09-26,71.1558,68.6
2018-09-27,70.2785,68.3
2018-09-28,71.1572,68.5
2018-09-29,70.8665,67.4
2018-09-30,70.6291,67.9
2018-10-01,71.3805,66.1
2018-10-02,69.8696,67.1
2018-10-03,70.4047,65.8
2018-10-04,69.8069,66.5
2018-10-05,70.431,66.3
2018-10-06,70.3548,65.5
2018-10-07,70.6815,67.2
2018-10-08,70.3477,67.6
2018-10-09,70.573,67.5
2018-10-10,70.7033,68.2
2018-10-11,71.1706,67.6
2018-10-12,71.5427,67.6
2018-10-13,71.9658,68.0
2018-10-14,71.5126,66.8
2018-10-15,70.871,65.6
2018-10-16,70.6959,66.5
2018-10-17,70.8356,66.9
2018-10-18,70.6008,69.5
2018-10-19,70.5901,71.7
2018-10-20,70.9583,70.6
2018-10-21,71.2051,69.5
2018-10-22,71.0937,68.8
2018-10-23,71.3934,67.1
2018-10-24,70.4689,67.5
2018-10-25,70.3043,67.5
2018-10-26,70.1254,68.2
2018-10-27,70.1639,67.8
2018-10-28,69.5972,66.8
2018-10-29,69.7708,66.6
2018-10-30,68.9301,65.7
2018-10-31,69.3273,66.0
2018-11-01,68.7307,66.1
2018-11-02,68.9937,67.4
2018-11-03,68.9087,67.0
2018-11-04,68.5209,66.4
2018-11-05,69.2825,66.8
2018-11-06,69.4404,68.8
2018-11-07,69.3798,67.7
2018-11-08,69.7045,68.1
2018-11-09,69.4091,68.4
2018-11-10,69.3705,69.5
2018-11-11,69.5522,68.8
2018-11-12,68.9881,68.9
2018-11-13,68.3993,68.6
2018-11-14,68.6913,68.0
2018-11-15,68.8566,68.6
2018-11-16,70.0277,68.9
2018-11-17,71.0535,67.6
2018-11-18,70.5718,67.9
2018-11-19,70.0648,68.1
2018-11-20,69.7226,68.0
2018-11-21,68.9672,67.6
2018-11-22,69.0974,68.8
2018-11-23,69.0654,68.7
2018-11-24,69.342,68.0
2018-11-25,69.2116,67.2
2018-11-26,68.7094,67.3
2018-11-27,68.6043,66.5
2018-11-28,68.153,66.2
2018-11-29,68.2767,67.0
2018-11-30,68.2641,66.7
2018-12-01,68.8119,67.1
2018-12-02,68.6583,67.0
2018-12-03,68.3405,69.5
2018-12-04,68.5042,72.7
2018-12-05,69.391,70.2
2018-12-06,68.9156,69.1
2018-12-07,69.0786,68.8
2018-12-08,69.2427,69.6
2018-12-09,69.7703,69.1
2018-12-10,69.4619,69.0
2018-12-11,69.5675,69.2
2018-12-12,69.4228,67.8
2018-12-13,69.1455,65.9
2018-12-14,69.3979,67.3
2018-12-15,69.5875,66.6
2018-12-16,68.9366,67.8
2018-12-17,69.0361,67.3
2018-12-18,69.0278,67.5
2018-12-19,68.9941,66.4
2018-12-20,68.7973,66.6
2018-12-21,69.3459,67.4
2018-12-22,69.2952,67.0
2018-12-23,69.0367,67.7
2018-12-24,68.6226,68.5
2018-12-25,68.6191,69.3
2018-12-26,68.2376,70.2
2018-12-27,68.1393,72.7
2018-12-28,68.4487,74.3
2018-12-29,68.2788,72.8
2018-12-30,68.4506,73.5
2018-12-31,68.4379,70.9
2019-01-01,69.5586,71.4
2019-01-02,71.0652,70.0
2019-01-03,69.9485,70.0
2019-01-04,69.477,68.8
2019-01-05,69.3178,69.1
2019-01-06,69.6659,68.7
2019-01-07,69.4651,68.7
2019-01-08,69.4371,69.3
2019-01-09,69.5109,68.3
2019-01-10,68.8515,69.8
2019-01-11,67.9502,68.4
2019-01-12,68.5271,68.1
2019-01-13,68.1838,68.0
2019-01-14,68.7002,68.4
2019-01-15,68.4619,68.6
2019-01-16,68.536,69.7
2019-01-17,68.0521,69.2
2019-01-18,68.1356,69.0
2019-01-19,68.4958,68.4
2019-01-20,68.3281,68.3
2019-01-21,68.6436,68.6
2019-01-22,69.0772,69.4
2019-01-23,69.476,69.2
2019-01-24,69.9212,69.7
2019-01-25,71.1376,69.2
2019-01-26,71.8953,69.0
2019-01-27,71.3038,68.9
2019-01-28,71.6957,69.2
2019-01-29,70.5374,69.4
2019-01-30,70.7804,68.8
2019-01-31,70.1081,68.7
2019-02-01,70.1053,68.2
2019-02-02,69.5933,68.3
2019-02-03,69.7391,69.7
2019-02-04,69.5809,70.8
2019-02-05,69.5733,71.3
2019-02-06,69.7914,69.9
2019-02-07,69.3274,70.7
2019-02-08,69.9939,69.7
2019-02-09,69.3826,70.1
2019-02-10,69.2205,69.5
2019-02-11,69.1492,69.8
2019-02-12,69.3592,70.0
2019-02-13,69.4796,69.3
2019-02-14,69.9779,68.9
2019-02-15,69.8011,68.8
2019-02-16,69.7264,68.6
2019-02-17,69.483,69.3
2019-02-18,69.4558,69.1
2019-02-19,69.5872,76.2
2019-02-20,69.9382,79.4
2019-02-21,69.8538,81.8
2019-02-22,70.0852,78.9
2019-02-23,69.8333,75.0
2019-02-24,69.7401,70.8
2019-02-25,69.6629,68.7
2019-02-26,69.8122,68.6
2019-02-27,69.9175,68.1
2019-02-28,69.6498,68.6
2019-03-01,69.6191,69.2
2019-03-02,69.3817,69.4
2019-03-03,69.4778,69.2
2019-03-04,70.1109,70.8
2019-03-05,70.6621,70.6
2019-03-06,70.9307,70.3
2019-03-07,70.326,71.8
2019-03-08,70.6892,73.7
2019-03-09,70.2409,76.6
2019-03-10,70.4392,78.8
2019-03-11,70.1772,79.3
2019-03-12,70.2717,78.4
2019-03-13,70.3549,78.9
2019-03-14,70.0441,77.7
2019-03-15,69.8636,78.3
2019-03-16,69.837,75.9
2019-03-17,69.7547,75.9
2019-03-18,70.1174,74.7
2019-03-19,70.0237,76.7
2019-03-20,73.2566,75.2
2019-03-21,74.9521,73.3
2019-03-22,76.1133,70.6
2019-03-23,74.9467,69.9
2019-03-24,73.0762,70.2
2019-03-25,71.1647,69.6
2019-03-26,70.2451,70.1
2019-03-27,70.1495,68.4
2019-03-28,69.9227,68.0
2019-03-29,70.1202,67.8
2019-03-30,70.4447,68.8
2019-03-31,70.5763,67.9
2019-04-01,70.5305,69.5
2019-04-02,71.2988,68.7
2019-04-03,71.2602,70.3
2019-04-04,71.1532,70.9
2019-04-05,71.8513,73.5
2019-04-06,72.7634,74.7
2019-04-07,74.2231,77.3
2019-04-08,75.4207,80.1
2019-04-09,75.8467,76.8
2019-04-10,75.4914,77.7
2019-04-11,75.7403,77.8
2019-04-12,75.2857,79.5
2019-04-13,75.5809,77.6
2019-04-14,74.379,76.2
2019-04-15,74.3286,76.0
2019-04-16,73.7701,75.6
2019-04-17,74.673,75.3
2019-04-18,73.9218,73.8
2019-04-19,73.1144,72.2
2019-04-20,71.8466,69.6
2019-04-21,71.488,70.4
2019-04-22,71.6371,69.7
2019-04-23,71.3897,69.0
2019-04-24,71.6283,68.2
2019-04-25,70.9143,68.1
2019-04-26,70.7287,68.7
2019-04-27,70.6625,69.8
2019-04-28,71.1402,69.3
2019-04-29,70.7283,70.0
2019-04-30,71.4496,70.1
2019-05-01,71.054,70.6
2019-05-02,71.7813,70.6
2019-05-03,72.0826,71.7
2019-05-04,73.2397,71.9
2019-05-05,73.8261,71.8
2019-05-06,75.1455,72.1
2019-05-07,76.5555,71.8
2019-05-08,75.0537,70.9
2019-05-09,75.5506,71.0
2019-05-10,75.7405,70.5
2019-05-11,76.513,70.5
2019-05-12,75.7393,71.0
2019-05-13,75.0302,71.9
2019-05-14,74.9695,71.6
2019-05-15,74.828,69.6
2019-05-16,74.7773,70.1
2019-05-17,74.1184,68.8
2019-05-18,73.4144,68.0
2019-05-19,72.1593,68.5
2019-05-20,72.4644,69.2
2019-05-21,72.1389,70.2
2019-05-22,71.8769,69.9
2019-05-23,71.565,68.6
2019-05-24,71.5165,68.6
2019-05-25,71.8053,69.5
2019-05-26,72.3676,70.2
2019-05-27,72.2036,70.2
2019-05-28,72.5443,70.3
2019-05-29,72.5854,69.3
2019-05-30,72.8404,70.4
2019-05-31,72.8889,69.9
2019-06-01,73.4107,69.7
2019-06-02,73.5392,70.5
2019-06-03,73.5097,69.5
2019-06-04,73.6342,69.1
2019-06-05,73.467,69.9
2019-06-06,73.0577,69.0
2019-06-07,73.0862,68.8
2019-06-08,72.8548,69.6
2019-06-09,72.8012,68.7
2019-06-10,72.988,69.7
2019-06-11,73.2914,70.1
2019-06-12,73.1102,69.4
2019-06-13,72.1485,69.0
2019-06-14,72.3743,68.2
2019-06-15,71.7317,69.4
2019-06-16,71.3107,69.3
2019-06-17,71.5467,69.5
2019-06-18,71.8761,70.0
2019-06-19,72.3524,69.2
2019-06-20,72.2279,68.9
2019-06-21,71.6935,69.1
2019-06-22,71.7057,69.8
2019-06-23,72.1109,69.5
2019-06-24,72.4793,69.6
2019-06-25,72.5156,70.0
2019-06-26,72.5438,70.3
2019-06-27,72.0523,69.8
2019-06-28,72.484,68.7
2019-06-29,72.239,69.2
2019-06-30,72.0856,68.2
2019-07-01,72.3917,68.3
2019-07-02,71.9208,68.9
2019-07-03,71.6853,68.8
2019-07-04,71.972,68.9
2019-07-05,71.5348,67.7
2019-07-06,71.3992,68.8
2019-07-07,71.7098,70.1
2019-07-08,71.2549,70.1
2019-07-09,71.6484,69.9
2019-07-10,71.8065,70.6
2019-07-11,71.4814,69.1
2019-07-12,71.3069,69.1
2019-07-13,70.909,69.5
2019-07-14,71.4422,69.0
2019-07-15,71.3644,68.6
2019-07-16,71.4678,69.1
2019-07-17,71.6856,69.4
2019-07-18,71.3489,69.2
2019-07-19,71.2469,69.7
2019-07-20,71.3342,69.2
2019-07-21,71.6435,69.3
2019-07-22,71.5244,68.9
2019-07-23,71.5679,68.4
2019-07-24,71.7269,67.3
2019-07-25,71.8452,68.0
2019-07-26,71.558,67.8
2019-07-27,70.9567,67.4
2019-07-28,71.1416,67.2
2019-07-29,70.6239,67.5
2019-07-30,70.5871,67.2
2019-07-31,70.7496,67.2
2019-08-01,70.6584,67.8
2019-08-02,70.6254,67.7
2019-08-03,69.9985,68.3
2019-08-04,70.4278,70.0
2019-08-05,70.9864,69.8
2019-08-06,70.9785,69.8
2019-08-07,70.8954,69.4
2019-08-08,71.2234,70.0
2019-08-09,70.5237,75.0
2019-08-10,70.5131,68.5
2019-08-11,70.703,69.8
2019-08-12,70.4837,70.9
2019-08-13,70.3005,69.0
2019-08-14,70.5293,70.3
2019-08-15,70.6636,69.1
2019-08-16,70.5694,69.4
2019-08-17,70.8024,68.4
2019-08-18,70.5691,69.4
2019-08-19,70.5896,68.8
2019-08-20,70.3934,66.9
2019-08-21,70.1401,67.7
2019-08-22,69.6095,67.7
2019-08-23,69.8495,68.2
2019-08-24,69.7228,68.8
2019-08-25,69.5121,66.6
2019-08-26,69.3984,67.5
2019-08-27,69.4868,67.9
2019-08-28,69.3394,67.4
2019-08-29,69.3139,66.8
2019-08-30,69.5363,67.5
2019-08-31,69.473,67.7
2019-09-01,69.7542,68.1
2019-09-02,70.5212,68.8
2019-09-03,70.4486,68.4
2019-09-04,70.4682,68.3
2019-09-05,70.3084,68.1
2019-09-06,70.5672,67.8
2019-09-07,72.8472,67.3
2019-09-08,69.9656,67.6
2019-09-09,70.5289,67.0
2019-09-10,71.0418,67.9
2019-09-11,70.1839,67.3
2019-09-12,70.7673,68.3
2019-09-13,70.2295,68.0
2019-09-14,70.3674,66.9
2019-09-15,69.8986,65.8
2019-09-16,70.3309,66.9
2019-09-17,70.049,65.9
2019-09-18,69.155,65.6
2019-09-19,69.4794,65.6
2019-09-20,69.4322,65.5
2019-09-21,69.6702,64.4
2019-09-22,69.9646,63.4
2019-09-23,68.9536,64.9
2019-09-24,69.3175,63.9
2019-09-25,69.4674,64.3
2019-09-26,69.226,67.9
2019-09-27,68.9533,67.8
2019-09-28,69.2309,68.0
2019-09-29,69.3071,68.5
2019-09-30,69.465,68.2
2019-10-01,69.8246,68.8
2019-10-02,69.6755,70.2
2019-10-03,69.6312,69.6
2019-10-04,69.5154,69.6
2019-10-05,69.3403,68.3
2019-10-06,69.0955,69.6
2019-10-07,69.2001,69.2
2019-10-08,68.925,68.1
2019-10-09,69.2917,68.5
2019-10-10,68.9897,68.9
2019-10-11,69.4645,68.3
2019-10-12,69.3183,69.4
2019-10-13,68.7985,68.1
2019-10-14,68.2816,69.3
2019-10-15,68.725,69.6
2019-10-16,68.2678,68.4
2019-10-17,68.1129,68.5
2019-10-18,68.0982,68.2
2019-10-19,68.0326,68.5
2019-10-20,67.5006,68.8
2019-10-21,67.0467,67.6
2019-10-22,67.6597,68.5
2019-10-23,67.1918,69.1
2019-10-24,67.3557,67.9
2019-10-25,68.8861,68.5
2019-10-26,68.8382,68.8
2019-10-27,68.9277,67.7
2019-10-28,69.1576,68.6
2019-10-29,69.0588,69.6
2019-10-30,69.3386,68.3
2019-10-31,69.9625,67.9
2019-11-01,69.7366,68.5
2019-11-02,69.7527,69.2
2019-11-03,69.1774,68.4
2019-11-04,69.7568,67.9
2019-11-05,69.565,67.6
2019-11-06,69.0559,68.6
2019-11-07,69.2204,68.3
2019-11-08,69.4052,68.2
2019-11-09,69.1506,69.4
2019-11-10,69.6449,68.6
2019-11-11,69.042,68.4
2019-11-12,69.5603,68.6
2019-11-13,69.7275,68.3
2019-11-14,69.2055,66.8
2019-11-15,69.2594,68.1
2019-11-16,69.1301,68.8
2019-11-17,69.2789,67.7
2019-11-18,69.4306,68.2
2019-11-19,68.8866,68.0
2019-11-20,69.2845,67.7
2019-11-21,69.5711,67.7
2019-11-22,69.0017,68.4
2019-11-23,69.2655,68.7
2019-11-24,69.3918,70.2
2019-11-25,68.8698,70.3
2019-11-26,69.2781,69.8
2019-11-27,69.6902,69.7
2019-11-28,69.1177,70.1
2019-11-29,68.8926,69.8
2019-11-30,69.1126,69.6
2019-12-01,69.4523,68.6
2019-12-02,69.1035,68.2
2019-12-03,68.8439,69.4
2019-12-04,68.6562,69.5
2019-12-05,69.1176,68.9
2019-12-06,69.0124,69.8
2019-12-07,68.9797,69.4
2019-12-08,69.5253,68.1
2019-12-09,69.1857,69.3
2019-12-10,69.1117,71.2
2019-12-11,69.201,71.9
2019-12-12,69.0671,70.4
2019-12-13,68.3736,71.0
2019-12-14,68.9227,69.5
2019-12-15,69.2587,69.1
2019-12-16,68.7568,69.5
2019-12-17,69.0019,68.9
2019-12-18,68.9049,69.4
2019-12-19,68.7479,67.9
2019-12-20,68.7593,69.0
2019-12-21,69.0781,69.5
2019-12-22,69.2483,69.0
2019-12-23,69.9271,68.3
2019-12-24,70.015,69.6
2019-12-25,69.8191,68.6
2019-12-26,69.8058,68.8
2019-12-27,69.9967,70.4
2019-12-28,69.9004,72.4
2019-12-29,69.8174,70.7
2019-12-30,69.3853,72.0
2019-12-31,69.1994,72.0
2020-01-01,69.7439,71.9
2020-01-02,69.8521,71.7
2020-01-03,69.5712,70.4
2020-01-04,69.9871,70.2
2020-01-05,69.8487,70.0
2020-01-06,69.256,68.3
2020-01-07,69.8118,68.6
2020-01-08,70.7529,69.3
2020-01-09,71.1305,68.9
2020-01-10,70.522,70.0
2020-01-11,70.8345,68.8
2020-01-12,70.1987,68.3
2020-01-13,70.01,69.3
2020-01-14,70.1985,69.8
2020-01-15,69.9603,69.4
2020-01-16,70.1758,69.5
2020-01-17,69.469,68.8
2020-01-18,69.9687,68.8
2020-01-19,70.2163,69.0
2020-01-20,70.0222,69.4
2020-01-21,69.7208,69.4
2020-01-22,70.2803,69.2
2020-01-23,69.8073,69.6
2020-01-24,69.9031,70.7
2020-01-25,70.6257,68.8
2020-01-26,71.5723,68.7
2020-01-27,70.8162,69.1
2020-01-28,71.3973,68.7
2020-01-29,71.4392,69.6
2020-01-30,71.3996,69.3
2020-01-31,71.3475,68.8
2020-02-01,70.7567,68.1
2020-02-02,70.6625,68.1
2020-02-03,70.5751,68.8
2020-02-04,69.8407,68.7
2020-02-05,69.9467,68.3
2020-02-06,70.2567,68.9
2020-02-07,70.0761,68.8
2020-02-08,70.5769,69.2
2020-02-09,70.0703,69.8
2020-02-10,69.8213,69.8
2020-02-11,70.2939,69.6
2020-02-12,70.4978,69.1
2020-02-13,70.3536,67.9
2020-02-14,70.3812,67.4
2020-02-15,70.0848,69.5
2020-02-16,70.0848,69.1
2020-02-17,70.1867,70.9
2020-02-18,70.3907,71.4
2020-02-19,70.4052,71.5
2020-02-20,70.3052,71.1
2020-02-21,70.4768,70.3
2020-02-22,70.9979,69.8
2020-02-23,70.1782,69.9
2020-02-24,70.1121,70.8
2020-02-25,70.3156,70.9
2020-02-26,70.128,69.9
2020-02-27,70.5271,69.2
2020-02-28,70.4,69.0
2020-02-29,70.1731,68.6
2020-03-01,69.8187,69.1
2020-03-02,69.8002,69.8
2020-03-03,70.1299,69.2
2020-03-04,70.1156,69.7
2020-03-05,69.9625,70.0
2020-03-06,70.2048,70.2
2020-03-07,70.1615,71.3
2020-03-08,70.3589,70.1
2020-03-09,70.6413,70.1
2020-03-10,70.6641,70.7
2020-03-11,70.5928,70.6
2020-03-12,70.3774,69.5
2020-03-13,69.8147,70.9
2020-03-14,69.551,71.1
2020-03-15,70.4932,70.7
2020-03-16,70.356,69.4
2020-03-17,71.1615,68.9
2020-03-18,71.4463,69.0
2020-03-19,71.4896,68.4
2020-03-20,71.3478,70.4
2020-03-21,70.9834,69.2
2020-03-22,70.7582,68.9
2020-03-23,70.8051,69.8
2020-03-24,71.2041,71.4
2020-03-25,71.2922,69.5
2020-03-26,70.8307,70.5
2020-03-27,70.5365,69.8
2020-03-28,70.4103,70.1
2020-03-29,70.2118,69.9
2020-03-30,70.4127,69.9
2020-03-31,70.7226,71.0
2020-04-01,70.4501,70.9
2020-04-02,70.6601,71.3
2020-04-03,70.8211,70.3
2020-04-04,70.911,69.8
2020-04-05,71.4321,70.5
2020-04-06,70.8924,70.5
2020-04-07,70.8992,71.1
2020-04-08,71.1872,70.0
2020-04-09,71.1652,69.2
2020-04-10,70.6771,72.4
2020-04-11,71.2973,69.3
2020-04-12,71.426,67.5
2020-04-13,71.2496,70.3
2020-04-14,70.6444,70.2
2020-04-15,70.4214,68.7
2020-04-16,70.4439,69.4
2020-04-17,70.187,71.0
2020-04-18,71.0711,71.2
2020-04-19,70.5135,71.8
2020-04-20,70.3628,70.3
2020-04-21,70.7348,71.3
2020-04-22,71.4536,71.9
2020-04-23,70.5962,72.6
2020-04-24,71.0392,70.9
2020-04-25,70.7567,70.6
2020-04-26,70.9114,72.1
2020-04-27,70.8124,71.6
2020-04-28,70.8393,70.0
2020-04-29,71.334,69.3
2020-04-30,71.3222,71.6
2020-05-01,71.5198,71.9
2020-05-02,71.0532,72.8
2020-05-03,70.8465,71.2
2020-05-04,71.1474,72.4
2020-05-05,71.155,72.0
2020-05-06,71.4755,72.1
2020-05-07,70.9754,73.2
2020-05-08,70.6253,73.8
2020-05-09,72.0751,73.8
2020-05-10,70.6556,73.2
2020-05-11,69.8137,74.6
2020-05-12,71.0455,73.2
2020-05-13,71.0112,73.7
2020-05-14,70.3676,72.7
2020-05-15,70.6707,71.6
2020-05-16,71.4108,72.4
2020-05-17,71.5657,72.7
2020-05-18,71.8385,71.5
2020-05-19,71.2188,71.0
2020-05-20,71.6358,70.2
2020-05-21,71.9466,71.1
2020-05-22,72.3189,70.0
2020-05-23,71.5564,69.9
2020-05-24,71.4525,69.9
2020-05-25,72.1788,69.3
2020-05-26,71.9401,69.1
2020-05-27,71.2042,71.2
2020-05-28,70.8672,70.0
2020-05-29,71.9097,71.2
2020-05-30,72.0738,71.5
2020-05-31,72.5316,71.0
2020-06-01,71.8268,70.4
2020-06-02,72.4361,71.2
2020-06-03,72.2829,70.3
2020-06-04,72.3319,71.6
2020-06-05,72.8596,71.8
2020-06-06,73.159,71.8
2020-06-07,73.1838,70.8
2020-06-08,72.9371,70.0
2020-06-09,73.5811,69.4
2020-06-10,72.9957,71.0
2020-06-11,73.2011,71.1
2020-06-12,72.8196,71.0
2020-06-13,72.3091,69.8
2020-06-14,72.6741,70.5
2020-06-15,72.802,71.2
2020-06-16,72.279,70.6
2020-06-17,72.0807,70.9
2020-06-18,71.6971,71.3
2020-06-19,72.146,70.0
2020-06-20,71.6315,71.1
2020-06-21,71.5901,71.6
2020-06-22,71.5943,72.1
2020-06-23,71.3268,72.2
2020-06-24,71.2361,72.5
2020-06-25,72.1936,71.7
2020-06-26,71.6556,72.6
2020-06-27,72.1795,73.6
2020-06-28,72.3459,73.7
2020-06-29,72.1064,74.1
2020-06-30,71.832,74.9
2020-07-01,72.2106,75.6
2020-07-02,71.7602,74.4
2020-07-03,72.3711,74.1
2020-07-04,72.5106,74.9
2020-07-05,72.5182,74.8
2020-07-06,72.0853,75.1
2020-07-07,71.7159,75.6
2020-07-08,71.4401,75.1
2020-07-09,72.2065,76.0
2020-07-10,72.2854,76.8
2020-07-11,72.2697,76.0
2020-07-12,71.71,76.2
2020-07-13,71.9783,75.4
2020-07-14,72.3469,75.1
2020-07-15,72.0855,74.2
2020-07-16,72.2243,72.6
2020-07-17,72.4255,72.4
2020-07-18,71.7872,72.6
2020-07-19,72.3042,72.5
2020-07-20,72.5495,73.1
2020-07-21,72.7906,72.2
2020-07-22,72.8839,71.6
2020-07-23,73.0312,72.6
2020-07-24,72.6602,71.6
2020-07-25,73.107,72.1
2020-07-26,73.6287,71.8
2020-07-27,73.6543,72.1
2020-07-28,73.9695,71.9
2020-07-29,74.2905,71.4
2020-07-30,74.6297,71.5
2020-07-31,74.1563,71.6
2020-08-01,74.0856,71.4
2020-08-02,74.4628,70.5
2020-08-03,74.4735,70.8
2020-08-04,74.6489,69.5
2020-08-05,74.903,71.2
2020-08-06,74.6597,70.8
2020-08-07,75.1087,70.3
2020-08-08,75.536,70.5
2020-08-09,75.1587,71.3
2020-08-10,75.2815,70.9
2020-08-11,74.8702,70.7
2020-08-12,74.7872,70.2
2020-08-13,74.4083,69.6
2020-08-14,73.7124,70.2
2020-08-15,73.6187,70.6
2020-08-16,73.7119,69.7
2020-08-17,73.6834,69.6
2020-08-18,73.939,70.2
2020-08-19,73.6008,70.4
2020-08-20,73.3093,70.6
2020-08-21,73.7875,71.2
2020-08-22,73.335,70.7
2020-08-23,73.6187,71.9
2020-08-24,73.4823,72.9
2020-08-25,73.5424,73.7
2020-08-26,73.4125,74.1
2020-08-27,73.1522,73.8
2020-08-28,73.1538,72.9
2020-08-29,73.2212,74.4
2020-08-30,73.0749,74.1
2020-08-31,72.6491,73.0
2020-09-01,72.7329,73.5
2020-09-02,72.1411,73.0
2020-09-03,72.9226,72.3
2020-09-04,72.7061,71.9
2020-09-05,72.4682,71.2
2020-09-06,72.5527,72.2
2020-09-07,72.9429,71.6
2020-09-08,72.7794,70.6
2020-09-09,72.7019,71.5
2020-09-10,72.4994,72.9
2020-09-11,72.1956,73.3
2020-09-12,72.4576,72.6
2020-09-13,72.6684,73.4
2020-09-14,72.2645,72.0
2020-09-15,72.1957,74.1
2020-09-16,72.4749,73.4
2020-09-17,72.5499,74.8
2020-09-18,72.6529,72.5
2020-09-19,72.9958,75.3
2020-09-20,72.7748,74.2
2020-09-21,73.3069,74.0
2020-09-22,73.7798,73.0
2020-09-23,74.192,74.2
2020-09-24,74.4291,71.0
2020-09-25,74.3334,71.3
2020-09-26,73.9944,73.3
2020-09-27,74.7173,74.1
2020-09-28,74.6474,81.4
2020-09-29,74.1963,86.4
2020-09-30,74.4451,83.5
2020-10-01,74.2789,78.4
2020-10-02,73.9469,75.6
2020-10-03,73.7938,76.1
2020-10-04,73.4626,80.3
2020-10-05,73.8943,81.6
2020-10-06,73.6129,86.6
2020-10-07,73.1522,89.1
2020-10-08,73.4939,92.1
2020-10-09,74.1421,88.9
2020-10-10,74.2879,88.3
2020-10-11,73.996,88.3
2020-10-12,74.3745,85.1
2020-10-13,73.6835,86.3
2020-10-14,74.6175,83.3
2020-10-15,74.3304,80.7
2020-10-16,74.9335,78.5
2020-10-17,73.8877,76.9
2020-10-18,75.1514,74.9
2020-10-19,74.6208,77.3
2020-10-20,74.5168,75.5
2020-10-21,74.0822,74.9
2020-10-22,74.5874,79.7
2020-10-23,73.0948,82.9
2020-10-24,73.169,85.5
2020-10-25,74.0271,93.1
2020-10-26,74.3899,97.9
2020-10-27,77.8561,101.0
2020-10-28,80.2013,103.0
2020-10-29,78.9968,103.5
2020-10-30,76.8055,106.6
2020-10-31,75.3408,113.1
2020-11-01,75.576,106.4
2020-11-02,77.6239,101.2
2020-11-03,78.3438,101.9
2020-11-04,80.6502,99.9
2020-11-05,81.9193,93.0
2020-11-06,83.4403,97.0
2020-11-07,82.1351,88.2
2020-11-08,81.9121,86.8
2020-11-09,82.0083,80.0
2020-11-10,80.705,79.6
2020-11-11,81.3658,79.1
2020-11-12,80.2007,80.8
2020-11-13,79.1318,79.3
2020-11-14,78.188,78.1
2020-11-15,77.4407,80.4
2020-11-16,76.4164,80.3
2020-11-17,77.6816,79.3
2020-11-18,76.8401,79.1
2020-11-19,76.6172,77.9
2020-11-20,78.9662,79.1
2020-11-21,80.5225,81.1
2020-11-22,81.798,77.0
2020-11-23,85.5061,83.0
2020-11-24,87.8795,83.6
2020-11-25,89.5001,84.5
2020-11-26,90.4819,84.9
2020-11-27,91.0236,85.0
2020-11-28,89.2439,84.9
2020-11-29,92.3625,84.3
2020-11-30,90.1457,81.4
2020-12-01,88.6508,80.1
2020-12-02,88.7597,78.5
2020-12-03,88.349,77.7
2020-12-04,86.1492,78.8
2020-12-05,87.413,77.8
2020-12-06,84.5638,75.0
2020-12-07,83.7821,72.6
2020-12-08,81.4818,71.7
2020-12-09,81.211,72.2
2020-12-10,80.9861,72.8
2020-12-11,81.6515,71.8
2020-12-12,81.3333,70.7
2020-12-13,80.8083,70.8
2020-12-14,81.5999,70.4
2020-12-15,81.853,70.8
2020-12-16,81.654,71.2
2020-12-17,81.6743,71.0
2020-12-18,81.8543,75.2
2020-12-19,82.5876,74.8
2020-12-20,83.5814,72.9
2020-12-21,82.3433,75.6
2020-12-22,84.5416,74.7
2020-12-23,85.2252,75.2
2020-12-24,86.135,75.8
2020-12-25,85.9059,75.5
2020-12-26,85.5937,75.2
2020-12-27,85.6275,74.8
2020-12-28,85.1876,73.4
2020-12-29,83.7835,74.0
2020-12-30,83.5657,73.4
2020-12-31,82.3012,73.2
2021-01-01,82.013,71.6
2021-01-02,81.8872,71.2
2021-01-03,81.5543,70.8
2021-01-04,80.1532,70.2
2021-01-05,79.2896,71.3
2021-01-06,78.8465,71.2
2021-01-07,79.0103,71.1
2021-01-08,79.4229,71.0
2021-01-09,79.0545,70.8
2021-01-10,78.703,71.3
2021-01-11,78.6643,71.0
2021-01-12,78.4081,71.0
2021-01-13,78.7137,70.5
2021-01-14,78.9839,71.7
2021-01-15,78.753,69.6
2021-01-16,80.6281,69.7
2021-01-17,80.6326,68.0
2021-01-18,80.035,69.1
2021-01-19,81.0003,70.0
2021-01-20,80.6716,70.6
2021-01-21,80.8935,69.9
2021-01-22,80.9775,71.7
2021-01-23,80.4834,70.9
2021-01-24,80.2126,73.2
2021-01-25,79.8327,74.2
2021-01-26,79.02,77.6
2021-01-27,79.0918,77.1
2021-01-28,78.6871,78.1
2021-01-29,78.2725,76.4
2021-01-30,77.4407,75.7
2021-01-31,77.156,72.7
2021-02-01,76.8799,73.3
2021-02-02,76.6764,74.4
2021-02-03,77.0308,74.1
2021-02-04,77.0237,73.9
2021-02-05,77.059,74.4
2021-02-06,77.0443,76.4
2021-02-07,76.9489,78.7
2021-02-08,77.1993,75.4
2021-02-09,77.0607,75.3
2021-02-10,77.2626,74.6
2021-02-11,76.9781,74.7
2021-02-12,77.1363,75.0
2021-02-13,76.3772,74.2
2021-02-14,76.0162,73.1
2021-02-15,75.2146,72.9
2021-02-16,75.387,72.1
2021-02-17,75.3059,72.5
2021-02-18,75.7721,72.5
2021-02-19,75.1738,74.1
2021-02-20,75.7945,74.6
2021-02-21,75.2359,76.0
2021-02-22,76.0839,76.4
2021-02-23,76.445,75.3
2021-02-24,78.014,74.8
2021-02-25,77.6332,74.7
2021-02-26,78.0158,74.7
2021-02-27,77.2077,73.6
2021-02-28,76.8047,73.2
2021-03-01,75.4101,74.5
2021-03-02,75.6062,72.4
2021-03-03,75.9932,77.8
2021-03-04,75.8415,71.4
2021-03-05,75.7295,72.2
2021-03-06,75.9298,72.0
2021-03-07,76.8689,71.8
2021-03-08,78.0338,71.3
2021-03-09,76.4148,70.7
2021-03-10,76.3239,70.5
2021-03-11,75.9741,70.8
2021-03-12,76.1176,70.8
2021-03-13,76.2347,72.2
2021-03-14,75.8387,74.5
2021-03-15,75.2624,73.6
2021-03-16,75.1316,74.3
2021-03-17,74.6558,76.0
2021-03-18,74.7463,75.2
2021-03-19,74.6067,75.9
2021-03-20,75.2765,76.4
2021-03-21,75.4443,81.1
2021-03-22,75.9775,83.7
2021-03-23,76.1675,77.7
2021-03-24,75.561,78.6
2021-03-25,75.2705,76.1
2021-03-26,75.1958,77.7
2021-03-27,75.1684,78.7
2021-03-28,74.6888,79.2
2021-03-29,74.5252,79.4
2021-03-30,75.0929,77.9
2021-03-31,74.1923,78.0
2021-04-01,76.8461,74.0
2021-04-02,73.8139,72.7
2021-04-03,74.1951,73.1
2021-04-04,74.1031,72.8
2021-04-05,74.0018,71.8
2021-04-06,73.809,70.7
2021-04-07,73.4554,72.1
2021-04-08,73.3211,75.9
2021-04-09,73.4238,77.4
2021-04-10,73.4033,77.7
2021-04-11,73.9934,78.0
2021-04-12,75.033,77.6
2021-04-13,74.6427,76.3
2021-04-14,74.9861,76.3
2021-04-15,75.7542,72.4
2021-04-16,75.4599,74.9
2021-04-17,75.8286,74.9
2021-04-18,76.1059,76.5
2021-04-19,78.3574,78.2
2021-04-20,79.6149,77.7
2021-04-21,77.0419,74.0
2021-04-22,77.4934,75.5
2021-04-23,76.3588,77.5
2021-04-24,77.1931,81.0
2021-04-25,77.7096,74.5
2021-04-26,77.9772,85.7
2021-04-27,78.1105,90.3
2021-04-28,77.5516,85.5
2021-04-29,77.6397,79.5
2021-04-30,75.7419,78.1
2021-05-01,75.1937,76.5
2021-05-02,75.3817,84.0
2021-05-03,75.3143,77.3
2021-05-04,74.8651,78.5
2021-05-05,74.3397,77.7
2021-05-06,75.0402,79.4
2021-05-07,76.7649,76.6
2021-05-08,77.6684,79.7
2021-05-09,77.9237,83.2
2021-05-10,78.0412,82.3
2021-05-11,77.9262,81.0
2021-05-12,77.1562,75.6
2021-05-13,77.123,79.7
2021-05-14,75.3494,80.0
2021-05-15,76.4714,80.5
2021-05-16,76.4465,79.3
2021-05-17,77.2129,77.9
2021-05-18,78.0885,79.6
2021-05-19,77.8648,87.7
2021-05-20,76.0661,79.5
2021-05-21,76.732,79.6
2021-05-22,77.7292,78.9
2021-05-23,79.3224,81.7
2021-05-24,76.3196,83.4
2021-05-25,81.4176,82.3
2021-05-26,83.6762,83.3
2021-05-27,81.5061,86.1
2021-05-28,78.8703,85.1
2021-05-29,78.1798,89.9
2021-05-30,77.3514,91.6
2021-05-31,80.879,95.6
2021-06-01,77.9732,97.3
2021-06-02,78.598,97.2
2021-06-03,78.2895,98.1
2021-06-04,79.0961,96.8
2021-06-05,77.7278,94.1
2021-06-06,79.3365,92.4
2021-06-07,81.0155,86.0
2021-06-08,80.681,78.6
2021-06-09,80.1859,75.9
2021-06-10,77.7102,76.2
2021-06-11,79.6973,76.5
2021-06-12,79.8874,76.0
2021-06-13,80.1563,74.0
2021-06-14,79.6513,74.3
2021-06-15,79.026,74.5
2021-06-16,79.7097,75.9
2021-06-17,83.3208,77.5
2021-06-18,79.7744,80.0
2021-06-19,79.8413,83.0
2021-06-20,79.5165,85.3
2021-06-21,80.82,89.8
2021-06-22,81.7118,96.5
2021-06-23,81.2723,91.8
2021-06-24,81.7927,90.2
2021-06-25,81.5813,86.5
2021-06-26,80.7849,84.2
2021-06-27,82.7032,83.4
2021-06-28,83.483,82.1
2021-06-29,85.251,81.2
2021-06-30,85.8398,78.1
2021-07-01,86.1198,77.8
2021-07-02,86.7789,78.2
2021-07-03,86.5048,77.2
2021-07-04,85.6744,76.8
2021-07-05,84.8286,78.1
2021-07-06,83.0344,72.8
2021-07-07,80.4929,76.5
2021-07-08,79.3169,76.5
2021-07-09,79.3372,75.8
2021-07-10,79.5197,75.5
2021-07-11,79.4112,75.0
2021-07-12,79.302,75.3
2021-07-13,78.7845,75.8
2021-07-14,78.7862,75.6
2021-07-15,79.2035,74.8
2021-07-16,80.0279,74.5
2021-07-17,81.1486,76.5
2021-07-18,82.3492,76.3
2021-07-19,83.2652,75.0
2021-07-20,85.2459,77.1
2021-07-21,87.8313,76.7
2021-07-22,86.7495,79.5
2021-07-23,86.2829,78.9
2021-07-24,84.9584,78.8
2021-07-25,84.2665,79.8
2021-07-26,83.9182,82.6
2021-07-27,83.5573,85.4
2021-07-28,83.133,90.5
2021-07-29,81.7798,91.3
2021-07-30,81.4571,91.7
2021-07-31,81.0603,90.5
2021-08-01,80.1939,92.4
2021-08-02,79.7697,86.0
2021-08-03,80.524,85.7
2021-08-04,78.4755,87.3
2021-08-05,79.8216,85.3
2021-08-06,79.6306,88.0
2021-08-07,79.4148,94.9
2021-08-08,79.2546,101.1
2021-08-09,79.167,102.8
2021-08-10,79.3629,101.9
2021-08-11,79.7756,101.1
2021-08-12,79.9015,97.6
2021-08-13,79.8542,93.0
2021-08-14,80.0322,88.8
2021-08-15,81.2454,84.3
2021-08-16,80.948,79.0
2021-08-17,80.4038,76.1
2021-08-18,80.9717,74.0
2021-08-19,80.6406,74.1
2021-08-20,81.6486,74.4
2021-08-21,81.3866,75.7
2021-08-22,81.2682,80.7
2021-08-23,81.5703,85.5
2021-08-24,82.5762,89.2
2021-08-25,83.5549,90.2
2021-08-26,85.5982,88.9
2021-08-27,86.0651,88.9
2021-08-28,86.2781,86.7
2021-08-29,85.4559,85.6
2021-08-30,86.1486,89.3
2021-08-31,83.8937,102.0
2021-09-01,83.6933,94.8
2021-09-02,84.3825,90.7
2021-09-03,83.7201,87.1
2021-09-04,85.048,86.1
2021-09-05,87.7133,83.5
2021-09-06,90.0233,81.7
2021-09-07,90.9176,84.7
2021-09-08,91.0342,85.6
2021-09-09,91.1776,92.2
2021-09-10,90.0005,89.8
2021-09-11,88.1398,84.2
2021-09-12,86.8575,88.2
2021-09-13,85.1979,83.1
2021-09-14,83.5278,83.1
2021-09-15,82.1952,83.6
2021-09-16,81.2488,81.2
2021-09-17,81.1182,79.8
2021-09-18,81.1746,77.1
2021-09-19,81.5375,76.2
2021-09-20,83.8181,78.2
2021-09-21,85.4128,77.2
2021-09-22,86.9225,81.6
2021-09-23,87.1741,84.8
2021-09-24,86.9155,89.1
2021-09-25,86.313,92.8
2021-09-26,85.5254,100.6
2021-09-27,85.1859,109.4
2021-09-28,86.4915,110.8
2021-09-29,91.3522,111.3
2021-09-30,89.7634,106.5
2021-10-01,88.5747,108.9
2021-10-02,87.4662,100.2
2021-10-03,86.9977,96.1
2021-10-04,86.0113,94.5
2021-10-05,85.1566,90.9
2021-10-06,85.7675,90.8
2021-10-07,85.6499,89.6
2021-10-08,88.0036,85.4
2021-10-09,86.8285,88.2
2021-10-10,84.2981,89.1
2021-10-11,85.5725,89.6
2021-10-12,83.856,86.9
2021-10-13,83.9335,82.5
2021-10-14,84.2356,82.3
2021-10-15,83.4111,81.9
2021-10-16,83.1256,77.4
2021-10-17,82.2324,79.1
2021-10-18,81.7515,79.0
2021-10-19,82.5564,78.5
2021-10-20,82.1686,77.1
2021-10-21,83.7923,77.0
2021-10-22,85.1162,79.7
2021-10-23,87.1462,77.9
2021-10-24,89.4876,77.5
2021-10-25,91.8976,78.9
2021-10-26,95.1587,84.4
2021-10-27,95.9065,82.7
2021-10-28,96.2125,91.1
2021-10-29,94.3931,90.0
2021-10-30,95.1993,91.0
2021-10-31,92.5781,89.8
2021-11-01,91.2769,87.5
2021-11-02,91.1517,84.0
2021-11-03,89.7815,84.2
2021-11-04,89.5004,82.9
2021-11-05,89.3358,85.6
2021-11-06,87.5591,80.3
2021-11-07,88.4777,77.6
2021-11-08,88.868,76.6
2021-11-09,89.0659,74.6
2021-11-10,88.0557,74.4
2021-11-11,86.401,73.4
2021-11-12,86.2473,73.9
2021-11-13,86.3908,77.4
2021-11-14,84.4906,78.2
2021-11-15,85.3296,86.2
2021-11-16,85.7473,99.3
2021-11-17,85.6495,114.2
2021-11-18,85.1768,117.0
2021-11-19,85.4874,117.4
2021-11-20,87.0461,111.6
2021-11-21,86.4058,118.8
2021-11-22,86.2432,132.2
2021-11-23,86.6276,135.8
2021-11-24,88.8281,125.6
2021-11-25,87.609,122.1
2021-11-26,90.3052,126.5
2021-11-27,89.7632,121.2
2021-11-28,89.6334,119.9
2021-11-29,88.9312,116.5
2021-11-30,87.9164,107.8
2021-12-01,86.191,99.0
2021-12-02,86.3029,98.2
2021-12-03,85.7769,90.8
2021-12-04,86.6323,86.0
2021-12-05,84.7807,81.3
2021-12-06,83.5745,82.7
2021-12-07,82.8338,81.0
2021-12-08,81.9082,90.6
2021-12-09,81.6318,103.8
2021-12-10,81.3589,99.1
2021-12-11,81.4113,98.7
2021-12-12,82.6891,98.8
2021-12-13,83.0453,96.7
2021-12-14,86.1834,99.8
2021-12-15,91.4444,102.1
2021-12-16,97.4144,106.6
2021-12-17,98.7201,111.8
2021-12-18,99.1449,115.6
2021-12-19,97.7386,109.9
2021-12-20,100.3599,110.8
2021-12-21,106.6514,101.9
2021-12-22,108.3232,96.1
2021-12-23,105.2186,94.3
2021-12-24,103.6339,92.2
2021-12-25,105.4523,90.6
2021-12-26,103.3014,92.2
2021-12-27,102.7189,97.8
2021-12-28,101.8187,98.7
2021-12-29,98.5164,103.9
2021-12-30,95.0443,110.0
2021-12-31,94.7755,121.6
