t_date,oof_adj,y_adj
1996-02-29,71.2828,71.6
1996-03-01,71.1357,71.6
1996-03-02,70.8508,71.7
1996-03-03,70.4404,70.3
1996-03-04,70.0176,70.1
1996-03-05,69.8563,70.0
1996-03-06,70.0138,68.1
1996-03-07,69.4492,70.6
1996-03-08,69.8971,71.1
1996-03-09,69.4114,70.2
1996-03-10,69.684,70.0
1996-03-11,70.8932,68.8
1996-03-12,71.7826,68.6
1996-03-13,71.3483,68.6
1996-03-14,70.9153,69.3
1996-03-15,70.7116,69.1
1996-03-16,70.8878,68.8
1996-03-17,70.8763,68.7
1996-03-18,70.7948,69.3
1996-03-19,70.5967,69.1
1996-03-20,70.2851,68.5
1996-03-21,70.5612,68.8
1996-03-22,71.9308,69.9
1996-03-23,71.8147,70.8
1996-03-24,71.2714,71.2
1996-03-25,71.4975,72.3
1996-03-26,71.4318,74.8
1996-03-27,71.299,73.2
1996-03-28,71.2697,71.9
1996-03-29,70.7509,69.5
1996-03-30,70.4598,68.7
1996-03-31,70.3175,69.1
1996-04-01,69.6689,69.2
1996-04-02,70.281,68.6
1996-04-03,70.8756,69.5
1996-04-04,70.6289,69.6
1996-04-05,70.4249,68.9
1996-04-06,69.9924,69.0
1996-04-07,69.7826,69.5
1996-04-08,69.7574,70.6
1996-04-09,69.9917,72.0
1996-04-10,70.0628,76.0
1996-04-11,69.957,76.3
1996-04-12,69.8635,77.5
1996-04-13,70.0352,77.7
1996-04-14,70.0443,79.1
1996-04-15,69.7635,78.0
1996-04-16,69.7376,75.1
1996-04-17,70.1478,74.3
1996-04-18,70.5947,73.4
1996-04-19,70.8789,72.5
1996-04-20,71.3245,72.6
1996-04-21,72.315,72.9
1996-04-22,72.1144,72.0
1996-04-23,71.4333,70.4
1996-04-24,70.4128,69.6
1996-04-25,69.7841,68.5
1996-04-26,69.809,68.1
1996-04-27,69.9009,68.9
1996-04-28,69.6616,69.0
1996-04-29,69.9276,68.7
1996-04-30,70.0998,68.7
1996-05-01,69.9293,68.4
1996-05-02,69.8956,67.8
1996-05-03,70.1066,68.3
1996-05-04,70.548,68.4
1996-05-05,71.1656,69.9
1996-05-06,72.8437,70.8
1996-05-07,73.5537,70.7
1996-05-08,74.0875,71.3
1996-05-09,74.4181,71.6
1996-05-10,75.0801,73.0
1996-05-11,74.9562,73.9
1996-05-12,73.7968,75.9
1996-05-13,73.1589,72.9
1996-05-14,72.7463,72.4
1996-05-15,72.3366,71.5
1996-05-16,72.2423,70.6
1996-05-17,72.39,69.7
1996-05-18,72.1317,70.7
1996-05-19,71.4193,70.1
1996-05-20,70.8665,69.5
1996-05-21,70.3314,69.6
1996-05-22,70.0168,69.8
1996-05-23,70.1758,69.9
1996-05-24,70.3523,70.7
1996-05-25,70.2581,71.9
1996-05-26,70.2011,72.7
1996-05-27,70.0806,72.6
1996-05-28,69.8377,72.0
1996-05-29,69.9644,75.2
1996-05-30,70.0468,74.7
1996-05-31,70.5525,74.5
1996-06-01,71.0463,74.0
1996-06-02,71.1627,74.2
1996-06-03,71.3926,73.7
1996-06-04,71.6321,73.6
1996-06-05,72.1956,73.3
1996-06-06,72.7058,72.8
1996-06-07,73.5697,71.3
1996-06-08,72.8405,71.5
1996-06-09,72.3897,71.0
1996-06-10,72.0218,70.5
1996-06-11,71.5406,74.3
1996-06-12,71.0546,84.3
1996-06-13,71.2578,86.5
1996-06-14,71.2194,82.5
1996-06-15,70.8727,79.6
1996-06-16,70.7947,76.2
1996-06-17,70.814,72.5
1996-06-18,70.8744,70.0
1996-06-19,71.3026,69.3
1996-06-20,71.8602,69.1
1996-06-21,72.3178,69.0
1996-06-22,72.394,67.0
1996-06-23,72.1961,68.3
1996-06-24,73.1619,67.5
1996-06-25,73.4256,67.2
1996-06-26,73.3516,68.2
1996-06-27,73.1684,68.9
1996-06-28,73.2338,68.3
1996-06-29,73.15,70.4
1996-06-30,73.1471,72.4
1996-07-01,73.102,75.6
1996-07-02,72.9658,77.8
1996-07-03,72.4234,80.3
1996-07-04,72.3496,82.3
1996-07-05,72.2078,82.7
1996-07-06,71.9231,82.8
1996-07-07,73.196,81.9
1996-07-08,77.2723,81.6
1996-07-09,79.5761,79.9
1996-07-10,78.4769,76.2
1996-07-11,76.9489,75.1
1996-07-12,75.4391,73.7
1996-07-13,73.6417,71.7
1996-07-14,72.2605,72.1
1996-07-15,71.6989,73.6
1996-07-16,71.5112,74.8
1996-07-17,71.388,72.0
1996-07-18,70.6412,71.4
1996-07-19,70.803,70.5
1996-07-20,70.6845,69.3
1996-07-21,70.4274,69.3
1996-07-22,70.7289,69.5
1996-07-23,71.0765,68.4
1996-07-24,70.9875,69.3
1996-07-25,71.5928,70.1
1996-07-26,72.5458,71.3
1996-07-27,73.892,74.5
1996-07-28,75.1733,75.8
1996-07-29,76.3184,76.2
1996-07-30,77.3439,76.3
1996-07-31,77.7819,75.8
1996-08-01,77.9057,75.9
1996-08-02,77.6372,74.7
1996-08-03,77.5341,75.0
1996-08-04,76.9934,74.7
1996-08-05,75.5483,77.6
1996-08-06,74.6542,74.8
1996-08-07,74.1537,73.6
1996-08-08,73.2668,72.4
1996-08-09,73.1603,72.0
1996-08-10,73.7747,71.4
1996-08-11,74.412,70.8
1996-08-12,73.6188,70.5
1996-08-13,73.0936,69.2
1996-08-14,72.6786,68.8
1996-08-15,72.1994,68.9
1996-08-16,72.0344,68.5
1996-08-17,72.093,68.6
1996-08-18,71.7059,68.1
1996-08-19,71.7885,67.9
1996-08-20,72.1829,67.1
1996-08-21,72.6932,68.7
1996-08-22,74.0711,69.6
1996-08-23,74.9716,69.6
1996-08-24,75.2773,69.8
1996-08-25,75.3028,69.7
1996-08-26,75.168,70.3
1996-08-27,75.1041,69.1
1996-08-28,74.6899,70.4
1996-08-29,74.6609,70.4
1996-08-30,74.5998,71.2
1996-08-31,75.6873,70.4
1996-09-01,75.1762,70.1
1996-09-02,74.4464,71.2
1996-09-03,73.9078,70.3
1996-09-04,73.7261,69.7
1996-09-05,73.5396,69.6
1996-09-06,73.2174,69.8
1996-09-07,73.0386,69.6
1996-09-08,72.4575,69.4
1996-09-09,72.1476,68.5
1996-09-10,72.014,68.8
1996-09-11,71.8174,68.2
1996-09-12,71.7734,67.7
1996-09-13,71.5638,67.7
1996-09-14,71.4103,67.4
1996-09-15,71.0251,66.4
1996-09-16,71.3594,66.9
1996-09-17,71.8489,67.3
1996-09-18,71.9506,68.2
1996-09-19,71.9965,68.6
1996-09-20,71.9969,68.1
1996-09-21,72.1694,68.0
1996-09-22,71.8273,69.0
1996-09-23,72.1711,70.4
1996-09-24,72.3536,70.6
1996-09-25,72.6384,69.0
1996-09-26,72.4163,69.1
1996-09-27,72.1014,69.1
1996-09-28,72.3586,69.1
1996-09-29,72.1166,69.1
1996-09-30,71.7099,70.3
1996-10-01,71.5479,71.2
1996-10-02,71.6073,67.5
1996-10-03,71.5136,69.4
1996-10-04,71.3979,69.7
1996-10-05,71.0409,68.6
1996-10-06,70.9613,68.5
1996-10-07,70.7972,67.9
1996-10-08,70.5702,68.3
1996-10-09,70.4819,67.8
1996-10-10,70.3132,67.1
1996-10-11,69.9149,68.0
1996-10-12,69.935,67.3
1996-10-13,70.128,67.8
1996-10-14,70.4583,68.9
1996-10-15,70.7073,69.6
1996-10-16,70.5965,70.0
1996-10-17,70.4614,70.7
1996-10-18,70.7139,71.5
1996-10-19,71.2556,72.1
1996-10-20,71.4883,71.9
1996-10-21,70.8838,72.2
1996-10-22,70.5853,70.4
1996-10-23,70.5061,72.4
1996-10-24,70.4257,72.6
1996-10-25,70.3681,72.7
1996-10-26,70.7442,72.6
1996-10-27,71.1652,80.6
1996-10-28,70.0016,88.7
1996-10-29,70.1348,97.3
1996-10-30,70.4161,101.7
1996-10-31,70.0367,100.8
1996-11-01,69.7671,100.0
1996-11-02,69.5246,95.4
1996-11-03,69.581,88.5
1996-11-04,69.4348,85.1
1996-11-05,69.1061,80.8
1996-11-06,69.2921,75.7
1996-11-07,69.1408,70.7
1996-11-08,69.215,68.6
1996-11-09,69.6519,67.6
1996-11-10,70.0506,67.6
1996-11-11,70.2911,67.1
1996-11-12,70.536,66.6
1996-11-13,70.8825,71.5
1996-11-14,71.183,70.2
1996-11-15,71.1812,75.2
1996-11-16,71.2612,78.6
1996-11-17,70.6272,79.2
1996-11-18,71.0547,80.0
1996-11-19,71.3731,82.3
1996-11-20,71.4289,83.5
1996-11-21,71.4234,83.6
1996-11-22,74.2939,85.6
1996-11-23,78.5142,84.6
1996-11-24,82.69,80.3
1996-11-25,85.5888,80.9
1996-11-26,86.024,78.9
1996-11-27,85.7377,76.9
1996-11-28,84.2746,76.4
1996-11-29,81.5274,74.7
1996-11-30,79.5539,73.0
1996-12-01,77.6926,72.2
1996-12-02,75.3679,71.8
1996-12-03,72.9752,71.4
1996-12-04,71.5241,70.1
1996-12-05,70.8399,69.8
1996-12-06,70.6647,70.0
1996-12-07,70.4387,69.7
1996-12-08,70.1605,70.8
1996-12-09,71.8173,71.4
1996-12-10,72.0127,71.9
1996-12-11,73.6178,70.6
1996-12-12,75.6092,70.9
1996-12-13,76.3512,71.3
1996-12-14,76.8212,71.3
1996-12-15,77.8286,72.9
1996-12-16,78.6048,71.6
1996-12-17,78.8981,72.1
1996-12-18,79.7295,72.1
1996-12-19,79.7753,72.4
1996-12-20,78.2099,73.3
1996-12-21,78.0253,72.4
1996-12-22,77.5278,71.7
1996-12-23,76.7267,72.2
1996-12-24,76.2825,72.9
1996-12-25,75.6483,74.3
1996-12-26,74.8221,71.8
1996-12-27,74.304,70.7
1996-12-28,74.0781,71.1
1996-12-29,73.8559,71.9
1996-12-30,73.2534,70.9
1996-12-31,73.0157,71.9
1997-01-01,73.001,71.3
1997-01-02,72.9368,70.8
1997-01-03,73.285,72.4
1997-01-04,73.7428,71.5
1997-01-05,74.056,70.3
1997-01-06,73.6855,69.2
1997-01-07,73.5885,76.2
1997-01-08,73.7702,77.4
1997-01-09,73.8319,78.4
1997-01-10,74.3855,73.3
1997-01-11,74.1681,72.2
1997-01-12,74.1378,73.7
1997-01-13,74.1967,73.2
1997-01-14,74.3017,71.2
1997-01-15,74.6757,70.4
1997-01-16,74.5325,69.3
1997-01-17,74.2205,69.1
1997-01-18,74.3118,69.3
1997-01-19,74.7187,69.6
1997-01-20,75.3859,70.1
1997-01-21,74.7505,70.3
1997-01-22,74.1067,71.4
1997-01-23,74.1506,71.2
1997-01-24,74.4725,70.4
1997-01-25,74.2183,71.0
1997-01-26,74.5005,71.6
1997-01-27,74.4901,71.9
1997-01-28,74.255,73.0
1997-01-29,74.7983,73.1
1997-01-30,74.6996,72.6
1997-01-31,74.0842,72.4
1997-02-01,73.5122,72.4
1997-02-02,75.7978,71.5
1997-02-03,77.2073,72.9
1997-02-04,77.8131,71.1
1997-02-05,76.2618,72.8
1997-02-06,75.2182,72.8
1997-02-07,75.5079,73.4
1997-02-08,75.5343,74.2
1997-02-09,74.8315,73.1
1997-02-10,74.2342,73.6
1997-02-11,73.6006,74.1
1997-02-12,73.2351,73.8
1997-02-13,73.0834,73.4
1997-02-14,72.9717,73.4
1997-02-15,72.9553,73.3
1997-02-16,72.8919,74.7
1997-02-17,73.1406,75.0
1997-02-18,73.1323,75.0
1997-02-19,72.6725,74.4
1997-02-20,72.6954,73.7
1997-02-21,72.9149,73.1
1997-02-22,73.0686,71.0
1997-02-23,73.496,70.0
1997-02-24,73.6938,70.1
1997-02-25,73.6136,70.3
1997-02-26,73.5183,70.6
1997-02-27,73.5609,70.2
1997-02-28,73.2752,69.5
1997-03-01,73.6609,71.9
1997-03-02,73.1751,72.9
1997-03-03,73.517,75.1
1997-03-04,73.7367,73.8
1997-03-05,73.9376,74.6
1997-03-06,74.2331,76.2
1997-03-07,73.8805,80.4
1997-03-08,73.877,78.8
1997-03-09,74.0183,78.6
1997-03-10,73.904,80.3
1997-03-11,73.6815,78.3
1997-03-12,73.5898,77.0
1997-03-13,73.579,76.3
1997-03-14,74.0675,78.3
1997-03-15,74.2963,78.0
1997-03-16,74.3478,77.4
1997-03-17,74.1049,76.9
1997-03-18,73.825,79.3
1997-03-19,73.5355,77.9
1997-03-20,72.7132,79.2
1997-03-21,72.0111,75.6
1997-03-22,71.8928,72.3
1997-03-23,71.9592,70.7
1997-03-24,72.0729,70.6
1997-03-25,71.9826,70.4
1997-03-26,71.6363,70.9
1997-03-27,72.4095,71.5
1997-03-28,73.1591,69.7
1997-03-29,74.1176,70.7
1997-03-30,73.9644,69.6
1997-03-31,74.0173,71.8
1997-04-01,74.695,74.1
1997-04-02,76.4779,73.4
1997-04-03,76.5756,72.9
1997-04-04,76.4029,73.7
1997-04-05,76.9884,73.4
1997-04-06,76.5983,73.3
1997-04-07,75.8985,72.3
1997-04-08,75.5533,72.1
1997-04-09,76.2629,73.6
1997-04-10,76.4927,73.4
1997-04-11,76.305,73.3
1997-04-12,76.067,73.3
1997-04-13,76.9686,73.0
1997-04-14,76.8483,74.8
1997-04-15,77.1906,73.8
1997-04-16,76.1252,73.7
1997-04-17,74.4867,75.4
1997-04-18,73.3796,75.1
1997-04-19,73.0611,74.7
1997-04-20,72.9219,73.9
1997-04-21,73.0525,74.4
1997-04-22,73.2924,75.8
1997-04-23,72.725,76.0
1997-04-24,72.7958,81.1
1997-04-25,72.4224,86.9
1997-04-26,73.0357,83.0
1997-04-27,74.129,78.1
1997-04-28,74.1287,78.9
1997-04-29,73.8498,80.1
1997-04-30,74.0413,82.0
1997-05-01,74.1144,80.4
1997-05-02,74.0445,79.5
1997-05-03,73.776,77.6
1997-05-04,73.5646,77.2
1997-05-05,74.0231,74.5
1997-05-06,74.179,79.6
1997-05-07,74.3046,79.1
1997-05-08,74.3319,77.4
1997-05-09,74.2636,76.1
1997-05-10,74.8891,76.1
1997-05-11,74.8409,76.4
1997-05-12,74.7201,76.9
1997-05-13,75.3348,75.4
1997-05-14,75.4538,75.3
1997-05-15,75.2325,74.2
1997-05-16,74.9158,73.0
1997-05-17,75.0142,71.8
1997-05-18,75.5482,72.3
1997-05-19,75.868,72.9
1997-05-20,77.7103,73.0
1997-05-21,80.6177,74.4
1997-05-22,80.0881,71.8
1997-05-23,77.9947,73.5
1997-05-24,77.6304,72.4
1997-05-25,78.2004,72.5
1997-05-26,79.102,69.8
1997-05-27,78.8649,71.8
1997-05-28,78.434,71.3
1997-05-29,77.6946,72.2
1997-05-30,77.3287,74.1
1997-05-31,76.3085,74.2
1997-06-01,77.7628,74.1
1997-06-02,78.3065,73.6
1997-06-03,77.6511,72.6
1997-06-04,76.9265,72.1
1997-06-05,76.7565,72.4
1997-06-06,76.8545,72.4
1997-06-07,77.0641,71.4
1997-06-08,76.6332,72.0
1997-06-09,76.4397,72.0
1997-06-10,75.9801,70.6
1997-06-11,75.4209,72.6
1997-06-12,74.9281,72.1
1997-06-13,74.9758,72.3
1997-06-14,75.2807,70.8
1997-06-15,75.3677,70.9
1997-06-16,75.8055,69.6
1997-06-17,75.0772,69.3
1997-06-18,75.3339,70.3
1997-06-19,75.18,71.5
1997-06-20,75.0692,71.9
1997-06-21,74.0424,72.2
1997-06-22,74.2982,72.3
1997-06-23,74.4092,72.8
1997-06-24,74.5838,73.5
1997-06-25,75.3625,73.6
1997-06-26,75.6169,74.5
1997-06-27,75.5706,78.1
1997-06-28,75.3456,81.2
1997-06-29,74.9803,83.0
1997-06-30,74.6519,79.0
1997-07-01,74.66,76.8
1997-07-02,74.6229,76.5
1997-07-03,74.2188,75.0
1997-07-04,74.23,73.2
1997-07-05,74.2599,72.5
1997-07-06,73.7046,73.2
1997-07-07,74.2285,72.9
1997-07-08,74.3861,74.3
1997-07-09,74.4332,74.9
1997-07-10,73.9125,76.9
1997-07-11,73.7634,79.0
1997-07-12,73.282,80.1
1997-07-13,72.9134,79.9
1997-07-14,73.2147,80.3
1997-07-15,73.7754,80.4
1997-07-16,74.1151,81.6
1997-07-17,74.2121,83.0
1997-07-18,74.2758,84.2
1997-07-19,74.5048,81.6
1997-07-20,74.7902,79.6
1997-07-21,74.8673,79.8
1997-07-22,75.1916,77.4
1997-07-23,76.6605,77.7
1997-07-24,78.2637,76.1
1997-07-25,79.4729,76.3
1997-07-26,78.3976,76.3
1997-07-27,77.1161,77.2
1997-07-28,76.6659,78.2
1997-07-29,76.1053,79.4
1997-07-30,75.2744,83.7
1997-07-31,74.782,85.5
1997-08-01,74.9656,83.5
1997-08-02,74.9155,92.3
1997-08-03,75.4817,93.3
1997-08-04,75.8334,93.8
1997-08-05,76.7296,98.2
1997-08-06,77.7522,95.1
1997-08-07,78.4175,93.3
1997-08-08,78.5298,94.7
1997-08-09,78.605,94.6
1997-08-10,78.5723,97.6
1997-08-11,79.0151,99.1
1997-08-12,79.6448,103.6
1997-08-13,80.3574,109.3
1997-08-14,79.6147,117.7
1997-08-15,78.611,116.4
1997-08-16,78.3956,110.0
1997-08-17,77.6017,110.3
1997-08-18,77.3461,108.9
1997-08-19,76.7608,103.7
1997-08-20,76.6175,99.1
1997-08-21,76.6277,96.4
1997-08-22,77.004,94.0
1997-08-23,77.4682,89.0
1997-08-24,78.0172,89.1
1997-08-25,79.7665,88.4
1997-08-26,80.9374,85.8
1997-08-27,80.5037,89.6
1997-08-28,83.4585,92.3
1997-08-29,85.1538,93.5
1997-08-30,85.6046,88.9
1997-08-31,87.3248,89.5
1997-09-01,86.9749,88.8
1997-09-02,86.0603,87.5
1997-09-03,86.508,90.0
1997-09-04,86.789,87.9
1997-09-05,87.9105,87.3
1997-09-06,85.167,86.0
1997-09-07,87.1681,85.8
1997-09-08,90.3175,83.4
1997-09-09,93.8315,84.3
1997-09-10,94.5624,83.6
1997-09-11,93.137,83.4
1997-09-12,93.5209,82.7
1997-09-13,92.9936,83.3
1997-09-14,90.6546,84.0
1997-09-15,88.8321,85.8
1997-09-16,87.8294,88.3
1997-09-17,87.1805,87.8
1997-09-18,85.6307,84.3
1997-09-19,85.2756,86.4
1997-09-20,84.9193,86.9
1997-09-21,84.2763,87.5
1997-09-22,85.619,85.9
1997-09-23,86.1278,84.0
1997-09-24,86.4332,82.1
1997-09-25,85.5533,84.2
1997-09-26,85.5668,79.9
1997-09-27,85.7461,78.8
1997-09-28,85.5825,77.7
1997-09-29,86.6899,80.5
1997-09-30,86.8051,81.0
1997-10-01,87.3868,83.3
1997-10-02,86.9968,84.4
1997-10-03,87.113,86.0
1997-10-04,86.0731,86.9
1997-10-05,86.4682,89.2
1997-10-06,86.005,91.6
1997-10-07,85.6642,96.2
1997-10-08,85.2566,108.0
1997-10-09,85.0972,115.9
1997-10-10,85.0226,111.9
1997-10-11,86.0403,103.5
1997-10-12,87.3535,92.7
1997-10-13,87.3085,87.9
1997-10-14,85.4041,84.8
1997-10-15,86.2911,87.6
1997-10-16,87.1362,89.6
1997-10-17,87.9112,85.4
1997-10-18,86.5266,88.2
1997-10-19,85.3937,91.0
1997-10-20,84.516,94.1
1997-10-21,84.9871,94.1
1997-10-22,83.6961,92.0
1997-10-23,83.2509,89.4
1997-10-24,82.7109,96.8
1997-10-25,83.2227,86.5
1997-10-26,83.5426,93.6
1997-10-27,84.4612,97.7
1997-10-28,85.2921,97.3
1997-10-29,85.7231,100.6
1997-10-30,87.1075,99.4
1997-10-31,87.8468,105.2
1997-11-01,88.8414,108.2
1997-11-02,90.5369,113.2
1997-11-03,93.9673,109.0
1997-11-04,97.2597,109.3
1997-11-05,97.0269,113.7
1997-11-06,94.7906,109.0
1997-11-07,91.2466,109.0
1997-11-08,90.1104,104.2
1997-11-09,88.0731,100.7
1997-11-10,89.7813,105.6
1997-11-11,90.6506,96.0
1997-11-12,89.4417,95.1
1997-11-13,90.6815,93.8
1997-11-14,91.7097,92.2
1997-11-15,92.8257,93.4
1997-11-16,93.28,89.6
1997-11-17,93.0029,86.5
1997-11-18,92.3385,87.1
1997-11-19,94.3598,86.3
1997-11-20,91.6268,82.0
1997-11-21,93.5337,82.9
1997-11-22,94.5889,83.5
1997-11-23,95.0161,86.8
1997-11-24,96.1136,86.7
1997-11-25,95.5543,89.0
1997-11-26,97.2428,85.5
1997-11-27,97.8198,100.7
1997-11-28,99.279,104.3
1997-11-29,98.4275,101.3
1997-11-30,98.6998,101.3
1997-12-01,100.4045,92.7
1997-12-02,99.3606,98.7
1997-12-03,99.1373,101.0
1997-12-04,98.0643,101.0
1997-12-05,97.3302,101.1
1997-12-06,98.8758,98.3
1997-12-07,95.5333,97.6
1997-12-08,95.6388,97.7
1997-12-09,96.0151,87.7
1997-12-10,94.0424,86.3
1997-12-11,93.8132,84.1
1997-12-12,94.133,82.1
1997-12-13,91.4822,79.5
1997-12-14,90.6016,78.9
1997-12-15,89.877,78.0
1997-12-16,87.471,82.0
1997-12-17,87.1947,92.7
1997-12-18,87.1764,87.5
1997-12-19,88.7237,90.8
1997-12-20,88.9378,94.6
1997-12-21,90.28,94.4
1997-12-22,89.2509,93.1
1997-12-23,94.7822,92.0
1997-12-24,96.505,90.5
1997-12-25,96.2091,88.5
1997-12-26,95.8449,88.0
1997-12-27,93.1109,90.1
1997-12-28,95.7652,93.9
1997-12-29,96.614,94.5
1997-12-30,97.1207,105.0
1997-12-31,97.257,96.9
1998-01-01,95.7018,97.7
1998-01-02,94.8613,93.7
1998-01-03,94.561,90.9
1998-01-04,91.985,88.4
1998-01-05,91.4877,86.8
1998-01-06,89.7677,88.1
1998-01-07,88.9176,86.5
1998-01-08,87.5498,86.3
1998-01-09,87.1564,86.6
1998-01-10,86.542,83.1
1998-01-11,87.5965,81.8
1998-01-12,91.3711,80.8
1998-01-13,90.4444,81.3
1998-01-14,91.1698,81.5
1998-01-15,92.3205,81.5
1998-01-16,92.9849,84.0
1998-01-17,92.9576,88.3
1998-01-18,93.049,92.3
1998-01-19,92.4351,102.3
1998-01-20,91.4665,104.7
1998-01-21,91.4244,104.2
1998-01-22,91.7338,102.4
1998-01-23,93.3531,100.9
1998-01-24,95.8476,96.3
1998-01-25,100.7046,93.6
1998-01-26,98.0418,92.8
1998-01-27,97.0849,93.5
1998-01-28,94.5251,97.3
1998-01-29,94.0039,96.6
1998-01-30,93.1571,92.9
1998-01-31,92.1245,90.9
1998-02-01,92.899,88.6
1998-02-02,91.8548,92.3
1998-02-03,91.439,96.5
1998-02-04,91.3529,95.1
1998-02-05,89.4452,95.0
1998-02-06,88.6824,100.0
1998-02-07,88.1737,95.1
1998-02-08,87.6073,90.3
1998-02-09,87.5756,90.5
1998-02-10,87.7115,89.9
1998-02-11,88.275,88.7
1998-02-12,90.6248,95.0
1998-02-13,92.188,99.4
1998-02-14,97.2247,100.3
1998-02-15,98.2225,103.7
1998-02-16,97.7059,118.2
1998-02-17,97.2546,131.6
1998-02-18,96.9308,122.6
1998-02-19,95.206,124.3
1998-02-20,93.9188,125.9
1998-02-21,93.1618,123.5
1998-02-22,93.3552,125.5
1998-02-23,94.4073,124.9
1998-02-24,94.5839,126.8
1998-02-25,93.3498,121.3
1998-02-26,91.6214,119.9
1998-02-27,90.7701,114.4
1998-02-28,91.3291,109.5
1998-03-01,92.8444,110.0
1998-03-02,94.5278,103.6
1998-03-03,92.759,100.0
1998-03-04,94.9156,107.2
1998-03-05,92.9798,107.9
1998-03-06,91.6826,105.6
1998-03-07,91.7415,103.4
1998-03-08,91.2643,103.6
1998-03-09,91.1191,110.2
1998-03-10,92.907,126.4
1998-03-11,95.377,133.7
1998-03-12,97.6128,135.5
1998-03-13,99.4132,141.0
1998-03-14,104.2883,140.2
1998-03-15,109.2193,130.2
1998-03-16,106.5585,128.8
1998-03-17,105.7443,117.6
1998-03-18,108.3353,115.5
1998-03-19,108.9584,112.6
1998-03-20,109.776,113.5
1998-03-21,110.1669,107.2
1998-03-22,110.9978,102.1
1998-03-23,107.8323,99.4
1998-03-24,107.3608,96.7
1998-03-25,105.588,98.7
1998-03-26,103.5614,92.9
1998-03-27,102.8185,88.5
1998-03-28,102.1015,91.3
1998-03-29,100.8502,91.7
1998-03-30,102.0571,93.0
1998-03-31,103.0305,91.8
1998-04-01,101.8805,92.6
1998-04-02,101.4964,99.8
1998-04-03,101.1956,99.1
1998-04-04,103.4264,104.1
1998-04-05,108.5772,115.1
1998-04-06,112.2737,118.8
1998-04-07,116.6085,119.3
1998-04-08,120.2291,123.2
1998-04-09,121.2633,135.7
1998-04-10,118.0082,132.4
1998-04-11,117.8915,125.6
1998-04-12,114.8046,120.2
1998-04-13,112.1201,112.8
1998-04-14,112.5143,109.3
1998-04-15,111.5584,110.2
1998-04-16,107.7364,114.4
1998-04-17,105.1911,119.1
1998-04-18,103.6542,119.8
1998-04-19,101.8927,118.6
1998-04-20,102.8194,120.4
1998-04-21,100.3113,113.0
1998-04-22,98.4672,104.6
1998-04-23,98.5018,101.5
1998-04-24,98.6059,94.1
1998-04-25,98.7536,91.2
1998-04-26,97.7739,89.6
1998-04-27,98.1117,92.6
1998-04-28,101.0875,98.0
1998-04-29,101.4906,94.7
1998-04-30,103.4659,94.9
1998-05-01,108.1258,96.6
1998-05-02,109.7065,101.1
1998-05-03,110.8649,97.6
1998-05-04,112.3917,98.8
1998-05-05,117.126,96.8
1998-05-06,117.3167,103.0
1998-05-07,115.7208,107.7
1998-05-08,114.3492,116.4
1998-05-09,110.9374,115.0
1998-05-10,108.7878,118.4
1998-05-11,109.426,118.5
1998-05-12,111.9698,116.4
1998-05-13,114.3785,120.5
1998-05-14,115.4193,115.7
1998-05-15,115.4327,115.3
1998-05-16,116.3241,115.8
1998-05-17,113.0689,115.7
1998-05-18,109.127,113.9
1998-05-19,107.229,105.1
1998-05-20,104.145,103.6
1998-05-21,101.6859,107.3
1998-05-22,100.9411,103.9
1998-05-23,102.4319,103.3
1998-05-24,104.2431,101.8
1998-05-25,103.8913,104.4
1998-05-26,103.6752,105.4
1998-05-27,103.7265,103.8
1998-05-28,105.2023,98.9
1998-05-29,104.4628,108.8
1998-05-30,105.4477,109.7
1998-05-31,104.4225,112.8
1998-06-01,106.3527,119.1
1998-06-02,108.3947,126.1
1998-06-03,111.9411,123.3
1998-06-04,115.9104,125.0
1998-06-05,118.098,131.1
1998-06-06,118.4547,124.4
1998-06-07,116.958,131.9
1998-06-08,117.5809,133.5
1998-06-09,118.3021,127.6
1998-06-10,119.8638,125.2
1998-06-11,118.9182,118.5
1998-06-12,118.1229,116.2
1998-06-13,115.5571,118.2
1998-06-14,111.9088,112.9
1998-06-15,109.4677,111.3
1998-06-16,109.7909,102.6
1998-06-17,109.2845,109.7
1998-06-18,108.5338,106.3
1998-06-19,107.0146,108.2
1998-06-20,107.885,109.7
1998-06-21,108.6513,103.6
1998-06-22,107.0593,102.4
1998-06-23,104.8276,105.2
1998-06-24,107.3174,115.4
1998-06-25,110.1531,113.9
1998-06-26,111.3991,117.8
1998-06-27,113.3067,119.1
1998-06-28,116.233,129.2
1998-06-29,115.3882,125.5
1998-06-30,116.6612,122.8
1998-07-01,120.5282,123.2
1998-07-02,119.5783,125.1
1998-07-03,122.534,123.1
1998-07-04,123.8847,118.3
1998-07-05,121.9495,117.2
1998-07-06,120.0178,115.4
1998-07-07,114.4857,112.9
1998-07-08,113.6065,111.7
1998-07-09,113.942,119.2
1998-07-10,113.4176,130.5
1998-07-11,113.4498,142.2
1998-07-12,111.101,149.1
1998-07-13,112.4351,150.9
1998-07-14,110.8341,158.3
1998-07-15,112.3967,153.3
1998-07-16,114.7476,154.1
1998-07-17,111.335,150.9
1998-07-18,109.7455,140.4
1998-07-19,110.3199,140.6
1998-07-20,115.5561,136.8
1998-07-21,115.6923,143.3
1998-07-22,117.0171,139.7
1998-07-23,117.8459,136.8
1998-07-24,120.4018,137.9
1998-07-25,119.247,141.9
1998-07-26,118.5215,135.2
1998-07-27,119.3479,135.9
1998-07-28,120.5134,129.3
1998-07-29,120.2766,126.0
1998-07-30,116.9953,124.8
1998-07-31,118.6209,129.6
1998-08-01,117.0787,137.8
1998-08-02,118.0234,142.0
1998-08-03,115.8191,149.4
1998-08-04,117.243,166.4
1998-08-05,122.4384,181.8
1998-08-06,128.7615,180.2
1998-08-07,133.3357,166.3
1998-08-08,134.1349,165.5
1998-08-09,137.1795,157.3
1998-08-10,135.946,156.8
1998-08-11,136.0281,167.1
1998-08-12,136.0124,153.5
1998-08-13,130.2832,155.8
1998-08-14,130.1228,147.4
1998-08-15,127.5817,143.6
1998-08-16,130.5438,140.4
1998-08-17,129.533,136.6
1998-08-18,128.272,132.3
1998-08-19,129.1402,123.3
1998-08-20,130.9804,118.6
1998-08-21,129.1796,119.9
1998-08-22,129.5926,118.6
1998-08-23,127.3089,123.7
1998-08-24,125.642,128.0
1998-08-25,125.2544,133.3
1998-08-26,127.1519,139.4
1998-08-27,130.3587,142.1
1998-08-28,132.404,144.1
1998-08-29,135.9273,136.2
1998-08-30,143.474,139.2
1998-08-31,150.7069,136.2
1998-09-01,150.6079,128.0
1998-09-02,145.0985,123.0
1998-09-03,144.6803,116.3
1998-09-04,141.8381,121.8
1998-09-05,141.8202,119.1
1998-09-06,146.1508,112.9
1998-09-07,141.3218,112.0
1998-09-08,142.5669,114.9
1998-09-09,138.5957,117.1
1998-09-10,136.5689,116.9
1998-09-11,135.3454,124.1
1998-09-12,133.9078,123.8
1998-09-13,132.4842,123.2
1998-09-14,128.7494,120.3
1998-09-15,126.3025,118.5
1998-09-16,126.3337,113.4
1998-09-17,125.9808,117.5
1998-09-18,127.5097,118.4
1998-09-19,129.2856,130.4
1998-09-20,131.0498,130.1
1998-09-21,133.6939,134.4
1998-09-22,134.9955,125.0
1998-09-23,136.2296,116.8
1998-09-24,132.6744,120.2
1998-09-25,134.088,117.2
1998-09-26,133.1569,113.8
1998-09-27,130.4108,111.4
1998-09-28,128.414,109.6
1998-09-29,125.8238,106.3
1998-09-30,127.5109,102.8
1998-10-01,126.4515,101.8
1998-10-02,123.8292,106.4
1998-10-03,123.8043,108.0
1998-10-04,124.9929,109.9
1998-10-05,126.0459,117.0
1998-10-06,125.9556,119.5
1998-10-07,128.962,124.1
1998-10-08,128.9352,129.9
1998-10-09,128.5667,139.0
1998-10-10,127.3901,150.1
1998-10-11,126.7238,138.4
1998-10-12,124.0911,145.8
1998-10-13,125.6128,149.9
1998-10-14,126.1043,159.3
1998-10-15,131.0855,150.8
1998-10-16,131.3732,144.1
1998-10-17,133.3007,138.7
1998-10-18,129.4549,132.6
1998-10-19,126.3072,123.8
1998-10-20,127.8701,123.7
1998-10-21,126.6472,121.8
1998-10-22,124.8679,118.0
1998-10-23,123.8272,112.2
1998-10-24,123.066,113.7
1998-10-25,121.7941,118.6
1998-10-26,120.1213,118.3
1998-10-27,119.0897,123.0
1998-10-28,120.4405,126.7
1998-10-29,120.8543,136.7
1998-10-30,121.0127,145.6
1998-10-31,123.4381,152.3
1998-11-01,124.6193,154.7
1998-11-02,126.1902,160.4
1998-11-03,128.4744,163.2
1998-11-04,132.6083,158.9
1998-11-05,137.7456,158.2
1998-11-06,133.5618,147.4
1998-11-07,137.0342,148.7
1998-11-08,138.6497,144.0
1998-11-09,142.8794,138.3
1998-11-10,139.4395,138.1
1998-11-11,136.7172,148.7
1998-11-12,135.1341,157.1
1998-11-13,133.1071,149.3
1998-11-14,130.216,129.8
1998-11-15,130.0967,138.8
1998-11-16,129.088,138.9
1998-11-17,126.4009,139.7
1998-11-18,122.9727,139.9
1998-11-19,122.837,137.2
1998-11-20,124.2469,136.1
1998-11-21,123.587,141.5
1998-11-22,124.7674,137.9
1998-11-23,125.5558,133.6
1998-11-24,129.62,130.4
1998-11-25,134.7137,130.9
1998-11-26,138.3804,124.6
1998-11-27,139.7553,135.2
1998-11-28,142.2999,134.9
1998-11-29,143.3799,139.6
1998-11-30,141.7481,140.2
1998-12-01,141.4158,161.4
1998-12-02,136.9414,178.3
1998-12-03,137.4147,176.8
1998-12-04,135.8547,173.1
1998-12-05,133.8398,168.8
1998-12-06,133.9609,161.6
1998-12-07,138.5331,154.8
1998-12-08,143.0738,149.4
1998-12-09,139.8114,142.0
1998-12-10,131.6648,132.0
1998-12-11,134.673,121.6
1998-12-12,134.395,111.3
1998-12-13,134.4436,111.7
1998-12-14,133.7718,111.0
1998-12-15,132.2787,109.6
1998-12-16,131.1344,108.2
1998-12-17,132.8279,109.1
1998-12-18,131.943,114.7
1998-12-19,130.0525,132.4
1998-12-20,128.7827,138.0
1998-12-21,128.5994,153.4
1998-12-22,126.1905,156.2
1998-12-23,130.4205,165.4
1998-12-24,131.0205,170.3
1998-12-25,133.0607,166.4
1998-12-26,134.0308,169.7
1998-12-27,143.2402,172.3
1998-12-28,150.9833,160.8
1998-12-29,151.0815,156.8
1998-12-30,150.0021,133.9
1998-12-31,148.5767,129.1
1999-01-01,146.383,121.6
1999-01-02,144.2506,115.2
1999-01-03,141.6053,114.2
1999-01-04,138.0322,114.5
1999-01-05,133.4341,111.5
1999-01-06,128.8082,114.5
1999-01-07,124.584,107.7
1999-01-08,124.1665,105.8
1999-01-09,123.4061,104.3
1999-01-10,122.5704,100.9
1999-01-11,121.9209,96.6
1999-01-12,121.9559,106.5
1999-01-13,124.3095,121.1
1999-01-14,131.8596,125.9
1999-01-15,134.7594,148.4
1999-01-16,142.6528,159.3
1999-01-17,144.7418,183.6
1999-01-18,148.7302,193.4
1999-01-19,151.4689,199.6
1999-01-20,150.6537,185.5
1999-01-21,152.2685,187.3
1999-01-22,153.9191,185.3
1999-01-23,149.5224,164.2
1999-01-24,147.6649,160.5
1999-01-25,137.3696,153.6
1999-01-26,134.5055,144.0
1999-01-27,131.0738,127.0
1999-01-28,128.028,124.3
1999-01-29,127.3119,117.3
1999-01-30,127.0972,117.1
1999-01-31,125.4596,113.4
1999-02-01,126.2356,113.1
1999-02-02,123.37,120.7
1999-02-03,122.0341,118.0
1999-02-04,121.1964,127.6
1999-02-05,119.7172,134.6
1999-02-06,117.5255,141.6
1999-02-07,121.8049,125.4
1999-02-08,127.6916,112.6
1999-02-09,129.7901,108.3
1999-02-10,139.568,125.0
1999-02-11,144.7545,125.3
1999-02-12,156.2777,133.6
1999-02-13,161.5274,135.3
1999-02-14,164.7041,138.5
1999-02-15,159.8081,142.7
1999-02-16,160.6287,148.7
1999-02-17,160.2392,148.4
1999-02-18,151.7271,154.1
1999-02-19,150.5376,152.9
1999-02-20,147.8075,146.7
1999-02-21,143.4571,138.1
1999-02-22,135.3672,131.6
1999-02-23,132.5272,123.1
1999-02-24,129.118,115.0
1999-02-25,128.4367,112.2
1999-02-26,126.2534,107.6
1999-02-27,125.8147,106.4
1999-02-28,128.76,103.1
1999-03-01,127.769,104.1
1999-03-02,131.1706,102.7
1999-03-03,133.9087,103.8
1999-03-04,136.4368,104.4
1999-03-05,130.5521,101.7
1999-03-06,125.6215,102.9
1999-03-07,123.7941,99.4
1999-03-08,130.1178,98.4
1999-03-09,130.8858,116.0
1999-03-10,135.041,132.7
1999-03-11,136.7238,137.6
1999-03-12,138.9492,141.7
1999-03-13,141.2367,139.5
1999-03-14,143.7815,136.7
1999-03-15,143.8394,136.9
1999-03-16,145.9504,131.3
1999-03-17,145.6729,130.7
1999-03-18,142.6686,130.3
1999-03-19,139.0716,121.0
1999-03-20,135.4479,122.7
1999-03-21,131.2924,123.8
1999-03-22,126.9865,116.6
1999-03-23,123.9499,113.8
1999-03-24,121.4027,110.9
1999-03-25,120.5451,105.8
1999-03-26,118.6855,104.4
1999-03-27,118.9041,101.4
1999-03-28,118.1394,99.3
1999-03-29,118.4648,102.0
1999-03-30,118.819,103.8
1999-03-31,117.8411,105.8
1999-04-01,118.2178,110.0
1999-04-02,116.7286,111.3
1999-04-03,116.4053,123.9
1999-04-04,123.8494,125.3
1999-04-05,131.342,128.4
1999-04-06,134.4503,137.9
1999-04-07,137.3013,129.2
1999-04-08,136.636,141.1
1999-04-09,135.5483,143.3
1999-04-10,135.4573,149.5
1999-04-11,132.7659,166.4
1999-04-12,131.9072,175.1
1999-04-13,131.3319,181.7
1999-04-14,127.1865,172.8
1999-04-15,128.2405,162.6
1999-04-16,128.439,156.3
1999-04-17,125.3553,150.5
1999-04-18,122.7393,147.3
1999-04-19,120.6939,146.8
1999-04-20,118.0452,155.6
1999-04-21,116.9823,148.6
1999-04-22,116.0149,143.8
1999-04-23,114.7669,145.8
1999-04-24,115.8172,145.9
1999-04-25,116.3911,143.7
1999-04-26,117.1537,143.7
1999-04-27,119.0383,144.2
1999-04-28,119.5308,140.4
1999-04-29,124.6284,146.8
1999-04-30,125.7093,156.6
1999-05-01,127.4731,159.3
1999-05-02,131.9669,156.2
1999-05-03,128.7565,152.7
1999-05-04,133.7644,161.1
1999-05-05,134.6462,170.1
1999-05-06,137.3618,181.2
1999-05-07,144.3761,178.1
1999-05-08,148.117,178.5
1999-05-09,151.3291,175.9
1999-05-10,148.3002,168.8
1999-05-11,144.5499,172.9
1999-05-12,141.8054,162.4
1999-05-13,139.4769,161.3
1999-05-14,138.1098,170.3
1999-05-15,137.864,166.0
1999-05-16,141.4005,169.8
1999-05-17,138.3749,173.2
1999-05-18,136.0774,173.0
1999-05-19,136.5666,173.5
1999-05-20,136.4878,163.5
1999-05-21,136.0622,157.6
1999-05-22,136.3457,151.3
1999-05-23,136.5321,151.2
1999-05-24,135.043,143.3
1999-05-25,137.6955,156.5
1999-05-26,142.8017,150.3
1999-05-27,144.5863,166.9
1999-05-28,143.5935,173.0
1999-05-29,142.4355,191.1
1999-05-30,145.8066,207.5
1999-05-31,149.5205,206.1
1999-06-01,154.5582,214.3
1999-06-02,153.7754,203.2
1999-06-03,153.8943,197.7
1999-06-04,153.0754,216.5
1999-06-05,150.4507,202.0
1999-06-06,151.9575,193.4
1999-06-07,148.1751,203.5
1999-06-08,147.9827,191.9
1999-06-09,151.5362,180.0
1999-06-10,150.0392,173.5
1999-06-11,151.3993,163.7
1999-06-12,152.9294,154.1
1999-06-13,152.8056,155.9
1999-06-14,153.444,161.5
1999-06-15,149.2415,157.8
1999-06-16,147.4619,159.2
1999-06-17,145.1234,148.3
1999-06-18,145.13,133.9
1999-06-19,142.13,133.8
1999-06-20,148.033,136.4
1999-06-21,145.8756,141.3
1999-06-22,152.846,142.8
1999-06-23,155.8677,145.8
1999-06-24,164.306,144.1
1999-06-25,172.8653,152.1
1999-06-26,173.07,157.8
1999-06-27,176.648,181.6
1999-06-28,171.7238,190.1
1999-06-29,169.8932,188.0
1999-06-30,177.3033,177.8
1999-07-01,172.781,179.9
1999-07-02,169.6881,203.9
1999-07-03,174.859,208.6
1999-07-04,170.0793,212.2
1999-07-05,165.3274,206.7
1999-07-06,162.1552,222.9
1999-07-07,158.1834,218.8
1999-07-08,154.2311,216.9
1999-07-09,154.8417,206.0
1999-07-10,157.5773,182.1
1999-07-11,156.0645,175.3
1999-07-12,157.0443,157.6
1999-07-13,152.4752,141.7
1999-07-14,146.2481,141.9
1999-07-15,145.992,130.8
1999-07-16,147.2808,131.4
1999-07-17,149.5582,126.4
1999-07-18,150.8398,129.8
1999-07-19,152.3518,131.5
1999-07-20,152.1871,134.5
1999-07-21,156.0195,134.4
1999-07-22,159.0111,136.4
1999-07-23,169.043,133.9
1999-07-24,173.6615,138.0
1999-07-25,173.9276,155.2
1999-07-26,169.9209,165.0
1999-07-27,170.7983,176.7
1999-07-28,179.86,191.7
1999-07-29,181.6675,206.4
1999-07-30,183.1733,212.9
1999-07-31,181.3287,226.9
1999-08-01,188.2374,227.7
1999-08-02,188.5178,253.4
1999-08-03,188.5791,222.5
1999-08-04,184.2897,201.9
1999-08-05,173.9932,186.1
1999-08-06,170.1389,165.8
1999-08-07,163.135,159.3
1999-08-08,155.9874,141.7
1999-08-09,155.6072,133.5
1999-08-10,150.2502,123.8
1999-08-11,149.6995,120.4
1999-08-12,147.0722,114.1
1999-08-13,148.3353,108.4
1999-08-14,148.7665,108.0
1999-08-15,150.2218,123.7
1999-08-16,150.0968,124.1
1999-08-17,151.0583,142.6
1999-08-18,149.9738,156.5
1999-08-19,151.6842,158.2
1999-08-20,160.1259,156.6
1999-08-21,164.7086,159.9
1999-08-22,169.4703,159.1
1999-08-23,175.0538,153.0
1999-08-24,181.0345,150.6
1999-08-25,184.3245,146.2
1999-08-26,190.1996,147.9
1999-08-27,191.3778,141.5
1999-08-28,201.6746,137.8
1999-08-29,190.5625,132.4
1999-08-30,182.4167,126.1
1999-08-31,175.4443,123.3
1999-09-01,166.9706,124.4
1999-09-02,164.0682,126.5
1999-09-03,155.7282,125.3
1999-09-04,151.441,125.1
1999-09-05,146.7915,121.9
1999-09-06,144.8911,126.6
1999-09-07,141.5808,134.7
1999-09-08,138.6736,144.4
1999-09-09,137.8842,146.2
1999-09-10,143.907,133.5
1999-09-11,144.0638,129.2
1999-09-12,151.8058,150.9
1999-09-13,158.4286,152.8
1999-09-14,159.9672,160.0
1999-09-15,158.9978,166.0
1999-09-16,160.6862,182.9
1999-09-17,159.9577,190.1
1999-09-18,157.9328,198.7
1999-09-19,156.6188,197.1
1999-09-20,154.7022,187.8
1999-09-21,155.2956,176.8
1999-09-22,151.8528,171.4
1999-09-23,150.002,168.2
1999-09-24,147.6827,157.4
1999-09-25,143.8813,157.0
1999-09-26,141.7726,158.8
1999-09-27,141.5389,162.8
1999-09-28,142.1645,157.1
1999-09-29,141.484,170.8
1999-09-30,140.893,187.1
1999-10-01,139.007,194.8
1999-10-02,140.7239,181.5
1999-10-03,143.923,177.2
1999-10-04,147.4692,167.0
1999-10-05,148.9158,158.1
1999-10-06,144.2106,148.4
1999-10-07,141.8825,140.6
1999-10-08,150.3892,140.8
1999-10-09,151.809,145.1
1999-10-10,155.2844,157.8
1999-10-11,158.616,147.4
1999-10-12,166.6885,170.8
1999-10-13,170.7543,188.4
1999-10-14,173.9125,225.5
1999-10-15,173.6356,243.6
1999-10-16,169.7235,235.0
1999-10-17,165.6427,227.1
1999-10-18,163.5705,219.1
1999-10-19,161.9083,214.2
1999-10-20,156.7746,201.1
1999-10-21,155.7726,228.2
1999-10-22,155.7565,216.3
1999-10-23,156.8201,212.9
1999-10-24,154.0807,205.1
1999-10-25,159.4892,199.5
1999-10-26,167.0301,205.0
1999-10-27,170.2278,187.2
1999-10-28,165.8201,180.9
1999-10-29,164.1191,181.9
1999-10-30,159.8283,179.0
1999-10-31,156.0018,167.7
1999-11-01,151.2989,164.5
1999-11-02,147.1606,170.1
1999-11-03,146.7434,159.5
1999-11-04,149.9069,158.3
1999-11-05,156.3021,160.4
1999-11-06,152.9961,160.9
1999-11-07,162.5243,147.5
1999-11-08,170.0798,143.3
1999-11-09,186.2384,138.6
1999-11-10,194.3226,138.6
1999-11-11,191.8735,148.8
1999-11-12,188.7816,145.6
1999-11-13,185.1463,151.5
1999-11-14,182.8197,159.5
1999-11-15,178.2112,154.3
1999-11-16,188.7194,154.4
1999-11-17,183.9989,161.0
1999-11-18,182.4246,163.1
1999-11-19,179.056,173.1
1999-11-20,175.9247,187.9
1999-11-21,178.1682,194.4
1999-11-22,170.7037,198.9
1999-11-23,168.2787,200.3
1999-11-24,168.7605,202.4
1999-11-25,167.3852,210.1
1999-11-26,162.8895,195.1
1999-11-27,161.5605,191.9
1999-11-28,164.2617,176.5
1999-11-29,160.3103,172.5
1999-11-30,160.1544,171.2
1999-12-01,161.7856,156.4
1999-12-02,162.3357,145.4
1999-12-03,156.5928,139.0
1999-12-04,155.0002,131.2
1999-12-05,152.2314,125.8
1999-12-06,151.6466,125.6
1999-12-07,156.2376,128.5
1999-12-08,155.8423,128.7
1999-12-09,158.5384,130.3
1999-12-10,162.6249,132.0
1999-12-11,160.572,140.0
1999-12-12,159.7071,144.8
1999-12-13,162.1403,149.6
1999-12-14,162.7228,155.3
1999-12-15,167.1899,157.8
1999-12-16,173.1791,171.8
1999-12-17,176.2138,189.3
1999-12-18,178.9819,195.4
1999-12-19,180.2743,194.7
1999-12-20,182.3222,203.9
1999-12-21,185.4298,201.0
1999-12-22,179.4321,190.1
1999-12-23,178.5224,188.4
1999-12-24,172.6791,172.9
1999-12-25,170.2289,165.3
1999-12-26,170.0011,154.3
1999-12-27,164.3487,145.8
1999-12-28,159.4781,136.1
1999-12-29,156.0301,136.3
1999-12-30,151.7215,133.1
1999-12-31,148.5885,136.4
2000-01-01,147.4028,128.4
2000-01-02,148.3464,131.0
2000-01-03,148.4059,123.9
2000-01-04,149.0444,128.7
2000-01-05,149.805,134.5
2000-01-06,153.9345,134.1
2000-01-07,156.1511,140.2
2000-01-08,158.4165,149.7
2000-01-09,160.9128,162.7
2000-01-10,162.2038,163.1
2000-01-11,167.8733,172.8
2000-01-12,174.8963,177.0
2000-01-13,177.7846,169.0
2000-01-14,177.4108,170.8
2000-01-15,180.6759,171.1
2000-01-16,179.6212,165.8
2000-01-17,175.4392,159.1
2000-01-18,174.6735,155.9
2000-01-19,168.4812,154.7
2000-01-20,164.7671,152.2
2000-01-21,160.6396,156.3
2000-01-22,156.8533,153.4
2000-01-23,152.5524,137.8
2000-01-24,152.5072,141.5
2000-01-25,150.6493,149.9
2000-01-26,151.838,148.7
2000-01-27,147.7977,168.6
2000-01-28,147.906,181.2
2000-01-29,144.3364,188.3
2000-01-30,144.9495,206.2
2000-01-31,147.0733,210.6
2000-02-01,146.8299,222.9
2000-02-02,148.8655,214.7
2000-02-03,153.0504,215.1
2000-02-04,159.5192,228.7
2000-02-05,159.8281,209.6
2000-02-06,163.4757,200.4
2000-02-07,165.4766,197.0
2000-02-08,163.1917,216.8
2000-02-09,163.8614,219.1
2000-02-10,163.7717,218.5
2000-02-11,161.4987,211.8
2000-02-12,158.6252,203.0
2000-02-13,156.7127,200.7
2000-02-14,155.5434,200.6
2000-02-15,153.9567,200.8
2000-02-16,155.1373,186.0
2000-02-17,153.2887,180.6
2000-02-18,146.8748,175.9
2000-02-19,148.1776,182.5
2000-02-20,151.4495,190.6
2000-02-21,150.7455,193.0
2000-02-22,158.7182,206.5
2000-02-23,164.4287,208.7
2000-02-24,167.7546,228.9
2000-02-25,176.9149,232.2
2000-02-26,180.1384,222.7
2000-02-27,185.3207,217.7
2000-02-28,182.9912,204.1
2000-02-29,183.4965,210.4
2000-03-01,189.1937,204.1
2000-03-02,182.467,200.3
2000-03-03,179.4165,208.3
2000-03-04,177.6947,205.1
2000-03-05,186.2021,225.1
2000-03-06,187.325,222.7
2000-03-07,188.0173,219.3
2000-03-08,185.2467,215.5
2000-03-09,181.6645,206.9
2000-03-10,180.7244,194.7
2000-03-11,180.3891,178.1
2000-03-12,180.1219,175.4
2000-03-13,173.9405,182.5
2000-03-14,171.9401,176.9
2000-03-15,169.0611,178.6
2000-03-16,171.7421,182.4
2000-03-17,175.6468,173.9
2000-03-18,177.287,165.0
2000-03-19,183.9601,166.3
2000-03-20,185.5114,164.9
2000-03-21,193.7384,160.2
2000-03-22,196.4919,159.2
2000-03-23,193.4066,161.8
2000-03-24,191.716,169.2
2000-03-25,186.4543,182.4
2000-03-26,189.6051,189.2
2000-03-27,187.5011,204.1
2000-03-28,186.0035,208.4
2000-03-29,189.9632,208.1
2000-03-30,188.7301,205.1
2000-03-31,196.3991,192.4
2000-04-01,195.8298,186.0
2000-04-02,194.9401,186.0
2000-04-03,193.2506,177.5
2000-04-04,189.8422,172.0
2000-04-05,183.7012,160.1
2000-04-06,177.1019,155.3
2000-04-07,175.5495,139.6
2000-04-08,178.8712,136.8
2000-04-09,176.7359,132.1
2000-04-10,177.5385,129.1
2000-04-11,179.3419,133.4
2000-04-12,175.4311,139.6
2000-04-13,171.3304,152.5
2000-04-14,172.1289,163.0
2000-04-15,171.7065,181.3
2000-04-16,170.1171,191.0
2000-04-17,169.2594,222.0
2000-04-18,170.8006,237.6
2000-04-19,174.1969,244.6
2000-04-20,179.9059,264.5
2000-04-21,183.8166,268.1
2000-04-22,190.0683,258.8
2000-04-23,192.0784,260.4
2000-04-24,191.9181,251.6
2000-04-25,190.4966,238.0
2000-04-26,186.0557,220.3
2000-04-27,183.3392,209.5
2000-04-28,183.4627,194.3
2000-04-29,179.9581,177.4
2000-04-30,178.0121,172.4
2000-05-01,172.9177,166.2
2000-05-02,170.5308,160.2
2000-05-03,163.5194,153.1
2000-05-04,162.253,150.5
2000-05-05,160.2595,158.7
2000-05-06,158.0181,152.3
2000-05-07,159.3608,155.3
2000-05-08,161.9241,170.7
2000-05-09,167.3002,174.7
2000-05-10,171.898,176.1
2000-05-11,179.1242,186.9
2000-05-12,183.1028,185.8
2000-05-13,196.3598,179.9
2000-05-14,203.346,174.1
2000-05-15,206.5101,185.1
2000-05-16,214.8282,192.6
2000-05-17,215.8623,198.7
2000-05-18,213.105,205.5
2000-05-19,214.3995,206.9
2000-05-20,212.0182,208.9
2000-05-21,207.5796,203.8
2000-05-22,201.3937,199.4
2000-05-23,197.2595,193.7
2000-05-24,190.4772,184.2
2000-05-25,183.13,189.7
2000-05-26,180.5662,194.2
2000-05-27,177.8605,185.6
2000-05-28,175.0141,181.0
2000-05-29,171.4244,173.9
2000-05-30,169.578,180.9
2000-05-31,172.4668,183.4
2000-06-01,169.4745,184.6
2000-06-02,170.1053,181.2
2000-06-03,176.0002,168.8
2000-06-04,178.0995,165.0
2000-06-05,178.708,169.2
2000-06-06,182.6692,167.9
2000-06-07,182.2965,161.5
2000-06-08,180.4393,163.7
2000-06-09,178.0311,174.4
2000-06-10,182.8143,180.1
2000-06-11,186.4065,193.5
2000-06-12,189.4223,217.1
2000-06-13,192.0258,218.4
2000-06-14,192.3602,238.9
2000-06-15,192.8833,249.7
2000-06-16,190.597,258.7
2000-06-17,188.0977,239.6
2000-06-18,185.3389,210.6
2000-06-19,181.0525,220.1
2000-06-20,183.1776,226.1
2000-06-21,184.4745,235.8
2000-06-22,180.5803,270.5
2000-06-23,178.136,258.0
2000-06-24,174.503,261.1
2000-06-25,177.8041,259.0
2000-06-26,179.163,259.0
2000-06-27,179.6964,224.3
2000-06-28,178.7312,232.0
2000-06-29,172.6211,208.2
2000-06-30,170.4329,180.1
2000-07-01,172.3581,167.4
2000-07-02,172.1186,162.7
2000-07-03,170.1116,157.9
2000-07-04,170.8362,154.5
2000-07-05,175.1846,152.4
2000-07-06,178.565,153.9
2000-07-07,184.796,155.1
2000-07-08,194.848,158.8
2000-07-09,195.5319,158.7
2000-07-10,203.3932,163.2
2000-07-11,207.9233,170.8
2000-07-12,211.9975,171.6
2000-07-13,205.0161,175.6
2000-07-14,193.4689,187.2
2000-07-15,197.027,185.9
2000-07-16,200.4694,192.3
2000-07-17,204.9718,194.3
2000-07-18,218.3181,190.9
2000-07-19,214.1677,194.3
2000-07-20,215.9199,198.9
2000-07-21,215.7283,190.3
2000-07-22,216.0881,181.5
2000-07-23,203.3274,173.6
2000-07-24,206.5963,160.8
2000-07-25,198.2099,156.0
2000-07-26,185.6419,154.9
2000-07-27,179.9069,147.5
2000-07-28,177.6542,139.9
2000-07-29,174.8733,133.5
2000-07-30,173.5161,136.0
2000-07-31,172.4996,139.9
2000-08-01,172.7291,153.2
2000-08-02,172.8943,163.2
2000-08-03,174.1769,166.5
2000-08-04,173.8581,167.9
2000-08-05,175.6845,165.9
2000-08-06,178.5721,160.5
2000-08-07,178.7248,156.7
2000-08-08,179.8787,156.7
2000-08-09,184.2452,173.6
2000-08-10,184.3119,183.1
2000-08-11,186.8981,181.5
2000-08-12,187.2736,175.8
2000-08-13,186.3112,165.7
2000-08-14,188.1658,153.0
2000-08-15,189.9645,142.5
2000-08-16,187.145,136.7
2000-08-17,183.7457,134.2
2000-08-18,180.4134,134.8
2000-08-19,175.2035,152.5
2000-08-20,172.2814,161.1
2000-08-21,171.2232,176.4
2000-08-22,168.0375,183.2
2000-08-23,164.1469,205.7
2000-08-24,161.0429,208.8
2000-08-25,161.6181,213.1
2000-08-26,162.7702,226.7
2000-08-27,168.6351,233.8
2000-08-28,172.4268,226.7
2000-08-29,173.8182,225.8
2000-08-30,174.4605,226.8
2000-08-31,173.673,224.7
2000-09-01,171.3493,205.5
2000-09-02,169.2827,203.0
2000-09-03,169.1553,192.6
2000-09-04,175.2878,194.0
2000-09-05,179.1339,201.9
2000-09-06,178.93,202.9
2000-09-07,176.9538,192.1
2000-09-08,173.2604,184.1
2000-09-09,168.1004,173.7
2000-09-10,162.9526,157.9
2000-09-11,159.9416,155.3
2000-09-12,158.128,148.6
2000-09-13,157.9101,140.4
2000-09-14,165.5211,139.1
2000-09-15,168.5864,150.8
2000-09-16,174.2783,161.9
2000-09-17,176.9226,167.2
2000-09-18,186.6723,162.3
2000-09-19,188.3218,160.1
2000-09-20,190.2742,159.8
2000-09-21,195.5305,153.0
2000-09-22,198.4283,149.9
2000-09-23,196.7415,156.5
2000-09-24,197.3509,159.3
2000-09-25,197.879,156.5
2000-09-26,197.7113,158.6
2000-09-27,190.8644,164.8
2000-09-28,189.7571,157.5
2000-09-29,185.4289,162.0
2000-09-30,185.4018,168.9
2000-10-01,188.2481,173.7
2000-10-02,188.7068,179.7
2000-10-03,184.2848,184.5
2000-10-04,180.5504,191.0
2000-10-05,175.4133,190.5
2000-10-06,168.2622,201.2
2000-10-07,166.0379,193.2
2000-10-08,162.5196,195.5
2000-10-09,158.0529,191.4
2000-10-10,156.2217,183.1
2000-10-11,160.7946,174.9
2000-10-12,165.3579,176.6
2000-10-13,167.5631,169.5
2000-10-14,165.4822,163.0
2000-10-15,163.7495,150.4
2000-10-16,163.1185,146.6
2000-10-17,160.4157,143.6
2000-10-18,158.7567,140.6
2000-10-19,161.893,145.4
2000-10-20,163.7825,143.2
2000-10-21,162.169,150.7
2000-10-22,163.1813,159.6
2000-10-23,165.9457,172.9
2000-10-24,163.1672,170.7
2000-10-25,165.5124,169.6
2000-10-26,167.904,180.9
2000-10-27,170.2454,190.1
2000-10-28,172.5742,200.1
2000-10-29,174.437,194.0
2000-10-30,177.2354,194.6
2000-10-31,176.8961,197.0
2000-11-01,180.8376,186.6
2000-11-02,177.6223,190.3
2000-11-03,178.5806,183.2
2000-11-04,176.7868,187.0
2000-11-05,173.5139,179.3
2000-11-06,169.0942,162.3
2000-11-07,170.0268,158.9
2000-11-08,167.6722,147.6
2000-11-09,165.2122,142.7
2000-11-10,159.7047,136.9
2000-11-11,157.6766,139.9
2000-11-12,156.8285,134.1
2000-11-13,154.9135,130.7
2000-11-14,157.4122,142.1
2000-11-15,156.8821,139.2
2000-11-16,159.855,145.2
2000-11-17,163.6769,159.5
2000-11-18,168.6476,176.5
2000-11-19,167.691,181.9
2000-11-20,167.3462,184.4
2000-11-21,171.6063,190.4
2000-11-22,175.3952,191.6
2000-11-23,179.4735,192.2
2000-11-24,178.1074,194.8
2000-11-25,178.5265,188.2
2000-11-26,179.9475,183.8
2000-11-27,176.6177,184.7
2000-11-28,178.6821,186.7
2000-11-29,176.2089,180.9
2000-11-30,177.8362,182.6
2000-12-01,174.4494,181.4
2000-12-02,166.6982,179.3
2000-12-03,164.8652,175.5
2000-12-04,159.7163,176.1
2000-12-05,157.4679,163.9
2000-12-06,154.6184,165.3
2000-12-07,155.3591,170.2
2000-12-08,152.5135,164.2
2000-12-09,150.5075,168.8
2000-12-10,154.7897,170.5
2000-12-11,153.2922,173.4
2000-12-12,155.3758,170.9
2000-12-13,161.6955,161.5
2000-12-14,168.1962,160.8
2000-12-15,170.6844,157.4
2000-12-16,171.6895,160.5
2000-12-17,174.5005,172.5
2000-12-18,175.197,178.3
2000-12-19,175.9578,170.6
2000-12-20,177.1802,163.8
2000-12-21,174.7028,156.6
2000-12-22,172.9249,147.0
2000-12-23,173.2,146.6
2000-12-24,173.6926,147.7
2000-12-25,171.218,148.3
2000-12-26,171.8383,146.7
2000-12-27,171.2015,157.1
2000-12-28,170.614,162.0
2000-12-29,169.4943,167.2
2000-12-30,170.3835,163.4
2000-12-31,165.301,160.5
2001-01-01,165.6414,161.8
2001-01-02,168.0165,162.6
2001-01-03,165.4786,160.5
2001-01-04,166.506,154.9
2001-01-05,166.8553,148.8
2001-01-06,167.6169,156.2
2001-01-07,166.2811,161.6
2001-01-08,162.8346,159.0
2001-01-09,162.7511,144.0
2001-01-10,161.8344,160.7
2001-01-11,163.6592,165.3
2001-01-12,169.031,159.6
2001-01-13,171.7579,152.3
2001-01-14,169.1295,158.1
2001-01-15,166.4674,156.5
2001-01-16,162.9289,147.4
2001-01-17,158.3374,140.9
2001-01-18,157.4068,137.8
2001-01-19,157.6203,134.6
2001-01-20,157.0108,131.8
2001-01-21,155.4259,126.5
2001-01-22,159.4196,126.8
2001-01-23,161.4626,129.0
2001-01-24,163.4639,134.0
2001-01-25,162.0705,142.3
2001-01-26,160.4482,140.5
2001-01-27,160.9607,142.7
2001-01-28,161.0911,142.2
2001-01-29,159.8693,134.6
2001-01-30,157.974,132.2
2001-01-31,155.3271,132.8
2001-02-01,158.1274,128.1
2001-02-02,160.4205,129.4
2001-02-03,159.7439,129.0
2001-02-04,153.7278,127.4
2001-02-05,160.9187,137.3
2001-02-06,163.3991,138.7
2001-02-07,161.3525,153.4
2001-02-08,157.9649,155.4
2001-02-09,160.151,174.0
2001-02-10,160.036,164.8
2001-02-11,155.9316,159.2
2001-02-12,152.4831,158.0
2001-02-13,150.9002,155.8
2001-02-14,148.9918,155.7
2001-02-15,146.8429,145.6
2001-02-16,143.8718,140.7
2001-02-17,143.3284,134.7
2001-02-18,143.4771,138.5
2001-02-19,145.7816,132.9
2001-02-20,149.3713,138.5
2001-02-21,148.9162,145.7
2001-02-22,149.8732,152.1
2001-02-23,149.7531,158.2
2001-02-24,145.8853,181.8
2001-02-25,144.5274,178.9
2001-02-26,144.3755,217.5
2001-02-27,142.2014,215.7
2001-02-28,142.4562,262.6
2001-03-01,142.2096,272.4
2001-03-02,141.5876,272.6
2001-03-03,146.0771,261.0
2001-03-04,147.0343,256.3
2001-03-05,153.4518,245.3
2001-03-06,154.3362,257.2
2001-03-07,161.7088,236.7
2001-03-08,158.6515,223.1
2001-03-09,156.4451,205.0
2001-03-10,155.1943,207.8
2001-03-11,154.3312,198.0
2001-03-12,153.7535,180.0
2001-03-13,148.8765,169.7
2001-03-14,145.5541,165.4
2001-03-15,142.856,170.4
2001-03-16,144.2762,160.3
2001-03-17,141.4461,149.8
2001-03-18,143.4897,137.8
2001-03-19,146.9353,139.6
2001-03-20,150.2802,135.1
2001-03-21,153.2466,124.3
2001-03-22,163.199,127.1
2001-03-23,162.6919,133.0
2001-03-24,178.0349,145.8
2001-03-25,178.4639,182.2
2001-03-26,196.7461,193.0
2001-03-27,200.9758,194.6
2001-03-28,201.7946,198.6
2001-03-29,198.1142,195.8
2001-03-30,197.67,196.3
2001-03-31,194.5272,198.7
2001-04-01,199.9263,193.3
2001-04-02,193.0076,190.4
2001-04-03,188.667,194.5
2001-04-04,181.0422,190.7
2001-04-05,181.9469,187.4
2001-04-06,177.6838,179.0
2001-04-07,170.5189,175.1
2001-04-08,165.8062,178.6
2001-04-09,163.7159,163.5
2001-04-10,165.6746,157.8
2001-04-11,161.5435,140.9
2001-04-12,156.3351,131.1
2001-04-13,151.957,131.9
2001-04-14,151.6368,133.0
2001-04-15,148.6535,139.4
2001-04-16,142.9433,141.0
2001-04-17,143.3387,141.9
2001-04-18,145.8492,141.2
2001-04-19,151.3149,145.2
2001-04-20,167.8548,140.9
2001-04-21,173.1919,150.8
2001-04-22,174.742,141.5
2001-04-23,176.9345,144.6
2001-04-24,176.202,144.9
2001-04-25,176.4458,153.8
2001-04-26,177.8515,155.8
2001-04-27,176.3029,162.8
2001-04-28,176.0958,174.7
2001-04-29,177.5185,166.1
2001-04-30,176.1362,151.3
2001-05-01,175.1421,150.8
2001-05-02,171.8885,146.9
2001-05-03,168.4895,142.3
2001-05-04,171.3936,136.0
2001-05-05,165.207,136.6
2001-05-06,160.8936,136.8
2001-05-07,153.3983,137.8
2001-05-08,149.2869,149.5
2001-05-09,149.6195,158.3
2001-05-10,150.3122,158.0
2001-05-11,153.0285,162.4
2001-05-12,154.102,169.8
2001-05-13,154.1995,185.7
2001-05-14,153.9618,182.4
2001-05-15,155.2682,168.0
2001-05-16,153.8269,167.4
2001-05-17,157.9019,171.6
2001-05-18,154.3109,187.1
2001-05-19,155.9564,200.9
2001-05-20,156.7476,203.2
2001-05-21,160.9797,214.3
2001-05-22,162.2726,211.2
2001-05-23,165.5709,205.7
2001-05-24,170.2757,201.7
2001-05-25,167.0781,205.0
2001-05-26,161.3328,206.9
2001-05-27,160.8509,206.8
2001-05-28,159.1555,213.0
2001-05-29,157.258,201.3
2001-05-30,154.2038,188.4
2001-05-31,153.7971,173.5
2001-06-01,153.267,152.8
2001-06-02,153.6251,144.9
2001-06-03,159.0603,144.6
2001-06-04,162.6097,141.2
2001-06-05,162.3999,140.0
2001-06-06,164.4292,138.8
2001-06-07,167.3121,136.3
2001-06-08,174.2253,131.3
2001-06-09,173.891,123.6
2001-06-10,168.0619,120.3
2001-06-11,167.5342,121.8
2001-06-12,169.1891,130.5
2001-06-13,175.4728,134.4
2001-06-14,181.3243,134.3
2001-06-15,182.2877,136.3
2001-06-16,186.2998,138.3
2001-06-17,185.6451,137.7
2001-06-18,183.3764,145.4
2001-06-19,180.6721,146.8
2001-06-20,181.9676,154.7
2001-06-21,182.8162,150.4
2001-06-22,183.1842,147.7
2001-06-23,185.6181,146.9
2001-06-24,181.0979,147.2
2001-06-25,175.276,143.5
2001-06-26,168.4321,144.9
2001-06-27,158.9676,147.8
2001-06-28,154.3489,136.7
2001-06-29,153.5386,137.5
2001-06-30,152.1607,127.2
2001-07-01,151.6393,125.1
2001-07-02,150.9519,119.0
2001-07-03,149.3746,120.5
2001-07-04,147.1876,118.0
2001-07-05,143.7926,120.3
2001-07-06,141.8671,123.8
2001-07-07,142.6523,124.3
2001-07-08,146.3386,135.5
2001-07-09,148.4601,152.7
2001-07-10,148.702,160.5
2001-07-11,149.9405,168.3
2001-07-12,150.5275,171.0
2001-07-13,150.078,171.5
2001-07-14,152.727,167.8
2001-07-15,153.3887,164.7
2001-07-16,156.9755,169.5
2001-07-17,154.8872,164.0
2001-07-18,153.1814,155.5
2001-07-19,152.4947,151.1
2001-07-20,152.0733,150.5
2001-07-21,150.2533,146.2
2001-07-22,150.6462,148.4
2001-07-23,151.6138,159.9
2001-07-24,147.1422,161.3
2001-07-25,146.7218,159.8
2001-07-26,141.4076,163.9
2001-07-27,140.2387,165.2
2001-07-28,137.5174,173.4
2001-07-29,137.6789,178.7
2001-07-30,136.7236,191.6
2001-07-31,137.2816,193.8
2001-08-01,138.751,195.9
2001-08-02,139.4136,203.1
2001-08-03,144.811,200.9
2001-08-04,152.5503,203.0
2001-08-05,156.2123,192.2
2001-08-06,159.6726,187.4
2001-08-07,161.0874,185.7
2001-08-08,161.802,202.1
2001-08-09,160.5182,222.1
2001-08-10,159.3555,221.8
2001-08-11,161.1968,225.6
2001-08-12,159.7902,229.5
2001-08-13,156.5562,253.1
2001-08-14,153.9486,239.5
2001-08-15,153.413,247.8
2001-08-16,151.5834,252.9
2001-08-17,151.1623,238.1
2001-08-18,156.6016,242.6
2001-08-19,157.2422,239.3
2001-08-20,157.2578,221.7
2001-08-21,159.3901,209.3
2001-08-22,159.9914,201.1
2001-08-23,163.266,205.7
2001-08-24,165.129,200.6
2001-08-25,170.6933,228.7
2001-08-26,172.0785,240.5
2001-08-27,172.7768,257.0
2001-08-28,175.8243,260.2
2001-08-29,175.1018,281.0
2001-08-30,176.1891,276.6
2001-08-31,172.1142,284.0
2001-09-01,170.4019,270.6
2001-09-02,170.0268,285.5
2001-09-03,176.6399,240.2
2001-09-04,184.6439,236.3
2001-09-05,185.0012,216.9
2001-09-06,186.8199,201.1
2001-09-07,189.0393,191.8
2001-09-08,198.3757,186.5
2001-09-09,193.871,176.8
2001-09-10,197.2076,180.2
2001-09-11,199.2867,172.4
2001-09-12,194.0098,170.8
2001-09-13,196.3147,175.9
2001-09-14,195.0922,178.1
2001-09-15,188.4199,174.1
2001-09-16,183.9475,178.5
2001-09-17,180.7295,178.6
2001-09-18,182.4187,190.8
2001-09-19,180.5893,191.7
2001-09-20,191.5091,205.8
2001-09-21,196.8554,215.8
2001-09-22,203.7459,226.9
2001-09-23,205.8417,245.6
2001-09-24,214.6068,242.5
2001-09-25,214.0701,222.0
2001-09-26,218.306,230.4
2001-09-27,214.4914,224.1
2001-09-28,221.3928,236.0
2001-09-29,205.2767,236.1
2001-09-30,204.5818,233.6
2001-10-01,198.4219,243.4
2001-10-02,191.8126,224.2
2001-10-03,186.9372,212.8
2001-10-04,184.809,222.7
2001-10-05,180.4052,217.8
2001-10-06,182.1707,232.0
2001-10-07,178.066,210.1
2001-10-08,175.9455,212.5
2001-10-09,178.1443,223.5
2001-10-10,179.3774,230.6
2001-10-11,178.7829,233.2
2001-10-12,181.1276,226.0
2001-10-13,181.7906,243.1
2001-10-14,187.4614,265.6
2001-10-15,188.3086,241.0
2001-10-16,194.1308,229.3
2001-10-17,198.8116,222.6
2001-10-18,203.9681,226.8
2001-10-19,211.9957,212.6
2001-10-20,212.0211,202.4
2001-10-21,204.6865,197.6
2001-10-22,208.5319,194.0
2001-10-23,206.7565,183.8
2001-10-24,211.3288,186.8
2001-10-25,211.5233,180.6
2001-10-26,210.22,179.7
2001-10-27,214.4798,185.3
2001-10-28,207.4605,172.9
2001-10-29,203.4036,168.6
2001-10-30,207.5474,165.6
2001-10-31,205.9383,170.3
2001-11-01,211.7302,185.3
2001-11-02,203.6929,193.1
2001-11-03,204.9796,210.5
2001-11-04,210.1706,219.6
2001-11-05,213.3681,215.1
2001-11-06,215.3979,238.1
2001-11-07,212.716,228.3
2001-11-08,219.9982,226.6
2001-11-09,229.1855,230.1
2001-11-10,220.6831,239.5
2001-11-11,216.6777,219.3
2001-11-12,214.4201,213.9
2001-11-13,216.1869,217.5
2001-11-14,210.7968,212.3
2001-11-15,206.5989,213.9
2001-11-16,204.1749,215.7
2001-11-17,202.3625,213.4
2001-11-18,198.4206,209.9
2001-11-19,199.5214,211.0
2001-11-20,196.8785,202.5
2001-11-21,196.6525,199.0
2001-11-22,198.902,205.0
2001-11-23,193.3956,201.6
2001-11-24,189.288,214.0
2001-11-25,187.3532,226.7
2001-11-26,189.5668,234.9
2001-11-27,195.9622,246.3
2001-11-28,199.1713,265.5
2001-11-29,206.1476,250.3
2001-11-30,209.2144,259.0
2001-12-01,207.5827,265.6
2001-12-02,216.3756,254.6
2001-12-03,212.3175,255.7
2001-12-04,211.7201,238.5
2001-12-05,212.9951,237.5
2001-12-06,217.1829,224.5
2001-12-07,209.6257,223.5
2001-12-08,207.999,213.0
2001-12-09,209.1903,211.0
2001-12-10,206.9308,205.2
2001-12-11,207.2541,190.1
2001-12-12,207.8905,182.4
2001-12-13,206.7829,192.6
2001-12-14,204.6942,216.2
2001-12-15,204.8544,217.3
2001-12-16,201.3097,221.4
2001-12-17,199.1381,225.7
2001-12-18,201.3302,232.9
2001-12-19,199.4088,221.6
2001-12-20,204.161,211.2
2001-12-21,209.6856,209.1
2001-12-22,213.1502,205.0
2001-12-23,218.0556,203.8
2001-12-24,226.1192,206.9
2001-12-25,220.7799,215.2
2001-12-26,224.4465,217.5
2001-12-27,227.5875,221.5
2001-12-28,223.9571,219.4
2001-12-29,224.9026,223.6
2001-12-30,218.3388,227.6
2001-12-31,218.5936,248.7
2002-01-01,213.4359,240.5
2002-01-02,213.4017,252.0
2002-01-03,209.5296,253.2
2002-01-04,208.9037,248.8
2002-01-05,206.2565,235.5
2002-01-06,198.8294,238.5
2002-01-07,195.2068,233.7
2002-01-08,198.652,226.3
2002-01-09,209.0261,228.1
2002-01-10,209.2984,214.5
2002-01-11,211.0455,196.9
2002-01-12,212.6879,186.6
2002-01-13,215.5606,186.4
2002-01-14,211.5033,194.1
2002-01-15,207.7818,210.9
2002-01-16,206.4171,196.6
2002-01-17,204.8691,203.1
2002-01-18,203.7616,198.5
2002-01-19,205.4176,191.3
2002-01-20,208.8449,190.3
2002-01-21,210.1285,188.9
2002-01-22,211.893,192.0
2002-01-23,211.1001,188.4
2002-01-24,212.007,185.1
2002-01-25,213.1155,189.1
2002-01-26,221.1989,196.7
2002-01-27,218.4162,187.9
2002-01-28,222.5642,184.2
2002-01-29,222.9161,188.9
2002-01-30,221.1616,206.4
2002-01-31,216.2145,203.5
2002-02-01,217.3086,194.9
2002-02-02,215.7494,200.4
2002-02-03,213.4081,184.3
2002-02-04,214.0051,187.6
2002-02-05,209.0758,179.6
2002-02-06,201.8101,172.0
2002-02-07,196.1725,169.4
2002-02-08,195.9213,175.0
2002-02-09,199.7574,177.0
2002-02-10,207.1768,174.2
2002-02-11,201.4626,181.2
2002-02-12,204.4527,176.9
2002-02-13,202.8272,180.0
2002-02-14,199.8588,176.2
2002-02-15,199.571,182.1
2002-02-16,198.2017,178.6
2002-02-17,200.1318,174.9
2002-02-18,198.9192,182.7
2002-02-19,197.8331,182.7
2002-02-20,199.2589,176.5
2002-02-21,202.0298,173.3
2002-02-22,197.6866,186.3
2002-02-23,196.567,172.8
2002-02-24,198.3701,170.4
2002-02-25,204.7657,169.4
2002-02-26,203.8558,174.3
2002-02-27,199.9971,169.1
2002-02-28,201.9603,164.9
2002-03-01,195.1352,168.4
2002-03-02,195.8549,175.6
2002-03-03,192.5995,180.8
2002-03-04,189.9225,188.2
2002-03-05,187.4802,204.0
2002-03-06,188.8317,206.7
2002-03-07,189.1565,205.9
2002-03-08,187.7703,209.4
2002-03-09,191.376,216.3
2002-03-10,190.1391,217.6
2002-03-11,191.3473,206.7
2002-03-12,189.5472,208.4
2002-03-13,191.3648,206.8
2002-03-14,189.7015,205.8
2002-03-15,187.3936,195.1
2002-03-16,190.1356,198.3
2002-03-17,190.3607,213.0
2002-03-18,186.8484,227.3
2002-03-19,183.8317,211.6
2002-03-20,189.376,204.7
2002-03-21,183.9109,197.2
2002-03-22,182.1722,195.0
2002-03-23,181.5836,189.8
2002-03-24,182.2131,181.4
2002-03-25,179.8854,179.0
2002-03-26,178.0284,175.1
2002-03-27,180.0421,171.7
2002-03-28,181.8206,177.2
2002-03-29,185.6195,178.9
2002-03-30,188.622,169.3
2002-03-31,195.2938,164.7
2002-04-01,196.0264,159.0
2002-04-02,196.0265,149.2
2002-04-03,197.1385,155.2
2002-04-04,199.8948,155.6
2002-04-05,200.1994,164.9
2002-04-06,196.6253,171.7
2002-04-07,197.1041,182.0
2002-04-08,196.4074,192.7
2002-04-09,196.5034,183.2
2002-04-10,191.814,194.3
2002-04-11,193.0124,190.3
2002-04-12,198.6888,190.2
2002-04-13,204.3051,193.7
2002-04-14,198.2472,194.8
2002-04-15,195.3804,191.8
2002-04-16,191.7996,187.1
2002-04-17,190.7658,175.6
2002-04-18,188.8897,164.2
2002-04-19,185.2094,162.7
2002-04-20,183.8165,162.0
2002-04-21,181.1547,160.7
2002-04-22,179.1896,166.8
2002-04-23,180.8239,175.0
2002-04-24,181.5038,175.4
2002-04-25,176.8241,190.4
2002-04-26,175.0658,185.6
2002-04-27,171.9659,184.8
2002-04-28,166.16,193.9
2002-04-29,168.6213,187.4
2002-04-30,168.3555,188.0
2002-05-01,173.2609,191.6
2002-05-02,176.317,191.4
2002-05-03,180.6428,189.8
2002-05-04,184.5576,185.1
2002-05-05,180.9061,187.0
2002-05-06,185.312,183.9
2002-05-07,183.8712,180.0
2002-05-08,183.8457,175.4
2002-05-09,185.0822,174.7
2002-05-10,185.9789,163.7
2002-05-11,184.9153,159.1
2002-05-12,182.9847,163.1
2002-05-13,177.9916,159.9
2002-05-14,172.4787,161.9
2002-05-15,171.6992,156.2
2002-05-16,171.2501,152.4
2002-05-17,170.3163,146.2
2002-05-18,172.5105,137.6
2002-05-19,175.8453,135.6
2002-05-20,176.1532,139.7
2002-05-21,182.1274,141.0
2002-05-22,180.5239,147.5
2002-05-23,180.2199,147.5
2002-05-24,183.5834,150.5
2002-05-25,181.2875,149.8
2002-05-26,181.8231,144.2
2002-05-27,183.2987,146.6
2002-05-28,183.5519,147.5
2002-05-29,182.8202,155.3
2002-05-30,181.3441,149.5
2002-05-31,182.3982,148.6
2002-06-01,181.2588,143.2
2002-06-02,179.5979,141.9
2002-06-03,177.5821,147.5
2002-06-04,177.2592,151.4
2002-06-05,172.9425,152.3
2002-06-06,170.5674,153.5
2002-06-07,172.022,152.4
2002-06-08,170.2666,151.3
2002-06-09,170.5073,143.5
2002-06-10,168.0262,138.0
2002-06-11,166.3242,141.5
2002-06-12,163.3178,135.3
2002-06-13,159.5235,140.9
2002-06-14,157.4943,133.1
2002-06-15,158.8815,135.9
2002-06-16,159.4663,137.7
2002-06-17,161.5904,139.4
2002-06-18,161.9801,148.6
2002-06-19,162.8786,164.8
2002-06-20,161.8129,177.2
2002-06-21,160.0911,185.9
2002-06-22,160.6952,186.6
2002-06-23,160.6255,188.3
2002-06-24,163.036,190.7
2002-06-25,160.026,188.7
2002-06-26,158.8609,195.8
2002-06-27,156.5209,204.6
2002-06-28,155.6422,215.0
2002-06-29,158.1255,224.5
2002-06-30,160.0223,240.4
2002-07-01,160.5287,238.0
2002-07-02,160.4963,246.2
2002-07-03,160.0086,241.1
2002-07-04,158.56,234.1
2002-07-05,155.3031,214.8
2002-07-06,152.37,198.3
2002-07-07,153.813,185.7
2002-07-08,151.2823,172.7
2002-07-09,152.6599,155.3
2002-07-10,149.226,146.0
2002-07-11,149.7838,148.8
2002-07-12,149.892,140.1
2002-07-13,150.4272,138.3
2002-07-14,154.0242,144.0
2002-07-15,161.7271,152.4
2002-07-16,166.8541,176.9
2002-07-17,170.0778,188.8
2002-07-18,170.6312,196.8
2002-07-19,171.3765,213.5
2002-07-20,172.3409,215.7
2002-07-21,171.8607,219.1
2002-07-22,174.525,232.3
2002-07-23,178.5886,246.9
2002-07-24,183.2129,242.6
2002-07-25,188.0117,232.8
2002-07-26,194.9377,225.0
2002-07-27,194.8418,225.1
2002-07-28,198.413,229.5
2002-07-29,197.4521,199.8
2002-07-30,194.4706,182.4
2002-07-31,187.0476,172.2
2002-08-01,180.1806,164.7
2002-08-02,175.1033,166.4
2002-08-03,168.8658,172.6
2002-08-04,161.3544,176.9
2002-08-05,155.7208,183.7
2002-08-06,157.5675,183.8
2002-08-07,153.8168,176.9
2002-08-08,152.2945,174.4
2002-08-09,153.9063,174.2
2002-08-10,157.6675,178.1
2002-08-11,167.8377,180.9
2002-08-12,173.7,185.6
2002-08-13,176.928,194.4
2002-08-14,183.707,209.0
2002-08-15,185.0392,223.5
2002-08-16,186.5186,219.0
2002-08-17,191.922,215.1
2002-08-18,198.255,208.6
2002-08-19,197.9795,209.2
2002-08-20,195.3844,189.9
2002-08-21,193.1313,184.5
2002-08-22,193.7223,195.9
2002-08-23,195.3695,178.4
2002-08-24,182.9553,166.7
2002-08-25,175.3489,165.8
2002-08-26,170.1936,159.8
2002-08-27,167.0258,161.1
2002-08-28,167.0671,154.8
2002-08-29,169.0633,158.9
2002-08-30,171.714,154.2
2002-08-31,175.4572,150.6
2002-09-01,176.9738,152.2
2002-09-02,173.6348,149.1
2002-09-03,172.213,138.6
2002-09-04,171.7982,140.1
2002-09-05,173.9638,140.1
2002-09-06,176.1095,136.0
2002-09-07,178.8033,146.1
2002-09-08,182.7877,157.6
2002-09-09,189.0089,155.1
2002-09-10,195.39,161.6
2002-09-11,194.4359,163.5
2002-09-12,193.0797,165.1
2002-09-13,191.1218,166.8
2002-09-14,191.6601,171.4
2002-09-15,184.2223,178.7
2002-09-16,182.2275,179.7
2002-09-17,186.3747,178.3
2002-09-18,179.443,180.2
2002-09-19,174.4459,175.7
2002-09-20,173.572,181.4
2002-09-21,171.0078,177.7
2002-09-22,171.6063,171.3
2002-09-23,169.0502,178.1
2002-09-24,170.6116,178.7
2002-09-25,168.6711,180.8
2002-09-26,167.0535,167.7
2002-09-27,167.3007,161.9
2002-09-28,165.1719,158.5
2002-09-29,161.1321,170.9
2002-09-30,161.1873,156.1
2002-10-01,161.0984,155.2
2002-10-02,159.5061,156.3
2002-10-03,162.8731,159.4
2002-10-04,168.6867,165.3
2002-10-05,168.2253,167.7
2002-10-06,171.3839,159.7
2002-10-07,171.9935,162.1
2002-10-08,172.6649,166.5
2002-10-09,173.3118,174.4
2002-10-10,175.2712,180.0
2002-10-11,177.9692,181.2
2002-10-12,178.2413,186.4
2002-10-13,178.0193,185.5
2002-10-14,178.2596,187.0
2002-10-15,176.3157,187.7
2002-10-16,178.1003,181.0
2002-10-17,176.2295,174.6
2002-10-18,173.141,178.6
2002-10-19,175.642,180.2
2002-10-20,175.7585,193.2
2002-10-21,176.8202,194.8
2002-10-22,171.298,180.5
2002-10-23,168.4946,174.8
2002-10-24,166.9776,164.3
2002-10-25,171.8016,155.3
2002-10-26,165.809,147.2
2002-10-27,165.2067,145.5
2002-10-28,165.873,143.8
2002-10-29,167.2086,143.5
2002-10-30,169.7938,133.2
2002-10-31,170.6304,138.5
2002-11-01,167.8069,138.8
2002-11-02,168.6879,136.0
2002-11-03,170.1012,137.5
2002-11-04,172.899,142.1
2002-11-05,175.0396,145.5
2002-11-06,175.189,142.0
2002-11-07,177.1192,141.8
2002-11-08,176.6637,144.5
2002-11-09,176.8654,144.4
2002-11-10,176.719,143.9
2002-11-11,174.1862,146.6
2002-11-12,170.9445,149.8
2002-11-13,171.7019,151.6
2002-11-14,173.3025,156.5
2002-11-15,178.6815,147.7
2002-11-16,179.4789,148.4
2002-11-17,174.4951,161.8
2002-11-18,170.972,180.1
2002-11-19,166.4705,196.6
2002-11-20,162.3623,196.5
2002-11-21,158.1707,205.8
2002-11-22,157.4723,190.6
2002-11-23,156.308,186.7
2002-11-24,155.3825,190.3
2002-11-25,150.7684,177.9
2002-11-26,152.2115,166.4
2002-11-27,152.1704,153.7
2002-11-28,151.0019,142.5
2002-11-29,151.1093,127.6
2002-11-30,152.6046,123.2
2002-12-01,153.5007,112.7
2002-12-02,152.3096,113.1
2002-12-03,151.8485,111.0
2002-12-04,152.7539,110.1
2002-12-05,152.5985,111.3
2002-12-06,152.3815,111.2
2002-12-07,153.6423,114.4
2002-12-08,155.1945,127.0
2002-12-09,155.7541,138.2
2002-12-10,157.6375,143.2
2002-12-11,153.8103,156.8
2002-12-12,153.7505,157.8
2002-12-13,159.2572,168.0
2002-12-14,166.996,176.9
2002-12-15,173.7631,178.7
2002-12-16,174.578,182.6
2002-12-17,178.8167,167.7
2002-12-18,173.0957,166.2
2002-12-19,171.7776,158.6
2002-12-20,173.4086,145.0
2002-12-21,168.8912,139.9
2002-12-22,163.9337,137.1
2002-12-23,158.7874,133.0
2002-12-24,153.1964,126.1
2002-12-25,146.151,133.7
2002-12-26,143.7718,129.4
2002-12-27,138.9472,125.4
2002-12-28,138.3964,131.6
2002-12-29,136.924,125.8
2002-12-30,136.101,124.9
2002-12-31,136.1767,121.2
2003-01-01,135.8548,117.7
2003-01-02,137.2727,121.8
2003-01-03,142.5622,120.7
2003-01-04,148.2475,117.6
2003-01-05,150.527,116.9
2003-01-06,156.334,122.1
2003-01-07,157.1182,123.0
2003-01-08,161.1011,128.7
2003-01-09,164.7181,131.0
2003-01-10,165.2948,136.2
2003-01-11,166.8109,145.4
2003-01-12,161.0617,143.3
2003-01-13,160.0802,135.4
2003-01-14,157.0856,137.6
2003-01-15,150.7072,132.6
2003-01-16,147.9947,131.4
2003-01-17,146.7109,128.2
2003-01-18,144.6261,127.3
2003-01-19,141.0074,128.1
2003-01-20,144.283,120.6
2003-01-21,142.4902,115.7
2003-01-22,140.4446,109.4
2003-01-23,142.7009,107.4
2003-01-24,140.4752,113.6
2003-01-25,139.2061,115.7
2003-01-26,137.1848,117.0
2003-01-27,135.6127,104.3
2003-01-28,136.7245,101.8
2003-01-29,135.7136,99.9
2003-01-30,133.9957,99.5
2003-01-31,133.2686,107.2
2003-02-01,135.2241,115.4
2003-02-02,135.3526,122.6
2003-02-03,137.8557,135.6
2003-02-04,139.0872,131.4
2003-02-05,141.4778,146.5
2003-02-06,145.1082,143.6
2003-02-07,144.3677,146.2
2003-02-08,141.4947,147.9
2003-02-09,142.3512,147.6
2003-02-10,140.559,146.2
2003-02-11,140.4495,150.6
2003-02-12,139.3042,141.7
2003-02-13,138.2021,139.7
2003-02-14,138.3443,136.2
2003-02-15,134.7248,132.5
2003-02-16,131.1255,137.3
2003-02-17,127.8544,129.3
2003-02-18,126.9732,127.2
2003-02-19,128.9809,123.1
2003-02-20,129.6188,117.3
2003-02-21,130.3362,107.2
2003-02-22,124.8229,96.6
2003-02-23,123.4332,90.3
2003-02-24,122.0875,88.3
2003-02-25,121.5693,92.4
2003-02-26,124.5104,97.3
2003-02-27,127.6101,108.2
2003-02-28,130.3842,126.6
2003-03-01,136.2641,140.5
2003-03-02,134.9229,146.4
2003-03-03,141.2666,154.6
2003-03-04,140.3748,154.2
2003-03-05,141.4786,159.8
2003-03-06,141.9667,152.8
2003-03-07,141.6768,157.3
2003-03-08,140.9306,155.7
2003-03-09,142.1536,152.7
2003-03-10,138.082,137.5
2003-03-11,137.1231,126.1
2003-03-12,135.09,115.9
2003-03-13,133.2045,112.6
2003-03-14,135.425,109.7
2003-03-15,131.9796,104.1
2003-03-16,130.9659,103.0
2003-03-17,129.1931,102.6
2003-03-18,126.3629,103.0
2003-03-19,121.5648,102.6
2003-03-20,116.4336,101.1
2003-03-21,112.9722,99.2
2003-03-22,111.6988,101.8
2003-03-23,113.1197,108.7
2003-03-24,115.4766,113.1
2003-03-25,120.8395,119.7
2003-03-26,128.7957,127.0
2003-03-27,135.2934,133.8
2003-03-28,137.7492,134.3
2003-03-29,141.879,129.8
2003-03-30,142.0057,145.3
2003-03-31,144.113,145.5
2003-04-01,140.9942,156.1
2003-04-02,142.8509,154.3
2003-04-03,142.4175,157.4
2003-04-04,141.1503,155.8
2003-04-05,134.612,151.0
2003-04-06,128.5936,159.0
2003-04-07,123.7971,150.1
2003-04-08,121.9179,144.4
2003-04-09,120.5754,131.1
2003-04-10,117.4407,124.1
2003-04-11,116.4062,112.2
2003-04-12,115.789,102.8
2003-04-13,115.7356,98.9
2003-04-14,115.5703,94.5
2003-04-15,114.8765,93.4
2003-04-16,114.0471,95.8
2003-04-17,114.796,98.1
2003-04-18,117.4289,98.3
2003-04-19,119.5188,101.4
2003-04-20,122.1664,104.9
2003-04-21,125.2282,104.7
2003-04-22,128.7009,111.5
2003-04-23,129.642,117.4
2003-04-24,128.0526,120.0
2003-04-25,134.4244,122.2
2003-04-26,134.7301,121.3
2003-04-27,139.4247,120.9
2003-04-28,138.9565,119.8
2003-04-29,140.7205,124.3
2003-04-30,140.2958,128.4
2003-05-01,137.935,132.3
2003-05-02,141.884,133.7
2003-05-03,138.3873,127.8
2003-05-04,136.391,120.4
2003-05-05,131.3401,116.3
2003-05-06,127.8382,115.5
2003-05-07,122.3532,124.8
2003-05-08,116.5834,117.8
2003-05-09,114.5189,108.7
2003-05-10,112.3009,117.0
2003-05-11,111.5082,129.4
2003-05-12,112.3741,137.2
2003-05-13,113.4104,158.0
2003-05-14,113.8229,163.1
2003-05-15,115.2067,182.0
2003-05-16,116.8863,198.9
2003-05-17,116.8488,168.6
2003-05-18,119.9737,155.8
2003-05-19,122.5038,137.7
2003-05-20,123.7994,132.8
2003-05-21,124.5226,126.5
2003-05-22,124.818,125.8
2003-05-23,124.5135,124.3
2003-05-24,123.9661,122.55
2003-05-25,125.6038,120.8
2003-05-26,128.027,118.8
2003-05-27,130.3188,113.9
2003-05-28,131.1726,117.2
2003-05-29,128.3613,118.3
2003-05-30,124.8734,120.2
2003-05-31,122.2149,122.9
2003-06-01,121.5805,128.1
2003-06-02,125.0401,128.1
2003-06-03,121.9497,131.6
2003-06-04,118.1137,132.5
2003-06-05,121.4348,135.6
2003-06-06,126.4471,139.3
2003-06-07,130.2099,136.7
2003-06-08,139.1526,144.8
2003-06-09,141.8312,146.7
2003-06-10,150.0447,135.3
2003-06-11,157.5749,137.8
2003-06-12,146.4477,135.7
2003-06-13,141.5458,130.2
2003-06-14,133.7765,126.9
2003-06-15,131.6145,126.1
2003-06-16,128.596,125.5
2003-06-17,128.0261,130.7
2003-06-18,127.1066,131.4
2003-06-19,126.1218,129.9
2003-06-20,125.0056,137.5
2003-06-21,123.7927,143.2
2003-06-22,121.7086,144.3
2003-06-23,122.7967,150.8
2003-06-24,123.7316,162.4
2003-06-25,124.7824,160.7
2003-06-26,125.6609,157.4
2003-06-27,128.4425,148.7
2003-06-28,128.8214,129.2
2003-06-29,130.208,115.1
2003-06-30,130.6213,105.9
2003-07-01,132.0293,104.9
2003-07-02,133.6743,106.6
2003-07-03,132.9145,103.0
2003-07-04,136.078,101.7
2003-07-05,137.2972,105.2
2003-07-06,133.0979,110.6
2003-07-07,134.3954,114.7
2003-07-08,133.8216,123.6
2003-07-09,130.7627,126.0
2003-07-10,129.3893,134.4
2003-07-11,129.152,132.4
2003-07-12,128.7619,140.9
2003-07-13,130.9637,136.6
2003-07-14,131.56,133.6
2003-07-15,131.224,134.7
2003-07-16,134.285,132.7
2003-07-17,136.3649,126.6
2003-07-18,137.1314,134.3
2003-07-19,139.468,133.1
2003-07-20,144.682,134.7
2003-07-21,144.2055,130.1
2003-07-22,142.7644,122.3
2003-07-23,138.7786,118.7
2003-07-24,130.8336,119.5
2003-07-25,124.1182,114.5
2003-07-26,119.4883,122.0
2003-07-27,118.7195,123.7
2003-07-28,119.6386,122.9
2003-07-29,118.2323,120.95
2003-07-30,117.2425,119.0
2003-07-31,118.7047,123.4
2003-08-01,121.1505,128.3
2003-08-02,123.4647,121.1
2003-08-03,128.484,118.7
2003-08-04,129.5366,116.2
2003-08-05,133.1674,111.8
2003-08-06,133.2592,110.1
2003-08-07,136.6176,107.6
2003-08-08,135.1738,112.4
2003-08-09,133.6957,114.1
2003-08-10,133.6619,109.8
2003-08-11,132.508,106.6
2003-08-12,130.03,109.4
2003-08-13,132.9963,100.3
2003-08-14,132.6123,97.3
2003-08-15,133.3814,100.6
2003-08-16,131.8482,98.0
2003-08-17,128.5203,95.6
2003-08-18,126.8878,97.3
2003-08-19,126.8773,95.8
2003-08-20,124.777,98.4
2003-08-21,127.956,100.4
2003-08-22,128.8724,107.0
2003-08-23,128.9048,110.2
2003-08-24,128.1828,112.1
2003-08-25,127.3425,116.5
2003-08-26,129.0788,120.9
2003-08-27,130.6715,123.5
2003-08-28,127.8011,125.7
2003-08-29,126.2246,134.3
2003-08-30,124.8687,133.4
2003-08-31,122.4341,131.8
2003-09-01,121.1125,130.3
2003-09-02,119.8731,137.6
2003-09-03,121.6241,135.6
2003-09-04,122.4266,133.3
2003-09-05,120.6802,137.1
2003-09-06,119.195,125.0
2003-09-07,120.2001,120.3
2003-09-08,116.295,119.0
2003-09-09,114.7247,109.6
2003-09-10,115.9388,112.0
2003-09-11,114.676,111.8
2003-09-12,113.6083,113.1
2003-09-13,114.035,110.5
2003-09-14,113.2453,111.4
2003-09-15,114.2837,105.4
2003-09-16,114.9639,97.4
2003-09-17,117.7636,94.0
2003-09-18,119.0281,91.9
2003-09-19,119.6791,95.3
2003-09-20,121.0842,94.6
2003-09-21,122.9103,98.1
2003-09-22,124.0196,107.8
2003-09-23,124.9156,119.4
2003-09-24,128.642,133.9
2003-09-25,128.4132,150.2
2003-09-26,127.8667,152.0
2003-09-27,127.2139,181.3
2003-09-28,130.4827,188.5
2003-09-29,129.4343,219.0
2003-09-30,128.7306,240.6
2003-10-01,130.7309,254.0
2003-10-02,125.4773,268.4
2003-10-03,123.1193,275.4
2003-10-04,121.9674,267.6
2003-10-05,118.0721,245.2
2003-10-06,118.7035,233.2
2003-10-07,118.4487,187.4
2003-10-08,118.7634,164.2
2003-10-09,117.2498,165.6
2003-10-10,117.2051,112.1
2003-10-11,114.905,96.1
2003-10-12,110.5874,89.4
2003-10-13,108.7957,91.0
2003-10-14,107.9525,91.2
2003-10-15,109.3626,92.8
2003-10-16,109.0398,93.7
2003-10-17,110.1728,95.8
2003-10-18,114.3279,100.0
2003-10-19,119.3111,96.8
2003-10-20,124.5917,95.6
2003-10-21,133.3921,102.0
2003-10-22,134.9125,118.2
2003-10-23,146.9759,141.0
2003-10-24,150.5936,151.5
2003-10-25,163.0562,171.0
2003-10-26,172.172,172.8
2003-10-27,178.0446,171.9
2003-10-28,184.3196,173.8
2003-10-29,187.9547,172.8
2003-10-30,186.1962,166.3
2003-10-31,179.1238,166.5
2003-11-01,175.7102,170.1
2003-11-02,158.3153,163.2
2003-11-03,148.0978,161.4
2003-11-04,147.6893,148.6
2003-11-05,123.9744,139.3
2003-11-06,116.2307,135.4
2003-11-07,112.7498,120.3
2003-11-08,112.7485,112.5
2003-11-09,112.4477,108.5
2003-11-10,112.9869,105.7
2003-11-11,113.1686,89.3
2003-11-12,113.931,90.9
2003-11-13,115.6456,89.4
2003-11-14,114.5497,86.5
2003-11-15,114.2469,83.4
2003-11-16,116.8761,84.5
2003-11-17,123.4542,85.0
2003-11-18,133.992,89.5
2003-11-19,139.1803,97.7
2003-11-20,148.0786,103.0
2003-11-21,149.4148,113.8
2003-11-22,149.4955,119.1
2003-11-23,150.6306,118.6
2003-11-24,150.5372,125.9
2003-11-25,148.3924,129.1
2003-11-26,148.764,133.2
2003-11-27,150.6005,137.4
2003-11-28,148.5987,134.4
2003-11-29,148.2332,134.6
2003-11-30,142.9375,132.7
2003-12-01,138.4479,124.3
2003-12-02,136.2871,115.1
2003-12-03,129.7756,110.7
2003-12-04,126.5895,104.2
2003-12-05,124.4019,104.4
2003-12-06,123.0509,112.2
2003-12-07,115.8363,112.6
2003-12-08,115.7693,112.3
2003-12-09,114.815,115.5
2003-12-10,113.5761,119.0
2003-12-11,111.8736,113.4
2003-12-12,112.0109,114.9
2003-12-13,112.0861,116.1
2003-12-14,113.9933,114.4
2003-12-15,117.0858,115.3
2003-12-16,119.8839,114.6
2003-12-17,125.1268,114.4
2003-12-18,127.4066,114.1
2003-12-19,127.4472,117.1
2003-12-20,130.4975,115.2
2003-12-21,132.9942,116.4
2003-12-22,135.7319,118.6
2003-12-23,137.8625,115.6
2003-12-24,136.7939,130.3
2003-12-25,137.094,124.8
2003-12-26,136.3749,126.0
2003-12-27,132.2981,117.9
2003-12-28,127.7572,111.6
2003-12-29,125.4488,104.1
2003-12-30,121.7424,99.1
2003-12-31,121.4199,95.0
2004-01-01,124.6594,90.8
2004-01-02,125.5413,85.9
2004-01-03,125.4756,84.8
2004-01-04,126.5268,89.9
2004-01-05,128.1797,91.6
2004-01-06,126.0494,94.5
2004-01-07,126.2636,98.5
2004-01-08,126.8355,96.6
2004-01-09,125.7304,98.6
2004-01-10,125.6998,102.5
2004-01-11,125.4623,103.7
2004-01-12,125.0979,108.1
2004-01-13,124.6859,113.1
2004-01-14,124.8352,114.7
2004-01-15,123.9338,113.5
2004-01-16,124.1796,111.2
2004-01-17,124.2077,109.3
2004-01-18,122.3005,105.1
2004-01-19,127.9845,101.1
2004-01-20,125.3781,99.6
2004-01-21,125.2765,96.3
2004-01-22,121.6344,99.5
2004-01-23,118.5408,95.4
2004-01-24,114.4775,94.2
2004-01-25,112.0012,93.2
2004-01-26,110.0329,96.0
2004-01-27,107.9235,101.7
2004-01-28,105.4263,102.1
2004-01-29,104.672,103.4
2004-01-30,106.7589,116.1
2004-01-31,107.5641,118.4
2004-02-01,108.9447,119.8
2004-02-02,111.1477,113.6
2004-02-03,110.3775,108.0
2004-02-04,111.2922,100.0
2004-02-05,112.985,97.1
2004-02-06,113.4647,88.9
2004-02-07,115.0542,95.9
2004-02-08,116.9282,105.0
2004-02-09,117.4191,102.9
2004-02-10,117.3259,104.6
2004-02-11,116.2006,106.3
2004-02-12,114.18,107.2
2004-02-13,112.7947,111.1
2004-02-14,109.7551,111.7
2004-02-15,109.2823,106.2
2004-02-16,106.4864,102.6
2004-02-17,106.2365,101.3
2004-02-18,103.9019,100.3
2004-02-19,102.5676,108.5
2004-02-20,102.2285,108.8
2004-02-21,102.8789,114.4
2004-02-22,105.5779,111.3
2004-02-23,107.1931,112.7
2004-02-24,107.1049,110.4
2004-02-25,111.9202,115.6
2004-02-26,113.5141,117.6
2004-02-27,115.6551,119.0
2004-02-28,113.7497,126.4
2004-02-29,110.2835,123.2
2004-03-01,107.3329,127.2
2004-03-02,105.4098,128.6
2004-03-03,102.5276,128.3
2004-03-04,104.3366,126.4
2004-03-05,108.1774,121.0
2004-03-06,108.0944,112.6
2004-03-07,109.262,108.1
2004-03-08,110.145,107.4
2004-03-09,110.3294,109.0
2004-03-10,111.9731,108.9
2004-03-11,112.5668,101.6
2004-03-12,110.5031,98.4
2004-03-13,109.3531,93.8
2004-03-14,108.4688,90.3
2004-03-15,107.462,88.1
2004-03-16,110.5681,90.0
2004-03-17,111.5379,91.8
2004-03-18,113.7004,93.6
2004-03-19,113.701,95.8
2004-03-20,112.9785,97.4
2004-03-21,111.4339,97.6
2004-03-22,113.232,99.0
2004-03-23,114.9455,110.0
2004-03-24,115.0379,114.5
2004-03-25,120.0545,111.8
2004-03-26,119.9297,113.9
2004-03-27,121.4794,118.4
2004-03-28,121.856,116.6
2004-03-29,121.113,112.9
2004-03-30,117.6348,108.4
2004-03-31,116.3323,100.9
2004-04-01,113.7376,96.4
2004-04-02,112.2468,90.7
2004-04-03,111.5635,89.8
2004-04-04,112.0922,90.8
2004-04-05,112.6573,95.7
2004-04-06,109.7509,99.1
2004-04-07,106.6944,92.8
2004-04-08,102.89,88.9
2004-04-09,100.7744,90.1
2004-04-10,99.385,88.0
2004-04-11,99.3849,86.8
2004-04-12,100.3338,88.9
2004-04-13,102.0708,95.0
2004-04-14,103.3223,94.8
2004-04-15,103.7461,92.0
2004-04-16,103.7102,100.9
2004-04-17,103.9312,103.0
2004-04-18,108.783,112.1
2004-04-19,113.2175,117.9
2004-04-20,112.6893,121.0
2004-04-21,113.5799,113.7
2004-04-22,115.0228,110.4
2004-04-23,113.5129,111.4
2004-04-24,113.1743,107.2
2004-04-25,110.7968,109.6
2004-04-26,108.4986,105.0
2004-04-27,105.8949,106.6
2004-04-28,103.2025,107.9
2004-04-29,101.6537,105.1
2004-04-30,101.3322,106.1
2004-05-01,103.3928,104.6
2004-05-02,104.4635,105.2
2004-05-03,102.3558,104.0
2004-05-04,100.5274,102.4
2004-05-05,100.1315,98.1
2004-05-06,99.1158,92.5
2004-05-07,98.2436,93.0
2004-05-08,98.6313,92.6
2004-05-09,100.3924,92.0
2004-05-10,100.5915,87.0
2004-05-11,99.7337,91.0
2004-05-12,103.3273,91.2
2004-05-13,104.3566,88.6
2004-05-14,108.6866,87.9
2004-05-15,111.2964,85.0
2004-05-16,113.7898,86.5
2004-05-17,110.6475,90.7
2004-05-18,109.1794,98.2
2004-05-19,110.0567,103.1
2004-05-20,108.9408,112.9
2004-05-21,110.086,115.1
2004-05-22,108.9491,114.9
2004-05-23,111.4377,111.3
2004-05-24,111.9951,116.4
2004-05-25,111.8083,123.0
2004-05-26,110.6818,119.6
2004-05-27,109.3267,120.5
2004-05-28,109.2414,116.2
2004-05-29,108.4728,111.9
2004-05-30,107.921,106.3
2004-05-31,104.2521,102.2
2004-06-01,101.373,97.3
2004-06-02,101.0321,92.4
2004-06-03,100.6074,87.9
2004-06-04,100.167,84.5
2004-06-05,98.7788,84.0
2004-06-06,99.5542,83.4
2004-06-07,100.0349,82.2
2004-06-08,99.3308,82.1
2004-06-09,99.2267,80.9
2004-06-10,98.1191,81.6
2004-06-11,97.9239,81.9
2004-06-12,99.4578,84.6
2004-06-13,101.9376,89.6
2004-06-14,105.0249,96.4
2004-06-15,108.4965,107.9
2004-06-16,111.8293,129.2
2004-06-17,112.9379,131.6
2004-06-18,111.4683,142.6
2004-06-19,112.8486,150.5
2004-06-20,115.5457,151.3
2004-06-21,115.5516,154.1
2004-06-22,114.6554,160.2
2004-06-23,112.481,175.8
2004-06-24,109.2352,180.8
2004-06-25,106.9488,177.7
2004-06-26,104.1653,178.4
2004-06-27,100.8348,170.4
2004-06-28,99.1415,151.8
2004-06-29,96.954,143.9
2004-06-30,95.6338,132.0
2004-07-01,94.9115,121.8
2004-07-02,94.7675,103.8
2004-07-03,93.8861,102.8
2004-07-04,94.129,91.4
2004-07-05,93.4746,89.0
2004-07-06,93.5474,85.8
2004-07-07,93.5772,87.0
2004-07-08,94.1068,90.1
2004-07-09,95.3458,87.9
2004-07-10,98.5221,91.5
2004-07-11,103.6751,93.6
2004-07-12,111.8398,97.3
2004-07-13,116.4675,107.7
2004-07-14,121.104,117.0
2004-07-15,126.0769,124.7
2004-07-16,125.3277,134.3
2004-07-17,127.7629,151.1
2004-07-18,131.1499,152.5
2004-07-19,136.3458,153.1
2004-07-20,138.9569,142.4
2004-07-21,138.7917,137.0
2004-07-22,139.6631,138.3
2004-07-23,136.6478,143.3
2004-07-24,131.1832,123.5
2004-07-25,129.3256,124.2
2004-07-26,124.9861,122.8
2004-07-27,120.0156,117.8
2004-07-28,111.0976,111.9
2004-07-29,108.7632,107.2
2004-07-30,104.3927,102.5
2004-07-31,103.4774,99.5
2004-08-01,101.2556,92.3
2004-08-02,101.4144,88.9
2004-08-03,101.6854,87.7
2004-08-04,100.8985,91.6
2004-08-05,101.2646,89.7
2004-08-06,102.1287,91.5
2004-08-07,103.8665,95.6
2004-08-08,108.3842,98.3
2004-08-09,113.7567,100.9
2004-08-10,118.0986,104.8
2004-08-11,121.9758,108.2
2004-08-12,128.895,120.7
2004-08-13,133.3095,126.3
2004-08-14,133.2191,132.8
2004-08-15,129.8154,131.8
2004-08-16,127.8232,117.9
2004-08-17,126.5996,116.0
2004-08-18,127.6919,119.1
2004-08-19,123.0005,116.0
2004-08-20,123.5099,110.8
2004-08-21,124.4913,109.4
2004-08-22,122.2216,105.5
2004-08-23,118.8472,103.6
2004-08-24,113.8271,106.1
2004-08-25,109.7116,101.3
2004-08-26,107.1217,95.6
2004-08-27,103.7831,92.0
2004-08-28,102.1224,90.8
2004-08-29,101.5723,89.9
2004-08-30,102.2162,89.9
2004-08-31,101.9907,89.9
2004-09-01,102.3669,90.2
2004-09-02,103.9497,90.2
2004-09-03,105.8099,90.0
2004-09-04,107.6807,88.4
2004-09-05,109.8091,88.1
2004-09-06,111.5542,88.1
2004-09-07,115.7008,89.1
2004-09-08,118.7576,90.7
2004-09-09,122.2588,90.8
2004-09-10,122.5468,92.0
2004-09-11,119.1214,93.7
2004-09-12,118.2037,90.4
2004-09-13,119.5516,87.7
2004-09-14,118.4084,88.7
2004-09-15,117.6901,86.6
2004-09-16,117.7065,87.2
2004-09-17,116.9844,89.4
2004-09-18,116.8561,90.2
2004-09-19,117.6345,88.6
2004-09-20,114.0772,91.1
2004-09-21,109.6913,91.2
2004-09-22,108.1948,95.5
2004-09-23,106.9173,98.2
2004-09-24,106.7257,110.3
2004-09-25,106.5289,111.0
2004-09-26,106.4322,121.2
2004-09-27,106.6299,130.2
2004-09-28,107.0625,138.7
2004-09-29,106.5121,141.5
2004-09-30,106.4398,135.0
2004-10-01,105.955,127.8
2004-10-02,105.6934,134.0
2004-10-03,105.5979,128.8
2004-10-04,105.3653,134.4
2004-10-05,105.1606,137.1
2004-10-06,105.1841,133.4
2004-10-07,105.4787,131.0
2004-10-08,104.3767,129.4
2004-10-09,103.1938,128.6
2004-10-10,103.2333,138.8
2004-10-11,101.4357,126.5
2004-10-12,101.1244,127.2
2004-10-13,101.8725,121.7
2004-10-14,101.7668,124.2
2004-10-15,101.2729,102.6
2004-10-16,101.3343,93.0
2004-10-17,101.6054,94.0
2004-10-18,103.2376,94.4
2004-10-19,105.7766,98.1
2004-10-20,109.6996,103.3
2004-10-21,109.5312,104.2
2004-10-22,113.5935,102.5
2004-10-23,118.209,101.6
2004-10-24,122.2954,100.9
2004-10-25,123.7527,96.9
2004-10-26,122.8698,98.5
2004-10-27,119.9148,103.7
2004-10-28,122.7603,104.2
2004-10-29,121.1912,104.5
2004-10-30,123.2129,106.6
2004-10-31,124.0516,108.2
2004-11-01,121.602,107.4
2004-11-02,119.9155,109.8
2004-11-03,119.1807,108.4
2004-11-04,119.3869,107.5
2004-11-05,121.758,107.8
2004-11-06,119.7821,102.6
2004-11-07,119.5196,97.9
2004-11-08,118.6591,94.6
2004-11-09,117.7916,93.1
2004-11-10,109.5551,90.4
2004-11-11,106.1159,87.1
2004-11-12,106.1108,91.6
2004-11-13,105.322,84.7
2004-11-14,106.9818,82.3
2004-11-15,108.7055,87.1
2004-11-16,109.5294,87.7
2004-11-17,109.7317,87.0
2004-11-18,110.0703,86.5
2005-02-18,103.5111,103.6
2005-02-19,101.1107,100.7
2005-02-20,99.4115,95.7
2005-02-21,98.3144,92.2
2005-02-22,97.1655,88.3
2005-02-23,93.0884,89.2
2005-02-24,89.9689,86.7
2005-02-25,88.2291,87.1
2005-02-26,86.5738,86.6
2005-02-27,86.2071,81.7
2005-02-28,85.7179,77.4
2005-03-01,85.9579,78.1
2005-03-02,86.2731,79.4
2005-03-03,86.9912,78.6
2005-03-04,87.3529,77.5
2005-03-05,88.2618,76.5
2005-03-06,89.0802,78.2
2005-03-07,90.4939,80.2
2005-03-08,93.4376,81.1
2005-03-09,96.6797,84.9
2005-03-10,97.4587,88.5
2005-03-11,99.0933,88.2
2005-03-12,101.8248,88.0
2005-03-13,103.5335,87.9
2005-03-14,103.7268,88.8
2005-03-15,102.89,88.6
2005-03-16,101.8551,87.9
2005-03-17,101.2296,85.3
2005-03-18,99.5085,84.0
2005-03-19,97.843,86.0
2005-03-20,95.6885,85.5
2005-03-21,95.4033,83.6
2005-03-22,93.6534,84.2
2005-03-23,93.7468,82.0
2005-03-24,93.3492,78.9
2005-03-25,90.8053,77.8
2005-03-26,88.8918,77.9
2005-03-27,88.3472,78.1
2005-03-28,88.7506,80.2
2005-03-29,88.2783,83.2
2005-03-30,88.0246,87.1
2005-03-31,87.8576,92.1
2005-04-01,87.5829,96.6
2005-04-02,88.4257,99.4
2005-04-03,89.1586,106.5
2005-04-04,90.7466,108.0
2005-04-05,92.5988,113.4
2005-04-06,92.8953,113.3
2005-04-07,92.5927,114.2
2005-04-08,92.2873,110.6
2005-04-09,92.6785,111.0
2005-04-10,92.4925,112.4
2005-04-11,91.8417,101.8
2005-04-12,90.5187,103.2
2005-04-13,89.6364,112.2
2005-04-14,91.4046,121.6
2005-04-15,91.5487,127.9
2005-04-16,89.3547,119.9
2005-04-17,89.3915,115.5
2005-04-18,88.1873,101.7
2005-04-19,86.6099,105.2
2005-04-20,85.5921,101.4
2005-04-21,85.1671,92.0
2005-04-22,84.8752,85.8
2005-04-23,85.5203,86.7
2005-04-24,86.561,85.6
2005-04-25,88.3968,83.9
2005-04-26,90.1719,84.2
2005-04-27,91.5956,85.5
2005-04-28,93.109,87.4
2005-04-29,96.2556,86.0
2005-04-30,97.0853,92.8
2005-05-01,99.0781,98.1
2005-05-02,99.2998,95.1
2005-05-03,99.599,95.3
2005-05-04,98.6972,97.5
2005-05-05,98.7499,99.0
2005-05-06,99.6079,96.9
2005-05-07,96.7717,96.0
2005-05-08,97.4476,98.0
2005-05-09,101.4822,99.8
2005-05-10,104.5073,108.6
2005-05-11,106.9717,109.2
2005-05-12,105.1237,112.4
2005-05-13,103.1745,119.3
2005-05-14,98.3218,119.7
2005-05-15,98.8112,117.9
2005-05-16,97.8254,111.4
2005-05-17,94.343,106.3
2005-05-18,91.221,94.7
2005-05-19,91.3808,96.8
2005-05-20,90.691,97.5
2005-05-21,89.5026,100.2
2005-05-22,89.7554,93.7
2005-05-23,90.5695,92.9
2005-05-24,92.0112,89.8
2005-05-25,91.7281,88.9
2005-05-26,94.6284,85.5
2005-05-27,96.7849,82.1
2005-05-28,96.0129,80.1
2005-05-29,96.3735,79.2
2005-05-30,97.1232,79.3
2005-05-31,98.1628,81.3
2005-06-01,97.4291,80.0
2005-06-02,97.2048,82.6
2005-06-03,97.7263,91.2
2005-06-04,98.6749,104.85
2005-06-05,101.4265,118.5
2005-06-06,102.7556,128.0
2005-06-07,104.0305,134.1
2005-06-08,106.3429,127.8
2005-06-09,106.7783,131.0
2005-06-10,106.5621,127.2
2005-06-11,102.8443,125.5
2005-06-12,100.5871,114.2
2005-06-13,95.8164,111.9
2005-06-14,95.5601,105.2
2005-06-15,95.3847,96.4
2005-06-16,97.0206,99.4
2005-06-17,94.9647,94.5
2005-06-18,94.6516,92.9
2005-06-19,93.5796,90.1
2005-06-20,92.9324,78.8
2005-06-21,91.6971,76.5
2005-06-22,89.9972,74.4
2005-06-23,89.3072,73.5
2005-06-24,88.6112,74.4
2005-06-25,88.582,75.2
2005-06-26,89.6713,75.9
2005-06-27,89.2601,82.7
2005-06-28,90.1761,82.8
2005-06-29,93.794,86.5
2005-06-30,100.7572,89.2
2005-07-01,106.9062,93.4
2005-07-02,111.901,98.7
2005-07-03,115.9399,106.9
2005-07-04,114.9409,108.2
2005-07-05,116.1924,113.1
2005-07-06,115.3641,114.6
2005-07-07,114.1603,113.5
2005-07-08,111.0555,112.2
2005-07-09,109.7873,109.2
2005-07-10,107.5184,101.7
2005-07-11,103.5365,96.1
2005-07-12,104.4234,94.9
2005-07-13,102.0843,88.9
2005-07-14,100.9925,84.7
2005-07-15,99.6414,78.3
2005-07-16,95.0902,77.9
2005-07-17,93.0231,78.3
2005-07-18,91.2755,77.4
2005-07-19,90.4677,76.7
2005-07-20,90.6063,77.7
2005-07-21,90.2686,77.7
2005-07-22,90.4602,78.9
2005-07-23,92.2299,84.7
2005-07-24,92.0715,95.3
2005-07-25,93.5728,100.4
2005-07-26,94.8546,100.8
2005-07-27,96.0187,107.2
2005-07-28,97.8467,109.3
2005-07-29,101.2702,100.7
2005-07-30,102.6279,94.4
2005-07-31,105.6522,95.2
2005-08-01,107.7182,94.0
2005-08-02,107.7428,91.6
2005-08-03,106.0251,90.9
2005-08-04,105.5181,87.6
2005-08-05,103.5846,85.6
2005-08-06,101.3888,80.6
2005-08-07,101.1433,78.5
2005-08-08,98.7635,75.4
2005-08-09,96.0599,75.8
2005-08-10,91.6315,76.2
2005-08-11,91.1047,82.4
2005-08-12,90.4878,93.6
2005-08-13,89.4601,92.4
2005-08-14,88.5353,100.6
2005-08-15,88.9799,117.6
2005-08-16,89.0784,111.1
2005-08-17,89.5852,119.5
2005-08-18,91.1372,115.0
2005-08-19,94.4336,117.9
2005-08-20,96.7632,120.6
2005-08-21,96.8135,112.9
2005-08-22,99.7733,104.9
2005-08-23,100.9265,103.2
2005-08-24,98.0327,91.9
2005-08-25,96.3791,88.5
2005-08-26,96.508,86.7
2005-08-27,96.529,84.3
2005-08-28,96.3518,83.3
2005-08-29,96.4743,81.9
2005-08-30,95.7634,81.4
2005-08-31,94.3912,81.7
2005-09-01,90.7767,77.2
2005-09-02,89.338,74.9
2005-09-03,87.2052,74.0
2005-09-04,86.651,72.4
2005-09-05,86.4723,72.3
2005-09-06,88.5161,75.0
2005-09-07,93.4825,74.4
2005-09-08,93.9321,82.7
2005-09-09,97.1079,81.3
2005-09-10,102.439,79.4
2005-09-11,100.7673,78.7
2005-09-12,102.8491,78.0
2005-09-13,102.8712,78.7
2005-09-14,103.4667,78.8
2005-09-15,104.8346,77.3
2005-09-16,103.2563,76.5
2005-09-17,101.8733,77.6
2005-09-18,101.3604,78.0
2005-09-19,96.1946,79.1
2005-09-20,95.2228,78.7
2005-09-21,93.9685,77.5
2005-09-22,92.7332,77.7
2005-09-23,92.0461,77.2
2005-09-24,91.4056,76.0
2005-09-25,90.6805,74.6
2005-09-26,90.081,74.0
2005-09-27,87.7988,73.4
2005-09-28,86.0227,72.5
2005-09-29,84.7381,72.1
2005-09-30,83.9265,71.2
2005-10-01,83.364,70.7
2005-10-02,83.7896,72.1
2005-10-03,83.6363,73.1
2005-10-04,86.3961,74.5
2005-10-05,86.1877,76.7
2005-10-06,86.106,76.1
2005-10-07,85.9546,76.8
2005-10-08,85.7604,75.5
2005-10-09,86.1281,76.1
2005-10-10,86.1365,77.9
2005-10-11,86.0813,80.3
2005-10-12,85.6228,78.0
2005-10-13,86.1109,77.9
2005-10-14,86.4422,76.6
2005-10-15,86.7921,76.4
2005-10-16,86.2767,77.0
2005-10-17,85.3653,81.4
2005-10-18,85.043,86.0
2005-10-19,84.3667,90.4
2005-10-20,83.2335,97.8
2005-10-21,81.9618,91.8
2005-10-22,81.6521,98.2
2005-10-23,81.4738,98.8
2005-10-24,81.077,99.6
2005-10-25,80.5858,94.1
2005-10-26,80.2552,92.4
2005-10-27,79.6443,90.3
2005-10-28,79.8429,87.5
2005-10-29,79.6604,84.4
2005-10-30,79.7004,77.9
2005-10-31,80.2031,78.7
2005-11-01,80.6788,78.6
2005-11-02,80.9976,79.7
2005-11-03,80.8496,82.4
2005-11-04,80.9066,92.0
2005-11-05,81.611,95.5
2005-11-06,82.9309,101.3
2005-11-07,82.601,98.4
2005-11-08,82.193,92.5
2005-11-09,81.3049,89.0
2005-11-10,80.9882,86.5
2005-11-11,80.7737,86.3
2005-11-12,82.9955,86.9
2005-11-13,84.8705,86.4
2005-11-14,86.8319,88.7
2005-11-15,89.4553,90.2
2005-11-16,87.8032,85.6
2005-11-17,89.7651,85.2
2005-11-18,90.0204,86.8
2005-11-19,90.5505,84.2
2005-11-20,89.3776,83.1
2005-11-21,88.9136,82.5
2005-11-22,88.2362,82.8
2005-11-23,87.5225,86.6
2005-11-24,86.3404,84.9
2005-11-25,83.8362,83.7
2005-11-26,83.8023,84.8
2005-11-27,83.7204,90.1
2005-11-28,83.9427,88.9
2005-11-29,84.5859,88.8
2005-11-30,87.8618,89.5
2005-12-01,89.2862,89.2
2005-12-02,90.8473,86.1
2005-12-03,89.9304,87.4
2005-12-04,88.0849,86.9
2005-12-05,86.7457,84.5
2005-12-06,85.4971,84.5
2005-12-07,84.9891,81.7
2005-12-08,85.0029,82.1
2005-12-09,84.9419,81.2
2005-12-10,85.9219,80.6
2005-12-11,86.4549,79.3
2005-12-12,84.8728,76.6
2005-12-13,84.5897,75.6
2005-12-14,85.4073,75.0
2005-12-15,84.2048,75.2
2005-12-16,83.5251,74.7
2005-12-17,83.3987,74.0
2005-12-18,83.3479,74.0
2005-12-19,85.2706,74.9
2005-12-20,84.5136,78.3
2005-12-21,84.2008,81.1
2005-12-22,84.9297,79.8
2005-12-23,87.0213,82.9
2005-12-24,87.2003,85.8
2005-12-25,87.1332,87.9
2005-12-26,87.1527,90.9
2005-12-27,87.0014,89.9
2005-12-28,85.0622,89.6
2005-12-29,85.6609,89.8
2005-12-30,85.628,86.3
2005-12-31,84.3063,84.2
2006-01-01,83.2164,81.0
2006-01-02,82.5313,77.6
2006-01-03,82.5228,77.2
2006-01-04,82.2641,76.5
2006-01-05,82.2935,75.3
2006-01-06,81.9531,75.3
2006-01-07,80.8456,75.1
2006-01-08,80.3105,76.4
2006-01-09,79.9157,74.9
2006-01-10,79.6047,74.2
2006-01-11,79.0437,72.9
2006-01-12,78.7221,72.0
2006-01-13,78.6906,72.0
2006-01-14,78.9507,72.8
2006-01-15,79.9581,73.2
2006-01-16,81.5127,74.1
2006-01-17,81.5876,74.1
2006-01-18,82.7921,74.4
2006-01-19,84.5646,75.4
2006-01-20,85.8765,76.6
2006-01-21,87.5117,77.3
2006-01-22,87.3802,77.3
2006-01-23,87.7817,76.7
2006-01-24,87.6736,74.8
2006-01-25,86.5018,74.5
2006-01-26,84.9654,74.2
2006-01-27,83.4955,74.4
2006-01-28,82.2704,73.6
2006-01-29,81.569,74.4
2006-01-30,81.0184,74.5
2006-01-31,80.3333,75.0
2006-02-01,80.2283,75.5
2006-02-02,80.1088,75.7
2006-02-03,80.2719,75.6
2006-02-04,79.7148,74.7
2006-02-05,79.2717,74.2
2006-02-06,78.7319,73.8
2006-02-07,78.0412,73.0
2006-02-08,77.8337,72.5
2006-02-09,77.8487,73.3
2006-02-10,77.9765,71.3
2006-02-11,78.3079,71.8
2006-02-12,78.623,71.2
2006-02-13,78.6904,73.1
2006-02-14,79.3087,72.3
2006-02-15,79.3734,71.7
2006-02-16,80.0797,72.8
2006-02-17,80.3797,73.4
2006-02-18,80.0537,71.7
2006-02-19,79.0842,71.3
2006-02-20,78.6689,71.7
2006-02-21,78.2419,74.6
2006-02-22,77.9545,76.2
2006-02-23,77.5801,76.1
2006-02-24,77.4788,75.4
2006-02-25,77.5726,76.1
2006-02-26,77.2283,75.4
2006-02-27,77.6095,75.2
2006-02-28,77.4238,73.3
2006-03-01,77.2734,74.0
2006-03-02,76.3926,79.0
2006-03-03,76.2063,81.5
2006-03-04,75.9305,83.7
2006-03-05,75.7709,86.1
2006-03-06,75.6293,86.9
2006-03-07,75.8627,91.1
2006-03-08,75.3746,100.4
2006-03-09,75.5908,99.6
2006-03-10,75.4925,99.1
2006-03-11,76.1234,99.1
2006-03-12,75.9117,94.7
2006-03-13,75.6787,91.3
2006-03-14,75.719,89.5
2006-03-15,75.5915,89.1
2006-03-16,76.1252,90.1
2006-03-17,75.6218,81.6
2006-03-18,75.4713,80.5
2006-03-19,76.4657,79.4
2006-03-20,77.3109,78.9
2006-03-21,77.4434,77.0
2006-03-22,77.1092,78.5
2006-03-23,77.2212,76.1
2006-03-24,77.0643,76.5
2006-03-25,76.847,79.3
2006-03-26,76.1913,80.0
2006-03-27,76.126,83.2
2006-03-28,77.9527,87.7
2006-03-29,79.5142,93.9
2006-03-30,80.6524,96.3
2006-03-31,81.8398,101.3
2006-04-01,82.686,102.0
2006-04-02,84.2726,101.5
2006-04-03,88.203,102.7
2006-04-04,89.2286,101.4
2006-04-05,86.1449,94.8
2006-04-06,86.8807,90.9
2006-04-07,85.0827,90.4
2006-04-08,84.0877,93.4
2006-04-09,83.5974,88.2
2006-04-10,83.6913,88.6
2006-04-11,83.9417,87.8
2006-04-12,81.1342,86.3
2006-04-13,80.3912,84.2
2006-04-14,80.0025,79.8
2006-04-15,79.2078,77.9
2006-04-16,78.1959,77.3
2006-04-17,78.5853,75.0
2006-04-18,77.5033,73.6
2006-04-19,77.5728,73.2
2006-04-20,78.3665,73.1
2006-04-21,78.8013,73.6
2006-04-22,80.1584,75.0
2006-04-23,81.8827,77.1
2006-04-24,84.1928,78.0
2006-04-25,85.3614,79.4
2006-04-26,87.4624,85.1
2006-04-27,88.2784,86.3
2006-04-28,88.4664,85.9
2006-04-29,88.7598,85.9
2006-04-30,89.035,83.8
2006-05-01,87.0496,85.2
2006-05-02,86.2159,87.0
2006-05-03,85.9804,83.3
2006-05-04,87.209,82.3
2006-05-05,85.6315,80.6
2006-05-06,85.8047,79.4
2006-05-07,85.7396,77.5
2006-05-08,85.1986,78.1
2006-05-09,84.1724,77.8
2006-05-10,81.6278,80.2
2006-05-11,80.3877,80.3
2006-05-12,79.6188,85.2
2006-05-13,78.2357,82.5
2006-05-14,77.5931,80.0
2006-05-15,77.2177,78.5
2006-05-16,77.2172,76.7
2006-05-17,77.3165,76.5
2006-05-18,77.7799,79.5
2006-05-19,78.4459,77.7
2006-05-20,78.9096,78.8
2006-05-21,79.8648,77.7
2006-05-22,82.1879,75.6
2006-05-23,83.7455,75.7
2006-05-24,83.7443,75.7
2006-05-25,84.0462,75.3
2006-05-26,83.5139,75.1
2006-05-27,84.4914,74.4
2006-05-28,86.4087,74.1
2006-05-29,85.2232,76.1
2006-05-30,84.2681,76.5
2006-05-31,82.9497,79.0
2006-06-01,81.8584,81.2
2006-06-02,80.9835,86.3
2006-06-03,81.0283,88.4
2006-06-04,80.708,89.0
2006-06-05,81.5206,88.4
2006-06-06,81.9128,90.0
2006-06-07,84.6775,88.8
2006-06-08,83.5007,95.1
2006-06-09,82.4617,87.5
2006-06-10,81.858,87.9
2006-06-11,80.841,82.6
2006-06-12,80.6216,80.0
2006-06-13,81.5656,77.1
2006-06-14,81.1691,75.2
2006-06-15,81.84,73.6
2006-06-16,81.3714,72.9
2006-06-17,80.7814,72.2
2006-06-18,80.6401,73.3
2006-06-19,80.5751,72.6
2006-06-20,80.2465,73.2
2006-06-21,80.0238,73.3
2006-06-22,79.772,73.6
2006-06-23,79.4231,73.4
2006-06-24,79.9241,74.5
2006-06-25,79.8379,75.0
2006-06-26,80.8729,75.9
2006-06-27,81.9455,78.9
2006-06-28,85.125,79.5
2006-06-29,86.2976,77.9
2006-06-30,86.5095,77.0
2006-07-01,86.2577,76.7
2006-07-02,86.5754,74.9
2006-07-03,86.0439,75.2
2006-07-04,87.5156,76.2
2006-07-05,85.1428,74.6
2006-07-06,85.2327,74.9
2006-07-07,83.0173,74.3
2006-07-08,81.8094,73.4
2006-07-09,80.9849,71.6
2006-07-10,80.1946,71.5
2006-07-11,79.5543,71.5
2006-07-12,79.2818,71.8
2006-07-13,78.95,73.4
2006-07-14,79.1791,76.1
2006-07-15,78.7069,82.5
2006-07-16,78.4203,86.2
2006-07-17,78.2114,87.0
2006-07-18,78.0976,88.1
2006-07-19,77.5117,88.6
2006-07-20,77.4015,87.8
2006-07-21,77.3998,96.4
2006-07-22,77.8444,88.0
2006-07-23,79.356,90.6
2006-07-24,79.8334,90.9
2006-07-25,79.2681,90.2
2006-07-26,78.6376,89.8
2006-07-27,78.4284,82.7
2006-07-28,77.5288,80.1
2006-07-29,77.4494,79.9
2006-07-30,78.1277,78.9
2006-07-31,77.5414,77.3
2006-08-01,77.2396,80.2
2006-08-02,77.1946,78.0
2006-08-03,76.6435,74.4
2006-08-04,75.9252,75.7
2006-08-05,75.7082,84.7
2006-08-06,75.5466,78.3
2006-08-07,75.3497,76.9
2006-08-08,75.5211,77.8
2006-08-09,76.3325,80.3
2006-08-10,78.485,81.7
2006-08-11,80.0764,85.3
2006-08-12,80.8195,88.1
2006-08-13,81.4563,88.5
2006-08-14,82.0236,86.7
2006-08-15,81.7349,88.5
2006-08-16,84.567,85.7
2006-08-17,82.2329,85.1
2006-08-18,83.5189,83.9
2006-08-19,83.6681,83.8
2006-08-20,83.7438,81.0
2006-08-21,83.8803,80.1
2006-08-22,81.2868,78.8
2006-08-23,80.1126,75.1
2006-08-24,79.9717,74.0
2006-08-25,79.4949,71.5
2006-08-26,78.2252,72.0
2006-08-27,79.5063,72.9
2006-08-28,78.7767,70.9
2006-08-29,77.4387,70.3
2006-08-30,77.3578,70.6
2006-08-31,81.5899,71.0
2006-09-01,79.4085,72.4
2006-09-02,78.5069,73.3
2006-09-03,79.0747,76.8
2006-09-04,80.0612,77.9
2006-09-05,81.0646,78.6
2006-09-06,82.6938,78.0
2006-09-07,83.9019,76.7
2006-09-08,84.1849,76.7
2006-09-09,83.7217,77.3
2006-09-10,84.4182,76.3
2006-09-11,83.6027,76.4
2006-09-12,83.4817,75.1
2006-09-13,82.9556,74.8
2006-09-14,82.7722,75.0
2006-09-15,81.4987,73.3
2006-09-16,80.8027,73.3
2006-09-17,80.1961,72.9
2006-09-18,78.4474,72.0
2006-09-19,77.6229,70.7
2006-09-20,76.563,69.1
2006-09-21,76.2196,69.1
2006-09-22,75.9988,69.0
2006-09-23,75.1938,69.0
2006-09-24,74.8154,70.4
2006-09-25,74.6598,74.0
2006-09-26,74.7298,75.1
2006-09-27,74.9111,75.7
2006-09-28,75.1671,74.0
2006-09-29,76.4317,73.9
2006-09-30,77.0729,71.0
2006-10-01,77.4861,71.1
2006-10-02,77.7617,73.7
2006-10-03,77.5826,72.3
2006-10-04,77.6896,74.6
2006-10-05,77.9287,78.9
2006-10-06,77.6918,85.3
2006-10-07,77.3611,86.8
2006-10-08,76.7804,86.0
2006-10-09,76.4044,84.0
2006-10-10,76.4805,83.2
2006-10-11,76.0717,82.1
2006-10-12,75.6987,85.6
2006-10-13,75.648,84.8
2006-10-14,74.9786,87.7
2006-10-15,74.4026,89.3
2006-10-16,73.9604,95.0
2006-10-17,73.6917,94.7
2006-10-18,73.3436,93.2
2006-10-19,73.3522,92.5
2006-10-20,73.6963,94.0
2006-10-21,74.6662,92.0
2006-10-22,75.0725,87.4
2006-10-23,75.6675,86.8
2006-10-24,75.5852,82.9
2006-10-25,75.6778,78.6
2006-10-26,75.4028,75.6
2006-10-27,75.5194,74.6
2006-10-28,76.2234,74.9
2006-10-29,76.1275,75.5
2006-10-30,76.6905,76.5
2006-10-31,77.972,76.2
2006-11-01,81.398,80.2
2006-11-02,82.4413,83.2
2006-11-03,82.3802,82.7
2006-11-04,81.4135,81.8
2006-11-05,80.8041,81.8
2006-11-06,79.7911,84.8
2006-11-07,81.3156,84.6
2006-11-08,80.9781,93.6
2006-11-09,81.4837,99.4
2006-11-10,81.5403,99.7
2006-11-11,82.7426,94.4
2006-11-12,83.1115,93.1
2006-11-13,83.1162,89.6
2006-11-14,83.3676,87.3
2006-11-15,83.892,89.4
2006-11-16,83.7412,101.0
2006-11-17,82.7769,93.5
2006-11-18,82.6308,91.4
2006-11-19,81.4433,85.4
2006-11-20,79.6309,80.0
2006-11-21,78.3282,79.5
2006-11-22,77.7992,73.0
2006-11-23,77.7734,72.0
2006-11-24,77.9753,70.3
2006-11-25,78.2519,71.6
2006-11-26,78.186,72.2
2006-11-27,79.5503,71.2
2006-11-28,80.9533,71.9
2006-11-29,80.9422,73.9
2006-11-30,80.8993,72.5
2006-12-01,80.9367,70.9
2006-12-02,81.7513,73.8
2006-12-03,81.414,75.8
2006-12-04,83.9992,78.2
2006-12-05,85.768,82.3
2006-12-06,86.3272,85.5
2006-12-07,84.9838,88.6
2006-12-08,84.6985,84.8
2006-12-09,83.4926,88.0
2006-12-10,82.7088,86.5
2006-12-11,83.3861,85.6
2006-12-12,86.7825,85.3
2006-12-13,84.7362,85.7
2006-12-14,83.7511,89.1
2006-12-15,81.8344,83.3
2006-12-16,79.7986,81.2
2006-12-17,79.4337,81.0
2006-12-18,77.2557,78.7
2006-12-19,76.6459,79.4
2006-12-20,75.9222,79.3
2006-12-21,76.3661,76.1
2006-12-22,76.2234,75.6
2006-12-23,76.0757,74.4
2006-12-24,76.0827,73.9
2006-12-25,76.6168,76.3
2006-12-26,76.292,76.1
2006-12-27,75.7707,76.0
2006-12-28,76.5721,76.8
2006-12-29,77.4032,77.9
2006-12-30,78.2928,77.5
2006-12-31,80.2226,77.3
2007-01-01,82.3197,78.0
2007-01-02,84.2083,79.3
2007-01-03,83.1825,84.1
2007-01-04,84.9135,84.9
2007-01-05,84.7493,86.6
2007-01-06,84.5066,87.3
2007-01-07,84.1755,87.7
2007-01-08,84.4856,84.8
2007-01-09,85.3474,81.3
2007-01-10,83.4519,80.7
2007-01-11,82.1689,79.6
2007-01-12,81.5293,79.8
2007-01-13,80.2377,76.3
2007-01-14,80.4817,74.6
2007-01-15,80.0499,73.9
2007-01-16,79.0347,72.8
2007-01-17,78.859,71.8
2007-01-18,78.4105,70.9
2007-01-19,78.372,70.9
2007-01-20,79.0138,71.8
2007-01-21,79.1841,72.9
2007-01-22,79.1885,73.5
2007-01-23,79.4365,74.1
2007-01-24,79.9411,73.2
2007-01-25,79.9876,73.1
2007-01-26,80.1247,73.2
2007-01-27,80.6026,73.9
2007-01-28,80.9228,73.6
2007-01-29,83.1362,73.9
2007-01-30,84.1831,75.1
2007-01-31,85.101,73.9
2007-02-01,85.2291,73.4
2007-02-02,85.4969,74.4
2007-02-03,84.4407,73.4
2007-02-04,82.4018,74.2
2007-02-05,81.2845,72.0
2007-02-06,80.6939,71.3
2007-02-07,80.7114,70.8
2007-02-08,78.6027,70.8
2007-02-09,77.6029,71.8
2007-02-10,77.2776,71.4
2007-02-11,76.8434,70.6
2007-02-12,76.502,70.2
2007-02-13,76.1895,70.1
2007-02-14,75.8955,70.3
2007-02-15,76.0556,70.6
2007-02-16,76.2894,69.2
2007-02-17,76.4509,68.5
2007-02-18,76.5548,68.0
2007-02-19,76.4937,68.6
2007-02-20,76.7402,69.8
2007-02-21,77.0113,69.5
2007-02-22,77.559,72.0
2007-02-23,77.4882,72.3
2007-02-24,77.2446,72.0
2007-02-25,77.41,72.0
2007-02-26,77.1372,72.4
2007-02-27,76.7381,73.3
2007-02-28,76.4306,73.5
2007-03-01,75.7777,73.0
2007-03-02,75.9302,74.3
2007-03-03,75.2533,73.6
2007-03-04,74.8269,73.9
2007-03-05,75.4481,73.1
2007-03-06,75.2387,71.6
2007-03-07,75.5428,71.1
2007-03-08,75.4497,70.8
2007-03-09,75.0541,70.8
2007-03-10,74.8079,71.0
2007-03-11,74.7135,71.1
2007-03-12,74.731,71.4
2007-03-13,74.845,71.3
2007-03-14,74.4023,70.2
2007-03-15,73.9521,69.7
2007-03-16,73.6632,69.5
2007-03-17,73.7673,68.6
2007-03-18,74.2318,68.6
2007-03-19,74.2502,68.6
2007-03-20,75.0878,69.8
2007-03-21,75.5025,69.8
2007-03-22,75.3755,69.8
2007-03-23,75.2999,69.3
2007-03-24,75.3284,68.9
2007-03-25,75.5722,69.1
2007-03-26,75.6171,69.4
2007-03-27,75.358,69.7
2007-03-28,75.6632,69.8
2007-03-29,75.4259,74.0
2007-03-30,75.3632,77.4
2007-03-31,75.0375,81.5
2007-04-01,74.3946,83.8
2007-04-02,73.9631,86.1
2007-04-03,73.7916,86.0
2007-04-04,73.6977,88.2
2007-04-05,73.6846,87.6
2007-04-06,73.7465,88.8
2007-04-07,73.8388,84.4
2007-04-08,73.8032,83.9
2007-04-09,73.3233,82.4
2007-04-10,72.9916,79.4
2007-04-11,72.7482,77.1
2007-04-12,72.294,74.7
2007-04-13,72.134,73.5
2007-04-14,72.0788,72.6
2007-04-15,72.3947,72.9
2007-04-16,72.5621,72.9
2007-04-17,72.5507,75.0
2007-04-18,72.3442,74.4
2007-04-19,72.0978,78.5
2007-04-20,71.9902,78.9
2007-04-21,71.9917,78.3
2007-04-22,72.0125,77.6
2007-04-23,71.9651,76.6
2007-04-24,73.2176,75.9
2007-04-25,75.0145,75.0
2007-04-26,76.888,73.7
2007-04-27,78.3579,71.9
2007-04-28,79.4785,71.7
2007-04-29,79.79,69.9
2007-04-30,80.6879,69.5
2007-05-01,80.8261,68.8
2007-05-02,81.3132,70.5
2007-05-03,80.0001,71.5
2007-05-04,79.347,72.6
2007-05-05,78.7546,76.7
2007-05-06,77.5267,81.6
2007-05-07,76.4042,85.6
2007-05-08,75.1911,89.5
2007-05-09,74.4741,88.2
2007-05-10,73.9278,84.8
2007-05-11,73.95,87.13
2007-05-12,73.9615,88.11
2007-05-13,74.6756,86.8
2007-05-14,74.859,81.0
2007-05-15,76.2912,78.2
2007-05-16,77.144,75.6
2007-05-17,77.0137,72.6
2007-05-18,76.7389,73.1
2007-05-19,76.3057,70.6
2007-05-20,75.9253,71.3
2007-05-21,75.5348,70.2
2007-05-22,74.9511,68.9
2007-05-23,74.1122,68.8
2007-05-24,73.81,68.5
2007-05-25,73.1052,67.8
2007-05-26,72.627,67.6
2007-05-27,72.3204,67.5
2007-05-28,72.7246,68.1
2007-05-29,73.2784,69.1
2007-05-30,73.7823,69.8
2007-05-31,75.4499,72.8
2007-06-01,77.8394,75.7
2007-06-02,80.1016,77.4
2007-06-03,82.17,77.8
2007-06-04,82.3933,76.4
2007-06-05,81.1337,76.8
2007-06-06,81.591,75.1
2007-06-07,82.3796,74.2
2007-06-08,82.2393,74.9
2007-06-09,80.0578,73.9
2007-06-10,78.3997,73.5
2007-06-11,76.994,75.5
2007-06-12,75.6471,77.6
2007-06-13,75.3997,79.7
2007-06-14,74.5608,80.8
2007-06-15,74.4963,81.1
2007-06-16,74.1825,79.5
2007-06-17,73.4996,80.6
2007-06-18,73.226,78.2
2007-06-19,72.9787,77.1
2007-06-20,72.5984,75.3
2007-06-21,72.4313,74.7
2007-06-22,72.3459,71.8
2007-06-23,72.4804,70.5
2007-06-24,72.9253,69.5
2007-06-25,73.3307,68.6
2007-06-26,74.5357,68.3
2007-06-27,76.0228,69.3
2007-06-28,77.1316,70.2
2007-06-29,77.6424,70.8
2007-06-30,77.1948,70.6
2007-07-01,77.1765,70.9
2007-07-02,76.6168,72.1
2007-07-03,76.1241,71.1
2007-07-04,76.2929,71.0
2007-07-05,76.0872,70.1
2007-07-06,75.7823,70.4
2007-07-07,76.4666,71.5
2007-07-08,77.5697,72.4
2007-07-09,78.6682,71.4
2007-07-10,79.4842,70.9
2007-07-11,79.7749,72.0
2007-07-12,79.3036,71.0
2007-07-13,79.6212,71.0
2007-07-14,79.064,69.3
2007-07-15,78.353,69.3
2007-07-16,77.5437,69.5
2007-07-17,77.0234,70.0
2007-07-18,75.8483,69.5
2007-07-19,74.8212,70.3
2007-07-20,74.0792,69.3
2007-07-21,73.4967,69.0
2007-07-22,73.0443,69.3
2007-07-23,73.2419,69.6
2007-07-24,73.5384,69.4
2007-07-25,73.8271,70.7
2007-07-26,73.8099,70.9
2007-07-27,73.8423,71.6
2007-07-28,74.3074,72.4
2007-07-29,74.0932,73.2
2007-07-30,73.8491,73.1
2007-07-31,73.5311,71.6
2007-08-01,73.4011,70.7
2007-08-02,73.8459,71.6
2007-08-03,74.3571,71.0
2007-08-04,74.095,73.0
2007-08-05,73.7205,72.2
2007-08-06,73.9616,72.1
2007-08-07,73.7323,70.6
2007-08-08,73.5202,69.1
2007-08-09,72.9178,69.4
2007-08-10,72.5735,68.8
2007-08-11,72.5841,67.8
2007-08-12,72.7321,68.2
2007-08-13,72.6036,67.6
2007-08-14,72.7998,67.7
2007-08-15,72.5436,67.9
2007-08-16,72.3342,67.0
2007-08-17,72.4204,66.7
2007-08-18,72.6366,67.2
2007-08-19,72.6262,67.6
2007-08-20,72.9491,68.5
2007-08-21,73.1272,67.8
2007-08-22,73.3398,67.6
2007-08-23,73.6084,67.1
2007-08-24,73.8674,67.4
2007-08-25,73.9563,67.4
2007-08-26,73.2558,67.4
2007-08-27,72.6386,67.2
2007-08-28,72.7038,66.8
2007-08-29,72.5599,66.5
2007-08-30,73.0729,66.6
2007-08-31,73.0395,66.8
2007-09-01,72.9156,67.4
2007-09-02,72.3156,67.4
2007-09-03,71.6146,67.8
2007-09-04,71.508,65.1
2007-09-05,71.2899,67.8
2007-09-06,70.8262,66.5
2007-09-07,70.8356,67.3
2007-09-08,70.6242,67.4
2007-09-09,70.6053,67.8
2007-09-10,70.6903,68.9
2007-09-11,70.4245,68.1
2007-09-12,70.2291,67.9
2007-09-13,70.2964,68.6
2007-09-14,70.5025,67.9
2007-09-15,70.8427,68.6
2007-09-16,70.6357,68.3
2007-09-17,70.4303,67.3
2007-09-18,70.1445,66.7
2007-09-19,70.0853,66.8
2007-09-20,70.0832,66.7
2007-09-21,70.0428,67.0
2007-09-22,69.9565,67.7
2007-09-23,69.7542,66.8
2007-09-24,69.5507,66.3
2007-09-25,69.5278,66.6
2007-09-26,69.6003,66.0
2007-09-27,69.761,66.4
2007-09-28,69.7399,66.8
2007-09-29,69.7536,66.3
2007-09-30,68.7612,66.7
2007-10-01,69.1774,66.2
2007-10-02,68.9547,66.6
2007-10-03,68.9279,66.2
2007-10-04,68.9835,66.3
2007-10-05,69.0621,66.1
2007-10-06,69.4271,66.3
2007-10-07,69.2868,66.8
2007-10-08,69.0942,66.5
2007-10-09,69.3024,66.5
2007-10-10,69.1639,66.2
2007-10-11,69.2977,67.3
2007-10-12,69.2854,66.9
2007-10-13,68.9004,68.4
2007-10-14,68.5681,68.2
2007-10-15,68.537,68.4
2007-10-16,68.4909,67.7
2007-10-17,68.5723,68.3
2007-10-18,68.8783,68.4
2007-10-19,68.6383,68.9
2007-10-20,68.3132,67.7
2007-10-21,68.2551,69.1
2007-10-22,68.0626,68.2
2007-10-23,68.0651,67.2
2007-10-24,68.2094,67.9
2007-10-25,68.0594,68.0
2007-10-26,68.1049,67.4
2007-10-27,67.9767,68.0
2007-10-28,68.0183,68.3
2007-10-29,67.8833,69.5
2007-10-30,67.8356,68.8
2007-10-31,67.756,69.6
2007-11-01,67.7672,69.6
2007-11-02,67.9409,69.3
2007-11-03,67.8803,69.3
2007-11-04,67.8295,69.2
2007-11-05,67.6994,69.9
2007-11-06,68.0239,71.0
2007-11-07,68.0093,70.5
2007-11-08,68.4773,71.5
2007-11-09,68.5969,73.1
2007-11-10,68.6657,75.9
2007-11-11,68.4773,79.8
2007-11-12,68.5487,84.4
2007-11-13,68.6226,86.2
2007-11-14,68.7671,84.3
2007-11-15,68.3678,90.5
2007-11-16,68.7368,91.1
2007-11-17,68.5683,90.9
2007-11-18,68.0672,89.0
2007-11-19,68.0643,86.1
2007-11-20,68.1579,79.1
2007-11-21,67.9272,76.9
2007-11-22,68.033,74.4
2007-11-23,68.2117,72.1
2007-11-24,68.6534,70.2
2007-11-25,68.5863,68.7
2007-11-26,68.7775,69.1
2007-11-27,68.8864,69.1
2007-11-28,68.8046,69.1
2007-11-29,68.7653,69.7
2007-11-30,68.7447,70.2
2007-12-01,68.9878,69.7
2007-12-02,69.4876,69.5
2007-12-03,69.4921,70.3
2007-12-04,69.7828,72.5
2007-12-05,70.4868,74.2
2007-12-06,71.6946,76.7
2007-12-07,73.5823,77.0
2007-12-08,76.0382,76.7
2007-12-09,77.4096,76.4
2007-12-10,77.1517,77.1
2007-12-11,79.284,76.6
2007-12-12,80.4952,75.2
2007-12-13,80.6849,73.0
2007-12-14,80.1741,74.0
2007-12-15,79.048,73.2
2007-12-16,76.2487,73.5
2007-12-17,74.5553,73.2
2007-12-18,73.3709,72.9
2007-12-19,72.1899,73.1
2007-12-20,71.2723,71.3
2007-12-21,70.5291,70.6
2007-12-22,70.4806,71.3
2007-12-23,70.5168,68.8
2007-12-24,70.5015,68.6
2007-12-25,70.6966,68.0
2007-12-26,70.9599,69.3
2007-12-27,70.8605,68.1
2007-12-28,70.7204,68.4
2007-12-29,70.9614,69.1
2007-12-30,71.8481,68.9
2007-12-31,72.7369,70.3
2008-01-01,73.9271,69.8
2008-01-02,74.5128,69.2
2008-01-03,74.5294,69.5
2008-01-04,74.4851,70.6
2008-01-05,74.7654,69.9
2008-01-06,74.7421,69.0
2008-01-07,74.2268,69.8
2008-01-08,73.2931,69.55
2008-01-09,73.4073,69.3
2008-01-10,73.3681,68.5
2008-01-11,73.43,69.6
2008-01-12,73.4213,68.9
2008-01-13,73.3467,69.0
2008-01-14,73.3282,70.3
2008-01-15,72.8005,70.7
2008-01-16,72.3467,70.2
2008-01-17,72.5783,70.3
2008-01-18,71.8914,68.7
2008-01-19,71.4997,68.8
2008-01-20,71.2393,68.0
2008-01-21,71.5078,68.6
2008-01-22,71.2445,69.4
2008-01-23,71.2403,69.5
2008-01-24,71.5066,70.0
2008-01-25,71.5866,69.3
2008-01-26,72.0685,70.3
2008-01-27,72.0919,70.8
2008-01-28,71.8644,70.1
2008-01-29,71.8935,69.3
2008-01-30,72.2983,69.9
2008-01-31,72.2181,69.3
2008-02-01,71.8381,69.4
2008-02-02,71.9832,68.7
2008-02-03,71.9973,68.5
2008-02-04,71.8988,67.4
2008-02-05,71.5562,68.0
2008-02-06,71.8378,67.3
2008-02-07,71.7601,67.2
2008-02-08,71.719,68.2
2008-02-09,72.1907,69.3
2008-02-10,72.5438,69.5
2008-02-11,72.4479,68.8
2008-02-12,72.4196,68.5
2008-02-13,71.8794,69.4
2008-02-14,71.7262,69.3
2008-02-15,71.4344,68.5
2008-02-16,71.4895,68.7
2008-02-17,71.8452,69.1
2008-02-18,72.0298,68.8
2008-02-19,72.1783,69.6
2008-02-20,71.9831,69.1
2008-02-21,72.174,69.0
2008-02-22,72.4605,68.4
2008-02-23,72.3507,67.9
2008-02-24,71.9792,67.7
2008-02-25,72.1188,69.1
2008-02-26,71.9825,71.5
2008-02-27,71.8533,79.0
2008-02-28,71.5155,88.2
2008-02-29,71.2066,81.2
2008-03-01,70.649,84.5
2008-03-02,70.5245,82.6
2008-03-03,70.1969,82.4
2008-03-04,69.9203,80.4
2008-03-05,70.0968,79.1
2008-03-06,70.5095,77.7
2008-03-07,70.6232,75.9
2008-03-08,70.4012,76.4
2008-03-09,70.1501,73.1
2008-03-10,70.4136,71.1
2008-03-11,70.5073,69.5
2008-03-12,70.212,69.3
2008-03-13,70.1925,70.0
2008-03-14,70.3016,68.2
2008-03-15,70.2122,68.1
2008-03-16,70.4332,67.4
2008-03-17,70.3545,68.5
2008-03-18,70.2623,69.7
2008-03-19,70.0475,69.0
2008-03-20,69.7416,69.7
2008-03-21,69.5826,70.0
2008-03-22,69.977,69.8
2008-03-23,70.9221,70.8
2008-03-24,73.9307,71.7
2008-03-25,78.4178,71.5
2008-03-26,77.1465,71.6
2008-03-27,77.5136,72.1
2008-03-28,77.1886,71.5
2008-03-29,76.9111,71.2
2008-03-30,76.231,70.7
2008-03-31,75.5956,69.9
2008-04-01,75.0485,69.0
2008-04-02,74.1953,69.4
2008-04-03,74.1642,69.6
2008-04-04,73.086,68.0
2008-04-05,71.9009,69.6
2008-04-06,71.0733,69.2
2008-04-07,70.8121,68.5
2008-04-08,70.9569,69.5
2008-04-09,70.4428,68.8
2008-04-10,70.1205,68.4
2008-04-11,69.843,67.8
2008-04-12,70.1045,67.7
2008-04-13,70.6444,68.6
2008-04-14,70.5635,68.7
2008-04-15,70.6955,69.4
2008-04-16,70.8906,69.5
2008-04-17,70.8836,69.7
2008-04-18,71.189,70.5
2008-04-19,71.6804,72.7
2008-04-20,71.7147,73.2
2008-04-21,71.7651,72.8
2008-04-22,71.9903,73.3
2008-04-23,71.8848,70.5
2008-04-24,71.7506,70.2
2008-04-25,71.5726,70.8
2008-04-26,71.251,71.0
2008-04-27,70.8062,69.6
2008-04-28,70.8309,70.3
2008-04-29,70.9656,70.1
2008-04-30,70.3889,69.8
2008-05-01,70.701,69.7
2008-05-02,70.7222,69.6
2008-05-03,70.4121,69.9
2008-05-04,70.6926,69.0
2008-05-05,70.5876,68.8
2008-05-06,70.4243,68.5
2008-05-07,70.1176,69.0
2008-05-08,70.0746,68.2
2008-05-09,70.3902,67.1
2008-05-10,70.4934,68.4
2008-05-11,70.7084,67.9
2008-05-12,70.7462,67.6
2008-05-13,70.8892,66.9
2008-05-14,71.1807,68.0
2008-05-15,72.0934,68.2
2008-05-16,72.6221,67.8
2008-05-17,72.5747,69.2
2008-05-18,72.7302,68.6
2008-05-19,71.8507,69.2
2008-05-20,71.4632,68.6
2008-05-21,71.6418,67.4
2008-05-22,71.8308,68.1
2008-05-23,71.3871,67.5
2008-05-24,71.435,67.0
2008-05-25,71.4995,67.3
2008-05-26,71.424,67.0
2008-05-27,71.3375,67.5
2008-05-28,71.3079,67.5
2008-05-29,71.3709,68.0
2008-05-30,71.0909,68.1
2008-05-31,70.8103,67.5
2008-06-01,70.6564,68.3
2008-06-02,70.7406,68.1
2008-06-03,70.4908,68.8
2008-06-04,69.9925,68.9
2008-06-05,70.2898,67.8
2008-06-06,70.2931,68.2
2008-06-07,70.1374,67.7
2008-06-08,69.8728,67.6
2008-06-09,70.1523,67.3
2008-06-10,70.4202,68.3
2008-06-11,70.3749,67.7
2008-06-12,70.7789,67.8
2008-06-13,70.6949,68.3
2008-06-14,70.6776,67.6
2008-06-15,70.4401,67.9
2008-06-16,69.8354,67.1
2008-06-17,69.7839,67.4
2008-06-18,69.5898,67.8
2008-06-19,69.236,67.9
2008-06-20,69.1553,66.7
2008-06-21,68.9794,67.1
2008-06-22,69.0247,67.4
2008-06-23,69.01,68.5
2008-06-24,69.1307,68.0
2008-06-25,69.1933,68.4
2008-06-26,69.0161,68.0
2008-06-27,69.1959,67.6
2008-06-28,69.211,67.5
2008-06-29,69.4054,67.9
2008-06-30,69.5401,68.1
2008-07-01,69.1882,68.4
2008-07-02,69.1725,68.3
2008-07-03,69.0451,68.1
2008-07-04,68.9368,68.5
2008-07-05,68.8105,67.5
2008-07-06,69.0855,68.1
2008-07-07,69.0015,68.2
2008-07-08,68.9523,67.4
2008-07-09,69.113,68.2
2008-07-10,68.9511,68.4
2008-07-11,68.9527,68.9
2008-07-12,68.7073,68.0
2008-07-13,68.6783,67.3
2008-07-14,68.8258,67.3
2008-07-15,68.8633,67.4
2008-07-16,68.4358,67.5
2008-07-17,68.368,66.9
2008-07-18,68.4941,67.0
2008-07-19,68.9049,67.6
2008-07-20,68.8733,67.0
2008-07-21,68.9225,67.8
2008-07-22,68.8277,68.2
2008-07-23,68.6263,67.8
2008-07-24,68.5321,68.9
2008-07-25,68.6408,67.4
2008-07-26,68.7636,68.7
2008-07-27,68.8986,69.1
2008-07-28,68.9108,69.4
2008-07-29,68.8374,68.6
2008-07-30,68.9539,68.0
2008-07-31,68.6576,68.3
2008-08-01,68.7201,68.0
2008-08-02,68.8313,67.4
2008-08-03,68.5548,68.1
2008-08-04,68.6906,68.4
2008-08-05,68.816,67.9
2008-08-06,68.9837,67.0
2008-08-07,68.7132,67.2
2008-08-08,68.3336,67.3
2008-08-09,68.2289,67.0
2008-08-10,68.2379,66.3
2008-08-11,68.2557,66.8
2008-08-12,68.0565,67.6
2008-08-13,67.9931,68.0
2008-08-14,68.1936,68.0
2008-08-15,68.0539,68.1
2008-08-16,68.2346,67.8
2008-08-17,68.4593,67.1
2008-08-18,68.3626,67.2
2008-08-19,68.6798,67.6
2008-08-20,68.3056,68.2
2008-08-21,68.5468,70.1
2008-08-22,68.8542,67.7
2008-08-23,69.0135,67.8
2008-08-24,68.7858,68.4
2008-08-25,68.4791,68.4
2008-08-26,68.5045,68.4
2008-08-27,68.4373,69.6
2008-08-28,68.21,69.8
2008-08-29,68.3724,68.8
2008-08-30,68.5675,68.6
2008-08-31,68.4394,68.0
2008-09-01,68.0631,67.6
2008-09-02,67.9994,67.3
2008-09-03,68.0467,67.0
2008-09-04,67.9454,66.4
2008-09-05,67.6654,65.9
2008-09-06,67.7332,66.4
2008-09-07,68.0687,67.2
2008-09-08,68.3089,66.6
2008-09-09,68.3637,67.4
2008-09-10,68.4055,67.2
2008-09-11,68.323,66.6
2008-09-12,68.0515,67.5
2008-09-13,67.9907,68.5
2008-09-14,68.1281,68.7
2008-09-15,68.381,70.5
2008-09-16,69.102,69.7
2008-09-17,68.5572,70.5
2008-09-18,68.2775,70.0
2008-09-19,68.4843,70.5
2008-09-20,68.58,71.4
2008-09-21,68.5769,69.5
2008-09-22,68.9863,68.6
2008-09-23,69.2243,69.0
2008-09-24,68.9192,68.6
2008-09-25,68.732,68.2
2008-09-26,68.4977,67.0
2008-09-27,68.2835,66.5
2008-09-28,68.1178,66.7
2008-09-29,67.9776,66.7
2008-09-30,67.7188,66.0
2008-10-01,67.4713,66.1
2008-10-02,67.5668,66.2
2008-10-03,67.895,65.8
2008-10-04,67.7871,65.9
2008-10-05,67.9819,67.1
2008-10-06,68.0257,65.6
2008-10-07,67.7924,68.0
2008-10-08,68.0098,68.3
2008-10-09,68.4601,66.8
2008-10-10,68.656,66.5
2008-10-11,69.3284,67.3
2008-10-12,69.3382,66.5
2008-10-13,69.5288,67.0
2008-10-14,69.48,67.1
2008-10-15,69.5887,67.9
2008-10-16,69.9783,70.0
2008-10-17,69.4316,69.5
2008-10-18,68.8935,67.6
2008-10-19,68.9222,66.8
2008-10-20,68.8388,66.7
2008-10-21,68.6382,66.2
2008-10-22,68.2022,66.2
2008-10-23,67.8664,68.2
2008-10-24,67.8467,67.7
2008-10-25,67.852,67.9
2008-10-26,67.5982,66.8
2008-10-27,67.5291,67.3
2008-10-28,67.5688,67.2
2008-10-29,67.4381,66.1
2008-10-30,67.4148,66.0
2008-10-31,67.8137,66.5
2008-11-01,67.4565,66.4
2008-11-02,68.0739,65.2
2008-11-03,68.4901,66.4
2008-11-04,68.0257,66.5
2008-11-05,67.7335,66.2
2008-11-06,67.9423,67.0
2008-11-07,67.7666,67.2
2008-11-08,67.8182,67.6
2008-11-09,67.9122,66.8
2008-11-10,68.2119,67.1
2008-11-11,69.0407,67.0
2008-11-12,69.1302,66.4
2008-11-13,68.4309,66.7
2008-11-14,67.898,68.7
2008-11-15,67.7319,68.0
2008-11-16,67.5129,68.8
2008-11-17,67.4203,67.5
2008-11-18,68.0894,66.6
2008-11-19,68.1535,66.7
2008-11-20,68.1679,67.2
2008-11-21,67.8311,66.6
2008-11-22,67.8579,66.2
2008-11-23,67.8893,67.0
2008-11-24,67.5276,66.9
2008-11-25,67.3548,66.2
2008-11-26,67.5103,65.5
2008-11-27,67.5401,66.3
2008-11-28,67.1084,67.1
2008-11-29,67.3518,67.0
2008-11-30,67.5361,67.0
2008-12-01,67.4365,67.1
2008-12-02,67.6559,67.5
2008-12-03,67.8163,67.5
2008-12-04,67.9764,66.3
2008-12-05,67.7503,67.0
2008-12-06,67.7062,66.6
2008-12-07,67.6998,67.6
2008-12-08,67.478,67.2
2008-12-09,67.5098,66.6
2008-12-10,68.218,66.9
2008-12-11,68.2467,66.5
2008-12-12,68.4226,66.7
2008-12-13,68.0559,66.5
2008-12-14,67.5675,67.4
2008-12-15,67.458,68.5
2008-12-16,67.6355,67.7
2008-12-17,67.4967,67.0
2008-12-18,67.2832,68.2
2008-12-19,67.503,68.9
2008-12-20,67.5774,68.8
2008-12-21,67.3344,68.5
2008-12-22,67.0155,69.6
2008-12-23,67.1827,68.8
2008-12-24,67.5843,68.6
2008-12-25,67.6613,68.1
2008-12-26,67.6772,67.2
2008-12-27,67.764,66.9
2008-12-28,67.895,67.8
2008-12-29,67.9041,66.6
2008-12-30,67.4278,67.7
2008-12-31,67.4891,67.8
2009-01-01,67.4145,67.6
2009-01-02,67.6799,67.4
2009-01-03,67.6669,67.3
2009-01-04,67.3864,67.1
2009-01-05,67.3681,67.4
2009-01-06,67.2565,67.5
2009-01-07,67.2525,67.1
2009-01-08,67.1838,67.3
2009-01-09,67.4521,67.5
2009-01-10,67.9463,68.1
2009-01-11,67.8374,68.2
2009-01-12,67.5332,69.2
2009-01-13,67.848,69.3
2009-01-14,68.2776,68.8
2009-01-15,68.4231,65.8
2009-01-16,68.304,68.5
2009-01-17,68.6538,68.0
2009-01-18,68.5252,68.3
2009-01-19,68.3088,68.4
2009-01-20,68.1289,67.9
2009-01-21,67.775,67.9
2009-01-22,67.5503,69.0
2009-01-23,67.8229,68.2
2009-01-24,67.5459,67.4
2009-01-25,67.8007,67.6
2009-01-26,68.0251,69.1
2009-01-27,67.9676,68.8
2009-01-28,67.8451,69.3
2009-01-29,67.7221,69.5
2009-01-30,67.6399,69.3
2009-01-31,67.6954,68.6
2009-02-01,67.7532,67.6
2009-02-02,67.6223,69.3
2009-02-03,67.632,68.1
2009-02-04,67.7346,68.0
2009-02-05,67.9706,68.0
2009-02-06,68.0968,68.6
2009-02-07,68.445,68.1
2009-02-08,68.6381,68.0
2009-02-09,68.491,68.0
2009-02-10,67.4269,67.9
2009-02-11,67.9541,67.2
2009-02-12,68.1419,67.8
2009-02-13,68.1923,68.0
2009-02-14,68.2788,67.8
2009-02-15,68.1388,67.4
2009-02-16,68.0782,67.7
2009-02-17,68.4909,67.7
2009-02-18,68.3691,68.7
2009-02-19,68.0502,68.2
2009-02-20,68.0881,67.8
2009-02-21,68.6163,68.5
2009-02-22,68.7095,68.2
2009-02-23,68.8206,69.6
2009-02-24,68.9083,68.2
2009-02-25,68.8814,67.6
2009-02-26,68.6359,68.7
2009-02-27,68.2254,68.2
2009-02-28,68.6787,68.8
2009-03-01,68.4816,71.4
2009-03-02,68.297,70.4
2009-03-03,68.2712,70.7
2009-03-04,68.4864,70.8
2009-03-05,68.4072,71.1
2009-03-06,68.3137,70.7
2009-03-07,68.306,70.6
2009-03-08,68.285,70.4
2009-03-09,68.0407,70.1
2009-03-10,68.14,70.5
2009-03-11,68.285,68.9
2009-03-12,68.2565,70.4
2009-03-13,68.1081,70.2
2009-03-14,68.1557,70.3
2009-03-15,68.2073,69.7
2009-03-16,68.5572,69.7
2009-03-17,68.5308,69.7
2009-03-18,68.3425,68.8
2009-03-19,68.5328,69.9
2009-03-20,68.5329,69.9
2009-03-21,68.9958,70.5
2009-03-22,68.7104,70.4
2009-03-23,68.346,70.5
2009-03-24,68.6302,70.8
2009-03-25,68.623,70.4
2009-03-26,68.7783,71.8
2009-03-27,69.7539,71.9
2009-03-28,69.7987,71.4
2009-03-29,69.7918,70.5
2009-03-30,69.9035,70.3
2009-03-31,70.0289,70.1
2009-04-01,69.9407,68.6
2009-04-02,69.8772,69.8
2009-04-03,69.819,70.5
2009-04-04,69.7177,70.5
2009-04-05,69.8183,69.6
2009-04-06,69.3401,69.4
2009-04-07,69.6518,69.7
2009-04-08,69.784,69.2
2009-04-09,69.8094,69.2
2009-04-10,69.6333,70.0
2009-04-11,69.5727,70.8
2009-04-12,69.5812,72.2
2009-04-13,69.2885,73.7
2009-04-14,69.5482,73.2
2009-04-15,69.7154,73.3
2009-04-16,69.9372,75.5
2009-04-17,69.9893,75.3
2009-04-18,70.0364,75.5
2009-04-19,70.1784,75.4
2009-04-20,70.0937,75.8
2009-04-21,70.5395,75.7
2009-04-22,70.7934,74.6
2009-04-23,70.6711,74.0
2009-04-24,70.3408,73.2
2009-04-25,70.1925,73.5
2009-04-26,70.1265,73.9
2009-04-27,69.6203,72.2
2009-04-28,69.8316,71.0
2009-04-29,70.2535,70.7
2009-04-30,70.3716,69.9
2009-05-01,70.0784,68.5
2009-05-02,69.9246,69.6
2009-05-03,69.9824,70.1
2009-05-04,69.8563,70.4
2009-05-05,69.7872,70.4
2009-05-06,70.0575,74.6
2009-05-07,70.4549,74.0
2009-05-08,71.0656,74.6
2009-05-09,71.7653,73.1
2009-05-10,71.846,72.2
2009-05-11,71.8488,71.1
2009-05-12,72.6219,71.0
2009-05-13,72.8749,71.1
2009-05-14,72.9674,71.2
2009-05-15,73.0229,71.3
2009-05-16,73.1993,71.4
2009-05-17,73.2535,71.2
2009-05-18,72.9278,70.4
2009-05-19,72.6606,70.3
2009-05-20,72.3643,69.5
2009-05-21,72.4149,70.5
2009-05-22,72.6563,70.0
2009-05-23,72.1962,69.9
2009-05-24,71.5941,69.2
2009-05-25,71.3763,68.8
2009-05-26,71.0533,69.2
2009-05-27,70.4515,70.2
2009-05-28,70.6103,70.2
2009-05-29,70.9293,69.1
2009-05-30,71.0976,70.3
2009-05-31,71.1387,69.0
2009-06-01,72.6361,69.3
2009-06-02,72.9976,69.2
2009-06-03,73.1701,70.8
2009-06-04,72.7574,70.5
2009-06-05,72.3007,69.8
2009-06-06,71.8328,68.7
2009-06-07,71.6818,69.5
2009-06-08,71.7204,73.4
2009-06-09,71.805,74.0
2009-06-10,71.9065,71.2
2009-06-11,71.9704,73.7
2009-06-12,71.982,73.1
2009-06-13,71.6718,71.4
2009-06-14,71.5558,70.1
2009-06-15,71.274,70.5
2009-06-16,71.4924,70.3
2009-06-17,71.4541,69.5
2009-06-18,71.3443,68.8
2009-06-19,71.0654,68.7
2009-06-20,70.8029,68.9
2009-06-21,70.8624,68.4
2009-06-22,71.2434,69.2
2009-06-23,71.3553,69.9
2009-06-24,70.987,70.4
2009-06-25,71.2445,69.9
2009-06-26,70.9929,70.0
2009-06-27,70.9185,69.9
2009-06-28,70.8724,70.5
2009-06-29,71.4292,71.2
2009-06-30,71.5633,69.8
2009-07-01,71.3248,70.5
2009-07-02,70.9176,70.9
2009-07-03,71.0377,70.4
2009-07-04,72.4774,70.1
2009-07-05,73.1854,70.8
2009-07-06,72.3364,70.2
2009-07-07,72.8978,70.1
2009-07-08,73.079,69.3
2009-07-09,72.4801,67.8
2009-07-10,71.9221,68.1
2009-07-11,71.8291,68.7
2009-07-12,71.7757,69.7
2009-07-13,71.3717,68.8
2009-07-14,70.9958,69.1
2009-07-15,70.8011,69.0
2009-07-16,70.8106,68.4
2009-07-17,70.6646,68.2
2009-07-18,70.8619,68.9
2009-07-19,71.1743,69.4
2009-07-20,71.3825,69.8
2009-07-21,71.2675,70.6
2009-07-22,71.2047,69.8
2009-07-23,71.1695,69.1
2009-07-24,71.3832,68.7
2009-07-25,71.7187,69.2
2009-07-26,71.3659,67.9
2009-07-27,71.4046,68.1
2009-07-28,71.6634,68.8
2009-07-29,71.5509,69.1
2009-07-30,71.3935,68.5
2009-07-31,71.5911,68.7
2009-08-01,71.4458,69.1
2009-08-02,71.2713,69.3
2009-08-03,70.9128,69.3
2009-08-04,70.2475,68.5
2009-08-05,70.0943,69.6
2009-08-06,70.2902,70.4
2009-08-07,70.6736,69.4
2009-08-08,70.437,69.8
2009-08-09,70.3793,69.5
2009-08-10,70.3367,69.6
2009-08-11,70.0591,70.3
2009-08-12,69.8485,69.8
2009-08-13,70.0348,70.0
2009-08-14,70.2702,70.2
2009-08-15,70.4609,70.2
2009-08-16,70.8029,70.2
2009-08-17,70.6749,69.8
2009-08-18,70.3509,69.9
2009-08-19,70.122,69.8
2009-08-20,70.2451,69.9
2009-08-21,69.8495,69.5
2009-08-22,69.7093,69.8
2009-08-23,69.9282,69.6
2009-08-24,70.08,71.1
2009-08-25,69.9273,71.9
2009-08-26,69.897,72.5
2009-08-27,70.0934,75.3
2009-08-28,70.1983,76.6
2009-08-29,70.212,75.0
2009-08-30,69.9163,72.8
2009-08-31,70.1292,72.2
2009-09-01,70.5291,72.6
2009-09-02,70.3017,73.5
2009-09-03,70.2911,72.5
2009-09-04,70.2477,72.1
2009-09-05,70.2184,72.2
2009-09-06,70.4269,71.7
2009-09-07,70.357,71.7
2009-09-08,70.3562,71.1
2009-09-09,70.4572,69.9
2009-09-10,70.488,68.8
2009-09-11,70.4923,68.4
2009-09-12,70.3561,68.6
2009-09-13,70.3486,69.0
2009-09-14,70.3446,69.8
2009-09-15,70.3868,70.1
2009-09-16,70.276,69.8
2009-09-17,70.3388,69.4
2009-09-18,70.3046,70.5
2009-09-19,70.8476,70.0
2009-09-20,71.3113,69.2
2009-09-21,71.6125,70.2
2009-09-22,72.614,69.5
2009-09-23,73.5574,70.3
2009-09-24,73.1911,70.3
2009-09-25,72.1919,70.6
2009-09-26,71.6714,70.9
2009-09-27,71.7097,72.1
2009-09-28,72.0896,74.7
2009-09-29,71.8719,74.7
2009-09-30,71.6273,80.3
2009-10-01,71.6715,80.4
2009-10-02,71.5246,78.9
2009-10-03,71.4809,75.6
2009-10-04,71.2885,74.2
2009-10-05,70.7939,74.0
2009-10-06,70.2718,71.2
2009-10-07,69.9748,70.3
2009-10-08,69.9765,70.3
2009-10-09,70.1287,70.2
2009-10-10,70.4435,69.3
2009-10-11,70.6341,69.6
2009-10-12,70.6195,69.3
2009-10-13,70.4255,69.6
2009-10-14,70.7234,70.7
2009-10-15,70.6784,71.3
2009-10-16,70.354,71.0
2009-10-17,70.5601,71.7
2009-10-18,70.4662,72.6
2009-10-19,70.6511,73.2
2009-10-20,70.7476,73.5
2009-10-21,70.8682,74.5
2009-10-22,71.0256,75.4
2009-10-23,71.4991,74.4
2009-10-24,72.5701,74.9
2009-10-25,72.9713,74.4
2009-10-26,75.0534,74.0
2009-10-27,75.9497,74.4
2009-10-28,75.5302,73.8
2009-10-29,74.1747,72.8
2009-10-30,73.2491,72.3
2009-10-31,73.0271,72.7
2009-11-01,72.0989,71.7
2009-11-02,71.408,70.9
2009-11-03,71.3109,70.1
2009-11-04,71.2341,70.4
2009-11-05,70.8745,70.2
2009-11-06,70.8302,69.4
2009-11-07,70.7626,69.6
2009-11-08,70.8249,69.4
2009-11-09,71.248,69.6
2009-11-10,71.6443,69.8
2009-11-11,71.6699,69.0
2009-11-12,71.8854,70.0
2009-11-13,72.3304,70.8
2009-11-14,72.6688,71.6
2009-11-15,72.8926,69.9
2009-11-16,73.3379,72.2
2009-11-17,73.8479,73.1
2009-11-18,73.7379,76.2
2009-11-19,73.8774,79.0
2009-11-20,73.8455,80.6
2009-11-21,73.6768,84.2
2009-11-22,73.801,81.6
2009-11-23,73.6244,79.1
2009-11-24,73.2236,81.0
2009-11-25,72.9773,80.0
2009-11-26,73.0521,79.5
2009-11-27,72.7563,75.9
2009-11-28,72.3328,74.6
2009-11-29,71.8979,73.5
2009-11-30,71.8457,73.4
2009-12-01,71.7733,74.3
2009-12-02,71.4621,73.3
2009-12-03,71.4065,72.7
2009-12-04,71.3372,74.3
2009-12-05,71.3941,77.2
2009-12-06,71.5153,72.7
2009-12-07,71.2766,75.4
2009-12-08,71.547,73.8
2009-12-09,71.9977,70.6
2009-12-10,72.4291,74.3
2009-12-11,71.9346,74.7
2009-12-12,72.4125,75.5
2009-12-13,72.917,74.9
2009-12-14,74.1068,79.0
2009-12-15,75.5945,81.6
2009-12-16,76.6585,86.3
2009-12-17,78.3242,90.2
2009-12-18,77.8552,87.5
2009-12-19,76.6966,87.0
2009-12-20,77.1602,82.6
2009-12-21,77.13,81.4
2009-12-22,76.8946,79.9
2009-12-23,75.6308,78.9
2009-12-24,74.6864,81.6
2009-12-25,74.1696,79.1
2009-12-26,74.0289,80.0
2009-12-27,74.4201,79.8
2009-12-28,74.1535,82.0
2009-12-29,73.818,81.9
2009-12-30,74.2678,78.7
2009-12-31,75.616,77.3
2010-01-01,74.3783,75.4
2010-01-02,74.6583,74.0
2010-01-03,74.4597,71.1
2010-01-04,73.2613,72.8
2010-01-05,74.1698,73.0
2010-01-06,74.8518,73.1
2010-01-07,75.2779,73.0
2010-01-08,75.2156,72.3
2010-01-09,76.7199,71.8
2010-01-10,78.3212,75.6
2010-01-11,80.4061,85.1
2010-01-12,82.4763,87.8
2010-01-13,82.1321,91.2
2010-01-14,81.7284,89.0
2010-01-15,80.063,88.9
2010-01-16,78.999,91.8
2010-01-17,78.3439,93.1
2010-01-18,77.8078,91.8
2010-01-19,78.6216,87.2
2010-01-20,78.2028,85.5
2010-01-21,78.3342,84.7
2010-01-22,78.4685,84.8
2010-01-23,79.3137,83.1
2010-01-24,79.5912,81.8
2010-01-25,78.5035,82.0
2010-01-26,77.6947,81.7
2010-01-27,76.7279,81.9
2010-01-28,75.9689,82.4
2010-01-29,74.797,80.9
2010-01-30,75.0539,81.1
2010-01-31,75.3303,78.9
2010-02-01,75.3468,77.1
2010-02-02,75.393,76.6
2010-02-03,75.1125,76.5
2010-02-04,74.7937,78.0
2010-02-05,76.0887,79.0
2010-02-06,80.0244,80.0
2010-02-07,82.3291,78.2
2010-02-08,84.0269,77.1
2010-02-09,83.9171,75.4
2010-02-10,83.7183,75.1
2010-02-11,84.7941,76.8
2010-02-12,85.7345,79.3
2010-02-13,85.5972,83.1
2010-02-14,83.9909,88.5
2010-02-15,82.9231,90.7
2010-02-16,80.9399,88.3
2010-02-17,81.1951,85.5
2010-02-18,80.3675,84.3
2010-02-19,79.3245,85.9
2010-02-20,79.2611,85.0
2010-02-21,78.8102,83.7
2010-02-22,78.7028,82.8
2010-02-23,79.0106,84.1
2010-02-24,78.7241,81.9
2010-02-25,79.148,83.3
2010-02-26,78.7244,83.9
2010-02-27,78.1792,87.1
2010-02-28,77.8725,85.5
2010-03-01,78.012,87.8
2010-03-02,78.9661,85.7
2010-03-03,79.5247,82.9
2010-03-04,79.8736,82.6
2010-03-05,79.3373,80.9
2010-03-06,78.9043,79.1
2010-03-07,78.074,76.1
2010-03-08,77.7383,77.4
2010-03-09,77.9081,78.7
2010-03-10,78.8273,79.3
2010-03-11,80.9244,77.7
2010-03-12,83.5607,76.5
2010-03-13,84.4286,75.9
2010-03-14,83.9964,76.3
2010-03-15,83.2674,75.3
2010-03-16,82.6435,74.9
2010-03-17,83.1783,74.9
2010-03-18,82.9238,75.3
2010-03-19,81.9724,75.6
2010-03-20,81.3388,75.0
2010-03-21,81.5318,75.4
2010-03-22,80.1228,74.5
2010-03-23,80.42,75.3
2010-03-24,80.7179,76.1
2010-03-25,81.9495,76.4
2010-03-26,81.5256,76.9
2010-03-27,82.787,76.9
2010-03-28,82.4313,75.8
2010-03-29,81.4894,75.0
2010-03-30,81.3286,76.4
2010-03-31,80.8212,77.0
2010-04-01,80.1052,75.7
2010-04-02,78.8525,77.2
2010-04-03,79.2831,77.3
2010-04-04,79.8867,79.8
2010-04-05,80.1596,79.0
2010-04-06,79.4627,80.8
2010-04-07,78.9245,81.6
2010-04-08,78.8247,83.1
2010-04-09,78.8417,84.7
2010-04-10,78.3055,80.5
2010-04-11,78.1586,80.5
2010-04-12,78.1638,80.3
2010-04-13,78.2592,76.9
2010-04-14,78.6736,75.1
2010-04-15,78.372,75.0
2010-04-16,78.6837,72.7
2010-04-17,78.3636,70.9
2010-04-18,78.49,71.2
2010-04-19,78.6821,71.8
2010-04-20,78.6035,70.0
2010-04-21,78.4801,70.8
2010-04-22,78.3122,70.3
2010-04-23,77.7386,70.2
2010-04-24,77.175,70.4
2010-04-25,77.9168,72.6
2010-04-26,78.2506,74.3
2010-04-27,77.8099,76.4
2010-04-28,78.2178,74.4
2010-04-29,78.0859,75.1
2010-04-30,79.0921,74.3
2010-05-01,78.4493,74.6
2010-05-02,79.179,75.2
2010-05-03,80.0867,75.7
2010-05-04,81.41,75.0
2010-05-05,82.1259,74.1
2010-05-06,79.6469,74.8
2010-05-07,79.1578,76.1
2010-05-08,78.6742,76.8
2010-05-09,77.5096,74.0
2010-05-10,76.9629,72.4
2010-05-11,76.8951,70.0
2010-05-12,76.5521,70.6
2010-05-13,76.1222,74.0
2010-05-14,75.8819,73.7
2010-05-15,75.9957,75.2
2010-05-16,75.88,76.9
2010-05-17,75.937,78.6
2010-05-18,75.6848,78.7
2010-05-19,75.7267,75.1
2010-05-20,75.6874,72.3
2010-05-21,76.0782,73.9
2010-05-22,76.1691,72.7
2010-05-23,77.3376,72.8
2010-05-24,76.5621,71.2
2010-05-25,76.9699,72.3
2010-05-26,76.9617,74.3
2010-05-27,77.08,75.7
2010-05-28,77.315,76.5
2010-05-29,77.6147,76.9
2010-05-30,77.5574,76.9
2010-05-31,77.0432,76.9
2010-06-01,76.9936,75.3
2010-06-02,77.3334,76.4
2010-06-03,77.4072,76.0
2010-06-04,77.5086,76.3
2010-06-05,76.4816,75.5
2010-06-06,75.303,75.9
2010-06-07,75.0563,74.8
2010-06-08,76.2501,74.0
2010-06-09,76.5116,75.2
2010-06-10,76.9083,75.2
2010-06-11,77.7194,76.6
2010-06-12,78.5664,78.2
2010-06-13,78.7724,82.7
2010-06-14,77.4451,82.6
2010-06-15,75.9262,85.4
2010-06-16,75.9937,82.6
2010-06-17,75.741,81.1
2010-06-18,75.5651,80.3
2010-06-19,74.974,78.4
2010-06-20,75.0569,79.1
2010-06-21,75.7601,81.3
2010-06-22,76.4937,79.4
2010-06-23,76.9287,82.5
2010-06-24,77.1773,89.9
2010-06-25,77.2133,92.0
2010-06-26,77.1745,90.5
2010-06-27,76.5963,89.2
2010-06-28,76.7389,87.9
2010-06-29,76.8251,87.9
2010-06-30,76.818,87.1
2010-07-01,76.6543,85.2
2010-07-02,76.7101,88.0
2010-07-03,76.3731,87.2
2010-07-04,75.9047,85.7
2010-07-05,76.2367,83.9
2010-07-06,76.3498,82.1
2010-07-07,76.8374,81.5
2010-07-08,77.5988,83.0
2010-07-09,79.4341,83.2
2010-07-10,79.9609,85.1
2010-07-11,81.0389,84.4
2010-07-12,80.4068,84.1
2010-07-13,79.5681,84.9
2010-07-14,79.1892,86.5
2010-07-15,78.5561,85.8
2010-07-16,78.5125,88.1
2010-07-17,79.3643,86.0
2010-07-18,79.0371,86.0
2010-07-19,79.942,87.4
2010-07-20,83.0247,87.8
2010-07-21,84.8303,86.9
2010-07-22,84.7244,83.1
2010-07-23,84.1683,81.8
2010-07-24,83.5152,79.8
2010-07-25,83.3692,78.9
2010-07-26,83.0515,77.3
2010-07-27,82.3091,76.3
2010-07-28,83.1449,76.5
2010-07-29,83.3059,75.2
2010-07-30,82.8229,75.1
2010-07-31,82.0735,75.0
2010-08-01,81.1958,74.8
2010-08-02,80.7593,73.3
2010-08-03,80.1666,75.4
2010-08-04,80.5804,76.4
2010-08-05,81.7563,76.0
2010-08-06,81.6282,77.7
2010-08-07,81.6717,78.4
2010-08-08,81.9216,78.5
2010-08-09,83.0093,83.6
2010-08-10,82.9762,83.5
2010-08-11,83.624,81.0
2010-08-12,82.86,77.3
2010-08-13,82.8781,75.6
2010-08-14,83.1945,74.7
2010-08-15,83.2827,76.4
2010-08-16,83.4052,79.1
2010-08-17,82.0838,79.3
2010-08-18,81.1972,80.4
2010-08-19,79.972,81.6
2010-08-20,79.2497,82.1
2010-08-21,78.7817,83.3
2010-08-22,78.474,83.0
2010-08-23,78.6474,82.9
2010-08-24,78.1375,81.9
2010-08-25,78.2104,83.3
2010-08-26,78.127,85.2
2010-08-27,77.8937,85.4
2010-08-28,77.2443,84.9
2010-08-29,77.8903,83.1
2010-08-30,77.9547,83.4
2010-08-31,77.6783,84.3
2010-09-01,78.0909,83.4
2010-09-02,79.3284,83.5
2010-09-03,79.071,91.0
2010-09-04,81.1434,90.2
2010-09-05,80.5043,86.9
2010-09-06,79.9498,85.1
2010-09-07,78.1863,80.1
2010-09-08,77.5363,76.1
2010-09-09,77.17,75.4
2010-09-10,77.6168,74.2
2010-09-11,78.635,75.0
2010-09-12,78.9541,74.7
2010-09-13,79.4229,76.2
2010-09-14,80.2938,75.7
2010-09-15,80.4963,75.0
2010-09-16,80.9618,74.9
2010-09-17,81.8223,77.7
2010-09-18,81.5994,79.9
2010-09-19,80.921,81.7
2010-09-20,80.8524,86.3
2010-09-21,81.3873,83.0
2010-09-22,81.7667,89.9
2010-09-23,81.6161,85.9
2010-09-24,81.3344,83.2
2010-09-25,81.7232,82.7
2010-09-26,82.4461,81.4
2010-09-27,83.021,83.4
2010-09-28,83.2836,81.2
2010-09-29,86.1222,85.2
2010-09-30,85.9567,85.1
2010-10-01,84.958,86.5
2010-10-02,84.4817,85.3
2010-10-03,82.134,84.5
2010-10-04,80.0929,83.6
2010-10-05,79.4942,80.0
2010-10-06,78.9448,77.9
2010-10-07,79.2831,77.7
2010-10-08,79.0664,77.2
2010-10-09,79.3688,77.8
2010-10-10,79.1588,81.6
2010-10-11,78.591,83.1
2010-10-12,78.43,83.5
2010-10-13,79.6051,82.2
2010-10-14,80.6398,82.5
2010-10-15,81.3726,83.9
2010-10-16,83.0091,82.8
2010-10-17,82.7904,83.7
2010-10-18,85.0507,83.6
2010-10-19,84.1775,84.6
2010-10-20,83.0204,88.8
2010-10-21,82.6516,89.8
2010-10-22,82.1329,89.1
2010-10-23,82.8882,84.5
2010-10-24,82.4062,82.0
2010-10-25,84.0004,77.9
2010-10-26,84.1779,75.8
2010-10-27,83.6516,72.9
2010-10-28,82.853,73.4
2010-10-29,82.0886,73.9
2010-10-30,81.4056,75.9
2010-10-31,79.8342,74.2
2010-11-01,78.5684,74.5
2010-11-02,77.9137,77.9
2010-11-03,77.595,80.2
2010-11-04,77.7373,84.0
2010-11-05,79.0038,84.1
2010-11-06,79.8828,84.1
2010-11-07,80.2268,84.4
2010-11-08,79.9837,84.9
2010-11-09,79.9034,85.4
2010-11-10,81.0104,85.9
2010-11-11,81.1193,84.5
2010-11-12,81.9585,84.6
2010-11-13,82.3737,84.2
2010-11-14,83.1653,85.8
2010-11-15,85.0892,84.3
2010-11-16,85.6157,86.7
2010-11-17,85.5377,85.0
2010-11-18,84.1142,87.5
2010-11-19,82.8295,84.2
2010-11-20,81.1206,81.4
2010-11-21,80.3652,79.1
2010-11-22,78.8434,78.0
2010-11-23,78.6787,78.3
2010-11-24,78.0603,75.4
2010-11-25,78.5557,75.3
2010-11-26,77.3292,75.2
2010-11-27,77.0371,77.5
2010-11-28,78.7769,76.1
2010-11-29,79.4732,76.8
2010-11-30,80.8517,77.9
2010-12-01,81.3917,77.4
2010-12-02,81.6294,78.0
2010-12-03,81.8121,79.9
2010-12-04,82.0877,80.2
2010-12-05,82.2748,87.9
2010-12-06,82.1947,88.0
2010-12-07,81.7088,88.1
2010-12-08,82.2199,89.1
2010-12-09,82.0242,87.6
2010-12-10,82.6418,84.8
2010-12-11,82.5987,83.9
2010-12-12,83.6249,83.5
2010-12-13,83.3166,82.0
2010-12-14,84.333,80.0
2010-12-15,82.8277,80.6
2010-12-16,81.8671,79.9
2010-12-17,80.3466,77.4
2010-12-18,79.6733,76.9
2010-12-19,79.3658,76.7
2010-12-20,78.1318,77.6
2010-12-21,77.5965,77.8
2010-12-22,77.1182,79.1
2010-12-23,78.1399,78.4
2010-12-24,77.6601,78.2
2010-12-25,78.0605,79.7
2010-12-26,78.5021,84.8
2010-12-27,78.442,84.9
2010-12-28,78.7638,81.7
2010-12-29,79.5544,79.9
2010-12-30,80.0589,78.0
2010-12-31,83.4472,77.6
2011-01-01,84.5679,78.1
2011-01-02,84.6253,78.1
2011-01-03,85.3189,79.0
2011-01-04,85.1225,80.2
2011-01-05,83.9419,78.9
2011-01-06,83.6365,77.6
2011-01-07,83.4302,77.0
2011-01-08,82.3947,78.1
2011-01-09,81.3987,79.8
2011-01-10,80.9417,78.7
2011-01-11,79.8919,78.0
2011-01-12,79.0373,80.1
2011-01-13,78.6845,87.3
2011-01-14,78.4246,86.4
2011-01-15,78.6609,89.0
2011-01-16,78.5385,88.9
2011-01-17,79.0476,93.1
2011-01-18,79.0363,101.4
2011-01-19,79.034,109.8
2011-01-20,79.1459,110.0
2011-01-21,81.6106,111.4
2011-01-22,81.9448,108.3
2011-01-23,80.7837,121.9
2011-01-24,80.2847,106.9
2011-01-25,79.5923,102.2
2011-01-26,79.5048,94.6
2011-01-27,79.8284,89.0
2011-01-28,79.81,87.4
2011-01-29,80.0799,87.0
2011-01-30,80.333,86.4
2011-01-31,79.578,88.4
2011-02-01,79.3871,88.7
2011-02-02,79.2777,94.0
2011-02-03,79.8466,108.5
2011-02-04,80.5823,111.4
2011-02-05,79.9212,118.8
2011-02-06,79.0607,124.7
2011-02-07,79.6295,132.5
2011-02-08,83.7624,140.3
2011-02-09,83.8553,149.6
2011-02-10,83.8995,147.7
2011-02-11,84.2796,141.1
2011-02-12,85.4263,129.5
2011-02-13,88.0964,121.5
2011-02-14,90.9156,119.2
2011-02-15,91.3861,111.5
2011-02-16,92.1647,106.1
2011-02-17,91.6395,100.3
2011-02-18,96.0491,100.8
2011-02-19,92.6074,89.2
2011-02-20,91.2018,86.8
2011-02-21,88.9007,88.0
2011-02-22,87.3395,91.2
2011-02-23,86.4838,100.2
2011-02-24,86.4346,99.1
2011-02-25,85.9572,104.0
2011-02-26,87.1778,106.9
2011-02-27,87.3194,112.0
2011-02-28,88.8077,113.9
2011-03-01,92.875,115.1
2011-03-02,93.5614,118.1
2011-03-03,96.438,115.9
2011-03-04,99.652,117.3
2011-03-05,103.8931,113.1
2011-03-06,108.4398,108.7
2011-03-07,114.013,107.4
2011-03-08,114.7947,114.0
2011-03-09,110.7977,112.7
2011-03-10,105.6324,109.3
2011-03-11,102.9424,117.2
2011-03-12,102.4935,112.5
2011-03-13,102.0132,109.0
2011-03-14,99.8378,105.3
2011-03-15,97.836,105.2
2011-03-16,97.4392,106.3
2011-03-17,93.9482,110.8
2011-03-18,93.082,118.4
2011-03-19,93.1822,119.4
2011-03-20,93.857,130.2
2011-03-21,95.797,120.0
2011-03-22,95.5155,115.3
2011-03-23,96.9141,111.9
2011-03-24,98.3012,111.9
2011-03-25,102.679,118.1
2011-03-26,104.8974,114.1
2011-03-27,105.6014,116.0
2011-03-28,106.3363,120.4
2011-03-29,105.763,118.5
2011-03-30,106.1102,113.5
2011-03-31,104.5934,110.8
2011-04-01,101.971,109.3
2011-04-02,101.9673,111.9
2011-04-03,104.8891,111.2
2011-04-04,105.5903,111.1
2011-04-05,104.5418,107.7
2011-04-06,106.96,111.5
2011-04-07,106.7358,108.8
2011-04-08,105.7973,108.7
2011-04-09,104.1207,106.7
2011-04-10,103.9103,103.7
2011-04-11,104.1004,104.1
2011-04-12,107.542,104.1
2011-04-13,109.7392,105.7
2011-04-14,110.3836,99.4
2011-04-15,113.8741,96.0
2011-04-16,110.3035,94.7
2011-04-17,107.3189,93.5
2011-04-18,105.9737,93.4
2011-04-19,106.1807,96.6
2011-04-20,109.6115,94.3
2011-04-21,109.6034,93.6
2011-04-22,110.7516,92.7
2011-04-23,112.4838,86.4
2011-04-24,112.1297,85.7
2011-04-25,110.2667,85.7
2011-04-26,109.6399,86.6
2011-04-27,109.8987,86.3
2011-04-28,111.2131,83.8
2011-04-29,111.1242,82.4
2011-04-30,111.7835,84.9
2011-05-01,110.4638,92.3
2011-05-02,112.8897,103.2
2011-05-03,112.099,113.8
2011-05-04,112.0353,115.0
2011-05-05,111.6755,115.2
2011-05-06,109.6448,116.8
2011-05-07,109.1712,114.8
2011-05-08,109.5646,110.2
2011-05-09,111.1241,105.8
2011-05-10,109.4182,105.9
2011-05-11,106.7438,103.2
2011-05-12,105.3838,99.3
2011-05-13,104.5107,92.9
2011-05-14,104.2871,90.2
2011-05-15,105.7069,89.4
2011-05-16,104.8869,87.2
2011-05-17,104.4199,87.3
2011-05-18,104.3381,89.4
2011-05-19,102.2803,102.5
2011-05-20,101.8226,104.8
2011-05-21,101.2384,106.6
2011-05-22,101.8031,107.6
2011-05-23,101.7387,102.4
2011-05-24,100.4481,102.4
2011-05-25,98.9483,99.6
2011-05-26,99.5019,98.2
2011-05-27,102.1601,96.0
2011-05-28,105.5545,99.5
2011-05-29,111.0093,99.4
2011-05-30,112.3269,96.7
2011-05-31,112.7949,93.1
2011-06-01,114.2365,92.2
2011-06-02,114.4223,89.8
2011-06-03,112.5057,90.3
2011-06-04,111.0245,92.2
2011-06-05,109.7497,90.5
2011-06-06,107.4766,88.5
2011-06-07,105.7533,89.2
2011-06-08,103.0542,87.9
2011-06-09,101.6709,87.7
2011-06-10,100.9508,87.5
2011-06-11,99.5572,88.4
2011-06-12,99.341,88.7
2011-06-13,99.1905,88.5
2011-06-14,102.8339,93.7
2011-06-15,104.0504,93.1
2011-06-16,104.9672,94.7
2011-06-17,105.5164,97.7
2011-06-18,104.2862,97.2
2011-06-19,103.9854,96.9
2011-06-20,102.9591,96.9
2011-06-21,102.5546,107.0
2011-06-22,102.2382,105.3
2011-06-23,103.6036,103.6
2011-06-24,104.1783,103.4
2011-06-25,102.8227,99.1
2011-06-26,101.1253,95.4
2011-06-27,100.1936,91.1
2011-06-28,99.4629,88.9
2011-06-29,99.0036,89.8
2011-06-30,99.6297,96.4
2011-07-01,99.0329,102.5
2011-07-02,98.0771,110.7
2011-07-03,98.0919,115.2
2011-07-04,97.9566,116.2
2011-07-05,97.4461,122.2
2011-07-06,97.2172,128.7
2011-07-07,97.4879,125.2
2011-07-08,97.8367,123.5
2011-07-09,97.0554,119.7
2011-07-10,98.116,112.5
2011-07-11,97.9873,113.2
2011-07-12,98.139,108.4
2011-07-13,98.7741,106.9
2011-07-14,98.6343,100.2
2011-07-15,98.8027,92.7
2011-07-16,98.7051,86.5
2011-07-17,103.2794,85.7
2011-07-18,103.7081,85.3
2011-07-19,103.2475,90.4
2011-07-20,101.4115,92.7
2011-07-21,99.7659,95.4
2011-07-22,98.427,100.0
2011-07-23,96.4944,100.2
2011-07-24,95.7168,100.6
2011-07-25,95.4574,102.9
2011-07-26,97.166,103.3
2011-07-27,98.4146,110.7
2011-07-28,103.1857,106.1
2011-07-29,104.6644,106.4
2011-07-30,106.3912,106.4
2011-07-31,109.0397,106.8
2011-08-01,111.6887,106.0
2011-08-02,111.0406,103.1
2011-08-03,108.9297,103.2
2011-08-04,109.2816,103.2
2011-08-05,106.2124,111.0
2011-08-06,106.1835,113.8
2011-08-07,104.6394,117.5
2011-08-08,103.8837,120.8
2011-08-09,102.4181,121.5
2011-08-10,99.073,120.7
2011-08-11,96.3352,114.2
2011-08-12,95.0105,114.5
2011-08-13,94.3386,111.7
2011-08-14,95.8723,113.4
2011-08-15,96.8372,117.8
2011-08-16,98.1706,122.9
2011-08-17,99.8753,125.5
2011-08-18,100.4993,131.0
2011-08-19,100.6961,144.3
2011-08-20,101.368,142.3
2011-08-21,101.738,144.6
2011-08-22,106.1338,146.2
2011-08-23,105.5895,151.6
2011-08-24,103.6849,142.2
2011-08-25,103.2043,145.5
2011-08-26,104.3565,145.3
2011-08-27,104.0603,151.9
2011-08-28,102.6255,159.3
2011-08-29,102.7725,169.8
2011-08-30,104.1562,169.8
2011-08-31,108.2173,149.0
2011-09-01,111.2288,139.6
2011-09-02,113.349,134.0
2011-09-03,114.9516,137.0
2011-09-04,113.779,138.5
2011-09-05,113.0989,137.2
2011-09-06,109.8128,131.1
2011-09-07,108.6156,129.1
2011-09-08,106.2451,130.4
2011-09-09,107.0278,126.7
2011-09-10,108.7194,123.9
2011-09-11,111.7778,121.9
2011-09-12,114.1315,118.2
2011-09-13,116.1346,120.7
2011-09-14,121.3649,126.0
2011-09-15,122.2092,129.7
2011-09-16,123.2475,133.5
2011-09-17,124.4994,137.0
2011-09-18,127.7568,135.4
2011-09-19,124.7194,136.9
2011-09-20,124.7494,150.0
2011-09-21,124.8938,151.6
2011-09-22,127.9456,145.7
2011-09-23,132.2026,146.1
2011-09-24,135.8722,157.8
2011-09-25,137.644,166.3
2011-09-26,132.2007,162.5
2011-09-27,129.2662,153.9
2011-09-28,127.3711,143.8
2011-09-29,129.0795,137.3
2011-09-30,128.7571,130.6
2011-10-01,128.694,129.9
2011-10-02,127.5466,132.2
2011-10-03,126.7686,121.4
2011-10-04,128.0645,124.9
2011-10-05,126.8708,136.1
2011-10-06,126.205,136.5
2011-10-07,121.5275,151.2
2011-10-08,122.1482,157.8
2011-10-09,123.634,161.1
2011-10-10,125.4933,169.0
2011-10-11,127.8778,173.6
2011-10-12,129.4304,178.9
2011-10-13,130.2081,177.7
2011-10-14,129.8761,176.7
2011-10-15,130.133,175.2
2011-10-16,136.1813,170.4
2011-10-17,138.1417,165.3
2011-10-18,135.4112,152.1
2011-10-19,135.1195,157.7
2011-10-20,140.687,145.1
2011-10-21,144.7208,139.2
2011-10-22,143.336,144.4
2011-10-23,139.5731,141.1
2011-10-24,135.5329,136.3
2011-10-25,131.6166,136.6
2011-10-26,128.1112,137.7
2011-10-27,128.2454,138.9
2011-10-28,128.9968,136.5
2011-10-29,124.376,133.8
2011-10-30,124.9292,131.7
2011-10-31,129.8093,129.3
2011-11-01,131.636,131.7
2011-11-02,139.1741,134.0
2011-11-03,143.4127,136.8
2011-11-04,145.443,140.1
2011-11-05,148.9069,148.0
2011-11-06,151.3353,152.9
2011-11-07,155.2752,155.95
2011-11-08,155.1442,159.0
2011-11-09,154.1559,153.6
2011-11-10,154.418,146.6
2011-11-11,152.5341,144.5
2011-11-12,151.1937,140.4
2011-11-13,146.7239,139.2
2011-11-14,149.7751,135.8
2011-11-15,143.3627,130.2
2011-11-16,139.9771,127.5
2011-11-17,140.6321,129.0
2011-11-18,139.119,127.9
2011-11-19,136.8219,120.3
2011-11-20,137.0894,117.2
2011-11-21,137.3622,115.8
2011-11-22,137.6842,123.3
2011-11-23,136.3483,124.1
2011-11-24,135.7935,133.0
2011-11-25,135.1475,139.9
2011-11-26,133.9284,141.1
2011-11-27,135.0201,133.7
2011-11-28,136.2883,138.1
2011-11-29,138.3827,137.2
2011-11-30,139.2967,140.8
2011-12-01,142.6967,135.7
2011-12-02,146.0324,140.0
2011-12-03,147.8863,142.3
2011-12-04,148.5467,136.4
2011-12-05,148.0465,128.5
2011-12-06,144.0735,129.4
2011-12-07,143.7697,130.3
2011-12-08,142.502,130.2
2011-12-09,142.6044,131.6
2011-12-10,140.7903,136.6
2011-12-11,138.5453,131.0
2011-12-12,136.8678,135.9
2011-12-13,136.4068,131.4
2011-12-14,135.0713,137.6
2011-12-15,131.0052,124.6
2011-12-16,128.717,116.1
2011-12-17,127.2025,113.0
2011-12-18,129.8886,120.0
2011-12-19,129.669,128.0
2011-12-20,133.6514,129.2
2011-12-21,137.8334,135.1
2011-12-22,139.4177,134.5
2011-12-23,137.0962,143.4
2011-12-24,139.994,146.1
2011-12-25,140.8708,136.7
2011-12-26,142.1294,137.2
2011-12-27,140.7593,136.6
2011-12-28,143.8893,139.8
2011-12-29,145.0512,131.5
2011-12-30,142.9475,122.5
2011-12-31,139.8835,124.3
2012-01-01,137.0858,124.7
2012-01-02,138.5835,111.0
2012-01-03,138.9603,106.6
2012-01-04,139.3128,111.0
2012-01-05,141.3983,113.1
2012-01-06,138.7764,114.1
2012-01-07,140.5415,114.6
2012-01-08,138.9093,107.9
2012-01-09,140.7829,104.0
2012-01-10,134.4841,99.8
2012-01-11,128.9883,108.9
2012-01-12,126.4762,104.3
2012-01-13,129.1004,94.6
2012-01-14,133.7199,96.6
2012-01-15,134.8697,107.9
2012-01-16,137.8551,109.4
2012-01-17,138.2922,107.6
2012-01-18,142.3553,105.7
2012-01-19,144.4822,104.8
2012-01-20,140.0871,102.0
2012-01-21,141.0193,100.8
2012-01-22,140.6274,101.3
2012-01-23,141.7191,101.7
2012-01-24,137.8928,102.9
2012-01-25,132.9016,108.7
2012-01-26,131.5633,101.0
2012-01-27,130.0162,102.0
2012-01-28,123.8638,101.2
2012-01-29,121.793,106.7
2012-01-30,123.0125,105.9
2012-01-31,124.4119,104.9
2012-02-01,124.3971,103.5
2012-02-02,123.0745,101.3
2012-02-03,119.3387,100.2
2012-02-04,117.6138,101.6
2012-02-05,114.969,106.3
2012-02-06,118.1744,114.5
2012-02-07,116.6161,118.2
2012-02-08,112.3556,129.5
2012-02-09,113.0723,136.0
2012-02-10,117.5293,133.7
2012-02-11,118.0545,137.5
2012-02-12,117.3671,143.5
2012-02-13,116.1087,146.9
2012-02-14,115.8193,129.5
2012-02-15,114.2207,128.7
2012-02-16,113.5625,125.0
2012-02-17,113.8425,117.5
2012-02-18,113.8669,109.4
2012-02-19,114.1926,97.6
2012-02-20,116.0358,101.4
2012-02-21,112.8953,101.1
2012-02-22,112.8812,100.9
2012-02-23,111.986,98.8
2012-02-24,114.1696,99.2
2012-02-25,113.5344,101.7
2012-02-26,113.1728,104.2
2012-02-27,112.5356,102.1
2012-02-28,111.8397,100.8
2012-02-29,111.3061,101.9
2012-03-01,111.6129,105.2
2012-03-02,113.5736,106.6
2012-03-03,117.2778,111.2
2012-03-04,118.8775,110.4
2012-03-05,124.6076,109.9
2012-03-06,128.2783,107.2
2012-03-07,128.3359,105.9
2012-03-08,130.0634,103.6
2012-03-09,133.4185,102.1
2012-03-10,135.2747,101.0
2012-03-11,128.886,97.6
2012-03-12,128.1389,98.7
2012-03-13,126.3322,93.5
2012-03-14,123.1892,94.9
2012-03-15,119.2768,93.7
2012-03-16,113.1774,93.8
2012-03-17,114.6193,95.8
2012-03-18,114.0505,98.3
2012-03-19,113.5497,98.8
2012-03-20,114.7377,102.4
2012-03-21,114.0213,108.8
2012-03-22,114.0914,114.7
2012-03-23,113.6538,122.6
2012-03-24,115.2526,139.1
2012-03-25,113.9304,143.1
2012-03-26,114.422,150.6
2012-03-27,115.1245,149.5
2012-03-28,115.3063,143.4
2012-03-29,118.9993,135.2
2012-03-30,119.2007,128.8
2012-03-31,119.0666,120.7
2012-04-01,116.4667,119.5
2012-04-02,116.8811,122.8
2012-04-03,114.3929,117.7
2012-04-04,113.0914,115.9
2012-04-05,112.7946,111.6
2012-04-06,110.4452,117.4
2012-04-07,109.7762,115.9
2012-04-08,107.014,115.9
2012-04-09,105.444,118.1
2012-04-10,104.8581,119.4
2012-04-11,104.9419,123.9
2012-04-12,106.218,125.1
2012-04-13,105.7158,129.8
2012-04-14,105.4808,133.3
2012-04-15,106.2559,139.2
2012-04-16,106.6394,132.2
2012-04-17,108.8608,133.3
2012-04-18,113.01,132.9
2012-04-19,122.6723,131.9
2012-04-20,127.1184,133.9
2012-04-21,131.9955,139.5
2012-04-22,133.7366,135.3
2012-04-23,131.2931,134.1
2012-04-24,127.5923,134.0
2012-04-25,125.3161,128.2
2012-04-26,122.112,124.3
2012-04-27,121.1353,120.2
2012-04-28,121.9075,118.5
2012-04-29,120.1405,120.3
2012-04-30,120.1836,112.9
2012-05-01,118.929,113.7
2012-05-02,120.348,113.3
2012-05-03,118.6217,109.3
2012-05-04,117.542,114.1
2012-05-05,118.5584,120.6
2012-05-06,119.0857,132.2
2012-05-07,120.5456,132.9
2012-05-08,121.6627,133.2
2012-05-09,123.7624,131.9
2012-05-10,125.5555,142.8
2012-05-11,128.6149,138.5
2012-05-12,126.0619,132.1
2012-05-13,126.662,127.9
2012-05-14,126.6143,132.3
2012-05-15,126.9902,132.3
2012-05-16,129.2241,138.1
2012-05-17,131.057,145.8
2012-05-18,129.6224,147.3
2012-05-19,129.693,144.8
2012-05-20,130.0272,149.6
2012-05-21,127.166,138.8
2012-05-22,125.2971,128.0
2012-05-23,123.5264,121.9
2012-05-24,121.692,113.5
2012-05-25,122.0855,107.1
2012-05-26,118.1821,100.9
2012-05-27,120.9511,91.4
2012-05-28,120.3302,86.8
2012-05-29,116.1121,88.1
2012-05-30,114.6042,91.5
2012-05-31,116.5617,102.5
2012-06-01,121.8659,109.9
2012-06-02,124.9452,123.7
2012-06-03,127.3534,121.3
2012-06-04,127.9016,128.2
2012-06-05,131.219,137.9
2012-06-06,130.8806,142.0
2012-06-07,128.7394,150.7
2012-06-08,127.1059,152.5
2012-06-09,129.1956,170.1
2012-06-10,129.3038,163.0
2012-06-11,132.1942,163.7
2012-06-12,134.7916,183.7
2012-06-13,135.9223,179.6
2012-06-14,134.3231,179.2
2012-06-15,136.632,167.1
2012-06-16,131.4511,170.9
2012-06-17,126.0526,152.1
2012-06-18,122.5717,152.8
2012-06-19,118.5705,145.1
2012-06-20,115.7007,142.5
2012-06-21,112.8242,131.7
2012-06-22,107.7501,113.1
2012-06-23,105.7901,103.2
2012-06-24,105.6437,95.3
2012-06-25,106.588,92.8
2012-06-26,111.9682,96.7
2012-06-27,115.7092,99.8
2012-06-28,122.5965,105.7
2012-06-29,122.486,108.7
2012-06-30,126.3611,118.3
2012-07-01,131.5989,127.1
2012-07-02,133.7975,130.5
2012-07-03,138.8428,135.4
2012-07-04,141.1169,140.1
2012-07-05,148.8381,144.0
2012-07-06,146.6205,146.0
2012-07-07,147.5455,138.6
2012-07-08,156.3227,143.8
2012-07-09,155.0337,142.7
2012-07-10,154.8195,137.9
2012-07-11,149.4302,137.9
2012-07-12,151.3974,132.1
2012-07-13,143.7224,137.0
2012-07-14,143.5831,134.8
2012-07-15,139.4359,128.8
2012-07-16,137.0821,123.0
2012-07-17,131.2284,115.3
2012-07-18,121.4252,110.9
2012-07-19,116.6379,108.5
2012-07-20,112.7774,103.2
2012-07-21,110.9238,100.8
2012-07-22,112.0661,97.7
2012-07-23,113.3931,99.4
2012-07-24,115.7354,98.5
2012-07-25,117.0944,98.5
2012-07-26,121.3555,96.4
2012-07-27,125.5609,96.9
2012-07-28,128.501,98.8
2012-07-29,130.6171,106.4
2012-07-30,132.9471,108.1
2012-07-31,134.6559,115.6
2012-08-01,136.2732,113.7
2012-08-02,133.3844,113.4
2012-08-03,135.9906,120.6
2012-08-04,134.8984,130.2
2012-08-05,133.4174,132.9
2012-08-06,132.624,148.2
2012-08-07,131.0579,144.7
2012-08-08,132.5692,144.0
2012-08-09,132.4502,139.9
2012-08-10,129.3124,134.9
2012-08-11,125.7103,130.0
2012-08-12,121.9573,135.4
2012-08-13,119.9437,130.5
2012-08-14,118.7045,124.8
2012-08-15,116.485,112.8
2012-08-16,115.0484,106.4
2012-08-17,113.4917,103.8
2012-08-18,114.5639,100.3
2012-08-19,114.3054,101.7
2012-08-20,113.8326,98.6
2012-08-21,112.7048,98.3
2012-08-22,112.8628,102.5
2012-08-23,113.2682,105.3
2012-08-24,116.613,110.8
2012-08-25,117.266,118.4
2012-08-26,120.8653,117.8
2012-08-27,120.33,125.3
2012-08-28,120.8172,134.4
2012-08-29,124.3612,137.4
2012-08-30,129.6845,140.6
2012-08-31,131.9317,139.9
2012-09-01,139.4605,133.8
2012-09-02,138.2246,138.3
2012-09-03,139.1487,136.4
2012-09-04,136.1912,135.9
2012-09-05,133.6163,128.3
2012-09-06,131.2413,118.3
2012-09-07,133.5049,111.8
2012-09-08,130.9233,109.5
2012-09-09,128.4826,106.1
2012-09-10,122.9673,98.7
2012-09-11,119.7341,97.9
2012-09-12,118.6247,103.2
2012-09-13,116.4538,105.9
2012-09-14,116.7683,111.6
2012-09-15,115.3742,116.2
2012-09-16,114.8699,121.3
2012-09-17,116.371,124.3
2012-09-18,117.8459,131.3
2012-09-19,119.5914,135.9
2012-09-20,123.2405,136.1
2012-09-21,122.8674,134.1
2012-09-22,125.1307,136.5
2012-09-23,130.4122,140.3
2012-09-24,132.8676,150.1
2012-09-25,134.6626,142.8
2012-09-26,134.2955,153.9
2012-09-27,131.3249,140.1
2012-09-28,133.2868,134.1
2012-09-29,131.9988,128.5
2012-09-30,132.1327,129.1
2012-10-01,129.4504,120.2
2012-10-02,124.985,115.4
2012-10-03,120.9391,106.9
2012-10-04,118.7865,104.8
2012-10-05,116.4299,102.7
2012-10-06,112.311,96.8
2012-10-07,110.6147,94.9
2012-10-08,113.4075,91.8
2012-10-09,114.2751,93.4
2012-10-10,117.6066,94.9
2012-10-11,120.1666,96.9
2012-10-12,123.5041,99.8
2012-10-13,124.9301,102.2
2012-10-14,127.793,112.9
2012-10-15,130.7741,119.8
2012-10-16,131.1451,130.6
2012-10-17,130.37,140.8
2012-10-18,132.0275,143.1
2012-10-19,133.3194,139.1
2012-10-20,138.0657,138.6
2012-10-21,135.3015,135.2
2012-10-22,140.5164,132.4
2012-10-23,134.6423,137.7
2012-10-24,132.0095,130.7
2012-10-25,129.6786,137.8
2012-10-26,129.2554,137.0
2012-10-27,124.5924,124.5
2012-10-28,120.8178,123.5
2012-10-29,115.9207,115.0
2012-10-30,114.012,118.4
2012-10-31,112.7388,118.6
2012-11-01,109.0547,114.0
2012-11-02,108.616,111.2
2012-11-03,106.7831,110.0
2012-11-04,107.6838,107.5
2012-11-05,108.3775,98.8
2012-11-06,109.3942,94.9
2012-11-07,110.4348,93.9
2012-11-08,111.4749,93.4
2012-11-09,115.9027,92.7
2012-11-10,120.3372,94.6
2012-11-11,126.1936,94.2
2012-11-12,131.7947,98.1
2012-11-13,133.1314,100.6
2012-11-14,132.4249,100.9
2012-11-15,132.4843,100.5
2012-11-16,131.2394,108.4
2012-11-17,130.4057,113.0
2012-11-18,132.8425,115.5
2012-11-19,129.5698,118.5
2012-11-20,132.3443,115.8
2012-11-21,132.2452,111.3
2012-11-22,125.8927,112.5
2012-11-23,124.9609,109.8
2012-11-24,120.1125,110.4
2012-11-25,120.9414,110.9
2012-11-26,120.9147,111.6
2012-11-27,119.1124,110.4
2012-11-28,117.1378,109.4
2012-11-29,116.6815,109.3
2012-11-30,114.7826,106.2
2012-12-01,110.7119,103.2
2012-12-02,108.7367,102.3
2012-12-03,107.5549,100.9
2012-12-04,107.1384,103.2
2012-12-05,107.0457,109.8
2012-12-06,107.7801,113.9
2012-12-07,107.7032,115.0
2012-12-08,109.3507,124.6
2012-12-09,110.6941,138.4
2012-12-10,110.7668,140.3
2012-12-11,110.6312,137.5
2012-12-12,113.9801,144.8
2012-12-13,116.7954,150.5
2012-12-14,117.9216,163.8
2012-12-15,118.6355,168.2
2012-12-16,117.7338,166.7
2012-12-17,117.5676,163.0
2012-12-18,117.2375,151.4
2012-12-19,115.7146,149.1
2012-12-20,115.6875,135.2
2012-12-21,115.2179,132.6
2012-12-22,116.061,118.8
2012-12-23,114.7176,111.5
2012-12-24,112.74,103.3
2012-12-25,112.1305,103.2
2012-12-26,110.5596,104.9
2012-12-27,109.8422,106.9
2012-12-28,108.78,101.6
2012-12-29,109.8938,100.2
2012-12-30,110.6472,97.5
2012-12-31,113.467,96.3
2013-01-01,115.769,94.7
2013-01-02,117.7983,94.7
2013-01-03,122.7524,92.6
2013-01-04,129.5265,93.8
2013-01-05,131.9551,99.7
2013-01-06,131.6884,100.7
2013-01-07,134.4311,108.6
2013-01-08,136.7347,107.9
2013-01-09,140.4961,103.7
2013-01-10,142.2096,102.2
2013-01-11,143.6012,100.7
2013-01-12,142.4985,100.0
2013-01-13,140.0928,101.4
2013-01-14,136.7104,104.8
2013-01-15,130.5785,103.2
2013-01-16,128.3214,102.5
2013-01-17,121.4942,99.2
2013-01-18,117.6693,97.8
2013-01-19,113.8816,97.0
2013-01-20,113.7568,97.7
2013-01-21,114.679,100.8
2013-01-22,115.1832,103.1
2013-01-23,113.2544,102.3
2013-01-24,111.9125,109.9
2013-01-25,111.3908,111.0
2013-01-26,110.5279,106.2
2013-01-27,109.821,104.7
2013-01-28,108.9641,97.5
2013-01-29,107.4703,93.0
2013-01-30,107.8109,93.5
2013-01-31,109.592,96.8
2013-02-01,110.2321,100.0
2013-02-02,113.503,103.6
2013-02-03,113.8035,110.6
2013-02-04,112.1077,109.1
2013-02-05,111.573,110.1
2013-02-06,111.0493,112.4
2013-02-07,111.979,116.6
2013-02-08,112.5668,112.6
2013-02-09,113.6532,112.1
2013-02-10,112.0884,113.3
2013-02-11,110.7667,114.6
2013-02-12,108.572,117.7
2013-02-13,106.8887,118.2
2013-02-14,105.4361,121.5
2013-02-15,104.4741,121.5
2013-02-16,104.6383,121.5
2013-02-17,106.1919,121.8
2013-02-18,106.2346,124.8
2013-02-19,108.7988,124.5
2013-02-20,109.6159,116.6
2013-02-21,107.4708,109.5
2013-02-22,106.3934,106.7
2013-02-23,105.0555,105.3
2013-02-24,103.0164,100.2
2013-02-25,103.3879,97.6
2013-02-26,105.0434,95.4
2013-02-27,106.8632,92.2
2013-02-28,108.4856,92.0
2013-03-01,111.8925,92.6
2013-03-02,113.4039,98.3
2013-03-03,114.2199,104.8
2013-03-04,113.6718,108.2
2013-03-05,115.5093,113.1
2013-03-06,114.6903,119.0
2013-03-07,113.739,122.1
2013-03-08,115.4227,127.0
2013-03-09,116.0507,128.6
2013-03-10,119.0086,134.5
2013-03-11,120.4107,137.3
2013-03-12,121.7882,138.2
2013-03-13,121.6872,139.6
2013-03-14,123.3688,147.0
2013-03-15,122.9729,148.6
2013-03-16,123.9911,137.8
2013-03-17,124.4118,138.6
2013-03-18,122.2684,125.8
2013-03-19,117.2923,117.5
2013-03-20,115.6817,114.1
2013-03-21,115.4673,114.1
2013-03-22,113.5193,109.0
2013-03-23,111.5517,105.9
2013-03-24,109.6351,100.3
2013-03-25,107.3832,105.9
2013-03-26,106.6708,110.5
2013-03-27,106.736,114.1
2013-03-28,108.8116,118.8
2013-03-29,113.1377,116.1
2013-03-30,114.4327,120.7
2013-03-31,116.4632,123.5
2013-04-01,118.1624,128.8
2013-04-02,119.1664,133.5
2013-04-03,119.127,144.5
2013-04-04,119.7147,156.7
2013-04-05,121.6787,161.7
2013-04-06,124.0649,151.8
2013-04-07,126.6615,150.4
2013-04-08,126.2492,144.1
2013-04-09,132.0512,139.5
2013-04-10,134.3352,133.0
2013-04-11,129.6147,131.1
2013-04-12,128.4573,129.3
2013-04-13,122.359,130.9
2013-04-14,119.0324,127.3
2013-04-15,117.3468,139.4
2013-04-16,116.7853,150.4
2013-04-17,114.993,153.5
2013-04-18,113.3455,151.1
2013-04-19,111.2127,148.8
2013-04-20,113.2698,148.0
2013-04-21,114.8629,139.6
2013-04-22,115.4343,135.2
2013-04-23,117.1274,138.5
2013-04-24,116.525,135.2
2013-04-25,119.0243,128.4
2013-04-26,120.0784,136.7
2013-04-27,121.7937,137.9
2013-04-28,123.9007,130.6
2013-04-29,128.4327,124.5
2013-04-30,135.1995,123.2
2013-05-01,138.8667,113.1
2013-05-02,135.4107,107.6
2013-05-03,134.2419,109.8
2013-05-04,132.3121,106.9
2013-05-05,130.786,104.7
2013-05-06,127.2291,108.8
2013-05-07,127.5662,114.1
2013-05-08,127.0404,115.0
2013-05-09,128.1993,113.1
2013-05-10,125.5262,112.1
2013-05-11,129.4607,112.3
2013-05-12,134.9105,112.6
2013-05-13,136.9714,106.3
2013-05-14,136.4483,99.0
2013-05-15,135.6606,96.2
2013-05-16,136.3345,92.3
2013-05-17,132.1019,96.2
2013-05-18,129.3328,102.0
2013-05-19,131.0592,112.6
2013-05-20,130.4673,114.5
2013-05-21,128.8147,119.7
2013-05-22,132.5293,127.8
2013-05-23,133.0941,128.8
2013-05-24,129.8525,127.4
2013-05-25,127.0111,130.5
2013-05-26,126.2368,137.6
2013-05-27,121.7924,134.2
2013-05-28,118.6856,132.4
2013-05-29,119.6368,124.6
2013-05-30,118.2094,112.9
2013-05-31,116.2161,110.1
2013-06-01,117.3751,102.9
2013-06-02,120.1616,104.3
2013-06-03,119.7381,103.6
2013-06-04,118.6094,106.3
2013-06-05,118.9855,111.4
2013-06-06,118.6148,118.1
2013-06-07,118.0064,128.7
2013-06-08,114.8943,142.3
2013-06-09,110.9812,145.6
2013-06-10,109.258,138.7
2013-06-11,107.2319,129.8
2013-06-12,108.7205,123.3
2013-06-13,111.6265,124.0
2013-06-14,116.2123,121.9
2013-06-15,118.2343,117.1
2013-06-16,121.5768,121.6
2013-06-17,126.1621,117.8
2013-06-18,127.5802,116.7
2013-06-19,127.6991,117.9
2013-06-20,129.9055,117.6
2013-06-21,133.8279,114.9
2013-06-22,132.1741,118.6
2013-06-23,130.9899,117.3
2013-06-24,127.2708,116.1
2013-06-25,122.6526,112.9
2013-06-26,120.9909,113.4
2013-06-27,117.0158,110.1
2013-06-28,116.9847,111.0
2013-06-29,116.4461,110.3
2013-06-30,118.202,112.9
2013-07-01,120.6471,111.3
2013-07-02,123.5181,112.7
2013-07-03,128.926,115.6
2013-07-04,135.2755,116.5
2013-07-05,137.5733,112.0
2013-07-06,134.7297,115.4
2013-07-07,131.5398,116.2
2013-07-08,128.473,110.5
2013-07-09,128.6769,107.9
2013-07-10,126.9758,107.3
2013-07-11,125.0652,106.8
2013-07-12,127.2757,108.5
2013-07-13,124.0155,107.3
2013-07-14,123.3638,106.5
2013-07-15,124.6806,105.3
2013-07-16,124.809,113.4
2013-07-17,123.1529,117.2
2013-07-18,125.1596,125.1
2013-07-19,123.5125,128.5
2013-07-20,121.4383,125.8
2013-07-21,119.5344,122.9
2013-07-22,118.6265,126.3
2013-07-23,118.1763,129.2
2013-07-24,117.8078,131.4
2013-07-25,118.7893,134.6
2013-07-26,119.1301,133.4
2013-07-27,118.6045,134.5
2013-07-28,120.3822,126.8
2013-07-29,122.0196,119.9
2013-07-30,122.883,115.0
2013-07-31,120.7903,113.5
2013-08-01,121.3629,111.9
2013-08-02,121.2889,110.3
2013-08-03,118.1232,111.0
2013-08-04,116.5346,109.5
2013-08-05,115.6329,109.5
2013-08-06,116.3733,105.6
2013-08-07,117.1834,107.5
2013-08-08,117.3795,107.9
2013-08-09,115.8872,111.1
2013-08-10,114.2639,111.9
2013-08-11,116.7747,102.9
2013-08-12,118.4769,100.0
2013-08-13,121.8237,97.1
2013-08-14,123.8219,95.6
2013-08-15,124.6044,96.2
2013-08-16,123.1204,94.1
2013-08-17,125.2088,94.1
2013-08-18,125.6377,92.7
2013-08-19,127.9493,93.6
2013-08-20,129.4859,93.8
2013-08-21,129.5343,95.5
2013-08-22,131.6863,99.7
2013-08-23,129.382,105.1
2013-08-24,125.8838,108.9
2013-08-25,121.055,110.0
2013-08-26,119.0806,111.2
2013-08-27,118.5853,111.9
2013-08-28,116.4025,108.5
2013-08-29,117.2116,110.9
2013-08-30,116.5702,111.7
2013-08-31,117.4538,110.5
2013-09-01,116.1413,108.3
2013-09-02,117.4124,106.0
2013-09-03,117.3909,104.6
2013-09-04,119.715,105.2
2013-09-05,118.6322,107.0
2013-09-06,114.1794,108.3
2013-09-07,111.5193,113.9
2013-09-08,109.7745,109.2
2013-09-09,108.6475,105.9
2013-09-10,108.4368,106.5
2013-09-11,107.4906,111.8
2013-09-12,106.8101,111.7
2013-09-13,106.6367,113.1
2013-09-14,106.6073,120.3
2013-09-15,106.5304,128.5
2013-09-16,107.4874,127.3
2013-09-17,108.2781,128.6
2013-09-18,111.7728,124.3
2013-09-19,113.3163,124.5
2013-09-20,115.9172,127.2
2013-09-21,117.3158,135.1
2013-09-22,117.9523,138.8
2013-09-23,116.2304,131.6
2013-09-24,115.6562,132.2
2013-09-25,114.876,134.5
2013-09-26,113.73,144.8
2013-09-27,112.1091,151.1
2013-09-28,110.8084,158.8
2013-09-29,109.8932,159.6
2013-09-30,109.4991,169.7
2013-10-01,109.8366,164.8
2013-10-02,110.5191,157.8
2013-10-03,112.4632,150.6
2013-10-04,112.5352,139.9
2013-10-05,110.6638,140.5
2013-10-06,109.3745,144.2
2013-10-07,112.0188,139.4
2013-10-08,114.5295,141.1
2013-10-09,115.6423,144.9
2013-10-10,118.035,145.9
2013-10-11,121.2655,150.8
2013-10-12,121.3884,145.3
2013-10-13,123.0986,143.3
2013-10-14,122.2268,145.2
2013-10-15,121.9222,151.1
2013-10-16,122.348,160.4
2013-10-17,126.0612,164.0
2013-10-18,129.3377,167.4
2013-10-19,127.7341,172.0
2013-10-20,126.4081,174.0
2013-10-21,129.036,170.6
2013-10-22,132.5186,172.9
2013-10-23,137.9489,159.5
2013-10-24,143.9228,149.3
2013-10-25,145.4489,143.5
2013-10-26,148.7418,137.8
2013-10-27,147.5059,139.2
2013-10-28,146.4446,132.2
2013-10-29,139.8159,123.9
2013-10-30,135.4625,116.0
2013-10-31,135.3852,112.4
2013-11-01,136.9713,125.6
2013-11-02,134.6811,129.3
2013-11-03,134.4429,125.0
2013-11-04,135.5899,127.6
2013-11-05,135.9122,126.9
2013-11-06,137.9194,130.0
2013-11-07,135.3443,131.9
2013-11-08,134.1453,134.0
2013-11-09,134.5734,145.3
2013-11-10,138.1305,146.1
2013-11-11,142.6403,152.3
2013-11-12,144.8049,160.6
2013-11-13,146.0405,163.1
2013-11-14,147.83,169.9
2013-11-15,148.2755,165.6
2013-11-16,148.4963,159.8
2013-11-17,149.9931,158.1
2013-11-18,144.2379,159.0
2013-11-19,139.6847,151.3
2013-11-20,136.6619,149.4
2013-11-21,133.6726,153.9
2013-11-22,132.6765,151.1
2013-11-23,128.7925,148.5
2013-11-24,125.2427,144.4
2013-11-25,120.8708,139.5
2013-11-26,119.3087,133.4
2013-11-27,124.8876,131.6
2013-11-28,126.7286,124.1
2013-11-29,125.2333,118.7
2013-11-30,126.5942,120.6
2013-12-01,126.7563,126.3
2013-12-02,128.484,130.1
2013-12-03,129.5143,132.5
2013-12-04,130.4827,138.2
2013-12-05,135.4914,140.5
2013-12-06,136.5562,154.3
2013-12-07,139.7514,155.2
2013-12-08,143.1156,176.3
2013-12-09,144.849,206.2
2013-12-10,148.6669,210.3
2013-12-11,147.9615,197.2
2013-12-12,145.7574,193.3
2013-12-13,145.2314,188.2
2013-12-14,145.7671,178.1
2013-12-15,143.3497,169.4
2013-12-16,141.8766,160.7
2013-12-17,144.4764,150.2
2013-12-18,144.3909,138.7
2013-12-19,143.9389,132.6
2013-12-20,142.1547,122.1
2013-12-21,140.1408,117.1
2013-12-22,137.634,124.7
2013-12-23,136.5502,125.5
2013-12-24,132.7018,123.4
2013-12-25,130.0728,133.0
2013-12-26,130.3227,141.4
2013-12-27,131.7827,138.9
2013-12-28,133.2668,132.1
2013-12-29,134.6843,131.3
2013-12-30,138.6443,129.1
2013-12-31,140.5273,133.7
2014-01-01,148.1326,139.6
2014-01-02,150.3706,152.5
2014-01-03,159.4432,151.8
2014-01-04,171.933,155.8
2014-01-05,175.0469,160.9
2014-01-06,170.6502,171.6
2014-01-07,170.2912,184.4
2014-01-08,168.595,183.0
2014-01-09,165.2489,182.9
2014-01-10,160.8321,188.1
2014-01-11,156.6107,186.1
2014-01-12,151.9349,173.2
2014-01-13,145.1331,167.2
2014-01-14,140.3155,164.6
2014-01-15,135.3662,156.8
2014-01-16,132.2065,167.8
2014-01-17,133.7142,156.1
2014-01-18,133.5912,162.5
2014-01-19,131.9453,162.5
2014-01-20,136.3356,158.1
2014-01-21,140.051,150.2
2014-01-22,138.7243,148.9
2014-01-23,136.6123,147.9
2014-01-24,136.574,154.2
2014-01-25,135.7863,153.0
2014-01-26,138.2508,153.4
2014-01-27,141.4753,159.7
2014-01-28,147.2225,168.2
2014-01-29,148.4382,167.2
2014-01-30,150.0102,170.4
2014-01-31,152.2705,174.7
2014-02-01,157.3401,172.4
2014-02-02,162.7566,167.5
2014-02-03,162.3287,161.6
2014-02-04,161.8677,158.5
2014-02-05,164.5519,158.3
2014-02-06,163.2532,155.4
2014-02-07,157.9091,146.7
2014-02-08,156.1548,146.5
2014-02-09,156.1143,146.0
2014-02-10,152.4817,139.5
2014-02-11,156.8815,143.8
2014-02-12,152.1364,149.5
2014-02-13,154.2654,162.5
2014-02-14,154.4072,167.1
2014-02-15,150.8412,145.9
2014-02-16,147.1117,142.1
2014-02-17,145.9982,137.5
2014-02-18,145.7717,134.2
2014-02-19,148.4956,135.1
2014-02-20,148.2772,137.0
2014-02-21,148.5217,147.9
2014-02-22,151.2748,150.1
2014-02-23,156.3443,151.4
2014-02-24,158.2216,153.8
2014-02-25,160.9847,156.0
2014-02-26,163.4091,157.7
2014-02-27,162.2065,152.0
2014-02-28,160.6368,152.5
2014-03-01,157.1879,144.2
2014-03-02,155.2966,145.9
2014-03-03,154.572,142.3
2014-03-04,152.4796,148.1
2014-03-05,148.7168,152.1
2014-03-06,147.0052,153.1
2014-03-07,146.5969,154.6
2014-03-08,143.2923,153.0
2014-03-09,144.1764,157.0
2014-03-10,146.693,142.3
2014-03-11,152.5513,141.2
2014-03-12,155.5253,140.2
2014-03-13,146.759,132.4
2014-03-14,145.1531,131.0
2014-03-15,143.4484,137.3
2014-03-16,142.1723,138.2
2014-03-17,142.2898,136.5
2014-03-18,143.3134,137.9
2014-03-19,148.8486,151.2
2014-03-20,151.2552,163.0
2014-03-21,151.1457,185.2
2014-03-22,152.5456,180.3
2014-03-23,154.4091,173.7
2014-03-24,155.5082,170.8
2014-03-25,152.8392,164.1
2014-03-26,153.0215,160.4
2014-03-27,148.6033,146.3
2014-03-28,148.7321,137.6
2014-03-29,147.1873,131.6
2014-03-30,149.495,126.2
2014-03-31,151.5434,122.3
2014-04-01,152.11,119.6
2014-04-02,152.9791,122.5
2014-04-03,152.4688,121.8
2014-04-04,154.3788,125.5
2014-04-05,148.0108,127.7
2014-04-06,146.3222,137.6
2014-04-07,146.4031,134.8
2014-04-08,143.018,133.7
2014-04-09,143.0536,141.5
2014-04-10,144.8631,141.3
2014-04-11,145.0404,148.6
2014-04-12,144.8318,150.8
2014-04-13,146.5251,155.2
2014-04-14,152.3142,155.1
2014-04-15,158.0018,167.7
2014-04-16,168.2583,166.3
2014-04-17,167.1503,162.7
2014-04-18,166.0207,166.7
2014-04-19,164.7618,155.5
2014-04-20,163.0106,141.8
2014-04-21,161.6258,136.6
2014-04-22,154.9843,130.4
2014-04-23,149.7478,119.7
2014-04-24,145.8001,120.1
2014-04-25,141.038,116.7
2014-04-26,137.1086,114.1
2014-04-27,135.7642,119.2
2014-04-28,136.5266,127.7
2014-04-29,135.902,116.0
2014-04-30,136.6065,111.1
2014-05-01,137.4192,108.7
2014-05-02,141.2642,102.1
2014-05-03,141.2688,105.5
2014-05-04,141.0075,104.4
2014-05-05,143.9149,106.6
2014-05-06,144.5507,106.2
2014-05-07,148.438,108.3
2014-05-08,150.3779,110.1
2014-05-09,152.5909,108.5
2014-05-10,152.167,113.8
2014-05-11,157.1883,136.9
2014-05-12,158.1002,140.8
2014-05-13,156.5485,153.1
2014-05-14,158.5414,166.1
2014-05-15,153.9562,171.3
2014-05-16,146.2803,173.6
2014-05-17,143.6809,179.8
2014-05-18,140.7538,157.5
2014-05-19,135.1419,148.0
2014-05-20,134.3289,134.3
2014-05-21,131.6962,120.5
2014-05-22,128.4634,118.0
2014-05-23,130.8433,114.4
2014-05-24,134.784,114.7
2014-05-25,129.3891,105.5
2014-05-26,127.5426,104.5
2014-05-27,125.5041,97.3
2014-05-28,121.876,95.6
2014-05-29,123.3262,96.6
2014-05-30,122.0866,100.2
2014-05-31,122.5334,103.3
2014-06-01,122.3463,107.6
2014-06-02,122.7142,118.4
2014-06-03,124.7108,129.9
2014-06-04,123.5776,145.2
2014-06-05,126.39,156.9
2014-06-06,136.8189,175.1
2014-06-07,140.1177,184.1
2014-06-08,147.0726,193.9
2014-06-09,153.0769,199.4
2014-06-10,155.5538,207.7
2014-06-11,156.4072,204.5
2014-06-12,158.4442,208.1
2014-06-13,150.0792,205.0
2014-06-14,145.571,183.3
2014-06-15,137.5206,171.8
2014-06-16,131.4527,149.9
2014-06-17,129.4132,131.0
2014-06-18,127.2187,113.0
2014-06-19,126.4836,103.9
2014-06-20,121.961,95.1
2014-06-21,120.9038,91.5
2014-06-22,117.0397,91.4
2014-06-23,115.6351,88.9
2014-06-24,115.8154,89.9
2014-06-25,118.0294,93.0
2014-06-26,120.1783,95.5
2014-06-27,120.8787,102.2
2014-06-28,125.7914,107.4
2014-06-29,132.055,109.9
2014-06-30,140.5768,120.1
2014-07-01,146.8436,125.2
2014-07-02,155.4791,136.3
2014-07-03,159.9902,146.0
2014-07-04,164.9154,156.6
2014-07-05,167.6426,161.1
2014-07-06,170.9634,173.5
2014-07-07,169.3869,160.2
2014-07-08,170.7984,156.2
2014-07-09,169.84,143.3
2014-07-10,160.9321,143.3
2014-07-11,155.5272,140.5
2014-07-12,145.7522,140.0
2014-07-13,135.8488,126.4
2014-07-14,125.4228,116.3
2014-07-15,120.3772,111.3
2014-07-16,115.8918,107.3
2014-07-17,112.9288,106.8
2014-07-18,113.0271,105.6
2014-07-19,112.0061,105.4
2014-07-20,111.4455,116.0
2014-07-21,111.9637,114.8
2014-07-22,113.4358,117.9
2014-07-23,116.4559,113.3
2014-07-24,118.5227,113.3
2014-07-25,119.9443,121.1
2014-07-26,123.5565,131.3
2014-07-27,126.2358,129.3
2014-07-28,132.582,134.9
2014-07-29,137.6551,144.0
2014-07-30,142.919,140.2
2014-07-31,146.0649,130.8
2014-08-01,151.3663,125.3
2014-08-02,146.973,121.0
2014-08-03,144.4826,122.5
2014-08-04,138.0016,125.5
2014-08-05,137.1484,127.1
2014-08-06,136.3086,128.9
2014-08-07,136.2156,138.7
2014-08-08,130.051,140.1
2014-08-09,125.2098,148.4
2014-08-10,121.4555,146.3
2014-08-11,119.7011,159.8
2014-08-12,119.2752,162.6
2014-08-13,119.022,166.3
2014-08-14,118.8919,161.6
2014-08-15,122.3286,157.4
2014-08-16,121.964,153.4
2014-08-17,122.7464,154.0
2014-08-18,121.0861,146.9
2014-08-19,121.4622,141.0
2014-08-20,125.1761,134.4
2014-08-21,130.7901,134.1
2014-08-22,131.2687,134.2
2014-08-23,135.9134,121.3
2014-08-24,140.5976,122.8
2014-08-25,140.0915,120.1
2014-08-26,136.437,124.9
2014-08-27,134.2658,136.8
2014-08-28,131.3784,139.1
2014-08-29,130.7422,145.6
2014-08-30,132.61,167.8
2014-08-31,133.3972,171.0
2014-09-01,134.5576,182.2
2014-09-02,137.7112,181.8
2014-09-03,137.6995,175.6
2014-09-04,141.6001,162.6
2014-09-05,141.2898,155.4
2014-09-06,147.294,149.3
2014-09-07,150.6,136.9
2014-09-08,152.4194,127.6
2014-09-09,151.4364,128.4
2014-09-10,150.225,129.9
2014-09-11,148.1154,125.2
2014-09-12,148.4553,126.2
2014-09-13,145.0315,118.6
2014-09-14,142.7208,120.4
2014-09-15,140.5176,111.6
2014-09-16,140.6714,110.0
2014-09-17,141.1542,112.6
2014-09-18,134.6863,119.7
2014-09-19,134.2221,125.0
2014-09-20,132.2127,138.0
2014-09-21,133.3485,144.8
2014-09-22,138.1217,171.1
2014-09-23,139.8438,171.7
2014-09-24,142.1083,202.2
2014-09-25,151.0843,197.1
2014-09-26,152.7566,214.2
2014-09-27,157.3205,221.8
2014-09-28,158.3485,219.5
2014-09-29,155.9053,216.8
2014-09-30,150.2017,214.0
2014-10-01,147.1939,185.4
2014-10-02,143.9479,165.1
2014-10-03,137.9019,148.4
2014-10-04,133.2125,138.4
2014-10-05,133.3089,119.5
2014-10-06,132.189,118.1
2014-10-07,128.8754,122.4
2014-10-08,129.6737,123.2
2014-10-09,125.7748,127.3
2014-10-10,126.0883,142.7
2014-10-11,122.216,133.1
2014-10-12,121.894,129.6
2014-10-13,123.3373,129.6
2014-10-14,126.671,129.2
2014-10-15,129.2356,133.4
2014-10-16,135.3526,139.5
2014-10-17,137.929,149.8
2014-10-18,149.5789,150.3
2014-10-19,151.356,157.6
2014-10-20,164.1046,157.1
2014-10-21,162.7429,165.0
2014-10-22,171.1108,163.8
2014-10-23,174.3365,163.6
2014-10-24,175.1618,165.7
2014-10-25,175.0754,164.1
2014-10-26,175.1198,158.6
2014-10-27,164.0537,162.6
2014-10-28,155.3489,168.8
2014-10-29,147.4732,165.8
2014-10-30,142.3453,165.0
2014-10-31,132.9831,166.5
2014-11-01,132.2504,174.1
2014-11-02,132.7839,176.6
2014-11-03,132.5206,172.5
2014-11-04,134.922,172.4
2014-11-05,141.2189,163.4
2014-11-06,136.4826,163.0
2014-11-07,134.7091,149.8
2014-11-08,133.7753,147.6
2014-11-09,134.0096,132.8
2014-11-10,135.3952,125.0
2014-11-11,139.2592,127.9
2014-11-12,144.5235,128.7
2014-11-13,145.9705,135.5
2014-11-14,150.7161,145.3
2014-11-15,151.6052,143.0
2014-11-16,154.8395,149.4
2014-11-17,155.9272,154.9
2014-11-18,156.3329,161.2
2014-11-19,155.7072,164.0
2014-11-20,155.8782,178.8
2014-11-21,154.1296,192.3
2014-11-22,155.7362,206.4
2014-11-23,157.7847,208.9
2014-11-24,156.4661,196.7
2014-11-25,156.2302,199.2
2014-11-26,156.1508,173.4
2014-11-27,159.0798,160.5
2014-11-28,159.7883,146.5
2014-11-29,158.169,140.6
2014-11-30,158.4109,132.5
2014-12-01,153.4309,129.7
2014-12-02,152.5539,128.2
2014-12-03,146.4903,127.1
2014-12-04,145.0956,126.0
2014-12-05,138.4359,129.2
2014-12-06,134.3293,132.9
2014-12-07,135.4859,141.0
2014-12-08,136.4924,143.8
2014-12-09,139.7105,144.8
2014-12-10,144.7988,137.2
2014-12-11,145.0716,137.2
2014-12-12,148.5267,142.4
2014-12-13,152.2885,152.0
2014-12-14,156.4318,146.2
2014-12-15,157.8595,146.9
2014-12-16,163.2864,148.6
2014-12-17,168.5906,153.4
2014-12-18,174.2752,145.3
2014-12-19,175.8001,137.2
2014-12-20,170.9223,127.1
2014-12-21,170.7758,120.7
2014-12-22,161.0479,118.0
2014-12-23,155.1608,121.7
2014-12-24,148.4218,125.9
2014-12-25,144.6456,121.6
2014-12-26,139.9913,120.0
2014-12-27,139.2722,116.6
2014-12-28,139.0248,117.3
2014-12-29,137.8044,121.4
2014-12-30,136.6291,122.7
2014-12-31,138.638,142.5
2015-01-01,141.4788,153.3
2015-01-02,145.3862,154.5
2015-01-03,147.0309,166.7
2015-01-04,148.112,154.6
2015-01-05,145.2092,149.0
2015-01-06,145.4155,137.6
2015-01-07,146.7981,139.8
2015-01-08,151.3297,145.1
2015-01-09,148.5755,150.1
2015-01-10,147.8448,138.0
2015-01-11,148.3702,139.3
2015-01-12,150.4348,148.9
2015-01-13,146.1593,148.7
2015-01-14,142.5655,141.9
2015-01-15,136.7006,137.3
2015-01-16,132.9054,127.7
2015-01-17,131.3096,124.4
2015-01-18,132.1936,121.8
2015-01-19,133.6194,117.4
2015-01-20,131.8769,116.7
2015-01-21,131.712,115.3
2015-01-22,130.2927,115.7
2015-01-23,130.4045,118.2
2015-01-24,133.0734,116.0
2015-01-25,134.0966,117.0
2015-01-26,142.2599,113.6
2015-01-27,147.5725,115.0
2015-01-28,148.6622,114.3
2015-01-29,154.1098,112.1
2015-01-30,149.3428,108.8
2015-01-31,147.3959,109.1
2015-02-01,142.4342,115.7
2015-02-02,143.9015,121.1
2015-02-03,146.7276,125.3
2015-02-04,149.9539,128.1
2015-02-05,144.7868,122.9
2015-02-06,144.6835,122.1
2015-02-07,148.8236,124.5
2015-02-08,148.5976,125.4
2015-02-09,144.9705,130.9
2015-02-10,143.008,122.3
2015-02-11,137.7242,121.2
2015-02-12,134.9816,119.2
2015-02-13,132.9496,129.9
2015-02-14,130.3319,125.1
2015-02-15,129.4354,117.9
2015-02-16,128.6141,114.3
2015-02-17,128.023,113.1
2015-02-18,129.6197,116.0
2015-02-19,128.227,113.2
2015-02-20,128.2125,113.7
2015-02-21,126.6577,108.3
2015-02-22,126.4323,111.8
2015-02-23,125.5802,112.7
2015-02-24,125.2318,121.5
2015-02-25,123.9491,127.2
2015-02-26,123.9819,132.2
2015-02-27,126.8238,137.0
2015-02-28,129.4419,135.5
2015-03-01,130.3476,137.2
2015-03-02,131.6136,145.1
2015-03-03,129.1361,144.0
2015-03-04,128.1486,133.3
2015-03-05,128.7852,127.8
2015-03-06,129.4339,123.9
2015-03-07,131.6257,121.2
2015-03-08,128.1757,119.8
2015-03-09,126.7808,122.4
2015-03-10,125.5948,122.3
2015-03-11,128.8751,125.8
2015-03-12,126.0126,111.4
2015-03-13,123.0494,106.3
2015-03-14,121.0703,111.6
2015-03-15,120.6775,115.5
2015-03-16,121.6946,123.5
2015-03-17,120.6001,134.6
2015-03-18,120.6583,142.1
2015-03-19,118.6354,147.7
2015-03-20,120.087,155.7
2015-03-21,120.8075,151.3
2015-03-22,125.9695,150.8
2015-03-23,129.0581,148.9
2015-03-24,131.9276,153.0
2015-03-25,135.3764,151.0
2015-03-26,134.8508,155.3
2015-03-27,135.9274,151.8
2015-03-28,138.5992,142.0
2015-03-29,137.9854,136.0
2015-03-30,132.9104,127.4
2015-03-31,129.0922,120.0
2015-04-01,126.7875,108.9
2015-04-02,125.1605,109.2
2015-04-03,124.0162,105.5
2015-04-04,125.6933,103.3
2015-04-05,125.5182,101.4
2015-04-06,126.5137,107.3
2015-04-07,120.4104,112.9
2015-04-08,118.3322,125.4
2015-04-09,119.7982,130.0
2015-04-10,121.2724,138.6
2015-04-11,124.6417,149.2
2015-04-12,130.5833,152.6
2015-04-13,135.0986,157.5
2015-04-14,138.16,163.1
2015-04-15,142.5728,166.2
2015-04-16,141.0256,166.5
2015-04-17,140.6528,160.3
2015-04-18,139.9384,148.2
2015-04-19,142.7091,139.5
2015-04-20,141.7816,134.0
2015-04-21,143.7722,122.3
2015-04-22,142.9355,117.6
2015-04-23,137.2292,112.9
2015-04-24,134.3368,108.2
2015-04-25,129.1802,104.3
2015-04-26,125.6788,101.6
2015-04-27,119.0653,100.2
2015-04-28,118.1393,101.2
2015-04-29,116.1799,99.0
2015-04-30,114.6403,97.0
2015-05-01,113.5216,97.8
2015-05-02,115.749,95.5
2015-05-03,118.3946,94.8
2015-05-04,124.0678,97.7
2015-05-05,127.1181,97.0
2015-05-06,132.3876,103.2
2015-05-07,138.2306,103.9
2015-05-08,140.338,111.6
2015-05-09,142.6682,121.4
2015-05-10,145.9227,129.7
2015-05-11,147.563,136.6
2015-05-12,148.4129,141.4
2015-05-13,146.2801,138.2
2015-05-14,141.7438,140.6
2015-05-15,136.9556,139.5
2015-05-16,134.1009,144.2
2015-05-17,128.4743,141.0
2015-05-18,126.9145,140.3
2015-05-19,124.1333,135.8
2015-05-20,120.6684,139.1
2015-05-21,117.7405,140.5
2015-05-22,116.2442,140.2
2015-05-23,114.998,141.7
2015-05-24,114.9285,141.8
2015-05-25,114.0682,139.8
2015-05-26,112.766,136.0
2015-05-27,112.7874,134.3
2015-05-28,111.7226,119.9
2015-05-29,110.8338,113.1
2015-05-30,111.9268,105.2
2015-05-31,111.9652,104.6
2015-06-01,114.2722,100.5
2015-06-02,114.2634,100.5
2015-06-03,117.5485,100.4
2015-06-04,122.4922,104.2
2015-06-05,126.8888,113.3
2015-06-06,131.5264,117.6
2015-06-07,134.6605,116.1
2015-06-08,134.2833,120.7
2015-06-09,135.1552,129.0
2015-06-10,135.0076,137.9
2015-06-11,137.4022,137.1
2015-06-12,136.5792,133.2
2015-06-13,136.3122,126.0
2015-06-14,133.9131,133.3
2015-06-15,134.5413,124.3
2015-06-16,133.7916,119.9
2015-06-17,134.8789,113.8
2015-06-18,135.5611,108.7
2015-06-19,135.3672,104.4
2015-06-20,133.8724,102.9
2015-06-21,132.0558,100.6
2015-06-22,130.5251,99.1
2015-06-23,124.5047,102.6
2015-06-24,120.5098,96.3
2015-06-25,117.6752,94.0
2015-06-26,116.7066,91.9
2015-06-27,114.7215,92.2
2015-06-28,115.1175,95.2
2015-06-29,114.8707,96.9
2015-06-30,116.9726,100.1
2015-07-01,120.3552,103.2
2015-07-02,123.431,104.2
2015-07-03,123.3723,103.8
2015-07-04,125.2772,105.1
2015-07-05,129.359,103.8
2015-07-06,132.8624,106.0
2015-07-07,132.4178,104.5
2015-07-08,130.9055,108.7
2015-07-09,127.5072,109.9
2015-07-10,131.2436,115.5
2015-07-11,127.5273,125.1
2015-07-12,124.4267,125.5
2015-07-13,120.1551,124.4
2015-07-14,117.8516,117.6
2015-07-15,116.1342,109.1
2015-07-16,114.8698,105.6
2015-07-17,113.5561,101.9
2015-07-18,112.7519,97.3
2015-07-19,114.2764,95.7
2015-07-20,110.8199,91.7
2015-07-21,109.2735,87.8
2015-07-22,107.5146,89.2
2015-07-23,107.0204,90.9
2015-07-24,108.1154,100.6
2015-07-25,108.6596,105.3
2015-07-26,110.0477,121.4
2015-07-27,111.3481,119.6
2015-07-28,112.1734,119.8
2015-07-29,111.7886,130.6
2015-07-30,112.4752,123.9
2015-07-31,110.8763,128.9
2015-08-01,110.7149,112.5
2015-08-02,109.8567,111.3
2015-08-03,111.586,102.1
2015-08-04,113.7719,93.4
2015-08-05,116.6657,92.7
2015-08-06,120.4996,90.7
2015-08-07,121.5282,89.8
2015-08-08,121.5909,88.0
2015-08-09,118.815,91.5
2015-08-10,115.0581,86.8
2015-08-11,114.1624,86.9
2015-08-12,112.0841,85.0
2015-08-13,109.326,84.7
2015-08-14,108.4915,83.5
2015-08-15,106.8903,84.6
2015-08-16,105.0593,94.1
2015-08-17,105.6428,100.4
2015-08-18,105.1607,100.0
2015-08-19,109.5867,97.7
2015-08-20,111.5952,102.2
2015-08-21,116.667,110.6
2015-08-22,117.7028,107.9
2015-08-23,118.273,103.8
2015-08-24,121.2529,106.7
2015-08-25,119.539,111.3
2015-08-26,119.8439,104.2
2015-08-27,115.1348,107.8
2015-08-28,114.0074,111.4
2015-08-29,111.6826,107.4
2015-08-30,108.3243,120.5
2015-08-31,107.5338,120.8
2015-09-01,106.4861,128.1
2015-09-02,106.1789,124.5
2015-09-03,105.147,129.6
2015-09-04,106.4024,131.5
2015-09-05,104.6788,120.0
2015-09-06,104.1403,107.6
2015-09-07,102.2247,97.0
2015-09-08,101.0929,88.3
2015-09-09,99.9519,82.6
2015-09-10,100.0437,81.3
2015-09-11,103.9556,80.4
2015-09-12,107.8709,79.5
2015-09-13,108.1172,81.0
2015-09-14,106.0712,81.2
2015-09-15,107.3806,84.3
2015-09-16,109.2425,88.7
2015-09-17,108.6146,95.2
2015-09-18,107.4288,100.2
2015-09-19,108.0242,106.1
2015-09-20,108.935,108.4
2015-09-21,107.6991,115.8
2015-09-22,108.5045,118.6
2015-09-23,111.0086,122.7
2015-09-24,110.5855,121.7
2015-09-25,117.6612,127.8
2015-09-26,118.7929,119.3
2015-09-27,122.4144,113.7
2015-09-28,120.1944,105.2
2015-09-29,118.8264,105.2
2015-09-30,118.0642,104.9
2015-10-01,115.8204,108.7
2015-10-02,109.3336,110.7
2015-10-03,104.0279,111.4
2015-10-04,99.5489,115.5
2015-10-05,96.4296,116.7
2015-10-06,95.3007,122.4
2015-10-07,94.861,120.1
2015-10-08,93.8276,122.2
2015-10-09,93.9717,112.0
2015-10-10,93.7022,108.1
2015-10-11,95.2734,113.2
2015-10-12,97.1481,112.9
2015-10-13,99.7228,105.7
2015-10-14,101.741,105.6
2015-10-15,103.9927,103.3
2015-10-16,105.2756,102.9
2015-10-17,109.2235,101.4
2015-10-18,110.6396,100.8
2015-10-19,113.9476,104.1
2015-10-20,115.2737,103.5
2015-10-21,116.7126,103.2
2015-10-22,115.2102,104.6
2015-10-23,114.7948,105.1
2015-10-24,110.6095,105.6
2015-10-25,110.3957,108.4
2015-10-26,110.3464,119.2
2015-10-27,110.5883,119.9
2015-10-28,111.9228,116.7
2015-10-29,111.2013,110.3
2015-10-30,111.9916,106.2
2015-10-31,112.6046,101.2
2015-11-01,114.2127,96.3
2015-11-02,114.1107,94.0
2015-11-03,114.0744,92.9
2015-11-04,111.0293,93.1
2015-11-05,109.3632,91.9
2015-11-06,110.5179,92.6
2015-11-07,110.9489,91.8
2015-11-08,108.6943,94.8
2015-11-09,107.6995,97.6
2015-11-10,106.0418,99.3
2015-11-11,105.5348,97.8
2015-11-12,104.2932,107.9
2015-11-13,103.9346,105.5
2015-11-14,104.4496,105.2
2015-11-15,104.5814,110.3
2015-11-16,104.3768,113.1
2015-11-17,104.7714,118.7
2015-11-18,105.3073,120.2
2015-11-19,105.5925,115.2
2015-11-20,106.6808,122.2
2015-11-21,110.7479,114.0
2015-11-22,112.2959,113.3
2015-11-23,112.1884,115.2
2015-11-24,110.8584,112.8
2015-11-25,109.7806,117.8
2015-11-26,108.4713,125.8
2015-11-27,106.4294,129.5
2015-11-28,103.7732,128.4
2015-11-29,102.8437,122.3
2015-11-30,103.2151,113.5
2015-12-01,102.9137,106.7
2015-12-02,102.8056,108.4
2015-12-03,101.6371,101.9
2015-12-04,102.3341,98.1
2015-12-05,103.2032,93.0
2015-12-06,104.1674,95.1
2015-12-07,104.0343,96.6
2015-12-08,107.7296,98.5
2015-12-09,107.0796,92.2
2015-12-10,107.6424,92.1
2015-12-11,109.6221,96.9
2015-12-12,110.8287,99.9
2015-12-13,113.3767,104.9
2015-12-14,114.4466,103.5
2015-12-15,110.7646,105.4
2015-12-16,112.6959,104.5
2015-12-17,110.1499,102.0
2015-12-18,109.824,100.7
2015-12-19,109.3663,99.9
2015-12-20,108.9561,100.1
2015-12-21,110.3792,96.7
2015-12-22,114.6795,97.4
2015-12-23,116.4672,96.7
2015-12-24,115.7931,94.4
2015-12-25,114.9067,97.2
2015-12-26,112.2173,100.7
2015-12-27,109.8869,97.3
2015-12-28,110.4475,95.8
2015-12-29,108.4644,100.6
2015-12-30,106.5323,104.3
2015-12-31,105.3857,111.3
2016-01-01,105.3382,109.3
2016-01-02,105.2284,106.6
2016-01-03,104.9497,103.7
2016-01-04,102.8088,102.0
2016-01-05,102.719,98.3
2016-01-06,103.9468,97.3
2016-01-07,106.5097,99.1
2016-01-08,109.3217,108.9
2016-01-09,110.9746,119.8
2016-01-10,110.9227,116.3
2016-01-11,108.433,113.9
2016-01-12,106.8707,113.9
2016-01-13,106.9959,112.1
2016-01-14,106.7789,114.1
2016-01-15,107.2143,109.2
2016-01-16,106.2549,109.8
2016-01-17,106.9474,109.3
2016-01-18,106.6416,107.5
2016-01-19,105.2203,105.4
2016-01-20,105.6818,104.7
2016-01-21,107.1353,101.5
2016-01-22,104.7803,97.5
2016-01-23,102.7343,92.7
2016-01-24,104.092,91.9
2016-01-25,105.0086,97.8
2016-01-26,107.5189,93.5
2016-01-27,107.8737,91.7
2016-01-28,107.4111,89.1
2016-01-29,105.9009,86.1
2016-01-30,104.2982,89.9
2016-01-31,103.078,87.2
2016-02-01,102.5843,88.6
2016-02-02,101.9982,91.5
2016-02-03,106.392,89.3
2016-02-04,111.6061,95.1
2016-02-05,111.1265,96.5
2016-02-06,110.3792,97.1
2016-02-07,110.3364,98.9
2016-02-08,110.2946,94.7
2016-02-09,110.7692,94.1
2016-02-10,108.1655,92.8
2016-02-11,108.9138,94.2
2016-02-12,108.22,96.0
2016-02-13,107.4834,93.7
2016-02-14,107.3938,93.0
2016-02-15,107.9226,93.9
2016-02-16,106.9678,91.5
2016-02-17,105.2753,92.4
2016-02-18,103.5962,93.1
2016-02-19,102.3343,90.1
2016-02-20,103.946,90.7
2016-02-21,102.1313,89.5
2016-02-22,101.3146,88.6
2016-02-23,100.5924,86.9
2016-02-24,98.8266,88.2
2016-02-25,100.0863,86.7
2016-02-26,99.7504,86.2
2016-02-27,100.0413,86.0
2016-02-28,100.8885,85.1
2016-02-29,100.4688,85.1
2016-03-01,103.0918,87.9
2016-03-02,104.8455,87.4
2016-03-03,105.0467,87.5
2016-03-04,106.8173,83.6
2016-03-05,105.6028,81.6
2016-03-06,103.9925,82.0
2016-03-07,102.7614,81.5
2016-03-08,102.6985,82.3
2016-03-09,104.4119,83.5
2016-03-10,102.9918,83.5
2016-03-11,100.9988,87.2
2016-03-12,101.3786,92.5
2016-03-13,100.8205,98.6
2016-03-14,100.4587,105.9
2016-03-15,99.9049,111.1
2016-03-16,98.8178,117.2
2016-03-17,97.6098,111.9
2016-03-18,96.9483,108.8
2016-03-19,95.5895,111.8
2016-03-20,94.6931,113.2
2016-03-21,94.3076,114.0
2016-03-22,93.6856,102.9
2016-03-23,93.0028,95.4
2016-03-24,93.0917,89.9
2016-03-25,92.6385,84.0
2016-03-26,93.0148,77.5
2016-03-27,93.9743,77.5
2016-03-28,94.3783,79.6
2016-03-29,94.2482,82.8
2016-03-30,92.9083,82.9
2016-03-31,91.3397,86.3
2016-04-01,90.8874,93.8
2016-04-02,90.5677,96.3
2016-04-03,91.0545,93.8
2016-04-04,91.6544,95.4
2016-04-05,91.7254,93.6
2016-04-06,94.1207,91.3
2016-04-07,95.6471,91.5
2016-04-08,98.8133,91.6
2016-04-09,101.2555,88.7
2016-04-10,103.5608,91.2
2016-04-11,105.5187,89.7
2016-04-12,104.5316,85.6
2016-04-13,103.8363,90.2
2016-04-14,104.5351,90.5
2016-04-15,104.845,95.8
2016-04-16,105.0864,93.9
2016-04-17,101.6056,95.4
2016-04-18,98.6352,103.4
2016-04-19,96.3437,105.7
2016-04-20,92.7152,104.3
2016-04-21,89.8218,105.6
2016-04-22,89.0895,104.7
2016-04-23,89.5158,101.2
2016-04-24,90.2826,102.0
2016-04-25,90.1815,100.2
2016-04-26,92.4662,99.8
2016-04-27,95.0178,99.8
2016-04-28,96.3835,96.7
2016-04-29,95.0759,96.1
2016-04-30,95.7937,94.2
2016-05-01,95.4386,92.8
2016-05-02,94.3026,90.1
2016-05-03,94.5482,85.3
2016-05-04,94.5313,88.7
2016-05-05,93.8099,89.0
2016-05-06,94.5409,88.4
2016-05-07,93.7733,87.7
2016-05-08,91.6225,85.7
2016-05-09,93.9946,82.4
2016-05-10,94.8068,81.5
2016-05-11,96.2277,80.8
2016-05-12,95.3505,80.8
2016-05-13,95.8228,82.6
2016-05-14,98.586,87.8
2016-05-15,100.0292,87.5
2016-05-16,99.6983,90.9
2016-05-17,99.6285,97.1
2016-05-18,99.5508,93.9
2016-05-19,98.7463,90.4
2016-05-20,99.5506,90.1
2016-05-21,98.1129,91.0
2016-05-22,97.8521,89.4
2016-05-23,96.4782,86.3
2016-05-24,94.8111,87.9
2016-05-25,94.1237,87.1
2016-05-26,93.0457,82.9
2016-05-27,92.1433,80.9
2016-05-28,91.3182,80.0
2016-05-29,90.0391,78.2
2016-05-30,90.9812,79.6
2016-05-31,91.7437,79.2
2016-06-01,92.4589,78.0
2016-06-02,92.3478,75.5
2016-06-03,90.7505,76.0
2016-06-04,88.986,75.4
2016-06-05,88.5597,74.4
2016-06-06,87.9261,73.3
2016-06-07,87.533,74.8
2016-06-08,87.9081,76.3
2016-06-09,90.5877,74.9
2016-06-10,91.6407,79.7
2016-06-11,93.4317,86.1
2016-06-12,95.3703,90.0
2016-06-13,94.4173,95.3
2016-06-14,93.3301,97.6
2016-06-15,93.5086,97.8
2016-06-16,93.5649,95.5
2016-06-17,93.2306,100.0
2016-06-18,91.7691,98.2
2016-06-19,92.7467,105.4
2016-06-20,92.3443,110.1
2016-06-21,89.8854,108.6
2016-06-22,88.7658,110.6
2016-06-23,88.1513,104.1
2016-06-24,86.8135,111.5
2016-06-25,86.9719,103.3
2016-06-26,86.801,93.3
2016-06-27,86.2251,88.9
2016-06-28,85.1582,84.8
2016-06-29,84.7744,75.9
2016-06-30,84.2195,75.9
2016-07-01,83.6081,73.8
2016-07-02,83.0197,72.5
2016-07-03,82.969,72.6
2016-07-04,83.2308,73.1
2016-07-05,82.5387,73.7
2016-07-06,83.9291,74.1
2016-07-07,87.8887,77.1
2016-07-08,90.1012,77.0
2016-07-09,92.8031,78.5
2016-07-10,93.8428,82.1
2016-07-11,93.9055,85.5
2016-07-12,93.5206,95.3
2016-07-13,95.0722,99.0
2016-07-14,95.077,94.9
2016-07-15,97.8522,97.6
2016-07-16,99.7458,97.2
2016-07-17,99.1543,97.3
2016-07-18,100.2837,92.9
2016-07-19,99.1152,89.4
2016-07-20,101.1245,89.8
2016-07-21,98.8536,88.7
2016-07-22,95.2167,84.9
2016-07-23,93.3721,84.4
2016-07-24,89.6827,82.7
2016-07-25,85.19,80.0
2016-07-26,84.4852,78.4
2016-07-27,83.3892,81.8
2016-07-28,82.8937,83.1
2016-07-29,82.907,79.7
2016-07-30,82.8047,80.3
2016-07-31,83.087,83.6
2016-08-01,82.9381,85.6
2016-08-02,83.5856,87.1
2016-08-03,83.855,89.5
2016-08-04,84.3701,102.3
2016-08-05,86.7606,99.3
2016-08-06,88.819,96.9
2016-08-07,92.6391,96.3
2016-08-08,94.1457,100.7
2016-08-09,93.1929,99.0
2016-08-10,93.8525,95.3
2016-08-11,93.8722,93.9
2016-08-12,93.9332,94.4
2016-08-13,92.5345,95.9
2016-08-14,91.608,92.3
2016-08-15,91.5323,94.3
2016-08-16,91.3211,87.5
2016-08-17,88.9222,87.5
2016-08-18,88.1487,87.0
2016-08-19,86.9695,86.2
2016-08-20,84.3904,85.3
2016-08-21,83.0976,84.5
2016-08-22,84.2078,81.0
2016-08-23,84.7737,83.8
2016-08-24,83.7813,83.3
2016-08-25,84.0633,85.2
2016-08-26,84.8891,86.1
2016-08-27,85.8505,85.7
2016-08-28,86.5332,86.1
2016-08-29,87.3957,85.4
2016-08-30,92.0371,85.1
2016-08-31,91.9386,87.2
2016-09-01,90.7371,85.9
2016-09-02,90.9039,84.8
2016-09-03,92.5414,83.0
2016-09-04,92.199,80.8
2016-09-05,91.4113,81.2
2016-09-06,91.1682,82.4
2016-09-07,91.5224,87.9
2016-09-08,91.8444,93.1
2016-09-09,91.38,99.3
2016-09-10,92.4061,101.4
2016-09-11,90.4113,104.0
2016-09-12,90.495,104.1
2016-09-13,90.3524,104.2
2016-09-14,89.9253,101.6
2016-09-15,88.3552,98.8
2016-09-16,87.6099,97.2
2016-09-17,85.5719,94.8
2016-09-18,87.3666,92.3
2016-09-19,87.7292,84.4
2016-09-20,88.1129,80.4
2016-09-21,88.6671,75.6
2016-09-22,87.2126,76.8
2016-09-23,88.2485,75.8
2016-09-24,88.0688,74.0
2016-09-25,87.666,77.1
2016-09-26,88.4621,76.7
2016-09-27,87.9151,76.0
2016-09-28,87.5555,74.5
2016-09-29,86.7531,76.9
2016-09-30,85.8326,77.1
2016-10-01,85.9529,77.8
2016-10-02,86.3324,78.2
2016-10-03,89.4886,78.0
2016-10-04,91.8865,75.1
2016-10-05,93.8791,75.5
2016-10-06,95.4151,75.4
2016-10-07,96.6143,74.8
2016-10-08,96.7921,74.4
2016-10-09,96.8298,75.4
2016-10-10,96.1141,75.3
2016-10-11,94.4629,74.9
2016-10-12,92.77,75.1
2016-10-13,91.4131,75.4
2016-10-14,90.4808,78.3
2016-10-15,87.1845,78.6
2016-10-16,85.5334,76.8
2016-10-17,83.4753,76.8
2016-10-18,83.2306,76.2
2016-10-19,83.216,75.6
2016-10-20,81.9948,74.9
2016-10-21,82.9228,79.1
2016-10-22,82.8643,76.8
2016-10-23,82.5564,75.8
2016-10-24,81.6965,74.9
2016-10-25,82.3938,74.6
2016-10-26,82.8085,73.1
2016-10-27,83.0727,75.4
2016-10-28,83.7379,75.7
2016-10-29,83.3408,77.0
2016-10-30,81.8961,78.8
2016-10-31,81.6232,79.1
2016-11-01,81.2662,80.4
2016-11-02,81.1681,82.9
2016-11-03,81.1449,83.1
2016-11-04,81.2466,81.3
2016-11-05,81.0388,82.1
2016-11-06,81.0379,82.0
2016-11-07,80.6006,82.2
2016-11-08,80.9242,80.0
2016-11-09,81.7179,80.3
2016-11-10,82.6538,77.4
2016-11-11,81.908,74.9
2016-11-12,81.2229,72.6
2016-11-13,81.6967,70.7
2016-11-14,81.6648,70.0
2016-11-15,81.0884,69.2
2016-11-16,82.6717,68.6
2016-11-17,81.4487,69.0
2016-11-18,80.9153,70.1
2016-11-19,80.0412,70.2
2016-11-20,79.7137,70.3
2016-11-21,79.2081,69.8
2016-11-22,79.8218,70.0
2016-11-23,80.1915,70.5
2016-11-24,80.479,72.5
2016-11-25,81.4983,72.6
2016-11-26,81.6584,72.4
2016-11-27,82.3985,71.3
2016-11-28,83.4334,70.7
2016-11-29,83.8039,70.1
2016-11-30,83.7783,71.4
2016-12-01,84.2299,71.3
2016-12-02,84.4872,70.9
2016-12-03,84.5769,70.9
2016-12-04,83.1686,71.2
2016-12-05,83.0321,71.1
2016-12-06,81.5022,70.1
2016-12-07,80.4298,70.6
2016-12-08,79.6541,71.0
2016-12-09,78.9806,70.0
2016-12-10,78.709,70.9
2016-12-11,78.3377,69.6
2016-12-12,78.261,69.7
2016-12-13,78.2277,69.2
2016-12-14,78.5635,68.9
2016-12-15,78.3627,70.3
2016-12-16,78.2365,72.0
2016-12-17,77.8332,73.0
2016-12-18,77.8805,72.4
2016-12-19,77.7627,74.1
2016-12-20,78.2673,75.0
2016-12-21,78.2776,75.8
2016-12-22,77.9184,76.1
2016-12-23,77.2738,76.1
2016-12-24,77.0343,77.0
2016-12-25,76.5331,80.6
2016-12-26,76.3189,83.4
2016-12-27,75.9565,84.0
2016-12-28,75.5038,81.5
2016-12-29,75.2526,79.7
2016-12-30,75.1904,82.5
2016-12-31,74.9517,80.6
2017-01-01,74.454,77.9
2017-01-02,74.2204,76.1
2017-01-03,74.2665,74.4
2017-01-04,73.9168,74.7
2017-01-05,74.0325,73.8
2017-01-06,73.6221,73.9
2017-01-07,73.427,73.1
2017-01-08,73.2359,73.0
2017-01-09,73.0487,71.9
2017-01-10,73.4475,70.6
2017-01-11,74.2273,70.5
2017-01-12,74.7653,70.1
2017-01-13,74.7606,71.1
2017-01-14,75.2329,71.5
2017-01-15,75.7588,72.1
2017-01-16,76.1375,73.8
2017-01-17,76.3411,74.3
2017-01-18,76.4029,73.0
2017-01-19,76.7158,72.7
2017-01-20,78.3558,73.0
2017-01-21,79.9232,72.2
2017-01-22,80.5579,72.8
2017-01-23,79.8809,74.9
2017-01-24,79.0063,76.4
2017-01-25,79.7101,78.9
2017-01-26,79.4342,80.7
2017-01-27,78.2998,81.4
2017-01-28,77.2527,81.6
2017-01-29,76.3562,80.5
2017-01-30,76.2231,78.5
2017-01-31,75.8848,77.5
2017-02-01,75.7715,80.6
2017-02-02,75.4876,80.1
2017-02-03,75.3423,79.3
2017-02-04,74.8612,77.8
2017-02-05,74.1152,76.7
2017-02-06,73.8709,73.9
2017-02-07,73.6505,71.6
2017-02-08,73.9241,71.3
2017-02-09,74.1922,70.6
2017-02-10,74.4051,69.6
2017-02-11,75.0575,70.3
2017-02-12,75.4155,70.0
2017-02-13,75.0154,69.1
2017-02-14,74.7157,69.2
2017-02-15,74.7065,69.5
2017-02-16,74.4264,68.8
2017-02-17,74.4863,69.1
2017-02-18,75.1601,69.7
2017-02-19,75.9268,69.9
2017-02-20,77.1732,69.6
2017-02-21,78.2145,70.5
2017-02-22,78.722,72.1
2017-02-23,78.9015,70.5
2017-02-24,78.5713,72.0
2017-02-25,77.7589,71.5
2017-02-26,77.2002,71.9
2017-02-27,78.2195,73.7
2017-02-28,78.4976,76.8
2017-03-01,78.2243,82.5
2017-03-02,77.688,83.4
2017-03-03,76.9179,83.1
2017-03-04,75.7585,85.7
2017-03-05,74.5396,90.4
2017-03-06,74.1199,100.9
2017-03-07,73.8148,111.9
2017-03-08,73.432,107.9
2017-03-09,73.4961,93.9
2017-03-10,73.5184,84.7
2017-03-11,73.1164,85.8
2017-03-12,73.0284,74.1
2017-03-13,73.0802,73.3
2017-03-14,72.9035,74.7
2017-03-15,72.92,73.9
2017-03-16,73.1491,74.9
2017-03-17,73.2528,71.8
2017-03-18,73.1313,73.9
2017-03-19,73.3579,73.3
2017-03-20,74.0067,73.5
2017-03-21,73.676,75.0
2017-03-22,73.9737,75.8
2017-03-23,73.9841,77.5
2017-03-24,74.0723,81.6
2017-03-25,74.7439,81.4
2017-03-26,76.11,83.1
2017-03-27,78.7447,84.5
2017-03-28,79.9564,83.4
2017-03-29,80.0972,81.1
2017-03-30,80.9787,82.3
2017-03-31,83.1012,80.6
2017-04-01,87.6575,79.3
2017-04-02,92.9639,79.1
2017-04-03,93.4055,78.2
2017-04-04,88.315,78.6
2017-04-05,83.3271,76.4
2017-04-06,82.5469,78.4
2017-04-07,78.6182,76.2
2017-04-08,76.8324,75.4
2017-04-09,77.2033,74.8
2017-04-10,77.1269,74.1
2017-04-11,77.3201,73.0
2017-04-12,76.3069,71.8
2017-04-13,76.5659,70.2
2017-04-14,76.5472,69.9
2017-04-15,76.4371,70.5
2017-04-16,76.8803,70.4
2017-04-17,77.3252,71.9
2017-04-18,78.1213,72.7
2017-04-19,79.7465,72.2
2017-04-20,80.282,73.5
2017-04-21,80.9048,73.1
2017-04-22,81.696,73.9
2017-04-23,81.6376,74.0
2017-04-24,80.843,74.2
2017-04-25,80.9652,75.3
2017-04-26,80.6001,76.3
2017-04-27,79.9481,77.9
2017-04-28,79.6802,79.9
2017-04-29,79.4215,78.1
2017-04-30,79.4404,82.4
2017-05-01,78.5512,84.1
2017-05-02,79.0552,81.0
2017-05-03,78.3657,77.9
2017-05-04,77.7529,75.7
2017-05-05,77.4911,76.2
2017-05-06,77.2756,77.9
2017-05-07,76.8386,80.4
2017-05-08,76.261,80.2
2017-05-09,75.5767,79.9
2017-05-10,75.1737,81.8
2017-05-11,75.3468,77.6
2017-05-12,75.3101,77.8
2017-05-13,75.735,76.2
2017-05-14,76.1333,76.0
2017-05-15,76.0175,77.0
2017-05-16,76.3847,76.6
2017-05-17,76.3063,77.5
2017-05-18,76.5374,77.2
2017-05-19,76.6758,76.4
2017-05-20,76.7052,79.9
2017-05-21,77.0567,75.8
2017-05-22,77.6262,77.2
2017-05-23,78.4942,77.3
2017-05-24,79.3797,76.0
2017-05-25,79.1887,76.9
2017-05-26,80.4576,76.2
2017-05-27,81.7116,76.1
2017-05-28,81.0774,76.1
2017-05-29,79.7499,76.6
2017-05-30,78.4768,76.2
2017-05-31,78.2913,76.2
2017-06-01,79.1188,76.6
2017-06-02,78.0608,74.5
2017-06-03,78.5248,74.2
2017-06-04,78.5355,73.9
2017-06-05,79.5436,73.1
2017-06-06,77.8654,73.6
2017-06-07,77.738,74.1
2017-06-08,77.3349,74.2
2017-06-09,77.7145,75.5
2017-06-10,78.3633,78.5
2017-06-11,78.4552,82.2
2017-06-12,79.2099,89.5
2017-06-13,79.1777,94.0
2017-06-14,78.8286,98.2
2017-06-15,80.5402,94.1
2017-06-16,79.063,93.2
2017-06-17,79.4429,95.3
2017-06-18,79.4332,97.0
2017-06-19,78.9777,94.6
2017-06-20,79.1221,89.3
2017-06-21,78.6594,88.4
2017-06-22,78.4192,80.8
2017-06-23,78.1854,75.5
2017-06-24,78.2227,72.5
2017-06-25,78.0869,71.6
2017-06-26,77.9706,71.8
2017-06-27,78.122,72.8
2017-06-28,77.4918,72.3
2017-06-29,77.0645,72.0
2017-06-30,76.931,70.7
2017-07-01,76.5904,70.5
2017-07-02,76.6467,71.6
2017-07-03,76.8618,72.1
2017-07-04,76.9854,71.7
2017-07-05,77.4491,74.4
2017-07-06,78.7655,75.7
2017-07-07,80.5699,76.6
2017-07-08,83.7319,77.3
2017-07-09,86.2941,76.3
2017-07-10,88.4499,76.3
2017-07-11,87.7097,75.6
2017-07-12,85.2725,74.8
2017-07-13,85.864,73.0
2017-07-14,86.1622,73.4
2017-07-15,85.415,73.0
2017-07-16,83.9559,71.7
2017-07-17,83.8579,72.2
2017-07-18,80.7676,70.0
2017-07-19,78.6811,74.9
2017-07-20,77.6846,76.1
2017-07-21,77.2052,79.2
2017-07-22,77.2132,78.5
2017-07-23,77.4024,82.0
2017-07-24,77.2156,88.9
2017-07-25,77.1007,88.0
2017-07-26,76.7575,89.1
2017-07-27,76.6787,92.3
2017-07-28,76.9218,87.0
2017-07-29,77.1052,80.5
2017-07-30,77.0805,82.5
2017-07-31,77.7329,79.2
2017-08-01,78.1882,79.8
2017-08-02,78.4332,83.2
2017-08-03,78.8359,85.9
2017-08-04,78.7143,88.6
2017-08-05,78.7028,93.6
2017-08-06,78.5286,95.1
2017-08-07,78.3021,101.7
2017-08-08,77.7875,122.2
2017-08-09,77.7949,136.3
2017-08-10,77.3812,122.5
2017-08-11,77.0413,134.9
2017-08-12,76.8628,130.4
2017-08-13,75.9473,118.5
2017-08-14,77.0767,108.7
2017-08-15,77.3369,101.6
2017-08-16,78.7427,80.9
2017-08-17,78.3972,76.4
2017-08-18,79.9817,76.0
2017-08-19,83.248,75.1
2017-08-20,83.6556,73.6
2017-08-21,83.9058,72.9
2017-08-22,84.6281,72.9
2017-08-23,83.0882,72.9
2017-08-24,80.3914,71.3
2017-08-25,80.2707,74.5
2017-08-26,78.914,73.6
2017-08-27,78.9854,78.1
2017-08-28,80.5679,81.7
2017-08-29,81.8272,87.4
2017-08-30,83.4941,90.4
2017-08-31,85.2997,91.1
2017-09-01,86.0723,91.3
2017-09-02,88.4538,91.2
2017-09-03,95.7113,90.0
2017-09-04,101.8557,89.6
2017-09-05,98.2427,85.9
2017-09-06,102.6699,86.1
2017-09-07,102.0949,86.5
2017-09-08,98.4284,86.8
2017-09-09,94.9872,84.7
2017-09-10,92.4571,84.0
2017-09-11,85.8017,79.5
2017-09-12,83.1014,76.5
2017-09-13,83.0153,72.1
2017-09-14,82.2282,70.7
2017-09-15,81.6918,69.3
2017-09-16,81.4824,69.9
2017-09-17,81.4319,69.4
2017-09-18,81.3166,68.6
2017-09-19,80.9197,69.9
2017-09-20,81.4618,70.4
2017-09-21,81.6158,69.8
2017-09-22,82.8874,72.7
2017-09-23,84.6492,72.8
2017-09-24,87.3037,75.1
2017-09-25,88.425,75.7
2017-09-26,89.0964,76.5
2017-09-27,89.0056,77.2
2017-09-28,88.86,76.7
2017-09-29,88.207,77.9
2017-09-30,87.7268,76.4
2017-10-01,85.8589,75.0
2017-10-02,85.6974,74.4
2017-10-03,85.7331,74.3
2017-10-04,85.7131,74.5
2017-10-05,85.0537,74.2
2017-10-06,84.6784,71.5
2017-10-07,83.283,72.4
2017-10-08,81.6407,72.0
2017-10-09,80.0476,70.9
2017-10-10,79.4134,69.9
2017-10-11,78.8255,68.1
2017-10-12,78.7971,67.0
2017-10-13,78.7289,66.4
2017-10-14,78.3428,64.6
2017-10-15,78.3843,67.2
2017-10-16,78.6499,65.9
2017-10-17,78.2123,68.0
2017-10-18,79.2925,70.6
2017-10-19,79.1192,72.8
2017-10-20,79.8904,72.6
2017-10-21,80.3606,71.6
2017-10-22,80.6184,74.7
2017-10-23,81.0526,74.3
2017-10-24,81.4236,72.7
2017-10-25,82.1679,71.8
2017-10-26,81.5851,71.4
2017-10-27,80.7983,71.6
2017-10-28,80.5765,70.6
2017-10-29,80.5107,72.2
2017-10-30,80.0929,72.4
2017-10-31,80.1053,73.5
2017-11-01,79.4222,71.7
2017-11-02,79.5285,70.0
2017-11-03,79.1669,70.6
2017-11-04,78.6403,69.8
2017-11-05,78.2177,68.3
2017-11-06,77.478,69.5
2017-11-07,77.0015,67.0
2017-11-08,76.6327,66.4
2017-11-09,75.9161,66.0
2017-11-10,76.6448,66.3
2017-11-11,75.8794,65.9
2017-11-12,76.3192,67.8
2017-11-13,77.2285,69.0
2017-11-14,78.2503,69.8
2017-11-15,78.3967,70.1
2017-11-16,78.4894,69.2
2017-11-17,79.496,69.9
2017-11-18,79.34,69.8
2017-11-19,78.9036,69.5
2017-11-20,78.4067,69.0
2017-11-21,78.1511,68.8
2017-11-22,77.9273,69.4
2017-11-23,77.2466,66.6
2017-11-24,77.1517,71.8
2017-11-25,76.7694,73.6
2017-11-26,76.7321,72.9
2017-11-27,75.9052,73.7
2017-11-28,74.7474,73.6
2017-11-29,74.4695,73.2
2017-11-30,74.0363,69.5
2017-12-01,73.3269,68.6
2017-12-02,73.4722,68.8
2017-12-03,72.6034,69.1
2017-12-04,72.0305,68.1
2017-12-05,71.7125,68.3
2017-12-06,71.6847,66.8
2017-12-07,71.4575,67.2
2017-12-08,71.9569,68.3
2017-12-09,72.6784,67.2
2017-12-10,73.1008,67.0
2017-12-11,73.2925,67.1
2017-12-12,72.9958,67.6
2017-12-13,73.0544,68.0
2017-12-14,73.0195,68.5
2017-12-15,72.8064,68.1
2017-12-16,72.5226,68.5
2017-12-17,72.2045,68.6
2017-12-18,72.2616,68.5
2017-12-19,71.2583,68.2
2017-12-20,72.4618,67.9
2017-12-21,73.6531,68.8
2017-12-22,73.5768,68.6
2017-12-23,73.6551,68.8
2017-12-24,73.6637,68.5
2017-12-25,73.4429,67.4
2017-12-26,72.0353,66.1
2017-12-27,71.2135,67.9
2017-12-28,71.0551,68.3
2017-12-29,71.167,67.7
2017-12-30,70.8052,68.2
2017-12-31,70.7161,67.7
2018-01-01,70.1508,66.7
2018-01-02,70.0494,66.4
2018-01-03,70.452,66.2
2018-01-04,70.208,66.9
2018-01-05,69.9525,67.2
2018-01-06,69.931,67.0
2018-01-07,70.0896,66.8
2018-01-08,70.2481,67.3
2018-01-09,70.3904,71.0
2018-01-10,70.2759,72.0
2018-01-11,70.3448,74.8
2018-01-12,70.4275,74.6
2018-01-13,70.3906,75.5
2018-01-14,70.194,76.1
2018-01-15,70.0324,76.2
2018-01-16,70.2586,76.2
2018-01-17,70.2354,76.6
2018-01-18,70.2092,74.1
2018-01-19,70.1098,73.4
2018-01-20,69.6518,70.8
2018-01-21,69.0426,69.8
2018-01-22,69.412,67.4
2018-01-23,69.7603,68.7
2018-01-24,69.5829,67.5
2018-01-25,69.5771,68.9
2018-01-26,69.4618,66.1
2018-01-27,69.0569,68.2
2018-01-28,68.8085,68.5
2018-01-29,68.7166,68.6
2018-01-30,68.9313,67.8
2018-01-31,69.1087,70.6
2018-02-01,69.0927,68.7
2018-02-02,68.9596,68.6
2018-02-03,69.0952,66.0
2018-02-04,70.4091,66.6
2018-02-05,71.2543,66.7
2018-02-06,72.3507,66.4
2018-02-07,72.6926,66.5
2018-02-08,72.9857,66.5
2018-02-09,73.3563,66.8
2018-02-10,73.5313,65.6
2018-02-11,73.6049,66.6
2018-02-12,73.8178,66.8
2018-02-13,73.0851,66.9
2018-02-14,72.4995,67.3
2018-02-15,71.5256,67.7
2018-02-16,70.8166,66.9
2018-02-17,69.8341,68.3
2018-02-18,69.9391,67.9
2018-02-19,69.6206,69.0
2018-02-20,69.9606,68.5
2018-02-21,69.1707,69.7
2018-02-22,69.4627,68.2
2018-02-23,69.8277,68.8
2018-02-24,69.9075,68.0
2018-02-25,69.6714,67.7
2018-02-26,70.5423,67.2
2018-02-27,70.2978,68.0
2018-02-28,70.0058,67.5
2018-03-01,69.1072,68.0
2018-03-02,68.9142,68.3
2018-03-03,69.007,68.8
2018-03-04,68.8748,68.6
2018-03-05,68.8351,68.9
2018-03-06,68.8176,68.9
2018-03-07,68.8888,68.4
2018-03-08,68.5061,67.8
2018-03-09,68.6589,68.6
2018-03-10,68.8518,66.4
2018-03-11,68.8692,67.4
2018-03-12,68.9614,67.0
2018-03-13,69.1208,68.1
2018-03-14,68.8479,68.9
2018-03-15,69.1917,68.8
2018-03-16,69.165,68.6
2018-03-17,69.5275,70.4
2018-03-18,69.5283,70.1
2018-03-19,69.9013,69.9
2018-03-20,69.5617,71.0
2018-03-21,69.5633,69.7
2018-03-22,69.385,69.8
2018-03-23,69.184,71.4
2018-03-24,68.953,71.4
2018-03-25,69.126,73.7
2018-03-26,69.0608,77.5
2018-03-27,69.1499,76.5
2018-03-28,69.3304,74.7
2018-03-29,69.5415,73.7
2018-03-30,69.5491,71.6
2018-03-31,69.6426,70.3
2018-04-01,69.7128,69.6
2018-04-02,69.6056,71.1
2018-04-03,69.3366,72.2
2018-04-04,69.5517,71.3
2018-04-05,68.9227,69.5
2018-04-06,68.986,68.1
2018-04-07,68.9605,67.6
2018-04-08,69.2619,68.9
2018-04-09,69.673,68.7
2018-04-10,69.7317,68.4
2018-04-11,69.6387,70.9
2018-04-12,70.2325,70.9
2018-04-13,70.3771,70.9
2018-04-14,70.2918,71.0
2018-04-15,70.6208,71.7
2018-04-16,70.3958,71.2
2018-04-17,70.2812,72.4
2018-04-18,70.893,71.8
2018-04-19,71.1417,71.9
2018-04-20,71.9475,71.5
2018-04-21,73.8282,70.5
2018-04-22,73.9088,71.1
2018-04-23,73.1321,71.9
2018-04-24,72.5973,70.4
2018-04-25,71.7948,71.3
2018-04-26,71.1161,72.6
2018-04-27,70.6667,75.0
2018-04-28,71.1094,75.6
2018-04-29,71.6597,77.7
2018-04-30,71.4724,74.9
2018-05-01,70.6803,76.6
2018-05-02,69.8487,78.9
2018-05-03,69.4186,77.0
2018-05-04,69.7031,77.3
2018-05-05,69.7738,78.9
2018-05-06,69.6217,76.9
2018-05-07,70.4177,76.5
2018-05-08,70.7417,75.7
2018-05-09,70.7898,72.6
2018-05-10,70.8625,73.4
2018-05-11,71.1041,73.2
2018-05-12,71.0165,71.3
2018-05-13,71.4005,70.2
2018-05-14,71.3859,68.8
2018-05-15,71.3375,72.4
2018-05-16,71.2835,72.0
2018-05-17,70.9709,72.5
2018-05-18,71.0399,73.0
2018-05-19,71.3699,74.7
2018-05-20,70.9826,72.8
2018-05-21,71.0896,72.7
2018-05-22,71.6819,74.6
2018-05-23,72.7132,76.1
2018-05-24,73.3044,79.0
2018-05-25,74.3342,84.7
2018-05-26,73.6497,84.2
2018-05-27,73.9433,83.0
2018-05-28,75.2885,79.7
2018-05-29,75.0344,77.0
2018-05-30,74.9976,75.2
2018-05-31,75.7723,73.4
2018-06-01,75.3255,72.4
2018-06-02,74.911,71.9
2018-06-03,74.6078,70.9
2018-06-04,73.4332,71.1
2018-06-05,73.3473,70.4
2018-06-06,73.3727,68.8
2018-06-07,72.7174,70.5
2018-06-08,72.0589,70.2
2018-06-09,71.4471,70.4
2018-06-10,72.5361,72.9
2018-06-11,72.846,74.4
2018-06-12,73.0394,74.0
2018-06-13,73.2944,75.4
2018-06-14,73.9816,74.5
2018-06-15,73.6179,75.8
2018-06-16,73.3954,74.6
2018-06-17,74.0342,74.9
2018-06-18,74.9026,74.7
2018-06-19,76.296,74.1
2018-06-20,78.7745,74.3
2018-06-21,79.4821,73.5
2018-06-22,79.0982,73.6
2018-06-23,77.9282,72.8
2018-06-24,76.5655,72.7
2018-06-25,75.5789,72.2
2018-06-26,74.7223,70.4
2018-06-27,74.1394,69.1
2018-06-28,73.8461,69.0
2018-06-29,73.4191,67.9
2018-06-30,73.381,68.3
2018-07-01,73.1555,68.6
2018-07-02,72.507,70.0
2018-07-03,72.8339,70.0
2018-07-04,72.9353,70.4
2018-07-05,72.9605,71.0
2018-07-06,73.8535,72.3
2018-07-07,74.754,72.0
2018-07-08,74.8258,72.3
2018-07-09,75.2446,72.5
2018-07-10,75.1813,71.2
2018-07-11,75.5228,71.1
2018-07-12,75.2551,71.5
2018-07-13,75.2053,71.6
2018-07-14,75.1856,72.2
2018-07-15,74.9923,71.4
2018-07-16,75.0198,69.3
2018-07-17,74.8107,69.9
2018-07-18,74.7911,69.6
2018-07-19,74.5075,70.5
2018-07-20,74.412,70.6
2018-07-21,74.2355,70.0
2018-07-22,73.5606,69.0
2018-07-23,72.8891,68.9
2018-07-24,72.6748,68.4
2018-07-25,72.2478,69.6
2018-07-26,72.225,69.4
2018-07-27,72.3517,68.4
2018-07-28,72.8297,71.1
2018-07-29,72.9984,74.0
2018-07-30,73.1386,73.1
2018-07-31,73.4908,72.6
2018-08-01,73.9455,71.0
2018-08-02,73.9593,71.2
2018-08-03,74.071,71.8
2018-08-04,74.1537,69.6
2018-08-05,73.7298,68.8
2018-08-06,73.4888,69.5
2018-08-07,73.6793,68.9
2018-08-08,73.7861,69.3
2018-08-09,73.9457,68.6
2018-08-10,73.784,68.6
2018-08-11,73.008,68.4
2018-08-12,72.8799,68.6
2018-08-13,72.7781,69.7
2018-08-14,73.0126,69.4
2018-08-15,73.1115,69.9
2018-08-16,72.8509,70.3
2018-08-17,72.3309,70.6
2018-08-18,72.1024,70.5
2018-08-19,71.8329,69.8
2018-08-20,72.1073,69.2
2018-08-21,72.1324,69.8
2018-08-22,71.7307,68.5
2018-08-23,72.485,68.8
2018-08-24,73.8347,68.5
2018-08-25,73.9143,67.2
2018-08-26,73.6667,67.4
2018-08-27,73.055,68.4
2018-08-28,72.9593,68.9
2018-08-29,73.2168,69.0
2018-08-30,72.6004,68.0
2018-08-31,72.0371,69.3
2018-09-01,72.1437,67.4
2018-09-02,71.9855,69.4
2018-09-03,71.978,68.9
2018-09-04,71.8158,68.5
2018-09-05,71.6976,70.3
2018-09-06,71.5788,67.1
2018-09-07,71.5693,68.4
2018-09-08,71.9045,67.2
2018-09-09,71.8188,68.7
2018-09-10,71.8432,68.6
2018-09-11,71.9628,69.4
2018-09-12,72.055,68.7
2018-09-13,72.0155,69.3
2018-09-14,71.7125,69.6
2018-09-15,71.3664,70.6
2018-09-16,71.4505,71.3
2018-09-17,71.0427,72.1
2018-09-18,70.9346,71.1
2018-09-19,70.814,69.6
2018-09-20,70.3296,69.3
2018-09-21,70.2238,69.6
2018-09-22,70.5346,69.0
2018-09-23,70.8142,69.0
2018-09-24,70.8835,69.8
2018-09-25,70.5406,70.4
2018-09-26,70.8308,70.2
2018-09-27,70.3147,70.9
2018-09-28,70.7028,68.9
2018-09-29,70.7657,68.6
2018-09-30,70.4995,68.3
2018-10-01,71.0672,68.5
2018-10-02,70.1589,67.4
2018-10-03,70.1326,67.9
2018-10-04,69.8107,66.1
2018-10-05,70.1166,67.1
2018-10-06,70.2637,65.8
2018-10-07,70.4702,66.5
2018-10-08,70.3134,66.3
2018-10-09,70.3905,65.5
2018-10-10,70.5606,67.2
2018-10-11,70.9377,67.6
2018-10-12,71.3289,67.5
2018-10-13,71.7292,68.2
2018-10-14,71.5366,67.6
2018-10-15,70.9161,67.6
2018-10-16,70.6588,68.0
2018-10-17,70.7107,66.8
2018-10-18,70.5632,65.6
2018-10-19,70.4691,66.5
2018-10-20,70.7304,66.9
2018-10-21,71.0319,69.5
2018-10-22,71.0876,71.7
2018-10-23,71.2642,70.6
2018-10-24,70.6559,69.5
2018-10-25,70.2254,68.8
2018-10-26,70.0679,67.1
2018-10-27,70.0675,67.5
2018-10-28,69.6637,67.5
2018-10-29,69.619,68.2
2018-10-30,69.0391,67.8
2018-10-31,69.0834,66.8
2018-11-01,68.7257,66.6
2018-11-02,68.7446,65.7
2018-11-03,68.7137,66.0
2018-11-04,68.4033,66.1
2018-11-05,68.8586,67.4
2018-11-06,69.2154,67.0
2018-11-07,69.2246,66.4
2018-11-08,69.452,66.8
2018-11-09,69.3401,68.8
2018-11-10,69.2445,67.7
2018-11-11,69.3853,68.1
2018-11-12,69.0034,68.4
2018-11-13,68.3745,69.5
2018-11-14,68.4496,68.8
2018-11-15,68.6548,68.9
2018-11-16,69.5701,68.6
2018-11-17,70.6907,68.0
2018-11-18,70.6073,68.6
2018-11-19,70.1136,68.9
2018-11-20,69.7126,67.6
2018-11-21,69.1018,67.9
2018-11-22,68.968,68.1
2018-11-23,68.9844,68.0
2018-11-24,69.2135,67.6
2018-11-25,69.1364,68.8
2018-11-26,68.7431,68.7
2018-11-27,68.5178,68.0
2018-11-28,68.1851,67.2
2018-11-29,68.0793,67.3
2018-11-30,68.1229,66.5
2018-12-01,68.5535,66.2
2018-12-02,68.5338,67.0
2018-12-03,68.2779,66.7
2018-12-04,68.2525,67.1
2018-12-05,69.0238,67.0
2018-12-06,68.9134,69.5
2018-12-07,68.9153,72.7
2018-12-08,69.1004,70.2
2018-12-09,69.5172,69.1
2018-12-10,69.4636,68.8
2018-12-11,69.4296,69.6
2018-12-12,69.3533,69.1
2018-12-13,69.1235,69.0
2018-12-14,69.2733,69.2
2018-12-15,69.4512,67.8
2018-12-16,69.0339,65.9
2018-12-17,68.9663,67.3
2018-12-18,69.0474,66.6
2018-12-19,69.025,67.8
2018-12-20,68.8195,67.3
2018-12-21,69.1055,67.5
2018-12-22,69.2322,66.4
2018-12-23,69.0007,66.6
2018-12-24,68.6739,67.4
2018-12-25,68.5872,67.0
2018-12-26,68.3213,67.7
2018-12-27,68.0702,68.5
2018-12-28,68.2878,69.3
2018-12-29,68.2378,70.2
2018-12-30,68.3353,72.7
2018-12-31,68.3201,74.3
2019-01-01,69.1531,72.8
2019-01-02,70.5243,73.5
2019-01-03,70.1294,70.9
2019-01-04,69.4709,71.4
2019-01-05,69.2593,70.0
2019-01-06,69.5045,70.0
2019-01-07,69.4603,68.8
2019-01-08,69.3946,69.1
2019-01-09,69.4081,68.7
2019-01-10,68.9563,68.7
2019-01-11,68.1241,69.3
2019-01-12,68.3056,68.3
2019-01-13,68.2096,69.8
2019-01-14,68.4855,68.4
2019-01-15,68.4431,68.1
2019-01-16,68.4358,68.0
2019-01-17,68.0963,68.4
2019-01-18,67.9982,68.6
2019-01-19,68.2884,69.7
2019-01-20,68.2533,69.2
2019-01-21,68.4495,69.0
2019-01-22,68.8231,68.4
2019-01-23,69.2418,68.3
2019-01-24,69.691,68.6
2019-01-25,70.7212,69.4
2019-01-26,71.6568,69.2
2019-01-27,71.4415,69.7
2019-01-28,71.5331,69.2
2019-01-29,70.8062,69.0
2019-01-30,70.6684,68.9
2019-01-31,70.2701,69.2
2019-02-01,70.1195,69.4
2019-02-02,69.7199,68.8
2019-02-03,69.6704,68.7
2019-02-04,69.568,68.2
2019-02-05,69.4929,68.3
2019-02-06,69.6819,69.7
2019-02-07,69.4091,70.8
2019-02-08,69.7797,71.3
2019-02-09,69.4825,69.9
2019-02-10,69.2013,70.7
2019-02-11,69.1169,69.7
2019-02-12,69.2178,70.1
2019-02-13,69.347,69.5
2019-02-14,69.7522,69.8
2019-02-15,69.7633,70.0
2019-02-16,69.6759,69.3
2019-02-17,69.4781,68.9
2019-02-18,69.3642,68.8
2019-02-19,69.4735,68.6
2019-02-20,69.8007,69.3
2019-02-21,69.8506,69.1
2019-02-22,69.992,76.2
2019-02-23,69.8961,79.4
2019-02-24,69.7543,81.8
2019-02-25,69.674,78.9
2019-02-26,69.7331,75.0
2019-02-27,69.8105,70.8
2019-02-28,69.6426,68.7
2019-03-01,69.5477,68.6
2019-03-02,69.396,68.1
2019-03-03,69.3528,68.6
2019-03-04,69.872,69.2
2019-03-05,70.4434,69.4
2019-03-06,70.8057,69.2
2019-03-07,70.415,70.8
2019-03-08,70.5093,70.6
2019-03-09,70.2894,70.3
2019-03-10,70.3135,71.8
2019-03-11,70.1739,73.7
2019-03-12,70.184,76.6
2019-03-13,70.2979,78.8
2019-03-14,70.0961,79.3
2019-03-15,69.8756,78.4
2019-03-16,69.7716,78.9
2019-03-17,69.7175,77.7
2019-03-18,69.9563,78.3
2019-03-19,69.9475,75.9
2019-03-20,72.3963,75.9
2019-03-21,74.6922,74.7
2019-03-22,76.141,76.7
2019-03-23,75.5948,75.2
2019-03-24,73.8008,73.3
2019-03-25,71.7795,70.6
2019-03-26,70.5178,69.9
2019-03-27,70.1704,70.2
2019-03-28,69.9287,69.6
2019-03-29,69.9879,70.1
2019-03-30,70.255,68.4
2019-03-31,70.3905,68.0
2019-04-01,70.3527,67.8
2019-04-02,70.9477,68.8
2019-04-03,71.1562,67.9
2019-04-04,71.0709,69.5
2019-04-05,71.5593,68.7
2019-04-06,72.4234,70.3
2019-04-07,73.7325,70.9
2019-04-08,75.1736,73.5
2019-04-09,75.8155,74.7
2019-04-10,75.7371,77.3
2019-04-11,75.8877,80.1
2019-04-12,75.631,76.8
2019-04-13,75.7289,77.7
2019-04-14,74.8393,77.8
2019-04-15,74.4891,79.5
2019-04-16,74.0302,77.6
2019-04-17,74.5471,76.2
2019-04-18,74.3138,76.0
2019-04-19,73.4064,75.6
2019-04-20,72.195,75.3
2019-04-21,71.565,73.8
2019-04-22,71.547,72.2
2019-04-23,71.3678,69.6
2019-04-24,71.4632,70.4
2019-04-25,70.9439,69.7
2019-04-26,70.5812,69.0
2019-04-27,70.4567,68.2
2019-04-28,70.7625,68.1
2019-04-29,70.6057,68.7
2019-04-30,71.0289,69.8
2019-05-01,70.9838,69.3
2019-05-02,71.476,70.0
2019-05-03,71.8546,70.1
2019-05-04,72.8539,70.6
2019-05-05,73.5946,70.6
2019-05-06,74.8041,71.7
2019-05-07,76.4006,71.9
2019-05-08,75.5663,71.8
2019-05-09,75.6206,72.1
2019-05-10,75.8521,71.8
2019-05-11,76.564,70.9
2019-05-12,76.1514,71.0
2019-05-13,75.3789,70.5
2019-05-14,75.1307,70.5
2019-05-15,74.985,71.0
2019-05-16,74.9305,71.9
2019-05-17,74.389,71.6
2019-05-18,73.6975,69.6
2019-05-19,72.5201,70.1
2019-05-20,72.3985,68.8
2019-05-21,72.1692,68.0
2019-05-22,71.8078,68.5
2019-05-23,71.4101,69.2
2019-05-24,71.2481,70.2
2019-05-25,71.5199,69.9
2019-05-26,71.9396,68.6
2019-05-27,71.9638,68.6
2019-05-28,72.1648,69.5
2019-05-29,72.2864,70.2
2019-05-30,72.5033,70.2
2019-05-31,72.5976,70.3
2019-06-01,73.0095,69.3
2019-06-02,73.2762,70.4
2019-06-03,73.284,69.9
2019-06-04,73.4479,69.7
2019-06-05,73.4315,70.5
2019-06-06,73.0974,69.5
2019-06-07,72.983,69.1
2019-06-08,72.7948,69.9
2019-06-09,72.6858,69.0
2019-06-10,72.7777,68.8
2019-06-11,73.0978,69.6
2019-06-12,73.0813,68.7
2019-06-13,72.3733,69.7
2019-06-14,72.2821,70.1
2019-06-15,71.8497,69.4
2019-06-16,71.3942,69.0
2019-06-17,71.4012,68.2
2019-06-18,71.6601,69.4
2019-06-19,72.0686,69.3
2019-06-20,72.0587,69.5
2019-06-21,71.6053,70.0
2019-06-22,71.4299,69.2
2019-06-23,71.7314,68.9
2019-06-24,72.1348,69.1
2019-06-25,72.2322,69.8
2019-06-26,72.2886,69.5
2019-06-27,71.9369,69.6
2019-06-28,72.1469,70.0
2019-06-29,72.0736,70.3
2019-06-30,71.8968,69.8
2019-07-01,72.0985,68.7
2019-07-02,71.8265,69.2
2019-07-03,71.5143,68.2
2019-07-04,71.6978,68.3
2019-07-05,71.4474,68.9
2019-07-06,71.2392,68.8
2019-07-07,71.4207,68.9
2019-07-08,71.1996,67.7
2019-07-09,71.3862,68.8
2019-07-10,71.6545,70.1
2019-07-11,71.4617,70.1
2019-07-12,71.2299,69.9
2019-07-13,70.8902,70.6
2019-07-14,71.1766,69.1
2019-07-15,71.2865,69.1
2019-07-16,71.2979,69.5
2019-07-17,71.5,69.0
2019-07-18,71.2927,68.6
2019-07-19,71.1125,69.1
2019-07-20,71.1027,69.4
2019-07-21,71.3761,69.2
2019-07-22,71.3754,69.7
2019-07-23,71.354,69.2
2019-07-24,71.4905,69.3
2019-07-25,71.6456,68.9
2019-07-26,71.4715,68.4
2019-07-27,70.9594,67.3
2019-07-28,70.9344,68.0
2019-07-29,70.6116,67.8
2019-07-30,70.4169,67.4
2019-07-31,70.5723,67.2
2019-08-01,70.535,67.5
2019-08-02,70.5125,67.2
2019-08-03,70.0559,67.2
2019-08-04,70.1841,67.8
2019-08-05,70.7248,67.7
2019-08-06,70.8581,68.3
2019-08-07,70.7952,70.0
2019-08-08,71.0263,69.8
2019-08-09,70.6321,69.8
2019-08-10,70.4254,69.4
2019-08-11,70.5637,70.0
2019-08-12,70.4341,75.0
2019-08-13,70.238,68.5
2019-08-14,70.357,69.8
2019-08-15,70.5186,70.9
2019-08-16,70.5053,69.0
2019-08-17,70.6375,70.3
2019-08-18,70.5182,69.1
2019-08-19,70.4525,69.4
2019-08-20,70.3263,68.4
2019-08-21,70.0735,69.4
2019-08-22,69.6169,68.8
2019-08-23,69.6691,66.9
2019-08-24,69.6433,67.7
2019-08-25,69.448,67.7
2019-08-26,69.2847,68.2
2019-08-27,69.3115,68.8
2019-08-28,69.2297,66.6
2019-08-29,69.1648,67.5
2019-08-30,69.338,67.9
2019-08-31,69.3283,67.4
2019-09-01,69.488,66.8
2019-09-02,70.1538,67.5
2019-09-03,70.3042,67.7
2019-09-04,70.3333,68.1
2019-09-05,70.2187,68.8
2019-09-06,70.4014,68.4
2019-09-07,72.2134,68.3
2019-09-08,70.6964,68.1
2019-09-09,70.2959,67.8
2019-09-10,70.835,67.3
2019-09-11,70.3475,67.6
2019-09-12,70.549,67.0
2019-09-13,70.3062,67.9
2019-09-14,70.2187,67.3
2019-09-15,69.9048,68.3
2019-09-16,70.0983,68.0
2019-09-17,70.0258,66.9
2019-09-18,69.2926,65.8
2019-09-19,69.2862,66.9
2019-09-20,69.355,65.9
2019-09-21,69.5102,65.6
2019-09-22,69.7512,65.6
2019-09-23,69.0526,65.5
2019-09-24,69.0838,64.4
2019-09-25,69.3266,63.4
2019-09-26,69.1841,64.9
2019-09-27,68.887,63.9
2019-09-28,69.0177,64.3
2019-09-29,69.1455,67.9
2019-09-30,69.2947,67.8
2019-10-01,69.59,68.0
2019-10-02,69.5531,68.5
2019-10-03,69.4648,68.2
2019-10-04,69.4128,68.8
2019-10-05,69.2846,70.2
2019-10-06,69.0766,69.6
2019-10-07,69.0774,69.6
2019-10-08,68.8858,68.3
2019-10-09,69.09,69.6
2019-10-10,68.9769,69.2
2019-10-11,69.2214,68.1
2019-10-12,69.2488,68.5
2019-10-13,68.818,68.9
2019-10-14,68.276,68.3
2019-10-15,68.4798,69.4
2019-10-16,68.2569,68.1
2019-10-17,67.9923,69.3
2019-10-18,67.9329,69.6
2019-10-19,67.8651,68.4
2019-10-20,67.4642,68.5
2019-10-21,66.9479,68.2
2019-10-22,67.2919,68.5
2019-10-23,67.1179,68.8
2019-10-24,67.0936,67.6
2019-10-25,68.3259,68.5
2019-10-26,68.7447,69.1
2019-10-27,68.7816,67.9
2019-10-28,68.9715,68.5
2019-10-29,68.9507,68.8
2019-10-30,69.1125,67.7
2019-10-31,69.6756,68.6
2019-11-01,69.7007,69.6
2019-11-02,69.6435,68.3
2019-11-03,69.2505,67.9
2019-11-04,69.5465,68.5
2019-11-05,69.6137,69.2
2019-11-06,69.1351,68.4
2019-11-07,69.1144,67.9
2019-11-08,69.2879,67.6
2019-11-09,69.1222,68.6
2019-11-10,69.425,68.3
2019-11-11,69.1186,68.2
2019-11-12,69.3929,69.4
2019-11-13,69.6512,68.6
2019-11-14,69.2833,68.4
2019-11-15,69.1604,68.6
2019-11-16,69.0688,68.3
2019-11-17,69.1627,66.8
2019-11-18,69.3063,68.1
2019-11-19,68.945,68.8
2019-11-20,69.101,67.7
2019-11-21,69.4248,68.2
2019-11-22,69.0821,68.0
2019-11-23,69.1226,67.7
2019-11-24,69.2889,67.7
2019-11-25,68.9473,68.4
2019-11-26,69.0667,68.7
2019-11-27,69.4735,70.2
2019-11-28,69.179,70.3
2019-11-29,68.8487,69.8
2019-11-30,68.9834,69.7
2019-12-01,69.3115,70.1
2019-12-02,69.1138,69.8
2019-12-03,68.8283,69.6
2019-12-04,68.6484,68.6
2019-12-05,68.9631,68.2
2019-12-06,68.9699,69.4
2019-12-07,68.8792,69.5
2019-12-08,69.2841,68.9
2019-12-09,69.2021,69.8
2019-12-10,69.0373,69.4
2019-12-11,69.0905,68.1
2019-12-12,69.0145,69.3
2019-12-13,68.4733,71.2
2019-12-14,68.7144,71.9
2019-12-15,69.1175,70.4
2019-12-16,68.8159,71.0
2019-12-17,68.8508,69.5
2019-12-18,68.837,69.1
2019-12-19,68.7097,69.5
2019-12-20,68.6628,68.9
2019-12-21,68.8897,69.4
2019-12-22,69.0946,67.9
2019-12-23,69.6339,69.0
2019-12-24,69.9225,69.5
2019-12-25,69.7882,69.0
2019-12-26,69.7417,68.3
2019-12-27,69.9,69.6
2019-12-28,69.8917,68.6
2019-12-29,69.7853,68.8
2019-12-30,69.4402,70.4
2019-12-31,69.1635,72.4
2020-01-01,69.5306,70.7
2020-01-02,69.7411,72.0
2020-01-03,69.5674,72.0
2020-01-04,69.8226,71.9
2020-01-05,69.8096,71.7
2020-01-06,69.3137,70.4
2020-01-07,69.574,70.2
2020-01-08,70.4613,70.0
2020-01-09,70.9811,68.3
2020-01-10,70.6233,68.6
2020-01-11,70.7243,69.3
2020-01-12,70.3412,68.9
2020-01-13,70.0187,70.0
2020-01-14,70.0849,68.8
2020-01-15,69.9292,68.3
2020-01-16,70.0453,69.3
2020-01-17,69.5695,69.8
2020-01-18,69.7349,69.4
2020-01-19,70.0589,69.5
2020-01-20,69.9159,68.8
2020-01-21,69.6384,68.8
2020-01-22,69.9637,69.0
2020-01-23,69.8212,69.4
2020-01-24,69.7687,69.4
2020-01-25,70.3515,69.2
2020-01-26,71.2646,69.6
2020-01-27,70.9916,70.7
2020-01-28,71.1999,68.8
2020-01-29,71.4055,68.7
2020-01-30,71.398,69.1
2020-01-31,71.3309,68.7
2020-02-01,70.8715,69.6
2020-02-02,70.6289,69.3
2020-02-03,70.5382,68.8
2020-02-04,69.9344,68.1
2020-02-05,69.8207,68.1
2020-02-06,70.0977,68.8
2020-02-07,70.0386,68.7
2020-02-08,70.3509,68.3
2020-02-09,70.0948,68.9
2020-02-10,69.7771,68.8
2020-02-11,70.0356,69.2
2020-02-12,70.3526,69.8
2020-02-13,70.2978,69.8
2020-02-14,70.3018,69.6
2020-02-15,70.0721,69.1
2020-02-16,69.983,67.9
2020-02-17,70.0451,67.4
2020-02-18,70.2122,69.5
2020-02-19,70.274,69.1
2020-02-20,70.226,70.9
2020-02-21,70.3367,71.4
2020-02-22,70.7887,71.5
2020-02-23,70.2959,71.1
2020-02-24,70.0282,70.3
2020-02-25,70.1654,69.8
2020-02-26,70.0598,69.9
2020-02-27,70.319,70.8
2020-02-28,70.3444,70.9
2020-02-29,70.14,69.9
2020-03-01,69.8282,69.2
2020-03-02,69.7354,69.0
2020-03-03,69.9891,68.6
2020-03-04,70.014,69.1
2020-03-05,69.8584,69.8
2020-03-06,70.0229,69.2
2020-03-07,70.0828,69.7
2020-03-08,70.2533,70.0
2020-03-09,70.4799,70.2
2020-03-10,70.5637,71.3
2020-03-11,70.5283,70.1
2020-03-12,70.3401,70.1
2020-03-13,69.8441,70.7
2020-03-14,69.5004,70.6
2020-03-15,70.1423,69.5
2020-03-16,70.2662,70.9
2020-03-17,70.8292,71.1
2020-03-18,71.2424,70.7
2020-03-19,71.3868,69.4
2020-03-20,71.3035,68.9
2020-03-21,71.0151,69.0
2020-03-22,70.7401,68.4
2020-03-23,70.6864,70.4
2020-03-24,71.0011,69.2
2020-03-25,71.1894,68.9
2020-03-26,70.8659,69.8
2020-03-27,70.5236,71.4
2020-03-28,70.3474,69.5
2020-03-29,70.1924,70.5
2020-03-30,70.274,69.8
2020-03-31,70.5293,70.1
2020-04-01,70.4385,69.9
2020-04-02,70.5043,69.9
2020-04-03,70.6671,71.0
2020-04-04,70.7762,70.9
2020-04-05,71.207,71.3
2020-04-06,70.9764,70.3
2020-04-07,70.8481,69.8
2020-04-08,71.0138,70.5
2020-04-09,71.0731,70.5
2020-04-10,70.6994,71.1
2020-04-11,71.0626,70.0
2020-04-12,71.3098,69.2
2020-04-13,71.2189,72.4
2020-04-14,70.7396,69.3
2020-04-15,70.3642,67.5
2020-04-16,70.2845,70.3
2020-04-17,70.0828,70.2
2020-04-18,70.7014,68.7
2020-04-19,70.5305,69.4
2020-04-20,70.2596,71.0
2020-04-21,70.5349,71.2
2020-04-22,71.1921,71.8
2020-04-23,70.7441,70.3
2020-04-24,70.8693,71.3
2020-04-25,70.7387,71.9
2020-04-26,70.7421,72.6
2020-04-27,70.7243,70.9
2020-04-28,70.719,70.6
2020-04-29,71.1321,72.1
2020-04-30,71.2801,71.6
2020-05-01,71.411,70.0
2020-05-02,71.1706,69.3
2020-05-03,70.8416,71.6
2020-05-04,70.9943,71.9
2020-05-05,71.0819,72.8
2020-05-06,71.2951,71.2
2020-05-07,71.0253,72.4
2020-05-08,70.6162,72.0
2020-05-09,71.6047,72.1
2020-05-10,70.9698,73.2
2020-05-11,69.9468,73.8
2020-05-12,70.6411,73.8
2020-05-13,70.9604,73.2
2020-05-14,70.4309,74.6
2020-05-15,70.4648,73.2
2020-05-16,71.0996,73.7
2020-05-17,71.4325,72.7
2020-05-18,71.6689,71.6
2020-05-19,71.2641,72.4
2020-05-20,71.4514,72.7
2020-05-21,71.8082,71.5
2020-05-22,72.1706,71.0
2020-05-23,71.6894,70.2
2020-05-24,71.3738,71.1
2020-05-25,71.8575,70.0
2020-05-26,71.9183,69.9
2020-05-27,71.337,69.9
2020-05-28,70.902,69.3
2020-05-29,71.562,69.1
2020-05-30,71.962,71.2
2020-05-31,72.3639,70.0
2020-06-01,71.9785,71.2
2020-06-02,72.1954,71.5
2020-06-03,72.2597,71.0
2020-06-04,72.2827,70.4
2020-06-05,72.6795,71.2
2020-06-06,73.0868,70.3
2020-06-07,73.1467,71.6
2020-06-08,72.971,71.8
2020-06-09,73.4049,71.8
2020-06-10,73.13,70.8
2020-06-11,73.1716,70.0
2020-06-12,72.9234,69.4
2020-06-13,72.4266,71.0
2020-06-14,72.5618,71.1
2020-06-15,72.7858,71.0
2020-06-16,72.4261,69.8
2020-06-17,72.1009,70.5
2020-06-18,71.7723,71.2
2020-06-19,71.9481,70.6
2020-06-20,71.6689,70.9
2020-06-21,71.4851,71.3
2020-06-22,71.4589,70.0
2020-06-23,71.2649,71.1
2020-06-24,71.0914,71.6
2020-06-25,71.8259,72.1
2020-06-26,71.6907,72.2
2020-06-27,71.9467,72.5
2020-06-28,72.2238,71.7
2020-06-29,72.0709,72.6
2020-06-30,71.8036,73.6
2020-07-01,71.9977,73.7
2020-07-02,71.7945,74.1
2020-07-03,72.1182,74.9
2020-07-04,72.3563,75.6
2020-07-05,72.4208,74.4
2020-07-06,72.1178,74.1
2020-07-07,71.7336,74.9
2020-07-08,71.3789,74.8
2020-07-09,71.8539,75.1
2020-07-10,72.1063,75.6
2020-07-11,72.1173,75.1
2020-07-12,71.7284,76.0
2020-07-13,71.8067,76.8
2020-07-14,72.1105,76.0
2020-07-15,72.051,76.2
2020-07-16,72.0535,75.4
2020-07-17,72.235,75.1
2020-07-18,71.8845,74.2
2020-07-19,72.0799,72.6
2020-07-20,72.3935,72.4
2020-07-21,72.5826,72.6
2020-07-22,72.7063,72.5
2020-07-23,72.8623,73.1
2020-07-24,72.6182,72.2
2020-07-25,72.8793,71.6
2020-07-26,73.3557,72.6
2020-07-27,73.5555,71.6
2020-07-28,73.7338,72.1
2020-07-29,74.0956,71.8
2020-07-30,74.4739,72.1
2020-07-31,74.2609,71.9
2020-08-01,74.0395,71.4
2020-08-02,74.3071,71.5
2020-08-03,74.4584,71.6
2020-08-04,74.6187,71.4
2020-08-05,74.8219,70.5
2020-08-06,74.7441,70.8
2020-08-07,75.0291,69.5
2020-08-08,75.4282,71.2
2020-08-09,75.3261,70.8
2020-08-10,75.2331,70.3
2020-08-11,75.0191,70.5
2020-08-12,74.8742,71.3
2020-08-13,74.5363,70.9
2020-08-14,73.8944,70.7
2020-08-15,73.6369,70.2
2020-08-16,73.6833,69.6
2020-08-17,73.6522,70.2
2020-08-18,73.8424,70.6
2020-08-19,73.6448,69.7
2020-08-20,73.3109,69.6
2020-08-21,73.5873,70.2
2020-08-22,73.3798,70.4
2020-08-23,73.4288,70.6
2020-08-24,73.3758,71.2
2020-08-25,73.4409,70.7
2020-08-26,73.3893,71.9
2020-08-27,73.197,72.9
2020-08-28,73.1145,73.7
2020-08-29,73.1479,74.1
2020-08-30,73.0368,73.8
2020-08-31,72.6544,72.9
2020-09-01,72.6163,74.4
2020-09-02,72.1917,74.1
2020-09-03,72.5701,73.0
2020-09-04,72.6578,73.5
2020-09-05,72.4483,73.0
2020-09-06,72.4425,72.3
2020-09-07,72.7126,71.9
2020-09-08,72.6799,71.2
2020-09-09,72.5862,72.2
2020-09-10,72.3912,71.6
2020-09-11,72.0966,70.6
2020-09-12,72.2444,71.5
2020-09-13,72.4383,72.9
2020-09-14,72.2036,73.3
2020-09-15,72.0493,72.6
2020-09-16,72.2217,73.4
2020-09-17,72.3516,72.0
2020-09-18,72.4689,74.1
2020-09-19,72.7252,73.4
2020-09-20,72.6119,74.8
2020-09-21,72.9868,72.5
2020-09-22,73.5019,75.3
2020-09-23,73.944,74.2
2020-09-24,74.2218,74.0
2020-09-25,74.2103,73.0
2020-09-26,73.9008,74.2
2020-09-27,74.3631,71.0
2020-09-28,74.5155,71.3
2020-09-29,74.17,73.3
2020-09-30,74.2176,74.1
2020-10-01,74.1759,81.4
2020-10-02,73.8954,86.4
2020-10-03,73.6829,83.5
2020-10-04,73.4628,78.4
2020-10-05,73.7135,75.6
2020-10-06,73.6309,76.1
2020-10-07,73.1708,80.3
2020-10-08,73.3161,81.6
2020-10-09,73.8798,86.6
2020-10-10,74.1941,89.1
2020-10-11,73.9833,92.1
2020-10-12,74.1275,88.9
2020-10-13,73.7935,88.3
2020-10-14,74.3093,88.3
2020-10-15,74.382,85.1
2020-10-16,74.7041,86.3
2020-10-17,74.0875,83.3
2020-10-18,74.7406,80.7
2020-10-19,74.6921,78.5
2020-10-20,74.5264,76.9
2020-10-21,74.1331,74.9
2020-10-22,74.4107,77.3
2020-10-23,73.4531,75.5
2020-10-24,73.0957,74.9
2020-10-25,73.7658,79.7
2020-10-26,74.311,82.9
2020-10-27,77.0145,85.5
2020-10-28,79.7947,93.1
2020-10-29,79.5474,97.9
2020-10-30,77.5064,101.0
2020-10-31,75.7949,103.0
2020-11-01,75.5204,103.5
2020-11-02,77.1407,106.6
2020-11-03,78.2885,113.1
2020-11-04,80.2788,106.4
2020-11-05,81.9641,101.2
2020-11-06,83.5104,101.9
2020-11-07,82.9504,99.9
2020-11-08,82.4929,93.0
2020-11-09,82.5292,97.0
2020-11-10,81.4174,88.2
2020-11-11,81.4626,86.8
2020-11-12,80.6848,80.0
2020-11-13,79.5041,79.6
2020-11-14,78.4658,79.1
2020-11-15,77.5707,80.8
2020-11-16,76.6245,79.3
2020-11-17,77.2497,78.1
2020-11-18,76.9467,80.4
2020-11-19,76.5363,80.3
2020-11-20,78.192,79.3
2020-11-21,80.1032,79.1
2020-11-22,81.528,77.9
2020-11-23,84.6789,79.1
2020-11-24,87.5495,81.1
2020-11-25,89.583,77.0
2020-11-26,90.8318,83.0
2020-11-27,91.5739,83.6
2020-11-28,89.5752,84.5
2020-11-29,92.6041,84.9
2020-11-30,90.6742,85.0
2020-12-01,89.176,84.9
2020-12-02,88.9785,84.3
2020-12-03,88.5149,81.4
2020-12-04,86.5977,80.1
2020-12-05,87.9133,78.5
2020-12-06,85.7274,77.7
2020-12-07,84.9013,78.8
2020-12-08,82.1139,77.8
2020-12-09,81.6214,75.0
2020-12-10,81.3317,72.6
2020-12-11,82.1766,71.7
2020-12-12,81.3963,72.2
2020-12-13,81.0911,72.8
2020-12-14,81.9228,71.8
2020-12-15,81.8381,70.7
2020-12-16,81.4957,70.8
2020-12-17,81.1494,70.4
2020-12-18,80.5438,70.8
2020-12-19,80.9588,71.2
2020-12-20,81.3975,71.0
2020-12-21,80.4362,75.2
2020-12-22,82.4191,74.8
2020-12-23,83.7136,72.9
2020-12-24,83.9935,75.6
2020-12-25,84.4148,74.7
2020-12-26,84.6594,75.2
2020-12-27,84.7864,75.8
2020-12-28,84.8811,75.5
2020-12-29,84.0854,75.2
2020-12-30,83.358,74.8
2020-12-31,82.2416,73.4
2021-01-01,81.7465,74.0
2021-01-02,81.7611,73.4
2021-01-03,81.4078,73.2
2021-01-04,80.2599,71.6
2021-01-05,79.5114,71.2
2021-01-06,78.8838,70.8
2021-01-07,78.6633,70.2
2021-01-08,78.5787,71.3
2021-01-09,78.117,71.2
2021-01-10,77.8699,71.1
2021-01-11,77.9016,71.0
2021-01-12,78.0026,70.8
2021-01-13,78.1987,71.3
2021-01-14,78.3436,71.0
2021-01-15,78.7393,71.0
2021-01-16,79.9848,70.5
2021-01-17,79.8603,71.7
2021-01-18,79.5562,69.6
2021-01-19,80.409,69.7
2021-01-20,80.286,68.0
2021-01-21,80.5065,69.1
2021-01-22,81.0317,70.0
2021-01-23,80.8104,70.6
2021-01-24,80.537,69.9
2021-01-25,80.03,71.7
2021-01-26,79.4512,70.9
2021-01-27,79.263,73.2
2021-01-28,78.8813,74.2
2021-01-29,78.6867,77.6
2021-01-30,78.0791,77.1
2021-01-31,77.6109,78.1
2021-02-01,77.2665,76.4
2021-02-02,76.8727,75.7
2021-02-03,77.0753,72.7
2021-02-04,76.8761,73.3
2021-02-05,77.0731,74.4
2021-02-06,77.3581,74.1
2021-02-07,77.499,73.9
2021-02-08,77.6225,74.4
2021-02-09,77.9671,76.4
2021-02-10,77.9974,78.7
2021-02-11,77.9098,75.4
2021-02-12,77.9584,75.3
2021-02-13,77.3335,74.6
2021-02-14,77.0021,74.7
2021-02-15,76.3502,75.0
2021-02-16,76.3243,74.2
2021-02-17,76.2472,73.1
2021-02-18,75.387,72.9
2021-02-19,74.986,72.1
2021-02-20,75.2672,72.5
2021-02-21,75.0533,72.5
2021-02-22,75.5689,74.1
2021-02-23,76.0925,74.6
2021-02-24,77.4524,76.0
2021-02-25,77.6348,76.4
2021-02-26,77.945,75.3
2021-02-27,77.3705,74.8
2021-02-28,76.861,74.7
2021-03-01,75.6517,74.7
2021-03-02,75.4154,73.6
2021-03-03,75.7828,73.2
2021-03-04,75.764,74.5
2021-03-05,75.5999,72.4
2021-03-06,75.7471,77.8
2021-03-07,76.482,71.4
2021-03-08,77.7347,72.2
2021-03-09,76.8258,72.0
2021-03-10,76.2861,71.8
2021-03-11,75.985,71.3
2021-03-12,75.9102,70.7
2021-03-13,75.9973,70.5
2021-03-14,75.6692,70.8
2021-03-15,75.1829,70.8
2021-03-16,74.9583,72.2
2021-03-17,74.5482,74.5
2021-03-18,74.5083,73.6
2021-03-19,74.4881,74.3
2021-03-20,74.9872,76.0
2021-03-21,75.317,75.2
2021-03-22,75.7778,75.9
2021-03-23,76.0936,76.4
2021-03-24,75.7311,81.1
2021-03-25,75.3691,83.7
2021-03-26,75.2177,77.7
2021-03-27,75.2044,78.6
2021-03-28,74.8337,76.1
2021-03-29,74.558,77.7
2021-03-30,74.9414,78.7
2021-03-31,74.4062,79.2
2021-04-01,76.1483,79.4
2021-04-02,74.6117,77.9
2021-04-03,74.033,78.0
2021-04-04,74.0277,74.0
2021-04-05,73.9714,72.7
2021-04-06,73.7225,73.1
2021-04-07,73.4373,72.8
2021-04-08,73.2485,71.8
2021-04-09,73.2715,70.7
2021-04-10,73.2228,72.1
2021-04-11,73.7238,75.9
2021-04-12,74.6092,77.4
2021-04-13,74.6246,77.7
2021-04-14,74.7216,78.0
2021-04-15,75.4272,77.6
2021-04-16,75.4407,76.3
2021-04-17,75.581,76.3
2021-04-18,75.9066,72.4
2021-04-19,77.8334,74.9
2021-04-20,79.4363,74.9
2021-04-21,77.864,76.5
2021-04-22,77.453,78.2
2021-04-23,76.6736,77.7
2021-04-24,77.0499,74.0
2021-04-25,77.7087,75.5
2021-04-26,78.0772,77.5
2021-04-27,78.2532,81.0
2021-04-28,77.8512,74.5
2021-04-29,77.6879,85.7
2021-04-30,76.2459,90.3
2021-05-01,75.2534,85.5
2021-05-02,75.1747,79.5
2021-05-03,75.1349,78.1
2021-05-04,74.7832,76.5
2021-05-05,74.2719,84.0
2021-05-06,74.6472,77.3
2021-05-07,76.1512,78.5
2021-05-08,77.2457,77.7
2021-05-09,77.7071,79.4
2021-05-10,77.9277,76.6
2021-05-11,77.8993,79.7
2021-05-12,77.3008,83.2
2021-05-13,77.096,82.3
2021-05-14,75.7223,81.0
2021-05-15,75.9907,75.6
2021-05-16,76.3059,79.7
2021-05-17,76.8867,80.0
2021-05-18,77.8447,80.5
2021-05-19,77.9326,79.3
2021-05-20,76.4872,77.9
2021-05-21,76.5102,79.6
2021-05-22,77.5128,87.7
2021-05-23,79.0007,79.5
2021-05-24,77.1854,79.6
2021-05-25,80.2123,78.9
2021-05-26,83.446,81.7
2021-05-27,82.4433,83.4
2021-05-28,79.768,82.3
2021-05-29,78.4915,83.3
2021-05-30,77.6342,86.1
2021-05-31,79.9796,85.1
2021-06-01,78.7436,89.9
2021-06-02,78.4421,91.6
2021-06-03,78.3518,95.6
2021-06-04,78.9496,97.3
2021-06-05,78.0441,97.2
2021-06-06,78.9168,98.1
2021-06-07,80.6766,96.8
2021-06-08,80.8753,94.1
2021-06-09,80.3585,92.4
2021-06-10,78.2714,86.0
2021-06-11,79.0768,78.6
2021-06-12,79.8111,75.9
2021-06-13,80.1098,76.2
2021-06-14,79.7671,76.5
2021-06-15,79.1754,76.0
2021-06-16,79.6348,74.0
2021-06-17,82.5814,74.3
2021-06-18,80.7834,74.5
2021-06-19,79.8537,75.9
2021-06-20,79.6577,77.5
2021-06-21,80.5437,80.0
2021-06-22,81.5099,83.0
2021-06-23,81.4598,85.3
2021-06-24,81.7327,89.8
2021-06-25,81.8826,96.5
2021-06-26,81.638,91.8
2021-06-27,83.5195,90.2
2021-06-28,84.7002,86.5
2021-06-29,86.3692,84.2
2021-06-30,87.1315,83.4
2021-07-01,87.2038,82.1
2021-07-02,87.615,81.2
2021-07-03,87.4517,78.1
2021-07-04,86.6365,77.8
2021-07-05,85.7563,78.2
2021-07-06,83.9283,77.2
2021-07-07,80.8529,76.8
2021-07-08,79.2837,78.1
2021-07-09,79.2869,72.8
2021-07-10,79.4131,76.5
2021-07-11,79.4536,76.5
2021-07-12,78.9655,75.8
2021-07-13,78.6738,75.5
2021-07-14,79.0852,75.0
2021-07-15,79.6223,75.3
2021-07-16,80.2344,75.8
2021-07-17,81.123,75.6
2021-07-18,82.2083,74.8
2021-07-19,83.0633,74.5
2021-07-20,85.1496,76.5
2021-07-21,87.6498,76.3
2021-07-22,87.165,75.0
2021-07-23,86.9721,77.1
2021-07-24,85.3902,76.7
2021-07-25,84.057,79.5
2021-07-26,83.7132,78.9
2021-07-27,83.055,78.8
2021-07-28,82.4009,79.8
2021-07-29,81.3376,82.6
2021-07-30,80.7599,85.4
2021-07-31,81.039,90.5
2021-08-01,80.3164,91.3
2021-08-02,79.7904,91.7
2021-08-03,80.4293,90.5
2021-08-04,78.4385,92.4
2021-08-05,79.3278,86.0
2021-08-06,78.6919,85.7
2021-08-07,78.4618,87.3
2021-08-08,78.4057,85.3
2021-08-09,78.3378,88.0
2021-08-10,78.525,94.9
2021-08-11,78.7271,101.1
2021-08-12,78.9215,102.8
2021-08-13,78.9089,101.9
2021-08-14,78.8257,101.1
2021-08-15,79.4698,97.6
2021-08-16,79.5985,93.0
2021-08-17,79.2727,88.8
2021-08-18,79.9728,84.3
2021-08-19,80.107,79.0
2021-08-20,81.3227,76.1
2021-08-21,81.0062,74.0
2021-08-22,80.8391,74.1
2021-08-23,81.4641,74.4
2021-08-24,82.5733,75.7
2021-08-25,84.3325,80.7
2021-08-26,86.4721,85.5
2021-08-27,87.5736,89.2
2021-08-28,87.9817,90.2
2021-08-29,87.142,88.9
2021-08-30,86.9364,88.9
2021-08-31,84.9506,86.7
2021-09-01,83.7477,85.6
2021-09-02,84.6627,89.3
2021-09-03,83.4747,102.0
2021-09-04,86.0674,94.8
2021-09-05,88.4197,90.7
2021-09-06,91.3628,87.1
2021-09-07,92.654,86.1
2021-09-08,93.5383,83.5
2021-09-09,93.9665,81.7
2021-09-10,92.8273,84.7
2021-09-11,90.3684,85.6
2021-09-12,88.8434,92.2
2021-09-13,86.9878,89.8
2021-09-14,84.6412,84.2
2021-09-15,82.7994,88.2
2021-09-16,81.8438,83.1
2021-09-17,81.5693,83.1
2021-09-18,81.4925,83.6
2021-09-19,81.8517,81.2
2021-09-20,84.0638,79.8
2021-09-21,86.1882,77.1
2021-09-22,87.2881,76.2
2021-09-23,87.4145,78.2
2021-09-24,87.2522,77.2
2021-09-25,87.2791,81.6
2021-09-26,86.9065,84.8
2021-09-27,86.1932,89.1
2021-09-28,87.8503,92.8
2021-09-29,92.0825,100.6
2021-09-30,89.9108,109.4
2021-10-01,88.7892,110.8
2021-10-02,87.8868,111.3
2021-10-03,87.2916,106.5
2021-10-04,85.9607,108.9
2021-10-05,85.1713,100.2
2021-10-06,85.7226,96.1
2021-10-07,85.6234,94.5
2021-10-08,87.8086,90.9
2021-10-09,87.2107,90.8
2021-10-10,84.6439,89.6
2021-10-11,86.6757,85.4
2021-10-12,84.372,88.2
2021-10-13,84.1478,89.1
2021-10-14,84.2053,89.6
2021-10-15,83.5415,86.9
2021-10-16,82.8233,82.5
2021-10-17,81.4047,82.3
2021-10-18,80.857,81.9
2021-10-19,81.3634,77.4
2021-10-20,81.1156,79.1
2021-10-21,82.2577,79.0
2021-10-22,83.7775,78.5
2021-10-23,86.132,77.1
2021-10-24,87.7736,77.0
2021-10-25,91.3366,79.7
2021-10-26,94.9898,77.9
2021-10-27,96.8948,77.5
2021-10-28,97.9127,78.9
2021-10-29,96.3837,84.4
2021-10-30,96.5604,82.7
2021-10-31,94.3967,91.1
2021-11-01,92.8852,90.0
2021-11-02,91.3626,91.0
2021-11-03,89.9445,89.8
2021-11-04,89.6973,87.5
2021-11-05,89.8014,84.0
2021-11-06,87.9391,84.2
2021-11-07,89.3937,82.9
2021-11-08,89.7361,85.6
2021-11-09,90.012,80.3
2021-11-10,88.6471,77.6
2021-11-11,86.3559,76.6
2021-11-12,86.1182,74.6
2021-11-13,85.8655,74.4
2021-11-14,84.0507,73.4
2021-11-15,85.0126,73.9
2021-11-16,85.2426,77.4
2021-11-17,84.4338,78.2
2021-11-18,83.966,86.2
2021-11-19,84.0426,99.3
2021-11-20,85.2228,114.2
2021-11-21,84.6688,117.0
2021-11-22,84.3394,117.4
2021-11-23,84.7265,111.6
2021-11-24,86.9962,118.8
2021-11-25,86.876,132.2
2021-11-26,89.6903,135.8
2021-11-27,89.827,125.6
2021-11-28,90.2153,122.1
2021-11-29,89.7706,126.5
2021-11-30,89.5276,121.2
2021-12-01,87.0559,119.9
2021-12-02,87.163,116.5
2021-12-03,86.1216,107.8
2021-12-04,86.7754,99.0
2021-12-05,84.7461,98.2
2021-12-06,83.3054,90.8
2021-12-07,82.524,86.0
2021-12-08,82.0336,81.3
2021-12-09,81.9175,82.7
2021-12-10,81.5985,81.0
2021-12-11,81.7618,90.6
2021-12-12,82.3357,103.8
2021-12-13,82.512,99.1
2021-12-14,85.8509,98.7
2021-12-15,90.6929,98.8
2021-12-16,97.0811,96.7
2021-12-17,99.8585,99.8
2021-12-18,100.7322,102.1
2021-12-19,99.5786,106.6
2021-12-20,102.139,111.8
2021-12-21,107.6473,115.6
2021-12-22,110.4596,109.9
2021-12-23,107.6316,110.8
2021-12-24,106.3047,101.9
2021-12-25,107.1033,96.1
2021-12-26,106.2563,94.3
2021-12-27,106.1969,92.2
2021-12-28,105.4756,90.6
2021-12-29,102.0639,92.2
2021-12-30,98.6269,97.8
2021-12-31,97.8013,98.7
