t_date,oof_adj,y_adj
1996-02-29,68.5165,66.8
1996-03-01,68.3881,68.8
1996-03-02,68.3408,66.6
1996-03-03,68.1138,68.2
1996-03-04,68.0272,70.9
1996-03-05,67.8696,72.4
1996-03-06,68.1059,70.5
1996-03-07,67.8978,70.0
1996-03-08,68.5425,69.6
1996-03-09,68.4671,70.3
1996-03-10,69.0237,70.0
1996-03-11,71.4529,70.0
1996-03-12,71.6093,69.4
1996-03-13,70.8651,68.8
1996-03-14,71.0034,69.9
1996-03-15,70.9451,73.4
1996-03-16,70.8463,71.6
1996-03-17,70.6303,70.9
1996-03-18,70.3846,72.1
1996-03-19,70.0746,71.6
1996-03-20,69.4258,71.6
1996-03-21,69.7524,71.7
1996-03-22,71.2772,70.3
1996-03-23,70.6224,70.1
1996-03-24,69.7785,70.0
1996-03-25,70.2111,68.1
1996-03-26,70.1308,70.6
1996-03-27,69.6908,71.1
1996-03-28,69.8716,70.2
1996-03-29,68.5851,70.0
1996-03-30,68.4454,68.8
1996-03-31,68.9484,68.6
1996-04-01,68.7011,68.6
1996-04-02,69.2134,69.3
1996-04-03,69.5216,69.1
1996-04-04,69.3721,68.8
1996-04-05,69.5844,68.7
1996-04-06,69.5017,69.3
1996-04-07,69.4474,69.1
1996-04-08,69.2321,68.5
1996-04-09,69.5246,68.8
1996-04-10,69.8622,69.9
1996-04-11,70.0048,70.8
1996-04-12,70.2516,71.2
1996-04-13,69.8986,72.3
1996-04-14,69.8102,74.8
1996-04-15,69.2534,73.2
1996-04-16,69.0599,71.9
1996-04-17,69.3913,69.5
1996-04-18,69.2627,68.7
1996-04-19,69.348,69.1
1996-04-20,70.1858,69.2
1996-04-21,71.3136,68.6
1996-04-22,70.7278,69.5
1996-04-23,69.9547,69.6
1996-04-24,68.5878,68.9
1996-04-25,68.0971,69.0
1996-04-26,68.1459,69.5
1996-04-27,68.264,70.6
1996-04-28,67.9984,72.0
1996-04-29,68.4928,76.0
1996-04-30,68.8993,76.3
1996-05-01,68.8735,77.5
1996-05-02,69.0351,77.7
1996-05-03,69.3323,79.1
1996-05-04,69.5293,78.0
1996-05-05,70.3549,75.1
1996-05-06,73.0977,74.3
1996-05-07,73.7795,73.4
1996-05-08,73.7418,72.5
1996-05-09,75.3193,72.6
1996-05-10,75.2158,72.9
1996-05-11,74.6154,72.0
1996-05-12,73.0178,70.4
1996-05-13,72.4189,69.6
1996-05-14,71.3777,68.5
1996-05-15,70.7617,68.1
1996-05-16,70.7899,68.9
1996-05-17,71.0542,69.0
1996-05-18,70.6075,68.7
1996-05-19,69.6279,68.7
1996-05-20,69.4063,68.4
1996-05-21,69.0549,67.8
1996-05-22,68.9846,68.3
1996-05-23,69.241,68.4
1996-05-24,69.6002,69.9
1996-05-25,69.7092,70.8
1996-05-26,70.1159,70.7
1996-05-27,70.4655,71.3
1996-05-28,70.5511,71.6
1996-05-29,70.7038,73.0
1996-05-30,70.7674,73.9
1996-05-31,70.8282,75.9
1996-06-01,71.0138,72.9
1996-06-02,71.168,72.4
1996-06-03,71.4389,71.5
1996-06-04,71.809,70.6
1996-06-05,72.6959,69.7
1996-06-06,73.1986,70.7
1996-06-07,73.682,70.1
1996-06-08,72.1343,69.5
1996-06-09,71.6243,69.6
1996-06-10,70.8046,69.8
1996-06-11,69.746,69.9
1996-06-12,69.3596,70.7
1996-06-13,69.4138,71.9
1996-06-14,69.0899,72.7
1996-06-15,68.5928,72.6
1996-06-16,68.595,72.0
1996-06-17,68.4626,75.2
1996-06-18,68.8868,74.7
1996-06-19,70.647,74.5
1996-06-20,71.7398,74.0
1996-06-21,72.5365,74.2
1996-06-22,72.9371,73.7
1996-06-23,72.3528,73.6
1996-06-24,74.1682,73.3
1996-06-25,74.029,72.8
1996-06-26,73.6768,71.3
1996-06-27,73.5641,71.5
1996-06-28,72.8523,71.0
1996-06-29,72.5122,70.5
1996-06-30,72.1376,74.3
1996-07-01,71.4742,84.3
1996-07-02,71.0114,86.5
1996-07-03,70.1746,82.5
1996-07-04,70.186,79.6
1996-07-05,69.9291,76.2
1996-07-06,69.9348,72.5
1996-07-07,72.2728,70.0
1996-07-08,78.0072,69.3
1996-07-09,78.5277,69.1
1996-07-10,77.1441,69.0
1996-07-11,75.3459,67.0
1996-07-12,73.6571,68.3
1996-07-13,72.1138,67.5
1996-07-14,71.0575,67.2
1996-07-15,70.8588,68.2
1996-07-16,70.9166,68.9
1996-07-17,71.1138,68.3
1996-07-18,71.1091,70.4
1996-07-19,71.925,72.4
1996-07-20,71.8666,75.6
1996-07-21,71.8692,77.8
1996-07-22,72.2837,80.3
1996-07-23,72.4931,82.3
1996-07-24,72.1991,82.7
1996-07-25,72.5642,82.8
1996-07-26,73.4673,81.9
1996-07-27,77.0507,81.6
1996-07-28,80.8317,79.9
1996-07-29,82.1374,76.2
1996-07-30,83.336,75.1
1996-07-31,78.4796,73.7
1996-08-01,77.2592,71.7
1996-08-02,75.462,72.1
1996-08-03,74.4293,73.6
1996-08-04,73.4195,74.8
1996-08-05,71.9733,72.0
1996-08-06,72.0467,71.4
1996-08-07,71.8928,70.5
1996-08-08,71.4384,69.3
1996-08-09,71.5469,69.3
1996-08-10,72.5384,69.5
1996-08-11,73.5493,68.4
1996-08-12,72.1219,69.3
1996-08-13,71.5778,70.1
1996-08-14,71.3738,71.3
1996-08-15,71.7116,74.5
1996-08-16,72.1759,75.8
1996-08-17,72.7683,76.2
1996-08-18,72.8958,76.3
1996-08-19,73.2444,75.8
1996-08-20,73.4585,75.9
1996-08-21,73.8514,74.7
1996-08-22,75.3389,75.0
1996-08-23,76.1563,74.7
1996-08-24,76.1523,77.6
1996-08-25,75.7933,74.8
1996-08-26,75.834,73.6
1996-08-27,74.9778,72.4
1996-08-28,74.0367,72.0
1996-08-29,73.8075,71.4
1996-08-30,73.3755,70.8
1996-08-31,74.7057,70.5
1996-09-01,72.8384,69.2
1996-09-02,72.2958,68.8
1996-09-03,71.5793,68.9
1996-09-04,71.0319,68.5
1996-09-05,70.6845,68.6
1996-09-06,70.3136,68.1
1996-09-07,70.4459,67.9
1996-09-08,70.1708,67.1
1996-09-09,70.0856,68.7
1996-09-10,70.326,69.6
1996-09-11,70.9508,69.6
1996-09-12,71.6116,69.8
1996-09-13,71.4944,69.7
1996-09-14,71.4021,70.3
1996-09-15,71.0023,69.1
1996-09-16,71.2221,70.4
1996-09-17,71.4068,70.4
1996-09-18,71.288,71.2
1996-09-19,71.2398,70.4
1996-09-20,71.4413,70.1
1996-09-21,70.9358,71.2
1996-09-22,70.5463,70.3
1996-09-23,70.8021,69.7
1996-09-24,70.7057,69.6
1996-09-25,70.7828,69.8
1996-09-26,70.3913,69.6
1996-09-27,70.0091,69.4
1996-09-28,69.9917,68.5
1996-09-29,69.4139,68.8
1996-09-30,69.3592,68.2
1996-10-01,69.3098,67.7
1996-10-02,69.2682,67.7
1996-10-03,69.0404,67.4
1996-10-04,68.9466,66.4
1996-10-05,68.7102,66.9
1996-10-06,68.9836,67.3
1996-10-07,69.0929,68.2
1996-10-08,69.0055,68.6
1996-10-09,69.0371,68.1
1996-10-10,69.135,68.0
1996-10-11,69.0876,69.0
1996-10-12,69.0186,70.4
1996-10-13,69.214,70.6
1996-10-14,69.5652,69.0
1996-10-15,69.6594,69.1
1996-10-16,69.3473,69.1
1996-10-17,69.0993,69.1
1996-10-18,69.2692,69.1
1996-10-19,69.3626,70.3
1996-10-20,69.3246,71.2
1996-10-21,68.906,67.5
1996-10-22,69.0397,69.4
1996-10-23,69.0183,69.7
1996-10-24,68.8018,68.6
1996-10-25,68.6973,68.5
1996-10-26,69.1251,67.9
1996-10-27,69.3047,68.3
1996-10-28,68.19,67.8
1996-10-29,68.5741,67.1
1996-10-30,68.6643,68.0
1996-10-31,68.0962,67.3
1996-11-01,67.9658,67.8
1996-11-02,67.8854,68.9
1996-11-03,67.9963,69.6
1996-11-04,67.9489,70.0
1996-11-05,67.9183,70.7
1996-11-06,68.1368,71.5
1996-11-07,68.1817,72.1
1996-11-08,68.48,71.9
1996-11-09,68.9454,72.2
1996-11-10,69.7364,70.4
1996-11-11,70.0502,72.4
1996-11-12,70.6711,72.6
1996-11-13,71.0468,72.7
1996-11-14,70.8256,72.6
1996-11-15,70.6734,80.6
1996-11-16,71.2646,88.7
1996-11-17,69.2808,97.3
1996-11-18,69.8912,101.7
1996-11-19,70.1826,100.8
1996-11-20,70.0851,100.0
1996-11-21,70.6542,95.4
1996-11-22,74.9706,88.5
1996-11-23,79.2579,85.1
1996-11-24,80.8362,80.8
1996-11-25,82.0682,75.7
1996-11-26,81.1708,70.7
1996-11-27,80.3983,68.6
1996-11-28,76.8438,67.6
1996-11-29,74.9806,67.6
1996-11-30,74.2805,67.1
1996-12-01,73.1102,66.6
1996-12-02,72.0011,71.5
1996-12-03,70.9386,70.2
1996-12-04,70.9845,75.2
1996-12-05,70.6967,78.6
1996-12-06,71.2931,79.2
1996-12-07,71.4883,80.0
1996-12-08,72.2935,82.3
1996-12-09,75.1542,83.5
1996-12-10,75.7539,83.6
1996-12-11,78.3682,85.6
1996-12-12,82.794,84.6
1996-12-13,83.9027,80.3
1996-12-14,85.5308,80.9
1996-12-15,85.6285,78.9
1996-12-16,84.5406,76.9
1996-12-17,83.3458,76.4
1996-12-18,83.1252,74.7
1996-12-19,81.0594,73.0
1996-12-20,78.5053,72.2
1996-12-21,78.1956,71.8
1996-12-22,77.1297,71.4
1996-12-23,74.9629,70.1
1996-12-24,74.4069,69.8
1996-12-25,73.9363,70.0
1996-12-26,73.0291,69.7
1996-12-27,72.0178,70.8
1996-12-28,71.4936,71.4
1996-12-29,71.7267,71.9
1996-12-30,71.1366,70.6
1996-12-31,71.9145,70.9
1997-01-01,72.5968,71.3
1997-01-02,72.95,71.3
1997-01-03,73.7165,72.9
1997-01-04,74.4572,71.6
1997-01-05,75.5147,72.1
1997-01-06,74.9218,72.1
1997-01-07,75.0295,72.4
1997-01-08,75.1185,73.3
1997-01-09,74.8814,72.4
1997-01-10,75.5578,71.7
1997-01-11,74.7921,72.2
1997-01-12,74.5886,72.9
1997-01-13,74.4055,74.3
1997-01-14,73.9837,71.8
1997-01-15,73.9907,70.7
1997-01-16,72.7995,71.1
1997-01-17,71.808,71.9
1997-01-18,71.6784,70.9
1997-01-19,71.5187,71.9
1997-01-20,71.8241,71.3
1997-01-21,70.6996,70.8
1997-01-22,70.0468,72.4
1997-01-23,70.6831,71.5
1997-01-24,72.4131,70.3
1997-01-25,71.477,69.2
1997-01-26,71.9958,76.2
1997-01-27,71.8716,77.4
1997-01-28,71.8337,78.4
1997-01-29,73.7454,73.3
1997-01-30,73.1752,72.2
1997-01-31,72.5937,73.7
1997-02-01,72.5762,73.2
1997-02-02,75.3482,71.2
1997-02-03,76.2376,70.4
1997-02-04,77.2823,69.3
1997-02-05,74.5127,69.1
1997-02-06,73.731,69.3
1997-02-07,74.1701,69.6
1997-02-08,73.7755,70.1
1997-02-09,72.7761,70.3
1997-02-10,72.0712,71.4
1997-02-11,71.6541,71.2
1997-02-12,71.3444,70.4
1997-02-13,71.4398,71.0
1997-02-14,71.4786,71.6
1997-02-15,71.6316,71.9
1997-02-16,71.6154,73.0
1997-02-17,71.8392,73.1
1997-02-18,72.1904,72.6
1997-02-19,71.9586,72.4
1997-02-20,71.9973,72.4
1997-02-21,72.4971,71.5
1997-02-22,73.5952,72.9
1997-02-23,74.2035,71.1
1997-02-24,74.8579,72.8
1997-02-25,74.0097,72.8
1997-02-26,73.2543,73.4
1997-02-27,73.1583,74.2
1997-02-28,72.5794,73.1
1997-03-01,72.7747,73.6
1997-03-02,71.5544,74.1
1997-03-03,72.2249,73.8
1997-03-04,72.3932,73.4
1997-03-05,72.5934,73.4
1997-03-06,74.2644,73.3
1997-03-07,73.7006,74.7
1997-03-08,73.8261,75.0
1997-03-09,74.2741,75.0
1997-03-10,72.6921,74.4
1997-03-11,72.057,73.7
1997-03-12,71.9592,73.1
1997-03-13,71.9998,71.0
1997-03-14,73.0652,70.0
1997-03-15,73.2824,70.1
1997-03-16,73.6136,70.3
1997-03-17,73.5199,70.6
1997-03-18,73.5257,70.2
1997-03-19,73.1003,69.5
1997-03-20,71.7325,71.9
1997-03-21,71.36,72.9
1997-03-22,71.1078,75.1
1997-03-23,71.2879,73.8
1997-03-24,71.1772,74.6
1997-03-25,71.0836,76.2
1997-03-26,71.1388,80.4
1997-03-27,72.1736,78.8
1997-03-28,74.3147,78.6
1997-03-29,75.6141,80.3
1997-03-30,75.7798,78.3
1997-03-31,74.6421,77.0
1997-04-01,75.1646,76.3
1997-04-02,78.3166,78.3
1997-04-03,77.8826,78.0
1997-04-04,77.6239,77.4
1997-04-05,78.1478,76.9
1997-04-06,76.7522,79.3
1997-04-07,75.9237,77.9
1997-04-08,75.39,79.2
1997-04-09,76.6655,75.6
1997-04-10,76.2261,72.3
1997-04-11,75.4001,70.7
1997-04-12,75.0958,70.6
1997-04-13,76.8735,70.4
1997-04-14,76.271,70.9
1997-04-15,77.0606,71.5
1997-04-16,75.3849,69.7
1997-04-17,73.8828,70.7
1997-04-18,72.7868,69.6
1997-04-19,72.6362,71.8
1997-04-20,72.6498,74.1
1997-04-21,72.9679,73.4
1997-04-22,74.5007,72.9
1997-04-23,73.9961,73.7
1997-04-24,74.1455,73.4
1997-04-25,73.9444,73.3
1997-04-26,74.8099,72.3
1997-04-27,76.4652,72.1
1997-04-28,76.2413,73.6
1997-04-29,76.2369,73.4
1997-04-30,76.4768,73.3
1997-05-01,75.9365,73.3
1997-05-02,75.5837,73.0
1997-05-03,74.9262,74.8
1997-05-04,74.1984,73.8
1997-05-05,74.9598,73.7
1997-05-06,75.5004,75.4
1997-05-07,74.6793,75.1
1997-05-08,73.519,74.7
1997-05-09,72.8047,73.9
1997-05-10,73.6497,74.4
1997-05-11,73.166,75.8
1997-05-12,73.1174,76.0
1997-05-13,73.7911,81.1
1997-05-14,73.7622,86.9
1997-05-15,73.8348,83.0
1997-05-16,73.8932,78.1
1997-05-17,74.2674,78.9
1997-05-18,74.5099,80.1
1997-05-19,75.3662,82.0
1997-05-20,78.4249,80.4
1997-05-21,80.6172,79.5
1997-05-22,79.43,77.6
1997-05-23,75.7051,77.2
1997-05-24,76.1093,74.5
1997-05-25,77.2473,79.6
1997-05-26,78.3731,79.1
1997-05-27,77.9018,77.4
1997-05-28,77.4029,76.1
1997-05-29,77.5978,76.1
1997-05-30,77.5574,76.4
1997-05-31,76.4076,76.9
1997-06-01,78.2217,75.4
1997-06-02,78.5409,75.3
1997-06-03,77.2619,74.2
1997-06-04,76.9467,73.0
1997-06-05,77.231,71.8
1997-06-06,77.3914,72.3
1997-06-07,78.2316,72.9
1997-06-08,77.9237,73.0
1997-06-09,78.7158,74.4
1997-06-10,79.2237,71.8
1997-06-11,77.7545,73.5
1997-06-12,77.2815,72.4
1997-06-13,76.7318,72.5
1997-06-14,77.3546,69.8
1997-06-15,77.7314,71.8
1997-06-16,78.0903,71.3
1997-06-17,76.2916,72.2
1997-06-18,77.5323,74.1
1997-06-19,76.4718,74.2
1997-06-20,76.2422,74.1
1997-06-21,75.4365,73.6
1997-06-22,75.6529,72.6
1997-06-23,74.7645,72.1
1997-06-24,74.7052,72.4
1997-06-25,76.1869,72.4
1997-06-26,76.0584,71.4
1997-06-27,75.5826,72.0
1997-06-28,74.6164,72.0
1997-06-29,74.1417,70.6
1997-06-30,73.272,72.6
1997-07-01,73.2145,72.1
1997-07-02,73.6773,72.3
1997-07-03,72.5182,70.8
1997-07-04,72.478,70.9
1997-07-05,72.655,69.6
1997-07-06,71.8415,69.3
1997-07-07,72.576,70.3
1997-07-08,72.3491,71.5
1997-07-09,72.2792,71.9
1997-07-10,71.2191,72.2
1997-07-11,70.7005,72.3
1997-07-12,70.6326,72.8
1997-07-13,70.9663,73.5
1997-07-14,70.9885,73.6
1997-07-15,71.6797,74.5
1997-07-16,71.9874,78.1
1997-07-17,72.3183,81.2
1997-07-18,72.2665,83.0
1997-07-19,72.3388,79.0
1997-07-20,72.88,76.8
1997-07-21,73.1711,76.5
1997-07-22,74.2792,75.0
1997-07-23,77.2092,73.2
1997-07-24,79.6669,72.5
1997-07-25,80.545,73.2
1997-07-26,77.7443,72.9
1997-07-27,75.9817,74.3
1997-07-28,75.6358,74.9
1997-07-29,75.1123,76.9
1997-07-30,73.8334,79.0
1997-07-31,73.4303,80.1
1997-08-01,73.8205,79.9
1997-08-02,73.931,80.3
1997-08-03,75.6921,80.4
1997-08-04,75.542,81.6
1997-08-05,76.7259,83.0
1997-08-06,78.596,84.2
1997-08-07,79.153,81.6
1997-08-08,79.981,79.6
1997-08-09,79.7091,79.8
1997-08-10,79.9311,77.4
1997-08-11,82.5957,77.7
1997-08-12,82.6531,76.1
1997-08-13,82.899,76.3
1997-08-14,81.872,76.3
1997-08-15,79.7445,77.2
1997-08-16,79.5892,78.2
1997-08-17,77.9985,79.4
1997-08-18,78.0751,83.7
1997-08-19,77.1205,85.5
1997-08-20,77.3464,83.5
1997-08-21,77.8757,92.3
1997-08-22,78.3776,93.3
1997-08-23,79.6279,93.8
1997-08-24,80.3891,98.2
1997-08-25,84.2728,95.1
1997-08-26,86.0673,93.3
1997-08-27,84.9084,94.7
1997-08-28,86.6432,94.6
1997-08-29,87.1045,97.6
1997-08-30,86.4747,99.1
1997-08-31,88.1305,103.6
1997-09-01,86.8791,109.3
1997-09-02,84.9213,117.7
1997-09-03,85.3095,116.4
1997-09-04,86.6499,110.0
1997-09-05,86.4663,110.3
1997-09-06,85.7361,108.9
1997-09-07,88.8116,103.7
1997-09-08,94.1801,99.1
1997-09-09,98.1681,96.4
1997-09-10,86.9587,94.0
1997-09-11,85.2925,89.0
1997-09-12,84.3773,89.1
1997-09-13,84.5715,88.4
1997-09-14,84.3999,85.8
1997-09-15,82.1548,89.6
1997-09-16,82.2336,92.3
1997-09-17,82.9317,93.5
1997-09-18,82.6589,88.9
1997-09-19,83.6211,89.5
1997-09-20,85.2271,88.8
1997-09-21,87.433,87.5
1997-09-22,91.5274,90.0
1997-09-23,93.3625,87.9
1997-09-24,95.586,87.3
1997-09-25,93.6901,86.0
1997-09-26,93.3011,85.8
1997-09-27,92.3358,83.4
1997-09-28,90.6514,84.3
1997-09-29,91.4092,83.6
1997-09-30,91.6594,83.4
1997-10-01,91.5728,82.7
1997-10-02,90.6891,83.3
1997-10-03,89.3848,84.0
1997-10-04,87.5272,85.8
1997-10-05,86.9423,88.3
1997-10-06,86.6412,87.8
1997-10-07,86.6448,84.3
1997-10-08,86.5596,86.4
1997-10-09,86.7858,86.9
1997-10-10,86.3695,87.5
1997-10-11,87.0137,85.9
1997-10-12,88.1549,84.0
1997-10-13,87.1831,82.1
1997-10-14,85.8871,84.2
1997-10-15,85.8729,79.9
1997-10-16,85.5801,78.8
1997-10-17,85.6587,77.7
1997-10-18,85.5333,80.5
1997-10-19,84.2147,81.0
1997-10-20,84.4247,83.3
1997-10-21,85.9302,84.4
1997-10-22,84.0501,86.0
1997-10-23,83.5576,86.9
1997-10-24,83.4911,89.2
1997-10-25,85.7619,91.6
1997-10-26,86.5272,96.2
1997-10-27,89.6035,108.0
1997-10-28,89.6789,115.9
1997-10-29,91.5821,111.9
1997-10-30,92.7991,103.5
1997-10-31,89.3243,92.7
1997-11-01,89.4671,87.9
1997-11-02,92.177,84.8
1997-11-03,96.3859,87.6
1997-11-04,95.6434,89.6
1997-11-05,92.2201,85.4
1997-11-06,88.9739,88.2
1997-11-07,84.1167,91.0
1997-11-08,83.7278,94.1
1997-11-09,83.104,94.1
1997-11-10,83.6817,92.0
1997-11-11,84.7085,89.4
1997-11-12,84.4654,96.8
1997-11-13,87.3427,86.5
1997-11-14,93.323,93.6
1997-11-15,100.3949,97.7
1997-11-16,101.2206,97.3
1997-11-17,96.3459,100.6
1997-11-18,94.7809,99.4
1997-11-19,96.782,105.2
1997-11-20,92.4572,108.2
1997-11-21,93.9201,113.2
1997-11-22,94.3703,109.0
1997-11-23,92.8518,109.3
1997-11-24,93.5027,113.7
1997-11-25,92.5755,109.0
1997-11-26,99.1866,109.0
1997-11-27,104.2876,104.2
1997-11-28,108.0675,100.7
1997-11-29,106.16,105.6
1997-11-30,97.4554,96.0
1997-12-01,97.7507,95.1
1997-12-02,92.8659,93.8
1997-12-03,91.3106,92.2
1997-12-04,89.7674,93.4
1997-12-05,87.4109,89.6
1997-12-06,89.6962,86.5
1997-12-07,87.9063,87.1
1997-12-08,89.6296,86.3
1997-12-09,88.5545,82.0
1997-12-10,86.9194,82.9
1997-12-11,87.3655,83.5
1997-12-12,87.0712,86.8
1997-12-13,86.7344,86.7
1997-12-14,88.4419,89.0
1997-12-15,89.2435,85.5
1997-12-16,90.8194,100.7
1997-12-17,89.9294,104.3
1997-12-18,90.3067,101.3
1997-12-19,91.6011,101.3
1997-12-20,93.5678,92.7
1997-12-21,95.8466,98.7
1997-12-22,96.3674,101.0
1997-12-23,108.2286,101.0
1997-12-24,103.808,101.1
1997-12-25,100.3099,98.3
1997-12-26,99.8675,97.6
1997-12-27,91.7024,97.7
1997-12-28,92.4791,87.7
1997-12-29,92.8148,86.3
1997-12-30,91.4153,84.1
1997-12-31,91.8885,82.1
1998-01-01,89.49,79.5
1998-01-02,89.4541,78.9
1998-01-03,89.2884,78.0
1998-01-04,84.3369,82.0
1998-01-05,84.9108,92.7
1998-01-06,84.6029,87.5
1998-01-07,85.5366,90.8
1998-01-08,84.6817,94.6
1998-01-09,85.669,94.4
1998-01-10,86.4901,93.1
1998-01-11,91.4671,92.0
1998-01-12,97.2528,90.5
1998-01-13,94.3502,88.5
1998-01-14,94.6795,88.0
1998-01-15,95.5224,90.1
1998-01-16,94.4552,93.9
1998-01-17,93.2231,94.5
1998-01-18,90.8187,105.0
1998-01-19,89.4464,96.9
1998-01-20,88.9041,97.7
1998-01-21,89.2614,93.7
1998-01-22,89.9589,90.9
1998-01-23,94.4148,88.4
1998-01-24,97.3025,86.8
1998-01-25,102.2667,88.1
1998-01-26,94.0092,86.5
1998-01-27,91.1693,86.3
1998-01-28,87.8977,86.6
1998-01-29,86.3894,83.1
1998-01-30,86.8095,81.8
1998-01-31,86.9333,80.8
1998-02-01,87.7172,81.3
1998-02-02,88.6873,81.5
1998-02-03,90.8533,81.5
1998-02-04,91.5461,84.0
1998-02-05,91.1701,88.3
1998-02-06,90.7767,92.3
1998-02-07,88.9146,102.3
1998-02-08,89.9732,104.7
1998-02-09,90.7246,104.2
1998-02-10,94.0148,102.4
1998-02-11,94.9448,100.9
1998-02-12,99.2056,96.3
1998-02-13,101.1948,93.6
1998-02-14,101.7697,92.8
1998-02-15,99.6477,93.5
1998-02-16,97.035,97.3
1998-02-17,94.7456,96.6
1998-02-18,91.0257,92.9
1998-02-19,88.5703,90.9
1998-02-20,86.0996,88.6
1998-02-21,85.1303,92.3
1998-02-22,86.0231,96.5
1998-02-23,89.448,95.1
1998-02-24,90.7518,95.0
1998-02-25,87.6436,100.0
1998-02-26,85.5181,95.1
1998-02-27,84.862,90.3
1998-02-28,86.5298,90.5
1998-03-01,90.6391,89.9
1998-03-02,92.6473,88.7
1998-03-03,92.0279,95.0
1998-03-04,93.491,99.4
1998-03-05,91.6995,100.3
1998-03-06,90.4031,103.7
1998-03-07,91.6385,118.2
1998-03-08,92.3874,131.6
1998-03-09,92.4797,122.6
1998-03-10,97.0149,124.3
1998-03-11,100.0642,125.9
1998-03-12,100.6636,123.5
1998-03-13,101.2423,125.5
1998-03-14,103.6113,124.9
1998-03-15,109.0594,126.8
1998-03-16,102.9326,121.3
1998-03-17,98.3741,119.9
1998-03-18,99.5037,114.4
1998-03-19,98.1518,109.5
1998-03-20,99.4267,110.0
1998-03-21,99.6744,103.6
1998-03-22,104.6819,100.0
1998-03-23,105.9308,107.2
1998-03-24,106.9678,107.9
1998-03-25,94.3822,105.6
1998-03-26,92.7244,103.4
1998-03-27,92.355,103.6
1998-03-28,91.8548,110.2
1998-03-29,95.5495,126.4
1998-03-30,98.5289,133.7
1998-03-31,103.3721,135.5
1998-04-01,103.6143,141.0
1998-04-02,103.1032,140.2
1998-04-03,104.2593,130.2
1998-04-04,108.223,128.8
1998-04-05,122.2903,117.6
1998-04-06,134.7984,115.5
1998-04-07,139.5126,112.6
1998-04-08,143.2304,113.5
1998-04-09,135.4589,107.2
1998-04-10,123.9745,102.1
1998-04-11,116.9516,99.4
1998-04-12,108.405,96.7
1998-04-13,103.4923,98.7
1998-04-14,100.2031,92.9
1998-04-15,99.183,88.5
1998-04-16,95.7483,91.3
1998-04-17,95.3424,91.7
1998-04-18,95.8903,93.0
1998-04-19,97.5396,91.8
1998-04-20,97.9608,92.6
1998-04-21,97.5834,99.8
1998-04-22,97.0824,99.1
1998-04-23,100.1193,104.1
1998-04-24,102.7073,115.1
1998-04-25,110.61,118.8
1998-04-26,112.3104,119.3
1998-04-27,114.1783,123.2
1998-04-28,116.3921,135.7
1998-04-29,110.6834,132.4
1998-04-30,111.9986,125.6
1998-05-01,119.9517,120.2
1998-05-02,117.402,112.8
1998-05-03,114.2018,109.3
1998-05-04,113.9774,110.2
1998-05-05,119.0641,114.4
1998-05-06,112.3896,119.1
1998-05-07,107.7108,119.8
1998-05-08,107.5765,118.6
1998-05-09,106.3631,120.4
1998-05-10,102.0431,113.0
1998-05-11,100.3629,104.6
1998-05-12,104.8689,101.5
1998-05-13,108.5902,94.1
1998-05-14,109.5327,91.2
1998-05-15,103.9075,89.6
1998-05-16,103.3211,92.6
1998-05-17,103.6671,98.0
1998-05-18,103.3636,94.7
1998-05-19,103.2522,94.9
1998-05-20,102.7743,96.6
1998-05-21,103.9333,101.1
1998-05-22,104.2293,97.6
1998-05-23,106.5567,98.8
1998-05-24,111.7519,96.8
1998-05-25,113.8428,103.0
1998-05-26,116.2603,107.7
1998-05-27,117.6981,116.4
1998-05-28,116.6449,115.0
1998-05-29,112.0647,118.4
1998-05-30,112.4009,118.5
1998-05-31,111.1535,116.4
1998-06-01,111.5664,120.5
1998-06-02,114.9712,115.7
1998-06-03,118.9261,115.3
1998-06-04,120.9727,115.8
1998-06-05,121.8899,115.7
1998-06-06,111.2563,113.9
1998-06-07,106.9852,105.1
1998-06-08,106.4175,103.6
1998-06-09,101.8753,107.3
1998-06-10,99.0297,103.9
1998-06-11,100.9483,103.3
1998-06-12,106.6467,101.8
1998-06-13,107.4727,104.4
1998-06-14,103.3173,105.4
1998-06-15,103.8043,103.8
1998-06-16,101.6221,98.9
1998-06-17,100.5185,108.8
1998-06-18,101.0197,109.7
1998-06-19,99.6548,112.8
1998-06-20,101.5291,119.1
1998-06-21,104.8471,126.1
1998-06-22,106.446,123.3
1998-06-23,108.0769,125.0
1998-06-24,116.8277,131.1
1998-06-25,120.7091,124.4
1998-06-26,122.1671,131.9
1998-06-27,121.9591,133.5
1998-06-28,128.6901,127.6
1998-06-29,123.2162,125.2
1998-06-30,124.1073,118.5
1998-07-01,126.4073,116.2
1998-07-02,121.89,118.2
1998-07-03,122.6906,112.9
1998-07-04,115.5194,111.3
1998-07-05,110.1778,102.6
1998-07-06,107.176,109.7
1998-07-07,104.5139,106.3
1998-07-08,101.2226,108.2
1998-07-09,101.2895,109.7
1998-07-10,103.4148,103.6
1998-07-11,106.3525,102.4
1998-07-12,105.6525,105.2
1998-07-13,105.3975,115.4
1998-07-14,104.9482,113.9
1998-07-15,109.3099,117.8
1998-07-16,113.1917,119.1
1998-07-17,111.1872,129.2
1998-07-18,110.2224,125.5
1998-07-19,112.7849,122.8
1998-07-20,121.3077,123.2
1998-07-21,125.4088,125.1
1998-07-22,130.5887,123.1
1998-07-23,129.9865,118.3
1998-07-24,134.5997,117.2
1998-07-25,129.0463,115.4
1998-07-26,116.4121,112.9
1998-07-27,114.0047,111.7
1998-07-28,114.008,119.2
1998-07-29,111.6265,130.5
1998-07-30,106.6202,142.2
1998-07-31,105.2617,149.1
1998-08-01,107.0432,150.9
1998-08-02,109.1719,158.3
1998-08-03,112.3201,153.3
1998-08-04,118.503,154.1
1998-08-05,129.2449,150.9
1998-08-06,134.8458,140.4
1998-08-07,145.1218,140.6
1998-08-08,145.1965,136.8
1998-08-09,149.5125,143.3
1998-08-10,146.9993,139.7
1998-08-11,135.8389,136.8
1998-08-12,134.0889,137.9
1998-08-13,127.5888,141.9
1998-08-14,127.2086,135.2
1998-08-15,124.2494,135.9
1998-08-16,127.875,129.3
1998-08-17,126.7874,126.0
1998-08-18,121.5018,124.8
1998-08-19,135.3487,129.6
1998-08-20,141.2705,137.8
1998-08-21,140.1038,142.0
1998-08-22,141.0572,149.4
1998-08-23,128.6817,166.4
1998-08-24,126.7003,181.8
1998-08-25,127.212,180.2
1998-08-26,131.2263,166.3
1998-08-27,139.3139,165.5
1998-08-28,139.1003,157.3
1998-08-29,146.9903,156.8
1998-08-30,157.0364,167.1
1998-08-31,166.0831,153.5
1998-09-01,150.7897,155.8
1998-09-02,139.0837,147.4
1998-09-03,142.1741,143.6
1998-09-04,143.4551,140.4
1998-09-05,147.3792,136.6
1998-09-06,155.725,132.3
1998-09-07,143.123,123.3
1998-09-08,137.4664,118.6
1998-09-09,133.4122,119.9
1998-09-10,129.167,118.6
1998-09-11,128.3865,123.7
1998-09-12,128.6209,128.0
1998-09-13,134.1984,133.3
1998-09-14,131.7843,139.4
1998-09-15,130.5005,142.1
1998-09-16,134.4899,144.1
1998-09-17,136.5456,136.2
1998-09-18,146.4232,139.2
1998-09-19,150.1036,136.2
1998-09-20,153.7896,128.0
1998-09-21,149.4589,123.0
1998-09-22,150.3397,116.3
1998-09-23,148.1955,121.8
1998-09-24,143.0988,119.1
1998-09-25,139.6184,112.9
1998-09-26,134.9972,112.0
1998-09-27,130.1461,114.9
1998-09-28,128.7426,117.1
1998-09-29,122.2899,116.9
1998-09-30,123.0137,124.1
1998-10-01,122.8111,123.8
1998-10-02,126.5649,123.2
1998-10-03,125.6166,120.3
1998-10-04,127.6472,118.5
1998-10-05,124.1236,113.4
1998-10-06,126.8946,117.5
1998-10-07,136.4835,118.4
1998-10-08,133.6429,130.4
1998-10-09,130.8251,130.1
1998-10-10,125.5707,134.4
1998-10-11,121.5143,125.0
1998-10-12,117.8943,116.8
1998-10-13,120.2172,120.2
1998-10-14,121.397,117.2
1998-10-15,128.1704,113.8
1998-10-16,129.5127,111.4
1998-10-17,130.1365,109.6
1998-10-18,121.961,106.3
1998-10-19,118.6203,102.8
1998-10-20,119.4342,101.8
1998-10-21,119.7853,106.4
1998-10-22,117.4647,108.0
1998-10-23,114.635,109.9
1998-10-24,111.5928,117.0
1998-10-25,113.6942,119.5
1998-10-26,115.28,124.1
1998-10-27,117.1838,129.9
1998-10-28,121.1992,139.0
1998-10-29,125.3662,150.1
1998-10-30,128.7897,138.4
1998-10-31,130.3464,145.8
1998-11-01,132.7217,149.9
1998-11-02,134.743,159.3
1998-11-03,142.4091,150.8
1998-11-04,149.346,144.1
1998-11-05,153.2315,138.7
1998-11-06,141.8141,132.6
1998-11-07,136.6042,123.8
1998-11-08,134.6879,123.7
1998-11-09,139.0476,121.8
1998-11-10,142.8522,118.0
1998-11-11,138.9882,112.2
1998-11-12,135.1596,113.7
1998-11-13,119.2024,118.6
1998-11-14,112.057,118.3
1998-11-15,111.0078,123.0
1998-11-16,107.0645,126.7
1998-11-17,106.1836,136.7
1998-11-18,106.0221,145.6
1998-11-19,109.6151,152.3
1998-11-20,117.4053,154.7
1998-11-21,124.7856,160.4
1998-11-22,127.9521,163.2
1998-11-23,137.7359,158.9
1998-11-24,155.5318,158.2
1998-11-25,162.1233,147.4
1998-11-26,163.695,148.7
1998-11-27,158.4405,144.0
1998-11-28,157.915,138.3
1998-11-29,147.339,138.1
1998-11-30,143.7706,148.7
1998-12-01,149.114,157.1
1998-12-02,142.6998,149.3
1998-12-03,135.3203,129.8
1998-12-04,126.5498,138.8
1998-12-05,120.6515,138.9
1998-12-06,117.5015,139.7
1998-12-07,124.6755,139.9
1998-12-08,132.3754,137.2
1998-12-09,127.6202,136.1
1998-12-10,121.0267,141.5
1998-12-11,123.7575,137.9
1998-12-12,127.345,133.6
1998-12-13,129.242,130.4
1998-12-14,132.9324,130.9
1998-12-15,132.4537,124.6
1998-12-16,134.9682,135.2
1998-12-17,137.5729,134.9
1998-12-18,144.0088,139.6
1998-12-19,144.1715,140.2
1998-12-20,141.4254,161.4
1998-12-21,141.4482,178.3
1998-12-22,138.2335,176.8
1998-12-23,149.554,173.1
1998-12-24,150.3492,168.8
1998-12-25,155.4802,161.6
1998-12-26,156.8293,154.8
1998-12-27,158.759,149.4
1998-12-28,153.7026,142.0
1998-12-29,141.9376,132.0
1998-12-30,138.2693,121.6
1998-12-31,131.5129,111.3
1999-01-01,126.2596,111.7
1999-01-02,122.5097,111.0
1999-01-03,125.4313,109.6
1999-01-04,124.2274,108.2
1999-01-05,122.2528,109.1
1999-01-06,119.7932,114.7
1999-01-07,116.2141,132.4
1999-01-08,115.7258,138.0
1999-01-09,115.7115,153.4
1999-01-10,119.0292,156.2
1999-01-11,122.3438,165.4
1999-01-12,132.1611,170.3
1999-01-13,141.5117,166.4
1999-01-14,157.1534,169.7
1999-01-15,162.4188,172.3
1999-01-16,161.6328,160.8
1999-01-17,162.8394,156.8
1999-01-18,163.064,133.9
1999-01-19,154.6522,129.1
1999-01-20,145.1197,121.6
1999-01-21,139.7599,115.2
1999-01-22,138.6876,114.2
1999-01-23,134.9608,114.5
1999-01-24,133.2813,111.5
1999-01-25,124.9488,114.5
1999-01-26,120.2484,107.7
1999-01-27,117.6117,105.8
1999-01-28,116.8169,104.3
1999-01-29,117.711,100.9
1999-01-30,116.8905,96.6
1999-01-31,117.6313,106.5
1999-02-01,122.0642,121.1
1999-02-02,122.5028,125.9
1999-02-03,128.5657,148.4
1999-02-04,128.2027,159.3
1999-02-05,132.3295,183.6
1999-02-06,138.0907,193.4
1999-02-07,142.2848,199.6
1999-02-08,161.3523,185.5
1999-02-09,163.0785,187.3
1999-02-10,172.3782,185.3
1999-02-11,179.3653,164.2
1999-02-12,180.3672,160.5
1999-02-13,177.3647,153.6
1999-02-14,164.5228,144.0
1999-02-15,144.6205,127.0
1999-02-16,134.4296,124.3
1999-02-17,128.1368,117.3
1999-02-18,116.7697,117.1
1999-02-19,112.5949,113.4
1999-02-20,109.7934,113.1
1999-02-21,107.5778,120.7
1999-02-22,104.4362,118.0
1999-02-23,107.928,127.6
1999-02-24,108.7144,134.6
1999-02-25,112.8859,141.6
1999-02-26,116.9017,125.4
1999-02-27,121.5571,112.6
1999-02-28,130.0629,108.3
1999-03-01,137.701,125.0
1999-03-02,147.766,125.3
1999-03-03,152.9591,133.6
1999-03-04,154.7393,135.3
1999-03-05,146.7914,138.5
1999-03-06,139.0925,142.7
1999-03-07,135.0118,148.7
1999-03-08,138.1612,148.4
1999-03-09,142.1649,154.1
1999-03-10,143.3677,152.9
1999-03-11,137.0211,146.7
1999-03-12,136.0694,138.1
1999-03-13,131.0225,131.6
1999-03-14,127.8558,123.1
1999-03-15,124.8786,115.0
1999-03-16,125.2777,112.2
1999-03-17,124.7923,107.6
1999-03-18,120.6874,106.4
1999-03-19,119.7186,103.1
1999-03-20,115.8261,104.1
1999-03-21,111.2211,102.7
1999-03-22,109.565,103.8
1999-03-23,108.2736,104.4
1999-03-24,106.7196,101.7
1999-03-25,107.5282,102.9
1999-03-26,107.1267,99.4
1999-03-27,112.6586,98.4
1999-03-28,118.0544,116.0
1999-03-29,125.6439,132.7
1999-03-30,129.4905,137.6
1999-03-31,129.6994,141.7
1999-04-01,131.1743,139.5
1999-04-02,128.5236,136.7
1999-04-03,129.5992,136.9
1999-04-04,138.1402,131.3
1999-04-05,146.7038,130.7
1999-04-06,144.7594,130.3
1999-04-07,142.0359,121.0
1999-04-08,135.3644,122.7
1999-04-09,127.779,123.8
1999-04-10,121.9705,116.6
1999-04-11,115.5543,113.8
1999-04-12,113.658,110.9
1999-04-13,112.3595,105.8
1999-04-14,110.5638,104.4
1999-04-15,111.1784,101.4
1999-04-16,114.0183,99.3
1999-04-17,115.0145,102.0
1999-04-18,112.1971,103.8
1999-04-19,110.8772,105.8
1999-04-20,106.8794,110.0
1999-04-21,107.0537,111.3
1999-04-22,108.7905,123.9
1999-04-23,111.8822,125.3
1999-04-24,116.912,128.4
1999-04-25,122.653,137.9
1999-04-26,121.3673,129.2
1999-04-27,123.943,141.1
1999-04-28,125.3189,143.3
1999-04-29,137.8003,149.5
1999-04-30,140.9656,166.4
1999-05-01,140.459,175.1
1999-05-02,145.5917,181.7
1999-05-03,128.8621,172.8
1999-05-04,131.7306,162.6
1999-05-05,128.8109,156.3
1999-05-06,135.6129,150.5
1999-05-07,142.3744,147.3
1999-05-08,142.1049,146.8
1999-05-09,138.5539,155.6
1999-05-10,126.8232,148.6
1999-05-11,115.8433,143.8
1999-05-12,113.4533,145.8
1999-05-13,112.2269,145.9
1999-05-14,117.144,143.7
1999-05-15,127.3166,143.7
1999-05-16,137.6477,144.2
1999-05-17,132.2084,140.4
1999-05-18,127.2396,146.8
1999-05-19,130.756,156.6
1999-05-20,134.9676,159.3
1999-05-21,139.9882,156.2
1999-05-22,140.5646,152.7
1999-05-23,141.863,161.1
1999-05-24,143.6774,170.1
1999-05-25,150.681,181.2
1999-05-26,162.1269,178.1
1999-05-27,155.4113,178.5
1999-05-28,154.2597,175.9
1999-05-29,156.5274,168.8
1999-05-30,158.0128,172.9
1999-05-31,160.0875,162.4
1999-06-01,156.8208,161.3
1999-06-02,150.944,170.3
1999-06-03,145.6173,166.0
1999-06-04,142.5742,169.8
1999-06-05,139.7968,173.2
1999-06-06,145.1017,173.0
1999-06-07,148.3267,173.5
1999-06-08,135.3092,163.5
1999-06-09,145.1631,157.6
1999-06-10,148.251,151.3
1999-06-11,155.6069,151.2
1999-06-12,153.9242,143.3
1999-06-13,153.7555,156.5
1999-06-14,162.9398,150.3
1999-06-15,151.8527,166.9
1999-06-16,146.7053,173.0
1999-06-17,143.44,191.1
1999-06-18,143.929,207.5
1999-06-19,146.9007,206.1
1999-06-20,162.0483,214.3
1999-06-21,166.8882,203.2
1999-06-22,179.1983,197.7
1999-06-23,182.1243,216.5
1999-06-24,189.3411,202.0
1999-06-25,195.1449,193.4
1999-06-26,194.2358,203.5
1999-06-27,192.019,191.9
1999-06-28,178.6267,180.0
1999-06-29,171.5236,173.5
1999-06-30,174.5344,163.7
1999-07-01,167.5411,154.1
1999-07-02,159.2557,155.9
1999-07-03,162.6107,161.5
1999-07-04,159.218,157.8
1999-07-05,150.8879,159.2
1999-07-06,147.9437,148.3
1999-07-07,142.008,133.9
1999-07-08,141.5438,133.8
1999-07-09,145.9242,136.4
1999-07-10,152.1014,141.3
1999-07-11,155.2956,142.8
1999-07-12,159.4579,145.8
1999-07-13,159.2596,144.1
1999-07-14,158.959,152.1
1999-07-15,157.5102,157.8
1999-07-16,157.918,181.6
1999-07-17,158.7395,190.1
1999-07-18,163.2794,188.0
1999-07-19,163.77,177.8
1999-07-20,163.0365,179.9
1999-07-21,162.7845,203.9
1999-07-22,162.9122,208.6
1999-07-23,177.2138,212.2
1999-07-24,179.5083,206.7
1999-07-25,180.4715,222.9
1999-07-26,171.9632,218.8
1999-07-27,172.2804,216.9
1999-07-28,173.5409,206.0
1999-07-29,172.4042,182.1
1999-07-30,177.9902,175.3
1999-07-31,168.3634,157.6
1999-08-01,174.2451,141.7
1999-08-02,169.9503,141.9
1999-08-03,163.7988,130.8
1999-08-04,158.4792,131.4
1999-08-05,149.102,126.4
1999-08-06,147.3812,129.8
1999-08-07,146.9687,131.5
1999-08-08,148.9901,134.5
1999-08-09,150.9712,134.4
1999-08-10,150.9496,136.4
1999-08-11,157.0978,133.9
1999-08-12,161.264,138.0
1999-08-13,169.043,155.2
1999-08-14,172.2757,165.0
1999-08-15,178.7965,176.7
1999-08-16,182.8566,191.7
1999-08-17,181.0261,206.4
1999-08-18,179.0221,212.9
1999-08-19,176.5627,226.9
1999-08-20,184.0061,227.7
1999-08-21,185.3715,253.4
1999-08-22,188.8758,222.5
1999-08-23,193.1758,201.9
1999-08-24,187.6727,186.1
1999-08-25,180.4789,165.8
1999-08-26,181.5969,159.3
1999-08-27,178.5639,141.7
1999-08-28,174.9382,133.5
1999-08-29,161.8718,123.8
1999-08-30,147.1029,120.4
1999-08-31,139.8137,114.1
1999-09-01,132.6022,108.4
1999-09-02,135.1248,108.0
1999-09-03,131.5353,123.7
1999-09-04,131.4391,124.1
1999-09-05,132.5615,142.6
1999-09-06,138.461,156.5
1999-09-07,140.0132,158.2
1999-09-08,145.2008,156.6
1999-09-09,156.1164,159.9
1999-09-10,165.4757,159.1
1999-09-11,165.6055,153.0
1999-09-12,175.6209,150.6
1999-09-13,187.6174,146.2
1999-09-14,186.67,147.9
1999-09-15,178.5413,141.5
1999-09-16,168.6435,137.8
1999-09-17,161.4847,132.4
1999-09-18,153.6206,126.1
1999-09-19,151.954,123.3
1999-09-20,142.4098,124.4
1999-09-21,141.2365,126.5
1999-09-22,139.258,125.3
1999-09-23,135.1094,125.1
1999-09-24,131.699,121.9
1999-09-25,125.9525,126.6
1999-09-26,125.5046,134.7
1999-09-27,128.8151,144.4
1999-09-28,133.2248,146.2
1999-09-29,135.0754,133.5
1999-09-30,137.2957,129.2
1999-10-01,141.1028,150.9
1999-10-02,147.9762,152.8
1999-10-03,157.0758,160.0
1999-10-04,163.3792,166.0
1999-10-05,163.8734,182.9
1999-10-06,148.5643,190.1
1999-10-07,141.1535,198.7
1999-10-08,148.1321,197.1
1999-10-09,153.5814,187.8
1999-10-10,163.4409,176.8
1999-10-11,169.088,171.4
1999-10-12,175.6098,168.2
1999-10-13,176.5853,157.4
1999-10-14,162.0828,157.0
1999-10-15,153.5517,158.8
1999-10-16,145.4117,162.8
1999-10-17,139.4145,157.1
1999-10-18,135.8149,170.8
1999-10-19,132.1848,187.1
1999-10-20,130.3747,194.8
1999-10-21,135.3393,181.5
1999-10-22,145.4771,177.2
1999-10-23,155.0725,167.0
1999-10-24,156.038,158.1
1999-10-25,166.13,148.4
1999-10-26,179.3074,140.6
1999-10-27,177.2428,140.8
1999-10-28,172.6288,145.1
1999-10-29,167.5356,157.8
1999-10-30,162.0272,147.4
1999-10-31,156.1804,170.8
1999-11-01,151.3744,188.4
1999-11-02,150.3322,225.5
1999-11-03,151.6399,243.6
1999-11-04,153.3782,235.0
1999-11-05,161.0308,227.1
1999-11-06,156.9562,219.1
1999-11-07,168.8207,214.2
1999-11-08,181.0975,201.1
1999-11-09,201.2349,228.2
1999-11-10,203.3055,216.3
1999-11-11,193.8692,212.9
1999-11-12,189.9233,205.1
1999-11-13,187.8466,199.5
1999-11-14,188.7418,205.0
1999-11-15,178.3321,187.2
1999-11-16,194.1642,180.9
1999-11-17,177.8269,181.9
1999-11-18,168.7952,179.0
1999-11-19,160.874,167.7
1999-11-20,159.386,164.5
1999-11-21,161.1446,170.1
1999-11-22,156.7548,159.5
1999-11-23,156.5746,158.3
1999-11-24,165.2812,160.4
1999-11-25,167.2744,160.9
1999-11-26,167.6046,147.5
1999-11-27,171.4732,143.3
1999-11-28,178.9206,138.6
1999-11-29,173.9736,138.6
1999-11-30,173.5649,148.8
1999-12-01,178.6557,145.6
1999-12-02,182.6719,151.5
1999-12-03,176.3052,159.5
1999-12-04,173.9561,154.3
1999-12-05,171.5161,154.4
1999-12-06,168.6208,161.0
1999-12-07,173.0881,163.1
1999-12-08,163.4541,173.1
1999-12-09,166.5048,187.9
1999-12-10,168.0761,194.4
1999-12-11,161.3709,198.9
1999-12-12,157.0352,200.3
1999-12-13,159.8413,202.4
1999-12-14,163.8769,210.1
1999-12-15,168.5736,195.1
1999-12-16,179.4773,191.9
1999-12-17,182.0267,176.5
1999-12-18,183.3363,172.5
1999-12-19,183.712,171.2
1999-12-20,184.494,156.4
1999-12-21,175.8908,145.4
1999-12-22,170.1863,139.0
1999-12-23,168.267,131.2
1999-12-24,162.7347,125.8
1999-12-25,164.0501,125.6
1999-12-26,169.1187,128.5
1999-12-27,169.1109,128.7
1999-12-28,162.5955,130.3
1999-12-29,157.5579,132.0
1999-12-30,151.9093,140.0
1999-12-31,151.3477,144.8
2000-01-01,154.912,149.6
2000-01-02,155.0666,155.3
2000-01-03,155.2232,157.8
2000-01-04,157.9534,171.8
2000-01-05,160.8937,189.3
2000-01-06,165.044,195.4
2000-01-07,166.5755,194.7
2000-01-08,173.7867,203.9
2000-01-09,173.9429,201.0
2000-01-10,179.4278,190.1
2000-01-11,182.6768,188.4
2000-01-12,186.1074,172.9
2000-01-13,178.5288,165.3
2000-01-14,170.7024,154.3
2000-01-15,166.9862,145.8
2000-01-16,161.3769,136.1
2000-01-17,153.7737,136.3
2000-01-18,147.9532,133.1
2000-01-19,139.1506,136.4
2000-01-20,137.9079,128.4
2000-01-21,132.3664,131.0
2000-01-22,130.4064,123.9
2000-01-23,129.2945,128.7
2000-01-24,132.6031,134.5
2000-01-25,134.4314,134.1
2000-01-26,138.6626,140.2
2000-01-27,136.8951,149.7
2000-01-28,140.9154,162.7
2000-01-29,144.802,163.1
2000-01-30,147.0496,172.8
2000-01-31,154.4086,177.0
2000-02-01,158.6961,169.0
2000-02-02,160.8516,170.8
2000-02-03,172.3826,171.1
2000-02-04,175.3688,165.8
2000-02-05,174.9646,159.1
2000-02-06,170.2074,155.9
2000-02-07,165.1116,154.7
2000-02-08,156.3607,152.2
2000-02-09,152.4096,156.3
2000-02-10,146.2763,153.4
2000-02-11,145.4813,137.8
2000-02-12,138.325,141.5
2000-02-13,137.4501,149.9
2000-02-14,135.9755,148.7
2000-02-15,135.2091,168.6
2000-02-16,135.9517,181.2
2000-02-17,138.0838,188.3
2000-02-18,134.0961,206.2
2000-02-19,135.478,210.6
2000-02-20,142.8156,222.9
2000-02-21,140.1304,214.7
2000-02-22,157.7568,215.1
2000-02-23,173.1159,228.7
2000-02-24,184.1596,209.6
2000-02-25,195.9449,200.4
2000-02-26,199.4919,197.0
2000-02-27,208.7521,216.8
2000-02-28,199.9616,219.1
2000-02-29,187.9788,218.5
2000-03-01,196.747,211.8
2000-03-02,179.9838,203.0
2000-03-03,173.5849,200.7
2000-03-04,170.2854,200.6
2000-03-05,178.6136,200.8
2000-03-06,180.2658,186.0
2000-03-07,178.4265,180.6
2000-03-08,184.7426,175.9
2000-03-09,179.3178,182.5
2000-03-10,181.8217,190.6
2000-03-11,188.1246,193.0
2000-03-12,190.6642,206.5
2000-03-13,183.2874,208.7
2000-03-14,185.0996,228.9
2000-03-15,178.3591,232.2
2000-03-16,182.6807,222.7
2000-03-17,193.3591,217.7
2000-03-18,209.1092,204.1
2000-03-19,224.4366,210.4
2000-03-20,216.7789,204.1
2000-03-21,216.3842,200.3
2000-03-22,223.5393,208.3
2000-03-23,218.1564,205.1
2000-03-24,208.1108,225.1
2000-03-25,203.8379,222.7
2000-03-26,200.6169,219.3
2000-03-27,194.9445,215.5
2000-03-28,189.3615,206.9
2000-03-29,187.0936,194.7
2000-03-30,189.1514,178.1
2000-03-31,196.7596,175.4
2000-04-01,203.3706,182.5
2000-04-02,197.7127,176.9
2000-04-03,192.4677,178.6
2000-04-04,190.2821,182.4
2000-04-05,184.1609,173.9
2000-04-06,178.6562,165.0
2000-04-07,181.1478,166.3
2000-04-08,190.9981,164.9
2000-04-09,188.0363,160.2
2000-04-10,188.6001,159.2
2000-04-11,194.8536,161.8
2000-04-12,191.483,169.2
2000-04-13,188.4742,182.4
2000-04-14,188.542,189.2
2000-04-15,188.0977,204.1
2000-04-16,184.4432,208.4
2000-04-17,182.1152,208.1
2000-04-18,180.0747,205.1
2000-04-19,181.8839,192.4
2000-04-20,192.5202,186.0
2000-04-21,194.5203,186.0
2000-04-22,207.5461,177.5
2000-04-23,203.341,172.0
2000-04-24,199.6796,160.1
2000-04-25,188.9427,155.3
2000-04-26,178.9973,139.6
2000-04-27,176.7483,136.8
2000-04-28,178.3596,132.1
2000-04-29,171.5025,129.1
2000-04-30,167.0533,133.4
2000-05-01,163.7078,139.6
2000-05-02,163.1342,152.5
2000-05-03,157.2999,163.0
2000-05-04,157.5972,181.3
2000-05-05,157.4013,191.0
2000-05-06,159.0682,222.0
2000-05-07,162.4591,237.6
2000-05-08,169.4884,244.6
2000-05-09,176.6924,264.5
2000-05-10,183.4809,268.1
2000-05-11,194.0073,258.8
2000-05-12,199.6717,260.4
2000-05-13,219.3963,251.6
2000-05-14,221.3927,238.0
2000-05-15,216.9212,220.3
2000-05-16,215.1711,209.5
2000-05-17,207.4702,194.3
2000-05-18,202.346,177.4
2000-05-19,197.8355,172.4
2000-05-20,192.3826,166.2
2000-05-21,189.5006,160.2
2000-05-22,176.5371,153.1
2000-05-23,167.5786,150.5
2000-05-24,163.8245,158.7
2000-05-25,166.1448,152.3
2000-05-26,172.9815,155.3
2000-05-27,172.4406,170.7
2000-05-28,167.5961,174.7
2000-05-29,166.5292,176.1
2000-05-30,166.4838,186.9
2000-05-31,170.692,185.8
2000-06-01,177.0646,179.9
2000-06-02,187.5638,174.1
2000-06-03,199.856,185.1
2000-06-04,208.8085,192.6
2000-06-05,201.365,198.7
2000-06-06,206.0113,205.5
2000-06-07,206.319,206.9
2000-06-08,200.6505,208.9
2000-06-09,185.4541,203.8
2000-06-10,186.0529,199.4
2000-06-11,193.6823,193.7
2000-06-12,192.4022,184.2
2000-06-13,195.061,189.7
2000-06-14,194.0613,194.2
2000-06-15,190.9701,185.6
2000-06-16,185.9788,181.0
2000-06-17,179.1731,173.9
2000-06-18,177.339,180.9
2000-06-19,165.6416,183.4
2000-06-20,167.0356,184.6
2000-06-21,173.2774,181.2
2000-06-22,175.1647,168.8
2000-06-23,173.35,165.0
2000-06-24,171.322,169.2
2000-06-25,180.4507,167.9
2000-06-26,180.8002,161.5
2000-06-27,189.7958,163.7
2000-06-28,190.0124,174.4
2000-06-29,179.9357,180.1
2000-06-30,184.8522,193.5
2000-07-01,185.6987,217.1
2000-07-02,188.4754,218.4
2000-07-03,176.7799,238.9
2000-07-04,173.6193,249.7
2000-07-05,175.8279,258.7
2000-07-06,177.5269,239.6
2000-07-07,184.3275,210.6
2000-07-08,206.8107,220.1
2000-07-09,210.6756,226.1
2000-07-10,210.8187,235.8
2000-07-11,212.2448,270.5
2000-07-12,202.3838,258.0
2000-07-13,191.5689,261.1
2000-07-14,178.04,259.0
2000-07-15,181.5853,259.0
2000-07-16,183.1592,224.3
2000-07-17,193.0097,232.0
2000-07-18,202.5625,208.2
2000-07-19,201.0131,180.1
2000-07-20,206.4978,167.4
2000-07-21,208.3696,162.7
2000-07-22,204.5397,157.9
2000-07-23,188.412,154.5
2000-07-24,189.9818,152.4
2000-07-25,185.4678,153.9
2000-07-26,178.9996,155.1
2000-07-27,176.6539,158.8
2000-07-28,175.6678,158.7
2000-07-29,177.1966,163.2
2000-07-30,177.9134,170.8
2000-07-31,180.9129,171.6
2000-08-01,184.1598,175.6
2000-08-02,186.9785,187.2
2000-08-03,191.361,185.9
2000-08-04,194.8639,192.3
2000-08-05,197.6836,194.3
2000-08-06,199.1324,190.9
2000-08-07,195.7851,194.3
2000-08-08,195.5707,198.9
2000-08-09,198.3946,190.3
2000-08-10,192.3739,181.5
2000-08-11,193.9526,173.6
2000-08-12,190.1885,160.8
2000-08-13,180.5678,156.0
2000-08-14,180.715,154.9
2000-08-15,178.7783,147.5
2000-08-16,171.7544,139.9
2000-08-17,167.1058,133.5
2000-08-18,162.8797,136.0
2000-08-19,158.4186,139.9
2000-08-20,155.449,153.2
2000-08-21,157.0571,163.2
2000-08-22,155.3782,166.5
2000-08-23,158.5098,167.9
2000-08-24,160.5237,165.9
2000-08-25,164.1325,160.5
2000-08-26,167.6027,156.7
2000-08-27,182.067,156.7
2000-08-28,185.2861,173.6
2000-08-29,187.6699,183.1
2000-08-30,187.05,181.5
2000-08-31,185.9563,175.8
2000-09-01,177.1993,165.7
2000-09-02,174.5139,153.0
2000-09-03,171.6865,142.5
2000-09-04,179.0789,136.7
2000-09-05,180.5625,134.2
2000-09-06,175.5263,134.8
2000-09-07,167.5478,152.5
2000-09-08,158.9424,161.1
2000-09-09,150.9489,176.4
2000-09-10,147.7504,183.2
2000-09-11,147.4825,205.7
2000-09-12,149.4713,208.8
2000-09-13,155.3816,213.1
2000-09-14,165.9389,226.7
2000-09-15,174.7057,233.8
2000-09-16,181.9834,226.7
2000-09-17,188.257,225.8
2000-09-18,199.8938,226.8
2000-09-19,199.3632,224.7
2000-09-20,203.2391,205.5
2000-09-21,210.992,203.0
2000-09-22,204.8977,192.6
2000-09-23,197.4051,194.0
2000-09-24,193.4468,201.9
2000-09-25,193.0911,202.9
2000-09-26,189.8758,192.1
2000-09-27,182.2837,184.1
2000-09-28,174.5022,173.7
2000-09-29,175.5198,157.9
2000-09-30,179.5034,155.3
2000-10-01,179.0442,148.6
2000-10-02,190.1529,140.4
2000-10-03,186.0596,139.1
2000-10-04,180.6012,150.8
2000-10-05,172.3173,161.9
2000-10-06,162.1835,167.2
2000-10-07,166.3624,162.3
2000-10-08,167.2269,160.1
2000-10-09,169.4109,159.8
2000-10-10,174.4565,153.0
2000-10-11,181.1897,149.9
2000-10-12,187.3648,156.5
2000-10-13,186.3097,159.3
2000-10-14,176.8731,156.5
2000-10-15,175.5614,158.6
2000-10-16,176.3621,164.8
2000-10-17,173.2262,157.5
2000-10-18,169.3776,162.0
2000-10-19,162.8446,168.9
2000-10-20,166.693,173.7
2000-10-21,159.4876,179.7
2000-10-22,157.8179,184.5
2000-10-23,157.494,191.0
2000-10-24,150.956,190.5
2000-10-25,156.3811,201.2
2000-10-26,161.5584,193.2
2000-10-27,167.0763,195.5
2000-10-28,177.7788,191.4
2000-10-29,181.3319,183.1
2000-10-30,175.9211,174.9
2000-10-31,172.7952,176.6
2000-11-01,175.2428,169.5
2000-11-02,167.6202,163.0
2000-11-03,168.1942,150.4
2000-11-04,166.8002,146.6
2000-11-05,164.937,143.6
2000-11-06,162.1626,140.6
2000-11-07,165.2445,145.4
2000-11-08,164.3503,143.2
2000-11-09,164.0192,150.7
2000-11-10,162.627,159.6
2000-11-11,157.0286,172.9
2000-11-12,155.2569,170.7
2000-11-13,158.3536,169.6
2000-11-14,163.8482,180.9
2000-11-15,168.09,190.1
2000-11-16,179.2279,200.1
2000-11-17,175.6125,194.0
2000-11-18,181.0481,194.6
2000-11-19,176.7414,197.0
2000-11-20,175.3575,186.6
2000-11-21,183.1801,190.3
2000-11-22,182.637,183.2
2000-11-23,190.0504,187.0
2000-11-24,185.9587,179.3
2000-11-25,180.2065,162.3
2000-11-26,175.1565,158.9
2000-11-27,171.6309,147.6
2000-11-28,169.5048,142.7
2000-11-29,168.3395,136.9
2000-11-30,169.0749,139.9
2000-12-01,162.5969,134.1
2000-12-02,151.9027,130.7
2000-12-03,154.6333,142.1
2000-12-04,148.3221,139.2
2000-12-05,148.3117,145.2
2000-12-06,148.2386,159.5
2000-12-07,154.2095,176.5
2000-12-08,153.8623,181.9
2000-12-09,154.4458,184.4
2000-12-10,163.9669,190.4
2000-12-11,165.4546,191.6
2000-12-12,164.6991,192.2
2000-12-13,176.3615,194.8
2000-12-14,181.7689,188.2
2000-12-15,186.4085,183.8
2000-12-16,182.0416,184.7
2000-12-17,180.2315,186.7
2000-12-18,178.8631,180.9
2000-12-19,182.6694,182.6
2000-12-20,186.8316,181.4
2000-12-21,177.7412,179.3
2000-12-22,175.1642,175.5
2000-12-23,166.5134,176.1
2000-12-24,165.535,163.9
2000-12-25,159.97,165.3
2000-12-26,159.1862,170.2
2000-12-27,166.0886,164.2
2000-12-28,169.6231,168.8
2000-12-29,169.9903,170.5
2000-12-30,177.1073,173.4
2000-12-31,163.3231,170.9
2001-01-01,164.8764,161.5
2001-01-02,167.7814,160.8
2001-01-03,167.9592,157.4
2001-01-04,169.5249,160.5
2001-01-05,178.1561,172.5
2001-01-06,175.5639,178.3
2001-01-07,175.4146,170.6
2001-01-08,169.1786,163.8
2001-01-09,165.2662,156.6
2001-01-10,164.6681,147.0
2001-01-11,162.0135,146.6
2001-01-12,166.8284,147.7
2001-01-13,169.0236,148.3
2001-01-14,162.0887,146.7
2001-01-15,158.9501,157.1
2001-01-16,155.1444,162.0
2001-01-17,152.9335,167.2
2001-01-18,155.6991,163.4
2001-01-19,160.9413,160.5
2001-01-20,162.2086,161.8
2001-01-21,155.5476,162.6
2001-01-22,161.2201,160.5
2001-01-23,162.5155,154.9
2001-01-24,160.2686,148.8
2001-01-25,155.2984,156.2
2001-01-26,154.538,161.6
2001-01-27,156.8984,159.0
2001-01-28,155.385,144.0
2001-01-29,153.2422,160.7
2001-01-30,150.08,165.3
2001-01-31,155.8115,159.6
2001-02-01,155.4585,152.3
2001-02-02,165.0672,158.1
2001-02-03,160.7494,156.5
2001-02-04,154.2642,147.4
2001-02-05,162.4046,140.9
2001-02-06,167.7714,137.8
2001-02-07,164.6119,134.6
2001-02-08,153.5316,131.8
2001-02-09,157.518,126.5
2001-02-10,157.9667,126.8
2001-02-11,155.8042,129.0
2001-02-12,151.7378,134.0
2001-02-13,151.0623,142.3
2001-02-14,148.1001,140.5
2001-02-15,145.7279,142.7
2001-02-16,140.4866,142.2
2001-02-17,142.8568,134.6
2001-02-18,146.5152,132.2
2001-02-19,147.7939,132.8
2001-02-20,151.5672,128.1
2001-02-21,156.5776,129.4
2001-02-22,157.1044,129.0
2001-02-23,155.8839,127.4
2001-02-24,149.5979,137.3
2001-02-25,146.8434,138.7
2001-02-26,146.4866,153.4
2001-02-27,140.4082,155.4
2001-02-28,138.4101,174.0
2001-03-01,136.4398,164.8
2001-03-02,135.2181,159.2
2001-03-03,142.5963,158.0
2001-03-04,142.8429,155.8
2001-03-05,149.6096,155.7
2001-03-06,149.3926,145.6
2001-03-07,155.7001,140.7
2001-03-08,148.5568,134.7
2001-03-09,146.8694,138.5
2001-03-10,149.334,132.9
2001-03-11,150.1384,138.5
2001-03-12,152.6822,145.7
2001-03-13,137.3122,152.1
2001-03-14,135.8709,158.2
2001-03-15,132.8211,181.8
2001-03-16,134.9086,178.9
2001-03-17,132.5957,217.5
2001-03-18,138.4186,215.7
2001-03-19,143.6523,262.6
2001-03-20,151.6452,272.4
2001-03-21,164.3225,272.6
2001-03-22,175.6312,261.0
2001-03-23,180.8638,256.3
2001-03-24,198.6712,245.3
2001-03-25,198.6988,257.2
2001-03-26,206.6672,236.7
2001-03-27,205.3033,223.1
2001-03-28,200.1702,205.0
2001-03-29,188.282,207.8
2001-03-30,180.5623,198.0
2001-03-31,168.6167,180.0
2001-04-01,170.9393,169.7
2001-04-02,164.4626,165.4
2001-04-03,173.372,170.4
2001-04-04,168.9868,160.3
2001-04-05,171.3518,149.8
2001-04-06,174.8168,137.8
2001-04-07,166.315,139.6
2001-04-08,161.6584,135.1
2001-04-09,163.4659,124.3
2001-04-10,170.0382,127.1
2001-04-11,170.8587,133.0
2001-04-12,168.9864,145.8
2001-04-13,174.2933,182.2
2001-04-14,179.8375,193.0
2001-04-15,181.7178,194.6
2001-04-16,180.2396,198.6
2001-04-17,181.6473,195.8
2001-04-18,186.9023,196.3
2001-04-19,193.5326,198.7
2001-04-20,204.8929,193.3
2001-04-21,206.7361,190.4
2001-04-22,195.8128,194.5
2001-04-23,192.7227,190.7
2001-04-24,191.9368,187.4
2001-04-25,190.1513,179.0
2001-04-26,188.7278,175.1
2001-04-27,181.7425,178.6
2001-04-28,173.3777,163.5
2001-04-29,166.5589,157.8
2001-04-30,162.7301,140.9
2001-05-01,159.2941,131.1
2001-05-02,151.3477,131.9
2001-05-03,143.7942,133.0
2001-05-04,149.9569,139.4
2001-05-05,142.5162,141.0
2001-05-06,139.0637,141.9
2001-05-07,142.508,141.2
2001-05-08,146.1858,145.2
2001-05-09,152.6494,140.9
2001-05-10,165.8636,150.8
2001-05-11,175.8165,141.5
2001-05-12,178.6717,144.6
2001-05-13,180.5875,144.9
2001-05-14,179.1359,153.8
2001-05-15,178.7492,155.8
2001-05-16,174.0308,162.8
2001-05-17,176.1319,174.7
2001-05-18,168.5814,166.1
2001-05-19,170.9408,151.3
2001-05-20,172.5786,150.8
2001-05-21,171.2884,146.9
2001-05-22,158.3299,142.3
2001-05-23,155.8135,136.0
2001-05-24,154.9382,136.6
2001-05-25,149.1178,136.8
2001-05-26,146.4531,137.8
2001-05-27,145.712,149.5
2001-05-28,146.3192,158.3
2001-05-29,143.9566,158.0
2001-05-30,140.4303,162.4
2001-05-31,138.971,169.8
2001-06-01,137.1547,185.7
2001-06-02,145.1218,182.4
2001-06-03,155.8131,168.0
2001-06-04,158.6569,167.4
2001-06-05,159.4233,171.6
2001-06-06,156.5562,187.1
2001-06-07,160.8359,200.9
2001-06-08,175.4015,203.2
2001-06-09,170.2945,214.3
2001-06-10,161.6171,211.2
2001-06-11,163.7188,205.7
2001-06-12,162.736,201.7
2001-06-13,172.077,205.0
2001-06-14,177.191,206.9
2001-06-15,176.5207,206.8
2001-06-16,182.0374,213.0
2001-06-17,180.4778,201.3
2001-06-18,177.8682,188.4
2001-06-19,168.7199,173.5
2001-06-20,168.7962,152.8
2001-06-21,168.6711,144.9
2001-06-22,172.4304,144.6
2001-06-23,186.3676,141.2
2001-06-24,187.5352,140.0
2001-06-25,182.8574,138.8
2001-06-26,172.3638,136.3
2001-06-27,168.7531,131.3
2001-06-28,166.4763,123.6
2001-06-29,167.3186,120.3
2001-06-30,165.2691,121.8
2001-07-01,166.0869,130.5
2001-07-02,170.9334,134.4
2001-07-03,174.3817,134.3
2001-07-04,174.1416,136.3
2001-07-05,172.6369,138.3
2001-07-06,177.3322,137.7
2001-07-07,178.1231,145.4
2001-07-08,181.6459,146.8
2001-07-09,180.064,154.7
2001-07-10,174.1144,150.4
2001-07-11,169.416,147.7
2001-07-12,163.6756,146.9
2001-07-13,162.2522,147.2
2001-07-14,158.5449,143.5
2001-07-15,149.9137,144.9
2001-07-16,150.3675,147.8
2001-07-17,148.0046,136.7
2001-07-18,141.6146,137.5
2001-07-19,134.3082,127.2
2001-07-20,130.9502,125.1
2001-07-21,127.0532,119.0
2001-07-22,128.3172,120.5
2001-07-23,128.333,118.0
2001-07-24,129.6697,120.3
2001-07-25,133.5204,123.8
2001-07-26,134.4335,124.3
2001-07-27,140.5147,135.5
2001-07-28,143.8317,152.7
2001-07-29,147.2205,160.5
2001-07-30,150.6393,168.3
2001-07-31,157.5197,171.0
2001-08-01,163.0562,171.5
2001-08-02,164.1596,167.8
2001-08-03,164.3644,164.7
2001-08-04,170.6358,169.5
2001-08-05,170.8836,164.0
2001-08-06,173.1959,155.5
2001-08-07,168.9699,151.1
2001-08-08,166.8616,150.5
2001-08-09,154.6625,146.2
2001-08-10,149.2186,148.4
2001-08-11,148.7177,159.9
2001-08-12,143.0542,161.3
2001-08-13,134.9511,159.8
2001-08-14,138.8396,163.9
2001-08-15,140.6345,165.2
2001-08-16,143.1934,173.4
2001-08-17,151.2396,178.7
2001-08-18,161.1132,191.6
2001-08-19,163.6636,193.8
2001-08-20,162.3364,195.9
2001-08-21,168.7583,203.1
2001-08-22,174.1058,200.9
2001-08-23,180.2536,203.0
2001-08-24,184.2543,192.2
2001-08-25,186.3959,187.4
2001-08-26,181.1082,185.7
2001-08-27,181.3076,202.1
2001-08-28,188.6034,222.1
2001-08-29,184.9943,221.8
2001-08-30,180.6622,225.6
2001-08-31,173.5987,229.5
2001-09-01,162.2259,253.1
2001-09-02,163.1551,239.5
2001-09-03,166.7062,247.8
2001-09-04,183.9713,252.9
2001-09-05,189.0745,238.1
2001-09-06,192.7201,242.6
2001-09-07,195.5732,239.3
2001-09-08,200.7735,221.7
2001-09-09,193.1859,209.3
2001-09-10,188.1156,201.1
2001-09-11,187.7045,205.7
2001-09-12,192.058,200.6
2001-09-13,198.3548,228.7
2001-09-14,196.3944,240.5
2001-09-15,185.61,257.0
2001-09-16,178.624,260.2
2001-09-17,179.2999,281.0
2001-09-18,187.0308,276.6
2001-09-19,189.3613,284.0
2001-09-20,206.7992,270.6
2001-09-21,215.0764,285.5
2001-09-22,222.8907,240.2
2001-09-23,227.9174,236.3
2001-09-24,234.1324,216.9
2001-09-25,234.422,201.1
2001-09-26,236.4154,191.8
2001-09-27,235.4115,186.5
2001-09-28,234.3286,176.8
2001-09-29,217.3323,180.2
2001-09-30,213.4619,172.4
2001-10-01,196.525,170.8
2001-10-02,183.6769,175.9
2001-10-03,178.2103,178.1
2001-10-04,178.4304,174.1
2001-10-05,181.2689,178.5
2001-10-06,189.5893,178.6
2001-10-07,185.9764,190.8
2001-10-08,184.6015,191.7
2001-10-09,192.5413,205.8
2001-10-10,200.6614,215.8
2001-10-11,204.014,226.9
2001-10-12,207.8129,245.6
2001-10-13,209.1678,242.5
2001-10-14,214.9356,222.0
2001-10-15,212.0058,230.4
2001-10-16,219.1594,224.1
2001-10-17,223.3413,236.0
2001-10-18,223.6775,236.1
2001-10-19,225.9225,233.6
2001-10-20,219.0991,243.4
2001-10-21,198.7367,224.2
2001-10-22,191.9501,212.8
2001-10-23,186.579,222.7
2001-10-24,189.8578,217.8
2001-10-25,200.1042,232.0
2001-10-26,202.4582,210.1
2001-10-27,203.2118,212.5
2001-10-28,197.341,223.5
2001-10-29,189.6355,230.6
2001-10-30,194.3421,233.2
2001-10-31,183.9991,226.0
2001-11-01,200.3897,243.1
2001-11-02,198.0357,265.6
2001-11-03,204.2245,241.0
2001-11-04,215.9966,229.3
2001-11-05,221.069,222.6
2001-11-06,228.1714,226.8
2001-11-07,224.5977,212.6
2001-11-08,234.81,202.4
2001-11-09,234.9251,197.6
2001-11-10,227.1689,194.0
2001-11-11,222.5287,183.8
2001-11-12,224.8372,186.8
2001-11-13,222.5467,180.6
2001-11-14,221.0685,179.7
2001-11-15,212.3623,185.3
2001-11-16,209.3333,172.9
2001-11-17,202.9012,168.6
2001-11-18,197.9853,165.6
2001-11-19,199.9096,170.3
2001-11-20,196.8788,185.3
2001-11-21,195.4257,193.1
2001-11-22,197.1167,210.5
2001-11-23,188.2193,219.6
2001-11-24,192.5183,215.1
2001-11-25,195.7864,238.1
2001-11-26,203.324,228.3
2001-11-27,212.9661,226.6
2001-11-28,215.7007,230.1
2001-11-29,226.605,239.5
2001-11-30,226.1638,219.3
2001-12-01,223.1371,213.9
2001-12-02,225.1966,217.5
2001-12-03,213.9917,212.3
2001-12-04,211.2205,213.9
2001-12-05,210.3162,215.7
2001-12-06,207.2845,213.4
2001-12-07,200.8692,209.9
2001-12-08,199.2509,211.0
2001-12-09,198.7761,202.5
2001-12-10,190.5822,199.0
2001-12-11,193.0665,205.0
2001-12-12,181.1894,201.6
2001-12-13,178.8855,214.0
2001-12-14,178.7888,226.7
2001-12-15,188.0533,234.9
2001-12-16,195.1923,246.3
2001-12-17,199.425,265.5
2001-12-18,207.5681,250.3
2001-12-19,202.3018,259.0
2001-12-20,211.5942,265.6
2001-12-21,223.1629,254.6
2001-12-22,232.4528,255.7
2001-12-23,231.3514,238.5
2001-12-24,239.3219,237.5
2001-12-25,231.6837,224.5
2001-12-26,232.3434,223.5
2001-12-27,231.0129,213.0
2001-12-28,220.6631,211.0
2001-12-29,218.0209,205.2
2001-12-30,211.2097,190.1
2001-12-31,213.512,182.4
2002-01-01,206.5244,192.6
2002-01-02,201.7279,216.2
2002-01-03,187.9219,217.3
2002-01-04,184.7029,221.4
2002-01-05,183.6573,225.7
2002-01-06,184.4744,232.9
2002-01-07,184.8476,221.6
2002-01-08,199.0078,211.2
2002-01-09,218.9916,209.1
2002-01-10,224.0211,205.0
2002-01-11,228.8187,203.8
2002-01-12,229.0215,206.9
2002-01-13,232.9861,215.2
2002-01-14,227.2401,217.5
2002-01-15,219.3055,221.5
2002-01-16,215.2775,219.4
2002-01-17,211.443,223.6
2002-01-18,213.5191,227.6
2002-01-19,213.5105,248.7
2002-01-20,215.0985,240.5
2002-01-21,213.471,252.0
2002-01-22,207.0982,253.2
2002-01-23,205.4782,248.8
2002-01-24,205.5588,235.5
2002-01-25,208.803,238.5
2002-01-26,221.4205,233.7
2002-01-27,224.4319,226.3
2002-01-28,225.6528,228.1
2002-01-29,223.608,214.5
2002-01-30,214.7546,196.9
2002-01-31,214.9179,186.6
2002-02-01,214.899,186.4
2002-02-02,217.4266,194.1
2002-02-03,212.6652,210.9
2002-02-04,216.9773,196.6
2002-02-05,210.4324,203.1
2002-02-06,205.0523,198.5
2002-02-07,202.3256,191.3
2002-02-08,207.3535,190.3
2002-02-09,218.4538,188.9
2002-02-10,231.0206,192.0
2002-02-11,228.5453,188.4
2002-02-12,222.8701,185.1
2002-02-13,210.6301,189.1
2002-02-14,205.1179,196.7
2002-02-15,204.4202,187.9
2002-02-16,207.7803,184.2
2002-02-17,214.2932,188.9
2002-02-18,205.7403,206.4
2002-02-19,202.2254,203.5
2002-02-20,195.5841,194.9
2002-02-21,197.308,200.4
2002-02-22,191.1574,184.3
2002-02-23,196.9614,187.6
2002-02-24,193.9272,179.6
2002-02-25,200.9736,172.0
2002-02-26,200.5207,169.4
2002-02-27,194.1412,175.0
2002-02-28,194.4268,177.0
2002-03-01,188.4647,174.2
2002-03-02,187.0176,181.2
2002-03-03,187.6735,176.9
2002-03-04,188.2844,180.0
2002-03-05,187.7983,176.2
2002-03-06,193.6777,182.1
2002-03-07,193.1813,178.6
2002-03-08,193.2556,174.9
2002-03-09,202.7276,182.7
2002-03-10,203.3876,182.7
2002-03-11,206.9585,176.5
2002-03-12,203.4416,173.3
2002-03-13,204.2091,186.3
2002-03-14,194.7263,172.8
2002-03-15,194.45,170.4
2002-03-16,201.7683,169.4
2002-03-17,192.2101,174.3
2002-03-18,186.8658,169.1
2002-03-19,180.6035,164.9
2002-03-20,184.9994,168.4
2002-03-21,183.9005,175.6
2002-03-22,175.2306,180.8
2002-03-23,177.3176,188.2
2002-03-24,168.3109,204.0
2002-03-25,162.5298,206.7
2002-03-26,158.879,205.9
2002-03-27,163.0251,209.4
2002-03-28,172.5715,216.3
2002-03-29,186.9752,217.6
2002-03-30,188.7318,206.7
2002-03-31,199.3344,208.4
2002-04-01,197.7099,206.8
2002-04-02,188.0058,205.8
2002-04-03,187.3787,195.1
2002-04-04,198.7995,198.3
2002-04-05,202.1435,213.0
2002-04-06,195.8222,227.3
2002-04-07,194.3282,211.6
2002-04-08,193.9759,204.7
2002-04-09,192.5231,197.2
2002-04-10,180.0412,195.0
2002-04-11,186.5703,189.8
2002-04-12,194.1147,181.4
2002-04-13,199.0395,179.0
2002-04-14,194.4563,175.1
2002-04-15,183.0954,171.7
2002-04-16,179.48,177.2
2002-04-17,183.2792,178.9
2002-04-18,186.9781,169.3
2002-04-19,188.3016,164.7
2002-04-20,188.2315,159.0
2002-04-21,186.1106,149.2
2002-04-22,186.3084,155.2
2002-04-23,189.3245,155.6
2002-04-24,193.5147,164.9
2002-04-25,177.2879,171.7
2002-04-26,176.7058,182.0
2002-04-27,178.3763,192.7
2002-04-28,182.4365,183.2
2002-04-29,188.1092,194.3
2002-04-30,190.3058,190.3
2002-05-01,200.5826,190.2
2002-05-02,202.9826,193.7
2002-05-03,210.091,194.8
2002-05-04,207.6795,191.8
2002-05-05,198.6,187.1
2002-05-06,190.9048,175.6
2002-05-07,189.352,164.2
2002-05-08,188.6424,162.7
2002-05-09,187.5863,162.0
2002-05-10,182.7793,160.7
2002-05-11,182.3495,166.8
2002-05-12,181.2408,175.0
2002-05-13,173.8215,175.4
2002-05-14,156.1445,190.4
2002-05-15,157.6428,185.6
2002-05-16,168.3683,184.8
2002-05-17,170.2896,193.9
2002-05-18,172.2436,187.4
2002-05-19,178.5612,188.0
2002-05-20,182.485,191.6
2002-05-21,187.8656,191.4
2002-05-22,189.1287,189.8
2002-05-23,190.2699,185.1
2002-05-24,188.8644,187.0
2002-05-25,185.463,183.9
2002-05-26,190.9849,180.0
2002-05-27,185.5989,175.4
2002-05-28,189.9756,174.7
2002-05-29,189.5643,163.7
2002-05-30,189.6408,159.1
2002-05-31,190.4335,163.1
2002-06-01,183.1683,159.9
2002-06-02,183.1581,161.9
2002-06-03,175.9863,156.2
2002-06-04,176.0255,152.4
2002-06-05,171.8997,146.2
2002-06-06,171.5981,137.6
2002-06-07,179.6447,135.6
2002-06-08,181.0192,139.7
2002-06-09,186.3643,141.0
2002-06-10,184.1188,147.5
2002-06-11,179.8259,147.5
2002-06-12,173.8775,150.5
2002-06-13,168.759,149.8
2002-06-14,163.4733,144.2
2002-06-15,167.9899,146.6
2002-06-16,168.6411,147.5
2002-06-17,168.7343,155.3
2002-06-18,170.0357,149.5
2002-06-19,180.3961,148.6
2002-06-20,182.3176,143.2
2002-06-21,175.276,141.9
2002-06-22,170.816,147.5
2002-06-23,171.6381,151.4
2002-06-24,174.0515,152.3
2002-06-25,170.7781,153.5
2002-06-26,162.0832,152.4
2002-06-27,152.6513,151.3
2002-06-28,149.654,143.5
2002-06-29,150.8996,138.0
2002-06-30,158.3117,141.5
2002-07-01,161.2817,135.3
2002-07-02,158.5248,140.9
2002-07-03,146.7235,133.1
2002-07-04,144.1807,135.9
2002-07-05,140.4511,137.7
2002-07-06,134.2318,139.4
2002-07-07,135.2215,148.6
2002-07-08,137.9274,164.8
2002-07-09,146.4128,177.2
2002-07-10,150.4846,185.9
2002-07-11,155.6159,186.6
2002-07-12,160.2934,188.3
2002-07-13,154.411,190.7
2002-07-14,154.266,188.7
2002-07-15,160.6809,195.8
2002-07-16,173.6155,204.6
2002-07-17,178.2408,215.0
2002-07-18,176.0471,224.5
2002-07-19,160.3784,240.4
2002-07-20,155.7114,238.0
2002-07-21,152.3426,246.2
2002-07-22,162.5292,241.1
2002-07-23,169.8526,234.1
2002-07-24,172.8361,214.8
2002-07-25,174.9034,198.3
2002-07-26,170.4617,185.7
2002-07-27,167.4622,172.7
2002-07-28,167.1926,155.3
2002-07-29,167.0307,146.0
2002-07-30,161.3668,148.8
2002-07-31,155.8259,140.1
2002-08-01,156.0192,138.3
2002-08-02,157.7669,144.0
2002-08-03,156.7466,152.4
2002-08-04,153.5606,176.9
2002-08-05,149.2605,188.8
2002-08-06,157.0859,196.8
2002-08-07,155.8547,213.5
2002-08-08,157.2293,215.7
2002-08-09,163.2182,219.1
2002-08-10,169.7127,232.3
2002-08-11,190.8695,246.9
2002-08-12,200.3658,242.6
2002-08-13,210.3725,232.8
2002-08-14,223.0965,225.0
2002-08-15,220.365,225.1
2002-08-16,214.7237,229.5
2002-08-17,213.2339,199.8
2002-08-18,213.0126,182.4
2002-08-19,206.4911,172.2
2002-08-20,191.3218,164.7
2002-08-21,180.584,166.4
2002-08-22,165.1838,172.6
2002-08-23,168.776,176.9
2002-08-24,154.0583,183.7
2002-08-25,149.7791,183.8
2002-08-26,140.2314,176.9
2002-08-27,142.624,174.4
2002-08-28,146.992,174.2
2002-08-29,158.1871,178.1
2002-08-30,171.7655,180.9
2002-08-31,179.7733,185.6
2002-09-01,184.1761,194.4
2002-09-02,184.1705,209.0
2002-09-03,183.297,223.5
2002-09-04,184.8729,219.0
2002-09-05,187.4861,215.1
2002-09-06,188.3154,208.6
2002-09-07,197.8956,209.2
2002-09-08,209.9141,189.9
2002-09-09,217.1536,184.5
2002-09-10,221.2742,195.9
2002-09-11,206.8536,178.4
2002-09-12,196.2442,166.7
2002-09-13,184.2049,165.8
2002-09-14,176.3841,159.8
2002-09-15,171.6451,161.1
2002-09-16,174.6702,154.8
2002-09-17,181.7329,158.9
2002-09-18,179.285,154.2
2002-09-19,167.519,150.6
2002-09-20,168.915,152.2
2002-09-21,166.8196,149.1
2002-09-22,167.3165,138.6
2002-09-23,164.4005,140.1
2002-09-24,164.4612,140.1
2002-09-25,165.8312,136.0
2002-09-26,168.7296,146.1
2002-09-27,171.8137,157.6
2002-09-28,173.5905,155.1
2002-09-29,175.4172,161.6
2002-09-30,178.7514,163.5
2002-10-01,179.8195,165.1
2002-10-02,180.3551,166.8
2002-10-03,182.1195,171.4
2002-10-04,191.9295,178.7
2002-10-05,191.5791,179.7
2002-10-06,186.5607,178.3
2002-10-07,187.1138,180.2
2002-10-08,182.0516,175.7
2002-10-09,186.806,181.4
2002-10-10,180.393,177.7
2002-10-11,178.5497,171.3
2002-10-12,174.0467,178.1
2002-10-13,163.3374,178.7
2002-10-14,158.6782,180.8
2002-10-15,154.7013,167.7
2002-10-16,156.2213,161.9
2002-10-17,150.9976,158.5
2002-10-18,159.9457,170.9
2002-10-19,163.9719,156.1
2002-10-20,166.4203,155.2
2002-10-21,166.7831,156.3
2002-10-22,156.1492,159.4
2002-10-23,158.4427,165.3
2002-10-24,161.5599,167.7
2002-10-25,171.5771,159.7
2002-10-26,167.1966,162.1
2002-10-27,167.2448,166.5
2002-10-28,165.1074,174.4
2002-10-29,170.3267,180.0
2002-10-30,173.6535,181.2
2002-10-31,175.4728,186.4
2002-11-01,177.2705,185.5
2002-11-02,177.1278,187.0
2002-11-03,176.3663,187.7
2002-11-04,177.3485,181.0
2002-11-05,173.6222,174.6
2002-11-06,175.489,178.6
2002-11-07,172.1673,180.2
2002-11-08,173.5531,193.2
2002-11-09,181.675,194.8
2002-11-10,186.8382,180.5
2002-11-11,184.6319,174.8
2002-11-12,166.7075,164.3
2002-11-13,162.4417,155.3
2002-11-14,166.5971,147.2
2002-11-15,172.3237,145.5
2002-11-16,173.6681,143.8
2002-11-17,167.8828,143.5
2002-11-18,165.5622,133.2
2002-11-19,151.0887,138.5
2002-11-20,151.5904,138.8
2002-11-21,155.3032,136.0
2002-11-22,157.5487,137.5
2002-11-23,157.986,142.1
2002-11-24,163.9111,145.5
2002-11-25,161.8596,142.0
2002-11-26,164.1581,141.8
2002-11-27,168.2266,144.5
2002-11-28,172.6087,144.4
2002-11-29,174.1455,143.9
2002-11-30,174.0418,146.6
2002-12-01,169.1058,149.8
2002-12-02,170.0076,151.6
2002-12-03,160.875,156.5
2002-12-04,160.3015,147.7
2002-12-05,158.5437,148.4
2002-12-06,151.5213,161.8
2002-12-07,148.1858,180.1
2002-12-08,150.428,196.6
2002-12-09,151.9145,196.5
2002-12-10,152.2832,205.8
2002-12-11,135.7768,190.6
2002-12-12,130.6473,186.7
2002-12-13,150.2098,190.3
2002-12-14,164.9773,177.9
2002-12-15,166.0622,166.4
2002-12-16,162.1624,153.7
2002-12-17,153.322,142.5
2002-12-18,146.5711,127.6
2002-12-19,147.9496,123.2
2002-12-20,144.7507,112.7
2002-12-21,144.0413,113.1
2002-12-22,141.1388,111.0
2002-12-23,135.7971,110.1
2002-12-24,135.8364,111.3
2002-12-25,134.4271,111.2
2002-12-26,138.0796,114.4
2002-12-27,136.4009,127.0
2002-12-28,141.7339,138.2
2002-12-29,141.2342,143.2
2002-12-30,144.0624,156.8
2002-12-31,149.3082,157.8
2003-01-01,154.8148,168.0
2003-01-02,163.5073,176.9
2003-01-03,172.4131,178.7
2003-01-04,182.857,182.6
2003-01-05,171.2217,167.7
2003-01-06,168.1654,166.2
2003-01-07,163.7973,158.6
2003-01-08,165.7108,145.0
2003-01-09,164.7325,139.9
2003-01-10,163.4237,137.1
2003-01-11,158.8715,133.0
2003-01-12,140.7017,126.1
2003-01-13,130.1074,133.7
2003-01-14,126.9116,129.4
2003-01-15,124.4719,125.4
2003-01-16,124.4416,131.6
2003-01-17,125.7118,125.8
2003-01-18,127.7538,124.9
2003-01-19,126.6945,121.2
2003-01-20,134.9,117.7
2003-01-21,140.3813,121.8
2003-01-22,145.677,120.7
2003-01-23,148.8412,117.6
2003-01-24,152.1026,116.9
2003-01-25,148.8363,122.1
2003-01-26,149.8854,123.0
2003-01-27,148.6667,128.7
2003-01-28,150.2953,131.0
2003-01-29,154.1388,136.2
2003-01-30,151.3633,145.4
2003-01-31,151.6638,143.3
2003-02-01,153.9939,135.4
2003-02-02,156.3909,137.6
2003-02-03,157.1935,132.6
2003-02-04,156.0513,131.4
2003-02-05,152.0885,128.2
2003-02-06,151.0258,127.3
2003-02-07,148.6112,128.1
2003-02-08,144.8934,120.6
2003-02-09,143.0988,115.7
2003-02-10,138.0106,109.4
2003-02-11,136.4462,107.4
2003-02-12,131.175,113.6
2003-02-13,125.9176,115.7
2003-02-14,123.345,117.0
2003-02-15,116.7676,104.3
2003-02-16,117.0755,101.8
2003-02-17,117.3271,99.9
2003-02-18,117.5404,99.5
2003-02-19,122.9214,107.2
2003-02-20,125.459,115.4
2003-02-21,131.6457,122.6
2003-02-22,127.8033,135.6
2003-02-23,127.6591,131.4
2003-02-24,127.5129,146.5
2003-02-25,129.7819,143.6
2003-02-26,136.359,146.2
2003-02-27,144.5423,147.9
2003-02-28,152.8058,147.6
2003-03-01,157.1063,146.2
2003-03-02,153.5095,150.6
2003-03-03,155.2833,141.7
2003-03-04,145.5292,139.7
2003-03-05,140.9369,136.2
2003-03-06,136.6914,132.5
2003-03-07,138.0804,137.3
2003-03-08,138.1429,129.3
2003-03-09,139.8426,127.2
2003-03-10,135.0863,123.1
2003-03-11,124.5344,117.3
2003-03-12,119.1818,107.2
2003-03-13,118.1451,96.6
2003-03-14,119.3034,90.3
2003-03-15,113.4643,88.3
2003-03-16,116.6201,92.4
2003-03-17,119.0901,97.3
2003-03-18,123.7081,108.2
2003-03-19,124.5808,126.6
2003-03-20,120.7959,140.5
2003-03-21,121.6224,146.4
2003-03-22,127.265,154.6
2003-03-23,130.7265,154.2
2003-03-24,130.297,159.8
2003-03-25,139.8294,152.8
2003-03-26,149.4823,157.3
2003-03-27,156.1573,155.7
2003-03-28,153.1281,152.7
2003-03-29,154.4526,137.5
2003-03-30,152.0409,126.1
2003-03-31,145.3359,115.9
2003-04-01,137.3072,112.6
2003-04-02,132.3785,109.7
2003-04-03,126.5007,104.1
2003-04-04,125.8199,103.0
2003-04-05,118.6953,102.6
2003-04-06,113.4161,103.0
2003-04-07,106.055,102.6
2003-04-08,105.3305,101.1
2003-04-09,107.6913,99.2
2003-04-10,108.2171,101.8
2003-04-11,110.0889,108.7
2003-04-12,115.7178,113.1
2003-04-13,118.3579,119.7
2003-04-14,121.0557,127.0
2003-04-15,122.4465,133.8
2003-04-16,127.879,134.3
2003-04-17,133.9189,129.8
2003-04-18,144.0535,145.3
2003-04-19,147.3457,145.5
2003-04-20,148.183,156.1
2003-04-21,147.5783,154.3
2003-04-22,143.7543,157.4
2003-04-23,137.5358,155.8
2003-04-24,129.1235,151.0
2003-04-25,129.8761,159.0
2003-04-26,126.4969,150.1
2003-04-27,129.2828,144.4
2003-04-28,124.4587,131.1
2003-04-29,113.6792,124.1
2003-04-30,111.3963,112.2
2003-05-01,109.5517,102.8
2003-05-02,113.2441,98.9
2003-05-03,112.8804,94.5
2003-05-04,109.5378,93.4
2003-05-05,106.2776,95.8
2003-05-06,106.2999,98.1
2003-05-07,104.711,98.3
2003-05-08,104.3549,101.4
2003-05-09,108.6278,104.9
2003-05-10,110.2152,104.7
2003-05-11,116.0423,111.5
2003-05-12,120.5132,117.4
2003-05-13,125.5128,120.0
2003-05-14,129.0984,122.2
2003-05-15,134.3832,121.3
2003-05-16,142.3013,120.9
2003-05-17,143.966,119.8
2003-05-18,148.8592,124.3
2003-05-19,145.8736,128.4
2003-05-20,143.9503,132.3
2003-05-21,139.2219,133.7
2003-05-22,133.4712,127.8
2003-05-23,125.5817,120.4
2003-05-24,117.9394,116.3
2003-05-25,111.5486,115.5
2003-05-26,110.6593,124.8
2003-05-27,113.468,117.8
2003-05-28,112.7808,108.7
2003-05-29,105.5733,117.0
2003-05-30,103.9626,129.4
2003-05-31,99.4009,137.2
2003-06-01,103.057,158.0
2003-06-02,113.6223,163.1
2003-06-03,116.5461,182.0
2003-06-04,116.2853,198.9
2003-06-05,115.9633,168.6
2003-06-06,123.193,155.8
2003-06-07,132.2704,137.7
2003-06-08,138.8297,132.8
2003-06-09,140.4311,126.5
2003-06-10,137.0341,125.8
2003-06-11,140.2598,124.3
2003-06-12,133.4956,122.55
2003-06-13,131.9999,120.8
2003-06-14,130.446,118.8
2003-06-15,129.2191,113.9
2003-06-16,128.6151,117.2
2003-06-17,129.628,118.3
2003-06-18,130.8906,120.2
2003-06-19,132.6125,122.9
2003-06-20,131.665,128.1
2003-06-21,126.1844,128.1
2003-06-22,128.4638,131.6
2003-06-23,130.1341,132.5
2003-06-24,133.793,135.6
2003-06-25,138.0289,139.3
2003-06-26,140.1864,136.7
2003-06-27,143.5488,144.8
2003-06-28,146.0713,146.7
2003-06-29,145.0365,135.3
2003-06-30,143.9419,137.8
2003-07-01,133.9818,135.7
2003-07-02,131.1666,130.2
2003-07-03,127.348,126.9
2003-07-04,131.0036,126.1
2003-07-05,125.711,125.5
2003-07-06,125.0098,130.7
2003-07-07,129.6502,131.4
2003-07-08,128.9813,129.9
2003-07-09,126.2621,137.5
2003-07-10,121.0953,143.2
2003-07-11,122.8173,144.3
2003-07-12,121.0512,150.8
2003-07-13,126.371,162.4
2003-07-14,127.2614,160.7
2003-07-15,130.5525,157.4
2003-07-16,133.6054,148.7
2003-07-17,133.1723,129.2
2003-07-18,132.6243,115.1
2003-07-19,135.8464,105.9
2003-07-20,140.5639,104.9
2003-07-21,139.2662,106.6
2003-07-22,137.3093,103.0
2003-07-23,131.743,101.7
2003-07-24,126.1705,105.2
2003-07-25,119.8596,110.6
2003-07-26,121.3028,114.7
2003-07-27,122.8381,123.6
2003-07-28,127.3728,126.0
2003-07-29,127.8514,134.4
2003-07-30,126.0602,132.4
2003-07-31,125.487,140.9
2003-08-01,131.5304,136.6
2003-08-02,141.7676,133.6
2003-08-03,152.2285,134.7
2003-08-04,153.4085,132.7
2003-08-05,148.2476,126.6
2003-08-06,143.924,134.3
2003-08-07,141.5458,133.1
2003-08-08,133.6139,134.7
2003-08-09,130.1904,130.1
2003-08-10,128.9142,122.3
2003-08-11,122.2167,118.7
2003-08-12,120.2261,119.5
2003-08-13,120.7818,114.5
2003-08-14,121.811,122.0
2003-08-15,121.3487,123.7
2003-08-16,118.7002,122.9
2003-08-17,120.4912,120.95
2003-08-18,118.6525,119.0
2003-08-19,119.7662,123.4
2003-08-20,116.6855,128.3
2003-08-21,125.7382,121.1
2003-08-22,128.6136,118.7
2003-08-23,132.6282,116.2
2003-08-24,131.7145,111.8
2003-08-25,128.7812,110.1
2003-08-26,125.3966,107.6
2003-08-27,127.6737,112.4
2003-08-28,127.3084,114.1
2003-08-29,125.6647,109.8
2003-08-30,122.5449,106.6
2003-08-31,119.5828,109.4
2003-09-01,118.7622,100.3
2003-09-02,119.1064,97.3
2003-09-03,120.7219,100.6
2003-09-04,123.1115,98.0
2003-09-05,121.693,95.6
2003-09-06,120.6035,97.3
2003-09-07,119.6938,95.8
2003-09-08,115.7463,98.4
2003-09-09,113.9095,100.4
2003-09-10,114.8595,107.0
2003-09-11,113.9747,110.2
2003-09-12,112.6197,112.1
2003-09-13,110.2105,116.5
2003-09-14,110.113,120.9
2003-09-15,112.7566,123.5
2003-09-16,112.4343,125.7
2003-09-17,114.8651,134.3
2003-09-18,115.6606,133.4
2003-09-19,116.8708,131.8
2003-09-20,122.3914,130.3
2003-09-21,125.6477,137.6
2003-09-22,128.2667,135.6
2003-09-23,128.2424,133.3
2003-09-24,125.8867,137.1
2003-09-25,122.6573,125.0
2003-09-26,115.1449,120.3
2003-09-27,111.9225,119.0
2003-09-28,114.7466,109.6
2003-09-29,116.1169,112.0
2003-09-30,118.3017,111.8
2003-10-01,122.8578,113.1
2003-10-02,121.5142,110.5
2003-10-03,117.8071,111.4
2003-10-04,111.4857,105.4
2003-10-05,111.8012,97.4
2003-10-06,114.4831,94.0
2003-10-07,117.3626,91.9
2003-10-08,121.7806,95.3
2003-10-09,122.0422,94.6
2003-10-10,124.2201,98.1
2003-10-11,123.2816,107.8
2003-10-12,120.9457,119.4
2003-10-13,121.4081,133.9
2003-10-14,120.9077,150.2
2003-10-15,119.481,152.0
2003-10-16,117.2892,181.3
2003-10-17,117.5726,188.5
2003-10-18,127.7264,219.0
2003-10-19,135.4061,240.6
2003-10-20,138.5269,254.0
2003-10-21,132.3002,268.4
2003-10-22,133.1343,275.4
2003-10-23,144.0312,267.6
2003-10-24,142.4137,245.2
2003-10-25,148.3139,233.2
2003-10-26,150.364,187.4
2003-10-27,146.5255,164.2
2003-10-28,144.7858,165.6
2003-10-29,140.3618,112.1
2003-10-30,135.8561,96.1
2003-10-31,128.4446,89.4
2003-11-01,122.6809,91.0
2003-11-02,113.5094,91.2
2003-11-03,111.3575,92.8
2003-11-04,113.8648,93.7
2003-11-05,108.1372,95.8
2003-11-06,105.1925,100.0
2003-11-07,105.9558,96.8
2003-11-08,112.8717,95.6
2003-11-09,120.8024,102.0
2003-11-10,128.7085,118.2
2003-11-11,136.0726,141.0
2003-11-12,143.9852,151.5
2003-11-13,154.1644,171.0
2003-11-14,158.5249,172.8
2003-11-15,159.8649,171.9
2003-11-16,162.28,173.8
2003-11-17,163.6254,172.8
2003-11-18,172.782,166.3
2003-11-19,173.2614,166.5
2003-11-20,170.9864,170.1
2003-11-21,163.7009,163.2
2003-11-22,155.3352,161.4
2003-11-23,135.4326,148.6
2003-11-24,127.6393,139.3
2003-11-25,121.5644,135.4
2003-11-26,112.023,120.3
2003-11-27,109.6339,112.5
2003-11-28,109.9408,108.5
2003-11-29,112.7422,105.7
2003-11-30,113.7147,89.3
2003-12-01,115.418,90.9
2003-12-02,115.6213,89.4
2003-12-03,113.9651,86.5
2003-12-04,109.9824,83.4
2003-12-05,112.268,84.5
2003-12-06,114.6453,85.0
2003-12-07,113.1694,89.5
2003-12-08,120.7018,97.7
2003-12-09,130.183,103.0
2003-12-10,140.226,113.8
2003-12-11,144.9963,119.1
2003-12-12,148.3832,118.6
2003-12-13,148.4381,125.9
2003-12-14,144.1842,129.1
2003-12-15,140.7103,133.2
2003-12-16,140.8155,137.4
2003-12-17,143.0815,134.4
2003-12-18,142.7834,134.6
2003-12-19,137.9623,132.7
2003-12-20,131.0535,124.3
2003-12-21,126.1054,115.1
2003-12-22,117.703,110.7
2003-12-23,114.9204,104.2
2003-12-24,107.5491,104.4
2003-12-25,104.2598,112.2
2003-12-26,102.7359,112.6
2003-12-27,94.6549,112.3
2003-12-28,93.874,115.5
2003-12-29,94.602,119.0
2003-12-30,95.865,113.4
2003-12-31,99.0036,114.9
2004-01-01,111.6303,116.1
2004-01-02,118.7418,114.4
2004-01-03,123.8324,115.3
2004-01-04,127.1994,114.6
2004-01-05,123.3939,114.4
2004-01-06,127.3334,114.1
2004-01-07,131.4115,117.1
2004-01-08,133.7495,115.2
2004-01-09,136.5291,116.4
2004-01-10,132.0955,118.6
2004-01-11,131.1251,115.6
2004-01-12,130.8957,130.3
2004-01-13,135.0403,124.8
2004-01-14,130.9513,126.0
2004-01-15,130.8035,117.9
2004-01-16,124.6199,111.6
2004-01-17,121.4786,104.1
2004-01-18,117.5333,99.1
2004-01-19,119.6003,95.0
2004-01-20,115.3488,90.8
2004-01-21,114.55,85.9
2004-01-22,109.1333,84.8
2004-01-23,104.2741,89.9
2004-01-24,100.8587,91.6
2004-01-25,97.697,94.5
2004-01-26,96.3754,98.5
2004-01-27,95.0428,96.6
2004-01-28,94.9562,98.6
2004-01-29,98.6417,102.5
2004-01-30,100.9388,103.7
2004-01-31,103.4022,108.1
2004-02-01,106.0429,113.1
2004-02-02,112.4675,114.7
2004-02-03,112.9626,113.5
2004-02-04,111.8372,111.2
2004-02-05,110.9327,109.3
2004-02-06,109.5501,105.1
2004-02-07,109.5501,101.1
2004-02-08,113.7042,99.6
2004-02-09,118.7561,96.3
2004-02-10,119.005,99.5
2004-02-11,112.2503,95.4
2004-02-12,107.9149,94.2
2004-02-13,106.3689,93.2
2004-02-14,102.5806,96.0
2004-02-15,103.8372,101.7
2004-02-16,101.5879,102.1
2004-02-17,101.992,103.4
2004-02-18,98.5217,116.1
2004-02-19,97.1085,118.4
2004-02-20,98.8732,119.8
2004-02-21,101.1289,113.6
2004-02-22,103.4623,108.0
2004-02-23,106.1031,100.0
2004-02-24,105.4635,97.1
2004-02-25,112.1647,88.9
2004-02-26,112.362,95.9
2004-02-27,114.885,105.0
2004-02-28,112.6978,102.9
2004-02-29,105.9988,104.6
2004-03-01,102.1023,106.3
2004-03-02,100.3505,107.2
2004-03-03,96.8822,111.1
2004-03-04,101.0656,111.7
2004-03-05,107.8761,106.2
2004-03-06,111.5018,102.6
2004-03-07,114.6176,101.3
2004-03-08,116.1028,100.3
2004-03-09,119.3392,108.5
2004-03-10,112.5994,108.8
2004-03-11,113.7093,114.4
2004-03-12,114.3761,111.3
2004-03-13,111.7712,112.7
2004-03-14,107.8088,110.4
2004-03-15,103.8498,115.6
2004-03-16,107.0557,117.6
2004-03-17,109.3887,119.0
2004-03-18,113.6573,126.4
2004-03-19,108.8908,123.2
2004-03-20,110.8736,127.2
2004-03-21,108.3703,128.6
2004-03-22,111.3,128.3
2004-03-23,111.95,126.4
2004-03-24,115.1329,121.0
2004-03-25,121.1283,112.6
2004-03-26,121.5956,108.1
2004-03-27,124.4415,107.4
2004-03-28,124.013,109.0
2004-03-29,116.99,108.9
2004-03-30,114.8965,101.6
2004-03-31,113.7743,98.4
2004-04-01,108.5914,93.8
2004-04-02,107.1307,90.3
2004-04-03,108.3312,88.1
2004-04-04,109.1986,90.0
2004-04-05,111.0616,91.8
2004-04-06,107.9288,93.6
2004-04-07,104.7357,95.8
2004-04-08,103.9836,97.4
2004-04-09,102.9315,97.6
2004-04-10,102.8983,99.0
2004-04-11,102.9867,110.0
2004-04-12,103.0987,114.5
2004-04-13,107.3821,111.8
2004-04-14,109.8484,113.9
2004-04-15,110.9499,118.4
2004-04-16,109.5,116.6
2004-04-17,108.6615,112.9
2004-04-18,115.4453,108.4
2004-04-19,118.2117,100.9
2004-04-20,115.7399,96.4
2004-04-21,109.9522,90.7
2004-04-22,107.321,89.8
2004-04-23,105.3503,90.8
2004-04-24,105.5927,95.7
2004-04-25,101.7071,99.1
2004-04-26,98.485,92.8
2004-04-27,96.891,88.9
2004-04-28,95.7979,90.1
2004-04-29,96.2034,88.0
2004-04-30,97.6144,86.8
2004-05-01,100.8899,88.9
2004-05-02,101.958,95.0
2004-05-03,103.0112,94.8
2004-05-04,103.7436,92.0
2004-05-05,100.6411,100.9
2004-05-06,100.033,103.0
2004-05-07,102.4575,112.1
2004-05-08,106.0747,117.9
2004-05-09,109.0792,121.0
2004-05-10,109.4143,113.7
2004-05-11,103.0643,110.4
2004-05-12,110.1896,111.4
2004-05-13,112.0079,107.2
2004-05-14,115.7696,109.6
2004-05-15,116.0218,105.0
2004-05-16,114.5456,106.6
2004-05-17,108.3606,107.9
2004-05-18,103.8683,105.1
2004-05-19,100.8455,106.1
2004-05-20,101.0653,104.6
2004-05-21,102.6808,105.2
2004-05-22,106.0457,104.0
2004-05-23,99.6898,102.4
2004-05-24,99.2098,98.1
2004-05-25,97.8376,92.5
2004-05-26,98.5511,93.0
2004-05-27,99.0214,92.6
2004-05-28,101.6989,92.0
2004-05-29,108.6068,87.0
2004-05-30,114.5428,91.0
2004-05-31,110.7347,91.2
2004-06-01,108.1518,88.6
2004-06-02,107.303,87.9
2004-06-03,105.1784,85.0
2004-06-04,103.823,86.5
2004-06-05,101.9934,90.7
2004-06-06,102.5852,98.2
2004-06-07,103.2547,103.1
2004-06-08,103.6078,112.9
2004-06-09,101.9881,115.1
2004-06-10,102.4377,114.9
2004-06-11,101.803,111.3
2004-06-12,101.2864,116.4
2004-06-13,104.2046,123.0
2004-06-14,109.7492,119.6
2004-06-15,115.7767,120.5
2004-06-16,114.365,116.2
2004-06-17,111.3091,111.9
2004-06-18,101.0156,106.3
2004-06-19,99.5461,102.2
2004-06-20,103.1026,97.3
2004-06-21,98.6976,92.4
2004-06-22,98.3742,87.9
2004-06-23,95.9044,84.5
2004-06-24,94.5339,84.0
2004-06-25,94.831,83.4
2004-06-26,95.5235,82.2
2004-06-27,98.5474,82.1
2004-06-28,99.1031,80.9
2004-06-29,101.197,81.6
2004-06-30,98.7263,81.9
2004-07-01,97.1348,84.6
2004-07-02,98.7036,89.6
2004-07-03,100.2634,96.4
2004-07-04,101.0766,107.9
2004-07-05,100.8004,129.2
2004-07-06,102.6451,131.6
2004-07-07,103.8864,142.6
2004-07-08,103.4266,150.5
2004-07-09,102.824,151.3
2004-07-10,103.4539,154.1
2004-07-11,107.6205,160.2
2004-07-12,115.3361,175.8
2004-07-13,118.8396,180.8
2004-07-14,120.6347,177.7
2004-07-15,122.152,178.4
2004-07-16,119.9719,170.4
2004-07-17,122.1738,151.8
2004-07-18,123.2715,143.9
2004-07-19,124.196,132.0
2004-07-20,123.8064,121.8
2004-07-21,111.5857,103.8
2004-07-22,109.9792,102.8
2004-07-23,108.4408,91.4
2004-07-24,108.0036,89.0
2004-07-25,109.3423,85.8
2004-07-26,108.1834,87.0
2004-07-27,104.9583,90.1
2004-07-28,101.7675,87.9
2004-07-29,104.7233,91.5
2004-07-30,107.3639,93.6
2004-07-31,112.0767,97.3
2004-08-01,114.815,107.7
2004-08-02,119.6806,117.0
2004-08-03,120.7255,124.7
2004-08-04,120.5247,134.3
2004-08-05,124.7135,151.1
2004-08-06,129.1733,152.5
2004-08-07,135.0469,153.1
2004-08-08,143.3388,142.4
2004-08-09,147.3984,137.0
2004-08-10,141.7383,138.3
2004-08-11,138.4996,143.3
2004-08-12,137.1988,123.5
2004-08-13,134.4231,124.2
2004-08-14,127.2234,122.8
2004-08-15,117.8041,117.8
2004-08-16,114.1401,111.9
2004-08-17,106.4593,107.2
2004-08-18,106.0147,102.5
2004-08-19,96.5995,99.5
2004-08-20,101.894,92.3
2004-08-21,102.0452,88.9
2004-08-22,101.4536,87.7
2004-08-23,98.647,91.6
2004-08-24,100.2466,89.7
2004-08-25,101.2716,91.5
2004-08-26,104.534,95.6
2004-08-27,104.6583,98.3
2004-08-28,106.4661,100.9
2004-08-29,109.6109,104.8
2004-08-30,114.779,108.2
2004-08-31,117.6869,120.7
2004-09-01,120.3253,126.3
2004-09-02,123.1525,132.8
2004-09-03,124.3789,131.8
2004-09-04,126.0741,117.9
2004-09-05,126.0425,116.0
2004-09-06,123.5263,119.1
2004-09-07,126.3409,116.0
2004-09-08,125.1565,110.8
2004-09-09,127.5307,109.4
2004-09-10,121.0323,105.5
2004-09-11,112.6044,103.6
2004-09-12,109.6119,106.1
2004-09-13,104.3928,101.3
2004-09-14,102.6431,95.6
2004-09-15,101.2893,92.0
2004-09-16,103.3706,90.8
2004-09-17,104.4653,89.9
2004-09-18,104.0783,89.9
2004-09-19,99.1195,89.9
2004-09-20,97.6836,90.2
2004-09-21,99.1952,90.2
2004-09-22,101.1861,90.0
2004-09-23,102.1127,88.4
2004-09-24,104.3228,88.1
2004-09-25,107.6042,88.1
2004-09-26,108.0339,89.1
2004-09-27,111.1242,90.7
2004-09-28,112.4981,90.8
2004-09-29,113.3745,92.0
2004-09-30,111.1408,93.7
2004-10-01,107.7141,90.4
2004-10-02,105.4181,87.7
2004-10-03,104.4162,88.7
2004-10-04,103.3364,86.6
2004-10-05,100.8496,87.2
2004-10-06,98.7932,89.4
2004-10-07,99.5521,90.2
2004-10-08,95.4984,88.6
2004-10-09,93.1692,91.1
2004-10-10,92.1732,91.2
2004-10-11,90.0377,95.5
2004-10-12,89.5178,98.2
2004-10-13,93.1843,110.3
2004-10-14,95.6127,111.0
2004-10-15,95.2821,121.2
2004-10-16,91.0199,130.2
2004-10-17,92.5459,138.7
2004-10-18,95.7549,141.5
2004-10-19,98.9204,135.0
2004-10-20,103.2554,127.8
2004-10-21,107.7104,134.0
2004-10-22,112.4732,128.8
2004-10-23,112.2167,134.4
2004-10-24,120.6037,137.1
2004-10-25,119.6135,133.4
2004-10-26,113.7321,131.0
2004-10-27,108.9897,129.4
2004-10-28,114.6549,128.6
2004-10-29,114.4336,138.8
2004-10-30,117.7665,126.5
2004-10-31,113.5809,127.2
2004-11-01,112.3139,121.7
2004-11-02,111.851,124.2
2004-11-03,115.3901,102.6
2004-11-04,109.697,93.0
2004-11-05,117.04,94.0
2004-11-06,111.7745,94.4
2004-11-07,114.0494,98.1
2004-11-08,115.2574,103.3
2004-11-09,121.7737,104.2
2004-11-10,112.8024,102.5
2004-11-11,111.4364,101.6
2004-11-12,112.3763,100.9
2004-11-13,115.1876,96.9
2004-11-14,115.2026,98.5
2004-11-15,116.1596,103.7
2004-11-16,115.2133,104.2
2004-11-17,115.4663,104.5
2004-11-18,117.6471,106.6
2005-02-18,88.4553,76.7
2005-02-19,86.6161,75.1
2005-02-20,86.0079,74.4
2005-02-21,86.0506,73.6
2005-02-22,86.9184,72.4
2005-02-23,87.5312,73.4
2005-02-24,86.6308,75.7
2005-02-25,87.0753,77.7
2005-02-26,90.6607,79.9
2005-02-27,91.1751,82.3
2005-02-28,91.1235,85.7
2005-03-01,91.9236,92.2
2005-03-02,93.0043,98.5
2005-03-03,94.2626,100.3
2005-03-04,97.4429,103.6
2005-03-05,97.3723,108.8
2005-03-06,97.8381,112.5
2005-03-07,97.0217,110.3
2005-03-08,97.1986,107.0
2005-03-09,102.691,103.6
2005-03-10,101.4202,100.7
2005-03-11,100.0868,95.7
2005-03-12,99.9894,92.2
2005-03-13,95.1223,88.3
2005-03-14,91.1131,89.2
2005-03-15,87.9724,86.7
2005-03-16,85.7534,87.1
2005-03-17,83.2533,86.6
2005-03-18,82.2167,81.7
2005-03-19,80.7313,77.4
2005-03-20,81.0242,78.1
2005-03-21,84.9317,79.4
2005-03-22,86.7754,78.6
2005-03-23,89.5164,77.5
2005-03-24,88.9059,76.5
2005-03-25,89.7973,78.2
2005-03-26,87.8021,80.2
2005-03-27,90.6673,81.1
2005-03-28,93.0284,84.9
2005-03-29,93.9524,88.5
2005-03-30,94.235,88.2
2005-03-31,93.6524,88.0
2005-04-01,93.6379,87.9
2005-04-02,94.116,88.8
2005-04-03,94.6896,88.6
2005-04-04,94.9429,87.9
2005-04-05,95.767,85.3
2005-04-06,93.3112,84.0
2005-04-07,91.9491,86.0
2005-04-08,90.2987,85.5
2005-04-09,87.8491,83.6
2005-04-10,86.1209,84.2
2005-04-11,84.057,82.0
2005-04-12,83.8433,78.9
2005-04-13,83.0831,77.8
2005-04-14,85.6225,77.9
2005-04-15,84.5159,78.1
2005-04-16,79.9591,80.2
2005-04-17,81.9132,83.2
2005-04-18,82.9791,87.1
2005-04-19,82.0169,92.1
2005-04-20,81.9342,96.6
2005-04-21,80.7531,99.4
2005-04-22,81.7809,106.5
2005-04-23,83.8692,108.0
2005-04-24,86.7381,113.4
2005-04-25,93.7603,113.3
2005-04-26,98.4893,114.2
2005-04-27,101.722,110.6
2005-04-28,97.5206,111.0
2005-04-29,99.8244,112.4
2005-04-30,98.6838,101.8
2005-05-01,99.3899,103.2
2005-05-02,99.6603,112.2
2005-05-03,100.6091,121.6
2005-05-04,98.0324,127.9
2005-05-05,96.7474,119.9
2005-05-06,92.8022,115.5
2005-05-07,87.7787,101.7
2005-05-08,96.2767,105.2
2005-05-09,101.7484,101.4
2005-05-10,102.8995,92.0
2005-05-11,105.1872,85.8
2005-05-12,96.6381,86.7
2005-05-13,97.4873,85.6
2005-05-14,92.2569,83.9
2005-05-15,94.4183,84.2
2005-05-16,95.2097,85.5
2005-05-17,95.1904,87.4
2005-05-18,94.7595,86.0
2005-05-19,95.1644,92.8
2005-05-20,94.4351,98.1
2005-05-21,94.6871,95.1
2005-05-22,96.9509,95.3
2005-05-23,98.2791,97.5
2005-05-24,100.5681,99.0
2005-05-25,100.1427,96.9
2005-05-26,102.9203,96.0
2005-05-27,103.9153,98.0
2005-05-28,102.6399,99.8
2005-05-29,98.0915,108.6
2005-05-30,97.7422,109.2
2005-05-31,96.5339,112.4
2005-06-01,96.1182,119.3
2005-06-02,93.114,119.7
2005-06-03,92.1866,117.9
2005-06-04,94.0812,111.4
2005-06-05,98.8069,106.3
2005-06-06,98.6636,94.7
2005-06-07,100.6049,96.8
2005-06-08,102.3305,97.5
2005-06-09,96.8134,100.2
2005-06-10,97.2295,93.7
2005-06-11,93.8624,92.9
2005-06-12,91.9698,89.8
2005-06-13,88.5626,88.9
2005-06-14,89.9907,85.5
2005-06-15,92.3093,82.1
2005-06-16,95.6523,80.1
2005-06-17,97.9171,79.2
2005-06-18,97.4459,79.3
2005-06-19,97.1434,81.3
2005-06-20,96.8715,80.0
2005-06-21,96.4218,82.6
2005-06-22,96.8802,91.2
2005-06-23,96.2378,104.85
2005-06-24,95.8057,118.5
2005-06-25,96.0967,128.0
2005-06-26,97.0193,134.1
2005-06-27,96.3537,127.8
2005-06-28,96.1256,131.0
2005-06-29,97.5908,127.2
2005-06-30,106.282,125.5
2005-07-01,111.6494,114.2
2005-07-02,114.5093,111.9
2005-07-03,114.6294,105.2
2005-07-04,109.1345,96.4
2005-07-05,106.3865,99.4
2005-07-06,100.1153,94.5
2005-07-07,99.0321,92.9
2005-07-08,90.1582,90.1
2005-07-09,86.9888,78.8
2005-07-10,86.2564,76.5
2005-07-11,84.8383,74.4
2005-07-12,87.6943,73.5
2005-07-13,88.6188,74.4
2005-07-14,91.0558,75.2
2005-07-15,93.3258,75.9
2005-07-16,93.4349,82.7
2005-07-17,93.6738,82.8
2005-07-18,96.2922,86.5
2005-07-19,99.0744,89.2
2005-07-20,101.1963,93.4
2005-07-21,102.4666,98.7
2005-07-22,103.13,106.9
2005-07-23,108.2805,108.2
2005-07-24,105.5624,113.1
2005-07-25,102.1755,114.6
2005-07-26,100.4613,113.5
2005-07-27,99.8995,112.2
2005-07-28,103.6942,109.2
2005-07-29,108.4119,101.7
2005-07-30,108.0515,96.1
2005-07-31,109.9255,94.9
2005-08-01,104.7545,88.9
2005-08-02,101.9688,84.7
2005-08-03,100.0099,78.3
2005-08-04,91.0499,77.9
2005-08-05,87.2839,78.3
2005-08-06,84.5288,77.4
2005-08-07,83.7599,76.7
2005-08-08,81.3793,77.7
2005-08-09,80.9953,77.7
2005-08-10,80.7821,78.9
2005-08-11,84.8686,84.7
2005-08-12,87.0917,95.3
2005-08-13,85.8058,100.4
2005-08-14,87.6377,100.8
2005-08-15,92.1365,107.2
2005-08-16,93.3492,109.3
2005-08-17,94.6947,100.7
2005-08-18,99.0906,94.4
2005-08-19,107.4713,95.2
2005-08-20,108.5932,94.0
2005-08-21,106.647,91.6
2005-08-22,108.0652,90.9
2005-08-23,105.8667,87.6
2005-08-24,99.9921,85.6
2005-08-25,98.9476,80.6
2005-08-26,96.1361,78.5
2005-08-27,95.6306,75.4
2005-08-28,90.6213,75.8
2005-08-29,89.7577,76.2
2005-08-30,88.0736,82.4
2005-08-31,85.4277,93.6
2005-09-01,84.3008,92.4
2005-09-02,85.3261,100.6
2005-09-03,86.3158,117.6
2005-09-04,86.6723,111.1
2005-09-05,85.5414,119.5
2005-09-06,89.7193,115.0
2005-09-07,93.7761,117.9
2005-09-08,99.9035,120.6
2005-09-09,104.4736,112.9
2005-09-10,112.3082,104.9
2005-09-11,110.8464,103.2
2005-09-12,107.415,91.9
2005-09-13,104.714,88.5
2005-09-14,103.9372,86.7
2005-09-15,102.2975,84.3
2005-09-16,98.1223,83.3
2005-09-17,96.8329,81.9
2005-09-18,98.5522,81.4
2005-09-19,93.0129,81.7
2005-09-20,94.3579,77.2
2005-09-21,87.5591,74.9
2005-09-22,86.7599,74.0
2005-09-23,89.0048,72.4
2005-09-24,89.752,72.3
2005-09-25,90.5109,75.0
2005-09-26,91.6132,74.4
2005-09-27,88.0992,82.7
2005-09-28,87.7553,81.3
2005-09-29,87.9869,79.4
2005-09-30,87.2129,78.7
2005-10-01,85.966,78.0
2005-10-02,85.4906,78.7
2005-10-03,83.7793,78.8
2005-10-04,88.6983,77.3
2005-10-05,88.1524,76.5
2005-10-06,85.86,77.6
2005-10-07,85.6882,78.0
2005-10-08,85.4658,79.1
2005-10-09,84.8462,78.7
2005-10-10,84.7315,77.5
2005-10-11,82.6953,77.7
2005-10-12,81.0502,77.2
2005-10-13,81.2007,76.0
2005-10-14,81.5624,74.6
2005-10-15,81.5658,74.0
2005-10-16,79.9979,73.4
2005-10-17,79.1311,72.5
2005-10-18,76.9749,72.1
2005-10-19,76.9103,71.2
2005-10-20,76.5375,70.7
2005-10-21,76.7676,72.1
2005-10-22,77.1274,73.1
2005-10-23,77.3096,74.5
2005-10-24,77.6218,76.7
2005-10-25,77.7441,76.1
2005-10-26,76.8143,76.8
2005-10-27,76.779,75.5
2005-10-28,77.1876,76.1
2005-10-29,78.0701,77.9
2005-10-30,80.2758,80.3
2005-10-31,81.2244,78.0
2005-11-01,79.3613,77.9
2005-11-02,79.3196,76.6
2005-11-03,78.2901,76.4
2005-11-04,77.9206,77.0
2005-11-05,78.6288,81.4
2005-11-06,79.9059,86.0
2005-11-07,77.6536,90.4
2005-11-08,77.021,97.8
2005-11-09,75.6434,91.8
2005-11-10,74.8635,98.2
2005-11-11,74.949,98.8
2005-11-12,79.3107,99.6
2005-11-13,80.8428,94.1
2005-11-14,88.4832,92.4
2005-11-15,92.6833,90.3
2005-11-16,82.1185,87.5
2005-11-17,85.42,84.4
2005-11-18,85.3066,77.9
2005-11-19,84.8691,78.7
2005-11-20,84.9027,78.6
2005-11-21,82.3178,79.7
2005-11-22,82.2836,82.4
2005-11-23,81.963,92.0
2005-11-24,80.1147,95.5
2005-11-25,78.9901,101.3
2005-11-26,79.3075,98.4
2005-11-27,79.4956,92.5
2005-11-28,81.51,89.0
2005-11-29,83.9566,86.5
2005-11-30,90.7815,86.3
2005-12-01,92.4064,86.9
2005-12-02,94.967,86.4
2005-12-03,93.3713,88.7
2005-12-04,90.8402,90.2
2005-12-05,87.8587,85.6
2005-12-06,83.9995,85.2
2005-12-07,82.8379,86.8
2005-12-08,82.8446,84.2
2005-12-09,83.6991,83.1
2005-12-10,86.8505,82.5
2005-12-11,87.4229,82.8
2005-12-12,85.1878,86.6
2005-12-13,83.0401,84.9
2005-12-14,83.1254,83.7
2005-12-15,82.4586,84.8
2005-12-16,82.735,90.1
2005-12-17,83.2931,88.9
2005-12-18,83.4098,88.8
2005-12-19,84.7369,89.5
2005-12-20,84.3092,89.2
2005-12-21,82.9968,86.1
2005-12-22,85.0062,87.4
2005-12-23,85.4505,86.9
2005-12-24,87.1879,84.5
2005-12-25,88.1766,84.5
2005-12-26,90.5732,81.7
2005-12-27,90.0525,82.1
2005-12-28,87.2565,81.2
2005-12-29,86.1159,80.6
2005-12-30,85.4442,79.3
2005-12-31,85.004,76.6
2006-01-01,84.1541,75.6
2006-01-02,83.9277,75.0
2006-01-03,84.3553,75.2
2006-01-04,83.6243,74.7
2006-01-05,83.3253,74.0
2006-01-06,84.5991,74.0
2006-01-07,83.3051,74.9
2006-01-08,82.9781,78.3
2006-01-09,82.6468,81.1
2006-01-10,81.3417,79.8
2006-01-11,80.6666,82.9
2006-01-12,80.2304,85.8
2006-01-13,79.8219,87.9
2006-01-14,79.7445,90.9
2006-01-15,80.8708,89.9
2006-01-16,82.3929,89.6
2006-01-17,80.6989,89.8
2006-01-18,83.7886,86.3
2006-01-19,84.4937,84.2
2006-01-20,85.0599,81.0
2006-01-21,86.0604,77.6
2006-01-22,85.2808,77.2
2006-01-23,84.9814,76.5
2006-01-24,82.3887,75.3
2006-01-25,80.6238,75.3
2006-01-26,79.6543,75.1
2006-01-27,78.5122,76.4
2006-01-28,77.0014,74.9
2006-01-29,76.5734,74.2
2006-01-30,76.0493,72.9
2006-01-31,75.8648,72.0
2006-02-01,76.4111,72.0
2006-02-02,77.2174,72.8
2006-02-03,78.0413,73.2
2006-02-04,79.2806,74.1
2006-02-05,79.6042,74.1
2006-02-06,78.8377,74.4
2006-02-07,78.0511,75.4
2006-02-08,78.4411,76.6
2006-02-09,78.7276,77.3
2006-02-10,78.5517,77.3
2006-02-11,77.9953,76.7
2006-02-12,77.5084,74.8
2006-02-13,76.9786,74.5
2006-02-14,77.1741,74.2
2006-02-15,77.847,74.4
2006-02-16,77.9379,73.6
2006-02-17,77.7395,74.4
2006-02-18,77.5078,74.5
2006-02-19,76.4137,75.0
2006-02-20,75.5641,75.5
2006-02-21,74.7019,75.7
2006-02-22,74.3052,75.6
2006-02-23,73.6756,74.7
2006-02-24,73.912,74.2
2006-02-25,73.8522,73.8
2006-02-26,73.9601,73.0
2006-02-27,74.5446,72.5
2006-02-28,75.8639,73.3
2006-03-01,74.8514,71.3
2006-03-02,75.0942,71.8
2006-03-03,75.1932,71.2
2006-03-04,75.6838,73.1
2006-03-05,75.6551,72.3
2006-03-06,75.1704,71.7
2006-03-07,75.2933,72.8
2006-03-08,74.103,73.4
2006-03-09,74.6141,71.7
2006-03-10,73.7019,71.3
2006-03-11,74.7685,71.7
2006-03-12,74.4547,74.6
2006-03-13,73.5114,76.2
2006-03-14,74.4254,76.1
2006-03-15,75.1369,75.4
2006-03-16,74.9434,76.1
2006-03-17,74.2117,75.4
2006-03-18,73.9487,75.2
2006-03-19,75.0391,73.3
2006-03-20,75.3343,74.0
2006-03-21,75.4309,79.0
2006-03-22,75.3151,81.5
2006-03-23,74.9991,83.7
2006-03-24,74.9086,86.1
2006-03-25,74.8885,86.9
2006-03-26,74.4428,91.1
2006-03-27,75.2323,100.4
2006-03-28,78.6336,99.6
2006-03-29,82.5748,99.1
2006-03-30,83.5456,99.1
2006-03-31,83.5028,94.7
2006-04-01,82.4329,91.3
2006-04-02,83.8527,89.5
2006-04-03,87.6567,89.1
2006-04-04,86.7142,90.1
2006-04-05,83.0249,81.6
2006-04-06,82.0515,80.5
2006-04-07,80.6865,79.4
2006-04-08,78.8715,78.9
2006-04-09,79.4396,77.0
2006-04-10,81.8896,78.5
2006-04-11,83.0654,76.1
2006-04-12,80.7745,76.5
2006-04-13,79.7291,79.3
2006-04-14,80.1822,80.0
2006-04-15,80.3763,83.2
2006-04-16,81.0068,87.7
2006-04-17,83.6061,93.9
2006-04-18,84.196,96.3
2006-04-19,84.1964,101.3
2006-04-20,85.1985,102.0
2006-04-21,84.0551,101.5
2006-04-22,86.0992,102.7
2006-04-23,90.0461,101.4
2006-04-24,93.6238,94.8
2006-04-25,94.5978,90.9
2006-04-26,96.2841,90.4
2006-04-27,93.7636,93.4
2006-04-28,92.0257,88.2
2006-04-29,89.575,88.6
2006-04-30,89.0367,87.8
2006-05-01,86.4381,86.3
2006-05-02,84.4196,84.2
2006-05-03,82.0866,79.8
2006-05-04,85.0693,77.9
2006-05-05,83.248,77.3
2006-05-06,82.891,75.0
2006-05-07,83.2675,73.6
2006-05-08,82.5304,73.2
2006-05-09,80.7732,73.1
2006-05-10,80.3859,73.6
2006-05-11,79.8393,75.0
2006-05-12,79.9456,77.1
2006-05-13,80.2749,78.0
2006-05-14,80.872,79.4
2006-05-15,80.5666,85.1
2006-05-16,81.0382,86.3
2006-05-17,81.8393,85.9
2006-05-18,82.517,85.9
2006-05-19,83.9776,83.8
2006-05-20,85.5063,85.2
2006-05-21,85.5547,87.0
2006-05-22,88.4748,83.3
2006-05-23,89.5967,82.3
2006-05-24,89.9687,80.6
2006-05-25,87.279,79.4
2006-05-26,86.2272,77.5
2006-05-27,85.6875,78.1
2006-05-28,84.9684,77.8
2006-05-29,80.7707,80.2
2006-05-30,79.597,80.3
2006-05-31,77.7583,85.2
2006-06-01,76.0958,82.5
2006-06-02,75.4816,80.0
2006-06-03,75.9477,78.5
2006-06-04,81.416,76.7
2006-06-05,83.1813,76.5
2006-06-06,84.843,79.5
2006-06-07,85.1806,77.7
2006-06-08,86.2268,78.8
2006-06-09,82.9921,77.7
2006-06-10,83.0355,75.6
2006-06-11,81.901,75.7
2006-06-12,81.7978,75.7
2006-06-13,83.6963,75.3
2006-06-14,82.7077,75.1
2006-06-15,82.8708,74.4
2006-06-16,82.2492,74.1
2006-06-17,80.774,76.1
2006-06-18,79.8673,76.5
2006-06-19,79.6374,79.0
2006-06-20,79.6336,81.2
2006-06-21,79.2628,86.3
2006-06-22,78.7624,88.4
2006-06-23,78.5831,89.0
2006-06-24,77.9115,88.4
2006-06-25,79.5619,90.0
2006-06-26,80.6465,88.8
2006-06-27,81.9387,95.1
2006-06-28,83.6477,87.5
2006-06-29,86.7928,87.9
2006-06-30,87.5605,82.6
2006-07-01,82.1802,80.0
2006-07-02,82.2367,77.1
2006-07-03,82.2156,75.2
2006-07-04,85.1267,73.6
2006-07-05,82.9959,72.9
2006-07-06,82.6857,72.2
2006-07-07,81.3043,73.3
2006-07-08,78.4525,72.6
2006-07-09,77.2915,73.2
2006-07-10,77.0373,73.3
2006-07-11,76.4126,73.6
2006-07-12,76.4057,73.4
2006-07-13,75.65,74.5
2006-07-14,78.5821,75.0
2006-07-15,78.8986,75.9
2006-07-16,78.3304,78.9
2006-07-17,79.2994,79.5
2006-07-18,79.8826,77.9
2006-07-19,80.1791,77.0
2006-07-20,79.6111,76.7
2006-07-21,78.4398,74.9
2006-07-22,78.5887,75.2
2006-07-23,80.3452,76.2
2006-07-24,79.6583,74.6
2006-07-25,77.4201,74.9
2006-07-26,75.9733,74.3
2006-07-27,75.3897,73.4
2006-07-28,74.8355,71.6
2006-07-29,74.7431,71.5
2006-07-30,75.0191,71.5
2006-07-31,74.4741,71.8
2006-08-01,74.4298,73.4
2006-08-02,74.0844,76.1
2006-08-03,73.8323,82.5
2006-08-04,72.5329,86.2
2006-08-05,72.1417,87.0
2006-08-06,72.3118,88.1
2006-08-07,72.6375,88.6
2006-08-08,74.995,87.8
2006-08-09,76.3834,96.4
2006-08-10,82.8417,88.0
2006-08-11,86.2567,90.6
2006-08-12,86.9579,90.9
2006-08-13,80.5983,90.2
2006-08-14,80.3684,89.8
2006-08-15,79.196,82.7
2006-08-16,82.5768,80.1
2006-08-17,78.1774,79.9
2006-08-18,78.1567,78.9
2006-08-19,78.0332,77.3
2006-08-20,78.6033,80.2
2006-08-21,81.832,78.0
2006-08-22,82.6404,74.4
2006-08-23,82.3081,75.7
2006-08-24,82.1776,84.7
2006-08-25,76.8663,78.3
2006-08-26,75.7153,76.9
2006-08-27,77.2915,77.8
2006-08-28,76.8597,80.3
2006-08-29,75.2596,81.7
2006-08-30,76.4345,85.3
2006-08-31,81.8587,88.1
2006-09-01,80.6758,88.5
2006-09-02,80.2954,86.7
2006-09-03,80.2073,88.5
2006-09-04,80.7041,85.7
2006-09-05,84.3183,85.1
2006-09-06,85.7535,83.9
2006-09-07,86.295,83.8
2006-09-08,85.629,81.0
2006-09-09,81.5343,80.1
2006-09-10,81.171,78.8
2006-09-11,79.651,75.1
2006-09-12,79.1142,74.0
2006-09-13,78.0452,71.5
2006-09-14,78.0897,72.0
2006-09-15,78.0217,72.9
2006-09-16,77.4965,70.9
2006-09-17,77.0544,70.3
2006-09-18,76.6841,70.6
2006-09-19,76.8628,71.0
2006-09-20,74.568,72.4
2006-09-21,74.919,73.3
2006-09-22,76.6407,76.8
2006-09-23,76.4979,77.9
2006-09-24,76.9387,78.6
2006-09-25,77.0195,78.0
2006-09-26,79.0173,76.7
2006-09-27,79.3296,76.7
2006-09-28,79.7989,77.3
2006-09-29,81.422,76.3
2006-09-30,81.4589,76.4
2006-10-01,80.4814,75.1
2006-10-02,77.8412,74.8
2006-10-03,75.5977,75.0
2006-10-04,75.1612,73.3
2006-10-05,75.5842,73.3
2006-10-06,74.7535,72.9
2006-10-07,74.8811,72.0
2006-10-08,74.4762,70.7
2006-10-09,74.3609,69.1
2006-10-10,74.1312,69.1
2006-10-11,73.2585,69.0
2006-10-12,72.7973,69.0
2006-10-13,72.8463,70.4
2006-10-14,72.3366,74.0
2006-10-15,71.4656,75.1
2006-10-16,71.2036,75.7
2006-10-17,71.4683,74.0
2006-10-18,71.922,73.9
2006-10-19,72.3123,71.0
2006-10-20,72.7503,71.1
2006-10-21,74.7104,73.7
2006-10-22,75.5775,72.3
2006-10-23,75.6062,74.6
2006-10-24,74.8523,78.9
2006-10-25,75.0774,85.3
2006-10-26,73.4791,86.8
2006-10-27,73.0397,86.0
2006-10-28,73.7313,84.0
2006-10-29,73.4914,83.2
2006-10-30,75.9696,82.1
2006-10-31,80.145,85.6
2006-11-01,84.8914,84.8
2006-11-02,83.0106,87.7
2006-11-03,79.6736,89.3
2006-11-04,77.8238,95.0
2006-11-05,76.6543,94.7
2006-11-06,75.7976,93.2
2006-11-07,76.9918,92.5
2006-11-08,81.0677,94.0
2006-11-09,85.2085,92.0
2006-11-10,85.5585,87.4
2006-11-11,90.5532,86.8
2006-11-12,85.2692,82.9
2006-11-13,85.2601,78.6
2006-11-14,84.5934,75.6
2006-11-15,84.5876,74.6
2006-11-16,80.6082,74.9
2006-11-17,79.2931,75.5
2006-11-18,80.1364,76.5
2006-11-19,79.9431,76.2
2006-11-20,78.925,80.2
2006-11-21,77.8774,83.2
2006-11-22,77.2727,82.7
2006-11-23,77.458,81.8
2006-11-24,77.5222,81.8
2006-11-25,80.9671,84.8
2006-11-26,80.5479,84.6
2006-11-27,84.3436,93.6
2006-11-28,86.8079,99.4
2006-11-29,86.3535,99.7
2006-11-30,86.1078,94.4
2006-12-01,86.5944,93.1
2006-12-02,85.5945,89.6
2006-12-03,83.4263,87.3
2006-12-04,85.7689,89.4
2006-12-05,91.2518,101.0
2006-12-06,91.2286,93.5
2006-12-07,88.0767,91.4
2006-12-08,86.6231,85.4
2006-12-09,79.3936,80.0
2006-12-10,78.2684,79.5
2006-12-11,78.0209,73.0
2006-12-12,83.7151,72.0
2006-12-13,79.5416,70.3
2006-12-14,79.907,71.6
2006-12-15,78.9344,72.2
2006-12-16,77.6217,71.2
2006-12-17,77.9653,71.9
2006-12-18,76.1435,73.9
2006-12-19,75.6429,72.5
2006-12-20,74.9574,70.9
2006-12-21,75.6892,73.8
2006-12-22,75.7605,75.8
2006-12-23,76.3551,78.2
2006-12-24,77.8371,82.3
2006-12-25,81.0893,85.5
2006-12-26,81.5286,88.6
2006-12-27,80.6305,84.8
2006-12-28,81.5129,88.0
2006-12-29,81.1296,86.5
2006-12-30,82.9828,85.6
2006-12-31,86.8813,85.3
2007-01-01,86.3309,85.7
2007-01-02,86.7141,89.1
2007-01-03,82.9952,83.3
2007-01-04,82.0619,81.2
2007-01-05,77.4129,81.0
2007-01-06,77.7823,78.7
2007-01-07,76.0957,79.4
2007-01-08,75.6758,79.3
2007-01-09,75.98,76.1
2007-01-10,75.1791,75.6
2007-01-11,75.569,74.4
2007-01-12,75.7687,73.9
2007-01-13,77.2451,76.3
2007-01-14,78.5122,76.1
2007-01-15,78.9374,76.0
2007-01-16,76.1709,76.8
2007-01-17,77.1203,77.9
2007-01-18,78.1269,77.5
2007-01-19,79.2938,77.3
2007-01-20,79.9457,78.0
2007-01-21,80.3017,79.3
2007-01-22,80.4211,84.1
2007-01-23,80.7478,84.9
2007-01-24,81.5124,86.6
2007-01-25,80.8583,87.3
2007-01-26,81.5251,87.7
2007-01-27,82.3985,84.8
2007-01-28,83.5146,81.3
2007-01-29,87.5073,80.7
2007-01-30,84.7126,79.6
2007-01-31,83.9851,79.8
2007-02-01,80.9199,76.3
2007-02-02,80.0202,74.6
2007-02-03,77.7716,73.9
2007-02-04,76.5588,72.8
2007-02-05,75.6289,71.8
2007-02-06,74.9544,70.9
2007-02-07,75.3802,70.9
2007-02-08,74.0887,71.8
2007-02-09,73.6118,72.9
2007-02-10,73.9421,73.5
2007-02-11,74.608,74.1
2007-02-12,74.4162,73.2
2007-02-13,74.5911,73.1
2007-02-14,75.2241,73.2
2007-02-15,76.2036,73.9
2007-02-16,79.8407,73.6
2007-02-17,80.4357,73.9
2007-02-18,80.8871,75.1
2007-02-19,78.9826,73.9
2007-02-20,77.7786,73.4
2007-02-21,76.7068,74.4
2007-02-22,77.6514,73.4
2007-02-23,77.0463,74.2
2007-02-24,76.6428,72.0
2007-02-25,76.9321,71.3
2007-02-26,76.0172,70.8
2007-02-27,75.7135,70.8
2007-02-28,75.6521,71.8
2007-03-01,73.5293,71.4
2007-03-02,73.1456,70.6
2007-03-03,72.2576,70.2
2007-03-04,71.2509,70.1
2007-03-05,71.7835,70.3
2007-03-06,71.809,70.6
2007-03-07,72.3194,69.2
2007-03-08,72.0822,68.5
2007-03-09,71.8141,68.0
2007-03-10,71.9032,68.6
2007-03-11,71.8537,69.8
2007-03-12,71.5938,69.5
2007-03-13,72.2096,72.0
2007-03-14,72.3326,72.3
2007-03-15,72.5542,72.0
2007-03-16,72.6318,72.0
2007-03-17,72.8626,72.4
2007-03-18,72.9988,73.3
2007-03-19,72.7983,73.5
2007-03-20,73.5757,73.0
2007-03-21,73.2497,74.3
2007-03-22,73.0805,73.6
2007-03-23,72.6607,73.9
2007-03-24,72.3816,73.1
2007-03-25,72.6591,71.6
2007-03-26,72.8835,71.1
2007-03-27,72.6817,70.8
2007-03-28,74.9824,70.8
2007-03-29,74.8132,71.0
2007-03-30,73.6547,71.1
2007-03-31,72.5543,71.4
2007-04-01,71.533,71.3
2007-04-02,71.269,70.2
2007-04-03,70.6833,69.7
2007-04-04,70.7498,69.5
2007-04-05,71.0753,68.6
2007-04-06,71.402,68.6
2007-04-07,71.8502,68.6
2007-04-08,72.0323,69.8
2007-04-09,71.8284,69.8
2007-04-10,71.8261,69.8
2007-04-11,71.8496,69.3
2007-04-12,71.7851,68.9
2007-04-13,71.6419,69.1
2007-04-14,72.1665,69.4
2007-04-15,71.9279,69.7
2007-04-16,71.4794,69.8
2007-04-17,71.5853,74.0
2007-04-18,71.4439,77.4
2007-04-19,71.3009,81.5
2007-04-20,71.156,83.8
2007-04-21,70.8935,86.1
2007-04-22,70.7249,86.0
2007-04-23,70.6985,88.2
2007-04-24,72.6966,87.6
2007-04-25,77.5462,88.8
2007-04-26,82.285,84.4
2007-04-27,83.0305,83.9
2007-04-28,83.8865,82.4
2007-04-29,78.6854,79.4
2007-04-30,78.0133,77.1
2007-05-01,76.977,74.7
2007-05-02,76.5035,73.5
2007-05-03,74.8174,72.6
2007-05-04,74.9474,72.9
2007-05-05,75.7382,72.9
2007-05-06,75.4825,75.0
2007-05-07,74.9469,74.4
2007-05-08,74.3008,78.5
2007-05-09,73.6141,78.9
2007-05-10,73.5054,78.3
2007-05-11,73.6397,77.6
2007-05-12,74.0631,76.6
2007-05-13,75.388,75.9
2007-05-14,77.5212,75.0
2007-05-15,80.9004,73.7
2007-05-16,82.7077,71.9
2007-05-17,80.8163,71.7
2007-05-18,79.4334,69.9
2007-05-19,77.691,69.5
2007-05-20,76.9704,68.8
2007-05-21,75.9463,70.5
2007-05-22,75.0827,71.5
2007-05-23,73.9193,72.6
2007-05-24,73.6157,76.7
2007-05-25,72.7808,81.6
2007-05-26,72.497,85.6
2007-05-27,72.2356,89.5
2007-05-28,72.1999,88.2
2007-05-29,74.0482,84.8
2007-05-30,74.7708,87.13
2007-05-31,75.0082,88.11
2007-06-01,82.3889,86.8
2007-06-02,85.9073,81.0
2007-06-03,86.1708,78.2
2007-06-04,85.9746,75.6
2007-06-05,79.5761,72.6
2007-06-06,79.2763,73.1
2007-06-07,77.7182,70.6
2007-06-08,77.0102,71.3
2007-06-09,75.219,70.2
2007-06-10,74.9198,68.9
2007-06-11,74.0573,68.8
2007-06-12,73.4632,68.5
2007-06-13,73.9155,67.8
2007-06-14,72.5765,67.6
2007-06-15,73.3086,67.5
2007-06-16,72.9502,68.1
2007-06-17,73.1119,69.1
2007-06-18,73.5351,69.8
2007-06-19,74.0747,72.8
2007-06-20,74.6303,75.7
2007-06-21,75.0546,77.4
2007-06-22,75.2604,77.8
2007-06-23,75.034,76.4
2007-06-24,74.2702,76.8
2007-06-25,75.7247,75.1
2007-06-26,76.785,74.2
2007-06-27,78.6027,74.9
2007-06-28,80.0289,73.9
2007-06-29,78.2499,73.5
2007-06-30,76.8338,75.5
2007-07-01,75.3949,77.6
2007-07-02,74.3016,79.7
2007-07-03,73.6101,80.8
2007-07-04,73.3224,81.1
2007-07-05,72.7626,79.5
2007-07-06,72.4623,80.6
2007-07-07,74.8784,78.2
2007-07-08,77.2468,77.1
2007-07-09,79.9151,75.3
2007-07-10,83.1223,74.7
2007-07-11,76.9555,71.8
2007-07-12,75.6051,70.5
2007-07-13,75.9906,69.5
2007-07-14,75.2346,68.6
2007-07-15,74.9265,68.3
2007-07-16,74.4562,69.3
2007-07-17,75.2163,70.2
2007-07-18,74.68,70.8
2007-07-19,74.0518,70.6
2007-07-20,73.6571,70.9
2007-07-21,73.5656,72.1
2007-07-22,72.8843,71.1
2007-07-23,72.477,71.0
2007-07-24,72.6191,70.1
2007-07-25,72.7378,70.4
2007-07-26,72.366,71.5
2007-07-27,72.6948,72.4
2007-07-28,73.3716,71.4
2007-07-29,73.1677,70.9
2007-07-30,73.2331,72.0
2007-07-31,72.9424,71.0
2007-08-01,72.4081,71.0
2007-08-02,72.6361,69.3
2007-08-03,73.2612,69.3
2007-08-04,73.1613,69.5
2007-08-05,71.956,70.0
2007-08-06,73.6265,69.5
2007-08-07,71.7563,70.3
2007-08-08,71.2848,69.3
2007-08-09,70.7217,69.0
2007-08-10,70.4099,69.3
2007-08-11,70.3622,69.6
2007-08-12,70.6104,69.4
2007-08-13,70.7481,70.7
2007-08-14,71.0976,70.9
2007-08-15,71.0409,71.6
2007-08-16,70.8873,72.4
2007-08-17,71.0348,73.2
2007-08-18,70.8242,73.1
2007-08-19,70.7985,71.6
2007-08-20,70.9564,70.7
2007-08-21,73.0804,71.6
2007-08-22,73.8064,71.0
2007-08-23,74.6199,73.0
2007-08-24,74.6606,72.2
2007-08-25,73.0021,72.1
2007-08-26,71.5471,70.6
2007-08-27,70.4421,69.1
2007-08-28,70.2719,69.4
2007-08-29,69.7486,68.8
2007-08-30,70.7855,67.8
2007-08-31,70.222,68.2
2007-09-01,70.0811,67.6
2007-09-02,69.5567,67.7
2007-09-03,69.6025,67.9
2007-09-04,69.4853,67.0
2007-09-05,69.2989,66.7
2007-09-06,69.1989,67.2
2007-09-07,69.3598,67.6
2007-09-08,69.2501,68.5
2007-09-09,69.4043,67.8
2007-09-10,69.5598,67.6
2007-09-11,69.7366,67.1
2007-09-12,70.053,67.4
2007-09-13,70.1426,67.4
2007-09-14,70.1414,67.4
2007-09-15,70.194,67.2
2007-09-16,70.1289,66.8
2007-09-17,70.3236,66.5
2007-09-18,70.084,66.6
2007-09-19,70.1836,66.8
2007-09-20,69.8103,67.4
2007-09-21,69.7495,67.4
2007-09-22,69.6197,67.8
2007-09-23,69.1825,65.1
2007-09-24,68.9212,67.8
2007-09-25,68.693,66.5
2007-09-26,68.4809,67.3
2007-09-27,68.6638,67.4
2007-09-28,68.4311,67.8
2007-09-29,68.1802,68.9
2007-09-30,67.5474,68.1
2007-10-01,67.5231,67.9
2007-10-02,67.3833,68.6
2007-10-03,67.4816,67.9
2007-10-04,67.2973,68.6
2007-10-05,67.6054,68.3
2007-10-06,67.8049,67.3
2007-10-07,67.8815,66.7
2007-10-08,68.0465,66.8
2007-10-09,68.3379,66.7
2007-10-10,68.2997,67.0
2007-10-11,68.4506,67.7
2007-10-12,68.4329,66.8
2007-10-13,68.2834,66.3
2007-10-14,68.1087,66.6
2007-10-15,68.0499,66.0
2007-10-16,68.0187,66.4
2007-10-17,67.9117,66.8
2007-10-18,67.895,66.3
2007-10-19,67.6254,66.7
2007-10-20,67.2932,66.2
2007-10-21,67.3576,66.6
2007-10-22,67.075,66.2
2007-10-23,67.1997,66.3
2007-10-24,67.3265,66.1
2007-10-25,67.2594,66.3
2007-10-26,67.4205,66.8
2007-10-27,67.0467,66.5
2007-10-28,67.1246,66.5
2007-10-29,67.216,66.2
2007-10-30,67.3612,67.3
2007-10-31,67.5653,66.9
2007-11-01,67.5973,68.4
2007-11-02,67.6816,68.2
2007-11-03,67.6185,68.4
2007-11-04,67.6695,67.7
2007-11-05,67.6427,68.3
2007-11-06,67.8727,68.4
2007-11-07,67.7765,68.9
2007-11-08,67.8922,67.7
2007-11-09,67.7471,69.1
2007-11-10,67.7986,68.2
2007-11-11,67.6542,67.2
2007-11-12,67.7647,67.9
2007-11-13,67.7946,68.0
2007-11-14,67.8372,67.4
2007-11-15,67.638,68.0
2007-11-16,67.9328,68.3
2007-11-17,67.7388,69.5
2007-11-18,67.4286,68.8
2007-11-19,67.4776,69.6
2007-11-20,67.5257,69.6
2007-11-21,67.272,69.3
2007-11-22,67.3593,69.3
2007-11-23,67.3369,69.2
2007-11-24,67.5775,69.9
2007-11-25,67.5823,71.0
2007-11-26,67.7736,70.5
2007-11-27,67.8267,71.5
2007-11-28,67.9658,73.1
2007-11-29,67.8829,75.9
2007-11-30,67.8359,79.8
2007-12-01,67.9692,84.4
2007-12-02,69.7346,86.2
2007-12-03,69.9076,84.3
2007-12-04,69.1952,90.5
2007-12-05,69.9097,91.1
2007-12-06,72.7055,90.9
2007-12-07,75.1306,89.0
2007-12-08,77.556,86.1
2007-12-09,76.5347,79.1
2007-12-10,75.3564,76.9
2007-12-11,76.9594,74.4
2007-12-12,77.6225,72.1
2007-12-13,76.9687,70.2
2007-12-14,75.8684,68.7
2007-12-15,75.156,69.1
2007-12-16,73.441,69.1
2007-12-17,72.9839,69.1
2007-12-18,72.489,69.7
2007-12-19,72.0395,70.2
2007-12-20,71.1948,69.7
2007-12-21,71.1498,69.5
2007-12-22,71.5632,70.3
2007-12-23,71.892,72.5
2007-12-24,72.6631,74.2
2007-12-25,73.8524,76.7
2007-12-26,74.7469,77.0
2007-12-27,75.0174,76.7
2007-12-28,75.7415,76.4
2007-12-29,75.651,77.1
2007-12-30,76.0724,76.6
2007-12-31,76.612,75.2
2008-01-01,77.8718,73.0
2008-01-02,77.6908,74.0
2008-01-03,76.8948,73.2
2008-01-04,75.3511,73.5
2008-01-05,74.5411,73.2
2008-01-06,74.0395,72.9
2008-01-07,73.1966,73.1
2008-01-08,71.8847,71.3
2008-01-09,71.7961,70.6
2008-01-10,71.4721,71.3
2008-01-11,71.3929,68.8
2008-01-12,71.4224,68.6
2008-01-13,71.4815,68.0
2008-01-14,71.4338,69.3
2008-01-15,70.6132,68.1
2008-01-16,70.0547,68.4
2008-01-17,70.5238,69.1
2008-01-18,70.0795,68.9
2008-01-19,70.381,70.3
2008-01-20,70.7439,69.8
2008-01-21,71.1121,69.2
2008-01-22,71.083,69.5
2008-01-23,71.0818,70.6
2008-01-24,70.9601,69.9
2008-01-25,70.9441,69.0
2008-01-26,70.8148,69.8
2008-01-27,70.6141,69.55
2008-01-28,70.5032,69.3
2008-01-29,72.5838,68.5
2008-01-30,73.7402,69.6
2008-01-31,71.4227,68.9
2008-02-01,70.8313,69.0
2008-02-02,70.4137,70.3
2008-02-03,70.2187,70.7
2008-02-04,69.6547,70.2
2008-02-05,69.2516,70.3
2008-02-06,69.3965,68.7
2008-02-07,69.2468,68.8
2008-02-08,69.7018,68.0
2008-02-09,69.842,68.6
2008-02-10,70.2774,69.4
2008-02-11,70.1681,69.5
2008-02-12,70.4502,70.0
2008-02-13,70.3396,69.3
2008-02-14,70.4181,70.3
2008-02-15,70.4885,70.8
2008-02-16,70.7294,70.1
2008-02-17,70.8259,69.3
2008-02-18,70.8245,69.9
2008-02-19,70.9217,69.3
2008-02-20,70.7809,69.4
2008-02-21,70.8242,68.7
2008-02-22,70.8971,68.5
2008-02-23,70.9711,67.4
2008-02-24,70.8439,68.0
2008-02-25,70.8026,67.3
2008-02-26,70.7733,67.2
2008-02-27,70.4762,68.2
2008-02-28,70.2432,69.3
2008-02-29,70.1562,69.5
2008-03-01,69.849,68.8
2008-03-02,69.6889,68.5
2008-03-03,69.3625,69.4
2008-03-04,68.9582,69.3
2008-03-05,68.9412,68.5
2008-03-06,69.0899,68.7
2008-03-07,69.1295,69.1
2008-03-08,69.1694,68.8
2008-03-09,69.2366,69.6
2008-03-10,69.4982,69.1
2008-03-11,69.4295,69.0
2008-03-12,69.2973,68.4
2008-03-13,69.5123,67.9
2008-03-14,69.5837,67.7
2008-03-15,69.5131,69.1
2008-03-16,69.8118,71.5
2008-03-17,69.7768,79.0
2008-03-18,69.884,88.2
2008-03-19,69.793,81.2
2008-03-20,69.5476,84.5
2008-03-21,69.1635,82.6
2008-03-22,69.2528,82.4
2008-03-23,71.3429,80.4
2008-03-24,76.5056,79.1
2008-03-25,80.8537,77.7
2008-03-26,79.8355,75.9
2008-03-27,78.2833,76.4
2008-03-28,77.5295,73.1
2008-03-29,75.3672,71.1
2008-03-30,74.2289,69.5
2008-03-31,73.4452,69.3
2008-04-01,72.7767,70.0
2008-04-02,72.1124,68.2
2008-04-03,72.8738,68.1
2008-04-04,72.22,67.4
2008-04-05,71.557,68.5
2008-04-06,70.9823,69.7
2008-04-07,70.8935,69.0
2008-04-08,70.896,69.7
2008-04-09,71.0118,70.0
2008-04-10,71.6952,69.8
2008-04-11,72.0295,70.8
2008-04-12,72.5843,71.7
2008-04-13,73.1687,71.5
2008-04-14,73.6799,71.6
2008-04-15,72.6478,72.1
2008-04-16,72.6787,71.5
2008-04-17,71.7168,71.2
2008-04-18,71.3225,70.7
2008-04-19,71.2114,69.9
2008-04-20,70.7903,69.0
2008-04-21,70.8578,69.4
2008-04-22,71.2954,69.6
2008-04-23,71.3239,68.0
2008-04-24,70.6917,69.6
2008-04-25,70.184,69.2
2008-04-26,69.7258,68.5
2008-04-27,69.2335,69.5
2008-04-28,68.9973,68.8
2008-04-29,68.9959,68.4
2008-04-30,68.6747,67.8
2008-05-01,68.5734,67.7
2008-05-02,68.6391,68.6
2008-05-03,68.4287,68.7
2008-05-04,68.6893,69.4
2008-05-05,68.8054,69.5
2008-05-06,68.9791,69.7
2008-05-07,68.9301,70.5
2008-05-08,69.0001,72.7
2008-05-09,69.5391,73.2
2008-05-10,69.5944,72.8
2008-05-11,69.9303,73.3
2008-05-12,69.879,70.5
2008-05-13,69.6712,70.2
2008-05-14,69.8695,70.8
2008-05-15,71.1996,71.0
2008-05-16,72.8423,69.6
2008-05-17,73.0209,70.3
2008-05-18,73.1738,70.1
2008-05-19,69.9383,69.8
2008-05-20,69.1106,69.7
2008-05-21,69.2633,69.6
2008-05-22,69.0553,69.9
2008-05-23,68.7509,69.0
2008-05-24,69.2199,68.8
2008-05-25,69.037,68.5
2008-05-26,69.1422,69.0
2008-05-27,68.9904,68.2
2008-05-28,69.3946,67.1
2008-05-29,69.8188,68.4
2008-05-30,69.5144,67.9
2008-05-31,69.5934,67.6
2008-06-01,69.7185,66.9
2008-06-02,69.9904,68.0
2008-06-03,70.1396,68.2
2008-06-04,70.3888,67.8
2008-06-05,70.7533,69.2
2008-06-06,70.6892,68.6
2008-06-07,70.7643,69.2
2008-06-08,70.3206,68.6
2008-06-09,70.6885,67.4
2008-06-10,72.5435,68.1
2008-06-11,72.6673,67.5
2008-06-12,71.3317,67.0
2008-06-13,71.0132,67.3
2008-06-14,70.7326,67.0
2008-06-15,70.21,67.5
2008-06-16,71.2609,67.5
2008-06-17,71.2761,68.0
2008-06-18,70.1819,68.1
2008-06-19,69.3325,67.5
2008-06-20,68.9918,68.3
2008-06-21,68.8347,68.1
2008-06-22,68.6501,68.8
2008-06-23,68.3929,68.9
2008-06-24,68.2428,67.8
2008-06-25,68.3254,68.2
2008-06-26,68.1374,67.7
2008-06-27,68.1967,67.6
2008-06-28,68.1429,67.3
2008-06-29,68.3761,68.3
2008-06-30,68.4743,67.7
2008-07-01,68.3679,67.8
2008-07-02,68.65,68.3
2008-07-03,68.61,67.6
2008-07-04,68.7955,67.9
2008-07-05,68.6476,67.1
2008-07-06,68.6489,67.4
2008-07-07,68.4745,67.8
2008-07-08,68.3617,67.9
2008-07-09,68.2761,66.7
2008-07-10,68.1736,67.1
2008-07-11,67.9916,67.4
2008-07-12,67.8288,68.5
2008-07-13,67.7766,68.0
2008-07-14,67.8637,68.4
2008-07-15,67.8212,68.0
2008-07-16,67.6226,67.6
2008-07-17,67.8729,67.5
2008-07-18,68.0019,67.9
2008-07-19,68.1246,68.1
2008-07-20,68.071,68.4
2008-07-21,68.0388,68.3
2008-07-22,68.0174,68.1
2008-07-23,67.8572,68.5
2008-07-24,67.8379,67.5
2008-07-25,67.9194,68.1
2008-07-26,68.1623,68.2
2008-07-27,68.2451,67.4
2008-07-28,68.3452,68.2
2008-07-29,68.4004,68.4
2008-07-30,68.4017,68.9
2008-07-31,68.2159,68.0
2008-08-01,68.2185,67.3
2008-08-02,68.2367,67.3
2008-08-03,68.0077,67.4
2008-08-04,68.1664,67.5
2008-08-05,68.0547,66.9
2008-08-06,68.075,67.0
2008-08-07,67.9144,67.6
2008-08-08,67.868,67.0
2008-08-09,67.8041,67.8
2008-08-10,67.9073,68.2
2008-08-11,67.9078,67.8
2008-08-12,67.7581,68.9
2008-08-13,67.77,67.4
2008-08-14,67.9011,68.7
2008-08-15,67.8076,69.1
2008-08-16,67.9534,69.4
2008-08-17,67.9448,68.6
2008-08-18,67.8742,68.0
2008-08-19,68.0909,68.3
2008-08-20,67.7659,68.0
2008-08-21,68.0345,67.4
2008-08-22,68.0983,68.1
2008-08-23,68.1291,68.4
2008-08-24,68.0611,67.9
2008-08-25,67.9563,67.0
2008-08-26,68.0558,67.2
2008-08-27,67.9119,67.3
2008-08-28,67.7816,67.0
2008-08-29,67.9038,66.3
2008-08-30,67.9558,66.8
2008-08-31,67.8929,67.6
2008-09-01,67.6838,68.0
2008-09-02,67.7262,68.0
2008-09-03,67.7942,68.1
2008-09-04,67.6915,67.8
2008-09-05,67.6641,67.1
2008-09-06,67.7516,67.2
2008-09-07,67.8393,67.6
2008-09-08,67.9905,68.2
2008-09-09,67.8319,70.1
2008-09-10,67.9763,67.7
2008-09-11,67.9534,67.8
2008-09-12,67.8599,68.4
2008-09-13,67.8279,68.4
2008-09-14,67.8253,68.4
2008-09-15,67.9429,69.6
2008-09-16,68.2677,69.8
2008-09-17,67.8333,68.8
2008-09-18,67.9227,68.6
2008-09-19,68.0594,68.0
2008-09-20,68.0124,67.6
2008-09-21,67.9101,67.3
2008-09-22,68.1239,67.0
2008-09-23,68.1347,66.4
2008-09-24,67.9035,65.9
2008-09-25,67.8168,66.4
2008-09-26,67.8185,67.2
2008-09-27,67.8146,66.6
2008-09-28,67.8101,67.4
2008-09-29,67.7902,67.2
2008-09-30,67.7524,66.6
2008-10-01,67.6046,67.5
2008-10-02,67.6607,68.5
2008-10-03,67.8356,68.7
2008-10-04,67.7199,70.5
2008-10-05,67.8986,69.7
2008-10-06,68.0645,70.5
2008-10-07,67.7627,70.0
2008-10-08,67.8612,70.5
2008-10-09,68.083,71.4
2008-10-10,68.1684,69.5
2008-10-11,70.033,68.6
2008-10-12,68.9231,69.0
2008-10-13,68.7695,68.6
2008-10-14,68.8019,68.2
2008-10-15,68.7527,67.0
2008-10-16,68.9833,66.5
2008-10-17,68.2527,66.7
2008-10-18,68.0077,66.7
2008-10-19,68.0937,66.0
2008-10-20,68.0192,66.1
2008-10-21,67.9249,66.2
2008-10-22,67.934,65.8
2008-10-23,67.8581,65.9
2008-10-24,67.7257,67.1
2008-10-25,67.7675,65.6
2008-10-26,67.6173,68.0
2008-10-27,67.5433,68.3
2008-10-28,67.6668,66.8
2008-10-29,67.7399,66.5
2008-10-30,67.9112,67.3
2008-10-31,68.5724,66.5
2008-11-01,68.373,67.0
2008-11-02,68.8174,67.1
2008-11-03,68.6097,67.9
2008-11-04,68.217,70.0
2008-11-05,68.1757,69.5
2008-11-06,68.0766,67.6
2008-11-07,67.9126,66.8
2008-11-08,68.0159,66.7
2008-11-09,67.9703,66.2
2008-11-10,68.0008,66.2
2008-11-11,68.1451,68.2
2008-11-12,67.9102,67.7
2008-11-13,67.4246,67.9
2008-11-14,67.2196,66.8
2008-11-15,67.0973,67.3
2008-11-16,66.9948,67.2
2008-11-17,66.9198,66.1
2008-11-18,67.1911,66.0
2008-11-19,67.0836,66.5
2008-11-20,67.3989,66.4
2008-11-21,67.243,65.2
2008-11-22,67.6929,66.4
2008-11-23,67.7151,66.5
2008-11-24,67.3942,66.2
2008-11-25,67.25,67.0
2008-11-26,67.4536,67.2
2008-11-27,67.3291,67.6
2008-11-28,67.2207,66.8
2008-11-29,67.3689,67.1
2008-11-30,67.4517,67.0
2008-12-01,67.5666,66.4
2008-12-02,67.5873,66.7
2008-12-03,67.4084,68.7
2008-12-04,67.1868,68.0
2008-12-05,66.872,68.8
2008-12-06,66.7653,67.5
2008-12-07,66.6146,66.6
2008-12-08,66.5732,66.7
2008-12-09,66.4136,67.2
2008-12-10,66.9246,66.6
2008-12-11,66.8131,66.2
2008-12-12,66.9756,67.0
2008-12-13,66.9419,66.9
2008-12-14,66.6486,66.2
2008-12-15,66.7982,65.5
2008-12-16,66.9409,66.3
2008-12-17,66.9493,67.1
2008-12-18,66.8278,67.0
2008-12-19,67.1525,67.0
2008-12-20,67.2243,67.1
2008-12-21,67.0491,67.5
2008-12-22,67.0068,67.5
2008-12-23,67.1145,66.3
2008-12-24,67.1881,67.0
2008-12-25,67.0462,66.6
2008-12-26,67.0194,67.6
2008-12-27,66.9261,67.2
2008-12-28,66.9908,66.6
2008-12-29,67.0446,66.9
2008-12-30,67.1169,66.5
2008-12-31,67.1437,66.7
2009-01-01,67.0197,66.5
2009-01-02,67.0912,67.4
2009-01-03,66.9363,68.5
2009-01-04,66.744,67.7
2009-01-05,66.7224,67.0
2009-01-06,66.44,68.2
2009-01-07,66.404,68.9
2009-01-08,66.3779,68.8
2009-01-09,67.8605,68.5
2009-01-10,67.2165,69.6
2009-01-11,66.7046,68.8
2009-01-12,66.9568,68.6
2009-01-13,67.1465,68.1
2009-01-14,67.3277,67.2
2009-01-15,67.3448,66.9
2009-01-16,67.378,67.8
2009-01-17,67.6597,66.6
2009-01-18,67.5961,67.7
2009-01-19,67.4809,67.8
2009-01-20,67.5613,67.6
2009-01-21,67.3534,67.4
2009-01-22,67.4022,67.3
2009-01-23,67.4167,67.1
2009-01-24,67.1645,67.4
2009-01-25,67.3172,67.5
2009-01-26,67.336,67.1
2009-01-27,67.3467,67.3
2009-01-28,67.2476,67.5
2009-01-29,67.3131,68.1
2009-01-30,67.3613,68.2
2009-01-31,67.3273,69.2
2009-02-01,67.2263,69.3
2009-02-02,67.1338,68.8
2009-02-03,67.3647,65.8
2009-02-04,67.4255,68.5
2009-02-05,67.5739,68.0
2009-02-06,67.7115,68.3
2009-02-07,67.7735,68.4
2009-02-08,67.8446,67.9
2009-02-09,67.719,67.9
2009-02-10,67.1875,69.0
2009-02-11,68.0238,68.2
2009-02-12,68.2383,67.4
2009-02-13,68.2391,67.6
2009-02-14,67.9785,69.1
2009-02-15,67.7702,68.8
2009-02-16,67.741,69.3
2009-02-17,67.7586,69.5
2009-02-18,67.534,69.3
2009-02-19,67.3942,68.6
2009-02-20,67.4648,67.6
2009-02-21,67.6917,69.3
2009-02-22,67.661,68.1
2009-02-23,67.8247,68.0
2009-02-24,67.9281,68.0
2009-02-25,68.0104,68.6
2009-02-26,67.9281,68.1
2009-02-27,67.9148,68.0
2009-02-28,68.2308,68.0
2009-03-01,67.9705,67.9
2009-03-02,67.6082,67.2
2009-03-03,67.8435,67.8
2009-03-04,67.8197,68.0
2009-03-05,67.799,67.8
2009-03-06,67.8112,67.4
2009-03-07,67.8184,67.7
2009-03-08,67.7744,67.7
2009-03-09,67.8125,68.7
2009-03-10,67.8812,68.2
2009-03-11,67.8378,67.8
2009-03-12,67.7682,68.5
2009-03-13,67.8978,68.2
2009-03-14,67.8716,69.6
2009-03-15,68.0617,68.2
2009-03-16,68.1863,67.6
2009-03-17,68.091,68.7
2009-03-18,68.0062,68.2
2009-03-19,68.0297,68.8
2009-03-20,68.1915,71.4
2009-03-21,68.3625,70.4
2009-03-22,68.1175,70.7
2009-03-23,67.966,70.8
2009-03-24,68.1994,71.1
2009-03-25,68.1082,70.7
2009-03-26,68.1329,70.6
2009-03-27,68.8161,70.4
2009-03-28,68.4474,70.1
2009-03-29,68.4662,70.5
2009-03-30,68.5148,68.9
2009-03-31,68.7325,70.4
2009-04-01,68.5719,70.2
2009-04-02,68.6493,70.3
2009-04-03,68.6618,69.7
2009-04-04,68.5538,69.7
2009-04-05,68.681,69.7
2009-04-06,68.2939,68.8
2009-04-07,68.6072,69.9
2009-04-08,68.6082,69.9
2009-04-09,68.7005,70.5
2009-04-10,68.7897,70.4
2009-04-11,68.6755,70.5
2009-04-12,68.6504,70.8
2009-04-13,68.6081,70.4
2009-04-14,68.8071,71.8
2009-04-15,68.9278,71.9
2009-04-16,69.2728,71.4
2009-04-17,69.2088,70.5
2009-04-18,69.3055,70.3
2009-04-19,69.2836,70.1
2009-04-20,69.2463,68.6
2009-04-21,69.808,69.8
2009-04-22,70.0618,70.5
2009-04-23,69.6613,70.5
2009-04-24,69.2589,69.6
2009-04-25,69.2994,69.4
2009-04-26,69.2744,69.7
2009-04-27,69.0701,69.2
2009-04-28,69.3421,69.2
2009-04-29,69.5609,70.0
2009-04-30,69.4091,70.8
2009-05-01,69.2317,72.2
2009-05-02,69.1637,73.7
2009-05-03,69.1107,73.2
2009-05-04,69.0317,73.3
2009-05-05,69.0334,75.5
2009-05-06,69.2358,75.3
2009-05-07,69.3739,75.5
2009-05-08,70.3297,75.4
2009-05-09,71.0844,75.8
2009-05-10,71.2083,75.7
2009-05-11,71.3406,74.6
2009-05-12,72.3687,74.0
2009-05-13,72.4592,73.2
2009-05-14,72.4113,73.5
2009-05-15,72.3329,73.9
2009-05-16,72.3896,72.2
2009-05-17,72.2237,71.0
2009-05-18,72.0174,70.7
2009-05-19,71.9152,69.9
2009-05-20,71.8545,68.5
2009-05-21,71.9203,69.6
2009-05-22,72.1284,70.1
2009-05-23,72.7045,70.4
2009-05-24,70.5864,70.4
2009-05-25,69.7712,74.6
2009-05-26,69.9874,74.0
2009-05-27,69.7935,74.6
2009-05-28,70.0172,73.1
2009-05-29,70.2855,72.2
2009-05-30,70.3955,71.1
2009-05-31,71.9346,71.0
2009-06-01,73.3764,71.1
2009-06-02,72.9456,71.2
2009-06-03,73.3851,71.3
2009-06-04,72.778,71.4
2009-06-05,72.2854,71.2
2009-06-06,71.2716,70.4
2009-06-07,71.0706,70.3
2009-06-08,71.0516,69.5
2009-06-09,71.1423,70.5
2009-06-10,71.5812,70.0
2009-06-11,71.8971,69.9
2009-06-12,71.6069,69.2
2009-06-13,71.2774,68.8
2009-06-14,70.9127,69.2
2009-06-15,70.4907,70.2
2009-06-16,70.3454,70.2
2009-06-17,70.281,69.1
2009-06-18,70.411,70.3
2009-06-19,70.0819,69.0
2009-06-20,70.0595,69.3
2009-06-21,70.5092,69.2
2009-06-22,70.7372,70.8
2009-06-23,70.7872,70.5
2009-06-24,70.3936,69.8
2009-06-25,70.2759,68.7
2009-06-26,69.926,69.5
2009-06-27,69.826,73.4
2009-06-28,69.754,74.0
2009-06-29,70.2879,71.2
2009-06-30,70.395,73.7
2009-07-01,70.3403,73.1
2009-07-02,70.0673,71.4
2009-07-03,70.1765,70.1
2009-07-04,71.877,70.5
2009-07-05,72.2571,70.3
2009-07-06,70.6955,69.5
2009-07-07,71.3738,68.8
2009-07-08,71.4119,68.7
2009-07-09,70.2,68.9
2009-07-10,69.5443,68.4
2009-07-11,69.7464,69.2
2009-07-12,69.9707,69.9
2009-07-13,70.1292,70.4
2009-07-14,70.0614,69.9
2009-07-15,70.3719,70.0
2009-07-16,70.4171,69.9
2009-07-17,70.5764,70.5
2009-07-18,70.4947,71.2
2009-07-19,70.623,69.8
2009-07-20,70.549,70.5
2009-07-21,70.2101,70.9
2009-07-22,70.1887,70.4
2009-07-23,70.3125,70.1
2009-07-24,70.6954,70.8
2009-07-25,70.8641,70.2
2009-07-26,70.103,70.1
2009-07-27,70.3211,69.3
2009-07-28,70.4495,67.8
2009-07-29,69.9436,68.1
2009-07-30,69.7522,68.7
2009-07-31,69.7702,69.7
2009-08-01,69.5739,68.8
2009-08-02,69.418,69.1
2009-08-03,69.2647,69.0
2009-08-04,69.1078,68.4
2009-08-05,69.101,68.2
2009-08-06,69.2009,68.9
2009-08-07,69.2421,69.4
2009-08-08,69.1816,69.8
2009-08-09,69.1788,70.6
2009-08-10,69.1905,69.8
2009-08-11,69.0267,69.1
2009-08-12,68.7878,68.7
2009-08-13,69.0554,69.2
2009-08-14,69.2509,67.9
2009-08-15,69.2616,68.1
2009-08-16,69.6334,68.8
2009-08-17,69.5412,69.1
2009-08-18,69.5892,68.5
2009-08-19,69.4675,68.7
2009-08-20,69.6101,69.1
2009-08-21,69.4421,69.3
2009-08-22,69.4158,69.3
2009-08-23,69.3708,68.5
2009-08-24,69.168,69.6
2009-08-25,68.8531,70.4
2009-08-26,68.7351,69.4
2009-08-27,68.7726,69.8
2009-08-28,68.7305,69.5
2009-08-29,68.7349,69.6
2009-08-30,68.3651,70.3
2009-08-31,68.8746,69.8
2009-09-01,68.5064,70.0
2009-09-02,68.3107,70.2
2009-09-03,68.8001,70.2
2009-09-04,68.4963,70.2
2009-09-05,68.629,69.8
2009-09-06,68.8752,69.9
2009-09-07,68.9454,69.8
2009-09-08,69.2258,69.9
2009-09-09,69.4279,69.5
2009-09-10,69.3971,69.8
2009-09-11,69.4979,69.6
2009-09-12,69.4488,71.1
2009-09-13,69.4827,71.9
2009-09-14,69.3964,72.5
2009-09-15,69.389,75.3
2009-09-16,69.2108,76.6
2009-09-17,69.2866,75.0
2009-09-18,69.2179,72.8
2009-09-19,69.5383,72.2
2009-09-20,70.3278,72.6
2009-09-21,71.5827,73.5
2009-09-22,74.0003,72.5
2009-09-23,74.7154,72.1
2009-09-24,72.8729,72.2
2009-09-25,71.7575,71.7
2009-09-26,71.3086,71.7
2009-09-27,71.3224,71.1
2009-09-28,71.6787,69.9
2009-09-29,71.5602,68.8
2009-09-30,71.1849,68.4
2009-10-01,71.3139,68.6
2009-10-02,71.1315,69.0
2009-10-03,71.1065,69.8
2009-10-04,70.6869,70.1
2009-10-05,70.3329,69.8
2009-10-06,69.9907,69.4
2009-10-07,69.8071,70.5
2009-10-08,69.7768,70.0
2009-10-09,69.9858,69.2
2009-10-10,70.0205,70.2
2009-10-11,70.2306,69.5
2009-10-12,70.3117,70.3
2009-10-13,70.3317,70.3
2009-10-14,70.3021,70.6
2009-10-15,70.0325,70.9
2009-10-16,69.757,72.1
2009-10-17,70.0234,74.7
2009-10-18,70.0128,74.7
2009-10-19,70.1875,80.3
2009-10-20,70.7186,80.4
2009-10-21,70.4248,78.9
2009-10-22,70.3791,75.6
2009-10-23,71.3047,74.2
2009-10-24,72.1256,74.0
2009-10-25,71.884,71.2
2009-10-26,74.2903,70.3
2009-10-27,74.3094,70.3
2009-10-28,73.493,70.2
2009-10-29,71.4603,69.3
2009-10-30,71.1252,69.6
2009-10-31,71.7334,69.3
2009-11-01,70.2967,69.6
2009-11-02,69.8393,70.7
2009-11-03,69.815,71.3
2009-11-04,69.7773,71.0
2009-11-05,69.8519,71.7
2009-11-06,70.3308,72.6
2009-11-07,70.5926,73.2
2009-11-08,71.3453,73.5
2009-11-09,71.7904,74.5
2009-11-10,72.394,75.4
2009-11-11,72.347,74.4
2009-11-12,72.6787,74.9
2009-11-13,73.0075,74.4
2009-11-14,73.3946,74.0
2009-11-15,73.8599,74.4
2009-11-16,73.9469,73.8
2009-11-17,73.6966,72.8
2009-11-18,74.3538,72.3
2009-11-19,74.8413,72.7
2009-11-20,73.1172,71.7
2009-11-21,72.3806,70.9
2009-11-22,72.4215,70.1
2009-11-23,72.3434,70.4
2009-11-24,72.0901,70.2
2009-11-25,71.5046,69.4
2009-11-26,71.6304,69.6
2009-11-27,71.0287,69.4
2009-11-28,70.5421,69.6
2009-11-29,70.4531,69.8
2009-11-30,70.3728,69.0
2009-12-01,70.2979,70.0
2009-12-02,70.3873,70.8
2009-12-03,70.6151,71.6
2009-12-04,70.8843,69.9
2009-12-05,71.0034,72.2
2009-12-06,71.043,73.1
2009-12-07,70.9707,76.2
2009-12-08,70.8956,79.0
2009-12-09,71.6262,80.6
2009-12-10,72.3008,84.2
2009-12-11,72.9279,81.6
2009-12-12,74.4202,79.1
2009-12-13,73.6293,81.0
2009-12-14,74.3938,80.0
2009-12-15,76.2042,79.5
2009-12-16,76.5279,75.9
2009-12-17,77.4827,74.6
2009-12-18,76.2006,73.5
2009-12-19,75.0692,73.4
2009-12-20,75.2603,74.3
2009-12-21,74.5011,73.3
2009-12-22,74.6734,72.7
2009-12-23,72.9444,74.3
2009-12-24,72.744,77.2
2009-12-25,72.8432,72.7
2009-12-26,73.364,75.4
2009-12-27,75.443,73.8
2009-12-28,74.0924,70.6
2009-12-29,74.4715,74.3
2009-12-30,75.2914,74.7
2009-12-31,76.632,75.5
2010-01-01,74.9868,74.9
2010-01-02,75.6964,79.0
2010-01-03,75.1655,81.6
2010-01-04,73.7866,86.3
2010-01-05,75.6765,90.2
2010-01-06,76.5976,87.5
2010-01-07,77.7907,87.0
2010-01-08,77.7363,82.6
2010-01-09,80.2037,81.4
2010-01-10,80.7443,79.9
2010-01-11,81.8206,78.9
2010-01-12,81.8985,81.6
2010-01-13,80.8644,79.1
2010-01-14,79.3,80.0
2010-01-15,77.876,79.8
2010-01-16,77.4303,82.0
2010-01-17,76.7675,81.9
2010-01-18,76.86,78.7
2010-01-19,78.6416,77.3
2010-01-20,78.7761,75.4
2010-01-21,80.167,74.0
2010-01-22,81.2408,71.1
2010-01-23,82.146,72.8
2010-01-24,80.2232,73.0
2010-01-25,79.4765,73.1
2010-01-26,78.7166,73.0
2010-01-27,78.7404,72.3
2010-01-28,77.8885,71.8
2010-01-29,76.7318,75.6
2010-01-30,78.7702,85.1
2010-01-31,78.0495,87.8
2010-02-01,77.5837,91.2
2010-02-02,76.9641,89.0
2010-02-03,75.7718,88.9
2010-02-04,74.3813,91.8
2010-02-05,75.6125,93.1
2010-02-06,80.3111,91.8
2010-02-07,82.7866,87.2
2010-02-08,84.9891,85.5
2010-02-09,82.814,84.7
2010-02-10,81.8424,84.8
2010-02-11,81.9381,83.1
2010-02-12,82.3754,81.8
2010-02-13,81.0258,82.0
2010-02-14,79.2315,81.7
2010-02-15,78.8983,81.9
2010-02-16,78.346,82.4
2010-02-17,78.0966,80.9
2010-02-18,78.6049,81.1
2010-02-19,78.7662,78.9
2010-02-20,79.6503,77.1
2010-02-21,80.8009,76.6
2010-02-22,82.023,76.5
2010-02-23,83.4078,78.0
2010-02-24,85.3321,79.0
2010-02-25,84.4916,80.0
2010-02-26,83.4058,78.2
2010-02-27,80.476,77.1
2010-02-28,79.7983,75.4
2010-03-01,79.3749,75.1
2010-03-02,80.7843,76.8
2010-03-03,81.6568,79.3
2010-03-04,81.7181,83.1
2010-03-05,81.2222,88.5
2010-03-06,79.2768,90.7
2010-03-07,77.9512,88.3
2010-03-08,77.3511,85.5
2010-03-09,77.626,84.3
2010-03-10,79.8929,85.9
2010-03-11,83.0733,85.0
2010-03-12,82.9245,83.7
2010-03-13,83.1571,82.8
2010-03-14,81.3547,84.1
2010-03-15,80.0246,81.9
2010-03-16,78.8129,83.3
2010-03-17,80.361,83.9
2010-03-18,80.8672,87.1
2010-03-19,79.2815,85.5
2010-03-20,79.5974,87.8
2010-03-21,80.7848,85.7
2010-03-22,80.6268,82.9
2010-03-23,81.6635,82.6
2010-03-24,85.6777,80.9
2010-03-25,89.6072,79.1
2010-03-26,87.8199,76.1
2010-03-27,87.5245,77.4
2010-03-28,86.3361,78.7
2010-03-29,86.5452,79.3
2010-03-30,86.0564,77.7
2010-03-31,82.9819,76.5
2010-04-01,80.7775,75.9
2010-04-02,78.9572,76.3
2010-04-03,79.263,75.3
2010-04-04,82.1021,74.9
2010-04-05,82.7514,74.9
2010-04-06,81.3731,75.3
2010-04-07,78.2437,75.6
2010-04-08,77.7623,75.0
2010-04-09,77.7448,75.4
2010-04-10,77.3229,74.5
2010-04-11,77.3951,75.3
2010-04-12,77.1061,76.1
2010-04-13,76.8672,76.4
2010-04-14,76.2805,76.9
2010-04-15,76.1079,76.9
2010-04-16,76.2573,75.8
2010-04-17,75.5906,75.0
2010-04-18,75.6293,76.4
2010-04-19,75.6201,77.0
2010-04-20,75.1932,75.7
2010-04-21,75.803,77.2
2010-04-22,76.0705,77.3
2010-04-23,75.6033,79.8
2010-04-24,75.5327,79.0
2010-04-25,75.9946,80.8
2010-04-26,76.2778,81.6
2010-04-27,75.5313,83.1
2010-04-28,76.0391,84.7
2010-04-29,75.8315,80.5
2010-04-30,77.4773,80.5
2010-05-01,77.1053,80.3
2010-05-02,79.6392,76.9
2010-05-03,81.1698,75.1
2010-05-04,80.735,75.0
2010-05-05,80.452,72.7
2010-05-06,78.2687,70.9
2010-05-07,77.256,71.2
2010-05-08,77.2372,71.8
2010-05-09,75.0965,70.0
2010-05-10,74.2443,70.8
2010-05-11,74.3757,70.3
2010-05-12,73.8204,70.2
2010-05-13,72.8157,70.4
2010-05-14,72.5896,72.6
2010-05-15,72.9949,74.3
2010-05-16,72.733,76.4
2010-05-17,72.9244,74.4
2010-05-18,73.2115,75.1
2010-05-19,73.492,74.3
2010-05-20,73.9211,74.6
2010-05-21,75.1414,75.2
2010-05-22,75.7288,75.7
2010-05-23,76.2646,75.0
2010-05-24,75.6933,74.1
2010-05-25,75.8796,74.8
2010-05-26,75.6051,76.1
2010-05-27,75.714,76.8
2010-05-28,76.1189,74.0
2010-05-29,77.9829,72.4
2010-05-30,76.7989,70.0
2010-05-31,76.2908,70.6
2010-06-01,76.0807,74.0
2010-06-02,75.7063,73.7
2010-06-03,76.1513,75.2
2010-06-04,76.2219,76.9
2010-06-05,74.237,78.6
2010-06-06,72.8079,78.7
2010-06-07,72.7372,75.1
2010-06-08,74.3275,72.3
2010-06-09,74.8045,73.9
2010-06-10,75.9725,72.7
2010-06-11,76.9014,72.8
2010-06-12,78.7129,71.2
2010-06-13,78.9906,72.3
2010-06-14,76.4458,74.3
2010-06-15,74.3823,75.7
2010-06-16,74.6309,76.5
2010-06-17,74.6273,76.9
2010-06-18,74.3255,76.9
2010-06-19,73.2841,76.9
2010-06-20,73.8237,75.3
2010-06-21,74.9589,76.4
2010-06-22,75.5862,76.0
2010-06-23,76.1113,76.3
2010-06-24,76.0038,75.5
2010-06-25,75.7432,75.9
2010-06-26,74.9215,74.8
2010-06-27,75.9847,74.0
2010-06-28,76.3465,75.2
2010-06-29,76.2071,75.2
2010-06-30,74.7827,76.6
2010-07-01,75.0535,78.2
2010-07-02,75.5431,82.7
2010-07-03,75.4351,82.6
2010-07-04,75.869,85.4
2010-07-05,76.9105,82.6
2010-07-06,77.4782,81.1
2010-07-07,77.9341,80.3
2010-07-08,79.2901,78.4
2010-07-09,82.4447,79.1
2010-07-10,82.9839,81.3
2010-07-11,83.7506,79.4
2010-07-12,83.2198,82.5
2010-07-13,80.4159,89.9
2010-07-14,79.3729,92.0
2010-07-15,78.3701,90.5
2010-07-16,78.4654,89.2
2010-07-17,79.746,87.9
2010-07-18,78.9434,87.9
2010-07-19,83.0739,87.1
2010-07-20,86.0219,85.2
2010-07-21,87.9607,88.0
2010-07-22,86.7493,87.2
2010-07-23,83.3556,85.7
2010-07-24,82.6789,83.9
2010-07-25,82.6767,82.1
2010-07-26,81.6259,81.5
2010-07-27,82.0443,83.0
2010-07-28,86.247,83.2
2010-07-29,88.199,85.1
2010-07-30,87.8515,84.4
2010-07-31,88.2192,84.1
2010-08-01,84.6352,84.9
2010-08-02,83.6852,86.5
2010-08-03,81.6361,85.8
2010-08-04,83.4191,88.1
2010-08-05,85.0433,86.0
2010-08-06,85.835,86.0
2010-08-07,86.0381,87.4
2010-08-08,84.8533,87.8
2010-08-09,85.6,86.9
2010-08-10,86.412,83.1
2010-08-11,87.2565,81.8
2010-08-12,85.5645,79.8
2010-08-13,84.7925,78.9
2010-08-14,84.2262,77.3
2010-08-15,83.8336,76.3
2010-08-16,83.7257,76.5
2010-08-17,82.3488,75.2
2010-08-18,82.0861,75.1
2010-08-19,80.4303,75.0
2010-08-20,80.5211,74.8
2010-08-21,79.1261,73.3
2010-08-22,78.2748,75.4
2010-08-23,78.0505,76.4
2010-08-24,79.2532,76.0
2010-08-25,79.9646,77.7
2010-08-26,79.5326,78.4
2010-08-27,80.2126,78.5
2010-08-28,78.5355,83.6
2010-08-29,78.8305,83.5
2010-08-30,78.4145,81.0
2010-08-31,77.9988,77.3
2010-09-01,79.2195,75.6
2010-09-02,80.0512,74.7
2010-09-03,80.4691,76.4
2010-09-04,83.0163,79.1
2010-09-05,82.1187,79.3
2010-09-06,80.9985,80.4
2010-09-07,78.323,81.6
2010-09-08,77.5708,82.1
2010-09-09,77.8839,83.3
2010-09-10,78.3193,83.0
2010-09-11,81.2868,82.9
2010-09-12,81.6986,81.9
2010-09-13,82.5929,83.3
2010-09-14,85.6946,85.2
2010-09-15,83.0774,85.4
2010-09-16,87.0709,84.9
2010-09-17,87.0011,83.1
2010-09-18,86.445,83.4
2010-09-19,85.8994,84.3
2010-09-20,79.787,83.4
2010-09-21,81.1121,83.5
2010-09-22,83.1061,91.0
2010-09-23,83.8226,90.2
2010-09-24,83.496,86.9
2010-09-25,80.1453,85.1
2010-09-26,79.7801,80.1
2010-09-27,79.414,76.1
2010-09-28,78.9418,75.4
2010-09-29,82.7752,74.2
2010-09-30,81.7096,75.0
2010-10-01,81.3295,74.7
2010-10-02,81.27,76.2
2010-10-03,79.8843,75.7
2010-10-04,78.0338,75.0
2010-10-05,77.9606,74.9
2010-10-06,77.0509,77.7
2010-10-07,77.414,79.9
2010-10-08,77.6722,81.7
2010-10-09,78.8223,86.3
2010-10-10,79.0323,83.0
2010-10-11,79.6495,89.9
2010-10-12,79.6741,85.9
2010-10-13,82.289,83.2
2010-10-14,83.6155,82.7
2010-10-15,86.8448,81.4
2010-10-16,88.1305,83.4
2010-10-17,85.0914,81.2
2010-10-18,83.8887,85.2
2010-10-19,82.2759,85.1
2010-10-20,80.1414,86.5
2010-10-21,78.7341,85.3
2010-10-22,78.0708,84.5
2010-10-23,76.7578,83.6
2010-10-24,76.0848,80.0
2010-10-25,76.6788,77.9
2010-10-26,76.6357,77.7
2010-10-27,76.5381,77.2
2010-10-28,75.0001,77.8
2010-10-29,74.765,81.6
2010-10-30,75.7941,83.1
2010-10-31,76.6406,83.5
2010-11-01,78.499,82.2
2010-11-02,80.2616,82.5
2010-11-03,79.3708,83.9
2010-11-04,81.5623,82.8
2010-11-05,86.4828,83.7
2010-11-06,87.2702,83.6
2010-11-07,87.7845,84.6
2010-11-08,86.8423,88.8
2010-11-09,86.8765,89.8
2010-11-10,89.3358,89.1
2010-11-11,88.5503,84.5
2010-11-12,88.1762,82.0
2010-11-13,86.9289,77.9
2010-11-14,85.7432,75.8
2010-11-15,83.2337,72.9
2010-11-16,84.4063,73.4
2010-11-17,82.2181,73.9
2010-11-18,79.9527,75.9
2010-11-19,79.0718,74.2
2010-11-20,76.0726,74.5
2010-11-21,74.0895,77.9
2010-11-22,73.8966,80.2
2010-11-23,74.3773,84.0
2010-11-24,74.6999,84.1
2010-11-25,76.8501,84.1
2010-11-26,77.9964,84.4
2010-11-27,78.0901,84.9
2010-11-28,81.3768,85.4
2010-11-29,82.9958,85.9
2010-11-30,85.7837,84.5
2010-12-01,85.7338,84.6
2010-12-02,88.937,84.2
2010-12-03,89.6831,85.8
2010-12-04,89.4718,84.3
2010-12-05,85.262,86.7
2010-12-06,85.0774,85.0
2010-12-07,83.5901,87.5
2010-12-08,79.947,84.2
2010-12-09,79.4109,81.4
2010-12-10,78.9426,79.1
2010-12-11,78.1299,78.0
2010-12-12,78.0374,78.3
2010-12-13,77.7057,75.4
2010-12-14,78.6723,75.3
2010-12-15,78.2304,75.2
2010-12-16,77.6691,77.5
2010-12-17,76.981,76.1
2010-12-18,77.1551,76.8
2010-12-19,77.7317,77.9
2010-12-20,76.3147,77.4
2010-12-21,76.6159,78.0
2010-12-22,76.9964,79.9
2010-12-23,78.3842,80.2
2010-12-24,77.712,87.9
2010-12-25,77.9956,88.0
2010-12-26,79.6914,88.1
2010-12-27,78.744,89.1
2010-12-28,78.4872,87.6
2010-12-29,79.8503,84.8
2010-12-30,79.8444,83.9
2010-12-31,85.3074,83.5
2011-01-01,86.3858,82.0
2011-01-02,85.0884,80.0
2011-01-03,82.2614,80.6
2011-01-04,80.4884,79.9
2011-01-05,78.6827,77.4
2011-01-06,78.3851,76.9
2011-01-07,79.2081,76.7
2011-01-08,78.6224,77.6
2011-01-09,79.2029,77.8
2011-01-10,78.9209,79.1
2011-01-11,78.9843,78.4
2011-01-12,77.1228,78.2
2011-01-13,76.4721,79.7
2011-01-14,76.8201,84.8
2011-01-15,80.1994,84.9
2011-01-16,82.1351,81.7
2011-01-17,84.0873,79.9
2011-01-18,84.919,78.0
2011-01-19,82.0489,77.6
2011-01-20,82.4687,78.1
2011-01-21,84.9985,78.1
2011-01-22,85.9517,79.0
2011-01-23,84.5138,80.2
2011-01-24,81.4243,78.9
2011-01-25,80.0841,77.6
2011-01-26,78.364,77.0
2011-01-27,79.4396,78.1
2011-01-28,79.7283,79.8
2011-01-29,81.7517,78.7
2011-01-30,82.8488,78.0
2011-01-31,80.16,80.1
2011-02-01,78.5149,87.3
2011-02-02,78.0486,86.4
2011-02-03,79.2028,89.0
2011-02-04,79.6794,88.9
2011-02-05,79.5968,93.1
2011-02-06,78.96,101.4
2011-02-07,79.9323,109.8
2011-02-08,85.41,110.0
2011-02-09,83.3439,111.4
2011-02-10,82.8479,108.3
2011-02-11,82.5299,121.9
2011-02-12,85.7119,106.9
2011-02-13,88.7004,102.2
2011-02-14,93.044,94.6
2011-02-15,93.4641,89.0
2011-02-16,88.2154,87.4
2011-02-17,88.2041,87.0
2011-02-18,92.3231,86.4
2011-02-19,89.446,88.4
2011-02-20,88.1259,88.7
2011-02-21,85.4746,94.0
2011-02-22,82.9003,108.5
2011-02-23,83.7802,111.4
2011-02-24,87.2046,118.8
2011-02-25,90.7041,124.7
2011-02-26,92.0034,132.5
2011-02-27,91.5128,140.3
2011-02-28,96.8606,149.6
2011-03-01,96.9793,147.7
2011-03-02,98.9469,141.1
2011-03-03,102.9557,129.5
2011-03-04,109.3737,121.5
2011-03-05,113.4862,119.2
2011-03-06,110.3003,111.5
2011-03-07,112.2982,106.1
2011-03-08,109.3442,100.3
2011-03-09,106.4473,100.8
2011-03-10,102.1184,89.2
2011-03-11,94.4094,86.8
2011-03-12,93.2548,88.0
2011-03-13,91.9846,91.2
2011-03-14,91.4424,100.2
2011-03-15,90.5955,99.1
2011-03-16,95.2507,104.0
2011-03-17,93.9797,106.9
2011-03-18,96.8618,112.0
2011-03-19,99.0726,113.9
2011-03-20,102.7796,115.1
2011-03-21,109.2342,118.1
2011-03-22,110.6468,115.9
2011-03-23,112.7241,117.3
2011-03-24,113.2842,113.1
2011-03-25,117.2979,108.7
2011-03-26,116.0936,107.4
2011-03-27,113.9907,114.0
2011-03-28,111.3144,112.7
2011-03-29,107.5067,109.3
2011-03-30,101.556,117.2
2011-03-31,98.5984,112.5
2011-04-01,95.5212,109.0
2011-04-02,94.6819,105.3
2011-04-03,96.225,105.2
2011-04-04,97.5064,106.3
2011-04-05,97.2204,110.8
2011-04-06,97.7499,118.4
2011-04-07,96.1224,119.4
2011-04-08,95.1309,130.2
2011-04-09,93.8992,120.0
2011-04-10,92.8106,115.3
2011-04-11,93.4901,111.9
2011-04-12,97.85,111.9
2011-04-13,106.9724,118.1
2011-04-14,109.3064,114.1
2011-04-15,115.4644,116.0
2011-04-16,108.1967,120.4
2011-04-17,101.8402,118.5
2011-04-18,101.6372,113.5
2011-04-19,104.7771,110.8
2011-04-20,112.1549,109.3
2011-04-21,114.5936,111.9
2011-04-22,114.985,111.2
2011-04-23,114.8909,111.1
2011-04-24,116.3896,107.7
2011-04-25,116.5591,111.5
2011-04-26,115.0941,108.8
2011-04-27,114.0341,108.7
2011-04-28,114.2864,106.7
2011-04-29,113.7536,103.7
2011-04-30,112.636,104.1
2011-05-01,108.9426,104.1
2011-05-02,107.1472,105.7
2011-05-03,105.4011,99.4
2011-05-04,105.2513,96.0
2011-05-05,104.1381,94.7
2011-05-06,101.3213,93.5
2011-05-07,100.9565,93.4
2011-05-08,103.8689,96.6
2011-05-09,108.3669,94.3
2011-05-10,103.2762,93.6
2011-05-11,102.6773,92.7
2011-05-12,101.7551,86.4
2011-05-13,100.9353,85.7
2011-05-14,100.709,85.7
2011-05-15,102.6758,86.6
2011-05-16,106.9655,86.3
2011-05-17,105.6804,83.8
2011-05-18,105.1016,82.4
2011-05-19,100.321,84.9
2011-05-20,100.2756,92.3
2011-05-21,100.6854,103.2
2011-05-22,100.6834,113.8
2011-05-23,99.7602,115.0
2011-05-24,99.9152,115.2
2011-05-25,101.0942,116.8
2011-05-26,101.0604,114.8
2011-05-27,106.6945,110.2
2011-05-28,118.0823,105.8
2011-05-29,122.8744,105.9
2011-05-30,122.6139,103.2
2011-05-31,119.2079,99.3
2011-06-01,113.7737,92.9
2011-06-02,112.1971,90.2
2011-06-03,107.7446,89.4
2011-06-04,105.6377,87.2
2011-06-05,101.9701,87.3
2011-06-06,100.6759,89.4
2011-06-07,99.5624,102.5
2011-06-08,97.1767,104.8
2011-06-09,97.6308,106.6
2011-06-10,98.8434,107.6
2011-06-11,100.3609,102.4
2011-06-12,99.8421,102.4
2011-06-13,100.9169,99.6
2011-06-14,111.5974,98.2
2011-06-15,114.288,96.0
2011-06-16,115.9807,99.5
2011-06-17,113.9051,99.4
2011-06-18,105.7876,96.7
2011-06-19,105.4342,93.1
2011-06-20,104.4844,92.2
2011-06-21,103.14,89.8
2011-06-22,99.6973,90.3
2011-06-23,99.7047,92.2
2011-06-24,98.4741,90.5
2011-06-25,96.1964,88.5
2011-06-26,93.9405,89.2
2011-06-27,93.6019,87.9
2011-06-28,94.1562,87.7
2011-06-29,94.8114,87.5
2011-06-30,97.2313,88.4
2011-07-01,93.8894,88.7
2011-07-02,94.1944,88.5
2011-07-03,96.1479,93.7
2011-07-04,97.2479,93.1
2011-07-05,96.7655,94.7
2011-07-06,96.1926,97.7
2011-07-07,97.4821,97.2
2011-07-08,97.093,96.9
2011-07-09,95.7264,96.9
2011-07-10,98.3996,107.0
2011-07-11,99.7905,105.3
2011-07-12,100.2625,103.6
2011-07-13,102.5665,103.4
2011-07-14,102.3785,99.1
2011-07-15,100.6968,95.4
2011-07-16,99.2038,91.1
2011-07-17,101.605,88.9
2011-07-18,102.2425,89.8
2011-07-19,99.8142,96.4
2011-07-20,98.5604,102.5
2011-07-21,97.3401,110.7
2011-07-22,92.0211,115.2
2011-07-23,89.0386,116.2
2011-07-24,88.0355,122.2
2011-07-25,90.6063,128.7
2011-07-26,101.5734,125.2
2011-07-27,105.3354,123.5
2011-07-28,111.7782,119.7
2011-07-29,114.2121,112.5
2011-07-30,114.0872,113.2
2011-07-31,115.4893,108.4
2011-08-01,109.3789,106.9
2011-08-02,105.6213,100.2
2011-08-03,103.0918,92.7
2011-08-04,101.7234,86.5
2011-08-05,98.282,85.7
2011-08-06,99.7673,85.3
2011-08-07,97.9688,90.4
2011-08-08,97.2927,92.7
2011-08-09,94.7145,95.4
2011-08-10,91.5968,100.0
2011-08-11,93.0312,100.2
2011-08-12,95.1921,100.6
2011-08-13,95.6374,102.9
2011-08-14,97.1848,103.3
2011-08-15,105.3589,110.7
2011-08-16,108.9717,106.1
2011-08-17,111.0509,106.4
2011-08-18,111.2789,106.4
2011-08-19,106.6379,106.8
2011-08-20,106.5743,106.0
2011-08-21,103.4846,103.1
2011-08-22,103.4764,103.2
2011-08-23,100.9095,103.2
2011-08-24,96.6171,111.0
2011-08-25,99.6225,113.8
2011-08-26,100.1282,117.5
2011-08-27,101.9905,120.8
2011-08-28,99.0051,121.5
2011-08-29,98.5564,120.7
2011-08-30,99.9011,114.2
2011-08-31,102.5634,114.5
2011-09-01,104.9841,111.7
2011-09-02,105.3885,113.4
2011-09-03,104.479,117.8
2011-09-04,105.7387,122.9
2011-09-05,108.8508,125.5
2011-09-06,109.4961,131.0
2011-09-07,111.809,144.3
2011-09-08,112.6965,142.3
2011-09-09,116.0024,144.6
2011-09-10,110.7155,146.2
2011-09-11,117.0413,151.6
2011-09-12,119.294,142.2
2011-09-13,123.6458,145.5
2011-09-14,129.8787,145.3
2011-09-15,131.8392,151.9
2011-09-16,127.69,159.3
2011-09-17,124.5475,169.8
2011-09-18,125.1548,169.8
2011-09-19,125.5812,149.0
2011-09-20,123.4478,139.6
2011-09-21,128.1346,134.0
2011-09-22,133.3578,137.0
2011-09-23,141.7201,138.5
2011-09-24,147.7705,137.2
2011-09-25,150.032,131.1
2011-09-26,135.7685,129.1
2011-09-27,135.8072,130.4
2011-09-28,134.7361,126.7
2011-09-29,135.3299,123.9
2011-09-30,138.6151,121.9
2011-10-01,136.4279,118.2
2011-10-02,135.5133,120.7
2011-10-03,136.8259,126.0
2011-10-04,142.8142,129.7
2011-10-05,139.953,133.5
2011-10-06,142.1314,137.0
2011-10-07,140.362,135.4
2011-10-08,130.1448,136.9
2011-10-09,132.3056,150.0
2011-10-10,137.264,151.6
2011-10-11,144.1059,145.7
2011-10-12,147.658,146.1
2011-10-13,141.9356,157.8
2011-10-14,138.1646,166.3
2011-10-15,135.3872,162.5
2011-10-16,136.6172,153.9
2011-10-17,137.1198,143.8
2011-10-18,132.5315,137.3
2011-10-19,135.1239,130.6
2011-10-20,140.7165,129.9
2011-10-21,138.2961,132.2
2011-10-22,141.869,121.4
2011-10-23,135.3319,124.9
2011-10-24,133.8609,136.1
2011-10-25,134.0815,136.5
2011-10-26,127.2976,151.2
2011-10-27,127.5523,157.8
2011-10-28,128.6547,161.1
2011-10-29,123.9166,169.0
2011-10-30,128.537,173.6
2011-10-31,136.2295,178.9
2011-11-01,143.2094,177.7
2011-11-02,153.7541,176.7
2011-11-03,155.2572,175.2
2011-11-04,156.1783,170.4
2011-11-05,158.3353,165.3
2011-11-06,160.6013,152.1
2011-11-07,164.2303,157.7
2011-11-08,159.4661,145.1
2011-11-09,150.9418,139.2
2011-11-10,148.8612,144.4
2011-11-11,142.9938,141.1
2011-11-12,141.6915,136.3
2011-11-13,140.5808,136.6
2011-11-14,140.4788,137.7
2011-11-15,138.1991,138.9
2011-11-16,139.6224,136.5
2011-11-17,142.0067,133.8
2011-11-18,146.088,131.7
2011-11-19,145.0674,129.3
2011-11-20,149.47,131.7
2011-11-21,151.555,134.0
2011-11-22,152.6199,136.8
2011-11-23,149.4825,140.1
2011-11-24,148.0068,148.0
2011-11-25,148.7017,152.9
2011-11-26,147.1481,155.95
2011-11-27,147.8872,159.0
2011-11-28,147.9269,153.6
2011-11-29,149.8586,146.6
2011-11-30,151.8188,144.5
2011-12-01,149.6196,140.4
2011-12-02,147.292,139.2
2011-12-03,146.9663,135.8
2011-12-04,146.0849,130.2
2011-12-05,144.4416,127.5
2011-12-06,138.5378,129.0
2011-12-07,135.061,127.9
2011-12-08,136.9073,120.3
2011-12-09,134.5756,117.2
2011-12-10,134.3441,115.8
2011-12-11,130.886,123.3
2011-12-12,130.5664,124.1
2011-12-13,132.862,133.0
2011-12-14,135.1682,139.9
2011-12-15,133.6134,141.1
2011-12-16,133.8509,133.7
2011-12-17,135.2684,138.1
2011-12-18,139.4048,137.2
2011-12-19,141.6753,140.8
2011-12-20,146.0879,135.7
2011-12-21,147.6663,140.0
2011-12-22,149.7042,142.3
2011-12-23,142.4274,136.4
2011-12-24,142.4911,128.5
2011-12-25,140.8622,129.4
2011-12-26,142.166,130.3
2011-12-27,139.0807,130.2
2011-12-28,141.1338,131.6
2011-12-29,141.6652,136.6
2011-12-30,141.7967,131.0
2011-12-31,136.6748,135.9
2012-01-01,133.3343,131.4
2012-01-02,134.2213,137.6
2012-01-03,135.0643,124.6
2012-01-04,137.6671,116.1
2012-01-05,140.0604,113.0
2012-01-06,130.8086,120.0
2012-01-07,133.1392,128.0
2012-01-08,134.9414,129.2
2012-01-09,142.2245,135.1
2012-01-10,136.9255,134.5
2012-01-11,132.8981,143.4
2012-01-12,130.2648,146.1
2012-01-13,134.4833,136.7
2012-01-14,137.8933,137.2
2012-01-15,144.3074,136.6
2012-01-16,146.6525,139.8
2012-01-17,144.9046,131.5
2012-01-18,141.9429,122.5
2012-01-19,141.8434,124.3
2012-01-20,140.4134,124.7
2012-01-21,141.6869,111.0
2012-01-22,141.9383,106.6
2012-01-23,140.4742,111.0
2012-01-24,134.4708,113.1
2012-01-25,128.5931,114.1
2012-01-26,130.1771,114.6
2012-01-27,132.836,107.9
2012-01-28,127.5925,104.0
2012-01-29,124.9123,99.8
2012-01-30,122.9857,108.9
2012-01-31,123.4511,104.3
2012-02-01,124.3671,94.6
2012-02-02,126.0606,96.6
2012-02-03,125.0617,107.9
2012-02-04,123.3077,109.4
2012-02-05,122.9695,107.6
2012-02-06,126.823,105.7
2012-02-07,123.5594,104.8
2012-02-08,122.2137,102.0
2012-02-09,120.8705,100.8
2012-02-10,124.3937,101.3
2012-02-11,124.2529,101.7
2012-02-12,123.3351,102.9
2012-02-13,120.168,108.7
2012-02-14,117.0416,101.0
2012-02-15,114.6731,102.0
2012-02-16,112.3412,101.2
2012-02-17,110.3375,106.7
2012-02-18,108.6459,105.9
2012-02-19,108.7917,104.9
2012-02-20,111.0877,103.5
2012-02-21,106.8849,101.3
2012-02-22,106.5011,100.2
2012-02-23,107.581,101.6
2012-02-24,110.6859,106.3
2012-02-25,109.9257,114.5
2012-02-26,107.1414,118.2
2012-02-27,107.1199,129.5
2012-02-28,105.4993,136.0
2012-02-29,105.3283,133.7
2012-03-01,106.1928,137.5
2012-03-02,108.2032,143.5
2012-03-03,116.538,146.9
2012-03-04,120.8261,129.5
2012-03-05,124.5584,128.7
2012-03-06,122.0842,125.0
2012-03-07,117.5602,117.5
2012-03-08,118.311,109.4
2012-03-09,120.4134,97.6
2012-03-10,122.4502,101.4
2012-03-11,117.7685,101.1
2012-03-12,116.8799,100.9
2012-03-13,115.6255,98.8
2012-03-14,111.1871,99.2
2012-03-15,107.3968,101.7
2012-03-16,103.281,104.2
2012-03-17,103.6773,102.1
2012-03-18,104.02,100.8
2012-03-19,105.6206,101.9
2012-03-20,111.1389,105.2
2012-03-21,112.9193,106.6
2012-03-22,113.6742,111.2
2012-03-23,116.7674,110.4
2012-03-24,117.9438,109.9
2012-03-25,120.6197,107.2
2012-03-26,121.5787,105.9
2012-03-27,120.5526,103.6
2012-03-28,119.8739,102.1
2012-03-29,121.4444,101.0
2012-03-30,118.7729,97.6
2012-03-31,117.3328,98.7
2012-04-01,113.8427,93.5
2012-04-02,112.111,94.9
2012-04-03,110.402,93.7
2012-04-04,109.079,93.8
2012-04-05,106.3562,95.8
2012-04-06,104.6885,98.3
2012-04-07,104.9275,98.8
2012-04-08,103.0768,102.4
2012-04-09,104.3262,108.8
2012-04-10,103.9227,114.7
2012-04-11,104.4503,122.6
2012-04-12,105.5337,139.1
2012-04-13,105.7563,143.1
2012-04-14,106.9914,150.6
2012-04-15,108.8123,149.5
2012-04-16,114.0094,143.4
2012-04-17,115.5679,135.2
2012-04-18,117.6757,128.8
2012-04-19,126.2332,120.7
2012-04-20,127.9543,119.5
2012-04-21,126.7187,122.8
2012-04-22,123.3037,117.7
2012-04-23,119.9088,115.9
2012-04-24,116.7028,111.6
2012-04-25,113.357,117.4
2012-04-26,108.8589,115.9
2012-04-27,108.0566,115.9
2012-04-28,110.9757,118.1
2012-04-29,112.1937,119.4
2012-04-30,112.9523,123.9
2012-05-01,111.7344,125.1
2012-05-02,110.7769,129.8
2012-05-03,113.4067,133.3
2012-05-04,115.85,139.2
2012-05-05,122.9868,132.2
2012-05-06,127.0456,133.3
2012-05-07,131.9608,132.9
2012-05-08,134.2409,131.9
2012-05-09,135.2461,133.9
2012-05-10,138.5802,139.5
2012-05-11,140.4768,135.3
2012-05-12,135.4231,134.1
2012-05-13,134.161,134.0
2012-05-14,132.4887,128.2
2012-05-15,130.1494,124.3
2012-05-16,131.0607,120.2
2012-05-17,131.1586,118.5
2012-05-18,132.3179,120.3
2012-05-19,131.5247,112.9
2012-05-20,129.5979,113.7
2012-05-21,118.08,113.3
2012-05-22,113.5456,109.3
2012-05-23,112.7677,114.1
2012-05-24,115.3644,120.6
2012-05-25,118.3521,132.2
2012-05-26,117.6657,132.9
2012-05-27,121.5974,133.2
2012-05-28,124.5522,131.9
2012-05-29,120.2686,142.8
2012-05-30,121.9421,138.5
2012-05-31,126.2671,132.1
2012-06-01,138.1355,127.9
2012-06-02,137.9568,132.3
2012-06-03,135.3988,132.3
2012-06-04,130.935,138.1
2012-06-05,131.8004,145.8
2012-06-06,127.5196,147.3
2012-06-07,124.6336,144.8
2012-06-08,122.6056,149.6
2012-06-09,125.7808,138.8
2012-06-10,125.6351,128.0
2012-06-11,129.008,121.9
2012-06-12,129.0402,113.5
2012-06-13,126.1751,107.1
2012-06-14,122.5139,100.9
2012-06-15,125.3014,91.4
2012-06-16,122.6917,86.8
2012-06-17,118.2316,88.1
2012-06-18,117.7098,91.5
2012-06-19,119.7642,102.5
2012-06-20,118.4347,109.9
2012-06-21,116.4356,123.7
2012-06-22,115.8587,121.3
2012-06-23,117.2617,128.2
2012-06-24,118.4425,137.9
2012-06-25,120.9469,142.0
2012-06-26,124.1326,150.7
2012-06-27,130.3991,152.5
2012-06-28,136.446,170.1
2012-06-29,137.712,163.0
2012-06-30,139.0753,163.7
2012-07-01,139.3146,183.7
2012-07-02,136.5701,179.6
2012-07-03,137.7019,179.2
2012-07-04,134.5991,167.1
2012-07-05,135.0989,170.9
2012-07-06,133.0391,152.1
2012-07-07,135.849,152.8
2012-07-08,139.9324,145.1
2012-07-09,136.8187,142.5
2012-07-10,124.7016,131.7
2012-07-11,120.7431,113.1
2012-07-12,121.3833,103.2
2012-07-13,119.4175,95.3
2012-07-14,121.3274,92.8
2012-07-15,121.6839,96.7
2012-07-16,124.4566,99.8
2012-07-17,126.1801,105.7
2012-07-18,122.3974,108.7
2012-07-19,121.1542,118.3
2012-07-20,123.2217,127.1
2012-07-21,126.1182,130.5
2012-07-22,129.0419,135.4
2012-07-23,133.733,140.1
2012-07-24,138.917,144.0
2012-07-25,142.413,146.0
2012-07-26,145.4935,138.6
2012-07-27,147.8208,143.8
2012-07-28,154.6351,142.7
2012-07-29,154.0348,137.9
2012-07-30,148.142,137.9
2012-07-31,144.4963,132.1
2012-08-01,144.4444,137.0
2012-08-02,136.6812,134.8
2012-08-03,132.2215,128.8
2012-08-04,128.8702,123.0
2012-08-05,126.1664,115.3
2012-08-06,122.4528,110.9
2012-08-07,118.5893,108.5
2012-08-08,122.0727,103.2
2012-08-09,119.8238,100.8
2012-08-10,117.4752,97.7
2012-08-11,113.3218,99.4
2012-08-12,112.9543,98.5
2012-08-13,112.8593,98.5
2012-08-14,114.5375,96.4
2012-08-15,114.0823,96.9
2012-08-16,117.069,98.8
2012-08-17,119.5003,106.4
2012-08-18,122.5598,108.1
2012-08-19,122.0327,115.6
2012-08-20,122.8062,113.7
2012-08-21,123.6885,113.4
2012-08-22,122.2285,120.6
2012-08-23,123.05,130.2
2012-08-24,125.4022,132.9
2012-08-25,127.6353,148.2
2012-08-26,130.5626,144.7
2012-08-27,129.8549,144.0
2012-08-28,124.9472,139.9
2012-08-29,124.3487,134.9
2012-08-30,123.4721,130.0
2012-08-31,124.1884,135.4
2012-09-01,127.9325,130.5
2012-09-02,125.6159,124.8
2012-09-03,120.0141,112.8
2012-09-04,117.7757,106.4
2012-09-05,114.6319,103.8
2012-09-06,112.9536,100.3
2012-09-07,114.174,101.7
2012-09-08,114.6504,98.6
2012-09-09,111.0366,98.3
2012-09-10,110.8258,102.5
2012-09-11,113.4751,105.3
2012-09-12,114.9575,110.8
2012-09-13,113.9143,118.4
2012-09-14,115.3638,117.8
2012-09-15,114.309,125.3
2012-09-16,116.6111,134.4
2012-09-17,120.1028,137.4
2012-09-18,125.6866,140.6
2012-09-19,129.7193,139.9
2012-09-20,134.6807,133.8
2012-09-21,134.1397,138.3
2012-09-22,135.4866,136.4
2012-09-23,139.5353,135.9
2012-09-24,139.7546,128.3
2012-09-25,139.2898,118.3
2012-09-26,139.4658,111.8
2012-09-27,132.3009,109.5
2012-09-28,128.1083,106.1
2012-09-29,121.0123,98.7
2012-09-30,118.7874,97.9
2012-10-01,114.637,103.2
2012-10-02,110.6129,105.9
2012-10-03,112.8848,111.6
2012-10-04,111.7099,116.2
2012-10-05,106.9351,121.3
2012-10-06,105.1007,124.3
2012-10-07,107.4726,131.3
2012-10-08,110.9622,135.9
2012-10-09,116.6845,136.1
2012-10-10,121.2899,134.1
2012-10-11,126.5082,136.5
2012-10-12,129.9846,140.3
2012-10-13,131.4118,150.1
2012-10-14,134.7289,142.8
2012-10-15,138.5949,153.9
2012-10-16,137.0741,140.1
2012-10-17,131.8432,134.1
2012-10-18,134.3651,128.5
2012-10-19,134.4699,129.1
2012-10-20,140.0196,120.2
2012-10-21,134.8836,115.4
2012-10-22,139.1058,106.9
2012-10-23,132.8203,104.8
2012-10-24,124.072,102.7
2012-10-25,119.3518,96.8
2012-10-26,119.3647,94.9
2012-10-27,114.2136,91.8
2012-10-28,113.5365,93.4
2012-10-29,111.3517,94.9
2012-10-30,113.1004,96.9
2012-10-31,113.6285,99.8
2012-11-01,112.7651,102.2
2012-11-02,116.3766,112.9
2012-11-03,116.1258,119.8
2012-11-04,119.0912,130.6
2012-11-05,120.7462,140.8
2012-11-06,121.8506,143.1
2012-11-07,123.3254,139.1
2012-11-08,124.3722,138.6
2012-11-09,130.6834,135.2
2012-11-10,130.7934,132.4
2012-11-11,135.5671,137.7
2012-11-12,141.3034,130.7
2012-11-13,137.6089,137.8
2012-11-14,131.6101,137.0
2012-11-15,126.123,124.5
2012-11-16,121.1628,123.5
2012-11-17,116.1971,115.0
2012-11-18,118.2678,118.4
2012-11-19,111.6658,118.6
2012-11-20,115.5296,114.0
2012-11-21,114.5079,111.2
2012-11-22,108.3855,110.0
2012-11-23,106.952,107.5
2012-11-24,107.6867,98.8
2012-11-25,112.2555,94.9
2012-11-26,114.3928,93.9
2012-11-27,119.6299,93.4
2012-11-28,121.993,92.7
2012-11-29,125.065,94.6
2012-11-30,124.8308,94.2
2012-12-01,117.3449,98.1
2012-12-02,116.8761,100.6
2012-12-03,117.9686,100.9
2012-12-04,118.7867,100.5
2012-12-05,119.64,108.4
2012-12-06,120.0941,113.0
2012-12-07,120.2446,115.5
2012-12-08,121.581,118.5
2012-12-09,121.5585,115.8
2012-12-10,119.9883,111.3
2012-12-11,117.3634,112.5
2012-12-12,117.6982,109.8
2012-12-13,116.5434,110.4
2012-12-14,115.2693,110.9
2012-12-15,118.964,111.6
2012-12-16,117.3782,110.4
2012-12-17,118.5721,109.4
2012-12-18,112.7417,109.3
2012-12-19,109.9953,106.2
2012-12-20,111.6046,103.2
2012-12-21,111.5227,102.3
2012-12-22,108.0055,100.9
2012-12-23,108.0116,103.2
2012-12-24,107.8248,109.8
2012-12-25,109.1347,113.9
2012-12-26,109.0092,115.0
2012-12-27,111.9005,124.6
2012-12-28,112.4666,138.4
2012-12-29,113.1144,140.3
2012-12-30,114.9983,137.5
2012-12-31,117.3828,144.8
2013-01-01,120.985,150.5
2013-01-02,120.6671,163.8
2013-01-03,122.7152,168.2
2013-01-04,130.4339,166.7
2013-01-05,131.8667,163.0
2013-01-06,130.2619,151.4
2013-01-07,131.6644,149.1
2013-01-08,134.5351,135.2
2013-01-09,134.8999,132.6
2013-01-10,136.4426,118.8
2013-01-11,136.8354,111.5
2013-01-12,127.4473,103.3
2013-01-13,125.8461,103.2
2013-01-14,125.4777,104.9
2013-01-15,123.725,106.9
2013-01-16,115.0936,101.6
2013-01-17,111.3687,100.2
2013-01-18,110.898,97.5
2013-01-19,108.9754,96.3
2013-01-20,108.6479,94.7
2013-01-21,111.3926,94.7
2013-01-22,114.7866,92.6
2013-01-23,116.1808,93.8
2013-01-24,119.83,99.7
2013-01-25,124.1672,100.7
2013-01-26,125.0688,108.6
2013-01-27,129.4569,107.9
2013-01-28,130.4413,103.7
2013-01-29,132.386,102.2
2013-01-30,132.8473,100.7
2013-01-31,130.9266,100.0
2013-02-01,126.2021,101.4
2013-02-02,126.7134,104.8
2013-02-03,123.3339,103.2
2013-02-04,115.6366,102.5
2013-02-05,111.7286,99.2
2013-02-06,107.769,97.8
2013-02-07,106.5511,97.0
2013-02-08,105.3657,97.7
2013-02-09,105.5292,100.8
2013-02-10,104.1488,103.1
2013-02-11,106.4033,102.3
2013-02-12,103.9567,109.9
2013-02-13,102.703,111.0
2013-02-14,100.4385,106.2
2013-02-15,101.4189,104.7
2013-02-16,104.9001,97.5
2013-02-17,105.3448,93.0
2013-02-18,107.4765,93.5
2013-02-19,109.7267,96.8
2013-02-20,109.7698,100.0
2013-02-21,108.4329,103.6
2013-02-22,107.0975,110.6
2013-02-23,105.3938,109.1
2013-02-24,103.8722,110.1
2013-02-25,105.6738,112.4
2013-02-26,108.0197,116.6
2013-02-27,111.4602,112.6
2013-02-28,113.5248,112.1
2013-03-01,115.2618,113.3
2013-03-02,114.4042,114.6
2013-03-03,113.5285,117.7
2013-03-04,112.902,118.2
2013-03-05,114.0911,121.5
2013-03-06,115.8062,121.5
2013-03-07,114.4442,121.5
2013-03-08,114.6332,121.8
2013-03-09,118.0662,124.8
2013-03-10,117.7537,124.5
2013-03-11,118.6459,116.6
2013-03-12,118.1054,109.5
2013-03-13,113.8914,106.7
2013-03-14,113.1104,105.3
2013-03-15,109.3104,100.2
2013-03-16,112.5501,97.6
2013-03-17,114.6281,95.4
2013-03-18,114.7036,92.2
2013-03-19,110.7385,92.0
2013-03-20,108.9675,92.6
2013-03-21,108.687,98.3
2013-03-22,107.5783,104.8
2013-03-23,109.3023,108.2
2013-03-24,110.8009,113.1
2013-03-25,108.2935,119.0
2013-03-26,108.7946,122.1
2013-03-27,109.0593,127.0
2013-03-28,114.1355,128.6
2013-03-29,117.8005,134.5
2013-03-30,121.5551,137.3
2013-03-31,122.9831,138.2
2013-04-01,124.687,139.6
2013-04-02,124.6688,147.0
2013-04-03,122.9062,148.6
2013-04-04,123.2515,137.8
2013-04-05,125.0115,138.6
2013-04-06,126.5023,125.8
2013-04-07,124.7676,117.5
2013-04-08,123.7326,114.1
2013-04-09,121.2438,114.1
2013-04-10,121.1916,109.0
2013-04-11,118.2856,105.9
2013-04-12,116.0354,100.3
2013-04-13,110.6677,105.9
2013-04-14,111.1487,110.5
2013-04-15,110.6344,114.1
2013-04-16,111.67,118.8
2013-04-17,109.429,116.1
2013-04-18,108.5713,120.7
2013-04-19,109.2914,123.5
2013-04-20,112.4736,128.8
2013-04-21,117.3072,133.5
2013-04-22,122.01,144.5
2013-04-23,127.5923,156.7
2013-04-24,128.2742,161.7
2013-04-25,134.0607,151.8
2013-04-26,133.968,150.4
2013-04-27,136.7919,144.1
2013-04-28,135.429,139.5
2013-04-29,138.0953,133.0
2013-04-30,145.6188,131.1
2013-05-01,144.8255,129.3
2013-05-02,134.7363,130.9
2013-05-03,134.4756,127.3
2013-05-04,132.2939,139.4
2013-05-05,131.7879,150.4
2013-05-06,126.9585,153.5
2013-05-07,116.3175,151.1
2013-05-08,114.398,148.8
2013-05-09,117.5925,148.0
2013-05-10,119.5464,139.6
2013-05-11,129.7375,135.2
2013-05-12,136.7547,138.5
2013-05-13,140.2804,135.2
2013-05-14,137.4604,128.4
2013-05-15,135.3435,136.7
2013-05-16,136.3066,137.9
2013-05-17,130.8565,130.6
2013-05-18,131.0268,124.5
2013-05-19,132.5605,123.2
2013-05-20,135.0522,113.1
2013-05-21,135.1826,107.6
2013-05-22,141.534,109.8
2013-05-23,140.2434,106.9
2013-05-24,133.0887,104.7
2013-05-25,132.3335,108.8
2013-05-26,132.6859,114.1
2013-05-27,130.9147,115.0
2013-05-28,129.1636,113.1
2013-05-29,130.482,112.1
2013-05-30,128.7135,112.3
2013-05-31,127.69,112.6
2013-06-01,130.5873,106.3
2013-06-02,131.94,99.0
2013-06-03,127.6139,96.2
2013-06-04,125.0094,92.3
2013-06-05,124.8278,96.2
2013-06-06,123.4298,102.0
2013-06-07,121.7075,112.6
2013-06-08,120.1596,114.5
2013-06-09,117.5318,119.7
2013-06-10,117.1602,127.8
2013-06-11,116.2326,128.8
2013-06-12,115.2543,127.4
2013-06-13,116.0513,130.5
2013-06-14,119.9288,137.6
2013-06-15,120.077,134.2
2013-06-16,119.5255,132.4
2013-06-17,125.857,124.6
2013-06-18,126.7871,112.9
2013-06-19,117.9916,110.1
2013-06-20,119.5021,102.9
2013-06-21,123.1659,104.3
2013-06-22,122.6554,103.6
2013-06-23,118.5278,106.3
2013-06-24,115.1313,111.4
2013-06-25,112.7944,118.1
2013-06-26,109.5254,128.7
2013-06-27,106.2534,142.3
2013-06-28,104.6415,145.6
2013-06-29,105.4763,138.7
2013-06-30,108.4486,129.8
2013-07-01,114.5653,123.3
2013-07-02,122.1622,124.0
2013-07-03,130.4029,121.9
2013-07-04,137.8838,117.1
2013-07-05,138.0269,121.6
2013-07-06,135.1536,117.8
2013-07-07,129.1779,116.7
2013-07-08,124.0228,117.9
2013-07-09,124.2646,117.6
2013-07-10,121.8581,114.9
2013-07-11,118.9082,118.6
2013-07-12,121.3154,117.3
2013-07-13,122.5916,116.1
2013-07-14,121.9608,112.9
2013-07-15,124.1324,113.4
2013-07-16,124.0857,110.1
2013-07-17,122.9266,111.0
2013-07-18,120.7209,110.3
2013-07-19,120.1322,112.9
2013-07-20,120.0086,111.3
2013-07-21,120.0916,112.7
2013-07-22,121.7446,115.6
2013-07-23,121.6393,116.5
2013-07-24,122.6035,112.0
2013-07-25,120.4612,115.4
2013-07-26,119.6808,116.2
2013-07-27,115.5811,110.5
2013-07-28,116.3705,107.9
2013-07-29,119.456,107.3
2013-07-30,121.316,106.8
2013-07-31,120.6449,108.5
2013-08-01,120.3035,107.3
2013-08-02,120.0381,106.5
2013-08-03,116.0607,105.3
2013-08-04,111.647,113.4
2013-08-05,110.0435,117.2
2013-08-06,111.6412,125.1
2013-08-07,114.2627,128.5
2013-08-08,113.5021,125.8
2013-08-09,112.6171,122.9
2013-08-10,111.6527,126.3
2013-08-11,115.0868,129.2
2013-08-12,118.7741,131.4
2013-08-13,121.4039,134.6
2013-08-14,123.0177,133.4
2013-08-15,123.641,134.5
2013-08-16,122.7219,126.8
2013-08-17,123.537,119.9
2013-08-18,127.0663,115.0
2013-08-19,129.2886,113.5
2013-08-20,129.6585,111.9
2013-08-21,129.2219,110.3
2013-08-22,125.6832,111.0
2013-08-23,119.8746,109.5
2013-08-24,117.9794,109.5
2013-08-25,118.4434,105.6
2013-08-26,119.732,107.5
2013-08-27,121.5309,107.9
2013-08-28,117.5488,111.1
2013-08-29,119.186,111.9
2013-08-30,120.2607,102.9
2013-08-31,117.938,100.0
2013-09-01,117.0982,97.1
2013-09-02,118.5303,95.6
2013-09-03,119.1705,96.2
2013-09-04,120.1096,94.1
2013-09-05,122.1001,94.1
2013-09-06,119.4542,92.7
2013-09-07,119.193,93.6
2013-09-08,119.5791,93.8
2013-09-09,118.4098,95.5
2013-09-10,116.7856,99.7
2013-09-11,114.9988,105.1
2013-09-12,112.6797,108.9
2013-09-13,110.3117,110.0
2013-09-14,109.5401,111.2
2013-09-15,108.9091,111.9
2013-09-16,109.7862,108.5
2013-09-17,112.7988,110.9
2013-09-18,115.7432,111.7
2013-09-19,117.4714,110.5
2013-09-20,117.1271,108.3
2013-09-21,115.6489,106.0
2013-09-22,114.1389,104.6
2013-09-23,110.01,105.2
2013-09-24,109.8212,107.0
2013-09-25,109.727,108.3
2013-09-26,108.8574,113.9
2013-09-27,108.5373,109.2
2013-09-28,108.0247,105.9
2013-09-29,107.1958,106.5
2013-09-30,106.388,111.8
2013-10-01,107.3224,111.7
2013-10-02,110.7783,113.1
2013-10-03,115.7908,120.3
2013-10-04,114.8005,128.5
2013-10-05,111.711,127.3
2013-10-06,110.7059,128.6
2013-10-07,114.9229,124.3
2013-10-08,118.2922,124.5
2013-10-09,120.7181,127.2
2013-10-10,120.9215,135.1
2013-10-11,124.2585,138.8
2013-10-12,118.9336,131.6
2013-10-13,119.9285,132.2
2013-10-14,118.8391,134.5
2013-10-15,119.331,144.8
2013-10-16,120.0903,151.1
2013-10-17,124.4097,158.8
2013-10-18,128.6574,159.6
2013-10-19,127.1173,169.7
2013-10-20,127.6136,164.8
2013-10-21,128.4975,157.8
2013-10-22,128.0266,150.6
2013-10-23,129.9488,139.9
2013-10-24,132.7513,140.5
2013-10-25,134.2512,144.2
2013-10-26,138.7762,139.4
2013-10-27,140.416,141.1
2013-10-28,138.9192,144.9
2013-10-29,135.3486,145.9
2013-10-30,129.5767,150.8
2013-10-31,130.0106,145.3
2013-11-01,130.397,143.3
2013-11-02,132.5013,145.2
2013-11-03,138.708,151.1
2013-11-04,141.404,160.4
2013-11-05,142.3693,164.0
2013-11-06,139.0875,167.4
2013-11-07,139.1876,172.0
2013-11-08,141.3698,174.0
2013-11-09,143.5194,170.6
2013-11-10,150.0761,172.9
2013-11-11,158.6334,159.5
2013-11-12,161.772,149.3
2013-11-13,162.6072,143.5
2013-11-14,158.4078,137.8
2013-11-15,157.6419,139.2
2013-11-16,144.3961,132.2
2013-11-17,143.6838,123.9
2013-11-18,141.6487,116.0
2013-11-19,138.8671,112.4
2013-11-20,137.6428,125.6
2013-11-21,135.188,129.3
2013-11-22,136.4345,125.0
2013-11-23,135.0933,127.6
2013-11-24,134.8056,126.9
2013-11-25,130.691,130.0
2013-11-26,130.3741,131.9
2013-11-27,140.1475,134.0
2013-11-28,144.9134,145.3
2013-11-29,145.6005,146.1
2013-11-30,145.6474,152.3
2013-12-01,142.1645,160.6
2013-12-02,143.8638,163.1
2013-12-03,143.1804,169.9
2013-12-04,143.0602,165.6
2013-12-05,143.5425,159.8
2013-12-06,140.9948,158.1
2013-12-07,144.6207,159.0
2013-12-08,147.9304,151.3
2013-12-09,152.548,149.4
2013-12-10,154.7782,153.9
2013-12-11,150.8119,151.1
2013-12-12,144.8027,148.5
2013-12-13,135.1125,144.4
2013-12-14,134.6887,139.5
2013-12-15,131.1311,133.4
2013-12-16,131.2888,131.6
2013-12-17,132.5859,124.1
2013-12-18,135.9656,118.7
2013-12-19,136.3429,120.6
2013-12-20,136.6511,126.3
2013-12-21,139.7133,130.1
2013-12-22,137.5949,132.5
2013-12-23,137.5995,138.2
2013-12-24,138.3363,140.5
2013-12-25,136.5467,154.3
2013-12-26,139.628,155.2
2013-12-27,142.3027,176.3
2013-12-28,145.0753,206.2
2013-12-29,146.4144,210.3
2013-12-30,147.9132,197.2
2013-12-31,150.1325,193.3
2014-01-01,158.3718,188.2
2014-01-02,160.7524,178.1
2014-01-03,166.7381,169.4
2014-01-04,174.6391,160.7
2014-01-05,167.14,150.2
2014-01-06,159.4582,138.7
2014-01-07,154.3883,132.6
2014-01-08,152.5905,122.1
2014-01-09,148.8832,117.1
2014-01-10,146.8227,124.7
2014-01-11,145.0159,125.5
2014-01-12,138.2943,123.4
2014-01-13,133.8705,133.0
2014-01-14,131.54,141.4
2014-01-15,127.5832,138.9
2014-01-16,128.9155,132.1
2014-01-17,134.9278,131.3
2014-01-18,144.7104,129.1
2014-01-19,145.5018,133.7
2014-01-20,153.54,139.6
2014-01-21,157.5517,152.5
2014-01-22,153.4164,151.8
2014-01-23,152.515,155.8
2014-01-24,152.4403,160.9
2014-01-25,151.0374,171.6
2014-01-26,151.8563,184.4
2014-01-27,154.0032,183.0
2014-01-28,164.3935,182.9
2014-01-29,163.4296,188.1
2014-01-30,161.2296,186.1
2014-01-31,151.292,173.2
2014-02-01,150.3091,167.2
2014-02-02,157.308,164.6
2014-02-03,151.7244,156.8
2014-02-04,146.709,167.8
2014-02-05,144.9453,156.1
2014-02-06,145.3179,162.5
2014-02-07,143.7054,162.5
2014-02-08,142.0432,158.1
2014-02-09,141.1006,150.2
2014-02-10,144.2083,148.9
2014-02-11,148.0756,147.9
2014-02-12,143.5901,154.2
2014-02-13,151.0105,153.0
2014-02-14,144.1432,153.4
2014-02-15,144.081,159.7
2014-02-16,145.934,168.2
2014-02-17,151.6175,167.2
2014-02-18,158.6973,170.4
2014-02-19,168.3636,174.7
2014-02-20,167.3638,172.4
2014-02-21,161.2576,167.5
2014-02-22,162.7278,161.6
2014-02-23,166.2826,158.5
2014-02-24,169.2823,158.3
2014-02-25,165.073,155.4
2014-02-26,171.1726,146.7
2014-02-27,169.7306,146.5
2014-02-28,167.6511,146.0
2014-03-01,160.2713,139.5
2014-03-02,156.2885,143.8
2014-03-03,155.0976,149.5
2014-03-04,150.2504,162.5
2014-03-05,146.6361,167.1
2014-03-06,146.6656,145.9
2014-03-07,146.0141,142.1
2014-03-08,144.7101,137.5
2014-03-09,146.3635,134.2
2014-03-10,156.1401,135.1
2014-03-11,158.5452,137.0
2014-03-12,161.0279,147.9
2014-03-13,153.846,150.1
2014-03-14,150.5422,151.4
2014-03-15,150.6541,153.8
2014-03-16,150.1319,156.0
2014-03-17,149.7668,157.7
2014-03-18,150.5074,152.0
2014-03-19,154.0785,152.5
2014-03-20,156.1902,144.2
2014-03-21,154.5415,145.9
2014-03-22,154.9536,142.3
2014-03-23,152.4339,148.1
2014-03-24,152.1926,152.1
2014-03-25,147.7336,153.1
2014-03-26,148.71,154.6
2014-03-27,142.5732,153.0
2014-03-28,143.2318,157.0
2014-03-29,141.1165,142.3
2014-03-30,145.1353,141.2
2014-03-31,149.527,140.2
2014-04-01,150.9804,132.4
2014-04-02,154.1873,131.0
2014-04-03,151.2987,137.3
2014-04-04,151.6982,138.2
2014-04-05,145.7329,136.5
2014-04-06,144.2776,137.9
2014-04-07,146.8044,151.2
2014-04-08,145.5072,163.0
2014-04-09,146.7488,185.2
2014-04-10,151.803,180.3
2014-04-11,155.6631,173.7
2014-04-12,156.3922,170.8
2014-04-13,157.5478,164.1
2014-04-14,159.1291,160.4
2014-04-15,160.5212,146.3
2014-04-16,170.4481,137.6
2014-04-17,170.0097,131.6
2014-04-18,162.0391,126.2
2014-04-19,156.2772,122.3
2014-04-20,153.1742,119.6
2014-04-21,148.1974,122.5
2014-04-22,143.1278,121.8
2014-04-23,138.5782,125.5
2014-04-24,135.8323,127.7
2014-04-25,134.2039,137.6
2014-04-26,135.0718,134.8
2014-04-27,140.0502,133.7
2014-04-28,146.6953,141.5
2014-04-29,147.3595,141.3
2014-04-30,148.5255,148.6
2014-05-01,150.3402,150.8
2014-05-02,156.4445,155.2
2014-05-03,154.7057,155.1
2014-05-04,152.2129,167.7
2014-05-05,154.8519,166.3
2014-05-06,155.383,162.7
2014-05-07,158.3443,166.7
2014-05-08,159.9855,155.5
2014-05-09,157.8277,141.8
2014-05-10,147.7028,136.6
2014-05-11,148.4236,130.4
2014-05-12,146.1624,119.7
2014-05-13,143.8592,120.1
2014-05-14,143.8518,116.7
2014-05-15,141.8946,114.1
2014-05-16,136.8154,119.2
2014-05-17,134.0383,127.7
2014-05-18,129.9802,116.0
2014-05-19,127.9774,111.1
2014-05-20,130.5039,108.7
2014-05-21,132.8117,102.1
2014-05-22,133.3684,105.5
2014-05-23,139.6239,104.4
2014-05-24,143.9344,106.6
2014-05-25,141.1597,106.2
2014-05-26,141.2396,108.3
2014-05-27,140.9397,110.1
2014-05-28,138.636,108.5
2014-05-29,139.2342,113.8
2014-05-30,139.414,136.9
2014-05-31,140.3699,140.8
2014-06-01,139.6594,153.1
2014-06-02,136.9749,166.1
2014-06-03,134.0892,171.3
2014-06-04,131.3405,173.6
2014-06-05,131.7839,179.8
2014-06-06,137.066,157.5
2014-06-07,135.8727,148.0
2014-06-08,138.7223,134.3
2014-06-09,136.8863,120.5
2014-06-10,134.6779,118.0
2014-06-11,134.7957,114.4
2014-06-12,139.2096,114.7
2014-06-13,135.7585,105.5
2014-06-14,125.9864,104.5
2014-06-15,118.5639,97.3
2014-06-16,117.4031,95.6
2014-06-17,119.8391,96.6
2014-06-18,119.5272,100.2
2014-06-19,117.6416,103.3
2014-06-20,114.5058,107.6
2014-06-21,114.4163,118.4
2014-06-22,117.2384,129.9
2014-06-23,119.171,145.2
2014-06-24,122.2576,156.9
2014-06-25,126.1261,175.1
2014-06-26,129.8891,184.1
2014-06-27,135.5443,193.9
2014-06-28,143.7785,199.4
2014-06-29,150.0097,207.7
2014-06-30,154.135,204.5
2014-07-01,158.9943,208.1
2014-07-02,160.1262,205.0
2014-07-03,157.9624,183.3
2014-07-04,158.8645,171.8
2014-07-05,155.3937,149.9
2014-07-06,148.2773,131.0
2014-07-07,141.1711,113.0
2014-07-08,140.7815,103.9
2014-07-09,138.7926,95.1
2014-07-10,126.842,91.5
2014-07-11,122.3808,91.4
2014-07-12,118.4387,88.9
2014-07-13,115.1474,89.9
2014-07-14,112.23,93.0
2014-07-15,112.5212,95.5
2014-07-16,112.4599,102.2
2014-07-17,112.5679,107.4
2014-07-18,118.2577,109.9
2014-07-19,123.2619,120.1
2014-07-20,129.8953,125.2
2014-07-21,136.3377,136.3
2014-07-22,142.2304,146.0
2014-07-23,147.1797,156.6
2014-07-24,150.9576,161.1
2014-07-25,151.2711,173.5
2014-07-26,151.734,160.2
2014-07-27,152.0173,156.2
2014-07-28,153.5366,143.3
2014-07-29,155.7707,143.3
2014-07-30,153.6219,140.5
2014-07-31,145.0121,140.0
2014-08-01,144.6,126.4
2014-08-02,135.4798,116.3
2014-08-03,127.4615,111.3
2014-08-04,119.3756,107.3
2014-08-05,114.1941,106.8
2014-08-06,112.9111,105.6
2014-08-07,115.4212,105.4
2014-08-08,110.1307,116.0
2014-08-09,107.6754,114.8
2014-08-10,108.3467,117.9
2014-08-11,110.9631,113.3
2014-08-12,112.4174,113.3
2014-08-13,114.874,121.1
2014-08-14,115.2828,131.3
2014-08-15,123.9668,129.3
2014-08-16,129.3542,134.9
2014-08-17,133.0129,144.0
2014-08-18,135.5086,140.2
2014-08-19,137.5886,130.8
2014-08-20,138.1679,125.3
2014-08-21,142.4838,121.0
2014-08-22,141.4201,122.5
2014-08-23,143.3037,125.5
2014-08-24,143.4836,127.1
2014-08-25,137.5192,128.9
2014-08-26,130.7073,138.7
2014-08-27,124.9262,140.1
2014-08-28,121.5985,148.4
2014-08-29,118.029,146.3
2014-08-30,118.4997,159.8
2014-08-31,118.306,162.6
2014-09-01,120.782,166.3
2014-09-02,125.7713,161.6
2014-09-03,125.7855,157.4
2014-09-04,133.8419,153.4
2014-09-05,136.87,154.0
2014-09-06,144.0513,146.9
2014-09-07,146.0879,141.0
2014-09-08,138.5309,134.4
2014-09-09,138.539,134.1
2014-09-10,135.1752,134.2
2014-09-11,135.0927,121.3
2014-09-12,137.0425,122.8
2014-09-13,136.4401,120.1
2014-09-14,136.4798,124.9
2014-09-15,135.5287,136.8
2014-09-16,136.7757,139.1
2014-09-17,140.8355,145.6
2014-09-18,132.3614,167.8
2014-09-19,133.8193,171.0
2014-09-20,137.5209,182.2
2014-09-21,145.538,181.8
2014-09-22,154.2247,175.6
2014-09-23,154.182,162.6
2014-09-24,150.6009,155.4
2014-09-25,160.2293,149.3
2014-09-26,159.9425,136.9
2014-09-27,162.062,127.6
2014-09-28,158.7109,128.4
2014-09-29,155.7653,129.9
2014-09-30,144.1077,125.2
2014-10-01,137.5456,126.2
2014-10-02,134.7601,118.6
2014-10-03,132.9095,120.4
2014-10-04,129.4201,111.6
2014-10-05,129.0687,110.0
2014-10-06,130.3858,112.6
2014-10-07,130.2877,119.7
2014-10-08,132.9696,125.0
2014-10-09,133.6757,138.0
2014-10-10,135.7919,144.8
2014-10-11,133.7717,171.1
2014-10-12,134.9481,171.7
2014-10-13,140.7554,202.2
2014-10-14,145.4004,197.1
2014-10-15,145.9284,214.2
2014-10-16,149.3035,221.8
2014-10-17,152.0166,219.5
2014-10-18,165.228,216.8
2014-10-19,165.3107,214.0
2014-10-20,173.3647,185.4
2014-10-21,163.3533,165.1
2014-10-22,167.6201,148.4
2014-10-23,164.4107,138.4
2014-10-24,163.1133,119.5
2014-10-25,158.786,118.1
2014-10-26,153.1239,122.4
2014-10-27,140.3405,123.2
2014-10-28,134.243,127.3
2014-10-29,128.6336,142.7
2014-10-30,128.7254,133.1
2014-10-31,121.0846,129.6
2014-11-01,120.9978,129.6
2014-11-02,123.7317,129.2
2014-11-03,125.4822,133.4
2014-11-04,133.8893,139.5
2014-11-05,146.5671,149.8
2014-11-06,150.7949,150.3
2014-11-07,154.416,157.6
2014-11-08,153.2749,157.1
2014-11-09,157.3443,165.0
2014-11-10,161.856,163.8
2014-11-11,164.5923,163.6
2014-11-12,167.4832,165.7
2014-11-13,165.4127,164.1
2014-11-14,167.8198,158.6
2014-11-15,164.3384,162.6
2014-11-16,161.552,168.8
2014-11-17,151.8431,165.8
2014-11-18,148.256,165.0
2014-11-19,145.9023,166.5
2014-11-20,150.165,174.1
2014-11-21,151.7305,176.6
2014-11-22,151.958,172.5
2014-11-23,148.619,172.4
2014-11-24,152.3657,163.4
2014-11-25,154.9617,163.0
2014-11-26,151.5411,149.8
2014-11-27,154.8613,147.6
2014-11-28,157.6133,132.8
2014-11-29,154.9249,125.0
2014-11-30,147.5496,127.9
2014-12-01,146.1824,128.7
2014-12-02,148.6959,135.5
2014-12-03,151.2918,145.3
2014-12-04,150.2335,143.0
2014-12-05,147.7854,149.4
2014-12-06,144.2457,154.9
2014-12-07,149.0937,161.2
2014-12-08,153.0506,164.0
2014-12-09,156.4981,178.8
2014-12-10,163.0042,192.3
2014-12-11,161.9605,206.4
2014-12-12,169.83,208.9
2014-12-13,168.9827,196.7
2014-12-14,170.4184,199.2
2014-12-15,166.042,173.4
2014-12-16,171.4577,160.5
2014-12-17,171.1873,146.5
2014-12-18,172.8871,140.6
2014-12-19,171.6277,132.5
2014-12-20,161.2536,129.7
2014-12-21,156.7128,128.2
2014-12-22,146.0225,127.1
2014-12-23,144.1509,126.0
2014-12-24,141.3057,129.2
2014-12-25,140.1175,132.9
2014-12-26,137.1841,141.0
2014-12-27,140.8278,143.8
2014-12-28,143.3589,144.8
2014-12-29,143.7831,137.2
2014-12-30,144.9635,137.2
2014-12-31,148.0728,142.4
2015-01-01,153.2319,152.0
2015-01-02,154.8837,146.2
2015-01-03,155.4352,146.9
2015-01-04,156.8127,148.6
2015-01-05,154.2925,153.4
2015-01-06,154.9138,145.3
2015-01-07,156.0842,137.2
2015-01-08,164.2924,127.1
2015-01-09,158.9558,120.7
2015-01-10,154.8339,118.0
2015-01-11,147.6867,121.7
2015-01-12,146.8948,125.9
2015-01-13,139.3007,121.6
2015-01-14,137.3388,120.0
2015-01-15,132.0454,116.6
2015-01-16,131.2344,117.3
2015-01-17,132.0553,121.4
2015-01-18,133.9002,122.7
2015-01-19,137.6398,142.5
2015-01-20,136.1874,153.3
2015-01-21,137.9113,154.5
2015-01-22,139.4535,166.7
2015-01-23,142.3468,154.6
2015-01-24,145.3415,149.0
2015-01-25,144.439,137.6
2015-01-26,149.1725,139.8
2015-01-27,152.7641,145.1
2015-01-28,151.7148,150.1
2015-01-29,153.756,138.0
2015-01-30,153.7238,139.3
2015-01-31,150.9778,148.9
2015-02-01,138.1519,148.7
2015-02-02,136.2721,141.9
2015-02-03,135.5617,137.3
2015-02-04,142.694,127.7
2015-02-05,134.0249,124.4
2015-02-06,134.1682,121.8
2015-02-07,138.3132,117.4
2015-02-08,137.6169,116.7
2015-02-09,137.9217,115.3
2015-02-10,141.4323,115.7
2015-02-11,136.241,118.2
2015-02-12,132.4828,116.0
2015-02-13,133.9456,117.0
2015-02-14,135.6096,113.6
2015-02-15,137.3305,115.0
2015-02-16,137.6034,114.3
2015-02-17,137.8108,112.1
2015-02-18,140.1423,108.8
2015-02-19,137.3813,109.1
2015-02-20,137.077,115.7
2015-02-21,134.729,121.1
2015-02-22,136.1984,125.3
2015-02-23,135.9147,128.1
2015-02-24,134.2519,122.9
2015-02-25,131.2848,122.1
2015-02-26,129.4542,124.5
2015-02-27,130.9356,125.4
2015-02-28,131.6556,130.9
2015-03-01,130.2193,122.3
2015-03-02,129.1962,121.2
2015-03-03,125.2257,119.2
2015-03-04,123.3516,129.9
2015-03-05,124.8816,125.1
2015-03-06,125.9387,117.9
2015-03-07,129.8111,114.3
2015-03-08,126.6795,113.1
2015-03-09,126.4507,116.0
2015-03-10,121.6153,113.2
2015-03-11,124.608,113.7
2015-03-12,121.9614,108.3
2015-03-13,120.5671,111.8
2015-03-14,118.1445,112.7
2015-03-15,117.0917,121.5
2015-03-16,118.4364,127.2
2015-03-17,124.1373,132.2
2015-03-18,122.2545,137.0
2015-03-19,120.3793,135.5
2015-03-20,120.9124,137.2
2015-03-21,122.7251,145.1
2015-03-22,126.2729,144.0
2015-03-23,129.603,133.3
2015-03-24,133.0188,127.8
2015-03-25,133.0828,123.9
2015-03-26,129.7341,121.2
2015-03-27,131.7593,119.8
2015-03-28,132.4091,122.4
2015-03-29,132.4571,122.3
2015-03-30,127.6205,125.8
2015-03-31,124.5768,111.4
2015-04-01,122.8973,106.3
2015-04-02,120.0359,111.6
2015-04-03,120.0715,115.5
2015-04-04,122.1575,123.5
2015-04-05,122.0657,134.6
2015-04-06,123.6811,142.1
2015-04-07,119.1619,147.7
2015-04-08,116.8297,155.7
2015-04-09,120.0688,151.3
2015-04-10,124.8171,150.8
2015-04-11,131.36,148.9
2015-04-12,141.3809,153.0
2015-04-13,144.1628,151.0
2015-04-14,145.5585,155.3
2015-04-15,148.5084,151.8
2015-04-16,146.5926,142.0
2015-04-17,143.2442,136.0
2015-04-18,140.7765,127.4
2015-04-19,137.0627,120.0
2015-04-20,134.532,108.9
2015-04-21,131.4074,109.2
2015-04-22,131.676,105.5
2015-04-23,128.1677,103.3
2015-04-24,125.3469,101.4
2015-04-25,118.5322,107.3
2015-04-26,116.3979,112.9
2015-04-27,113.8367,125.4
2015-04-28,115.299,130.0
2015-04-29,115.4931,138.6
2015-04-30,117.7586,149.2
2015-05-01,120.6101,152.6
2015-05-02,128.1498,157.5
2015-05-03,134.3363,163.1
2015-05-04,141.4247,166.2
2015-05-05,143.5556,166.5
2015-05-06,150.0823,160.3
2015-05-07,154.0416,148.2
2015-05-08,150.287,139.5
2015-05-09,143.0532,134.0
2015-05-10,142.4694,122.3
2015-05-11,141.3544,117.6
2015-05-12,139.5171,112.9
2015-05-13,136.0102,108.2
2015-05-14,130.0722,104.3
2015-05-15,125.6776,101.6
2015-05-16,122.4638,100.2
2015-05-17,114.706,101.2
2015-05-18,114.293,99.0
2015-05-19,113.2833,97.0
2015-05-20,113.5608,97.8
2015-05-21,112.6451,95.5
2015-05-22,114.214,94.8
2015-05-23,116.6952,97.7
2015-05-24,121.6411,97.0
2015-05-25,124.3812,103.2
2015-05-26,128.0625,103.9
2015-05-27,129.7117,111.6
2015-05-28,131.4845,121.4
2015-05-29,132.9791,129.7
2015-05-30,132.4889,136.6
2015-05-31,130.7819,141.4
2015-06-01,129.3139,138.2
2015-06-02,126.637,140.6
2015-06-03,128.8825,139.5
2015-06-04,128.5988,144.2
2015-06-05,129.6314,141.0
2015-06-06,134.2582,140.3
2015-06-07,130.5757,135.8
2015-06-08,127.3163,139.1
2015-06-09,120.633,140.5
2015-06-10,117.8452,140.2
2015-06-11,119.838,141.7
2015-06-12,123.1683,141.8
2015-06-13,123.1031,139.8
2015-06-14,121.6561,136.0
2015-06-15,117.8152,134.3
2015-06-16,122.4873,119.9
2015-06-17,127.2137,113.1
2015-06-18,130.8321,105.2
2015-06-19,127.5192,104.6
2015-06-20,128.0194,100.5
2015-06-21,127.2163,100.5
2015-06-22,129.9088,100.4
2015-06-23,126.368,104.2
2015-06-24,125.881,113.3
2015-06-25,124.5535,117.6
2015-06-26,124.5074,116.1
2015-06-27,125.0782,120.7
2015-06-28,126.9893,129.0
2015-06-29,127.9533,137.9
2015-06-30,130.1876,137.1
2015-07-01,135.0079,133.2
2015-07-02,138.0468,126.0
2015-07-03,134.0601,133.3
2015-07-04,132.8878,124.3
2015-07-05,136.3615,119.9
2015-07-06,141.9979,113.8
2015-07-07,135.4978,108.7
2015-07-08,133.3997,104.4
2015-07-09,127.7432,102.9
2015-07-10,128.0866,100.6
2015-07-11,119.4065,99.1
2015-07-12,117.2491,102.6
2015-07-13,111.8756,96.3
2015-07-14,109.6542,94.0
2015-07-15,106.8899,91.9
2015-07-16,107.1485,92.2
2015-07-17,108.8374,95.2
2015-07-18,110.7988,96.9
2015-07-19,110.9094,100.1
2015-07-20,109.7906,103.2
2015-07-21,108.9548,104.2
2015-07-22,108.3362,103.8
2015-07-23,109.6582,105.1
2015-07-24,114.5911,103.8
2015-07-25,117.1272,106.0
2015-07-26,118.1821,104.5
2015-07-27,117.8533,108.7
2015-07-28,118.1193,109.9
2015-07-29,115.5599,115.5
2015-07-30,116.843,125.1
2015-07-31,117.1705,125.5
2015-08-01,115.9836,124.4
2015-08-02,110.7464,117.6
2015-08-03,112.0754,109.1
2015-08-04,112.4021,105.6
2015-08-05,112.4635,101.9
2015-08-06,112.3591,97.3
2015-08-07,112.0514,95.7
2015-08-08,109.1737,91.7
2015-08-09,105.8452,87.8
2015-08-10,103.4948,89.2
2015-08-11,103.8121,90.9
2015-08-12,103.5236,100.6
2015-08-13,102.9613,105.3
2015-08-14,104.7824,121.4
2015-08-15,102.8107,119.6
2015-08-16,102.1174,119.8
2015-08-17,103.1705,130.6
2015-08-18,105.6887,123.9
2015-08-19,112.2805,128.9
2015-08-20,119.0683,112.5
2015-08-21,122.1829,111.3
2015-08-22,122.8291,102.1
2015-08-23,123.0943,93.4
2015-08-24,128.747,92.7
2015-08-25,125.383,90.7
2015-08-26,126.7019,89.8
2015-08-27,118.9176,88.0
2015-08-28,115.2918,91.5
2015-08-29,107.7248,86.8
2015-08-30,102.6012,86.9
2015-08-31,100.2587,85.0
2015-09-01,100.8357,84.7
2015-09-02,100.4168,83.5
2015-09-03,99.1416,84.6
2015-09-04,100.7315,94.1
2015-09-05,101.1904,100.4
2015-09-06,102.5247,100.0
2015-09-07,103.1407,97.7
2015-09-08,103.9884,102.2
2015-09-09,103.2563,110.6
2015-09-10,103.863,107.9
2015-09-11,108.3347,103.8
2015-09-12,111.9077,106.7
2015-09-13,112.7189,111.3
2015-09-14,111.7222,104.2
2015-09-15,111.9019,107.8
2015-09-16,114.9453,111.4
2015-09-17,107.9347,107.4
2015-09-18,104.139,120.5
2015-09-19,103.5494,120.8
2015-09-20,108.5531,128.1
2015-09-21,106.7036,124.5
2015-09-22,107.8234,129.6
2015-09-23,108.0749,131.5
2015-09-24,101.8208,120.0
2015-09-25,104.1778,107.6
2015-09-26,104.6118,97.0
2015-09-27,109.1119,88.3
2015-09-28,105.8751,82.6
2015-09-29,107.9955,81.3
2015-09-30,109.1609,80.4
2015-10-01,105.2965,79.5
2015-10-02,103.8862,81.0
2015-10-03,101.9769,81.2
2015-10-04,99.4211,84.3
2015-10-05,98.782,88.7
2015-10-06,99.4827,95.2
2015-10-07,99.1903,100.2
2015-10-08,100.1589,106.1
2015-10-09,101.9865,108.4
2015-10-10,103.4896,115.8
2015-10-11,106.1676,118.6
2015-10-12,107.4754,122.7
2015-10-13,112.1375,121.7
2015-10-14,113.774,127.8
2015-10-15,115.2162,119.3
2015-10-16,116.8896,113.7
2015-10-17,117.7164,105.2
2015-10-18,117.788,105.2
2015-10-19,118.3199,104.9
2015-10-20,113.9253,108.7
2015-10-21,111.8822,110.7
2015-10-22,104.0823,111.4
2015-10-23,100.3996,115.5
2015-10-24,97.8996,116.7
2015-10-25,97.8963,122.4
2015-10-26,95.9793,120.1
2015-10-27,98.3483,122.2
2015-10-28,99.69,112.0
2015-10-29,106.6418,108.1
2015-10-30,110.6303,113.2
2015-10-31,112.9851,112.9
2015-11-01,109.1721,105.7
2015-11-02,109.0585,105.6
2015-11-03,111.9113,103.3
2015-11-04,111.3963,102.9
2015-11-05,112.8524,101.4
2015-11-06,115.5629,100.8
2015-11-07,117.7326,104.1
2015-11-08,115.0056,103.5
2015-11-09,113.8352,103.2
2015-11-10,111.4572,104.6
2015-11-11,110.7819,105.1
2015-11-12,110.3072,105.6
2015-11-13,109.2616,108.4
2015-11-14,111.4499,119.2
2015-11-15,110.7804,119.9
2015-11-16,110.3142,116.7
2015-11-17,110.0538,110.3
2015-11-18,109.6011,106.2
2015-11-19,110.0203,101.2
2015-11-20,111.6426,96.3
2015-11-21,116.0418,94.0
2015-11-22,116.1027,92.9
2015-11-23,113.8033,93.1
2015-11-24,112.1161,91.9
2015-11-25,109.3195,92.6
2015-11-26,105.3492,91.8
2015-11-27,102.4712,94.8
2015-11-28,101.4465,97.6
2015-11-29,100.5922,99.3
2015-11-30,101.3273,97.8
2015-12-01,100.3867,107.9
2015-12-02,100.7693,105.5
2015-12-03,101.1313,105.2
2015-12-04,104.5901,110.3
2015-12-05,108.4354,113.1
2015-12-06,108.6324,118.7
2015-12-07,108.6651,120.2
2015-12-08,112.7213,115.2
2015-12-09,111.7747,122.2
2015-12-10,111.4154,114.0
2015-12-11,112.7561,113.3
2015-12-12,115.5577,115.2
2015-12-13,118.5202,112.8
2015-12-14,118.7254,117.8
2015-12-15,117.0464,125.8
2015-12-16,117.0033,129.5
2015-12-17,110.1748,128.4
2015-12-18,109.0297,122.3
2015-12-19,109.1033,113.5
2015-12-20,107.8942,106.7
2015-12-21,111.4579,108.4
2015-12-22,118.4634,101.9
2015-12-23,122.117,98.1
2015-12-24,122.9364,93.0
2015-12-25,116.5275,95.1
2015-12-26,112.6966,96.6
2015-12-27,108.5422,98.5
2015-12-28,108.9694,92.2
2015-12-29,107.3917,92.1
2015-12-30,106.8686,96.9
2015-12-31,105.8807,99.9
2016-01-01,109.1731,104.9
2016-01-02,111.2728,103.5
2016-01-03,114.0005,105.4
2016-01-04,108.528,104.5
2016-01-05,105.9187,102.0
2016-01-06,109.6199,100.7
2016-01-07,112.6715,99.9
2016-01-08,115.2585,100.1
2016-01-09,114.6075,96.7
2016-01-10,112.4757,97.4
2016-01-11,111.49,96.7
2016-01-12,109.6383,94.4
2016-01-13,107.5239,97.2
2016-01-14,106.0882,100.7
2016-01-15,105.4984,97.3
2016-01-16,103.0327,95.8
2016-01-17,103.3335,100.6
2016-01-18,102.6175,104.3
2016-01-19,101.931,111.3
2016-01-20,104.8265,109.3
2016-01-21,104.8533,106.6
2016-01-22,102.0224,103.7
2016-01-23,101.2058,102.0
2016-01-24,102.762,98.3
2016-01-25,106.0636,97.3
2016-01-26,110.7714,99.1
2016-01-27,109.7801,108.9
2016-01-28,107.2434,119.8
2016-01-29,105.6005,116.3
2016-01-30,104.4004,113.9
2016-01-31,103.7959,113.9
2016-02-01,104.0084,112.1
2016-02-02,105.5069,114.1
2016-02-03,109.9593,109.2
2016-02-04,113.5727,109.8
2016-02-05,111.6393,109.3
2016-02-06,110.4734,107.5
2016-02-07,110.8441,105.4
2016-02-08,111.6026,104.7
2016-02-09,109.375,101.5
2016-02-10,106.9198,97.5
2016-02-11,107.0241,92.7
2016-02-12,107.628,91.9
2016-02-13,105.8651,97.8
2016-02-14,105.9222,93.5
2016-02-15,106.4521,91.7
2016-02-16,105.4272,89.1
2016-02-17,104.5803,86.1
2016-02-18,101.9517,89.9
2016-02-19,102.1052,87.2
2016-02-20,105.4709,88.6
2016-02-21,105.4961,91.5
2016-02-22,104.2045,89.3
2016-02-23,103.5115,95.1
2016-02-24,102.9399,96.5
2016-02-25,104.4869,97.1
2016-02-26,103.1707,98.9
2016-02-27,102.7249,94.7
2016-02-28,103.0253,94.1
2016-02-29,100.6448,92.8
2016-03-01,103.7281,94.2
2016-03-02,106.1405,96.0
2016-03-03,106.2562,93.7
2016-03-04,107.4176,93.0
2016-03-05,104.7143,93.9
2016-03-06,100.6714,91.5
2016-03-07,97.6985,92.4
2016-03-08,97.0555,93.1
2016-03-09,98.7214,90.1
2016-03-10,97.6635,90.7
2016-03-11,97.3236,89.5
2016-03-12,97.0792,88.6
2016-03-13,95.1718,86.9
2016-03-14,95.086,88.2
2016-03-15,96.4179,86.7
2016-03-16,96.6998,86.2
2016-03-17,99.7397,86.0
2016-03-18,100.0765,85.1
2016-03-19,100.9803,85.1
2016-03-20,97.7536,87.9
2016-03-21,97.6756,87.4
2016-03-22,97.8373,87.5
2016-03-23,97.8211,83.6
2016-03-24,99.3573,81.6
2016-03-25,99.9398,82.0
2016-03-26,99.4819,81.5
2016-03-27,99.7409,82.3
2016-03-28,96.9809,83.5
2016-03-29,96.8391,83.5
2016-03-30,96.3196,87.2
2016-03-31,95.4026,92.5
2016-04-01,93.8482,98.6
2016-04-02,93.378,105.9
2016-04-03,93.1423,111.1
2016-04-04,93.4945,117.2
2016-04-05,93.2056,111.9
2016-04-06,93.2172,108.8
2016-04-07,97.9085,111.8
2016-04-08,100.7887,113.2
2016-04-09,103.4886,114.0
2016-04-10,104.6795,102.9
2016-04-11,102.1675,95.4
2016-04-12,98.9683,89.9
2016-04-13,97.7871,84.0
2016-04-14,98.4108,77.5
2016-04-15,99.6967,77.5
2016-04-16,100.7467,79.6
2016-04-17,96.7738,82.8
2016-04-18,94.2864,82.9
2016-04-19,90.7232,86.3
2016-04-20,90.3893,93.8
2016-04-21,88.6434,96.3
2016-04-22,89.3817,93.8
2016-04-23,89.9823,95.4
2016-04-24,92.1922,93.6
2016-04-25,93.2979,91.3
2016-04-26,95.9755,91.5
2016-04-27,101.3225,91.6
2016-04-28,102.8103,88.7
2016-04-29,101.4822,91.2
2016-04-30,102.6479,89.7
2016-05-01,100.2556,85.6
2016-05-02,96.974,90.2
2016-05-03,96.4368,90.5
2016-05-04,97.6929,95.8
2016-05-05,93.8425,93.9
2016-05-06,93.9874,95.4
2016-05-07,89.9901,103.4
2016-05-08,88.6463,105.7
2016-05-09,89.1521,104.3
2016-05-10,90.3958,105.6
2016-05-11,94.2667,104.7
2016-05-12,93.2112,101.2
2016-05-13,94.3262,102.0
2016-05-14,98.2794,100.2
2016-05-15,101.228,99.8
2016-05-16,100.9538,99.8
2016-05-17,101.7006,96.7
2016-05-18,95.4134,96.1
2016-05-19,94.1619,94.2
2016-05-20,94.0602,92.8
2016-05-21,94.3225,90.1
2016-05-22,94.4202,85.3
2016-05-23,95.0541,88.7
2016-05-24,95.2051,89.0
2016-05-25,95.3342,88.4
2016-05-26,95.8046,87.7
2016-05-27,95.7145,85.7
2016-05-28,95.834,82.4
2016-05-29,95.5931,81.5
2016-05-30,96.49,80.8
2016-05-31,95.7872,80.8
2016-06-01,95.4616,82.6
2016-06-02,95.4086,87.8
2016-06-03,95.3324,87.5
2016-06-04,94.6414,90.9
2016-06-05,94.4484,97.1
2016-06-06,93.027,93.9
2016-06-07,92.3137,90.4
2016-06-08,93.3991,90.1
2016-06-09,93.4176,91.0
2016-06-10,93.6139,89.4
2016-06-11,95.5684,86.3
2016-06-12,99.0807,87.9
2016-06-13,95.9814,87.1
2016-06-14,91.7346,82.9
2016-06-15,90.7978,80.9
2016-06-16,91.6962,80.0
2016-06-17,90.3434,78.2
2016-06-18,88.7035,79.6
2016-06-19,88.2266,79.2
2016-06-20,87.2281,78.0
2016-06-21,85.8363,75.5
2016-06-22,84.3554,76.0
2016-06-23,84.6301,75.4
2016-06-24,84.5586,74.4
2016-06-25,85.5994,73.3
2016-06-26,86.816,74.8
2016-06-27,87.3915,76.3
2016-06-28,86.8761,74.9
2016-06-29,86.9788,79.7
2016-06-30,87.3878,86.1
2016-07-01,86.7969,90.0
2016-07-02,86.1619,95.3
2016-07-03,86.1674,97.6
2016-07-04,85.8735,97.8
2016-07-05,84.8722,95.5
2016-07-06,87.4508,100.0
2016-07-07,90.1418,98.2
2016-07-08,90.9699,105.4
2016-07-09,94.2969,110.1
2016-07-10,94.4455,108.6
2016-07-11,93.8437,110.6
2016-07-12,91.9317,104.1
2016-07-13,92.5408,111.5
2016-07-14,91.6464,103.3
2016-07-15,92.4417,93.3
2016-07-16,92.062,88.9
2016-07-17,90.9155,84.8
2016-07-18,91.4708,75.9
2016-07-19,89.511,75.9
2016-07-20,91.6855,73.8
2016-07-21,89.7232,72.5
2016-07-22,86.6191,72.6
2016-07-23,85.8833,73.1
2016-07-24,86.5322,73.7
2016-07-25,83.63,74.1
2016-07-26,84.2758,77.1
2016-07-27,84.4343,77.0
2016-07-28,84.576,78.5
2016-07-29,85.6896,82.1
2016-07-30,87.1048,85.5
2016-07-31,88.5659,95.3
2016-08-01,89.4166,99.0
2016-08-02,91.127,94.9
2016-08-03,91.2621,97.6
2016-08-04,92.4306,97.2
2016-08-05,94.0077,97.3
2016-08-06,92.8195,92.9
2016-08-07,96.5833,89.4
2016-08-08,96.8805,89.8
2016-08-09,95.7071,88.7
2016-08-10,94.8593,84.9
2016-08-11,91.5803,84.4
2016-08-12,88.2423,82.7
2016-08-13,85.0969,80.0
2016-08-14,84.0818,78.4
2016-08-15,84.301,81.8
2016-08-16,84.308,83.1
2016-08-17,83.2449,79.7
2016-08-18,82.7156,80.3
2016-08-19,82.5002,83.6
2016-08-20,81.8742,85.6
2016-08-21,81.7861,87.1
2016-08-22,84.096,89.5
2016-08-23,86.3935,102.3
2016-08-24,85.9492,99.3
2016-08-25,87.9607,96.9
2016-08-26,90.3168,96.3
2016-08-27,91.4785,100.7
2016-08-28,92.2583,99.0
2016-08-29,92.7876,95.3
2016-08-30,97.8565,93.9
2016-08-31,100.4059,94.4
2016-09-01,99.9018,95.9
2016-09-02,98.2991,92.3
2016-09-03,98.8322,94.3
2016-09-04,93.7772,87.5
2016-09-05,91.0264,87.5
2016-09-06,89.4166,87.0
2016-09-07,89.6678,86.2
2016-09-08,90.7433,85.3
2016-09-09,88.742,84.5
2016-09-10,89.5282,81.0
2016-09-11,87.783,83.8
2016-09-12,88.1568,83.3
2016-09-13,88.9529,85.2
2016-09-14,89.2959,86.1
2016-09-15,89.7804,85.7
2016-09-16,89.4998,86.1
2016-09-17,88.2306,85.4
2016-09-18,89.4735,85.1
2016-09-19,90.5224,87.2
2016-09-20,92.0424,85.9
2016-09-21,92.7406,84.8
2016-09-22,92.9888,83.0
2016-09-23,92.7937,80.8
2016-09-24,92.9529,81.2
2016-09-25,92.8078,82.4
2016-09-26,92.4165,87.9
2016-09-27,91.9409,93.1
2016-09-28,91.2967,99.3
2016-09-29,90.2592,101.4
2016-09-30,88.1753,104.0
2016-10-01,87.4792,104.1
2016-10-02,88.0152,104.2
2016-10-03,91.9226,101.6
2016-10-04,94.9574,98.8
2016-10-05,96.8002,97.2
2016-10-06,97.1689,94.8
2016-10-07,95.4016,92.3
2016-10-08,95.0616,84.4
2016-10-09,94.4629,80.4
2016-10-10,92.2685,75.6
2016-10-11,90.8669,76.8
2016-10-12,90.0365,75.8
2016-10-13,90.3188,74.0
2016-10-14,88.4003,77.1
2016-10-15,86.3611,76.7
2016-10-16,84.2642,76.0
2016-10-17,82.8137,74.5
2016-10-18,83.7777,76.9
2016-10-19,84.4871,77.1
2016-10-20,84.3719,77.8
2016-10-21,86.0187,78.2
2016-10-22,86.5889,78.0
2016-10-23,87.1717,75.1
2016-10-24,87.3341,75.5
2016-10-25,87.8932,75.4
2016-10-26,87.8024,74.8
2016-10-27,88.5589,74.4
2016-10-28,87.5875,75.4
2016-10-29,86.6455,75.3
2016-10-30,83.9973,74.9
2016-10-31,83.0441,75.1
2016-11-01,81.6611,75.4
2016-11-02,80.8359,78.3
2016-11-03,80.3139,78.6
2016-11-04,79.9043,76.8
2016-11-05,79.27,76.8
2016-11-06,78.8901,76.2
2016-11-07,78.6108,75.6
2016-11-08,78.3771,74.9
2016-11-09,79.7542,79.1
2016-11-10,79.6688,76.8
2016-11-11,78.8333,75.8
2016-11-12,78.9631,74.9
2016-11-13,78.869,74.6
2016-11-14,79.5406,73.1
2016-11-15,80.0783,75.4
2016-11-16,82.1874,75.7
2016-11-17,81.2767,77.0
2016-11-18,80.8227,78.8
2016-11-19,77.1953,79.1
2016-11-20,77.6188,80.4
2016-11-21,77.2027,82.9
2016-11-22,78.3437,83.1
2016-11-23,79.4762,81.3
2016-11-24,80.8064,82.1
2016-11-25,82.1962,82.0
2016-11-26,79.169,82.2
2016-11-27,79.9231,80.0
2016-11-28,82.0385,80.3
2016-11-29,82.328,77.4
2016-11-30,82.2742,74.9
2016-12-01,80.8084,72.6
2016-12-02,80.6175,70.7
2016-12-03,80.4432,70.0
2016-12-04,78.9328,69.2
2016-12-05,78.5087,68.6
2016-12-06,77.3875,69.0
2016-12-07,76.8464,70.1
2016-12-08,76.0731,70.2
2016-12-09,75.0284,70.3
2016-12-10,75.4218,69.8
2016-12-11,75.4349,70.0
2016-12-12,76.133,70.5
2016-12-13,76.5121,72.5
2016-12-14,76.7306,72.6
2016-12-15,77.1167,72.4
2016-12-16,77.3415,71.3
2016-12-17,77.1144,70.7
2016-12-18,77.0591,70.1
2016-12-19,76.7544,71.4
2016-12-20,77.5643,71.3
2016-12-21,77.1064,70.9
2016-12-22,76.3668,70.9
2016-12-23,74.9902,71.2
2016-12-24,74.1185,71.1
2016-12-25,73.5437,70.1
2016-12-26,73.4319,70.6
2016-12-27,75.0718,71.0
2016-12-28,74.2933,70.0
2016-12-29,73.7387,70.9
2016-12-30,73.5522,69.6
2016-12-31,73.0725,69.7
2017-01-01,72.6967,69.2
2017-01-02,72.51,68.9
2017-01-03,72.7455,70.3
2017-01-04,72.2095,72.0
2017-01-05,72.41,73.0
2017-01-06,71.7737,72.4
2017-01-07,71.7432,74.1
2017-01-08,71.8856,75.0
2017-01-09,72.2085,75.8
2017-01-10,72.4535,76.1
2017-01-11,73.3736,76.1
2017-01-12,74.7576,77.0
2017-01-13,74.8721,80.6
2017-01-14,76.8108,83.4
2017-01-15,77.1837,84.0
2017-01-16,75.02,81.5
2017-01-17,75.0764,79.7
2017-01-18,75.0125,82.5
2017-01-19,75.0355,80.6
2017-01-20,78.0891,77.9
2017-01-21,80.0409,76.1
2017-01-22,78.7097,74.4
2017-01-23,78.1983,74.7
2017-01-24,77.6896,73.8
2017-01-25,79.9702,73.9
2017-01-26,78.3464,73.1
2017-01-27,76.288,73.0
2017-01-28,75.3181,71.9
2017-01-29,74.3274,70.6
2017-01-30,75.5599,70.5
2017-01-31,75.2817,70.1
2017-02-01,75.454,71.1
2017-02-02,75.4616,71.5
2017-02-03,76.1817,72.1
2017-02-04,76.2335,73.8
2017-02-05,76.4026,74.3
2017-02-06,76.556,73.0
2017-02-07,76.8553,72.7
2017-02-08,76.9783,73.0
2017-02-09,77.5938,72.2
2017-02-10,77.9346,72.8
2017-02-11,78.1896,74.9
2017-02-12,77.9575,76.4
2017-02-13,77.5988,78.9
2017-02-14,77.9158,80.7
2017-02-15,78.1161,81.4
2017-02-16,77.0551,81.6
2017-02-17,76.4265,80.5
2017-02-18,76.8771,78.5
2017-02-19,78.45,77.5
2017-02-20,79.4462,80.6
2017-02-21,80.0316,80.1
2017-02-22,80.3373,79.3
2017-02-23,78.7124,77.8
2017-02-24,77.2397,76.7
2017-02-25,76.6007,73.9
2017-02-26,76.2265,71.6
2017-02-27,78.1451,71.3
2017-02-28,77.3392,70.6
2017-03-01,76.9552,69.6
2017-03-02,76.5829,70.3
2017-03-03,76.0242,70.0
2017-03-04,75.329,69.1
2017-03-05,74.594,69.2
2017-03-06,74.0206,69.5
2017-03-07,73.5782,68.8
2017-03-08,73.4132,69.1
2017-03-09,73.7593,69.7
2017-03-10,74.4994,69.9
2017-03-11,75.1035,69.6
2017-03-12,76.0458,70.5
2017-03-13,76.7578,72.1
2017-03-14,76.7343,70.5
2017-03-15,76.465,72.0
2017-03-16,75.8855,71.5
2017-03-17,75.2129,71.9
2017-03-18,74.7276,73.7
2017-03-19,74.7509,76.8
2017-03-20,74.8501,82.5
2017-03-21,74.6084,83.4
2017-03-22,74.8833,83.1
2017-03-23,74.3974,85.7
2017-03-24,72.8376,90.4
2017-03-25,72.8172,100.9
2017-03-26,74.6083,111.9
2017-03-27,78.0721,107.9
2017-03-28,78.2144,93.9
2017-03-29,78.0228,84.7
2017-03-30,78.1653,85.8
2017-03-31,79.5973,74.1
2017-04-01,84.0861,73.3
2017-04-02,87.4925,74.7
2017-04-03,86.2082,73.9
2017-04-04,81.2604,74.9
2017-04-05,77.0433,71.8
2017-04-06,77.7415,73.9
2017-04-07,75.1176,73.3
2017-04-08,75.9232,73.5
2017-04-09,77.6482,75.0
2017-04-10,77.7568,75.8
2017-04-11,78.5567,77.5
2017-04-12,77.3687,81.6
2017-04-13,79.2569,81.4
2017-04-14,80.7801,83.1
2017-04-15,82.9719,84.5
2017-04-16,85.1997,83.4
2017-04-17,86.9837,81.1
2017-04-18,88.2735,82.3
2017-04-19,90.7207,80.6
2017-04-20,89.0186,79.3
2017-04-21,88.1679,79.1
2017-04-22,86.9236,78.2
2017-04-23,85.7043,78.6
2017-04-24,83.1689,76.4
2017-04-25,81.9238,78.4
2017-04-26,80.5226,76.2
2017-04-27,78.882,75.4
2017-04-28,78.5085,74.8
2017-04-29,78.8135,74.1
2017-04-30,78.4963,73.0
2017-05-01,77.3245,71.8
2017-05-02,78.3101,70.2
2017-05-03,77.6505,69.9
2017-05-04,77.5147,70.5
2017-05-05,76.9351,70.4
2017-05-06,76.8991,71.9
2017-05-07,77.2273,72.7
2017-05-08,77.489,72.2
2017-05-09,77.3758,73.5
2017-05-10,77.5277,73.1
2017-05-11,77.8485,73.9
2017-05-12,78.1773,74.0
2017-05-13,78.3383,74.2
2017-05-14,78.0512,75.3
2017-05-15,77.1333,76.3
2017-05-16,77.9426,77.9
2017-05-17,77.4302,79.9
2017-05-18,76.9475,78.1
2017-05-19,75.638,82.4
2017-05-20,75.2421,84.1
2017-05-21,75.0679,81.0
2017-05-22,75.5003,77.9
2017-05-23,76.2008,75.7
2017-05-24,76.8256,76.2
2017-05-25,75.6381,77.9
2017-05-26,77.457,80.4
2017-05-27,77.9205,80.2
2017-05-28,77.1599,79.9
2017-05-29,76.0343,81.8
2017-05-30,74.9675,77.6
2017-05-31,76.221,77.8
2017-06-01,77.636,76.2
2017-06-02,79.719,76.0
2017-06-03,79.6943,77.0
2017-06-04,77.8107,76.6
2017-06-05,79.3721,77.5
2017-06-06,77.5056,77.2
2017-06-07,77.8986,76.4
2017-06-08,77.198,79.9
2017-06-09,77.2199,75.8
2017-06-10,77.7837,77.2
2017-06-11,77.7519,77.3
2017-06-12,78.8512,76.0
2017-06-13,80.3561,76.9
2017-06-14,79.7642,76.2
2017-06-15,81.1795,76.1
2017-06-16,78.0319,76.1
2017-06-17,77.7837,76.6
2017-06-18,77.812,76.2
2017-06-19,77.7866,76.2
2017-06-20,78.5032,76.6
2017-06-21,78.2935,74.5
2017-06-22,79.9123,74.2
2017-06-23,80.6212,73.9
2017-06-24,80.8867,73.1
2017-06-25,80.6059,73.6
2017-06-26,79.4066,74.1
2017-06-27,79.0107,74.2
2017-06-28,77.6975,75.5
2017-06-29,77.472,78.5
2017-06-30,77.3403,82.2
2017-07-01,77.7179,89.5
2017-07-02,77.8034,94.0
2017-07-03,77.9503,98.2
2017-07-04,77.8655,94.1
2017-07-05,79.7969,93.2
2017-07-06,81.7568,95.3
2017-07-07,85.1176,97.0
2017-07-08,87.949,94.6
2017-07-09,86.6168,89.3
2017-07-10,87.2135,88.4
2017-07-11,84.3852,80.8
2017-07-12,82.2501,75.5
2017-07-13,82.2382,72.5
2017-07-14,82.7879,71.6
2017-07-15,83.1337,71.8
2017-07-16,80.2888,72.8
2017-07-17,80.0334,72.3
2017-07-18,78.5232,72.0
2017-07-19,76.7377,70.7
2017-07-20,75.5894,70.5
2017-07-21,74.7373,71.6
2017-07-22,75.2345,72.1
2017-07-23,76.3488,71.7
2017-07-24,77.3743,74.4
2017-07-25,79.2406,75.7
2017-07-26,80.149,76.6
2017-07-27,81.0712,77.3
2017-07-28,81.1901,76.3
2017-07-29,82.1744,76.3
2017-07-30,81.8547,75.6
2017-07-31,81.9741,74.8
2017-08-01,81.2675,73.0
2017-08-02,81.8129,73.4
2017-08-03,81.0202,73.0
2017-08-04,80.3557,71.7
2017-08-05,78.2192,72.2
2017-08-06,77.0933,70.0
2017-08-07,76.1037,74.9
2017-08-08,75.141,76.1
2017-08-09,74.6922,79.2
2017-08-10,74.3025,78.5
2017-08-11,73.5227,82.0
2017-08-12,73.3837,88.9
2017-08-13,72.5169,88.0
2017-08-14,75.4654,89.1
2017-08-15,77.5506,92.3
2017-08-16,81.3594,87.0
2017-08-17,80.4038,80.5
2017-08-18,78.7259,82.5
2017-08-19,80.891,79.2
2017-08-20,82.297,79.8
2017-08-21,83.4222,83.2
2017-08-22,85.6111,85.9
2017-08-23,82.8798,88.6
2017-08-24,77.6528,93.6
2017-08-25,78.185,95.1
2017-08-26,76.8256,101.7
2017-08-27,77.9357,122.2
2017-08-28,79.4651,136.3
2017-08-29,83.4453,122.5
2017-08-30,84.3083,134.9
2017-08-31,88.3023,130.4
2017-09-01,90.1508,118.5
2017-09-02,87.1888,108.7
2017-09-03,93.4525,101.6
2017-09-04,102.4892,80.9
2017-09-05,92.5772,76.4
2017-09-06,97.886,76.0
2017-09-07,93.9576,75.1
2017-09-08,88.6466,73.6
2017-09-09,85.714,72.9
2017-09-10,85.6959,72.9
2017-09-11,80.7288,72.9
2017-09-12,79.2261,71.3
2017-09-13,79.3086,74.5
2017-09-14,79.982,73.6
2017-09-15,81.2211,78.1
2017-09-16,82.7255,81.7
2017-09-17,85.1586,87.4
2017-09-18,86.6805,90.4
2017-09-19,87.9377,91.1
2017-09-20,90.6328,91.3
2017-09-21,91.6187,91.2
2017-09-22,94.9858,90.0
2017-09-23,99.0241,89.6
2017-09-24,99.8683,85.9
2017-09-25,100.9825,86.1
2017-09-26,99.2809,86.5
2017-09-27,97.1032,86.8
2017-09-28,88.8561,84.7
2017-09-29,85.741,84.0
2017-09-30,84.1597,79.5
2017-10-01,81.0802,76.5
2017-10-02,79.5338,72.1
2017-10-03,78.349,70.7
2017-10-04,78.096,69.3
2017-10-05,77.6229,69.9
2017-10-06,77.3265,69.4
2017-10-07,76.2844,68.6
2017-10-08,75.2679,69.9
2017-10-09,73.65,70.4
2017-10-10,73.8192,69.8
2017-10-11,74.579,72.7
2017-10-12,76.5229,72.8
2017-10-13,77.8321,75.1
2017-10-14,78.8374,75.7
2017-10-15,79.1631,76.5
2017-10-16,79.9324,77.2
2017-10-17,80.6735,76.7
2017-10-18,81.9926,77.9
2017-10-19,81.5208,76.4
2017-10-20,81.1491,75.0
2017-10-21,80.4467,74.4
2017-10-22,79.6228,74.3
2017-10-23,78.9614,74.5
2017-10-24,78.9187,74.2
2017-10-25,79.3561,71.5
2017-10-26,77.2284,72.4
2017-10-27,76.233,72.0
2017-10-28,75.6407,70.9
2017-10-29,75.709,69.9
2017-10-30,75.2101,68.1
2017-10-31,74.8919,67.0
2017-11-01,73.9651,66.4
2017-11-02,74.3222,64.6
2017-11-03,74.3549,67.2
2017-11-04,73.8718,65.9
2017-11-05,73.5666,68.0
2017-11-06,73.1085,70.6
2017-11-07,72.9076,72.8
2017-11-08,73.0552,72.6
2017-11-09,73.2731,71.6
2017-11-10,73.5977,74.7
2017-11-11,73.5055,74.3
2017-11-12,73.9424,72.7
2017-11-13,74.1701,71.8
2017-11-14,76.2453,71.4
2017-11-15,76.8521,71.6
2017-11-16,76.4466,70.6
2017-11-17,77.0907,72.2
2017-11-18,75.726,72.4
2017-11-19,75.1651,73.5
2017-11-20,74.1934,71.7
2017-11-21,73.7636,70.0
2017-11-22,73.6382,70.6
2017-11-23,72.7757,69.8
2017-11-24,72.9828,68.3
2017-11-25,73.4018,69.5
2017-11-26,74.1081,67.0
2017-11-27,72.9085,66.4
2017-11-28,72.0043,66.0
2017-11-29,71.8379,66.3
2017-11-30,72.0258,65.9
2017-12-01,71.7597,67.8
2017-12-02,72.419,69.0
2017-12-03,72.1376,69.8
2017-12-04,72.6149,70.1
2017-12-05,72.5349,69.2
2017-12-06,72.9754,69.9
2017-12-07,73.2715,69.8
2017-12-08,73.7901,69.5
2017-12-09,73.7672,69.0
2017-12-10,74.2207,68.8
2017-12-11,74.1824,69.4
2017-12-12,73.8157,66.6
2017-12-13,73.6056,71.8
2017-12-14,73.1765,73.6
2017-12-15,72.6859,72.9
2017-12-16,72.2698,73.7
2017-12-17,71.8992,73.6
2017-12-18,71.7003,73.2
2017-12-19,71.0706,69.5
2017-12-20,73.2472,68.6
2017-12-21,73.734,68.8
2017-12-22,72.7769,69.1
2017-12-23,72.4897,68.1
2017-12-24,72.2633,68.3
2017-12-25,72.0137,66.8
2017-12-26,70.4756,67.2
2017-12-27,69.9603,68.3
2017-12-28,70.0325,67.2
2017-12-29,70.3874,67.0
2017-12-30,70.3828,67.1
2017-12-31,70.7636,67.6
2018-01-01,70.2753,68.0
2018-01-02,70.5435,68.5
2018-01-03,70.747,68.1
2018-01-04,70.7502,68.5
2018-01-05,70.4351,68.6
2018-01-06,70.3923,68.5
2018-01-07,70.5222,68.2
2018-01-08,70.4416,67.9
2018-01-09,70.937,68.8
2018-01-10,70.9497,68.6
2018-01-11,70.645,68.8
2018-01-12,70.5506,68.5
2018-01-13,70.4394,67.4
2018-01-14,70.3675,66.1
2018-01-15,69.8934,67.9
2018-01-16,69.7831,68.3
2018-01-17,69.7105,67.7
2018-01-18,69.681,68.2
2018-01-19,69.4311,67.7
2018-01-20,68.985,66.7
2018-01-21,68.6545,66.4
2018-01-22,68.7626,66.2
2018-01-23,68.9611,66.9
2018-01-24,68.9053,67.2
2018-01-25,68.85,67.0
2018-01-26,68.7169,66.8
2018-01-27,68.7758,67.3
2018-01-28,68.8383,71.0
2018-01-29,68.8824,72.0
2018-01-30,69.3272,74.8
2018-01-31,69.1875,74.6
2018-02-01,69.1068,75.5
2018-02-02,69.356,76.1
2018-02-03,69.2709,76.2
2018-02-04,70.9849,76.2
2018-02-05,72.4514,76.6
2018-02-06,73.8203,74.1
2018-02-07,74.2675,73.4
2018-02-08,72.9245,70.8
2018-02-09,72.8578,69.8
2018-02-10,72.7271,67.4
2018-02-11,72.6537,68.7
2018-02-12,72.7118,67.5
2018-02-13,71.4073,68.9
2018-02-14,71.0861,66.1
2018-02-15,69.8365,68.2
2018-02-16,69.4898,68.5
2018-02-17,68.7254,68.6
2018-02-18,69.0477,67.8
2018-02-19,68.9512,70.6
2018-02-20,69.3235,68.7
2018-02-21,68.9711,68.6
2018-02-22,69.5626,66.0
2018-02-23,70.0794,66.6
2018-02-24,70.5052,66.7
2018-02-25,70.3987,66.4
2018-02-26,71.6693,66.5
2018-02-27,71.3095,66.5
2018-02-28,71.2717,66.8
2018-03-01,70.9399,65.6
2018-03-02,70.8828,66.6
2018-03-03,70.7658,66.8
2018-03-04,70.5458,66.9
2018-03-05,70.2051,67.3
2018-03-06,69.9907,67.7
2018-03-07,69.528,66.9
2018-03-08,69.1963,68.3
2018-03-09,69.0002,67.9
2018-03-10,69.0686,69.0
2018-03-11,68.813,68.5
2018-03-12,68.8523,69.7
2018-03-13,68.6282,68.2
2018-03-14,68.6618,68.8
2018-03-15,68.8147,68.0
2018-03-16,68.7105,67.7
2018-03-17,68.951,67.2
2018-03-18,69.185,68.0
2018-03-19,69.1819,67.5
2018-03-20,68.865,68.0
2018-03-21,68.8166,68.3
2018-03-22,68.6903,68.8
2018-03-23,68.8207,68.6
2018-03-24,68.7421,68.9
2018-03-25,68.9311,68.9
2018-03-26,68.7463,68.4
2018-03-27,68.858,67.8
2018-03-28,68.8822,68.6
2018-03-29,69.0596,66.4
2018-03-30,69.4038,67.4
2018-03-31,69.4867,67.0
2018-04-01,69.2945,68.1
2018-04-02,69.0278,68.9
2018-04-03,68.6374,68.8
2018-04-04,68.7312,68.6
2018-04-05,68.597,70.4
2018-04-06,68.9086,70.1
2018-04-07,69.5164,69.9
2018-04-08,69.7213,71.0
2018-04-09,69.6194,69.7
2018-04-10,69.4116,69.8
2018-04-11,69.0159,71.4
2018-04-12,70.4264,71.4
2018-04-13,70.7227,73.7
2018-04-14,69.9749,77.5
2018-04-15,70.4836,76.5
2018-04-16,70.102,74.7
2018-04-17,70.469,73.7
2018-04-18,70.8669,71.6
2018-04-19,71.7039,70.3
2018-04-20,72.7751,69.6
2018-04-21,74.8599,71.1
2018-04-22,73.3763,72.2
2018-04-23,72.6897,71.3
2018-04-24,72.3223,69.5
2018-04-25,71.5081,68.1
2018-04-26,70.6075,67.6
2018-04-27,70.5684,68.9
2018-04-28,70.9524,68.7
2018-04-29,71.6703,68.4
2018-04-30,71.1781,70.9
2018-05-01,70.5332,70.9
2018-05-02,70.2605,70.9
2018-05-03,69.9708,71.0
2018-05-04,71.2392,71.7
2018-05-05,70.7944,71.2
2018-05-06,70.2333,72.4
2018-05-07,70.8295,71.8
2018-05-08,71.3932,71.9
2018-05-09,71.5593,71.5
2018-05-10,71.569,70.5
2018-05-11,71.9355,71.1
2018-05-12,71.4751,71.9
2018-05-13,72.0527,70.4
2018-05-14,71.0873,71.3
2018-05-15,71.0511,72.6
2018-05-16,70.8728,75.0
2018-05-17,70.3151,75.6
2018-05-18,70.6832,77.7
2018-05-19,71.2376,74.9
2018-05-20,70.2376,76.6
2018-05-21,71.0417,78.9
2018-05-22,71.6854,77.0
2018-05-23,72.1851,77.3
2018-05-24,73.1684,78.9
2018-05-25,74.0169,76.9
2018-05-26,72.998,76.5
2018-05-27,73.4429,75.7
2018-05-28,74.8902,72.6
2018-05-29,73.8768,73.4
2018-05-30,74.1127,73.2
2018-05-31,75.6809,71.3
2018-06-01,74.2491,70.2
2018-06-02,74.2045,68.8
2018-06-03,74.1182,72.4
2018-06-04,73.1702,72.0
2018-06-05,73.3153,72.5
2018-06-06,73.3352,73.0
2018-06-07,72.7752,74.7
2018-06-08,72.2178,72.8
2018-06-09,71.6248,72.7
2018-06-10,73.003,74.6
2018-06-11,72.6656,76.1
2018-06-12,73.8188,79.0
2018-06-13,74.6922,84.7
2018-06-14,75.6131,84.2
2018-06-15,74.4333,83.0
2018-06-16,74.0711,79.7
2018-06-17,74.6626,77.0
2018-06-18,75.6969,75.2
2018-06-19,78.1376,73.4
2018-06-20,80.1882,72.4
2018-06-21,79.4957,71.9
2018-06-22,79.1678,70.9
2018-06-23,77.4256,71.1
2018-06-24,75.6426,70.4
2018-06-25,75.444,68.8
2018-06-26,74.7971,70.5
2018-06-27,74.0552,70.2
2018-06-28,73.4926,70.4
2018-06-29,72.9944,72.9
2018-06-30,73.6002,74.4
2018-07-01,73.4921,74.0
2018-07-02,73.5635,75.4
2018-07-03,74.7876,74.5
2018-07-04,75.3499,75.8
2018-07-05,75.216,74.6
2018-07-06,75.9448,74.9
2018-07-07,76.4719,74.7
2018-07-08,76.5514,74.1
2018-07-09,77.6988,74.3
2018-07-10,77.5923,73.5
2018-07-11,77.8464,73.6
2018-07-12,76.9681,72.8
2018-07-13,76.6233,72.7
2018-07-14,75.8949,72.2
2018-07-15,75.1171,70.4
2018-07-16,74.4441,69.1
2018-07-17,73.8866,69.0
2018-07-18,73.83,67.9
2018-07-19,73.2815,68.3
2018-07-20,74.0576,68.6
2018-07-21,73.5983,70.0
2018-07-22,72.5877,70.0
2018-07-23,72.0788,70.4
2018-07-24,72.8628,71.0
2018-07-25,72.4978,72.3
2018-07-26,72.9243,72.0
2018-07-27,72.9263,72.3
2018-07-28,73.6428,72.5
2018-07-29,73.4775,71.2
2018-07-30,73.6309,71.1
2018-07-31,73.6545,71.5
2018-08-01,74.4335,71.6
2018-08-02,73.9437,72.2
2018-08-03,74.2843,71.4
2018-08-04,74.3662,69.3
2018-08-05,73.318,69.9
2018-08-06,73.035,69.6
2018-08-07,73.0495,70.5
2018-08-08,72.5395,70.6
2018-08-09,72.5497,70.0
2018-08-10,71.8004,69.0
2018-08-11,70.9261,68.9
2018-08-12,70.8902,68.4
2018-08-13,70.7676,69.6
2018-08-14,71.1612,69.4
2018-08-15,71.3017,68.4
2018-08-16,70.8303,71.1
2018-08-17,70.9015,74.0
2018-08-18,70.6947,73.1
2018-08-19,71.0702,72.6
2018-08-20,71.3628,71.0
2018-08-21,71.7037,71.2
2018-08-22,71.5311,71.8
2018-08-23,72.3862,69.6
2018-08-24,73.9996,68.8
2018-08-25,73.7581,69.5
2018-08-26,73.6012,68.9
2018-08-27,72.5332,69.3
2018-08-28,72.6915,68.6
2018-08-29,73.1662,68.6
2018-08-30,72.271,68.4
2018-08-31,71.3508,68.6
2018-09-01,71.571,69.7
2018-09-02,71.4019,69.4
2018-09-03,71.5016,69.9
2018-09-04,71.3189,70.3
2018-09-05,71.3277,70.6
2018-09-06,71.1679,70.5
2018-09-07,71.1382,69.8
2018-09-08,71.7424,69.2
2018-09-09,71.674,69.8
2018-09-10,71.5962,68.5
2018-09-11,71.4662,68.8
2018-09-12,71.768,68.5
2018-09-13,71.823,67.2
2018-09-14,71.4632,67.4
2018-09-15,71.1871,68.4
2018-09-16,71.1393,68.9
2018-09-17,70.8949,69.0
2018-09-18,70.82,68.0
2018-09-19,70.6511,69.3
2018-09-20,70.3259,67.4
2018-09-21,70.2623,69.4
2018-09-22,70.3162,68.9
2018-09-23,70.3984,68.5
2018-09-24,70.2633,70.3
2018-09-25,69.8748,67.1
2018-09-26,70.0603,68.4
2018-09-27,69.6019,67.2
2018-09-28,70.0582,68.7
2018-09-29,69.9191,68.6
2018-09-30,70.1335,69.4
2018-10-01,70.5157,68.7
2018-10-02,69.8843,69.3
2018-10-03,69.9864,69.6
2018-10-04,69.5312,70.6
2018-10-05,69.6251,71.3
2018-10-06,69.5881,72.1
2018-10-07,69.7056,71.1
2018-10-08,69.5189,69.6
2018-10-09,69.8595,69.3
2018-10-10,69.7981,69.6
2018-10-11,70.1506,69.0
2018-10-12,71.38,69.0
2018-10-13,72.3699,69.8
2018-10-14,71.4687,70.4
2018-10-15,70.6648,70.2
2018-10-16,70.2653,70.9
2018-10-17,70.1035,68.9
2018-10-18,69.875,68.6
2018-10-19,69.9146,68.3
2018-10-20,70.2022,68.5
2018-10-21,70.3384,67.4
2018-10-22,70.0724,67.9
2018-10-23,70.3457,66.1
2018-10-24,69.7248,67.1
2018-10-25,69.7308,65.8
2018-10-26,69.6337,66.5
2018-10-27,69.6673,66.3
2018-10-28,69.628,65.5
2018-10-29,69.7163,67.2
2018-10-30,69.3348,67.6
2018-10-31,69.6905,67.5
2018-11-01,69.4694,68.2
2018-11-02,69.8069,67.6
2018-11-03,69.623,67.6
2018-11-04,69.2105,68.0
2018-11-05,69.3662,66.8
2018-11-06,69.3707,65.6
2018-11-07,69.2125,66.5
2018-11-08,69.323,66.9
2018-11-09,69.1919,69.5
2018-11-10,69.1693,71.7
2018-11-11,69.2607,70.6
2018-11-12,69.405,69.5
2018-11-13,68.801,68.8
2018-11-14,69.1436,67.1
2018-11-15,69.2349,67.5
2018-11-16,69.966,67.5
2018-11-17,70.4527,68.2
2018-11-18,69.8397,67.8
2018-11-19,69.3295,66.8
2018-11-20,69.116,66.6
2018-11-21,68.6536,65.7
2018-11-22,68.4657,66.0
2018-11-23,68.3756,66.1
2018-11-24,68.4689,67.4
2018-11-25,68.6958,67.0
2018-11-26,68.49,66.4
2018-11-27,68.6257,66.8
2018-11-28,68.4012,68.8
2018-11-29,68.2187,67.7
2018-11-30,68.5558,68.1
2018-12-01,68.7175,68.4
2018-12-02,68.5565,69.5
2018-12-03,68.187,68.8
2018-12-04,68.2982,68.9
2018-12-05,68.7366,68.6
2018-12-06,68.9421,68.0
2018-12-07,69.1215,68.6
2018-12-08,68.9475,68.9
2018-12-09,69.2183,67.6
2018-12-10,68.8657,67.9
2018-12-11,68.8829,68.1
2018-12-12,68.7029,68.0
2018-12-13,68.665,67.6
2018-12-14,69.1151,68.8
2018-12-15,69.4913,68.7
2018-12-16,68.7246,68.0
2018-12-17,68.6095,67.2
2018-12-18,68.4745,67.3
2018-12-19,68.2824,66.5
2018-12-20,68.1794,66.2
2018-12-21,68.3056,67.0
2018-12-22,68.3927,66.7
2018-12-23,68.0317,67.1
2018-12-24,67.6894,67.0
2018-12-25,67.9734,69.5
2018-12-26,67.8557,72.7
2018-12-27,68.1037,70.2
2018-12-28,68.255,69.1
2018-12-29,68.4195,68.8
2018-12-30,68.3752,69.6
2018-12-31,68.3286,69.1
2019-01-01,69.0446,69.0
2019-01-02,70.3417,69.2
2019-01-03,69.3395,67.8
2019-01-04,69.12,65.9
2019-01-05,68.7522,67.3
2019-01-06,69.1299,66.6
2019-01-07,69.1025,67.8
2019-01-08,69.0314,67.3
2019-01-09,68.9063,67.5
2019-01-10,68.4869,66.4
2019-01-11,68.1257,66.6
2019-01-12,68.1712,67.4
2019-01-13,68.0025,67.0
2019-01-14,68.0547,67.7
2019-01-15,67.7022,68.5
2019-01-16,67.8378,69.3
2019-01-17,67.8084,70.2
2019-01-18,67.9497,72.7
2019-01-19,68.1351,74.3
2019-01-20,68.0842,72.8
2019-01-21,68.5624,73.5
2019-01-22,69.1693,70.9
2019-01-23,69.3395,71.4
2019-01-24,69.6161,70.0
2019-01-25,70.9642,70.0
2019-01-26,71.2705,68.8
2019-01-27,71.0982,69.1
2019-01-28,71.0424,68.7
2019-01-29,70.0987,68.7
2019-01-30,70.0399,69.3
2019-01-31,69.4756,68.3
2019-02-01,69.62,69.8
2019-02-02,69.1762,68.4
2019-02-03,69.4132,68.1
2019-02-04,69.1739,68.0
2019-02-05,69.0701,68.4
2019-02-06,69.0688,68.6
2019-02-07,69.0591,69.7
2019-02-08,69.6174,69.2
2019-02-09,69.4539,69.0
2019-02-10,69.5798,68.4
2019-02-11,69.6984,68.3
2019-02-12,69.6177,68.6
2019-02-13,70.0073,69.4
2019-02-14,70.3058,69.2
2019-02-15,70.4493,69.7
2019-02-16,70.2924,69.2
2019-02-17,70.1284,69.0
2019-02-18,69.7368,68.9
2019-02-19,69.7053,69.2
2019-02-20,69.9456,69.4
2019-02-21,69.907,68.8
2019-02-22,69.7535,68.7
2019-02-23,69.6134,68.2
2019-02-24,69.441,68.3
2019-02-25,69.3019,69.7
2019-02-26,69.5498,70.8
2019-02-27,69.3786,71.3
2019-02-28,69.2079,69.9
2019-03-01,68.887,70.7
2019-03-02,68.5669,69.7
2019-03-03,68.6259,70.1
2019-03-04,69.1364,69.5
2019-03-05,69.6312,69.8
2019-03-06,70.0932,70.0
2019-03-07,69.7684,69.3
2019-03-08,69.9251,68.9
2019-03-09,69.6586,68.8
2019-03-10,69.7919,68.6
2019-03-11,69.7188,69.3
2019-03-12,69.9836,69.1
2019-03-13,70.2385,76.2
2019-03-14,70.1694,79.4
2019-03-15,69.623,81.8
2019-03-16,69.3632,78.9
2019-03-17,69.0363,75.0
2019-03-18,69.3407,70.8
2019-03-19,69.354,68.7
2019-03-20,71.6854,68.6
2019-03-21,73.6435,68.1
2019-03-22,74.2067,68.6
2019-03-23,73.166,69.2
2019-03-24,72.0706,69.4
2019-03-25,70.2596,69.2
2019-03-26,69.6355,70.8
2019-03-27,69.5093,70.6
2019-03-28,69.765,70.3
2019-03-29,69.9569,71.8
2019-03-30,70.326,73.7
2019-03-31,71.4906,76.6
2019-04-01,71.4607,78.8
2019-04-02,72.4829,79.3
2019-04-03,72.8572,78.4
2019-04-04,72.9921,78.9
2019-04-05,73.3597,77.7
2019-04-06,73.5584,78.3
2019-04-07,77.4821,75.9
2019-04-08,77.9817,75.9
2019-04-09,79.3369,74.7
2019-04-10,79.5026,76.7
2019-04-11,77.3681,75.2
2019-04-12,76.2669,73.3
2019-04-13,75.9283,70.6
2019-04-14,73.7286,69.9
2019-04-15,72.8774,70.2
2019-04-16,72.2563,69.6
2019-04-17,72.815,70.1
2019-04-18,72.8842,68.4
2019-04-19,72.263,68.0
2019-04-20,71.2326,67.8
2019-04-21,70.8435,68.8
2019-04-22,71.1474,67.9
2019-04-23,70.9162,69.5
2019-04-24,71.2585,68.7
2019-04-25,71.5013,70.3
2019-04-26,72.16,70.9
2019-04-27,72.741,73.5
2019-04-28,73.336,74.7
2019-04-29,73.4549,77.3
2019-04-30,74.1875,80.1
2019-05-01,73.9772,76.8
2019-05-02,73.5634,77.7
2019-05-03,75.7579,77.8
2019-05-04,76.7713,79.5
2019-05-05,76.9299,77.6
2019-05-06,77.1151,76.2
2019-05-07,77.3989,76.0
2019-05-08,75.2351,75.6
2019-05-09,75.4337,75.3
2019-05-10,73.668,73.8
2019-05-11,74.2625,72.2
2019-05-12,73.2964,69.6
2019-05-13,72.3301,70.4
2019-05-14,72.2298,69.7
2019-05-15,72.0007,69.0
2019-05-16,72.0358,68.2
2019-05-17,71.2439,68.1
2019-05-18,70.5443,68.7
2019-05-19,69.5453,69.8
2019-05-20,70.1721,69.3
2019-05-21,70.2537,70.0
2019-05-22,70.5305,70.1
2019-05-23,70.6373,70.6
2019-05-24,71.4603,70.6
2019-05-25,72.1544,71.7
2019-05-26,72.8742,71.9
2019-05-27,72.9733,71.8
2019-05-28,72.8662,72.1
2019-05-29,73.0325,71.8
2019-05-30,73.1161,70.9
2019-05-31,72.7226,71.0
2019-06-01,73.1297,70.5
2019-06-02,73.1205,70.5
2019-06-03,72.828,71.0
2019-06-04,73.0505,71.9
2019-06-05,72.6842,71.6
2019-06-06,72.055,69.6
2019-06-07,71.5404,70.1
2019-06-08,70.854,68.8
2019-06-09,70.6822,68.0
2019-06-10,70.6221,68.5
2019-06-11,70.9031,69.2
2019-06-12,70.5894,70.2
2019-06-13,70.0654,69.9
2019-06-14,70.4307,68.6
2019-06-15,70.3347,68.6
2019-06-16,70.216,69.5
2019-06-17,70.2555,70.2
2019-06-18,70.5879,70.2
2019-06-19,70.9418,70.3
2019-06-20,71.0771,69.3
2019-06-21,71.0273,70.4
2019-06-22,71.1025,69.9
2019-06-23,71.6153,69.7
2019-06-24,71.755,70.5
2019-06-25,71.8034,69.5
2019-06-26,71.7163,69.1
2019-06-27,71.4932,69.9
2019-06-28,71.5384,69.0
2019-06-29,71.3122,68.8
2019-06-30,71.1204,69.6
2019-07-01,71.2135,68.7
2019-07-02,70.8151,69.7
2019-07-03,70.5749,70.1
2019-07-04,71.1559,69.4
2019-07-05,70.5375,69.0
2019-07-06,70.4608,68.2
2019-07-07,71.3343,69.4
2019-07-08,70.5406,69.3
2019-07-09,70.6986,69.5
2019-07-10,70.7385,70.0
2019-07-11,71.4467,69.2
2019-07-12,71.2491,68.9
2019-07-13,71.1659,69.1
2019-07-14,71.2767,69.8
2019-07-15,71.431,69.5
2019-07-16,71.4148,69.6
2019-07-17,71.7372,70.0
2019-07-18,71.3454,70.3
2019-07-19,71.3756,69.8
2019-07-20,71.3825,68.7
2019-07-21,71.6626,69.2
2019-07-22,71.3813,68.2
2019-07-23,71.3324,68.3
2019-07-24,71.356,68.9
2019-07-25,71.2571,68.8
2019-07-26,71.1465,68.9
2019-07-27,70.5099,67.7
2019-07-28,70.5248,68.8
2019-07-29,70.2356,70.1
2019-07-30,70.1655,70.1
2019-07-31,70.0134,69.9
2019-08-01,69.9041,70.6
2019-08-02,69.8795,69.1
2019-08-03,69.4804,69.1
2019-08-04,69.7513,69.5
2019-08-05,70.1099,69.0
2019-08-06,70.3159,68.6
2019-08-07,70.1546,69.1
2019-08-08,70.2665,69.4
2019-08-09,69.8853,69.2
2019-08-10,70.0238,69.7
2019-08-11,70.3046,69.2
2019-08-12,70.1686,69.3
2019-08-13,70.3392,68.9
2019-08-14,70.5414,68.4
2019-08-15,70.455,67.3
2019-08-16,70.0984,68.0
2019-08-17,70.2101,67.8
2019-08-18,69.9798,67.4
2019-08-19,70.2799,67.2
2019-08-20,70.1432,67.5
2019-08-21,69.8506,67.2
2019-08-22,69.4001,67.2
2019-08-23,69.4092,67.8
2019-08-24,69.4767,67.7
2019-08-25,69.5713,68.3
2019-08-26,69.3751,70.0
2019-08-27,69.518,69.8
2019-08-28,69.4442,69.8
2019-08-29,69.1951,69.4
2019-08-30,69.329,70.0
2019-08-31,69.3417,75.0
2019-09-01,69.513,68.5
2019-09-02,70.0971,69.8
2019-09-03,69.9476,70.9
2019-09-04,69.9625,69.0
2019-09-05,69.8984,70.3
2019-09-06,70.1492,69.1
2019-09-07,72.0561,69.4
2019-09-08,69.8207,68.4
2019-09-09,70.1317,69.4
2019-09-10,70.3096,68.8
2019-09-11,69.5458,66.9
2019-09-12,69.9141,67.7
2019-09-13,69.6425,67.7
2019-09-14,69.6693,68.2
2019-09-15,69.4112,68.8
2019-09-16,69.6974,66.6
2019-09-17,69.3921,67.5
2019-09-18,68.9266,67.9
2019-09-19,69.0175,67.4
2019-09-20,68.968,66.8
2019-09-21,69.0719,67.5
2019-09-22,69.3464,67.7
2019-09-23,69.2385,68.1
2019-09-24,69.4238,68.8
2019-09-25,69.4336,68.4
2019-09-26,69.4462,68.3
2019-09-27,69.8108,68.1
2019-09-28,69.2197,67.8
2019-09-29,69.3586,67.3
2019-09-30,69.4902,67.6
2019-10-01,69.3879,67.0
2019-10-02,69.3082,67.9
2019-10-03,69.0744,67.3
2019-10-04,69.1404,68.3
2019-10-05,69.088,68.0
2019-10-06,69.0783,66.9
2019-10-07,69.2233,65.8
2019-10-08,68.7149,66.9
2019-10-09,68.7949,65.9
2019-10-10,68.7377,65.6
2019-10-11,68.8323,65.6
2019-10-12,68.7516,65.5
2019-10-13,68.3648,64.4
2019-10-14,68.2332,63.4
2019-10-15,68.5131,64.9
2019-10-16,68.3074,63.9
2019-10-17,68.377,64.3
2019-10-18,68.5824,67.9
2019-10-19,68.6403,67.8
2019-10-20,68.4003,68.0
2019-10-21,68.1363,68.5
2019-10-22,68.2954,68.2
2019-10-23,68.1174,68.8
2019-10-24,68.1157,70.2
2019-10-25,68.6051,69.6
2019-10-26,68.5076,69.6
2019-10-27,68.5541,68.3
2019-10-28,68.541,69.6
2019-10-29,68.5675,69.2
2019-10-30,68.6168,68.1
2019-10-31,69.1245,68.5
2019-11-01,69.0315,68.9
2019-11-02,68.9895,68.3
2019-11-03,68.3525,69.4
2019-11-04,68.8409,68.1
2019-11-05,68.592,69.3
2019-11-06,68.4491,69.6
2019-11-07,68.2687,68.4
2019-11-08,68.3547,68.5
2019-11-09,68.253,68.2
2019-11-10,68.3819,68.5
2019-11-11,68.2693,68.8
2019-11-12,68.5594,67.6
2019-11-13,68.9045,68.5
2019-11-14,68.7484,69.1
2019-11-15,68.8822,67.9
2019-11-16,68.871,68.5
2019-11-17,68.9829,68.8
2019-11-18,69.0503,67.7
2019-11-19,68.8919,68.6
2019-11-20,69.1648,69.6
2019-11-21,69.4715,68.3
2019-11-22,69.2302,67.9
2019-11-23,69.1455,68.5
2019-11-24,69.2751,69.2
2019-11-25,68.9954,68.4
2019-11-26,68.9298,67.9
2019-11-27,69.2313,67.6
2019-11-28,68.9351,68.6
2019-11-29,68.7515,68.3
2019-11-30,68.8438,68.2
2019-12-01,69.0701,69.4
2019-12-02,68.8909,68.6
2019-12-03,68.7879,68.4
2019-12-04,68.5959,68.6
2019-12-05,68.7477,68.3
2019-12-06,68.5602,66.8
2019-12-07,68.522,68.1
2019-12-08,68.898,68.8
2019-12-09,68.635,67.7
2019-12-10,68.6314,68.2
2019-12-11,68.7136,68.0
2019-12-12,68.6005,67.7
2019-12-13,68.4036,67.7
2019-12-14,68.6476,68.4
2019-12-15,68.7598,68.7
2019-12-16,68.5924,70.2
2019-12-17,68.7133,70.3
2019-12-18,68.604,69.8
2019-12-19,68.4479,69.7
2019-12-20,68.5519,70.1
2019-12-21,68.6586,69.8
2019-12-22,68.6525,69.6
2019-12-23,69.0861,68.6
2019-12-24,69.6772,68.2
2019-12-25,69.5521,69.4
2019-12-26,69.2317,69.5
2019-12-27,69.4003,68.9
2019-12-28,70.2354,69.8
2019-12-29,69.9254,69.4
2019-12-30,69.7058,68.1
2019-12-31,69.4494,69.3
2020-01-01,69.7955,71.2
2020-01-02,70.3061,71.9
2020-01-03,70.4337,70.4
2020-01-04,70.0119,71.0
2020-01-05,69.8249,69.5
2020-01-06,69.2333,69.1
2020-01-07,69.495,69.5
2020-01-08,70.0118,68.9
2020-01-09,70.8094,69.4
2020-01-10,70.5232,67.9
2020-01-11,70.8201,69.0
2020-01-12,70.9107,69.5
2020-01-13,70.4964,69.0
2020-01-14,70.5145,68.3
2020-01-15,70.081,69.6
2020-01-16,70.3995,68.6
2020-01-17,69.8745,68.8
2020-01-18,69.9349,70.4
2020-01-19,70.0314,72.4
2020-01-20,69.7784,70.7
2020-01-21,69.6816,72.0
2020-01-22,70.1137,72.0
2020-01-23,69.7098,71.9
2020-01-24,70.0011,71.7
2020-01-25,70.3268,70.4
2020-01-26,71.5461,70.2
2020-01-27,70.7616,70.0
2020-01-28,71.6239,68.3
2020-01-29,71.3825,68.6
2020-01-30,71.2264,69.3
2020-01-31,71.1628,68.9
2020-02-01,70.4456,70.0
2020-02-02,70.1751,68.8
2020-02-03,70.3579,68.3
2020-02-04,69.573,69.3
2020-02-05,69.5433,69.8
2020-02-06,69.6906,69.4
2020-02-07,69.7395,69.5
2020-02-08,70.0412,68.8
2020-02-09,69.6859,68.8
2020-02-10,69.5051,69.0
2020-02-11,69.888,69.4
2020-02-12,70.0083,69.4
2020-02-13,69.9257,69.2
2020-02-14,70.2005,69.6
2020-02-15,70.1932,70.7
2020-02-16,70.0239,68.8
2020-02-17,70.293,68.7
2020-02-18,70.3173,69.1
2020-02-19,70.2949,68.7
2020-02-20,69.7843,69.6
2020-02-21,69.88,69.3
2020-02-22,70.3198,68.8
2020-02-23,69.785,68.1
2020-02-24,69.3978,68.1
2020-02-25,69.6505,68.8
2020-02-26,69.5339,68.7
2020-02-27,69.9375,68.3
2020-02-28,69.906,68.9
2020-02-29,69.5143,68.8
2020-03-01,69.2867,69.2
2020-03-02,69.3307,69.8
2020-03-03,69.4506,69.8
2020-03-04,69.3905,69.6
2020-03-05,69.2737,69.1
2020-03-06,69.2513,67.9
2020-03-07,69.0672,67.4
2020-03-08,69.5541,69.5
2020-03-09,69.6836,69.1
2020-03-10,69.8771,70.9
2020-03-11,70.0753,71.4
2020-03-12,70.0534,71.5
2020-03-13,69.9071,71.1
2020-03-14,69.6119,70.3
2020-03-15,70.2763,69.8
2020-03-16,70.3619,69.9
2020-03-17,70.7068,70.8
2020-03-18,70.9916,70.9
2020-03-19,71.2754,69.9
2020-03-20,70.7554,69.2
2020-03-21,70.2474,69.0
2020-03-22,70.1162,68.6
2020-03-23,70.0963,69.1
2020-03-24,70.0532,69.8
2020-03-25,70.1347,69.2
2020-03-26,70.0225,69.7
2020-03-27,69.7464,70.0
2020-03-28,69.7743,70.2
2020-03-29,69.6304,71.3
2020-03-30,69.8981,70.1
2020-03-31,70.6042,70.1
2020-04-01,71.2043,70.7
2020-04-02,70.6344,70.6
2020-04-03,70.8182,69.5
2020-04-04,71.0119,70.9
2020-04-05,71.1718,71.1
2020-04-06,70.9522,70.7
2020-04-07,71.2152,69.4
2020-04-08,71.2755,68.9
2020-04-09,71.3777,69.0
2020-04-10,70.839,68.4
2020-04-11,71.4531,70.4
2020-04-12,71.1274,69.2
2020-04-13,70.8847,68.9
2020-04-14,70.5833,69.8
2020-04-15,70.2441,71.4
2020-04-16,70.1148,69.5
2020-04-17,69.7876,70.5
2020-04-18,70.4278,69.8
2020-04-19,70.0955,70.1
2020-04-20,70.0876,69.9
2020-04-21,70.2878,69.9
2020-04-22,71.2313,71.0
2020-04-23,70.6036,70.9
2020-04-24,70.9058,71.3
2020-04-25,71.1932,70.3
2020-04-26,71.0023,69.8
2020-04-27,70.961,70.5
2020-04-28,71.0623,70.5
2020-04-29,71.4174,71.1
2020-04-30,71.0355,70.0
2020-05-01,71.232,69.2
2020-05-02,70.7452,72.4
2020-05-03,70.6912,69.3
2020-05-04,70.5288,67.5
2020-05-05,70.5045,70.3
2020-05-06,70.6838,70.2
2020-05-07,70.2047,68.7
2020-05-08,70.2383,69.4
2020-05-09,71.596,71.0
2020-05-10,70.3577,71.2
2020-05-11,69.9447,71.8
2020-05-12,70.6346,70.3
2020-05-13,70.4046,71.3
2020-05-14,70.2232,71.9
2020-05-15,70.1536,72.6
2020-05-16,70.7204,70.9
2020-05-17,70.89,70.6
2020-05-18,71.4182,72.1
2020-05-19,70.9624,71.6
2020-05-20,71.5011,70.0
2020-05-21,71.8211,69.3
2020-05-22,72.0818,71.6
2020-05-23,71.0455,71.9
2020-05-24,70.9694,72.8
2020-05-25,71.8805,71.2
2020-05-26,71.5728,72.4
2020-05-27,70.8385,72.0
2020-05-28,70.6149,72.1
2020-05-29,71.7118,73.2
2020-05-30,71.4,73.8
2020-05-31,71.731,73.8
2020-06-01,70.8014,73.2
2020-06-02,71.7384,74.6
2020-06-03,72.1767,73.2
2020-06-04,72.748,73.7
2020-06-05,73.9366,72.7
2020-06-06,73.9087,71.6
2020-06-07,73.352,72.4
2020-06-08,72.9253,72.7
2020-06-09,73.2306,71.5
2020-06-10,72.8383,71.0
2020-06-11,73.7297,70.2
2020-06-12,73.6942,71.1
2020-06-13,73.2923,70.0
2020-06-14,73.6848,69.9
2020-06-15,73.6793,69.9
2020-06-16,72.434,69.3
2020-06-17,71.9048,69.1
2020-06-18,71.8765,71.2
2020-06-19,72.0688,70.0
2020-06-20,71.6817,71.2
2020-06-21,71.5662,71.5
2020-06-22,71.6703,71.0
2020-06-23,71.6057,70.4
2020-06-24,71.609,71.2
2020-06-25,72.5502,70.3
2020-06-26,72.3022,71.6
2020-06-27,72.6471,71.8
2020-06-28,72.8267,71.8
2020-06-29,72.3686,70.8
2020-06-30,72.0641,70.0
2020-07-01,72.6623,69.4
2020-07-02,71.9766,71.0
2020-07-03,72.5894,71.1
2020-07-04,72.6783,71.0
2020-07-05,72.5494,69.8
2020-07-06,72.066,70.5
2020-07-07,72.0245,71.2
2020-07-08,71.8369,70.6
2020-07-09,72.1271,70.9
2020-07-10,71.3817,71.3
2020-07-11,71.173,70.0
2020-07-12,70.934,71.1
2020-07-13,70.8736,71.6
2020-07-14,71.0193,72.1
2020-07-15,71.03,72.2
2020-07-16,71.0039,72.5
2020-07-17,71.8331,71.7
2020-07-18,71.5348,72.6
2020-07-19,72.0459,73.6
2020-07-20,72.317,73.7
2020-07-21,73.4646,74.1
2020-07-22,73.4914,74.9
2020-07-23,74.1115,75.6
2020-07-24,73.6603,74.4
2020-07-25,73.1632,74.1
2020-07-26,73.1286,74.9
2020-07-27,72.8018,74.8
2020-07-28,73.1394,75.1
2020-07-29,73.4319,75.6
2020-07-30,74.5074,75.1
2020-07-31,73.2337,76.0
2020-08-01,73.1684,76.8
2020-08-02,73.8736,76.0
2020-08-03,74.4132,76.2
2020-08-04,74.7223,75.4
2020-08-05,75.8741,75.1
2020-08-06,75.1756,74.2
2020-08-07,74.842,72.6
2020-08-08,75.1073,72.4
2020-08-09,75.0003,72.6
2020-08-10,75.0137,72.5
2020-08-11,74.9761,73.1
2020-08-12,75.3653,72.2
2020-08-13,74.7432,71.6
2020-08-14,74.1818,72.6
2020-08-15,74.0143,71.6
2020-08-16,74.3863,72.1
2020-08-17,74.4014,71.8
2020-08-18,74.6647,72.1
2020-08-19,74.4878,71.9
2020-08-20,74.217,71.4
2020-08-21,74.5797,71.5
2020-08-22,74.1998,71.6
2020-08-23,74.1179,71.4
2020-08-24,74.2479,70.5
2020-08-25,74.0781,70.8
2020-08-26,73.8932,69.5
2020-08-27,73.4817,71.2
2020-08-28,73.5812,70.8
2020-08-29,73.44,70.3
2020-08-30,73.2189,70.5
2020-08-31,72.6072,71.3
2020-09-01,72.5767,70.9
2020-09-02,72.0913,70.7
2020-09-03,72.238,70.2
2020-09-04,72.1186,69.6
2020-09-05,71.8558,70.2
2020-09-06,71.8145,70.6
2020-09-07,72.2983,69.7
2020-09-08,71.9816,69.6
2020-09-09,71.9102,70.2
2020-09-10,71.7233,70.4
2020-09-11,71.326,70.6
2020-09-12,71.5529,71.2
2020-09-13,71.5575,70.7
2020-09-14,71.4608,71.9
2020-09-15,71.442,72.9
2020-09-16,71.5248,73.7
2020-09-17,71.5613,74.1
2020-09-18,71.5663,73.8
2020-09-19,71.8089,72.9
2020-09-20,71.6666,74.4
2020-09-21,72.3068,74.1
2020-09-22,72.6606,73.0
2020-09-23,73.382,73.5
2020-09-24,73.2186,73.0
2020-09-25,73.3759,72.3
2020-09-26,73.0218,71.9
2020-09-27,73.1789,71.2
2020-09-28,73.2326,72.2
2020-09-29,72.8789,71.6
2020-09-30,72.8358,70.6
2020-10-01,72.9027,71.5
2020-10-02,72.7078,72.9
2020-10-03,72.4154,73.3
2020-10-04,72.0388,72.6
2020-10-05,72.6888,73.4
2020-10-06,72.5716,72.0
2020-10-07,72.1746,74.1
2020-10-08,72.7598,73.4
2020-10-09,73.7806,74.8
2020-10-10,74.0213,72.5
2020-10-11,73.8825,75.3
2020-10-12,74.187,74.2
2020-10-13,73.6081,74.0
2020-10-14,74.7885,73.0
2020-10-15,75.5007,74.2
2020-10-16,76.1651,71.0
2020-10-17,74.9801,71.3
2020-10-18,75.7945,73.3
2020-10-19,75.1787,74.1
2020-10-20,74.9708,81.4
2020-10-21,74.6175,86.4
2020-10-22,74.6515,83.5
2020-10-23,73.4407,78.4
2020-10-24,73.3901,75.6
2020-10-25,74.353,76.1
2020-10-26,74.5398,80.3
2020-10-27,77.9788,81.6
2020-10-28,78.9188,86.6
2020-10-29,77.8586,89.1
2020-10-30,76.5365,92.1
2020-10-31,75.4078,88.9
2020-11-01,75.7232,88.3
2020-11-02,78.0368,88.3
2020-11-03,80.5784,85.1
2020-11-04,83.7649,86.3
2020-11-05,84.822,83.3
2020-11-06,85.9507,80.7
2020-11-07,81.9194,78.5
2020-11-08,81.2376,76.9
2020-11-09,81.1383,74.9
2020-11-10,79.9814,77.3
2020-11-11,81.2492,75.5
2020-11-12,80.2901,74.9
2020-11-13,79.7083,79.7
2020-11-14,79.4697,82.9
2020-11-15,78.7671,85.5
2020-11-16,79.4529,93.1
2020-11-17,81.519,97.9
2020-11-18,82.6065,101.0
2020-11-19,82.2538,103.0
2020-11-20,84.5603,103.5
2020-11-21,86.9591,106.6
2020-11-22,88.8999,113.1
2020-11-23,92.966,106.4
2020-11-24,95.9595,101.2
2020-11-25,97.9009,101.9
2020-11-26,98.1267,99.9
2020-11-27,93.3132,93.0
2020-11-28,90.8489,97.0
2020-11-29,91.344,88.2
2020-11-30,88.116,86.8
2020-12-01,86.7607,80.0
2020-12-02,85.9763,79.6
2020-12-03,85.0545,79.1
2020-12-04,80.5672,80.8
2020-12-05,84.9046,79.3
2020-12-06,82.063,78.1
2020-12-07,80.5965,80.4
2020-12-08,80.056,80.3
2020-12-09,80.8224,79.3
2020-12-10,81.4013,79.1
2020-12-11,84.0666,77.9
2020-12-12,85.8072,79.1
2020-12-13,88.3585,81.1
2020-12-14,90.8921,77.0
2020-12-15,91.5921,83.0
2020-12-16,90.8707,83.6
2020-12-17,89.7908,84.5
2020-12-18,88.2583,84.9
2020-12-19,87.6594,85.0
2020-12-20,89.5275,84.9
2020-12-21,85.1976,84.3
2020-12-22,88.1741,81.4
2020-12-23,88.1761,80.1
2020-12-24,86.6537,78.5
2020-12-25,85.2735,77.7
2020-12-26,82.1675,78.8
2020-12-27,80.6286,77.8
2020-12-28,80.3509,75.0
2020-12-29,79.5681,72.6
2020-12-30,78.8709,71.7
2020-12-31,78.4655,72.2
2021-01-01,77.7065,72.8
2021-01-02,78.2481,71.8
2021-01-03,78.1471,70.7
2021-01-04,76.597,70.8
2021-01-05,75.9229,70.4
2021-01-06,75.3874,70.8
2021-01-07,75.904,71.2
2021-01-08,76.8492,71.0
2021-01-09,76.9391,75.2
2021-01-10,77.0775,74.8
2021-01-11,77.9245,72.9
2021-01-12,78.1259,75.6
2021-01-13,78.8585,74.7
2021-01-14,78.6626,75.2
2021-01-15,77.7981,75.8
2021-01-16,78.9044,75.5
2021-01-17,78.9899,75.2
2021-01-18,77.7644,74.8
2021-01-19,77.9813,73.4
2021-01-20,77.8758,74.0
2021-01-21,77.6283,73.4
2021-01-22,77.0373,73.2
2021-01-23,77.0693,71.6
2021-01-24,76.8034,71.2
2021-01-25,75.7856,70.8
2021-01-26,75.0551,70.2
2021-01-27,75.1851,71.3
2021-01-28,74.9428,71.2
2021-01-29,74.5136,71.1
2021-01-30,73.7298,71.0
2021-01-31,73.6016,70.8
2021-02-01,73.3836,71.3
2021-02-02,73.6307,71.0
2021-02-03,73.8243,71.0
2021-02-04,74.0787,70.5
2021-02-05,74.0856,71.7
2021-02-06,74.1504,69.6
2021-02-07,73.8949,69.7
2021-02-08,74.2975,68.0
2021-02-09,74.3543,69.1
2021-02-10,74.3302,70.0
2021-02-11,74.3845,70.6
2021-02-12,74.7315,69.9
2021-02-13,74.0355,71.7
2021-02-14,73.9377,70.9
2021-02-15,73.552,73.2
2021-02-16,73.4211,74.2
2021-02-17,73.2056,77.6
2021-02-18,74.6918,77.1
2021-02-19,74.7551,78.1
2021-02-20,74.3952,76.4
2021-02-21,73.5952,75.7
2021-02-22,74.0993,72.7
2021-02-23,74.4106,73.3
2021-02-24,76.1957,74.4
2021-02-25,75.7959,74.1
2021-02-26,77.1042,73.9
2021-02-27,76.0644,74.4
2021-02-28,75.6029,76.4
2021-03-01,74.325,78.7
2021-03-02,75.3492,75.4
2021-03-03,75.0378,75.3
2021-03-04,75.3324,74.6
2021-03-05,75.1651,74.7
2021-03-06,74.9873,75.0
2021-03-07,75.9189,74.2
2021-03-08,77.5039,73.1
2021-03-09,77.3664,72.9
2021-03-10,77.8325,72.1
2021-03-11,77.094,72.5
2021-03-12,77.3672,72.5
2021-03-13,76.1577,74.1
2021-03-14,75.9745,74.6
2021-03-15,75.8277,76.0
2021-03-16,76.5737,76.4
2021-03-17,76.2353,75.3
2021-03-18,77.9099,74.8
2021-03-19,75.614,74.7
2021-03-20,75.5983,74.7
2021-03-21,75.7397,73.6
2021-03-22,77.0717,73.2
2021-03-23,77.4608,74.5
2021-03-24,77.0066,72.4
2021-03-25,75.9276,77.8
2021-03-26,75.7545,71.4
2021-03-27,75.8449,72.2
2021-03-28,75.2931,72.0
2021-03-29,75.0045,71.8
2021-03-30,75.1972,71.3
2021-03-31,74.6101,70.7
2021-04-01,76.8452,70.5
2021-04-02,74.1305,70.8
2021-04-03,74.3378,70.8
2021-04-04,74.0341,72.2
2021-04-05,73.8215,74.5
2021-04-06,73.5425,73.6
2021-04-07,73.2251,74.3
2021-04-08,73.208,76.0
2021-04-09,73.4168,75.2
2021-04-10,73.5894,75.9
2021-04-11,74.3145,76.4
2021-04-12,75.2522,81.1
2021-04-13,74.9614,83.7
2021-04-14,75.6837,77.7
2021-04-15,76.3501,78.6
2021-04-16,77.3961,76.1
2021-04-17,76.9559,77.7
2021-04-18,77.2347,78.7
2021-04-19,78.9182,79.2
2021-04-20,80.1422,79.4
2021-04-21,77.9706,77.9
2021-04-22,77.5025,78.0
2021-04-23,75.7464,74.0
2021-04-24,76.7948,72.7
2021-04-25,77.191,73.1
2021-04-26,77.5043,72.8
2021-04-27,77.2885,71.8
2021-04-28,76.981,70.7
2021-04-29,77.3534,72.1
2021-04-30,75.4895,75.9
2021-05-01,75.3927,77.4
2021-05-02,75.6777,77.7
2021-05-03,75.8929,78.0
2021-05-04,75.6573,77.6
2021-05-05,75.1831,76.3
2021-05-06,75.9651,76.3
2021-05-07,79.1147,72.4
2021-05-08,80.8425,74.9
2021-05-09,82.1162,74.9
2021-05-10,82.6162,76.5
2021-05-11,80.407,78.2
2021-05-12,79.6051,77.7
2021-05-13,79.6806,74.0
2021-05-14,78.4776,75.5
2021-05-15,78.8317,77.5
2021-05-16,78.7232,81.0
2021-05-17,79.1986,74.5
2021-05-18,80.7097,85.7
2021-05-19,80.366,90.3
2021-05-20,78.0777,85.5
2021-05-21,76.7333,79.5
2021-05-22,77.7425,78.1
2021-05-23,79.5259,76.5
2021-05-24,76.0384,84.0
2021-05-25,79.9295,77.3
2021-05-26,80.6693,78.5
2021-05-27,79.9702,77.7
2021-05-28,78.2853,79.4
2021-05-29,78.644,76.6
2021-05-30,78.1439,79.7
2021-05-31,81.0561,83.2
2021-06-01,78.0726,82.3
2021-06-02,79.1967,81.0
2021-06-03,78.3829,75.6
2021-06-04,79.2204,79.7
2021-06-05,77.8586,80.0
2021-06-06,80.0813,80.5
2021-06-07,81.8517,79.3
2021-06-08,82.6357,77.9
2021-06-09,82.6032,79.6
2021-06-10,80.7916,87.7
2021-06-11,82.851,79.5
2021-06-12,82.3752,79.6
2021-06-13,82.9545,78.9
2021-06-14,82.6955,81.7
2021-06-15,82.1217,83.4
2021-06-16,82.4665,82.3
2021-06-17,83.8293,83.3
2021-06-18,81.7318,86.1
2021-06-19,81.1042,85.1
2021-06-20,81.5853,89.9
2021-06-21,81.8064,91.6
2021-06-22,82.715,95.6
2021-06-23,82.2923,97.3
2021-06-24,82.4931,97.2
2021-06-25,83.7179,98.1
2021-06-26,83.3478,96.8
2021-06-27,85.5897,94.1
2021-06-28,85.3101,92.4
2021-06-29,87.7802,86.0
2021-06-30,88.3213,78.6
2021-07-01,86.5959,75.9
2021-07-02,86.446,76.2
2021-07-03,84.0628,76.5
2021-07-04,85.4747,76.0
2021-07-05,83.1399,74.0
2021-07-06,82.3159,74.3
2021-07-07,79.7142,74.5
2021-07-08,78.5715,75.9
2021-07-09,79.2164,77.5
2021-07-10,80.325,80.0
2021-07-11,80.851,83.0
2021-07-12,80.8717,85.3
2021-07-13,81.87,89.8
2021-07-14,82.4151,96.5
2021-07-15,83.1188,91.8
2021-07-16,86.3258,90.2
2021-07-17,88.9102,86.5
2021-07-18,90.5542,84.2
2021-07-19,89.3313,83.4
2021-07-20,89.1443,82.1
2021-07-21,91.8311,81.2
2021-07-22,88.4709,78.1
2021-07-23,84.7413,77.8
2021-07-24,82.1894,78.2
2021-07-25,80.8556,77.2
2021-07-26,79.8029,76.8
2021-07-27,81.0538,78.1
2021-07-28,80.6974,72.8
2021-07-29,79.5018,76.5
2021-07-30,79.2273,76.5
2021-07-31,79.9035,75.8
2021-08-01,78.6533,75.5
2021-08-02,78.9221,75.0
2021-08-03,81.0724,75.3
2021-08-04,79.0577,75.8
2021-08-05,80.6246,75.6
2021-08-06,80.3911,74.8
2021-08-07,81.4172,74.5
2021-08-08,81.2591,76.5
2021-08-09,81.6544,76.3
2021-08-10,80.5034,75.0
2021-08-11,81.6965,77.1
2021-08-12,81.4723,76.7
2021-08-13,79.9788,79.5
2021-08-14,79.0247,78.9
2021-08-15,80.5151,78.8
2021-08-16,81.0566,79.8
2021-08-17,80.0452,82.6
2021-08-18,79.9188,85.4
2021-08-19,79.0624,90.5
2021-08-20,80.1842,91.3
2021-08-21,80.8416,91.7
2021-08-22,80.2577,90.5
2021-08-23,81.1,92.4
2021-08-24,83.1177,86.0
2021-08-25,80.2943,85.7
2021-08-26,82.4322,87.3
2021-08-27,84.3158,85.3
2021-08-28,83.635,88.0
2021-08-29,82.049,94.9
2021-08-30,82.2583,101.1
2021-08-31,79.8992,102.8
2021-09-01,80.9741,101.9
2021-09-02,80.8674,101.1
2021-09-03,81.3592,97.6
2021-09-04,83.7227,93.0
2021-09-05,89.2729,88.8
2021-09-06,92.4489,84.3
2021-09-07,90.002,79.0
2021-09-08,89.5854,76.1
2021-09-09,89.2811,74.0
2021-09-10,87.9263,74.1
2021-09-11,84.461,74.4
2021-09-12,85.9521,75.7
2021-09-13,86.3649,80.7
2021-09-14,84.0816,85.5
2021-09-15,82.6449,89.2
2021-09-16,82.3031,90.2
2021-09-17,82.1105,88.9
2021-09-18,84.0272,88.9
2021-09-19,84.1881,86.7
2021-09-20,90.8198,85.6
2021-09-21,94.9117,89.3
2021-09-22,94.0717,102.0
2021-09-23,94.6698,94.8
2021-09-24,93.7697,90.7
2021-09-25,93.4489,87.1
2021-09-26,91.0052,86.1
2021-09-27,88.9175,83.5
2021-09-28,88.5353,81.7
2021-09-29,96.2587,84.7
2021-09-30,91.9204,85.6
2021-10-01,85.2165,92.2
2021-10-02,82.994,89.8
2021-10-03,84.4186,84.2
2021-10-04,84.8381,88.2
2021-10-05,84.262,83.1
2021-10-06,85.9519,83.1
2021-10-07,84.4726,83.6
2021-10-08,88.0373,81.2
2021-10-09,87.3513,79.8
2021-10-10,86.0809,77.1
2021-10-11,86.8687,76.2
2021-10-12,85.4251,78.2
2021-10-13,84.1059,77.2
2021-10-14,84.2355,81.6
2021-10-15,84.3403,84.8
2021-10-16,83.5572,89.1
2021-10-17,82.1564,92.8
2021-10-18,84.523,100.6
2021-10-19,86.3682,109.4
2021-10-20,83.5391,110.8
2021-10-21,85.6047,111.3
2021-10-22,87.2493,106.5
2021-10-23,90.7623,108.9
2021-10-24,93.8758,100.2
2021-10-25,94.4376,96.1
2021-10-26,97.5085,94.5
2021-10-27,100.3264,90.9
2021-10-28,98.8011,90.8
2021-10-29,97.0071,89.6
2021-10-30,92.1014,85.4
2021-10-31,90.0571,88.2
2021-11-01,88.9804,89.1
2021-11-02,87.4457,89.6
2021-11-03,85.4373,86.9
2021-11-04,82.8116,82.5
2021-11-05,84.476,82.3
2021-11-06,86.1181,81.9
2021-11-07,85.4602,77.4
2021-11-08,87.0068,79.1
2021-11-09,89.7458,79.0
2021-11-10,88.2848,78.5
2021-11-11,88.171,77.1
2021-11-12,88.9867,77.0
2021-11-13,89.4735,79.7
2021-11-14,87.0594,77.9
2021-11-15,88.3656,77.5
2021-11-16,89.9483,78.9
2021-11-17,89.0233,84.4
2021-11-18,85.0144,82.7
2021-11-19,84.0087,91.1
2021-11-20,87.0098,90.0
2021-11-21,85.1436,91.0
2021-11-22,84.5879,89.8
2021-11-23,85.3943,87.5
2021-11-24,88.47,84.0
2021-11-25,86.4123,84.2
2021-11-26,88.2269,82.9
2021-11-27,86.1804,85.6
2021-11-28,86.0779,80.3
2021-11-29,84.2306,77.6
2021-11-30,83.1979,76.6
2021-12-01,80.5431,74.6
2021-12-02,80.1761,74.4
2021-12-03,79.7861,73.4
2021-12-04,81.6009,73.9
2021-12-05,81.2835,77.4
2021-12-06,80.0841,78.2
2021-12-07,79.4008,86.2
2021-12-08,78.9223,99.3
2021-12-09,79.578,114.2
2021-12-10,80.6065,117.0
2021-12-11,81.1736,117.4
2021-12-12,85.127,111.6
2021-12-13,87.3257,118.8
2021-12-14,90.9373,132.2
2021-12-15,102.6929,135.8
2021-12-16,106.4429,125.6
2021-12-17,106.2385,122.1
2021-12-18,101.9716,126.5
2021-12-19,97.4213,121.2
2021-12-20,97.8888,119.9
2021-12-21,106.1658,116.5
2021-12-22,108.3917,107.8
2021-12-23,101.1806,99.0
2021-12-24,99.7722,98.2
2021-12-25,97.513,90.8
2021-12-26,93.4657,86.0
2021-12-27,93.3364,81.3
2021-12-28,90.7702,82.7
2021-12-29,89.4428,81.0
2021-12-30,85.6649,90.6
2021-12-31,89.7822,103.8
