t_date,oof_adj,y_adj
1996-02-29,69.0938,68.2
1996-03-01,69.2384,70.9
1996-03-02,70.2108,72.4
1996-03-03,70.8844,70.5
1996-03-04,72.9258,70.0
1996-03-05,70.5728,69.6
1996-03-06,69.5588,70.3
1996-03-07,71.6117,70.0
1996-03-08,70.7444,70.0
1996-03-09,70.5789,69.4
1996-03-10,71.5516,68.8
1996-03-11,76.2993,69.9
1996-03-12,73.4995,73.4
1996-03-13,72.1633,71.6
1996-03-14,71.7502,70.9
1996-03-15,72.062,72.1
1996-03-16,71.1323,71.6
1996-03-17,72.0228,71.6
1996-03-18,74.1549,71.7
1996-03-19,71.941,70.3
1996-03-20,70.2765,70.1
1996-03-21,70.3633,70.0
1996-03-22,68.8019,68.1
1996-03-23,66.933,70.6
1996-03-24,67.7769,71.1
1996-03-25,67.4676,70.2
1996-03-26,68.2558,70.0
1996-03-27,68.3386,68.8
1996-03-28,69.1292,68.6
1996-03-29,69.8701,68.6
1996-03-30,70.1008,69.3
1996-03-31,72.0876,69.1
1996-04-01,69.7467,68.8
1996-04-02,72.562,68.7
1996-04-03,71.4006,69.3
1996-04-04,71.6262,69.1
1996-04-05,71.6254,68.5
1996-04-06,72.1748,68.8
1996-04-07,72.4995,69.9
1996-04-08,72.6318,70.8
1996-04-09,73.84,71.2
1996-04-10,74.1961,72.3
1996-04-11,74.1156,74.8
1996-04-12,76.086,73.2
1996-04-13,73.51,71.9
1996-04-14,71.1244,69.5
1996-04-15,70.436,68.7
1996-04-16,70.4767,69.1
1996-04-17,70.9087,69.2
1996-04-18,69.9836,68.6
1996-04-19,67.8663,69.5
1996-04-20,66.5924,69.6
1996-04-21,66.1136,68.9
1996-04-22,68.2071,69.0
1996-04-23,70.8611,69.5
1996-04-24,72.7218,70.6
1996-04-25,70.3739,72.0
1996-04-26,71.2124,76.0
1996-04-27,71.9123,76.3
1996-04-28,72.1416,77.5
1996-04-29,72.7348,77.7
1996-04-30,72.987,79.1
1996-05-01,72.8379,78.0
1996-05-02,74.3267,75.1
1996-05-03,75.1541,74.3
1996-05-04,76.0271,73.4
1996-05-05,74.4759,72.5
1996-05-06,77.5312,72.6
1996-05-07,76.6173,72.9
1996-05-08,76.4123,72.0
1996-05-09,75.1104,70.4
1996-05-10,71.9971,69.6
1996-05-11,68.1058,68.5
1996-05-12,66.7101,68.1
1996-05-13,67.0839,68.9
1996-05-14,68.001,69.0
1996-05-15,67.7415,68.7
1996-05-16,68.7443,68.7
1996-05-17,70.2882,68.4
1996-05-18,73.3856,67.8
1996-05-19,70.4393,68.3
1996-05-20,71.8772,68.4
1996-05-21,69.7854,69.9
1996-05-22,69.2262,70.8
1996-05-23,69.7554,70.7
1996-05-24,70.3763,71.3
1996-05-25,70.7505,71.6
1996-05-26,71.0522,73.0
1996-05-27,71.1917,73.9
1996-05-28,71.1575,75.9
1996-05-29,71.4856,72.9
1996-05-30,73.3508,72.4
1996-05-31,74.774,71.5
1996-06-01,76.399,70.6
1996-06-02,74.3162,69.7
1996-06-03,71.4577,70.7
1996-06-04,69.4082,70.1
1996-06-05,67.5702,69.5
1996-06-06,67.8383,69.6
1996-06-07,69.3014,69.8
1996-06-08,69.0688,69.9
1996-06-09,68.1429,70.7
1996-06-10,69.4236,71.9
1996-06-11,71.6319,72.7
1996-06-12,74.9222,72.6
1996-06-13,73.4014,72.0
1996-06-14,72.9977,75.2
1996-06-15,72.7978,74.7
1996-06-16,72.5112,74.5
1996-06-17,72.205,74.0
1996-06-18,73.5733,74.2
1996-06-19,74.3106,73.7
1996-06-20,74.3956,73.6
1996-06-21,74.2461,73.3
1996-06-22,73.8518,72.8
1996-06-23,72.2682,71.3
1996-06-24,73.4238,71.5
1996-06-25,73.187,71.0
1996-06-26,71.0215,70.5
1996-06-27,68.0144,74.3
1996-06-28,66.7533,84.3
1996-06-29,68.2104,86.5
1996-06-30,68.5536,82.5
1996-07-01,70.0219,79.6
1996-07-02,71.0539,76.2
1996-07-03,70.4435,72.5
1996-07-04,69.0617,70.0
1996-07-05,73.1595,69.3
1996-07-06,74.0531,69.1
1996-07-07,75.6514,69.0
1996-07-08,77.3392,67.0
1996-07-09,75.3191,68.3
1996-07-10,75.1777,67.5
1996-07-11,74.34,67.2
1996-07-12,74.9068,68.2
1996-07-13,77.5749,68.9
1996-07-14,76.85,68.3
1996-07-15,75.5173,70.4
1996-07-16,74.4611,72.4
1996-07-17,73.5995,75.6
1996-07-18,72.2678,77.8
1996-07-19,72.5656,80.3
1996-07-20,71.8502,82.3
1996-07-21,71.5004,82.7
1996-07-22,71.7142,82.8
1996-07-23,72.3934,81.9
1996-07-24,71.93,81.6
1996-07-25,72.9129,79.9
1996-07-26,75.8158,76.2
1996-07-27,76.7626,75.1
1996-07-28,77.0352,73.7
1996-07-29,77.5262,71.7
1996-07-30,77.5837,72.1
1996-07-31,72.582,73.6
1996-08-01,71.1602,74.8
1996-08-02,70.2984,72.0
1996-08-03,70.1029,71.4
1996-08-04,67.7059,70.5
1996-08-05,67.3836,69.3
1996-08-06,68.0748,69.3
1996-08-07,68.305,69.5
1996-08-08,68.6724,68.4
1996-08-09,69.6752,69.3
1996-08-10,69.6957,70.1
1996-08-11,67.7916,71.3
1996-08-12,68.6678,74.5
1996-08-13,71.4944,75.8
1996-08-14,74.1069,76.2
1996-08-15,75.2946,76.3
1996-08-16,75.4534,75.8
1996-08-17,76.4545,75.9
1996-08-18,76.5558,74.7
1996-08-19,78.7267,75.0
1996-08-20,79.4341,74.7
1996-08-21,80.2922,77.6
1996-08-22,77.2703,74.8
1996-08-23,78.3154,73.6
1996-08-24,78.8552,72.4
1996-08-25,77.5426,72.0
1996-08-26,77.0962,71.4
1996-08-27,74.2572,70.8
1996-08-28,72.9551,70.5
1996-08-29,70.5815,69.2
1996-08-30,70.3558,68.8
1996-08-31,71.4067,68.9
1996-09-01,69.4785,68.5
1996-09-02,68.7928,68.6
1996-09-03,69.2195,68.1
1996-09-04,69.3834,67.9
1996-09-05,71.4824,67.1
1996-09-06,72.7849,68.7
1996-09-07,73.6193,69.6
1996-09-08,69.8639,69.6
1996-09-09,72.1937,69.8
1996-09-10,73.5686,69.7
1996-09-11,74.808,70.3
1996-09-12,76.7076,69.1
1996-09-13,74.0644,70.4
1996-09-14,73.8187,70.4
1996-09-15,73.4997,71.2
1996-09-16,74.3502,70.4
1996-09-17,74.7297,70.1
1996-09-18,75.5332,71.2
1996-09-19,74.7771,70.3
1996-09-20,74.013,69.7
1996-09-21,73.5967,69.6
1996-09-22,72.7038,69.8
1996-09-23,72.7038,69.6
1996-09-24,72.4546,69.4
1996-09-25,72.5268,68.5
1996-09-26,72.1113,68.8
1996-09-27,71.7943,68.2
1996-09-28,72.0331,67.7
1996-09-29,71.72,67.7
1996-09-30,71.4837,67.4
1996-10-01,71.4815,66.4
1996-10-02,71.6684,66.9
1996-10-03,71.7733,67.3
1996-10-04,71.856,68.2
1996-10-05,71.6686,68.6
1996-10-06,71.8564,68.1
1996-10-07,71.7689,68.0
1996-10-08,71.6515,69.0
1996-10-09,71.695,70.4
1996-10-10,71.6392,70.6
1996-10-11,71.2886,69.0
1996-10-12,71.4209,69.1
1996-10-13,71.5693,69.1
1996-10-14,71.8585,69.1
1996-10-15,71.941,69.1
1996-10-16,71.6268,70.3
1996-10-17,71.3699,71.2
1996-10-18,71.5009,67.5
1996-10-19,71.8209,69.4
1996-10-20,70.9292,69.7
1996-10-21,70.1534,68.6
1996-10-22,70.0092,68.5
1996-10-23,70.4257,67.9
1996-10-24,70.6784,68.3
1996-10-25,70.8035,67.8
1996-10-26,70.0595,67.1
1996-10-27,69.8444,68.0
1996-10-28,69.7629,67.3
1996-10-29,70.9008,67.8
1996-10-30,71.1927,68.9
1996-10-31,70.9784,69.6
1996-11-01,70.8525,70.0
1996-11-02,71.0015,70.7
1996-11-03,71.2911,71.5
1996-11-04,71.2116,72.1
1996-11-05,70.9503,71.9
1996-11-06,71.1898,72.2
1996-11-07,70.913,70.4
1996-11-08,70.9602,72.4
1996-11-09,72.1703,72.6
1996-11-10,72.2154,72.7
1996-11-11,71.256,72.6
1996-11-12,71.3954,80.6
1996-11-13,71.537,88.7
1996-11-14,69.1362,97.3
1996-11-15,69.5712,101.7
1996-11-16,71.5898,100.8
1996-11-17,69.5477,100.0
1996-11-18,67.9844,95.4
1996-11-19,68.3749,88.5
1996-11-20,70.1727,85.1
1996-11-21,71.0094,80.8
1996-11-22,73.5041,75.7
1996-11-23,73.7091,70.7
1996-11-24,80.8371,68.6
1996-11-25,71.2933,67.6
1996-11-26,69.6904,67.6
1996-11-27,68.704,67.1
1996-11-28,66.8545,66.6
1996-11-29,67.1227,71.5
1996-11-30,67.4017,70.2
1996-12-01,67.306,75.2
1996-12-02,69.3515,78.6
1996-12-03,71.2371,79.2
1996-12-04,72.9131,80.0
1996-12-05,74.3313,82.3
1996-12-06,75.5324,83.5
1996-12-07,74.9759,83.6
1996-12-08,77.0842,85.6
1996-12-09,79.7592,84.6
1996-12-10,79.546,80.3
1996-12-11,82.2392,80.9
1996-12-12,82.423,78.9
1996-12-13,81.7558,76.9
1996-12-14,80.6111,76.4
1996-12-15,78.8598,74.7
1996-12-16,78.8992,73.0
1996-12-17,76.065,72.2
1996-12-18,74.4373,71.8
1996-12-19,71.9365,71.4
1996-12-20,71.0519,70.1
1996-12-21,69.9698,69.8
1996-12-22,68.652,70.0
1996-12-23,67.512,69.7
1996-12-24,73.286,70.8
1996-12-25,71.9524,71.4
1996-12-26,73.8068,71.9
1996-12-27,75.605,70.6
1996-12-28,76.8153,70.9
1996-12-29,76.5291,71.3
1996-12-30,76.5992,71.3
1996-12-31,76.8498,72.9
1997-01-01,77.1614,71.6
1997-01-02,77.1405,72.1
1997-01-03,78.4017,72.1
1997-01-04,79.8457,72.4
1997-01-05,78.9613,73.3
1997-01-06,77.0563,72.4
1997-01-07,77.8016,71.7
1997-01-08,74.6208,72.2
1997-01-09,72.5641,72.9
1997-01-10,71.5359,74.3
1997-01-11,71.5281,71.8
1997-01-12,72.3137,70.7
1997-01-13,73.3304,71.1
1997-01-14,73.9297,71.9
1997-01-15,74.3014,70.9
1997-01-16,73.8013,71.9
1997-01-17,74.2471,71.3
1997-01-18,73.6404,70.8
1997-01-19,72.2237,72.4
1997-01-20,73.9336,71.5
1997-01-21,73.8622,70.3
1997-01-22,73.7625,69.2
1997-01-23,75.6122,76.2
1997-01-24,79.4384,77.4
1997-01-25,78.5139,78.4
1997-01-26,77.9809,73.3
1997-01-27,76.2228,72.2
1997-01-28,72.8408,73.7
1997-01-29,75.9367,73.2
1997-01-30,73.5847,71.2
1997-01-31,73.6487,70.4
1997-02-01,73.177,69.3
1997-02-02,75.4688,69.1
1997-02-03,72.5009,69.3
1997-02-04,72.6941,69.6
1997-02-05,71.1225,70.1
1997-02-06,72.3093,70.3
1997-02-07,74.0988,71.4
1997-02-08,76.1766,71.2
1997-02-09,75.0665,70.4
1997-02-10,72.2205,71.0
1997-02-11,72.8736,71.6
1997-02-12,73.4889,71.9
1997-02-13,73.9053,73.0
1997-02-14,74.1427,73.1
1997-02-15,74.329,72.6
1997-02-16,76.42,72.4
1997-02-17,74.0007,72.4
1997-02-18,73.4286,71.5
1997-02-19,74.7469,72.9
1997-02-20,77.1322,71.1
1997-02-21,75.5843,72.8
1997-02-22,75.9297,72.8
1997-02-23,75.8869,73.4
1997-02-24,77.8012,74.2
1997-02-25,75.8903,73.1
1997-02-26,71.9483,73.6
1997-02-27,71.6649,74.1
1997-02-28,71.5613,73.8
1997-03-01,72.29,73.4
1997-03-02,71.9871,73.4
1997-03-03,73.8198,73.3
1997-03-04,75.1934,74.7
1997-03-05,76.1194,75.0
1997-03-06,79.0204,75.0
1997-03-07,78.4122,74.4
1997-03-08,77.8262,73.7
1997-03-09,77.1601,73.1
1997-03-10,72.5858,71.0
1997-03-11,72.0923,70.0
1997-03-12,71.4642,70.1
1997-03-13,71.5178,70.3
1997-03-14,70.1699,70.6
1997-03-15,70.9615,70.2
1997-03-16,69.77,69.5
1997-03-17,70.0134,71.9
1997-03-18,72.3975,72.9
1997-03-19,70.5942,75.1
1997-03-20,72.7946,73.8
1997-03-21,70.0272,74.6
1997-03-22,70.7672,76.2
1997-03-23,71.6565,80.4
1997-03-24,72.4329,78.8
1997-03-25,73.2661,78.6
1997-03-26,73.5797,80.3
1997-03-27,76.8901,78.3
1997-03-28,77.2983,77.0
1997-03-29,77.1883,76.3
1997-03-30,77.6026,78.3
1997-03-31,75.0669,78.0
1997-04-01,75.3228,77.4
1997-04-02,77.4448,76.9
1997-04-03,76.86,79.3
1997-04-04,76.6126,77.9
1997-04-05,75.7475,79.2
1997-04-06,71.422,75.6
1997-04-07,69.5007,72.3
1997-04-08,66.9364,70.7
1997-04-09,68.6126,70.6
1997-04-10,68.2711,70.4
1997-04-11,64.807,70.9
1997-04-12,65.7495,71.5
1997-04-13,68.6053,69.7
1997-04-14,69.5607,70.7
1997-04-15,69.5179,69.6
1997-04-16,69.0833,71.8
1997-04-17,68.249,74.1
1997-04-18,72.7483,73.4
1997-04-19,76.1829,72.9
1997-04-20,77.1922,73.7
1997-04-21,78.2446,73.4
1997-04-22,78.9898,73.3
1997-04-23,78.6594,72.3
1997-04-24,77.3486,72.1
1997-04-25,77.1727,73.6
1997-04-26,74.0851,73.4
1997-04-27,74.1891,73.3
1997-04-28,74.6255,73.3
1997-04-29,77.1987,73.0
1997-04-30,74.502,74.8
1997-05-01,74.5896,73.8
1997-05-02,74.399,73.7
1997-05-03,71.1144,75.4
1997-05-04,74.0423,75.1
1997-05-05,74.0617,74.7
1997-05-06,74.6074,73.9
1997-05-07,75.4798,74.4
1997-05-08,71.9565,75.8
1997-05-09,71.8128,76.0
1997-05-10,73.079,81.1
1997-05-11,73.9049,86.9
1997-05-12,75.2989,83.0
1997-05-13,74.6643,78.1
1997-05-14,74.2616,78.9
1997-05-15,73.898,80.1
1997-05-16,75.3559,82.0
1997-05-17,76.5604,80.4
1997-05-18,72.5148,79.5
1997-05-19,71.9541,77.6
1997-05-20,73.9508,77.2
1997-05-21,76.3904,74.5
1997-05-22,74.9981,79.6
1997-05-23,69.6727,79.1
1997-05-24,73.544,77.4
1997-05-25,75.6738,76.1
1997-05-26,75.4227,76.1
1997-05-27,76.0409,76.4
1997-05-28,74.5728,76.9
1997-05-29,78.2095,75.4
1997-05-30,79.1744,75.3
1997-05-31,78.9623,74.2
1997-06-01,76.8669,73.0
1997-06-02,76.0439,71.8
1997-06-03,76.523,72.3
1997-06-04,78.228,72.9
1997-06-05,79.7073,73.0
1997-06-06,79.1255,74.4
1997-06-07,80.2646,71.8
1997-06-08,81.022,73.5
1997-06-09,80.8219,72.4
1997-06-10,81.9208,72.5
1997-06-11,78.0652,69.8
1997-06-12,78.259,71.8
1997-06-13,75.029,71.3
1997-06-14,74.0084,72.2
1997-06-15,73.9095,74.1
1997-06-16,73.641,74.2
1997-06-17,73.1602,74.1
1997-06-18,74.7673,73.6
1997-06-19,73.6605,72.6
1997-06-20,74.2894,72.1
1997-06-21,75.2142,72.4
1997-06-22,72.2639,72.4
1997-06-23,74.8807,71.4
1997-06-24,75.2339,72.0
1997-06-25,74.3769,72.0
1997-06-26,70.5767,70.6
1997-06-27,70.5888,72.6
1997-06-28,71.1522,72.1
1997-06-29,73.041,72.3
1997-06-30,72.66,70.8
1997-07-01,74.6244,70.9
1997-07-02,76.4393,69.6
1997-07-03,76.7787,69.3
1997-07-04,75.6495,70.3
1997-07-05,75.1634,71.5
1997-07-06,73.3555,71.9
1997-07-07,70.1536,72.2
1997-07-08,70.4624,72.3
1997-07-09,69.8602,72.8
1997-07-10,72.0816,73.5
1997-07-11,74.2435,73.6
1997-07-12,75.7294,74.5
1997-07-13,76.5437,78.1
1997-07-14,77.6362,81.2
1997-07-15,76.0501,83.0
1997-07-16,75.6228,79.0
1997-07-17,76.0727,76.8
1997-07-18,74.7037,76.5
1997-07-19,72.4613,75.0
1997-07-20,73.5586,73.2
1997-07-21,72.8926,72.5
1997-07-22,78.0812,73.2
1997-07-23,79.3036,72.9
1997-07-24,80.262,74.3
1997-07-25,74.3366,74.9
1997-07-26,73.0433,76.9
1997-07-27,71.8942,79.0
1997-07-28,72.5007,80.1
1997-07-29,71.9971,79.9
1997-07-30,71.4536,80.3
1997-07-31,73.4604,80.4
1997-08-01,75.068,81.6
1997-08-02,78.383,83.0
1997-08-03,78.5384,84.2
1997-08-04,76.378,81.6
1997-08-05,74.9184,79.6
1997-08-06,75.5093,79.8
1997-08-07,74.5603,77.4
1997-08-08,78.1369,77.7
1997-08-09,78.4774,76.1
1997-08-10,80.491,76.3
1997-08-11,81.5686,76.3
1997-08-12,80.4681,77.2
1997-08-13,79.0931,78.2
1997-08-14,77.9682,79.4
1997-08-15,72.939,83.7
1997-08-16,75.1745,85.5
1997-08-17,73.2804,83.5
1997-08-18,74.3416,92.3
1997-08-19,72.7965,93.3
1997-08-20,75.6608,93.8
1997-08-21,77.2357,98.2
1997-08-22,78.29,95.1
1997-08-23,79.3864,93.3
1997-08-24,79.8287,94.7
1997-08-25,83.6172,94.6
1997-08-26,84.6027,97.6
1997-08-27,83.8869,99.1
1997-08-28,80.9597,103.6
1997-08-29,79.7839,109.3
1997-08-30,77.5253,117.7
1997-08-31,82.8474,116.4
1997-09-01,80.408,110.0
1997-09-02,78.7476,110.3
1997-09-03,82.0482,108.9
1997-09-04,84.3614,103.7
1997-09-05,83.2975,99.1
1997-09-06,86.6912,96.4
1997-09-07,88.2705,94.0
1997-09-08,89.6724,89.0
1997-09-09,90.659,89.1
1997-09-10,81.7924,88.4
1997-09-11,80.5286,85.8
1997-09-12,77.9665,89.6
1997-09-13,80.9025,92.3
1997-09-14,81.8666,93.5
1997-09-15,79.2806,88.9
1997-09-16,80.1353,89.5
1997-09-17,81.7565,88.8
1997-09-18,82.3567,87.5
1997-09-19,85.0131,90.0
1997-09-20,84.9387,87.9
1997-09-21,89.3894,87.3
1997-09-22,92.7615,86.0
1997-09-23,94.7898,85.8
1997-09-24,94.3474,83.4
1997-09-25,90.5213,84.3
1997-09-26,91.0737,83.6
1997-09-27,89.0549,83.4
1997-09-28,88.3199,82.7
1997-09-29,89.426,83.3
1997-09-30,91.4949,84.0
1997-10-01,91.2347,85.8
1997-10-02,91.6227,88.3
1997-10-03,90.3657,87.8
1997-10-04,88.5271,84.3
1997-10-05,85.5595,86.4
1997-10-06,85.1289,86.9
1997-10-07,86.7538,87.5
1997-10-08,83.9397,85.9
1997-10-09,82.7571,84.0
1997-10-10,78.5032,82.1
1997-10-11,77.0311,84.2
1997-10-12,80.2034,79.9
1997-10-13,79.7965,78.8
1997-10-14,84.2809,77.7
1997-10-15,85.0508,80.5
1997-10-16,85.8378,81.0
1997-10-17,86.0322,83.3
1997-10-18,87.0151,84.4
1997-10-19,83.3727,86.0
1997-10-20,84.4525,86.9
1997-10-21,85.4842,89.2
1997-10-22,84.8195,91.6
1997-10-23,84.8886,96.2
1997-10-24,86.6451,108.0
1997-10-25,87.7451,115.9
1997-10-26,88.7527,111.9
1997-10-27,88.7048,103.5
1997-10-28,90.2191,92.7
1997-10-29,89.049,87.9
1997-10-30,88.5969,84.8
1997-10-31,84.424,87.6
1997-11-01,82.5763,89.6
1997-11-02,83.5094,85.4
1997-11-03,85.5859,88.2
1997-11-04,82.6806,91.0
1997-11-05,82.6638,94.1
1997-11-06,80.1236,94.1
1997-11-07,77.8655,92.0
1997-11-08,78.2979,89.4
1997-11-09,80.8059,96.8
1997-11-10,80.1861,86.5
1997-11-11,85.8295,93.6
1997-11-12,88.1434,97.7
1997-11-13,95.9673,97.3
1997-11-14,98.978,100.6
1997-11-15,101.0227,99.4
1997-11-16,101.4205,105.2
1997-11-17,98.8731,108.2
1997-11-18,97.3902,113.2
1997-11-19,97.0777,109.0
1997-11-20,93.088,109.3
1997-11-21,96.5463,113.7
1997-11-22,98.7267,109.0
1997-11-23,98.6674,109.0
1997-11-24,100.6538,104.2
1997-11-25,101.1294,100.7
1997-11-26,101.836,105.6
1997-11-27,102.403,96.0
1997-11-28,101.7961,95.1
1997-11-29,99.0346,93.8
1997-11-30,90.1514,92.2
1997-12-01,88.7468,93.4
1997-12-02,85.3059,89.6
1997-12-03,83.774,86.5
1997-12-04,83.5593,87.1
1997-12-05,82.0284,86.3
1997-12-06,84.9402,82.0
1997-12-07,87.0634,82.9
1997-12-08,88.9122,83.5
1997-12-09,85.4344,86.8
1997-12-10,83.7943,86.7
1997-12-11,83.2345,89.0
1997-12-12,82.6881,85.5
1997-12-13,84.2376,100.7
1997-12-14,87.4671,104.3
1997-12-15,90.505,101.3
1997-12-16,91.1983,101.3
1997-12-17,88.587,92.7
1997-12-18,90.8386,98.7
1997-12-19,95.2256,101.0
1997-12-20,100.2575,101.0
1997-12-21,101.3312,101.1
1997-12-22,99.238,98.3
1997-12-23,103.0417,97.6
1997-12-24,101.4969,97.7
1997-12-25,98.0737,87.7
1997-12-26,97.3224,86.3
1997-12-27,86.4864,84.1
1997-12-28,87.7718,82.1
1997-12-29,87.4327,79.5
1997-12-30,83.9537,78.9
1997-12-31,83.9645,78.0
1998-01-01,78.7776,82.0
1998-01-02,78.1335,92.7
1998-01-03,79.8397,87.5
1998-01-04,79.0999,90.8
1998-01-05,84.4432,94.6
1998-01-06,86.9344,94.4
1998-01-07,92.3612,93.1
1998-01-08,94.2056,92.0
1998-01-09,97.1069,90.5
1998-01-10,98.4039,88.5
1998-01-11,99.0323,88.0
1998-01-12,98.693,90.1
1998-01-13,95.7438,93.9
1998-01-14,98.4361,94.5
1998-01-15,95.8596,105.0
1998-01-16,93.7157,96.9
1998-01-17,93.0286,97.7
1998-01-18,89.9181,93.7
1998-01-19,89.8214,90.9
1998-01-20,92.7041,88.4
1998-01-21,91.0395,86.8
1998-01-22,91.7573,88.1
1998-01-23,94.1546,86.5
1998-01-24,93.804,86.3
1998-01-25,92.5714,86.6
1998-01-26,86.6552,83.1
1998-01-27,82.3215,81.8
1998-01-28,79.792,80.8
1998-01-29,80.3293,81.3
1998-01-30,83.0173,81.5
1998-01-31,86.0287,81.5
1998-02-01,90.3438,84.0
1998-02-02,92.3078,88.3
1998-02-03,95.6488,92.3
1998-02-04,95.3925,102.3
1998-02-05,93.0784,104.7
1998-02-06,91.9253,104.2
1998-02-07,87.7589,102.4
1998-02-08,90.1697,100.9
1998-02-09,91.8878,96.3
1998-02-10,94.3224,93.6
1998-02-11,96.3339,92.8
1998-02-12,97.462,93.5
1998-02-13,97.9345,97.3
1998-02-14,99.0308,96.6
1998-02-15,96.8594,92.9
1998-02-16,94.9016,90.9
1998-02-17,92.1673,88.6
1998-02-18,84.5689,92.3
1998-02-19,84.8532,96.5
1998-02-20,84.2462,95.1
1998-02-21,86.4658,95.0
1998-02-22,86.0661,100.0
1998-02-23,87.2198,95.1
1998-02-24,87.0816,90.3
1998-02-25,83.4241,90.5
1998-02-26,83.7839,89.9
1998-02-27,84.3479,88.7
1998-02-28,90.6848,95.0
1998-03-01,92.9861,99.4
1998-03-02,93.9493,100.3
1998-03-03,91.2362,103.7
1998-03-04,92.3611,118.2
1998-03-05,92.2032,131.6
1998-03-06,95.6463,122.6
1998-03-07,99.167,124.3
1998-03-08,100.0623,125.9
1998-03-09,98.8008,123.5
1998-03-10,99.8822,125.5
1998-03-11,100.963,124.9
1998-03-12,100.4295,126.8
1998-03-13,98.6029,121.3
1998-03-14,97.4501,119.9
1998-03-15,93.7828,114.4
1998-03-16,89.6806,109.5
1998-03-17,88.022,110.0
1998-03-18,91.0933,103.6
1998-03-19,91.2772,100.0
1998-03-20,91.9584,107.2
1998-03-21,95.2776,107.9
1998-03-22,98.0933,105.6
1998-03-23,99.1202,103.4
1998-03-24,101.2142,103.6
1998-03-25,90.995,110.2
1998-03-26,92.9768,126.4
1998-03-27,95.1836,133.7
1998-03-28,96.5486,135.5
1998-03-29,102.1897,141.0
1998-03-30,106.2633,140.2
1998-03-31,108.6967,130.2
1998-04-01,106.5806,128.8
1998-04-02,104.1993,117.6
1998-04-03,103.5414,115.5
1998-04-04,109.4795,112.6
1998-04-05,116.5,113.5
1998-04-06,117.7932,107.2
1998-04-07,114.6536,102.1
1998-04-08,112.5479,99.4
1998-04-09,109.0714,96.7
1998-04-10,101.169,98.7
1998-04-11,95.5328,92.9
1998-04-12,90.8152,88.5
1998-04-13,90.2022,91.3
1998-04-14,92.4445,91.7
1998-04-15,94.7718,93.0
1998-04-16,95.6217,91.8
1998-04-17,96.9373,92.6
1998-04-18,100.7211,99.8
1998-04-19,104.8716,99.1
1998-04-20,103.663,104.1
1998-04-21,106.2364,115.1
1998-04-22,105.2836,118.8
1998-04-23,108.1288,119.3
1998-04-24,112.378,123.2
1998-04-25,114.2978,135.7
1998-04-26,113.1407,132.4
1998-04-27,113.2728,125.6
1998-04-28,113.204,120.2
1998-04-29,109.399,112.8
1998-04-30,109.1609,109.3
1998-05-01,110.9905,110.2
1998-05-02,108.3912,114.4
1998-05-03,102.3576,119.1
1998-05-04,102.0204,119.8
1998-05-05,103.629,118.6
1998-05-06,99.3861,120.4
1998-05-07,97.914,113.0
1998-05-08,95.314,104.6
1998-05-09,93.4349,101.5
1998-05-10,94.6443,94.1
1998-05-11,99.9753,91.2
1998-05-12,104.4735,89.6
1998-05-13,107.9895,92.6
1998-05-14,106.1237,98.0
1998-05-15,101.2764,94.7
1998-05-16,101.781,94.9
1998-05-17,99.9237,96.6
1998-05-18,100.1953,101.1
1998-05-19,101.0919,97.6
1998-05-20,102.3883,98.8
1998-05-21,103.2303,96.8
1998-05-22,105.0315,103.0
1998-05-23,107.7023,107.7
1998-05-24,112.4872,116.4
1998-05-25,110.9449,115.0
1998-05-26,111.5797,118.4
1998-05-27,112.7869,118.5
1998-05-28,112.4215,116.4
1998-05-29,104.1405,120.5
1998-05-30,105.7008,115.7
1998-05-31,102.4755,115.3
1998-06-01,104.1996,115.8
1998-06-02,104.401,115.7
1998-06-03,107.0876,113.9
1998-06-04,106.6165,105.1
1998-06-05,105.9144,103.6
1998-06-06,99.2798,107.3
1998-06-07,94.7486,103.9
1998-06-08,95.1392,103.3
1998-06-09,92.9119,101.8
1998-06-10,92.1561,104.4
1998-06-11,96.4746,105.4
1998-06-12,99.0698,103.8
1998-06-13,101.1153,98.9
1998-06-14,98.5153,108.8
1998-06-15,106.482,109.7
1998-06-16,109.3578,112.8
1998-06-17,109.8367,119.1
1998-06-18,109.9081,126.1
1998-06-19,108.3094,123.3
1998-06-20,109.3475,125.0
1998-06-21,108.0861,131.1
1998-06-22,110.2841,124.4
1998-06-23,111.6368,131.9
1998-06-24,118.1361,133.5
1998-06-25,117.6795,127.6
1998-06-26,115.7769,125.2
1998-06-27,116.6616,118.5
1998-06-28,118.1554,116.2
1998-06-29,113.9633,118.2
1998-06-30,109.79,112.9
1998-07-01,108.9242,111.3
1998-07-02,105.3883,102.6
1998-07-03,107.8108,109.7
1998-07-04,101.4692,106.3
1998-07-05,101.1578,108.2
1998-07-06,97.6809,109.7
1998-07-07,97.958,103.6
1998-07-08,94.4274,102.4
1998-07-09,97.5143,105.2
1998-07-10,102.1225,115.4
1998-07-11,106.4097,113.9
1998-07-12,107.0029,117.8
1998-07-13,109.5776,119.1
1998-07-14,108.6854,129.2
1998-07-15,115.657,125.5
1998-07-16,118.8383,122.8
1998-07-17,117.857,123.2
1998-07-18,112.3585,125.1
1998-07-19,112.2214,123.1
1998-07-20,118.3184,118.3
1998-07-21,117.6064,117.2
1998-07-22,115.7694,115.4
1998-07-23,117.6445,112.9
1998-07-24,121.2377,111.7
1998-07-25,119.6516,119.2
1998-07-26,105.8911,130.5
1998-07-27,106.5476,142.2
1998-07-28,105.9142,149.1
1998-07-29,103.5604,150.9
1998-07-30,101.0834,158.3
1998-07-31,99.5717,153.3
1998-08-01,100.6903,154.1
1998-08-02,105.458,150.9
1998-08-03,108.6888,140.4
1998-08-04,114.4278,140.6
1998-08-05,119.0647,136.8
1998-08-06,121.5764,143.3
1998-08-07,122.694,139.7
1998-08-08,122.5344,136.8
1998-08-09,126.4927,137.9
1998-08-10,120.2695,141.9
1998-08-11,121.0251,135.2
1998-08-12,123.5598,135.9
1998-08-13,113.4232,129.3
1998-08-14,113.8664,126.0
1998-08-15,117.3518,124.8
1998-08-16,121.53,129.6
1998-08-17,120.6344,137.8
1998-08-18,119.2722,142.0
1998-08-19,125.0648,149.4
1998-08-20,127.1285,166.4
1998-08-21,127.7757,181.8
1998-08-22,130.9086,180.2
1998-08-23,122.0117,166.3
1998-08-24,119.3829,165.5
1998-08-25,117.7669,157.3
1998-08-26,122.7739,156.8
1998-08-27,128.4432,167.1
1998-08-28,130.0855,153.5
1998-08-29,132.4603,155.8
1998-08-30,138.3266,147.4
1998-08-31,143.9416,143.6
1998-09-01,133.6564,140.4
1998-09-02,127.0983,136.6
1998-09-03,130.9575,132.3
1998-09-04,132.5272,123.3
1998-09-05,132.471,118.6
1998-09-06,130.2477,119.9
1998-09-07,130.1027,118.6
1998-09-08,133.1538,123.7
1998-09-09,135.7604,128.0
1998-09-10,128.9133,133.3
1998-09-11,124.9447,139.4
1998-09-12,126.4034,142.1
1998-09-13,129.2955,144.1
1998-09-14,127.8662,136.2
1998-09-15,121.7354,139.2
1998-09-16,132.9487,136.2
1998-09-17,135.2836,128.0
1998-09-18,135.2178,123.0
1998-09-19,136.2444,116.3
1998-09-20,135.046,121.8
1998-09-21,131.5028,119.1
1998-09-22,127.199,112.9
1998-09-23,125.8558,112.0
1998-09-24,125.2122,114.9
1998-09-25,118.5682,117.1
1998-09-26,118.4888,116.9
1998-09-27,119.0824,124.1
1998-09-28,120.9826,123.8
1998-09-29,117.5641,123.2
1998-09-30,123.9411,120.3
1998-10-01,131.1217,118.5
1998-10-02,131.0008,113.4
1998-10-03,134.4285,117.5
1998-10-04,135.5909,118.4
1998-10-05,129.7674,130.4
1998-10-06,130.8778,130.1
1998-10-07,136.2446,134.4
1998-10-08,134.5235,125.0
1998-10-09,133.5381,116.8
1998-10-10,122.5025,120.2
1998-10-11,121.1781,117.2
1998-10-12,117.1766,113.8
1998-10-13,116.5987,111.4
1998-10-14,113.9847,109.6
1998-10-15,124.1023,106.3
1998-10-16,122.2287,102.8
1998-10-17,121.7925,101.8
1998-10-18,118.0708,106.4
1998-10-19,113.1121,108.0
1998-10-20,116.6388,109.9
1998-10-21,115.0793,117.0
1998-10-22,112.3031,119.5
1998-10-23,115.2742,124.1
1998-10-24,115.1446,129.9
1998-10-25,124.4074,139.0
1998-10-26,127.1873,150.1
1998-10-27,131.4096,138.4
1998-10-28,132.4347,145.8
1998-10-29,135.6891,149.9
1998-10-30,135.6516,159.3
1998-10-31,138.0572,150.8
1998-11-01,137.4668,144.1
1998-11-02,131.4722,138.7
1998-11-03,130.8028,132.6
1998-11-04,129.8354,123.8
1998-11-05,127.164,123.7
1998-11-06,120.379,121.8
1998-11-07,117.9044,118.0
1998-11-08,117.8904,112.2
1998-11-09,123.0571,113.7
1998-11-10,122.4557,118.6
1998-11-11,120.1427,118.3
1998-11-12,119.3613,123.0
1998-11-13,114.2317,126.7
1998-11-14,113.4073,136.7
1998-11-15,116.9489,145.6
1998-11-16,117.1247,152.3
1998-11-17,118.492,154.7
1998-11-18,119.9454,160.4
1998-11-19,123.0349,163.2
1998-11-20,128.5994,158.9
1998-11-21,130.5314,158.2
1998-11-22,133.0347,147.4
1998-11-23,138.5491,148.7
1998-11-24,140.2516,144.0
1998-11-25,139.6537,138.3
1998-11-26,139.1148,138.1
1998-11-27,137.8339,148.7
1998-11-28,137.2683,157.1
1998-11-29,130.9267,149.3
1998-11-30,127.9931,129.8
1998-12-01,124.3918,138.8
1998-12-02,122.2161,138.9
1998-12-03,121.4302,139.7
1998-12-04,117.1507,139.9
1998-12-05,112.2576,137.2
1998-12-06,117.4502,136.1
1998-12-07,123.206,141.5
1998-12-08,129.0769,137.9
1998-12-09,125.9318,133.6
1998-12-10,124.1329,130.4
1998-12-11,126.182,130.9
1998-12-12,126.0653,124.6
1998-12-13,125.8582,135.2
1998-12-14,126.3486,134.9
1998-12-15,120.9557,139.6
1998-12-16,124.3512,140.2
1998-12-17,128.0447,161.4
1998-12-18,134.454,178.3
1998-12-19,135.0493,176.8
1998-12-20,139.4331,173.1
1998-12-21,138.9716,168.8
1998-12-22,139.4672,161.6
1998-12-23,143.6502,154.8
1998-12-24,143.1052,149.4
1998-12-25,143.9166,142.0
1998-12-26,142.988,132.0
1998-12-27,143.2236,121.6
1998-12-28,130.2316,111.3
1998-12-29,126.1566,111.7
1998-12-30,127.4358,111.0
1998-12-31,126.4542,109.6
1999-01-01,122.8298,108.2
1999-01-02,120.3876,109.1
1999-01-03,119.2107,114.7
1999-01-04,123.2458,132.4
1999-01-05,124.5842,138.0
1999-01-06,125.2515,153.4
1999-01-07,123.6446,156.2
1999-01-08,124.1747,165.4
1999-01-09,127.514,170.3
1999-01-10,134.4179,166.4
1999-01-11,140.5099,169.7
1999-01-12,145.6207,172.3
1999-01-13,148.935,160.8
1999-01-14,157.1176,156.8
1999-01-15,156.0724,133.9
1999-01-16,148.6841,129.1
1999-01-17,146.1091,121.6
1999-01-18,145.5359,115.2
1999-01-19,143.5195,114.2
1999-01-20,135.6747,114.5
1999-01-21,135.0332,111.5
1999-01-22,129.1688,114.5
1999-01-23,125.6084,107.7
1999-01-24,122.4578,105.8
1999-01-25,114.4603,104.3
1999-01-26,115.5547,100.9
1999-01-27,117.4471,96.6
1999-01-28,121.5346,106.5
1999-01-29,125.1191,121.1
1999-01-30,128.3944,125.9
1999-01-31,131.3002,148.4
1999-02-01,139.3234,159.3
1999-02-02,147.8041,183.6
1999-02-03,147.4756,193.4
1999-02-04,142.4951,199.6
1999-02-05,144.6108,185.5
1999-02-06,144.0636,187.3
1999-02-07,145.6674,185.3
1999-02-08,151.3938,164.2
1999-02-09,151.1063,160.5
1999-02-10,156.1053,153.6
1999-02-11,154.0757,144.0
1999-02-12,152.9018,127.0
1999-02-13,150.9161,124.3
1999-02-14,145.0674,117.3
1999-02-15,129.391,117.1
1999-02-16,128.9269,113.4
1999-02-17,126.0869,113.1
1999-02-18,117.4985,120.7
1999-02-19,108.8889,118.0
1999-02-20,107.6751,127.6
1999-02-21,108.2795,134.6
1999-02-22,109.344,141.6
1999-02-23,123.9058,125.4
1999-02-24,124.4752,112.6
1999-02-25,134.2935,108.3
1999-02-26,137.7079,125.0
1999-02-27,136.9264,125.3
1999-02-28,142.9266,133.6
1999-03-01,147.0755,135.3
1999-03-02,145.6584,138.5
1999-03-03,147.9768,142.7
1999-03-04,144.115,148.7
1999-03-05,135.0978,148.4
1999-03-06,127.4913,154.1
1999-03-07,125.4198,152.9
1999-03-08,132.3322,146.7
1999-03-09,134.8938,138.1
1999-03-10,134.3632,131.6
1999-03-11,130.1362,123.1
1999-03-12,128.1547,115.0
1999-03-13,125.6842,112.2
1999-03-14,123.5606,107.6
1999-03-15,121.2593,106.4
1999-03-16,116.0512,103.1
1999-03-17,118.5617,104.1
1999-03-18,118.9721,102.7
1999-03-19,121.985,103.8
1999-03-20,117.6785,104.4
1999-03-21,118.9769,101.7
1999-03-22,119.377,102.9
1999-03-23,129.1225,99.4
1999-03-24,125.9322,98.4
1999-03-25,127.8981,116.0
1999-03-26,128.5738,132.7
1999-03-27,131.3429,137.6
1999-03-28,129.2492,141.7
1999-03-29,133.9315,139.5
1999-03-30,130.4742,136.7
1999-03-31,129.3262,136.9
1999-04-01,129.2706,131.3
1999-04-02,121.6619,130.7
1999-04-03,124.0244,130.3
1999-04-04,131.6912,121.0
1999-04-05,135.171,122.7
1999-04-06,130.8152,123.8
1999-04-07,128.6495,116.6
1999-04-08,123.9413,113.8
1999-04-09,118.7804,110.9
1999-04-10,115.7834,105.8
1999-04-11,105.5116,104.4
1999-04-12,101.673,101.4
1999-04-13,102.0783,99.3
1999-04-14,107.8,102.0
1999-04-15,114.1206,103.8
1999-04-16,118.786,105.8
1999-04-17,116.7047,110.0
1999-04-18,116.9365,111.3
1999-04-19,113.6286,123.9
1999-04-20,106.7607,125.3
1999-04-21,111.8494,128.4
1999-04-22,112.3835,137.9
1999-04-23,116.1104,129.2
1999-04-24,118.2796,141.1
1999-04-25,120.0438,143.3
1999-04-26,114.9102,149.5
1999-04-27,118.8507,166.4
1999-04-28,119.9178,175.1
1999-04-29,128.9374,181.7
1999-04-30,130.545,172.8
1999-05-01,126.5507,162.6
1999-05-02,129.616,156.3
1999-05-03,115.8264,150.5
1999-05-04,118.2041,147.3
1999-05-05,117.2511,146.8
1999-05-06,117.2472,155.6
1999-05-07,121.8114,148.6
1999-05-08,123.034,143.8
1999-05-09,123.8817,145.8
1999-05-10,120.836,145.9
1999-05-11,108.6497,143.7
1999-05-12,114.18,143.7
1999-05-13,108.4135,144.2
1999-05-14,112.5705,140.4
1999-05-15,117.646,146.8
1999-05-16,128.4699,156.6
1999-05-17,130.6751,159.3
1999-05-18,128.288,156.2
1999-05-19,125.1955,152.7
1999-05-20,132.3517,161.1
1999-05-21,135.5933,170.1
1999-05-22,138.5137,181.2
1999-05-23,137.6414,178.1
1999-05-24,137.4758,178.5
1999-05-25,139.9292,175.9
1999-05-26,142.0882,168.8
1999-05-27,137.0608,172.9
1999-05-28,136.4572,162.4
1999-05-29,134.9721,161.3
1999-05-30,137.5792,170.3
1999-05-31,139.385,166.0
1999-06-01,137.9593,169.8
1999-06-02,136.6909,173.2
1999-06-03,133.669,173.0
1999-06-04,133.3309,173.5
1999-06-05,133.0516,163.5
1999-06-06,134.5902,157.6
1999-06-07,134.4292,151.3
1999-06-08,128.1831,151.2
1999-06-09,141.2094,143.3
1999-06-10,144.2687,156.5
1999-06-11,142.9234,150.3
1999-06-12,143.7223,166.9
1999-06-13,146.3068,173.0
1999-06-14,148.3251,191.1
1999-06-15,147.0849,207.5
1999-06-16,137.9134,206.1
1999-06-17,135.5327,214.3
1999-06-18,139.0756,203.2
1999-06-19,144.1984,197.7
1999-06-20,153.8871,216.5
1999-06-21,153.7453,202.0
1999-06-22,158.09,193.4
1999-06-23,160.7213,203.5
1999-06-24,162.9027,191.9
1999-06-25,163.4235,180.0
1999-06-26,157.8474,173.5
1999-06-27,158.0822,163.7
1999-06-28,151.5958,154.1
1999-06-29,147.6346,155.9
1999-06-30,150.6418,161.5
1999-07-01,142.6936,157.8
1999-07-02,141.452,159.2
1999-07-03,148.3072,148.3
1999-07-04,153.7462,133.9
1999-07-05,149.2256,133.8
1999-07-06,146.3597,136.4
1999-07-07,143.7719,141.3
1999-07-08,150.2826,142.8
1999-07-09,156.0096,145.8
1999-07-10,161.974,144.1
1999-07-11,160.6212,152.1
1999-07-12,161.1715,157.8
1999-07-13,157.5616,181.6
1999-07-14,155.8014,190.1
1999-07-15,151.4826,188.0
1999-07-16,150.952,177.8
1999-07-17,158.9271,179.9
1999-07-18,161.9565,203.9
1999-07-19,160.4798,208.6
1999-07-20,156.9336,212.2
1999-07-21,153.4025,206.7
1999-07-22,152.1728,222.9
1999-07-23,159.5219,218.8
1999-07-24,163.7021,216.9
1999-07-25,163.1439,206.0
1999-07-26,155.938,182.1
1999-07-27,153.5521,175.3
1999-07-28,157.6471,157.6
1999-07-29,154.1849,141.7
1999-07-30,157.0106,141.9
1999-07-31,146.2345,130.8
1999-08-01,155.1225,131.4
1999-08-02,153.4522,126.4
1999-08-03,155.8274,129.8
1999-08-04,157.5319,131.5
1999-08-05,149.1245,134.5
1999-08-06,154.8327,134.4
1999-08-07,153.6247,136.4
1999-08-08,152.5344,133.9
1999-08-09,148.0788,138.0
1999-08-10,148.8535,155.2
1999-08-11,159.6003,165.0
1999-08-12,164.9656,176.7
1999-08-13,169.8884,191.7
1999-08-14,171.9324,206.4
1999-08-15,172.8851,212.9
1999-08-16,173.001,226.9
1999-08-17,163.3548,227.7
1999-08-18,158.1115,253.4
1999-08-19,164.5628,222.5
1999-08-20,171.2533,201.9
1999-08-21,176.4443,186.1
1999-08-22,176.2922,165.8
1999-08-23,177.5416,159.3
1999-08-24,169.3722,141.7
1999-08-25,169.9627,133.5
1999-08-26,167.8147,123.8
1999-08-27,162.0249,120.4
1999-08-28,161.8971,114.1
1999-08-29,148.4759,108.4
1999-08-30,139.4128,108.0
1999-08-31,135.2892,123.7
1999-09-01,125.1415,124.1
1999-09-02,129.4928,142.6
1999-09-03,131.1211,156.5
1999-09-04,133.1638,158.2
1999-09-05,140.4356,156.6
1999-09-06,154.2869,159.9
1999-09-07,158.1116,159.1
1999-09-08,158.7768,153.0
1999-09-09,159.778,150.6
1999-09-10,170.2256,146.2
1999-09-11,166.2107,147.9
1999-09-12,175.5753,141.5
1999-09-13,180.8218,137.8
1999-09-14,173.3503,132.4
1999-09-15,167.5018,126.1
1999-09-16,161.777,123.3
1999-09-17,156.7842,124.4
1999-09-18,153.6615,126.5
1999-09-19,150.2368,125.3
1999-09-20,147.0994,125.1
1999-09-21,145.4167,121.9
1999-09-22,141.6035,126.6
1999-09-23,140.2729,134.7
1999-09-24,130.668,144.4
1999-09-25,126.1418,146.2
1999-09-26,132.2475,133.5
1999-09-27,135.6804,129.2
1999-09-28,140.4567,150.9
1999-09-29,142.7824,152.8
1999-09-30,145.4834,160.0
1999-10-01,148.137,166.0
1999-10-02,154.8716,182.9
1999-10-03,155.7534,190.1
1999-10-04,158.463,198.7
1999-10-05,155.466,197.1
1999-10-06,142.9891,187.8
1999-10-07,138.9724,176.8
1999-10-08,144.8373,171.4
1999-10-09,145.0081,168.2
1999-10-10,143.7986,157.4
1999-10-11,143.4249,157.0
1999-10-12,148.0328,158.8
1999-10-13,147.5217,162.8
1999-10-14,139.0442,157.1
1999-10-15,136.9742,170.8
1999-10-16,137.9342,187.1
1999-10-17,130.3576,194.8
1999-10-18,131.9158,181.5
1999-10-19,131.1363,177.2
1999-10-20,134.3357,167.0
1999-10-21,140.0789,158.1
1999-10-22,149.6436,148.4
1999-10-23,154.876,140.6
1999-10-24,153.8423,140.8
1999-10-25,158.658,145.1
1999-10-26,165.354,157.8
1999-10-27,166.7214,147.4
1999-10-28,158.3463,170.8
1999-10-29,147.3106,188.4
1999-10-30,142.0363,225.5
1999-10-31,139.7054,243.6
1999-11-01,135.5131,235.0
1999-11-02,130.0473,227.1
1999-11-03,136.0467,219.1
1999-11-04,146.4115,214.2
1999-11-05,157.4419,201.1
1999-11-06,155.5083,228.2
1999-11-07,162.6226,216.3
1999-11-08,168.196,212.9
1999-11-09,177.5151,205.1
1999-11-10,179.19,199.5
1999-11-11,169.5947,205.0
1999-11-12,162.2868,187.2
1999-11-13,159.5944,180.9
1999-11-14,157.3238,181.9
1999-11-15,150.847,179.0
1999-11-16,161.4206,167.7
1999-11-17,157.0227,164.5
1999-11-18,159.2673,170.1
1999-11-19,155.6616,159.5
1999-11-20,156.247,158.3
1999-11-21,157.6569,160.4
1999-11-22,152.9389,160.9
1999-11-23,156.2575,147.5
1999-11-24,163.159,143.3
1999-11-25,166.6395,138.6
1999-11-26,167.6063,138.6
1999-11-27,169.2645,148.8
1999-11-28,167.4731,145.6
1999-11-29,165.0755,151.5
1999-11-30,172.9255,159.5
1999-12-01,176.6675,154.3
1999-12-02,176.1664,154.4
1999-12-03,166.9559,161.0
1999-12-04,163.2735,163.1
1999-12-05,161.7795,173.1
1999-12-06,155.7113,187.9
1999-12-07,161.8534,194.4
1999-12-08,160.9546,198.9
1999-12-09,161.0716,200.3
1999-12-10,166.6059,202.4
1999-12-11,159.4204,210.1
1999-12-12,150.5923,195.1
1999-12-13,153.6462,191.9
1999-12-14,155.3832,176.5
1999-12-15,158.2212,172.5
1999-12-16,164.572,171.2
1999-12-17,160.0418,156.4
1999-12-18,163.6583,145.4
1999-12-19,164.7898,139.0
1999-12-20,162.5208,131.2
1999-12-21,149.8755,125.8
1999-12-22,145.107,125.6
1999-12-23,146.1456,128.5
1999-12-24,149.4589,128.7
1999-12-25,153.324,130.3
1999-12-26,158.6948,132.0
1999-12-27,154.9539,140.0
1999-12-28,155.1146,144.8
1999-12-29,154.9401,149.6
1999-12-30,154.7204,155.3
1999-12-31,159.9838,157.8
2000-01-01,162.5268,171.8
2000-01-02,165.5127,189.3
2000-01-03,153.2779,195.4
2000-01-04,151.6338,194.7
2000-01-05,153.8342,203.9
2000-01-06,164.1036,201.0
2000-01-07,163.4006,190.1
2000-01-08,161.2331,188.4
2000-01-09,162.4502,172.9
2000-01-10,166.3782,165.3
2000-01-11,168.5999,154.3
2000-01-12,167.6108,145.8
2000-01-13,163.8421,136.1
2000-01-14,157.6586,136.3
2000-01-15,151.1248,133.1
2000-01-16,147.6647,136.4
2000-01-17,137.836,128.4
2000-01-18,141.3483,131.0
2000-01-19,140.5712,123.9
2000-01-20,141.7049,128.7
2000-01-21,141.5207,134.5
2000-01-22,146.5878,134.1
2000-01-23,147.4266,140.2
2000-01-24,151.5624,149.7
2000-01-25,141.519,162.7
2000-01-26,145.299,163.1
2000-01-27,149.1222,172.8
2000-01-28,155.0306,177.0
2000-01-29,155.1238,169.0
2000-01-30,159.1829,170.8
2000-01-31,157.4244,171.1
2000-02-01,158.3295,165.8
2000-02-02,162.0796,159.1
2000-02-03,163.0294,155.9
2000-02-04,164.2542,154.7
2000-02-05,159.6203,152.2
2000-02-06,160.0684,156.3
2000-02-07,153.3294,153.4
2000-02-08,147.4212,137.8
2000-02-09,143.0832,141.5
2000-02-10,139.9797,149.9
2000-02-11,139.5981,148.7
2000-02-12,138.0291,168.6
2000-02-13,138.4676,181.2
2000-02-14,137.095,188.3
2000-02-15,138.1551,206.2
2000-02-16,140.7536,210.6
2000-02-17,142.6168,222.9
2000-02-18,138.7492,214.7
2000-02-19,144.6016,215.1
2000-02-20,150.4122,228.7
2000-02-21,150.2406,209.6
2000-02-22,161.9344,200.4
2000-02-23,168.2373,197.0
2000-02-24,172.3576,216.8
2000-02-25,177.1865,219.1
2000-02-26,174.9803,218.5
2000-02-27,178.0863,211.8
2000-02-28,170.893,203.0
2000-02-29,162.0093,200.7
2000-03-01,164.9771,200.6
2000-03-02,158.6597,200.8
2000-03-03,152.5662,186.0
2000-03-04,153.1928,180.6
2000-03-05,162.5727,175.9
2000-03-06,165.5363,182.5
2000-03-07,168.5016,190.6
2000-03-08,171.6694,193.0
2000-03-09,174.1489,206.5
2000-03-10,174.4795,208.7
2000-03-11,173.5676,228.9
2000-03-12,173.0131,232.2
2000-03-13,172.1737,222.7
2000-03-14,174.2228,217.7
2000-03-15,175.2543,204.1
2000-03-16,174.9898,210.4
2000-03-17,181.7847,204.1
2000-03-18,185.1833,200.3
2000-03-19,187.3028,208.3
2000-03-20,183.7277,205.1
2000-03-21,186.3087,225.1
2000-03-22,185.3934,222.7
2000-03-23,183.9457,219.3
2000-03-24,182.9984,215.5
2000-03-25,176.9442,206.9
2000-03-26,174.337,194.7
2000-03-27,173.1191,178.1
2000-03-28,172.5115,175.4
2000-03-29,180.6385,182.5
2000-03-30,181.7523,176.9
2000-03-31,184.5732,178.6
2000-04-01,186.7588,182.4
2000-04-02,181.4494,173.9
2000-04-03,177.3744,165.0
2000-04-04,177.2776,166.3
2000-04-05,176.8692,164.9
2000-04-06,177.6143,160.2
2000-04-07,177.0095,159.2
2000-04-08,183.0422,161.8
2000-04-09,182.9286,169.2
2000-04-10,185.2278,182.4
2000-04-11,193.8328,189.2
2000-04-12,182.3044,204.1
2000-04-13,177.294,208.4
2000-04-14,177.4545,208.1
2000-04-15,173.8978,205.1
2000-04-16,171.2864,192.4
2000-04-17,169.2673,186.0
2000-04-18,172.8488,186.0
2000-04-19,178.0954,177.5
2000-04-20,184.6579,172.0
2000-04-21,186.7419,160.1
2000-04-22,189.8602,155.3
2000-04-23,188.6553,139.6
2000-04-24,179.636,136.8
2000-04-25,161.1217,132.1
2000-04-26,150.7282,129.1
2000-04-27,148.4231,133.4
2000-04-28,153.0817,139.6
2000-04-29,156.9686,152.5
2000-04-30,159.2317,163.0
2000-05-01,158.5186,181.3
2000-05-02,159.3846,191.0
2000-05-03,157.2564,222.0
2000-05-04,165.7314,237.6
2000-05-05,166.2535,244.6
2000-05-06,165.2389,264.5
2000-05-07,168.6311,268.1
2000-05-08,173.6738,258.8
2000-05-09,181.9463,260.4
2000-05-10,185.3585,251.6
2000-05-11,193.3453,238.0
2000-05-12,189.2062,220.3
2000-05-13,191.4729,209.5
2000-05-14,191.6479,194.3
2000-05-15,189.5497,177.4
2000-05-16,190.8441,172.4
2000-05-17,185.4502,166.2
2000-05-18,176.6777,160.2
2000-05-19,174.6894,153.1
2000-05-20,161.9843,150.5
2000-05-21,162.4391,158.7
2000-05-22,155.7214,152.3
2000-05-23,155.7821,155.3
2000-05-24,161.0662,170.7
2000-05-25,167.923,174.7
2000-05-26,172.9822,176.1
2000-05-27,175.843,186.9
2000-05-28,173.752,185.8
2000-05-29,173.8953,179.9
2000-05-30,174.9458,174.1
2000-05-31,174.4572,185.1
2000-06-01,183.4389,192.6
2000-06-02,181.143,198.7
2000-06-03,185.0936,205.5
2000-06-04,186.781,206.9
2000-06-05,182.754,208.9
2000-06-06,187.9536,203.8
2000-06-07,188.2472,199.4
2000-06-08,181.2215,193.7
2000-06-09,171.5984,184.2
2000-06-10,171.3777,189.7
2000-06-11,177.1512,194.2
2000-06-12,174.068,185.6
2000-06-13,173.0384,181.0
2000-06-14,170.8856,173.9
2000-06-15,170.0775,180.9
2000-06-16,164.9113,183.4
2000-06-17,167.1993,184.6
2000-06-18,167.9496,181.2
2000-06-19,158.9076,168.8
2000-06-20,162.5896,165.0
2000-06-21,170.3877,169.2
2000-06-22,170.801,167.9
2000-06-23,169.8214,161.5
2000-06-24,167.5809,163.7
2000-06-25,176.4366,174.4
2000-06-26,180.7218,180.1
2000-06-27,184.3935,193.5
2000-06-28,182.9151,217.1
2000-06-29,177.1483,218.4
2000-06-30,174.1637,238.9
2000-07-01,175.1234,249.7
2000-07-02,173.5848,258.7
2000-07-03,167.9938,239.6
2000-07-04,167.6237,210.6
2000-07-05,168.406,220.1
2000-07-06,172.5249,226.1
2000-07-07,175.3488,235.8
2000-07-08,182.1153,270.5
2000-07-09,179.8103,258.0
2000-07-10,184.2825,261.1
2000-07-11,186.3042,259.0
2000-07-12,183.6367,259.0
2000-07-13,176.4446,224.3
2000-07-14,168.7244,232.0
2000-07-15,178.5896,208.2
2000-07-16,178.1599,180.1
2000-07-17,188.9531,167.4
2000-07-18,200.9974,162.7
2000-07-19,198.4731,157.9
2000-07-20,196.6935,154.5
2000-07-21,196.6509,152.4
2000-07-22,194.572,153.9
2000-07-23,186.1812,155.1
2000-07-24,190.2956,158.8
2000-07-25,183.8829,158.7
2000-07-26,181.2658,163.2
2000-07-27,178.7876,170.8
2000-07-28,181.9191,171.6
2000-07-29,184.9204,175.6
2000-07-30,183.9586,187.2
2000-07-31,185.5044,185.9
2000-08-01,186.8276,192.3
2000-08-02,190.095,194.3
2000-08-03,194.5153,190.9
2000-08-04,193.8249,194.3
2000-08-05,191.0857,198.9
2000-08-06,188.5472,190.3
2000-08-07,179.4741,181.5
2000-08-08,176.9656,173.6
2000-08-09,175.451,160.8
2000-08-10,175.6732,156.0
2000-08-11,175.0951,154.9
2000-08-12,174.0982,147.5
2000-08-13,172.0362,139.9
2000-08-14,170.7828,133.5
2000-08-15,170.9902,136.0
2000-08-16,167.0145,139.9
2000-08-17,154.5739,153.2
2000-08-18,147.3534,163.2
2000-08-19,150.9457,166.5
2000-08-20,157.8854,167.9
2000-08-21,165.0495,165.9
2000-08-22,161.4406,160.5
2000-08-23,167.0184,156.7
2000-08-24,167.9942,156.7
2000-08-25,172.2975,173.6
2000-08-26,175.783,183.1
2000-08-27,182.191,181.5
2000-08-28,183.0542,175.8
2000-08-29,181.5699,165.7
2000-08-30,174.5601,153.0
2000-08-31,169.2768,142.5
2000-09-01,158.6549,136.7
2000-09-02,157.1636,134.2
2000-09-03,157.3505,134.8
2000-09-04,156.0617,152.5
2000-09-05,153.2271,161.1
2000-09-06,151.9099,176.4
2000-09-07,151.141,183.2
2000-09-08,151.1953,205.7
2000-09-09,148.8923,208.8
2000-09-10,149.0506,213.1
2000-09-11,154.6159,226.7
2000-09-12,156.0579,233.8
2000-09-13,160.9914,226.7
2000-09-14,168.7898,225.8
2000-09-15,175.7232,226.8
2000-09-16,185.3692,224.7
2000-09-17,191.384,205.5
2000-09-18,196.8644,203.0
2000-09-19,194.2912,192.6
2000-09-20,193.3248,194.0
2000-09-21,193.2669,201.9
2000-09-22,182.9414,202.9
2000-09-23,175.8822,192.1
2000-09-24,172.4211,184.1
2000-09-25,168.8308,173.7
2000-09-26,164.8321,157.9
2000-09-27,161.1522,155.3
2000-09-28,162.1357,148.6
2000-09-29,166.1749,140.4
2000-09-30,168.2279,139.1
2000-10-01,163.9062,150.8
2000-10-02,174.0913,161.9
2000-10-03,173.9905,167.2
2000-10-04,171.738,162.3
2000-10-05,171.8056,160.1
2000-10-06,156.5799,159.8
2000-10-07,156.9888,153.0
2000-10-08,165.3601,149.9
2000-10-09,169.6814,156.5
2000-10-10,168.4506,159.3
2000-10-11,173.5788,156.5
2000-10-12,177.3214,158.6
2000-10-13,170.9452,164.8
2000-10-14,164.2189,157.5
2000-10-15,163.2162,162.0
2000-10-16,163.8,168.9
2000-10-17,161.461,173.7
2000-10-18,160.915,179.7
2000-10-19,162.9696,184.5
2000-10-20,163.513,191.0
2000-10-21,150.2414,190.5
2000-10-22,144.0613,201.2
2000-10-23,152.4018,193.2
2000-10-24,147.9026,195.5
2000-10-25,156.0215,191.4
2000-10-26,162.7371,183.1
2000-10-27,167.677,174.9
2000-10-28,172.806,176.6
2000-10-29,169.5599,169.5
2000-10-30,166.2794,163.0
2000-10-31,165.8196,150.4
2000-11-01,164.9437,146.6
2000-11-02,156.6912,143.6
2000-11-03,153.4147,140.6
2000-11-04,149.9778,145.4
2000-11-05,149.6686,143.2
2000-11-06,150.6526,150.7
2000-11-07,154.6947,159.6
2000-11-08,154.7855,172.9
2000-11-09,151.9145,170.7
2000-11-10,151.9408,169.6
2000-11-11,154.3189,180.9
2000-11-12,153.5272,190.1
2000-11-13,156.0217,200.1
2000-11-14,165.6207,194.0
2000-11-15,164.8023,194.6
2000-11-16,167.032,197.0
2000-11-17,168.3791,186.6
2000-11-18,174.0993,190.3
2000-11-19,170.6794,183.2
2000-11-20,166.8041,187.0
2000-11-21,168.3404,179.3
2000-11-22,166.9265,162.3
2000-11-23,166.4013,158.9
2000-11-24,164.449,147.6
2000-11-25,162.5335,142.7
2000-11-26,157.0895,136.9
2000-11-27,155.8392,139.9
2000-11-28,159.9394,134.1
2000-11-29,163.4866,130.7
2000-11-30,161.7339,142.1
2000-12-01,153.0411,139.2
2000-12-02,149.3676,145.2
2000-12-03,151.2266,159.5
2000-12-04,151.8601,176.5
2000-12-05,157.6575,181.9
2000-12-06,158.5295,184.4
2000-12-07,161.0187,190.4
2000-12-08,164.1993,191.6
2000-12-09,169.7357,192.2
2000-12-10,182.3814,194.8
2000-12-11,175.4994,188.2
2000-12-12,173.4142,183.8
2000-12-13,176.5932,184.7
2000-12-14,176.6226,186.7
2000-12-15,177.0286,180.9
2000-12-16,169.8081,182.6
2000-12-17,165.9557,181.4
2000-12-18,164.2951,179.3
2000-12-19,163.9305,175.5
2000-12-20,161.3295,176.1
2000-12-21,160.9724,163.9
2000-12-22,154.5436,165.3
2000-12-23,151.5016,170.2
2000-12-24,151.0303,164.2
2000-12-25,146.292,168.8
2000-12-26,149.6136,170.5
2000-12-27,153.2905,173.4
2000-12-28,157.404,170.9
2000-12-29,161.0608,161.5
2000-12-30,166.8676,160.8
2000-12-31,154.213,157.4
2001-01-01,162.12,160.5
2001-01-02,169.6331,172.5
2001-01-03,172.3098,178.3
2001-01-04,172.6982,170.6
2001-01-05,172.1862,163.8
2001-01-06,168.1232,156.6
2001-01-07,165.8292,147.0
2001-01-08,158.5404,146.6
2001-01-09,157.1373,147.7
2001-01-10,153.8404,148.3
2001-01-11,153.7491,146.7
2001-01-12,150.971,157.1
2001-01-13,152.6531,162.0
2001-01-14,157.3077,167.2
2001-01-15,156.3001,163.4
2001-01-16,155.724,160.5
2001-01-17,153.1153,161.8
2001-01-18,160.5619,162.6
2001-01-19,165.0659,160.5
2001-01-20,165.8283,154.9
2001-01-21,163.345,148.8
2001-01-22,165.3536,156.2
2001-01-23,162.5877,161.6
2001-01-24,159.7419,159.0
2001-01-25,154.8431,144.0
2001-01-26,151.4956,160.7
2001-01-27,149.618,165.3
2001-01-28,146.7426,159.6
2001-01-29,150.555,152.3
2001-01-30,150.502,158.1
2001-01-31,151.5183,156.5
2001-02-01,155.5726,147.4
2001-02-02,160.5008,140.9
2001-02-03,159.9099,137.8
2001-02-04,150.9305,134.6
2001-02-05,158.2028,131.8
2001-02-06,159.7621,126.5
2001-02-07,154.6407,126.8
2001-02-08,142.2724,129.0
2001-02-09,147.1815,134.0
2001-02-10,149.0875,142.3
2001-02-11,149.5562,140.5
2001-02-12,146.6347,142.7
2001-02-13,146.8363,142.2
2001-02-14,144.9879,134.6
2001-02-15,145.9818,132.2
2001-02-16,142.7998,132.8
2001-02-17,142.6065,128.1
2001-02-18,147.8904,129.4
2001-02-19,147.8122,129.0
2001-02-20,149.5746,127.4
2001-02-21,145.406,137.3
2001-02-22,146.4633,138.7
2001-02-23,145.6146,153.4
2001-02-24,134.4891,155.4
2001-02-25,135.895,174.0
2001-02-26,133.5848,164.8
2001-02-27,133.1883,159.2
2001-02-28,137.499,158.0
2001-03-01,137.7404,155.8
2001-03-02,144.058,155.7
2001-03-03,144.999,145.6
2001-03-04,135.7271,140.7
2001-03-05,140.3855,134.7
2001-03-06,139.3876,138.5
2001-03-07,146.0885,132.9
2001-03-08,139.4386,138.5
2001-03-09,141.2275,145.7
2001-03-10,138.0669,152.1
2001-03-11,139.8263,158.2
2001-03-12,140.6684,181.8
2001-03-13,135.9623,178.9
2001-03-14,131.5611,217.5
2001-03-15,124.3736,215.7
2001-03-16,131.5884,262.6
2001-03-17,136.3048,272.4
2001-03-18,139.3279,272.6
2001-03-19,147.3836,261.0
2001-03-20,151.7784,256.3
2001-03-21,154.3878,245.3
2001-03-22,162.7509,257.2
2001-03-23,164.5475,236.7
2001-03-24,174.2724,223.1
2001-03-25,170.9307,205.0
2001-03-26,176.5846,207.8
2001-03-27,174.3974,198.0
2001-03-28,167.7183,180.0
2001-03-29,162.2241,169.7
2001-03-30,152.8337,165.4
2001-03-31,148.6795,170.4
2001-04-01,152.7725,160.3
2001-04-02,152.3075,149.8
2001-04-03,160.0597,137.8
2001-04-04,163.8751,139.6
2001-04-05,167.8466,135.1
2001-04-06,169.884,124.3
2001-04-07,165.3965,127.1
2001-04-08,162.9,133.0
2001-04-09,163.9614,145.8
2001-04-10,172.6199,182.2
2001-04-11,170.7331,193.0
2001-04-12,165.5064,194.6
2001-04-13,176.16,198.6
2001-04-14,184.8447,195.8
2001-04-15,187.6127,196.3
2001-04-16,184.7103,198.7
2001-04-17,182.863,193.3
2001-04-18,189.9401,190.4
2001-04-19,190.0724,194.5
2001-04-20,193.7588,190.7
2001-04-21,188.3356,187.4
2001-04-22,176.1032,179.0
2001-04-23,170.1285,175.1
2001-04-24,160.874,178.6
2001-04-25,147.0362,163.5
2001-04-26,151.6049,157.8
2001-04-27,148.5521,140.9
2001-04-28,147.9993,131.1
2001-04-29,151.3307,131.9
2001-04-30,151.9748,133.0
2001-05-01,153.533,139.4
2001-05-02,149.9953,141.0
2001-05-03,147.1903,141.9
2001-05-04,150.0528,141.2
2001-05-05,149.885,145.2
2001-05-06,156.016,140.9
2001-05-07,162.427,150.8
2001-05-08,163.4251,141.5
2001-05-09,171.1208,144.6
2001-05-10,179.876,144.9
2001-05-11,186.0222,153.8
2001-05-12,184.0473,155.8
2001-05-13,179.7052,162.8
2001-05-14,168.3616,174.7
2001-05-15,167.9063,166.1
2001-05-16,165.0737,151.3
2001-05-17,165.9636,150.8
2001-05-18,161.3117,146.9
2001-05-19,162.069,142.3
2001-05-20,158.7482,136.0
2001-05-21,156.6265,136.6
2001-05-22,145.0006,136.8
2001-05-23,142.7418,137.8
2001-05-24,141.5404,149.5
2001-05-25,135.4255,158.3
2001-05-26,129.0613,158.0
2001-05-27,130.1792,162.4
2001-05-28,131.7288,169.8
2001-05-29,136.534,185.7
2001-05-30,139.264,182.4
2001-05-31,146.4432,168.0
2001-06-01,151.1501,167.4
2001-06-02,155.6458,171.6
2001-06-03,161.9532,187.1
2001-06-04,165.2576,200.9
2001-06-05,168.2802,203.2
2001-06-06,171.1409,214.3
2001-06-07,176.5804,211.2
2001-06-08,181.5268,205.7
2001-06-09,175.4283,201.7
2001-06-10,166.8417,205.0
2001-06-11,170.0509,206.9
2001-06-12,177.6475,206.8
2001-06-13,186.4575,213.0
2001-06-14,186.5724,201.3
2001-06-15,179.2538,188.4
2001-06-16,176.2246,173.5
2001-06-17,169.9136,152.8
2001-06-18,168.277,144.9
2001-06-19,156.601,144.6
2001-06-20,161.8438,141.2
2001-06-21,166.4563,140.0
2001-06-22,169.223,138.8
2001-06-23,172.9878,136.3
2001-06-24,170.7119,131.3
2001-06-25,164.9319,123.6
2001-06-26,153.5228,120.3
2001-06-27,156.9208,121.8
2001-06-28,162.5262,130.5
2001-06-29,172.165,134.4
2001-06-30,177.1663,134.3
2001-07-01,181.0798,136.3
2001-07-02,180.2818,138.3
2001-07-03,174.7822,137.7
2001-07-04,170.734,145.4
2001-07-05,165.0311,146.8
2001-07-06,165.0694,154.7
2001-07-07,156.3367,150.4
2001-07-08,157.0496,147.7
2001-07-09,152.76,146.9
2001-07-10,155.904,147.2
2001-07-11,151.9317,143.5
2001-07-12,150.9547,144.9
2001-07-13,147.9485,147.8
2001-07-14,143.8764,136.7
2001-07-15,141.7679,137.5
2001-07-16,144.9831,127.2
2001-07-17,139.0084,125.1
2001-07-18,138.2455,119.0
2001-07-19,135.8404,120.5
2001-07-20,134.5669,118.0
2001-07-21,131.7688,120.3
2001-07-22,136.3245,123.8
2001-07-23,147.1006,124.3
2001-07-24,139.7818,135.5
2001-07-25,146.4358,152.7
2001-07-26,148.3114,160.5
2001-07-27,151.2482,168.3
2001-07-28,153.2106,171.0
2001-07-29,157.1456,171.5
2001-07-30,157.4909,167.8
2001-07-31,157.079,164.7
2001-08-01,159.0031,169.5
2001-08-02,156.4735,164.0
2001-08-03,153.6462,155.5
2001-08-04,149.7245,151.1
2001-08-05,151.7985,150.5
2001-08-06,151.481,146.2
2001-08-07,149.7217,148.4
2001-08-08,148.2829,159.9
2001-08-09,143.6604,161.3
2001-08-10,145.0507,159.8
2001-08-11,148.4957,163.9
2001-08-12,143.1941,165.2
2001-08-13,141.2503,173.4
2001-08-14,146.6347,178.7
2001-08-15,153.4587,191.6
2001-08-16,158.1799,193.8
2001-08-17,167.3852,195.9
2001-08-18,173.1724,203.1
2001-08-19,172.026,200.9
2001-08-20,170.4852,203.0
2001-08-21,173.3028,192.2
2001-08-22,173.9154,187.4
2001-08-23,174.3019,185.7
2001-08-24,173.8889,202.1
2001-08-25,176.6046,222.1
2001-08-26,173.0244,221.8
2001-08-27,171.3726,225.6
2001-08-28,173.3571,229.5
2001-08-29,168.8632,253.1
2001-08-30,164.3845,239.5
2001-08-31,159.8552,247.8
2001-09-01,149.0266,252.9
2001-09-02,149.6213,238.1
2001-09-03,154.6325,242.6
2001-09-04,163.9141,239.3
2001-09-05,165.2145,221.7
2001-09-06,166.1073,209.3
2001-09-07,166.6452,201.1
2001-09-08,174.0872,205.7
2001-09-09,168.8165,200.6
2001-09-10,161.4303,228.7
2001-09-11,170.3351,240.5
2001-09-12,173.243,257.0
2001-09-13,178.3326,260.2
2001-09-14,179.7412,281.0
2001-09-15,177.6334,276.6
2001-09-16,176.8796,284.0
2001-09-17,179.9994,270.6
2001-09-18,188.5459,285.5
2001-09-19,190.2959,240.2
2001-09-20,196.8559,236.3
2001-09-21,204.6345,216.9
2001-09-22,207.3459,201.1
2001-09-23,208.5729,191.8
2001-09-24,210.2772,186.5
2001-09-25,208.0086,176.8
2001-09-26,206.1701,180.2
2001-09-27,198.8195,172.4
2001-09-28,198.1227,170.8
2001-09-29,185.8153,175.9
2001-09-30,182.3163,178.1
2001-10-01,174.2554,174.1
2001-10-02,168.975,178.5
2001-10-03,172.2892,178.6
2001-10-04,177.0656,190.8
2001-10-05,183.1188,191.7
2001-10-06,190.6891,205.8
2001-10-07,191.8515,215.8
2001-10-08,193.0572,226.9
2001-10-09,201.9591,245.6
2001-10-10,206.1872,242.5
2001-10-11,198.5858,222.0
2001-10-12,194.155,230.4
2001-10-13,188.2774,224.1
2001-10-14,191.5515,236.0
2001-10-15,185.427,236.1
2001-10-16,191.2574,233.6
2001-10-17,191.2138,243.4
2001-10-18,191.1532,224.2
2001-10-19,189.1144,212.8
2001-10-20,182.6312,222.7
2001-10-21,170.9966,217.8
2001-10-22,166.9163,232.0
2001-10-23,165.4805,210.1
2001-10-24,167.0738,212.5
2001-10-25,176.2208,223.5
2001-10-26,181.438,230.6
2001-10-27,189.5252,233.2
2001-10-28,186.0019,226.0
2001-10-29,180.3226,243.1
2001-10-30,185.8896,265.6
2001-10-31,185.0232,241.0
2001-11-01,200.4754,229.3
2001-11-02,196.125,222.6
2001-11-03,202.0136,226.8
2001-11-04,207.3968,212.6
2001-11-05,210.3426,202.4
2001-11-06,212.6208,197.6
2001-11-07,210.8182,194.0
2001-11-08,215.9335,183.8
2001-11-09,215.2697,186.8
2001-11-10,207.1339,180.6
2001-11-11,203.5825,179.7
2001-11-12,200.5818,185.3
2001-11-13,200.8116,172.9
2001-11-14,199.7074,168.6
2001-11-15,193.1296,165.6
2001-11-16,191.0711,170.3
2001-11-17,184.1546,185.3
2001-11-18,190.5132,193.1
2001-11-19,190.5436,210.5
2001-11-20,183.6233,219.6
2001-11-21,192.3196,215.1
2001-11-22,199.0455,238.1
2001-11-23,195.1816,228.3
2001-11-24,195.3807,226.6
2001-11-25,199.0534,230.1
2001-11-26,202.9073,239.5
2001-11-27,209.5619,219.3
2001-11-28,205.8537,213.9
2001-11-29,206.0962,217.5
2001-11-30,207.4786,212.3
2001-12-01,201.3245,213.9
2001-12-02,199.8731,215.7
2001-12-03,193.4967,213.4
2001-12-04,193.2191,209.9
2001-12-05,192.8404,211.0
2001-12-06,189.0425,202.5
2001-12-07,182.5114,199.0
2001-12-08,182.4799,205.0
2001-12-09,187.1653,201.6
2001-12-10,184.5222,214.0
2001-12-11,186.9946,226.7
2001-12-12,185.1344,234.9
2001-12-13,187.5764,246.3
2001-12-14,187.9787,265.5
2001-12-15,192.2893,250.3
2001-12-16,193.381,259.0
2001-12-17,191.795,265.6
2001-12-18,196.4675,254.6
2001-12-19,197.8649,255.7
2001-12-20,209.0605,238.5
2001-12-21,217.7172,237.5
2001-12-22,221.3773,224.5
2001-12-23,222.117,223.5
2001-12-24,222.6334,213.0
2001-12-25,208.7808,211.0
2001-12-26,207.9284,205.2
2001-12-27,206.0901,190.1
2001-12-28,202.8296,182.4
2001-12-29,202.0025,192.6
2001-12-30,196.356,216.2
2001-12-31,195.6492,217.3
2002-01-01,190.6061,221.4
2002-01-02,194.3207,225.7
2002-01-03,192.6275,232.9
2002-01-04,194.3205,221.6
2002-01-05,196.9842,211.2
2002-01-06,195.8872,209.1
2002-01-07,196.5876,205.0
2002-01-08,215.4446,203.8
2002-01-09,229.6706,206.9
2002-01-10,227.375,215.2
2002-01-11,221.863,217.5
2002-01-12,215.2402,221.5
2002-01-13,216.7351,219.4
2002-01-14,209.7989,223.6
2002-01-15,204.0834,227.6
2002-01-16,195.3989,248.7
2002-01-17,207.1227,240.5
2002-01-18,209.0518,252.0
2002-01-19,207.0066,253.2
2002-01-20,206.2603,248.8
2002-01-21,200.4093,235.5
2002-01-22,182.9035,238.5
2002-01-23,186.6912,233.7
2002-01-24,188.4668,226.3
2002-01-25,199.0155,228.1
2002-01-26,206.944,214.5
2002-01-27,213.8479,196.9
2002-01-28,220.7518,186.6
2002-01-29,222.6176,186.4
2002-01-30,218.8516,194.1
2002-01-31,221.2869,210.9
2002-02-01,217.9042,196.6
2002-02-02,222.7068,203.1
2002-02-03,223.736,198.5
2002-02-04,229.7358,191.3
2002-02-05,229.0514,190.3
2002-02-06,225.8597,188.9
2002-02-07,222.0815,192.0
2002-02-08,227.0693,188.4
2002-02-09,231.5718,185.1
2002-02-10,235.4444,189.1
2002-02-11,226.2622,196.7
2002-02-12,223.1746,187.9
2002-02-13,206.2098,184.2
2002-02-14,205.796,188.9
2002-02-15,202.9918,206.4
2002-02-16,205.65,203.5
2002-02-17,201.3247,194.9
2002-02-18,187.2899,200.4
2002-02-19,189.4013,184.3
2002-02-20,193.3897,187.6
2002-02-21,196.0138,179.6
2002-02-22,191.8204,172.0
2002-02-23,189.8775,169.4
2002-02-24,189.7924,175.0
2002-02-25,197.4761,177.0
2002-02-26,194.152,174.2
2002-02-27,182.3588,181.2
2002-02-28,186.9952,176.9
2002-03-01,193.5073,180.0
2002-03-02,197.3405,176.2
2002-03-03,199.7981,182.1
2002-03-04,203.1231,178.6
2002-03-05,208.6531,174.9
2002-03-06,217.109,182.7
2002-03-07,219.5588,182.7
2002-03-08,221.1758,176.5
2002-03-09,226.651,173.3
2002-03-10,224.997,186.3
2002-03-11,226.8944,172.8
2002-03-12,222.333,170.4
2002-03-13,218.4758,169.4
2002-03-14,210.7656,174.3
2002-03-15,205.5602,169.1
2002-03-16,206.21,164.9
2002-03-17,189.8367,168.4
2002-03-18,182.673,175.6
2002-03-19,180.6102,180.8
2002-03-20,190.582,188.2
2002-03-21,181.4343,204.0
2002-03-22,173.6869,206.7
2002-03-23,172.3788,205.9
2002-03-24,171.781,209.4
2002-03-25,164.9365,216.3
2002-03-26,164.9733,217.6
2002-03-27,172.6615,206.7
2002-03-28,182.5939,208.4
2002-03-29,187.8282,206.8
2002-03-30,191.8709,205.8
2002-03-31,200.4947,195.1
2002-04-01,196.7887,198.3
2002-04-02,189.2063,213.0
2002-04-03,190.8138,227.3
2002-04-04,192.7618,211.6
2002-04-05,193.3504,204.7
2002-04-06,186.881,197.2
2002-04-07,184.1391,195.0
2002-04-08,183.2747,189.8
2002-04-09,180.2836,181.4
2002-04-10,172.8614,179.0
2002-04-11,174.1896,175.1
2002-04-12,174.7393,171.7
2002-04-13,177.4115,177.2
2002-04-14,173.0876,178.9
2002-04-15,166.5675,169.3
2002-04-16,164.794,164.7
2002-04-17,160.5705,159.0
2002-04-18,165.6175,149.2
2002-04-19,171.1854,155.2
2002-04-20,176.6442,155.6
2002-04-21,185.73,164.9
2002-04-22,191.1738,171.7
2002-04-23,195.5617,182.0
2002-04-24,197.8755,192.7
2002-04-25,189.9236,183.2
2002-04-26,189.4467,194.3
2002-04-27,180.6001,190.3
2002-04-28,178.3926,190.2
2002-04-29,196.8271,193.7
2002-04-30,197.115,194.8
2002-05-01,198.4618,191.8
2002-05-02,194.7431,187.1
2002-05-03,191.4302,175.6
2002-05-04,190.1726,164.2
2002-05-05,182.5026,162.7
2002-05-06,187.159,162.0
2002-05-07,190.6349,160.7
2002-05-08,190.1614,166.8
2002-05-09,187.7432,175.0
2002-05-10,186.5937,175.4
2002-05-11,186.1482,190.4
2002-05-12,183.6664,185.6
2002-05-13,179.6849,184.8
2002-05-14,171.8021,193.9
2002-05-15,174.6755,187.4
2002-05-16,181.5407,188.0
2002-05-17,182.6002,191.6
2002-05-18,183.644,191.4
2002-05-19,186.4026,189.8
2002-05-20,183.814,185.1
2002-05-21,185.7023,187.0
2002-05-22,182.1664,183.9
2002-05-23,178.5486,180.0
2002-05-24,173.9468,175.4
2002-05-25,168.492,174.7
2002-05-26,169.4988,163.7
2002-05-27,166.2258,159.1
2002-05-28,165.6804,163.1
2002-05-29,165.9258,159.9
2002-05-30,165.2039,161.9
2002-05-31,167.4066,156.2
2002-06-01,163.0082,152.4
2002-06-02,163.0034,146.2
2002-06-03,162.1497,137.6
2002-06-04,163.0898,135.6
2002-06-05,161.1426,139.7
2002-06-06,159.0605,141.0
2002-06-07,173.8423,147.5
2002-06-08,178.8932,147.5
2002-06-09,182.2917,150.5
2002-06-10,178.1158,149.8
2002-06-11,173.1136,144.2
2002-06-12,170.7516,146.6
2002-06-13,168.9382,147.5
2002-06-14,175.4503,155.3
2002-06-15,178.593,149.5
2002-06-16,176.8932,148.6
2002-06-17,179.305,143.2
2002-06-18,177.9751,141.9
2002-06-19,178.2386,147.5
2002-06-20,178.5492,151.4
2002-06-21,172.8291,152.3
2002-06-22,167.2133,153.5
2002-06-23,167.3664,152.4
2002-06-24,169.2791,151.3
2002-06-25,163.2388,143.5
2002-06-26,161.9434,138.0
2002-06-27,156.828,141.5
2002-06-28,157.7908,135.3
2002-06-29,162.1116,140.9
2002-06-30,162.5344,133.1
2002-07-01,160.4327,135.9
2002-07-02,157.9559,137.7
2002-07-03,151.8284,139.4
2002-07-04,149.0151,148.6
2002-07-05,147.8689,164.8
2002-07-06,144.5312,177.2
2002-07-07,146.3074,185.9
2002-07-08,146.4312,186.6
2002-07-09,155.7819,188.3
2002-07-10,153.8147,190.7
2002-07-11,156.4184,188.7
2002-07-12,159.4154,195.8
2002-07-13,149.0756,204.6
2002-07-14,147.352,215.0
2002-07-15,155.5504,224.5
2002-07-16,159.1836,240.4
2002-07-17,156.5428,238.0
2002-07-18,152.6113,246.2
2002-07-19,148.7535,241.1
2002-07-20,139.3094,234.1
2002-07-21,141.8804,214.8
2002-07-22,146.3941,198.3
2002-07-23,152.3233,185.7
2002-07-24,150.1288,172.7
2002-07-25,152.1297,155.3
2002-07-26,151.6235,146.0
2002-07-27,157.4478,148.8
2002-07-28,163.6262,140.1
2002-07-29,166.5756,138.3
2002-07-30,162.107,144.0
2002-07-31,160.9945,152.4
2002-08-01,158.2629,176.9
2002-08-02,157.7272,188.8
2002-08-03,161.8244,196.8
2002-08-04,162.4366,213.5
2002-08-05,164.6391,215.7
2002-08-06,175.7528,219.1
2002-08-07,177.3814,232.3
2002-08-08,181.3993,246.9
2002-08-09,184.2888,242.6
2002-08-10,187.7312,232.8
2002-08-11,193.8975,225.0
2002-08-12,195.1706,225.1
2002-08-13,193.6304,229.5
2002-08-14,194.444,199.8
2002-08-15,184.5592,182.4
2002-08-16,177.5016,172.2
2002-08-17,173.6452,164.7
2002-08-18,168.4276,166.4
2002-08-19,164.8514,172.6
2002-08-20,161.6176,176.9
2002-08-21,158.3745,183.7
2002-08-22,154.1838,183.8
2002-08-23,158.7975,176.9
2002-08-24,150.8754,174.4
2002-08-25,145.7931,174.2
2002-08-26,145.6088,178.1
2002-08-27,154.3568,180.9
2002-08-28,159.3785,185.6
2002-08-29,179.128,194.4
2002-08-30,183.0936,209.0
2002-08-31,187.9087,223.5
2002-09-01,192.1224,219.0
2002-09-02,187.9016,215.1
2002-09-03,188.0119,208.6
2002-09-04,188.1866,209.2
2002-09-05,185.3965,189.9
2002-09-06,185.6095,184.5
2002-09-07,191.7868,195.9
2002-09-08,193.5564,178.4
2002-09-09,196.8182,166.7
2002-09-10,198.2479,165.8
2002-09-11,185.709,159.8
2002-09-12,170.8692,161.1
2002-09-13,162.8733,154.8
2002-09-14,169.8686,158.9
2002-09-15,164.9358,154.2
2002-09-16,167.135,150.6
2002-09-17,173.0776,152.2
2002-09-18,168.3399,149.1
2002-09-19,163.2305,138.6
2002-09-20,168.9451,140.1
2002-09-21,168.9026,140.1
2002-09-22,176.8052,136.0
2002-09-23,178.312,146.1
2002-09-24,185.5834,157.6
2002-09-25,187.4707,155.1
2002-09-26,189.1392,161.6
2002-09-27,191.0971,163.5
2002-09-28,182.1233,165.1
2002-09-29,184.2549,166.8
2002-09-30,186.6355,171.4
2002-10-01,179.6602,178.7
2002-10-02,185.5086,179.7
2002-10-03,186.3273,178.3
2002-10-04,186.1013,180.2
2002-10-05,175.5893,175.7
2002-10-06,168.8256,181.4
2002-10-07,166.588,177.7
2002-10-08,161.5292,171.3
2002-10-09,160.7917,178.1
2002-10-10,157.5581,178.7
2002-10-11,160.0732,180.8
2002-10-12,160.7075,167.7
2002-10-13,155.856,161.9
2002-10-14,153.1033,158.5
2002-10-15,150.5565,170.9
2002-10-16,148.4355,156.1
2002-10-17,145.0597,155.2
2002-10-18,147.1899,156.3
2002-10-19,154.2863,159.4
2002-10-20,160.534,165.3
2002-10-21,164.5278,167.7
2002-10-22,161.428,159.7
2002-10-23,164.8432,162.1
2002-10-24,166.8262,166.5
2002-10-25,178.4951,174.4
2002-10-26,175.5635,180.0
2002-10-27,170.5349,181.2
2002-10-28,174.0059,186.4
2002-10-29,179.6318,185.5
2002-10-30,181.3542,187.0
2002-10-31,184.3452,187.7
2002-11-01,178.1698,181.0
2002-11-02,173.489,174.6
2002-11-03,168.0417,178.6
2002-11-04,165.2003,180.2
2002-11-05,159.7546,193.2
2002-11-06,155.2172,194.8
2002-11-07,146.723,180.5
2002-11-08,144.3041,174.8
2002-11-09,144.1982,164.3
2002-11-10,149.5698,155.3
2002-11-11,146.8301,147.2
2002-11-12,135.0594,145.5
2002-11-13,147.6077,143.8
2002-11-14,152.3728,143.5
2002-11-15,158.462,133.2
2002-11-16,166.9323,138.5
2002-11-17,167.1332,138.8
2002-11-18,169.0421,136.0
2002-11-19,159.781,137.5
2002-11-20,167.4393,142.1
2002-11-21,168.2878,145.5
2002-11-22,169.2687,142.0
2002-11-23,171.5585,141.8
2002-11-24,173.4009,144.5
2002-11-25,170.6132,144.4
2002-11-26,175.1114,143.9
2002-11-27,179.3821,146.6
2002-11-28,175.7683,149.8
2002-11-29,174.9468,151.6
2002-11-30,170.1574,156.5
2002-12-01,167.3142,147.7
2002-12-02,158.9718,148.4
2002-12-03,149.9068,161.8
2002-12-04,144.126,180.1
2002-12-05,138.0648,196.6
2002-12-06,134.0737,196.5
2002-12-07,133.2271,205.8
2002-12-08,132.4529,190.6
2002-12-09,132.0986,186.7
2002-12-10,130.5166,190.3
2002-12-11,119.6443,177.9
2002-12-12,126.7257,166.4
2002-12-13,136.4114,153.7
2002-12-14,145.9838,142.5
2002-12-15,143.5069,127.6
2002-12-16,141.19,123.2
2002-12-17,137.494,112.7
2002-12-18,132.8018,113.1
2002-12-19,135.0938,111.0
2002-12-20,129.8662,110.1
2002-12-21,136.0852,111.3
2002-12-22,138.1779,111.2
2002-12-23,141.3691,114.4
2002-12-24,144.598,127.0
2002-12-25,147.0812,138.2
2002-12-26,151.2961,143.2
2002-12-27,153.2292,156.8
2002-12-28,153.1464,157.8
2002-12-29,164.0782,168.0
2002-12-30,162.4936,176.9
2002-12-31,163.8375,178.7
2003-01-01,161.3859,182.6
2003-01-02,164.8906,167.7
2003-01-03,167.7138,166.2
2003-01-04,161.9974,158.6
2003-01-05,152.6021,145.0
2003-01-06,151.792,139.9
2003-01-07,149.5932,137.1
2003-01-08,148.3382,133.0
2003-01-09,143.935,126.1
2003-01-10,141.5388,133.7
2003-01-11,137.9074,129.4
2003-01-12,132.8485,125.4
2003-01-13,133.2117,131.6
2003-01-14,133.8636,125.8
2003-01-15,133.3357,124.9
2003-01-16,135.107,121.2
2003-01-17,139.3148,117.7
2003-01-18,141.6561,121.8
2003-01-19,138.7357,120.7
2003-01-20,154.2485,117.6
2003-01-21,156.2121,116.9
2003-01-22,155.8803,122.1
2003-01-23,157.4307,123.0
2003-01-24,155.6817,128.7
2003-01-25,149.8745,131.0
2003-01-26,147.0953,136.2
2003-01-27,147.7876,145.4
2003-01-28,155.6389,143.3
2003-01-29,155.8113,135.4
2003-01-30,151.3802,137.6
2003-01-31,151.1459,132.6
2003-02-01,155.3155,131.4
2003-02-02,156.2166,128.2
2003-02-03,154.7421,127.3
2003-02-04,150.8392,128.1
2003-02-05,144.8182,120.6
2003-02-06,145.6897,115.7
2003-02-07,140.3141,109.4
2003-02-08,133.6632,107.4
2003-02-09,131.7296,113.6
2003-02-10,128.037,115.7
2003-02-11,127.5858,117.0
2003-02-12,119.8539,104.3
2003-02-13,118.6312,101.8
2003-02-14,117.585,99.9
2003-02-15,119.4342,99.5
2003-02-16,124.7435,107.2
2003-02-17,127.3048,115.4
2003-02-18,127.6284,122.6
2003-02-19,130.3086,135.6
2003-02-20,130.9095,131.4
2003-02-21,135.8148,146.5
2003-02-22,134.1294,143.6
2003-02-23,132.195,146.2
2003-02-24,134.7137,147.9
2003-02-25,141.648,147.6
2003-02-26,147.3882,146.2
2003-02-27,158.4366,150.6
2003-02-28,157.4289,141.7
2003-03-01,155.736,139.7
2003-03-02,146.7399,136.2
2003-03-03,142.8354,132.5
2003-03-04,134.3836,137.3
2003-03-05,126.617,129.3
2003-03-06,121.9952,127.2
2003-03-07,122.8645,123.1
2003-03-08,118.925,117.3
2003-03-09,120.4216,107.2
2003-03-10,118.6635,96.6
2003-03-11,116.2742,90.3
2003-03-12,114.0031,88.3
2003-03-13,114.0331,92.4
2003-03-14,117.1488,97.3
2003-03-15,112.5919,108.2
2003-03-16,113.1529,126.6
2003-03-17,112.6521,140.5
2003-03-18,119.4876,146.4
2003-03-19,121.604,154.6
2003-03-20,124.1437,154.2
2003-03-21,127.0937,159.8
2003-03-22,137.0306,152.8
2003-03-23,144.0148,157.3
2003-03-24,146.0388,155.7
2003-03-25,145.9452,152.7
2003-03-26,147.1691,137.5
2003-03-27,145.0404,126.1
2003-03-28,137.6905,115.9
2003-03-29,134.3594,112.6
2003-03-30,129.4231,109.7
2003-03-31,123.2107,104.1
2003-04-01,112.488,103.0
2003-04-02,109.3665,102.6
2003-04-03,113.3236,103.0
2003-04-04,113.116,102.6
2003-04-05,110.7785,101.1
2003-04-06,113.9041,99.2
2003-04-07,113.3243,101.8
2003-04-08,117.4684,108.7
2003-04-09,122.2485,113.1
2003-04-10,126.224,119.7
2003-04-11,129.3447,127.0
2003-04-12,134.3861,133.8
2003-04-13,137.402,134.3
2003-04-14,138.445,129.8
2003-04-15,135.793,145.3
2003-04-16,135.372,145.5
2003-04-17,141.5618,156.1
2003-04-18,142.0952,154.3
2003-04-19,138.0407,157.4
2003-04-20,132.4813,155.8
2003-04-21,127.1024,151.0
2003-04-22,120.4799,159.0
2003-04-23,114.5589,150.1
2003-04-24,110.1227,144.4
2003-04-25,112.2096,131.1
2003-04-26,110.6664,124.1
2003-04-27,111.4109,112.2
2003-04-28,109.8827,102.8
2003-04-29,101.8572,98.9
2003-04-30,105.5062,94.5
2003-05-01,106.7205,93.4
2003-05-02,111.2334,95.8
2003-05-03,113.6196,98.1
2003-05-04,113.7983,98.3
2003-05-05,112.6483,101.4
2003-05-06,114.1878,104.9
2003-05-07,112.4127,104.7
2003-05-08,119.3163,111.5
2003-05-09,131.4037,117.4
2003-05-10,135.6707,120.0
2003-05-11,140.5516,122.2
2003-05-12,140.3733,121.3
2003-05-13,140.2652,120.9
2003-05-14,134.9678,119.8
2003-05-15,133.5505,124.3
2003-05-16,131.3432,128.4
2003-05-17,128.9258,132.3
2003-05-18,128.6177,133.7
2003-05-19,122.2653,127.8
2003-05-20,123.5697,120.4
2003-05-21,117.7854,116.3
2003-05-22,113.8237,115.5
2003-05-23,112.4692,124.8
2003-05-24,113.2602,117.8
2003-05-25,114.6642,108.7
2003-05-26,109.7612,117.0
2003-05-27,113.2843,129.4
2003-05-28,108.4615,137.2
2003-05-29,109.3547,158.0
2003-05-30,109.3889,163.1
2003-05-31,107.6281,182.0
2003-06-01,115.2603,198.9
2003-06-02,125.4469,168.6
2003-06-03,125.1414,155.8
2003-06-04,121.9598,137.7
2003-06-05,120.7053,132.8
2003-06-06,127.797,126.5
2003-06-07,131.6815,125.8
2003-06-08,135.9284,124.3
2003-06-09,133.6449,122.55
2003-06-10,131.8378,120.8
2003-06-11,134.6667,118.8
2003-06-12,125.2262,113.9
2003-06-13,119.0889,117.2
2003-06-14,114.993,118.3
2003-06-15,119.684,120.2
2003-06-16,120.6069,122.9
2003-06-17,122.9971,128.1
2003-06-18,123.5201,128.1
2003-06-19,126.254,131.6
2003-06-20,126.559,132.5
2003-06-21,120.8898,135.6
2003-06-22,126.682,139.3
2003-06-23,131.2069,136.7
2003-06-24,136.2718,144.8
2003-06-25,137.8246,146.7
2003-06-26,138.1594,135.3
2003-06-27,141.7332,137.8
2003-06-28,138.8959,135.7
2003-06-29,137.2055,130.2
2003-06-30,132.4075,126.9
2003-07-01,127.036,126.1
2003-07-02,124.9727,125.5
2003-07-03,120.3782,130.7
2003-07-04,120.6777,131.4
2003-07-05,113.6334,129.9
2003-07-06,107.2048,137.5
2003-07-07,112.7426,143.2
2003-07-08,113.8551,144.3
2003-07-09,112.2557,150.8
2003-07-10,108.478,162.4
2003-07-11,116.4856,160.7
2003-07-12,120.1849,157.4
2003-07-13,126.0139,148.7
2003-07-14,124.8626,129.2
2003-07-15,127.8757,115.1
2003-07-16,132.5045,105.9
2003-07-17,132.845,104.9
2003-07-18,131.0762,106.6
2003-07-19,130.4659,103.0
2003-07-20,131.5845,101.7
2003-07-21,126.6828,105.2
2003-07-22,126.402,110.6
2003-07-23,127.3327,114.7
2003-07-24,125.9818,123.6
2003-07-25,126.9627,126.0
2003-07-26,126.8993,134.4
2003-07-27,131.8454,132.4
2003-07-28,136.5811,140.9
2003-07-29,134.6623,136.6
2003-07-30,133.5299,133.6
2003-07-31,130.9195,134.7
2003-08-01,137.74,132.7
2003-08-02,140.7712,126.6
2003-08-03,140.5453,134.3
2003-08-04,137.5634,133.1
2003-08-05,135.1915,134.7
2003-08-06,130.114,130.1
2003-08-07,130.7689,122.3
2003-08-08,119.3696,118.7
2003-08-09,119.6258,119.5
2003-08-10,117.0548,114.5
2003-08-11,113.7906,122.0
2003-08-12,109.8208,123.7
2003-08-13,110.9177,122.9
2003-08-14,112.8933,120.95
2003-08-15,116.522,119.0
2003-08-16,112.7477,123.4
2003-08-17,115.5005,128.3
2003-08-18,118.5413,121.1
2003-08-19,124.0321,118.7
2003-08-20,120.551,116.2
2003-08-21,130.3627,111.8
2003-08-22,129.5644,110.1
2003-08-23,128.3068,107.6
2003-08-24,125.3338,112.4
2003-08-25,124.2997,114.1
2003-08-26,119.8196,109.8
2003-08-27,124.7046,106.6
2003-08-28,123.8095,109.4
2003-08-29,124.2352,100.3
2003-08-30,122.418,97.3
2003-08-31,122.1666,100.6
2003-09-01,122.341,98.0
2003-09-02,124.4627,95.6
2003-09-03,128.7512,97.3
2003-09-04,130.1749,95.8
2003-09-05,126.5147,98.4
2003-09-06,129.519,100.4
2003-09-07,129.6433,107.0
2003-09-08,128.3143,110.2
2003-09-09,127.9824,112.1
2003-09-10,128.007,116.5
2003-09-11,125.893,120.9
2003-09-12,124.8063,123.5
2003-09-13,125.1116,125.7
2003-09-14,127.8074,134.3
2003-09-15,132.6911,133.4
2003-09-16,132.4236,131.8
2003-09-17,132.0108,130.3
2003-09-18,129.1387,137.6
2003-09-19,128.8661,135.6
2003-09-20,132.3468,133.3
2003-09-21,133.7281,137.1
2003-09-22,132.5837,125.0
2003-09-23,129.1348,120.3
2003-09-24,129.3015,119.0
2003-09-25,125.8481,109.6
2003-09-26,122.0894,112.0
2003-09-27,121.4177,111.8
2003-09-28,121.5594,113.1
2003-09-29,125.7257,110.5
2003-09-30,127.6407,111.4
2003-10-01,129.2775,105.4
2003-10-02,125.5126,97.4
2003-10-03,122.3779,94.0
2003-10-04,113.8329,91.9
2003-10-05,114.089,95.3
2003-10-06,118.6305,94.6
2003-10-07,116.8496,98.1
2003-10-08,117.4779,107.8
2003-10-09,120.4322,119.4
2003-10-10,122.6197,133.9
2003-10-11,121.1553,150.2
2003-10-12,120.0599,152.0
2003-10-13,118.3549,181.3
2003-10-14,118.4423,188.5
2003-10-15,119.3048,219.0
2003-10-16,117.047,240.6
2003-10-17,120.3176,254.0
2003-10-18,121.6123,268.4
2003-10-19,122.8761,275.4
2003-10-20,124.4185,267.6
2003-10-21,121.5126,245.2
2003-10-22,124.7044,233.2
2003-10-23,133.7754,187.4
2003-10-24,134.1962,164.2
2003-10-25,138.1296,165.6
2003-10-26,135.8865,112.1
2003-10-27,135.443,96.1
2003-10-28,135.3455,89.4
2003-10-29,126.6494,91.0
2003-10-30,121.9333,91.2
2003-10-31,115.071,92.8
2003-11-01,113.305,93.7
2003-11-02,106.7532,95.8
2003-11-03,106.5105,100.0
2003-11-04,114.6922,96.8
2003-11-05,103.2226,95.6
2003-11-06,107.0983,102.0
2003-11-07,117.8285,118.2
2003-11-08,128.1302,141.0
2003-11-09,131.1618,151.5
2003-11-10,135.6278,171.0
2003-11-11,138.6871,172.8
2003-11-12,141.5055,171.9
2003-11-13,150.6748,173.8
2003-11-14,147.0794,172.8
2003-11-15,141.4261,166.3
2003-11-16,139.6004,166.5
2003-11-17,137.7962,170.1
2003-11-18,143.5044,163.2
2003-11-19,141.1838,161.4
2003-11-20,139.7461,148.6
2003-11-21,130.6635,139.3
2003-11-22,124.2808,135.4
2003-11-23,114.4572,120.3
2003-11-24,118.2522,112.5
2003-11-25,115.6853,108.5
2003-11-26,111.5952,105.7
2003-11-27,111.3648,89.3
2003-11-28,109.3708,90.9
2003-11-29,110.901,89.4
2003-11-30,111.2982,86.5
2003-12-01,113.6802,83.4
2003-12-02,118.796,84.5
2003-12-03,120.7492,85.0
2003-12-04,116.4393,89.5
2003-12-05,122.6784,97.7
2003-12-06,130.1178,103.0
2003-12-07,129.2755,113.8
2003-12-08,135.5063,119.1
2003-12-09,141.221,118.6
2003-12-10,147.4551,125.9
2003-12-11,145.7973,129.1
2003-12-12,144.5321,133.2
2003-12-13,141.4261,137.4
2003-12-14,134.7185,134.4
2003-12-15,135.1742,134.6
2003-12-16,136.6721,132.7
2003-12-17,136.9992,124.3
2003-12-18,132.436,115.1
2003-12-19,126.2106,110.7
2003-12-20,123.4493,104.2
2003-12-21,120.2529,104.4
2003-12-22,113.0267,112.2
2003-12-23,111.5676,112.6
2003-12-24,102.1998,112.3
2003-12-25,104.1018,115.5
2003-12-26,102.7051,119.0
2003-12-27,104.4596,113.4
2003-12-28,110.2535,114.9
2003-12-29,111.7318,116.1
2003-12-30,113.7063,114.4
2003-12-31,126.2826,115.3
2004-01-01,140.8012,114.6
2004-01-02,143.3856,114.4
2004-01-03,143.0206,114.1
2004-01-04,143.4235,117.1
2004-01-05,137.7308,115.2
2004-01-06,139.8382,116.4
2004-01-07,144.0603,118.6
2004-01-08,141.9116,115.6
2004-01-09,137.6718,130.3
2004-01-10,128.55,124.8
2004-01-11,131.1056,126.0
2004-01-12,136.3385,117.9
2004-01-13,137.6028,111.6
2004-01-14,137.746,104.1
2004-01-15,129.9383,99.1
2004-01-16,125.9382,95.0
2004-01-17,125.0221,90.8
2004-01-18,117.6449,85.9
2004-01-19,117.0798,84.8
2004-01-20,109.2087,89.9
2004-01-21,100.4017,91.6
2004-01-22,97.0251,94.5
2004-01-23,96.6916,98.5
2004-01-24,97.391,96.6
2004-01-25,100.406,98.6
2004-01-26,104.3002,102.5
2004-01-27,105.3896,103.7
2004-01-28,110.6174,108.1
2004-01-29,109.8779,113.1
2004-01-30,109.1576,114.7
2004-01-31,114.3729,113.5
2004-02-01,114.7791,111.2
2004-02-02,114.0452,109.3
2004-02-03,108.4147,105.1
2004-02-04,110.4817,101.1
2004-02-05,108.5155,99.6
2004-02-06,107.5944,96.3
2004-02-07,107.6965,99.5
2004-02-08,111.2332,95.4
2004-02-09,110.4364,94.2
2004-02-10,105.0774,93.2
2004-02-11,98.7473,96.0
2004-02-12,96.7093,101.7
2004-02-13,97.3648,102.1
2004-02-14,93.9716,103.4
2004-02-15,100.5041,116.1
2004-02-16,101.0213,118.4
2004-02-17,107.4813,119.8
2004-02-18,108.3921,113.6
2004-02-19,113.2042,108.0
2004-02-20,117.3772,100.0
2004-02-21,115.5664,97.1
2004-02-22,109.8591,88.9
2004-02-23,110.7948,95.9
2004-02-24,105.028,105.0
2004-02-25,109.1797,102.9
2004-02-26,108.4811,104.6
2004-02-27,108.5543,106.3
2004-02-28,106.6434,107.2
2004-02-29,103.1067,111.1
2004-03-01,102.6636,111.7
2004-03-02,103.3572,106.2
2004-03-03,100.804,102.6
2004-03-04,107.8354,101.3
2004-03-05,111.3804,100.3
2004-03-06,111.4309,108.5
2004-03-07,113.2977,108.8
2004-03-08,113.415,114.4
2004-03-09,114.373,111.3
2004-03-10,110.1716,112.7
2004-03-11,110.7713,110.4
2004-03-12,113.8382,115.6
2004-03-13,112.8807,117.6
2004-03-14,108.3004,119.0
2004-03-15,108.3243,126.4
2004-03-16,111.7717,123.2
2004-03-17,109.749,127.2
2004-03-18,107.9705,128.6
2004-03-19,104.6186,128.3
2004-03-20,104.1214,126.4
2004-03-21,102.6398,121.0
2004-03-22,100.7625,112.6
2004-03-23,95.0941,108.1
2004-03-24,93.8017,107.4
2004-03-25,98.207,109.0
2004-03-26,95.0645,108.9
2004-03-27,98.3883,101.6
2004-03-28,99.9876,98.4
2004-03-29,97.9853,93.8
2004-03-30,99.491,90.3
2004-03-31,99.5897,88.1
2004-04-01,96.2301,90.0
2004-04-02,91.8762,91.8
2004-04-03,96.595,93.6
2004-04-04,101.3319,95.8
2004-04-05,101.9582,97.4
2004-04-06,101.9694,97.6
2004-04-07,101.4597,99.0
2004-04-08,105.2099,110.0
2004-04-09,108.2364,114.5
2004-04-10,108.0268,111.8
2004-04-11,110.887,113.9
2004-04-12,111.1367,118.4
2004-04-13,113.8588,116.6
2004-04-14,111.7749,112.9
2004-04-15,107.0871,108.4
2004-04-16,107.5343,100.9
2004-04-17,108.1482,96.4
2004-04-18,113.5208,90.7
2004-04-19,113.9044,89.8
2004-04-20,108.2502,90.8
2004-04-21,102.6609,95.7
2004-04-22,103.5977,99.1
2004-04-23,101.9781,92.8
2004-04-24,107.9115,88.9
2004-04-25,100.4069,90.1
2004-04-26,99.7419,88.0
2004-04-27,100.6081,86.8
2004-04-28,100.4197,88.9
2004-04-29,103.7298,95.0
2004-04-30,107.4576,94.8
2004-05-01,110.6066,92.0
2004-05-02,110.9652,100.9
2004-05-03,114.8198,103.0
2004-05-04,114.7408,112.1
2004-05-05,112.4538,117.9
2004-05-06,112.7677,121.0
2004-05-07,118.3847,113.7
2004-05-08,118.1555,110.4
2004-05-09,120.7503,111.4
2004-05-10,122.3063,107.2
2004-05-11,117.9531,109.6
2004-05-12,118.2796,105.0
2004-05-13,115.2765,106.6
2004-05-14,117.9148,107.9
2004-05-15,116.5888,105.1
2004-05-16,113.7566,106.1
2004-05-17,108.6902,104.6
2004-05-18,105.7438,105.2
2004-05-19,100.2909,104.0
2004-05-20,100.3225,102.4
2004-05-21,102.1306,98.1
2004-05-22,100.1363,92.5
2004-05-23,97.3194,93.0
2004-05-24,95.325,92.6
2004-05-25,95.335,92.0
2004-05-26,97.206,87.0
2004-05-27,98.8375,91.0
2004-05-28,102.6626,91.2
2004-05-29,108.944,88.6
2004-05-30,111.5634,87.9
2004-05-31,112.2564,85.0
2004-06-01,112.9238,86.5
2004-06-02,113.139,90.7
2004-06-03,110.6282,98.2
2004-06-04,109.3844,103.1
2004-06-05,112.8963,112.9
2004-06-06,110.2324,115.1
2004-06-07,112.244,114.9
2004-06-08,109.098,111.3
2004-06-09,107.2259,116.4
2004-06-10,104.9646,123.0
2004-06-11,103.7415,119.6
2004-06-12,105.4476,120.5
2004-06-13,107.4904,116.2
2004-06-14,106.7986,111.9
2004-06-15,104.9202,106.3
2004-06-16,102.0338,102.2
2004-06-17,99.0773,97.3
2004-06-18,90.2671,92.4
2004-06-19,91.0295,87.9
2004-06-20,94.6512,84.5
2004-06-21,88.4581,84.0
2004-06-22,91.4344,83.4
2004-06-23,88.9157,82.2
2004-06-24,85.9078,82.1
2004-06-25,85.4392,80.9
2004-06-26,87.2863,81.6
2004-06-27,94.119,81.9
2004-06-28,100.3399,84.6
2004-06-29,101.6574,89.6
2004-06-30,104.9682,96.4
2004-07-01,103.7779,107.9
2004-07-02,105.25,129.2
2004-07-03,106.2388,131.6
2004-07-04,106.5071,142.6
2004-07-05,105.2708,150.5
2004-07-06,105.5247,151.3
2004-07-07,105.7755,154.1
2004-07-08,106.4173,160.2
2004-07-09,105.9402,175.8
2004-07-10,103.6203,180.8
2004-07-11,100.3057,177.7
2004-07-12,102.261,178.4
2004-07-13,101.3034,170.4
2004-07-14,100.8728,151.8
2004-07-15,99.967,143.9
2004-07-16,97.464,132.0
2004-07-17,97.3144,121.8
2004-07-18,97.7054,103.8
2004-07-19,101.9304,102.8
2004-07-20,106.1666,91.4
2004-07-21,97.1715,89.0
2004-07-22,98.861,85.8
2004-07-23,98.1776,87.0
2004-07-24,95.8585,90.1
2004-07-25,97.1593,87.9
2004-07-26,99.8406,91.5
2004-07-27,97.9285,93.6
2004-07-28,97.51,97.3
2004-07-29,104.0971,107.7
2004-07-30,113.2852,117.0
2004-07-31,114.7663,124.7
2004-08-01,114.5814,134.3
2004-08-02,118.6974,151.1
2004-08-03,116.7405,152.5
2004-08-04,117.2234,153.1
2004-08-05,117.9016,142.4
2004-08-06,122.8779,137.0
2004-08-07,119.8584,138.3
2004-08-08,118.1667,143.3
2004-08-09,118.21,123.5
2004-08-10,114.5482,124.2
2004-08-11,113.6368,122.8
2004-08-12,112.9006,117.8
2004-08-13,109.7594,111.9
2004-08-14,102.4956,107.2
2004-08-15,101.8877,102.5
2004-08-16,101.2646,99.5
2004-08-17,96.7023,92.3
2004-08-18,98.7062,88.9
2004-08-19,99.2801,87.7
2004-08-20,100.9538,91.6
2004-08-21,97.7781,89.7
2004-08-22,101.9027,91.5
2004-08-23,97.7118,95.6
2004-08-24,99.909,98.3
2004-08-25,102.4547,100.9
2004-08-26,106.2471,104.8
2004-08-27,108.5656,108.2
2004-08-28,111.0964,120.7
2004-08-29,116.6594,126.3
2004-08-30,119.9095,132.8
2004-08-31,124.4762,131.8
2004-09-01,129.8022,117.9
2004-09-02,128.6537,116.0
2004-09-03,127.6836,119.1
2004-09-04,126.1599,116.0
2004-09-05,124.7445,110.8
2004-09-06,118.3551,109.4
2004-09-07,117.6661,105.5
2004-09-08,114.0433,103.6
2004-09-09,119.2575,106.1
2004-09-10,116.5394,101.3
2004-09-11,110.2315,95.6
2004-09-12,107.7368,92.0
2004-09-13,102.9344,90.8
2004-09-14,101.7411,89.9
2004-09-15,108.8754,89.9
2004-09-16,109.4024,89.9
2004-09-17,110.8023,90.2
2004-09-18,112.0901,90.2
2004-09-19,114.479,90.0
2004-09-20,116.017,88.4
2004-09-21,115.6752,88.1
2004-09-22,116.5779,88.1
2004-09-23,115.7396,89.1
2004-09-24,117.9688,90.7
2004-09-25,123.9985,90.8
2004-09-26,124.5685,92.0
2004-09-27,123.2816,93.7
2004-09-28,119.9886,90.4
2004-09-29,116.9866,87.7
2004-09-30,112.5038,88.7
2004-10-01,108.1391,86.6
2004-10-02,104.3239,87.2
2004-10-03,102.2251,89.4
2004-10-04,101.0987,90.2
2004-10-05,99.1488,88.6
2004-10-06,97.053,91.1
2004-10-07,96.7576,91.2
2004-10-08,95.2805,95.5
2004-10-09,94.1488,98.2
2004-10-10,95.5335,110.3
2004-10-11,96.9446,111.0
2004-10-12,98.4183,121.2
2004-10-13,100.0887,130.2
2004-10-14,97.3764,138.7
2004-10-15,99.4739,141.5
2004-10-16,97.9297,135.0
2004-10-17,105.7751,127.8
2004-10-18,109.2116,134.0
2004-10-19,110.7932,128.8
2004-10-20,108.8146,134.4
2004-10-21,108.4122,137.1
2004-10-22,110.1031,133.4
2004-10-23,110.1014,131.0
2004-10-24,109.4017,129.4
2004-10-25,104.1001,128.6
2004-10-26,99.8685,138.8
2004-10-27,95.46,126.5
2004-10-28,96.241,127.2
2004-10-29,96.7265,121.7
2004-10-30,99.5392,124.2
2004-10-31,96.9789,102.6
2004-11-01,97.305,93.0
2004-11-02,98.119,94.0
2004-11-03,99.7843,94.4
2004-11-04,95.0316,98.1
2004-11-05,100.0881,103.3
2004-11-06,97.6578,104.2
2004-11-07,98.8836,102.5
2004-11-08,97.204,101.6
2004-11-09,104.1657,100.9
2004-11-10,99.6117,96.9
2004-11-11,100.3139,98.5
2004-11-12,107.3508,103.7
2004-11-13,112.3042,104.2
2004-11-14,112.3117,104.5
2004-11-15,112.9194,106.6
2004-11-16,115.6472,108.2
2004-11-17,116.2914,107.4
2004-11-18,119.611,109.8
2005-02-18,82.8948,73.6
2005-02-19,82.6285,72.4
2005-02-20,83.6419,73.4
2005-02-21,85.4136,75.7
2005-02-22,89.1243,77.7
2005-02-23,89.919,79.9
2005-02-24,91.0392,82.3
2005-02-25,94.504,85.7
2005-02-26,100.6298,92.2
2005-02-27,104.2422,98.5
2005-02-28,105.1932,100.3
2005-03-01,100.6666,103.6
2005-03-02,103.0782,108.8
2005-03-03,102.3596,112.5
2005-03-04,103.5353,110.3
2005-03-05,101.3506,107.0
2005-03-06,98.762,103.6
2005-03-07,96.855,100.7
2005-03-08,94.4447,95.7
2005-03-09,91.0664,92.2
2005-03-10,89.9844,88.3
2005-03-11,88.2296,89.2
2005-03-12,85.6774,86.7
2005-03-13,81.7134,87.1
2005-03-14,80.7266,86.6
2005-03-15,77.7536,81.7
2005-03-16,76.9326,77.4
2005-03-17,78.5644,78.1
2005-03-18,79.5114,79.4
2005-03-19,80.9444,78.6
2005-03-20,83.5745,77.5
2005-03-21,90.2938,76.5
2005-03-22,94.7067,78.2
2005-03-23,97.0767,80.2
2005-03-24,96.3324,81.1
2005-03-25,96.0321,84.9
2005-03-26,97.2061,88.5
2005-03-27,102.2057,88.2
2005-03-28,105.5317,88.0
2005-03-29,107.695,87.9
2005-03-30,108.6798,88.8
2005-03-31,109.9359,88.6
2005-04-01,106.3834,87.9
2005-04-02,101.9096,85.3
2005-04-03,98.9581,84.0
2005-04-04,93.2624,86.0
2005-04-05,92.5034,85.5
2005-04-06,90.7027,83.6
2005-04-07,89.9241,84.2
2005-04-08,89.1343,82.0
2005-04-09,84.8627,78.9
2005-04-10,83.3891,77.8
2005-04-11,83.1266,77.9
2005-04-12,88.615,78.1
2005-04-13,88.4302,80.2
2005-04-14,86.2276,83.2
2005-04-15,84.4637,87.1
2005-04-16,81.1694,92.1
2005-04-17,85.1243,96.6
2005-04-18,87.2736,99.4
2005-04-19,87.3012,106.5
2005-04-20,86.8018,108.0
2005-04-21,89.3673,113.4
2005-04-22,92.0981,113.3
2005-04-23,92.5436,114.2
2005-04-24,96.2235,110.6
2005-04-25,95.4257,111.0
2005-04-26,92.5371,112.4
2005-04-27,90.2654,101.8
2005-04-28,84.8913,103.2
2005-04-29,86.6823,112.2
2005-04-30,86.1937,121.6
2005-05-01,84.8098,127.9
2005-05-02,87.7038,119.9
2005-05-03,86.7402,115.5
2005-05-04,87.1023,101.7
2005-05-05,88.0649,105.2
2005-05-06,85.0183,101.4
2005-05-07,83.5573,92.0
2005-05-08,91.155,85.8
2005-05-09,93.7279,86.7
2005-05-10,93.2446,85.6
2005-05-11,98.4006,83.9
2005-05-12,97.4323,84.2
2005-05-13,97.6421,85.5
2005-05-14,94.9849,87.4
2005-05-15,94.443,86.0
2005-05-16,94.9718,92.8
2005-05-17,94.6352,98.1
2005-05-18,94.7513,95.1
2005-05-19,101.42,95.3
2005-05-20,104.7849,97.5
2005-05-21,107.1671,99.0
2005-05-22,105.2146,96.9
2005-05-23,101.9324,96.0
2005-05-24,100.0292,98.0
2005-05-25,93.2991,99.8
2005-05-26,92.5599,108.6
2005-05-27,92.6869,109.2
2005-05-28,92.3949,112.4
2005-05-29,88.3677,119.3
2005-05-30,87.9442,119.7
2005-05-31,89.5108,117.9
2005-06-01,87.256,111.4
2005-06-02,86.5471,106.3
2005-06-03,86.9466,94.7
2005-06-04,88.5457,96.8
2005-06-05,91.9349,97.5
2005-06-06,89.0394,100.2
2005-06-07,91.9719,93.7
2005-06-08,93.9613,92.9
2005-06-09,90.0234,89.8
2005-06-10,94.1003,88.9
2005-06-11,91.3552,85.5
2005-06-12,86.3911,82.1
2005-06-13,85.2128,80.1
2005-06-14,90.8437,79.2
2005-06-15,95.1049,79.3
2005-06-16,97.1639,81.3
2005-06-17,97.8499,80.0
2005-06-18,97.7078,82.6
2005-06-19,98.5885,91.2
2005-06-20,97.6024,104.85
2005-06-21,99.3009,118.5
2005-06-22,100.6479,128.0
2005-06-23,103.4532,134.1
2005-06-24,104.2686,127.8
2005-06-25,106.1615,131.0
2005-06-26,105.3398,127.2
2005-06-27,106.4213,125.5
2005-06-28,102.5607,114.2
2005-06-29,102.3764,111.9
2005-06-30,102.0454,105.2
2005-07-01,100.6677,96.4
2005-07-02,94.1562,99.4
2005-07-03,93.3768,94.5
2005-07-04,91.0264,92.9
2005-07-05,89.3476,90.1
2005-07-06,86.4318,78.8
2005-07-07,85.9829,76.5
2005-07-08,79.0562,74.4
2005-07-09,79.8142,73.5
2005-07-10,79.7405,74.4
2005-07-11,80.105,75.2
2005-07-12,84.9599,75.9
2005-07-13,86.9613,82.7
2005-07-14,89.4883,82.8
2005-07-15,91.813,86.5
2005-07-16,91.2692,89.2
2005-07-17,100.1725,93.4
2005-07-18,103.123,98.7
2005-07-19,106.9571,106.9
2005-07-20,103.0218,108.2
2005-07-21,100.1953,113.1
2005-07-22,100.1747,114.6
2005-07-23,97.3826,113.5
2005-07-24,91.5799,112.2
2005-07-25,88.4086,109.2
2005-07-26,88.1831,101.7
2005-07-27,89.5566,96.1
2005-07-28,95.7338,94.9
2005-07-29,93.1929,88.9
2005-07-30,90.3337,84.7
2005-07-31,88.9639,78.3
2005-08-01,84.2578,77.9
2005-08-02,82.5419,78.3
2005-08-03,82.3584,77.4
2005-08-04,77.614,76.7
2005-08-05,76.1283,77.7
2005-08-06,74.2152,77.7
2005-08-07,78.0127,78.9
2005-08-08,79.3228,84.7
2005-08-09,81.2039,95.3
2005-08-10,82.6523,100.4
2005-08-11,90.3404,100.8
2005-08-12,93.4278,107.2
2005-08-13,93.0069,109.3
2005-08-14,97.4556,100.7
2005-08-15,98.0181,94.4
2005-08-16,94.5827,95.2
2005-08-17,96.8687,94.0
2005-08-18,99.4256,91.6
2005-08-19,105.798,90.9
2005-08-20,103.8525,87.6
2005-08-21,100.6542,85.6
2005-08-22,98.4576,80.6
2005-08-23,96.7355,78.5
2005-08-24,95.4678,75.4
2005-08-25,95.0051,75.8
2005-08-26,93.8417,76.2
2005-08-27,93.3002,82.4
2005-08-28,90.6294,93.6
2005-08-29,91.2959,92.4
2005-08-30,91.9784,100.6
2005-08-31,89.154,117.6
2005-09-01,92.2076,111.1
2005-09-02,94.1406,119.5
2005-09-03,94.9988,115.0
2005-09-04,96.1616,117.9
2005-09-05,96.6644,120.6
2005-09-06,98.4793,112.9
2005-09-07,105.3727,104.9
2005-09-08,99.7941,103.2
2005-09-09,97.3568,91.9
2005-09-10,98.9842,88.5
2005-09-11,93.6066,86.7
2005-09-12,89.1348,84.3
2005-09-13,87.1715,83.3
2005-09-14,86.0908,81.9
2005-09-15,86.7094,81.4
2005-09-16,81.7803,81.7
2005-09-17,85.1633,77.2
2005-09-18,87.1713,74.9
2005-09-19,87.7229,74.0
2005-09-20,90.9488,72.4
2005-09-21,88.2314,72.3
2005-09-22,89.1368,75.0
2005-09-23,92.1654,74.4
2005-09-24,93.5921,82.7
2005-09-25,92.9298,81.3
2005-09-26,95.7577,79.4
2005-09-27,93.3562,78.7
2005-09-28,93.6703,78.0
2005-09-29,94.2039,78.7
2005-09-30,93.7882,78.8
2005-10-01,95.5404,77.3
2005-10-02,94.0001,76.5
2005-10-03,90.6517,77.6
2005-10-04,88.5876,78.0
2005-10-05,77.9543,79.1
2005-10-06,73.9208,78.7
2005-10-07,72.6832,77.5
2005-10-08,74.3288,77.7
2005-10-09,76.5623,77.2
2005-10-10,82.3463,76.0
2005-10-11,82.5722,74.6
2005-10-12,82.3519,74.0
2005-10-13,80.7027,73.4
2005-10-14,88.3503,72.5
2005-10-15,89.6511,72.1
2005-10-16,89.1959,71.2
2005-10-17,88.439,70.7
2005-10-18,86.0368,72.1
2005-10-19,84.2322,73.1
2005-10-20,83.0111,74.5
2005-10-21,82.5475,76.7
2005-10-22,82.0192,76.1
2005-10-23,84.0552,76.8
2005-10-24,82.9584,75.5
2005-10-25,82.1632,76.1
2005-10-26,80.3483,77.9
2005-10-27,77.8557,80.3
2005-10-28,76.5199,78.0
2005-10-29,78.6396,77.9
2005-10-30,77.2919,76.6
2005-10-31,76.739,76.4
2005-11-01,74.3659,77.0
2005-11-02,75.4834,81.4
2005-11-03,77.6904,86.0
2005-11-04,81.3894,90.4
2005-11-05,81.6481,97.8
2005-11-06,81.0503,91.8
2005-11-07,80.1218,98.2
2005-11-08,79.3382,98.8
2005-11-09,80.6945,99.6
2005-11-10,81.7348,94.1
2005-11-11,82.665,92.4
2005-11-12,87.1549,90.3
2005-11-13,86.3498,87.5
2005-11-14,84.4132,84.4
2005-11-15,84.7229,77.9
2005-11-16,77.7686,78.7
2005-11-17,79.3968,78.6
2005-11-18,80.4886,79.7
2005-11-19,81.0085,82.4
2005-11-20,84.1822,92.0
2005-11-21,84.1305,95.5
2005-11-22,84.0809,101.3
2005-11-23,83.8756,98.4
2005-11-24,80.247,92.5
2005-11-25,77.882,89.0
2005-11-26,79.3889,86.5
2005-11-27,80.6475,86.3
2005-11-28,83.6376,86.9
2005-11-29,86.5794,86.4
2005-11-30,90.5327,88.7
2005-12-01,89.0759,90.2
2005-12-02,88.6724,85.6
2005-12-03,87.3203,85.2
2005-12-04,85.0551,86.8
2005-12-05,81.4358,84.2
2005-12-06,80.8771,83.1
2005-12-07,84.8929,82.5
2005-12-08,86.3844,82.8
2005-12-09,89.5339,86.6
2005-12-10,90.1369,84.9
2005-12-11,89.1285,83.7
2005-12-12,87.8394,84.8
2005-12-13,83.8001,90.1
2005-12-14,85.0991,88.9
2005-12-15,85.6112,88.8
2005-12-16,85.4803,89.5
2005-12-17,85.8095,89.2
2005-12-18,87.135,86.1
2005-12-19,88.6981,87.4
2005-12-20,88.9475,86.9
2005-12-21,89.8149,84.5
2005-12-22,94.17,84.5
2005-12-23,91.7643,81.7
2005-12-24,97.1265,82.1
2005-12-25,95.8587,81.2
2005-12-26,95.3952,80.6
2005-12-27,94.3826,79.3
2005-12-28,93.0778,76.6
2005-12-29,90.3476,75.6
2005-12-30,91.3476,75.0
2005-12-31,90.296,75.2
2006-01-01,90.5138,74.7
2006-01-02,92.225,74.0
2006-01-03,93.6946,74.0
2006-01-04,94.2344,74.9
2006-01-05,94.5874,78.3
2006-01-06,98.0969,81.1
2006-01-07,97.0332,79.8
2006-01-08,95.6546,82.9
2006-01-09,94.4407,85.8
2006-01-10,91.4016,87.9
2006-01-11,90.107,90.9
2006-01-12,88.7007,89.9
2006-01-13,87.2164,89.6
2006-01-14,87.5136,89.8
2006-01-15,80.2452,86.3
2006-01-16,76.5833,84.2
2006-01-17,73.6374,81.0
2006-01-18,78.3986,77.6
2006-01-19,75.4385,77.2
2006-01-20,76.6226,76.5
2006-01-21,78.9243,75.3
2006-01-22,81.5746,75.3
2006-01-23,82.4433,75.1
2006-01-24,79.5626,76.4
2006-01-25,83.0582,74.9
2006-01-26,86.9297,74.2
2006-01-27,89.6592,72.9
2006-01-28,92.8617,72.0
2006-01-29,96.564,72.0
2006-01-30,93.8054,72.8
2006-01-31,91.7382,73.2
2006-02-01,90.1397,74.1
2006-02-02,87.5037,74.1
2006-02-03,85.3114,74.4
2006-02-04,82.6488,75.4
2006-02-05,79.8412,76.6
2006-02-06,77.7626,77.3
2006-02-07,78.3954,77.3
2006-02-08,76.5582,76.7
2006-02-09,76.1443,74.8
2006-02-10,76.1443,74.5
2006-02-11,78.1545,74.2
2006-02-12,78.8322,74.4
2006-02-13,81.8481,73.6
2006-02-14,81.7209,74.4
2006-02-15,78.1048,74.5
2006-02-16,76.6285,75.0
2006-02-17,77.1457,75.5
2006-02-18,80.9032,75.7
2006-02-19,82.1978,75.6
2006-02-20,79.1306,74.7
2006-02-21,79.2346,74.2
2006-02-22,79.4612,73.8
2006-02-23,79.9484,73.0
2006-02-24,80.0554,72.5
2006-02-25,79.8202,73.3
2006-02-26,78.2564,71.3
2006-02-27,79.9074,71.8
2006-02-28,79.4176,71.2
2006-03-01,77.452,73.1
2006-03-02,78.1718,72.3
2006-03-03,78.749,71.7
2006-03-04,79.0244,72.8
2006-03-05,78.8222,73.4
2006-03-06,75.3085,71.7
2006-03-07,72.3944,71.3
2006-03-08,74.6256,71.7
2006-03-09,77.8662,74.6
2006-03-10,79.5836,76.2
2006-03-11,82.293,76.1
2006-03-12,81.3267,75.4
2006-03-13,79.8901,76.1
2006-03-14,80.7799,75.4
2006-03-15,81.49,75.2
2006-03-16,79.0689,73.3
2006-03-17,75.2946,74.0
2006-03-18,73.5218,79.0
2006-03-19,72.1188,81.5
2006-03-20,70.7065,83.7
2006-03-21,67.7816,86.1
2006-03-22,68.6303,86.9
2006-03-23,71.2903,91.1
2006-03-24,72.819,100.4
2006-03-25,77.3916,99.6
2006-03-26,75.9543,99.1
2006-03-27,76.842,99.1
2006-03-28,81.7182,94.7
2006-03-29,79.9378,91.3
2006-03-30,76.951,89.5
2006-03-31,76.3137,89.1
2006-04-01,73.7431,90.1
2006-04-02,74.653,81.6
2006-04-03,76.768,80.5
2006-04-04,73.7913,79.4
2006-04-05,75.8037,78.9
2006-04-06,76.6006,77.0
2006-04-07,76.6815,78.5
2006-04-08,76.1032,76.1
2006-04-09,76.1276,76.5
2006-04-10,79.6755,79.3
2006-04-11,82.9326,80.0
2006-04-12,80.0463,83.2
2006-04-13,79.6661,87.7
2006-04-14,81.7085,93.9
2006-04-15,82.4868,96.3
2006-04-16,83.102,101.3
2006-04-17,87.2585,102.0
2006-04-18,89.7596,101.5
2006-04-19,92.1744,102.7
2006-04-20,92.6785,101.4
2006-04-21,93.9074,94.8
2006-04-22,94.3047,90.9
2006-04-23,96.2754,90.4
2006-04-24,93.4913,93.4
2006-04-25,91.9025,88.2
2006-04-26,89.2522,88.6
2006-04-27,85.0859,87.8
2006-04-28,81.4955,86.3
2006-04-29,77.0611,84.2
2006-04-30,79.1024,79.8
2006-05-01,75.9011,77.9
2006-05-02,75.842,77.3
2006-05-03,73.6651,75.0
2006-05-04,79.0028,73.6
2006-05-05,77.9102,73.2
2006-05-06,78.7257,73.1
2006-05-07,78.9017,73.6
2006-05-08,77.7175,75.0
2006-05-09,76.3231,77.1
2006-05-10,76.5682,78.0
2006-05-11,79.2149,79.4
2006-05-12,81.6216,85.1
2006-05-13,83.6358,86.3
2006-05-14,84.3679,85.9
2006-05-15,88.3188,85.9
2006-05-16,90.3714,83.8
2006-05-17,90.2968,85.2
2006-05-18,91.419,87.0
2006-05-19,89.0462,83.3
2006-05-20,85.7411,82.3
2006-05-21,83.3101,80.6
2006-05-22,82.6359,79.4
2006-05-23,84.972,77.5
2006-05-24,84.2368,78.1
2006-05-25,80.5854,77.8
2006-05-26,80.2031,80.2
2006-05-27,80.7022,80.3
2006-05-28,80.6672,85.2
2006-05-29,76.265,82.5
2006-05-30,74.5174,80.0
2006-05-31,75.326,78.5
2006-06-01,76.6831,76.7
2006-06-02,78.4247,76.5
2006-06-03,81.105,79.5
2006-06-04,84.2709,77.7
2006-06-05,83.47,78.8
2006-06-06,83.6338,77.7
2006-06-07,83.6949,75.6
2006-06-08,82.7453,75.7
2006-06-09,79.6908,75.7
2006-06-10,80.251,75.3
2006-06-11,83.0758,75.1
2006-06-12,82.5855,74.4
2006-06-13,87.2304,74.1
2006-06-14,87.1645,76.1
2006-06-15,87.8787,76.5
2006-06-16,89.4171,79.0
2006-06-17,80.8368,81.2
2006-06-18,77.5483,86.3
2006-06-19,75.5338,88.4
2006-06-20,74.7483,89.0
2006-06-21,74.4969,88.4
2006-06-22,75.8599,90.0
2006-06-23,77.5473,88.8
2006-06-24,78.9406,95.1
2006-06-25,81.1244,87.5
2006-06-26,81.17,87.9
2006-06-27,77.9905,82.6
2006-06-28,78.7653,80.0
2006-06-29,79.2911,77.1
2006-06-30,79.5366,75.2
2006-07-01,77.2738,73.6
2006-07-02,78.8384,72.9
2006-07-03,78.4262,72.2
2006-07-04,81.5292,73.3
2006-07-05,84.7424,72.6
2006-07-06,81.6812,73.2
2006-07-07,80.0277,73.3
2006-07-08,77.1173,73.6
2006-07-09,76.9043,73.4
2006-07-10,78.3453,74.5
2006-07-11,79.7527,75.0
2006-07-12,81.182,75.9
2006-07-13,79.581,78.9
2006-07-14,83.1883,79.5
2006-07-15,81.8921,77.9
2006-07-16,77.9978,77.0
2006-07-17,76.6763,76.7
2006-07-18,75.4513,74.9
2006-07-19,75.0599,75.2
2006-07-20,75.7626,76.2
2006-07-21,76.3881,74.6
2006-07-22,82.6558,74.9
2006-07-23,82.8602,74.3
2006-07-24,80.6253,73.4
2006-07-25,75.6705,71.6
2006-07-26,74.0098,71.5
2006-07-27,73.5484,71.5
2006-07-28,73.4691,71.8
2006-07-29,73.8488,73.4
2006-07-30,75.8296,76.1
2006-07-31,74.815,82.5
2006-08-01,75.6908,86.2
2006-08-02,75.7843,87.0
2006-08-03,75.8259,88.1
2006-08-04,74.4383,88.6
2006-08-05,75.0615,87.8
2006-08-06,75.5965,96.4
2006-08-07,75.9028,88.0
2006-08-08,78.5413,90.6
2006-08-09,79.5566,90.9
2006-08-10,78.6748,90.2
2006-08-11,78.4329,89.8
2006-08-12,78.6959,82.7
2006-08-13,76.5764,80.1
2006-08-14,77.8778,79.9
2006-08-15,77.7697,78.9
2006-08-16,80.2496,77.3
2006-08-17,76.3323,80.2
2006-08-18,73.5953,78.0
2006-08-19,74.4923,74.4
2006-08-20,75.161,75.7
2006-08-21,81.1173,84.7
2006-08-22,80.8455,78.3
2006-08-23,78.1823,76.9
2006-08-24,77.2274,77.8
2006-08-25,74.2497,80.3
2006-08-26,81.6456,81.7
2006-08-27,84.4411,85.3
2006-08-28,83.9152,88.1
2006-08-29,81.4689,88.5
2006-08-30,83.3486,86.7
2006-08-31,86.6782,88.5
2006-09-01,84.6638,85.7
2006-09-02,82.8183,85.1
2006-09-03,82.999,83.9
2006-09-04,84.1398,83.8
2006-09-05,86.8123,81.0
2006-09-06,85.146,80.1
2006-09-07,84.9337,78.8
2006-09-08,83.7042,75.1
2006-09-09,78.2511,74.0
2006-09-10,75.2008,71.5
2006-09-11,74.7747,72.0
2006-09-12,74.3525,72.9
2006-09-13,74.9,70.9
2006-09-14,76.9752,70.3
2006-09-15,78.9493,70.6
2006-09-16,80.5947,71.0
2006-09-17,82.6258,72.4
2006-09-18,83.7897,73.3
2006-09-19,85.2087,76.8
2006-09-20,85.1924,77.9
2006-09-21,87.5431,78.6
2006-09-22,88.6875,78.0
2006-09-23,89.2017,76.7
2006-09-24,88.3561,76.7
2006-09-25,90.7528,77.3
2006-09-26,93.2609,76.3
2006-09-27,92.8852,76.4
2006-09-28,90.7087,75.1
2006-09-29,87.743,74.8
2006-09-30,84.6666,75.0
2006-10-01,81.8781,73.3
2006-10-02,77.6871,73.3
2006-10-03,76.409,72.9
2006-10-04,74.8404,72.0
2006-10-05,73.6829,70.7
2006-10-06,71.7901,69.1
2006-10-07,72.6916,69.1
2006-10-08,74.0743,69.0
2006-10-09,76.0107,69.0
2006-10-10,78.5893,70.4
2006-10-11,78.5462,74.0
2006-10-12,80.6877,75.1
2006-10-13,83.1335,75.7
2006-10-14,84.0156,74.0
2006-10-15,83.8016,73.9
2006-10-16,82.9394,71.0
2006-10-17,81.5699,71.1
2006-10-18,80.6527,73.7
2006-10-19,80.5583,72.3
2006-10-20,80.0612,74.6
2006-10-21,79.6577,78.9
2006-10-22,80.183,85.3
2006-10-23,79.5952,86.8
2006-10-24,77.4834,86.0
2006-10-25,76.1782,84.0
2006-10-26,76.0079,83.2
2006-10-27,77.402,82.1
2006-10-28,76.5586,85.6
2006-10-29,78.3728,84.8
2006-10-30,83.2623,87.7
2006-10-31,84.3832,89.3
2006-11-01,85.553,95.0
2006-11-02,84.194,94.7
2006-11-03,80.2646,93.2
2006-11-04,78.6669,92.5
2006-11-05,77.2658,94.0
2006-11-06,74.8541,92.0
2006-11-07,77.4944,87.4
2006-11-08,79.5666,86.8
2006-11-09,80.7212,82.9
2006-11-10,83.4578,78.6
2006-11-11,85.961,75.6
2006-11-12,81.4127,74.6
2006-11-13,82.5483,74.9
2006-11-14,82.0195,75.5
2006-11-15,81.1199,76.5
2006-11-16,75.4927,76.2
2006-11-17,75.6461,80.2
2006-11-18,76.3815,83.2
2006-11-19,76.3363,82.7
2006-11-20,76.8092,81.8
2006-11-21,77.6258,81.8
2006-11-22,82.0339,84.8
2006-11-23,87.0113,84.6
2006-11-24,85.2158,93.6
2006-11-25,89.3054,99.4
2006-11-26,89.4136,99.7
2006-11-27,89.7194,94.4
2006-11-28,89.226,93.1
2006-11-29,87.5949,89.6
2006-11-30,81.8889,87.3
2006-12-01,81.1974,89.4
2006-12-02,80.6835,101.0
2006-12-03,79.5252,93.5
2006-12-04,83.4669,91.4
2006-12-05,86.7989,85.4
2006-12-06,86.8563,80.0
2006-12-07,84.6512,79.5
2006-12-08,83.3155,73.0
2006-12-09,81.5278,72.0
2006-12-10,79.8658,70.3
2006-12-11,80.7707,71.6
2006-12-12,85.3382,72.2
2006-12-13,81.9931,71.2
2006-12-14,82.7812,71.9
2006-12-15,83.2205,73.9
2006-12-16,82.7133,72.5
2006-12-17,85.3503,70.9
2006-12-18,84.2038,73.8
2006-12-19,85.5164,75.8
2006-12-20,86.1632,78.2
2006-12-21,87.0898,82.3
2006-12-22,85.7251,85.5
2006-12-23,84.0169,88.6
2006-12-24,85.2614,84.8
2006-12-25,84.2532,88.0
2006-12-26,81.72,86.5
2006-12-27,78.4947,85.6
2006-12-28,78.8872,85.3
2006-12-29,80.7794,85.7
2006-12-30,86.0893,89.1
2006-12-31,85.9791,83.3
2007-01-01,84.3578,81.2
2007-01-02,83.5778,81.0
2007-01-03,80.9397,78.7
2007-01-04,81.5104,79.4
2007-01-05,76.4045,79.3
2007-01-06,77.037,76.1
2007-01-07,73.8837,75.6
2007-01-08,69.9133,74.4
2007-01-09,71.4929,73.9
2007-01-10,70.9143,76.3
2007-01-11,72.6484,76.1
2007-01-12,75.2416,76.0
2007-01-13,80.7429,76.8
2007-01-14,84.0358,77.9
2007-01-15,88.8609,77.5
2007-01-16,87.8854,77.3
2007-01-17,90.4666,78.0
2007-01-18,91.4636,79.3
2007-01-19,93.9542,84.1
2007-01-20,94.5722,84.9
2007-01-21,92.5875,86.6
2007-01-22,92.0062,87.3
2007-01-23,92.2201,87.7
2007-01-24,92.246,84.8
2007-01-25,92.6902,81.3
2007-01-26,93.8814,80.7
2007-01-27,92.5184,79.6
2007-01-28,91.1093,79.8
2007-01-29,90.6365,76.3
2007-01-30,87.8333,74.6
2007-01-31,86.617,73.9
2007-02-01,82.5063,72.8
2007-02-02,80.3419,71.8
2007-02-03,74.6189,70.9
2007-02-04,73.2654,70.9
2007-02-05,73.6986,71.8
2007-02-06,75.5129,72.9
2007-02-07,77.8816,73.5
2007-02-08,78.1001,74.1
2007-02-09,78.9955,73.2
2007-02-10,82.1731,73.1
2007-02-11,83.4028,73.2
2007-02-12,85.2117,73.9
2007-02-13,86.7435,73.6
2007-02-14,87.7591,73.9
2007-02-15,88.3666,75.1
2007-02-16,89.4673,73.9
2007-02-17,91.2795,73.4
2007-02-18,90.5781,74.4
2007-02-19,86.8386,73.4
2007-02-20,84.3114,74.2
2007-02-21,82.888,72.0
2007-02-22,85.0225,71.3
2007-02-23,84.1033,70.8
2007-02-24,82.5334,70.8
2007-02-25,81.5239,71.8
2007-02-26,79.0235,71.4
2007-02-27,76.7913,70.6
2007-02-28,75.5728,70.2
2007-03-01,72.6344,70.1
2007-03-02,70.0435,70.3
2007-03-03,69.6252,70.6
2007-03-04,70.4025,69.2
2007-03-05,70.8168,68.5
2007-03-06,71.6035,68.0
2007-03-07,72.847,68.6
2007-03-08,77.3669,69.8
2007-03-09,79.8139,69.5
2007-03-10,78.8906,72.0
2007-03-11,82.0008,72.3
2007-03-12,83.8142,72.0
2007-03-13,83.7048,72.0
2007-03-14,83.2393,72.4
2007-03-15,82.5847,73.3
2007-03-16,81.6748,73.5
2007-03-17,81.0208,73.0
2007-03-18,81.4532,74.3
2007-03-19,80.8442,73.6
2007-03-20,80.89,73.9
2007-03-21,80.0544,73.1
2007-03-22,78.827,71.6
2007-03-23,76.7833,71.1
2007-03-24,75.5438,70.8
2007-03-25,73.2512,70.8
2007-03-26,73.9403,71.0
2007-03-27,74.6128,71.1
2007-03-28,77.3599,71.4
2007-03-29,78.0004,71.3
2007-03-30,78.3159,70.2
2007-03-31,76.5501,69.7
2007-04-01,77.3032,69.5
2007-04-02,76.5061,68.6
2007-04-03,76.9399,68.6
2007-04-04,79.3414,68.6
2007-04-05,80.8689,69.8
2007-04-06,80.8405,69.8
2007-04-07,80.098,69.8
2007-04-08,78.9004,69.3
2007-04-09,76.4329,68.9
2007-04-10,75.5988,69.1
2007-04-11,74.9959,69.4
2007-04-12,74.2149,69.7
2007-04-13,72.9612,69.8
2007-04-14,73.2361,74.0
2007-04-15,73.031,77.4
2007-04-16,72.9604,81.5
2007-04-17,72.6208,83.8
2007-04-18,71.6665,86.1
2007-04-19,72.9337,86.0
2007-04-20,73.7124,88.2
2007-04-21,74.2202,87.6
2007-04-22,74.46,88.8
2007-04-23,74.4605,84.4
2007-04-24,75.8381,83.9
2007-04-25,79.9911,82.4
2007-04-26,80.5773,79.4
2007-04-27,79.4762,77.1
2007-04-28,79.1873,74.7
2007-04-29,76.2273,73.5
2007-04-30,74.7343,72.6
2007-05-01,72.7287,72.9
2007-05-02,71.6524,72.9
2007-05-03,66.1248,75.0
2007-05-04,66.3699,74.4
2007-05-05,67.3632,78.5
2007-05-06,68.303,78.9
2007-05-07,69.5988,78.3
2007-05-08,72.5032,77.6
2007-05-09,73.0325,76.6
2007-05-10,75.1157,75.9
2007-05-11,78.1725,75.0
2007-05-12,81.2811,73.7
2007-05-13,82.8135,71.9
2007-05-14,85.824,71.7
2007-05-15,86.6916,69.9
2007-05-16,85.3058,69.5
2007-05-17,81.9784,68.8
2007-05-18,80.2538,70.5
2007-05-19,78.4054,71.5
2007-05-20,77.7423,72.6
2007-05-21,75.9697,76.7
2007-05-22,74.3569,81.6
2007-05-23,73.2883,85.6
2007-05-24,73.8587,89.5
2007-05-25,70.0201,88.2
2007-05-26,70.0932,84.8
2007-05-27,70.4419,87.13
2007-05-28,72.578,88.11
2007-05-29,77.2251,86.8
2007-05-30,77.3998,81.0
2007-05-31,76.8174,78.2
2007-06-01,79.4395,75.6
2007-06-02,79.3459,72.6
2007-06-03,78.7255,73.1
2007-06-04,77.099,70.6
2007-06-05,72.1087,71.3
2007-06-06,71.711,70.2
2007-06-07,71.6461,68.9
2007-06-08,71.0997,68.8
2007-06-09,67.0639,68.5
2007-06-10,68.6046,67.8
2007-06-11,70.7174,67.6
2007-06-12,71.9436,67.5
2007-06-13,75.2455,68.1
2007-06-14,76.1196,69.1
2007-06-15,78.4883,69.8
2007-06-16,79.8921,72.8
2007-06-17,80.3539,75.7
2007-06-18,80.6167,77.4
2007-06-19,80.4091,77.8
2007-06-20,79.7576,76.4
2007-06-21,79.968,76.8
2007-06-22,79.6557,75.1
2007-06-23,79.2348,74.2
2007-06-24,78.7837,74.9
2007-06-25,81.2717,73.9
2007-06-26,81.3936,73.5
2007-06-27,80.2778,75.5
2007-06-28,78.4088,77.6
2007-06-29,75.9651,79.7
2007-06-30,73.2043,80.8
2007-07-01,69.8274,81.1
2007-07-02,68.315,79.5
2007-07-03,65.9342,80.6
2007-07-04,66.8771,78.2
2007-07-05,67.6036,77.1
2007-07-06,68.4418,75.3
2007-07-07,73.7318,74.7
2007-07-08,77.6958,71.8
2007-07-09,79.2543,70.5
2007-07-10,81.0674,69.5
2007-07-11,80.8153,68.6
2007-07-12,81.4804,68.3
2007-07-13,81.407,69.3
2007-07-14,80.713,70.2
2007-07-15,80.0648,70.8
2007-07-16,78.8714,70.6
2007-07-17,78.6687,70.9
2007-07-18,80.2596,72.1
2007-07-19,81.5132,71.1
2007-07-20,81.0528,71.0
2007-07-21,80.6571,70.1
2007-07-22,79.4653,70.4
2007-07-23,78.9554,71.5
2007-07-24,78.5434,72.4
2007-07-25,78.0786,71.4
2007-07-26,77.363,70.9
2007-07-27,76.8662,72.0
2007-07-28,77.3319,71.0
2007-07-29,76.4058,71.0
2007-07-30,76.3555,69.3
2007-07-31,74.2085,69.3
2007-08-01,75.3249,69.5
2007-08-02,75.7658,70.0
2007-08-03,77.6127,69.5
2007-08-04,76.3567,70.3
2007-08-05,74.5919,69.3
2007-08-06,73.7984,69.0
2007-08-07,70.9996,69.3
2007-08-08,68.5616,69.6
2007-08-09,70.3745,69.4
2007-08-10,71.6839,70.7
2007-08-11,71.6399,70.9
2007-08-12,74.2927,71.6
2007-08-13,75.1967,72.4
2007-08-14,73.9298,73.2
2007-08-15,76.2398,73.1
2007-08-16,76.9502,71.6
2007-08-17,76.9841,70.7
2007-08-18,76.6287,71.6
2007-08-19,75.928,71.0
2007-08-20,76.6353,73.0
2007-08-21,79.9389,72.2
2007-08-22,79.0037,72.1
2007-08-23,77.3941,70.6
2007-08-24,76.6504,69.1
2007-08-25,72.9075,69.4
2007-08-26,71.438,68.8
2007-08-27,70.6652,67.8
2007-08-28,70.4503,68.2
2007-08-29,68.5104,67.6
2007-08-30,69.7959,67.7
2007-08-31,70.6251,67.9
2007-09-01,70.7597,67.0
2007-09-02,70.7174,66.7
2007-09-03,70.3055,67.2
2007-09-04,72.7615,67.6
2007-09-05,74.2228,68.5
2007-09-06,74.4038,67.8
2007-09-07,77.2955,67.6
2007-09-08,78.2558,67.1
2007-09-09,78.3634,67.4
2007-09-10,77.9538,67.4
2007-09-11,76.8485,67.4
2007-09-12,75.8168,67.2
2007-09-13,75.9547,66.8
2007-09-14,75.7137,66.5
2007-09-15,75.3871,66.6
2007-09-16,74.3412,66.8
2007-09-17,72.5435,67.4
2007-09-18,71.9869,67.4
2007-09-19,71.7442,67.8
2007-09-20,71.4152,65.1
2007-09-21,70.2651,67.8
2007-09-22,69.5555,66.5
2007-09-23,69.1731,67.3
2007-09-24,69.0987,67.4
2007-09-25,69.3441,67.8
2007-09-26,69.7117,68.9
2007-09-27,70.2304,68.1
2007-09-28,70.7727,67.9
2007-09-29,70.0869,68.6
2007-09-30,68.4325,67.9
2007-10-01,67.1934,68.6
2007-10-02,69.9249,68.3
2007-10-03,71.3968,67.3
2007-10-04,71.689,66.7
2007-10-05,71.565,66.8
2007-10-06,71.7357,66.7
2007-10-07,70.3815,67.0
2007-10-08,70.497,67.7
2007-10-09,68.29,66.8
2007-10-10,68.4773,66.3
2007-10-11,69.1627,66.6
2007-10-12,69.3299,66.0
2007-10-13,69.1019,66.4
2007-10-14,69.0031,66.8
2007-10-15,69.2653,66.3
2007-10-16,69.5788,66.7
2007-10-17,70.0502,66.2
2007-10-18,70.6493,66.6
2007-10-19,70.5882,66.2
2007-10-20,70.5125,66.3
2007-10-21,70.6698,66.1
2007-10-22,70.4664,66.3
2007-10-23,70.5392,66.8
2007-10-24,70.61,66.5
2007-10-25,70.3096,66.5
2007-10-26,70.2529,66.2
2007-10-27,69.8883,67.3
2007-10-28,69.8131,66.9
2007-10-29,69.5,68.4
2007-10-30,69.355,68.2
2007-10-31,69.1396,68.4
2007-11-01,69.0834,67.7
2007-11-02,69.1803,68.3
2007-11-03,69.0081,68.4
2007-11-04,68.9259,68.9
2007-11-05,68.7587,67.7
2007-11-06,69.3954,69.1
2007-11-07,68.4954,68.2
2007-11-08,69.1809,67.2
2007-11-09,69.4624,67.9
2007-11-10,69.7115,68.0
2007-11-11,69.5588,67.4
2007-11-12,69.8007,68.0
2007-11-13,69.9003,68.3
2007-11-14,70.1196,69.5
2007-11-15,69.7289,68.8
2007-11-16,70.8108,69.6
2007-11-17,68.9195,69.6
2007-11-18,67.9676,69.3
2007-11-19,68.9236,69.3
2007-11-20,70.4106,69.2
2007-11-21,70.7388,69.9
2007-11-22,70.8958,71.0
2007-11-23,69.9214,70.5
2007-11-24,69.8585,71.5
2007-11-25,68.6071,73.1
2007-11-26,67.3626,75.9
2007-11-27,67.8318,79.8
2007-11-28,68.9016,84.4
2007-11-29,69.7125,86.2
2007-11-30,70.1166,84.3
2007-12-01,71.2279,90.5
2007-12-02,72.6408,91.1
2007-12-03,72.3709,90.9
2007-12-04,71.1574,89.0
2007-12-05,71.6258,86.1
2007-12-06,74.9867,79.1
2007-12-07,75.7661,76.9
2007-12-08,75.5304,74.4
2007-12-09,72.6506,72.1
2007-12-10,70.4721,70.2
2007-12-11,71.867,68.7
2007-12-12,71.595,69.1
2007-12-13,71.9193,69.1
2007-12-14,69.9998,69.1
2007-12-15,70.6664,69.7
2007-12-16,69.244,70.2
2007-12-17,70.7873,69.7
2007-12-18,72.4709,69.5
2007-12-19,73.3815,70.3
2007-12-20,74.9951,72.5
2007-12-21,77.0737,74.2
2007-12-22,78.4946,76.7
2007-12-23,78.8557,77.0
2007-12-24,77.7724,76.7
2007-12-25,77.0325,76.4
2007-12-26,76.4108,77.1
2007-12-27,75.5154,76.6
2007-12-28,74.7418,75.2
2007-12-29,75.2397,73.0
2007-12-30,75.8922,74.0
2007-12-31,76.139,73.2
2008-01-01,78.1383,73.5
2008-01-02,76.5852,73.2
2008-01-03,74.7551,72.9
2008-01-04,70.8448,73.1
2008-01-05,70.4331,71.3
2008-01-06,70.6469,70.6
2008-01-07,69.7534,71.3
2008-01-08,68.5282,68.8
2008-01-09,69.5646,68.6
2008-01-10,72.9597,68.0
2008-01-11,73.442,69.3
2008-01-12,71.0174,68.1
2008-01-13,71.7495,68.4
2008-01-14,72.9052,69.1
2008-01-15,73.1787,68.9
2008-01-16,73.6464,70.3
2008-01-17,74.5758,69.8
2008-01-18,74.2548,69.2
2008-01-19,74.5385,69.5
2008-01-20,74.6441,70.6
2008-01-21,75.346,69.9
2008-01-22,75.0425,69.0
2008-01-23,75.0551,69.8
2008-01-24,75.1565,69.55
2008-01-25,74.8642,69.3
2008-01-26,75.045,68.5
2008-01-27,74.5496,69.6
2008-01-28,73.9003,68.9
2008-01-29,74.2249,69.0
2008-01-30,76.1608,70.3
2008-01-31,72.911,70.7
2008-02-01,71.1085,70.2
2008-02-02,70.4392,70.3
2008-02-03,70.3322,68.7
2008-02-04,69.9578,68.8
2008-02-05,69.1978,68.0
2008-02-06,70.3071,68.6
2008-02-07,70.4431,69.4
2008-02-08,70.4852,69.5
2008-02-09,70.9368,70.0
2008-02-10,71.2049,69.3
2008-02-11,71.2148,70.3
2008-02-12,71.5584,70.8
2008-02-13,71.3935,70.1
2008-02-14,71.8799,69.3
2008-02-15,72.1166,69.9
2008-02-16,72.8303,69.3
2008-02-17,73.6048,69.4
2008-02-18,74.0076,68.7
2008-02-19,74.3856,68.5
2008-02-20,74.1954,67.4
2008-02-21,74.4805,68.0
2008-02-22,74.5886,67.3
2008-02-23,74.1818,67.2
2008-02-24,73.6333,68.2
2008-02-25,73.1716,69.3
2008-02-26,71.9891,69.5
2008-02-27,71.8062,68.8
2008-02-28,70.3652,68.5
2008-02-29,72.8513,69.4
2008-03-01,73.6886,69.3
2008-03-02,74.4233,68.5
2008-03-03,76.1367,68.7
2008-03-04,73.4982,69.1
2008-03-05,71.5288,68.8
2008-03-06,74.1734,69.6
2008-03-07,74.3566,69.1
2008-03-08,74.2903,69.0
2008-03-09,74.1485,68.4
2008-03-10,73.7333,67.9
2008-03-11,74.4505,67.7
2008-03-12,74.4162,69.1
2008-03-13,74.4727,71.5
2008-03-14,73.6077,79.0
2008-03-15,72.457,88.2
2008-03-16,72.0346,81.2
2008-03-17,72.0491,84.5
2008-03-18,72.6509,82.6
2008-03-19,73.6363,82.4
2008-03-20,74.0507,80.4
2008-03-21,73.2336,79.1
2008-03-22,74.056,77.7
2008-03-23,75.4843,75.9
2008-03-24,79.4791,76.4
2008-03-25,80.3809,73.1
2008-03-26,75.9334,71.1
2008-03-27,74.4812,69.5
2008-03-28,72.4919,69.3
2008-03-29,66.9278,70.0
2008-03-30,67.4349,68.2
2008-03-31,65.9307,68.1
2008-04-01,65.3537,67.4
2008-04-02,64.8313,68.5
2008-04-03,67.5722,69.7
2008-04-04,70.5511,69.0
2008-04-05,69.6752,69.7
2008-04-06,71.4354,70.0
2008-04-07,73.4609,69.8
2008-04-08,75.2287,70.8
2008-04-09,75.5357,71.7
2008-04-10,75.9248,71.5
2008-04-11,75.8083,71.6
2008-04-12,76.1201,72.1
2008-04-13,78.8652,71.5
2008-04-14,77.0935,71.2
2008-04-15,74.7401,70.7
2008-04-16,75.7274,69.9
2008-04-17,75.1087,69.0
2008-04-18,73.8015,69.4
2008-04-19,72.9234,69.6
2008-04-20,69.8649,68.0
2008-04-21,70.844,69.6
2008-04-22,71.3006,69.2
2008-04-23,70.9384,68.5
2008-04-24,70.378,69.5
2008-04-25,70.7282,68.8
2008-04-26,71.4032,68.4
2008-04-27,71.8016,67.8
2008-04-28,72.4314,67.7
2008-04-29,72.8985,68.6
2008-04-30,72.6072,68.7
2008-05-01,75.1881,69.4
2008-05-02,72.8937,69.5
2008-05-03,72.7389,69.7
2008-05-04,73.9609,70.5
2008-05-05,73.016,72.7
2008-05-06,72.3031,73.2
2008-05-07,72.7596,72.8
2008-05-08,73.1102,73.3
2008-05-09,73.4513,70.5
2008-05-10,73.2951,70.2
2008-05-11,73.2294,70.8
2008-05-12,72.9474,71.0
2008-05-13,74.5849,69.6
2008-05-14,71.9795,70.3
2008-05-15,74.5391,70.1
2008-05-16,74.3168,69.8
2008-05-17,73.106,69.7
2008-05-18,72.3568,69.6
2008-05-19,67.0786,69.9
2008-05-20,68.061,69.0
2008-05-21,70.2533,68.8
2008-05-22,72.235,68.5
2008-05-23,72.7726,69.0
2008-05-24,73.4093,68.2
2008-05-25,73.5014,67.1
2008-05-26,72.4153,68.4
2008-05-27,73.5283,67.9
2008-05-28,73.9236,67.6
2008-05-29,74.2165,66.9
2008-05-30,73.9546,68.0
2008-05-31,73.8357,68.2
2008-06-01,73.6857,67.8
2008-06-02,73.8163,69.2
2008-06-03,73.4876,68.6
2008-06-04,72.9803,69.2
2008-06-05,75.3367,68.6
2008-06-06,72.3306,67.4
2008-06-07,71.9846,68.1
2008-06-08,71.857,67.5
2008-06-09,72.3293,67.0
2008-06-10,74.965,67.3
2008-06-11,74.5551,67.0
2008-06-12,71.8333,67.5
2008-06-13,70.7562,67.5
2008-06-14,69.9036,68.0
2008-06-15,71.9087,68.1
2008-06-16,72.2363,67.5
2008-06-17,71.9288,68.3
2008-06-18,71.0225,68.1
2008-06-19,68.4596,68.8
2008-06-20,68.247,68.9
2008-06-21,68.352,67.8
2008-06-22,68.8917,68.2
2008-06-23,68.3496,67.7
2008-06-24,69.5495,67.6
2008-06-25,70.3611,67.3
2008-06-26,70.5174,68.3
2008-06-27,70.9537,67.7
2008-06-28,70.9974,67.8
2008-06-29,71.3419,68.3
2008-06-30,71.522,67.6
2008-07-01,71.23,67.9
2008-07-02,71.4083,67.1
2008-07-03,71.2926,67.4
2008-07-04,71.2734,67.8
2008-07-05,71.1548,67.9
2008-07-06,71.4747,66.7
2008-07-07,71.2273,67.1
2008-07-08,71.1197,67.4
2008-07-09,71.1466,68.5
2008-07-10,70.7431,68.0
2008-07-11,70.6465,68.4
2008-07-12,70.193,68.0
2008-07-13,70.1248,67.6
2008-07-14,70.1684,67.5
2008-07-15,70.1336,67.9
2008-07-16,69.6172,68.1
2008-07-17,69.6499,68.4
2008-07-18,70.3432,68.3
2008-07-19,70.0991,68.1
2008-07-20,69.8508,68.5
2008-07-21,69.5004,67.5
2008-07-22,69.7566,68.1
2008-07-23,69.8536,68.2
2008-07-24,69.8267,67.4
2008-07-25,69.9011,68.2
2008-07-26,69.9308,68.4
2008-07-27,70.0322,68.9
2008-07-28,70.0424,68.0
2008-07-29,70.0558,67.3
2008-07-30,70.318,67.3
2008-07-31,70.0963,67.4
2008-08-01,70.3944,67.5
2008-08-02,70.5561,66.9
2008-08-03,70.3347,67.0
2008-08-04,70.6051,67.6
2008-08-05,70.6868,67.0
2008-08-06,70.8218,67.8
2008-08-07,70.4135,68.2
2008-08-08,70.0075,67.8
2008-08-09,69.8711,68.9
2008-08-10,69.8288,67.4
2008-08-11,69.8114,68.7
2008-08-12,69.5494,69.1
2008-08-13,69.5062,69.4
2008-08-14,69.6811,68.6
2008-08-15,69.4454,68.0
2008-08-16,69.6612,68.3
2008-08-17,69.7822,68.0
2008-08-18,69.589,67.4
2008-08-19,69.8954,68.1
2008-08-20,69.3273,68.4
2008-08-21,70.9104,67.9
2008-08-22,70.5772,67.0
2008-08-23,68.6981,67.2
2008-08-24,68.5732,67.3
2008-08-25,68.7175,67.0
2008-08-26,69.1262,66.3
2008-08-27,69.2772,66.8
2008-08-28,69.2443,67.6
2008-08-29,69.6334,68.0
2008-08-30,69.9109,68.0
2008-08-31,69.854,68.1
2008-09-01,69.5623,67.8
2008-09-02,69.6374,67.1
2008-09-03,69.7166,67.2
2008-09-04,69.6411,67.6
2008-09-05,69.3833,68.2
2008-09-06,69.5268,70.1
2008-09-07,69.8254,67.7
2008-09-08,69.975,67.8
2008-09-09,69.9202,68.4
2008-09-10,69.8506,68.4
2008-09-11,69.9008,68.4
2008-09-12,68.793,69.6
2008-09-13,68.7856,69.8
2008-09-14,69.1127,68.8
2008-09-15,69.463,68.6
2008-09-16,70.2077,68.0
2008-09-17,69.402,67.6
2008-09-18,69.2776,67.3
2008-09-19,69.4663,67.0
2008-09-20,69.5429,66.4
2008-09-21,69.5953,65.9
2008-09-22,69.7422,66.4
2008-09-23,68.0536,67.2
2008-09-24,68.5283,66.6
2008-09-25,69.5063,67.4
2008-09-26,69.9842,67.2
2008-09-27,70.1208,66.6
2008-09-28,70.0682,67.5
2008-09-29,71.55,68.5
2008-09-30,69.0299,68.7
2008-10-01,68.7842,70.5
2008-10-02,69.2731,69.7
2008-10-03,69.8575,70.5
2008-10-04,70.427,70.0
2008-10-05,69.5482,70.5
2008-10-06,69.5972,71.4
2008-10-07,69.5783,69.5
2008-10-08,69.9565,68.6
2008-10-09,70.3356,69.0
2008-10-10,70.8489,68.6
2008-10-11,72.5807,68.2
2008-10-12,69.3144,67.0
2008-10-13,69.094,66.5
2008-10-14,69.2138,66.7
2008-10-15,69.6128,66.7
2008-10-16,69.2989,66.0
2008-10-17,69.2112,66.1
2008-10-18,69.7841,66.2
2008-10-19,70.7283,65.8
2008-10-20,71.1349,65.9
2008-10-21,71.188,67.1
2008-10-22,70.7707,65.6
2008-10-23,70.5668,68.0
2008-10-24,70.6755,68.3
2008-10-25,70.7572,66.8
2008-10-26,70.5451,66.5
2008-10-27,70.5608,67.3
2008-10-28,70.5697,66.5
2008-10-29,71.1706,67.0
2008-10-30,70.2338,67.1
2008-10-31,71.6643,67.9
2008-11-01,69.6949,70.0
2008-11-02,69.2813,69.5
2008-11-03,67.1032,67.6
2008-11-04,67.2523,66.8
2008-11-05,68.3672,66.7
2008-11-06,69.2726,66.2
2008-11-07,69.2833,66.2
2008-11-08,70.0402,68.2
2008-11-09,70.5794,67.7
2008-11-10,69.5197,67.9
2008-11-11,72.0765,66.8
2008-11-12,71.6378,67.3
2008-11-13,68.8711,67.2
2008-11-14,70.0578,66.1
2008-11-15,70.9667,66.0
2008-11-16,71.8534,66.5
2008-11-17,73.5472,66.4
2008-11-18,73.7734,65.2
2008-11-19,73.9545,66.4
2008-11-20,73.9635,66.5
2008-11-21,72.3439,66.2
2008-11-22,71.553,67.0
2008-11-23,70.9227,67.2
2008-11-24,70.1399,67.6
2008-11-25,69.8439,66.8
2008-11-26,69.9214,67.1
2008-11-27,69.8623,67.0
2008-11-28,70.196,66.4
2008-11-29,70.8917,66.7
2008-11-30,70.9434,68.7
2008-12-01,69.794,68.0
2008-12-02,69.3676,68.8
2008-12-03,69.0574,67.5
2008-12-04,68.974,66.6
2008-12-05,68.5596,66.7
2008-12-06,68.5506,67.2
2008-12-07,68.515,66.6
2008-12-08,68.3261,66.2
2008-12-09,68.4688,67.0
2008-12-10,68.4098,66.9
2008-12-11,68.4514,66.2
2008-12-12,68.2453,65.5
2008-12-13,67.9894,66.3
2008-12-14,68.8901,67.1
2008-12-15,69.9982,67.0
2008-12-16,70.8674,67.0
2008-12-17,71.0024,67.1
2008-12-18,70.929,67.5
2008-12-19,71.1642,67.5
2008-12-20,71.0424,66.3
2008-12-21,70.5999,67.0
2008-12-22,70.0742,66.6
2008-12-23,70.897,67.6
2008-12-24,71.3365,67.2
2008-12-25,71.116,66.6
2008-12-26,70.6945,66.9
2008-12-27,69.4308,66.5
2008-12-28,68.7202,66.7
2008-12-29,68.2476,66.5
2008-12-30,67.5747,67.4
2008-12-31,67.7052,68.5
2009-01-01,67.6475,67.7
2009-01-02,68.1284,67.0
2009-01-03,68.1854,68.2
2009-01-04,68.1019,68.9
2009-01-05,68.3161,68.8
2009-01-06,68.3238,68.5
2009-01-07,68.5168,69.6
2009-01-08,68.5621,68.8
2009-01-09,70.6917,68.6
2009-01-10,68.5693,68.1
2009-01-11,67.1936,67.2
2009-01-12,67.6505,66.9
2009-01-13,67.3552,67.8
2009-01-14,69.2616,66.6
2009-01-15,69.7424,67.7
2009-01-16,69.4995,67.8
2009-01-17,69.4757,67.6
2009-01-18,68.8196,67.4
2009-01-19,68.4542,67.3
2009-01-20,67.2363,67.1
2009-01-21,67.1844,67.4
2009-01-22,67.6091,67.5
2009-01-23,68.4756,67.1
2009-01-24,68.5529,67.3
2009-01-25,69.3177,67.5
2009-01-26,69.7411,68.1
2009-01-27,69.9744,68.2
2009-01-28,70.1081,69.2
2009-01-29,70.2,69.3
2009-01-30,70.1864,68.8
2009-01-31,70.2774,65.8
2009-02-01,70.2662,68.5
2009-02-02,70.0287,68.0
2009-02-03,69.952,68.3
2009-02-04,69.88,68.4
2009-02-05,69.9472,67.9
2009-02-06,69.8414,67.9
2009-02-07,70.0142,69.0
2009-02-08,69.9044,68.2
2009-02-09,69.5475,67.4
2009-02-10,68.2762,67.6
2009-02-11,71.3099,69.1
2009-02-12,70.8651,68.8
2009-02-13,70.636,69.3
2009-02-14,68.438,69.5
2009-02-15,68.3958,69.3
2009-02-16,68.782,68.6
2009-02-17,69.4643,67.6
2009-02-18,69.3707,69.3
2009-02-19,69.1266,68.1
2009-02-20,69.2527,68.0
2009-02-21,69.9474,68.0
2009-02-22,70.0781,68.6
2009-02-23,70.4141,68.1
2009-02-24,70.9902,68.0
2009-02-25,70.2456,68.0
2009-02-26,68.5763,67.9
2009-02-27,70.0432,67.2
2009-02-28,71.5236,67.8
2009-03-01,71.4527,68.0
2009-03-02,71.2905,67.8
2009-03-03,71.0287,67.4
2009-03-04,70.9822,67.7
2009-03-05,70.6049,67.7
2009-03-06,70.665,68.7
2009-03-07,70.1586,68.2
2009-03-08,69.5827,67.8
2009-03-09,69.6689,68.5
2009-03-10,70.1933,68.2
2009-03-11,70.4108,69.6
2009-03-12,70.32,68.2
2009-03-13,70.0937,67.6
2009-03-14,70.1045,68.7
2009-03-15,70.0396,68.2
2009-03-16,70.3672,68.8
2009-03-17,70.2063,71.4
2009-03-18,70.0101,70.4
2009-03-19,70.2074,70.7
2009-03-20,70.0987,70.8
2009-03-21,70.5662,71.1
2009-03-22,70.0774,70.7
2009-03-23,69.746,70.6
2009-03-24,70.0645,70.4
2009-03-25,69.9131,70.1
2009-03-26,71.4508,70.5
2009-03-27,70.51,68.9
2009-03-28,70.109,70.4
2009-03-29,70.3023,70.2
2009-03-30,70.4437,70.3
2009-03-31,70.6087,69.7
2009-04-01,70.5098,69.7
2009-04-02,70.5005,69.7
2009-04-03,70.4962,68.8
2009-04-04,70.476,69.9
2009-04-05,70.7218,69.9
2009-04-06,70.2883,70.5
2009-04-07,70.8957,70.4
2009-04-08,71.0093,70.5
2009-04-09,71.1464,70.8
2009-04-10,70.9976,70.4
2009-04-11,71.0123,71.8
2009-04-12,71.0472,71.9
2009-04-13,70.754,71.4
2009-04-14,71.134,70.5
2009-04-15,71.2033,70.3
2009-04-16,71.4181,70.1
2009-04-17,71.372,68.6
2009-04-18,71.3476,69.8
2009-04-19,71.3939,70.5
2009-04-20,71.2056,70.5
2009-04-21,71.8023,69.6
2009-04-22,71.1862,69.4
2009-04-23,71.1993,69.7
2009-04-24,71.1928,69.2
2009-04-25,71.352,69.2
2009-04-26,71.5095,70.0
2009-04-27,71.1624,70.8
2009-04-28,71.7295,72.2
2009-04-29,71.4711,73.7
2009-04-30,71.5613,73.2
2009-05-01,70.8818,73.3
2009-05-02,71.7774,75.5
2009-05-03,72.6238,75.3
2009-05-04,75.176,75.5
2009-05-05,73.5608,75.4
2009-05-06,73.7216,75.8
2009-05-07,73.1213,75.7
2009-05-08,73.0493,74.6
2009-05-09,73.2236,74.0
2009-05-10,72.8128,73.2
2009-05-11,72.5929,73.5
2009-05-12,74.0593,73.9
2009-05-13,74.5927,72.2
2009-05-14,72.9469,71.0
2009-05-15,71.6839,70.7
2009-05-16,70.7703,69.9
2009-05-17,71.4276,68.5
2009-05-18,69.7253,69.6
2009-05-19,71.7625,70.1
2009-05-20,72.6965,70.4
2009-05-21,73.949,70.4
2009-05-22,76.3527,74.6
2009-05-23,76.17,74.0
2009-05-24,72.9223,74.6
2009-05-25,72.8858,73.1
2009-05-26,73.1432,72.2
2009-05-27,73.0677,71.1
2009-05-28,73.7597,71.0
2009-05-29,74.2258,71.1
2009-05-30,74.4928,71.2
2009-05-31,76.4738,71.3
2009-06-01,75.1785,71.4
2009-06-02,74.0011,71.2
2009-06-03,73.607,70.4
2009-06-04,72.236,70.3
2009-06-05,72.5183,69.5
2009-06-06,71.5637,70.5
2009-06-07,72.4158,70.0
2009-06-08,71.5268,69.9
2009-06-09,71.6034,69.2
2009-06-10,73.0016,68.8
2009-06-11,73.2106,69.2
2009-06-12,71.3474,70.2
2009-06-13,72.4659,70.2
2009-06-14,72.8596,69.1
2009-06-15,72.7673,70.3
2009-06-16,73.2729,69.0
2009-06-17,73.8315,69.3
2009-06-18,72.9609,69.2
2009-06-19,73.1334,70.8
2009-06-20,73.5205,70.5
2009-06-21,75.0027,69.8
2009-06-22,74.5513,68.7
2009-06-23,74.4712,69.5
2009-06-24,74.0582,73.4
2009-06-25,74.4412,74.0
2009-06-26,74.4775,71.2
2009-06-27,74.5552,73.7
2009-06-28,74.146,73.1
2009-06-29,74.1818,71.4
2009-06-30,74.4476,70.1
2009-07-01,74.0557,70.5
2009-07-02,73.2876,70.3
2009-07-03,70.5002,69.5
2009-07-04,72.8761,68.8
2009-07-05,72.2968,68.7
2009-07-06,70.6461,68.9
2009-07-07,69.0475,68.4
2009-07-08,70.032,69.2
2009-07-09,70.1614,69.9
2009-07-10,71.268,70.4
2009-07-11,71.9756,69.9
2009-07-12,73.1593,70.0
2009-07-13,73.7746,69.9
2009-07-14,73.9949,70.5
2009-07-15,74.1459,71.2
2009-07-16,74.2708,69.8
2009-07-17,74.0625,70.5
2009-07-18,74.2348,70.9
2009-07-19,74.367,70.4
2009-07-20,74.3704,70.1
2009-07-21,73.9481,70.8
2009-07-22,74.5233,70.2
2009-07-23,76.4387,70.1
2009-07-24,73.6862,69.3
2009-07-25,72.5936,67.8
2009-07-26,71.5526,68.1
2009-07-27,71.5153,68.7
2009-07-28,71.6131,69.7
2009-07-29,71.4707,68.8
2009-07-30,73.3321,69.1
2009-07-31,70.8992,69.0
2009-08-01,70.7934,68.4
2009-08-02,71.2522,68.2
2009-08-03,71.4072,68.9
2009-08-04,71.1531,69.4
2009-08-05,71.4596,69.8
2009-08-06,71.9128,70.6
2009-08-07,72.4799,69.8
2009-08-08,72.2796,69.1
2009-08-09,72.3492,68.7
2009-08-10,72.2545,69.2
2009-08-11,71.9255,67.9
2009-08-12,71.7127,68.1
2009-08-13,71.856,68.8
2009-08-14,71.9704,69.1
2009-08-15,72.0329,68.5
2009-08-16,72.219,68.7
2009-08-17,71.8206,69.1
2009-08-18,71.3831,69.3
2009-08-19,71.0857,69.3
2009-08-20,71.1961,68.5
2009-08-21,70.7094,69.6
2009-08-22,70.7376,70.4
2009-08-23,71.0332,69.4
2009-08-24,71.2259,69.8
2009-08-25,71.0533,69.5
2009-08-26,71.1104,69.6
2009-08-27,71.2612,70.3
2009-08-28,71.3418,69.8
2009-08-29,71.3244,70.0
2009-08-30,70.989,70.2
2009-08-31,71.8886,70.2
2009-09-01,72.6699,70.2
2009-09-02,70.7777,69.8
2009-09-03,70.881,69.9
2009-09-04,70.9987,69.8
2009-09-05,71.1251,69.9
2009-09-06,71.3957,69.5
2009-09-07,71.2324,69.8
2009-09-08,71.3002,69.6
2009-09-09,71.4499,71.1
2009-09-10,71.5745,71.9
2009-09-11,71.717,72.5
2009-09-12,71.7456,75.3
2009-09-13,71.9493,76.6
2009-09-14,72.0732,75.0
2009-09-15,72.237,72.8
2009-09-16,72.1787,72.2
2009-09-17,72.3103,72.6
2009-09-18,72.2382,73.5
2009-09-19,72.7268,72.5
2009-09-20,72.9964,72.1
2009-09-21,75.8684,72.2
2009-09-22,76.1083,71.7
2009-09-23,74.5175,71.7
2009-09-24,70.3135,71.1
2009-09-25,69.1003,69.9
2009-09-26,68.2936,68.8
2009-09-27,68.837,68.4
2009-09-28,68.6853,68.6
2009-09-29,69.2662,69.0
2009-09-30,70.5591,69.8
2009-10-01,71.2687,70.1
2009-10-02,71.4814,69.8
2009-10-03,73.0067,69.4
2009-10-04,74.0597,70.5
2009-10-05,74.3921,70.0
2009-10-06,74.4382,69.2
2009-10-07,74.5516,70.2
2009-10-08,74.7796,69.5
2009-10-09,74.9774,70.3
2009-10-10,75.1984,70.3
2009-10-11,76.9878,70.6
2009-10-12,74.7934,70.9
2009-10-13,74.4757,72.1
2009-10-14,74.6906,74.7
2009-10-15,73.3328,74.7
2009-10-16,72.1032,80.3
2009-10-17,71.807,80.4
2009-10-18,71.216,78.9
2009-10-19,71.2708,75.6
2009-10-20,72.1244,74.2
2009-10-21,71.7229,74.0
2009-10-22,71.7023,71.2
2009-10-23,71.8486,70.3
2009-10-24,71.5661,70.3
2009-10-25,69.8199,70.2
2009-10-26,68.9182,69.3
2009-10-27,69.7616,69.6
2009-10-28,69.8649,69.3
2009-10-29,69.9438,69.6
2009-10-30,71.1293,70.7
2009-10-31,72.7869,71.3
2009-11-01,73.5954,71.0
2009-11-02,74.5884,71.7
2009-11-03,75.5118,72.6
2009-11-04,75.9995,73.2
2009-11-05,75.9674,73.5
2009-11-06,75.6456,74.5
2009-11-07,74.0644,75.4
2009-11-08,75.7923,74.4
2009-11-09,76.3247,74.9
2009-11-10,76.6291,74.4
2009-11-11,76.3981,74.0
2009-11-12,74.485,74.4
2009-11-13,77.9923,73.8
2009-11-14,76.6827,72.8
2009-11-15,73.8466,72.3
2009-11-16,73.1284,72.7
2009-11-17,72.4948,71.7
2009-11-18,75.1457,70.9
2009-11-19,76.1548,70.1
2009-11-20,72.4854,70.4
2009-11-21,72.1481,70.2
2009-11-22,73.6399,69.4
2009-11-23,74.6135,69.6
2009-11-24,75.7587,69.4
2009-11-25,76.059,69.6
2009-11-26,75.2114,69.8
2009-11-27,74.146,69.0
2009-11-28,73.4363,70.0
2009-11-29,73.0308,70.8
2009-11-30,73.2911,71.6
2009-12-01,73.5615,69.9
2009-12-02,73.6495,72.2
2009-12-03,74.0555,73.1
2009-12-04,74.2794,76.2
2009-12-05,74.5365,79.0
2009-12-06,74.6981,80.6
2009-12-07,74.3766,84.2
2009-12-08,74.5888,81.6
2009-12-09,76.815,79.1
2009-12-10,76.1592,81.0
2009-12-11,74.7362,80.0
2009-12-12,75.4536,79.5
2009-12-13,73.199,75.9
2009-12-14,73.0871,74.6
2009-12-15,72.1426,73.5
2009-12-16,70.6544,73.4
2009-12-17,69.6409,74.3
2009-12-18,69.9202,73.3
2009-12-19,71.2143,72.7
2009-12-20,70.8569,74.3
2009-12-21,71.6986,77.2
2009-12-22,73.1802,72.7
2009-12-23,72.8332,75.4
2009-12-24,76.5042,73.8
2009-12-25,77.5545,70.6
2009-12-26,82.3275,74.3
2009-12-27,83.9117,74.7
2009-12-28,82.0209,75.5
2009-12-29,82.1437,74.9
2009-12-30,83.4694,79.0
2009-12-31,84.7398,81.6
2010-01-01,81.6883,86.3
2010-01-02,83.3262,90.2
2010-01-03,81.5417,87.5
2010-01-04,80.8355,87.0
2010-01-05,82.8759,82.6
2010-01-06,80.3927,81.4
2010-01-07,80.8219,79.9
2010-01-08,82.3926,78.9
2010-01-09,82.174,81.6
2010-01-10,81.712,79.1
2010-01-11,82.8723,80.0
2010-01-12,79.5815,79.8
2010-01-13,78.3448,82.0
2010-01-14,77.8038,81.9
2010-01-15,77.0829,78.7
2010-01-16,77.836,77.3
2010-01-17,78.139,75.4
2010-01-18,77.2307,74.0
2010-01-19,81.1702,71.1
2010-01-20,80.7604,72.8
2010-01-21,80.4212,73.0
2010-01-22,83.078,73.1
2010-01-23,82.6768,73.0
2010-01-24,80.3996,72.3
2010-01-25,82.3833,71.8
2010-01-26,81.2502,75.6
2010-01-27,82.2914,85.1
2010-01-28,83.7887,87.8
2010-01-29,81.1089,91.2
2010-01-30,85.5157,89.0
2010-01-31,85.6806,88.9
2010-02-01,85.155,91.8
2010-02-02,85.5692,93.1
2010-02-03,83.017,91.8
2010-02-04,82.045,87.2
2010-02-05,85.0914,85.5
2010-02-06,86.914,84.7
2010-02-07,84.8293,84.8
2010-02-08,87.0727,83.1
2010-02-09,87.9102,81.8
2010-02-10,85.2048,82.0
2010-02-11,86.2917,81.7
2010-02-12,83.5758,81.9
2010-02-13,81.6752,82.4
2010-02-14,83.6378,80.9
2010-02-15,83.271,81.1
2010-02-16,82.2362,78.9
2010-02-17,81.5394,77.1
2010-02-18,83.3757,76.6
2010-02-19,80.5113,76.5
2010-02-20,80.7637,78.0
2010-02-21,83.7268,79.0
2010-02-22,86.9248,80.0
2010-02-23,86.7788,78.2
2010-02-24,89.2668,77.1
2010-02-25,91.5389,75.4
2010-02-26,89.9757,75.1
2010-02-27,88.1237,76.8
2010-02-28,89.0948,79.3
2010-03-01,86.0936,83.1
2010-03-02,88.0191,88.5
2010-03-03,90.6522,90.7
2010-03-04,90.0258,88.3
2010-03-05,91.0206,85.5
2010-03-06,89.0623,84.3
2010-03-07,90.7041,85.9
2010-03-08,92.1261,85.0
2010-03-09,89.1808,83.7
2010-03-10,87.0192,82.8
2010-03-11,85.8949,84.1
2010-03-12,90.0779,81.9
2010-03-13,87.6969,83.3
2010-03-14,84.0761,83.9
2010-03-15,81.006,87.1
2010-03-16,80.5345,85.5
2010-03-17,83.2422,87.8
2010-03-18,86.0548,85.7
2010-03-19,83.9747,82.9
2010-03-20,84.8033,82.6
2010-03-21,82.7253,80.9
2010-03-22,86.4886,79.1
2010-03-23,88.1876,76.1
2010-03-24,90.9199,77.4
2010-03-25,92.3048,78.7
2010-03-26,91.0296,79.3
2010-03-27,90.7956,77.7
2010-03-28,91.3279,76.5
2010-03-29,89.0231,75.9
2010-03-30,89.7324,76.3
2010-03-31,86.854,75.3
2010-04-01,89.3305,74.9
2010-04-02,85.153,74.9
2010-04-03,83.2228,75.3
2010-04-04,87.7566,75.6
2010-04-05,86.653,75.0
2010-04-06,83.6523,75.4
2010-04-07,81.4177,74.5
2010-04-08,84.8232,75.3
2010-04-09,82.841,76.1
2010-04-10,87.2578,76.4
2010-04-11,86.797,76.9
2010-04-12,86.8679,76.9
2010-04-13,87.8884,75.8
2010-04-14,87.251,75.0
2010-04-15,89.4046,76.4
2010-04-16,90.9801,77.0
2010-04-17,90.9688,75.7
2010-04-18,90.874,77.2
2010-04-19,88.4995,77.3
2010-04-20,86.9504,79.8
2010-04-21,87.1672,79.0
2010-04-22,85.4813,80.8
2010-04-23,81.5611,81.6
2010-04-24,84.6103,83.1
2010-04-25,82.0163,84.7
2010-04-26,80.7859,80.5
2010-04-27,79.0081,80.5
2010-04-28,79.8118,80.3
2010-04-29,79.403,76.9
2010-04-30,79.5589,75.1
2010-05-01,78.9191,75.0
2010-05-02,80.3483,72.7
2010-05-03,81.1877,70.9
2010-05-04,80.2646,71.2
2010-05-05,79.3812,71.8
2010-05-06,82.3209,70.0
2010-05-07,83.7703,70.8
2010-05-08,82.8835,70.3
2010-05-09,81.4286,70.2
2010-05-10,80.6298,70.4
2010-05-11,82.8221,72.6
2010-05-12,81.3639,74.3
2010-05-13,78.6144,76.4
2010-05-14,80.0086,74.4
2010-05-15,80.7773,75.1
2010-05-16,78.8038,74.3
2010-05-17,78.435,74.6
2010-05-18,78.7281,75.2
2010-05-19,80.4616,75.7
2010-05-20,79.6817,75.0
2010-05-21,81.0433,74.1
2010-05-22,80.5327,74.8
2010-05-23,80.6431,76.1
2010-05-24,81.9087,76.8
2010-05-25,78.6691,74.0
2010-05-26,79.3353,72.4
2010-05-27,80.535,70.0
2010-05-28,81.5827,70.6
2010-05-29,83.0018,74.0
2010-05-30,81.9031,73.7
2010-05-31,79.2266,75.2
2010-06-01,77.96,76.9
2010-06-02,77.6262,78.6
2010-06-03,77.3295,78.7
2010-06-04,76.5788,75.1
2010-06-05,75.9468,72.3
2010-06-06,74.9908,73.9
2010-06-07,77.4011,72.7
2010-06-08,78.2318,72.8
2010-06-09,80.1549,71.2
2010-06-10,80.7741,72.3
2010-06-11,81.7584,74.3
2010-06-12,81.6643,75.7
2010-06-13,80.0164,76.5
2010-06-14,79.4609,76.9
2010-06-15,77.3641,76.9
2010-06-16,78.068,76.9
2010-06-17,78.6815,75.3
2010-06-18,79.5662,76.4
2010-06-19,79.2605,76.0
2010-06-20,80.246,76.3
2010-06-21,80.4203,75.5
2010-06-22,80.0912,75.9
2010-06-23,80.0541,74.8
2010-06-24,82.0826,74.0
2010-06-25,79.575,75.2
2010-06-26,79.6621,75.2
2010-06-27,78.9471,76.6
2010-06-28,79.5794,78.2
2010-06-29,78.6271,82.7
2010-06-30,76.5835,82.6
2010-07-01,76.8312,85.4
2010-07-02,76.3115,82.6
2010-07-03,78.4725,81.1
2010-07-04,75.4443,80.3
2010-07-05,76.3884,78.4
2010-07-06,76.0738,79.1
2010-07-07,77.0428,81.3
2010-07-08,79.3481,79.4
2010-07-09,81.8721,82.5
2010-07-10,78.8355,89.9
2010-07-11,81.3616,92.0
2010-07-12,76.9995,90.5
2010-07-13,78.8856,89.2
2010-07-14,78.6476,87.9
2010-07-15,79.2711,87.9
2010-07-16,82.5744,87.1
2010-07-17,82.7076,85.2
2010-07-18,85.298,88.0
2010-07-19,89.364,87.2
2010-07-20,91.5443,85.7
2010-07-21,84.5338,83.9
2010-07-22,84.0276,82.1
2010-07-23,78.0303,81.5
2010-07-24,76.2231,83.0
2010-07-25,78.3568,83.2
2010-07-26,79.3495,85.1
2010-07-27,77.6053,84.4
2010-07-28,81.8102,84.1
2010-07-29,82.1888,84.9
2010-07-30,83.6301,86.5
2010-07-31,83.2659,85.8
2010-08-01,78.6333,88.1
2010-08-02,81.3886,86.0
2010-08-03,82.162,86.0
2010-08-04,80.5941,87.4
2010-08-05,77.5939,87.8
2010-08-06,79.2098,86.9
2010-08-07,82.7394,83.1
2010-08-08,83.5626,81.8
2010-08-09,78.3175,79.8
2010-08-10,79.1212,78.9
2010-08-11,80.3311,77.3
2010-08-12,79.1331,76.3
2010-08-13,81.1762,76.5
2010-08-14,82.2396,75.2
2010-08-15,80.2083,75.1
2010-08-16,82.3562,75.0
2010-08-17,80.8722,74.8
2010-08-18,78.7214,73.3
2010-08-19,77.6385,75.4
2010-08-20,79.1813,76.4
2010-08-21,80.317,76.0
2010-08-22,80.6977,77.7
2010-08-23,81.8574,78.4
2010-08-24,84.5137,78.5
2010-08-25,84.9113,83.6
2010-08-26,81.8473,83.5
2010-08-27,84.3232,81.0
2010-08-28,84.2244,77.3
2010-08-29,83.1063,75.6
2010-08-30,80.9345,74.7
2010-08-31,81.364,76.4
2010-09-01,82.4059,79.1
2010-09-02,79.3047,79.3
2010-09-03,81.4592,80.4
2010-09-04,84.5368,81.6
2010-09-05,86.5431,82.1
2010-09-06,86.5866,83.3
2010-09-07,85.3581,83.0
2010-09-08,88.5715,82.9
2010-09-09,89.0119,81.9
2010-09-10,90.9115,83.3
2010-09-11,87.1963,85.2
2010-09-12,86.2657,85.4
2010-09-13,86.4338,84.9
2010-09-14,87.7094,83.1
2010-09-15,86.3652,83.4
2010-09-16,84.1591,84.3
2010-09-17,82.6836,83.4
2010-09-18,82.5428,83.5
2010-09-19,78.3599,91.0
2010-09-20,80.4154,90.2
2010-09-21,84.807,86.9
2010-09-22,83.6291,85.1
2010-09-23,82.3282,80.1
2010-09-24,77.739,76.1
2010-09-25,81.8111,75.4
2010-09-26,80.3799,74.2
2010-09-27,78.3631,75.0
2010-09-28,81.7896,74.7
2010-09-29,81.7679,76.2
2010-09-30,85.604,75.7
2010-10-01,84.1765,75.0
2010-10-02,85.6108,74.9
2010-10-03,87.1152,77.7
2010-10-04,89.9486,79.9
2010-10-05,92.9869,81.7
2010-10-06,94.032,86.3
2010-10-07,94.6469,83.0
2010-10-08,94.9852,89.9
2010-10-09,92.2448,85.9
2010-10-10,93.0107,83.2
2010-10-11,88.9719,82.7
2010-10-12,91.1292,81.4
2010-10-13,93.3177,83.4
2010-10-14,92.3504,81.2
2010-10-15,86.1844,85.2
2010-10-16,83.7095,85.1
2010-10-17,75.956,86.5
2010-10-18,73.7731,85.3
2010-10-19,74.2249,84.5
2010-10-20,73.4164,83.6
2010-10-21,73.0813,80.0
2010-10-22,73.5498,77.9
2010-10-23,76.7274,77.7
2010-10-24,78.1638,77.2
2010-10-25,79.8809,77.8
2010-10-26,77.5234,81.6
2010-10-27,79.4352,83.1
2010-10-28,81.5605,83.5
2010-10-29,82.3488,82.2
2010-10-30,86.6787,82.5
2010-10-31,88.5753,83.9
2010-11-01,89.8059,82.8
2010-11-02,94.8398,83.7
2010-11-03,96.4845,83.6
2010-11-04,93.5152,84.6
2010-11-05,91.3836,88.8
2010-11-06,90.674,89.8
2010-11-07,93.7086,89.1
2010-11-08,92.013,84.5
2010-11-09,94.0672,82.0
2010-11-10,94.7361,77.9
2010-11-11,91.6958,75.8
2010-11-12,89.7407,72.9
2010-11-13,83.6186,73.4
2010-11-14,77.0377,73.9
2010-11-15,74.3163,75.9
2010-11-16,77.581,74.2
2010-11-17,75.4437,74.5
2010-11-18,74.1892,77.9
2010-11-19,74.8911,80.2
2010-11-20,72.9868,84.0
2010-11-21,74.752,84.1
2010-11-22,75.0472,84.1
2010-11-23,76.9885,84.4
2010-11-24,78.3075,84.9
2010-11-25,83.3579,85.4
2010-11-26,84.4505,85.9
2010-11-27,89.3183,84.5
2010-11-28,92.1644,84.6
2010-11-29,95.0411,84.2
2010-11-30,96.6311,85.8
2010-12-01,92.7522,84.3
2010-12-02,88.3833,86.7
2010-12-03,86.2946,85.0
2010-12-04,84.6025,87.5
2010-12-05,82.7526,84.2
2010-12-06,82.7762,81.4
2010-12-07,83.4334,79.1
2010-12-08,82.2735,78.0
2010-12-09,82.0812,78.3
2010-12-10,82.204,75.4
2010-12-11,81.9226,75.3
2010-12-12,82.5983,75.2
2010-12-13,81.4123,77.5
2010-12-14,82.9097,76.1
2010-12-15,81.0387,76.8
2010-12-16,81.0467,77.9
2010-12-17,80.4158,77.4
2010-12-18,77.8838,78.0
2010-12-19,78.3736,79.9
2010-12-20,77.9973,80.2
2010-12-21,82.5293,87.9
2010-12-22,80.7993,88.0
2010-12-23,82.5414,88.1
2010-12-24,84.2412,89.1
2010-12-25,81.2422,87.6
2010-12-26,83.087,84.8
2010-12-27,82.8871,83.9
2010-12-28,83.2746,83.5
2010-12-29,84.1782,82.0
2010-12-30,81.5947,80.0
2010-12-31,87.7835,80.6
2011-01-01,88.3489,79.9
2011-01-02,86.356,77.4
2011-01-03,85.8989,76.9
2011-01-04,83.2528,76.7
2011-01-05,83.682,77.6
2011-01-06,84.8622,77.8
2011-01-07,85.8507,79.1
2011-01-08,85.2511,78.4
2011-01-09,85.4523,78.2
2011-01-10,82.832,79.7
2011-01-11,82.3574,84.8
2011-01-12,81.1423,84.9
2011-01-13,84.6258,81.7
2011-01-14,85.0543,79.9
2011-01-15,87.3759,78.0
2011-01-16,87.1196,77.6
2011-01-17,86.7912,78.1
2011-01-18,85.7101,78.1
2011-01-19,86.8889,79.0
2011-01-20,85.8031,80.2
2011-01-21,87.8818,78.9
2011-01-22,90.2339,77.6
2011-01-23,84.778,77.0
2011-01-24,83.5104,78.1
2011-01-25,83.4531,79.8
2011-01-26,85.8526,78.7
2011-01-27,87.7489,78.0
2011-01-28,85.2868,80.1
2011-01-29,86.6098,87.3
2011-01-30,86.6268,86.4
2011-01-31,86.7964,89.0
2011-02-01,83.734,88.9
2011-02-02,84.8073,93.1
2011-02-03,83.9414,101.4
2011-02-04,81.3222,109.8
2011-02-05,80.4354,110.0
2011-02-06,80.8245,111.4
2011-02-07,83.8354,108.3
2011-02-08,86.2161,121.9
2011-02-09,86.307,106.9
2011-02-10,84.9805,102.2
2011-02-11,83.7332,94.6
2011-02-12,86.7589,89.0
2011-02-13,85.388,87.4
2011-02-14,87.8805,87.0
2011-02-15,90.125,86.4
2011-02-16,82.4694,88.4
2011-02-17,80.6206,88.7
2011-02-18,87.6707,94.0
2011-02-19,87.9005,108.5
2011-02-20,87.3049,111.4
2011-02-21,85.1972,118.8
2011-02-22,86.7851,124.7
2011-02-23,88.1192,132.5
2011-02-24,90.0442,140.3
2011-02-25,91.5359,149.6
2011-02-26,91.3831,147.7
2011-02-27,96.0425,141.1
2011-02-28,100.7059,129.5
2011-03-01,104.3656,121.5
2011-03-02,106.6382,119.2
2011-03-03,107.5665,111.5
2011-03-04,108.0089,106.1
2011-03-05,105.2989,100.3
2011-03-06,98.1843,100.8
2011-03-07,101.2552,89.2
2011-03-08,98.8641,86.8
2011-03-09,98.1411,88.0
2011-03-10,99.7517,91.2
2011-03-11,97.8305,100.2
2011-03-12,100.5575,99.1
2011-03-13,96.3276,104.0
2011-03-14,96.6544,106.9
2011-03-15,100.8636,112.0
2011-03-16,109.3482,113.9
2011-03-17,108.0254,115.1
2011-03-18,110.8408,118.1
2011-03-19,113.2106,115.9
2011-03-20,113.2984,117.3
2011-03-21,115.3125,113.1
2011-03-22,113.7537,108.7
2011-03-23,108.4603,107.4
2011-03-24,108.0372,114.0
2011-03-25,108.1015,112.7
2011-03-26,106.2675,109.3
2011-03-27,105.0042,117.2
2011-03-28,99.2358,112.5
2011-03-29,96.7762,109.0
2011-03-30,94.1724,105.3
2011-03-31,93.4523,105.2
2011-04-01,91.7842,106.3
2011-04-02,86.4449,110.8
2011-04-03,86.5843,118.4
2011-04-04,91.4989,119.4
2011-04-05,91.9655,130.2
2011-04-06,97.7748,120.0
2011-04-07,98.1707,115.3
2011-04-08,94.4916,111.9
2011-04-09,97.0791,111.9
2011-04-10,99.9438,118.1
2011-04-11,101.1715,114.1
2011-04-12,101.0215,116.0
2011-04-13,104.2994,120.4
2011-04-14,104.9289,118.5
2011-04-15,108.4958,113.5
2011-04-16,102.6436,110.8
2011-04-17,102.8358,109.3
2011-04-18,107.1644,111.9
2011-04-19,109.8594,111.2
2011-04-20,111.8685,111.1
2011-04-21,111.6608,107.7
2011-04-22,111.4706,111.5
2011-04-23,112.3894,108.8
2011-04-24,121.413,108.7
2011-04-25,121.3364,106.7
2011-04-26,125.4666,103.7
2011-04-27,120.0497,104.1
2011-04-28,119.3043,104.1
2011-04-29,120.8478,105.7
2011-04-30,122.4739,99.4
2011-05-01,120.0496,96.0
2011-05-02,120.9848,94.7
2011-05-03,119.6286,93.5
2011-05-04,110.4686,93.4
2011-05-05,112.2562,96.6
2011-05-06,111.8147,94.3
2011-05-07,111.4705,93.6
2011-05-08,111.151,92.7
2011-05-09,114.2932,86.4
2011-05-10,105.6736,85.7
2011-05-11,104.2961,85.7
2011-05-12,105.2024,86.6
2011-05-13,108.0578,86.3
2011-05-14,109.8335,83.8
2011-05-15,110.3202,82.4
2011-05-16,112.4249,84.9
2011-05-17,109.5758,92.3
2011-05-18,108.8672,103.2
2011-05-19,106.3004,113.8
2011-05-20,103.1545,115.0
2011-05-21,106.0646,115.2
2011-05-22,109.2531,116.8
2011-05-23,110.619,114.8
2011-05-24,109.0821,110.2
2011-05-25,110.0487,105.8
2011-05-26,111.4335,105.9
2011-05-27,112.6663,103.2
2011-05-28,118.5256,99.3
2011-05-29,118.5059,92.9
2011-05-30,117.3302,90.2
2011-05-31,114.1718,89.4
2011-06-01,111.3181,87.2
2011-06-02,109.9522,87.3
2011-06-03,109.5314,89.4
2011-06-04,108.281,102.5
2011-06-05,107.8486,104.8
2011-06-06,107.0834,106.6
2011-06-07,106.6171,107.6
2011-06-08,107.9108,102.4
2011-06-09,109.4649,102.4
2011-06-10,112.3914,99.6
2011-06-11,112.3269,98.2
2011-06-12,114.9201,96.0
2011-06-13,115.1092,99.5
2011-06-14,111.673,99.4
2011-06-15,108.7009,96.7
2011-06-16,103.2251,93.1
2011-06-17,99.8015,92.2
2011-06-18,95.7284,89.8
2011-06-19,97.6703,90.3
2011-06-20,94.7659,92.2
2011-06-21,99.3907,90.5
2011-06-22,99.1013,88.5
2011-06-23,100.7918,89.2
2011-06-24,98.9542,87.9
2011-06-25,97.3408,87.7
2011-06-26,96.2075,87.5
2011-06-27,94.8846,88.4
2011-06-28,97.9956,88.7
2011-06-29,98.7334,88.5
2011-06-30,98.4316,93.7
2011-07-01,102.1848,93.1
2011-07-02,101.0067,94.7
2011-07-03,110.0719,97.7
2011-07-04,114.1471,97.2
2011-07-05,111.4404,96.9
2011-07-06,111.8862,96.9
2011-07-07,112.8584,107.0
2011-07-08,108.3974,105.3
2011-07-09,105.639,103.6
2011-07-10,104.5148,103.4
2011-07-11,102.3247,99.1
2011-07-12,102.2298,95.4
2011-07-13,99.5556,91.1
2011-07-14,98.796,88.9
2011-07-15,98.0751,89.8
2011-07-16,97.1042,96.4
2011-07-17,99.0524,102.5
2011-07-18,95.5004,110.7
2011-07-19,96.8147,115.2
2011-07-20,95.4876,116.2
2011-07-21,94.6779,122.2
2011-07-22,93.752,128.7
2011-07-23,96.0406,125.2
2011-07-24,96.1251,123.5
2011-07-25,97.5355,119.7
2011-07-26,101.6883,112.5
2011-07-27,101.9739,113.2
2011-07-28,106.4905,108.4
2011-07-29,105.8055,106.9
2011-07-30,105.3707,100.2
2011-07-31,107.4633,92.7
2011-08-01,106.443,86.5
2011-08-02,105.7795,85.7
2011-08-03,100.9311,85.3
2011-08-04,97.8569,90.4
2011-08-05,93.0032,92.7
2011-08-06,97.6882,95.4
2011-08-07,96.9223,100.0
2011-08-08,99.3584,100.2
2011-08-09,99.4061,100.6
2011-08-10,99.723,102.9
2011-08-11,101.2163,103.3
2011-08-12,103.1267,110.7
2011-08-13,97.5465,106.1
2011-08-14,97.6294,106.4
2011-08-15,107.7057,106.4
2011-08-16,111.9833,106.8
2011-08-17,116.8082,106.0
2011-08-18,116.1581,103.1
2011-08-19,105.8177,103.2
2011-08-20,108.1194,103.2
2011-08-21,102.8938,111.0
2011-08-22,102.2127,113.8
2011-08-23,104.3744,117.5
2011-08-24,94.6582,120.8
2011-08-25,98.4104,121.5
2011-08-26,98.9963,120.7
2011-08-27,99.0831,114.2
2011-08-28,100.7154,114.5
2011-08-29,99.4712,111.7
2011-08-30,100.8174,113.4
2011-08-31,105.4096,117.8
2011-09-01,105.6702,122.9
2011-09-02,106.5069,125.5
2011-09-03,106.6628,131.0
2011-09-04,109.4347,144.3
2011-09-05,111.4096,142.3
2011-09-06,115.3361,144.6
2011-09-07,113.6572,146.2
2011-09-08,114.0086,151.6
2011-09-09,111.9593,142.2
2011-09-10,112.6126,145.5
2011-09-11,116.7159,145.3
2011-09-12,120.1247,151.9
2011-09-13,118.2013,159.3
2011-09-14,121.508,169.8
2011-09-15,119.5546,169.8
2011-09-16,117.3861,149.0
2011-09-17,118.1184,139.6
2011-09-18,119.4682,134.0
2011-09-19,113.7876,137.0
2011-09-20,115.8386,138.5
2011-09-21,121.2803,137.2
2011-09-22,124.5257,131.1
2011-09-23,126.2572,129.1
2011-09-24,131.9032,130.4
2011-09-25,137.1515,126.7
2011-09-26,135.0472,123.9
2011-09-27,137.6169,121.9
2011-09-28,139.1145,118.2
2011-09-29,137.8468,120.7
2011-09-30,140.859,126.0
2011-10-01,136.5541,129.7
2011-10-02,136.0461,133.5
2011-10-03,137.0518,137.0
2011-10-04,137.5886,135.4
2011-10-05,136.0989,136.9
2011-10-06,137.4863,150.0
2011-10-07,135.6168,151.6
2011-10-08,125.5691,145.7
2011-10-09,127.397,146.1
2011-10-10,127.3507,157.8
2011-10-11,126.1732,166.3
2011-10-12,125.7808,162.5
2011-10-13,120.7372,153.9
2011-10-14,119.5055,143.8
2011-10-15,122.4408,137.3
2011-10-16,124.843,130.6
2011-10-17,125.6689,129.9
2011-10-18,125.2132,132.2
2011-10-19,126.1793,121.4
2011-10-20,124.9411,124.9
2011-10-21,125.3268,136.1
2011-10-22,127.8148,136.5
2011-10-23,126.3452,151.2
2011-10-24,126.0006,157.8
2011-10-25,126.9635,161.1
2011-10-26,125.8894,169.0
2011-10-27,126.8818,173.6
2011-10-28,129.0324,178.9
2011-10-29,128.1565,177.7
2011-10-30,129.5618,176.7
2011-10-31,133.5295,175.2
2011-11-01,133.9428,170.4
2011-11-02,137.903,165.3
2011-11-03,139.2295,152.1
2011-11-04,139.8152,157.7
2011-11-05,141.6486,145.1
2011-11-06,142.0664,139.2
2011-11-07,142.8048,144.4
2011-11-08,143.0205,141.1
2011-11-09,140.8624,136.3
2011-11-10,137.4936,136.6
2011-11-11,139.4081,137.7
2011-11-12,141.5783,138.9
2011-11-13,140.1885,136.5
2011-11-14,140.8471,133.8
2011-11-15,138.9538,131.7
2011-11-16,138.5158,129.3
2011-11-17,141.8566,131.7
2011-11-18,143.6421,134.0
2011-11-19,143.4857,136.8
2011-11-20,142.8959,140.1
2011-11-21,144.0309,148.0
2011-11-22,143.3196,152.9
2011-11-23,141.3459,155.95
2011-11-24,141.1128,159.0
2011-11-25,140.2062,153.6
2011-11-26,139.592,146.6
2011-11-27,140.6167,144.5
2011-11-28,140.3207,140.4
2011-11-29,141.9204,139.2
2011-11-30,141.4413,135.8
2011-12-01,143.7615,130.2
2011-12-02,140.3672,127.5
2011-12-03,144.9827,129.0
2011-12-04,146.3218,127.9
2011-12-05,144.1649,120.3
2011-12-06,141.9607,117.2
2011-12-07,140.6614,115.8
2011-12-08,140.5746,123.3
2011-12-09,139.7692,124.1
2011-12-10,140.4775,133.0
2011-12-11,139.868,139.9
2011-12-12,141.3917,141.1
2011-12-13,141.922,133.7
2011-12-14,141.8366,138.1
2011-12-15,138.7732,137.2
2011-12-16,138.0332,140.8
2011-12-17,138.9235,135.7
2011-12-18,138.8926,140.0
2011-12-19,138.5604,142.3
2011-12-20,140.3945,136.4
2011-12-21,139.9728,128.5
2011-12-22,141.1042,129.4
2011-12-23,139.1186,130.3
2011-12-24,142.0632,130.2
2011-12-25,142.5248,131.6
2011-12-26,142.7351,136.6
2011-12-27,140.8652,131.0
2011-12-28,141.3353,135.9
2011-12-29,138.3734,131.4
2011-12-30,140.194,137.6
2011-12-31,138.5121,124.6
2012-01-01,139.252,116.1
2012-01-02,141.5338,113.0
2012-01-03,139.5572,120.0
2012-01-04,139.0107,128.0
2012-01-05,139.3067,129.2
2012-01-06,138.1284,135.1
2012-01-07,134.6301,134.5
2012-01-08,130.7644,143.4
2012-01-09,131.0871,146.1
2012-01-10,127.4951,136.7
2012-01-11,128.4547,137.2
2012-01-12,131.4519,136.6
2012-01-13,135.7909,139.8
2012-01-14,140.065,131.5
2012-01-15,141.1122,122.5
2012-01-16,142.0364,124.3
2012-01-17,140.7319,124.7
2012-01-18,141.7373,111.0
2012-01-19,138.8825,106.6
2012-01-20,136.7418,111.0
2012-01-21,137.3093,113.1
2012-01-22,135.4354,114.1
2012-01-23,135.008,114.6
2012-01-24,133.8247,107.9
2012-01-25,131.3476,104.0
2012-01-26,133.4094,99.8
2012-01-27,127.1205,108.9
2012-01-28,122.1416,104.3
2012-01-29,117.8177,94.6
2012-01-30,120.3694,96.6
2012-01-31,120.645,107.9
2012-02-01,122.788,109.4
2012-02-02,124.7362,107.6
2012-02-03,122.6891,105.7
2012-02-04,123.7036,104.8
2012-02-05,123.8232,102.0
2012-02-06,127.3291,100.8
2012-02-07,125.0803,101.3
2012-02-08,119.9704,101.7
2012-02-09,119.237,102.9
2012-02-10,120.9039,108.7
2012-02-11,119.7165,101.0
2012-02-12,117.8618,102.0
2012-02-13,116.5227,101.2
2012-02-14,113.9298,106.7
2012-02-15,113.7509,105.9
2012-02-16,113.7137,104.9
2012-02-17,118.3549,103.5
2012-02-18,122.1832,101.3
2012-02-19,125.8792,100.2
2012-02-20,127.1162,101.6
2012-02-21,126.0346,106.3
2012-02-22,128.3245,114.5
2012-02-23,130.4735,118.2
2012-02-24,131.2077,129.5
2012-02-25,123.9955,136.0
2012-02-26,120.1034,133.7
2012-02-27,117.6456,137.5
2012-02-28,115.2414,143.5
2012-02-29,114.4774,146.9
2012-03-01,115.6312,129.5
2012-03-02,118.5373,128.7
2012-03-03,124.3853,125.0
2012-03-04,127.8473,117.5
2012-03-05,132.122,109.4
2012-03-06,125.5216,97.6
2012-03-07,127.1081,101.4
2012-03-08,127.1744,101.1
2012-03-09,130.0853,100.9
2012-03-10,129.8589,98.8
2012-03-11,125.7602,99.2
2012-03-12,125.863,101.7
2012-03-13,125.6721,104.2
2012-03-14,115.3579,102.1
2012-03-15,116.0156,100.8
2012-03-16,110.2795,101.9
2012-03-17,113.8032,105.2
2012-03-18,114.6063,106.6
2012-03-19,118.3533,111.2
2012-03-20,120.4057,110.4
2012-03-21,122.1883,109.9
2012-03-22,124.1269,107.2
2012-03-23,125.728,105.9
2012-03-24,124.5433,103.6
2012-03-25,124.09,102.1
2012-03-26,123.7492,101.0
2012-03-27,120.421,97.6
2012-03-28,120.4406,98.7
2012-03-29,121.1173,93.5
2012-03-30,116.7527,94.9
2012-03-31,114.7462,93.7
2012-04-01,112.3399,93.8
2012-04-02,111.516,95.8
2012-04-03,110.9032,98.3
2012-04-04,111.0523,98.8
2012-04-05,111.3018,102.4
2012-04-06,110.6186,108.8
2012-04-07,109.9841,114.7
2012-04-08,111.7323,122.6
2012-04-09,114.1547,139.1
2012-04-10,110.904,143.1
2012-04-11,108.7026,150.6
2012-04-12,108.8582,149.5
2012-04-13,107.5834,143.4
2012-04-14,105.7535,135.2
2012-04-15,106.4275,128.8
2012-04-16,107.2163,120.7
2012-04-17,108.7658,119.5
2012-04-18,109.0159,122.8
2012-04-19,112.2882,117.7
2012-04-20,113.2518,115.9
2012-04-21,113.6838,111.6
2012-04-22,112.2818,117.4
2012-04-23,110.6721,115.9
2012-04-24,109.9226,115.9
2012-04-25,110.1854,118.1
2012-04-26,109.5365,119.4
2012-04-27,108.8575,123.9
2012-04-28,110.6522,125.1
2012-04-29,109.8938,129.8
2012-04-30,110.4484,133.3
2012-05-01,110.5379,139.2
2012-05-02,112.6204,132.2
2012-05-03,115.0121,133.3
2012-05-04,116.9574,132.9
2012-05-05,119.1683,131.9
2012-05-06,119.1048,133.9
2012-05-07,119.5569,139.5
2012-05-08,118.4516,135.3
2012-05-09,116.4858,134.1
2012-05-10,115.4816,134.0
2012-05-11,115.882,128.2
2012-05-12,113.7017,124.3
2012-05-13,112.1873,120.2
2012-05-14,111.6684,118.5
2012-05-15,112.1222,120.3
2012-05-16,115.4814,112.9
2012-05-17,115.4961,113.7
2012-05-18,117.2643,113.3
2012-05-19,117.9894,109.3
2012-05-20,118.7741,114.1
2012-05-21,117.0169,120.6
2012-05-22,115.749,132.2
2012-05-23,117.0472,132.9
2012-05-24,118.9069,133.2
2012-05-25,119.3658,131.9
2012-05-26,117.8621,142.8
2012-05-27,118.6348,138.5
2012-05-28,117.9366,132.1
2012-05-29,114.92,127.9
2012-05-30,116.4633,132.3
2012-05-31,117.5294,132.3
2012-06-01,113.8304,138.1
2012-06-02,112.4284,145.8
2012-06-03,111.3532,147.3
2012-06-04,110.049,144.8
2012-06-05,110.9928,149.6
2012-06-06,108.792,138.8
2012-06-07,107.2584,128.0
2012-06-08,105.6818,121.9
2012-06-09,108.1649,113.5
2012-06-10,109.5608,107.1
2012-06-11,111.3227,100.9
2012-06-12,113.7053,91.4
2012-06-13,113.3068,86.8
2012-06-14,113.9995,88.1
2012-06-15,114.5973,91.5
2012-06-16,114.61,102.5
2012-06-17,109.0303,109.9
2012-06-18,110.985,123.7
2012-06-19,108.6642,121.3
2012-06-20,109.4932,128.2
2012-06-21,114.1382,137.9
2012-06-22,113.7115,142.0
2012-06-23,112.6065,150.7
2012-06-24,113.5248,152.5
2012-06-25,113.8509,170.1
2012-06-26,116.5347,163.0
2012-06-27,118.2761,163.7
2012-06-28,121.5111,183.7
2012-06-29,121.0623,179.6
2012-06-30,120.9513,179.2
2012-07-01,119.1178,167.1
2012-07-02,119.4695,170.9
2012-07-03,120.0801,152.1
2012-07-04,120.3985,152.8
2012-07-05,123.8836,145.1
2012-07-06,119.9667,142.5
2012-07-07,119.5467,131.7
2012-07-08,122.8394,113.1
2012-07-09,123.6958,103.2
2012-07-10,125.032,95.3
2012-07-11,121.6624,92.8
2012-07-12,122.6725,96.7
2012-07-13,118.4701,99.8
2012-07-14,120.3342,105.7
2012-07-15,119.6958,108.7
2012-07-16,123.1554,118.3
2012-07-17,124.9927,127.1
2012-07-18,122.7713,130.5
2012-07-19,121.2655,135.4
2012-07-20,120.6879,140.1
2012-07-21,120.9062,144.0
2012-07-22,112.3237,146.0
2012-07-23,114.2336,138.6
2012-07-24,118.3471,143.8
2012-07-25,122.3054,142.7
2012-07-26,126.8375,137.9
2012-07-27,128.5665,137.9
2012-07-28,130.5585,132.1
2012-07-29,131.107,137.0
2012-07-30,130.3249,134.8
2012-07-31,128.8572,128.8
2012-08-01,129.0288,123.0
2012-08-02,126.9252,115.3
2012-08-03,126.7269,110.9
2012-08-04,126.5181,108.5
2012-08-05,126.3337,103.2
2012-08-06,125.714,100.8
2012-08-07,119.0641,97.7
2012-08-08,117.9191,99.4
2012-08-09,117.6694,98.5
2012-08-10,116.5059,98.5
2012-08-11,118.6116,96.4
2012-08-12,121.0507,96.9
2012-08-13,122.2733,98.8
2012-08-14,123.3723,106.4
2012-08-15,122.9428,108.1
2012-08-16,126.0176,115.6
2012-08-17,125.154,113.7
2012-08-18,124.9166,113.4
2012-08-19,124.9732,120.6
2012-08-20,124.4688,130.2
2012-08-21,122.5288,132.9
2012-08-22,115.921,148.2
2012-08-23,112.2747,144.7
2012-08-24,114.4887,144.0
2012-08-25,123.0773,139.9
2012-08-26,128.5729,134.9
2012-08-27,129.1019,130.0
2012-08-28,128.1494,135.4
2012-08-29,129.7808,130.5
2012-08-30,129.4532,124.8
2012-08-31,127.7501,112.8
2012-09-01,132.3487,106.4
2012-09-02,131.6268,103.8
2012-09-03,125.637,100.3
2012-09-04,123.126,101.7
2012-09-05,121.6477,98.6
2012-09-06,123.5715,98.3
2012-09-07,125.6943,102.5
2012-09-08,126.578,105.3
2012-09-09,115.6604,110.8
2012-09-10,117.0776,118.4
2012-09-11,121.9017,117.8
2012-09-12,125.6367,125.3
2012-09-13,127.423,134.4
2012-09-14,128.6524,137.4
2012-09-15,127.6955,140.6
2012-09-16,128.4755,139.9
2012-09-17,130.0543,133.8
2012-09-18,130.5154,138.3
2012-09-19,131.2336,136.4
2012-09-20,130.7045,135.9
2012-09-21,129.1529,128.3
2012-09-22,131.645,118.3
2012-09-23,133.3448,111.8
2012-09-24,131.9482,109.5
2012-09-25,130.8009,106.1
2012-09-26,123.3717,98.7
2012-09-27,119.9475,97.9
2012-09-28,119.5386,103.2
2012-09-29,112.898,105.9
2012-09-30,118.4569,111.6
2012-10-01,119.3742,116.2
2012-10-02,121.0054,121.3
2012-10-03,121.8544,124.3
2012-10-04,122.7496,131.3
2012-10-05,120.881,135.9
2012-10-06,121.6951,136.1
2012-10-07,123.7348,134.1
2012-10-08,125.4837,136.5
2012-10-09,126.2966,140.3
2012-10-10,126.2507,150.1
2012-10-11,126.5654,142.8
2012-10-12,127.1419,153.9
2012-10-13,127.845,140.1
2012-10-14,129.5438,134.1
2012-10-15,122.8181,128.5
2012-10-16,119.9414,129.1
2012-10-17,117.5533,120.2
2012-10-18,117.3974,115.4
2012-10-19,117.5242,106.9
2012-10-20,119.6233,104.8
2012-10-21,119.5845,102.7
2012-10-22,121.9144,96.8
2012-10-23,120.123,94.9
2012-10-24,119.3113,91.8
2012-10-25,117.4733,93.4
2012-10-26,118.379,94.9
2012-10-27,116.7012,96.9
2012-10-28,119.7312,99.8
2012-10-29,121.2887,102.2
2012-10-30,122.3678,112.9
2012-10-31,121.7116,119.8
2012-11-01,120.2038,130.6
2012-11-02,120.3872,140.8
2012-11-03,120.1434,143.1
2012-11-04,120.4216,139.1
2012-11-05,119.1023,138.6
2012-11-06,118.5298,135.2
2012-11-07,119.9854,132.4
2012-11-08,115.9532,137.7
2012-11-09,119.7599,130.7
2012-11-10,121.542,137.8
2012-11-11,118.5194,137.0
2012-11-12,116.5022,124.5
2012-11-13,116.4389,123.5
2012-11-14,113.7313,115.0
2012-11-15,111.2402,118.4
2012-11-16,110.6606,118.6
2012-11-17,109.7526,114.0
2012-11-18,110.7799,111.2
2012-11-19,109.047,110.0
2012-11-20,111.958,107.5
2012-11-21,111.8468,98.8
2012-11-22,110.0121,94.9
2012-11-23,108.6579,93.9
2012-11-24,108.324,93.4
2012-11-25,109.6729,92.7
2012-11-26,111.2514,94.6
2012-11-27,110.6814,94.2
2012-11-28,111.265,98.1
2012-11-29,111.2318,100.6
2012-11-30,110.7841,100.9
2012-12-01,109.6351,100.5
2012-12-02,107.2087,108.4
2012-12-03,107.2203,113.0
2012-12-04,109.8865,115.5
2012-12-05,107.3846,118.5
2012-12-06,110.8148,115.8
2012-12-07,112.2848,111.3
2012-12-08,113.7338,112.5
2012-12-09,113.5842,109.8
2012-12-10,113.8848,110.4
2012-12-11,113.2224,110.9
2012-12-12,114.1272,111.6
2012-12-13,114.7489,110.4
2012-12-14,115.1281,109.4
2012-12-15,115.9296,109.3
2012-12-16,114.8194,106.2
2012-12-17,114.3961,103.2
2012-12-18,114.4979,102.3
2012-12-19,113.7648,100.9
2012-12-20,112.6961,103.2
2012-12-21,111.8055,109.8
2012-12-22,108.2588,113.9
2012-12-23,106.8228,115.0
2012-12-24,106.7954,124.6
2012-12-25,108.5508,138.4
2012-12-26,106.9202,140.3
2012-12-27,103.409,137.5
2012-12-28,101.7523,144.8
2012-12-29,100.9579,150.5
2012-12-30,106.3191,163.8
2012-12-31,109.0823,168.2
2013-01-01,110.7704,166.7
2013-01-02,111.1761,163.0
2013-01-03,110.2296,151.4
2013-01-04,112.8951,149.1
2013-01-05,114.8605,135.2
2013-01-06,115.2039,132.6
2013-01-07,116.6843,118.8
2013-01-08,118.0155,111.5
2013-01-09,116.527,103.3
2013-01-10,118.7226,103.2
2013-01-11,118.7441,104.9
2013-01-12,119.4382,106.9
2013-01-13,119.302,101.6
2013-01-14,120.2632,100.2
2013-01-15,119.4147,97.5
2013-01-16,118.8456,96.3
2013-01-17,117.1098,94.7
2013-01-18,117.2337,94.7
2013-01-19,115.6094,92.6
2013-01-20,115.7464,93.8
2013-01-21,116.5521,99.7
2013-01-22,115.2571,100.7
2013-01-23,112.8568,108.6
2013-01-24,110.3525,107.9
2013-01-25,112.5455,103.7
2013-01-26,112.0569,102.2
2013-01-27,113.5678,100.7
2013-01-28,114.1727,100.0
2013-01-29,114.2887,101.4
2013-01-30,115.0432,104.8
2013-01-31,114.9991,103.2
2013-02-01,114.2827,102.5
2013-02-02,115.5029,99.2
2013-02-03,111.3177,97.8
2013-02-04,110.8228,97.0
2013-02-05,110.2693,97.7
2013-02-06,109.6686,100.8
2013-02-07,108.7486,103.1
2013-02-08,108.4283,102.3
2013-02-09,108.2501,109.9
2013-02-10,107.5212,111.0
2013-02-11,107.6059,106.2
2013-02-12,106.2369,104.7
2013-02-13,105.7688,97.5
2013-02-14,104.7177,93.0
2013-02-15,104.9168,93.5
2013-02-16,105.3186,96.8
2013-02-17,103.5408,100.0
2013-02-18,103.1967,103.6
2013-02-19,105.795,110.6
2013-02-20,106.431,109.1
2013-02-21,105.5181,110.1
2013-02-22,105.3088,112.4
2013-02-23,105.2207,116.6
2013-02-24,104.5992,112.6
2013-02-25,105.1246,112.1
2013-02-26,105.9266,113.3
2013-02-27,108.4585,114.6
2013-02-28,107.8567,117.7
2013-03-01,111.2463,118.2
2013-03-02,112.7363,121.5
2013-03-03,112.9377,121.5
2013-03-04,112.7976,121.5
2013-03-05,113.7542,121.8
2013-03-06,113.1011,124.8
2013-03-07,111.4999,124.5
2013-03-08,113.0648,116.6
2013-03-09,113.7623,109.5
2013-03-10,108.5812,106.7
2013-03-11,107.1873,105.3
2013-03-12,106.175,100.2
2013-03-13,105.9606,97.6
2013-03-14,106.6767,95.4
2013-03-15,105.5879,92.2
2013-03-16,105.8561,92.0
2013-03-17,103.0085,92.6
2013-03-18,101.9915,98.3
2013-03-19,98.1048,104.8
2013-03-20,101.3118,108.2
2013-03-21,102.494,113.1
2013-03-22,102.503,119.0
2013-03-23,105.9452,122.1
2013-03-24,107.0076,127.0
2013-03-25,107.749,128.6
2013-03-26,108.228,134.5
2013-03-27,108.6415,137.3
2013-03-28,109.7537,138.2
2013-03-29,109.657,139.6
2013-03-30,109.8392,147.0
2013-03-31,108.7842,148.6
2013-04-01,105.1503,137.8
2013-04-02,105.6854,138.6
2013-04-03,105.5273,125.8
2013-04-04,104.038,117.5
2013-04-05,104.487,114.1
2013-04-06,104.183,114.1
2013-04-07,101.4418,109.0
2013-04-08,98.1974,105.9
2013-04-09,100.0478,100.3
2013-04-10,99.3601,105.9
2013-04-11,97.5812,110.5
2013-04-12,99.134,114.1
2013-04-13,99.5682,118.8
2013-04-14,100.6721,116.1
2013-04-15,100.8559,120.7
2013-04-16,102.3202,123.5
2013-04-17,103.1888,128.8
2013-04-18,104.7612,133.5
2013-04-19,105.1409,144.5
2013-04-20,106.3758,156.7
2013-04-21,107.2706,161.7
2013-04-22,106.8946,151.8
2013-04-23,108.614,150.4
2013-04-24,107.984,144.1
2013-04-25,109.4915,139.5
2013-04-26,110.8621,133.0
2013-04-27,109.2903,131.1
2013-04-28,109.2259,129.3
2013-04-29,110.6016,130.9
2013-04-30,113.8705,127.3
2013-05-01,115.6465,139.4
2013-05-02,110.072,150.4
2013-05-03,114.5764,153.5
2013-05-04,115.0951,151.1
2013-05-05,114.7862,148.8
2013-05-06,114.1473,148.0
2013-05-07,113.3005,139.6
2013-05-08,114.2778,135.2
2013-05-09,115.8095,138.5
2013-05-10,116.0405,135.2
2013-05-11,118.6845,128.4
2013-05-12,122.2994,136.7
2013-05-13,123.5754,137.9
2013-05-14,121.9816,130.6
2013-05-15,121.0719,124.5
2013-05-16,120.7622,123.2
2013-05-17,117.7204,113.1
2013-05-18,118.0333,107.6
2013-05-19,119.0944,109.8
2013-05-20,120.3791,106.9
2013-05-21,119.127,104.7
2013-05-22,121.5717,108.8
2013-05-23,118.7957,114.1
2013-05-24,115.6678,115.0
2013-05-25,114.1167,113.1
2013-05-26,116.1638,112.1
2013-05-27,111.8522,112.3
2013-05-28,112.4235,112.6
2013-05-29,113.1167,106.3
2013-05-30,113.5138,99.0
2013-05-31,114.431,96.2
2013-06-01,111.8747,92.3
2013-06-02,111.9657,96.2
2013-06-03,111.4367,102.0
2013-06-04,107.5344,112.6
2013-06-05,107.9646,114.5
2013-06-06,108.9758,119.7
2013-06-07,109.886,127.8
2013-06-08,109.7787,128.8
2013-06-09,107.7572,127.4
2013-06-10,108.9314,130.5
2013-06-11,109.9474,137.6
2013-06-12,112.0148,134.2
2013-06-13,112.5543,132.4
2013-06-14,115.115,124.6
2013-06-15,115.5691,112.9
2013-06-16,116.4898,110.1
2013-06-17,118.6853,102.9
2013-06-18,124.2586,104.3
2013-06-19,123.7422,103.6
2013-06-20,121.185,106.3
2013-06-21,120.7556,111.4
2013-06-22,120.4885,118.1
2013-06-23,120.4301,128.7
2013-06-24,118.3929,142.3
2013-06-25,115.8909,145.6
2013-06-26,117.4407,138.7
2013-06-27,115.1247,129.8
2013-06-28,112.1038,123.3
2013-06-29,115.9945,124.0
2013-06-30,117.742,121.9
2013-07-01,118.6792,117.1
2013-07-02,119.4585,121.6
2013-07-03,121.5172,117.8
2013-07-04,124.6966,116.7
2013-07-05,125.0091,117.9
2013-07-06,122.5873,117.6
2013-07-07,120.0283,114.9
2013-07-08,117.2777,118.6
2013-07-09,115.8838,117.3
2013-07-10,115.3023,116.1
2013-07-11,115.9156,112.9
2013-07-12,120.1776,113.4
2013-07-13,119.8473,110.1
2013-07-14,120.9974,111.0
2013-07-15,122.3589,110.3
2013-07-16,122.4127,112.9
2013-07-17,122.1127,111.3
2013-07-18,121.2072,112.7
2013-07-19,122.3924,115.6
2013-07-20,120.9858,116.5
2013-07-21,117.4476,112.0
2013-07-22,116.3832,115.4
2013-07-23,114.6973,116.2
2013-07-24,107.7605,110.5
2013-07-25,109.0132,107.9
2013-07-26,112.263,107.3
2013-07-27,112.915,106.8
2013-07-28,109.9277,108.5
2013-07-29,114.3251,107.3
2013-07-30,116.1052,106.5
2013-07-31,111.3727,105.3
2013-08-01,110.74,113.4
2013-08-02,110.3799,117.2
2013-08-03,111.8705,125.1
2013-08-04,111.4438,128.5
2013-08-05,113.0261,125.8
2013-08-06,113.6693,122.9
2013-08-07,115.6739,126.3
2013-08-08,114.2278,129.2
2013-08-09,113.8358,131.4
2013-08-10,113.4369,134.6
2013-08-11,115.1242,133.4
2013-08-12,116.8518,134.5
2013-08-13,113.9439,126.8
2013-08-14,111.6229,119.9
2013-08-15,113.6069,115.0
2013-08-16,114.2695,113.5
2013-08-17,115.5962,111.9
2013-08-18,117.5813,110.3
2013-08-19,118.8892,111.0
2013-08-20,119.285,109.5
2013-08-21,118.8572,109.5
2013-08-22,116.8908,105.6
2013-08-23,116.7902,107.5
2013-08-24,116.7094,107.9
2013-08-25,116.6498,111.1
2013-08-26,117.0857,111.9
2013-08-27,112.8459,102.9
2013-08-28,113.5122,100.0
2013-08-29,114.6962,97.1
2013-08-30,117.6061,95.6
2013-08-31,118.3821,96.2
2013-09-01,115.8622,94.1
2013-09-02,113.2908,94.1
2013-09-03,111.0209,92.7
2013-09-04,105.1786,93.6
2013-09-05,105.6424,93.8
2013-09-06,104.7372,95.5
2013-09-07,106.2082,99.7
2013-09-08,106.563,105.1
2013-09-09,110.0797,108.9
2013-09-10,111.3266,110.0
2013-09-11,110.3358,111.2
2013-09-12,112.5495,111.9
2013-09-13,110.651,108.5
2013-09-14,110.727,110.9
2013-09-15,111.2956,111.7
2013-09-16,109.6822,110.5
2013-09-17,111.0759,108.3
2013-09-18,112.7053,106.0
2013-09-19,111.9669,104.6
2013-09-20,106.2223,105.2
2013-09-21,104.2411,107.0
2013-09-22,101.5394,108.3
2013-09-23,99.4495,113.9
2013-09-24,99.066,109.2
2013-09-25,98.4784,105.9
2013-09-26,98.6176,106.5
2013-09-27,98.1494,111.8
2013-09-28,97.6708,111.7
2013-09-29,99.6878,113.1
2013-09-30,99.8376,120.3
2013-10-01,102.5745,128.5
2013-10-02,106.2485,127.3
2013-10-03,107.285,128.6
2013-10-04,107.2988,124.3
2013-10-05,107.0033,124.5
2013-10-06,108.337,127.2
2013-10-07,110.2813,135.1
2013-10-08,109.1839,138.8
2013-10-09,109.9018,131.6
2013-10-10,109.7272,132.2
2013-10-11,111.3857,134.5
2013-10-12,107.5926,144.8
2013-10-13,109.7679,151.1
2013-10-14,108.5773,158.8
2013-10-15,109.6148,159.6
2013-10-16,110.256,169.7
2013-10-17,112.4191,164.8
2013-10-18,114.2831,157.8
2013-10-19,113.4386,150.6
2013-10-20,114.8128,139.9
2013-10-21,113.9344,140.5
2013-10-22,115.5287,144.2
2013-10-23,112.5441,139.4
2013-10-24,112.3338,141.1
2013-10-25,114.5151,144.9
2013-10-26,117.7076,145.9
2013-10-27,119.8957,150.8
2013-10-28,120.3023,145.3
2013-10-29,120.9441,143.3
2013-10-30,118.4193,145.2
2013-10-31,117.962,151.1
2013-11-01,119.2946,160.4
2013-11-02,119.73,164.0
2013-11-03,121.5463,167.4
2013-11-04,122.6416,172.0
2013-11-05,122.8846,174.0
2013-11-06,121.964,170.6
2013-11-07,123.4468,172.9
2013-11-08,123.1965,159.5
2013-11-09,123.6697,149.3
2013-11-10,126.4108,143.5
2013-11-11,125.6252,137.8
2013-11-12,127.0608,139.2
2013-11-13,127.4542,132.2
2013-11-14,128.8776,123.9
2013-11-15,130.2878,116.0
2013-11-16,125.11,112.4
2013-11-17,127.3157,125.6
2013-11-18,125.8145,129.3
2013-11-19,125.4834,125.0
2013-11-20,126.1526,127.6
2013-11-21,127.121,126.9
2013-11-22,130.3249,130.0
2013-11-23,131.3398,131.9
2013-11-24,130.1226,134.0
2013-11-25,129.1498,145.3
2013-11-26,128.5423,146.1
2013-11-27,133.7606,152.3
2013-11-28,134.6931,160.6
2013-11-29,133.9525,163.1
2013-11-30,134.6485,169.9
2013-12-01,132.8137,165.6
2013-12-02,135.2703,159.8
2013-12-03,134.2175,158.1
2013-12-04,134.7909,159.0
2013-12-05,135.5961,151.3
2013-12-06,136.7467,149.4
2013-12-07,139.4452,153.9
2013-12-08,141.3497,151.1
2013-12-09,142.8878,148.5
2013-12-10,144.9638,144.4
2013-12-11,143.5861,139.5
2013-12-12,143.1668,133.4
2013-12-13,142.3198,131.6
2013-12-14,143.9664,124.1
2013-12-15,140.8849,118.7
2013-12-16,141.59,120.6
2013-12-17,141.2614,126.3
2013-12-18,143.9497,130.1
2013-12-19,144.8023,132.5
2013-12-20,143.6329,138.2
2013-12-21,143.4516,140.5
2013-12-22,143.0601,154.3
2013-12-23,141.8698,155.2
2013-12-24,141.1498,176.3
2013-12-25,141.8178,206.2
2013-12-26,142.3897,210.3
2013-12-27,141.9236,197.2
2013-12-28,141.8665,193.3
2013-12-29,143.1864,188.2
2013-12-30,143.3941,178.1
2013-12-31,146.2454,169.4
2014-01-01,149.7897,160.7
2014-01-02,150.1459,150.2
2014-01-03,154.3634,138.7
2014-01-04,159.2688,132.6
2014-01-05,156.0489,122.1
2014-01-06,155.5083,117.1
2014-01-07,155.5175,124.7
2014-01-08,157.1612,125.5
2014-01-09,153.6649,123.4
2014-01-10,151.5821,133.0
2014-01-11,150.5738,141.4
2014-01-12,150.0769,138.9
2014-01-13,147.6642,132.1
2014-01-14,148.0685,131.3
2014-01-15,146.6837,129.1
2014-01-16,146.2423,133.7
2014-01-17,147.6721,139.6
2014-01-18,147.0768,152.5
2014-01-19,145.4193,151.8
2014-01-20,150.0103,155.8
2014-01-21,151.2532,160.9
2014-01-22,148.2863,171.6
2014-01-23,147.4852,184.4
2014-01-24,145.2656,183.0
2014-01-25,144.2099,182.9
2014-01-26,145.4426,188.1
2014-01-27,147.4878,186.1
2014-01-28,150.6092,173.2
2014-01-29,142.8961,167.2
2014-01-30,141.1475,164.6
2014-01-31,141.7411,156.8
2014-02-01,145.0157,167.8
2014-02-02,151.2404,156.1
2014-02-03,150.5736,162.5
2014-02-04,149.5627,162.5
2014-02-05,149.3487,158.1
2014-02-06,150.7226,150.2
2014-02-07,149.3134,148.9
2014-02-08,149.2125,147.9
2014-02-09,149.7812,154.2
2014-02-10,150.704,153.0
2014-02-11,154.1036,153.4
2014-02-12,151.706,159.7
2014-02-13,155.1192,168.2
2014-02-14,151.5556,167.2
2014-02-15,152.6673,170.4
2014-02-16,153.1853,174.7
2014-02-17,156.0107,172.4
2014-02-18,156.1121,167.5
2014-02-19,157.5832,161.6
2014-02-20,157.2646,158.5
2014-02-21,156.7317,158.3
2014-02-22,159.9932,155.4
2014-02-23,161.9768,146.7
2014-02-24,159.5379,146.5
2014-02-25,158.3395,146.0
2014-02-26,159.3926,139.5
2014-02-27,157.9548,143.8
2014-02-28,156.917,149.5
2014-03-01,154.0981,162.5
2014-03-02,156.5465,167.1
2014-03-03,156.1752,145.9
2014-03-04,155.2924,142.1
2014-03-05,154.9336,137.5
2014-03-06,154.1567,134.2
2014-03-07,154.7144,135.1
2014-03-08,152.8882,137.0
2014-03-09,154.0066,147.9
2014-03-10,154.9993,150.1
2014-03-11,157.6744,151.4
2014-03-12,159.3542,153.8
2014-03-13,155.613,156.0
2014-03-14,155.3051,157.7
2014-03-15,154.9118,152.0
2014-03-16,154.1405,152.5
2014-03-17,154.5158,144.2
2014-03-18,155.6157,145.9
2014-03-19,157.6954,142.3
2014-03-20,156.9462,148.1
2014-03-21,156.8314,152.1
2014-03-22,156.7367,153.1
2014-03-23,157.3329,154.6
2014-03-24,158.8189,153.0
2014-03-25,155.4141,157.0
2014-03-26,154.6801,142.3
2014-03-27,153.9901,141.2
2014-03-28,154.7881,140.2
2014-03-29,153.4934,132.4
2014-03-30,154.896,131.0
2014-03-31,155.2741,137.3
2014-04-01,155.788,138.2
2014-04-02,157.3806,136.5
2014-04-03,153.6896,137.9
2014-04-04,154.1432,151.2
2014-04-05,149.9984,163.0
2014-04-06,151.7095,185.2
2014-04-07,152.2923,180.3
2014-04-08,150.425,173.7
2014-04-09,151.4432,170.8
2014-04-10,153.3174,164.1
2014-04-11,153.8284,160.4
2014-04-12,154.1467,146.3
2014-04-13,154.7877,137.6
2014-04-14,158.5826,131.6
2014-04-15,159.0055,126.2
2014-04-16,159.38,122.3
2014-04-17,159.1963,119.6
2014-04-18,155.6822,122.5
2014-04-19,154.4949,121.8
2014-04-20,154.3534,125.5
2014-04-21,153.1124,127.7
2014-04-22,148.3621,137.6
2014-04-23,143.4484,134.8
2014-04-24,140.8998,133.7
2014-04-25,139.6653,141.5
2014-04-26,138.5532,141.3
2014-04-27,139.9222,148.6
2014-04-28,143.5639,150.8
2014-04-29,147.7732,155.2
2014-04-30,149.5259,155.1
2014-05-01,151.1997,167.7
2014-05-02,153.5782,166.3
2014-05-03,150.7245,162.7
2014-05-04,148.3434,166.7
2014-05-05,150.1288,155.5
2014-05-06,149.5628,141.8
2014-05-07,150.76,136.6
2014-05-08,151.2441,130.4
2014-05-09,151.2636,119.7
2014-05-10,151.4159,120.1
2014-05-11,150.7703,116.7
2014-05-12,150.1374,114.1
2014-05-13,147.3982,119.2
2014-05-14,148.1244,127.7
2014-05-15,146.8946,116.0
2014-05-16,143.4325,111.1
2014-05-17,142.7974,108.7
2014-05-18,139.8202,102.1
2014-05-19,136.6998,105.5
2014-05-20,137.9493,104.4
2014-05-21,135.3695,106.6
2014-05-22,133.4223,106.2
2014-05-23,134.6774,108.3
2014-05-24,136.2251,110.1
2014-05-25,133.2522,108.5
2014-05-26,132.0453,113.8
2014-05-27,132.2344,136.9
2014-05-28,133.1467,140.8
2014-05-29,134.3736,153.1
2014-05-30,132.0095,166.1
2014-05-31,132.4967,171.3
2014-06-01,132.1121,173.6
2014-06-02,131.3738,179.8
2014-06-03,130.7743,157.5
2014-06-04,130.2134,148.0
2014-06-05,131.4511,134.3
2014-06-06,133.2681,120.5
2014-06-07,132.3557,118.0
2014-06-08,133.8089,114.4
2014-06-09,137.4171,114.7
2014-06-10,138.479,105.5
2014-06-11,138.3361,104.5
2014-06-12,139.6379,97.3
2014-06-13,135.8369,95.6
2014-06-14,134.5454,96.6
2014-06-15,131.0458,100.2
2014-06-16,130.7119,103.3
2014-06-17,132.8214,107.6
2014-06-18,128.7808,118.4
2014-06-19,128.3418,129.9
2014-06-20,125.1559,145.2
2014-06-21,127.9567,156.9
2014-06-22,126.772,175.1
2014-06-23,124.4909,184.1
2014-06-24,124.9749,193.9
2014-06-25,125.7156,199.4
2014-06-26,126.2121,207.7
2014-06-27,127.4976,204.5
2014-06-28,128.0638,208.1
2014-06-29,130.5589,205.0
2014-06-30,130.966,183.3
2014-07-01,133.3087,171.8
2014-07-02,136.241,149.9
2014-07-03,138.4434,131.0
2014-07-04,137.5984,113.0
2014-07-05,139.5299,103.9
2014-07-06,139.3558,95.1
2014-07-07,135.6478,91.5
2014-07-08,136.0217,91.4
2014-07-09,135.8856,88.9
2014-07-10,133.256,89.9
2014-07-11,130.3568,93.0
2014-07-12,131.8239,95.5
2014-07-13,129.9686,102.2
2014-07-14,129.054,107.4
2014-07-15,127.0847,109.9
2014-07-16,126.04,120.1
2014-07-17,126.4168,125.2
2014-07-18,127.6249,136.3
2014-07-19,127.3072,146.0
2014-07-20,129.1996,156.6
2014-07-21,129.3135,161.1
2014-07-22,126.4806,173.5
2014-07-23,125.7566,160.2
2014-07-24,127.0629,156.2
2014-07-25,125.598,143.3
2014-07-26,127.1159,143.3
2014-07-27,128.1044,140.5
2014-07-28,130.2499,140.0
2014-07-29,131.1567,126.4
2014-07-30,128.9491,116.3
2014-07-31,128.8649,111.3
2014-08-01,128.7466,107.3
2014-08-02,122.8646,106.8
2014-08-03,119.5118,105.6
2014-08-04,121.435,105.4
2014-08-05,119.1222,116.0
2014-08-06,121.5633,114.8
2014-08-07,122.753,117.9
2014-08-08,121.9238,113.3
2014-08-09,122.1749,113.3
2014-08-10,123.7322,121.1
2014-08-11,124.9944,131.3
2014-08-12,125.2989,129.3
2014-08-13,123.887,134.9
2014-08-14,121.0154,144.0
2014-08-15,126.1007,140.2
2014-08-16,124.2094,130.8
2014-08-17,125.3938,125.3
2014-08-18,124.2898,121.0
2014-08-19,123.8653,122.5
2014-08-20,127.0265,125.5
2014-08-21,128.5598,127.1
2014-08-22,127.9435,128.9
2014-08-23,129.9317,138.7
2014-08-24,131.9427,140.1
2014-08-25,130.7371,148.4
2014-08-26,130.5206,146.3
2014-08-27,128.9965,159.8
2014-08-28,128.6918,162.6
2014-08-29,128.6886,166.3
2014-08-30,129.3873,161.6
2014-08-31,130.4061,157.4
2014-09-01,130.3177,153.4
2014-09-02,131.7615,154.0
2014-09-03,130.7705,146.9
2014-09-04,133.7774,141.0
2014-09-05,132.7108,134.4
2014-09-06,134.8642,134.1
2014-09-07,136.4997,134.2
2014-09-08,136.4132,121.3
2014-09-09,137.0695,122.8
2014-09-10,133.3328,120.1
2014-09-11,134.3728,124.9
2014-09-12,131.5446,136.8
2014-09-13,130.7803,139.1
2014-09-14,129.8262,145.6
2014-09-15,129.2531,167.8
2014-09-16,131.0111,171.0
2014-09-17,133.5703,182.2
2014-09-18,130.7447,181.8
2014-09-19,131.8004,175.6
2014-09-20,133.1581,162.6
2014-09-21,133.8047,155.4
2014-09-22,134.0503,149.3
2014-09-23,134.0295,136.9
2014-09-24,132.7363,127.6
2014-09-25,136.75,128.4
2014-09-26,137.937,129.9
2014-09-27,135.989,125.2
2014-09-28,134.501,126.2
2014-09-29,135.0272,118.6
2014-09-30,134.0331,120.4
2014-10-01,130.9302,111.6
2014-10-02,131.2381,110.0
2014-10-03,133.0934,112.6
2014-10-04,130.9429,119.7
2014-10-05,131.0402,125.0
2014-10-06,131.8213,138.0
2014-10-07,132.4417,144.8
2014-10-08,133.4831,171.1
2014-10-09,132.9826,171.7
2014-10-10,135.1397,202.2
2014-10-11,134.382,197.1
2014-10-12,135.0537,214.2
2014-10-13,135.7831,221.8
2014-10-14,137.2331,219.5
2014-10-15,137.8602,216.8
2014-10-16,139.9086,214.0
2014-10-17,141.214,185.4
2014-10-18,145.8985,165.1
2014-10-19,145.8022,148.4
2014-10-20,151.2564,138.4
2014-10-21,148.8723,119.5
2014-10-22,151.4801,118.1
2014-10-23,152.7256,122.4
2014-10-24,153.3809,123.2
2014-10-25,151.8821,127.3
2014-10-26,152.1611,142.7
2014-10-27,148.8129,133.1
2014-10-28,147.7687,129.6
2014-10-29,147.7909,129.6
2014-10-30,148.1934,129.2
2014-10-31,143.6402,133.4
2014-11-01,144.9504,139.5
2014-11-02,131.8822,149.8
2014-11-03,132.131,150.3
2014-11-04,139.4918,157.6
2014-11-05,145.1732,157.1
2014-11-06,147.586,165.0
2014-11-07,147.5613,163.8
2014-11-08,147.9376,163.6
2014-11-09,149.2131,165.7
2014-11-10,150.5492,164.1
2014-11-11,150.8654,158.6
2014-11-12,150.5547,162.6
2014-11-13,149.8943,168.8
2014-11-14,152.2885,165.8
2014-11-15,152.8554,165.0
2014-11-16,155.0784,166.5
2014-11-17,156.8513,174.1
2014-11-18,157.0598,176.6
2014-11-19,156.3365,172.5
2014-11-20,158.6512,172.4
2014-11-21,157.6164,163.4
2014-11-22,153.8904,163.0
2014-11-23,154.3113,149.8
2014-11-24,155.4487,147.6
2014-11-25,155.7958,132.8
2014-11-26,156.7351,125.0
2014-11-27,161.0704,127.9
2014-11-28,159.4979,128.7
2014-11-29,157.3653,135.5
2014-11-30,156.4349,145.3
2014-12-01,155.1944,143.0
2014-12-02,156.143,149.4
2014-12-03,154.1167,154.9
2014-12-04,153.7216,161.2
2014-12-05,151.9809,164.0
2014-12-06,151.053,178.8
2014-12-07,153.1146,192.3
2014-12-08,153.9189,206.4
2014-12-09,157.5967,208.9
2014-12-10,157.7004,196.7
2014-12-11,156.0846,199.2
2014-12-12,156.5349,173.4
2014-12-13,156.2486,160.5
2014-12-14,157.3351,146.5
2014-12-15,158.2583,140.6
2014-12-16,160.992,132.5
2014-12-17,161.0792,129.7
2014-12-18,162.4858,128.2
2014-12-19,162.7911,127.1
2014-12-20,161.6016,126.0
2014-12-21,160.9537,129.2
2014-12-22,157.5386,132.9
2014-12-23,155.318,141.0
2014-12-24,153.6411,143.8
2014-12-25,155.1166,144.8
2014-12-26,153.9844,137.2
2014-12-27,152.8415,137.2
2014-12-28,152.2377,142.4
2014-12-29,152.0713,152.0
2014-12-30,154.2243,146.2
2014-12-31,155.8923,146.9
2015-01-01,155.9206,148.6
2015-01-02,156.683,153.4
2015-01-03,158.6046,145.3
2015-01-04,158.1655,137.2
2015-01-05,154.8472,127.1
2015-01-06,156.315,120.7
2015-01-07,157.4825,118.0
2015-01-08,159.4343,121.7
2015-01-09,157.4867,125.9
2015-01-10,154.4227,121.6
2015-01-11,153.5446,120.0
2015-01-12,153.7619,116.6
2015-01-13,151.9165,117.3
2015-01-14,150.706,121.4
2015-01-15,147.1628,122.7
2015-01-16,144.5748,142.5
2015-01-17,144.0331,153.3
2015-01-18,145.4543,154.5
2015-01-19,146.7058,166.7
2015-01-20,146.0919,154.6
2015-01-21,146.7638,149.0
2015-01-22,146.9935,137.6
2015-01-23,146.5491,139.8
2015-01-24,147.35,145.1
2015-01-25,145.7929,150.1
2015-01-26,150.7316,138.0
2015-01-27,151.8898,139.3
2015-01-28,150.7323,148.9
2015-01-29,152.1494,148.7
2015-01-30,148.6766,141.9
2015-01-31,147.1356,137.3
2015-02-01,144.419,127.7
2015-02-02,147.8629,124.4
2015-02-03,149.0014,121.8
2015-02-04,149.834,117.4
2015-02-05,146.3747,116.7
2015-02-06,146.6382,115.3
2015-02-07,147.9343,115.7
2015-02-08,148.6386,118.2
2015-02-09,146.6532,116.0
2015-02-10,146.7366,117.0
2015-02-11,144.0213,113.6
2015-02-12,143.2459,115.0
2015-02-13,145.2877,114.3
2015-02-14,143.7319,112.1
2015-02-15,142.5998,108.8
2015-02-16,139.4295,109.1
2015-02-17,139.8886,115.7
2015-02-18,139.4762,121.1
2015-02-19,136.8398,125.3
2015-02-20,136.5204,128.1
2015-02-21,136.5196,122.9
2015-02-22,136.1405,122.1
2015-02-23,135.3317,124.5
2015-02-24,134.5526,125.4
2015-02-25,133.3622,130.9
2015-02-26,133.1434,122.3
2015-02-27,135.9357,121.2
2015-02-28,136.6639,119.2
2015-03-01,137.679,129.9
2015-03-02,138.5042,125.1
2015-03-03,136.2836,117.9
2015-03-04,135.9128,114.3
2015-03-05,135.5836,113.1
2015-03-06,135.2404,116.0
2015-03-07,134.3769,113.2
2015-03-08,132.8544,113.7
2015-03-09,132.5528,108.3
2015-03-10,129.3881,111.8
2015-03-11,130.2899,112.7
2015-03-12,130.0349,121.5
2015-03-13,127.9902,127.2
2015-03-14,126.7627,132.2
2015-03-15,123.9803,137.0
2015-03-16,125.5641,135.5
2015-03-17,125.6118,137.2
2015-03-18,124.3236,145.1
2015-03-19,123.2819,144.0
2015-03-20,126.0618,133.3
2015-03-21,127.4146,127.8
2015-03-22,128.8879,123.9
2015-03-23,128.9672,121.2
2015-03-24,130.3311,119.8
2015-03-25,129.4828,122.4
2015-03-26,129.5491,122.3
2015-03-27,130.1233,125.8
2015-03-28,128.8452,111.4
2015-03-29,130.9162,106.3
2015-03-30,128.6837,111.6
2015-03-31,127.875,115.5
2015-04-01,128.4462,123.5
2015-04-02,128.6904,134.6
2015-04-03,128.272,142.1
2015-04-04,128.1676,147.7
2015-04-05,128.5914,155.7
2015-04-06,129.6007,151.3
2015-04-07,126.9703,150.8
2015-04-08,125.1351,148.9
2015-04-09,125.7938,153.0
2015-04-10,123.2266,151.0
2015-04-11,126.462,155.3
2015-04-12,129.3254,151.8
2015-04-13,130.5066,142.0
2015-04-14,131.2859,136.0
2015-04-15,126.5141,127.4
2015-04-16,127.296,120.0
2015-04-17,127.7007,108.9
2015-04-18,126.0707,109.2
2015-04-19,126.9801,105.5
2015-04-20,129.5747,103.3
2015-04-21,129.7923,101.4
2015-04-22,130.6149,107.3
2015-04-23,129.3118,112.9
2015-04-24,129.1418,125.4
2015-04-25,127.822,130.0
2015-04-26,128.2613,138.6
2015-04-27,124.21,149.2
2015-04-28,127.5817,152.6
2015-04-29,127.4445,157.5
2015-04-30,126.4132,163.1
2015-05-01,125.5909,166.2
2015-05-02,126.5825,166.5
2015-05-03,126.806,160.3
2015-05-04,130.0667,148.2
2015-05-05,131.171,139.5
2015-05-06,132.1623,134.0
2015-05-07,132.4938,122.3
2015-05-08,131.4788,117.6
2015-05-09,131.5853,112.9
2015-05-10,132.22,108.2
2015-05-11,133.1503,104.3
2015-05-12,133.9739,101.6
2015-05-13,130.9315,100.2
2015-05-14,120.3246,101.2
2015-05-15,122.4121,99.0
2015-05-16,126.0342,97.0
2015-05-17,126.0639,97.8
2015-05-18,127.1598,95.5
2015-05-19,129.0998,94.8
2015-05-20,129.3164,97.7
2015-05-21,127.4373,97.0
2015-05-22,128.7898,103.2
2015-05-23,126.8597,103.9
2015-05-24,127.2593,111.6
2015-05-25,126.5436,121.4
2015-05-26,127.0893,129.7
2015-05-27,127.3794,136.6
2015-05-28,127.2794,141.4
2015-05-29,126.6877,138.2
2015-05-30,124.861,140.6
2015-05-31,123.5248,139.5
2015-06-01,123.6794,144.2
2015-06-02,123.9051,141.0
2015-06-03,122.6158,140.3
2015-06-04,125.2431,135.8
2015-06-05,126.2142,139.1
2015-06-06,127.0251,140.5
2015-06-07,126.567,140.2
2015-06-08,125.9757,141.7
2015-06-09,124.4703,141.8
2015-06-10,120.0685,139.8
2015-06-11,118.5952,136.0
2015-06-12,117.6307,134.3
2015-06-13,118.0601,119.9
2015-06-14,117.807,113.1
2015-06-15,120.5484,105.2
2015-06-16,127.0624,104.6
2015-06-17,127.3385,100.5
2015-06-18,130.0122,100.5
2015-06-19,126.1834,100.4
2015-06-20,123.0239,104.2
2015-06-21,127.8819,113.3
2015-06-22,129.1054,117.6
2015-06-23,127.0344,116.1
2015-06-24,127.5629,120.7
2015-06-25,127.1185,129.0
2015-06-26,127.7521,137.9
2015-06-27,126.488,137.1
2015-06-28,125.4564,133.2
2015-06-29,124.8324,126.0
2015-06-30,125.2007,133.3
2015-07-01,126.8178,124.3
2015-07-02,125.5804,119.9
2015-07-03,123.8187,113.8
2015-07-04,123.9994,108.7
2015-07-05,124.6023,104.4
2015-07-06,125.3308,102.9
2015-07-07,122.9476,100.6
2015-07-08,123.4894,99.1
2015-07-09,121.63,102.6
2015-07-10,121.808,96.3
2015-07-11,119.528,94.0
2015-07-12,120.7022,91.9
2015-07-13,110.3762,92.2
2015-07-14,109.875,95.2
2015-07-15,109.8995,96.9
2015-07-16,116.6836,100.1
2015-07-17,118.7427,103.2
2015-07-18,121.0172,104.2
2015-07-19,122.0246,103.8
2015-07-20,122.6116,105.1
2015-07-21,112.9543,103.8
2015-07-22,109.6866,106.0
2015-07-23,109.3678,104.5
2015-07-24,112.6955,108.7
2015-07-25,116.2498,109.9
2015-07-26,119.2091,115.5
2015-07-27,120.5455,125.1
2015-07-28,121.5843,125.5
2015-07-29,118.2884,124.4
2015-07-30,116.6522,117.6
2015-07-31,117.261,109.1
2015-08-01,116.8022,105.6
2015-08-02,114.0273,101.9
2015-08-03,108.9123,97.3
2015-08-04,108.2342,95.7
2015-08-05,109.0275,91.7
2015-08-06,111.0985,87.8
2015-08-07,112.6434,89.2
2015-08-08,113.2704,90.9
2015-08-09,106.2643,100.6
2015-08-10,110.3094,105.3
2015-08-11,108.5611,121.4
2015-08-12,109.1778,119.6
2015-08-13,116.1943,119.8
2015-08-14,119.7982,130.6
2015-08-15,121.1178,123.9
2015-08-16,120.5158,128.9
2015-08-17,121.1044,112.5
2015-08-18,122.6423,111.3
2015-08-19,124.3477,102.1
2015-08-20,126.2295,93.4
2015-08-21,130.191,92.7
2015-08-22,128.5511,90.7
2015-08-23,127.2212,89.8
2015-08-24,128.8956,88.0
2015-08-25,126.2124,91.5
2015-08-26,127.254,86.8
2015-08-27,123.5567,86.9
2015-08-28,117.9835,85.0
2015-08-29,114.3196,84.7
2015-08-30,109.7394,83.5
2015-08-31,108.7089,84.6
2015-09-01,108.1596,94.1
2015-09-02,107.6546,100.4
2015-09-03,107.2374,100.0
2015-09-04,113.331,97.7
2015-09-05,111.6533,102.2
2015-09-06,115.5329,110.6
2015-09-07,114.5202,107.9
2015-09-08,112.3045,103.8
2015-09-09,111.5186,106.7
2015-09-10,111.3964,111.3
2015-09-11,111.7152,104.2
2015-09-12,111.4287,107.8
2015-09-13,110.3912,111.4
2015-09-14,108.7919,107.4
2015-09-15,108.6739,120.5
2015-09-16,110.7857,120.8
2015-09-17,107.632,128.1
2015-09-18,98.8548,124.5
2015-09-19,98.4871,129.6
2015-09-20,98.0139,131.5
2015-09-21,94.4675,120.0
2015-09-22,95.7419,107.6
2015-09-23,96.4933,97.0
2015-09-24,96.2296,88.3
2015-09-25,101.3609,82.6
2015-09-26,104.0155,81.3
2015-09-27,105.7909,80.4
2015-09-28,100.8545,79.5
2015-09-29,101.6855,81.0
2015-09-30,106.8488,81.2
2015-10-01,108.3418,84.3
2015-10-02,108.4113,88.7
2015-10-03,107.1155,95.2
2015-10-04,106.4915,100.2
2015-10-05,106.3428,106.1
2015-10-06,107.1509,108.4
2015-10-07,106.3902,115.8
2015-10-08,105.9661,118.6
2015-10-09,106.0155,122.7
2015-10-10,102.366,121.7
2015-10-11,101.8,127.8
2015-10-12,101.94,119.3
2015-10-13,102.8058,113.7
2015-10-14,103.8783,105.2
2015-10-15,97.6907,105.2
2015-10-16,99.9193,104.9
2015-10-17,103.0151,108.7
2015-10-18,100.5085,110.7
2015-10-19,101.3243,111.4
2015-10-20,101.6823,115.5
2015-10-21,103.3329,116.7
2015-10-22,104.8076,122.4
2015-10-23,103.9513,120.1
2015-10-24,101.8435,122.2
2015-10-25,100.0808,112.0
2015-10-26,90.6652,108.1
2015-10-27,93.0116,113.2
2015-10-28,95.5736,112.9
2015-10-29,104.9445,105.7
2015-10-30,109.5943,105.6
2015-10-31,112.0613,103.3
2015-11-01,111.1059,102.9
2015-11-02,111.8393,101.4
2015-11-03,113.2081,100.8
2015-11-04,113.7442,104.1
2015-11-05,113.9511,103.5
2015-11-06,113.4582,103.2
2015-11-07,113.0183,104.6
2015-11-08,112.4339,105.1
2015-11-09,112.3148,105.6
2015-11-10,110.9593,108.4
2015-11-11,111.1304,119.2
2015-11-12,111.0622,119.9
2015-11-13,108.3383,116.7
2015-11-14,108.6165,110.3
2015-11-15,107.5644,106.2
2015-11-16,105.333,101.2
2015-11-17,107.1062,96.3
2015-11-18,107.3471,94.0
2015-11-19,106.1256,92.9
2015-11-20,106.4599,93.1
2015-11-21,105.862,91.9
2015-11-22,107.7804,92.6
2015-11-23,107.0458,91.8
2015-11-24,107.242,94.8
2015-11-25,107.4136,97.6
2015-11-26,106.3112,99.3
2015-11-27,103.0373,97.8
2015-11-28,101.349,107.9
2015-11-29,101.1196,105.5
2015-11-30,101.4517,105.2
2015-12-01,100.7848,110.3
2015-12-02,100.8569,113.1
2015-12-03,101.9628,118.7
2015-12-04,103.7137,120.2
2015-12-05,104.5012,115.2
2015-12-06,104.052,122.2
2015-12-07,103.253,114.0
2015-12-08,101.4877,113.3
2015-12-09,103.6506,115.2
2015-12-10,103.3439,112.8
2015-12-11,101.9273,117.8
2015-12-12,102.2417,125.8
2015-12-13,102.6179,129.5
2015-12-14,104.835,128.4
2015-12-15,105.2264,122.3
2015-12-16,106.6404,113.5
2015-12-17,103.3441,106.7
2015-12-18,102.1017,108.4
2015-12-19,103.197,101.9
2015-12-20,103.2727,98.1
2015-12-21,103.2933,93.0
2015-12-22,105.0469,95.1
2015-12-23,105.535,96.6
2015-12-24,106.3688,98.5
2015-12-25,104.3385,92.2
2015-12-26,104.3374,92.1
2015-12-27,102.2364,96.9
2015-12-28,101.0699,99.9
2015-12-29,99.1929,104.9
2015-12-30,100.0709,103.5
2015-12-31,99.6651,105.4
2016-01-01,101.4616,104.5
2016-01-02,101.3509,102.0
2016-01-03,99.803,100.7
2016-01-04,98.1839,99.9
2016-01-05,94.6886,100.1
2016-01-06,99.22,96.7
2016-01-07,99.1398,97.4
2016-01-08,100.5769,96.7
2016-01-09,100.7627,94.4
2016-01-10,101.943,97.2
2016-01-11,102.2272,100.7
2016-01-12,101.4168,97.3
2016-01-13,100.2003,95.8
2016-01-14,99.9118,100.6
2016-01-15,99.9627,104.3
2016-01-16,98.4475,111.3
2016-01-17,100.4981,109.3
2016-01-18,100.6734,106.6
2016-01-19,99.7238,103.7
2016-01-20,99.4668,102.0
2016-01-21,99.7978,98.3
2016-01-22,97.9548,97.3
2016-01-23,93.1099,99.1
2016-01-24,95.7499,108.9
2016-01-25,96.635,119.8
2016-01-26,96.0472,116.3
2016-01-27,96.1921,113.9
2016-01-28,96.6186,113.9
2016-01-29,97.8151,112.1
2016-01-30,98.0142,114.1
2016-01-31,95.7362,109.2
2016-02-01,96.2464,109.8
2016-02-02,96.851,109.3
2016-02-03,98.6039,107.5
2016-02-04,96.0679,105.4
2016-02-05,92.5496,104.7
2016-02-06,95.8548,101.5
2016-02-07,97.4077,97.5
2016-02-08,98.4572,92.7
2016-02-09,98.9516,91.9
2016-02-10,98.8212,97.8
2016-02-11,99.082,93.5
2016-02-12,101.2468,91.7
2016-02-13,99.8227,89.1
2016-02-14,99.8631,86.1
2016-02-15,99.1456,89.9
2016-02-16,95.9007,87.2
2016-02-17,97.5772,88.6
2016-02-18,98.7475,91.5
2016-02-19,99.2458,89.3
2016-02-20,101.1513,95.1
2016-02-21,99.0701,96.5
2016-02-22,98.7309,97.1
2016-02-23,97.8687,98.9
2016-02-24,97.1922,94.7
2016-02-25,97.5428,94.1
2016-02-26,97.4579,92.8
2016-02-27,98.1113,94.2
2016-02-28,98.1224,96.0
2016-02-29,97.5102,93.7
2016-03-01,97.827,93.0
2016-03-02,97.3227,93.9
2016-03-03,96.7104,91.5
2016-03-04,96.4502,92.4
2016-03-05,94.1714,93.1
2016-03-06,92.3035,90.1
2016-03-07,92.3759,90.7
2016-03-08,93.1053,89.5
2016-03-09,94.3353,88.6
2016-03-10,88.1657,86.9
2016-03-11,86.3545,88.2
2016-03-12,86.4298,86.7
2016-03-13,87.601,86.2
2016-03-14,89.1807,86.0
2016-03-15,90.5551,85.1
2016-03-16,89.9063,85.1
2016-03-17,92.7806,87.9
2016-03-18,93.4694,87.4
2016-03-19,94.7893,87.5
2016-03-20,95.3898,83.6
2016-03-21,97.6011,81.6
2016-03-22,97.8916,82.0
2016-03-23,98.3079,81.5
2016-03-24,98.2182,82.3
2016-03-25,93.897,83.5
2016-03-26,94.0406,83.5
2016-03-27,95.4916,87.2
2016-03-28,92.3748,92.5
2016-03-29,94.8195,98.6
2016-03-30,90.7454,105.9
2016-03-31,91.826,111.1
2016-04-01,92.0925,117.2
2016-04-02,92.8284,111.9
2016-04-03,93.5681,108.8
2016-04-04,93.6785,111.8
2016-04-05,93.0586,113.2
2016-04-06,92.9756,114.0
2016-04-07,94.9162,102.9
2016-04-08,92.3457,95.4
2016-04-09,92.6182,89.9
2016-04-10,94.1592,84.0
2016-04-11,93.6078,77.5
2016-04-12,90.8488,77.5
2016-04-13,90.7491,79.6
2016-04-14,91.3767,82.8
2016-04-15,92.0268,82.9
2016-04-16,92.9267,86.3
2016-04-17,95.411,93.8
2016-04-18,97.9698,96.3
2016-04-19,98.355,93.8
2016-04-20,99.9007,95.4
2016-04-21,99.0937,93.6
2016-04-22,97.253,91.3
2016-04-23,98.3534,91.5
2016-04-24,96.544,91.6
2016-04-25,97.2785,88.7
2016-04-26,97.5845,91.2
2016-04-27,98.8648,89.7
2016-04-28,98.9542,85.6
2016-04-29,97.7149,90.2
2016-04-30,97.4858,90.5
2016-05-01,96.6305,95.8
2016-05-02,95.6743,93.9
2016-05-03,93.0486,95.4
2016-05-04,93.942,103.4
2016-05-05,94.5517,105.7
2016-05-06,93.0751,104.3
2016-05-07,93.7472,105.6
2016-05-08,93.9544,104.7
2016-05-09,94.4183,101.2
2016-05-10,93.5074,102.0
2016-05-11,93.1074,100.2
2016-05-12,90.0126,99.8
2016-05-13,89.8434,99.8
2016-05-14,92.9858,96.7
2016-05-15,94.1771,96.1
2016-05-16,92.9092,94.2
2016-05-17,88.8291,92.8
2016-05-18,88.868,90.1
2016-05-19,87.847,85.3
2016-05-20,87.0502,88.7
2016-05-21,84.1617,89.0
2016-05-22,82.7255,88.4
2016-05-23,84.853,87.7
2016-05-24,86.1696,85.7
2016-05-25,87.1732,82.4
2016-05-26,87.237,81.5
2016-05-27,87.329,80.8
2016-05-28,87.8813,80.8
2016-05-29,85.5326,82.6
2016-05-30,86.927,87.8
2016-05-31,87.3,87.5
2016-06-01,87.1088,90.9
2016-06-02,91.6618,97.1
2016-06-03,91.1564,93.9
2016-06-04,90.9088,90.4
2016-06-05,91.2594,90.1
2016-06-06,90.5857,91.0
2016-06-07,87.7309,89.4
2016-06-08,88.94,86.3
2016-06-09,89.6196,87.9
2016-06-10,88.1569,87.1
2016-06-11,85.0828,82.9
2016-06-12,87.6291,80.9
2016-06-13,83.7071,80.0
2016-06-14,82.9018,78.2
2016-06-15,82.8407,79.6
2016-06-16,79.3376,79.2
2016-06-17,78.4784,78.0
2016-06-18,78.595,75.5
2016-06-19,78.4125,76.0
2016-06-20,75.7621,75.4
2016-06-21,75.5766,74.4
2016-06-22,78.6195,73.3
2016-06-23,80.1391,74.8
2016-06-24,81.2054,76.3
2016-06-25,83.6068,74.9
2016-06-26,85.6229,79.7
2016-06-27,86.6527,86.1
2016-06-28,87.866,90.0
2016-06-29,88.3139,95.3
2016-06-30,88.6819,97.6
2016-07-01,88.7416,97.8
2016-07-02,91.8445,95.5
2016-07-03,92.6579,100.0
2016-07-04,92.462,98.2
2016-07-05,92.7838,105.4
2016-07-06,93.3712,110.1
2016-07-07,93.6849,108.6
2016-07-08,93.4862,110.6
2016-07-09,91.9409,104.1
2016-07-10,94.3525,111.5
2016-07-11,88.7417,103.3
2016-07-12,87.1439,93.3
2016-07-13,88.4558,88.9
2016-07-14,86.9961,84.8
2016-07-15,86.2933,75.9
2016-07-16,87.555,75.9
2016-07-17,87.9622,73.8
2016-07-18,80.5957,72.5
2016-07-19,79.43,72.6
2016-07-20,82.8848,73.1
2016-07-21,82.9504,73.7
2016-07-22,75.3894,74.1
2016-07-23,73.7648,77.1
2016-07-24,74.6302,77.0
2016-07-25,74.3932,78.5
2016-07-26,77.7821,82.1
2016-07-27,80.9845,85.5
2016-07-28,83.9036,95.3
2016-07-29,85.5206,99.0
2016-07-30,91.6782,94.9
2016-07-31,95.5393,97.6
2016-08-01,97.6007,97.2
2016-08-02,98.7628,97.3
2016-08-03,96.8866,92.9
2016-08-04,96.0342,89.4
2016-08-05,92.6245,89.8
2016-08-06,91.5641,88.7
2016-08-07,93.537,84.9
2016-08-08,93.523,84.4
2016-08-09,91.7077,82.7
2016-08-10,92.5718,80.0
2016-08-11,89.7355,78.4
2016-08-12,85.4186,81.8
2016-08-13,89.1885,83.1
2016-08-14,88.5248,79.7
2016-08-15,87.3584,80.3
2016-08-16,89.2668,83.6
2016-08-17,89.0796,85.6
2016-08-18,85.7978,87.1
2016-08-19,84.0468,89.5
2016-08-20,83.0073,102.3
2016-08-21,82.5956,99.3
2016-08-22,80.0187,96.9
2016-08-23,79.0144,96.3
2016-08-24,79.3192,100.7
2016-08-25,79.9821,99.0
2016-08-26,79.8276,95.3
2016-08-27,80.5467,93.9
2016-08-28,78.396,94.4
2016-08-29,80.1875,95.9
2016-08-30,83.6611,92.3
2016-08-31,86.6227,94.3
2016-09-01,87.8525,87.5
2016-09-02,88.5969,87.5
2016-09-03,88.7525,87.0
2016-09-04,83.7314,86.2
2016-09-05,87.9578,85.3
2016-09-06,91.686,84.5
2016-09-07,94.0669,81.0
2016-09-08,95.7116,83.8
2016-09-09,97.3774,83.3
2016-09-10,99.4245,85.2
2016-09-11,98.4269,86.1
2016-09-12,98.4132,85.7
2016-09-13,94.0185,86.1
2016-09-14,92.3252,85.4
2016-09-15,89.411,85.1
2016-09-16,88.7805,87.2
2016-09-17,86.8794,85.9
2016-09-18,85.2719,84.8
2016-09-19,87.1886,83.0
2016-09-20,92.0624,80.8
2016-09-21,93.1692,81.2
2016-09-22,94.5984,82.4
2016-09-23,93.2185,87.9
2016-09-24,93.8864,93.1
2016-09-25,96.5363,99.3
2016-09-26,96.6114,101.4
2016-09-27,97.1775,104.0
2016-09-28,97.0446,104.1
2016-09-29,90.4241,104.2
2016-09-30,90.1904,101.6
2016-10-01,91.32,98.8
2016-10-02,93.1701,97.2
2016-10-03,94.6217,94.8
2016-10-04,90.3014,92.3
2016-10-05,88.0134,84.4
2016-10-06,88.8176,80.4
2016-10-07,93.8681,75.6
2016-10-08,94.9164,76.8
2016-10-09,91.3878,75.8
2016-10-10,91.0788,74.0
2016-10-11,87.7914,77.1
2016-10-12,87.1904,76.7
2016-10-13,87.4939,76.0
2016-10-14,87.8124,74.5
2016-10-15,87.1627,76.9
2016-10-16,82.1522,77.1
2016-10-17,82.6996,77.8
2016-10-18,85.5902,78.2
2016-10-19,86.5232,78.0
2016-10-20,83.7433,75.1
2016-10-21,86.4396,75.5
2016-10-22,84.2742,75.4
2016-10-23,82.8344,74.8
2016-10-24,83.7979,74.4
2016-10-25,84.5089,75.4
2016-10-26,86.9571,75.3
2016-10-27,87.4861,74.9
2016-10-28,87.8426,75.1
2016-10-29,87.517,75.4
2016-10-30,86.7259,78.3
2016-10-31,87.2061,78.6
2016-11-01,86.0463,76.8
2016-11-02,83.0735,76.8
2016-11-03,84.4099,76.2
2016-11-04,82.1445,75.6
2016-11-05,82.3153,74.9
2016-11-06,84.3945,79.1
2016-11-07,87.2394,76.8
2016-11-08,86.6772,75.8
2016-11-09,87.3852,74.9
2016-11-10,88.027,74.6
2016-11-11,85.4505,73.1
2016-11-12,86.833,75.4
2016-11-13,87.6709,75.7
2016-11-14,89.0852,77.0
2016-11-15,92.4444,78.8
2016-11-16,94.9661,79.1
2016-11-17,94.6222,80.4
2016-11-18,93.6916,82.9
2016-11-19,90.4118,83.1
2016-11-20,88.7074,81.3
2016-11-21,89.3859,82.1
2016-11-22,92.2413,82.0
2016-11-23,84.9559,82.2
2016-11-24,83.3315,80.0
2016-11-25,82.1302,80.3
2016-11-26,81.1506,77.4
2016-11-27,80.9987,74.9
2016-11-28,81.2627,72.6
2016-11-29,78.939,70.7
2016-11-30,77.6628,70.0
2016-12-01,73.8244,69.2
2016-12-02,77.0099,68.6
2016-12-03,77.3124,69.0
2016-12-04,74.377,70.1
2016-12-05,73.7015,70.2
2016-12-06,73.2961,70.3
2016-12-07,73.0591,69.8
2016-12-08,75.591,70.0
2016-12-09,80.2048,70.5
2016-12-10,78.945,72.5
2016-12-11,79.9438,72.6
2016-12-12,78.8468,72.4
2016-12-13,78.9815,71.3
2016-12-14,80.0864,70.7
2016-12-15,79.3555,70.1
2016-12-16,78.6268,71.4
2016-12-17,78.9473,71.3
2016-12-18,76.6412,70.9
2016-12-19,75.6272,70.9
2016-12-20,77.4537,71.2
2016-12-21,78.3018,71.1
2016-12-22,77.1806,70.1
2016-12-23,75.874,70.6
2016-12-24,74.5404,71.0
2016-12-25,75.082,70.0
2016-12-26,78.8322,70.9
2016-12-27,80.918,69.6
2016-12-28,79.2328,69.7
2016-12-29,77.2393,69.2
2016-12-30,75.1016,68.9
2016-12-31,74.2323,70.3
2017-01-01,71.6009,72.0
2017-01-02,73.2978,73.0
2017-01-03,76.6026,72.4
2017-01-04,74.0379,74.1
2017-01-05,73.8806,75.0
2017-01-06,73.8253,75.8
2017-01-07,75.8994,76.1
2017-01-08,77.5782,76.1
2017-01-09,77.992,77.0
2017-01-10,78.7244,80.6
2017-01-11,76.4683,83.4
2017-01-12,76.6678,84.0
2017-01-13,73.9214,81.5
2017-01-14,74.8856,79.7
2017-01-15,74.0019,82.5
2017-01-16,73.2888,80.6
2017-01-17,70.0347,77.9
2017-01-18,71.0202,76.1
2017-01-19,70.8999,74.4
2017-01-20,72.403,74.7
2017-01-21,73.0729,73.8
2017-01-22,69.3976,73.9
2017-01-23,71.0658,73.1
2017-01-24,73.8286,73.0
2017-01-25,76.8156,71.9
2017-01-26,74.7247,70.6
2017-01-27,72.9281,70.5
2017-01-28,73.095,70.1
2017-01-29,73.9277,71.1
2017-01-30,75.3267,71.5
2017-01-31,73.7575,72.1
2017-02-01,71.4375,73.8
2017-02-02,73.1876,74.3
2017-02-03,76.4025,73.0
2017-02-04,78.9454,72.7
2017-02-05,79.479,73.0
2017-02-06,77.5266,72.2
2017-02-07,76.0528,72.8
2017-02-08,76.9917,74.9
2017-02-09,76.3707,76.4
2017-02-10,76.5601,78.9
2017-02-11,74.1411,80.7
2017-02-12,80.3436,81.4
2017-02-13,80.3577,81.6
2017-02-14,82.4066,80.5
2017-02-15,82.3687,78.5
2017-02-16,81.0856,77.5
2017-02-17,77.1206,80.6
2017-02-18,78.2032,80.1
2017-02-19,80.8916,79.3
2017-02-20,76.2703,77.8
2017-02-21,74.858,76.7
2017-02-22,70.6957,73.9
2017-02-23,71.9855,71.6
2017-02-24,70.5891,71.3
2017-02-25,74.3084,70.6
2017-02-26,74.8308,69.6
2017-02-27,77.1941,70.3
2017-02-28,73.528,70.0
2017-03-01,73.5543,69.1
2017-03-02,72.6468,69.2
2017-03-03,72.981,69.5
2017-03-04,70.5247,68.8
2017-03-05,70.5771,69.1
2017-03-06,69.6269,69.7
2017-03-07,70.213,69.9
2017-03-08,70.9154,69.6
2017-03-09,70.3389,70.5
2017-03-10,71.8136,72.1
2017-03-11,73.6809,70.5
2017-03-12,78.2385,72.0
2017-03-13,80.8808,71.5
2017-03-14,82.9208,71.9
2017-03-15,83.9758,73.7
2017-03-16,84.7288,76.8
2017-03-17,81.0546,82.5
2017-03-18,78.6539,83.4
2017-03-19,78.2338,83.1
2017-03-20,75.7437,85.7
2017-03-21,74.052,90.4
2017-03-22,72.7681,100.9
2017-03-23,70.8367,111.9
2017-03-24,66.7442,107.9
2017-03-25,68.5204,93.9
2017-03-26,70.841,84.7
2017-03-27,70.9868,85.8
2017-03-28,70.4274,74.1
2017-03-29,68.1608,73.3
2017-03-30,69.8633,74.7
2017-03-31,71.4595,73.9
2017-04-01,74.5186,74.9
2017-04-02,78.5576,71.8
2017-04-03,78.7831,73.9
2017-04-04,72.5337,73.3
2017-04-05,69.0776,73.5
2017-04-06,72.9675,75.0
2017-04-07,74.5816,75.8
2017-04-08,72.97,77.5
2017-04-09,79.3685,81.6
2017-04-10,83.6934,81.4
2017-04-11,88.544,83.1
2017-04-12,90.6935,84.5
2017-04-13,93.2681,83.4
2017-04-14,93.3123,81.1
2017-04-15,93.463,82.3
2017-04-16,93.1093,80.6
2017-04-17,92.9953,79.3
2017-04-18,88.6,79.1
2017-04-19,84.6772,78.2
2017-04-20,80.679,78.6
2017-04-21,73.5284,76.4
2017-04-22,73.2609,78.4
2017-04-23,73.2614,76.2
2017-04-24,70.0191,75.4
2017-04-25,71.2322,74.8
2017-04-26,71.9072,74.1
2017-04-27,74.9549,73.0
2017-04-28,77.0871,71.8
2017-04-29,75.9294,70.2
2017-04-30,74.6303,69.9
2017-05-01,73.6012,70.5
2017-05-02,71.4623,70.4
2017-05-03,72.5282,71.9
2017-05-04,74.8891,72.7
2017-05-05,74.7761,72.2
2017-05-06,71.5268,73.5
2017-05-07,73.3858,73.1
2017-05-08,75.1046,73.9
2017-05-09,73.5192,74.0
2017-05-10,76.6218,74.2
2017-05-11,77.7208,75.3
2017-05-12,77.4462,76.3
2017-05-13,78.2098,77.9
2017-05-14,78.8479,79.9
2017-05-15,77.2214,78.1
2017-05-16,76.6996,82.4
2017-05-17,78.5709,84.1
2017-05-18,78.6943,81.0
2017-05-19,77.0807,77.9
2017-05-20,75.3945,75.7
2017-05-21,73.2599,76.2
2017-05-22,73.7656,77.9
2017-05-23,72.5205,80.4
2017-05-24,70.7248,80.2
2017-05-25,69.7377,79.9
2017-05-26,73.63,81.8
2017-05-27,77.483,77.6
2017-05-28,78.0757,77.8
2017-05-29,77.188,76.2
2017-05-30,73.9963,76.0
2017-05-31,74.8959,77.0
2017-06-01,76.1998,76.6
2017-06-02,77.7441,77.5
2017-06-03,77.3984,77.2
2017-06-04,81.3349,76.4
2017-06-05,82.2872,79.9
2017-06-06,77.3242,75.8
2017-06-07,77.9327,77.2
2017-06-08,80.6168,77.3
2017-06-09,79.1821,76.0
2017-06-10,79.3273,76.9
2017-06-11,77.9764,76.2
2017-06-12,77.1038,76.1
2017-06-13,77.7716,76.1
2017-06-14,76.7783,76.6
2017-06-15,74.9216,76.2
2017-06-16,74.4371,76.2
2017-06-17,76.6864,76.6
2017-06-18,75.5304,74.5
2017-06-19,75.4168,74.2
2017-06-20,78.2886,73.9
2017-06-21,76.8,73.1
2017-06-22,76.9601,73.6
2017-06-23,79.5255,74.1
2017-06-24,79.7206,74.2
2017-06-25,76.8785,75.5
2017-06-26,75.3233,78.5
2017-06-27,74.9103,82.2
2017-06-28,73.3632,89.5
2017-06-29,74.0753,94.0
2017-06-30,75.0876,98.2
2017-07-01,76.9008,94.1
2017-07-02,77.2127,93.2
2017-07-03,75.441,95.3
2017-07-04,74.3056,97.0
2017-07-05,77.7293,94.6
2017-07-06,77.6556,89.3
2017-07-07,77.7069,88.4
2017-07-08,80.7997,80.8
2017-07-09,82.97,75.5
2017-07-10,81.3223,72.5
2017-07-11,82.977,71.6
2017-07-12,81.545,71.8
2017-07-13,81.9321,72.8
2017-07-14,81.6988,72.3
2017-07-15,84.7477,72.0
2017-07-16,82.9925,70.7
2017-07-17,83.7419,70.5
2017-07-18,82.6495,71.6
2017-07-19,79.6222,72.1
2017-07-20,78.7441,71.7
2017-07-21,78.5434,74.4
2017-07-22,82.3287,75.7
2017-07-23,83.7142,76.6
2017-07-24,86.948,77.3
2017-07-25,92.7416,76.3
2017-07-26,92.6594,76.3
2017-07-27,92.0379,75.6
2017-07-28,92.1079,74.8
2017-07-29,92.7435,73.0
2017-07-30,84.5005,73.4
2017-07-31,78.568,73.0
2017-08-01,77.0354,71.7
2017-08-02,70.398,72.2
2017-08-03,72.2789,70.0
2017-08-04,73.1975,74.9
2017-08-05,72.9898,76.1
2017-08-06,72.696,79.2
2017-08-07,68.4134,78.5
2017-08-08,70.3349,82.0
2017-08-09,72.4068,88.9
2017-08-10,74.7131,88.0
2017-08-11,74.3183,89.1
2017-08-12,74.6715,92.3
2017-08-13,74.3952,87.0
2017-08-14,77.0353,80.5
2017-08-15,74.0074,82.5
2017-08-16,75.266,79.2
2017-08-17,76.3978,79.8
2017-08-18,73.7287,83.2
2017-08-19,76.8195,85.9
2017-08-20,79.1617,88.6
2017-08-21,79.3133,93.6
2017-08-22,79.1475,95.1
2017-08-23,78.223,101.7
2017-08-24,74.1346,122.2
2017-08-25,72.0243,136.3
2017-08-26,70.9992,122.5
2017-08-27,75.2749,134.9
2017-08-28,77.8095,130.4
2017-08-29,81.7891,118.5
2017-08-30,81.9461,108.7
2017-08-31,83.0887,101.6
2017-09-01,81.4626,80.9
2017-09-02,82.7002,76.4
2017-09-03,87.6528,76.0
2017-09-04,88.8915,75.1
2017-09-05,89.3288,73.6
2017-09-06,94.2324,72.9
2017-09-07,93.2273,72.9
2017-09-08,86.993,72.9
2017-09-09,86.6676,71.3
2017-09-10,89.2176,74.5
2017-09-11,85.4182,73.6
2017-09-12,80.2507,78.1
2017-09-13,82.9846,81.7
2017-09-14,83.5304,87.4
2017-09-15,87.6963,90.4
2017-09-16,91.0269,91.1
2017-09-17,94.0874,91.3
2017-09-18,95.974,91.2
2017-09-19,95.4974,90.0
2017-09-20,99.1137,89.6
2017-09-21,97.3406,85.9
2017-09-22,98.9871,86.1
2017-09-23,99.1213,86.5
2017-09-24,94.72,86.8
2017-09-25,86.5326,84.7
2017-09-26,87.0818,84.0
2017-09-27,83.4806,79.5
2017-09-28,81.11,76.5
2017-09-29,83.7888,72.1
2017-09-30,83.4493,70.7
2017-10-01,80.5433,69.3
2017-10-02,79.6095,69.9
2017-10-03,81.7628,69.4
2017-10-04,82.1686,68.6
2017-10-05,80.6246,69.9
2017-10-06,80.6129,70.4
2017-10-07,80.2897,69.8
2017-10-08,80.2398,72.7
2017-10-09,75.056,72.8
2017-10-10,79.8409,75.1
2017-10-11,80.8457,75.7
2017-10-12,80.8506,76.5
2017-10-13,81.7934,77.2
2017-10-14,83.6534,76.7
2017-10-15,83.6976,77.9
2017-10-16,85.7951,76.4
2017-10-17,88.6191,75.0
2017-10-18,89.9129,74.4
2017-10-19,92.6333,74.3
2017-10-20,90.7309,74.5
2017-10-21,87.7839,74.2
2017-10-22,87.0105,71.5
2017-10-23,87.6865,72.4
2017-10-24,84.5031,72.0
2017-10-25,84.2989,70.9
2017-10-26,83.4486,69.9
2017-10-27,80.4029,68.1
2017-10-28,78.1376,67.0
2017-10-29,77.028,66.4
2017-10-30,75.6298,64.6
2017-10-31,74.841,67.2
2017-11-01,71.563,65.9
2017-11-02,71.5864,68.0
2017-11-03,73.1626,70.6
2017-11-04,75.6497,72.8
2017-11-05,78.7291,72.6
2017-11-06,75.6946,71.6
2017-11-07,75.8467,74.7
2017-11-08,74.4778,74.3
2017-11-09,75.777,72.7
2017-11-10,79.3594,71.8
2017-11-11,76.7086,71.4
2017-11-12,78.1183,71.6
2017-11-13,76.7453,70.6
2017-11-14,77.9009,72.2
2017-11-15,77.3424,72.4
2017-11-16,75.8666,73.5
2017-11-17,76.0228,71.7
2017-11-18,72.7952,70.0
2017-11-19,69.5121,70.6
2017-11-20,70.1571,69.8
2017-11-21,70.6586,68.3
2017-11-22,71.6332,69.5
2017-11-23,71.4441,67.0
2017-11-24,72.1461,66.4
2017-11-25,74.0133,66.0
2017-11-26,75.8837,66.3
2017-11-27,75.2409,65.9
2017-11-28,74.0676,67.8
2017-11-29,74.0008,69.0
2017-11-30,73.7421,69.8
2017-12-01,71.7841,70.1
2017-12-02,74.0983,69.2
2017-12-03,72.4014,69.9
2017-12-04,72.8539,69.8
2017-12-05,71.8174,69.5
2017-12-06,71.2381,69.0
2017-12-07,72.6113,68.8
2017-12-08,72.6892,69.4
2017-12-09,73.4683,66.6
2017-12-10,75.2738,71.8
2017-12-11,77.9569,73.6
2017-12-12,75.0868,72.9
2017-12-13,74.2517,73.7
2017-12-14,72.7439,73.6
2017-12-15,71.4603,73.2
2017-12-16,70.3781,69.5
2017-12-17,69.6459,68.6
2017-12-18,69.45,68.8
2017-12-19,69.606,69.1
2017-12-20,71.5038,68.1
2017-12-21,71.5796,68.3
2017-12-22,69.9121,66.8
2017-12-23,68.4352,67.2
2017-12-24,69.5637,68.3
2017-12-25,71.3718,67.2
2017-12-26,70.8195,67.0
2017-12-27,70.4925,67.1
2017-12-28,69.1359,67.6
2017-12-29,68.8426,68.0
2017-12-30,68.2571,68.5
2017-12-31,69.6757,68.1
2018-01-01,67.5181,68.5
2018-01-02,69.9608,68.6
2018-01-03,69.2874,68.5
2018-01-04,69.7911,68.2
2018-01-05,70.1114,67.9
2018-01-06,70.2019,68.8
2018-01-07,70.6318,68.6
2018-01-08,70.3122,68.8
2018-01-09,69.7759,68.5
2018-01-10,71.1058,67.4
2018-01-11,72.2012,66.1
2018-01-12,71.5941,67.9
2018-01-13,73.4709,68.3
2018-01-14,75.1079,67.7
2018-01-15,73.1285,68.2
2018-01-16,72.1735,67.7
2018-01-17,68.6566,66.7
2018-01-18,70.9487,66.4
2018-01-19,71.4632,66.2
2018-01-20,69.8924,66.9
2018-01-21,69.2377,67.2
2018-01-22,68.9194,67.0
2018-01-23,69.6211,66.8
2018-01-24,70.7807,67.3
2018-01-25,72.7162,71.0
2018-01-26,70.0578,72.0
2018-01-27,68.1837,74.8
2018-01-28,67.4103,74.6
2018-01-29,67.9434,75.5
2018-01-30,68.8849,76.1
2018-01-31,69.2653,76.2
2018-02-01,67.2386,76.2
2018-02-02,67.8912,76.6
2018-02-03,67.8644,74.1
2018-02-04,70.8412,73.4
2018-02-05,69.2638,70.8
2018-02-06,71.0773,69.8
2018-02-07,71.151,67.4
2018-02-08,69.4202,68.7
2018-02-09,70.0439,67.5
2018-02-10,69.8215,68.9
2018-02-11,69.4891,66.1
2018-02-12,69.0529,68.2
2018-02-13,68.4573,68.5
2018-02-14,68.8645,68.6
2018-02-15,68.3297,67.8
2018-02-16,65.6063,70.6
2018-02-17,65.798,68.7
2018-02-18,66.7032,68.6
2018-02-19,67.7838,66.0
2018-02-20,69.0871,66.6
2018-02-21,68.1235,66.7
2018-02-22,71.482,66.4
2018-02-23,73.2432,66.5
2018-02-24,71.9644,66.5
2018-02-25,71.2319,66.8
2018-02-26,73.0874,65.6
2018-02-27,74.1965,66.6
2018-02-28,74.8022,66.8
2018-03-01,72.0021,66.9
2018-03-02,71.0829,67.3
2018-03-03,68.6885,67.7
2018-03-04,69.1047,66.9
2018-03-05,67.3542,68.3
2018-03-06,66.274,67.9
2018-03-07,67.5065,69.0
2018-03-08,69.4582,68.5
2018-03-09,71.3605,69.7
2018-03-10,72.1672,68.2
2018-03-11,68.8159,68.8
2018-03-12,66.9967,68.0
2018-03-13,66.6398,67.7
2018-03-14,66.1294,67.2
2018-03-15,66.0916,68.0
2018-03-16,65.1538,67.5
2018-03-17,67.9939,68.0
2018-03-18,67.8582,68.3
2018-03-19,67.2112,68.8
2018-03-20,68.1498,68.6
2018-03-21,68.7735,68.9
2018-03-22,71.0151,68.9
2018-03-23,72.7746,68.4
2018-03-24,73.3603,67.8
2018-03-25,72.3124,68.6
2018-03-26,73.4209,66.4
2018-03-27,73.4074,67.4
2018-03-28,70.7536,67.0
2018-03-29,69.2605,68.1
2018-03-30,70.2836,68.9
2018-03-31,69.8043,68.8
2018-04-01,68.2593,68.6
2018-04-02,64.9036,70.4
2018-04-03,65.7759,70.1
2018-04-04,65.3384,69.9
2018-04-05,66.2217,71.0
2018-04-06,71.2794,69.7
2018-04-07,74.3847,69.8
2018-04-08,71.8841,71.4
2018-04-09,70.236,71.4
2018-04-10,71.2367,73.7
2018-04-11,68.8989,77.5
2018-04-12,71.687,76.5
2018-04-13,71.9418,74.7
2018-04-14,72.9027,73.7
2018-04-15,71.6546,71.6
2018-04-16,69.7891,70.3
2018-04-17,69.5299,69.6
2018-04-18,67.5773,71.1
2018-04-19,69.4935,72.2
2018-04-20,69.5206,71.3
2018-04-21,73.4353,69.5
2018-04-22,72.0158,68.1
2018-04-23,68.5314,67.6
2018-04-24,72.339,68.9
2018-04-25,71.0048,68.7
2018-04-26,70.0604,68.4
2018-04-27,68.2115,70.9
2018-04-28,68.0587,70.9
2018-04-29,68.9758,70.9
2018-04-30,70.6196,71.0
2018-05-01,68.9572,71.7
2018-05-02,68.452,71.2
2018-05-03,70.1305,72.4
2018-05-04,71.0001,71.8
2018-05-05,71.6057,71.9
2018-05-06,72.671,71.5
2018-05-07,73.9269,70.5
2018-05-08,72.7508,71.1
2018-05-09,72.7809,71.9
2018-05-10,72.8726,70.4
2018-05-11,71.0273,71.3
2018-05-12,69.3788,72.6
2018-05-13,68.418,75.0
2018-05-14,66.5445,75.6
2018-05-15,66.609,77.7
2018-05-16,69.4022,74.9
2018-05-17,68.9881,76.6
2018-05-18,68.1748,78.9
2018-05-19,70.3917,77.0
2018-05-20,69.4539,77.3
2018-05-21,71.2467,78.9
2018-05-22,71.713,76.9
2018-05-23,71.0596,76.5
2018-05-24,71.8825,75.7
2018-05-25,72.4426,72.6
2018-05-26,70.461,73.4
2018-05-27,71.3753,73.2
2018-05-28,68.7566,71.3
2018-05-29,72.0275,70.2
2018-05-30,73.2325,68.8
2018-05-31,74.6172,72.4
2018-06-01,73.8549,72.0
2018-06-02,74.0806,72.5
2018-06-03,73.4372,73.0
2018-06-04,71.3624,74.7
2018-06-05,73.8231,72.8
2018-06-06,74.6842,72.7
2018-06-07,74.3779,74.6
2018-06-08,74.4585,76.1
2018-06-09,72.3633,79.0
2018-06-10,72.0894,84.7
2018-06-11,71.5068,84.2
2018-06-12,73.2115,83.0
2018-06-13,73.1617,79.7
2018-06-14,72.9912,77.0
2018-06-15,72.154,75.2
2018-06-16,70.5503,73.4
2018-06-17,72.112,72.4
2018-06-18,75.1804,71.9
2018-06-19,75.7696,70.9
2018-06-20,76.0726,71.1
2018-06-21,74.3306,70.4
2018-06-22,72.9381,68.8
2018-06-23,69.0075,70.5
2018-06-24,68.6106,70.2
2018-06-25,70.6887,70.4
2018-06-26,72.5239,72.9
2018-06-27,73.1476,74.4
2018-06-28,72.9123,74.0
2018-06-29,73.5437,75.4
2018-06-30,75.7841,74.5
2018-07-01,80.6217,75.8
2018-07-02,84.1183,74.6
2018-07-03,87.3053,74.9
2018-07-04,85.0007,74.7
2018-07-05,84.264,74.1
2018-07-06,84.1705,74.3
2018-07-07,85.2353,73.5
2018-07-08,80.9156,73.6
2018-07-09,77.8152,72.8
2018-07-10,77.5777,72.7
2018-07-11,76.213,72.2
2018-07-12,74.8927,70.4
2018-07-13,77.6642,69.1
2018-07-14,74.741,69.0
2018-07-15,76.5553,67.9
2018-07-16,76.4578,68.3
2018-07-17,76.5057,68.6
2018-07-18,76.4517,70.0
2018-07-19,72.5078,70.0
2018-07-20,74.6084,70.4
2018-07-21,74.5672,71.0
2018-07-22,74.0518,72.3
2018-07-23,74.4993,72.0
2018-07-24,75.0526,72.3
2018-07-25,70.6895,72.5
2018-07-26,68.5792,71.2
2018-07-27,69.8372,71.1
2018-07-28,72.6552,71.5
2018-07-29,70.1562,71.6
2018-07-30,69.0241,72.2
2018-07-31,69.6409,71.4
2018-08-01,70.2806,69.3
2018-08-02,70.3601,69.9
2018-08-03,69.3917,69.6
2018-08-04,70.1662,70.5
2018-08-05,71.6599,70.6
2018-08-06,73.1364,70.0
2018-08-07,75.1907,69.0
2018-08-08,76.2508,68.9
2018-08-09,76.5139,68.4
2018-08-10,73.7334,69.6
2018-08-11,75.3789,69.4
2018-08-12,76.5723,68.4
2018-08-13,77.0325,71.1
2018-08-14,78.3323,74.0
2018-08-15,75.8743,73.1
2018-08-16,72.8875,72.6
2018-08-17,70.554,71.0
2018-08-18,69.6108,71.2
2018-08-19,71.3963,71.8
2018-08-20,69.7089,69.6
2018-08-21,69.5675,68.8
2018-08-22,68.4921,69.5
2018-08-23,68.2282,68.9
2018-08-24,69.7328,69.3
2018-08-25,69.0028,68.6
2018-08-26,69.8094,68.6
2018-08-27,69.8121,68.4
2018-08-28,72.0212,68.6
2018-08-29,71.7425,69.7
2018-08-30,71.1072,69.4
2018-08-31,70.8682,69.9
2018-09-01,71.6514,70.3
2018-09-02,71.9337,70.6
2018-09-03,72.2028,70.5
2018-09-04,71.9249,69.8
2018-09-05,71.3573,69.2
2018-09-06,71.8763,69.8
2018-09-07,72.2876,68.5
2018-09-08,73.2424,68.8
2018-09-09,69.9705,68.5
2018-09-10,72.521,67.2
2018-09-11,73.453,67.4
2018-09-12,74.8358,68.4
2018-09-13,74.3635,68.9
2018-09-14,70.8405,69.0
2018-09-15,69.2103,68.0
2018-09-16,68.714,69.3
2018-09-17,69.2484,67.4
2018-09-18,67.0502,69.4
2018-09-19,66.9482,68.9
2018-09-20,66.9247,68.5
2018-09-21,67.462,70.3
2018-09-22,68.3827,67.1
2018-09-23,69.1178,68.4
2018-09-24,69.5939,67.2
2018-09-25,69.5305,68.7
2018-09-26,70.106,68.6
2018-09-27,70.4269,69.4
2018-09-28,70.9736,68.7
2018-09-29,70.4756,69.3
2018-09-30,70.698,69.6
2018-10-01,71.9395,70.6
2018-10-02,70.6527,71.3
2018-10-03,70.6776,72.1
2018-10-04,68.484,71.1
2018-10-05,67.8649,69.6
2018-10-06,68.2358,69.3
2018-10-07,68.8122,69.6
2018-10-08,68.6506,69.0
2018-10-09,68.7966,69.0
2018-10-10,69.0092,69.8
2018-10-11,70.3504,70.4
2018-10-12,70.5096,70.2
2018-10-13,76.2724,70.9
2018-10-14,72.7678,68.9
2018-10-15,71.0592,68.6
2018-10-16,68.3906,68.3
2018-10-17,69.6801,68.5
2018-10-18,66.7244,67.4
2018-10-19,66.7462,67.9
2018-10-20,67.5326,66.1
2018-10-21,69.3246,67.1
2018-10-22,68.6178,65.8
2018-10-23,69.358,66.5
2018-10-24,69.2536,66.3
2018-10-25,69.5761,65.5
2018-10-26,69.5504,67.2
2018-10-27,71.0582,67.6
2018-10-28,70.3675,67.5
2018-10-29,71.9227,68.2
2018-10-30,70.6959,67.6
2018-10-31,70.9931,67.6
2018-11-01,70.5121,68.0
2018-11-02,69.7434,66.8
2018-11-03,68.9339,65.6
2018-11-04,68.1208,66.5
2018-11-05,68.2758,66.9
2018-11-06,68.3248,69.5
2018-11-07,68.027,71.7
2018-11-08,70.2193,70.6
2018-11-09,69.7406,69.5
2018-11-10,67.9425,68.8
2018-11-11,66.191,67.1
2018-11-12,65.8889,67.5
2018-11-13,65.0032,67.5
2018-11-14,66.4667,68.2
2018-11-15,63.9832,67.8
2018-11-16,66.6324,66.8
2018-11-17,68.6445,66.6
2018-11-18,68.1578,65.7
2018-11-19,64.9627,66.0
2018-11-20,65.2921,66.1
2018-11-21,67.0436,67.4
2018-11-22,69.0801,67.0
2018-11-23,70.4262,66.4
2018-11-24,67.8146,66.8
2018-11-25,71.5607,68.8
2018-11-26,72.6016,67.7
2018-11-27,71.7855,68.1
2018-11-28,70.6359,68.4
2018-11-29,72.0069,69.5
2018-11-30,71.7739,68.8
2018-12-01,71.3898,68.9
2018-12-02,70.2988,68.6
2018-12-03,68.4695,68.0
2018-12-04,66.8717,68.6
2018-12-05,68.4219,68.9
2018-12-06,68.1284,67.6
2018-12-07,67.7972,67.9
2018-12-08,67.5064,68.1
2018-12-09,67.5464,68.0
2018-12-10,65.1983,67.6
2018-12-11,68.1186,68.8
2018-12-12,68.5331,68.7
2018-12-13,69.0351,68.0
2018-12-14,71.23,67.2
2018-12-15,68.5579,67.3
2018-12-16,68.3339,66.5
2018-12-17,69.1179,66.2
2018-12-18,68.3158,67.0
2018-12-19,71.3627,66.7
2018-12-20,71.5036,67.1
2018-12-21,71.2005,67.0
2018-12-22,70.157,69.5
2018-12-23,69.3869,72.7
2018-12-24,68.7308,70.2
2018-12-25,69.1164,69.1
2018-12-26,71.2589,68.8
2018-12-27,69.4604,69.6
2018-12-28,70.9976,69.1
2018-12-29,68.9789,69.0
2018-12-30,67.7027,69.2
2018-12-31,66.7047,67.8
2019-01-01,67.5568,65.9
2019-01-02,67.6972,67.3
2019-01-03,66.3244,66.6
2019-01-04,64.7577,67.8
2019-01-05,64.9995,67.3
2019-01-06,66.6705,67.5
2019-01-07,67.9651,66.4
2019-01-08,68.8447,66.6
2019-01-09,69.4048,67.4
2019-01-10,69.0941,67.0
2019-01-11,68.3132,67.7
2019-01-12,68.5354,68.5
2019-01-13,68.1396,69.3
2019-01-14,68.3263,70.2
2019-01-15,66.8746,72.7
2019-01-16,67.8299,74.3
2019-01-17,68.031,72.8
2019-01-18,68.3906,73.5
2019-01-19,68.1364,70.9
2019-01-20,67.4907,71.4
2019-01-21,68.0213,70.0
2019-01-22,68.255,70.0
2019-01-23,67.903,68.8
2019-01-24,66.0108,69.1
2019-01-25,67.9728,68.7
2019-01-26,68.4994,68.7
2019-01-27,67.7595,69.3
2019-01-28,67.9988,68.3
2019-01-29,68.0916,69.8
2019-01-30,69.7796,68.4
2019-01-31,66.7622,68.1
2019-02-01,67.2503,68.0
2019-02-02,67.8655,68.4
2019-02-03,68.3262,68.6
2019-02-04,69.0027,69.7
2019-02-05,70.2891,69.2
2019-02-06,74.3912,69.0
2019-02-07,76.2394,68.4
2019-02-08,76.9586,68.3
2019-02-09,74.2831,68.6
2019-02-10,76.263,69.4
2019-02-11,74.5659,69.2
2019-02-12,72.2118,69.7
2019-02-13,70.9834,69.2
2019-02-14,70.0772,69.0
2019-02-15,69.2166,68.9
2019-02-16,69.0342,69.2
2019-02-17,68.2873,69.4
2019-02-18,69.9038,68.8
2019-02-19,70.9191,68.7
2019-02-20,69.2921,68.2
2019-02-21,68.8603,68.3
2019-02-22,66.6602,69.7
2019-02-23,65.6304,70.8
2019-02-24,65.6549,71.3
2019-02-25,65.865,69.9
2019-02-26,66.1843,70.7
2019-02-27,66.4432,69.7
2019-02-28,66.3784,70.1
2019-03-01,66.53,69.5
2019-03-02,66.707,69.8
2019-03-03,66.9291,70.0
2019-03-04,67.8482,69.3
2019-03-05,66.8274,68.9
2019-03-06,70.1451,68.8
2019-03-07,70.2582,68.6
2019-03-08,70.4699,69.3
2019-03-09,69.7163,69.1
2019-03-10,69.3798,76.2
2019-03-11,68.7899,79.4
2019-03-12,68.7562,81.8
2019-03-13,66.7472,78.9
2019-03-14,70.3563,75.0
2019-03-15,69.3514,70.8
2019-03-16,68.635,68.7
2019-03-17,68.6547,68.6
2019-03-18,70.3196,68.1
2019-03-19,68.8164,68.6
2019-03-20,73.0974,69.2
2019-03-21,74.3645,69.4
2019-03-22,74.2099,69.2
2019-03-23,73.7992,70.8
2019-03-24,74.3486,70.6
2019-03-25,71.5139,70.3
2019-03-26,69.0163,71.8
2019-03-27,71.3426,73.7
2019-03-28,70.4911,76.6
2019-03-29,71.7442,78.8
2019-03-30,75.8388,79.3
2019-03-31,82.272,78.4
2019-04-01,83.4795,78.9
2019-04-02,83.43,77.7
2019-04-03,84.8868,78.3
2019-04-04,81.9133,75.9
2019-04-05,77.4103,75.9
2019-04-06,76.585,74.7
2019-04-07,75.4657,76.7
2019-04-08,71.8732,75.2
2019-04-09,69.0328,73.3
2019-04-10,70.6408,70.6
2019-04-11,71.6368,69.9
2019-04-12,66.3703,70.2
2019-04-13,70.1676,69.6
2019-04-14,68.6726,70.1
2019-04-15,67.9597,68.4
2019-04-16,68.6298,68.0
2019-04-17,70.4176,67.8
2019-04-18,70.4672,68.8
2019-04-19,71.2716,67.9
2019-04-20,68.9895,69.5
2019-04-21,68.8162,68.7
2019-04-22,70.4529,70.3
2019-04-23,70.206,70.9
2019-04-24,70.4713,73.5
2019-04-25,70.9342,74.7
2019-04-26,70.9192,77.3
2019-04-27,70.3242,80.1
2019-04-28,73.0014,76.8
2019-04-29,74.3955,77.7
2019-04-30,75.9808,77.8
2019-05-01,79.1499,79.5
2019-05-02,79.9612,77.6
2019-05-03,81.4097,76.2
2019-05-04,80.2236,76.0
2019-05-05,77.0358,75.6
2019-05-06,76.4486,75.3
2019-05-07,73.1984,73.8
2019-05-08,71.5122,72.2
2019-05-09,70.3992,69.6
2019-05-10,67.3914,70.4
2019-05-11,65.7845,69.7
2019-05-12,65.8056,69.0
2019-05-13,65.3849,68.2
2019-05-14,64.8049,68.1
2019-05-15,65.071,68.7
2019-05-16,66.2183,69.8
2019-05-17,68.0871,69.3
2019-05-18,69.4614,70.0
2019-05-19,68.3997,70.1
2019-05-20,68.7608,70.6
2019-05-21,69.3155,70.6
2019-05-22,70.0518,71.7
2019-05-23,70.6407,71.9
2019-05-24,71.2361,71.8
2019-05-25,70.4294,72.1
2019-05-26,71.9507,71.8
2019-05-27,73.9143,70.9
2019-05-28,74.1347,71.0
2019-05-29,74.7041,70.5
2019-05-30,73.4971,70.5
2019-05-31,72.1374,71.0
2019-06-01,71.4291,71.9
2019-06-02,70.7191,71.6
2019-06-03,70.0667,69.6
2019-06-04,70.3227,70.1
2019-06-05,70.0801,68.8
2019-06-06,69.5737,68.0
2019-06-07,69.3975,68.5
2019-06-08,69.4427,69.2
2019-06-09,69.3238,70.2
2019-06-10,69.7901,69.9
2019-06-11,71.2194,68.6
2019-06-12,71.1911,68.6
2019-06-13,70.3806,69.5
2019-06-14,70.2827,70.2
2019-06-15,71.5703,70.2
2019-06-16,70.5776,70.3
2019-06-17,70.1069,69.3
2019-06-18,70.1096,70.4
2019-06-19,70.2269,69.9
2019-06-20,70.106,69.7
2019-06-21,69.5788,70.5
2019-06-22,69.3924,69.5
2019-06-23,69.5798,69.1
2019-06-24,70.4644,69.9
2019-06-25,69.5163,69.0
2019-06-26,69.8622,68.8
2019-06-27,71.0394,69.6
2019-06-28,71.5081,68.7
2019-06-29,73.7743,69.7
2019-06-30,74.627,70.1
2019-07-01,73.819,69.4
2019-07-02,72.007,69.0
2019-07-03,74.068,68.2
2019-07-04,76.2637,69.4
2019-07-05,72.8558,69.3
2019-07-06,71.5294,69.5
2019-07-07,72.2923,70.0
2019-07-08,70.7985,69.2
2019-07-09,68.5044,68.9
2019-07-10,67.8026,69.1
2019-07-11,68.9198,69.8
2019-07-12,68.5694,69.5
2019-07-13,70.7208,69.6
2019-07-14,70.5969,70.0
2019-07-15,70.8842,70.3
2019-07-16,73.0859,69.8
2019-07-17,71.7553,68.7
2019-07-18,70.5459,69.2
2019-07-19,69.78,68.2
2019-07-20,69.2957,68.3
2019-07-21,71.6275,68.9
2019-07-22,71.5171,68.8
2019-07-23,71.2533,68.9
2019-07-24,73.7174,67.7
2019-07-25,72.6568,68.8
2019-07-26,75.1757,70.1
2019-07-27,71.6332,70.1
2019-07-28,72.4834,69.9
2019-07-29,73.3632,70.6
2019-07-30,70.9054,69.1
2019-07-31,69.2974,69.1
2019-08-01,68.092,69.5
2019-08-02,67.3352,69.0
2019-08-03,66.4242,68.6
2019-08-04,66.5233,69.1
2019-08-05,65.8295,69.4
2019-08-06,66.3399,69.2
2019-08-07,68.1579,69.7
2019-08-08,67.867,69.2
2019-08-09,67.8234,69.3
2019-08-10,68.2489,68.9
2019-08-11,68.8023,68.4
2019-08-12,69.0046,67.3
2019-08-13,68.2999,68.0
2019-08-14,70.5215,67.8
2019-08-15,70.0618,67.4
2019-08-16,69.9245,67.2
2019-08-17,70.0156,67.5
2019-08-18,69.6879,67.2
2019-08-19,70.1471,67.2
2019-08-20,70.0095,67.8
2019-08-21,69.3875,67.7
2019-08-22,68.3821,68.3
2019-08-23,68.3739,70.0
2019-08-24,68.1805,69.8
2019-08-25,68.6722,69.8
2019-08-26,68.2886,69.4
2019-08-27,68.7191,70.0
2019-08-28,68.0077,75.0
2019-08-29,67.6164,68.5
2019-08-30,69.4583,69.8
2019-08-31,68.9919,70.9
2019-09-01,69.5807,69.0
2019-09-02,69.8936,70.3
2019-09-03,69.4356,69.1
2019-09-04,67.5296,69.4
2019-09-05,66.8923,68.4
2019-09-06,67.573,69.4
2019-09-07,70.9775,68.8
2019-09-08,68.6583,66.9
2019-09-09,68.277,67.7
2019-09-10,68.4487,67.7
2019-09-11,67.8071,68.2
2019-09-12,68.1566,68.8
2019-09-13,67.7948,66.6
2019-09-14,67.0928,67.5
2019-09-15,69.1675,67.9
2019-09-16,69.5371,67.4
2019-09-17,71.3512,66.8
2019-09-18,69.769,67.5
2019-09-19,69.0999,67.7
2019-09-20,68.4307,68.1
2019-09-21,68.0624,68.8
2019-09-22,67.5857,68.4
2019-09-23,66.8986,68.3
2019-09-24,67.2237,68.1
2019-09-25,67.4184,67.8
2019-09-26,68.0305,67.3
2019-09-27,67.8902,67.6
2019-09-28,67.7793,67.0
2019-09-29,67.4982,67.9
2019-09-30,68.3708,67.3
2019-10-01,68.8231,68.3
2019-10-02,69.897,68.0
2019-10-03,70.344,66.9
2019-10-04,71.3853,65.8
2019-10-05,68.8587,66.9
2019-10-06,67.4964,65.9
2019-10-07,69.2858,65.6
2019-10-08,68.0891,65.6
2019-10-09,67.9561,65.5
2019-10-10,69.7274,64.4
2019-10-11,68.7853,63.4
2019-10-12,67.8844,64.9
2019-10-13,67.0037,63.9
2019-10-14,67.6194,64.3
2019-10-15,67.5559,67.9
2019-10-16,67.7173,67.8
2019-10-17,66.9305,68.0
2019-10-18,66.407,68.5
2019-10-19,66.0046,68.2
2019-10-20,65.3409,68.8
2019-10-21,64.7662,70.2
2019-10-22,66.6482,69.6
2019-10-23,66.0537,69.6
2019-10-24,65.8675,68.3
2019-10-25,66.873,69.6
2019-10-26,66.7956,69.2
2019-10-27,66.7119,68.1
2019-10-28,65.7489,68.5
2019-10-29,66.3565,68.9
2019-10-30,66.9678,68.3
2019-10-31,67.6217,69.4
2019-11-01,68.1789,68.1
2019-11-02,66.9243,69.3
2019-11-03,67.1349,69.6
2019-11-04,68.5947,68.4
2019-11-05,68.0772,68.5
2019-11-06,67.6665,68.2
2019-11-07,67.8122,68.5
2019-11-08,67.9186,68.8
2019-11-09,67.6745,67.6
2019-11-10,67.9906,68.5
2019-11-11,66.9322,69.1
2019-11-12,67.6415,67.9
2019-11-13,69.7744,68.5
2019-11-14,68.724,68.8
2019-11-15,68.8005,67.7
2019-11-16,68.8473,68.6
2019-11-17,68.9432,69.6
2019-11-18,68.9334,68.3
2019-11-19,68.3433,67.9
2019-11-20,68.4176,68.5
2019-11-21,68.5101,69.2
2019-11-22,68.0263,68.4
2019-11-23,68.1487,67.9
2019-11-24,68.2842,67.6
2019-11-25,67.9439,68.6
2019-11-26,68.1848,68.3
2019-11-27,68.5343,68.2
2019-11-28,68.1617,69.4
2019-11-29,67.9747,68.6
2019-11-30,69.8348,68.4
2019-12-01,69.0792,68.6
2019-12-02,68.3348,68.3
2019-12-03,68.1884,66.8
2019-12-04,68.0072,68.1
2019-12-05,68.2287,68.8
2019-12-06,68.0006,67.7
2019-12-07,67.6933,68.2
2019-12-08,67.779,68.0
2019-12-09,67.2571,67.7
2019-12-10,66.9128,67.7
2019-12-11,67.6048,68.4
2019-12-12,67.5714,68.7
2019-12-13,68.0038,70.2
2019-12-14,67.968,70.3
2019-12-15,67.6579,69.8
2019-12-16,66.8307,69.7
2019-12-17,66.2369,70.1
2019-12-18,67.8011,69.8
2019-12-19,69.8502,69.6
2019-12-20,69.8641,68.6
2019-12-21,68.6715,68.2
2019-12-22,69.6291,69.4
2019-12-23,69.2233,69.5
2019-12-24,70.8245,68.9
2019-12-25,70.6287,69.8
2019-12-26,68.6004,69.4
2019-12-27,69.3502,68.1
2019-12-28,70.396,69.3
2019-12-29,69.1417,71.2
2019-12-30,69.3194,71.9
2019-12-31,68.778,70.4
2020-01-01,68.6239,71.0
2020-01-02,69.5137,69.5
2020-01-03,68.7955,69.1
2020-01-04,68.4896,69.5
2020-01-05,68.0802,68.9
2020-01-06,66.8362,69.4
2020-01-07,66.812,67.9
2020-01-08,67.6246,69.0
2020-01-09,67.4651,69.5
2020-01-10,70.7556,69.0
2020-01-11,69.0786,68.3
2020-01-12,69.6321,69.6
2020-01-13,68.4674,68.6
2020-01-14,68.5272,68.8
2020-01-15,68.384,70.4
2020-01-16,68.5192,72.4
2020-01-17,67.9668,70.7
2020-01-18,68.2619,72.0
2020-01-19,68.4806,72.0
2020-01-20,66.8415,71.9
2020-01-21,67.8707,71.7
2020-01-22,69.2871,70.4
2020-01-23,69.4944,70.2
2020-01-24,70.8151,70.0
2020-01-25,70.5786,68.3
2020-01-26,70.2238,68.6
2020-01-27,69.8135,69.3
2020-01-28,70.0902,68.9
2020-01-29,70.1753,70.0
2020-01-30,70.6851,68.8
2020-01-31,72.0872,68.3
2020-02-01,71.9656,69.3
2020-02-02,70.7551,69.8
2020-02-03,69.7194,69.4
2020-02-04,70.7608,69.5
2020-02-05,69.5617,68.8
2020-02-06,69.5508,68.8
2020-02-07,71.2039,69.0
2020-02-08,71.0036,69.4
2020-02-09,69.9345,69.4
2020-02-10,69.0242,69.2
2020-02-11,69.3694,69.6
2020-02-12,69.4362,70.7
2020-02-13,69.0986,68.8
2020-02-14,68.2658,68.7
2020-02-15,68.9892,69.1
2020-02-16,68.3603,68.7
2020-02-17,68.061,69.6
2020-02-18,67.9865,69.3
2020-02-19,67.8757,68.8
2020-02-20,66.2726,68.1
2020-02-21,67.765,68.1
2020-02-22,68.5519,68.8
2020-02-23,69.874,68.7
2020-02-24,71.8555,68.3
2020-02-25,70.7774,68.9
2020-02-26,69.6848,68.8
2020-02-27,69.2135,69.2
2020-02-28,68.5356,69.8
2020-02-29,67.8628,69.8
2020-03-01,67.2312,69.6
2020-03-02,66.9883,69.1
2020-03-03,67.1817,67.9
2020-03-04,66.1229,67.4
2020-03-05,66.9373,69.5
2020-03-06,67.7808,69.1
2020-03-07,68.6726,70.9
2020-03-08,69.1318,71.4
2020-03-09,68.9877,71.5
2020-03-10,67.9984,71.1
2020-03-11,68.1579,70.3
2020-03-12,68.4287,69.8
2020-03-13,68.5794,69.9
2020-03-14,68.3705,70.8
2020-03-15,69.6149,70.9
2020-03-16,69.0932,69.9
2020-03-17,69.4637,69.2
2020-03-18,70.1626,69.0
2020-03-19,69.1877,68.6
2020-03-20,69.9733,69.1
2020-03-21,69.1199,69.8
2020-03-22,68.8726,69.2
2020-03-23,68.9158,69.7
2020-03-24,69.3838,70.0
2020-03-25,69.2188,70.2
2020-03-26,72.0209,71.3
2020-03-27,73.0459,70.1
2020-03-28,70.823,70.1
2020-03-29,70.2528,70.7
2020-03-30,72.2873,70.6
2020-03-31,72.8626,69.5
2020-04-01,72.2633,70.9
2020-04-02,69.2908,71.1
2020-04-03,70.4491,70.7
2020-04-04,70.7888,69.4
2020-04-05,68.6898,68.9
2020-04-06,68.1566,69.0
2020-04-07,69.8697,68.4
2020-04-08,71.0868,70.4
2020-04-09,70.5033,69.2
2020-04-10,72.6858,68.9
2020-04-11,74.0883,69.8
2020-04-12,70.986,71.4
2020-04-13,71.5745,69.5
2020-04-14,69.0464,70.5
2020-04-15,67.7738,69.8
2020-04-16,67.2042,70.1
2020-04-17,67.7705,69.9
2020-04-18,71.19,69.9
2020-04-19,68.8263,71.0
2020-04-20,67.8498,70.9
2020-04-21,67.7441,71.3
2020-04-22,69.0134,70.3
2020-04-23,71.0035,69.8
2020-04-24,72.8962,70.5
2020-04-25,71.8165,70.5
2020-04-26,70.7778,71.1
2020-04-27,70.2495,70.0
2020-04-28,69.9054,69.2
2020-04-29,70.1074,72.4
2020-04-30,69.9814,69.3
2020-05-01,68.5571,67.5
2020-05-02,66.8562,70.3
2020-05-03,66.6751,70.2
2020-05-04,67.198,68.7
2020-05-05,68.0278,69.4
2020-05-06,69.0537,71.0
2020-05-07,70.667,71.2
2020-05-08,70.1075,71.8
2020-05-09,72.0225,70.3
2020-05-10,70.1183,71.3
2020-05-11,69.4426,71.9
2020-05-12,70.5946,72.6
2020-05-13,72.6327,70.9
2020-05-14,71.4698,70.6
2020-05-15,71.3591,72.1
2020-05-16,73.4467,71.6
2020-05-17,74.9329,70.0
2020-05-18,72.8447,69.3
2020-05-19,70.7382,71.6
2020-05-20,69.8388,71.9
2020-05-21,69.236,72.8
2020-05-22,68.9265,71.2
2020-05-23,68.0491,72.4
2020-05-24,67.7325,72.0
2020-05-25,70.5295,72.1
2020-05-26,69.5765,73.2
2020-05-27,71.0571,73.8
2020-05-28,69.7952,73.8
2020-05-29,70.1628,73.2
2020-05-30,69.8362,74.6
2020-05-31,70.389,73.2
2020-06-01,69.9363,73.7
2020-06-02,68.4519,72.7
2020-06-03,70.3284,71.6
2020-06-04,67.2242,72.4
2020-06-05,70.0296,72.7
2020-06-06,71.7788,71.5
2020-06-07,70.5957,71.0
2020-06-08,70.131,70.2
2020-06-09,70.6125,71.1
2020-06-10,70.4165,70.0
2020-06-11,69.1164,69.9
2020-06-12,70.5333,69.9
2020-06-13,70.3249,69.3
2020-06-14,70.4468,69.1
2020-06-15,73.4767,71.2
2020-06-16,74.0816,70.0
2020-06-17,74.7703,71.2
2020-06-18,74.849,71.5
2020-06-19,72.6489,71.0
2020-06-20,71.4439,70.4
2020-06-21,70.8755,71.2
2020-06-22,70.5473,70.3
2020-06-23,70.2017,71.6
2020-06-24,70.005,71.8
2020-06-25,73.4817,71.8
2020-06-26,72.6808,70.8
2020-06-27,72.0215,70.0
2020-06-28,70.3032,69.4
2020-06-29,68.8117,71.0
2020-06-30,68.2887,71.1
2020-07-01,70.3669,71.0
2020-07-02,68.8808,69.8
2020-07-03,68.2583,70.5
2020-07-04,68.95,71.2
2020-07-05,68.7642,70.6
2020-07-06,69.8501,70.9
2020-07-07,72.5149,71.3
2020-07-08,69.1746,70.0
2020-07-09,71.6956,71.1
2020-07-10,70.6696,71.6
2020-07-11,71.9756,72.1
2020-07-12,72.8652,72.2
2020-07-13,71.2715,72.5
2020-07-14,72.5635,71.7
2020-07-15,74.2396,72.6
2020-07-16,75.3534,73.6
2020-07-17,75.8144,73.7
2020-07-18,75.7072,74.1
2020-07-19,76.2312,74.9
2020-07-20,76.6767,75.6
2020-07-21,74.9673,74.4
2020-07-22,75.3214,74.1
2020-07-23,75.8635,74.9
2020-07-24,77.1899,74.8
2020-07-25,74.1379,75.1
2020-07-26,72.4661,75.6
2020-07-27,71.2272,75.1
2020-07-28,71.6728,76.0
2020-07-29,70.1696,76.8
2020-07-30,70.7736,76.0
2020-07-31,69.9694,76.2
2020-08-01,70.8212,75.4
2020-08-02,71.3195,75.1
2020-08-03,73.801,74.2
2020-08-04,75.426,72.6
2020-08-05,76.6599,72.4
2020-08-06,75.8163,72.6
2020-08-07,75.8469,72.5
2020-08-08,77.8103,73.1
2020-08-09,77.0775,72.2
2020-08-10,78.6975,71.6
2020-08-11,79.102,72.6
2020-08-12,79.1801,71.6
2020-08-13,77.8306,72.1
2020-08-14,77.0388,71.8
2020-08-15,77.4207,72.1
2020-08-16,78.0118,71.9
2020-08-17,75.4881,71.4
2020-08-18,74.8424,71.5
2020-08-19,77.1984,71.6
2020-08-20,79.5761,71.4
2020-08-21,78.6484,70.5
2020-08-22,76.0872,70.8
2020-08-23,77.4986,69.5
2020-08-24,77.845,71.2
2020-08-25,75.0251,70.8
2020-08-26,74.5311,70.3
2020-08-27,75.539,70.5
2020-08-28,74.209,71.3
2020-08-29,73.9035,70.9
2020-08-30,72.3746,70.7
2020-08-31,72.4644,70.2
2020-09-01,71.7535,69.6
2020-09-02,71.0275,70.2
2020-09-03,71.2221,70.6
2020-09-04,70.689,69.7
2020-09-05,70.2262,69.6
2020-09-06,69.9146,70.2
2020-09-07,70.0255,70.4
2020-09-08,69.6796,70.6
2020-09-09,69.4484,71.2
2020-09-10,69.5472,70.7
2020-09-11,72.1188,71.9
2020-09-12,71.1415,72.9
2020-09-13,71.7189,73.7
2020-09-14,74.1055,74.1
2020-09-15,73.6573,73.8
2020-09-16,73.1066,72.9
2020-09-17,71.6401,74.4
2020-09-18,71.0603,74.1
2020-09-19,70.6565,73.0
2020-09-20,70.479,73.5
2020-09-21,70.8004,73.0
2020-09-22,71.8678,72.3
2020-09-23,73.6461,71.9
2020-09-24,72.7214,71.2
2020-09-25,71.9292,72.2
2020-09-26,70.8889,71.6
2020-09-27,73.5043,70.6
2020-09-28,74.783,71.5
2020-09-29,72.8387,72.9
2020-09-30,71.9583,73.3
2020-10-01,71.2019,72.6
2020-10-02,70.568,73.4
2020-10-03,70.2174,72.0
2020-10-04,69.9802,74.1
2020-10-05,70.5203,73.4
2020-10-06,73.4114,74.8
2020-10-07,73.9854,72.5
2020-10-08,73.3137,75.3
2020-10-09,71.6374,74.2
2020-10-10,73.1192,74.0
2020-10-11,73.4645,73.0
2020-10-12,72.8899,74.2
2020-10-13,71.7697,71.0
2020-10-14,74.4248,71.3
2020-10-15,74.8674,73.3
2020-10-16,75.5368,74.1
2020-10-17,73.3623,81.4
2020-10-18,72.3737,86.4
2020-10-19,74.4391,83.5
2020-10-20,72.3246,78.4
2020-10-21,74.5195,75.6
2020-10-22,76.9598,76.1
2020-10-23,75.8706,80.3
2020-10-24,76.2137,81.6
2020-10-25,77.0206,86.6
2020-10-26,73.1742,89.1
2020-10-27,76.7758,92.1
2020-10-28,74.7482,88.9
2020-10-29,74.8092,88.3
2020-10-30,76.7931,88.3
2020-10-31,76.8587,85.1
2020-11-01,79.0298,86.3
2020-11-02,77.7743,83.3
2020-11-03,77.755,80.7
2020-11-04,83.4443,78.5
2020-11-05,85.2642,76.9
2020-11-06,85.138,74.9
2020-11-07,80.7757,77.3
2020-11-08,79.6208,75.5
2020-11-09,78.3223,74.9
2020-11-10,72.1755,79.7
2020-11-11,77.6913,82.9
2020-11-12,79.5503,85.5
2020-11-13,76.7533,93.1
2020-11-14,77.644,97.9
2020-11-15,77.2148,101.0
2020-11-16,80.6846,103.0
2020-11-17,87.8582,103.5
2020-11-18,92.9046,106.6
2020-11-19,93.5279,113.1
2020-11-20,94.2259,106.4
2020-11-21,96.2487,101.2
2020-11-22,97.5692,101.9
2020-11-23,97.8552,99.9
2020-11-24,88.9463,93.0
2020-11-25,86.0137,97.0
2020-11-26,86.343,88.2
2020-11-27,81.9936,86.8
2020-11-28,81.908,80.0
2020-11-29,85.65,79.6
2020-11-30,83.1077,79.1
2020-12-01,79.7487,80.8
2020-12-02,82.4189,79.3
2020-12-03,85.7131,78.1
2020-12-04,83.0862,80.4
2020-12-05,86.4227,80.3
2020-12-06,84.1106,79.3
2020-12-07,83.0776,79.1
2020-12-08,78.8563,77.9
2020-12-09,81.1447,79.1
2020-12-10,83.9826,81.1
2020-12-11,82.331,77.0
2020-12-12,85.1739,83.0
2020-12-13,91.3288,83.6
2020-12-14,94.2311,84.5
2020-12-15,95.8107,84.9
2020-12-16,96.1934,85.0
2020-12-17,93.9075,84.9
2020-12-18,90.4303,84.3
2020-12-19,88.5316,81.4
2020-12-20,88.1217,80.1
2020-12-21,85.9846,78.5
2020-12-22,88.4705,77.7
2020-12-23,88.8473,78.8
2020-12-24,87.1851,77.8
2020-12-25,82.3009,75.0
2020-12-26,82.9089,72.6
2020-12-27,81.9482,71.7
2020-12-28,80.5595,72.2
2020-12-29,78.6587,72.8
2020-12-30,78.2659,71.8
2020-12-31,74.8045,70.7
2021-01-01,75.4243,70.8
2021-01-02,80.872,70.4
2021-01-03,79.4272,70.8
2021-01-04,79.2391,71.2
2021-01-05,78.8348,71.0
2021-01-06,81.638,75.2
2021-01-07,81.4467,74.8
2021-01-08,82.7253,72.9
2021-01-09,84.3264,75.6
2021-01-10,84.1389,74.7
2021-01-11,85.6412,75.2
2021-01-12,85.5704,75.8
2021-01-13,85.508,75.5
2021-01-14,83.9075,75.2
2021-01-15,82.9903,74.8
2021-01-16,81.0218,73.4
2021-01-17,81.8049,74.0
2021-01-18,82.217,73.4
2021-01-19,82.8352,73.2
2021-01-20,81.4219,71.6
2021-01-21,79.4632,71.2
2021-01-22,74.0868,70.8
2021-01-23,75.9908,70.2
2021-01-24,75.734,71.3
2021-01-25,75.3806,71.2
2021-01-26,71.978,71.1
2021-01-27,73.1835,71.0
2021-01-28,73.5456,70.8
2021-01-29,73.1823,71.3
2021-01-30,76.006,71.0
2021-01-31,76.0199,71.0
2021-02-01,75.8582,70.5
2021-02-02,75.5933,71.7
2021-02-03,78.485,69.6
2021-02-04,76.2229,69.7
2021-02-05,78.6487,68.0
2021-02-06,81.0246,69.1
2021-02-07,80.215,70.0
2021-02-08,80.2554,70.6
2021-02-09,81.7446,69.9
2021-02-10,78.8136,71.7
2021-02-11,77.9821,70.9
2021-02-12,76.4043,73.2
2021-02-13,74.3803,74.2
2021-02-14,73.3924,77.6
2021-02-15,72.0763,77.1
2021-02-16,72.6341,78.1
2021-02-17,73.01,76.4
2021-02-18,73.9182,75.7
2021-02-19,73.5873,72.7
2021-02-20,71.8132,73.3
2021-02-21,74.752,74.4
2021-02-22,74.741,74.1
2021-02-23,74.5249,73.9
2021-02-24,71.9714,74.4
2021-02-25,73.5559,76.4
2021-02-26,75.266,78.7
2021-02-27,76.0429,75.4
2021-02-28,77.3569,75.3
2021-03-01,76.2168,74.6
2021-03-02,75.7692,74.7
2021-03-03,75.1331,75.0
2021-03-04,74.5679,74.2
2021-03-05,76.5671,73.1
2021-03-06,77.8528,72.9
2021-03-07,78.2024,72.1
2021-03-08,80.6406,72.5
2021-03-09,80.86,72.5
2021-03-10,79.3353,74.1
2021-03-11,80.2814,74.6
2021-03-12,80.8585,76.0
2021-03-13,80.2783,76.4
2021-03-14,77.4203,75.3
2021-03-15,79.3544,74.8
2021-03-16,79.8536,74.7
2021-03-17,78.2553,74.7
2021-03-18,77.2515,73.6
2021-03-19,75.9349,73.2
2021-03-20,76.0288,74.5
2021-03-21,76.153,72.4
2021-03-22,75.6442,77.8
2021-03-23,71.6307,71.4
2021-03-24,73.1037,72.2
2021-03-25,72.1493,72.0
2021-03-26,72.0407,71.8
2021-03-27,68.0645,71.3
2021-03-28,71.6299,70.7
2021-03-29,72.3273,70.5
2021-03-30,76.4274,70.8
2021-03-31,73.5994,70.8
2021-04-01,74.6885,72.2
2021-04-02,72.2238,74.5
2021-04-03,72.8378,73.6
2021-04-04,72.4503,74.3
2021-04-05,72.3439,76.0
2021-04-06,72.3662,75.2
2021-04-07,72.9915,75.9
2021-04-08,72.8229,76.4
2021-04-09,75.3523,81.1
2021-04-10,77.1524,83.7
2021-04-11,76.7776,77.7
2021-04-12,74.711,78.6
2021-04-13,75.6791,76.1
2021-04-14,76.6683,77.7
2021-04-15,77.1888,78.7
2021-04-16,77.8788,79.2
2021-04-17,74.608,79.4
2021-04-18,75.9605,77.9
2021-04-19,74.2843,78.0
2021-04-20,78.1532,74.0
2021-04-21,76.6664,72.7
2021-04-22,76.1014,73.1
2021-04-23,75.1983,72.8
2021-04-24,76.325,71.8
2021-04-25,78.6329,70.7
2021-04-26,76.9516,72.1
2021-04-27,77.112,75.9
2021-04-28,78.3905,77.4
2021-04-29,79.6335,77.7
2021-04-30,78.0472,78.0
2021-05-01,78.9408,77.6
2021-05-02,76.4702,76.3
2021-05-03,77.5479,76.3
2021-05-04,76.2245,72.4
2021-05-05,74.6369,74.9
2021-05-06,74.2018,74.9
2021-05-07,76.8505,76.5
2021-05-08,74.1893,78.2
2021-05-09,74.7388,77.7
2021-05-10,81.119,74.0
2021-05-11,80.757,75.5
2021-05-12,81.4606,77.5
2021-05-13,81.3271,81.0
2021-05-14,75.42,74.5
2021-05-15,72.5076,85.7
2021-05-16,73.2152,90.3
2021-05-17,72.7636,85.5
2021-05-18,73.8209,79.5
2021-05-19,74.4228,78.1
2021-05-20,69.6163,76.5
2021-05-21,72.6192,84.0
2021-05-22,73.8508,77.3
2021-05-23,75.4231,78.5
2021-05-24,72.5777,77.7
2021-05-25,72.8827,79.4
2021-05-26,75.5351,76.6
2021-05-27,75.3431,79.7
2021-05-28,73.8627,83.2
2021-05-29,74.2585,82.3
2021-05-30,74.2945,81.0
2021-05-31,74.8336,75.6
2021-06-01,74.1336,79.7
2021-06-02,75.9048,80.0
2021-06-03,76.7791,80.5
2021-06-04,77.3628,79.3
2021-06-05,75.6017,77.9
2021-06-06,78.2687,79.6
2021-06-07,80.9105,87.7
2021-06-08,81.2043,79.5
2021-06-09,79.9969,79.6
2021-06-10,78.836,78.9
2021-06-11,78.6579,81.7
2021-06-12,79.1171,83.4
2021-06-13,84.1626,82.3
2021-06-14,82.2816,83.3
2021-06-15,84.8949,86.1
2021-06-16,87.5477,85.1
2021-06-17,90.2374,89.9
2021-06-18,90.7768,91.6
2021-06-19,87.745,95.6
2021-06-20,85.401,97.3
2021-06-21,81.3552,97.2
2021-06-22,75.4708,98.1
2021-06-23,74.995,96.8
2021-06-24,72.7653,94.1
2021-06-25,77.9474,92.4
2021-06-26,78.8243,86.0
2021-06-27,79.532,78.6
2021-06-28,80.2054,75.9
2021-06-29,80.5091,76.2
2021-06-30,85.431,76.5
2021-07-01,78.7486,76.0
2021-07-02,83.0327,74.0
2021-07-03,81.8617,74.3
2021-07-04,83.8941,74.5
2021-07-05,81.9978,75.9
2021-07-06,85.0088,77.5
2021-07-07,83.0655,80.0
2021-07-08,82.9697,83.0
2021-07-09,84.0991,85.3
2021-07-10,83.8632,89.8
2021-07-11,83.7894,96.5
2021-07-12,84.659,91.8
2021-07-13,83.6542,90.2
2021-07-14,86.1901,86.5
2021-07-15,84.5689,84.2
2021-07-16,83.9818,83.4
2021-07-17,87.2005,82.1
2021-07-18,90.5999,81.2
2021-07-19,90.0158,78.1
2021-07-20,87.2358,77.8
2021-07-21,82.6831,78.2
2021-07-22,80.1272,77.2
2021-07-23,81.2833,76.8
2021-07-24,79.183,78.1
2021-07-25,79.7092,72.8
2021-07-26,78.9355,76.5
2021-07-27,82.9928,76.5
2021-07-28,79.5919,75.8
2021-07-29,78.0757,75.5
2021-07-30,76.4772,75.0
2021-07-31,77.5151,75.3
2021-08-01,77.4602,75.8
2021-08-02,80.316,75.6
2021-08-03,82.5515,74.8
2021-08-04,83.4739,74.5
2021-08-05,85.4782,76.5
2021-08-06,85.573,76.3
2021-08-07,85.9326,75.0
2021-08-08,81.4054,77.1
2021-08-09,80.3648,76.7
2021-08-10,78.418,79.5
2021-08-11,79.6228,78.9
2021-08-12,80.6523,78.8
2021-08-13,83.4,79.8
2021-08-14,84.4706,82.6
2021-08-15,86.5212,85.4
2021-08-16,86.1982,90.5
2021-08-17,86.197,91.3
2021-08-18,85.414,91.7
2021-08-19,85.9567,90.5
2021-08-20,84.0162,92.4
2021-08-21,85.2954,86.0
2021-08-22,84.2981,85.7
2021-08-23,81.7772,87.3
2021-08-24,86.2124,85.3
2021-08-25,85.8172,88.0
2021-08-26,87.4598,94.9
2021-08-27,83.6328,101.1
2021-08-28,83.0391,102.8
2021-08-29,77.1858,101.9
2021-08-30,81.7485,101.1
2021-08-31,81.6799,97.6
2021-09-01,82.6944,93.0
2021-09-02,80.8163,88.8
2021-09-03,79.6316,84.3
2021-09-04,82.3646,79.0
2021-09-05,85.4198,76.1
2021-09-06,87.4196,74.0
2021-09-07,91.4503,74.1
2021-09-08,90.6789,74.4
2021-09-09,90.6703,75.7
2021-09-10,87.9816,80.7
2021-09-11,88.991,85.5
2021-09-12,92.4327,89.2
2021-09-13,95.9977,90.2
2021-09-14,96.7247,88.9
2021-09-15,97.6771,88.9
2021-09-16,93.5688,86.7
2021-09-17,93.691,85.6
2021-09-18,91.2392,89.3
2021-09-19,90.6913,102.0
2021-09-20,89.7187,94.8
2021-09-21,93.1985,90.7
2021-09-22,93.2452,87.1
2021-09-23,93.4244,86.1
2021-09-24,90.2383,83.5
2021-09-25,87.6898,81.7
2021-09-26,86.9948,84.7
2021-09-27,86.2348,85.6
2021-09-28,86.9724,92.2
2021-09-29,88.6138,89.8
2021-09-30,88.3744,84.2
2021-10-01,84.1656,88.2
2021-10-02,86.2529,83.1
2021-10-03,89.025,83.1
2021-10-04,88.1319,83.6
2021-10-05,88.1493,81.2
2021-10-06,87.1801,79.8
2021-10-07,89.2895,77.1
2021-10-08,87.205,76.2
2021-10-09,88.2766,78.2
2021-10-10,90.9407,77.2
2021-10-11,93.5459,81.6
2021-10-12,87.9862,84.8
2021-10-13,86.7683,89.1
2021-10-14,87.6841,92.8
2021-10-15,84.8499,100.6
2021-10-16,91.2559,109.4
2021-10-17,90.0386,110.8
2021-10-18,94.7183,111.3
2021-10-19,96.643,106.5
2021-10-20,95.4286,108.9
2021-10-21,90.1803,100.2
2021-10-22,95.8549,96.1
2021-10-23,96.908,94.5
2021-10-24,95.4129,90.9
2021-10-25,97.3807,90.8
2021-10-26,93.4173,89.6
2021-10-27,94.9754,85.4
2021-10-28,93.4256,88.2
2021-10-29,92.1322,89.1
2021-10-30,88.4163,89.6
2021-10-31,89.6812,86.9
2021-11-01,88.6751,82.5
2021-11-02,84.9997,82.3
2021-11-03,85.8754,81.9
2021-11-04,80.4701,77.4
2021-11-05,85.836,79.1
2021-11-06,82.0074,79.0
2021-11-07,86.2714,78.5
2021-11-08,83.4983,77.1
2021-11-09,84.8643,77.0
2021-11-10,87.6508,79.7
2021-11-11,88.9009,77.9
2021-11-12,85.0426,77.5
2021-11-13,86.0105,78.9
2021-11-14,85.8932,84.4
2021-11-15,86.7088,82.7
2021-11-16,84.3717,91.1
2021-11-17,84.9648,90.0
2021-11-18,84.9019,91.0
2021-11-19,84.9482,89.8
2021-11-20,87.905,87.5
2021-11-21,85.1739,84.0
2021-11-22,82.5844,84.2
2021-11-23,84.388,82.9
2021-11-24,85.2691,85.6
2021-11-25,82.2846,80.3
2021-11-26,83.2278,77.6
2021-11-27,84.9983,76.6
2021-11-28,83.5744,74.6
2021-11-29,83.3375,74.4
2021-11-30,82.3028,73.4
2021-12-01,81.7179,73.9
2021-12-02,82.9601,77.4
2021-12-03,81.5287,78.2
2021-12-04,85.7579,86.2
2021-12-05,85.5805,99.3
2021-12-06,85.251,114.2
2021-12-07,84.113,117.0
2021-12-08,84.7689,117.4
2021-12-09,86.1824,111.6
2021-12-10,90.0856,118.8
2021-12-11,92.9406,132.2
2021-12-12,98.56,135.8
2021-12-13,99.6232,125.6
2021-12-14,99.1557,122.1
2021-12-15,100.4044,126.5
2021-12-16,100.0074,121.2
2021-12-17,95.0237,119.9
2021-12-18,93.225,116.5
2021-12-19,87.4647,107.8
2021-12-20,87.9685,99.0
2021-12-21,83.1897,98.2
2021-12-22,87.9872,90.8
2021-12-23,86.8213,86.0
2021-12-24,88.7106,81.3
2021-12-25,91.6294,82.7
2021-12-26,91.5848,81.0
2021-12-27,93.283,90.6
2021-12-28,90.8863,103.8
2021-12-29,92.572,99.1
2021-12-30,91.2564,98.7
2021-12-31,96.4591,98.8
