t_date,oof_adj,y_adj
1996-02-29,70.0952,68.4
1996-03-01,69.171,66.8
1996-03-02,70.0921,68.8
1996-03-03,70.4323,66.6
1996-03-04,73.0695,68.2
1996-03-05,69.616,70.9
1996-03-06,68.5734,72.4
1996-03-07,70.7462,70.5
1996-03-08,69.5022,70.0
1996-03-09,68.8385,69.6
1996-03-10,70.3233,70.3
1996-03-11,78.6369,70.0
1996-03-12,74.6153,70.0
1996-03-13,72.387,69.4
1996-03-14,71.6252,68.8
1996-03-15,72.0398,69.9
1996-03-16,70.3043,73.4
1996-03-17,71.4174,71.6
1996-03-18,75.869,70.9
1996-03-19,73.5141,72.1
1996-03-20,71.8137,71.6
1996-03-21,72.8882,71.6
1996-03-22,71.55,71.7
1996-03-23,68.2785,70.3
1996-03-24,68.3537,70.1
1996-03-25,66.8425,70.0
1996-03-26,67.6608,68.1
1996-03-27,67.6862,70.6
1996-03-28,68.5417,71.1
1996-03-29,69.0704,70.2
1996-03-30,70.3689,70.0
1996-03-31,72.5031,68.8
1996-04-01,68.7926,68.6
1996-04-02,72.4846,68.6
1996-04-03,70.8096,69.3
1996-04-04,70.4239,69.1
1996-04-05,70.7273,68.8
1996-04-06,70.9151,68.7
1996-04-07,71.1789,69.3
1996-04-08,71.333,69.1
1996-04-09,72.985,68.5
1996-04-10,73.5753,68.8
1996-04-11,73.7034,69.9
1996-04-12,78.0706,70.8
1996-04-13,74.4685,71.2
1996-04-14,71.3056,72.3
1996-04-15,70.75,74.8
1996-04-16,71.1256,73.2
1996-04-17,72.1601,71.9
1996-04-18,71.2285,69.5
1996-04-19,68.2653,68.7
1996-04-20,67.1427,69.1
1996-04-21,66.6634,69.2
1996-04-22,67.4123,68.6
1996-04-23,69.6148,69.5
1996-04-24,71.982,69.6
1996-04-25,68.9325,68.9
1996-04-26,69.7196,69.0
1996-04-27,70.3362,69.5
1996-04-28,70.3249,70.6
1996-04-29,71.1136,72.0
1996-04-30,71.4823,76.0
1996-05-01,71.2777,76.3
1996-05-02,73.2078,77.5
1996-05-03,74.6108,77.7
1996-05-04,76.3665,79.1
1996-05-05,75.7111,78.0
1996-05-06,82.9545,75.1
1996-05-07,82.4996,74.3
1996-05-08,80.4352,73.4
1996-05-09,81.4418,72.5
1996-05-10,77.1397,72.6
1996-05-11,71.2654,72.9
1996-05-12,68.72,72.0
1996-05-13,68.5404,70.4
1996-05-14,69.1973,69.6
1996-05-15,67.3742,68.5
1996-05-16,68.6633,68.1
1996-05-17,70.5169,68.9
1996-05-18,75.3731,69.0
1996-05-19,71.449,68.7
1996-05-20,73.3977,68.7
1996-05-21,69.3049,68.4
1996-05-22,68.1899,67.8
1996-05-23,68.7575,68.3
1996-05-24,69.702,68.4
1996-05-25,69.9322,69.9
1996-05-26,70.085,70.8
1996-05-27,70.0164,70.7
1996-05-28,69.7336,71.3
1996-05-29,70.1384,71.6
1996-05-30,71.8756,73.0
1996-05-31,73.9629,73.9
1996-06-01,77.3301,75.9
1996-06-02,75.4947,72.9
1996-06-03,73.1924,72.4
1996-06-04,70.9607,71.5
1996-06-05,68.1609,70.6
1996-06-06,68.533,69.7
1996-06-07,70.8705,70.7
1996-06-08,69.6582,70.1
1996-06-09,66.836,69.5
1996-06-10,67.7697,69.6
1996-06-11,69.9493,69.8
1996-06-12,75.4013,69.9
1996-06-13,74.1738,70.7
1996-06-14,73.899,71.9
1996-06-15,73.3611,72.7
1996-06-16,73.0261,72.6
1996-06-17,72.7156,72.0
1996-06-18,75.3437,75.2
1996-06-19,78.7276,74.7
1996-06-20,78.4802,74.5
1996-06-21,77.9609,74.0
1996-06-22,77.6395,74.2
1996-06-23,75.0806,73.7
1996-06-24,77.4289,73.6
1996-06-25,76.9749,73.3
1996-06-26,73.8319,72.8
1996-06-27,68.5686,71.3
1996-06-28,66.6778,71.5
1996-06-29,67.9797,71.0
1996-06-30,68.2764,70.5
1996-07-01,69.2067,74.3
1996-07-02,70.7994,84.3
1996-07-03,69.3975,86.5
1996-07-04,67.1259,82.5
1996-07-05,71.1004,79.6
1996-07-06,71.7623,76.2
1996-07-07,74.8694,72.5
1996-07-08,78.7576,70.0
1996-07-09,76.0542,69.3
1996-07-10,75.0121,69.1
1996-07-11,73.9087,69.0
1996-07-12,73.8802,67.0
1996-07-13,76.6119,68.3
1996-07-14,76.3492,67.5
1996-07-15,75.2927,67.2
1996-07-16,74.299,68.2
1996-07-17,73.3623,68.9
1996-07-18,71.3367,68.3
1996-07-19,72.5256,70.4
1996-07-20,70.9405,72.4
1996-07-21,70.339,75.6
1996-07-22,70.7845,77.8
1996-07-23,71.4493,80.3
1996-07-24,71.1055,82.3
1996-07-25,72.493,82.7
1996-07-26,77.3253,82.8
1996-07-27,82.0416,81.9
1996-07-28,82.8391,81.6
1996-07-29,83.8842,79.9
1996-07-30,84.7337,76.2
1996-07-31,77.188,75.1
1996-08-01,75.3608,73.7
1996-08-02,74.3442,71.7
1996-08-03,74.168,72.1
1996-08-04,69.8127,73.6
1996-08-05,68.1048,74.8
1996-08-06,68.071,72.0
1996-08-07,67.9585,71.4
1996-08-08,67.1278,70.5
1996-08-09,68.8272,69.3
1996-08-10,68.853,69.3
1996-08-11,66.0137,69.5
1996-08-12,65.5957,68.4
1996-08-13,67.8296,69.3
1996-08-14,71.1554,70.1
1996-08-15,73.0002,71.3
1996-08-16,73.236,74.5
1996-08-17,74.5725,75.8
1996-08-18,74.6475,76.2
1996-08-19,78.3379,76.3
1996-08-20,80.1066,75.8
1996-08-21,82.7743,75.9
1996-08-22,79.8373,74.7
1996-08-23,83.1551,75.0
1996-08-24,84.4568,74.7
1996-08-25,84.0666,77.6
1996-08-26,83.3348,74.8
1996-08-27,78.5649,73.6
1996-08-28,76.6935,72.4
1996-08-29,73.8094,72.0
1996-08-30,73.2292,71.4
1996-08-31,74.8643,70.8
1996-09-01,70.8272,70.5
1996-09-02,69.3376,69.2
1996-09-03,68.9234,68.8
1996-09-04,68.9319,68.9
1996-09-05,71.1602,68.5
1996-09-06,72.193,68.6
1996-09-07,73.4001,68.1
1996-09-08,67.4863,67.9
1996-09-09,69.4358,67.1
1996-09-10,71.0394,68.7
1996-09-11,72.0054,69.6
1996-09-12,75.0414,69.6
1996-09-13,71.8941,69.8
1996-09-14,71.782,69.7
1996-09-15,71.4798,70.3
1996-09-16,72.7405,69.1
1996-09-17,73.6452,70.4
1996-09-18,74.965,70.4
1996-09-19,74.4999,71.2
1996-09-20,73.944,70.4
1996-09-21,73.8584,70.1
1996-09-22,72.7522,71.2
1996-09-23,73.1106,70.3
1996-09-24,72.9047,69.7
1996-09-25,73.1721,69.6
1996-09-26,72.5097,69.8
1996-09-27,72.0142,69.6
1996-09-28,72.4548,69.4
1996-09-29,71.8489,68.5
1996-09-30,71.3262,68.8
1996-10-01,71.1642,68.2
1996-10-02,71.3029,67.7
1996-10-03,71.2896,67.7
1996-10-04,71.2642,67.4
1996-10-05,70.7891,66.4
1996-10-06,71.0103,66.9
1996-10-07,70.7681,67.3
1996-10-08,70.5071,68.2
1996-10-09,70.5551,68.6
1996-10-10,70.4557,68.1
1996-10-11,69.8668,68.0
1996-10-12,70.1596,69.0
1996-10-13,70.5065,70.4
1996-10-14,71.1648,70.6
1996-10-15,71.5099,69.0
1996-10-16,71.1874,69.1
1996-10-17,70.9703,69.1
1996-10-18,71.4382,69.1
1996-10-19,72.2482,69.1
1996-10-20,71.5586,70.3
1996-10-21,70.5937,71.2
1996-10-22,70.3784,67.5
1996-10-23,70.4058,69.4
1996-10-24,70.5082,69.7
1996-10-25,70.996,68.6
1996-10-26,70.0022,68.5
1996-10-27,69.0941,67.9
1996-10-28,68.6623,68.3
1996-10-29,70.7154,67.8
1996-10-30,71.3588,67.1
1996-10-31,70.7835,68.0
1996-11-01,70.5371,67.3
1996-11-02,70.2179,67.8
1996-11-03,70.5399,68.9
1996-11-04,70.373,69.6
1996-11-05,69.9746,70.0
1996-11-06,70.517,70.7
1996-11-07,70.1726,71.5
1996-11-08,70.4396,72.1
1996-11-09,72.9739,71.9
1996-11-10,74.5315,72.2
1996-11-11,73.4914,70.4
1996-11-12,74.4368,72.4
1996-11-13,74.5718,72.6
1996-11-14,71.0579,72.7
1996-11-15,71.5264,72.6
1996-11-16,75.3321,80.6
1996-11-17,72.1457,88.7
1996-11-18,69.8205,97.3
1996-11-19,70.3972,101.7
1996-11-20,72.3581,100.8
1996-11-21,75.2591,100.0
1996-11-22,80.2634,95.4
1996-11-23,80.5876,88.5
1996-11-24,90.6388,85.1
1996-11-25,80.2297,80.8
1996-11-26,77.1463,75.7
1996-11-27,76.2184,70.7
1996-11-28,72.4125,68.6
1996-11-29,70.3855,67.6
1996-11-30,69.1679,67.6
1996-12-01,67.2097,67.1
1996-12-02,67.2821,66.6
1996-12-03,67.2651,71.5
1996-12-04,68.3484,70.2
1996-12-05,69.3884,75.2
1996-12-06,70.6408,78.6
1996-12-07,69.8965,79.2
1996-12-08,72.337,80.0
1996-12-09,76.7929,82.3
1996-12-10,76.8949,83.5
1996-12-11,81.6777,83.6
1996-12-12,83.957,85.6
1996-12-13,84.3367,84.6
1996-12-14,84.1652,80.3
1996-12-15,81.5742,80.9
1996-12-16,83.5272,78.9
1996-12-17,81.1256,76.9
1996-12-18,80.8269,76.4
1996-12-19,76.6585,74.7
1996-12-20,73.6419,73.0
1996-12-21,72.5098,72.2
1996-12-22,70.0517,71.8
1996-12-23,67.3187,71.4
1996-12-24,74.0842,70.1
1996-12-25,71.076,69.8
1996-12-26,72.2,70.0
1996-12-27,73.3871,69.7
1996-12-28,74.3639,70.8
1996-12-29,73.7962,71.4
1996-12-30,73.293,71.9
1996-12-31,73.5145,70.6
1997-01-01,74.1124,70.9
1997-01-02,74.3516,71.3
1997-01-03,76.4831,71.3
1997-01-04,79.5216,72.9
1997-01-05,79.0736,71.6
1997-01-06,76.2709,72.1
1997-01-07,78.7711,72.1
1997-01-08,75.7494,72.4
1997-01-09,73.5626,73.3
1997-01-10,72.2047,72.4
1997-01-11,70.9811,71.7
1997-01-12,72.337,72.2
1997-01-13,73.294,72.9
1997-01-14,73.865,74.3
1997-01-15,74.7861,71.8
1997-01-16,73.3822,70.7
1997-01-17,73.071,71.1
1997-01-18,73.0203,71.9
1997-01-19,71.8407,70.9
1997-01-20,74.1659,71.9
1997-01-21,73.414,71.3
1997-01-22,72.7384,70.8
1997-01-23,74.3596,72.4
1997-01-24,80.6559,71.5
1997-01-25,77.7208,70.3
1997-01-26,77.6949,69.2
1997-01-27,76.0646,76.2
1997-01-28,71.5339,77.4
1997-01-29,78.088,78.4
1997-01-30,73.8306,73.3
1997-01-31,72.8102,72.2
1997-02-01,71.8544,73.7
1997-02-02,76.2347,73.2
1997-02-03,72.2634,71.2
1997-02-04,72.5497,70.4
1997-02-05,69.779,69.3
1997-02-06,70.3065,69.1
1997-02-07,73.2569,69.3
1997-02-08,77.4852,69.6
1997-02-09,76.0053,70.1
1997-02-10,71.9533,70.3
1997-02-11,71.762,71.4
1997-02-12,72.0642,71.2
1997-02-13,72.4094,70.4
1997-02-14,72.6918,71.0
1997-02-15,73.0563,71.6
1997-02-16,76.3743,71.9
1997-02-17,73.3516,73.0
1997-02-18,72.8278,73.1
1997-02-19,73.8769,72.6
1997-02-20,78.1639,72.4
1997-02-21,76.0422,72.4
1997-02-22,76.8035,71.5
1997-02-23,77.2452,72.9
1997-02-24,81.4436,71.1
1997-02-25,78.9042,72.8
1997-02-26,72.6419,72.8
1997-02-27,72.1332,73.4
1997-02-28,71.7105,74.2
1997-03-01,72.6168,73.1
1997-03-02,71.6329,73.6
1997-03-03,73.8139,74.1
1997-03-04,74.9445,73.8
1997-03-05,76.0909,73.4
1997-03-06,82.3176,73.4
1997-03-07,81.2859,73.3
1997-03-08,80.667,74.7
1997-03-09,79.7973,75.0
1997-03-10,73.445,75.0
1997-03-11,72.6559,74.4
1997-03-12,72.2201,73.7
1997-03-13,72.4474,73.1
1997-03-14,70.1966,71.0
1997-03-15,71.0742,70.0
1997-03-16,70.0152,70.1
1997-03-17,70.4832,70.3
1997-03-18,74.3065,70.6
1997-03-19,71.7299,70.2
1997-03-20,74.3778,69.5
1997-03-21,70.0714,71.9
1997-03-22,70.101,72.9
1997-03-23,70.7168,75.1
1997-03-24,71.3782,73.8
1997-03-25,71.7572,74.6
1997-03-26,71.8162,76.2
1997-03-27,76.9123,80.4
1997-03-28,79.9804,78.8
1997-03-29,80.4317,78.6
1997-03-30,81.2256,80.3
1997-03-31,77.0274,78.3
1997-04-01,77.8528,77.0
1997-04-02,83.6428,76.3
1997-04-03,83.9101,78.3
1997-04-04,83.9775,78.0
1997-04-05,81.9993,77.4
1997-04-06,75.1582,76.9
1997-04-07,73.5274,79.3
1997-04-08,69.6115,77.9
1997-04-09,72.4579,79.2
1997-04-10,71.7358,75.6
1997-04-11,65.6063,72.3
1997-04-12,65.6184,70.7
1997-04-13,68.7689,70.6
1997-04-14,68.7358,70.4
1997-04-15,68.9271,70.9
1997-04-16,67.1024,71.5
1997-04-17,64.7869,69.7
1997-04-18,68.8351,70.7
1997-04-19,73.459,69.6
1997-04-20,74.5705,71.8
1997-04-21,76.2545,74.1
1997-04-22,78.318,73.4
1997-04-23,77.4704,72.9
1997-04-24,76.828,73.7
1997-04-25,76.6358,73.4
1997-04-26,73.6681,73.3
1997-04-27,74.0669,72.3
1997-04-28,75.0089,72.1
1997-04-29,79.6668,73.6
1997-04-30,76.9196,73.4
1997-05-01,76.6554,73.3
1997-05-02,76.343,73.3
1997-05-03,71.7239,73.0
1997-05-04,75.6023,74.8
1997-05-05,76.0437,73.8
1997-05-06,78.4922,73.7
1997-05-07,78.3846,75.4
1997-05-08,71.5984,75.1
1997-05-09,71.4347,74.7
1997-05-10,72.3521,73.9
1997-05-11,73.2648,74.4
1997-05-12,75.6952,75.8
1997-05-13,74.66,76.0
1997-05-14,73.7779,81.1
1997-05-15,73.4165,86.9
1997-05-16,76.2857,83.0
1997-05-17,79.1719,78.1
1997-05-18,74.6472,78.9
1997-05-19,74.3256,80.1
1997-05-20,77.428,82.0
1997-05-21,81.6192,80.4
1997-05-22,78.4714,79.5
1997-05-23,69.8966,77.6
1997-05-24,74.4472,77.2
1997-05-25,77.2175,74.5
1997-05-26,76.8857,79.6
1997-05-27,78.3032,79.1
1997-05-28,76.1878,77.4
1997-05-29,81.1532,76.1
1997-05-30,81.7867,76.1
1997-05-31,81.0828,76.4
1997-06-01,77.9148,76.9
1997-06-02,76.1613,75.4
1997-06-03,76.3803,75.3
1997-06-04,77.7523,74.2
1997-06-05,79.5264,73.0
1997-06-06,77.7495,71.8
1997-06-07,79.4495,72.3
1997-06-08,80.895,72.9
1997-06-09,81.8423,73.0
1997-06-10,85.6502,74.4
1997-06-11,80.0712,71.8
1997-06-12,81.1081,73.5
1997-06-13,76.1848,72.4
1997-06-14,74.9039,72.5
1997-06-15,74.6572,69.8
1997-06-16,74.68,71.8
1997-06-17,73.3077,71.3
1997-06-18,76.1737,72.2
1997-06-19,74.8092,74.1
1997-06-20,75.2568,74.2
1997-06-21,76.5182,74.1
1997-06-22,73.521,73.6
1997-06-23,76.7315,72.6
1997-06-24,77.4141,72.1
1997-06-25,76.9055,72.4
1997-06-26,71.0637,72.4
1997-06-27,70.5641,71.4
1997-06-28,71.0847,72.0
1997-06-29,73.9428,72.0
1997-06-30,73.3279,70.6
1997-07-01,75.3619,72.6
1997-07-02,78.115,72.1
1997-07-03,77.8449,72.3
1997-07-04,76.9577,70.8
1997-07-05,76.1592,70.9
1997-07-06,73.6954,69.6
1997-07-07,69.9193,69.3
1997-07-08,69.0919,70.3
1997-07-09,68.335,71.5
1997-07-10,71.0134,71.9
1997-07-11,73.1675,72.2
1997-07-12,74.8862,72.3
1997-07-13,75.7942,72.8
1997-07-14,77.827,73.5
1997-07-15,76.0229,73.6
1997-07-16,75.6835,74.5
1997-07-17,77.2055,78.1
1997-07-18,75.9678,81.2
1997-07-19,72.9964,83.0
1997-07-20,74.858,79.0
1997-07-21,73.2182,76.8
1997-07-22,80.8954,76.5
1997-07-23,83.6082,75.0
1997-07-24,85.4535,73.2
1997-07-25,77.0867,72.5
1997-07-26,73.9231,73.2
1997-07-27,71.7162,72.9
1997-07-28,72.9488,74.3
1997-07-29,72.1354,74.9
1997-07-30,70.115,76.9
1997-07-31,72.3658,79.0
1997-08-01,74.3153,80.1
1997-08-02,79.4789,79.9
1997-08-03,80.2193,80.3
1997-08-04,76.0544,80.4
1997-08-05,73.8762,81.6
1997-08-06,75.4729,83.0
1997-08-07,74.0952,84.2
1997-08-08,80.1574,81.6
1997-08-09,81.2037,79.6
1997-08-10,85.1796,79.8
1997-08-11,87.8167,77.4
1997-08-12,86.4085,77.7
1997-08-13,84.2192,76.1
1997-08-14,82.1692,76.3
1997-08-15,74.3943,76.3
1997-08-16,78.4761,77.2
1997-08-17,74.6708,78.2
1997-08-18,75.522,79.4
1997-08-19,71.5661,83.7
1997-08-20,74.1597,85.5
1997-08-21,75.7713,83.5
1997-08-22,77.0159,92.3
1997-08-23,78.8794,93.3
1997-08-24,80.2351,93.8
1997-08-25,88.4398,98.2
1997-08-26,89.9759,95.1
1997-08-27,88.8303,93.3
1997-08-28,85.3348,94.7
1997-08-29,83.8453,94.6
1997-08-30,80.9831,97.6
1997-08-31,89.574,99.1
1997-09-01,86.2859,103.6
1997-09-02,82.5513,109.3
1997-09-03,87.6204,117.7
1997-09-04,90.6613,116.4
1997-09-05,89.1592,110.0
1997-09-06,94.7616,110.3
1997-09-07,98.5323,108.9
1997-09-08,102.0668,103.7
1997-09-09,104.7273,99.1
1997-09-10,90.159,96.4
1997-09-11,87.6854,94.0
1997-09-12,84.3666,89.0
1997-09-13,87.4601,89.1
1997-09-14,87.0591,88.4
1997-09-15,80.9828,85.8
1997-09-16,80.3799,89.6
1997-09-17,80.9992,92.3
1997-09-18,80.2694,93.5
1997-09-19,83.9049,88.9
1997-09-20,81.806,89.5
1997-09-21,87.9709,88.8
1997-09-22,94.3681,87.5
1997-09-23,98.0085,90.0
1997-09-24,98.837,87.9
1997-09-25,91.8021,87.3
1997-09-26,92.1284,86.0
1997-09-27,88.0749,85.8
1997-09-28,87.5193,83.4
1997-09-29,89.5566,84.3
1997-09-30,94.4009,83.6
1997-10-01,95.5997,83.4
1997-10-02,97.7613,82.7
1997-10-03,96.4899,83.3
1997-10-04,93.2624,84.0
1997-10-05,88.5463,85.8
1997-10-06,87.7826,88.3
1997-10-07,91.1201,87.8
1997-10-08,88.6579,84.3
1997-10-09,87.2631,86.4
1997-10-10,80.9145,86.9
1997-10-11,77.8502,87.5
1997-10-12,81.6442,85.9
1997-10-13,80.403,84.0
1997-10-14,86.4708,82.1
1997-10-15,87.2047,84.2
1997-10-16,87.49,79.9
1997-10-17,88.0209,78.8
1997-10-18,88.2319,77.7
1997-10-19,81.7629,80.5
1997-10-20,83.366,81.0
1997-10-21,85.1089,83.3
1997-10-22,83.6179,84.4
1997-10-23,83.3242,86.0
1997-10-24,86.4954,86.9
1997-10-25,90.827,89.2
1997-10-26,92.0444,91.6
1997-10-27,92.4738,96.2
1997-10-28,95.3021,108.0
1997-10-29,95.0918,115.9
1997-10-30,95.7372,111.9
1997-10-31,88.682,103.5
1997-11-01,85.7468,92.7
1997-11-02,88.3896,87.9
1997-11-03,93.3689,84.8
1997-11-04,90.6238,87.6
1997-11-05,88.833,89.6
1997-11-06,84.0034,85.4
1997-11-07,78.6659,88.2
1997-11-08,77.0488,91.0
1997-11-09,77.6854,94.1
1997-11-10,75.4859,94.1
1997-11-11,80.8179,92.0
1997-11-12,81.6114,89.4
1997-11-13,93.3548,96.8
1997-11-14,98.6776,86.5
1997-11-15,102.4813,93.6
1997-11-16,103.9078,97.7
1997-11-17,100.7238,97.3
1997-11-18,98.8025,100.6
1997-11-19,98.314,99.4
1997-11-20,91.7914,105.2
1997-11-21,96.9017,108.2
1997-11-22,100.8939,113.2
1997-11-23,101.3674,109.0
1997-11-24,105.5938,109.3
1997-11-25,107.4214,113.7
1997-11-26,112.9224,109.0
1997-11-27,115.9191,109.0
1997-11-28,117.2366,104.2
1997-11-29,113.822,100.7
1997-11-30,100.7036,105.6
1997-12-01,98.3285,96.0
1997-12-02,93.7393,95.1
1997-12-03,91.2107,93.8
1997-12-04,89.1095,92.2
1997-12-05,83.27,93.4
1997-12-06,87.1384,89.6
1997-12-07,88.0372,86.5
1997-12-08,91.4748,87.1
1997-12-09,86.4815,86.3
1997-12-10,83.3205,82.0
1997-12-11,81.0045,82.9
1997-12-12,79.5746,83.5
1997-12-13,79.018,86.8
1997-12-14,83.7389,86.7
1997-12-15,88.2963,89.0
1997-12-16,89.1396,85.5
1997-12-17,84.4088,100.7
1997-12-18,87.8278,104.3
1997-12-19,93.9126,101.3
1997-12-20,102.6515,101.3
1997-12-21,105.3159,92.7
1997-12-22,104.2665,98.7
1997-12-23,114.8284,101.0
1997-12-24,114.4244,101.0
1997-12-25,111.0825,101.1
1997-12-26,111.1822,98.3
1997-12-27,93.6574,97.6
1997-12-28,95.276,97.7
1997-12-29,95.9967,87.7
1997-12-30,90.7335,86.3
1997-12-31,89.5161,84.1
1998-01-01,81.7735,82.1
1998-01-02,79.201,79.5
1998-01-03,79.2953,78.9
1998-01-04,74.6183,78.0
1998-01-05,78.0265,82.0
1998-01-06,78.6134,92.7
1998-01-07,85.0737,87.5
1998-01-08,86.0939,90.8
1998-01-09,89.4244,94.6
1998-01-10,91.7926,94.4
1998-01-11,94.1829,93.1
1998-01-12,97.0841,92.0
1998-01-13,93.4213,90.5
1998-01-14,99.4996,88.5
1998-01-15,96.1971,88.0
1998-01-16,93.0278,90.1
1998-01-17,93.8151,93.9
1998-01-18,89.7738,94.5
1998-01-19,90.1623,105.0
1998-01-20,96.7542,96.9
1998-01-21,94.5614,97.7
1998-01-22,97.0008,93.7
1998-01-23,101.6686,90.9
1998-01-24,101.9273,88.4
1998-01-25,100.4971,86.8
1998-01-26,90.7787,88.1
1998-01-27,84.0198,86.5
1998-01-28,79.7152,86.3
1998-01-29,78.8391,86.6
1998-01-30,80.0114,83.1
1998-01-31,82.2587,81.8
1998-02-01,86.932,80.8
1998-02-02,88.8059,81.3
1998-02-03,95.1703,81.5
1998-02-04,94.8463,81.5
1998-02-05,91.6853,84.0
1998-02-06,90.1137,88.3
1998-02-07,83.2524,92.3
1998-02-08,86.8153,102.3
1998-02-09,89.2488,104.7
1998-02-10,94.2921,104.2
1998-02-11,98.9705,102.4
1998-02-12,102.3619,100.9
1998-02-13,104.6807,96.3
1998-02-14,107.6656,93.6
1998-02-15,105.8331,92.8
1998-02-16,103.7779,93.5
1998-02-17,100.2172,97.3
1998-02-18,88.0303,96.6
1998-02-19,86.255,92.9
1998-02-20,84.8675,90.9
1998-02-21,87.6853,88.6
1998-02-22,86.1004,92.3
1998-02-23,88.7432,96.5
1998-02-24,88.4139,95.1
1998-02-25,81.9995,95.0
1998-02-26,80.5441,100.0
1998-02-27,79.5088,95.1
1998-02-28,86.9048,90.3
1998-03-01,90.7258,90.5
1998-03-02,92.557,89.9
1998-03-03,89.1452,88.7
1998-03-04,91.7145,95.0
1998-03-05,90.8946,99.4
1998-03-06,94.4235,100.3
1998-03-07,102.011,103.7
1998-03-08,105.5085,118.2
1998-03-09,104.9002,131.6
1998-03-10,108.1112,122.6
1998-03-11,111.3539,124.3
1998-03-12,111.4169,125.9
1998-03-13,109.5921,123.5
1998-03-14,109.8275,125.5
1998-03-15,107.3354,124.9
1998-03-16,101.6007,126.8
1998-03-17,98.4593,121.3
1998-03-18,102.9169,119.9
1998-03-19,102.3372,114.4
1998-03-20,101.6854,109.5
1998-03-21,103.5864,110.0
1998-03-22,105.9112,103.6
1998-03-23,106.7524,100.0
1998-03-24,108.4469,107.2
1998-03-25,90.2521,107.9
1998-03-26,91.2736,105.6
1998-03-27,92.5846,103.4
1998-03-28,92.337,103.6
1998-03-29,100.3379,110.2
1998-03-30,106.4085,126.4
1998-03-31,110.5269,133.7
1998-04-01,107.5163,135.5
1998-04-02,103.0858,141.0
1998-04-03,103.1852,140.2
1998-04-04,115.2488,130.2
1998-04-05,129.2157,128.8
1998-04-06,134.0075,117.6
1998-04-07,132.1754,115.5
1998-04-08,131.3741,112.6
1998-04-09,126.5553,113.5
1998-04-10,114.0248,107.2
1998-04-11,104.1888,102.1
1998-04-12,95.0602,99.4
1998-04-13,92.2003,96.7
1998-04-14,93.0112,98.7
1998-04-15,94.846,92.9
1998-04-16,93.3495,88.5
1998-04-17,92.7572,91.3
1998-04-18,96.8314,91.7
1998-04-19,102.1742,93.0
1998-04-20,97.7697,91.8
1998-04-21,98.3102,92.6
1998-04-22,96.4908,99.8
1998-04-23,101.3051,99.1
1998-04-24,110.0338,104.1
1998-04-25,117.77,115.1
1998-04-26,116.6489,118.8
1998-04-27,117.8061,119.3
1998-04-28,119.6009,123.2
1998-04-29,115.5194,135.7
1998-04-30,117.9724,132.4
1998-05-01,125.3107,125.6
1998-05-02,123.0542,120.2
1998-05-03,113.2837,112.8
1998-05-04,113.0266,109.3
1998-05-05,117.8859,110.2
1998-05-06,111.0156,114.4
1998-05-07,108.7384,119.1
1998-05-08,103.7141,119.8
1998-05-09,98.5923,118.6
1998-05-10,97.0905,120.4
1998-05-11,101.9012,113.0
1998-05-12,107.4722,104.6
1998-05-13,112.6854,101.5
1998-05-14,109.0251,94.1
1998-05-15,100.0286,91.2
1998-05-16,100.3171,89.6
1998-05-17,96.5251,92.6
1998-05-18,95.1174,98.0
1998-05-19,94.8538,94.7
1998-05-20,93.9704,94.9
1998-05-21,95.0267,96.6
1998-05-22,96.8433,101.1
1998-05-23,102.2547,97.6
1998-05-24,112.077,98.8
1998-05-25,109.8187,96.8
1998-05-26,111.5222,103.0
1998-05-27,114.4509,107.7
1998-05-28,116.0437,116.4
1998-05-29,105.582,115.0
1998-05-30,111.6297,118.4
1998-05-31,107.1194,118.5
1998-06-01,111.7482,116.4
1998-06-02,113.1016,120.5
1998-06-03,119.1031,115.7
1998-06-04,120.2734,115.3
1998-06-05,120.6639,115.8
1998-06-06,109.6017,115.7
1998-06-07,102.2204,113.9
1998-06-08,102.8536,105.1
1998-06-09,98.4044,103.6
1998-06-10,95.3072,107.3
1998-06-11,99.737,103.9
1998-06-12,101.8775,103.3
1998-06-13,102.2954,101.8
1998-06-14,96.6694,104.4
1998-06-15,106.3335,105.4
1998-06-16,109.8395,103.8
1998-06-17,109.7726,98.9
1998-06-18,107.5776,108.8
1998-06-19,102.1918,109.7
1998-06-20,104.2813,112.8
1998-06-21,102.9354,119.1
1998-06-22,107.8265,126.1
1998-06-23,110.4501,123.3
1998-06-24,121.8908,125.0
1998-06-25,124.2075,131.1
1998-06-26,124.5495,124.4
1998-06-27,127.8164,131.9
1998-06-28,134.0464,133.5
1998-06-29,130.7171,127.6
1998-06-30,124.541,125.2
1998-07-01,123.2473,118.5
1998-07-02,117.1706,116.2
1998-07-03,120.9357,118.2
1998-07-04,110.9869,112.9
1998-07-05,110.425,111.3
1998-07-06,104.1042,102.6
1998-07-07,104.2033,109.7
1998-07-08,95.8164,106.3
1998-07-09,97.4694,108.2
1998-07-10,101.4426,109.7
1998-07-11,106.4202,103.6
1998-07-12,104.642,102.4
1998-07-13,107.4558,105.2
1998-07-14,105.23,115.4
1998-07-15,115.5988,113.9
1998-07-16,120.877,117.8
1998-07-17,118.3779,119.1
1998-07-18,108.5785,129.2
1998-07-19,107.9839,125.5
1998-07-20,119.8174,122.8
1998-07-21,122.1809,123.2
1998-07-22,122.9624,125.1
1998-07-23,128.0553,123.1
1998-07-24,135.8081,118.3
1998-07-25,135.3518,117.2
1998-07-26,114.3266,115.4
1998-07-27,116.0288,112.9
1998-07-28,115.0522,111.7
1998-07-29,111.251,119.2
1998-07-30,104.9786,130.5
1998-07-31,101.4368,142.2
1998-08-01,101.7605,149.1
1998-08-02,106.7043,150.9
1998-08-03,110.4726,158.3
1998-08-04,119.9903,153.3
1998-08-05,128.3873,154.1
1998-08-06,132.9089,150.9
1998-08-07,136.0436,140.4
1998-08-08,136.0566,140.6
1998-08-09,144.3148,136.8
1998-08-10,132.0715,143.3
1998-08-11,131.973,139.7
1998-08-12,134.057,136.8
1998-08-13,118.2965,137.9
1998-08-14,118.5718,141.9
1998-08-15,122.5836,135.2
1998-08-16,128.386,135.9
1998-08-17,126.1066,129.3
1998-08-18,122.2854,126.0
1998-08-19,129.7946,124.8
1998-08-20,133.9753,129.6
1998-08-21,134.0385,137.8
1998-08-22,139.3335,142.0
1998-08-23,123.5985,149.4
1998-08-24,118.8168,166.4
1998-08-25,115.2305,181.8
1998-08-26,121.4831,180.2
1998-08-27,130.486,166.3
1998-08-28,135.1442,165.5
1998-08-29,140.7684,157.3
1998-08-30,151.6134,156.8
1998-08-31,161.954,167.1
1998-09-01,146.3099,153.5
1998-09-02,136.2376,155.8
1998-09-03,144.1286,147.4
1998-09-04,146.5998,143.6
1998-09-05,145.5209,140.4
1998-09-06,140.0125,136.6
1998-09-07,136.1848,132.3
1998-09-08,139.9576,123.3
1998-09-09,141.2607,118.6
1998-09-10,130.1811,119.9
1998-09-11,123.9001,118.6
1998-09-12,127.0468,123.7
1998-09-13,131.0467,128.0
1998-09-14,127.5165,133.3
1998-09-15,115.5156,139.4
1998-09-16,132.1417,142.1
1998-09-17,136.3436,144.1
1998-09-18,139.566,136.2
1998-09-19,141.7863,139.2
1998-09-20,141.794,136.2
1998-09-21,136.9543,128.0
1998-09-22,131.0958,123.0
1998-09-23,129.5606,116.3
1998-09-24,132.3267,121.8
1998-09-25,122.5996,119.1
1998-09-26,119.5894,112.9
1998-09-27,117.1714,112.0
1998-09-28,119.9286,114.9
1998-09-29,112.0415,117.1
1998-09-30,121.0202,116.9
1998-10-01,130.7918,124.1
1998-10-02,130.6431,123.8
1998-10-03,135.4331,123.2
1998-10-04,137.8153,120.3
1998-10-05,126.6186,118.5
1998-10-06,129.5914,113.4
1998-10-07,140.3678,117.5
1998-10-08,140.5058,118.4
1998-10-09,139.8392,130.4
1998-10-10,121.9197,130.1
1998-10-11,119.7476,134.4
1998-10-12,113.7907,125.0
1998-10-13,115.0697,116.8
1998-10-14,112.3995,120.2
1998-10-15,129.1954,117.2
1998-10-16,125.9026,113.8
1998-10-17,125.6987,111.4
1998-10-18,117.5332,109.6
1998-10-19,107.8347,106.3
1998-10-20,111.9252,102.8
1998-10-21,109.4762,101.8
1998-10-22,105.3017,106.4
1998-10-23,106.794,108.0
1998-10-24,105.2673,109.9
1998-10-25,118.6224,117.0
1998-10-26,122.3209,119.5
1998-10-27,129.054,124.1
1998-10-28,130.7978,129.9
1998-10-29,138.7054,139.0
1998-10-30,140.618,150.1
1998-10-31,146.325,138.4
1998-11-01,145.7849,145.8
1998-11-02,140.2351,149.9
1998-11-03,143.4546,159.3
1998-11-04,146.1148,150.8
1998-11-05,143.6159,144.1
1998-11-06,131.3804,138.7
1998-11-07,128.246,132.6
1998-11-08,129.1485,123.8
1998-11-09,137.0415,123.7
1998-11-10,133.7246,121.8
1998-11-11,128.9349,118.0
1998-11-12,123.5993,112.2
1998-11-13,112.6133,113.7
1998-11-14,109.3458,118.6
1998-11-15,112.2992,118.3
1998-11-16,109.3327,123.0
1998-11-17,109.3356,126.7
1998-11-18,110.3641,136.7
1998-11-19,114.4933,145.6
1998-11-20,123.9917,152.3
1998-11-21,127.991,154.7
1998-11-22,132.4383,160.4
1998-11-23,144.0379,163.2
1998-11-24,150.4182,158.9
1998-11-25,152.056,158.2
1998-11-26,154.9624,147.4
1998-11-27,155.5204,148.7
1998-11-28,157.3814,144.0
1998-11-29,150.4344,138.3
1998-11-30,147.8277,138.1
1998-12-01,141.851,148.7
1998-12-02,136.2855,157.1
1998-12-03,134.0738,149.3
1998-12-04,124.2264,129.8
1998-12-05,113.6288,138.8
1998-12-06,121.322,138.9
1998-12-07,129.4963,139.7
1998-12-08,137.7324,139.9
1998-12-09,131.5939,137.2
1998-12-10,124.2623,136.1
1998-12-11,127.7168,141.5
1998-12-12,128.5649,137.9
1998-12-13,128.0972,133.6
1998-12-14,128.7734,130.4
1998-12-15,117.583,130.9
1998-12-16,121.4887,124.6
1998-12-17,127.1666,135.2
1998-12-18,136.9262,134.9
1998-12-19,137.2305,139.6
1998-12-20,141.8426,140.2
1998-12-21,144.0001,161.4
1998-12-22,145.6202,178.3
1998-12-23,154.0157,176.8
1998-12-24,154.7853,173.1
1998-12-25,158.2426,168.8
1998-12-26,158.2062,161.6
1998-12-27,163.1649,154.8
1998-12-28,142.707,149.4
1998-12-29,138.1713,142.0
1998-12-30,140.8565,132.0
1998-12-31,139.4145,121.6
1999-01-01,131.5646,111.3
1999-01-02,124.1191,111.7
1999-01-03,119.579,111.0
1999-01-04,121.6263,109.6
1999-01-05,119.6223,108.2
1999-01-06,116.9033,109.1
1999-01-07,110.7612,114.7
1999-01-08,110.6006,132.4
1999-01-09,113.8095,138.0
1999-01-10,122.9984,153.4
1999-01-11,130.2146,156.2
1999-01-12,139.6675,165.4
1999-01-13,149.1202,170.3
1999-01-14,164.899,166.4
1999-01-15,168.3268,169.7
1999-01-16,158.5267,172.3
1999-01-17,156.7586,160.8
1999-01-18,159.1758,156.8
1999-01-19,158.8498,133.9
1999-01-20,148.5681,129.1
1999-01-21,149.7298,121.6
1999-01-22,141.5599,115.2
1999-01-23,134.5357,114.2
1999-01-24,126.0338,114.5
1999-01-25,109.6009,111.5
1999-01-26,106.809,114.5
1999-01-27,104.5636,107.7
1999-01-28,105.8281,105.8
1999-01-29,108.8977,104.3
1999-01-30,111.1154,100.9
1999-01-31,113.7399,96.6
1999-02-01,123.6115,106.5
1999-02-02,137.7223,121.1
1999-02-03,139.1258,125.9
1999-02-04,132.54,148.4
1999-02-05,134.5541,159.3
1999-02-06,136.1928,183.6
1999-02-07,141.3341,193.4
1999-02-08,158.4553,199.6
1999-02-09,163.2648,185.5
1999-02-10,177.0878,187.3
1999-02-11,180.8614,185.3
1999-02-12,186.1082,164.2
1999-02-13,188.2336,160.5
1999-02-14,180.874,153.6
1999-02-15,156.2704,144.0
1999-02-16,155.1331,127.0
1999-02-17,150.4952,124.3
1999-02-18,133.5985,117.3
1999-02-19,117.7777,117.1
1999-02-20,110.9682,113.4
1999-02-21,105.5111,113.1
1999-02-22,100.3694,120.7
1999-02-23,117.9127,118.0
1999-02-24,112.7702,127.6
1999-02-25,123.968,134.6
1999-02-26,128.1035,141.6
1999-02-27,124.0657,125.4
1999-02-28,133.9909,112.6
1999-03-01,142.6099,108.3
1999-03-02,141.5142,125.0
1999-03-03,146.8101,125.3
1999-03-04,141.4331,133.6
1999-03-05,129.1473,135.3
1999-03-06,119.0564,138.5
1999-03-07,118.9494,142.7
1999-03-08,134.6518,148.7
1999-03-09,141.274,148.4
1999-03-10,142.3464,154.1
1999-03-11,137.6012,152.9
1999-03-12,136.7598,146.7
1999-03-13,134.9622,138.1
1999-03-14,132.6442,131.6
1999-03-15,129.0906,123.1
1999-03-16,120.8478,115.0
1999-03-17,122.4975,112.2
1999-03-18,122.0326,107.6
1999-03-19,123.6616,106.4
1999-03-20,116.1036,103.1
1999-03-21,115.2888,104.1
1999-03-22,113.5196,102.7
1999-03-23,126.7476,103.8
1999-03-24,119.3666,104.4
1999-03-25,119.652,101.7
1999-03-26,119.0188,102.9
1999-03-27,124.3872,99.4
1999-03-28,121.9848,98.4
1999-03-29,130.406,116.0
1999-03-30,125.3368,132.7
1999-03-31,123.1633,137.6
1999-04-01,124.592,141.7
1999-04-02,113.0265,139.5
1999-04-03,120.8225,136.7
1999-04-04,139.2444,136.9
1999-04-05,151.0914,131.3
1999-04-06,143.9981,130.7
1999-04-07,142.1455,130.3
1999-04-08,138.0899,121.0
1999-04-09,131.006,122.7
1999-04-10,129.4393,123.8
1999-04-11,112.6526,116.6
1999-04-12,104.7552,113.8
1999-04-13,103.4994,110.9
1999-04-14,109.4353,105.8
1999-04-15,116.9425,104.4
1999-04-16,120.7081,101.4
1999-04-17,116.3213,99.3
1999-04-18,114.8294,102.0
1999-04-19,110.4969,103.8
1999-04-20,98.1407,105.8
1999-04-21,101.6404,110.0
1999-04-22,102.077,111.3
1999-04-23,107.7019,123.9
1999-04-24,111.9533,125.3
1999-04-25,117.7467,128.4
1999-04-26,109.6304,137.9
1999-04-27,114.7962,129.2
1999-04-28,117.5719,141.1
1999-04-29,136.4579,143.3
1999-04-30,145.5605,149.5
1999-05-01,140.1868,166.4
1999-05-02,146.83,175.1
1999-05-03,126.2449,181.7
1999-05-04,134.5125,172.8
1999-05-05,133.4524,162.6
1999-05-06,136.101,156.3
1999-05-07,144.5601,150.5
1999-05-08,146.289,147.3
1999-05-09,147.6308,146.8
1999-05-10,141.4143,155.6
1999-05-11,120.2872,148.6
1999-05-12,126.7656,143.8
1999-05-13,114.1571,145.8
1999-05-14,115.9329,145.9
1999-05-15,121.0374,143.7
1999-05-16,134.2863,143.7
1999-05-17,134.7517,144.2
1999-05-18,129.2683,140.4
1999-05-19,124.2343,146.8
1999-05-20,136.7639,156.6
1999-05-21,140.485,159.3
1999-05-22,144.6054,156.2
1999-05-23,143.7385,152.7
1999-05-24,143.4226,161.1
1999-05-25,148.2309,170.1
1999-05-26,154.2553,181.2
1999-05-27,149.8743,178.1
1999-05-28,150.5118,178.5
1999-05-29,148.9286,175.9
1999-05-30,153.7283,168.8
1999-05-31,156.0946,172.9
1999-06-01,153.2497,162.4
1999-06-02,151.696,161.3
1999-06-03,147.6224,170.3
1999-06-04,145.8309,166.0
1999-06-05,143.3183,169.8
1999-06-06,145.6892,173.2
1999-06-07,142.4812,173.0
1999-06-08,130.3205,173.5
1999-06-09,150.1851,163.5
1999-06-10,154.0885,157.6
1999-06-11,151.4966,151.3
1999-06-12,151.3595,151.2
1999-06-13,154.2169,143.3
1999-06-14,157.1383,156.5
1999-06-15,152.9394,150.3
1999-06-16,137.8692,166.9
1999-06-17,133.2317,173.0
1999-06-18,137.3665,191.1
1999-06-19,145.6513,207.5
1999-06-20,163.0085,206.1
1999-06-21,163.2616,214.3
1999-06-22,172.4968,203.2
1999-06-23,177.9031,197.7
1999-06-24,185.293,216.5
1999-06-25,190.2208,202.0
1999-06-26,184.9878,193.4
1999-06-27,187.7998,203.5
1999-06-28,178.2683,191.9
1999-06-29,169.3502,180.0
1999-06-30,173.6697,173.5
1999-07-01,160.054,163.7
1999-07-02,154.4955,154.1
1999-07-03,162.0815,155.9
1999-07-04,162.2191,161.5
1999-07-05,153.0802,157.8
1999-07-06,147.2732,159.2
1999-07-07,140.7915,148.3
1999-07-08,145.4756,133.9
1999-07-09,152.3354,133.8
1999-07-10,160.0545,136.4
1999-07-11,159.1563,141.3
1999-07-12,160.6448,142.8
1999-07-13,154.7782,145.8
1999-07-14,151.5741,144.1
1999-07-15,141.444,152.1
1999-07-16,141.2019,157.8
1999-07-17,156.8213,181.6
1999-07-18,164.9208,190.1
1999-07-19,166.3148,188.0
1999-07-20,164.1076,177.8
1999-07-21,161.1599,179.9
1999-07-22,160.5064,203.9
1999-07-23,175.2008,208.6
1999-07-24,184.1506,212.2
1999-07-25,185.6396,206.7
1999-07-26,174.6418,222.9
1999-07-27,171.4062,218.8
1999-07-28,178.5499,216.9
1999-07-29,175.5026,206.0
1999-07-30,179.0952,182.1
1999-07-31,159.2887,175.3
1999-08-01,172.7259,157.6
1999-08-02,168.5444,141.7
1999-08-03,169.3367,141.9
1999-08-04,166.619,130.8
1999-08-05,146.526,131.4
1999-08-06,150.5552,126.4
1999-08-07,145.1987,129.8
1999-08-08,138.6694,131.5
1999-08-09,130.8557,134.5
1999-08-10,128.3419,134.4
1999-08-11,144.1077,136.4
1999-08-12,150.3392,133.9
1999-08-13,159.0922,138.0
1999-08-14,164.9956,155.2
1999-08-15,169.7021,165.0
1999-08-16,172.2128,176.7
1999-08-17,157.0105,191.7
1999-08-18,151.7954,206.4
1999-08-19,167.9256,212.9
1999-08-20,183.4572,226.9
1999-08-21,195.3973,227.7
1999-08-22,197.7555,253.4
1999-08-23,204.2267,222.5
1999-08-24,197.4331,201.9
1999-08-25,201.8144,186.1
1999-08-26,204.739,165.8
1999-08-27,200.337,159.3
1999-08-28,199.6286,141.7
1999-08-29,173.6676,133.5
1999-08-30,154.4773,123.8
1999-08-31,142.2964,120.4
1999-09-01,120.1154,114.1
1999-09-02,118.162,108.4
1999-09-03,111.9207,108.0
1999-09-04,109.9211,123.7
1999-09-05,113.7847,124.1
1999-09-06,131.6236,142.6
1999-09-07,137.8806,156.5
1999-09-08,138.7895,158.2
1999-09-09,143.1026,156.6
1999-09-10,161.9652,159.9
1999-09-11,157.937,159.1
1999-09-12,176.6123,153.0
1999-09-13,190.8533,150.6
1999-09-14,180.6248,146.2
1999-09-15,174.2806,147.9
1999-09-16,168.6002,141.5
1999-09-17,164.2956,137.8
1999-09-18,161.1766,132.4
1999-09-19,159.653,126.1
1999-09-20,155.5456,123.3
1999-09-21,153.1924,124.4
1999-09-22,147.8214,126.5
1999-09-23,144.6574,125.3
1999-09-24,128.0944,125.1
1999-09-25,116.7284,121.9
1999-09-26,122.4171,126.6
1999-09-27,126.7581,134.7
1999-09-28,132.2422,144.4
1999-09-29,134.3481,146.2
1999-09-30,139.0695,133.5
1999-10-01,142.8693,129.2
1999-10-02,157.4457,150.9
1999-10-03,160.529,152.8
1999-10-04,168.8811,160.0
1999-10-05,168.2908,166.0
1999-10-06,146.0672,182.9
1999-10-07,138.7727,190.1
1999-10-08,151.2212,198.7
1999-10-09,152.6388,197.1
1999-10-10,154.8438,187.8
1999-10-11,157.2386,176.8
1999-10-12,166.3232,171.4
1999-10-13,168.2472,168.2
1999-10-14,154.9183,157.4
1999-10-15,152.2804,157.0
1999-10-16,152.5866,158.8
1999-10-17,136.8459,162.8
1999-10-18,133.1251,157.1
1999-10-19,130.8325,170.8
1999-10-20,132.3708,187.1
1999-10-21,140.3618,194.8
1999-10-22,153.0496,181.5
1999-10-23,161.9716,177.2
1999-10-24,158.8647,167.0
1999-10-25,167.9262,158.1
1999-10-26,180.421,148.4
1999-10-27,183.4658,140.6
1999-10-28,171.0469,140.8
1999-10-29,157.6939,145.1
1999-10-30,148.1177,157.8
1999-10-31,140.6475,147.4
1999-11-01,132.3107,170.8
1999-11-02,121.4844,188.4
1999-11-03,127.3463,225.5
1999-11-04,141.4097,243.6
1999-11-05,158.622,235.0
1999-11-06,155.8626,227.1
1999-11-07,172.8428,219.1
1999-11-08,185.2867,214.2
1999-11-09,206.5031,201.1
1999-11-10,213.8265,228.2
1999-11-11,199.4682,216.3
1999-11-12,188.1872,212.9
1999-11-13,182.8482,205.1
1999-11-14,179.3623,199.5
1999-11-15,165.8183,205.0
1999-11-16,181.4769,187.2
1999-11-17,172.778,180.9
1999-11-18,173.7766,181.9
1999-11-19,164.5347,179.0
1999-11-20,161.4989,167.7
1999-11-21,162.8861,164.5
1999-11-22,152.1469,170.1
1999-11-23,154.1355,159.5
1999-11-24,161.2415,158.3
1999-11-25,164.2232,160.4
1999-11-26,162.8728,160.9
1999-11-27,164.8118,147.5
1999-11-28,161.1138,143.3
1999-11-29,156.9288,138.6
1999-11-30,167.7834,138.6
1999-12-01,175.9864,148.8
1999-12-02,180.2589,145.6
1999-12-03,168.3895,151.5
1999-12-04,165.3873,159.5
1999-12-05,162.7354,154.3
1999-12-06,154.8816,154.4
1999-12-07,166.6403,161.0
1999-12-08,167.437,163.1
1999-12-09,166.3366,173.1
1999-12-10,174.8232,187.9
1999-12-11,165.9589,194.4
1999-12-12,151.8216,198.9
1999-12-13,159.9456,200.3
1999-12-14,165.9432,202.4
1999-12-15,173.5192,210.1
1999-12-16,187.9004,195.1
1999-12-17,180.7541,191.9
1999-12-18,186.8348,176.5
1999-12-19,190.0419,172.5
1999-12-20,183.9286,171.2
1999-12-21,161.0395,156.4
1999-12-22,150.2313,145.4
1999-12-23,149.056,139.0
1999-12-24,151.3925,131.2
1999-12-25,154.924,125.8
1999-12-26,159.0916,125.6
1999-12-27,151.1883,128.5
1999-12-28,147.487,128.7
1999-12-29,144.1708,130.3
1999-12-30,143.2646,132.0
1999-12-31,150.8758,140.0
2000-01-01,155.7696,144.8
2000-01-02,159.7864,149.6
2000-01-03,138.1539,155.3
2000-01-04,134.4883,157.8
2000-01-05,138.3032,171.8
2000-01-06,158.3016,189.3
2000-01-07,163.8312,195.4
2000-01-08,165.3271,194.7
2000-01-09,171.2564,203.9
2000-01-10,181.9933,201.0
2000-01-11,190.387,190.1
2000-01-12,190.4189,188.4
2000-01-13,187.8115,172.9
2000-01-14,179.5855,165.3
2000-01-15,173.4264,154.3
2000-01-16,167.5826,145.8
2000-01-17,148.2771,136.1
2000-01-18,151.4887,136.3
2000-01-19,144.8582,133.1
2000-01-20,142.5417,136.4
2000-01-21,136.1947,128.4
2000-01-22,137.9196,131.0
2000-01-23,135.8854,123.9
2000-01-24,141.2029,128.7
2000-01-25,124.9868,134.5
2000-01-26,130.4138,134.1
2000-01-27,135.4316,140.2
2000-01-28,144.6891,149.7
2000-01-29,143.9061,162.7
2000-01-30,149.7653,163.1
2000-01-31,148.7179,172.8
2000-02-01,155.197,177.0
2000-02-02,166.0097,169.0
2000-02-03,173.5812,170.8
2000-02-04,180.4291,171.1
2000-02-05,176.2054,165.8
2000-02-06,180.3319,159.1
2000-02-07,172.7835,155.9
2000-02-08,163.9423,154.7
2000-02-09,160.0279,152.2
2000-02-10,154.6663,156.3
2000-02-11,152.0612,153.4
2000-02-12,147.8576,137.8
2000-02-13,145.4476,141.5
2000-02-14,138.9239,149.9
2000-02-15,137.0516,148.7
2000-02-16,140.22,168.6
2000-02-17,142.0764,181.2
2000-02-18,132.8833,188.3
2000-02-19,139.4155,206.2
2000-02-20,148.2365,210.6
2000-02-21,147.6787,222.9
2000-02-22,167.088,214.7
2000-02-23,180.6791,215.1
2000-02-24,190.4915,228.7
2000-02-25,201.2716,209.6
2000-02-26,200.1256,200.4
2000-02-27,206.4687,197.0
2000-02-28,197.6292,216.8
2000-02-29,182.1187,219.1
2000-03-01,189.1868,218.5
2000-03-02,175.0477,211.8
2000-03-03,164.4157,203.0
2000-03-04,162.796,200.7
2000-03-05,175.5155,200.6
2000-03-06,177.3521,200.8
2000-03-07,179.2923,186.0
2000-03-08,182.661,180.6
2000-03-09,182.1728,175.9
2000-03-10,180.8977,182.5
2000-03-11,180.2828,190.6
2000-03-12,178.2568,193.0
2000-03-13,173.3047,206.5
2000-03-14,175.927,208.7
2000-03-15,178.2929,228.9
2000-03-16,176.317,232.2
2000-03-17,186.5494,222.7
2000-03-18,193.2922,217.7
2000-03-19,199.5497,204.1
2000-03-20,195.8588,210.4
2000-03-21,201.6361,204.1
2000-03-22,202.8765,200.3
2000-03-23,200.0609,208.3
2000-03-24,197.5867,205.1
2000-03-25,188.9153,225.1
2000-03-26,185.7813,222.7
2000-03-27,180.5981,219.3
2000-03-28,178.1428,215.5
2000-03-29,190.7215,206.9
2000-03-30,194.2603,194.7
2000-03-31,197.031,178.1
2000-04-01,198.0712,175.4
2000-04-02,190.7468,182.5
2000-04-03,183.603,176.9
2000-04-04,182.1474,178.6
2000-04-05,178.3972,182.4
2000-04-06,175.7559,173.9
2000-04-07,175.3099,165.0
2000-04-08,184.0634,166.3
2000-04-09,183.54,164.9
2000-04-10,188.4445,160.2
2000-04-11,204.2392,159.2
2000-04-12,185.6549,161.8
2000-04-13,177.7315,169.2
2000-04-14,177.0939,182.4
2000-04-15,171.6453,189.2
2000-04-16,168.9589,204.1
2000-04-17,164.2187,208.4
2000-04-18,172.0985,208.1
2000-04-19,181.4983,205.1
2000-04-20,195.8161,192.4
2000-04-21,201.7957,186.0
2000-04-22,211.2457,186.0
2000-04-23,213.77,177.5
2000-04-24,199.4106,172.0
2000-04-25,169.3518,160.1
2000-04-26,152.964,155.3
2000-04-27,148.012,139.6
2000-04-28,150.9659,136.8
2000-04-29,152.8749,132.1
2000-04-30,153.8522,129.1
2000-05-01,149.5816,133.4
2000-05-02,145.6175,139.6
2000-05-03,138.0512,152.5
2000-05-04,151.4468,163.0
2000-05-05,152.7173,181.3
2000-05-06,150.9403,191.0
2000-05-07,157.5432,222.0
2000-05-08,169.2706,237.6
2000-05-09,184.8598,244.6
2000-05-10,192.9493,264.5
2000-05-11,211.7938,268.1
2000-05-12,210.7227,258.8
2000-05-13,221.4504,260.4
2000-05-14,227.4172,251.6
2000-05-15,227.877,238.0
2000-05-16,232.1386,220.3
2000-05-17,227.5704,209.5
2000-05-18,216.6538,194.3
2000-05-19,213.7306,177.4
2000-05-20,184.4107,172.4
2000-05-21,178.6544,166.2
2000-05-22,160.2512,160.2
2000-05-23,154.6618,153.1
2000-05-24,158.4508,150.5
2000-05-25,161.8995,158.7
2000-05-26,166.1182,152.3
2000-05-27,167.5517,155.3
2000-05-28,160.6925,170.7
2000-05-29,159.9477,174.7
2000-05-30,162.1554,176.1
2000-05-31,161.2683,186.9
2000-06-01,177.532,185.8
2000-06-02,177.2886,179.9
2000-06-03,187.5835,174.1
2000-06-04,192.1725,185.1
2000-06-05,187.068,192.6
2000-06-06,197.6308,198.7
2000-06-07,200.5507,205.5
2000-06-08,193.1262,206.9
2000-06-09,181.9497,208.9
2000-06-10,183.5891,203.8
2000-06-11,193.2568,199.4
2000-06-12,191.6742,193.7
2000-06-13,191.673,184.2
2000-06-14,188.0794,189.7
2000-06-15,187.9909,194.2
2000-06-16,178.2168,185.6
2000-06-17,177.8392,181.0
2000-06-18,176.1731,173.9
2000-06-19,159.7663,180.9
2000-06-20,163.4408,183.4
2000-06-21,173.3134,184.6
2000-06-22,172.6057,181.2
2000-06-23,169.4449,168.8
2000-06-24,164.2709,165.0
2000-06-25,176.2971,169.2
2000-06-26,182.7628,167.9
2000-06-27,187.3411,161.5
2000-06-28,187.4951,163.7
2000-06-29,178.8088,174.4
2000-06-30,175.3206,180.1
2000-07-01,178.514,193.5
2000-07-02,176.9004,217.1
2000-07-03,167.9454,218.4
2000-07-04,168.0824,238.9
2000-07-05,171.214,249.7
2000-07-06,180.6733,258.7
2000-07-07,187.7256,239.6
2000-07-08,202.9203,210.6
2000-07-09,200.7806,220.1
2000-07-10,209.8955,226.1
2000-07-11,213.4046,235.8
2000-07-12,209.1847,270.5
2000-07-13,195.4029,258.0
2000-07-14,179.6596,261.1
2000-07-15,193.7757,259.0
2000-07-16,188.5189,259.0
2000-07-17,201.5164,224.3
2000-07-18,222.4708,232.0
2000-07-19,217.8079,208.2
2000-07-20,215.4579,180.1
2000-07-21,215.4444,167.4
2000-07-22,208.9945,162.7
2000-07-23,191.1522,157.9
2000-07-24,196.2305,154.5
2000-07-25,180.8552,152.4
2000-07-26,171.7087,153.9
2000-07-27,165.643,155.1
2000-07-28,167.7358,158.8
2000-07-29,172.5176,158.7
2000-07-30,170.3936,163.2
2000-07-31,172.2881,170.8
2000-08-01,176.356,171.6
2000-08-02,182.0896,175.6
2000-08-03,191.978,187.2
2000-08-04,193.8947,185.9
2000-08-05,195.3163,192.3
2000-08-06,195.6079,194.3
2000-08-07,184.8647,190.9
2000-08-08,185.5508,194.3
2000-08-09,186.1141,198.9
2000-08-10,188.9898,190.3
2000-08-11,187.7303,181.5
2000-08-12,187.0947,173.6
2000-08-13,183.575,160.8
2000-08-14,183.6693,156.0
2000-08-15,184.1252,154.9
2000-08-16,175.4138,147.5
2000-08-17,153.7412,139.9
2000-08-18,140.5997,133.5
2000-08-19,141.6413,136.0
2000-08-20,147.6772,139.9
2000-08-21,154.2904,153.2
2000-08-22,144.9535,163.2
2000-08-23,150.4609,166.5
2000-08-24,152.869,167.9
2000-08-25,161.0684,165.9
2000-08-26,169.7532,160.5
2000-08-27,183.8199,156.7
2000-08-28,190.2165,156.7
2000-08-29,190.7292,173.6
2000-08-30,184.2318,183.1
2000-08-31,178.693,181.5
2000-09-01,163.4133,175.8
2000-09-02,160.5891,165.7
2000-09-03,162.7725,153.0
2000-09-04,163.6189,142.5
2000-09-05,160.0288,136.7
2000-09-06,158.0861,134.2
2000-09-07,155.0556,134.8
2000-09-08,150.6051,152.5
2000-09-09,142.2979,161.1
2000-09-10,136.7079,176.4
2000-09-11,139.4138,183.2
2000-09-12,137.8865,205.7
2000-09-13,144.6632,208.8
2000-09-14,160.1869,213.1
2000-09-15,173.5413,226.7
2000-09-16,191.3964,233.8
2000-09-17,203.1827,226.7
2000-09-18,216.3057,225.8
2000-09-19,218.5299,226.8
2000-09-20,221.2722,224.7
2000-09-21,226.8697,205.5
2000-09-22,208.8992,203.0
2000-09-23,199.8123,192.6
2000-09-24,196.3137,194.0
2000-09-25,191.1662,201.9
2000-09-26,182.2594,202.9
2000-09-27,172.088,192.1
2000-09-28,171.0099,184.1
2000-09-29,170.7213,173.7
2000-09-30,173.2597,157.9
2000-10-01,164.0075,155.3
2000-10-02,178.7352,148.6
2000-10-03,175.1826,140.4
2000-10-04,170.9742,139.1
2000-10-05,167.5365,150.8
2000-10-06,141.2777,161.9
2000-10-07,139.9332,167.2
2000-10-08,152.7628,162.3
2000-10-09,158.4143,160.1
2000-10-10,158.9984,159.8
2000-10-11,168.9875,153.0
2000-10-12,178.677,149.9
2000-10-13,174.9892,156.5
2000-10-14,167.6516,159.3
2000-10-15,167.5585,156.5
2000-10-16,169.4113,158.6
2000-10-17,166.0786,164.8
2000-10-18,167.1624,157.5
2000-10-19,172.1391,162.0
2000-10-20,177.8362,168.9
2000-10-21,156.4528,173.7
2000-10-22,143.2287,179.7
2000-10-23,156.05,184.5
2000-10-24,150.4966,191.0
2000-10-25,163.006,190.5
2000-10-26,173.4744,201.2
2000-10-27,182.978,193.2
2000-10-28,191.3314,195.5
2000-10-29,191.5629,191.4
2000-10-30,188.0072,183.1
2000-10-31,186.8854,174.9
2000-11-01,185.8419,176.6
2000-11-02,172.6401,169.5
2000-11-03,167.764,163.0
2000-11-04,161.0544,150.4
2000-11-05,156.3091,146.6
2000-11-06,155.4875,143.6
2000-11-07,159.0726,140.6
2000-11-08,156.3596,145.4
2000-11-09,149.5591,143.2
2000-11-10,144.7253,150.7
2000-11-11,146.3512,159.6
2000-11-12,144.5877,172.9
2000-11-13,149.2491,170.7
2000-11-14,162.0919,169.6
2000-11-15,161.1994,180.9
2000-11-16,168.8955,190.1
2000-11-17,173.1313,200.1
2000-11-18,184.4982,194.0
2000-11-19,183.678,194.6
2000-11-20,181.6865,197.0
2000-11-21,184.4122,186.6
2000-11-22,184.5977,190.3
2000-11-23,185.3573,183.2
2000-11-24,181.195,187.0
2000-11-25,178.5547,179.3
2000-11-26,167.6065,162.3
2000-11-27,161.6962,158.9
2000-11-28,166.1575,147.6
2000-11-29,169.0608,142.7
2000-11-30,166.2121,136.9
2000-12-01,150.5133,139.9
2000-12-02,139.2893,134.1
2000-12-03,142.515,130.7
2000-12-04,140.2814,142.1
2000-12-05,146.3763,139.2
2000-12-06,144.373,145.2
2000-12-07,146.7823,159.5
2000-12-08,150.6562,176.5
2000-12-09,160.9584,181.9
2000-12-10,182.8481,184.4
2000-12-11,174.2652,190.4
2000-12-12,173.8064,191.6
2000-12-13,183.843,192.2
2000-12-14,189.4644,194.8
2000-12-15,195.2244,188.2
2000-12-16,187.0193,183.8
2000-12-17,183.986,184.7
2000-12-18,183.3396,186.7
2000-12-19,185.9106,180.9
2000-12-20,183.8216,182.6
2000-12-21,181.1629,181.4
2000-12-22,171.9178,179.3
2000-12-23,165.7733,175.5
2000-12-24,163.4542,176.1
2000-12-25,154.4842,163.9
2000-12-26,156.3056,165.3
2000-12-27,158.7706,170.2
2000-12-28,162.74,164.2
2000-12-29,165.4642,168.8
2000-12-30,172.6356,170.5
2000-12-31,149.1527,173.4
2001-01-01,162.718,170.9
2001-01-02,174.3118,161.5
2001-01-03,176.5971,160.8
2001-01-04,176.4362,157.4
2001-01-05,179.0039,160.5
2001-01-06,174.302,172.5
2001-01-07,172.5136,178.3
2001-01-08,161.7398,170.6
2001-01-09,159.9546,163.8
2001-01-10,155.0466,156.6
2001-01-11,154.0959,147.0
2001-01-12,149.6303,146.6
2001-01-13,151.98,147.7
2001-01-14,158.7669,148.3
2001-01-15,156.3776,146.7
2001-01-16,154.8113,157.1
2001-01-17,147.8503,162.0
2001-01-18,158.1364,167.2
2001-01-19,165.1828,163.4
2001-01-20,171.5351,160.5
2001-01-21,166.1592,161.8
2001-01-22,171.3899,162.6
2001-01-23,170.1599,160.5
2001-01-24,168.2685,154.9
2001-01-25,162.3977,148.8
2001-01-26,156.778,156.2
2001-01-27,155.9591,161.6
2001-01-28,148.8195,159.0
2001-01-29,153.7899,144.0
2001-01-30,154.9249,160.7
2001-01-31,155.5991,165.3
2001-02-01,160.9335,159.6
2001-02-02,169.9303,152.3
2001-02-03,167.5253,158.1
2001-02-04,154.4279,156.5
2001-02-05,167.5028,147.4
2001-02-06,170.9058,140.9
2001-02-07,161.7119,137.8
2001-02-08,140.2484,134.6
2001-02-09,150.3656,131.8
2001-02-10,153.2731,126.5
2001-02-11,152.7694,126.8
2001-02-12,144.4065,129.0
2001-02-13,142.8958,134.0
2001-02-14,139.5476,142.3
2001-02-15,137.2028,140.5
2001-02-16,132.1257,142.7
2001-02-17,134.5426,142.2
2001-02-18,144.9888,134.6
2001-02-19,146.4076,132.2
2001-02-20,151.4334,132.8
2001-02-21,146.4052,128.1
2001-02-22,149.0287,129.4
2001-02-23,148.9036,129.0
2001-02-24,130.3652,127.4
2001-02-25,129.2904,137.3
2001-02-26,128.2608,138.7
2001-02-27,128.6561,153.4
2001-02-28,134.8987,155.4
2001-03-01,133.3436,174.0
2001-03-02,144.3101,164.8
2001-03-03,149.4156,159.2
2001-03-04,134.5007,158.0
2001-03-05,141.7512,155.8
2001-03-06,142.111,155.7
2001-03-07,154.7675,145.6
2001-03-08,146.1795,140.7
2001-03-09,150.1477,134.7
2001-03-10,147.5662,138.5
2001-03-11,148.3977,132.9
2001-03-12,148.9654,138.5
2001-03-13,139.934,145.7
2001-03-14,131.7936,152.1
2001-03-15,118.6104,158.2
2001-03-16,125.4998,181.8
2001-03-17,129.2774,178.9
2001-03-18,132.1156,217.5
2001-03-19,146.3968,215.7
2001-03-20,156.2163,262.6
2001-03-21,163.0512,272.4
2001-03-22,179.3104,272.6
2001-03-23,183.84,261.0
2001-03-24,206.0828,256.3
2001-03-25,204.3766,245.3
2001-03-26,217.212,257.2
2001-03-27,217.4626,236.7
2001-03-28,209.1194,223.1
2001-03-29,198.9147,205.0
2001-03-30,184.5683,207.8
2001-03-31,172.775,198.0
2001-04-01,176.2508,180.0
2001-04-02,168.6292,169.7
2001-04-03,172.2968,165.4
2001-04-04,171.101,170.4
2001-04-05,174.1818,160.3
2001-04-06,173.3528,149.8
2001-04-07,162.7622,137.8
2001-04-08,156.4862,139.6
2001-04-09,155.6169,135.1
2001-04-10,166.2385,124.3
2001-04-11,160.9785,127.1
2001-04-12,150.8548,133.0
2001-04-13,155.0741,145.8
2001-04-14,168.7128,182.2
2001-04-15,171.632,193.0
2001-04-16,167.621,194.6
2001-04-17,167.9932,198.6
2001-04-18,183.3304,195.8
2001-04-19,194.2035,196.3
2001-04-20,212.7657,198.7
2001-04-21,213.3118,193.3
2001-04-22,200.0217,190.4
2001-04-23,195.1191,194.5
2001-04-24,183.1746,190.7
2001-04-25,165.0278,187.4
2001-04-26,170.7841,179.0
2001-04-27,164.7588,175.1
2001-04-28,161.5548,178.6
2001-04-29,164.3817,163.5
2001-04-30,162.3894,157.8
2001-05-01,160.9142,140.9
2001-05-02,152.3532,131.1
2001-05-03,143.2232,131.9
2001-05-04,143.8309,133.0
2001-05-05,136.7808,139.4
2001-05-06,138.7588,141.0
2001-05-07,141.1229,141.9
2001-05-08,138.8958,141.2
2001-05-09,148.3678,145.2
2001-05-10,161.1688,140.9
2001-05-11,174.222,150.8
2001-05-12,176.9102,141.5
2001-05-13,175.1225,144.6
2001-05-14,163.089,144.9
2001-05-15,166.1785,153.8
2001-05-16,166.0633,155.8
2001-05-17,174.5492,162.8
2001-05-18,168.816,174.7
2001-05-19,174.1076,166.1
2001-05-20,174.0748,151.3
2001-05-21,178.2217,150.8
2001-05-22,164.5384,146.9
2001-05-23,161.9715,142.3
2001-05-24,161.3568,136.0
2001-05-25,150.7354,136.6
2001-05-26,135.3581,136.8
2001-05-27,132.4474,137.8
2001-05-28,128.8107,149.5
2001-05-29,129.3581,158.3
2001-05-30,129.4252,158.0
2001-05-31,135.394,162.4
2001-06-01,139.85,169.8
2001-06-02,146.6098,185.7
2001-06-03,156.7574,182.4
2001-06-04,160.1552,168.0
2001-06-05,162.3982,167.4
2001-06-06,165.7262,171.6
2001-06-07,174.535,187.1
2001-06-08,185.8908,200.9
2001-06-09,179.9856,203.2
2001-06-10,165.3751,214.3
2001-06-11,170.4346,211.2
2001-06-12,180.7455,205.7
2001-06-13,197.4217,201.7
2001-06-14,202.4375,205.0
2001-06-15,194.4625,206.9
2001-06-16,193.4381,206.8
2001-06-17,183.1436,213.0
2001-06-18,179.2855,201.3
2001-06-19,163.9937,188.4
2001-06-20,170.0921,173.5
2001-06-21,176.3776,152.8
2001-06-22,179.1981,144.9
2001-06-23,184.195,144.6
2001-06-24,177.5498,141.2
2001-06-25,166.2281,140.0
2001-06-26,146.61,138.8
2001-06-27,144.7646,136.3
2001-06-28,148.6942,131.3
2001-06-29,159.2134,123.6
2001-06-30,166.1884,120.3
2001-07-01,171.9976,121.8
2001-07-02,173.3746,130.5
2001-07-03,167.6423,134.4
2001-07-04,162.1984,134.3
2001-07-05,153.3892,136.3
2001-07-06,157.5511,138.3
2001-07-07,148.9483,137.7
2001-07-08,154.8219,145.4
2001-07-09,153.1004,146.8
2001-07-10,159.814,154.7
2001-07-11,157.5652,150.4
2001-07-12,157.7493,147.7
2001-07-13,154.239,146.9
2001-07-14,150.6488,147.2
2001-07-15,147.8803,143.5
2001-07-16,154.651,144.9
2001-07-17,144.6006,147.8
2001-07-18,140.1959,136.7
2001-07-19,134.1583,137.5
2001-07-20,130.8338,127.2
2001-07-21,125.1583,125.1
2001-07-22,130.9223,119.0
2001-07-23,143.7744,120.5
2001-07-24,132.3988,118.0
2001-07-25,138.9858,120.3
2001-07-26,138.4053,123.8
2001-07-27,140.9603,124.3
2001-07-28,140.833,135.5
2001-07-29,146.7841,152.7
2001-07-30,149.3679,160.5
2001-07-31,150.9428,168.3
2001-08-01,155.5119,171.0
2001-08-02,155.6132,171.5
2001-08-03,155.9818,167.8
2001-08-04,155.5178,164.7
2001-08-05,162.2163,169.5
2001-08-06,164.664,164.0
2001-08-07,162.4142,155.5
2001-08-08,158.7944,151.1
2001-08-09,150.1845,150.5
2001-08-10,148.831,146.2
2001-08-11,152.6434,148.4
2001-08-12,143.4607,159.9
2001-08-13,135.4716,161.3
2001-08-14,138.7774,159.8
2001-08-15,144.7569,163.9
2001-08-16,147.7746,165.2
2001-08-17,159.3763,173.4
2001-08-18,171.765,178.7
2001-08-19,171.3042,191.6
2001-08-20,169.5861,193.8
2001-08-21,175.7492,195.9
2001-08-22,178.453,203.1
2001-08-23,183.1908,200.9
2001-08-24,185.0189,203.0
2001-08-25,191.594,192.2
2001-08-26,188.208,187.4
2001-08-27,187.5028,185.7
2001-08-28,193.0613,202.1
2001-08-29,189.3063,222.1
2001-08-30,183.299,221.8
2001-08-31,175.4347,225.6
2001-09-01,160.2591,229.5
2001-09-02,159.8452,253.1
2001-09-03,168.0221,239.5
2001-09-04,182.5722,247.8
2001-09-05,182.1015,252.9
2001-09-06,182.6605,238.1
2001-09-07,182.4838,242.6
2001-09-08,193.9502,239.3
2001-09-09,183.5289,221.7
2001-09-10,172.9836,209.3
2001-09-11,183.0055,201.1
2001-09-12,184.558,205.7
2001-09-13,189.4326,200.6
2001-09-14,188.6974,228.7
2001-09-15,180.7634,240.5
2001-09-16,175.2649,257.0
2001-09-17,175.9947,260.2
2001-09-18,187.5245,281.0
2001-09-19,191.1507,276.6
2001-09-20,204.9919,284.0
2001-09-21,218.24,270.6
2001-09-22,225.4193,285.5
2001-09-23,229.5852,240.2
2001-09-24,236.0808,236.3
2001-09-25,234.321,216.9
2001-09-26,234.3837,201.1
2001-09-27,222.9865,191.8
2001-09-28,224.1264,186.5
2001-09-29,202.2537,176.8
2001-09-30,197.0937,180.2
2001-10-01,182.1705,172.4
2001-10-02,169.2307,170.8
2001-10-03,169.4318,175.9
2001-10-04,172.5151,178.1
2001-10-05,175.5779,174.1
2001-10-06,185.3813,178.5
2001-10-07,184.5325,178.6
2001-10-08,184.5204,190.8
2001-10-09,197.7584,191.7
2001-10-10,207.8189,205.8
2001-10-11,202.7662,215.8
2001-10-12,201.5365,226.9
2001-10-13,194.298,245.6
2001-10-14,202.2044,242.5
2001-10-15,195.403,222.0
2001-10-16,209.367,230.4
2001-10-17,214.3439,224.1
2001-10-18,219.5418,236.0
2001-10-19,221.1327,236.1
2001-10-20,211.147,233.6
2001-10-21,191.3961,243.4
2001-10-22,185.1701,224.2
2001-10-23,179.4674,212.8
2001-10-24,180.7272,222.7
2001-10-25,191.3032,217.8
2001-10-26,195.1138,232.0
2001-10-27,205.9688,210.1
2001-10-28,196.6556,212.5
2001-10-29,183.593,223.5
2001-10-30,189.8478,230.6
2001-10-31,185.418,233.2
2001-11-01,206.3553,226.0
2001-11-02,195.4193,243.1
2001-11-03,202.6198,265.6
2001-11-04,212.7972,241.0
2001-11-05,218.2608,229.3
2001-11-06,223.6283,222.6
2001-11-07,222.8226,226.8
2001-11-08,234.692,212.6
2001-11-09,236.4696,202.4
2001-11-10,223.0131,197.6
2001-11-11,216.1241,194.0
2001-11-12,212.8761,183.8
2001-11-13,211.9734,186.8
2001-11-14,207.3989,180.6
2001-11-15,196.4503,179.7
2001-11-16,191.1081,185.3
2001-11-17,181.1602,172.9
2001-11-18,186.421,168.6
2001-11-19,187.1276,165.6
2001-11-20,176.7156,170.3
2001-11-21,185.3401,185.3
2001-11-22,194.9274,193.1
2001-11-23,186.4926,210.5
2001-11-24,184.3774,219.6
2001-11-25,188.5038,215.1
2001-11-26,196.9908,238.1
2001-11-27,213.32,228.3
2001-11-28,213.6796,226.6
2001-11-29,219.2246,230.1
2001-11-30,223.6477,239.5
2001-12-01,216.0946,219.3
2001-12-02,218.3333,213.9
2001-12-03,210.1026,217.5
2001-12-04,210.6202,212.3
2001-12-05,212.8522,213.9
2001-12-06,207.6169,215.7
2001-12-07,193.8198,213.4
2001-12-08,191.8987,209.9
2001-12-09,197.38,211.0
2001-12-10,191.9491,202.5
2001-12-11,192.7964,199.0
2001-12-12,188.7258,205.0
2001-12-13,189.3593,201.6
2001-12-14,187.8495,214.0
2001-12-15,193.5739,226.7
2001-12-16,192.2462,234.9
2001-12-17,187.7255,246.3
2001-12-18,193.5716,265.5
2001-12-19,192.9845,250.3
2001-12-20,211.6106,259.0
2001-12-21,229.1676,265.6
2001-12-22,238.9584,254.6
2001-12-23,245.6902,255.7
2001-12-24,248.6874,238.5
2001-12-25,229.8932,237.5
2001-12-26,230.4822,224.5
2001-12-27,229.601,223.5
2001-12-28,223.9833,213.0
2001-12-29,222.2718,211.0
2001-12-30,210.8049,205.2
2001-12-31,209.3481,190.1
2002-01-01,197.3279,182.4
2002-01-02,198.3146,192.6
2002-01-03,191.078,216.2
2002-01-04,190.7459,217.3
2002-01-05,190.0688,221.4
2002-01-06,183.0236,225.7
2002-01-07,179.6862,232.9
2002-01-08,206.9061,221.6
2002-01-09,234.6734,211.2
2002-01-10,236.392,209.1
2002-01-11,230.9598,205.0
2002-01-12,223.9299,203.8
2002-01-13,228.6705,206.9
2002-01-14,219.2352,215.2
2002-01-15,210.1299,217.5
2002-01-16,198.1055,221.5
2002-01-17,214.4777,219.4
2002-01-18,221.3968,223.6
2002-01-19,220.541,227.6
2002-01-20,222.357,248.7
2002-01-21,213.7886,240.5
2002-01-22,191.5356,252.0
2002-01-23,192.4758,253.2
2002-01-24,191.2797,248.8
2002-01-25,202.156,235.5
2002-01-26,212.4165,238.5
2002-01-27,216.219,233.7
2002-01-28,225.1605,226.3
2002-01-29,226.3588,228.1
2002-01-30,219.9058,214.5
2002-01-31,222.0822,196.9
2002-02-01,215.6672,186.6
2002-02-02,219.6148,186.4
2002-02-03,218.3316,194.1
2002-02-04,225.8908,210.9
2002-02-05,222.7793,196.6
2002-02-06,215.4312,203.1
2002-02-07,208.5319,198.5
2002-02-08,217.5042,191.3
2002-02-09,229.9548,190.3
2002-02-10,242.9471,188.9
2002-02-11,230.8695,192.0
2002-02-12,229.7189,188.4
2002-02-13,207.8973,185.1
2002-02-14,206.4415,189.1
2002-02-15,205.5757,196.7
2002-02-16,212.205,187.9
2002-02-17,207.3161,184.2
2002-02-18,188.8514,188.9
2002-02-19,190.5414,206.4
2002-02-20,197.8854,203.5
2002-02-21,203.3793,194.9
2002-02-22,194.9915,200.4
2002-02-23,191.0459,184.3
2002-02-24,189.8753,187.6
2002-02-25,201.4514,179.6
2002-02-26,194.5863,172.0
2002-02-27,175.2646,169.4
2002-02-28,178.8265,175.0
2002-03-01,181.4276,177.0
2002-03-02,185.2258,174.2
2002-03-03,184.0496,181.2
2002-03-04,184.4958,176.9
2002-03-05,188.7638,180.0
2002-03-06,200.3238,176.2
2002-03-07,203.9031,182.1
2002-03-08,204.9703,178.6
2002-03-09,216.8696,174.9
2002-03-10,216.1511,182.7
2002-03-11,221.7762,182.7
2002-03-12,218.2091,176.5
2002-03-13,218.389,173.3
2002-03-14,211.7215,186.3
2002-03-15,207.2921,172.8
2002-03-16,214.356,170.4
2002-03-17,195.2688,169.4
2002-03-18,185.5874,174.3
2002-03-19,182.8077,169.1
2002-03-20,201.277,164.9
2002-03-21,187.3407,168.4
2002-03-22,175.5748,175.6
2002-03-23,171.9785,180.8
2002-03-24,170.5624,188.2
2002-03-25,158.7297,204.0
2002-03-26,154.5234,206.7
2002-03-27,164.2091,205.9
2002-03-28,176.7458,209.4
2002-03-29,186.3838,216.3
2002-03-30,193.0336,217.6
2002-03-31,209.6653,206.7
2002-04-01,208.9099,208.4
2002-04-02,200.3683,206.8
2002-04-03,204.0318,205.8
2002-04-04,208.8159,195.1
2002-04-05,212.0612,198.3
2002-04-06,202.3494,213.0
2002-04-07,199.1093,227.3
2002-04-08,197.7532,211.6
2002-04-09,194.8232,204.7
2002-04-10,184.3099,197.2
2002-04-11,187.7518,195.0
2002-04-12,192.0382,189.8
2002-04-13,197.0832,181.4
2002-04-14,186.2005,179.0
2002-04-15,174.1914,175.1
2002-04-16,165.0393,171.7
2002-04-17,155.9441,177.2
2002-04-18,158.6251,178.9
2002-04-19,162.3911,169.3
2002-04-20,168.2334,164.7
2002-04-21,178.7373,159.0
2002-04-22,185.5933,149.2
2002-04-23,191.5665,155.2
2002-04-24,196.5931,155.6
2002-04-25,183.3232,164.9
2002-04-26,181.6136,171.7
2002-04-27,168.5042,182.0
2002-04-28,162.9274,192.7
2002-04-29,187.744,183.2
2002-04-30,190.2511,194.3
2002-05-01,197.9968,190.3
2002-05-02,197.9065,190.2
2002-05-03,198.3545,193.7
2002-05-04,198.1273,194.8
2002-05-05,185.695,191.8
2002-05-06,191.9188,187.1
2002-05-07,196.5058,175.6
2002-05-08,197.7058,164.2
2002-05-09,195.3556,162.7
2002-05-10,194.7321,162.0
2002-05-11,193.2056,160.7
2002-05-12,189.6094,166.8
2002-05-13,180.4479,175.0
2002-05-14,167.8237,175.4
2002-05-15,169.914,190.4
2002-05-16,177.4535,185.6
2002-05-17,180.478,184.8
2002-05-18,182.1214,193.9
2002-05-19,188.2381,187.4
2002-05-20,187.0018,188.0
2002-05-21,194.3489,191.6
2002-05-22,191.1662,191.4
2002-05-23,189.6028,189.8
2002-05-24,186.3891,185.1
2002-05-25,179.6828,187.0
2002-05-26,183.7911,183.9
2002-05-27,181.135,180.0
2002-05-28,179.8693,175.4
2002-05-29,180.0083,174.7
2002-05-30,176.9628,163.7
2002-05-31,178.5314,159.1
2002-06-01,170.625,163.1
2002-06-02,167.9875,159.9
2002-06-03,164.836,161.9
2002-06-04,164.7982,156.2
2002-06-05,157.7982,152.4
2002-06-06,150.22,146.2
2002-06-07,168.1651,137.6
2002-06-08,174.2035,135.6
2002-06-09,179.5251,139.7
2002-06-10,174.1238,141.0
2002-06-11,165.7942,147.5
2002-06-12,161.2899,147.5
2002-06-13,156.1515,150.5
2002-06-14,164.2159,149.8
2002-06-15,170.9918,144.2
2002-06-16,169.6155,146.6
2002-06-17,174.0581,147.5
2002-06-18,174.1578,155.3
2002-06-19,175.2416,149.5
2002-06-20,177.0944,148.6
2002-06-21,171.435,143.2
2002-06-22,165.3418,141.9
2002-06-23,167.2095,147.5
2002-06-24,172.8265,151.4
2002-06-25,165.1439,152.3
2002-06-26,164.6172,153.5
2002-06-27,156.8815,152.4
2002-06-28,156.6064,151.3
2002-06-29,163.5242,143.5
2002-06-30,166.2149,138.0
2002-07-01,164.2871,141.5
2002-07-02,161.3094,135.3
2002-07-03,152.999,140.9
2002-07-04,149.8399,133.1
2002-07-05,146.7096,135.9
2002-07-06,140.2572,137.7
2002-07-07,141.3206,139.4
2002-07-08,139.4388,148.6
2002-07-09,153.4755,164.8
2002-07-10,149.4792,177.2
2002-07-11,154.5976,185.9
2002-07-12,162.7493,186.6
2002-07-13,153.0907,188.3
2002-07-14,153.9184,190.7
2002-07-15,169.7794,188.7
2002-07-16,180.6514,195.8
2002-07-17,180.9583,204.6
2002-07-18,175.4271,215.0
2002-07-19,169.335,224.5
2002-07-20,156.9945,240.4
2002-07-21,158.2969,238.0
2002-07-22,163.9915,246.2
2002-07-23,173.5995,241.1
2002-07-24,168.1911,234.1
2002-07-25,168.9068,214.8
2002-07-26,168.186,198.3
2002-07-27,172.9076,185.7
2002-07-28,180.9029,172.7
2002-07-29,184.1489,155.3
2002-07-30,173.7387,146.0
2002-07-31,166.2276,148.8
2002-08-01,156.8505,140.1
2002-08-02,150.3138,138.3
2002-08-03,150.9806,144.0
2002-08-04,145.1325,152.4
2002-08-05,143.6822,176.9
2002-08-06,157.7149,188.8
2002-08-07,158.5741,196.8
2002-08-08,164.6267,213.5
2002-08-09,173.3827,215.7
2002-08-10,182.6816,219.1
2002-08-11,200.4556,232.3
2002-08-12,209.849,246.9
2002-08-13,213.9551,242.6
2002-08-14,224.0051,232.8
2002-08-15,214.8382,225.0
2002-08-16,209.045,225.1
2002-08-17,209.3561,229.5
2002-08-18,206.1957,199.8
2002-08-19,198.746,182.4
2002-08-20,190.8966,172.2
2002-08-21,182.8922,164.7
2002-08-22,174.3164,166.4
2002-08-23,177.2419,172.6
2002-08-24,158.9056,176.9
2002-08-25,143.8693,183.7
2002-08-26,134.9525,183.8
2002-08-27,140.1948,176.9
2002-08-28,144.336,174.4
2002-08-29,170.6139,174.2
2002-08-30,178.2381,178.1
2002-08-31,185.8211,180.9
2002-09-01,191.5434,185.6
2002-09-02,185.5677,194.4
2002-09-03,186.2464,209.0
2002-09-04,188.7513,223.5
2002-09-05,186.5622,219.0
2002-09-06,186.2472,215.1
2002-09-07,196.1339,208.6
2002-09-08,204.2474,209.2
2002-09-09,213.7126,189.9
2002-09-10,222.5047,184.5
2002-09-11,206.2435,195.9
2002-09-12,186.5062,178.4
2002-09-13,175.0986,166.7
2002-09-14,184.0566,165.8
2002-09-15,172.276,159.8
2002-09-16,171.1181,161.1
2002-09-17,178.3964,154.8
2002-09-18,166.0917,158.9
2002-09-19,153.1163,154.2
2002-09-20,157.4207,150.6
2002-09-21,153.1479,152.2
2002-09-22,161.5105,149.1
2002-09-23,160.3172,138.6
2002-09-24,170.4707,140.1
2002-09-25,173.187,140.1
2002-09-26,175.132,136.0
2002-09-27,179.726,146.1
2002-09-28,167.6639,157.6
2002-09-29,169.0308,155.1
2002-09-30,173.786,161.6
2002-10-01,169.7611,163.5
2002-10-02,180.4046,165.1
2002-10-03,187.7726,166.8
2002-10-04,195.7189,171.4
2002-10-05,185.7078,178.7
2002-10-06,179.645,179.7
2002-10-07,178.8987,178.3
2002-10-08,174.29,180.2
2002-10-09,176.1172,175.7
2002-10-10,175.033,181.4
2002-10-11,179.7214,177.7
2002-10-12,181.124,171.3
2002-10-13,173.2574,178.1
2002-10-14,169.188,178.7
2002-10-15,164.1075,180.8
2002-10-16,160.1158,167.7
2002-10-17,150.3968,161.9
2002-10-18,148.7751,158.5
2002-10-19,156.058,170.9
2002-10-20,161.9648,156.1
2002-10-21,164.6927,155.2
2002-10-22,156.1181,156.3
2002-10-23,156.9957,159.4
2002-10-24,158.1038,165.3
2002-10-25,176.6927,167.7
2002-10-26,173.7937,159.7
2002-10-27,163.5971,162.1
2002-10-28,167.9023,166.5
2002-10-29,177.6998,174.4
2002-10-30,184.5929,180.0
2002-10-31,190.699,181.2
2002-11-01,187.098,186.4
2002-11-02,186.1311,185.5
2002-11-03,184.6517,187.0
2002-11-04,185.2444,187.7
2002-11-05,181.6542,181.0
2002-11-06,179.1803,174.6
2002-11-07,167.8252,178.6
2002-11-08,162.1672,180.2
2002-11-09,158.4234,193.2
2002-11-10,163.5653,194.8
2002-11-11,156.0516,180.5
2002-11-12,137.4004,174.8
2002-11-13,150.2726,164.3
2002-11-14,154.5798,155.3
2002-11-15,161.5571,147.2
2002-11-16,169.9903,145.5
2002-11-17,164.2368,143.8
2002-11-18,163.3591,143.5
2002-11-19,148.3697,133.2
2002-11-20,155.1509,138.5
2002-11-21,155.6613,138.8
2002-11-22,156.1034,136.0
2002-11-23,159.0462,137.5
2002-11-24,161.7305,142.1
2002-11-25,155.9296,145.5
2002-11-26,163.9389,142.0
2002-11-27,173.9449,141.8
2002-11-28,172.3799,144.5
2002-11-29,177.0677,144.4
2002-11-30,176.3503,143.9
2002-12-01,177.2461,146.6
2002-12-02,171.999,149.8
2002-12-03,165.4248,151.6
2002-12-04,162.4527,156.5
2002-12-05,154.5522,147.7
2002-12-06,147.9304,148.4
2002-12-07,146.5668,161.8
2002-12-08,146.8554,180.1
2002-12-09,147.0965,196.6
2002-12-10,145.8709,196.5
2002-12-11,128.1778,205.8
2002-12-12,134.902,190.6
2002-12-13,149.9878,186.7
2002-12-14,168.1595,190.3
2002-12-15,165.8073,177.9
2002-12-16,160.8258,166.4
2002-12-17,155.6919,153.7
2002-12-18,144.0656,142.5
2002-12-19,143.5634,127.6
2002-12-20,133.0837,123.2
2002-12-21,135.1493,112.7
2002-12-22,135.1779,113.1
2002-12-23,135.1164,111.0
2002-12-24,134.1175,110.1
2002-12-25,130.8911,111.3
2002-12-26,132.1876,111.2
2002-12-27,130.1262,114.4
2002-12-28,129.5867,127.0
2002-12-29,142.3084,138.2
2002-12-30,142.7756,143.2
2002-12-31,150.5736,156.8
2003-01-01,149.4174,157.8
2003-01-02,157.9228,168.0
2003-01-03,170.221,176.9
2003-01-04,171.1263,178.7
2003-01-05,163.1854,182.6
2003-01-06,167.1819,167.7
2003-01-07,166.4811,166.2
2003-01-08,171.4137,158.6
2003-01-09,166.1927,145.0
2003-01-10,162.7524,139.9
2003-01-11,156.9482,137.1
2003-01-12,144.2275,133.0
2003-01-13,141.0791,126.1
2003-01-14,137.801,133.7
2003-01-15,131.4555,129.4
2003-01-16,127.9491,125.4
2003-01-17,130.1234,131.6
2003-01-18,129.699,125.8
2003-01-19,123.7701,124.9
2003-01-20,143.6558,121.2
2003-01-21,146.0556,117.7
2003-01-22,145.1549,121.8
2003-01-23,148.0125,120.7
2003-01-24,144.817,117.6
2003-01-25,140.1795,116.9
2003-01-26,135.0285,122.1
2003-01-27,134.5302,123.0
2003-01-28,145.9351,128.7
2003-01-29,149.4177,131.0
2003-01-30,142.6296,136.2
2003-01-31,142.3133,145.4
2003-02-01,151.0647,143.3
2003-02-02,155.0037,135.4
2003-02-03,157.6931,137.6
2003-02-04,157.6069,132.6
2003-02-05,151.4082,131.4
2003-02-06,155.5294,128.2
2003-02-07,151.179,127.3
2003-02-08,140.7384,128.1
2003-02-09,140.0036,120.6
2003-02-10,134.8823,115.7
2003-02-11,134.1135,109.4
2003-02-12,123.0112,107.4
2003-02-13,119.1208,113.6
2003-02-14,116.5584,115.7
2003-02-15,114.7086,117.0
2003-02-16,117.4807,104.3
2003-02-17,117.6558,101.8
2003-02-18,114.9148,99.9
2003-02-19,117.3308,99.5
2003-02-20,116.868,107.2
2003-02-21,121.9298,115.4
2003-02-22,117.7112,122.6
2003-02-23,114.176,135.6
2003-02-24,115.3563,131.4
2003-02-25,124.1844,146.5
2003-02-26,135.5578,143.6
2003-02-27,157.3474,146.2
2003-02-28,163.4372,147.9
2003-03-01,169.0588,147.6
2003-03-02,158.1284,146.2
2003-03-03,158.5953,150.6
2003-03-04,149.9192,141.7
2003-03-05,142.3189,139.7
2003-03-06,136.8478,136.2
2003-03-07,138.6224,132.5
2003-03-08,131.6312,137.3
2003-03-09,132.6959,129.3
2003-03-10,126.7512,127.2
2003-03-11,120.7137,123.1
2003-03-12,115.2308,117.3
2003-03-13,113.5794,107.2
2003-03-14,118.664,96.6
2003-03-15,109.7482,90.3
2003-03-16,107.2138,88.3
2003-03-17,103.0297,92.4
2003-03-18,106.8179,97.3
2003-03-19,104.8702,108.2
2003-03-20,102.959,126.6
2003-03-21,103.0727,140.5
2003-03-22,116.1712,146.4
2003-03-23,129.573,154.6
2003-03-24,138.2716,154.2
2003-03-25,144.5561,159.8
2003-03-26,155.2512,152.8
2003-03-27,161.1424,157.3
2003-03-28,156.86,155.7
2003-03-29,153.1885,152.7
2003-03-30,148.8386,137.5
2003-03-31,142.5994,126.1
2003-04-01,125.788,115.9
2003-04-02,121.0844,112.6
2003-04-03,124.4695,109.7
2003-04-04,121.0213,104.1
2003-04-05,111.1752,103.0
2003-04-06,108.8303,102.6
2003-04-07,102.0039,103.0
2003-04-08,103.4066,102.6
2003-04-09,107.961,101.1
2003-04-10,111.4735,99.2
2003-04-11,113.242,101.8
2003-04-12,119.2596,108.7
2003-04-13,123.2899,113.1
2003-04-14,125.4384,119.7
2003-04-15,122.5468,127.0
2003-04-16,125.9206,133.8
2003-04-17,138.461,134.3
2003-04-18,144.3662,129.8
2003-04-19,143.9342,145.3
2003-04-20,142.0717,145.5
2003-04-21,140.2867,156.1
2003-04-22,135.2056,154.3
2003-04-23,128.9158,157.4
2003-04-24,123.5675,155.8
2003-04-25,129.9445,151.0
2003-04-26,127.9297,159.0
2003-04-27,130.1457,150.1
2003-04-28,127.3028,144.4
2003-04-29,116.2548,131.1
2003-04-30,117.0063,124.1
2003-05-01,115.3608,112.2
2003-05-02,119.0506,102.8
2003-05-03,116.4416,98.9
2003-05-04,112.7314,94.5
2003-05-05,105.8224,93.4
2003-05-06,103.4614,95.8
2003-05-07,96.802,98.1
2003-05-08,99.7749,98.3
2003-05-09,112.6801,101.4
2003-05-10,116.2146,104.9
2003-05-11,124.4725,104.7
2003-05-12,127.7158,111.5
2003-05-13,131.7682,117.4
2003-05-14,127.9738,120.0
2003-05-15,129.5782,122.2
2003-05-16,130.8084,121.3
2003-05-17,130.0694,120.9
2003-05-18,134.2543,119.8
2003-05-19,129.1628,124.3
2003-05-20,134.6524,128.4
2003-05-21,129.5565,132.3
2003-05-22,124.3938,133.7
2003-05-23,120.9283,127.8
2003-05-24,120.0866,120.4
2003-05-25,123.6511,116.3
2003-05-26,118.5037,115.5
2003-05-27,124.29,124.8
2003-05-28,115.3677,117.8
2003-05-29,111.6424,108.7
2003-05-30,106.8869,117.0
2003-05-31,101.4304,129.4
2003-06-01,108.6307,137.2
2003-06-02,122.9145,158.0
2003-06-03,122.2291,163.1
2003-06-04,117.5523,182.0
2003-06-05,115.8285,198.9
2003-06-06,126.5736,168.6
2003-06-07,134.6466,155.8
2003-06-08,146.1436,137.7
2003-06-09,144.7816,132.8
2003-06-10,145.3908,126.5
2003-06-11,152.0505,125.8
2003-06-12,136.0541,124.3
2003-06-13,126.0544,122.55
2003-06-14,116.2298,120.8
2003-06-15,119.419,118.8
2003-06-16,118.5666,113.9
2003-06-17,119.5527,117.2
2003-06-18,118.003,118.3
2003-06-19,120.0016,120.2
2003-06-20,119.9338,122.9
2003-06-21,111.7879,128.1
2003-06-22,117.3696,128.1
2003-06-23,124.9923,131.6
2003-06-24,133.5632,132.5
2003-06-25,137.5687,135.6
2003-06-26,139.1878,139.3
2003-06-27,147.2077,136.7
2003-06-28,147.1852,144.8
2003-06-29,147.6094,146.7
2003-06-30,143.8578,135.3
2003-07-01,137.9106,137.8
2003-07-02,136.9372,135.7
2003-07-03,132.0089,130.2
2003-07-04,134.6383,126.9
2003-07-05,126.99,126.1
2003-07-06,113.5703,125.5
2003-07-07,118.9276,130.7
2003-07-08,118.6624,131.4
2003-07-09,113.581,129.9
2003-07-10,107.0344,137.5
2003-07-11,115.4533,143.2
2003-07-12,119.8797,144.3
2003-07-13,127.5802,150.8
2003-07-14,125.6422,162.4
2003-07-15,127.7467,160.7
2003-07-16,134.6872,157.4
2003-07-17,137.4014,148.7
2003-07-18,136.7318,129.2
2003-07-19,137.008,115.1
2003-07-20,139.4206,105.9
2003-07-21,131.5656,104.9
2003-07-22,129.3315,106.6
2003-07-23,127.9505,103.0
2003-07-24,121.4265,101.7
2003-07-25,117.1431,105.2
2003-07-26,114.007,110.6
2003-07-27,117.8375,114.7
2003-07-28,125.6442,123.6
2003-07-29,123.3293,126.0
2003-07-30,122.2722,134.4
2003-07-31,119.9501,132.4
2003-08-01,131.2748,140.9
2003-08-02,139.3731,136.6
2003-08-03,145.7126,133.6
2003-08-04,144.599,134.7
2003-08-05,145.0468,132.7
2003-08-06,140.5359,126.6
2003-08-07,145.7452,134.3
2003-08-08,131.3634,133.1
2003-08-09,131.6631,134.7
2003-08-10,127.993,130.1
2003-08-11,122.0781,122.3
2003-08-12,113.3791,118.7
2003-08-13,114.5827,119.5
2003-08-14,114.8311,114.5
2003-08-15,119.4298,122.0
2003-08-16,113.4939,123.7
2003-08-17,112.962,122.9
2003-08-18,115.1816,120.95
2003-08-19,121.5021,119.0
2003-08-20,114.8458,123.4
2003-08-21,131.4662,128.3
2003-08-22,133.958,121.1
2003-08-23,132.9092,118.7
2003-08-24,128.3859,116.2
2003-08-25,125.1404,111.8
2003-08-26,119.2074,110.1
2003-08-27,125.0811,107.6
2003-08-28,122.3894,112.4
2003-08-29,121.962,114.1
2003-08-30,116.4991,109.8
2003-08-31,113.4826,106.6
2003-09-01,112.3779,109.4
2003-09-02,114.1974,100.3
2003-09-03,120.5421,97.3
2003-09-04,123.1088,100.6
2003-09-05,117.9175,98.0
2003-09-06,119.7013,95.6
2003-09-07,119.5438,97.3
2003-09-08,116.423,95.8
2003-09-09,117.675,98.4
2003-09-10,120.8788,100.4
2003-09-11,117.2662,107.0
2003-09-12,114.5844,110.2
2003-09-13,114.9519,112.1
2003-09-14,118.2917,116.5
2003-09-15,126.125,120.9
2003-09-16,128.3511,123.5
2003-09-17,130.6051,125.7
2003-09-18,127.5057,134.3
2003-09-19,126.0982,133.4
2003-09-20,131.6315,131.8
2003-09-21,134.4949,130.3
2003-09-22,134.7394,137.6
2003-09-23,131.1712,135.6
2003-09-24,133.7233,133.3
2003-09-25,129.0756,137.1
2003-09-26,123.9281,125.0
2003-09-27,123.2543,120.3
2003-09-28,124.7052,119.0
2003-09-29,130.0653,109.6
2003-09-30,133.5405,112.0
2003-10-01,136.677,111.8
2003-10-02,128.8708,113.1
2003-10-03,123.1156,110.5
2003-10-04,112.5797,111.4
2003-10-05,110.2925,105.4
2003-10-06,118.1498,97.4
2003-10-07,114.7197,94.0
2003-10-08,114.0981,91.9
2003-10-09,115.8481,95.3
2003-10-10,118.7928,94.6
2003-10-11,115.9582,98.1
2003-10-12,111.4566,107.8
2003-10-13,110.7619,119.4
2003-10-14,111.3509,133.9
2003-10-15,115.8543,150.2
2003-10-16,112.8903,152.0
2003-10-17,118.7835,181.3
2003-10-18,124.7558,188.5
2003-10-19,130.0041,219.0
2003-10-20,134.774,240.6
2003-10-21,133.0875,254.0
2003-10-22,137.739,268.4
2003-10-23,156.0776,275.4
2003-10-24,160.221,267.6
2003-10-25,171.4242,245.2
2003-10-26,170.0445,233.2
2003-10-27,170.5605,187.4
2003-10-28,171.909,164.2
2003-10-29,161.7132,165.6
2003-10-30,153.2448,112.1
2003-10-31,139.6491,96.1
2003-11-01,133.082,89.4
2003-11-02,115.5226,91.0
2003-11-03,107.0273,91.2
2003-11-04,113.3384,92.8
2003-11-05,86.0687,93.7
2003-11-06,82.5976,95.8
2003-11-07,90.5349,100.0
2003-11-08,102.8998,96.8
2003-11-09,106.3474,95.6
2003-11-10,112.3409,102.0
2003-11-11,116.8096,118.2
2003-11-12,121.8232,141.0
2003-11-13,137.0701,151.5
2003-11-14,136.4088,171.0
2003-11-15,133.4246,172.8
2003-11-16,136.7314,171.9
2003-11-17,141.7397,173.8
2003-11-18,159.2933,172.8
2003-11-19,163.7614,166.3
2003-11-20,169.1057,166.5
2003-11-21,158.9291,170.1
2003-11-22,150.5411,163.2
2003-11-23,137.0079,161.4
2003-11-24,142.1036,148.6
2003-11-25,139.1498,139.3
2003-11-26,132.8223,135.4
2003-11-27,129.3952,120.3
2003-11-28,122.944,112.5
2003-11-29,120.6172,108.5
2003-11-30,114.9866,105.7
2003-12-01,112.0293,89.3
2003-12-02,113.9197,90.9
2003-12-03,109.7794,89.4
2003-12-04,99.5618,86.5
2003-12-05,103.3544,83.4
2003-12-06,110.1212,84.5
2003-12-07,104.0911,85.0
2003-12-08,111.2368,89.5
2003-12-09,116.6965,97.7
2003-12-10,126.0761,103.0
2003-12-11,125.5392,113.8
2003-12-12,126.8778,119.1
2003-12-13,126.6904,118.6
2003-12-14,122.523,125.9
2003-12-15,127.3264,129.1
2003-12-16,138.5244,133.2
2003-12-17,145.0423,137.4
2003-12-18,143.5538,134.4
2003-12-19,138.2018,134.6
2003-12-20,137.3195,132.7
2003-12-21,135.7719,124.3
2003-12-22,128.1689,115.1
2003-12-23,126.5701,110.7
2003-12-24,112.7123,104.2
2003-12-25,112.674,104.4
2003-12-26,106.9775,112.2
2003-12-27,102.8448,112.6
2003-12-28,103.14,112.3
2003-12-29,99.6383,115.5
2003-12-30,96.686,119.0
2003-12-31,109.5168,113.4
2004-01-01,130.3081,114.9
2004-01-02,133.3834,116.1
2004-01-03,132.5177,114.4
2004-01-04,133.3418,115.3
2004-01-05,127.4144,114.6
2004-01-06,129.3048,114.4
2004-01-07,137.3889,114.1
2004-01-08,138.4959,117.1
2004-01-09,135.2644,115.2
2004-01-10,121.6117,116.4
2004-01-11,122.8165,118.6
2004-01-12,131.7712,115.6
2004-01-13,136.9709,130.3
2004-01-14,140.576,124.8
2004-01-15,132.2046,126.0
2004-01-16,128.7729,117.9
2004-01-17,127.9065,111.6
2004-01-18,120.5428,104.1
2004-01-19,126.0008,99.1
2004-01-20,119.3225,95.0
2004-01-21,108.7145,90.8
2004-01-22,100.4986,85.9
2004-01-23,95.3307,84.8
2004-01-24,91.2109,89.9
2004-01-25,91.4299,91.6
2004-01-26,94.1116,94.5
2004-01-27,94.5131,98.5
2004-01-28,101.6999,96.6
2004-01-29,103.146,98.6
2004-01-30,101.8981,102.5
2004-01-31,109.4768,103.7
2004-02-01,112.1574,108.1
2004-02-02,114.9055,113.1
2004-02-03,106.6663,114.7
2004-02-04,108.9712,113.5
2004-02-05,108.2783,111.2
2004-02-06,108.9571,109.3
2004-02-07,114.1334,105.1
2004-02-08,122.3116,101.1
2004-02-09,123.772,99.6
2004-02-10,115.6166,96.3
2004-02-11,105.0119,99.5
2004-02-12,99.9011,95.4
2004-02-13,97.4902,94.2
2004-02-14,91.8876,93.2
2004-02-15,97.1599,96.0
2004-02-16,94.7032,101.7
2004-02-17,100.6953,102.1
2004-02-18,100.9182,103.4
2004-02-19,106.1178,116.1
2004-02-20,113.0084,118.4
2004-02-21,113.0578,119.8
2004-02-22,107.9514,113.6
2004-02-23,110.5921,108.0
2004-02-24,104.8218,100.0
2004-02-25,112.6615,97.1
2004-02-26,113.7696,88.9
2004-02-27,112.5008,95.9
2004-02-28,107.4308,105.0
2004-02-29,100.874,102.9
2004-03-01,98.3723,104.6
2004-03-02,98.8671,106.3
2004-03-03,93.5742,107.2
2004-03-04,104.8498,111.1
2004-03-05,110.5608,111.7
2004-03-06,110.0741,106.2
2004-03-07,111.8328,102.6
2004-03-08,112.4032,101.3
2004-03-09,113.5639,100.3
2004-03-10,108.4905,108.5
2004-03-11,109.8335,108.8
2004-03-12,114.5099,114.4
2004-03-13,115.2067,111.3
2004-03-14,109.06,112.7
2004-03-15,108.6047,110.4
2004-03-16,115.4161,115.6
2004-03-17,115.5442,117.6
2004-03-18,116.3474,119.0
2004-03-19,112.6231,126.4
2004-03-20,113.7075,123.2
2004-03-21,113.5674,127.2
2004-03-22,113.6017,128.6
2004-03-23,108.9595,128.3
2004-03-24,105.6636,126.4
2004-03-25,111.7264,121.0
2004-03-26,106.1745,112.6
2004-03-27,109.0375,108.1
2004-03-28,109.5058,107.4
2004-03-29,106.7833,109.0
2004-03-30,108.8463,108.9
2004-03-31,108.9202,101.6
2004-04-01,103.4485,98.4
2004-04-02,93.0159,93.8
2004-04-03,95.0248,90.3
2004-04-04,99.2649,88.1
2004-04-05,98.7252,90.0
2004-04-06,95.5592,91.8
2004-04-07,93.6957,93.6
2004-04-08,97.3353,95.8
2004-04-09,102.1769,97.4
2004-04-10,101.3457,97.6
2004-04-11,105.0364,99.0
2004-04-12,107.8656,110.0
2004-04-13,112.9785,114.5
2004-04-14,113.1267,111.8
2004-04-15,107.3388,113.9
2004-04-16,106.8461,118.4
2004-04-17,107.5038,116.6
2004-04-18,118.0788,112.9
2004-04-19,121.7951,108.4
2004-04-20,113.2084,100.9
2004-04-21,105.9942,96.4
2004-04-22,107.0845,90.7
2004-04-23,104.4562,89.8
2004-04-24,110.7944,90.8
2004-04-25,99.9318,95.7
2004-04-26,95.1449,99.1
2004-04-27,92.9894,92.8
2004-04-28,90.2936,88.9
2004-04-29,91.9268,90.1
2004-04-30,96.7846,88.0
2004-05-01,102.1858,86.8
2004-05-02,103.5101,88.9
2004-05-03,106.4664,95.0
2004-05-04,105.5478,94.8
2004-05-05,102.5544,92.0
2004-05-06,101.4829,100.9
2004-05-07,108.452,103.0
2004-05-08,109.1802,112.1
2004-05-09,114.4051,117.9
2004-05-10,117.0345,121.0
2004-05-11,112.8094,113.7
2004-05-12,117.1084,110.4
2004-05-13,115.969,111.4
2004-05-14,123.5485,107.2
2004-05-15,126.5207,109.6
2004-05-16,124.2745,105.0
2004-05-17,116.7829,106.6
2004-05-18,112.0178,107.9
2004-05-19,104.0767,105.1
2004-05-20,102.7291,106.1
2004-05-21,105.089,104.6
2004-05-22,101.4809,105.2
2004-05-23,97.4376,104.0
2004-05-24,94.2928,102.4
2004-05-25,92.0051,98.1
2004-05-26,93.2126,92.5
2004-05-27,94.5682,93.0
2004-05-28,98.2909,92.6
2004-05-29,105.3147,92.0
2004-05-30,107.6786,87.0
2004-05-31,106.1068,91.0
2004-06-01,105.7632,91.2
2004-06-02,107.0986,88.6
2004-06-03,104.1058,87.9
2004-06-04,102.4786,85.0
2004-06-05,108.0189,86.5
2004-06-06,106.4639,90.7
2004-06-07,110.8235,98.2
2004-06-08,108.0461,103.1
2004-06-09,106.7378,112.9
2004-06-10,103.6238,115.1
2004-06-11,102.5094,114.9
2004-06-12,106.4489,111.3
2004-06-13,112.5865,116.4
2004-06-14,114.909,123.0
2004-06-15,116.0659,119.6
2004-06-16,113.9273,120.5
2004-06-17,110.2156,116.2
2004-06-18,97.8264,111.9
2004-06-19,98.6885,106.3
2004-06-20,105.0839,102.2
2004-06-21,96.2438,97.3
2004-06-22,98.8833,92.4
2004-06-23,93.5872,87.9
2004-06-24,87.0581,84.5
2004-06-25,82.7332,84.0
2004-06-26,81.7423,83.4
2004-06-27,87.6746,82.2
2004-06-28,93.1282,82.1
2004-06-29,92.9865,80.9
2004-06-30,95.8168,81.6
2004-07-01,94.3576,81.9
2004-07-02,96.4375,84.6
2004-07-03,98.3043,89.6
2004-07-04,100.6889,96.4
2004-07-05,98.3549,107.9
2004-07-06,100.08,129.2
2004-07-07,103.6948,131.6
2004-07-08,108.6064,142.6
2004-07-09,112.607,150.5
2004-07-10,114.1901,151.3
2004-07-11,113.4892,154.1
2004-07-12,120.5467,160.2
2004-07-13,120.9347,175.8
2004-07-14,122.1876,180.8
2004-07-15,122.0998,177.7
2004-07-16,118.8839,178.4
2004-07-17,118.324,170.4
2004-07-18,117.9417,151.8
2004-07-19,123.6307,143.9
2004-07-20,127.9634,132.0
2004-07-21,114.4846,121.8
2004-07-22,114.5291,103.8
2004-07-23,110.6697,102.8
2004-07-24,103.4904,91.4
2004-07-25,100.194,89.0
2004-07-26,98.3246,85.8
2004-07-27,91.4031,87.0
2004-07-28,84.8927,90.1
2004-07-29,90.1294,87.9
2004-07-30,99.4784,91.5
2004-07-31,101.8111,93.6
2004-08-01,99.6485,97.3
2004-08-02,104.8078,107.7
2004-08-03,104.5173,117.0
2004-08-04,106.2725,124.7
2004-08-05,110.6932,134.3
2004-08-06,121.691,151.1
2004-08-07,121.2754,152.5
2004-08-08,123.7732,153.1
2004-08-09,129.7389,142.4
2004-08-10,128.487,137.0
2004-08-11,132.3321,138.3
2004-08-12,137.1407,143.3
2004-08-13,135.7183,123.5
2004-08-14,124.1992,124.2
2004-08-15,119.4337,122.8
2004-08-16,115.894,117.8
2004-08-17,108.317,111.9
2004-08-18,109.8784,107.2
2004-08-19,106.8277,102.5
2004-08-20,108.505,99.5
2004-08-21,100.5864,92.3
2004-08-22,101.0866,88.9
2004-08-23,92.1957,87.7
2004-08-24,91.2167,91.6
2004-08-25,91.8687,89.7
2004-08-26,94.4779,91.5
2004-08-27,93.9877,95.6
2004-08-28,94.8102,98.3
2004-08-29,100.5816,100.9
2004-08-30,106.4505,104.8
2004-08-31,111.5093,108.2
2004-09-01,121.0562,120.7
2004-09-02,122.2696,126.3
2004-09-03,122.5556,132.8
2004-09-04,122.9224,131.8
2004-09-05,124.2491,117.9
2004-09-06,119.2177,116.0
2004-09-07,122.7986,119.1
2004-09-08,120.1307,116.0
2004-09-09,129.0252,110.8
2004-09-10,125.0795,109.4
2004-09-11,113.9046,105.5
2004-09-12,109.1489,103.6
2004-09-13,102.0068,106.1
2004-09-14,98.9221,101.3
2004-09-15,106.3725,95.6
2004-09-16,107.0956,92.0
2004-09-17,107.4392,90.8
2004-09-18,105.7162,89.9
2004-09-19,106.6893,89.9
2004-09-20,106.8116,89.9
2004-09-21,105.2739,90.2
2004-09-22,107.3818,90.2
2004-09-23,105.6799,90.0
2004-09-24,107.6541,88.4
2004-09-25,116.4079,88.1
2004-09-26,118.0725,88.1
2004-09-27,117.7762,89.1
2004-09-28,115.6369,90.7
2004-09-29,113.8404,90.8
2004-09-30,110.2613,92.0
2004-10-01,106.2578,93.7
2004-10-02,102.6698,90.4
2004-10-03,100.1353,87.7
2004-10-04,99.547,88.7
2004-10-05,97.8122,86.6
2004-10-06,95.5942,87.2
2004-10-07,95.1155,89.4
2004-10-08,92.1249,90.2
2004-10-09,87.604,88.6
2004-10-10,88.9549,91.1
2004-10-11,91.7374,91.2
2004-10-12,94.9768,95.5
2004-10-13,98.3318,98.2
2004-10-14,93.1041,110.3
2004-10-15,94.1628,111.0
2004-10-16,91.1487,121.2
2004-10-17,100.907,130.2
2004-10-18,108.0248,138.7
2004-10-19,113.5299,141.5
2004-10-20,114.4813,135.0
2004-10-21,115.3175,127.8
2004-10-22,121.4352,134.0
2004-10-23,124.4142,128.8
2004-10-24,127.7144,134.4
2004-10-25,122.1703,137.1
2004-10-26,115.5206,133.4
2004-10-27,107.8208,131.0
2004-10-28,108.8646,129.4
2004-10-29,107.6272,128.6
2004-10-30,112.0781,138.8
2004-10-31,107.9708,126.5
2004-11-01,106.0785,127.2
2004-11-02,105.4358,121.7
2004-11-03,106.8863,124.2
2004-11-04,99.9337,102.6
2004-11-05,106.2713,93.0
2004-11-06,100.7149,94.0
2004-11-07,101.3131,94.4
2004-11-08,97.5912,98.1
2004-11-09,104.8226,103.3
2004-11-10,92.9264,104.2
2004-11-11,89.697,102.5
2004-11-12,96.0299,101.6
2004-11-13,103.2665,100.9
2004-11-14,103.9152,96.9
2004-11-15,105.279,98.5
2004-11-16,108.7901,103.7
2004-11-17,110.6147,104.2
2004-11-18,116.4487,104.5
2005-02-18,82.7399,78.6
2005-02-19,79.6884,76.7
2005-02-20,78.6663,75.1
2005-02-21,78.8361,74.4
2005-02-22,79.9791,73.6
2005-02-23,78.6433,72.4
2005-02-24,77.8594,73.4
2005-02-25,80.4414,75.7
2005-02-26,87.457,77.7
2005-02-27,91.953,79.9
2005-02-28,94.3006,82.3
2005-03-01,90.4046,85.7
2005-03-02,95.6314,92.2
2005-03-03,96.6155,98.5
2005-03-04,102.0808,100.3
2005-03-05,103.14,103.6
2005-03-06,103.2971,108.8
2005-03-07,103.6485,112.5
2005-03-08,103.5056,110.3
2005-03-09,101.9293,107.0
2005-03-10,102.3552,103.6
2005-03-11,101.6575,100.7
2005-03-12,99.5634,95.7
2005-03-13,93.2504,92.2
2005-03-14,88.8287,88.3
2005-03-15,82.6564,89.2
2005-03-16,78.8839,86.7
2005-03-17,77.4384,87.1
2005-03-18,75.6073,86.6
2005-03-19,74.8317,81.7
2005-03-20,75.3948,77.4
2005-03-21,82.4943,78.1
2005-03-22,86.1234,79.4
2005-03-23,87.9648,78.6
2005-03-24,86.2552,77.5
2005-03-25,84.6454,76.5
2005-03-26,84.2488,78.2
2005-03-27,90.6636,80.2
2005-03-28,94.8051,81.1
2005-03-29,98.5702,84.9
2005-03-30,101.3732,88.5
2005-03-31,106.699,88.2
2005-04-01,106.001,88.0
2005-04-02,103.4128,87.9
2005-04-03,102.0522,88.8
2005-04-04,96.405,88.6
2005-04-05,96.2051,87.9
2005-04-06,93.4163,85.3
2005-04-07,93.443,84.0
2005-04-08,92.3533,86.0
2005-04-09,86.3368,85.5
2005-04-10,83.5125,83.6
2005-04-11,83.6212,84.2
2005-04-12,91.058,82.0
2005-04-13,91.5198,78.9
2005-04-14,88.8624,77.8
2005-04-15,85.2885,77.9
2005-04-16,78.6088,78.1
2005-04-17,82.4967,80.2
2005-04-18,85.054,83.2
2005-04-19,84.7799,87.1
2005-04-20,82.0539,92.1
2005-04-21,83.6206,96.6
2005-04-22,87.2537,99.4
2005-04-23,88.9306,106.5
2005-04-24,97.1714,108.0
2005-04-25,100.7492,113.4
2005-04-26,98.6126,113.3
2005-04-27,97.0019,114.2
2005-04-28,90.8617,110.6
2005-04-29,94.1439,111.0
2005-04-30,94.4793,112.4
2005-05-01,93.4026,101.8
2005-05-02,96.0985,103.2
2005-05-03,94.0495,112.2
2005-05-04,92.1641,121.6
2005-05-05,92.1321,127.9
2005-05-06,88.1514,119.9
2005-05-07,82.8426,115.5
2005-05-08,93.6582,101.7
2005-05-09,99.0209,105.2
2005-05-10,98.0686,101.4
2005-05-11,104.3065,92.0
2005-05-12,100.6083,85.8
2005-05-13,98.9316,86.7
2005-05-14,92.1971,85.6
2005-05-15,91.3504,83.9
2005-05-16,91.0884,84.2
2005-05-17,88.6406,85.5
2005-05-18,87.5579,87.4
2005-05-19,94.6474,86.0
2005-05-20,98.4476,92.8
2005-05-21,103.7743,98.1
2005-05-22,103.7589,95.1
2005-05-23,102.1308,95.3
2005-05-24,101.6825,97.5
2005-05-25,95.1727,99.0
2005-05-26,96.4377,96.9
2005-05-27,98.4622,96.0
2005-05-28,99.3955,98.0
2005-05-29,94.3235,99.8
2005-05-30,94.4111,108.6
2005-05-31,96.2312,109.2
2005-06-01,93.1127,112.4
2005-06-02,91.7615,119.3
2005-06-03,92.6206,119.7
2005-06-04,95.3064,117.9
2005-06-05,100.7195,111.4
2005-06-06,94.706,106.3
2005-06-07,97.2194,94.7
2005-06-08,99.9464,96.8
2005-06-09,94.5026,97.5
2005-06-10,98.7279,100.2
2005-06-11,94.034,93.7
2005-06-12,86.29,92.9
2005-06-13,81.0174,89.8
2005-06-14,86.82,88.9
2005-06-15,91.6454,85.5
2005-06-16,94.4682,82.1
2005-06-17,94.0655,80.1
2005-06-18,92.4298,79.2
2005-06-19,90.9686,79.3
2005-06-20,88.6654,81.3
2005-06-21,89.7464,80.0
2005-06-22,90.1533,82.6
2005-06-23,94.4248,91.2
2005-06-24,95.3882,104.85
2005-06-25,98.917,118.5
2005-06-26,101.0214,128.0
2005-06-27,106.4726,134.1
2005-06-28,104.775,127.8
2005-06-29,109.1882,131.0
2005-06-30,114.5882,127.2
2005-07-01,117.3614,125.5
2005-07-02,111.363,114.2
2005-07-03,111.0932,111.9
2005-07-04,106.5846,105.2
2005-07-05,104.9553,96.4
2005-07-06,98.7609,99.4
2005-07-07,97.1399,94.5
2005-07-08,85.4304,92.9
2005-07-09,83.7236,90.1
2005-07-10,80.3388,78.8
2005-07-11,76.9932,76.5
2005-07-12,80.6947,74.4
2005-07-13,79.9655,73.5
2005-07-14,81.0869,74.4
2005-07-15,81.7481,75.2
2005-07-16,76.8393,75.9
2005-07-17,85.7561,82.7
2005-07-18,89.8601,82.8
2005-07-19,97.8887,86.5
2005-07-20,95.3449,89.2
2005-07-21,94.0958,93.4
2005-07-22,97.3291,98.7
2005-07-23,100.4992,106.9
2005-07-24,94.0509,108.2
2005-07-25,91.0073,113.1
2005-07-26,91.7982,114.6
2005-07-27,94.6739,113.5
2005-07-28,105.8425,112.2
2005-07-29,106.3792,109.2
2005-07-30,103.3922,101.7
2005-07-31,103.1768,96.1
2005-08-01,96.4422,94.9
2005-08-02,92.8342,88.9
2005-08-03,91.9087,84.7
2005-08-04,85.9719,78.3
2005-08-05,82.4699,77.9
2005-08-06,76.2387,78.3
2005-08-07,77.8832,77.4
2005-08-08,75.6551,76.7
2005-08-09,74.8628,77.7
2005-08-10,73.024,77.7
2005-08-11,80.7029,78.9
2005-08-12,84.2509,84.7
2005-08-13,82.8824,95.3
2005-08-14,88.6065,100.4
2005-08-15,91.13,100.8
2005-08-16,87.7779,107.2
2005-08-17,91.4028,109.3
2005-08-18,94.7927,100.7
2005-08-19,107.351,94.4
2005-08-20,107.4766,95.2
2005-08-21,104.3257,94.0
2005-08-22,103.3136,91.6
2005-08-23,101.9402,90.9
2005-08-24,99.6578,87.6
2005-08-25,97.4555,85.6
2005-08-26,95.2914,80.6
2005-08-27,93.8178,78.5
2005-08-28,89.0605,75.4
2005-08-29,88.395,75.8
2005-08-30,89.5313,76.2
2005-08-31,85.7523,82.4
2005-09-01,87.6901,93.6
2005-09-02,89.1402,92.4
2005-09-03,90.8245,100.6
2005-09-04,91.5973,117.6
2005-09-05,92.3285,111.1
2005-09-06,96.9066,119.5
2005-09-07,111.0474,115.0
2005-09-08,107.9816,117.9
2005-09-09,107.7077,120.6
2005-09-10,113.2429,112.9
2005-09-11,106.2489,104.9
2005-09-12,101.5007,103.2
2005-09-13,97.9051,91.9
2005-09-14,97.3428,88.5
2005-09-15,98.275,86.7
2005-09-16,88.3462,84.3
2005-09-17,88.2917,83.3
2005-09-18,88.7591,81.9
2005-09-19,84.4661,81.4
2005-09-20,87.2957,81.7
2005-09-21,83.6897,77.2
2005-09-22,84.7028,74.9
2005-09-23,89.0802,74.0
2005-09-24,90.7487,72.4
2005-09-25,87.6613,72.3
2005-09-26,89.944,75.0
2005-09-27,85.4643,74.4
2005-09-28,84.9958,82.7
2005-09-29,85.7603,81.3
2005-09-30,86.8078,79.4
2005-10-01,92.3578,78.7
2005-10-02,94.7103,78.0
2005-10-03,93.7361,78.7
2005-10-04,96.4072,78.8
2005-10-05,83.695,77.3
2005-10-06,77.5255,76.5
2005-10-07,74.896,77.6
2005-10-08,75.4265,78.0
2005-10-09,75.4121,79.1
2005-10-10,80.9621,78.7
2005-10-11,81.3334,77.5
2005-10-12,82.0842,77.7
2005-10-13,78.0882,77.2
2005-10-14,88.3246,76.0
2005-10-15,89.8245,74.6
2005-10-16,88.5214,74.0
2005-10-17,87.0052,73.4
2005-10-18,83.7601,72.5
2005-10-19,82.6398,72.1
2005-10-20,81.4942,71.2
2005-10-21,81.3994,70.7
2005-10-22,79.6239,72.1
2005-10-23,82.838,73.1
2005-10-24,82.5549,74.5
2005-10-25,83.022,76.7
2005-10-26,81.3912,76.1
2005-10-27,78.376,76.8
2005-10-28,76.5397,75.5
2005-10-29,80.168,76.1
2005-10-30,78.3208,77.9
2005-10-31,77.274,80.3
2005-11-01,73.398,78.0
2005-11-02,74.1168,77.9
2005-11-03,75.5082,76.6
2005-11-04,79.8661,76.4
2005-11-05,82.1713,77.0
2005-11-06,81.3119,81.4
2005-11-07,78.6575,86.0
2005-11-08,76.3552,90.4
2005-11-09,77.045,97.8
2005-11-10,79.1377,91.8
2005-11-11,81.8467,98.2
2005-11-12,90.4126,98.8
2005-11-13,89.8795,99.6
2005-11-14,88.9587,94.1
2005-11-15,90.6474,92.4
2005-11-16,80.5628,90.3
2005-11-17,83.1025,87.5
2005-11-18,84.7246,84.4
2005-11-19,85.3594,77.9
2005-11-20,88.9269,78.7
2005-11-21,87.379,78.6
2005-11-22,87.0422,79.7
2005-11-23,85.6096,82.4
2005-11-24,79.316,92.0
2005-11-25,74.239,95.5
2005-11-26,76.4814,101.3
2005-11-27,78.4229,98.4
2005-11-28,81.75,92.5
2005-11-29,85.3979,89.0
2005-11-30,93.9094,86.5
2005-12-01,93.3082,86.3
2005-12-02,94.2182,86.9
2005-12-03,92.2644,86.4
2005-12-04,89.1249,88.7
2005-12-05,82.5623,90.2
2005-12-06,79.7656,85.6
2005-12-07,82.9949,85.2
2005-12-08,85.9101,86.8
2005-12-09,90.0313,84.2
2005-12-10,91.6756,83.1
2005-12-11,89.6194,82.5
2005-12-12,86.216,82.8
2005-12-13,80.7218,86.6
2005-12-14,81.7688,84.9
2005-12-15,81.5053,83.7
2005-12-16,80.7918,84.8
2005-12-17,81.2523,90.1
2005-12-18,82.5457,88.9
2005-12-19,85.656,88.8
2005-12-20,85.5943,89.5
2005-12-21,85.9967,89.2
2005-12-22,92.9127,86.1
2005-12-23,91.0163,87.4
2005-12-24,98.0251,86.9
2005-12-25,96.2539,84.5
2005-12-26,95.9823,84.5
2005-12-27,93.3484,81.7
2005-12-28,89.9642,82.1
2005-12-29,86.6422,81.2
2005-12-30,87.0969,80.6
2005-12-31,85.3267,79.3
2006-01-01,85.2936,76.6
2006-01-02,86.5279,75.6
2006-01-03,88.7135,75.0
2006-01-04,89.5243,75.2
2006-01-05,89.6526,74.7
2006-01-06,95.0248,74.0
2006-01-07,93.4966,74.0
2006-01-08,91.9058,74.9
2006-01-09,90.8556,78.3
2006-01-10,87.9467,81.1
2006-01-11,87.7306,79.8
2006-01-12,87.3261,82.9
2006-01-13,86.9691,85.8
2006-01-14,90.842,87.9
2006-01-15,84.7089,90.9
2006-01-16,80.3168,89.9
2006-01-17,74.7319,89.6
2006-01-18,80.1775,89.8
2006-01-19,76.0745,86.3
2006-01-20,76.0778,84.2
2006-01-21,78.3799,81.0
2006-01-22,80.9882,77.6
2006-01-23,81.6099,77.2
2006-01-24,76.3157,76.5
2006-01-25,77.6523,75.3
2006-01-26,80.8712,75.3
2006-01-27,83.0638,75.1
2006-01-28,85.9751,76.4
2006-01-29,92.7087,74.9
2006-01-30,91.2637,74.2
2006-01-31,90.1877,72.9
2006-02-01,89.8293,72.0
2006-02-02,87.5496,72.0
2006-02-03,85.9543,72.8
2006-02-04,83.0736,73.2
2006-02-05,79.7562,74.1
2006-02-06,77.0456,74.1
2006-02-07,78.2285,74.4
2006-02-08,76.3615,75.4
2006-02-09,75.1577,76.6
2006-02-10,74.201,77.3
2006-02-11,75.4235,77.3
2006-02-12,76.2928,76.7
2006-02-13,81.6874,74.8
2006-02-14,82.6543,74.5
2006-02-15,79.1299,74.2
2006-02-16,75.9954,74.4
2006-02-17,75.0443,73.6
2006-02-18,79.2592,74.4
2006-02-19,81.9782,74.5
2006-02-20,78.1896,75.0
2006-02-21,78.5126,75.5
2006-02-22,79.0134,75.7
2006-02-23,79.6674,75.6
2006-02-24,79.9136,74.7
2006-02-25,79.7042,74.2
2006-02-26,77.5722,73.8
2006-02-27,80.4193,73.0
2006-02-28,78.9917,72.5
2006-03-01,75.1199,73.3
2006-03-02,76.1868,71.3
2006-03-03,77.3375,71.8
2006-03-04,78.6219,71.2
2006-03-05,78.7056,73.1
2006-03-06,73.8174,72.3
2006-03-07,68.8278,71.7
2006-03-08,69.8944,72.8
2006-03-09,73.8175,73.4
2006-03-10,76.2401,71.7
2006-03-11,80.8378,71.3
2006-03-12,81.7663,71.7
2006-03-13,80.3742,74.6
2006-03-14,81.6644,76.2
2006-03-15,83.6636,76.1
2006-03-16,80.6272,75.4
2006-03-17,76.499,76.1
2006-03-18,74.9999,75.4
2006-03-19,74.5889,75.2
2006-03-20,73.1152,73.3
2006-03-21,68.0241,74.0
2006-03-22,67.4019,79.0
2006-03-23,69.2678,81.5
2006-03-24,70.2152,83.7
2006-03-25,76.293,86.1
2006-03-26,75.5897,86.9
2006-03-27,77.4076,91.1
2006-03-28,86.0676,100.4
2006-03-29,84.9268,99.6
2006-03-30,81.14,99.1
2006-03-31,79.9909,99.1
2006-04-01,76.2341,94.7
2006-04-02,77.7451,91.3
2006-04-03,82.3932,89.5
2006-04-04,77.7357,89.1
2006-04-05,79.5622,90.1
2006-04-06,80.6533,81.6
2006-04-07,79.1654,80.5
2006-04-08,77.1038,79.4
2006-04-09,76.2016,78.9
2006-04-10,79.897,77.0
2006-04-11,83.2207,78.5
2006-04-12,76.8553,76.1
2006-04-13,74.1845,76.5
2006-04-14,74.9062,79.3
2006-04-15,76.1182,80.0
2006-04-16,75.6389,83.2
2006-04-17,80.2671,87.7
2006-04-18,83.6067,93.9
2006-04-19,88.0692,96.3
2006-04-20,90.78,101.3
2006-04-21,94.2492,102.0
2006-04-22,96.7579,101.5
2006-04-23,103.0679,102.7
2006-04-24,102.4408,101.4
2006-04-25,102.1634,94.8
2006-04-26,101.2105,90.9
2006-04-27,96.9113,90.4
2006-04-28,92.8221,93.4
2006-04-29,87.5798,88.2
2006-04-30,91.1975,88.6
2006-05-01,84.6986,87.8
2006-05-02,82.5,86.3
2006-05-03,78.1363,84.2
2006-05-04,84.3074,79.8
2006-05-05,81.0833,77.9
2006-05-06,81.8769,77.3
2006-05-07,80.5995,75.0
2006-05-08,76.9437,73.6
2006-05-09,73.459,73.2
2006-05-10,70.9804,73.1
2006-05-11,72.4375,73.6
2006-05-12,74.493,75.0
2006-05-13,75.8158,77.1
2006-05-14,75.3156,78.0
2006-05-15,80.8275,79.4
2006-05-16,85.0955,85.1
2006-05-17,86.597,86.3
2006-05-18,90.3103,85.9
2006-05-19,90.3482,85.9
2006-05-20,87.739,83.8
2006-05-21,84.7824,85.2
2006-05-22,84.8328,87.0
2006-05-23,89.1495,83.3
2006-05-24,89.4287,82.3
2006-05-25,85.2127,80.6
2006-05-26,83.3619,79.4
2006-05-27,84.2217,77.5
2006-05-28,84.9988,78.1
2006-05-29,77.9394,77.8
2006-05-30,74.5043,80.2
2006-05-31,73.5786,80.3
2006-06-01,73.7566,85.2
2006-06-02,75.2712,82.5
2006-06-03,79.4676,80.0
2006-06-04,85.1592,78.5
2006-06-05,83.9663,76.7
2006-06-06,83.3032,76.5
2006-06-07,84.1896,79.5
2006-06-08,82.9848,77.7
2006-06-09,77.9654,78.8
2006-06-10,78.4734,77.7
2006-06-11,81.9951,75.6
2006-06-12,80.1728,75.7
2006-06-13,85.4579,75.7
2006-06-14,85.552,75.3
2006-06-15,87.1056,75.1
2006-06-16,91.9201,74.4
2006-06-17,83.7985,74.1
2006-06-18,80.2794,76.1
2006-06-19,78.1182,76.5
2006-06-20,76.346,79.0
2006-06-21,75.0766,81.2
2006-06-22,74.4596,86.3
2006-06-23,77.2486,88.4
2006-06-24,79.921,89.0
2006-06-25,84.5335,88.4
2006-06-26,84.3374,90.0
2006-06-27,80.8317,88.8
2006-06-28,83.0416,95.1
2006-06-29,84.0457,87.5
2006-06-30,84.0897,87.9
2006-07-01,79.8023,82.6
2006-07-02,81.3698,80.0
2006-07-03,80.1146,77.1
2006-07-04,84.7864,75.2
2006-07-05,88.4036,73.6
2006-07-06,84.4243,72.9
2006-07-07,80.5971,72.2
2006-07-08,75.5348,73.3
2006-07-09,73.3788,72.6
2006-07-10,74.9591,73.2
2006-07-11,77.0542,73.3
2006-07-12,79.2634,73.6
2006-07-13,77.1632,73.4
2006-07-14,84.3916,74.5
2006-07-15,83.3287,75.0
2006-07-16,78.8765,75.9
2006-07-17,77.567,78.9
2006-07-18,76.2467,79.5
2006-07-19,75.6124,77.9
2006-07-20,74.7739,77.0
2006-07-21,75.0866,76.7
2006-07-22,85.6365,74.9
2006-07-23,88.1758,75.2
2006-07-24,85.6679,76.2
2006-07-25,78.4701,74.6
2006-07-26,75.8858,74.9
2006-07-27,75.162,74.3
2006-07-28,74.4984,73.4
2006-07-29,74.9831,71.6
2006-07-30,76.3064,71.5
2006-07-31,74.241,71.5
2006-08-01,75.0651,71.8
2006-08-02,74.7289,73.4
2006-08-03,73.7331,76.1
2006-08-04,71.2079,82.5
2006-08-05,72.5716,86.2
2006-08-06,73.5593,87.0
2006-08-07,74.1038,88.1
2006-08-08,78.769,88.6
2006-08-09,80.6303,87.8
2006-08-10,81.2683,96.4
2006-08-11,81.9382,88.0
2006-08-12,82.5224,90.6
2006-08-13,79.4756,90.9
2006-08-14,81.2399,90.2
2006-08-15,82.0612,89.8
2006-08-16,87.8296,82.7
2006-08-17,82.5972,80.1
2006-08-18,78.8808,79.9
2006-08-19,77.9564,78.9
2006-08-20,77.0245,77.3
2006-08-21,83.5488,80.2
2006-08-22,81.4953,78.0
2006-08-23,78.0841,74.4
2006-08-24,76.8853,75.7
2006-08-25,72.988,84.7
2006-08-26,75.6332,78.3
2006-08-27,79.4455,76.9
2006-08-28,79.1515,77.8
2006-08-29,74.636,80.3
2006-08-30,77.1219,81.7
2006-08-31,84.4084,85.3
2006-09-01,81.7874,88.1
2006-09-02,79.7102,88.5
2006-09-03,81.6929,86.7
2006-09-04,84.98,88.5
2006-09-05,92.5527,85.7
2006-09-06,91.6087,85.1
2006-09-07,91.7389,83.9
2006-09-08,90.4807,83.8
2006-09-09,82.8443,81.0
2006-09-10,77.728,80.1
2006-09-11,75.7292,78.8
2006-09-12,74.4076,75.1
2006-09-13,73.243,74.0
2006-09-14,74.4588,71.5
2006-09-15,74.883,72.0
2006-09-16,74.9541,72.9
2006-09-17,75.7963,70.9
2006-09-18,76.7166,70.3
2006-09-19,77.0014,70.6
2006-09-20,75.4081,71.0
2006-09-21,78.0778,72.4
2006-09-22,79.9052,73.3
2006-09-23,80.2014,76.8
2006-09-24,78.9298,77.9
2006-09-25,82.9618,78.6
2006-09-26,90.2048,78.0
2006-09-27,91.8705,76.7
2006-09-28,92.6812,76.7
2006-09-29,90.897,77.3
2006-09-30,87.974,76.3
2006-10-01,84.4369,76.4
2006-10-02,78.9599,75.1
2006-10-03,77.631,74.8
2006-10-04,76.0385,75.0
2006-10-05,74.8809,73.3
2006-10-06,70.4188,73.3
2006-10-07,70.4786,72.9
2006-10-08,70.6587,72.0
2006-10-09,71.8422,70.7
2006-10-10,74.6063,69.1
2006-10-11,72.8453,69.1
2006-10-12,75.0939,69.0
2006-10-13,78.1385,69.0
2006-10-14,79.3575,70.4
2006-10-15,79.241,74.0
2006-10-16,78.2904,75.1
2006-10-17,76.6557,75.7
2006-10-18,75.8418,74.0
2006-10-19,77.156,73.9
2006-10-20,76.9123,71.0
2006-10-21,76.532,71.1
2006-10-22,77.6723,73.7
2006-10-23,78.0307,72.3
2006-10-24,74.9497,74.6
2006-10-25,72.612,78.9
2006-10-26,71.6323,85.3
2006-10-27,74.3357,86.8
2006-10-28,72.5434,86.0
2006-10-29,73.9722,84.0
2006-10-30,82.59,83.2
2006-10-31,86.2391,82.1
2006-11-01,89.9627,85.6
2006-11-02,89.3175,84.8
2006-11-03,84.0704,87.7
2006-11-04,82.1045,89.3
2006-11-05,81.0249,95.0
2006-11-06,75.9724,94.7
2006-11-07,79.4933,93.2
2006-11-08,83.5193,92.5
2006-11-09,85.4341,94.0
2006-11-10,88.8235,92.0
2006-11-11,92.7191,87.4
2006-11-12,86.4274,86.8
2006-11-13,88.0522,82.9
2006-11-14,87.4461,78.6
2006-11-15,86.2751,75.6
2006-11-16,76.8029,74.6
2006-11-17,74.2089,74.9
2006-11-18,73.864,75.5
2006-11-19,71.8742,76.5
2006-11-20,69.9309,76.2
2006-11-21,69.1411,80.2
2006-11-22,74.6535,83.2
2006-11-23,82.3736,82.7
2006-11-24,80.3233,81.8
2006-11-25,87.8715,81.8
2006-11-26,87.179,84.8
2006-11-27,89.1472,84.6
2006-11-28,89.9463,93.6
2006-11-29,88.5403,99.4
2006-11-30,81.0448,99.7
2006-12-01,80.217,94.4
2006-12-02,81.0703,93.1
2006-12-03,80.2796,89.6
2006-12-04,87.2362,87.3
2006-12-05,94.0139,89.4
2006-12-06,94.537,101.0
2006-12-07,90.2485,93.5
2006-12-08,86.8276,91.4
2006-12-09,82.2496,85.4
2006-12-10,79.4816,80.0
2006-12-11,80.2304,79.5
2006-12-12,87.2386,73.0
2006-12-13,81.0266,72.0
2006-12-14,80.7596,70.3
2006-12-15,79.2282,71.6
2006-12-16,76.8051,72.2
2006-12-17,77.9461,71.2
2006-12-18,76.0067,71.9
2006-12-19,78.1711,73.9
2006-12-20,79.3674,72.5
2006-12-21,81.6757,70.9
2006-12-22,80.9482,73.8
2006-12-23,79.4354,75.8
2006-12-24,82.82,78.2
2006-12-25,84.4593,82.3
2006-12-26,81.0225,85.5
2006-12-27,76.4621,88.6
2006-12-28,77.1373,84.8
2006-12-29,81.1325,88.0
2006-12-30,92.0811,86.5
2006-12-31,94.3426,85.6
2007-01-01,93.0454,85.3
2007-01-02,92.8188,85.7
2007-01-03,88.8224,89.1
2007-01-04,89.7221,83.3
2007-01-05,82.515,81.2
2007-01-06,82.7648,81.0
2007-01-07,78.42,78.7
2007-01-08,71.9086,79.4
2007-01-09,72.6704,79.3
2007-01-10,69.127,76.1
2007-01-11,68.4284,75.6
2007-01-12,69.2177,74.4
2007-01-13,74.1149,73.9
2007-01-14,76.6238,76.3
2007-01-15,81.1954,76.1
2007-01-16,78.1846,76.0
2007-01-17,80.26,76.8
2007-01-18,81.6339,77.9
2007-01-19,84.8034,77.5
2007-01-20,86.9306,77.3
2007-01-21,84.82,78.0
2007-01-22,85.3051,79.3
2007-01-23,86.7626,84.1
2007-01-24,88.0962,84.9
2007-01-25,89.3945,86.6
2007-01-26,94.6836,87.3
2007-01-27,93.7546,87.7
2007-01-28,93.1303,84.8
2007-01-29,95.0877,81.3
2007-01-30,92.5064,80.7
2007-01-31,92.0011,79.6
2007-02-01,87.008,79.8
2007-02-02,84.7996,76.3
2007-02-03,75.879,74.6
2007-02-04,72.0767,73.9
2007-02-05,71.1868,72.8
2007-02-06,71.4407,71.8
2007-02-07,72.9203,70.9
2007-02-08,70.9115,70.9
2007-02-09,70.1388,71.8
2007-02-10,72.211,72.9
2007-02-11,73.1051,73.5
2007-02-12,75.0643,74.1
2007-02-13,76.9237,73.2
2007-02-14,78.6702,73.1
2007-02-15,80.4259,73.2
2007-02-16,83.4279,73.9
2007-02-17,87.0856,73.6
2007-02-18,87.6078,73.9
2007-02-19,84.0155,75.1
2007-02-20,82.1477,73.9
2007-02-21,81.8652,73.4
2007-02-22,87.8613,74.4
2007-02-23,87.8879,73.4
2007-02-24,86.2355,74.2
2007-02-25,85.7473,72.0
2007-02-26,82.7566,71.3
2007-02-27,80.0428,70.8
2007-02-28,78.5566,70.8
2007-03-01,74.2019,71.8
2007-03-02,69.4854,71.4
2007-03-03,67.1053,70.6
2007-03-04,66.7033,70.2
2007-03-05,66.0565,70.1
2007-03-06,65.5905,70.3
2007-03-07,65.1579,70.6
2007-03-08,70.5164,69.2
2007-03-09,73.5949,68.5
2007-03-10,72.2736,68.0
2007-03-11,75.3371,68.6
2007-03-12,77.1134,69.8
2007-03-13,77.7488,69.5
2007-03-14,77.4307,72.0
2007-03-15,77.2082,72.3
2007-03-16,76.7685,72.0
2007-03-17,76.8867,72.0
2007-03-18,78.5476,72.4
2007-03-19,78.6883,73.3
2007-03-20,80.2059,73.5
2007-03-21,80.1906,73.0
2007-03-22,79.3945,74.3
2007-03-23,78.2346,73.6
2007-03-24,76.2414,73.9
2007-03-25,72.3339,73.1
2007-03-26,73.4742,71.6
2007-03-27,72.8992,71.1
2007-03-28,76.4664,70.8
2007-03-29,76.5125,70.8
2007-03-30,75.8116,71.0
2007-03-31,73.3068,71.1
2007-04-01,73.4606,71.4
2007-04-02,71.218,71.3
2007-04-03,71.1767,70.2
2007-04-04,75.269,69.7
2007-04-05,78.7776,69.5
2007-04-06,80.1378,68.6
2007-04-07,80.3799,68.6
2007-04-08,79.497,68.6
2007-04-09,76.2882,69.8
2007-04-10,75.3023,69.8
2007-04-11,74.6562,69.8
2007-04-12,73.6174,69.3
2007-04-13,72.0684,68.9
2007-04-14,72.4464,69.1
2007-04-15,72.0574,69.4
2007-04-16,72.0514,69.7
2007-04-17,72.0606,69.8
2007-04-18,69.7329,74.0
2007-04-19,70.6248,77.4
2007-04-20,71.6943,81.5
2007-04-21,72.1964,83.8
2007-04-22,72.6224,86.1
2007-04-23,72.8099,86.0
2007-04-24,75.9251,88.2
2007-04-25,84.4091,87.6
2007-04-26,86.1208,88.8
2007-04-27,85.6154,84.4
2007-04-28,85.9956,83.9
2007-04-29,82.1381,82.4
2007-04-30,81.3664,79.4
2007-05-01,79.5102,77.1
2007-05-02,78.462,74.7
2007-05-03,69.638,73.5
2007-05-04,68.537,72.6
2007-05-05,68.0696,72.9
2007-05-06,66.9212,72.9
2007-05-07,66.0868,75.0
2007-05-08,67.2301,74.4
2007-05-09,66.7043,78.5
2007-05-10,67.6843,78.9
2007-05-11,70.801,78.3
2007-05-12,74.2912,77.6
2007-05-13,76.1731,76.6
2007-05-14,81.9079,75.9
2007-05-15,85.8483,75.0
2007-05-16,85.789,73.7
2007-05-17,82.3821,71.9
2007-05-18,80.1711,71.7
2007-05-19,78.5888,69.9
2007-05-20,79.1705,69.5
2007-05-21,76.084,68.8
2007-05-22,74.2791,70.5
2007-05-23,73.156,71.5
2007-05-24,75.2297,72.6
2007-05-25,69.5566,76.7
2007-05-26,69.3535,81.6
2007-05-27,69.2605,85.6
2007-05-28,71.8035,89.5
2007-05-29,79.2251,88.2
2007-05-30,79.0331,84.8
2007-05-31,77.9802,87.13
2007-06-01,86.0473,88.11
2007-06-02,87.2212,86.8
2007-06-03,87.1087,81.0
2007-06-04,84.9619,78.2
2007-06-05,77.8169,75.6
2007-06-06,76.4601,72.6
2007-06-07,75.85,73.1
2007-06-08,74.7263,70.6
2007-06-09,67.6524,71.3
2007-06-10,67.2711,70.2
2007-06-11,67.6106,68.9
2007-06-12,66.9317,68.8
2007-06-13,69.0605,68.5
2007-06-14,68.8316,67.8
2007-06-15,71.7931,67.6
2007-06-16,73.4836,67.5
2007-06-17,74.1289,68.1
2007-06-18,74.9054,69.1
2007-06-19,75.2142,69.8
2007-06-20,74.9668,72.8
2007-06-21,75.9431,75.7
2007-06-22,76.4063,77.4
2007-06-23,76.9364,77.8
2007-06-24,77.5224,76.4
2007-06-25,84.2207,76.8
2007-06-26,85.4072,75.1
2007-06-27,85.3483,74.2
2007-06-28,84.1519,74.9
2007-06-29,81.5523,73.9
2007-06-30,78.5848,73.5
2007-07-01,74.3657,75.5
2007-07-02,72.035,77.6
2007-07-03,67.0895,79.7
2007-07-04,67.1956,80.8
2007-07-05,66.5231,81.1
2007-07-06,66.0377,79.5
2007-07-07,71.5373,80.6
2007-07-08,76.198,78.2
2007-07-09,78.0321,77.1
2007-07-10,80.1337,75.3
2007-07-11,78.214,74.7
2007-07-12,78.2167,71.8
2007-07-13,78.0466,70.5
2007-07-14,76.9621,69.5
2007-07-15,76.3134,68.6
2007-07-16,74.1245,68.3
2007-07-17,73.7393,69.3
2007-07-18,74.1438,70.2
2007-07-19,75.2231,70.8
2007-07-20,75.5229,70.6
2007-07-21,76.0597,70.9
2007-07-22,75.3704,72.1
2007-07-23,75.6492,71.1
2007-07-24,75.9487,71.0
2007-07-25,76.046,70.1
2007-07-26,75.5816,70.4
2007-07-27,75.3926,71.5
2007-07-28,77.5306,72.4
2007-07-29,76.1674,71.4
2007-07-30,76.1678,70.9
2007-07-31,72.9492,72.0
2007-08-01,74.925,71.0
2007-08-02,76.7007,71.0
2007-08-03,81.3685,69.3
2007-08-04,79.5707,69.3
2007-08-05,75.9941,69.5
2007-08-06,75.025,70.0
2007-08-07,70.5052,69.5
2007-08-08,66.2032,70.3
2007-08-09,67.7786,69.3
2007-08-10,68.7642,69.0
2007-08-11,67.4657,69.3
2007-08-12,70.3795,69.6
2007-08-13,72.3524,69.4
2007-08-14,70.2835,70.7
2007-08-15,72.9287,70.9
2007-08-16,74.4071,71.6
2007-08-17,75.2115,72.4
2007-08-18,75.3892,73.2
2007-08-19,74.5253,73.1
2007-08-20,75.8826,71.6
2007-08-21,82.8108,70.7
2007-08-22,81.71,71.6
2007-08-23,79.6206,71.0
2007-08-24,78.6498,73.0
2007-08-25,73.8769,72.2
2007-08-26,71.6651,72.1
2007-08-27,70.4747,70.6
2007-08-28,70.3941,69.1
2007-08-29,66.666,69.4
2007-08-30,67.9874,68.8
2007-08-31,68.3589,67.8
2007-09-01,68.1565,68.2
2007-09-02,67.7433,67.6
2007-09-03,65.3719,67.7
2007-09-04,67.5406,67.9
2007-09-05,68.7315,67.0
2007-09-06,67.7506,66.7
2007-09-07,72.0622,67.2
2007-09-08,73.6732,67.6
2007-09-09,74.5363,68.5
2007-09-10,74.8225,67.8
2007-09-11,74.002,67.6
2007-09-12,73.3064,67.1
2007-09-13,74.2148,67.4
2007-09-14,74.6903,67.4
2007-09-15,75.1758,67.4
2007-09-16,74.394,67.2
2007-09-17,72.5718,66.8
2007-09-18,72.0647,66.5
2007-09-19,72.0018,66.6
2007-09-20,71.7421,66.8
2007-09-21,70.3553,67.4
2007-09-22,69.3388,67.4
2007-09-23,68.5697,67.8
2007-09-24,68.1377,65.1
2007-09-25,68.1823,67.8
2007-09-26,68.4557,66.5
2007-09-27,69.0715,67.3
2007-09-28,70.7636,67.4
2007-09-29,69.6239,67.8
2007-09-30,66.7345,68.9
2007-10-01,63.9404,68.1
2007-10-02,67.4937,67.9
2007-10-03,70.3378,68.6
2007-10-04,71.4165,67.9
2007-10-05,71.4484,68.6
2007-10-06,73.1849,68.3
2007-10-07,70.9583,67.3
2007-10-08,70.8726,66.7
2007-10-09,68.2862,66.8
2007-10-10,68.6528,66.7
2007-10-11,69.6876,67.0
2007-10-12,69.7147,67.7
2007-10-13,68.9576,66.8
2007-10-14,68.0264,66.3
2007-10-15,67.9012,66.6
2007-10-16,67.9606,66.0
2007-10-17,68.4132,66.4
2007-10-18,69.2163,66.8
2007-10-19,68.9865,66.3
2007-10-20,68.8171,66.7
2007-10-21,69.1359,66.2
2007-10-22,68.8955,66.6
2007-10-23,69.2053,66.2
2007-10-24,69.5588,66.3
2007-10-25,69.289,66.1
2007-10-26,69.4712,66.3
2007-10-27,69.0937,66.8
2007-10-28,69.2139,66.5
2007-10-29,68.8727,66.5
2007-10-30,68.7956,66.2
2007-10-31,68.5579,67.3
2007-11-01,68.5725,66.9
2007-11-02,68.8356,68.4
2007-11-03,68.6129,68.2
2007-11-04,68.52,68.4
2007-11-05,68.2479,67.7
2007-11-06,69.6508,68.3
2007-11-07,68.0478,68.4
2007-11-08,69.1862,68.9
2007-11-09,69.2215,67.7
2007-11-10,69.4427,69.1
2007-11-11,69.0395,68.2
2007-11-12,69.3743,67.2
2007-11-13,69.4953,67.9
2007-11-14,69.8635,68.0
2007-11-15,69.1646,67.4
2007-11-16,71.7192,68.0
2007-11-17,68.9896,68.3
2007-11-18,66.4971,69.5
2007-11-19,68.2106,68.8
2007-11-20,70.6142,69.6
2007-11-21,71.3321,69.6
2007-11-22,71.9363,69.3
2007-11-23,70.6094,69.3
2007-11-24,71.8224,69.2
2007-11-25,69.4763,69.9
2007-11-26,66.8278,71.0
2007-11-27,67.0165,70.5
2007-11-28,68.5074,71.5
2007-11-29,69.6087,73.1
2007-11-30,70.0613,75.9
2007-12-01,72.0297,79.8
2007-12-02,73.9552,84.4
2007-12-03,73.11,86.2
2007-12-04,71.3704,84.3
2007-12-05,72.0287,90.5
2007-12-06,78.0733,91.1
2007-12-07,80.4202,90.9
2007-12-08,80.7489,89.0
2007-12-09,77.0946,86.1
2007-12-10,73.7814,79.1
2007-12-11,76.3153,76.9
2007-12-12,76.258,74.4
2007-12-13,76.3246,72.1
2007-12-14,71.8997,70.2
2007-12-15,71.2737,68.7
2007-12-16,67.3664,69.1
2007-12-17,67.1321,69.1
2007-12-18,67.4967,69.1
2007-12-19,67.9514,69.7
2007-12-20,69.8098,70.2
2007-12-21,72.3618,69.7
2007-12-22,74.6395,69.5
2007-12-23,75.7314,70.3
2007-12-24,75.0178,72.5
2007-12-25,74.857,74.2
2007-12-26,74.8109,76.7
2007-12-27,74.1775,77.0
2007-12-28,73.6594,76.7
2007-12-29,74.8992,76.4
2007-12-30,76.6897,77.1
2007-12-31,78.3033,76.6
2008-01-01,83.3203,75.2
2008-01-02,81.2591,73.0
2008-01-03,78.3846,74.0
2008-01-04,73.4732,73.2
2008-01-05,72.8255,73.5
2008-01-06,72.8417,73.2
2008-01-07,71.28,72.9
2008-01-08,68.9114,73.1
2008-01-09,69.0379,71.3
2008-01-10,74.1163,70.6
2008-01-11,75.1678,71.3
2008-01-12,71.2173,68.8
2008-01-13,71.3365,68.6
2008-01-14,71.9151,68.0
2008-01-15,71.3053,69.3
2008-01-16,71.2431,68.1
2008-01-17,72.194,68.4
2008-01-18,71.1488,69.1
2008-01-19,71.3251,68.9
2008-01-20,71.3528,70.3
2008-01-21,72.6147,69.8
2008-01-22,72.2923,69.2
2008-01-23,72.6515,69.5
2008-01-24,73.2683,70.6
2008-01-25,73.2556,69.9
2008-01-26,74.1295,69.0
2008-01-27,73.8037,69.8
2008-01-28,73.1647,69.55
2008-01-29,74.2058,69.3
2008-01-30,77.7406,68.5
2008-01-31,73.2591,69.6
2008-02-01,70.9847,68.9
2008-02-02,70.42,69.0
2008-02-03,70.4669,70.3
2008-02-04,70.3799,70.7
2008-02-05,68.8769,70.2
2008-02-06,71.0336,70.3
2008-02-07,71.3733,68.7
2008-02-08,71.3613,68.8
2008-02-09,71.8711,68.0
2008-02-10,71.5312,68.6
2008-02-11,70.857,69.4
2008-02-12,70.7715,69.5
2008-02-13,69.7917,70.0
2008-02-14,69.9692,69.3
2008-02-15,69.7858,70.3
2008-02-16,70.5586,70.8
2008-02-17,71.5965,70.1
2008-02-18,72.1583,69.3
2008-02-19,72.8286,69.9
2008-02-20,72.6105,69.3
2008-02-21,73.3136,69.4
2008-02-22,73.7592,68.7
2008-02-23,73.3244,68.5
2008-02-24,72.624,67.4
2008-02-25,72.6977,68.0
2008-02-26,70.526,67.3
2008-02-27,69.448,67.2
2008-02-28,66.1857,68.2
2008-02-29,69.3551,69.3
2008-03-01,70.142,69.5
2008-03-02,71.3259,68.8
2008-03-03,74.412,68.5
2008-03-04,70.7909,69.4
2008-03-05,68.447,69.3
2008-03-06,71.8518,68.5
2008-03-07,72.2957,68.7
2008-03-08,72.2138,69.1
2008-03-09,72.2623,68.8
2008-03-10,72.2638,69.6
2008-03-11,73.0689,69.1
2008-03-12,72.9658,69.0
2008-03-13,73.382,68.4
2008-03-14,72.6632,67.9
2008-03-15,71.7417,67.7
2008-03-16,70.6338,69.1
2008-03-17,69.8573,71.5
2008-03-18,70.4511,79.0
2008-03-19,71.5564,88.2
2008-03-20,72.2397,81.2
2008-03-21,71.4164,84.5
2008-03-22,72.9856,82.6
2008-03-23,76.0973,82.4
2008-03-24,84.9071,80.4
2008-03-25,88.9701,79.1
2008-03-26,83.2227,77.7
2008-03-27,82.0665,75.9
2008-03-28,79.6366,76.4
2008-03-29,71.3571,73.1
2008-03-30,70.496,71.1
2008-03-31,67.847,69.5
2008-04-01,65.9637,69.3
2008-04-02,63.7644,70.0
2008-04-03,65.5036,68.2
2008-04-04,68.3205,68.1
2008-04-05,66.1085,67.4
2008-04-06,67.3971,68.5
2008-04-07,69.1358,69.7
2008-04-08,71.1974,69.0
2008-04-09,71.2697,69.7
2008-04-10,71.8895,70.0
2008-04-11,71.943,69.8
2008-04-12,72.9846,70.8
2008-04-13,78.0458,71.7
2008-04-14,76.8323,71.5
2008-04-15,73.6925,71.6
2008-04-16,75.6494,72.1
2008-04-17,75.931,71.5
2008-04-18,75.2376,71.2
2008-04-19,75.7275,70.7
2008-04-20,70.9094,69.9
2008-04-21,71.5718,69.0
2008-04-22,73.1119,69.4
2008-04-23,71.7731,69.6
2008-04-24,69.434,68.0
2008-04-25,69.4635,69.6
2008-04-26,70.3375,69.2
2008-04-27,70.6516,68.5
2008-04-28,71.3469,69.5
2008-04-29,71.2581,68.8
2008-04-30,70.2264,68.4
2008-05-01,74.2231,67.8
2008-05-02,70.7334,67.7
2008-05-03,70.3338,68.6
2008-05-04,72.9823,68.7
2008-05-05,71.5726,69.4
2008-05-06,69.7818,69.5
2008-05-07,70.7333,69.7
2008-05-08,71.677,70.5
2008-05-09,72.6968,72.7
2008-05-10,72.8495,73.2
2008-05-11,73.1173,72.8
2008-05-12,72.9338,73.3
2008-05-13,75.8502,70.5
2008-05-14,71.8279,70.2
2008-05-15,76.162,70.8
2008-05-16,77.5985,71.0
2008-05-17,75.4336,69.6
2008-05-18,74.6948,70.3
2008-05-19,65.9268,70.1
2008-05-20,65.9965,69.8
2008-05-21,68.5185,69.7
2008-05-22,71.5068,69.6
2008-05-23,72.1955,69.9
2008-05-24,73.0134,69.0
2008-05-25,72.7929,68.8
2008-05-26,71.1389,68.5
2008-05-27,72.0799,69.0
2008-05-28,72.4003,68.2
2008-05-29,72.8592,67.1
2008-05-30,72.4444,68.4
2008-05-31,72.3057,67.9
2008-06-01,72.1115,67.6
2008-06-02,72.1089,66.9
2008-06-03,71.5392,68.0
2008-06-04,70.7479,68.2
2008-06-05,74.8874,67.8
2008-06-06,70.5888,69.2
2008-06-07,70.1634,68.6
2008-06-08,70.0228,69.2
2008-06-09,70.9773,68.6
2008-06-10,76.359,67.4
2008-06-11,75.169,68.1
2008-06-12,71.8397,67.5
2008-06-13,70.3408,67.0
2008-06-14,69.0011,67.3
2008-06-15,72.9628,67.0
2008-06-16,74.6903,67.5
2008-06-17,73.8935,67.5
2008-06-18,71.9877,68.0
2008-06-19,68.3393,68.1
2008-06-20,67.8298,67.5
2008-06-21,67.3001,68.3
2008-06-22,67.6889,68.1
2008-06-23,66.283,68.8
2008-06-24,68.1677,68.9
2008-06-25,69.4608,67.8
2008-06-26,69.6229,68.2
2008-06-27,70.2707,67.7
2008-06-28,69.8976,67.6
2008-06-29,70.2574,67.3
2008-06-30,70.4291,68.3
2008-07-01,69.8256,67.7
2008-07-02,70.1003,67.8
2008-07-03,69.9098,68.3
2008-07-04,69.9258,67.6
2008-07-05,69.8149,67.9
2008-07-06,70.5272,67.1
2008-07-07,70.2819,67.4
2008-07-08,70.3144,67.8
2008-07-09,70.6031,67.9
2008-07-10,70.1254,66.7
2008-07-11,70.1709,67.1
2008-07-12,69.555,67.4
2008-07-13,69.5795,68.5
2008-07-14,69.7769,68.0
2008-07-15,69.821,68.4
2008-07-16,68.9828,68.0
2008-07-17,69.0712,67.6
2008-07-18,70.5904,67.5
2008-07-19,70.2397,67.9
2008-07-20,69.2882,68.1
2008-07-21,68.6564,68.4
2008-07-22,69.3706,68.3
2008-07-23,69.7679,68.1
2008-07-24,69.8675,68.5
2008-07-25,70.0407,67.5
2008-07-26,70.0393,68.1
2008-07-27,69.775,68.2
2008-07-28,69.5203,67.4
2008-07-29,69.3301,68.2
2008-07-30,69.6149,68.4
2008-07-31,69.0857,68.9
2008-08-01,69.5068,68.0
2008-08-02,69.7398,67.3
2008-08-03,69.3494,67.3
2008-08-04,69.8818,67.4
2008-08-05,70.1332,67.5
2008-08-06,70.5212,66.9
2008-08-07,69.9724,67.0
2008-08-08,69.3893,67.6
2008-08-09,69.2485,67.0
2008-08-10,69.2606,67.8
2008-08-11,69.3153,68.2
2008-08-12,68.9228,67.8
2008-08-13,68.9138,68.9
2008-08-14,69.2911,67.4
2008-08-15,68.945,68.7
2008-08-16,69.3993,69.1
2008-08-17,69.6964,69.4
2008-08-18,69.4431,68.6
2008-08-19,70.064,68.0
2008-08-20,69.1163,68.3
2008-08-21,71.8184,68.0
2008-08-22,71.6655,67.4
2008-08-23,68.8746,68.1
2008-08-24,68.4438,68.4
2008-08-25,68.3982,67.9
2008-08-26,68.8335,67.0
2008-08-27,68.8547,67.2
2008-08-28,68.581,67.3
2008-08-29,69.0956,67.0
2008-08-30,69.4688,66.3
2008-08-31,69.2987,66.8
2008-09-01,68.7479,67.6
2008-09-02,68.8511,68.0
2008-09-03,68.9895,68.0
2008-09-04,68.8799,68.1
2008-09-05,68.4553,67.8
2008-09-06,68.7569,67.1
2008-09-07,69.3598,67.2
2008-09-08,69.7379,67.6
2008-09-09,69.7821,68.2
2008-09-10,69.7988,70.1
2008-09-11,70.5383,67.7
2008-09-12,68.4091,67.8
2008-09-13,68.5305,68.4
2008-09-14,68.8376,68.4
2008-09-15,69.3779,68.4
2008-09-16,70.7052,69.6
2008-09-17,69.3006,69.8
2008-09-18,69.0635,68.8
2008-09-19,69.6575,68.6
2008-09-20,69.4739,68.0
2008-09-21,69.3857,67.6
2008-09-22,70.6083,67.3
2008-09-23,67.5385,67.0
2008-09-24,67.4605,66.4
2008-09-25,68.9471,65.9
2008-09-26,69.6416,66.4
2008-09-27,69.4779,67.2
2008-09-28,69.2385,66.6
2008-09-29,71.6165,67.4
2008-09-30,67.7881,67.2
2008-10-01,67.2352,66.6
2008-10-02,67.9109,67.5
2008-10-03,68.8495,68.5
2008-10-04,70.3289,68.7
2008-10-05,68.782,70.5
2008-10-06,68.9883,69.7
2008-10-07,69.06,70.5
2008-10-08,69.83,70.0
2008-10-09,70.5936,70.5
2008-10-10,72.0667,71.4
2008-10-11,75.1991,69.5
2008-10-12,70.4867,68.6
2008-10-13,69.7698,69.0
2008-10-14,69.4143,68.6
2008-10-15,69.956,68.2
2008-10-16,68.7852,67.0
2008-10-17,67.6559,66.5
2008-10-18,67.9528,66.7
2008-10-19,69.5945,66.7
2008-10-20,70.2729,66.0
2008-10-21,70.0195,66.1
2008-10-22,69.143,66.2
2008-10-23,68.6839,65.8
2008-10-24,68.8148,65.9
2008-10-25,68.9584,67.1
2008-10-26,68.6545,65.6
2008-10-27,68.8048,68.0
2008-10-28,69.0003,68.3
2008-10-29,69.8924,66.8
2008-10-30,69.0931,66.5
2008-10-31,71.7017,67.3
2008-11-01,69.2521,66.5
2008-11-02,69.5453,67.0
2008-11-03,66.0961,67.1
2008-11-04,65.3537,67.9
2008-11-05,66.1495,70.0
2008-11-06,67.104,69.5
2008-11-07,66.7667,67.6
2008-11-08,68.0494,66.8
2008-11-09,68.9323,66.7
2008-11-10,67.7418,66.2
2008-11-11,71.2298,66.2
2008-11-12,70.6384,68.2
2008-11-13,65.9699,67.7
2008-11-14,66.6845,67.9
2008-11-15,67.5203,66.8
2008-11-16,68.2583,67.3
2008-11-17,70.595,67.2
2008-11-18,71.5359,66.1
2008-11-19,72.4316,66.0
2008-11-20,73.1053,66.5
2008-11-21,71.2417,66.4
2008-11-22,70.5744,65.2
2008-11-23,69.9218,66.4
2008-11-24,68.8124,66.5
2008-11-25,68.4397,66.2
2008-11-26,68.6752,67.0
2008-11-27,68.6729,67.2
2008-11-28,68.9656,67.6
2008-11-29,70.2651,66.8
2008-11-30,70.6926,67.1
2008-12-01,69.4943,67.0
2008-12-02,69.3031,66.4
2008-12-03,69.0748,66.7
2008-12-04,69.0994,68.7
2008-12-05,68.4367,68.0
2008-12-06,68.4274,68.8
2008-12-07,68.3044,67.5
2008-12-08,67.8782,66.6
2008-12-09,68.0217,66.7
2008-12-10,68.6815,67.2
2008-12-11,67.728,66.6
2008-12-12,66.953,66.2
2008-12-13,65.6088,67.0
2008-12-14,66.4498,66.9
2008-12-15,67.7766,66.2
2008-12-16,68.9642,65.5
2008-12-17,69.1088,66.3
2008-12-18,69.0585,67.1
2008-12-19,69.6768,67.0
2008-12-20,69.7584,67.0
2008-12-21,69.3244,67.1
2008-12-22,68.7555,67.5
2008-12-23,70.1726,67.5
2008-12-24,71.2624,66.3
2008-12-25,71.4176,67.0
2008-12-26,71.2923,66.6
2008-12-27,70.0146,67.6
2008-12-28,69.3515,67.2
2008-12-29,68.7865,66.6
2008-12-30,67.6307,66.9
2008-12-31,67.7527,66.5
2009-01-01,67.452,66.7
2009-01-02,68.0862,66.5
2009-01-03,67.9814,67.4
2009-01-04,67.6468,68.5
2009-01-05,67.8597,67.7
2009-01-06,67.718,67.0
2009-01-07,67.9303,68.2
2009-01-08,67.9235,68.9
2009-01-09,71.9573,68.8
2009-01-10,69.2122,68.5
2009-01-11,67.1279,69.6
2009-01-12,66.9564,68.8
2009-01-13,66.4109,68.6
2009-01-14,69.2958,68.1
2009-01-15,70.6919,67.2
2009-01-16,70.869,66.9
2009-01-17,71.2854,67.8
2009-01-18,70.3443,66.6
2009-01-19,70.1082,67.7
2009-01-20,67.4112,67.8
2009-01-21,66.9013,67.6
2009-01-22,67.136,67.4
2009-01-23,68.1335,67.3
2009-01-24,67.7684,67.1
2009-01-25,68.3617,67.4
2009-01-26,68.6619,67.5
2009-01-27,68.8004,67.1
2009-01-28,68.8958,67.3
2009-01-29,69.0197,67.5
2009-01-30,69.0465,68.1
2009-01-31,69.3433,68.2
2009-02-01,69.5164,69.2
2009-02-02,69.3137,69.3
2009-02-03,69.4056,68.8
2009-02-04,69.5118,65.8
2009-02-05,69.8644,68.5
2009-02-06,69.9069,68.0
2009-02-07,70.4479,68.3
2009-02-08,70.466,68.4
2009-02-09,70.0033,67.9
2009-02-10,67.8184,67.9
2009-02-11,72.9652,69.0
2009-02-12,71.8588,68.2
2009-02-13,71.1092,67.4
2009-02-14,67.6282,67.6
2009-02-15,67.831,69.1
2009-02-16,68.611,68.8
2009-02-17,69.8157,69.3
2009-02-18,69.5934,69.5
2009-02-19,69.0292,69.3
2009-02-20,69.0397,68.6
2009-02-21,70.0264,67.6
2009-02-22,70.0344,69.3
2009-02-23,70.4254,68.1
2009-02-24,71.3612,68.0
2009-02-25,69.7928,68.0
2009-02-26,66.6479,68.6
2009-02-27,68.1174,68.1
2009-02-28,70.759,68.0
2009-03-01,70.9589,68.0
2009-03-02,71.04,67.9
2009-03-03,70.9062,67.2
2009-03-04,71.0745,67.8
2009-03-05,70.574,68.0
2009-03-06,70.9062,67.8
2009-03-07,69.6613,67.4
2009-03-08,68.267,67.7
2009-03-09,68.5801,67.7
2009-03-10,69.6671,68.7
2009-03-11,69.8837,68.2
2009-03-12,69.7476,67.8
2009-03-13,69.7234,68.5
2009-03-14,69.578,68.2
2009-03-15,69.4286,69.6
2009-03-16,70.0178,68.2
2009-03-17,69.7735,67.6
2009-03-18,69.4729,68.7
2009-03-19,69.8705,68.2
2009-03-20,69.7332,68.8
2009-03-21,70.6243,71.4
2009-03-22,69.8377,70.4
2009-03-23,69.3,70.7
2009-03-24,69.8933,70.8
2009-03-25,69.6494,71.1
2009-03-26,72.2523,70.7
2009-03-27,71.2015,70.6
2009-03-28,70.5414,70.4
2009-03-29,70.8343,70.1
2009-03-30,71.0103,70.5
2009-03-31,71.2249,68.9
2009-04-01,70.9625,70.4
2009-04-02,70.8254,70.2
2009-04-03,70.6657,70.3
2009-04-04,70.4679,69.7
2009-04-05,70.7434,69.7
2009-04-06,69.8198,69.7
2009-04-07,70.7411,68.8
2009-04-08,70.8414,69.9
2009-04-09,71.0229,69.9
2009-04-10,70.7261,70.5
2009-04-11,70.7279,70.4
2009-04-12,70.7705,70.5
2009-04-13,70.2369,70.8
2009-04-14,70.9083,70.4
2009-04-15,71.0502,71.8
2009-04-16,71.4876,71.9
2009-04-17,71.4832,71.4
2009-04-18,71.5169,70.5
2009-04-19,71.6651,70.3
2009-04-20,71.3784,70.1
2009-04-21,72.7157,68.6
2009-04-22,71.5787,69.8
2009-04-23,71.4851,70.5
2009-04-24,70.9034,70.5
2009-04-25,70.8145,69.6
2009-04-26,70.8038,69.4
2009-04-27,69.9574,69.7
2009-04-28,70.7706,69.2
2009-04-29,71.1656,69.2
2009-04-30,70.6069,70.0
2009-05-01,69.1833,70.8
2009-05-02,70.0051,72.2
2009-05-03,71.14,73.7
2009-05-04,75.029,73.2
2009-05-05,72.7657,73.3
2009-05-06,73.3616,75.5
2009-05-07,73.085,75.3
2009-05-08,73.5323,75.5
2009-05-09,74.2459,75.4
2009-05-10,73.7874,75.8
2009-05-11,73.5498,75.7
2009-05-12,75.8043,74.6
2009-05-13,77.376,74.0
2009-05-14,75.4259,73.2
2009-05-15,73.1903,73.5
2009-05-16,71.952,73.9
2009-05-17,72.2178,72.2
2009-05-18,68.8987,71.0
2009-05-19,70.2492,70.7
2009-05-20,71.3138,69.9
2009-05-21,73.2768,68.5
2009-05-22,77.2716,69.6
2009-05-23,77.529,70.1
2009-05-24,71.4471,70.4
2009-05-25,71.1565,70.4
2009-05-26,71.3714,74.6
2009-05-27,71.0088,74.0
2009-05-28,72.0454,74.6
2009-05-29,72.7778,73.1
2009-05-30,73.2689,72.2
2009-05-31,77.0475,71.1
2009-06-01,75.9636,71.0
2009-06-02,74.1951,71.1
2009-06-03,73.8155,71.2
2009-06-04,72.4838,71.3
2009-06-05,72.6303,71.4
2009-06-06,70.8543,71.2
2009-06-07,72.6082,70.4
2009-06-08,71.9666,70.3
2009-06-09,71.4924,69.5
2009-06-10,73.0939,70.5
2009-06-11,73.4865,70.0
2009-06-12,70.6314,69.9
2009-06-13,71.7037,69.2
2009-06-14,72.1072,68.8
2009-06-15,71.7017,69.2
2009-06-16,72.3471,70.2
2009-06-17,72.8326,70.2
2009-06-18,71.0068,69.1
2009-06-19,70.611,70.3
2009-06-20,70.8676,69.0
2009-06-21,73.5753,69.3
2009-06-22,72.9962,69.2
2009-06-23,72.6414,70.8
2009-06-24,71.978,70.5
2009-06-25,72.2418,69.8
2009-06-26,73.0817,68.7
2009-06-27,74.0957,69.5
2009-06-28,73.9434,73.4
2009-06-29,74.5818,74.0
2009-06-30,75.1216,71.2
2009-07-01,74.3251,73.7
2009-07-02,73.1392,73.1
2009-07-03,70.0718,71.4
2009-07-04,73.8498,70.1
2009-07-05,73.3396,70.5
2009-07-06,70.7288,70.3
2009-07-07,68.188,69.5
2009-07-08,68.5272,68.8
2009-07-09,67.5834,68.7
2009-07-10,67.8274,68.9
2009-07-11,69.0422,68.4
2009-07-12,70.5286,69.2
2009-07-13,71.269,69.9
2009-07-14,71.4882,70.4
2009-07-15,71.731,69.9
2009-07-16,72.0453,70.0
2009-07-17,71.8527,69.9
2009-07-18,72.4192,70.5
2009-07-19,72.9952,71.2
2009-07-20,73.4076,69.8
2009-07-21,73.0839,70.5
2009-07-22,74.0825,70.9
2009-07-23,77.7094,70.4
2009-07-24,74.0816,70.1
2009-07-25,73.0526,70.8
2009-07-26,71.6432,70.2
2009-07-27,71.6897,70.1
2009-07-28,71.8008,69.3
2009-07-29,71.3982,67.8
2009-07-30,74.2605,68.1
2009-07-31,70.5644,68.7
2009-08-01,70.0644,69.7
2009-08-02,70.4506,68.8
2009-08-03,70.3534,69.1
2009-08-04,69.596,69.0
2009-08-05,69.8872,68.4
2009-08-06,70.5247,68.2
2009-08-07,71.4753,68.9
2009-08-08,71.1721,69.4
2009-08-09,71.4062,69.8
2009-08-10,71.3939,70.6
2009-08-11,70.9888,69.8
2009-08-12,70.7721,69.1
2009-08-13,71.1752,68.7
2009-08-14,71.5394,69.2
2009-08-15,71.8211,67.9
2009-08-16,72.3215,68.1
2009-08-17,71.7763,68.8
2009-08-18,71.1127,69.1
2009-08-19,70.6288,68.5
2009-08-20,70.8133,68.7
2009-08-21,69.9368,69.1
2009-08-22,69.9354,69.3
2009-08-23,70.412,69.3
2009-08-24,70.7299,68.5
2009-08-25,70.4234,69.6
2009-08-26,70.527,70.4
2009-08-27,70.8094,69.4
2009-08-28,70.988,69.8
2009-08-29,71.007,69.5
2009-08-30,70.4574,69.6
2009-08-31,71.9343,70.3
2009-09-01,73.2672,69.8
2009-09-02,70.2305,70.0
2009-09-03,70.7312,70.2
2009-09-04,71.1136,70.2
2009-09-05,71.4215,70.2
2009-09-06,71.9011,69.8
2009-09-07,71.5352,69.9
2009-09-08,71.4965,69.8
2009-09-09,71.5376,69.9
2009-09-10,71.1887,69.5
2009-09-11,71.0912,69.8
2009-09-12,70.8859,69.6
2009-09-13,71.0468,71.1
2009-09-14,71.1418,71.9
2009-09-15,71.3634,72.5
2009-09-16,71.2543,75.3
2009-09-17,71.5287,76.6
2009-09-18,71.4986,75.0
2009-09-19,72.505,72.8
2009-09-20,73.1765,72.2
2009-09-21,78.3797,72.6
2009-09-22,80.1055,73.5
2009-09-23,78.4352,72.5
2009-09-24,72.6722,72.1
2009-09-25,70.2345,72.2
2009-09-26,69.1179,71.7
2009-09-27,68.5552,71.7
2009-09-28,68.7819,71.1
2009-09-29,68.493,69.9
2009-09-30,69.3058,68.8
2009-10-01,69.7546,68.4
2009-10-02,69.2017,68.6
2009-10-03,70.9202,69.0
2009-10-04,71.6153,69.8
2009-10-05,71.5409,70.1
2009-10-06,71.2467,69.8
2009-10-07,71.2954,69.4
2009-10-08,71.7493,70.5
2009-10-09,72.347,70.0
2009-10-10,73.1581,69.2
2009-10-11,76.7428,70.2
2009-10-12,73.801,69.5
2009-10-13,73.7691,70.3
2009-10-14,74.8273,70.3
2009-10-15,73.5439,70.6
2009-10-16,72.1613,70.9
2009-10-17,72.1132,72.1
2009-10-18,71.3061,74.7
2009-10-19,71.4894,74.7
2009-10-20,72.6206,80.3
2009-10-21,71.848,80.4
2009-10-22,71.9715,78.9
2009-10-23,73.4445,75.6
2009-10-24,73.5556,74.2
2009-10-25,71.5083,74.0
2009-10-26,70.4302,71.2
2009-10-27,70.828,70.3
2009-10-28,69.9932,70.3
2009-10-29,68.2397,70.2
2009-10-30,67.8588,69.3
2009-10-31,69.8568,69.6
2009-11-01,70.1093,69.3
2009-11-02,71.1,69.6
2009-11-03,72.2932,70.7
2009-11-04,73.0512,71.3
2009-11-05,73.6469,71.0
2009-11-06,73.0486,71.7
2009-11-07,70.3355,72.6
2009-11-08,73.0203,73.2
2009-11-09,75.148,73.5
2009-11-10,76.0534,74.5
2009-11-11,75.944,75.4
2009-11-12,73.1832,74.4
2009-11-13,79.0573,74.9
2009-11-14,78.2859,74.4
2009-11-15,75.2041,74.0
2009-11-16,73.7757,74.4
2009-11-17,71.9952,73.8
2009-11-18,76.9168,72.8
2009-11-19,78.2103,72.3
2009-11-20,72.7572,72.7
2009-11-21,71.7704,71.7
2009-11-22,73.1664,70.9
2009-11-23,73.9521,70.1
2009-11-24,75.8685,70.4
2009-11-25,76.7402,70.2
2009-11-26,75.9838,69.4
2009-11-27,74.4767,69.6
2009-11-28,73.0147,69.4
2009-11-29,71.9464,69.6
2009-11-30,71.6281,69.8
2009-12-01,71.5378,69.0
2009-12-02,71.2654,70.0
2009-12-03,71.6871,70.8
2009-12-04,71.9382,71.6
2009-12-05,72.3973,69.9
2009-12-06,72.8227,72.2
2009-12-07,72.5022,73.1
2009-12-08,73.1952,76.2
2009-12-09,77.8869,79.0
2009-12-10,77.4107,80.6
2009-12-11,75.3737,84.2
2009-12-12,76.5012,81.6
2009-12-13,73.9512,79.1
2009-12-14,75.0862,81.0
2009-12-15,75.1079,80.0
2009-12-16,74.2278,79.5
2009-12-17,72.1196,75.9
2009-12-18,71.0141,74.6
2009-12-19,71.3473,73.5
2009-12-20,70.5976,73.4
2009-12-21,70.1695,74.3
2009-12-22,70.5939,73.3
2009-12-23,68.3126,72.7
2009-12-24,71.5291,74.3
2009-12-25,72.3068,77.2
2009-12-26,78.9834,72.7
2009-12-27,81.2079,75.4
2009-12-28,77.5467,73.8
2009-12-29,77.1964,70.6
2009-12-30,79.1564,74.3
2009-12-31,81.6086,74.7
2010-01-01,79.5294,75.5
2010-01-02,79.9655,74.9
2010-01-03,78.1937,79.0
2010-01-04,77.6215,81.6
2010-01-05,79.8075,86.3
2010-01-06,80.1307,90.2
2010-01-07,80.9929,87.5
2010-01-08,82.1479,87.0
2010-01-09,83.451,82.6
2010-01-10,83.2188,81.4
2010-01-11,84.5327,79.9
2010-01-12,83.6096,78.9
2010-01-13,81.4326,81.6
2010-01-14,78.8155,79.1
2010-01-15,77.4171,80.0
2010-01-16,77.4669,79.8
2010-01-17,76.6636,82.0
2010-01-18,74.5228,81.9
2010-01-19,79.803,78.7
2010-01-20,79.4853,77.3
2010-01-21,79.259,75.4
2010-01-22,81.8993,74.0
2010-01-23,82.2136,71.1
2010-01-24,77.9583,72.8
2010-01-25,79.2313,73.0
2010-01-26,78.0886,73.1
2010-01-27,79.4509,73.0
2010-01-28,80.6672,72.3
2010-01-29,77.9922,71.8
2010-01-30,83.4875,75.6
2010-01-31,84.0998,85.1
2010-02-01,84.1599,87.8
2010-02-02,84.7369,91.2
2010-02-03,82.4049,89.0
2010-02-04,81.1251,88.9
2010-02-05,84.48,91.8
2010-02-06,88.6071,93.1
2010-02-07,89.4624,91.8
2010-02-08,92.1685,87.2
2010-02-09,93.0776,85.5
2010-02-10,88.9116,84.7
2010-02-11,90.3094,84.8
2010-02-12,87.551,83.1
2010-02-13,84.4403,81.8
2010-02-14,86.5241,82.0
2010-02-15,84.8516,81.7
2010-02-16,83.0465,81.9
2010-02-17,80.8962,82.4
2010-02-18,81.4234,80.9
2010-02-19,80.1531,81.1
2010-02-20,79.5429,78.9
2010-02-21,81.1024,77.1
2010-02-22,83.4917,76.6
2010-02-23,85.4376,76.5
2010-02-24,89.0534,78.0
2010-02-25,91.3036,79.0
2010-02-26,89.0242,80.0
2010-02-27,84.7742,78.2
2010-02-28,88.1329,77.1
2010-03-01,84.1309,75.4
2010-03-02,86.3323,75.1
2010-03-03,89.8497,76.8
2010-03-04,89.4991,79.3
2010-03-05,90.1399,83.1
2010-03-06,88.6379,88.5
2010-03-07,91.5714,90.7
2010-03-08,93.5654,88.3
2010-03-09,88.921,85.5
2010-03-10,87.7216,84.3
2010-03-11,89.0018,85.9
2010-03-12,93.1222,85.0
2010-03-13,91.2861,83.7
2010-03-14,87.3212,82.8
2010-03-15,82.7927,84.1
2010-03-16,83.445,81.9
2010-03-17,85.9506,83.3
2010-03-18,87.1844,83.9
2010-03-19,83.515,87.1
2010-03-20,83.5005,85.5
2010-03-21,81.8403,87.8
2010-03-22,85.3674,85.7
2010-03-23,87.2304,82.9
2010-03-24,93.1592,82.6
2010-03-25,95.4822,80.9
2010-03-26,93.9356,79.1
2010-03-27,93.6921,76.1
2010-03-28,94.4733,77.4
2010-03-29,91.2765,78.7
2010-03-30,92.8613,79.3
2010-03-31,86.5292,77.7
2010-04-01,87.8404,76.5
2010-04-02,82.0278,75.9
2010-04-03,80.6596,76.3
2010-04-04,87.0472,75.3
2010-04-05,84.7553,74.9
2010-04-06,81.1234,74.9
2010-04-07,77.3295,75.3
2010-04-08,80.6954,75.6
2010-04-09,78.429,75.0
2010-04-10,82.4036,75.4
2010-04-11,82.7397,74.5
2010-04-12,82.0936,75.3
2010-04-13,84.2882,76.1
2010-04-14,83.7961,76.4
2010-04-15,86.8102,76.9
2010-04-16,89.5014,76.9
2010-04-17,90.1914,75.8
2010-04-18,88.9927,75.0
2010-04-19,86.8192,76.4
2010-04-20,86.6115,77.0
2010-04-21,87.0314,75.7
2010-04-22,85.8371,77.2
2010-04-23,80.5129,77.3
2010-04-24,84.6732,79.8
2010-04-25,81.2026,79.0
2010-04-26,79.8082,80.8
2010-04-27,76.8293,81.6
2010-04-28,78.7873,83.1
2010-04-29,78.4074,84.7
2010-04-30,79.8176,80.5
2010-05-01,79.2768,80.5
2010-05-02,82.014,80.3
2010-05-03,82.312,76.9
2010-05-04,82.539,75.1
2010-05-05,81.0728,75.0
2010-05-06,82.507,72.7
2010-05-07,82.7609,70.9
2010-05-08,81.3812,71.2
2010-05-09,80.6851,71.8
2010-05-10,80.3455,70.0
2010-05-11,82.9889,70.8
2010-05-12,80.0173,70.3
2010-05-13,76.0814,70.2
2010-05-14,78.0567,70.4
2010-05-15,78.6583,72.6
2010-05-16,76.3588,74.3
2010-05-17,76.2749,76.4
2010-05-18,75.8415,74.4
2010-05-19,78.4344,75.1
2010-05-20,77.6949,74.3
2010-05-21,79.2469,74.6
2010-05-22,79.3576,75.2
2010-05-23,80.6588,75.7
2010-05-24,81.083,75.0
2010-05-25,78.388,74.1
2010-05-26,77.5068,74.8
2010-05-27,78.9625,76.1
2010-05-28,79.228,76.8
2010-05-29,81.8499,74.0
2010-05-30,80.0128,72.4
2010-05-31,77.3267,70.0
2010-06-01,77.4461,70.6
2010-06-02,77.9942,74.0
2010-06-03,77.4945,73.7
2010-06-04,76.7034,75.2
2010-06-05,73.9226,76.9
2010-06-06,71.7019,78.6
2010-06-07,74.9428,78.7
2010-06-08,75.2246,75.1
2010-06-09,76.9187,72.3
2010-06-10,77.2725,73.9
2010-06-11,79.8609,72.7
2010-06-12,79.738,72.8
2010-06-13,78.4132,71.2
2010-06-14,77.3275,72.3
2010-06-15,74.1296,74.3
2010-06-16,76.0539,75.7
2010-06-17,76.7242,76.5
2010-06-18,78.2519,76.9
2010-06-19,78.2357,76.9
2010-06-20,79.4737,76.9
2010-06-21,79.5387,75.3
2010-06-22,80.5372,76.4
2010-06-23,81.5672,76.0
2010-06-24,84.5894,76.3
2010-06-25,82.2744,75.5
2010-06-26,82.9546,75.9
2010-06-27,82.874,74.8
2010-06-28,83.0171,74.0
2010-06-29,81.2058,75.2
2010-06-30,77.5182,75.2
2010-07-01,76.897,76.6
2010-07-02,76.746,78.2
2010-07-03,75.5006,82.7
2010-07-04,69.7447,82.6
2010-07-05,71.449,85.4
2010-07-06,69.8485,82.6
2010-07-07,69.1021,81.1
2010-07-08,73.9285,80.3
2010-07-09,79.4421,78.4
2010-07-10,76.9519,79.1
2010-07-11,79.9968,81.3
2010-07-12,76.6465,79.4
2010-07-13,76.678,82.5
2010-07-14,76.9312,89.9
2010-07-15,77.7325,92.0
2010-07-16,79.3378,90.5
2010-07-17,77.5489,89.2
2010-07-18,82.1248,87.9
2010-07-19,89.226,87.9
2010-07-20,96.0737,87.1
2010-07-21,91.6629,85.2
2010-07-22,90.7945,88.0
2010-07-23,82.6475,87.2
2010-07-24,80.7914,85.7
2010-07-25,83.4322,83.9
2010-07-26,80.2505,82.1
2010-07-27,77.8046,81.5
2010-07-28,83.7762,83.0
2010-07-29,83.9664,83.2
2010-07-30,85.2264,85.1
2010-07-31,85.065,84.4
2010-08-01,79.5437,84.1
2010-08-02,82.1127,84.9
2010-08-03,83.4436,86.5
2010-08-04,86.594,85.8
2010-08-05,80.3501,88.1
2010-08-06,79.5096,86.0
2010-08-07,81.7013,86.0
2010-08-08,81.7232,87.4
2010-08-09,75.9703,87.8
2010-08-10,77.2507,86.9
2010-08-11,78.5946,83.1
2010-08-12,76.3244,81.8
2010-08-13,79.6164,79.8
2010-08-14,79.7909,78.9
2010-08-15,79.908,77.3
2010-08-16,82.6026,76.3
2010-08-17,80.1916,76.5
2010-08-18,78.1188,75.2
2010-08-19,76.8563,75.1
2010-08-20,78.9369,75.0
2010-08-21,80.5055,74.8
2010-08-22,80.1284,73.3
2010-08-23,80.7402,75.4
2010-08-24,83.795,76.4
2010-08-25,84.5406,76.0
2010-08-26,81.5747,77.7
2010-08-27,83.7223,78.4
2010-08-28,81.6603,78.5
2010-08-29,81.3226,83.6
2010-08-30,80.7034,83.5
2010-08-31,81.7435,81.0
2010-09-01,78.3018,77.3
2010-09-02,74.3382,75.6
2010-09-03,76.0239,74.7
2010-09-04,80.355,76.4
2010-09-05,82.3445,79.1
2010-09-06,81.8026,79.3
2010-09-07,80.4783,80.4
2010-09-08,83.8046,81.6
2010-09-09,84.5617,82.1
2010-09-10,89.0027,83.3
2010-09-11,89.5417,83.0
2010-09-12,88.8282,82.9
2010-09-13,89.6297,81.9
2010-09-14,90.9117,83.3
2010-09-15,88.6339,85.2
2010-09-16,87.7003,85.4
2010-09-17,87.8721,84.9
2010-09-18,88.5416,83.1
2010-09-19,83.1972,83.4
2010-09-20,82.7073,84.3
2010-09-21,84.9662,83.4
2010-09-22,85.705,83.5
2010-09-23,84.4228,91.0
2010-09-24,75.9187,90.2
2010-09-25,78.9429,86.9
2010-09-26,77.8094,85.1
2010-09-27,76.2701,80.1
2010-09-28,79.5958,76.1
2010-09-29,82.2793,75.4
2010-09-30,81.263,74.2
2010-10-01,78.2275,75.0
2010-10-02,78.8562,74.7
2010-10-03,78.7009,76.2
2010-10-04,81.2644,75.7
2010-10-05,86.5282,75.0
2010-10-06,87.3802,74.9
2010-10-07,87.5459,77.7
2010-10-08,88.19,79.9
2010-10-09,88.8142,81.7
2010-10-10,90.1846,86.3
2010-10-11,86.846,83.0
2010-10-12,87.6296,89.9
2010-10-13,92.3751,85.9
2010-10-14,93.1243,83.2
2010-10-15,89.2383,82.7
2010-10-16,89.3573,81.4
2010-10-17,77.4235,83.4
2010-10-18,75.1779,81.2
2010-10-19,77.358,85.2
2010-10-20,75.317,85.1
2010-10-21,73.9551,86.5
2010-10-22,73.5853,85.3
2010-10-23,75.4494,84.5
2010-10-24,77.1475,83.6
2010-10-25,78.9002,80.0
2010-10-26,76.2906,77.9
2010-10-27,77.7398,77.7
2010-10-28,80.0609,77.2
2010-10-29,80.633,77.8
2010-10-30,82.0337,81.6
2010-10-31,82.3958,83.1
2010-11-01,83.5821,83.5
2010-11-02,89.4145,82.2
2010-11-03,91.0707,82.5
2010-11-04,89.8182,83.9
2010-11-05,89.4709,82.8
2010-11-06,89.8694,83.7
2010-11-07,92.9965,83.6
2010-11-08,89.6559,84.6
2010-11-09,92.9133,88.8
2010-11-10,96.5256,89.8
2010-11-11,95.2761,89.1
2010-11-12,95.6237,84.5
2010-11-13,91.1319,82.0
2010-11-14,84.6855,77.9
2010-11-15,82.9499,75.8
2010-11-16,84.2894,72.9
2010-11-17,80.3019,73.4
2010-11-18,77.7546,73.9
2010-11-19,76.5177,75.9
2010-11-20,71.5562,74.2
2010-11-21,71.5811,74.5
2010-11-22,70.3987,77.9
2010-11-23,72.6707,80.2
2010-11-24,69.4028,84.0
2010-11-25,74.4195,84.1
2010-11-26,74.65,84.1
2010-11-27,79.9024,84.4
2010-11-28,84.5675,84.9
2010-11-29,88.9042,85.4
2010-11-30,93.1775,85.9
2010-12-01,93.4222,84.5
2010-12-02,91.2591,84.6
2010-12-03,91.2957,84.2
2010-12-04,90.3337,85.8
2010-12-05,87.4224,84.3
2010-12-06,86.2722,86.7
2010-12-07,85.5456,85.0
2010-12-08,83.2861,87.5
2010-12-09,84.0762,84.2
2010-12-10,82.7109,81.4
2010-12-11,82.748,79.1
2010-12-12,83.6984,78.0
2010-12-13,81.9594,78.3
2010-12-14,82.2069,75.4
2010-12-15,79.5911,75.3
2010-12-16,79.7458,75.2
2010-12-17,80.2312,77.5
2010-12-18,76.9553,76.1
2010-12-19,77.5941,76.8
2010-12-20,76.5281,77.9
2010-12-21,80.9084,77.4
2010-12-22,80.1572,78.0
2010-12-23,82.637,79.9
2010-12-24,85.1314,80.2
2010-12-25,80.3862,87.9
2010-12-26,83.6836,88.0
2010-12-27,82.8323,88.1
2010-12-28,83.4492,89.1
2010-12-29,85.1756,87.6
2010-12-30,81.0164,84.8
2010-12-31,91.3307,83.9
2011-01-01,91.8372,83.5
2011-01-02,90.1623,82.0
2011-01-03,88.0071,80.0
2011-01-04,84.4872,80.6
2011-01-05,84.6921,79.9
2011-01-06,84.6894,77.4
2011-01-07,85.1977,76.9
2011-01-08,83.9946,76.7
2011-01-09,84.7571,77.6
2011-01-10,81.3846,77.8
2011-01-11,81.1345,79.1
2011-01-12,78.3521,78.4
2011-01-13,81.5094,78.2
2011-01-14,83.0761,79.7
2011-01-15,86.6236,84.8
2011-01-16,86.5291,84.9
2011-01-17,86.9906,81.7
2011-01-18,86.0993,79.9
2011-01-19,85.7817,78.0
2011-01-20,84.5863,77.6
2011-01-21,88.4752,78.1
2011-01-22,91.1246,78.1
2011-01-23,84.4516,79.0
2011-01-24,82.1629,80.2
2011-01-25,81.4581,78.9
2011-01-26,83.4376,77.6
2011-01-27,87.3536,77.0
2011-01-28,84.1519,78.1
2011-01-29,85.1302,79.8
2011-01-30,85.7339,78.7
2011-01-31,85.1107,78.0
2011-02-01,81.6021,80.1
2011-02-02,83.1083,87.3
2011-02-03,83.6192,86.4
2011-02-04,82.4004,89.0
2011-02-05,81.5468,88.9
2011-02-06,81.0478,93.1
2011-02-07,84.5981,101.4
2011-02-08,89.4156,109.8
2011-02-09,88.2432,110.0
2011-02-10,88.2618,111.4
2011-02-11,88.6357,108.3
2011-02-12,92.1796,121.9
2011-02-13,91.1941,106.9
2011-02-14,96.2341,102.2
2011-02-15,95.8895,94.6
2011-02-16,85.2429,89.0
2011-02-17,81.8523,87.4
2011-02-18,90.5805,87.0
2011-02-19,87.4235,86.4
2011-02-20,85.9793,88.4
2011-02-21,82.0802,88.7
2011-02-22,81.5897,94.0
2011-02-23,81.4777,108.5
2011-02-24,84.6524,111.4
2011-02-25,85.28,118.8
2011-02-26,85.7599,124.7
2011-02-27,89.6914,132.5
2011-02-28,96.4682,140.3
2011-03-01,103.036,149.6
2011-03-02,108.8826,147.7
2011-03-03,114.2802,141.1
2011-03-04,118.2967,129.5
2011-03-05,117.343,121.5
2011-03-06,111.1228,119.2
2011-03-07,114.5607,111.5
2011-03-08,111.9596,106.1
2011-03-09,107.1348,100.3
2011-03-10,106.1553,100.8
2011-03-11,103.3124,89.2
2011-03-12,100.8836,86.8
2011-03-13,94.2045,88.0
2011-03-14,91.5417,91.2
2011-03-15,93.7798,100.2
2011-03-16,104.3799,99.1
2011-03-17,99.986,104.0
2011-03-18,103.5656,106.9
2011-03-19,108.0248,112.0
2011-03-20,109.1832,113.9
2011-03-21,115.7887,115.1
2011-03-22,116.0909,118.1
2011-03-23,113.3906,115.9
2011-03-24,114.1526,117.3
2011-03-25,117.2029,113.1
2011-03-26,117.0988,108.7
2011-03-27,120.7472,107.4
2011-03-28,116.2895,114.0
2011-03-29,112.1607,112.7
2011-03-30,101.104,109.3
2011-03-31,99.004,117.2
2011-04-01,96.7498,112.5
2011-04-02,90.6616,109.0
2011-04-03,91.8731,105.3
2011-04-04,96.9036,105.2
2011-04-05,95.963,106.3
2011-04-06,101.8641,110.8
2011-04-07,100.5182,118.4
2011-04-08,96.2501,119.4
2011-04-09,96.6432,130.2
2011-04-10,98.3054,120.0
2011-04-11,101.1597,115.3
2011-04-12,104.3172,111.9
2011-04-13,110.2096,111.9
2011-04-14,110.7893,118.1
2011-04-15,116.766,114.1
2011-04-16,108.8047,116.0
2011-04-17,105.9832,120.4
2011-04-18,109.4643,118.5
2011-04-19,113.0624,113.5
2011-04-20,117.0356,110.8
2011-04-21,111.2491,109.3
2011-04-22,110.098,111.9
2011-04-23,112.1133,111.2
2011-04-24,121.363,111.1
2011-04-25,119.8925,107.7
2011-04-26,122.8338,111.5
2011-04-27,117.4812,108.8
2011-04-28,119.9401,108.7
2011-04-29,121.8382,106.7
2011-04-30,124.5248,103.7
2011-05-01,120.6729,104.1
2011-05-02,121.8557,104.1
2011-05-03,120.3297,105.7
2011-05-04,109.7721,99.4
2011-05-05,110.413,96.0
2011-05-06,109.4126,94.7
2011-05-07,108.9769,93.5
2011-05-08,109.4702,93.4
2011-05-09,112.7876,96.6
2011-05-10,104.5518,94.3
2011-05-11,102.5268,93.6
2011-05-12,101.5929,92.7
2011-05-13,105.1941,86.4
2011-05-14,106.2839,85.7
2011-05-15,107.253,85.7
2011-05-16,110.7807,86.6
2011-05-17,108.7847,86.3
2011-05-18,107.991,83.8
2011-05-19,100.5986,82.4
2011-05-20,97.341,84.9
2011-05-21,98.6078,92.3
2011-05-22,102.1587,103.2
2011-05-23,104.2398,113.8
2011-05-24,101.219,115.0
2011-05-25,102.3369,115.2
2011-05-26,105.8298,116.8
2011-05-27,112.0275,114.8
2011-05-28,118.0567,110.2
2011-05-29,122.2104,105.8
2011-05-30,124.0872,105.9
2011-05-31,120.9334,103.2
2011-06-01,122.7426,99.3
2011-06-02,121.8607,92.9
2011-06-03,120.1058,90.2
2011-06-04,117.8214,89.4
2011-06-05,109.739,87.2
2011-06-06,107.0183,87.3
2011-06-07,105.6759,89.4
2011-06-08,105.3216,102.5
2011-06-09,106.6722,104.8
2011-06-10,108.633,106.6
2011-06-11,107.8251,107.6
2011-06-12,110.5878,102.4
2011-06-13,112.2815,102.4
2011-06-14,119.7817,99.6
2011-06-15,117.6733,98.2
2011-06-16,111.6542,96.0
2011-06-17,107.0106,99.5
2011-06-18,99.678,99.4
2011-06-19,100.6309,96.7
2011-06-20,97.1518,93.1
2011-06-21,100.5269,92.2
2011-06-22,99.6969,89.8
2011-06-23,101.6017,90.3
2011-06-24,99.4194,92.2
2011-06-25,98.1316,90.5
2011-06-26,94.7857,88.5
2011-06-27,92.2689,89.2
2011-06-28,96.9648,87.9
2011-06-29,96.6097,87.7
2011-06-30,96.2145,87.5
2011-07-01,95.1648,88.4
2011-07-02,91.8774,88.7
2011-07-03,102.3834,88.5
2011-07-04,104.8975,93.7
2011-07-05,101.0357,93.1
2011-07-06,103.3717,94.7
2011-07-07,109.536,97.7
2011-07-08,110.4092,97.2
2011-07-09,109.1597,96.9
2011-07-10,110.4064,96.9
2011-07-11,109.1103,107.0
2011-07-12,108.8828,105.3
2011-07-13,106.8069,103.6
2011-07-14,107.3351,103.4
2011-07-15,105.2695,99.1
2011-07-16,103.811,95.4
2011-07-17,106.3648,91.1
2011-07-18,103.3684,88.9
2011-07-19,102.8068,89.8
2011-07-20,100.6763,96.4
2011-07-21,99.7865,102.5
2011-07-22,95.6053,110.7
2011-07-23,95.7406,115.2
2011-07-24,95.1254,116.2
2011-07-25,97.2098,122.2
2011-07-26,102.9285,128.7
2011-07-27,105.2329,125.2
2011-07-28,112.6332,123.5
2011-07-29,113.1117,119.7
2011-07-30,113.0002,112.5
2011-07-31,116.7275,113.2
2011-08-01,115.1458,108.4
2011-08-02,113.8164,106.9
2011-08-03,109.4746,100.2
2011-08-04,105.0759,92.7
2011-08-05,96.6273,86.5
2011-08-06,100.7052,85.7
2011-08-07,96.9314,85.3
2011-08-08,98.0181,90.4
2011-08-09,96.0788,92.7
2011-08-10,95.0088,95.4
2011-08-11,96.9111,100.0
2011-08-12,98.1475,100.2
2011-08-13,88.752,100.6
2011-08-14,88.4845,102.9
2011-08-15,101.1134,103.3
2011-08-16,106.7148,110.7
2011-08-17,114.9443,106.1
2011-08-18,116.5595,106.4
2011-08-19,106.5764,106.4
2011-08-20,111.3059,106.8
2011-08-21,107.7288,106.0
2011-08-22,110.2242,103.1
2011-08-23,109.131,103.2
2011-08-24,97.3711,103.2
2011-08-25,105.6201,111.0
2011-08-26,105.5838,113.8
2011-08-27,104.3434,117.5
2011-08-28,105.0619,120.8
2011-08-29,102.811,121.5
2011-08-30,104.1408,120.7
2011-08-31,106.3183,114.2
2011-09-01,107.534,114.5
2011-09-02,109.5426,111.7
2011-09-03,110.2543,113.4
2011-09-04,113.7079,117.8
2011-09-05,116.4964,122.9
2011-09-06,119.9394,125.5
2011-09-07,117.3966,131.0
2011-09-08,116.267,144.3
2011-09-09,114.5157,142.3
2011-09-10,114.8545,144.6
2011-09-11,121.6999,146.2
2011-09-12,126.1607,151.6
2011-09-13,125.3076,142.2
2011-09-14,129.9163,145.5
2011-09-15,128.0294,145.3
2011-09-16,125.8936,151.9
2011-09-17,125.4448,159.3
2011-09-18,129.3463,169.8
2011-09-19,120.782,169.8
2011-09-20,120.6456,149.0
2011-09-21,124.1567,139.6
2011-09-22,127.6047,134.0
2011-09-23,129.7214,137.0
2011-09-24,136.7826,138.5
2011-09-25,141.0526,137.2
2011-09-26,134.197,131.1
2011-09-27,135.5704,129.1
2011-09-28,136.1859,130.4
2011-09-29,136.2808,126.7
2011-09-30,139.5548,123.9
2011-10-01,133.5772,121.9
2011-10-02,131.6639,118.2
2011-10-03,131.5089,120.7
2011-10-04,133.7199,126.0
2011-10-05,130.6954,129.7
2011-10-06,132.4872,133.5
2011-10-07,130.6527,137.0
2011-10-08,121.5812,135.4
2011-10-09,123.142,136.9
2011-10-10,124.5018,150.0
2011-10-11,125.8998,151.6
2011-10-12,127.629,145.7
2011-10-13,127.598,146.1
2011-10-14,127.2079,157.8
2011-10-15,129.869,166.3
2011-10-16,133.8076,162.5
2011-10-17,135.0605,153.9
2011-10-18,133.9757,143.8
2011-10-19,134.6975,137.3
2011-10-20,134.4164,130.6
2011-10-21,135.532,129.9
2011-10-22,137.3773,132.2
2011-10-23,131.1927,121.4
2011-10-24,128.9023,124.9
2011-10-25,128.2026,136.1
2011-10-26,126.3891,136.5
2011-10-27,127.376,151.2
2011-10-28,130.8041,157.8
2011-10-29,128.1583,161.1
2011-10-30,129.5818,169.0
2011-10-31,134.2798,173.6
2011-11-01,134.5859,178.9
2011-11-02,141.4691,177.7
2011-11-03,144.9648,176.7
2011-11-04,145.8659,175.2
2011-11-05,149.2945,170.4
2011-11-06,150.5145,165.3
2011-11-07,152.4233,152.1
2011-11-08,152.4405,157.7
2011-11-09,151.6398,145.1
2011-11-10,148.2638,139.2
2011-11-11,148.9252,144.4
2011-11-12,148.1043,141.1
2011-11-13,142.8249,136.3
2011-11-14,144.487,136.6
2011-11-15,139.8504,137.7
2011-11-16,137.7364,138.9
2011-11-17,141.7973,136.5
2011-11-18,142.9393,133.8
2011-11-19,141.8949,131.7
2011-11-20,141.6442,129.3
2011-11-21,144.1789,131.7
2011-11-22,143.569,134.0
2011-11-23,141.0973,136.8
2011-11-24,140.6696,140.1
2011-11-25,138.7459,148.0
2011-11-26,137.7578,152.9
2011-11-27,138.368,155.95
2011-11-28,137.7854,159.0
2011-11-29,140.1885,153.6
2011-11-30,140.0516,146.6
2011-12-01,144.0256,144.5
2011-12-02,144.7396,140.4
2011-12-03,152.1062,139.2
2011-12-04,153.8939,135.8
2011-12-05,150.2652,130.2
2011-12-06,147.4005,127.5
2011-12-07,145.3064,129.0
2011-12-08,142.0697,127.9
2011-12-09,139.6844,120.3
2011-12-10,138.4108,117.2
2011-12-11,137.8135,115.8
2011-12-12,138.9318,123.3
2011-12-13,139.2598,124.1
2011-12-14,138.3682,133.0
2011-12-15,134.74,139.9
2011-12-16,134.0127,141.1
2011-12-17,133.8265,133.7
2011-12-18,134.4546,138.1
2011-12-19,135.2193,137.2
2011-12-20,138.524,140.8
2011-12-21,139.7676,135.7
2011-12-22,141.2897,140.0
2011-12-23,137.8091,142.3
2011-12-24,140.9238,136.4
2011-12-25,141.2814,128.5
2011-12-26,143.362,129.4
2011-12-27,141.3936,130.3
2011-12-28,142.9528,130.2
2011-12-29,142.3421,131.6
2011-12-30,142.918,136.6
2011-12-31,138.9643,131.0
2012-01-01,140.5592,135.9
2012-01-02,143.4392,131.4
2012-01-03,140.5825,137.6
2012-01-04,139.6202,124.6
2012-01-05,139.9788,116.1
2012-01-06,138.5004,113.0
2012-01-07,134.5573,120.0
2012-01-08,129.1573,128.0
2012-01-09,129.7172,129.2
2012-01-10,123.087,135.1
2012-01-11,121.5948,134.5
2012-01-12,121.1377,143.4
2012-01-13,127.2886,146.1
2012-01-14,133.3123,136.7
2012-01-15,135.822,137.2
2012-01-16,138.5804,136.6
2012-01-17,138.2798,139.8
2012-01-18,141.6484,131.5
2012-01-19,140.6292,122.5
2012-01-20,137.7093,124.3
2012-01-21,138.0443,124.7
2012-01-22,136.7891,111.0
2012-01-23,136.5957,106.6
2012-01-24,132.8984,111.0
2012-01-25,129.0328,113.1
2012-01-26,131.2452,114.1
2012-01-27,124.5738,114.6
2012-01-28,115.8643,107.9
2012-01-29,110.6608,104.0
2012-01-30,114.4131,99.8
2012-01-31,114.9652,108.9
2012-02-01,116.8398,104.3
2012-02-02,118.1532,94.6
2012-02-03,114.071,96.6
2012-02-04,113.9324,107.9
2012-02-05,112.9776,109.4
2012-02-06,118.6733,107.6
2012-02-07,116.2487,105.7
2012-02-08,109.5593,104.8
2012-02-09,109.8445,102.0
2012-02-10,113.6963,100.8
2012-02-11,113.5604,101.3
2012-02-12,112.1833,101.7
2012-02-13,110.3399,102.9
2012-02-14,107.5125,108.7
2012-02-15,103.8153,101.0
2012-02-16,101.906,102.0
2012-02-17,105.6398,101.2
2012-02-18,108.0078,106.7
2012-02-19,112.7981,105.9
2012-02-20,117.998,104.9
2012-02-21,114.8707,103.5
2012-02-22,116.9595,101.3
2012-02-23,118.7161,100.2
2012-02-24,120.9811,101.6
2012-02-25,114.3436,106.3
2012-02-26,110.8308,114.5
2012-02-27,108.1826,118.2
2012-02-28,105.1616,129.5
2012-02-29,102.5635,136.0
2012-03-01,104.0694,133.7
2012-03-02,107.6778,137.5
2012-03-03,117.3911,143.5
2012-03-04,122.8959,146.9
2012-03-05,129.8489,129.5
2012-03-06,125.9066,128.7
2012-03-07,128.4121,125.0
2012-03-08,128.8795,117.5
2012-03-09,132.1519,109.4
2012-03-10,131.6883,97.6
2012-03-11,123.8503,101.4
2012-03-12,123.4606,101.1
2012-03-13,122.0006,100.9
2012-03-14,110.0347,98.8
2012-03-15,109.103,99.2
2012-03-16,101.1587,101.7
2012-03-17,104.58,104.2
2012-03-18,104.7307,102.1
2012-03-19,106.9536,100.8
2012-03-20,106.4826,101.9
2012-03-21,108.7661,105.2
2012-03-22,112.013,106.6
2012-03-23,115.4278,111.2
2012-03-24,114.778,110.4
2012-03-25,115.3702,109.9
2012-03-26,115.8974,107.2
2012-03-27,114.1014,105.9
2012-03-28,113.9912,103.6
2012-03-29,115.4177,102.1
2012-03-30,110.9017,101.0
2012-03-31,109.7404,97.6
2012-04-01,106.5947,98.7
2012-04-02,105.4774,93.5
2012-04-03,104.3843,94.9
2012-04-04,104.0281,93.7
2012-04-05,104.5917,93.8
2012-04-06,103.1293,95.8
2012-04-07,102.4435,98.3
2012-04-08,101.049,98.8
2012-04-09,102.9168,102.4
2012-04-10,101.7312,108.8
2012-04-11,100.6076,114.7
2012-04-12,102.567,122.6
2012-04-13,101.9185,139.1
2012-04-14,99.8525,143.1
2012-04-15,101.4732,150.6
2012-04-16,104.4388,149.5
2012-04-17,112.2828,143.4
2012-04-18,114.5107,135.2
2012-04-19,121.971,128.8
2012-04-20,122.5599,120.7
2012-04-21,123.9428,119.5
2012-04-22,120.9853,122.8
2012-04-23,117.4656,117.7
2012-04-24,114.4056,115.9
2012-04-25,113.5164,111.6
2012-04-26,111.6706,117.4
2012-04-27,110.3548,115.9
2012-04-28,112.7842,115.9
2012-04-29,110.8608,118.1
2012-04-30,110.3952,119.4
2012-05-01,108.1484,123.9
2012-05-02,111.3586,125.1
2012-05-03,113.0374,129.8
2012-05-04,115.2786,133.3
2012-05-05,117.9795,139.2
2012-05-06,119.9822,132.2
2012-05-07,121.6224,133.3
2012-05-08,123.5905,132.9
2012-05-09,123.0345,131.9
2012-05-10,121.9526,133.9
2012-05-11,123.1308,139.5
2012-05-12,119.8643,135.3
2012-05-13,117.3306,134.1
2012-05-14,114.8463,134.0
2012-05-15,115.2077,128.2
2012-05-16,118.4096,124.3
2012-05-17,118.331,120.2
2012-05-18,119.3227,118.5
2012-05-19,119.9554,120.3
2012-05-20,121.059,112.9
2012-05-21,119.3386,113.7
2012-05-22,119.3088,113.3
2012-05-23,119.6028,109.3
2012-05-24,120.9679,114.1
2012-05-25,122.2726,120.6
2012-05-26,119.4202,132.2
2012-05-27,120.6433,132.9
2012-05-28,119.6632,133.2
2012-05-29,116.8265,131.9
2012-05-30,119.8773,142.8
2012-05-31,122.0794,138.5
2012-06-01,120.084,132.1
2012-06-02,117.8745,127.9
2012-06-03,116.7671,132.3
2012-06-04,115.3478,132.3
2012-06-05,118.6796,138.1
2012-06-06,115.9199,145.8
2012-06-07,112.4196,147.3
2012-06-08,109.7107,144.8
2012-06-09,112.8037,149.6
2012-06-10,113.5409,138.8
2012-06-11,116.3548,128.0
2012-06-12,119.6112,121.9
2012-06-13,119.145,113.5
2012-06-14,120.5505,107.1
2012-06-15,121.6724,100.9
2012-06-16,120.1167,91.4
2012-06-17,110.8462,86.8
2012-06-18,110.0297,88.1
2012-06-19,106.1157,91.5
2012-06-20,106.0811,102.5
2012-06-21,108.7077,109.9
2012-06-22,106.6579,123.7
2012-06-23,105.2424,121.3
2012-06-24,107.2346,128.2
2012-06-25,107.4531,137.9
2012-06-26,112.6278,142.0
2012-06-27,117.271,150.7
2012-06-28,124.4378,152.5
2012-06-29,125.1366,170.1
2012-06-30,126.9897,163.0
2012-07-01,128.5741,163.7
2012-07-02,130.1573,183.7
2012-07-03,132.3228,179.6
2012-07-04,132.4777,179.2
2012-07-05,138.3951,167.1
2012-07-06,132.1642,170.9
2012-07-07,135.6431,152.1
2012-07-08,139.348,152.8
2012-07-09,139.226,145.1
2012-07-10,141.8868,142.5
2012-07-11,137.1082,131.7
2012-07-12,136.1897,113.1
2012-07-13,127.6607,103.2
2012-07-14,128.3913,95.3
2012-07-15,126.2346,92.8
2012-07-16,128.5718,96.7
2012-07-17,127.0006,99.8
2012-07-18,120.7212,105.7
2012-07-19,117.6096,108.7
2012-07-20,115.8964,118.3
2012-07-21,115.0191,127.1
2012-07-22,112.0009,130.5
2012-07-23,114.1162,135.4
2012-07-24,115.4448,140.1
2012-07-25,119.3638,144.0
2012-07-26,126.3886,146.0
2012-07-27,131.0862,138.6
2012-07-28,134.5018,143.8
2012-07-29,136.2132,142.7
2012-07-30,137.6616,137.9
2012-07-31,137.4065,137.9
2012-08-01,137.1444,132.1
2012-08-02,134.1271,137.0
2012-08-03,134.2138,134.8
2012-08-04,133.6181,128.8
2012-08-05,130.7867,123.0
2012-08-06,130.1023,115.3
2012-08-07,120.6118,110.9
2012-08-08,120.8774,108.5
2012-08-09,120.3635,103.2
2012-08-10,116.3053,100.8
2012-08-11,117.047,97.7
2012-08-12,116.8371,99.4
2012-08-13,116.5456,98.5
2012-08-14,116.478,98.5
2012-08-15,114.2001,96.4
2012-08-16,115.6758,96.9
2012-08-17,113.3563,98.8
2012-08-18,113.8376,106.4
2012-08-19,114.1268,108.1
2012-08-20,113.8615,115.6
2012-08-21,112.2835,113.7
2012-08-22,107.1188,113.4
2012-08-23,103.6961,120.6
2012-08-24,108.7824,130.2
2012-08-25,115.9854,132.9
2012-08-26,124.3283,148.2
2012-08-27,124.5881,144.7
2012-08-28,123.293,144.0
2012-08-29,126.0894,139.9
2012-08-30,129.6937,134.9
2012-08-31,132.2306,130.0
2012-09-01,140.2801,135.4
2012-09-02,138.8341,130.5
2012-09-03,131.656,124.8
2012-09-04,127.253,112.8
2012-09-05,123.8095,106.4
2012-09-06,123.6815,103.8
2012-09-07,126.4979,100.3
2012-09-08,125.9759,101.7
2012-09-09,113.5557,98.6
2012-09-10,108.0807,98.3
2012-09-11,110.8898,102.5
2012-09-12,113.9133,105.3
2012-09-13,115.3534,110.8
2012-09-14,116.345,118.4
2012-09-15,115.7947,117.8
2012-09-16,116.9766,125.3
2012-09-17,119.2782,134.4
2012-09-18,119.8865,137.4
2012-09-19,122.1606,140.6
2012-09-20,124.3898,139.9
2012-09-21,124.1514,133.8
2012-09-22,128.1912,138.3
2012-09-23,133.2893,136.4
2012-09-24,134.0471,135.9
2012-09-25,134.2238,128.3
2012-09-26,125.1523,118.3
2012-09-27,119.7188,111.8
2012-09-28,119.275,109.5
2012-09-29,111.9687,106.1
2012-09-30,118.7846,98.7
2012-10-01,116.7936,97.9
2012-10-02,116.3125,103.2
2012-10-03,115.538,105.9
2012-10-04,115.4735,111.6
2012-10-05,113.675,116.2
2012-10-06,112.9611,121.3
2012-10-07,113.12,124.3
2012-10-08,115.6402,131.3
2012-10-09,117.7815,135.9
2012-10-10,119.7458,136.1
2012-10-11,121.9184,134.1
2012-10-12,124.4685,136.5
2012-10-13,126.6112,140.3
2012-10-14,130.6793,150.1
2012-10-15,125.0123,142.8
2012-10-16,121.9437,153.9
2012-10-17,118.6941,140.1
2012-10-18,118.881,134.1
2012-10-19,118.6247,128.5
2012-10-20,122.2263,129.1
2012-10-21,120.1357,120.2
2012-10-22,124.7049,115.4
2012-10-23,119.7294,106.9
2012-10-24,117.5435,104.8
2012-10-25,114.6733,102.7
2012-10-26,115.0038,96.8
2012-10-27,111.7182,94.9
2012-10-28,113.403,91.8
2012-10-29,112.3874,93.4
2012-10-30,112.476,94.9
2012-10-31,111.0849,96.9
2012-11-01,109.2872,99.8
2012-11-02,109.4769,102.2
2012-11-03,108.7037,112.9
2012-11-04,109.2508,119.8
2012-11-05,109.2202,130.6
2012-11-06,109.4081,140.8
2012-11-07,110.9675,143.1
2012-11-08,111.0036,139.1
2012-11-09,117.9585,138.6
2012-11-10,122.023,135.2
2012-11-11,124.371,132.4
2012-11-12,125.5487,137.7
2012-11-13,126.0714,130.7
2012-11-14,120.6873,137.8
2012-11-15,119.9006,137.0
2012-11-16,117.5019,124.5
2012-11-17,115.4239,123.5
2012-11-18,116.8271,115.0
2012-11-19,113.2728,118.4
2012-11-20,116.7617,118.6
2012-11-21,115.888,114.0
2012-11-22,112.0161,111.2
2012-11-23,109.5703,110.0
2012-11-24,107.8386,107.5
2012-11-25,109.7744,98.8
2012-11-26,110.649,94.9
2012-11-27,108.795,93.9
2012-11-28,107.7643,93.4
2012-11-29,107.5704,92.7
2012-11-30,106.4557,94.6
2012-12-01,104.2529,94.2
2012-12-02,101.4148,98.1
2012-12-03,101.7757,100.6
2012-12-04,102.3852,100.9
2012-12-05,99.7407,100.5
2012-12-06,102.5782,108.4
2012-12-07,104.4173,113.0
2012-12-08,107.6163,115.5
2012-12-09,108.4218,118.5
2012-12-10,109.9726,115.8
2012-12-11,110.1324,111.3
2012-12-12,113.0943,112.5
2012-12-13,114.5955,109.8
2012-12-14,115.12,110.4
2012-12-15,116.7453,110.9
2012-12-16,115.1675,111.6
2012-12-17,113.951,110.4
2012-12-18,115.0602,109.4
2012-12-19,114.5731,109.3
2012-12-20,115.0772,106.2
2012-12-21,115.68,103.2
2012-12-22,112.9227,102.3
2012-12-23,111.3615,100.9
2012-12-24,110.0148,103.2
2012-12-25,111.4065,109.8
2012-12-26,109.8537,113.9
2012-12-27,104.2119,115.0
2012-12-28,101.1434,124.6
2012-12-29,99.4501,138.4
2012-12-30,103.9223,140.3
2012-12-31,108.4673,137.5
2013-01-01,112.2354,144.8
2013-01-02,112.7576,150.5
2013-01-03,114.0416,163.8
2013-01-04,118.648,168.2
2013-01-05,121.2516,166.7
2013-01-06,121.0884,163.0
2013-01-07,124.3379,151.4
2013-01-08,127.6838,149.1
2013-01-09,128.9989,135.2
2013-01-10,139.0022,132.6
2013-01-11,135.9538,118.8
2013-01-12,134.469,111.5
2013-01-13,130.2195,103.3
2013-01-14,129.8193,103.2
2013-01-15,124.9735,104.9
2013-01-16,124.4747,106.9
2013-01-17,120.1172,101.6
2013-01-18,117.9532,100.2
2013-01-19,114.357,97.5
2013-01-20,113.9756,96.3
2013-01-21,114.5628,94.7
2013-01-22,113.4159,94.7
2013-01-23,109.4694,92.6
2013-01-24,105.2002,93.8
2013-01-25,104.7765,99.7
2013-01-26,103.9414,100.7
2013-01-27,106.0061,108.6
2013-01-28,108.1558,107.9
2013-01-29,108.4786,103.7
2013-01-30,109.4639,102.2
2013-01-31,110.4249,100.7
2013-02-01,110.0228,100.0
2013-02-02,113.0043,101.4
2013-02-03,110.9185,104.8
2013-02-04,110.3821,103.2
2013-02-05,109.2508,102.5
2013-02-06,107.172,99.2
2013-02-07,105.4802,97.8
2013-02-08,105.7134,97.0
2013-02-09,106.3954,97.7
2013-02-10,104.8985,100.8
2013-02-11,105.7033,103.1
2013-02-12,102.6109,102.3
2013-02-13,101.292,109.9
2013-02-14,99.7128,111.0
2013-02-15,100.4897,106.2
2013-02-16,101.9839,104.7
2013-02-17,102.5339,97.5
2013-02-18,101.4767,93.0
2013-02-19,105.8009,93.5
2013-02-20,106.3329,96.8
2013-02-21,104.5058,100.0
2013-02-22,103.5193,103.6
2013-02-23,101.1672,110.6
2013-02-24,99.9326,109.1
2013-02-25,102.076,110.1
2013-02-26,103.045,112.4
2013-02-27,104.2058,116.6
2013-02-28,103.3467,112.6
2013-03-01,107.8246,112.1
2013-03-02,109.4064,113.3
2013-03-03,110.8012,114.6
2013-03-04,111.5889,117.7
2013-03-05,114.2419,118.2
2013-03-06,113.3058,121.5
2013-03-07,112.1268,121.5
2013-03-08,114.0959,121.5
2013-03-09,116.6386,121.8
2013-03-10,112.303,124.8
2013-03-11,110.7688,124.5
2013-03-12,109.4843,116.6
2013-03-13,108.5069,109.5
2013-03-14,109.7216,106.7
2013-03-15,108.5509,105.3
2013-03-16,108.7277,100.2
2013-03-17,108.7139,97.6
2013-03-18,105.3521,95.4
2013-03-19,99.6191,92.2
2013-03-20,101.9675,92.0
2013-03-21,102.6399,92.6
2013-03-22,101.7812,98.3
2013-03-23,102.013,104.8
2013-03-24,101.751,108.2
2013-03-25,102.4685,113.1
2013-03-26,104.0281,119.0
2013-03-27,105.4703,122.1
2013-03-28,109.4915,127.0
2013-03-29,111.5742,128.6
2013-03-30,113.8094,134.5
2013-03-31,113.8664,137.3
2013-04-01,113.0788,138.2
2013-04-02,114.3876,139.6
2013-04-03,115.2996,147.0
2013-04-04,115.018,148.6
2013-04-05,117.0142,137.8
2013-04-06,118.1954,138.6
2013-04-07,114.3791,125.8
2013-04-08,111.6324,117.5
2013-04-09,114.4766,114.1
2013-04-10,114.7253,114.1
2013-04-11,111.2467,109.0
2013-04-12,113.0692,105.9
2013-04-13,110.2086,100.3
2013-04-14,109.0796,105.9
2013-04-15,107.2846,110.5
2013-04-16,108.3214,114.1
2013-04-17,108.6632,118.8
2013-04-18,109.2012,116.1
2013-04-19,107.5206,120.7
2013-04-20,110.1034,123.5
2013-04-21,111.8571,128.8
2013-04-22,113.1278,133.5
2013-04-23,114.9204,144.5
2013-04-24,113.5021,156.7
2013-04-25,115.8669,161.7
2013-04-26,117.4475,151.8
2013-04-27,116.2829,150.4
2013-04-28,117.0071,144.1
2013-04-29,121.3834,139.5
2013-04-30,124.9506,133.0
2013-05-01,127.4639,131.1
2013-05-02,121.0103,129.3
2013-05-03,125.6849,130.9
2013-05-04,125.2205,127.3
2013-05-05,124.0612,139.4
2013-05-06,121.7145,150.4
2013-05-07,120.4951,153.5
2013-05-08,121.1687,151.1
2013-05-09,122.5465,148.8
2013-05-10,121.8912,148.0
2013-05-11,127.1997,139.6
2013-05-12,133.9896,135.2
2013-05-13,135.7074,138.5
2013-05-14,133.7486,135.2
2013-05-15,132.2146,128.4
2013-05-16,131.2743,136.7
2013-05-17,127.5291,137.9
2013-05-18,125.8159,130.6
2013-05-19,126.5593,124.5
2013-05-20,126.0064,123.2
2013-05-21,123.2537,113.1
2013-05-22,128.0196,107.6
2013-05-23,124.914,109.8
2013-05-24,120.804,106.9
2013-05-25,117.5944,104.7
2013-05-26,116.314,108.8
2013-05-27,109.9199,114.1
2013-05-28,110.8015,115.0
2013-05-29,111.6709,113.1
2013-05-30,111.6487,112.1
2013-05-31,111.6088,112.3
2013-06-01,109.253,112.6
2013-06-02,111.124,106.3
2013-06-03,109.4173,99.0
2013-06-04,105.231,96.2
2013-06-05,105.9601,92.3
2013-06-06,106.214,96.2
2013-06-07,107.1413,102.0
2013-06-08,105.7902,112.6
2013-06-09,101.7715,114.5
2013-06-10,101.8168,119.7
2013-06-11,101.7614,127.8
2013-06-12,104.8626,128.8
2013-06-13,106.5949,127.4
2013-06-14,111.1806,130.5
2013-06-15,112.2205,137.6
2013-06-16,114.0727,134.2
2013-06-17,118.3047,132.4
2013-06-18,121.6851,124.6
2013-06-19,123.2795,112.9
2013-06-20,121.2749,110.1
2013-06-21,122.5294,102.9
2013-06-22,121.3792,104.3
2013-06-23,121.1885,103.6
2013-06-24,116.6165,106.3
2013-06-25,111.051,111.4
2013-06-26,112.1755,118.1
2013-06-27,108.7873,128.7
2013-06-28,106.6436,142.3
2013-06-29,109.0684,145.6
2013-06-30,110.809,138.7
2013-07-01,114.2766,129.8
2013-07-02,116.9677,123.3
2013-07-03,121.9994,124.0
2013-07-04,128.3836,121.9
2013-07-05,130.0187,117.1
2013-07-06,126.3876,121.6
2013-07-07,122.2031,117.8
2013-07-08,119.318,116.7
2013-07-09,116.8554,117.9
2013-07-10,114.1998,117.6
2013-07-11,112.747,114.9
2013-07-12,117.7646,118.6
2013-07-13,117.4351,117.3
2013-07-14,119.429,116.1
2013-07-15,122.416,112.9
2013-07-16,123.0511,113.4
2013-07-17,121.5823,110.1
2013-07-18,121.5464,111.0
2013-07-19,123.6183,110.3
2013-07-20,122.2563,112.9
2013-07-21,119.0881,111.3
2013-07-22,118.4317,112.7
2013-07-23,116.2469,115.6
2013-07-24,109.8878,116.5
2013-07-25,108.6598,112.0
2013-07-26,112.2614,115.4
2013-07-27,113.5359,116.2
2013-07-28,110.2243,110.5
2013-07-29,113.9835,107.9
2013-07-30,115.1334,107.3
2013-07-31,110.2179,106.8
2013-08-01,110.6503,108.5
2013-08-02,110.2711,107.3
2013-08-03,109.6584,106.5
2013-08-04,108.6063,105.3
2013-08-05,109.4702,113.4
2013-08-06,109.2594,117.2
2013-08-07,111.4554,125.1
2013-08-08,110.5314,128.5
2013-08-09,109.9958,125.8
2013-08-10,109.7603,122.9
2013-08-11,113.8232,126.3
2013-08-12,117.4072,129.2
2013-08-13,115.9774,131.4
2013-08-14,114.8526,134.6
2013-08-15,116.1047,133.4
2013-08-16,115.2454,134.5
2013-08-17,116.7084,126.8
2013-08-18,118.9218,119.9
2013-08-19,121.3434,115.0
2013-08-20,122.7614,113.5
2013-08-21,122.8591,111.9
2013-08-22,121.2329,110.3
2013-08-23,119.5534,111.0
2013-08-24,116.3981,109.5
2013-08-25,114.5092,109.5
2013-08-26,113.7168,105.6
2013-08-27,109.5671,107.5
2013-08-28,110.5917,107.9
2013-08-29,113.7046,111.1
2013-08-30,117.4258,111.9
2013-08-31,120.3685,102.9
2013-09-01,117.3915,100.0
2013-09-02,114.1435,97.1
2013-09-03,110.7494,95.6
2013-09-04,103.8373,96.2
2013-09-05,103.7639,94.1
2013-09-06,100.4904,94.1
2013-09-07,100.4133,92.7
2013-09-08,100.503,93.6
2013-09-09,102.095,93.8
2013-09-10,103.802,95.5
2013-09-11,104.6938,99.7
2013-09-12,108.3684,105.1
2013-09-13,106.3299,108.9
2013-09-14,107.2637,110.0
2013-09-15,108.5023,111.2
2013-09-16,107.1953,111.9
2013-09-17,110.2825,108.5
2013-09-18,113.3665,110.9
2013-09-19,114.0807,111.7
2013-09-20,107.2239,110.5
2013-09-21,104.0027,108.3
2013-09-22,103.5025,106.0
2013-09-23,100.1843,104.6
2013-09-24,99.8059,105.2
2013-09-25,98.9892,107.0
2013-09-26,98.8079,108.3
2013-09-27,97.7488,113.9
2013-09-28,96.9021,109.2
2013-09-29,98.2229,105.9
2013-09-30,98.8545,106.5
2013-10-01,101.1507,111.8
2013-10-02,104.2271,111.7
2013-10-03,105.9205,113.1
2013-10-04,105.459,120.3
2013-10-05,104.6924,128.5
2013-10-06,107.2844,127.3
2013-10-07,110.5233,128.6
2013-10-08,111.1443,124.3
2013-10-09,113.3265,124.5
2013-10-10,115.1296,127.2
2013-10-11,119.1452,135.1
2013-10-12,114.5607,138.8
2013-10-13,117.4861,131.6
2013-10-14,114.7801,132.2
2013-10-15,115.5925,134.5
2013-10-16,116.2986,144.8
2013-10-17,119.7626,151.1
2013-10-18,122.6929,158.8
2013-10-19,121.015,159.6
2013-10-20,122.3445,169.7
2013-10-21,122.3459,164.8
2013-10-22,125.7383,157.8
2013-10-23,124.9187,150.6
2013-10-24,124.5539,139.9
2013-10-25,125.375,140.5
2013-10-26,129.9301,144.2
2013-10-27,132.0302,139.4
2013-10-28,131.9412,141.1
2013-10-29,131.9024,144.9
2013-10-30,126.9098,145.9
2013-10-31,126.284,150.8
2013-11-01,127.6665,145.3
2013-11-02,126.6888,143.3
2013-11-03,128.7668,145.2
2013-11-04,130.833,151.1
2013-11-05,131.4086,160.4
2013-11-06,132.1667,164.0
2013-11-07,132.99,167.4
2013-11-08,131.4689,172.0
2013-11-09,130.6786,174.0
2013-11-10,134.3458,170.6
2013-11-11,135.4638,172.9
2013-11-12,137.3233,159.5
2013-11-13,138.5632,149.3
2013-11-14,141.1249,143.5
2013-11-15,144.5823,137.8
2013-11-16,140.1947,139.2
2013-11-17,141.9212,132.2
2013-11-18,138.0154,123.9
2013-11-19,133.7044,116.0
2013-11-20,131.7567,112.4
2013-11-21,131.5233,125.6
2013-11-22,134.3121,129.3
2013-11-23,133.6752,125.0
2013-11-24,130.9568,127.6
2013-11-25,126.5639,126.9
2013-11-26,124.7481,130.0
2013-11-27,132.3054,131.9
2013-11-28,133.809,134.0
2013-11-29,132.9336,145.3
2013-11-30,134.6051,146.1
2013-12-01,134.0464,152.3
2013-12-02,137.1123,160.6
2013-12-03,135.605,163.1
2013-12-04,136.3443,169.9
2013-12-05,139.4791,165.6
2013-12-06,141.1783,159.8
2013-12-07,143.5611,158.1
2013-12-08,146.0009,159.0
2013-12-09,148.5693,151.3
2013-12-10,153.3146,149.4
2013-12-11,151.6063,153.9
2013-12-12,149.9954,151.1
2013-12-13,149.4145,148.5
2013-12-14,151.3305,144.4
2013-12-15,147.6078,139.5
2013-12-16,146.8256,133.4
2013-12-17,145.8368,131.6
2013-12-18,146.9631,124.1
2013-12-19,146.9186,118.7
2013-12-20,145.3034,120.6
2013-12-21,143.3991,126.3
2013-12-22,140.9311,130.1
2013-12-23,140.0476,132.5
2013-12-24,137.6233,138.2
2013-12-25,137.283,140.5
2013-12-26,139.0144,154.3
2013-12-27,140.2391,155.2
2013-12-28,140.583,176.3
2013-12-29,142.2576,206.2
2013-12-30,144.4448,210.3
2013-12-31,147.8684,197.2
2014-01-01,153.6749,193.3
2014-01-02,154.8658,188.2
2014-01-03,163.952,178.1
2014-01-04,175.6143,169.4
2014-01-05,174.7352,160.7
2014-01-06,171.7049,150.2
2014-01-07,169.8435,138.7
2014-01-08,169.2951,132.6
2014-01-09,164.3474,122.1
2014-01-10,159.33,117.1
2014-01-11,155.7222,124.7
2014-01-12,152.0678,125.5
2014-01-13,145.6258,123.4
2014-01-14,144.0819,133.0
2014-01-15,141.208,141.4
2014-01-16,139.1715,138.9
2014-01-17,141.3225,132.1
2014-01-18,143.7358,131.3
2014-01-19,145.0534,129.1
2014-01-20,152.0242,133.7
2014-01-21,156.0316,139.6
2014-01-22,153.1529,152.5
2014-01-23,151.8852,151.8
2014-01-24,147.5992,155.8
2014-01-25,145.9745,160.9
2014-01-26,147.3839,171.6
2014-01-27,148.4402,184.4
2014-01-28,153.5817,183.0
2014-01-29,145.5986,182.9
2014-01-30,144.6796,188.1
2014-01-31,145.9949,186.1
2014-02-01,151.9426,173.2
2014-02-02,157.2668,167.2
2014-02-03,157.016,164.6
2014-02-04,156.464,156.8
2014-02-05,156.814,167.8
2014-02-06,156.8976,156.1
2014-02-07,153.4992,162.5
2014-02-08,151.9632,162.5
2014-02-09,152.0184,158.1
2014-02-10,151.4257,150.2
2014-02-11,158.7557,148.9
2014-02-12,153.8677,147.9
2014-02-13,158.0269,154.2
2014-02-14,156.1178,153.0
2014-02-15,156.0949,153.4
2014-02-16,154.9473,159.7
2014-02-17,155.8826,168.2
2014-02-18,154.6934,167.2
2014-02-19,157.2189,170.4
2014-02-20,157.4558,174.7
2014-02-21,157.9098,172.4
2014-02-22,162.8687,167.5
2014-02-23,166.4923,161.6
2014-02-24,164.246,158.5
2014-02-25,164.0928,158.3
2014-02-26,166.532,155.4
2014-02-27,163.5509,146.7
2014-02-28,162.1625,146.5
2014-03-01,159.337,146.0
2014-03-02,160.026,139.5
2014-03-03,158.2163,143.8
2014-03-04,158.1533,149.5
2014-03-05,155.1134,162.5
2014-03-06,153.213,167.1
2014-03-07,153.0978,145.9
2014-03-08,149.552,142.1
2014-03-09,152.3142,137.5
2014-03-10,154.6997,134.2
2014-03-11,160.4168,135.1
2014-03-12,162.6093,137.0
2014-03-13,154.8594,147.9
2014-03-14,153.1288,150.1
2014-03-15,151.7365,151.4
2014-03-16,150.0454,153.8
2014-03-17,149.8659,156.0
2014-03-18,151.1788,157.7
2014-03-19,154.6793,152.0
2014-03-20,154.6823,152.5
2014-03-21,154.7086,144.2
2014-03-22,155.837,145.9
2014-03-23,157.6045,142.3
2014-03-24,159.2484,148.1
2014-03-25,155.9883,152.1
2014-03-26,156.0667,153.1
2014-03-27,153.4466,154.6
2014-03-28,153.809,153.0
2014-03-29,151.308,157.0
2014-03-30,153.6344,142.3
2014-03-31,154.3405,141.2
2014-04-01,154.8079,140.2
2014-04-02,157.708,132.4
2014-04-03,154.6194,131.0
2014-04-04,156.4934,137.3
2014-04-05,150.5726,138.2
2014-04-06,151.1433,136.5
2014-04-07,150.5593,137.9
2014-04-08,145.5097,151.2
2014-04-09,145.7769,163.0
2014-04-10,148.5022,185.2
2014-04-11,148.5133,180.3
2014-04-12,149.0787,173.7
2014-04-13,150.849,170.8
2014-04-14,160.2592,164.1
2014-04-15,165.086,160.4
2014-04-16,170.8279,146.3
2014-04-17,169.9709,137.6
2014-04-18,163.4648,131.6
2014-04-19,161.1906,126.2
2014-04-20,159.0239,122.3
2014-04-21,157.6304,119.6
2014-04-22,149.3412,122.5
2014-04-23,141.763,121.8
2014-04-24,136.298,125.5
2014-04-25,132.9642,127.7
2014-04-26,130.023,137.6
2014-04-27,132.0355,134.8
2014-04-28,137.3938,133.7
2014-04-29,141.7891,141.5
2014-04-30,145.1241,141.3
2014-05-01,148.9071,148.6
2014-05-02,152.9553,150.8
2014-05-03,148.464,155.2
2014-05-04,145.6309,155.1
2014-05-05,149.1596,167.7
2014-05-06,148.118,166.3
2014-05-07,151.6252,162.7
2014-05-08,153.3776,166.7
2014-05-09,155.2619,155.5
2014-05-10,155.9055,141.8
2014-05-11,158.8912,136.6
2014-05-12,158.0028,130.4
2014-05-13,153.5261,119.7
2014-05-14,155.0377,120.1
2014-05-15,151.8925,116.7
2014-05-16,146.2048,114.1
2014-05-17,144.1778,119.2
2014-05-18,139.3561,127.7
2014-05-19,132.7872,116.0
2014-05-20,133.8285,111.1
2014-05-21,129.3692,108.7
2014-05-22,127.2187,102.1
2014-05-23,131.2194,105.5
2014-05-24,134.916,104.4
2014-05-25,129.7637,106.6
2014-05-26,125.5615,106.2
2014-05-27,125.7016,108.3
2014-05-28,125.2723,110.1
2014-05-29,127.7327,108.5
2014-05-30,125.0337,113.8
2014-05-31,125.9977,136.9
2014-06-01,126.3827,140.8
2014-06-02,126.2196,153.1
2014-06-03,126.9648,166.1
2014-06-04,127.1625,171.3
2014-06-05,130.1367,173.6
2014-06-06,138.5062,179.8
2014-06-07,139.9304,157.5
2014-06-08,143.3898,148.0
2014-06-09,149.2595,134.3
2014-06-10,149.9845,120.5
2014-06-11,149.835,118.0
2014-06-12,153.0974,114.4
2014-06-13,145.9477,114.7
2014-06-14,142.4226,105.5
2014-06-15,136.944,104.5
2014-06-16,135.4103,97.3
2014-06-17,136.8732,95.6
2014-06-18,133.3192,96.6
2014-06-19,133.77,100.2
2014-06-20,130.3418,103.3
2014-06-21,133.2317,107.6
2014-06-22,128.9425,118.4
2014-06-23,123.7441,129.9
2014-06-24,123.0176,145.2
2014-06-25,124.2361,156.9
2014-06-26,126.3022,175.1
2014-06-27,128.2201,184.1
2014-06-28,130.4773,193.9
2014-06-29,135.3197,199.4
2014-06-30,140.0305,207.7
2014-07-01,144.1266,204.5
2014-07-02,149.6049,208.1
2014-07-03,152.9757,205.0
2014-07-04,155.7852,183.3
2014-07-05,159.0616,171.8
2014-07-06,160.3149,149.9
2014-07-07,156.2377,131.0
2014-07-08,157.1654,113.0
2014-07-09,156.2287,103.9
2014-07-10,149.3166,95.1
2014-07-11,145.2769,91.5
2014-07-12,142.5297,91.4
2014-07-13,135.8501,88.9
2014-07-14,130.2395,89.9
2014-07-15,124.3432,93.0
2014-07-16,119.752,95.5
2014-07-17,118.2413,102.2
2014-07-18,119.5624,107.4
2014-07-19,119.2967,109.9
2014-07-20,121.9633,120.1
2014-07-21,122.613,125.2
2014-07-22,120.3882,136.3
2014-07-23,121.0085,146.0
2014-07-24,123.8264,156.6
2014-07-25,123.6606,161.1
2014-07-26,128.3053,173.5
2014-07-27,131.6087,160.2
2014-07-28,137.8475,156.2
2014-07-29,142.2706,143.3
2014-07-30,141.9585,143.3
2014-07-31,142.4475,140.5
2014-08-01,143.9831,140.0
2014-08-02,133.7201,126.4
2014-08-03,130.8005,116.3
2014-08-04,129.4039,111.3
2014-08-05,127.0295,107.3
2014-08-06,128.016,106.8
2014-08-07,127.7466,105.6
2014-08-08,123.2339,105.4
2014-08-09,123.4031,116.0
2014-08-10,123.8473,114.8
2014-08-11,122.5293,117.9
2014-08-12,121.2589,113.3
2014-08-13,119.4088,113.3
2014-08-14,117.6679,121.1
2014-08-15,125.8155,131.3
2014-08-16,124.128,129.3
2014-08-17,125.8381,134.9
2014-08-18,123.031,144.0
2014-08-19,121.9274,140.2
2014-08-20,126.7308,130.8
2014-08-21,130.9582,125.3
2014-08-22,130.4708,121.0
2014-08-23,133.6972,122.5
2014-08-24,137.9985,125.5
2014-08-25,136.5218,127.1
2014-08-26,133.7216,128.9
2014-08-27,131.709,138.7
2014-08-28,129.7669,140.1
2014-08-29,129.2687,148.4
2014-08-30,131.0596,146.3
2014-08-31,132.8013,159.8
2014-09-01,133.1113,162.6
2014-09-02,135.9346,166.3
2014-09-03,135.4423,161.6
2014-09-04,141.0342,157.4
2014-09-05,139.8734,153.4
2014-09-06,144.8329,154.0
2014-09-07,146.9008,146.9
2014-09-08,147.6633,141.0
2014-09-09,147.4924,134.4
2014-09-10,144.0463,134.1
2014-09-11,143.0842,134.2
2014-09-12,139.3868,121.3
2014-09-13,137.0856,122.8
2014-09-14,134.6841,120.1
2014-09-15,133.9183,124.9
2014-09-16,135.2716,136.8
2014-09-17,135.7106,139.1
2014-09-18,128.7822,145.6
2014-09-19,129.521,167.8
2014-09-20,130.3643,171.0
2014-09-21,132.97,182.2
2014-09-22,135.4131,181.8
2014-09-23,135.9856,175.6
2014-09-24,137.3145,162.6
2014-09-25,145.5616,155.4
2014-09-26,147.9496,149.3
2014-09-27,148.0156,136.9
2014-09-28,146.8883,127.6
2014-09-29,146.1537,128.4
2014-09-30,143.0971,129.9
2014-10-01,139.78,125.2
2014-10-02,138.2902,126.2
2014-10-03,137.5514,118.6
2014-10-04,132.8095,120.4
2014-10-05,133.2278,111.6
2014-10-06,133.849,110.0
2014-10-07,132.2523,112.6
2014-10-08,132.6089,119.7
2014-10-09,130.3525,125.0
2014-10-10,132.7441,138.0
2014-10-11,129.4162,144.8
2014-10-12,129.2324,171.1
2014-10-13,130.979,171.7
2014-10-14,134.4216,202.2
2014-10-15,137.0541,197.1
2014-10-16,141.3958,214.2
2014-10-17,143.1636,221.8
2014-10-18,151.929,219.5
2014-10-19,152.8656,216.8
2014-10-20,163.7802,214.0
2014-10-21,161.1744,185.4
2014-10-22,166.5853,165.1
2014-10-23,168.6604,148.4
2014-10-24,168.7028,138.4
2014-10-25,166.7317,119.5
2014-10-26,165.8771,118.1
2014-10-27,159.3381,122.4
2014-10-28,155.3256,123.2
2014-10-29,151.4642,127.3
2014-10-30,147.9078,142.7
2014-10-31,138.629,133.1
2014-11-01,138.9249,129.6
2014-11-02,131.9805,129.6
2014-11-03,128.3985,129.2
2014-11-04,134.907,133.4
2014-11-05,146.523,139.5
2014-11-06,149.0848,149.8
2014-11-07,147.6416,150.3
2014-11-08,148.1613,157.6
2014-11-09,148.8323,157.1
2014-11-10,150.4726,165.0
2014-11-11,152.2213,163.8
2014-11-12,154.9487,163.6
2014-11-13,153.7396,165.7
2014-11-14,156.9827,164.1
2014-11-15,156.5702,158.6
2014-11-16,159.1227,162.6
2014-11-17,160.9197,168.8
2014-11-18,160.81,165.8
2014-11-19,160.347,165.0
2014-11-20,160.8882,166.5
2014-11-21,158.2918,174.1
2014-11-22,155.8912,176.6
2014-11-23,156.8753,172.5
2014-11-24,157.4969,172.4
2014-11-25,157.6373,163.4
2014-11-26,159.3306,163.0
2014-11-27,165.7488,149.8
2014-11-28,165.2328,147.6
2014-11-29,162.1148,132.8
2014-11-30,162.2418,125.0
2014-12-01,158.9398,127.9
2014-12-02,159.1089,128.7
2014-12-03,153.8578,135.5
2014-12-04,152.8338,145.3
2014-12-05,147.4997,143.0
2014-12-06,144.4633,149.4
2014-12-07,145.0515,154.9
2014-12-08,145.2589,161.2
2014-12-09,150.6472,164.0
2014-12-10,153.1722,178.8
2014-12-11,151.9148,192.3
2014-12-12,154.0932,206.4
2014-12-13,154.706,208.9
2014-12-14,157.1374,196.7
2014-12-15,159.5476,199.2
2014-12-16,165.2694,173.4
2014-12-17,169.6175,160.5
2014-12-18,173.8908,146.5
2014-12-19,173.6115,140.6
2014-12-20,169.1439,132.5
2014-12-21,167.573,129.7
2014-12-22,159.7018,128.2
2014-12-23,154.964,127.1
2014-12-24,149.0374,126.0
2014-12-25,149.3914,129.2
2014-12-26,146.6268,132.9
2014-12-27,145.5316,141.0
2014-12-28,144.2755,143.8
2014-12-29,143.1605,144.8
2014-12-30,144.7104,137.2
2014-12-31,145.5067,137.2
2015-01-01,149.8747,142.4
2015-01-02,152.7804,152.0
2015-01-03,155.402,146.2
2015-01-04,155.3637,146.9
2015-01-05,151.5031,148.6
2015-01-06,152.4207,153.4
2015-01-07,153.7225,145.3
2015-01-08,157.3069,137.2
2015-01-09,155.8,127.1
2015-01-10,154.0675,120.7
2015-01-11,154.0423,118.0
2015-01-12,155.1691,121.7
2015-01-13,152.9826,125.9
2015-01-14,150.4985,121.6
2015-01-15,143.5706,120.0
2015-01-16,138.9164,116.6
2015-01-17,137.4921,117.3
2015-01-18,140.1291,121.4
2015-01-19,141.8388,122.7
2015-01-20,139.4733,142.5
2015-01-21,139.9336,153.3
2015-01-22,138.8544,154.5
2015-01-23,138.9687,166.7
2015-01-24,140.5664,154.6
2015-01-25,139.1612,149.0
2015-01-26,150.2267,137.6
2015-01-27,155.2449,139.8
2015-01-28,154.6055,145.1
2015-01-29,157.3206,150.1
2015-01-30,151.9597,138.0
2015-01-31,149.0153,139.3
2015-02-01,145.8502,148.9
2015-02-02,148.2655,148.7
2015-02-03,149.541,141.9
2015-02-04,151.2827,137.3
2015-02-05,146.439,127.7
2015-02-06,145.9506,124.4
2015-02-07,148.4174,121.8
2015-02-08,149.8639,117.4
2015-02-09,146.7096,116.7
2015-02-10,146.1132,115.3
2015-02-11,139.8399,115.7
2015-02-12,139.886,118.2
2015-02-13,141.756,116.0
2015-02-14,138.3299,117.0
2015-02-15,137.9611,113.6
2015-02-16,133.5514,115.0
2015-02-17,133.2752,114.3
2015-02-18,133.3173,112.1
2015-02-19,130.2301,108.8
2015-02-20,130.1518,109.1
2015-02-21,129.9483,115.7
2015-02-22,130.0845,121.1
2015-02-23,129.1771,125.3
2015-02-24,128.1155,128.1
2015-02-25,127.0378,122.9
2015-02-26,126.3631,122.1
2015-02-27,132.1008,124.5
2015-02-28,134.9965,125.4
2015-03-01,137.0302,130.9
2015-03-02,137.5786,122.3
2015-03-03,134.0492,121.2
2015-03-04,133.7152,119.2
2015-03-05,133.1233,129.9
2015-03-06,132.8274,125.1
2015-03-07,132.3417,117.9
2015-03-08,130.4956,114.3
2015-03-09,130.8042,113.1
2015-03-10,129.1033,116.0
2015-03-11,133.0578,113.2
2015-03-12,132.1355,113.7
2015-03-13,128.4447,108.3
2015-03-14,126.2408,111.8
2015-03-15,123.384,112.7
2015-03-16,124.7838,121.5
2015-03-17,122.9045,127.2
2015-03-18,120.7743,132.2
2015-03-19,118.8569,137.0
2015-03-20,122.0275,135.5
2015-03-21,123.5654,137.2
2015-03-22,127.1344,145.1
2015-03-23,129.3046,144.0
2015-03-24,132.112,133.3
2015-03-25,132.7342,127.8
2015-03-26,133.0706,123.9
2015-03-27,134.5635,121.2
2015-03-28,134.6848,119.8
2015-03-29,135.8122,122.4
2015-03-30,130.8539,122.3
2015-03-31,129.4714,125.8
2015-04-01,129.2813,111.4
2015-04-02,128.137,106.3
2015-04-03,126.6803,111.6
2015-04-04,126.9678,115.5
2015-04-05,127.3228,123.5
2015-04-06,130.6151,134.6
2015-04-07,125.9017,142.1
2015-04-08,123.4538,147.7
2015-04-09,125.234,155.7
2015-04-10,122.9701,151.3
2015-04-11,127.4245,150.8
2015-04-12,131.7778,148.9
2015-04-13,134.6072,153.0
2015-04-14,136.5991,151.0
2015-04-15,139.7975,155.3
2015-04-16,142.9096,151.8
2015-04-17,144.9436,142.0
2015-04-18,139.4885,136.0
2015-04-19,136.3538,127.4
2015-04-20,139.1349,120.0
2015-04-21,141.3395,108.9
2015-04-22,140.4313,109.2
2015-04-23,135.5839,105.5
2015-04-24,133.2887,103.3
2015-04-25,130.5876,101.4
2015-04-26,129.5321,107.3
2015-04-27,122.9754,112.9
2015-04-28,125.6162,125.4
2015-04-29,123.0087,130.0
2015-04-30,120.6983,138.6
2015-05-01,119.193,149.2
2015-05-02,121.5576,152.6
2015-05-03,123.2207,157.5
2015-05-04,129.9595,163.1
2015-05-05,133.1846,166.2
2015-05-06,136.1183,166.5
2015-05-07,138.0363,160.3
2015-05-08,137.6371,148.2
2015-05-09,138.7276,139.5
2015-05-10,140.044,134.0
2015-05-11,141.8659,122.3
2015-05-12,142.4166,117.6
2015-05-13,138.2367,112.9
2015-05-14,126.3852,108.2
2015-05-15,121.8988,104.3
2015-05-16,124.9763,101.6
2015-05-17,123.6735,100.2
2015-05-18,123.9195,101.2
2015-05-19,123.6897,99.0
2015-05-20,121.8987,97.0
2015-05-21,118.9531,97.8
2015-05-22,120.5524,95.5
2015-05-23,118.0592,94.8
2015-05-24,118.3327,97.7
2015-05-25,117.1494,97.0
2015-05-26,117.1318,103.2
2015-05-27,116.6282,103.9
2015-05-28,115.6524,111.6
2015-05-29,115.9839,121.4
2015-05-30,115.3799,129.7
2015-05-31,114.2092,136.6
2015-06-01,116.0614,141.4
2015-06-02,117.5337,138.2
2015-06-03,119.4143,140.6
2015-06-04,124.8566,139.5
2015-06-05,126.9924,144.2
2015-06-06,129.5302,141.0
2015-06-07,131.2627,140.3
2015-06-08,131.0095,135.8
2015-06-09,130.2044,139.1
2015-06-10,124.0178,140.5
2015-06-11,122.2076,140.2
2015-06-12,119.9996,141.7
2015-06-13,118.9845,141.8
2015-06-14,120.5889,139.8
2015-06-15,124.2398,136.0
2015-06-16,129.1258,134.3
2015-06-17,129.6792,119.9
2015-06-18,131.8148,113.1
2015-06-19,129.763,105.2
2015-06-20,127.4997,104.6
2015-06-21,131.5683,100.5
2015-06-22,131.5624,100.5
2015-06-23,126.017,100.4
2015-06-24,124.589,104.2
2015-06-25,122.0734,113.3
2015-06-26,122.1494,117.6
2015-06-27,119.8343,116.1
2015-06-28,118.3864,120.7
2015-06-29,118.1596,129.0
2015-06-30,120.4069,137.9
2015-07-01,125.1084,137.1
2015-07-02,125.1522,133.2
2015-07-03,123.5021,126.0
2015-07-04,125.0898,133.3
2015-07-05,127.4801,124.3
2015-07-06,130.5929,119.9
2015-07-07,129.6349,113.8
2015-07-08,128.8845,108.7
2015-07-09,125.1708,104.4
2015-07-10,126.1105,102.9
2015-07-11,122.4554,100.6
2015-07-12,120.6941,99.1
2015-07-13,111.0747,102.6
2015-07-14,108.63,96.3
2015-07-15,106.8422,94.0
2015-07-16,110.8976,91.9
2015-07-17,111.4509,92.2
2015-07-18,113.2085,95.2
2015-07-19,115.5664,96.9
2015-07-20,114.755,100.1
2015-07-21,109.5805,103.2
2015-07-22,105.198,104.2
2015-07-23,102.0691,103.8
2015-07-24,102.7461,105.1
2015-07-25,106.7181,103.8
2015-07-26,113.323,106.0
2015-07-27,116.8068,104.5
2015-07-28,118.8649,108.7
2015-07-29,115.4049,109.9
2015-07-30,116.2042,115.5
2015-07-31,116.101,125.1
2015-08-01,115.0588,125.5
2015-08-02,111.7916,124.4
2015-08-03,106.4857,117.6
2015-08-04,106.2024,109.1
2015-08-05,107.1881,105.6
2015-08-06,111.8334,101.9
2015-08-07,113.8722,97.3
2015-08-08,114.1262,95.7
2015-08-09,105.2294,91.7
2015-08-10,108.852,87.8
2015-08-11,101.1938,89.2
2015-08-12,97.3254,90.9
2015-08-13,101.571,100.6
2015-08-14,104.1547,105.3
2015-08-15,105.6741,121.4
2015-08-16,104.6381,119.6
2015-08-17,105.8037,119.8
2015-08-18,107.8754,130.6
2015-08-19,111.2477,123.9
2015-08-20,115.1663,128.9
2015-08-21,123.6135,112.5
2015-08-22,122.4701,111.3
2015-08-23,122.1047,102.1
2015-08-24,126.1124,93.4
2015-08-25,121.423,92.7
2015-08-26,122.2908,90.7
2015-08-27,115.5632,89.8
2015-08-28,108.9827,88.0
2015-08-29,103.513,91.5
2015-08-30,97.0241,86.8
2015-08-31,96.3884,86.9
2015-09-01,95.963,85.0
2015-09-02,94.9376,84.7
2015-09-03,94.496,83.5
2015-09-04,100.075,84.6
2015-09-05,98.3842,94.1
2015-09-06,103.8593,100.4
2015-09-07,102.2642,100.0
2015-09-08,100.0347,97.7
2015-09-09,100.2083,102.2
2015-09-10,100.9196,110.6
2015-09-11,104.2494,107.9
2015-09-12,105.6703,103.8
2015-09-13,105.1751,106.7
2015-09-14,103.8524,111.3
2015-09-15,104.5275,104.2
2015-09-16,108.8331,107.8
2015-09-17,105.5276,111.4
2015-09-18,95.8312,107.4
2015-09-19,96.4988,120.5
2015-09-20,97.3539,120.8
2015-09-21,93.1205,128.1
2015-09-22,94.887,124.5
2015-09-23,96.2241,129.6
2015-09-24,94.968,131.5
2015-09-25,101.3141,120.0
2015-09-26,105.3718,107.6
2015-09-27,109.1449,97.0
2015-09-28,104.5056,88.3
2015-09-29,104.7879,82.6
2015-09-30,110.2744,81.3
2015-10-01,109.7664,80.4
2015-10-02,107.4692,79.5
2015-10-03,103.8885,81.0
2015-10-04,100.4447,81.2
2015-10-05,98.1914,84.3
2015-10-06,98.2407,88.7
2015-10-07,97.2382,95.2
2015-10-08,97.1366,100.2
2015-10-09,97.63,106.1
2015-10-10,97.0335,108.4
2015-10-11,97.7801,115.8
2015-10-12,99.4252,118.6
2015-10-13,101.6174,122.7
2015-10-14,104.3022,121.7
2015-10-15,104.3181,127.8
2015-10-16,103.6336,119.3
2015-10-17,109.4583,113.7
2015-10-18,110.4179,105.2
2015-10-19,113.9604,105.2
2015-10-20,117.2931,104.9
2015-10-21,116.0987,108.7
2015-10-22,115.7475,110.7
2015-10-23,112.782,111.4
2015-10-24,108.1982,115.5
2015-10-25,105.5557,116.7
2015-10-26,91.9283,122.4
2015-10-27,94.2632,120.1
2015-10-28,98.184,122.2
2015-10-29,106.5082,112.0
2015-10-30,110.5809,108.1
2015-10-31,113.4174,113.2
2015-11-01,114.4619,112.9
2015-11-02,114.6083,105.7
2015-11-03,115.8254,105.6
2015-11-04,114.2797,103.3
2015-11-05,113.079,102.9
2015-11-06,113.5701,101.4
2015-11-07,112.9534,100.8
2015-11-08,111.1006,104.1
2015-11-09,110.5987,103.5
2015-11-10,109.4408,103.2
2015-11-11,110.1194,104.6
2015-11-12,110.0877,105.1
2015-11-13,107.5222,105.6
2015-11-14,108.2484,108.4
2015-11-15,107.4031,119.2
2015-11-16,105.4384,119.9
2015-11-17,108.0332,116.7
2015-11-18,108.7026,110.3
2015-11-19,107.9315,106.2
2015-11-20,109.482,101.2
2015-11-21,112.8518,96.3
2015-11-22,114.8612,94.0
2015-11-23,113.1833,92.9
2015-11-24,111.8026,93.1
2015-11-25,110.8335,91.9
2015-11-26,107.9971,92.6
2015-11-27,104.4652,91.8
2015-11-28,102.258,94.8
2015-11-29,101.715,97.6
2015-11-30,101.1754,99.3
2015-12-01,99.635,97.8
2015-12-02,99.3804,107.9
2015-12-03,99.9948,105.5
2015-12-04,101.4959,105.2
2015-12-05,103.5909,110.3
2015-12-06,103.7676,113.1
2015-12-07,103.2059,118.7
2015-12-08,104.8664,120.2
2015-12-09,108.0958,115.2
2015-12-10,107.4416,122.2
2015-12-11,106.4993,114.0
2015-12-12,106.84,113.3
2015-12-13,109.305,115.2
2015-12-14,113.6332,112.8
2015-12-15,112.6981,117.8
2015-12-16,114.2242,125.8
2015-12-17,110.712,129.5
2015-12-18,110.0417,128.4
2015-12-19,111.1294,122.3
2015-12-20,109.9015,113.5
2015-12-21,109.4897,106.7
2015-12-22,112.3613,108.4
2015-12-23,113.7992,101.9
2015-12-24,114.3866,98.1
2015-12-25,111.5089,93.0
2015-12-26,110.8517,95.1
2015-12-27,107.5632,96.6
2015-12-28,106.8355,98.5
2015-12-29,102.8961,92.2
2015-12-30,101.7374,92.1
2015-12-31,98.6662,96.9
2016-01-01,100.2388,99.9
2016-01-02,100.0194,104.9
2016-01-03,100.2196,103.5
2016-01-04,99.2641,105.4
2016-01-05,95.2438,104.5
2016-01-06,99.4207,102.0
2016-01-07,98.7857,100.7
2016-01-08,100.4916,99.9
2016-01-09,100.2853,100.1
2016-01-10,102.0108,96.7
2016-01-11,103.1125,97.4
2016-01-12,102.1547,96.7
2016-01-13,100.821,94.4
2016-01-14,99.9756,97.2
2016-01-15,99.008,100.7
2016-01-16,97.6834,97.3
2016-01-17,100.2928,95.8
2016-01-18,100.5736,100.6
2016-01-19,99.5885,104.3
2016-01-20,99.8225,111.3
2016-01-21,101.0434,109.3
2016-01-22,99.929,106.6
2016-01-23,96.4543,103.7
2016-01-24,101.4565,102.0
2016-01-25,102.3894,98.3
2016-01-26,103.6672,97.3
2016-01-27,103.4109,99.1
2016-01-28,103.6432,108.9
2016-01-29,103.841,119.8
2016-01-30,102.825,116.3
2016-01-31,99.7707,113.9
2016-02-01,99.9972,113.9
2016-02-02,100.3054,112.1
2016-02-03,102.9848,114.1
2016-02-04,101.7346,109.2
2016-02-05,97.3213,109.8
2016-02-06,100.0392,109.3
2016-02-07,101.0898,107.5
2016-02-08,101.6713,105.4
2016-02-09,102.4434,104.7
2016-02-10,102.1222,101.5
2016-02-11,103.221,97.5
2016-02-12,104.9898,92.7
2016-02-13,102.9888,91.9
2016-02-14,102.2108,97.8
2016-02-15,101.0543,93.5
2016-02-16,98.7103,91.7
2016-02-17,99.4437,89.1
2016-02-18,100.0108,86.1
2016-02-19,101.1829,89.9
2016-02-20,104.055,87.2
2016-02-21,100.6006,88.6
2016-02-22,98.9724,91.5
2016-02-23,97.0096,89.3
2016-02-24,95.268,95.1
2016-02-25,96.0879,96.5
2016-02-26,95.6534,97.1
2016-02-27,97.3919,98.9
2016-02-28,98.4727,94.7
2016-02-29,98.5172,94.1
2016-03-01,99.9482,92.8
2016-03-02,99.5327,94.2
2016-03-03,98.3197,96.0
2016-03-04,98.5329,93.7
2016-03-05,94.7738,93.0
2016-03-06,93.6172,93.9
2016-03-07,93.9601,91.5
2016-03-08,94.8501,92.4
2016-03-09,96.389,93.1
2016-03-10,89.5472,90.1
2016-03-11,88.368,90.7
2016-03-12,89.5683,89.5
2016-03-13,90.1062,88.6
2016-03-14,92.1806,86.9
2016-03-15,93.3512,88.2
2016-03-16,92.0689,86.7
2016-03-17,92.1067,86.2
2016-03-18,90.5589,86.0
2016-03-19,91.4082,85.1
2016-03-20,92.3853,85.1
2016-03-21,95.4236,87.9
2016-03-22,95.9627,87.4
2016-03-23,96.9761,87.5
2016-03-24,97.9651,83.6
2016-03-25,93.9568,81.6
2016-03-26,93.9618,82.0
2016-03-27,97.1228,81.5
2016-03-28,94.697,82.3
2016-03-29,98.479,83.5
2016-03-30,94.2851,83.5
2016-03-31,95.0068,87.2
2016-04-01,94.3466,92.5
2016-04-02,93.6501,98.6
2016-04-03,93.894,105.9
2016-04-04,93.4424,111.1
2016-04-05,93.0042,117.2
2016-04-06,93.4606,111.9
2016-04-07,96.6687,108.8
2016-04-08,96.6057,111.8
2016-04-09,98.7242,113.2
2016-04-10,101.3613,114.0
2016-04-11,103.2769,102.9
2016-04-12,99.6569,95.4
2016-04-13,97.713,89.9
2016-04-14,98.8217,84.0
2016-04-15,98.1578,77.5
2016-04-16,95.7138,77.5
2016-04-17,96.6458,79.6
2016-04-18,96.2361,82.8
2016-04-19,95.1094,82.9
2016-04-20,94.8157,86.3
2016-04-21,92.292,93.8
2016-04-22,91.3687,96.3
2016-04-23,92.7965,93.8
2016-04-24,92.9346,95.4
2016-04-25,93.7361,93.6
2016-04-26,95.0156,91.3
2016-04-27,97.8069,91.5
2016-04-28,98.2109,91.6
2016-04-29,96.1875,88.7
2016-04-30,96.3754,91.2
2016-05-01,95.4889,89.7
2016-05-02,94.3901,85.6
2016-05-03,93.2316,90.2
2016-05-04,96.1002,90.5
2016-05-05,95.5899,95.8
2016-05-06,95.5311,93.9
2016-05-07,96.2857,95.4
2016-05-08,95.7122,103.4
2016-05-09,96.4871,105.7
2016-05-10,95.5202,104.3
2016-05-11,96.187,105.6
2016-05-12,92.4783,104.7
2016-05-13,91.776,101.2
2016-05-14,95.7993,102.0
2016-05-15,97.0269,100.2
2016-05-16,97.7065,99.8
2016-05-17,93.2277,99.8
2016-05-18,92.4247,96.7
2016-05-19,91.2988,96.1
2016-05-20,89.5293,94.2
2016-05-21,86.1696,92.8
2016-05-22,84.63,90.1
2016-05-23,84.829,85.3
2016-05-24,84.8251,88.7
2016-05-25,84.931,89.0
2016-05-26,84.7131,88.4
2016-05-27,84.3513,87.7
2016-05-28,84.4104,85.7
2016-05-29,82.4152,82.4
2016-05-30,84.6327,81.5
2016-05-31,85.3567,80.8
2016-06-01,85.7491,80.8
2016-06-02,89.5378,82.6
2016-06-03,88.9761,87.8
2016-06-04,89.3138,87.5
2016-06-05,90.1237,90.9
2016-06-06,90.056,97.1
2016-06-07,88.3636,93.9
2016-06-08,90.8521,90.4
2016-06-09,92.9271,90.1
2016-06-10,93.9496,91.0
2016-06-11,90.4156,89.4
2016-06-12,93.5047,86.3
2016-06-13,88.5643,87.9
2016-06-14,87.381,87.1
2016-06-15,86.6733,82.9
2016-06-16,84.0717,80.9
2016-06-17,83.7978,80.0
2016-06-18,80.9271,78.2
2016-06-19,81.859,79.6
2016-06-20,77.2635,79.2
2016-06-21,74.7276,78.0
2016-06-22,75.3656,75.5
2016-06-23,77.6759,76.0
2016-06-24,78.6473,75.4
2016-06-25,80.633,74.4
2016-06-26,82.1122,73.3
2016-06-27,82.4749,74.8
2016-06-28,83.2022,76.3
2016-06-29,83.4489,74.9
2016-06-30,83.5778,79.7
2016-07-01,83.5652,86.1
2016-07-02,85.7863,90.0
2016-07-03,88.4047,95.3
2016-07-04,89.2893,97.6
2016-07-05,90.2846,97.8
2016-07-06,92.601,95.5
2016-07-07,94.9971,100.0
2016-07-08,95.9248,98.2
2016-07-09,96.4889,105.4
2016-07-10,101.0052,110.1
2016-07-11,96.5906,108.6
2016-07-12,96.9856,110.6
2016-07-13,98.886,104.1
2016-07-14,97.6832,111.5
2016-07-15,98.7677,103.3
2016-07-16,100.4123,93.3
2016-07-17,100.2577,88.9
2016-07-18,91.388,84.8
2016-07-19,86.164,75.9
2016-07-20,89.2556,75.9
2016-07-21,88.2338,73.8
2016-07-22,77.4042,72.5
2016-07-23,73.243,72.6
2016-07-24,71.0985,73.1
2016-07-25,68.5057,73.7
2016-07-26,71.6993,74.1
2016-07-27,74.6636,77.1
2016-07-28,78.1635,77.0
2016-07-29,80.0959,78.5
2016-07-30,84.5689,82.1
2016-07-31,88.7428,85.5
2016-08-01,90.8929,95.3
2016-08-02,92.8264,99.0
2016-08-03,91.6437,94.9
2016-08-04,91.7298,97.6
2016-08-05,89.2606,97.2
2016-08-06,88.9137,97.3
2016-08-07,93.937,92.9
2016-08-08,96.5189,89.4
2016-08-09,94.8566,89.8
2016-08-10,96.0246,88.7
2016-08-11,93.1055,84.9
2016-08-12,89.2494,84.4
2016-08-13,92.3051,82.7
2016-08-14,89.5818,80.0
2016-08-15,88.1386,78.4
2016-08-16,89.4312,81.8
2016-08-17,88.0702,83.1
2016-08-18,85.5416,79.7
2016-08-19,83.1149,80.3
2016-08-20,82.6268,83.6
2016-08-21,82.0082,85.6
2016-08-22,80.0711,87.1
2016-08-23,80.6317,89.5
2016-08-24,79.2549,102.3
2016-08-25,79.7603,99.3
2016-08-26,79.8247,96.9
2016-08-27,80.8071,96.3
2016-08-28,77.8606,100.7
2016-08-29,78.6775,99.0
2016-08-30,86.0177,95.3
2016-08-31,88.5064,93.9
2016-09-01,88.9628,94.4
2016-09-02,88.9395,95.9
2016-09-03,91.1713,92.3
2016-09-04,85.2621,94.3
2016-09-05,86.464,87.5
2016-09-06,88.9831,87.5
2016-09-07,90.5229,87.0
2016-09-08,91.4855,86.2
2016-09-09,92.25,85.3
2016-09-10,94.7676,84.5
2016-09-11,92.2582,81.0
2016-09-12,92.3637,83.8
2016-09-13,90.1016,83.3
2016-09-14,85.7515,85.2
2016-09-15,83.103,86.1
2016-09-16,83.2347,85.7
2016-09-17,82.35,86.1
2016-09-18,82.7785,85.4
2016-09-19,84.6844,85.1
2016-09-20,88.1506,87.2
2016-09-21,89.786,85.9
2016-09-22,91.5525,84.8
2016-09-23,91.9214,83.0
2016-09-24,93.6426,80.8
2016-09-25,95.8117,81.2
2016-09-26,96.2644,82.4
2016-09-27,95.7958,87.9
2016-09-28,94.9939,93.1
2016-09-29,88.1611,99.3
2016-09-30,84.2426,101.4
2016-10-01,85.0893,104.0
2016-10-02,88.0874,104.1
2016-10-03,92.8748,104.2
2016-10-04,90.1027,101.6
2016-10-05,90.2744,98.8
2016-10-06,92.7847,97.2
2016-10-07,98.3874,94.8
2016-10-08,98.2848,92.3
2016-10-09,95.8624,84.4
2016-10-10,94.6991,80.4
2016-10-11,88.4708,75.6
2016-10-12,88.4331,76.8
2016-10-13,86.6971,75.8
2016-10-14,85.237,74.0
2016-10-15,82.8852,77.1
2016-10-16,76.7204,76.7
2016-10-17,75.0588,76.0
2016-10-18,78.7258,74.5
2016-10-19,79.6499,76.9
2016-10-20,77.7372,77.1
2016-10-21,80.9419,77.8
2016-10-22,78.7228,78.2
2016-10-23,77.904,78.0
2016-10-24,79.2276,75.1
2016-10-25,80.6336,75.5
2016-10-26,82.459,75.4
2016-10-27,82.7948,74.8
2016-10-28,84.2339,74.4
2016-10-29,83.9572,75.4
2016-10-30,82.0248,75.3
2016-10-31,82.733,74.9
2016-11-01,81.8928,75.1
2016-11-02,79.5325,75.4
2016-11-03,80.9076,78.3
2016-11-04,77.6338,78.6
2016-11-05,77.2696,76.8
2016-11-06,78.9949,76.8
2016-11-07,82.1312,76.2
2016-11-08,81.5045,75.6
2016-11-09,84.1432,74.9
2016-11-10,83.5156,79.1
2016-11-11,80.436,76.8
2016-11-12,82.2083,75.8
2016-11-13,84.4085,74.9
2016-11-14,85.6835,74.6
2016-11-15,88.0695,73.1
2016-11-16,90.796,75.4
2016-11-17,89.6566,75.7
2016-11-18,88.9045,77.0
2016-11-19,87.7694,78.8
2016-11-20,87.842,79.1
2016-11-21,88.806,80.4
2016-11-22,94.0611,82.9
2016-11-23,90.6143,83.1
2016-11-24,91.4369,81.3
2016-11-25,88.6568,82.1
2016-11-26,85.4018,82.0
2016-11-27,85.2387,82.2
2016-11-28,86.2112,80.0
2016-11-29,86.1894,80.3
2016-11-30,83.7917,77.4
2016-12-01,76.4625,74.9
2016-12-02,78.8187,72.6
2016-12-03,79.096,70.7
2016-12-04,76.916,70.0
2016-12-05,74.0137,69.2
2016-12-06,71.4819,68.6
2016-12-07,69.311,69.0
2016-12-08,71.3788,70.1
2016-12-09,76.19,70.2
2016-12-10,75.9243,70.3
2016-12-11,75.9592,69.8
2016-12-12,74.5686,70.0
2016-12-13,74.9509,70.5
2016-12-14,77.3244,72.5
2016-12-15,76.7362,72.6
2016-12-16,76.0626,72.4
2016-12-17,79.0375,71.3
2016-12-18,77.2443,70.7
2016-12-19,75.5454,70.1
2016-12-20,78.0312,71.4
2016-12-21,77.7767,71.3
2016-12-22,75.9178,70.9
2016-12-23,74.3301,70.9
2016-12-24,72.6494,71.2
2016-12-25,72.968,71.1
2016-12-26,76.6232,70.1
2016-12-27,78.9048,70.6
2016-12-28,77.9984,71.0
2016-12-29,78.273,70.0
2016-12-30,75.8231,70.9
2016-12-31,74.5577,69.6
2017-01-01,70.9324,69.7
2017-01-02,72.816,69.2
2017-01-03,77.3458,68.9
2017-01-04,73.592,70.3
2017-01-05,74.5782,72.0
2017-01-06,73.3251,73.0
2017-01-07,75.0702,72.4
2017-01-08,77.1159,74.1
2017-01-09,77.5793,75.0
2017-01-10,78.7153,75.8
2017-01-11,76.8838,76.1
2017-01-12,80.3649,76.1
2017-01-13,76.1379,77.0
2017-01-14,78.8472,80.6
2017-01-15,77.209,83.4
2017-01-16,76.2935,84.0
2017-01-17,72.5092,81.5
2017-01-18,74.0742,79.7
2017-01-19,75.1419,82.5
2017-01-20,77.8358,80.6
2017-01-21,77.6023,77.9
2017-01-22,71.1362,76.1
2017-01-23,71.7874,74.4
2017-01-24,75.1461,74.7
2017-01-25,78.9034,73.8
2017-01-26,76.7098,73.9
2017-01-27,73.817,73.1
2017-01-28,71.685,73.0
2017-01-29,71.8116,71.9
2017-01-30,75.5257,70.6
2017-01-31,73.1162,70.5
2017-02-01,69.0654,70.1
2017-02-02,70.1627,71.1
2017-02-03,73.5498,71.5
2017-02-04,76.2487,72.1
2017-02-05,78.1548,73.8
2017-02-06,76.9913,74.3
2017-02-07,74.5454,73.0
2017-02-08,76.3908,72.7
2017-02-09,76.4792,73.0
2017-02-10,76.8491,72.2
2017-02-11,74.2275,72.8
2017-02-12,78.4377,74.9
2017-02-13,77.4179,76.4
2017-02-14,79.6551,78.9
2017-02-15,81.6394,80.7
2017-02-16,83.3333,81.4
2017-02-17,79.4904,81.6
2017-02-18,82.5655,80.5
2017-02-19,88.4202,78.5
2017-02-20,84.4104,77.5
2017-02-21,83.8792,80.6
2017-02-22,76.8013,80.1
2017-02-23,76.3019,79.3
2017-02-24,73.4264,77.8
2017-02-25,75.8785,76.7
2017-02-26,76.0582,73.9
2017-02-27,80.4645,71.6
2017-02-28,74.8114,71.3
2017-03-01,75.3472,70.6
2017-03-02,73.5447,69.6
2017-03-03,73.6799,70.3
2017-03-04,71.3181,70.0
2017-03-05,70.8089,69.1
2017-03-06,69.0786,69.2
2017-03-07,69.0056,69.5
2017-03-08,69.1333,68.8
2017-03-09,67.1051,69.1
2017-03-10,68.6709,69.7
2017-03-11,71.193,69.9
2017-03-12,74.0414,69.6
2017-03-13,76.8633,70.5
2017-03-14,79.7577,72.1
2017-03-15,82.2111,70.5
2017-03-16,84.8325,72.0
2017-03-17,80.3146,71.5
2017-03-18,78.4865,71.9
2017-03-19,79.3826,73.7
2017-03-20,77.3616,76.8
2017-03-21,78.1789,82.5
2017-03-22,78.2066,83.4
2017-03-23,76.0667,83.1
2017-03-24,69.1476,85.7
2017-03-25,71.39,90.4
2017-03-26,77.0696,100.9
2017-03-27,78.2385,111.9
2017-03-28,77.7088,107.9
2017-03-29,72.3738,93.9
2017-03-30,74.3091,84.7
2017-03-31,76.9902,85.8
2017-04-01,80.2901,74.1
2017-04-02,86.754,73.3
2017-04-03,86.8235,74.7
2017-04-04,73.2101,73.9
2017-04-05,65.3766,74.9
2017-04-06,68.8505,71.8
2017-04-07,68.9441,73.9
2017-04-08,67.6191,73.3
2017-04-09,73.3062,73.5
2017-04-10,77.7183,75.0
2017-04-11,82.9889,75.8
2017-04-12,84.6658,77.5
2017-04-13,89.1043,81.6
2017-04-14,91.4686,81.4
2017-04-15,92.1992,83.1
2017-04-16,94.1112,84.5
2017-04-17,95.4706,83.4
2017-04-18,93.6431,81.1
2017-04-19,93.5175,82.3
2017-04-20,90.1523,80.6
2017-04-21,82.8163,79.3
2017-04-22,81.6366,79.1
2017-04-23,80.465,78.2
2017-04-24,75.4922,78.6
2017-04-25,75.8613,76.4
2017-04-26,74.2093,78.4
2017-04-27,75.6256,76.2
2017-04-28,77.6715,75.4
2017-04-29,76.0394,74.8
2017-04-30,75.3414,74.1
2017-05-01,73.9838,73.0
2017-05-02,70.386,71.8
2017-05-03,70.824,70.2
2017-05-04,74.1927,69.9
2017-05-05,73.2634,70.5
2017-05-06,68.8887,70.4
2017-05-07,69.6678,71.9
2017-05-08,71.7595,72.7
2017-05-09,70.4222,72.2
2017-05-10,74.4348,73.5
2017-05-11,76.4026,73.1
2017-05-12,76.8486,73.9
2017-05-13,77.8431,74.0
2017-05-14,78.7549,74.2
2017-05-15,76.5412,75.3
2017-05-16,77.3926,76.3
2017-05-17,79.7192,77.9
2017-05-18,80.9747,79.9
2017-05-19,79.6187,78.1
2017-05-20,78.5477,82.4
2017-05-21,75.6231,84.1
2017-05-22,77.6992,81.0
2017-05-23,77.5451,77.9
2017-05-24,76.6344,75.7
2017-05-25,72.1311,76.2
2017-05-26,74.4704,77.9
2017-05-27,77.8415,80.4
2017-05-28,77.1448,80.2
2017-05-29,75.6746,79.9
2017-05-30,71.9518,81.8
2017-05-31,72.2098,77.6
2017-06-01,73.9055,77.8
2017-06-02,75.7711,76.2
2017-06-03,75.3448,76.0
2017-06-04,79.4079,77.0
2017-06-05,82.3886,76.6
2017-06-06,76.6734,77.5
2017-06-07,76.9863,77.2
2017-06-08,80.5011,76.4
2017-06-09,80.8238,79.9
2017-06-10,80.4998,75.8
2017-06-11,78.7678,77.2
2017-06-12,78.9812,77.3
2017-06-13,81.897,76.0
2017-06-14,80.0669,76.9
2017-06-15,77.2473,76.2
2017-06-16,74.8141,76.1
2017-06-17,77.641,76.1
2017-06-18,75.2521,76.6
2017-06-19,74.6183,76.2
2017-06-20,79.2933,76.2
2017-06-21,78.0105,76.6
2017-06-22,77.0889,74.5
2017-06-23,79.7545,74.2
2017-06-24,79.5012,73.9
2017-06-25,76.4741,73.1
2017-06-26,76.5136,73.6
2017-06-27,75.4673,74.1
2017-06-28,72.0426,74.2
2017-06-29,72.4814,75.5
2017-06-30,73.9865,78.5
2017-07-01,76.8063,82.2
2017-07-02,77.1526,89.5
2017-07-03,75.1128,94.0
2017-07-04,72.8196,98.2
2017-07-05,78.0862,94.1
2017-07-06,78.1276,93.2
2017-07-07,78.4934,95.3
2017-07-08,82.5658,97.0
2017-07-09,84.5107,94.6
2017-07-10,83.1749,89.3
2017-07-11,86.5036,88.4
2017-07-12,85.0924,80.8
2017-07-13,84.4899,75.5
2017-07-14,83.1568,72.5
2017-07-15,85.5595,71.6
2017-07-16,82.7669,71.8
2017-07-17,81.8993,72.8
2017-07-18,82.1136,72.3
2017-07-19,76.9843,72.0
2017-07-20,75.1764,70.7
2017-07-21,74.4317,70.5
2017-07-22,76.8869,71.6
2017-07-23,77.3698,72.1
2017-07-24,80.654,71.7
2017-07-25,87.5186,74.4
2017-07-26,89.2201,75.7
2017-07-27,88.8275,76.6
2017-07-28,92.1425,77.3
2017-07-29,95.7703,76.3
2017-07-30,85.2846,76.3
2017-07-31,79.631,75.6
2017-08-01,79.4188,74.8
2017-08-02,73.2149,73.0
2017-08-03,75.4699,73.4
2017-08-04,75.434,73.0
2017-08-05,73.701,71.7
2017-08-06,73.547,72.2
2017-08-07,68.0437,70.0
2017-08-08,69.7763,74.9
2017-08-09,70.7371,76.1
2017-08-10,72.09,79.2
2017-08-11,71.5112,78.5
2017-08-12,72.9406,82.0
2017-08-13,72.3693,88.9
2017-08-14,78.0755,88.0
2017-08-15,73.69,89.1
2017-08-16,75.6231,92.3
2017-08-17,77.5968,87.0
2017-08-18,74.7783,80.5
2017-08-19,79.9734,82.5
2017-08-20,84.1819,79.2
2017-08-21,87.0543,79.8
2017-08-22,87.5777,83.2
2017-08-23,83.139,85.9
2017-08-24,75.915,88.6
2017-08-25,72.8991,93.6
2017-08-26,69.9678,95.1
2017-08-27,74.8633,101.7
2017-08-28,77.0841,122.2
2017-08-29,82.877,136.3
2017-08-30,85.1105,122.5
2017-08-31,86.6844,134.9
2017-09-01,84.1265,130.4
2017-09-02,84.8218,118.5
2017-09-03,94.0781,108.7
2017-09-04,96.4611,101.6
2017-09-05,95.602,80.9
2017-09-06,101.8157,76.4
2017-09-07,98.2978,76.0
2017-09-08,89.075,75.1
2017-09-09,87.0493,73.6
2017-09-10,89.5507,72.9
2017-09-11,82.6387,72.9
2017-09-12,75.1787,72.9
2017-09-13,77.1056,71.3
2017-09-14,77.5,74.5
2017-09-15,79.3844,73.6
2017-09-16,82.9878,78.1
2017-09-17,87.2643,81.7
2017-09-18,88.902,87.4
2017-09-19,88.5218,90.4
2017-09-20,96.1191,91.1
2017-09-21,96.0676,91.3
2017-09-22,99.8544,91.2
2017-09-23,102.6438,90.0
2017-09-24,102.204,89.6
2017-09-25,95.4472,85.9
2017-09-26,97.2339,86.1
2017-09-27,91.6837,86.5
2017-09-28,86.7432,86.8
2017-09-29,87.4402,84.7
2017-09-30,87.119,84.0
2017-10-01,83.9184,79.5
2017-10-02,80.6361,76.5
2017-10-03,81.0042,72.1
2017-10-04,82.2268,70.7
2017-10-05,80.588,69.3
2017-10-06,77.4685,69.9
2017-10-07,75.7014,69.4
2017-10-08,76.9084,68.6
2017-10-09,69.2202,69.9
2017-10-10,74.5936,70.4
2017-10-11,75.0456,69.8
2017-10-12,74.3157,72.7
2017-10-13,76.5938,72.8
2017-10-14,80.1012,75.1
2017-10-15,78.9522,75.7
2017-10-16,82.8916,76.5
2017-10-17,83.7018,77.2
2017-10-18,85.3639,76.7
2017-10-19,88.7912,77.9
2017-10-20,87.184,76.4
2017-10-21,86.1845,75.0
2017-10-22,86.6092,74.4
2017-10-23,88.8763,74.3
2017-10-24,85.5199,74.5
2017-10-25,85.311,74.2
2017-10-26,84.698,71.5
2017-10-27,82.6898,72.4
2017-10-28,80.4153,72.0
2017-10-29,78.4755,70.9
2017-10-30,78.6528,69.9
2017-10-31,78.1534,68.1
2017-11-01,72.2106,67.0
2017-11-02,72.3552,66.4
2017-11-03,72.3028,64.6
2017-11-04,74.2284,67.2
2017-11-05,76.8418,65.9
2017-11-06,71.9804,68.0
2017-11-07,71.5632,70.6
2017-11-08,69.879,72.8
2017-11-09,71.1052,72.6
2017-11-10,75.8461,71.6
2017-11-11,72.6514,74.7
2017-11-12,75.1589,74.3
2017-11-13,74.5716,72.7
2017-11-14,79.8933,71.8
2017-11-15,80.4812,71.4
2017-11-16,78.8705,71.6
2017-11-17,79.6581,70.6
2017-11-18,76.0024,72.2
2017-11-19,71.2075,72.4
2017-11-20,70.6363,73.5
2017-11-21,71.4277,71.7
2017-11-22,71.2045,70.0
2017-11-23,70.4623,70.6
2017-11-24,71.9586,69.8
2017-11-25,73.8667,68.3
2017-11-26,75.6954,69.5
2017-11-27,74.2834,67.0
2017-11-28,73.0129,66.4
2017-11-29,72.8569,66.0
2017-11-30,71.6872,66.3
2017-12-01,69.0408,65.9
2017-12-02,71.8691,67.8
2017-12-03,68.8182,69.0
2017-12-04,69.6746,69.8
2017-12-05,68.2649,70.1
2017-12-06,67.8562,69.2
2017-12-07,69.9531,69.9
2017-12-08,71.4608,69.8
2017-12-09,72.2701,69.5
2017-12-10,74.6356,69.0
2017-12-11,78.1588,68.8
2017-12-12,74.3666,69.4
2017-12-13,74.2642,66.6
2017-12-14,73.6847,71.8
2017-12-15,73.0104,73.6
2017-12-16,72.0483,72.9
2017-12-17,71.1822,73.7
2017-12-18,70.5372,73.6
2017-12-19,70.9938,73.2
2017-12-20,74.4256,69.5
2017-12-21,74.1538,68.6
2017-12-22,71.0576,68.8
2017-12-23,69.0819,69.1
2017-12-24,69.9637,68.1
2017-12-25,71.7679,68.3
2017-12-26,69.974,66.8
2017-12-27,70.4904,67.2
2017-12-28,69.8289,68.3
2017-12-29,70.0026,67.2
2017-12-30,69.2229,67.0
2017-12-31,71.4665,67.1
2018-01-01,65.8757,67.6
2018-01-02,68.4725,68.0
2018-01-03,67.569,68.5
2018-01-04,69.1759,68.1
2018-01-05,69.6399,68.5
2018-01-06,69.515,68.6
2018-01-07,69.7885,68.5
2018-01-08,69.833,68.2
2018-01-09,68.5509,67.9
2018-01-10,69.0788,68.8
2018-01-11,70.419,68.6
2018-01-12,69.953,68.8
2018-01-13,72.7003,68.5
2018-01-14,75.6487,67.4
2018-01-15,73.1772,66.1
2018-01-16,73.1638,67.9
2018-01-17,68.1521,68.3
2018-01-18,71.5592,67.7
2018-01-19,73.222,68.2
2018-01-20,71.8037,67.7
2018-01-21,69.9075,66.7
2018-01-22,69.5034,66.4
2018-01-23,69.845,66.2
2018-01-24,71.3111,66.9
2018-01-25,73.4419,67.2
2018-01-26,70.0552,67.0
2018-01-27,68.4719,66.8
2018-01-28,66.437,67.3
2018-01-29,66.6382,71.0
2018-01-30,68.3087,72.0
2018-01-31,70.3742,74.8
2018-02-01,68.2491,74.6
2018-02-02,69.4577,75.5
2018-02-03,69.4836,76.1
2018-02-04,74.9231,76.2
2018-02-05,70.8903,76.2
2018-02-06,73.886,76.6
2018-02-07,75.2478,74.1
2018-02-08,71.4748,73.4
2018-02-09,72.4139,70.8
2018-02-10,73.449,69.8
2018-02-11,73.4551,67.4
2018-02-12,73.0922,68.7
2018-02-13,70.389,67.5
2018-02-14,69.546,68.9
2018-02-15,67.5058,66.1
2018-02-16,62.496,68.2
2018-02-17,62.631,68.5
2018-02-18,63.3364,68.6
2018-02-19,64.7809,67.8
2018-02-20,66.0946,70.6
2018-02-21,64.9174,68.7
2018-02-22,69.4123,68.6
2018-02-23,71.6848,66.0
2018-02-24,70.0689,66.6
2018-02-25,69.0399,66.7
2018-02-26,72.3907,66.4
2018-02-27,74.7585,66.5
2018-02-28,75.4405,66.5
2018-03-01,72.0038,66.8
2018-03-02,70.9505,65.6
2018-03-03,68.811,66.6
2018-03-04,69.4647,66.8
2018-03-05,67.6776,66.9
2018-03-06,67.3082,67.3
2018-03-07,67.9284,67.7
2018-03-08,69.6786,66.9
2018-03-09,71.847,68.3
2018-03-10,72.8096,67.9
2018-03-11,69.1765,69.0
2018-03-12,68.1882,68.5
2018-03-13,68.7506,69.7
2018-03-14,68.3836,68.2
2018-03-15,68.0276,68.8
2018-03-16,65.5269,68.0
2018-03-17,68.5875,67.7
2018-03-18,67.6964,67.2
2018-03-19,67.4671,68.0
2018-03-20,68.1441,67.5
2018-03-21,68.0129,68.0
2018-03-22,70.7,68.3
2018-03-23,72.6549,68.8
2018-03-24,73.3284,68.6
2018-03-25,71.3762,68.9
2018-03-26,73.1331,68.9
2018-03-27,73.4474,68.4
2018-03-28,70.9098,67.8
2018-03-29,70.4639,68.6
2018-03-30,74.1264,66.4
2018-03-31,74.513,67.4
2018-04-01,73.0722,67.0
2018-04-02,66.4248,68.1
2018-04-03,66.2359,68.9
2018-04-04,63.7196,68.8
2018-04-05,64.355,68.6
2018-04-06,69.0672,70.4
2018-04-07,72.9518,70.1
2018-04-08,69.9021,69.9
2018-04-09,69.5917,71.0
2018-04-10,72.8657,69.7
2018-04-11,68.6592,69.8
2018-04-12,72.8694,71.4
2018-04-13,73.4954,71.4
2018-04-14,74.2639,73.7
2018-04-15,73.7574,77.5
2018-04-16,73.3139,76.5
2018-04-17,72.0477,74.7
2018-04-18,69.2592,73.7
2018-04-19,73.8996,71.6
2018-04-20,72.4133,70.3
2018-04-21,77.2168,69.6
2018-04-22,74.1719,71.1
2018-04-23,69.4724,72.2
2018-04-24,73.8508,71.3
2018-04-25,72.6666,69.5
2018-04-26,72.6826,68.1
2018-04-27,68.9527,67.6
2018-04-28,68.9103,68.9
2018-04-29,69.8512,68.7
2018-04-30,71.5974,68.4
2018-05-01,69.0212,70.9
2018-05-02,67.4287,70.9
2018-05-03,69.6173,70.9
2018-05-04,72.2569,71.0
2018-05-05,72.6446,71.7
2018-05-06,73.6627,71.2
2018-05-07,75.6655,72.4
2018-05-08,76.0534,71.8
2018-05-09,76.1518,71.9
2018-05-10,75.907,71.5
2018-05-11,74.2419,70.5
2018-05-12,73.7411,71.1
2018-05-13,73.0849,71.9
2018-05-14,70.4128,70.4
2018-05-15,68.7952,71.3
2018-05-16,71.0994,72.6
2018-05-17,69.4217,75.0
2018-05-18,68.7523,75.6
2018-05-19,71.0607,77.7
2018-05-20,69.686,74.9
2018-05-21,73.8435,76.6
2018-05-22,74.8503,78.9
2018-05-23,73.2087,77.0
2018-05-24,74.1677,77.3
2018-05-25,76.1791,78.9
2018-05-26,70.9138,76.9
2018-05-27,71.7514,76.5
2018-05-28,68.3511,75.7
2018-05-29,72.2864,72.6
2018-05-30,74.6047,73.4
2018-05-31,76.8684,73.2
2018-06-01,76.1129,71.3
2018-06-02,76.2751,70.2
2018-06-03,75.4583,68.8
2018-06-04,69.9596,72.4
2018-06-05,73.3158,72.0
2018-06-06,74.1329,72.5
2018-06-07,74.8168,73.0
2018-06-08,74.2844,74.7
2018-06-09,71.3921,72.8
2018-06-10,70.9705,72.7
2018-06-11,71.0752,74.6
2018-06-12,75.553,76.1
2018-06-13,76.5295,79.0
2018-06-14,76.6852,84.7
2018-06-15,75.5906,84.2
2018-06-16,72.5336,83.0
2018-06-17,74.183,79.7
2018-06-18,77.6343,77.0
2018-06-19,78.3957,75.2
2018-06-20,79.932,73.4
2018-06-21,78.9869,72.4
2018-06-22,77.0539,71.9
2018-06-23,68.9469,70.9
2018-06-24,66.0074,71.1
2018-06-25,66.9746,70.4
2018-06-26,68.2698,68.8
2018-06-27,69.7759,70.5
2018-06-28,67.8329,70.2
2018-06-29,68.72,70.4
2018-06-30,70.4344,72.9
2018-07-01,74.7693,74.4
2018-07-02,78.8278,74.0
2018-07-03,83.5458,75.4
2018-07-04,80.8053,74.5
2018-07-05,82.1543,75.8
2018-07-06,82.5404,74.6
2018-07-07,84.8429,74.9
2018-07-08,80.9526,74.7
2018-07-09,78.1003,74.1
2018-07-10,79.5147,74.3
2018-07-11,77.9405,73.5
2018-07-12,76.6312,73.6
2018-07-13,81.2302,72.8
2018-07-14,76.9234,72.7
2018-07-15,79.4492,72.2
2018-07-16,78.3605,70.4
2018-07-17,78.0946,69.1
2018-07-18,78.1482,69.0
2018-07-19,73.234,67.9
2018-07-20,75.9685,68.3
2018-07-21,75.7111,68.6
2018-07-22,75.3387,70.0
2018-07-23,75.7457,70.0
2018-07-24,76.4258,70.4
2018-07-25,70.6931,71.0
2018-07-26,69.1758,72.3
2018-07-27,70.2267,72.0
2018-07-28,73.4819,72.3
2018-07-29,70.2776,72.5
2018-07-30,69.7608,71.2
2018-07-31,69.7715,71.1
2018-08-01,71.7301,71.5
2018-08-02,72.5507,71.6
2018-08-03,71.6447,72.2
2018-08-04,71.2936,71.4
2018-08-05,72.4731,69.3
2018-08-06,73.9658,69.9
2018-08-07,76.3212,69.6
2018-08-08,77.2884,70.5
2018-08-09,77.4941,70.6
2018-08-10,73.2562,70.0
2018-08-11,75.2977,69.0
2018-08-12,77.002,68.9
2018-08-13,77.6458,68.4
2018-08-14,79.8341,69.6
2018-08-15,78.4501,69.4
2018-08-16,76.0691,68.4
2018-08-17,73.3365,71.1
2018-08-18,70.8404,74.0
2018-08-19,73.73,73.1
2018-08-20,70.8728,72.6
2018-08-21,71.3544,71.0
2018-08-22,70.6795,71.2
2018-08-23,70.8502,71.8
2018-08-24,72.5985,69.6
2018-08-25,69.588,68.8
2018-08-26,69.3612,69.5
2018-08-27,68.0638,68.9
2018-08-28,69.903,69.3
2018-08-29,69.4785,68.6
2018-08-30,68.085,68.6
2018-08-31,67.6025,68.4
2018-09-01,69.1294,68.6
2018-09-02,69.8979,69.7
2018-09-03,70.7725,69.4
2018-09-04,70.7264,69.9
2018-09-05,69.2535,70.3
2018-09-06,70.2039,70.6
2018-09-07,71.8622,70.5
2018-09-08,75.2955,69.8
2018-09-09,70.1779,69.2
2018-09-10,73.7935,69.8
2018-09-11,74.6278,68.5
2018-09-12,77.4318,68.8
2018-09-13,76.1529,68.5
2018-09-14,71.4911,67.2
2018-09-15,70.539,67.4
2018-09-16,70.7235,68.4
2018-09-17,72.3463,68.9
2018-09-18,68.7905,69.0
2018-09-19,68.0297,68.0
2018-09-20,66.8792,69.3
2018-09-21,66.9009,67.4
2018-09-22,67.7728,69.4
2018-09-23,68.5363,68.9
2018-09-24,69.0436,68.5
2018-09-25,68.7729,70.3
2018-09-26,69.7473,67.1
2018-09-27,68.764,68.4
2018-09-28,69.9555,67.2
2018-09-29,69.7678,68.7
2018-09-30,69.8299,68.6
2018-10-01,72.4289,69.4
2018-10-02,70.6019,68.7
2018-10-03,71.4425,69.3
2018-10-04,66.7304,69.6
2018-10-05,66.7513,70.6
2018-10-06,68.1272,71.3
2018-10-07,69.2419,72.1
2018-10-08,69.1131,71.1
2018-10-09,69.4593,69.6
2018-10-10,68.5231,69.3
2018-10-11,71.2648,69.6
2018-10-12,71.0853,69.0
2018-10-13,78.9367,69.0
2018-10-14,74.7923,69.8
2018-10-15,74.3506,70.4
2018-10-16,71.2575,70.2
2018-10-17,74.0739,70.9
2018-10-18,69.3951,68.9
2018-10-19,68.7623,68.6
2018-10-20,69.2482,68.3
2018-10-21,71.4936,68.5
2018-10-22,69.7477,67.4
2018-10-23,70.055,67.9
2018-10-24,69.1416,66.1
2018-10-25,68.8082,67.1
2018-10-26,67.5038,65.8
2018-10-27,68.4751,66.5
2018-10-28,67.9388,66.3
2018-10-29,70.1113,65.5
2018-10-30,68.7467,67.2
2018-10-31,69.3739,67.6
2018-11-01,68.4927,67.5
2018-11-02,68.5728,68.2
2018-11-03,68.69,67.6
2018-11-04,66.8697,67.6
2018-11-05,68.1619,68.0
2018-11-06,67.6885,66.8
2018-11-07,68.1708,65.6
2018-11-08,71.2069,66.5
2018-11-09,72.2814,66.9
2018-11-10,70.9957,69.5
2018-11-11,68.8121,71.7
2018-11-12,69.0662,70.6
2018-11-13,65.7936,69.5
2018-11-14,65.0738,68.8
2018-11-15,63.0679,67.1
2018-11-16,67.3768,67.5
2018-11-17,70.2125,67.5
2018-11-18,68.2916,68.2
2018-11-19,62.3837,67.8
2018-11-20,62.0228,66.8
2018-11-21,63.1663,66.6
2018-11-22,65.4602,65.7
2018-11-23,67.2107,66.0
2018-11-24,63.8419,66.1
2018-11-25,68.6655,67.4
2018-11-26,71.2669,67.0
2018-11-27,70.9906,66.4
2018-11-28,69.3153,66.8
2018-11-29,71.1228,68.8
2018-11-30,71.3142,67.7
2018-12-01,72.2444,68.1
2018-12-02,72.0356,68.4
2018-12-03,70.3242,69.5
2018-12-04,66.8395,68.8
2018-12-05,69.8701,68.9
2018-12-06,69.598,68.6
2018-12-07,68.8344,68.0
2018-12-08,68.0976,68.6
2018-12-09,67.3354,68.9
2018-12-10,63.2933,67.6
2018-12-11,66.7742,67.9
2018-12-12,67.7238,68.1
2018-12-13,68.6609,68.0
2018-12-14,72.7166,67.6
2018-12-15,68.5134,68.8
2018-12-16,67.4576,68.7
2018-12-17,69.079,68.0
2018-12-18,67.6254,67.2
2018-12-19,71.4426,67.3
2018-12-20,70.9177,66.5
2018-12-21,70.7145,66.2
2018-12-22,69.9021,67.0
2018-12-23,69.7734,66.7
2018-12-24,69.6307,67.1
2018-12-25,69.0722,67.0
2018-12-26,71.2078,69.5
2018-12-27,69.2779,72.7
2018-12-28,71.203,70.2
2018-12-29,69.4035,69.1
2018-12-30,68.9699,68.8
2018-12-31,68.4328,69.6
2019-01-01,70.8931,69.1
2019-01-02,70.7835,69.0
2019-01-03,67.3358,69.2
2019-01-04,62.4301,67.8
2019-01-05,62.478,65.9
2019-01-06,64.0957,67.3
2019-01-07,66.1839,66.6
2019-01-08,67.7758,67.8
2019-01-09,68.9581,67.3
2019-01-10,68.7207,67.5
2019-01-11,67.6817,66.4
2019-01-12,68.3991,66.6
2019-01-13,68.0258,67.4
2019-01-14,68.6623,67.0
2019-01-15,65.5166,67.7
2019-01-16,66.5958,68.5
2019-01-17,67.1506,69.3
2019-01-18,68.4861,70.2
2019-01-19,69.021,72.7
2019-01-20,68.7136,74.3
2019-01-21,68.9868,72.8
2019-01-22,70.3331,73.5
2019-01-23,70.8804,70.9
2019-01-24,68.0397,71.4
2019-01-25,71.0384,70.0
2019-01-26,71.9617,70.0
2019-01-27,70.3146,68.8
2019-01-28,69.732,69.1
2019-01-29,66.6316,68.7
2019-01-30,68.0425,68.7
2019-01-31,64.4615,69.3
2019-02-01,65.1294,68.3
2019-02-02,66.0744,69.8
2019-02-03,65.7912,68.4
2019-02-04,66.222,68.1
2019-02-05,67.367,68.0
2019-02-06,70.64,68.4
2019-02-07,72.243,68.6
2019-02-08,72.842,69.7
2019-02-09,70.4913,69.2
2019-02-10,73.4021,69.0
2019-02-11,72.4476,68.4
2019-02-12,71.3348,68.3
2019-02-13,70.8524,68.6
2019-02-14,70.5385,69.4
2019-02-15,70.3516,69.2
2019-02-16,69.4478,69.7
2019-02-17,68.7987,69.2
2019-02-18,70.5252,69.0
2019-02-19,71.6479,68.9
2019-02-20,70.2861,69.2
2019-02-21,72.0393,69.4
2019-02-22,69.5274,68.8
2019-02-23,66.2138,68.7
2019-02-24,66.4585,68.2
2019-02-25,67.1176,68.3
2019-02-26,67.7646,69.7
2019-02-27,68.1139,70.8
2019-02-28,65.9844,71.3
2019-03-01,66.2703,69.9
2019-03-02,65.4748,70.7
2019-03-03,66.0736,69.7
2019-03-04,68.0451,70.1
2019-03-05,66.4232,69.5
2019-03-06,70.9391,69.8
2019-03-07,71.3256,70.0
2019-03-08,72.7816,69.3
2019-03-09,71.6958,68.9
2019-03-10,71.2888,68.8
2019-03-11,70.1319,68.6
2019-03-12,69.5967,69.3
2019-03-13,66.3508,69.1
2019-03-14,70.6923,76.2
2019-03-15,68.1263,79.4
2019-03-16,67.3534,81.8
2019-03-17,67.9288,78.9
2019-03-18,70.0078,75.0
2019-03-19,67.8304,70.8
2019-03-20,74.5215,68.7
2019-03-21,77.7959,68.6
2019-03-22,77.8749,68.1
2019-03-23,73.6543,68.6
2019-03-24,74.1273,69.2
2019-03-25,71.2498,69.4
2019-03-26,67.1558,69.2
2019-03-27,69.7794,70.8
2019-03-28,68.3026,70.6
2019-03-29,68.6657,70.3
2019-03-30,72.1966,71.8
2019-03-31,80.0874,73.7
2019-04-01,81.2135,76.6
2019-04-02,82.8768,78.8
2019-04-03,86.2429,79.3
2019-04-04,83.6187,78.4
2019-04-05,78.9926,78.9
2019-04-06,78.323,77.7
2019-04-07,81.8868,78.3
2019-04-08,79.5244,75.9
2019-04-09,74.058,75.9
2019-04-10,74.9688,74.7
2019-04-11,74.6731,76.7
2019-04-12,68.4309,75.2
2019-04-13,72.5895,73.3
2019-04-14,70.3594,70.6
2019-04-15,68.1384,69.9
2019-04-16,68.0773,70.2
2019-04-17,69.6196,69.6
2019-04-18,68.9445,70.1
2019-04-19,70.262,68.4
2019-04-20,66.7243,68.0
2019-04-21,66.8102,67.8
2019-04-22,68.7832,68.8
2019-04-23,67.7095,67.9
2019-04-24,68.6666,69.5
2019-04-25,69.2258,68.7
2019-04-26,69.216,70.3
2019-04-27,68.0981,70.9
2019-04-28,71.6136,73.5
2019-04-29,73.5703,74.7
2019-04-30,76.3268,77.3
2019-05-01,77.5168,80.1
2019-05-02,78.7954,76.8
2019-05-03,81.4065,77.7
2019-05-04,83.3391,77.8
2019-05-05,83.1839,79.5
2019-05-06,83.6404,77.6
2019-05-07,80.9862,76.2
2019-05-08,79.4952,76.0
2019-05-09,79.4742,75.6
2019-05-10,74.8822,75.3
2019-05-11,72.0859,73.8
2019-05-12,69.8901,72.2
2019-05-13,69.496,69.6
2019-05-14,66.2795,70.4
2019-05-15,64.7151,69.7
2019-05-16,65.2909,69.0
2019-05-17,67.1856,68.2
2019-05-18,67.5014,68.1
2019-05-19,65.91,68.7
2019-05-20,66.1856,69.8
2019-05-21,66.4833,69.3
2019-05-22,67.1152,70.0
2019-05-23,67.7038,70.1
2019-05-24,68.5764,70.6
2019-05-25,66.9821,70.6
2019-05-26,69.0472,71.7
2019-05-27,72.1432,71.9
2019-05-28,72.6079,71.8
2019-05-29,75.6749,72.1
2019-05-30,75.0416,71.8
2019-05-31,74.0157,70.9
2019-06-01,73.8093,71.0
2019-06-02,73.2142,70.5
2019-06-03,70.5436,70.5
2019-06-04,71.1215,71.0
2019-06-05,71.5001,71.9
2019-06-06,71.1085,71.6
2019-06-07,70.9413,69.6
2019-06-08,68.8174,70.1
2019-06-09,68.8033,68.8
2019-06-10,69.8635,68.0
2019-06-11,70.7354,68.5
2019-06-12,70.9577,69.2
2019-06-13,70.4591,70.2
2019-06-14,70.9363,69.9
2019-06-15,71.0178,68.6
2019-06-16,69.8708,68.6
2019-06-17,70.1,69.5
2019-06-18,68.9074,70.2
2019-06-19,69.826,70.2
2019-06-20,70.3647,70.3
2019-06-21,69.9599,69.3
2019-06-22,69.9096,70.4
2019-06-23,70.3341,69.9
2019-06-24,71.5962,69.7
2019-06-25,68.1702,70.5
2019-06-26,69.7546,69.5
2019-06-27,68.7757,69.1
2019-06-28,69.7851,69.9
2019-06-29,73.1358,69.0
2019-06-30,73.7899,68.8
2019-07-01,74.2637,69.6
2019-07-02,70.9174,68.7
2019-07-03,73.4378,69.7
2019-07-04,76.1958,70.1
2019-07-05,72.2078,69.4
2019-07-06,72.0704,69.0
2019-07-07,75.6914,68.2
2019-07-08,74.5874,69.4
2019-07-09,71.6431,69.3
2019-07-10,70.7317,69.5
2019-07-11,69.7912,70.0
2019-07-12,68.5266,69.2
2019-07-13,70.5605,68.9
2019-07-14,70.0908,69.1
2019-07-15,69.9392,69.8
2019-07-16,72.6125,69.5
2019-07-17,71.3348,69.6
2019-07-18,70.704,70.0
2019-07-19,70.5195,70.3
2019-07-20,68.593,69.8
2019-07-21,71.3337,68.7
2019-07-22,72.9512,69.2
2019-07-23,72.0238,68.2
2019-07-24,74.6977,68.3
2019-07-25,72.7845,68.9
2019-07-26,75.8803,68.8
2019-07-27,71.649,68.9
2019-07-28,72.7513,67.7
2019-07-29,73.6259,68.8
2019-07-30,71.3552,70.1
2019-07-31,70.7568,70.1
2019-08-01,70.1412,69.9
2019-08-02,69.5874,70.6
2019-08-03,68.2294,69.1
2019-08-04,68.2642,69.1
2019-08-05,65.8317,69.5
2019-08-06,66.8644,69.0
2019-08-07,70.3478,68.6
2019-08-08,69.9374,69.1
2019-08-09,69.4545,69.4
2019-08-10,69.6793,69.2
2019-08-11,70.1156,69.7
2019-08-12,69.7846,69.2
2019-08-13,67.3269,69.3
2019-08-14,69.6269,68.9
2019-08-15,68.992,68.4
2019-08-16,69.5518,67.3
2019-08-17,70.4126,68.0
2019-08-18,70.3788,67.8
2019-08-19,69.7166,67.4
2019-08-20,69.8567,67.2
2019-08-21,69.8499,67.5
2019-08-22,67.3004,67.2
2019-08-23,68.0257,67.2
2019-08-24,68.4863,67.8
2019-08-25,68.1745,67.7
2019-08-26,68.0648,68.3
2019-08-27,67.7838,70.0
2019-08-28,67.6887,69.8
2019-08-29,68.0656,69.8
2019-08-30,69.4344,69.4
2019-08-31,68.3326,70.0
2019-09-01,70.6592,75.0
2019-09-02,72.2787,68.5
2019-09-03,73.0337,69.8
2019-09-04,70.6814,70.9
2019-09-05,69.7707,69.0
2019-09-06,68.8988,70.3
2019-09-07,73.0307,69.1
2019-09-08,68.8155,69.4
2019-09-09,68.8772,68.4
2019-09-10,69.656,69.4
2019-09-11,68.8551,68.8
2019-09-12,69.5323,66.9
2019-09-13,68.8209,67.7
2019-09-14,66.3023,67.7
2019-09-15,68.2024,68.2
2019-09-16,68.9328,68.8
2019-09-17,70.8043,66.6
2019-09-18,69.0643,67.5
2019-09-19,69.3693,67.9
2019-09-20,69.3394,67.4
2019-09-21,69.4146,66.8
2019-09-22,67.2214,67.5
2019-09-23,66.4811,67.7
2019-09-24,67.505,68.1
2019-09-25,68.1962,68.8
2019-09-26,67.66,68.4
2019-09-27,67.671,68.3
2019-09-28,68.3867,68.1
2019-09-29,68.6194,67.8
2019-09-30,68.413,67.3
2019-10-01,70.6919,67.6
2019-10-02,71.8373,67.0
2019-10-03,71.1623,67.9
2019-10-04,72.1144,67.3
2019-10-05,69.2083,68.3
2019-10-06,68.5813,68.0
2019-10-07,69.8935,66.9
2019-10-08,68.8307,65.8
2019-10-09,67.8153,66.9
2019-10-10,69.7736,65.9
2019-10-11,69.384,65.6
2019-10-12,69.223,65.6
2019-10-13,68.233,65.5
2019-10-14,67.3312,64.4
2019-10-15,67.6158,63.4
2019-10-16,67.0885,64.9
2019-10-17,66.5275,63.9
2019-10-18,66.6999,64.3
2019-10-19,66.7092,67.9
2019-10-20,65.8828,67.8
2019-10-21,64.9146,68.0
2019-10-22,65.9262,68.5
2019-10-23,65.1549,68.2
2019-10-24,65.586,68.8
2019-10-25,67.9272,70.2
2019-10-26,68.1871,69.6
2019-10-27,68.2434,69.6
2019-10-28,65.4778,68.3
2019-10-29,66.4742,69.6
2019-10-30,67.8365,69.2
2019-10-31,69.2988,68.1
2019-11-01,70.3253,68.5
2019-11-02,68.4315,68.9
2019-11-03,68.7094,68.3
2019-11-04,71.3809,69.4
2019-11-05,69.0035,68.1
2019-11-06,68.0881,69.3
2019-11-07,68.804,69.6
2019-11-08,69.3551,68.4
2019-11-09,69.0676,68.5
2019-11-10,69.2526,68.2
2019-11-11,65.8943,68.5
2019-11-12,66.5659,68.8
2019-11-13,69.2552,67.6
2019-11-14,68.1251,68.5
2019-11-15,68.918,69.1
2019-11-16,69.557,67.9
2019-11-17,70.1609,68.5
2019-11-18,70.4724,68.8
2019-11-19,69.6629,67.7
2019-11-20,69.8975,68.6
2019-11-21,70.0924,69.6
2019-11-22,69.2305,68.3
2019-11-23,69.3556,67.9
2019-11-24,69.4745,68.5
2019-11-25,68.4387,69.2
2019-11-26,68.6492,68.4
2019-11-27,69.2114,67.9
2019-11-28,68.5445,67.6
2019-11-29,68.2392,68.6
2019-11-30,69.3605,68.3
2019-12-01,67.7516,68.2
2019-12-02,67.4231,69.4
2019-12-03,66.8988,68.6
2019-12-04,67.3224,68.4
2019-12-05,68.6191,68.6
2019-12-06,69.0399,68.3
2019-12-07,69.1237,66.8
2019-12-08,69.699,68.1
2019-12-09,69.053,68.8
2019-12-10,68.5644,67.7
2019-12-11,67.791,68.2
2019-12-12,67.8221,68.0
2019-12-13,67.6752,67.7
2019-12-14,68.3356,67.7
2019-12-15,68.9959,68.4
2019-12-16,68.3991,68.7
2019-12-17,66.0685,70.2
2019-12-18,67.2356,70.3
2019-12-19,69.6447,69.8
2019-12-20,69.0499,69.7
2019-12-21,68.3693,70.1
2019-12-22,69.6109,69.8
2019-12-23,70.0303,69.6
2019-12-24,73.259,68.6
2019-12-25,72.431,68.2
2019-12-26,70.6194,69.4
2019-12-27,71.7126,69.5
2019-12-28,72.5759,68.9
2019-12-29,70.3387,69.8
2019-12-30,69.9576,69.4
2019-12-31,69.0872,68.1
2020-01-01,70.2784,69.3
2020-01-02,71.3324,71.2
2020-01-03,71.0784,71.9
2020-01-04,71.2048,70.4
2020-01-05,70.8421,71.0
2020-01-06,68.6284,69.5
2020-01-07,68.3406,69.1
2020-01-08,69.504,69.5
2020-01-09,67.8712,68.9
2020-01-10,70.5934,69.4
2020-01-11,68.7223,67.9
2020-01-12,69.4293,69.0
2020-01-13,67.8266,69.5
2020-01-14,68.6208,69.0
2020-01-15,68.8183,68.3
2020-01-16,69.2847,69.6
2020-01-17,68.4123,68.6
2020-01-18,68.9004,68.8
2020-01-19,69.2266,70.4
2020-01-20,65.3414,72.4
2020-01-21,66.9501,70.7
2020-01-22,69.6297,72.0
2020-01-23,70.4229,72.0
2020-01-24,71.8557,71.9
2020-01-25,72.1234,71.7
2020-01-26,71.5576,70.4
2020-01-27,70.3964,70.2
2020-01-28,70.8811,70.0
2020-01-29,69.557,68.3
2020-01-30,70.4049,68.6
2020-01-31,71.6067,69.3
2020-02-01,70.5924,68.9
2020-02-02,69.6278,70.0
2020-02-03,68.1875,68.8
2020-02-04,69.513,68.3
2020-02-05,67.9409,69.3
2020-02-06,68.8817,69.8
2020-02-07,70.5669,69.4
2020-02-08,70.9702,69.5
2020-02-09,70.4996,68.8
2020-02-10,70.0198,68.8
2020-02-11,71.1499,69.0
2020-02-12,71.6497,69.4
2020-02-13,71.3278,69.4
2020-02-14,70.1774,69.2
2020-02-15,69.1945,69.6
2020-02-16,68.484,70.7
2020-02-17,68.739,68.8
2020-02-18,69.0803,68.7
2020-02-19,69.0675,69.1
2020-02-20,65.4128,68.7
2020-02-21,66.853,69.6
2020-02-22,68.2014,69.3
2020-02-23,69.3395,68.8
2020-02-24,71.5534,68.1
2020-02-25,70.641,68.1
2020-02-26,70.3481,68.8
2020-02-27,70.8242,68.7
2020-02-28,70.4842,68.3
2020-02-29,69.7599,68.9
2020-03-01,68.8048,68.8
2020-03-02,68.3059,69.2
2020-03-03,68.4237,69.8
2020-03-04,65.4166,69.8
2020-03-05,66.4144,69.6
2020-03-06,67.932,69.1
2020-03-07,69.8103,67.9
2020-03-08,70.8574,67.4
2020-03-09,70.4579,69.5
2020-03-10,68.9993,69.1
2020-03-11,69.3109,70.9
2020-03-12,68.4031,71.4
2020-03-13,68.3261,71.5
2020-03-14,68.6905,71.1
2020-03-15,69.3208,70.3
2020-03-16,69.036,69.8
2020-03-17,70.7954,69.9
2020-03-18,72.7512,70.8
2020-03-19,69.2746,70.9
2020-03-20,69.6071,69.9
2020-03-21,68.7987,69.2
2020-03-22,69.0884,69.0
2020-03-23,69.6916,68.6
2020-03-24,69.29,69.1
2020-03-25,68.5568,69.8
2020-03-26,72.1387,69.2
2020-03-27,73.2841,69.7
2020-03-28,70.7601,70.0
2020-03-29,69.5023,70.2
2020-03-30,72.625,71.3
2020-03-31,73.2837,70.1
2020-04-01,74.1311,70.1
2020-04-02,69.3046,70.7
2020-04-03,71.6806,70.6
2020-04-04,73.4436,69.5
2020-04-05,70.74,70.9
2020-04-06,69.885,71.1
2020-04-07,71.565,70.7
2020-04-08,72.9544,69.4
2020-04-09,71.3815,68.9
2020-04-10,74.0206,69.0
2020-04-11,75.6833,68.4
2020-04-12,72.0253,70.4
2020-04-13,72.7135,69.2
2020-04-14,69.9306,68.9
2020-04-15,69.1217,69.8
2020-04-16,68.88,71.4
2020-04-17,67.9617,69.5
2020-04-18,71.9415,70.5
2020-04-19,69.0715,69.8
2020-04-20,68.7061,70.1
2020-04-21,69.2859,69.9
2020-04-22,69.5062,69.9
2020-04-23,71.2649,71.0
2020-04-24,73.4658,70.9
2020-04-25,73.3404,71.3
2020-04-26,73.5261,70.3
2020-04-27,72.0374,69.8
2020-04-28,72.9928,70.5
2020-04-29,72.1656,70.5
2020-04-30,70.8446,71.1
2020-05-01,70.2461,70.0
2020-05-02,69.1657,69.2
2020-05-03,68.9394,72.4
2020-05-04,69.3807,69.3
2020-05-05,68.364,67.5
2020-05-06,69.4974,70.3
2020-05-07,70.548,70.2
2020-05-08,69.9592,68.7
2020-05-09,71.8883,69.4
2020-05-10,69.5395,71.0
2020-05-11,67.8406,71.2
2020-05-12,70.4138,71.8
2020-05-13,72.4341,70.3
2020-05-14,71.4138,71.3
2020-05-15,70.6133,71.9
2020-05-16,73.5866,72.6
2020-05-17,75.4828,70.9
2020-05-18,73.7581,70.6
2020-05-19,72.2578,72.1
2020-05-20,72.2391,71.6
2020-05-21,72.0805,70.0
2020-05-22,71.9388,69.3
2020-05-23,70.424,71.6
2020-05-24,67.997,71.9
2020-05-25,71.0162,72.8
2020-05-26,70.0112,71.2
2020-05-27,71.1814,72.4
2020-05-28,69.9736,72.0
2020-05-29,69.874,72.1
2020-05-30,70.4675,73.2
2020-05-31,72.6669,73.8
2020-06-01,73.2883,73.8
2020-06-02,71.3522,73.2
2020-06-03,74.3671,74.6
2020-06-04,67.9609,73.2
2020-06-05,71.4887,73.7
2020-06-06,74.5843,72.7
2020-06-07,72.725,71.6
2020-06-08,72.0487,72.4
2020-06-09,72.6936,72.7
2020-06-10,71.9079,71.5
2020-06-11,68.8509,71.0
2020-06-12,68.7047,70.2
2020-06-13,67.5768,71.1
2020-06-14,68.0272,70.0
2020-06-15,71.9679,69.9
2020-06-16,72.68,69.9
2020-06-17,73.6288,69.3
2020-06-18,73.9589,69.1
2020-06-19,71.2582,71.2
2020-06-20,70.7718,70.0
2020-06-21,71.0754,71.2
2020-06-22,69.9982,71.5
2020-06-23,69.975,71.0
2020-06-24,68.8859,70.4
2020-06-25,73.8258,71.2
2020-06-26,74.3177,70.3
2020-06-27,75.3759,71.6
2020-06-28,73.6226,71.8
2020-06-29,71.7705,71.8
2020-06-30,68.992,70.8
2020-07-01,71.4798,70.0
2020-07-02,69.9998,69.4
2020-07-03,70.0166,71.0
2020-07-04,69.9962,71.1
2020-07-05,70.027,71.0
2020-07-06,71.4107,69.8
2020-07-07,74.495,70.5
2020-07-08,69.9366,71.2
2020-07-09,72.8545,70.6
2020-07-10,70.9912,70.9
2020-07-11,72.599,71.3
2020-07-12,73.2519,70.0
2020-07-13,71.6587,71.1
2020-07-14,72.9304,71.6
2020-07-15,75.1159,72.1
2020-07-16,76.1628,72.2
2020-07-17,76.8967,72.5
2020-07-18,76.5865,71.7
2020-07-19,77.3948,72.6
2020-07-20,77.8848,73.6
2020-07-21,77.4606,73.7
2020-07-22,77.1833,74.1
2020-07-23,77.8834,74.9
2020-07-24,79.386,75.6
2020-07-25,76.1488,74.4
2020-07-26,75.6371,74.1
2020-07-27,74.6995,74.9
2020-07-28,76.2442,74.8
2020-07-29,72.8226,75.1
2020-07-30,72.6148,75.6
2020-07-31,69.8402,75.1
2020-08-01,69.6619,76.0
2020-08-02,68.7919,76.8
2020-08-03,72.2665,76.0
2020-08-04,74.6618,76.2
2020-08-05,76.3159,75.4
2020-08-06,74.7333,75.1
2020-08-07,73.9597,74.2
2020-08-08,76.1656,72.6
2020-08-09,76.5541,72.4
2020-08-10,78.8248,72.6
2020-08-11,79.4826,72.5
2020-08-12,80.2381,73.1
2020-08-13,79.061,72.2
2020-08-14,78.5997,71.6
2020-08-15,78.7475,72.6
2020-08-16,79.2314,71.6
2020-08-17,75.5696,72.1
2020-08-18,74.7432,71.8
2020-08-19,76.6928,72.1
2020-08-20,79.5597,71.9
2020-08-21,79.1606,71.4
2020-08-22,75.1616,71.5
2020-08-23,77.0298,71.6
2020-08-24,77.3692,71.4
2020-08-25,74.7209,70.5
2020-08-26,74.5162,70.8
2020-08-27,76.0398,69.5
2020-08-28,73.785,71.2
2020-08-29,73.2636,70.8
2020-08-30,72.2557,70.3
2020-08-31,71.462,70.5
2020-09-01,71.5818,71.3
2020-09-02,71.4928,70.9
2020-09-03,72.8389,70.7
2020-09-04,70.2444,70.2
2020-09-05,70.0706,69.6
2020-09-06,70.4515,70.2
2020-09-07,71.1678,70.6
2020-09-08,70.9438,69.7
2020-09-09,68.9325,69.6
2020-09-10,68.3658,70.2
2020-09-11,71.6224,70.4
2020-09-12,70.5661,70.6
2020-09-13,70.6846,71.2
2020-09-14,73.8937,70.7
2020-09-15,72.5093,71.9
2020-09-16,71.5281,72.9
2020-09-17,70.5737,73.7
2020-09-18,70.9859,74.1
2020-09-19,69.7401,73.8
2020-09-20,70.2985,72.9
2020-09-21,71.8138,74.4
2020-09-22,71.8227,74.1
2020-09-23,74.8949,73.0
2020-09-24,74.9792,73.5
2020-09-25,73.1739,73.0
2020-09-26,72.2822,72.3
2020-09-27,75.1205,71.9
2020-09-28,76.2388,71.2
2020-09-29,74.1077,72.2
2020-09-30,74.17,71.6
2020-10-01,73.8071,70.6
2020-10-02,73.0461,71.5
2020-10-03,72.3292,72.9
2020-10-04,71.5122,73.3
2020-10-05,70.1811,72.6
2020-10-06,73.0377,73.4
2020-10-07,73.3046,72.0
2020-10-08,73.6511,74.1
2020-10-09,71.6838,73.4
2020-10-10,74.1907,74.8
2020-10-11,74.9352,72.5
2020-10-12,75.1446,75.3
2020-10-13,73.6688,74.2
2020-10-14,76.9694,74.0
2020-10-15,77.1091,73.0
2020-10-16,77.7766,74.2
2020-10-17,74.4091,71.0
2020-10-18,72.6556,71.3
2020-10-19,74.2967,73.3
2020-10-20,71.4435,74.1
2020-10-21,72.9495,81.4
2020-10-22,75.2325,86.4
2020-10-23,74.2339,83.5
2020-10-24,76.0042,78.4
2020-10-25,77.7427,75.6
2020-10-26,72.2597,76.1
2020-10-27,77.8006,80.3
2020-10-28,74.487,81.6
2020-10-29,72.6122,86.6
2020-10-30,73.9508,89.1
2020-10-31,73.0342,92.1
2020-11-01,76.3776,88.9
2020-11-02,75.79,88.3
2020-11-03,76.2494,88.3
2020-11-04,85.1685,85.1
2020-11-05,89.6046,86.3
2020-11-06,91.8968,83.3
2020-11-07,85.48,80.7
2020-11-08,84.136,78.5
2020-11-09,82.84,76.9
2020-11-10,74.3192,74.9
2020-11-11,80.0692,77.3
2020-11-12,83.3678,75.5
2020-11-13,77.1176,74.9
2020-11-14,75.6459,79.7
2020-11-15,75.9429,82.9
2020-11-16,76.9824,85.5
2020-11-17,85.065,93.1
2020-11-18,90.38,97.9
2020-11-19,90.8093,101.0
2020-11-20,92.402,103.0
2020-11-21,96.8693,103.5
2020-11-22,102.5882,106.6
2020-11-23,107.2256,113.1
2020-11-24,103.3094,106.4
2020-11-25,98.7499,101.2
2020-11-26,99.0179,101.9
2020-11-27,91.57,99.9
2020-11-28,90.2669,93.0
2020-11-29,94.7465,97.0
2020-11-30,91.8966,88.2
2020-12-01,86.1918,86.8
2020-12-02,86.2081,80.0
2020-12-03,88.3672,79.6
2020-12-04,84.25,79.1
2020-12-05,88.0288,80.8
2020-12-06,84.1609,79.3
2020-12-07,81.936,78.1
2020-12-08,75.4879,80.4
2020-12-09,77.3538,80.3
2020-12-10,79.6356,79.3
2020-12-11,77.8705,79.1
2020-12-12,82.7884,77.9
2020-12-13,86.6187,79.1
2020-12-14,90.5208,81.1
2020-12-15,93.3614,77.0
2020-12-16,94.9603,83.0
2020-12-17,91.6648,83.6
2020-12-18,88.1084,84.5
2020-12-19,86.946,84.9
2020-12-20,89.3375,85.0
2020-12-21,87.1213,84.9
2020-12-22,90.9692,84.3
2020-12-23,93.2373,81.4
2020-12-24,93.2988,80.1
2020-12-25,86.0953,78.5
2020-12-26,85.796,77.7
2020-12-27,85.443,78.8
2020-12-28,83.8208,77.8
2020-12-29,79.3038,75.0
2020-12-30,77.6158,72.6
2020-12-31,71.1516,71.7
2021-01-01,70.2215,72.2
2021-01-02,75.457,72.8
2021-01-03,74.1342,71.8
2021-01-04,73.9327,70.7
2021-01-05,73.4319,70.8
2021-01-06,76.9415,70.4
2021-01-07,75.8246,70.8
2021-01-08,77.9479,71.2
2021-01-09,80.4195,71.0
2021-01-10,80.4704,75.2
2021-01-11,82.1704,74.8
2021-01-12,82.4762,72.9
2021-01-13,79.1549,75.6
2021-01-14,78.17,74.7
2021-01-15,77.9675,75.2
2021-01-16,78.4893,75.8
2021-01-17,80.7572,75.5
2021-01-18,81.4226,75.2
2021-01-19,84.2513,74.8
2021-01-20,83.9239,73.4
2021-01-21,82.5412,74.0
2021-01-22,74.8586,73.4
2021-01-23,75.7955,73.2
2021-01-24,76.4988,71.6
2021-01-25,76.6801,71.2
2021-01-26,71.6441,70.8
2021-01-27,72.1708,70.2
2021-01-28,71.9664,71.3
2021-01-29,71.6432,71.2
2021-01-30,73.9519,71.1
2021-01-31,72.8147,71.0
2021-02-01,73.1269,70.8
2021-02-02,71.8347,71.3
2021-02-03,77.4849,71.0
2021-02-04,73.8592,71.0
2021-02-05,76.928,70.5
2021-02-06,79.9716,71.7
2021-02-07,77.8796,69.6
2021-02-08,78.3839,69.7
2021-02-09,81.1648,68.0
2021-02-10,77.4349,69.1
2021-02-11,75.8248,70.0
2021-02-12,74.9873,70.6
2021-02-13,73.3425,69.9
2021-02-14,72.9792,71.7
2021-02-15,71.5182,70.9
2021-02-16,72.6584,73.2
2021-02-17,73.4958,74.2
2021-02-18,74.8537,77.6
2021-02-19,75.3101,77.1
2021-02-20,71.8258,78.1
2021-02-21,74.3328,76.4
2021-02-22,74.5308,75.7
2021-02-23,75.9294,72.7
2021-02-24,71.9098,73.3
2021-02-25,72.9823,74.4
2021-02-26,75.5593,74.1
2021-02-27,75.7448,73.9
2021-02-28,76.5794,74.4
2021-03-01,75.5955,76.4
2021-03-02,75.4914,78.7
2021-03-03,73.3365,75.4
2021-03-04,73.0899,75.3
2021-03-05,74.4926,74.6
2021-03-06,75.8854,74.7
2021-03-07,76.733,75.0
2021-03-08,80.1336,74.2
2021-03-09,80.7637,73.1
2021-03-10,78.7295,72.9
2021-03-11,80.1495,72.1
2021-03-12,81.3225,72.5
2021-03-13,80.5947,72.5
2021-03-14,77.7261,74.1
2021-03-15,79.7786,74.6
2021-03-16,81.2249,76.0
2021-03-17,79.9482,76.4
2021-03-18,80.2947,75.3
2021-03-19,78.6751,74.8
2021-03-20,79.8241,74.7
2021-03-21,81.5254,74.7
2021-03-22,81.3054,73.6
2021-03-23,74.7126,73.2
2021-03-24,75.6366,74.5
2021-03-25,74.3029,72.4
2021-03-26,73.9308,77.8
2021-03-27,68.5777,71.4
2021-03-28,71.5062,72.2
2021-03-29,72.4803,72.0
2021-03-30,78.0718,71.8
2021-03-31,73.6806,71.3
2021-04-01,76.9502,70.7
2021-04-02,73.3219,70.5
2021-04-03,74.6743,70.8
2021-04-04,72.9904,70.8
2021-04-05,71.9174,72.2
2021-04-06,71.4389,74.5
2021-04-07,71.1484,73.6
2021-04-08,70.4909,74.3
2021-04-09,73.5011,76.0
2021-04-10,75.6079,75.2
2021-04-11,77.0221,75.9
2021-04-12,74.4763,76.4
2021-04-13,75.7611,81.1
2021-04-14,77.189,83.7
2021-04-15,78.5792,77.7
2021-04-16,82.49,78.6
2021-04-17,76.6388,76.1
2021-04-18,79.5739,77.7
2021-04-19,76.0807,78.7
2021-04-20,82.8261,79.2
2021-04-21,77.9975,79.4
2021-04-22,75.93,77.9
2021-04-23,74.4032,78.0
2021-04-24,76.0936,74.0
2021-04-25,78.7282,72.7
2021-04-26,78.0717,73.1
2021-04-27,77.8194,72.8
2021-04-28,78.3718,71.8
2021-04-29,79.112,70.7
2021-04-30,75.8137,72.1
2021-05-01,76.8051,75.9
2021-05-02,74.3996,77.4
2021-05-03,76.3408,77.7
2021-05-04,74.8859,78.0
2021-05-05,73.7714,77.6
2021-05-06,74.2741,76.3
2021-05-07,80.4939,76.3
2021-05-08,75.3984,72.4
2021-05-09,75.8312,74.9
2021-05-10,81.2746,74.9
2021-05-11,80.4172,76.5
2021-05-12,82.6408,78.2
2021-05-13,84.0078,77.7
2021-05-14,78.8355,74.0
2021-05-15,74.7866,75.5
2021-05-16,74.0253,77.5
2021-05-17,73.1677,81.0
2021-05-18,76.3669,74.5
2021-05-19,76.4615,85.7
2021-05-20,69.4655,90.3
2021-05-21,71.3609,85.5
2021-05-22,73.5023,79.5
2021-05-23,77.984,78.1
2021-05-24,74.2137,76.5
2021-05-25,75.3072,84.0
2021-05-26,77.1289,77.3
2021-05-27,76.2389,78.5
2021-05-28,74.1857,77.7
2021-05-29,72.8479,79.4
2021-05-30,72.9903,76.6
2021-05-31,73.4426,79.7
2021-06-01,72.4602,83.2
2021-06-02,75.781,82.3
2021-06-03,77.3284,81.0
2021-06-04,77.3706,75.6
2021-06-05,73.9478,79.7
2021-06-06,76.9833,80.0
2021-06-07,80.9063,80.5
2021-06-08,81.6506,79.3
2021-06-09,80.9199,77.9
2021-06-10,79.6432,79.6
2021-06-11,80.633,87.7
2021-06-12,82.1209,79.5
2021-06-13,84.7957,79.6
2021-06-14,82.4041,78.9
2021-06-15,84.4615,81.7
2021-06-16,85.8695,83.4
2021-06-17,91.8464,82.3
2021-06-18,92.7826,83.3
2021-06-19,90.9067,86.1
2021-06-20,89.5988,85.1
2021-06-21,84.9176,89.9
2021-06-22,79.755,91.6
2021-06-23,77.8976,95.6
2021-06-24,71.47,97.3
2021-06-25,79.0289,97.2
2021-06-26,79.7104,98.1
2021-06-27,80.0362,96.8
2021-06-28,80.4812,94.1
2021-06-29,80.3981,92.4
2021-06-30,87.2979,86.0
2021-07-01,79.2451,78.6
2021-07-02,84.7285,75.9
2021-07-03,82.2391,76.2
2021-07-04,83.9777,76.5
2021-07-05,80.301,76.0
2021-07-06,82.4558,74.0
2021-07-07,80.5913,74.3
2021-07-08,80.3093,74.5
2021-07-09,82.4358,75.9
2021-07-10,82.5374,77.5
2021-07-11,82.6056,80.0
2021-07-12,83.6881,83.0
2021-07-13,83.0849,85.3
2021-07-14,82.3539,89.8
2021-07-15,82.1891,96.5
2021-07-16,83.3135,91.8
2021-07-17,86.9137,90.2
2021-07-18,93.3671,86.5
2021-07-19,94.9651,84.2
2021-07-20,93.9746,83.4
2021-07-21,89.9267,82.1
2021-07-22,84.5167,81.2
2021-07-23,85.2157,78.1
2021-07-24,81.9074,77.8
2021-07-25,81.2452,78.2
2021-07-26,81.8902,77.2
2021-07-27,87.9413,76.8
2021-07-28,81.6576,78.1
2021-07-29,80.4765,72.8
2021-07-30,78.2758,76.5
2021-07-31,79.7966,76.5
2021-08-01,77.4814,75.8
2021-08-02,80.1843,75.5
2021-08-03,82.1463,75.0
2021-08-04,82.5085,75.3
2021-08-05,84.867,75.8
2021-08-06,85.034,75.6
2021-08-07,84.7707,74.8
2021-08-08,79.1739,74.5
2021-08-09,80.3706,76.5
2021-08-10,78.7004,76.3
2021-08-11,79.283,75.0
2021-08-12,80.03,77.1
2021-08-13,83.3497,76.7
2021-08-14,83.5603,79.5
2021-08-15,86.0914,78.9
2021-08-16,85.6468,78.8
2021-08-17,85.387,79.8
2021-08-18,85.215,82.6
2021-08-19,85.8418,85.4
2021-08-20,85.2041,90.5
2021-08-21,87.1277,91.3
2021-08-22,85.5748,91.7
2021-08-23,82.2351,90.5
2021-08-24,88.2024,92.4
2021-08-25,88.5425,86.0
2021-08-26,94.3434,85.7
2021-08-27,89.147,87.3
2021-08-28,88.3841,85.3
2021-08-29,80.3231,88.0
2021-08-30,85.2423,94.9
2021-08-31,84.2945,101.1
2021-09-01,82.6128,102.8
2021-09-02,78.8473,101.9
2021-09-03,76.4039,101.1
2021-09-04,80.7757,97.6
2021-09-05,84.8828,93.0
2021-09-06,87.3878,88.8
2021-09-07,93.1248,84.3
2021-09-08,91.7915,79.0
2021-09-09,91.6156,76.1
2021-09-10,86.9317,74.0
2021-09-11,86.9166,74.1
2021-09-12,86.6701,74.4
2021-09-13,89.6894,75.7
2021-09-14,89.5261,80.7
2021-09-15,92.9408,85.5
2021-09-16,90.4199,89.2
2021-09-17,91.7425,90.2
2021-09-18,87.9454,88.9
2021-09-19,88.6358,88.9
2021-09-20,88.8772,86.7
2021-09-21,94.9217,85.6
2021-09-22,96.3492,89.3
2021-09-23,94.535,102.0
2021-09-24,90.8914,94.8
2021-09-25,90.8238,90.7
2021-09-26,90.6822,87.1
2021-09-27,87.3016,86.1
2021-09-28,88.497,83.5
2021-09-29,94.0878,81.7
2021-09-30,91.8352,84.7
2021-10-01,83.4488,85.6
2021-10-02,83.5184,92.2
2021-10-03,88.092,89.8
2021-10-04,86.8087,84.2
2021-10-05,86.1815,88.2
2021-10-06,84.9575,83.1
2021-10-07,86.8932,83.1
2021-10-08,86.7446,83.6
2021-10-09,88.1725,81.2
2021-10-10,87.4413,79.8
2021-10-11,91.3995,77.1
2021-10-12,85.1664,76.2
2021-10-13,85.316,78.2
2021-10-14,88.0818,77.2
2021-10-15,82.2012,81.6
2021-10-16,86.7085,84.8
2021-10-17,85.1,89.1
2021-10-18,90.9217,92.8
2021-10-19,93.4815,100.6
2021-10-20,93.2237,109.4
2021-10-21,87.781,110.8
2021-10-22,96.651,111.3
2021-10-23,102.1854,106.5
2021-10-24,102.0232,108.9
2021-10-25,106.646,100.2
2021-10-26,103.5696,96.1
2021-10-27,106.8578,94.5
2021-10-28,105.726,90.9
2021-10-29,101.5863,90.8
2021-10-30,95.648,89.6
2021-10-31,95.0474,85.4
2021-11-01,92.1746,88.2
2021-11-02,88.9776,89.1
2021-11-03,88.9788,89.6
2021-11-04,81.0814,86.9
2021-11-05,86.3632,82.5
2021-11-06,80.8033,82.3
2021-11-07,85.9449,81.9
2021-11-08,82.2264,77.4
2021-11-09,83.3428,79.1
2021-11-10,84.6966,79.0
2021-11-11,85.5723,78.5
2021-11-12,81.5991,77.1
2021-11-13,82.2812,77.0
2021-11-14,82.7794,79.7
2021-11-15,85.2288,77.9
2021-11-16,82.8026,77.5
2021-11-17,82.8912,78.9
2021-11-18,83.2948,84.4
2021-11-19,83.4207,82.7
2021-11-20,88.9433,91.1
2021-11-21,84.8749,90.0
2021-11-22,83.5388,91.0
2021-11-23,87.1623,89.8
2021-11-24,87.9115,87.5
2021-11-25,84.0739,84.0
2021-11-26,87.2079,84.2
2021-11-27,88.4534,82.9
2021-11-28,87.2071,85.6
2021-11-29,85.1469,80.3
2021-11-30,82.2593,77.6
2021-12-01,80.7274,76.6
2021-12-02,83.6847,74.6
2021-12-03,80.5802,74.4
2021-12-04,85.9877,73.4
2021-12-05,85.1233,73.9
2021-12-06,83.7654,77.4
2021-12-07,82.834,78.2
2021-12-08,80.9765,86.2
2021-12-09,81.0934,99.3
2021-12-10,85.0891,114.2
2021-12-11,88.7351,117.0
2021-12-12,98.1292,117.4
2021-12-13,102.5752,111.6
2021-12-14,107.5346,118.8
2021-12-15,115.2758,132.2
2021-12-16,120.3131,135.8
2021-12-17,118.3621,125.6
2021-12-18,115.822,122.1
2021-12-19,106.9939,126.5
2021-12-20,108.4259,121.2
2021-12-21,104.224,119.9
2021-12-22,106.4323,116.5
2021-12-23,100.8714,107.8
2021-12-24,99.3382,99.0
2021-12-25,101.262,98.2
2021-12-26,99.1511,90.8
2021-12-27,99.7369,86.0
2021-12-28,97.1446,81.3
2021-12-29,92.7232,82.7
2021-12-30,87.2115,81.0
2021-12-31,91.3514,90.6
