t_date,oof_adj,y_adj
1996-02-29,71.8777,69.4
1996-03-01,71.89,68.8
1996-03-02,72.2332,69.9
1996-03-03,72.3993,73.4
1996-03-04,71.502,71.6
1996-03-05,71.8561,70.9
1996-03-06,72.8763,72.1
1996-03-07,71.5593,71.6
1996-03-08,71.9476,71.6
1996-03-09,71.7918,71.7
1996-03-10,71.734,70.3
1996-03-11,70.9271,70.1
1996-03-12,70.7671,70.0
1996-03-13,69.7969,68.1
1996-03-14,68.7626,70.6
1996-03-15,68.019,71.1
1996-03-16,67.7524,70.2
1996-03-17,67.8392,70.0
1996-03-18,66.5641,68.8
1996-03-19,67.6762,68.6
1996-03-20,68.145,68.6
1996-03-21,69.0342,69.3
1996-03-22,69.9113,69.1
1996-03-23,70.0454,68.8
1996-03-24,69.708,68.7
1996-03-25,69.7596,69.3
1996-03-26,70.0982,69.1
1996-03-27,70.4864,68.5
1996-03-28,71.251,68.8
1996-03-29,72.5719,69.9
1996-03-30,72.162,70.8
1996-03-31,72.1007,71.2
1996-04-01,73.6042,72.3
1996-04-02,73.7964,74.8
1996-04-03,74.2221,73.2
1996-04-04,74.8143,71.9
1996-04-05,74.2129,69.5
1996-04-06,73.651,68.7
1996-04-07,73.0224,69.1
1996-04-08,72.3663,69.2
1996-04-09,71.7508,68.6
1996-04-10,70.9694,69.5
1996-04-11,70.1825,69.6
1996-04-12,68.8814,68.9
1996-04-13,68.5302,69.0
1996-04-14,68.1274,69.5
1996-04-15,68.2827,70.6
1996-04-16,68.689,72.0
1996-04-17,69.137,76.0
1996-04-18,69.5858,76.3
1996-04-19,70.2978,77.5
1996-04-20,71.5534,77.7
1996-04-21,73.6432,79.1
1996-04-22,75.5291,78.0
1996-04-23,77.291,75.1
1996-04-24,75.5875,74.3
1996-04-25,75.2871,73.4
1996-04-26,75.2643,72.5
1996-04-27,75.0362,72.6
1996-04-28,74.5736,72.9
1996-04-29,74.118,72.0
1996-04-30,73.5431,70.4
1996-05-01,72.8793,69.6
1996-05-02,72.2246,68.5
1996-05-03,71.4607,68.1
1996-05-04,70.7812,68.9
1996-05-05,70.5377,69.0
1996-05-06,69.9334,68.7
1996-05-07,69.0779,68.7
1996-05-08,68.3028,68.4
1996-05-09,68.2164,67.8
1996-05-10,68.6506,68.3
1996-05-11,69.2087,68.4
1996-05-12,69.4106,69.9
1996-05-13,69.5105,70.8
1996-05-14,69.3501,70.7
1996-05-15,69.406,71.3
1996-05-16,70.2582,71.6
1996-05-17,71.5641,73.0
1996-05-18,70.8851,73.9
1996-05-19,71.7688,75.9
1996-05-20,71.6712,72.9
1996-05-21,72.2207,72.4
1996-05-22,72.5881,71.5
1996-05-23,72.6728,70.6
1996-05-24,72.6924,69.7
1996-05-25,72.8216,70.7
1996-05-26,72.8874,70.1
1996-05-27,72.8354,69.5
1996-05-28,72.6453,69.6
1996-05-29,72.4942,69.8
1996-05-30,71.7531,69.9
1996-05-31,70.8619,70.7
1996-06-01,69.3971,71.9
1996-06-02,68.3317,72.7
1996-06-03,68.2724,72.6
1996-06-04,69.3083,72.0
1996-06-05,70.4248,75.2
1996-06-06,71.2202,74.7
1996-06-07,71.8452,74.5
1996-06-08,71.5186,74.0
1996-06-09,71.1166,74.2
1996-06-10,71.3508,73.7
1996-06-11,71.9342,73.6
1996-06-12,70.4141,73.3
1996-06-13,70.5414,72.8
1996-06-14,70.6835,71.3
1996-06-15,70.4994,71.5
1996-06-16,70.2744,71.0
1996-06-17,70.1102,70.5
1996-06-18,69.3356,74.3
1996-06-19,68.7427,84.3
1996-06-20,68.1715,86.5
1996-06-21,67.8106,82.5
1996-06-22,67.5244,79.6
1996-06-23,67.6851,76.2
1996-06-24,67.9381,72.5
1996-06-25,67.9361,70.0
1996-06-26,68.418,69.3
1996-06-27,69.0728,69.1
1996-06-28,70.5081,69.0
1996-06-29,72.1423,67.0
1996-06-30,73.8563,68.3
1996-07-01,76.6228,67.5
1996-07-02,76.9411,67.2
1996-07-03,76.7494,68.2
1996-07-04,77.1873,68.9
1996-07-05,76.8404,68.3
1996-07-06,75.6072,70.4
1996-07-07,76.3024,72.4
1996-07-08,76.6285,75.6
1996-07-09,75.9427,77.8
1996-07-10,75.7846,80.3
1996-07-11,75.9246,82.3
1996-07-12,76.2362,82.7
1996-07-13,76.3177,82.8
1996-07-14,74.3883,81.9
1996-07-15,73.2608,81.6
1996-07-16,72.6179,79.9
1996-07-17,72.1941,76.2
1996-07-18,71.6962,75.1
1996-07-19,71.8375,73.7
1996-07-20,71.4744,71.7
1996-07-21,71.384,72.1
1996-07-22,71.4444,73.6
1996-07-23,71.1686,74.8
1996-07-24,71.0474,72.0
1996-07-25,70.9077,71.4
1996-07-26,70.1201,70.5
1996-07-27,69.8171,69.3
1996-07-28,69.5349,69.3
1996-07-29,69.0335,69.5
1996-07-30,68.3869,68.4
1996-07-31,68.3396,69.3
1996-08-01,68.5806,70.1
1996-08-02,68.6151,71.3
1996-08-03,68.6433,74.5
1996-08-04,69.0143,75.8
1996-08-05,70.1356,76.2
1996-08-06,71.8776,76.3
1996-08-07,73.6803,75.8
1996-08-08,76.7496,75.9
1996-08-09,77.0066,74.7
1996-08-10,77.0018,75.0
1996-08-11,76.7729,74.7
1996-08-12,76.9598,77.6
1996-08-13,76.9725,74.8
1996-08-14,76.1699,73.6
1996-08-15,74.8986,72.4
1996-08-16,73.7903,72.0
1996-08-17,72.6565,71.4
1996-08-18,71.4925,70.8
1996-08-19,70.1677,70.5
1996-08-20,69.215,69.2
1996-08-21,67.5648,68.8
1996-08-22,68.5188,68.9
1996-08-23,68.8903,68.5
1996-08-24,68.815,68.6
1996-08-25,68.9594,68.1
1996-08-26,68.6262,67.9
1996-08-27,69.0157,67.1
1996-08-28,69.2286,68.7
1996-08-29,69.6086,69.6
1996-08-30,69.7636,69.6
1996-08-31,70.3248,69.8
1996-09-01,70.9368,69.7
1996-09-02,72.6935,70.3
1996-09-03,74.6431,69.1
1996-09-04,75.3665,70.4
1996-09-05,75.9022,70.4
1996-09-06,76.3532,71.2
1996-09-07,77.2223,70.4
1996-09-08,77.4167,70.1
1996-09-09,76.1477,71.2
1996-09-10,75.5411,70.3
1996-09-11,74.542,69.7
1996-09-12,72.8995,69.6
1996-09-13,72.5055,69.8
1996-09-14,72.1636,69.6
1996-09-15,71.7095,69.4
1996-09-16,71.1016,68.5
1996-09-17,70.4893,68.8
1996-09-18,69.9221,68.2
1996-09-19,69.3871,67.7
1996-09-20,69.0868,67.7
1996-09-21,69.0314,67.4
1996-09-22,68.9617,66.4
1996-09-23,69.1687,66.9
1996-09-24,69.3698,67.3
1996-09-25,69.6994,68.2
1996-09-26,69.9169,68.6
1996-09-27,70.0949,68.1
1996-09-28,70.3612,68.0
1996-09-29,70.4794,69.0
1996-09-30,70.562,70.4
1996-10-01,70.6376,70.6
1996-10-02,70.71,69.0
1996-10-03,70.7096,69.1
1996-10-04,70.6639,69.1
1996-10-05,70.5058,69.1
1996-10-06,70.3901,69.1
1996-10-07,70.1837,70.3
1996-10-08,69.959,71.2
1996-10-09,69.7561,67.5
1996-10-10,69.5196,69.4
1996-10-11,69.2006,69.7
1996-10-12,68.9882,68.6
1996-10-13,68.8133,68.5
1996-10-14,68.7268,67.9
1996-10-15,68.662,68.3
1996-10-16,68.5532,67.8
1996-10-17,68.486,67.1
1996-10-18,68.5381,68.0
1996-10-19,68.6926,67.3
1996-10-20,69.1419,67.8
1996-10-21,69.3591,68.9
1996-10-22,69.7788,69.6
1996-10-23,69.8243,70.0
1996-10-24,69.7516,70.7
1996-10-25,70.3779,71.5
1996-10-26,70.7196,72.1
1996-10-27,70.8588,71.9
1996-10-28,70.3848,72.2
1996-10-29,70.668,70.4
1996-10-30,70.992,72.4
1996-10-31,71.0073,72.6
1996-11-01,70.9904,72.7
1996-11-02,70.567,72.6
1996-11-03,70.1307,80.6
1996-11-04,69.6586,88.7
1996-11-05,69.1908,97.3
1996-11-06,68.8933,101.7
1996-11-07,68.5449,100.8
1996-11-08,68.3202,100.0
1996-11-09,67.6487,95.4
1996-11-10,67.2442,88.5
1996-11-11,66.9876,85.1
1996-11-12,66.8388,80.8
1996-11-13,67.0381,75.7
1996-11-14,67.8964,70.7
1996-11-15,68.6749,68.6
1996-11-16,68.0791,67.6
1996-11-17,67.5403,67.6
1996-11-18,68.3211,67.1
1996-11-19,68.9758,66.6
1996-11-20,68.8503,71.5
1996-11-21,69.2654,70.2
1996-11-22,70.0158,75.2
1996-11-23,69.9728,78.6
1996-11-24,70.6962,79.2
1996-11-25,72.14,80.0
1996-11-26,73.9338,82.3
1996-11-27,75.4945,83.5
1996-11-28,76.6449,83.6
1996-11-29,78.0652,85.6
1996-11-30,79.4955,84.6
1996-12-01,81.1625,80.3
1996-12-02,83.8871,80.9
1996-12-03,82.3311,78.9
1996-12-04,80.9027,76.9
1996-12-05,79.5232,76.4
1996-12-06,78.0168,74.7
1996-12-07,77.9207,73.0
1996-12-08,76.3169,72.2
1996-12-09,74.7879,71.8
1996-12-10,73.2895,71.4
1996-12-11,71.8769,70.1
1996-12-12,69.9568,69.8
1996-12-13,69.0003,70.0
1996-12-14,68.5791,69.7
1996-12-15,70.0486,70.8
1996-12-16,70.3987,71.4
1996-12-17,70.3823,71.9
1996-12-18,70.742,70.6
1996-12-19,71.5422,70.9
1996-12-20,73.0399,71.3
1996-12-21,75.2174,71.3
1996-12-22,77.434,72.9
1996-12-23,79.8112,71.6
1996-12-24,79.2523,72.1
1996-12-25,80.1682,72.1
1996-12-26,80.7419,72.4
1996-12-27,80.6353,73.3
1996-12-28,80.0471,72.4
1996-12-29,79.1986,71.7
1996-12-30,77.9141,72.2
1996-12-31,76.5389,72.9
1997-01-01,75.2232,74.3
1997-01-02,73.9623,71.8
1997-01-03,72.9285,70.7
1997-01-04,72.3016,71.1
1997-01-05,71.3895,71.9
1997-01-06,70.2052,70.9
1997-01-07,68.7007,71.9
1997-01-08,69.0181,71.3
1997-01-09,70.7929,70.8
1997-01-10,72.9186,72.4
1997-01-11,74.6289,71.5
1997-01-12,74.7472,70.3
1997-01-13,74.8594,69.2
1997-01-14,74.972,76.2
1997-01-15,76.0709,77.4
1997-01-16,75.7966,78.4
1997-01-17,74.3125,73.3
1997-01-18,73.8189,72.2
1997-01-19,74.6117,73.7
1997-01-20,75.6943,73.2
1997-01-21,76.2163,71.2
1997-01-22,76.5383,70.4
1997-01-23,76.4485,69.3
1997-01-24,75.5636,69.1
1997-01-25,74.2426,69.3
1997-01-26,73.1995,69.6
1997-01-27,72.2466,70.1
1997-01-28,72.8848,70.3
1997-01-29,72.7217,71.4
1997-01-30,73.1174,71.2
1997-01-31,72.8648,70.4
1997-02-01,72.6436,71.0
1997-02-02,73.1915,71.6
1997-02-03,72.813,71.9
1997-02-04,73.1791,73.0
1997-02-05,73.504,73.1
1997-02-06,74.5205,72.6
1997-02-07,75.7419,72.4
1997-02-08,74.3776,72.4
1997-02-09,73.812,71.5
1997-02-10,74.5825,72.9
1997-02-11,74.7409,71.1
1997-02-12,74.5058,72.8
1997-02-13,74.0719,72.8
1997-02-14,73.5628,73.4
1997-02-15,73.0519,74.2
1997-02-16,71.5618,73.1
1997-02-17,71.7575,73.6
1997-02-18,72.9673,74.1
1997-02-19,73.4462,73.8
1997-02-20,72.1729,73.4
1997-02-21,72.4068,73.4
1997-02-22,72.3259,73.3
1997-02-23,72.2721,74.7
1997-02-24,71.6962,75.0
1997-02-25,71.136,75.0
1997-02-26,71.8218,74.4
1997-02-27,72.8279,73.7
1997-02-28,73.5891,73.1
1997-03-01,74.3495,71.0
1997-03-02,74.6765,70.0
1997-03-03,75.0685,70.1
1997-03-04,74.7696,70.3
1997-03-05,74.2787,70.6
1997-03-06,73.2404,70.2
1997-03-07,72.2014,69.5
1997-03-08,71.4038,71.9
1997-03-09,70.543,72.9
1997-03-10,70.5956,75.1
1997-03-11,70.601,73.8
1997-03-12,70.5382,74.6
1997-03-13,70.335,76.2
1997-03-14,70.7127,80.4
1997-03-15,70.7472,78.8
1997-03-16,71.4055,78.6
1997-03-17,72.6602,80.3
1997-03-18,72.2664,78.3
1997-03-19,73.2304,77.0
1997-03-20,73.0455,76.3
1997-03-21,74.1443,78.3
1997-03-22,74.7589,78.0
1997-03-23,74.9462,77.4
1997-03-24,74.9299,76.9
1997-03-25,74.3841,79.3
1997-03-26,73.5991,77.9
1997-03-27,72.1223,79.2
1997-03-28,71.5453,75.6
1997-03-29,70.8569,72.3
1997-03-30,69.7088,70.7
1997-03-31,69.2776,70.6
1997-04-01,68.9196,70.4
1997-04-02,68.2792,70.9
1997-04-03,67.3876,71.5
1997-04-04,66.7646,69.7
1997-04-05,66.4859,70.7
1997-04-06,67.4887,69.6
1997-04-07,68.7649,71.8
1997-04-08,70.2047,74.1
1997-04-09,71.5113,73.4
1997-04-10,72.2318,72.9
1997-04-11,73.3939,73.7
1997-04-12,75.4994,73.4
1997-04-13,77.2498,73.3
1997-04-14,78.2249,72.3
1997-04-15,79.59,72.1
1997-04-16,80.5384,73.6
1997-04-17,81.2167,73.4
1997-04-18,80.0234,73.3
1997-04-19,78.9497,73.3
1997-04-20,77.2094,73.0
1997-04-21,76.3658,74.8
1997-04-22,76.4376,73.8
1997-04-23,74.9059,73.7
1997-04-24,73.7204,75.4
1997-04-25,72.2479,75.1
1997-04-26,72.0589,74.7
1997-04-27,71.9996,73.9
1997-04-28,71.9929,74.4
1997-04-29,70.7077,75.8
1997-04-30,71.2674,76.0
1997-05-01,71.5547,81.1
1997-05-02,71.7245,86.9
1997-05-03,73.761,83.0
1997-05-04,72.6889,78.1
1997-05-05,72.3529,78.9
1997-05-06,72.32,80.1
1997-05-07,72.2601,82.0
1997-05-08,73.1688,80.4
1997-05-09,73.6774,79.5
1997-05-10,73.659,77.6
1997-05-11,73.4203,77.2
1997-05-12,72.8433,74.5
1997-05-13,72.904,79.6
1997-05-14,73.2802,79.1
1997-05-15,73.8645,77.4
1997-05-16,73.6214,76.1
1997-05-17,73.3107,76.1
1997-05-18,73.8452,76.4
1997-05-19,73.5757,76.9
1997-05-20,73.9878,75.4
1997-05-21,74.5732,75.3
1997-05-22,74.5769,74.2
1997-05-23,75.0182,73.0
1997-05-24,75.6389,71.8
1997-05-25,76.2899,72.3
1997-05-26,77.9357,72.9
1997-05-27,78.185,73.0
1997-05-28,78.8729,74.4
1997-05-29,78.8337,71.8
1997-05-30,78.4743,73.5
1997-05-31,77.9328,72.4
1997-06-01,78.3639,72.5
1997-06-02,78.1633,69.8
1997-06-03,77.5145,71.8
1997-06-04,76.5704,71.3
1997-06-05,75.6258,72.2
1997-06-06,75.0021,74.1
1997-06-07,74.9421,74.2
1997-06-08,74.5291,74.1
1997-06-09,74.6262,73.6
1997-06-10,73.599,72.6
1997-06-11,73.5157,72.1
1997-06-12,72.8732,72.4
1997-06-13,72.8024,72.4
1997-06-14,72.8759,71.4
1997-06-15,72.5392,72.0
1997-06-16,72.5226,72.0
1997-06-17,71.9779,70.6
1997-06-18,71.0201,72.6
1997-06-19,71.4853,72.1
1997-06-20,71.7943,72.3
1997-06-21,70.7587,70.8
1997-06-22,72.3945,70.9
1997-06-23,72.1619,69.6
1997-06-24,71.9723,69.3
1997-06-25,72.2137,70.3
1997-06-26,72.3584,71.5
1997-06-27,73.3517,71.9
1997-06-28,74.4266,72.2
1997-06-29,73.8874,72.3
1997-06-30,74.6353,72.8
1997-07-01,75.1152,73.5
1997-07-02,75.5302,73.6
1997-07-03,74.4428,74.5
1997-07-04,73.8098,78.1
1997-07-05,73.2282,81.2
1997-07-06,72.5631,83.0
1997-07-07,73.8323,79.0
1997-07-08,74.6838,76.8
1997-07-09,75.6355,76.5
1997-07-10,75.2559,75.0
1997-07-11,74.6303,73.2
1997-07-12,74.2863,72.5
1997-07-13,73.8846,73.2
1997-07-14,73.8642,72.9
1997-07-15,73.3664,74.3
1997-07-16,73.2116,74.9
1997-07-17,72.6537,76.9
1997-07-18,72.4181,79.0
1997-07-19,73.3505,80.1
1997-07-20,74.445,79.9
1997-07-21,74.778,80.3
1997-07-22,74.9448,80.4
1997-07-23,74.9788,81.6
1997-07-24,74.3885,83.0
1997-07-25,73.8507,84.2
1997-07-26,74.4009,81.6
1997-07-27,75.6355,79.6
1997-07-28,76.6501,79.8
1997-07-29,77.0108,77.4
1997-07-30,76.9354,77.7
1997-07-31,76.9496,76.1
1997-08-01,77.1799,76.3
1997-08-02,76.9877,76.3
1997-08-03,76.6445,77.2
1997-08-04,76.7369,78.2
1997-08-05,76.9766,79.4
1997-08-06,76.4217,83.7
1997-08-07,76.9482,85.5
1997-08-08,75.983,83.5
1997-08-09,75.6273,92.3
1997-08-10,75.2242,93.3
1997-08-11,74.6412,93.8
1997-08-12,74.4021,98.2
1997-08-13,74.2806,95.1
1997-08-14,74.1275,93.3
1997-08-15,75.1077,94.7
1997-08-16,75.5606,94.6
1997-08-17,75.7955,97.6
1997-08-18,76.0112,99.1
1997-08-19,76.7607,103.6
1997-08-20,77.8614,109.3
1997-08-21,78.7688,117.7
1997-08-22,79.886,116.4
1997-08-23,80.9617,110.0
1997-08-24,80.3147,110.3
1997-08-25,80.6678,108.9
1997-08-26,79.9388,103.7
1997-08-27,78.9408,99.1
1997-08-28,79.448,96.4
1997-08-29,79.379,94.0
1997-08-30,79.1134,89.0
1997-08-31,79.3111,89.1
1997-09-01,78.7517,88.4
1997-09-02,78.7383,85.8
1997-09-03,79.4364,89.6
1997-09-04,80.0242,92.3
1997-09-05,81.2406,93.5
1997-09-06,81.7631,88.9
1997-09-07,81.4553,89.5
1997-09-08,81.5356,88.8
1997-09-09,81.6314,87.5
1997-09-10,81.8711,90.0
1997-09-11,83.3622,87.9
1997-09-12,85.582,87.3
1997-09-13,87.1256,86.0
1997-09-14,88.2161,85.8
1997-09-15,89.9646,83.4
1997-09-16,91.0227,84.3
1997-09-17,91.6605,83.6
1997-09-18,91.4832,83.4
1997-09-19,90.9541,82.7
1997-09-20,90.1185,83.3
1997-09-21,88.6022,84.0
1997-09-22,87.5288,85.8
1997-09-23,87.3579,88.3
1997-09-24,86.3476,87.8
1997-09-25,85.271,84.3
1997-09-26,84.2321,86.4
1997-09-27,83.059,86.9
1997-09-28,82.9558,87.5
1997-09-29,83.7338,85.9
1997-09-30,83.0581,84.0
1997-10-01,83.1148,82.1
1997-10-02,83.1148,84.2
1997-10-03,82.5989,79.9
1997-10-04,81.7913,78.8
1997-10-05,82.2342,77.7
1997-10-06,82.2415,80.5
1997-10-07,81.5361,81.0
1997-10-08,81.2426,83.3
1997-10-09,81.9965,84.4
1997-10-10,83.4388,86.0
1997-10-11,84.6754,86.9
1997-10-12,85.4418,89.2
1997-10-13,86.3576,91.6
1997-10-14,85.8357,96.2
1997-10-15,84.8806,108.0
1997-10-16,84.8373,115.9
1997-10-17,85.0839,111.9
1997-10-18,84.9645,103.5
1997-10-19,85.9116,92.7
1997-10-20,85.7086,87.9
1997-10-21,85.2481,84.8
1997-10-22,84.0462,87.6
1997-10-23,83.3456,89.6
1997-10-24,82.5209,85.4
1997-10-25,82.9915,88.2
1997-10-26,82.8994,91.0
1997-10-27,82.3573,94.1
1997-10-28,81.8284,94.1
1997-10-29,80.9383,92.0
1997-10-30,80.2962,89.4
1997-10-31,80.6132,96.8
1997-11-01,81.2538,86.5
1997-11-02,82.2435,93.6
1997-11-03,83.4197,97.7
1997-11-04,85.044,97.3
1997-11-05,88.0382,100.6
1997-11-06,91.0699,99.4
1997-11-07,93.4034,105.2
1997-11-08,95.7042,108.2
1997-11-09,96.9043,113.2
1997-11-10,99.077,109.0
1997-11-11,100.799,109.3
1997-11-12,101.1281,113.7
1997-11-13,99.0919,109.0
1997-11-14,97.3881,109.0
1997-11-15,96.2173,104.2
1997-11-16,95.0748,100.7
1997-11-17,94.3603,105.6
1997-11-18,92.6703,96.0
1997-11-19,92.1292,95.1
1997-11-20,90.144,93.8
1997-11-21,89.0468,92.2
1997-11-22,87.8272,93.4
1997-11-23,85.6422,89.6
1997-11-24,85.1666,86.5
1997-11-25,85.4847,87.1
1997-11-26,86.574,86.3
1997-11-27,87.1335,82.0
1997-11-28,86.7732,82.9
1997-11-29,85.9145,83.5
1997-11-30,86.0515,86.8
1997-12-01,87.4054,86.7
1997-12-02,87.9847,89.0
1997-12-03,88.8662,85.5
1997-12-04,89.2049,100.7
1997-12-05,89.9036,104.3
1997-12-06,91.9083,101.3
1997-12-07,92.325,101.3
1997-12-08,92.4142,92.7
1997-12-09,93.5349,98.7
1997-12-10,93.8248,101.0
1997-12-11,94.2136,101.0
1997-12-12,94.1037,101.1
1997-12-13,93.6429,98.3
1997-12-14,92.5912,97.6
1997-12-15,91.3089,97.7
1997-12-16,89.6785,87.7
1997-12-17,89.907,86.3
1997-12-18,89.2555,84.1
1997-12-19,87.5695,82.1
1997-12-20,85.0738,79.5
1997-12-21,82.9829,78.9
1997-12-22,81.341,78.0
1997-12-23,81.9535,82.0
1997-12-24,81.5033,92.7
1997-12-25,80.924,87.5
1997-12-26,80.7844,90.8
1997-12-27,80.8088,94.6
1997-12-28,83.0505,94.4
1997-12-29,84.0406,93.1
1997-12-30,86.7148,92.0
1997-12-31,89.7812,90.5
1998-01-01,92.5474,88.5
1998-01-02,95.8854,88.0
1998-01-03,98.947,90.1
1998-01-04,101.05,93.9
1998-01-05,103.5309,94.5
1998-01-06,104.1504,105.0
1998-01-07,100.187,96.9
1998-01-08,97.2094,97.7
1998-01-09,94.3166,93.7
1998-01-10,92.5417,90.9
1998-01-11,91.0178,88.4
1998-01-12,90.1616,86.8
1998-01-13,88.5172,88.1
1998-01-14,87.0754,86.5
1998-01-15,85.9471,86.3
1998-01-16,86.5086,86.6
1998-01-17,86.6029,83.1
1998-01-18,88.1009,81.8
1998-01-19,89.3702,80.8
1998-01-20,88.4674,81.3
1998-01-21,87.9116,81.5
1998-01-22,88.1361,81.5
1998-01-23,88.1035,84.0
1998-01-24,87.7174,88.3
1998-01-25,87.6893,92.3
1998-01-26,87.8476,102.3
1998-01-27,90.0266,104.7
1998-01-28,91.5711,104.2
1998-01-29,92.9845,102.4
1998-01-30,93.4647,100.9
1998-01-31,93.9437,96.3
1998-02-01,94.5908,93.6
1998-02-02,95.4902,92.8
1998-02-03,94.6596,93.5
1998-02-04,93.3534,97.3
1998-02-05,92.2679,96.6
1998-02-06,91.3217,92.9
1998-02-07,91.7933,90.9
1998-02-08,91.1592,88.6
1998-02-09,90.6838,92.3
1998-02-10,88.9167,96.5
1998-02-11,87.3643,95.1
1998-02-12,86.3587,95.0
1998-02-13,85.7937,100.0
1998-02-14,86.3268,95.1
1998-02-15,86.2222,90.3
1998-02-16,86.0863,90.5
1998-02-17,85.8794,89.9
1998-02-18,86.4647,88.7
1998-02-19,88.4674,95.0
1998-02-20,90.7612,99.4
1998-02-21,92.6426,100.3
1998-02-22,96.0948,103.7
1998-02-23,97.5042,118.2
1998-02-24,98.0637,131.6
1998-02-25,98.3484,122.6
1998-02-26,98.1563,124.3
1998-02-27,97.0316,125.9
1998-02-28,96.1433,123.5
1998-03-01,94.9017,125.5
1998-03-02,92.8782,124.9
1998-03-03,92.3798,126.8
1998-03-04,92.9662,121.3
1998-03-05,93.2204,119.9
1998-03-06,92.5392,114.4
1998-03-07,90.3921,109.5
1998-03-08,89.1584,110.0
1998-03-09,87.4392,103.6
1998-03-10,87.1885,100.0
1998-03-11,86.8101,107.2
1998-03-12,86.1496,107.9
1998-03-13,85.6638,105.6
1998-03-14,87.1982,103.4
1998-03-15,88.5662,103.6
1998-03-16,90.1241,110.2
1998-03-17,92.8628,126.4
1998-03-18,95.5437,133.7
1998-03-19,98.2381,135.5
1998-03-20,101.7529,141.0
1998-03-21,104.947,140.2
1998-03-22,107.2136,130.2
1998-03-23,108.0124,128.8
1998-03-24,108.4588,117.6
1998-03-25,107.9221,115.5
1998-03-26,107.8024,112.6
1998-03-27,108.0419,113.5
1998-03-28,106.6295,107.2
1998-03-29,103.6347,102.1
1998-03-30,102.1027,99.4
1998-03-31,101.0241,96.7
1998-04-01,100.6313,98.7
1998-04-02,100.4828,92.9
1998-04-03,99.9977,88.5
1998-04-04,98.4945,91.3
1998-04-05,98.1814,91.7
1998-04-06,97.8281,93.0
1998-04-07,97.7536,91.8
1998-04-08,98.4767,92.6
1998-04-09,99.7717,99.8
1998-04-10,100.0087,99.1
1998-04-11,102.4339,104.1
1998-04-12,104.4229,115.1
1998-04-13,107.0421,118.8
1998-04-14,109.0876,119.3
1998-04-15,110.8949,123.2
1998-04-16,111.583,135.7
1998-04-17,112.3002,132.4
1998-04-18,111.4436,125.6
1998-04-19,109.573,120.2
1998-04-20,108.4714,112.8
1998-04-21,106.3723,109.3
1998-04-22,104.0324,110.2
1998-04-23,102.9896,114.4
1998-04-24,99.0688,119.1
1998-04-25,98.0637,119.8
1998-04-26,96.2517,118.6
1998-04-27,94.3133,120.4
1998-04-28,93.0645,113.0
1998-04-29,92.7829,104.6
1998-04-30,92.467,101.5
1998-05-01,92.4963,94.1
1998-05-02,92.779,91.2
1998-05-03,92.8787,89.6
1998-05-04,94.9524,92.6
1998-05-05,98.2372,98.0
1998-05-06,101.2698,94.7
1998-05-07,103.4735,94.9
1998-05-08,105.6517,96.6
1998-05-09,107.4185,101.1
1998-05-10,109.8385,97.6
1998-05-11,111.555,98.8
1998-05-12,112.2983,96.8
1998-05-13,112.5304,103.0
1998-05-14,112.2447,107.7
1998-05-15,113.1324,116.4
1998-05-16,113.5014,115.0
1998-05-17,112.9466,118.4
1998-05-18,111.8578,118.5
1998-05-19,109.9984,116.4
1998-05-20,107.484,120.5
1998-05-21,105.5809,115.7
1998-05-22,104.5462,115.3
1998-05-23,103.2834,115.8
1998-05-24,101.8735,115.7
1998-05-25,98.3036,113.9
1998-05-26,96.5273,105.1
1998-05-27,95.39,103.6
1998-05-28,95.171,107.3
1998-05-29,95.8573,103.9
1998-05-30,95.6909,103.3
1998-05-31,94.4018,101.8
1998-06-01,95.0293,104.4
1998-06-02,95.5608,105.4
1998-06-03,97.054,103.8
1998-06-04,97.5666,98.9
1998-06-05,98.1207,108.8
1998-06-06,99.5263,109.7
1998-06-07,101.7846,112.8
1998-06-08,104.5451,119.1
1998-06-09,106.7644,126.1
1998-06-10,109.2768,123.3
1998-06-11,111.0092,125.0
1998-06-12,112.5218,131.1
1998-06-13,113.7712,124.4
1998-06-14,113.874,131.9
1998-06-15,114.7959,133.5
1998-06-16,114.5562,127.6
1998-06-17,113.2732,125.2
1998-06-18,111.3727,118.5
1998-06-19,110.7297,116.2
1998-06-20,109.1608,118.2
1998-06-21,107.2188,112.9
1998-06-22,104.8462,111.3
1998-06-23,102.8716,102.6
1998-06-24,102.405,109.7
1998-06-25,101.0101,106.3
1998-06-26,100.4674,108.2
1998-06-27,100.1862,109.7
1998-06-28,100.0807,103.6
1998-06-29,99.5943,102.4
1998-06-30,99.2949,105.2
1998-07-01,100.4528,115.4
1998-07-02,101.1278,113.9
1998-07-03,103.3838,117.8
1998-07-04,105.912,119.1
1998-07-05,107.2095,129.2
1998-07-06,109.2384,125.5
1998-07-07,109.878,122.8
1998-07-08,112.4077,123.2
1998-07-09,115.4318,125.1
1998-07-10,115.9005,123.1
1998-07-11,115.9524,118.3
1998-07-12,114.9367,117.2
1998-07-13,116.2741,115.4
1998-07-14,115.1812,112.9
1998-07-15,112.9072,111.7
1998-07-16,110.6564,119.2
1998-07-17,108.3903,130.5
1998-07-18,107.0499,142.2
1998-07-19,106.317,149.1
1998-07-20,105.6813,150.9
1998-07-21,104.2789,158.3
1998-07-22,103.9561,153.3
1998-07-23,103.9938,154.1
1998-07-24,104.4123,150.9
1998-07-25,104.1705,140.4
1998-07-26,103.3039,140.6
1998-07-27,104.4046,136.8
1998-07-28,105.1783,143.3
1998-07-29,106.047,139.7
1998-07-30,106.9516,136.8
1998-07-31,109.5592,137.9
1998-08-01,111.7301,141.9
1998-08-02,113.4324,135.2
1998-08-03,113.9718,135.9
1998-08-04,114.4209,129.3
1998-08-05,115.1653,126.0
1998-08-06,116.4158,124.8
1998-08-07,117.3407,129.6
1998-08-08,118.3333,137.8
1998-08-09,120.2389,142.0
1998-08-10,118.8828,149.4
1998-08-11,120.4138,166.4
1998-08-12,121.0496,181.8
1998-08-13,121.9847,180.2
1998-08-14,123.3488,166.3
1998-08-15,123.0596,165.5
1998-08-16,123.7203,157.3
1998-08-17,124.8557,156.8
1998-08-18,126.4771,167.1
1998-08-19,127.6593,153.5
1998-08-20,128.574,155.8
1998-08-21,128.4521,147.4
1998-08-22,128.804,143.6
1998-08-23,127.5211,140.4
1998-08-24,126.848,136.6
1998-08-25,126.9966,132.3
1998-08-26,127.1484,123.3
1998-08-27,126.6471,118.6
1998-08-28,125.635,119.9
1998-08-29,125.4571,118.6
1998-08-30,126.2411,123.7
1998-08-31,127.8406,128.0
1998-09-01,128.9799,133.3
1998-09-02,130.3599,139.4
1998-09-03,131.3971,142.1
1998-09-04,132.3558,144.1
1998-09-05,132.385,136.2
1998-09-06,132.099,139.2
1998-09-07,132.6957,136.2
1998-09-08,134.184,128.0
1998-09-09,134.1315,123.0
1998-09-10,134.635,116.3
1998-09-11,134.4525,121.8
1998-09-12,133.1404,119.1
1998-09-13,131.8657,112.9
1998-09-14,130.5195,112.0
1998-09-15,131.1243,114.9
1998-09-16,129.6433,117.1
1998-09-17,127.3051,116.9
1998-09-18,126.1492,124.1
1998-09-19,124.9532,123.8
1998-09-20,123.9169,123.2
1998-09-21,124.6319,120.3
1998-09-22,124.9784,118.5
1998-09-23,124.9147,113.4
1998-09-24,123.6666,117.5
1998-09-25,125.053,118.4
1998-09-26,127.0489,130.4
1998-09-27,128.1162,130.1
1998-09-28,127.6609,134.4
1998-09-29,129.6887,125.0
1998-09-30,131.8409,116.8
1998-10-01,130.9316,120.2
1998-10-02,129.132,117.2
1998-10-03,128.0832,113.8
1998-10-04,126.4193,111.4
1998-10-05,126.1148,109.6
1998-10-06,124.4242,106.3
1998-10-07,123.1458,102.8
1998-10-08,121.5904,101.8
1998-10-09,120.267,106.4
1998-10-10,120.187,108.0
1998-10-11,121.0229,109.9
1998-10-12,121.4346,117.0
1998-10-13,122.6214,119.5
1998-10-14,123.4952,124.1
1998-10-15,123.4944,129.9
1998-10-16,122.7253,139.0
1998-10-17,124.2969,150.1
1998-10-18,125.7342,138.4
1998-10-19,127.4306,145.8
1998-10-20,129.6058,149.9
1998-10-21,129.0514,159.3
1998-10-22,128.7691,150.8
1998-10-23,128.5193,144.1
1998-10-24,128.8042,138.7
1998-10-25,126.433,132.6
1998-10-26,123.7139,123.8
1998-10-27,121.6074,123.7
1998-10-28,120.3653,121.8
1998-10-29,118.4631,118.0
1998-10-30,116.3063,112.2
1998-10-31,115.0436,113.7
1998-11-01,113.1972,118.6
1998-11-02,113.2027,118.3
1998-11-03,114.0454,123.0
1998-11-04,115.5582,126.7
1998-11-05,116.5894,136.7
1998-11-06,117.0739,145.6
1998-11-07,120.8466,152.3
1998-11-08,124.5348,154.7
1998-11-09,128.7818,160.4
1998-11-10,131.2581,163.2
1998-11-11,132.7549,158.9
1998-11-12,133.7674,158.2
1998-11-13,135.5623,147.4
1998-11-14,135.2366,148.7
1998-11-15,135.1668,144.0
1998-11-16,135.1358,138.3
1998-11-17,133.3629,138.1
1998-11-18,129.3037,148.7
1998-11-19,127.4501,157.1
1998-11-20,125.837,149.3
1998-11-21,124.2863,129.8
1998-11-22,123.9138,138.8
1998-11-23,122.6457,138.9
1998-11-24,121.5028,139.7
1998-11-25,120.5048,139.9
1998-11-26,119.9588,137.2
1998-11-27,119.622,136.1
1998-11-28,119.9432,141.5
1998-11-29,121.196,137.9
1998-11-30,122.6864,133.6
1998-12-01,123.3078,130.4
1998-12-02,123.8967,130.9
1998-12-03,125.5175,124.6
1998-12-04,127.2518,135.2
1998-12-05,129.7925,134.9
1998-12-06,130.4061,139.6
1998-12-07,132.1304,140.2
1998-12-08,133.416,161.4
1998-12-09,133.3798,178.3
1998-12-10,132.3727,176.8
1998-12-11,133.9325,173.1
1998-12-12,134.3737,168.8
1998-12-13,135.0279,161.6
1998-12-14,135.0781,154.8
1998-12-15,135.2841,149.4
1998-12-16,134.497,142.0
1998-12-17,134.8444,132.0
1998-12-18,133.1359,121.6
1998-12-19,131.8245,111.3
1998-12-20,130.3562,111.7
1998-12-21,128.8807,111.0
1998-12-22,127.3834,109.6
1998-12-23,127.1385,108.2
1998-12-24,126.0897,109.1
1998-12-25,125.4386,114.7
1998-12-26,124.4991,132.4
1998-12-27,125.3449,138.0
1998-12-28,126.3177,153.4
1998-12-29,129.8356,156.2
1998-12-30,133.1969,165.4
1998-12-31,135.9521,170.3
1999-01-01,138.8624,166.4
1999-01-02,142.9252,169.7
1999-01-03,146.9383,172.3
1999-01-04,148.6903,160.8
1999-01-05,148.8333,156.8
1999-01-06,147.2811,133.9
1999-01-07,144.3201,129.1
1999-01-08,142.5444,121.6
1999-01-09,140.2634,115.2
1999-01-10,136.8476,114.2
1999-01-11,133.6558,114.5
1999-01-12,130.7435,111.5
1999-01-13,128.933,114.5
1999-01-14,127.7413,107.7
1999-01-15,125.3472,105.8
1999-01-16,125.4918,104.3
1999-01-17,125.5964,100.9
1999-01-18,125.2355,96.6
1999-01-19,125.9547,106.5
1999-01-20,127.848,121.1
1999-01-21,130.3995,125.9
1999-01-22,135.7564,148.4
1999-01-23,140.2811,159.3
1999-01-24,146.6885,183.6
1999-01-25,150.2799,193.4
1999-01-26,152.4506,199.6
1999-01-27,153.9122,185.5
1999-01-28,151.9547,187.3
1999-01-29,149.9169,185.3
1999-01-30,147.1771,164.2
1999-01-31,143.5729,160.5
1999-02-01,139.4167,153.6
1999-02-02,132.7012,144.0
1999-02-03,126.6846,127.0
1999-02-04,124.2772,124.3
1999-02-05,119.9901,117.3
1999-02-06,115.491,117.1
1999-02-07,113.748,113.4
1999-02-08,112.4666,113.1
1999-02-09,111.5351,120.7
1999-02-10,111.9598,118.0
1999-02-11,111.0744,127.6
1999-02-12,112.5519,134.6
1999-02-13,113.8068,141.6
1999-02-14,115.7459,125.4
1999-02-15,118.3743,112.6
1999-02-16,123.4196,108.3
1999-02-17,128.1479,125.0
1999-02-18,131.8001,125.3
1999-02-19,138.3751,133.6
1999-02-20,145.0415,135.3
1999-02-21,150.4415,138.5
1999-02-22,151.9584,142.7
1999-02-23,150.956,148.7
1999-02-24,148.359,148.4
1999-02-25,147.72,154.1
1999-02-26,145.0152,152.9
1999-02-27,141.3761,146.7
1999-02-28,138.4832,138.1
1999-03-01,135.2976,131.6
1999-03-02,131.7125,123.1
1999-03-03,129.7593,115.0
1999-03-04,128.9742,112.2
1999-03-05,125.7951,107.6
1999-03-06,123.2679,106.4
1999-03-07,121.2045,103.1
1999-03-08,121.6597,104.1
1999-03-09,120.2576,102.7
1999-03-10,120.1795,103.8
1999-03-11,120.7771,104.4
1999-03-12,121.992,101.7
1999-03-13,123.8286,102.9
1999-03-14,126.3129,99.4
1999-03-15,128.4026,98.4
1999-03-16,129.5865,116.0
1999-03-17,132.0047,132.7
1999-03-18,134.08,137.6
1999-03-19,133.982,141.7
1999-03-20,134.7104,139.5
1999-03-21,134.1521,136.7
1999-03-22,132.838,136.9
1999-03-23,132.6895,131.3
1999-03-24,130.3281,130.7
1999-03-25,128.9952,130.3
1999-03-26,128.6793,121.0
1999-03-27,126.5128,122.7
1999-03-28,123.2708,123.8
1999-03-29,121.359,116.6
1999-03-30,118.1757,113.8
1999-03-31,116.2826,110.9
1999-04-01,115.0265,105.8
1999-04-02,115.4792,104.4
1999-04-03,113.4521,101.4
1999-04-04,113.4592,99.3
1999-04-05,112.9187,102.0
1999-04-06,112.0508,103.8
1999-04-07,113.4491,105.8
1999-04-08,114.609,110.0
1999-04-09,116.1547,111.3
1999-04-10,117.6924,123.9
1999-04-11,119.3575,125.3
1999-04-12,121.9031,128.4
1999-04-13,124.048,137.9
1999-04-14,122.9457,129.2
1999-04-15,123.0618,141.1
1999-04-16,123.086,143.3
1999-04-17,122.2621,149.5
1999-04-18,122.3271,166.4
1999-04-19,122.066,175.1
1999-04-20,122.9866,181.7
1999-04-21,121.9377,172.8
1999-04-22,118.8307,162.6
1999-04-23,115.2141,156.3
1999-04-24,113.1719,150.5
1999-04-25,110.9479,147.3
1999-04-26,111.0217,146.8
1999-04-27,110.3629,155.6
1999-04-28,108.8099,148.6
1999-04-29,107.5656,143.8
1999-04-30,106.3896,145.8
1999-05-01,105.3648,145.9
1999-05-02,106.7505,143.7
1999-05-03,108.1586,143.7
1999-05-04,111.2664,144.2
1999-05-05,113.2818,140.4
1999-05-06,115.5129,146.8
1999-05-07,118.9274,156.6
1999-05-08,122.2489,159.3
1999-05-09,125.3261,156.2
1999-05-10,127.3946,152.7
1999-05-11,129.547,161.1
1999-05-12,131.3418,170.1
1999-05-13,131.2612,181.2
1999-05-14,132.0088,178.1
1999-05-15,133.2217,178.5
1999-05-16,134.683,175.9
1999-05-17,134.59,168.8
1999-05-18,135.0102,172.9
1999-05-19,135.4916,162.4
1999-05-20,133.6523,161.3
1999-05-21,132.0301,170.3
1999-05-22,130.6273,166.0
1999-05-23,129.5156,169.8
1999-05-24,128.9038,173.2
1999-05-25,128.9415,173.0
1999-05-26,129.3192,173.5
1999-05-27,130.1934,163.5
1999-05-28,131.0754,157.6
1999-05-29,131.1879,151.3
1999-05-30,132.1673,151.2
1999-05-31,132.8612,143.3
1999-06-01,135.1036,156.5
1999-06-02,136.6019,150.3
1999-06-03,138.8114,166.9
1999-06-04,140.963,173.0
1999-06-05,142.2961,191.1
1999-06-06,144.4557,207.5
1999-06-07,145.066,206.1
1999-06-08,147.002,214.3
1999-06-09,146.6682,203.2
1999-06-10,146.1098,197.7
1999-06-11,145.3126,216.5
1999-06-12,145.9474,202.0
1999-06-13,146.2244,193.4
1999-06-14,146.5032,203.5
1999-06-15,146.2111,191.9
1999-06-16,146.3931,180.0
1999-06-17,145.5967,173.5
1999-06-18,144.6458,163.7
1999-06-19,141.4484,154.1
1999-06-20,141.2747,155.9
1999-06-21,140.2231,161.5
1999-06-22,140.771,157.8
1999-06-23,140.8041,159.2
1999-06-24,141.7835,148.3
1999-06-25,143.234,133.9
1999-06-26,144.2815,133.8
1999-06-27,146.8896,136.4
1999-06-28,147.9931,141.3
1999-06-29,149.5685,142.8
1999-06-30,154.4486,145.8
1999-07-01,156.7231,144.1
1999-07-02,159.9769,152.1
1999-07-03,164.4042,157.8
1999-07-04,166.4261,181.6
1999-07-05,167.0391,190.1
1999-07-06,167.8049,188.0
1999-07-07,168.1604,177.8
1999-07-08,166.6655,179.9
1999-07-09,164.874,203.9
1999-07-10,163.3922,208.6
1999-07-11,161.2885,212.2
1999-07-12,159.9602,206.7
1999-07-13,157.4061,222.9
1999-07-14,154.0413,218.8
1999-07-15,152.3732,216.9
1999-07-16,150.3948,206.0
1999-07-17,146.933,182.1
1999-07-18,144.2688,175.3
1999-07-19,143.1864,157.6
1999-07-20,142.1784,141.7
1999-07-21,143.3001,141.9
1999-07-22,144.3451,130.8
1999-07-23,147.7,131.4
1999-07-24,149.691,126.4
1999-07-25,150.5763,129.8
1999-07-26,150.7544,131.5
1999-07-27,152.995,134.5
1999-07-28,158.462,134.4
1999-07-29,161.559,136.4
1999-07-30,165.0089,133.9
1999-07-31,168.1701,138.0
1999-08-01,172.4806,155.2
1999-08-02,174.4132,165.0
1999-08-03,177.9,176.7
1999-08-04,179.9786,191.7
1999-08-05,182.314,206.4
1999-08-06,182.392,212.9
1999-08-07,180.0569,226.9
1999-08-08,176.9642,227.7
1999-08-09,176.46,253.4
1999-08-10,171.6394,222.5
1999-08-11,165.0926,201.9
1999-08-12,158.6889,186.1
1999-08-13,153.7794,165.8
1999-08-14,150.3279,159.3
1999-08-15,148.1202,141.7
1999-08-16,145.7691,133.5
1999-08-17,145.3334,123.8
1999-08-18,144.3825,120.4
1999-08-19,143.0391,114.1
1999-08-20,141.7584,108.4
1999-08-21,141.2769,108.0
1999-08-22,140.7085,123.7
1999-08-23,142.3422,124.1
1999-08-24,145.1911,142.6
1999-08-25,148.5592,156.5
1999-08-26,152.3965,158.2
1999-08-27,155.3691,156.6
1999-08-28,161.2872,159.9
1999-08-29,164.6224,159.1
1999-08-30,169.8762,153.0
1999-08-31,175.2054,150.6
1999-09-01,181.4569,146.2
1999-09-02,185.169,147.9
1999-09-03,184.8738,141.5
1999-09-04,183.4695,137.8
1999-09-05,178.5311,132.4
1999-09-06,169.3006,126.1
1999-09-07,162.2078,123.3
1999-09-08,155.7594,124.4
1999-09-09,150.7974,126.5
1999-09-10,149.13,125.3
1999-09-11,146.0559,125.1
1999-09-12,146.4384,121.9
1999-09-13,145.3196,126.6
1999-09-14,141.8868,134.7
1999-09-15,140.293,144.4
1999-09-16,140.4168,146.2
1999-09-17,141.899,133.5
1999-09-18,142.7824,129.2
1999-09-19,143.2055,150.9
1999-09-20,144.114,152.8
1999-09-21,145.4262,160.0
1999-09-22,145.3082,166.0
1999-09-23,145.5628,182.9
1999-09-24,146.5278,190.1
1999-09-25,147.5212,198.7
1999-09-26,146.8855,197.1
1999-09-27,147.1475,187.8
1999-09-28,147.101,176.8
1999-09-29,146.4105,171.4
1999-09-30,144.7066,168.2
1999-10-01,142.7347,157.4
1999-10-02,142.1366,157.0
1999-10-03,141.1032,158.8
1999-10-04,141.1756,162.8
1999-10-05,139.6517,157.1
1999-10-06,136.8604,170.8
1999-10-07,135.7718,187.1
1999-10-08,138.1254,194.8
1999-10-09,138.4702,181.5
1999-10-10,139.2164,177.2
1999-10-11,141.0996,167.0
1999-10-12,144.9013,158.1
1999-10-13,147.2017,148.4
1999-10-14,150.255,140.6
1999-10-15,153.5279,140.8
1999-10-16,154.824,145.1
1999-10-17,153.26,157.8
1999-10-18,154.3822,147.4
1999-10-19,156.5268,170.8
1999-10-20,156.0063,188.4
1999-10-21,155.2364,225.5
1999-10-22,154.2939,243.6
1999-10-23,152.5256,235.0
1999-10-24,150.8991,227.1
1999-10-25,151.0388,219.1
1999-10-26,151.5572,214.2
1999-10-27,152.2593,201.1
1999-10-28,151.2195,228.2
1999-10-29,152.2139,216.3
1999-10-30,153.2145,212.9
1999-10-31,154.9144,205.1
1999-11-01,155.0259,199.5
1999-11-02,156.204,205.0
1999-11-03,155.9979,187.2
1999-11-04,153.1576,180.9
1999-11-05,151.9381,181.9
1999-11-06,148.9819,179.0
1999-11-07,149.6436,167.7
1999-11-08,150.4652,164.5
1999-11-09,152.9341,170.1
1999-11-10,154.3204,159.5
1999-11-11,155.1227,158.3
1999-11-12,157.0033,160.4
1999-11-13,159.7109,160.9
1999-11-14,162.3986,147.5
1999-11-15,164.5412,143.3
1999-11-16,169.6926,138.6
1999-11-17,171.0838,138.6
1999-11-18,172.2787,148.8
1999-11-19,173.1477,145.6
1999-11-20,175.2898,151.5
1999-11-21,177.6731,159.5
1999-11-22,178.8241,154.3
1999-11-23,179.1541,154.4
1999-11-24,177.8924,161.0
1999-11-25,176.8296,163.1
1999-11-26,174.8744,173.1
1999-11-27,173.2559,187.9
1999-11-28,173.2042,194.4
1999-11-29,168.6581,198.9
1999-11-30,162.9729,200.3
1999-12-01,158.3238,202.4
1999-12-02,155.0874,210.1
1999-12-03,151.9589,195.1
1999-12-04,150.2969,191.9
1999-12-05,148.8358,176.5
1999-12-06,148.4397,172.5
1999-12-07,149.7619,171.2
1999-12-08,148.02,156.4
1999-12-09,146.2276,145.4
1999-12-10,145.9995,139.0
1999-12-11,144.6821,131.2
1999-12-12,147.4712,125.8
1999-12-13,150.2198,125.6
1999-12-14,152.0323,128.5
1999-12-15,154.4537,128.7
1999-12-16,157.5814,130.3
1999-12-17,158.3158,132.0
1999-12-18,160.5375,140.0
1999-12-19,161.6307,144.8
1999-12-20,161.772,149.6
1999-12-21,164.534,155.3
1999-12-22,168.2199,157.8
1999-12-23,172.3053,171.8
1999-12-24,172.4181,189.3
1999-12-25,171.8702,195.4
1999-12-26,171.4766,194.7
1999-12-27,170.0506,203.9
1999-12-28,168.9588,201.0
1999-12-29,168.382,190.1
1999-12-30,165.8494,188.4
1999-12-31,163.9544,172.9
2000-01-01,160.5248,165.3
2000-01-02,158.221,154.3
2000-01-03,155.4262,145.8
2000-01-04,153.0836,136.1
2000-01-05,150.2691,136.3
2000-01-06,145.8292,133.1
2000-01-07,143.3085,136.4
2000-01-08,142.8088,128.4
2000-01-09,143.7722,131.0
2000-01-10,144.8376,123.9
2000-01-11,145.0285,128.7
2000-01-12,145.3477,134.5
2000-01-13,147.321,134.1
2000-01-14,149.4303,140.2
2000-01-15,153.3098,149.7
2000-01-16,156.91,162.7
2000-01-17,160.4275,163.1
2000-01-18,163.9374,172.8
2000-01-19,165.283,177.0
2000-01-20,166.2805,169.0
2000-01-21,166.9509,170.8
2000-01-22,167.117,171.1
2000-01-23,165.9318,165.8
2000-01-24,164.123,159.1
2000-01-25,163.5842,155.9
2000-01-26,161.907,154.7
2000-01-27,157.3277,152.2
2000-01-28,154.0864,156.3
2000-01-29,150.0671,153.4
2000-01-30,148.023,137.8
2000-01-31,146.4321,141.5
2000-02-01,142.6282,149.9
2000-02-02,140.2729,148.7
2000-02-03,139.1058,168.6
2000-02-04,139.3008,181.2
2000-02-05,138.8863,188.3
2000-02-06,140.2848,206.2
2000-02-07,141.5852,210.6
2000-02-08,142.7324,222.9
2000-02-09,145.362,214.7
2000-02-10,148.9486,215.1
2000-02-11,151.8516,228.7
2000-02-12,153.2686,209.6
2000-02-13,154.2538,200.4
2000-02-14,155.4614,197.0
2000-02-15,156.9397,216.8
2000-02-16,158.2606,219.1
2000-02-17,157.9394,218.5
2000-02-18,155.9436,211.8
2000-02-19,155.1396,203.0
2000-02-20,154.8003,200.7
2000-02-21,154.2725,200.6
2000-02-22,155.2623,200.8
2000-02-23,155.4273,186.0
2000-02-24,155.2025,180.6
2000-02-25,156.3123,175.9
2000-02-26,155.9874,182.5
2000-02-27,157.6687,190.6
2000-02-28,157.967,193.0
2000-02-29,160.8945,206.5
2000-03-01,165.7049,208.7
2000-03-02,169.0258,228.9
2000-03-03,172.3358,232.2
2000-03-04,175.3274,222.7
2000-03-05,179.5894,217.7
2000-03-06,182.9372,204.1
2000-03-07,184.5695,210.4
2000-03-08,184.4722,204.1
2000-03-09,184.0459,200.3
2000-03-10,182.1136,208.3
2000-03-11,181.0218,205.1
2000-03-12,181.7117,225.1
2000-03-13,180.5138,222.7
2000-03-14,178.5353,219.3
2000-03-15,176.7022,215.5
2000-03-16,175.7757,206.9
2000-03-17,175.399,194.7
2000-03-18,174.7487,178.1
2000-03-19,174.6117,175.4
2000-03-20,174.0476,182.5
2000-03-21,176.4888,176.9
2000-03-22,177.6374,178.6
2000-03-23,179.029,182.4
2000-03-24,180.224,173.9
2000-03-25,180.2313,165.0
2000-03-26,182.5291,166.3
2000-03-27,183.658,164.9
2000-03-28,184.2161,160.2
2000-03-29,185.022,159.2
2000-03-30,185.415,161.8
2000-03-31,186.1954,169.2
2000-04-01,186.398,182.4
2000-04-02,186.543,189.2
2000-04-03,187.0092,204.1
2000-04-04,187.1537,208.4
2000-04-05,187.5074,208.1
2000-04-06,184.9649,205.1
2000-04-07,183.8785,192.4
2000-04-08,183.1963,186.0
2000-04-09,180.9701,186.0
2000-04-10,179.3607,177.5
2000-04-11,178.9326,172.0
2000-04-12,174.4946,160.1
2000-04-13,172.6279,155.3
2000-04-14,171.5039,139.6
2000-04-15,170.8617,136.8
2000-04-16,169.5962,132.1
2000-04-17,169.5723,129.1
2000-04-18,168.9153,133.4
2000-04-19,168.3029,139.6
2000-04-20,168.8709,152.5
2000-04-21,169.253,163.0
2000-04-22,170.4147,181.3
2000-04-23,170.7823,191.0
2000-04-24,171.2048,222.0
2000-04-25,173.7053,237.6
2000-04-26,177.1479,244.6
2000-04-27,180.3448,264.5
2000-04-28,182.2582,268.1
2000-04-29,180.1171,258.8
2000-04-30,180.301,260.4
2000-05-01,179.9092,251.6
2000-05-02,181.428,238.0
2000-05-03,180.414,220.3
2000-05-04,174.7663,209.5
2000-05-05,169.4102,194.3
2000-05-06,165.0203,177.4
2000-05-07,162.4256,172.4
2000-05-08,160.3401,166.2
2000-05-09,158.4214,160.2
2000-05-10,156.9736,153.1
2000-05-11,157.1868,150.5
2000-05-12,156.6913,158.7
2000-05-13,160.5474,152.3
2000-05-14,164.6309,155.3
2000-05-15,168.0358,170.7
2000-05-16,173.438,174.7
2000-05-17,177.845,176.1
2000-05-18,181.1479,186.9
2000-05-19,185.1702,185.8
2000-05-20,186.4748,179.9
2000-05-21,189.6825,174.1
2000-05-22,193.478,185.1
2000-05-23,197.9277,192.6
2000-05-24,197.4137,198.7
2000-05-25,195.1345,205.5
2000-05-26,193.4342,206.9
2000-05-27,190.5724,208.9
2000-05-28,188.0862,203.8
2000-05-29,183.7008,199.4
2000-05-30,179.3842,193.7
2000-05-31,177.7801,184.2
2000-06-01,172.5521,189.7
2000-06-02,168.3814,194.2
2000-06-03,168.1017,185.6
2000-06-04,167.2429,181.0
2000-06-05,167.2853,173.9
2000-06-06,168.0117,180.9
2000-06-07,167.1906,183.4
2000-06-08,166.0415,184.6
2000-06-09,165.4959,181.2
2000-06-10,166.443,168.8
2000-06-11,167.6889,165.0
2000-06-12,169.0198,169.2
2000-06-13,170.9116,167.9
2000-06-14,172.9673,161.5
2000-06-15,175.5324,163.7
2000-06-16,178.0728,174.4
2000-06-17,180.427,180.1
2000-06-18,181.3515,193.5
2000-06-19,182.0594,217.1
2000-06-20,183.7286,218.4
2000-06-21,183.8225,238.9
2000-06-22,182.7468,249.7
2000-06-23,181.8671,258.7
2000-06-24,180.4764,239.6
2000-06-25,179.936,210.6
2000-06-26,178.6377,220.1
2000-06-27,176.5198,226.1
2000-06-28,173.9051,235.8
2000-06-29,171.7484,270.5
2000-06-30,169.9939,258.0
2000-07-01,169.753,261.1
2000-07-02,169.1288,259.0
2000-07-03,168.3421,259.0
2000-07-04,168.5806,224.3
2000-07-05,169.961,232.0
2000-07-06,169.5969,208.2
2000-07-07,170.476,180.1
2000-07-08,173.0126,167.4
2000-07-09,173.9388,162.7
2000-07-10,177.4873,157.9
2000-07-11,181.7776,154.5
2000-07-12,186.9804,152.4
2000-07-13,190.2368,153.9
2000-07-14,191.7663,155.1
2000-07-15,195.0366,158.8
2000-07-16,195.8823,158.7
2000-07-17,197.8124,163.2
2000-07-18,199.8472,170.8
2000-07-19,199.2358,171.6
2000-07-20,200.6784,175.6
2000-07-21,201.9518,187.2
2000-07-22,204.8037,185.9
2000-07-23,204.4725,192.3
2000-07-24,206.4448,194.3
2000-07-25,206.8352,190.9
2000-07-26,203.1659,194.3
2000-07-27,199.1388,198.9
2000-07-28,195.5625,190.3
2000-07-29,191.4143,181.5
2000-07-30,187.4042,173.6
2000-07-31,183.791,160.8
2000-08-01,180.8319,156.0
2000-08-02,177.434,154.9
2000-08-03,174.3052,147.5
2000-08-04,170.5955,139.9
2000-08-05,168.377,133.5
2000-08-06,167.6631,136.0
2000-08-07,167.094,139.9
2000-08-08,166.9687,153.2
2000-08-09,168.9336,163.2
2000-08-10,169.3697,166.5
2000-08-11,170.8028,167.9
2000-08-12,172.77,165.9
2000-08-13,174.7385,160.5
2000-08-14,177.2304,156.7
2000-08-15,179.2475,156.7
2000-08-16,180.5641,173.6
2000-08-17,182.6275,183.1
2000-08-18,184.1665,181.5
2000-08-19,181.6274,175.8
2000-08-20,179.1804,165.7
2000-08-21,177.9366,153.0
2000-08-22,177.0794,142.5
2000-08-23,172.5785,136.7
2000-08-24,167.196,134.2
2000-08-25,164.0068,134.8
2000-08-26,161.0617,152.5
2000-08-27,159.1528,161.1
2000-08-28,158.4428,176.4
2000-08-29,157.1289,183.2
2000-08-30,156.2402,205.7
2000-08-31,156.4156,208.8
2000-09-01,157.2218,213.1
2000-09-02,158.4885,226.7
2000-09-03,159.1006,233.8
2000-09-04,162.283,226.7
2000-09-05,165.1223,225.8
2000-09-06,167.6539,226.8
2000-09-07,169.591,224.7
2000-09-08,171.804,205.5
2000-09-09,174.0283,203.0
2000-09-10,175.4583,192.6
2000-09-11,179.0435,194.0
2000-09-12,179.5802,201.9
2000-09-13,176.2708,202.9
2000-09-14,174.0163,192.1
2000-09-15,170.8387,184.1
2000-09-16,169.1002,173.7
2000-09-17,166.3322,157.9
2000-09-18,164.8929,155.3
2000-09-19,163.9443,148.6
2000-09-20,164.1343,140.4
2000-09-21,165.3264,139.1
2000-09-22,167.1592,150.8
2000-09-23,169.3949,161.9
2000-09-24,172.5553,167.2
2000-09-25,175.7198,162.3
2000-09-26,179.4146,160.1
2000-09-27,182.2093,159.8
2000-09-28,185.9134,153.0
2000-09-29,187.3065,149.9
2000-09-30,188.5733,156.5
2000-10-01,191.3608,159.3
2000-10-02,189.8844,156.5
2000-10-03,187.2066,158.6
2000-10-04,185.3325,164.8
2000-10-05,182.405,157.5
2000-10-06,181.7185,162.0
2000-10-07,179.6065,168.9
2000-10-08,173.196,173.7
2000-10-09,167.3093,179.7
2000-10-10,161.9676,184.5
2000-10-11,159.1906,191.0
2000-10-12,157.4588,190.5
2000-10-13,156.4216,201.2
2000-10-14,156.0055,193.2
2000-10-15,155.9484,195.5
2000-10-16,155.7667,191.4
2000-10-17,154.9054,183.1
2000-10-18,153.8421,174.9
2000-10-19,153.7759,176.6
2000-10-20,153.4259,169.5
2000-10-21,153.0567,163.0
2000-10-22,153.6991,150.4
2000-10-23,154.0726,146.6
2000-10-24,153.6144,143.6
2000-10-25,155.0649,140.6
2000-10-26,156.4218,145.4
2000-10-27,157.1767,143.2
2000-10-28,157.5754,150.7
2000-10-29,157.2916,159.6
2000-10-30,157.8728,172.9
2000-10-31,158.7345,170.7
2000-11-01,160.7418,169.6
2000-11-02,161.2021,180.9
2000-11-03,163.0223,190.1
2000-11-04,164.8962,200.1
2000-11-05,166.0595,194.0
2000-11-06,167.0128,194.6
2000-11-07,168.5036,197.0
2000-11-08,169.4319,186.6
2000-11-09,169.742,190.3
2000-11-10,168.4129,183.2
2000-11-11,166.4916,187.0
2000-11-12,164.374,179.3
2000-11-13,162.3234,162.3
2000-11-14,160.3658,158.9
2000-11-15,156.4255,147.6
2000-11-16,155.0541,142.7
2000-11-17,154.9506,136.9
2000-11-18,155.1671,139.9
2000-11-19,153.641,134.1
2000-11-20,152.8657,130.7
2000-11-21,154.0759,142.1
2000-11-22,157.0296,139.2
2000-11-23,160.9727,145.2
2000-11-24,163.4627,159.5
2000-11-25,166.4393,176.5
2000-11-26,170.7857,181.9
2000-11-27,173.9043,184.4
2000-11-28,176.6158,190.4
2000-11-29,176.4354,191.6
2000-11-30,177.7702,192.2
2000-12-01,179.76,194.8
2000-12-02,179.0159,188.2
2000-12-03,177.0432,183.8
2000-12-04,175.1531,184.7
2000-12-05,173.1725,186.7
2000-12-06,170.9626,180.9
2000-12-07,168.679,182.6
2000-12-08,164.5488,181.4
2000-12-09,159.9766,179.3
2000-12-10,158.946,175.5
2000-12-11,154.4638,176.1
2000-12-12,152.5327,163.9
2000-12-13,151.3365,165.3
2000-12-14,151.1977,170.2
2000-12-15,150.4083,164.2
2000-12-16,149.9852,168.8
2000-12-17,151.846,170.5
2000-12-18,153.741,173.4
2000-12-19,155.8577,170.9
2000-12-20,157.9552,161.5
2000-12-21,159.2183,160.8
2000-12-22,159.6286,157.4
2000-12-23,161.7884,160.5
2000-12-24,164.1703,172.5
2000-12-25,165.6542,178.3
2000-12-26,168.5025,170.6
2000-12-27,169.1774,163.8
2000-12-28,169.2374,156.6
2000-12-29,169.3513,147.0
2000-12-30,169.2937,146.6
2000-12-31,168.7228,147.7
2001-01-01,166.7555,148.3
2001-01-02,165.1794,146.7
2001-01-03,162.4742,157.1
2001-01-04,160.8664,162.0
2001-01-05,160.0127,167.2
2001-01-06,160.8474,163.4
2001-01-07,161.5834,160.5
2001-01-08,161.7318,161.8
2001-01-09,162.3578,162.6
2001-01-10,162.2643,160.5
2001-01-11,163.3964,154.9
2001-01-12,165.271,148.8
2001-01-13,166.189,156.2
2001-01-14,164.1234,161.6
2001-01-15,161.6681,159.0
2001-01-16,160.5168,144.0
2001-01-17,160.2657,160.7
2001-01-18,159.2994,165.3
2001-01-19,156.8697,159.6
2001-01-20,154.9429,152.3
2001-01-21,152.7318,158.1
2001-01-22,152.2613,156.5
2001-01-23,152.1057,147.4
2001-01-24,152.3103,140.9
2001-01-25,152.7888,137.8
2001-01-26,152.9265,134.6
2001-01-27,153.7146,131.8
2001-01-28,155.8831,126.5
2001-01-29,156.1536,126.8
2001-01-30,155.9471,129.0
2001-01-31,155.0396,134.0
2001-02-01,155.6164,142.3
2001-02-02,156.1222,140.5
2001-02-03,155.6038,142.7
2001-02-04,153.491,142.2
2001-02-05,155.6056,134.6
2001-02-06,155.7324,132.2
2001-02-07,154.3737,132.8
2001-02-08,154.7331,128.1
2001-02-09,154.8234,129.4
2001-02-10,154.3228,129.0
2001-02-11,152.8108,127.4
2001-02-12,151.3534,137.3
2001-02-13,151.1947,138.7
2001-02-14,150.8453,153.4
2001-02-15,150.4551,155.4
2001-02-16,149.0518,174.0
2001-02-17,147.2072,164.8
2001-02-18,144.6458,159.2
2001-02-19,142.3334,158.0
2001-02-20,141.5548,155.8
2001-02-21,140.42,155.7
2001-02-22,140.6687,145.6
2001-02-23,140.6565,140.7
2001-02-24,141.7495,134.7
2001-02-25,142.5357,138.5
2001-02-26,142.6274,132.9
2001-02-27,141.2566,138.5
2001-02-28,139.3156,145.7
2001-03-01,139.1568,152.1
2001-03-02,137.802,158.2
2001-03-03,137.6964,181.8
2001-03-04,138.4857,178.9
2001-03-05,140.3085,217.5
2001-03-06,140.8141,215.7
2001-03-07,143.1567,262.6
2001-03-08,145.1137,272.4
2001-03-09,145.4696,272.6
2001-03-10,146.2206,261.0
2001-03-11,147.7385,256.3
2001-03-12,148.6375,245.3
2001-03-13,148.9324,257.2
2001-03-14,149.609,236.7
2001-03-15,149.8741,223.1
2001-03-16,150.078,205.0
2001-03-17,146.4961,207.8
2001-03-18,146.071,198.0
2001-03-19,144.9264,180.0
2001-03-20,144.3289,169.7
2001-03-21,144.1604,165.4
2001-03-22,145.7269,170.4
2001-03-23,145.0003,160.3
2001-03-24,147.4402,149.8
2001-03-25,147.1084,137.8
2001-03-26,150.9447,139.6
2001-03-27,153.6392,135.1
2001-03-28,157.1844,124.3
2001-03-29,161.0845,127.1
2001-03-30,165.1559,133.0
2001-03-31,171.191,145.8
2001-04-01,178.4236,182.2
2001-04-02,183.1431,193.0
2001-04-03,186.3607,194.6
2001-04-04,186.6602,198.6
2001-04-05,187.6788,195.8
2001-04-06,187.1353,196.3
2001-04-07,186.2658,198.7
2001-04-08,184.9054,193.3
2001-04-09,183.0029,190.4
2001-04-10,180.5472,194.5
2001-04-11,175.4122,190.7
2001-04-12,170.748,187.4
2001-04-13,170.506,179.0
2001-04-14,166.9536,175.1
2001-04-15,162.6997,178.6
2001-04-16,156.9778,163.5
2001-04-17,152.3637,157.8
2001-04-18,148.8828,140.9
2001-04-19,146.9202,131.1
2001-04-20,146.7314,131.9
2001-04-21,146.4733,133.0
2001-04-22,146.3052,139.4
2001-04-23,147.7327,141.0
2001-04-24,150.0449,141.9
2001-04-25,154.0003,141.2
2001-04-26,160.2808,145.2
2001-04-27,164.2577,140.9
2001-04-28,168.2228,150.8
2001-04-29,173.1009,141.5
2001-04-30,177.2247,144.6
2001-05-01,180.2971,144.9
2001-05-02,181.7925,153.8
2001-05-03,182.3554,155.8
2001-05-04,183.9414,162.8
2001-05-05,182.4174,174.7
2001-05-06,180.7214,166.1
2001-05-07,175.0058,151.3
2001-05-08,167.8016,150.8
2001-05-09,161.5928,146.9
2001-05-10,155.947,142.3
2001-05-11,152.9523,136.0
2001-05-12,149.2854,136.6
2001-05-13,145.7096,136.8
2001-05-14,144.9317,137.8
2001-05-15,143.9295,149.5
2001-05-16,143.422,158.3
2001-05-17,144.3551,158.0
2001-05-18,144.2244,162.4
2001-05-19,145.3545,169.8
2001-05-20,145.5613,185.7
2001-05-21,144.3744,182.4
2001-05-22,144.7121,168.0
2001-05-23,148.0506,167.4
2001-05-24,153.1694,171.6
2001-05-25,156.3948,187.1
2001-05-26,159.3345,200.9
2001-05-27,163.5082,203.2
2001-05-28,168.5964,214.3
2001-05-29,171.2876,211.2
2001-05-30,172.1528,205.7
2001-05-31,173.2356,201.7
2001-06-01,174.2503,205.0
2001-06-02,174.1353,206.9
2001-06-03,173.73,206.8
2001-06-04,173.1208,213.0
2001-06-05,172.9805,201.3
2001-06-06,172.9188,188.4
2001-06-07,172.8912,173.5
2001-06-08,172.5256,152.8
2001-06-09,170.5131,144.9
2001-06-10,167.9115,144.6
2001-06-11,167.3663,141.2
2001-06-12,167.9931,140.0
2001-06-13,171.3259,138.8
2001-06-14,174.3571,136.3
2001-06-15,175.5464,131.3
2001-06-16,176.0285,123.6
2001-06-17,176.3284,120.3
2001-06-18,175.6339,121.8
2001-06-19,173.9625,130.5
2001-06-20,174.8215,134.4
2001-06-21,176.02,134.3
2001-06-22,178.2538,136.3
2001-06-23,181.336,138.3
2001-06-24,182.7216,137.7
2001-06-25,182.0604,145.4
2001-06-26,180.1205,146.8
2001-06-27,177.4022,154.7
2001-06-28,173.2415,150.4
2001-06-29,169.316,147.7
2001-06-30,165.8779,146.9
2001-07-01,163.3239,147.2
2001-07-02,161.7587,143.5
2001-07-03,160.4654,144.9
2001-07-04,158.0445,147.8
2001-07-05,154.5286,136.7
2001-07-06,148.1363,137.5
2001-07-07,147.9313,127.2
2001-07-08,147.6199,125.1
2001-07-09,148.7956,119.0
2001-07-10,149.1522,120.5
2001-07-11,149.3893,118.0
2001-07-12,150.8463,120.3
2001-07-13,151.9499,123.8
2001-07-14,152.713,124.3
2001-07-15,152.9733,135.5
2001-07-16,153.5449,152.7
2001-07-17,153.1122,160.5
2001-07-18,153.6276,168.3
2001-07-19,155.6033,171.0
2001-07-20,157.1173,171.5
2001-07-21,158.2886,167.8
2001-07-22,159.2448,164.7
2001-07-23,160.345,169.5
2001-07-24,159.3287,164.0
2001-07-25,160.4997,155.5
2001-07-26,160.1759,151.1
2001-07-27,158.8046,150.5
2001-07-28,156.9328,146.2
2001-07-29,152.8361,148.4
2001-07-30,147.9266,159.9
2001-07-31,144.2744,161.3
2001-08-01,141.8715,159.8
2001-08-02,139.4529,163.9
2001-08-03,140.2482,165.2
2001-08-04,144.3641,173.4
2001-08-05,147.4772,178.7
2001-08-06,150.5877,191.6
2001-08-07,153.8298,193.8
2001-08-08,157.1771,195.9
2001-08-09,158.9338,203.1
2001-08-10,160.853,200.9
2001-08-11,163.9612,203.0
2001-08-12,164.7048,192.2
2001-08-13,164.6054,187.4
2001-08-14,164.7656,185.7
2001-08-15,165.0626,202.1
2001-08-16,163.3555,222.1
2001-08-17,162.1027,221.8
2001-08-18,161.1046,225.6
2001-08-19,159.7484,229.5
2001-08-20,158.4635,253.1
2001-08-21,158.2156,239.5
2001-08-22,158.3709,247.8
2001-08-23,158.5181,252.9
2001-08-24,158.2531,238.1
2001-08-25,158.5731,242.6
2001-08-26,159.2396,239.3
2001-08-27,160.1123,221.7
2001-08-28,162.1979,209.3
2001-08-29,161.3572,201.1
2001-08-30,161.931,205.7
2001-08-31,161.9444,200.6
2001-09-01,162.0829,228.7
2001-09-02,163.5568,240.5
2001-09-03,167.1354,257.0
2001-09-04,172.1336,260.2
2001-09-05,175.8822,281.0
2001-09-06,178.9204,276.6
2001-09-07,181.4763,284.0
2001-09-08,184.7806,270.6
2001-09-09,184.991,285.5
2001-09-10,184.9088,240.2
2001-09-11,188.1862,236.3
2001-09-12,190.099,216.9
2001-09-13,192.004,201.1
2001-09-14,193.4404,191.8
2001-09-15,193.0993,186.5
2001-09-16,192.7729,176.8
2001-09-17,191.7851,180.2
2001-09-18,191.348,172.4
2001-09-19,186.8279,170.8
2001-09-20,186.713,175.9
2001-09-21,185.8245,178.1
2001-09-22,185.7805,174.1
2001-09-23,185.2461,178.5
2001-09-24,187.191,178.6
2001-09-25,187.1885,190.8
2001-09-26,188.4206,191.7
2001-09-27,188.511,205.8
2001-09-28,191.0652,215.8
2001-09-29,189.7768,226.9
2001-09-30,191.7933,245.6
2001-10-01,192.7343,242.5
2001-10-02,193.3141,222.0
2001-10-03,194.2891,230.4
2001-10-04,195.5968,224.1
2001-10-05,195.3563,236.0
2001-10-06,196.5515,236.1
2001-10-07,194.6318,233.6
2001-10-08,192.8131,243.4
2001-10-09,190.6899,224.2
2001-10-10,188.1625,212.8
2001-10-11,184.1402,222.7
2001-10-12,180.3682,217.8
2001-10-13,177.448,232.0
2001-10-14,176.8897,210.1
2001-10-15,176.3248,212.5
2001-10-16,176.9177,223.5
2001-10-17,176.9165,230.6
2001-10-18,178.1106,233.2
2001-10-19,181.9394,226.0
2001-10-20,185.7778,243.1
2001-10-21,187.7121,265.6
2001-10-22,191.4756,241.0
2001-10-23,194.0813,229.3
2001-10-24,198.3031,222.6
2001-10-25,201.7544,226.8
2001-10-26,204.5854,212.6
2001-10-27,206.629,202.4
2001-10-28,205.6936,197.6
2001-10-29,205.3235,194.0
2001-10-30,207.3208,183.8
2001-10-31,207.8175,186.8
2001-11-01,209.3543,180.6
2001-11-02,206.8926,179.7
2001-11-03,205.6167,185.3
2001-11-04,205.7286,172.9
2001-11-05,204.8152,168.6
2001-11-06,203.4033,165.6
2001-11-07,200.418,170.3
2001-11-08,199.5022,185.3
2001-11-09,201.6322,193.1
2001-11-10,200.995,210.5
2001-11-11,201.2953,219.6
2001-11-12,201.387,215.1
2001-11-13,203.5209,238.1
2001-11-14,203.923,228.3
2001-11-15,203.9012,226.6
2001-11-16,204.6318,230.1
2001-11-17,207.517,239.5
2001-11-18,206.4081,219.3
2001-11-19,205.1212,213.9
2001-11-20,204.9008,217.5
2001-11-21,206.179,212.3
2001-11-22,207.3105,213.9
2001-11-23,205.7637,215.7
2001-11-24,203.3135,213.4
2001-11-25,200.5076,209.9
2001-11-26,198.2838,211.0
2001-11-27,195.2727,202.5
2001-11-28,193.7295,199.0
2001-11-29,192.9048,205.0
2001-11-30,191.4066,201.6
2001-12-01,189.3571,214.0
2001-12-02,191.9494,226.7
2001-12-03,192.5057,234.9
2001-12-04,193.6187,246.3
2001-12-05,195.511,265.5
2001-12-06,198.9665,250.3
2001-12-07,200.5374,259.0
2001-12-08,204.6814,265.6
2001-12-09,208.2956,254.6
2001-12-10,208.9228,255.7
2001-12-11,209.8481,238.5
2001-12-12,211.8568,237.5
2001-12-13,212.7692,224.5
2001-12-14,212.4766,223.5
2001-12-15,212.3518,213.0
2001-12-16,211.7518,211.0
2001-12-17,211.059,205.2
2001-12-18,209.6108,190.1
2001-12-19,207.5639,182.4
2001-12-20,206.6005,192.6
2001-12-21,204.7791,216.2
2001-12-22,203.1145,217.3
2001-12-23,202.2158,221.4
2001-12-24,204.1901,225.7
2001-12-25,203.9949,232.9
2001-12-26,207.0979,221.6
2001-12-27,210.304,211.2
2001-12-28,212.6713,209.1
2001-12-29,215.5683,205.0
2001-12-30,215.4521,203.8
2001-12-31,215.4085,206.9
2002-01-01,215.6848,215.2
2002-01-02,217.796,217.5
2002-01-03,218.4122,221.5
2002-01-04,219.4404,219.4
2002-01-05,219.1199,223.6
2002-01-06,215.4952,227.6
2002-01-07,212.525,248.7
2002-01-08,210.5777,240.5
2002-01-09,210.0556,252.0
2002-01-10,207.3604,253.2
2002-01-11,206.9562,248.8
2002-01-12,206.0462,235.5
2002-01-13,205.8634,238.5
2002-01-14,203.1431,233.7
2002-01-15,200.2009,226.3
2002-01-16,201.9729,228.1
2002-01-17,202.0807,214.5
2002-01-18,202.2986,196.9
2002-01-19,203.8427,186.6
2002-01-20,207.5002,186.4
2002-01-21,211.2286,194.1
2002-01-22,213.643,210.9
2002-01-23,218.5125,196.6
2002-01-24,223.6413,203.1
2002-01-25,229.115,198.5
2002-01-26,235.912,191.3
2002-01-27,238.9336,190.3
2002-01-28,241.2202,188.9
2002-01-29,241.3646,192.0
2002-01-30,240.4118,188.4
2002-01-31,235.0697,185.1
2002-02-01,232.8416,189.1
2002-02-02,229.5601,196.7
2002-02-03,226.6475,187.9
2002-02-04,224.9184,184.2
2002-02-05,221.4226,188.9
2002-02-06,215.993,206.4
2002-02-07,212.3954,203.5
2002-02-08,209.5027,194.9
2002-02-09,207.198,200.4
2002-02-10,205.6162,184.3
2002-02-11,201.6875,187.6
2002-02-12,200.6592,179.6
2002-02-13,201.6,172.0
2002-02-14,202.1225,169.4
2002-02-15,202.1305,175.0
2002-02-16,199.6551,177.0
2002-02-17,198.1098,174.2
2002-02-18,199.4455,181.2
2002-02-19,200.8929,176.9
2002-02-20,201.8951,180.0
2002-02-21,203.8126,176.2
2002-02-22,204.9704,182.1
2002-02-23,206.9652,178.6
2002-02-24,210.362,174.9
2002-02-25,215.8401,182.7
2002-02-26,218.6657,182.7
2002-02-27,220.9848,176.5
2002-02-28,223.6455,173.3
2002-03-01,224.214,186.3
2002-03-02,224.7294,172.8
2002-03-03,224.6699,170.4
2002-03-04,223.715,169.4
2002-03-05,220.5415,174.3
2002-03-06,218.182,169.1
2002-03-07,215.4967,164.9
2002-03-08,211.9671,168.4
2002-03-09,206.3677,175.6
2002-03-10,200.5199,180.8
2002-03-11,196.0462,188.2
2002-03-12,190.1378,204.0
2002-03-13,186.796,206.7
2002-03-14,183.0938,205.9
2002-03-15,179.5395,209.4
2002-03-16,177.9933,216.3
2002-03-17,179.4425,217.6
2002-03-18,181.7001,206.7
2002-03-19,184.3062,208.4
2002-03-20,188.9424,206.8
2002-03-21,189.3394,205.8
2002-03-22,191.218,195.1
2002-03-23,194.2616,198.3
2002-03-24,195.2309,213.0
2002-03-25,194.0592,227.3
2002-03-26,192.9618,211.6
2002-03-27,192.331,204.7
2002-03-28,191.8107,197.2
2002-03-29,191.7856,195.0
2002-03-30,190.7686,189.8
2002-03-31,188.4841,181.4
2002-04-01,185.6727,179.0
2002-04-02,183.1469,175.1
2002-04-03,180.711,171.7
2002-04-04,181.1894,177.2
2002-04-05,181.7193,178.9
2002-04-06,181.8977,169.3
2002-04-07,184.4415,164.7
2002-04-08,187.3044,159.0
2002-04-09,187.9896,149.2
2002-04-10,185.865,155.2
2002-04-11,186.4388,155.6
2002-04-12,187.6983,164.9
2002-04-13,190.7287,171.7
2002-04-14,191.9252,182.0
2002-04-15,193.0806,192.7
2002-04-16,194.729,183.2
2002-04-17,196.2476,194.3
2002-04-18,197.9022,190.3
2002-04-19,198.2443,190.2
2002-04-20,198.364,193.7
2002-04-21,196.6513,194.8
2002-04-22,193.675,191.8
2002-04-23,193.5973,187.1
2002-04-24,193.8632,175.6
2002-04-25,192.0174,164.2
2002-04-26,190.2394,162.7
2002-04-27,188.8216,162.0
2002-04-28,186.608,160.7
2002-04-29,187.2442,166.8
2002-04-30,186.1578,175.0
2002-05-01,187.1688,175.4
2002-05-02,185.7455,190.4
2002-05-03,184.446,185.6
2002-05-04,184.3877,184.8
2002-05-05,183.2478,193.9
2002-05-06,182.9423,187.4
2002-05-07,181.29,188.0
2002-05-08,179.687,191.6
2002-05-09,180.2193,191.4
2002-05-10,181.6948,189.8
2002-05-11,183.4234,185.1
2002-05-12,184.3375,187.0
2002-05-13,184.2243,183.9
2002-05-14,182.2065,180.0
2002-05-15,182.1687,175.4
2002-05-16,182.463,174.7
2002-05-17,180.5462,163.7
2002-05-18,179.7186,159.1
2002-05-19,179.3931,163.1
2002-05-20,177.5152,159.9
2002-05-21,177.008,161.9
2002-05-22,174.8844,156.2
2002-05-23,171.9876,152.4
2002-05-24,171.1538,146.2
2002-05-25,169.9569,137.6
2002-05-26,170.7929,135.6
2002-05-27,171.9371,139.7
2002-05-28,173.8841,141.0
2002-05-29,175.0902,147.5
2002-05-30,176.5828,147.5
2002-05-31,178.6736,150.5
2002-06-01,178.9976,149.8
2002-06-02,179.5738,144.2
2002-06-03,178.7766,146.6
2002-06-04,178.2349,147.5
2002-06-05,177.0521,155.3
2002-06-06,177.4238,149.5
2002-06-07,178.8243,148.6
2002-06-08,178.4844,143.2
2002-06-09,178.483,141.9
2002-06-10,177.0396,147.5
2002-06-11,175.4963,151.4
2002-06-12,174.6544,152.3
2002-06-13,173.5935,153.5
2002-06-14,171.3978,152.4
2002-06-15,170.9611,151.3
2002-06-16,170.6557,143.5
2002-06-17,170.6128,138.0
2002-06-18,171.1195,141.5
2002-06-19,170.5512,135.3
2002-06-20,168.3807,140.9
2002-06-21,163.7226,133.1
2002-06-22,161.3623,135.9
2002-06-23,159.5165,137.7
2002-06-24,158.3253,139.4
2002-06-25,156.8193,148.6
2002-06-26,156.0786,164.8
2002-06-27,155.437,177.2
2002-06-28,156.7656,185.9
2002-06-29,159.763,186.6
2002-06-30,160.9931,188.3
2002-07-01,160.6234,190.7
2002-07-02,159.4706,188.7
2002-07-03,158.6338,195.8
2002-07-04,158.361,204.6
2002-07-05,156.8619,215.0
2002-07-06,154.6659,224.5
2002-07-07,154.4404,240.4
2002-07-08,153.1969,238.0
2002-07-09,153.3228,246.2
2002-07-10,150.8207,241.1
2002-07-11,149.5922,234.1
2002-07-12,144.6508,214.8
2002-07-13,142.5458,198.3
2002-07-14,142.9294,185.7
2002-07-15,145.3146,172.7
2002-07-16,146.979,155.3
2002-07-17,148.1547,146.0
2002-07-18,149.4197,148.8
2002-07-19,152.4732,140.1
2002-07-20,155.5773,138.3
2002-07-21,160.4114,144.0
2002-07-22,165.566,152.4
2002-07-23,168.5829,176.9
2002-07-24,171.8849,188.8
2002-07-25,175.6484,196.8
2002-07-26,180.0079,213.5
2002-07-27,183.7453,215.7
2002-07-28,186.2461,219.1
2002-07-29,186.0281,232.3
2002-07-30,187.0579,246.9
2002-07-31,188.6469,242.6
2002-08-01,189.9007,232.8
2002-08-02,190.5133,225.0
2002-08-03,189.7244,225.1
2002-08-04,186.5573,229.5
2002-08-05,181.7079,199.8
2002-08-06,177.1386,182.4
2002-08-07,170.0209,172.2
2002-08-08,162.7915,164.7
2002-08-09,157.2709,166.4
2002-08-10,153.0502,172.6
2002-08-11,153.0221,176.9
2002-08-12,152.0494,183.7
2002-08-13,151.9213,183.8
2002-08-14,152.0599,176.9
2002-08-15,152.7535,174.4
2002-08-16,153.9128,174.2
2002-08-17,157.1204,178.1
2002-08-18,161.8424,180.9
2002-08-19,166.3469,185.6
2002-08-20,170.7905,194.4
2002-08-21,175.5301,209.0
2002-08-22,180.0931,223.5
2002-08-23,186.1607,219.0
2002-08-24,186.3666,215.1
2002-08-25,186.0322,208.6
2002-08-26,187.742,209.2
2002-08-27,188.343,189.9
2002-08-28,187.0788,184.5
2002-08-29,187.4991,195.9
2002-08-30,187.5348,178.4
2002-08-31,187.2879,166.7
2002-09-01,185.7973,165.8
2002-09-02,183.0258,159.8
2002-09-03,179.884,161.1
2002-09-04,175.2465,154.8
2002-09-05,172.5199,158.9
2002-09-06,171.737,154.2
2002-09-07,172.4377,150.6
2002-09-08,173.1252,152.2
2002-09-09,174.4524,149.1
2002-09-10,175.0582,138.6
2002-09-11,173.9432,140.1
2002-09-12,174.9485,140.1
2002-09-13,178.6619,136.0
2002-09-14,184.5071,146.1
2002-09-15,185.3696,157.6
2002-09-16,187.7546,155.1
2002-09-17,192.957,161.6
2002-09-18,194.3037,163.5
2002-09-19,195.3151,165.1
2002-09-20,195.5274,166.8
2002-09-21,193.0406,171.4
2002-09-22,191.6269,178.7
2002-09-23,188.5185,179.7
2002-09-24,186.851,178.3
2002-09-25,184.1061,180.2
2002-09-26,180.6367,175.7
2002-09-27,177.4781,181.4
2002-09-28,176.3732,177.7
2002-09-29,171.7214,171.3
2002-09-30,167.5708,178.1
2002-10-01,164.7359,178.7
2002-10-02,160.6117,180.8
2002-10-03,157.1093,167.7
2002-10-04,155.2872,161.9
2002-10-05,153.6912,158.5
2002-10-06,153.8574,170.9
2002-10-07,154.1499,156.1
2002-10-08,153.6956,155.2
2002-10-09,155.8264,156.3
2002-10-10,157.888,159.4
2002-10-11,161.2587,165.3
2002-10-12,164.9539,167.7
2002-10-13,168.5372,159.7
2002-10-14,171.9435,162.1
2002-10-15,173.8759,166.5
2002-10-16,177.2848,174.4
2002-10-17,180.0785,180.0
2002-10-18,181.253,181.2
2002-10-19,182.1134,186.4
2002-10-20,182.3262,185.5
2002-10-21,181.7248,187.0
2002-10-22,178.8104,187.7
2002-10-23,175.8726,181.0
2002-10-24,172.9842,174.6
2002-10-25,170.3107,178.6
2002-10-26,162.8157,180.2
2002-10-27,158.4913,193.2
2002-10-28,156.8929,194.8
2002-10-29,156.8874,180.5
2002-10-30,157.6077,174.8
2002-10-31,158.8172,164.3
2002-11-01,156.6492,155.3
2002-11-02,155.8416,147.2
2002-11-03,155.4942,145.5
2002-11-04,155.5178,143.8
2002-11-05,156.0931,143.5
2002-11-06,156.2688,133.2
2002-11-07,159.0626,138.5
2002-11-08,162.8613,138.8
2002-11-09,167.3482,136.0
2002-11-10,171.6921,137.5
2002-11-11,173.1242,142.1
2002-11-12,173.9642,145.5
2002-11-13,177.7906,142.0
2002-11-14,179.9024,141.8
2002-11-15,182.5442,144.5
2002-11-16,183.7792,144.4
2002-11-17,183.7359,143.9
2002-11-18,182.1925,146.6
2002-11-19,179.3256,149.8
2002-11-20,174.7011,151.6
2002-11-21,169.0126,156.5
2002-11-22,164.0404,147.7
2002-11-23,159.818,148.4
2002-11-24,155.6021,161.8
2002-11-25,152.1228,180.1
2002-11-26,151.7181,196.6
2002-11-27,149.5152,196.5
2002-11-28,147.7298,205.8
2002-11-29,143.559,190.6
2002-11-30,141.212,186.7
2002-12-01,139.836,190.3
2002-12-02,137.3845,177.9
2002-12-03,134.8415,166.4
2002-12-04,133.4105,153.7
2002-12-05,133.573,142.5
2002-12-06,134.9337,127.6
2002-12-07,137.5986,123.2
2002-12-08,140.6417,112.7
2002-12-09,145.3041,113.1
2002-12-10,146.9376,111.0
2002-12-11,148.4295,110.1
2002-12-12,150.6582,111.3
2002-12-13,154.7248,111.2
2002-12-14,155.329,114.4
2002-12-15,157.4507,127.0
2002-12-16,157.7562,138.2
2002-12-17,160.2574,143.2
2002-12-18,161.1059,156.8
2002-12-19,160.7759,157.8
2002-12-20,163.9506,168.0
2002-12-21,165.4781,176.9
2002-12-22,166.0752,178.7
2002-12-23,167.2743,182.6
2002-12-24,165.9954,167.7
2002-12-25,164.314,166.2
2002-12-26,162.3914,158.6
2002-12-27,157.8417,145.0
2002-12-28,156.1312,139.9
2002-12-29,149.234,137.1
2002-12-30,145.2326,133.0
2002-12-31,140.086,126.1
2003-01-01,137.83,133.7
2003-01-02,136.3121,129.4
2003-01-03,137.4123,125.4
2003-01-04,137.3827,131.6
2003-01-05,138.0257,125.8
2003-01-06,139.923,124.9
2003-01-07,142.6711,121.2
2003-01-08,144.0396,117.7
2003-01-09,146.0555,121.8
2003-01-10,147.6009,120.7
2003-01-11,151.1786,117.6
2003-01-12,153.9036,116.9
2003-01-13,157.028,122.1
2003-01-14,159.1824,123.0
2003-01-15,159.7445,128.7
2003-01-16,160.3113,131.0
2003-01-17,161.0326,136.2
2003-01-18,160.7797,145.4
2003-01-19,160.5642,143.3
2003-01-20,161.9193,135.4
2003-01-21,162.093,137.6
2003-01-22,161.1642,132.6
2003-01-23,160.1274,131.4
2003-01-24,156.531,128.2
2003-01-25,150.0628,127.3
2003-01-26,147.3815,128.1
2003-01-27,144.0203,120.6
2003-01-28,143.3306,115.7
2003-01-29,142.5363,109.4
2003-01-30,140.8361,107.4
2003-01-31,139.5202,113.6
2003-02-01,139.3179,115.7
2003-02-02,137.5703,117.0
2003-02-03,136.512,104.3
2003-02-04,132.8449,101.8
2003-02-05,131.0528,99.9
2003-02-06,132.1993,99.5
2003-02-07,131.3239,107.2
2003-02-08,131.9419,115.4
2003-02-09,133.4614,122.6
2003-02-10,133.155,135.6
2003-02-11,133.8075,131.4
2003-02-12,136.4069,146.5
2003-02-13,139.9538,143.6
2003-02-14,144.2314,146.2
2003-02-15,147.1087,147.9
2003-02-16,147.574,147.6
2003-02-17,143.3059,146.2
2003-02-18,143.614,150.6
2003-02-19,143.7284,141.7
2003-02-20,144.4345,139.7
2003-02-21,141.8442,136.2
2003-02-22,134.3154,132.5
2003-02-23,130.764,137.3
2003-02-24,127.771,129.3
2003-02-25,125.77,127.2
2003-02-26,124.8582,123.1
2003-02-27,125.1077,117.3
2003-02-28,125.0364,107.2
2003-03-01,124.7211,96.6
2003-03-02,123.0472,90.3
2003-03-03,125.0846,88.3
2003-03-04,123.3051,92.4
2003-03-05,122.7224,97.3
2003-03-06,123.6599,108.2
2003-03-07,125.467,126.6
2003-03-08,127.2988,140.5
2003-03-09,130.7662,146.4
2003-03-10,132.3856,154.6
2003-03-11,135.0941,154.2
2003-03-12,137.4975,159.8
2003-03-13,138.2308,152.8
2003-03-14,138.9324,157.3
2003-03-15,140.2154,155.7
2003-03-16,141.8109,152.7
2003-03-17,143.1194,137.5
2003-03-18,144.403,126.1
2003-03-19,143.152,115.9
2003-03-20,138.7553,112.6
2003-03-21,132.9204,109.7
2003-03-22,123.5755,104.1
2003-03-23,117.6303,103.0
2003-03-24,114.2359,102.6
2003-03-25,112.9733,103.0
2003-03-26,113.2186,102.6
2003-03-27,113.5488,101.1
2003-03-28,113.0744,99.2
2003-03-29,115.4391,101.8
2003-03-30,116.0806,108.7
2003-03-31,117.9696,113.1
2003-04-01,120.9988,119.7
2003-04-02,126.1986,127.0
2003-04-03,131.5067,133.8
2003-04-04,135.4712,134.3
2003-04-05,136.8064,129.8
2003-04-06,137.6361,145.3
2003-04-07,138.4423,145.5
2003-04-08,137.4922,156.1
2003-04-09,135.6116,154.3
2003-04-10,131.7079,157.4
2003-04-11,128.5546,155.8
2003-04-12,125.7766,151.0
2003-04-13,123.0393,159.0
2003-04-14,119.9962,150.1
2003-04-15,117.9968,144.4
2003-04-16,112.7788,131.1
2003-04-17,109.7014,124.1
2003-04-18,108.9813,112.2
2003-04-19,108.2961,102.8
2003-04-20,108.0684,98.9
2003-04-21,108.426,94.5
2003-04-22,109.4439,93.4
2003-04-23,110.9801,95.8
2003-04-24,112.7627,98.1
2003-04-25,116.741,98.3
2003-04-26,119.0309,101.4
2003-04-27,121.9783,104.9
2003-04-28,123.7019,104.7
2003-04-29,126.3462,111.5
2003-04-30,130.5059,117.4
2003-05-01,133.2743,120.0
2003-05-02,136.8916,122.2
2003-05-03,139.1642,121.3
2003-05-04,141.0093,120.9
2003-05-05,140.9637,119.8
2003-05-06,141.1761,124.3
2003-05-07,138.9112,128.4
2003-05-08,134.147,132.3
2003-05-09,129.7463,133.7
2003-05-10,125.4988,127.8
2003-05-11,122.6149,120.4
2003-05-12,120.859,116.3
2003-05-13,117.1142,115.5
2003-05-14,114.197,124.8
2003-05-15,112.6828,117.8
2003-05-16,111.8157,108.7
2003-05-17,110.6994,117.0
2003-05-18,109.6307,129.4
2003-05-19,112.1548,137.2
2003-05-20,113.4792,158.0
2003-05-21,114.4846,163.1
2003-05-22,117.3044,182.0
2003-05-23,118.9401,198.9
2003-05-24,120.2403,168.6
2003-05-25,119.8047,155.8
2003-05-26,120.7919,137.7
2003-05-27,121.7944,132.8
2003-05-28,123.1543,126.5
2003-05-29,125.5245,125.8
2003-05-30,127.3649,124.3
2003-05-31,128.8663,122.55
2003-06-01,130.5702,120.8
2003-06-02,130.6144,118.8
2003-06-03,125.821,113.9
2003-06-04,120.8664,117.2
2003-06-05,119.1632,118.3
2003-06-06,118.559,120.2
2003-06-07,119.0691,122.9
2003-06-08,120.0986,128.1
2003-06-09,120.4759,128.1
2003-06-10,123.0554,131.6
2003-06-11,126.8816,132.5
2003-06-12,129.046,135.6
2003-06-13,131.8367,139.3
2003-06-14,133.0019,136.7
2003-06-15,136.3154,144.8
2003-06-16,137.5247,146.7
2003-06-17,138.2523,135.3
2003-06-18,138.4914,137.8
2003-06-19,136.7093,135.7
2003-06-20,132.9426,130.2
2003-06-21,128.798,126.9
2003-06-22,124.6155,126.1
2003-06-23,121.2188,125.5
2003-06-24,118.5598,130.7
2003-06-25,116.5752,131.4
2003-06-26,115.4431,129.9
2003-06-27,115.9099,137.5
2003-06-28,116.0582,143.2
2003-06-29,116.6656,144.3
2003-06-30,117.1318,150.8
2003-07-01,117.613,162.4
2003-07-02,118.7229,160.7
2003-07-03,119.2614,157.4
2003-07-04,120.8741,148.7
2003-07-05,120.2607,129.2
2003-07-06,122.1368,115.1
2003-07-07,125.049,105.9
2003-07-08,127.4399,104.9
2003-07-09,128.1072,106.6
2003-07-10,130.0097,103.0
2003-07-11,131.393,101.7
2003-07-12,131.5507,105.2
2003-07-13,133.5535,110.6
2003-07-14,134.2466,114.7
2003-07-15,134.6557,123.6
2003-07-16,134.706,126.0
2003-07-17,133.9829,134.4
2003-07-18,131.9451,132.4
2003-07-19,131.21,140.9
2003-07-20,132.3333,136.6
2003-07-21,132.2735,133.6
2003-07-22,133.2928,134.7
2003-07-23,135.3181,132.7
2003-07-24,135.349,126.6
2003-07-25,133.8447,134.3
2003-07-26,131.4425,133.1
2003-07-27,129.5564,134.7
2003-07-28,128.0397,130.1
2003-07-29,124.7028,122.3
2003-07-30,120.238,118.7
2003-07-31,120.1268,119.5
2003-08-01,118.3946,114.5
2003-08-02,117.0079,122.0
2003-08-03,116.2143,123.7
2003-08-04,114.873,122.9
2003-08-05,115.0414,120.95
2003-08-06,115.2488,119.0
2003-08-07,116.667,123.4
2003-08-08,118.697,128.3
2003-08-09,121.6181,121.1
2003-08-10,123.8703,118.7
2003-08-11,125.6447,116.2
2003-08-12,126.7756,111.8
2003-08-13,129.756,110.1
2003-08-14,130.717,107.6
2003-08-15,129.1921,112.4
2003-08-16,128.4252,114.1
2003-08-17,127.8858,109.8
2003-08-18,127.1451,106.6
2003-08-19,126.6058,109.4
2003-08-20,126.7878,100.3
2003-08-21,127.2627,97.3
2003-08-22,127.5054,100.6
2003-08-23,127.918,98.0
2003-08-24,128.326,95.6
2003-08-25,129.1302,97.3
2003-08-26,130.378,95.8
2003-08-27,132.4436,98.4
2003-08-28,133.3956,100.4
2003-08-29,133.1533,107.0
2003-08-30,133.5414,110.2
2003-08-31,132.7417,112.1
2003-09-01,131.8052,116.5
2003-09-02,131.0602,120.9
2003-09-03,130.8153,123.5
2003-09-04,131.106,125.7
2003-09-05,131.0411,134.3
2003-09-06,131.4379,133.4
2003-09-07,131.3298,131.8
2003-09-08,129.3416,130.3
2003-09-09,124.6938,137.6
2003-09-10,121.8228,135.6
2003-09-11,121.6612,133.3
2003-09-12,121.5012,137.1
2003-09-13,121.651,125.0
2003-09-14,122.0684,120.3
2003-09-15,122.3267,119.0
2003-09-16,122.3447,109.6
2003-09-17,123.5957,112.0
2003-09-18,124.5714,111.8
2003-09-19,125.0729,113.1
2003-09-20,126.2219,110.5
2003-09-21,126.38,111.4
2003-09-22,125.269,105.4
2003-09-23,124.3106,97.4
2003-09-24,122.3143,94.0
2003-09-25,121.0768,91.9
2003-09-26,119.4734,95.3
2003-09-27,118.4875,94.6
2003-09-28,119.6226,98.1
2003-09-29,121.3689,107.8
2003-09-30,123.5364,119.4
2003-10-01,125.8629,133.9
2003-10-02,125.2954,150.2
2003-10-03,125.4767,152.0
2003-10-04,125.0904,181.3
2003-10-05,123.8843,188.5
2003-10-06,120.9674,219.0
2003-10-07,119.734,240.6
2003-10-08,119.6017,254.0
2003-10-09,119.6011,268.4
2003-10-10,119.7375,275.4
2003-10-11,119.1261,267.6
2003-10-12,116.7533,245.2
2003-10-13,112.6264,233.2
2003-10-14,110.9451,187.4
2003-10-15,110.7949,164.2
2003-10-16,112.1895,165.6
2003-10-17,113.8088,112.1
2003-10-18,116.6045,96.1
2003-10-19,117.702,89.4
2003-10-20,118.7558,91.0
2003-10-21,119.6938,91.2
2003-10-22,118.7464,92.8
2003-10-23,119.3946,93.7
2003-10-24,118.4855,95.8
2003-10-25,118.9543,100.0
2003-10-26,121.6045,96.8
2003-10-27,125.7514,95.6
2003-10-28,130.6194,102.0
2003-10-29,134.1778,118.2
2003-10-30,139.3955,141.0
2003-10-31,144.4443,151.5
2003-11-01,150.0851,171.0
2003-11-02,152.4621,172.8
2003-11-03,154.7405,171.9
2003-11-04,157.734,173.8
2003-11-05,152.0096,172.8
2003-11-06,147.0835,166.3
2003-11-07,142.3726,166.5
2003-11-08,134.8922,170.1
2003-11-09,131.0324,163.2
2003-11-10,127.7954,161.4
2003-11-11,125.3603,148.6
2003-11-12,123.5881,139.3
2003-11-13,122.2147,135.4
2003-11-14,117.0345,120.3
2003-11-15,112.2925,112.5
2003-11-16,108.9355,108.5
2003-11-17,108.0961,105.7
2003-11-18,108.8132,89.3
2003-11-19,108.8634,90.9
2003-11-20,109.5499,89.4
2003-11-21,109.7413,86.5
2003-11-22,111.2512,83.4
2003-11-23,116.294,84.5
2003-11-24,121.3075,85.0
2003-11-25,123.7445,89.5
2003-11-26,126.8768,97.7
2003-11-27,131.2669,103.0
2003-11-28,136.2253,113.8
2003-11-29,140.7839,119.1
2003-11-30,143.5686,118.6
2003-12-01,146.3954,125.9
2003-12-02,147.3897,129.1
2003-12-03,145.4987,133.2
2003-12-04,145.6739,137.4
2003-12-05,143.9103,134.4
2003-12-06,140.7531,134.6
2003-12-07,135.2566,132.7
2003-12-08,132.58,124.3
2003-12-09,128.5801,115.1
2003-12-10,124.9246,110.7
2003-12-11,119.864,104.2
2003-12-12,115.0371,104.4
2003-12-13,110.7282,112.2
2003-12-14,110.6342,112.6
2003-12-15,110.9591,112.3
2003-12-16,109.5465,115.5
2003-12-17,110.1962,119.0
2003-12-18,111.8012,113.4
2003-12-19,113.6872,114.9
2003-12-20,116.7686,116.1
2003-12-21,117.6851,114.4
2003-12-22,120.5252,115.3
2003-12-23,123.6055,114.6
2003-12-24,126.3883,114.4
2003-12-25,130.2148,114.1
2003-12-26,135.4339,117.1
2003-12-27,139.1088,115.2
2003-12-28,141.4304,116.4
2003-12-29,143.2496,118.6
2003-12-30,142.0236,115.6
2003-12-31,142.2733,130.3
2004-01-01,143.267,124.8
2004-01-02,142.2394,126.0
2004-01-03,141.0428,117.9
2004-01-04,139.7922,111.6
2004-01-05,137.4528,104.1
2004-01-06,133.6214,99.1
2004-01-07,129.593,95.0
2004-01-08,125.3089,90.8
2004-01-09,120.4675,85.9
2004-01-10,119.6437,84.8
2004-01-11,118.9307,89.9
2004-01-12,117.5164,91.6
2004-01-13,115.3967,94.5
2004-01-14,111.8251,98.5
2004-01-15,109.2067,96.6
2004-01-16,108.1651,98.6
2004-01-17,108.6052,102.5
2004-01-18,109.5426,103.7
2004-01-19,111.2304,108.1
2004-01-20,110.5059,113.1
2004-01-21,112.7505,114.7
2004-01-22,114.7206,113.5
2004-01-23,117.1525,111.2
2004-01-24,118.6884,109.3
2004-01-25,119.9584,105.1
2004-01-26,118.672,101.1
2004-01-27,111.004,99.6
2004-01-28,106.4487,96.3
2004-01-29,107.5542,99.5
2004-01-30,108.5913,95.4
2004-01-31,106.9486,94.2
2004-02-01,105.3004,93.2
2004-02-02,103.7451,96.0
2004-02-03,101.6606,101.7
2004-02-04,101.6185,102.1
2004-02-05,103.9043,103.4
2004-02-06,104.1801,116.1
2004-02-07,103.5983,118.4
2004-02-08,104.8372,119.8
2004-02-09,104.5375,113.6
2004-02-10,105.1369,108.0
2004-02-11,107.6553,100.0
2004-02-12,110.0786,97.1
2004-02-13,111.6436,88.9
2004-02-14,112.3814,95.9
2004-02-15,113.812,105.0
2004-02-16,113.8652,102.9
2004-02-17,113.4654,104.6
2004-02-18,114.0959,106.3
2004-02-19,114.047,107.2
2004-02-20,111.1257,111.1
2004-02-21,109.746,111.7
2004-02-22,108.9502,106.2
2004-02-23,106.7814,102.6
2004-02-24,105.5786,101.3
2004-02-25,105.6199,100.3
2004-02-26,105.3256,108.5
2004-02-27,106.5878,108.8
2004-02-28,107.8216,114.4
2004-02-29,109.4511,111.3
2004-03-01,109.8744,112.7
2004-03-02,110.1138,110.4
2004-03-03,109.1232,115.6
2004-03-04,107.7618,117.6
2004-03-05,108.7222,119.0
2004-03-06,108.5687,126.4
2004-03-07,108.5021,123.2
2004-03-08,107.16,127.2
2004-03-09,104.9463,128.6
2004-03-10,104.4179,128.3
2004-03-11,102.7862,126.4
2004-03-12,100.9259,121.0
2004-03-13,97.7355,112.6
2004-03-14,96.0446,108.1
2004-03-15,95.3585,107.4
2004-03-16,96.5611,109.0
2004-03-17,97.6623,108.9
2004-03-18,99.1591,101.6
2004-03-19,99.4076,98.4
2004-03-20,99.5452,93.8
2004-03-21,97.7202,90.3
2004-03-22,98.1082,88.1
2004-03-23,97.9177,90.0
2004-03-24,100.2239,91.8
2004-03-25,102.8263,93.6
2004-03-26,103.7048,95.8
2004-03-27,107.2288,97.4
2004-03-28,109.951,97.6
2004-03-29,110.5087,99.0
2004-03-30,108.9698,110.0
2004-03-31,107.2088,114.5
2004-04-01,104.9982,111.8
2004-04-02,105.8289,113.9
2004-04-03,107.4499,118.4
2004-04-04,109.5694,116.6
2004-04-05,110.5882,112.9
2004-04-06,110.3886,108.4
2004-04-07,109.142,100.9
2004-04-08,106.8059,96.4
2004-04-09,102.3058,90.7
2004-04-10,101.5125,89.8
2004-04-11,100.8506,90.8
2004-04-12,101.8005,95.7
2004-04-13,102.6369,99.1
2004-04-14,103.5808,92.8
2004-04-15,103.8288,88.9
2004-04-16,104.8125,90.1
2004-04-17,105.2845,88.0
2004-04-18,107.0642,86.8
2004-04-19,106.3782,88.9
2004-04-20,106.7115,95.0
2004-04-21,107.6501,94.8
2004-04-22,109.6246,92.0
2004-04-23,111.1846,100.9
2004-04-24,112.6761,103.0
2004-04-25,113.2668,112.1
2004-04-26,114.0978,117.9
2004-04-27,114.5882,121.0
2004-04-28,114.8427,113.7
2004-04-29,114.265,110.4
2004-04-30,113.5702,111.4
2004-05-01,113.5469,107.2
2004-05-02,114.4264,109.6
2004-05-03,114.791,105.0
2004-05-04,114.5303,106.6
2004-05-05,113.9443,107.9
2004-05-06,111.4363,105.1
2004-05-07,109.5661,106.1
2004-05-08,108.7078,104.6
2004-05-09,108.7465,105.2
2004-05-10,107.3037,104.0
2004-05-11,103.29,102.4
2004-05-12,101.664,98.1
2004-05-13,100.2428,92.5
2004-05-14,99.5422,93.0
2004-05-15,98.1279,92.6
2004-05-16,98.2675,92.0
2004-05-17,98.5504,87.0
2004-05-18,99.4327,91.0
2004-05-19,102.947,91.2
2004-05-20,106.0172,88.6
2004-05-21,108.4628,87.9
2004-05-22,108.9311,85.0
2004-05-23,109.9156,86.5
2004-05-24,110.8883,90.7
2004-05-25,111.6263,98.2
2004-05-26,112.4394,103.1
2004-05-27,112.5379,112.9
2004-05-28,112.9365,115.1
2004-05-29,114.2394,114.9
2004-05-30,114.7067,111.3
2004-05-31,114.3083,116.4
2004-06-01,112.2316,123.0
2004-06-02,109.2311,119.6
2004-06-03,107.317,120.5
2004-06-04,105.8359,116.2
2004-06-05,102.6002,111.9
2004-06-06,102.0596,106.3
2004-06-07,100.9567,102.2
2004-06-08,100.015,97.3
2004-06-09,99.1779,92.4
2004-06-10,98.1821,87.9
2004-06-11,97.609,84.5
2004-06-12,95.8469,84.0
2004-06-13,95.7119,83.4
2004-06-14,95.1133,82.2
2004-06-15,94.9278,82.1
2004-06-16,94.1624,80.9
2004-06-17,93.2798,81.6
2004-06-18,94.2643,81.9
2004-06-19,96.3472,84.6
2004-06-20,98.873,89.6
2004-06-21,100.1431,96.4
2004-06-22,102.6032,107.9
2004-06-23,104.3628,129.2
2004-06-24,106.4252,131.6
2004-06-25,108.373,142.6
2004-06-26,109.5196,150.5
2004-06-27,110.3857,151.3
2004-06-28,109.5728,154.1
2004-06-29,107.9826,160.2
2004-06-30,103.3511,175.8
2004-07-01,100.1214,180.8
2004-07-02,96.7299,177.7
2004-07-03,93.3869,178.4
2004-07-04,90.8386,170.4
2004-07-05,89.7794,151.8
2004-07-06,88.8258,143.9
2004-07-07,88.3747,132.0
2004-07-08,86.9003,121.8
2004-07-09,86.6227,103.8
2004-07-10,86.7993,102.8
2004-07-11,88.4315,91.4
2004-07-12,92.3269,89.0
2004-07-13,95.1653,85.8
2004-07-14,98.1048,87.0
2004-07-15,100.7917,90.1
2004-07-16,103.0939,87.9
2004-07-17,105.8106,91.5
2004-07-18,108.389,93.6
2004-07-19,111.6062,97.3
2004-07-20,113.5323,107.7
2004-07-21,114.0562,117.0
2004-07-22,117.0766,124.7
2004-07-23,119.6272,134.3
2004-07-24,121.0426,151.1
2004-07-25,124.6763,152.5
2004-07-26,126.8662,153.1
2004-07-27,126.4183,142.4
2004-07-28,124.4678,137.0
2004-07-29,122.6622,138.3
2004-07-30,116.1996,143.3
2004-07-31,110.2605,123.5
2004-08-01,105.3196,124.2
2004-08-02,101.5714,122.8
2004-08-03,99.5266,117.8
2004-08-04,96.9099,111.9
2004-08-05,94.096,107.2
2004-08-06,92.6233,102.5
2004-08-07,91.7306,99.5
2004-08-08,91.9797,92.3
2004-08-09,93.3285,88.9
2004-08-10,94.4439,87.7
2004-08-11,95.3531,91.6
2004-08-12,97.3898,89.7
2004-08-13,98.1374,91.5
2004-08-14,99.7232,95.6
2004-08-15,102.5276,98.3
2004-08-16,105.1365,100.9
2004-08-17,109.3181,104.8
2004-08-18,114.041,108.2
2004-08-19,114.2646,120.7
2004-08-20,115.0413,126.3
2004-08-21,116.8006,132.8
2004-08-22,119.2023,131.8
2004-08-23,119.8178,117.9
2004-08-24,120.9698,116.0
2004-08-25,121.5833,119.1
2004-08-26,120.8413,116.0
2004-08-27,118.3368,110.8
2004-08-28,116.4005,109.4
2004-08-29,114.2351,105.5
2004-08-30,113.8901,103.6
2004-08-31,111.6205,106.1
2004-09-01,108.7659,101.3
2004-09-02,106.0538,95.6
2004-09-03,103.8152,92.0
2004-09-04,102.2461,90.8
2004-09-05,102.2331,89.9
2004-09-06,103.5409,89.9
2004-09-07,106.506,89.9
2004-09-08,109.8926,90.2
2004-09-09,114.9356,90.2
2004-09-10,118.4892,90.0
2004-09-11,119.1414,88.4
2004-09-12,120.2952,88.1
2004-09-13,121.8276,88.1
2004-09-14,122.4692,89.1
2004-09-15,120.8814,90.7
2004-09-16,117.761,90.8
2004-09-17,114.114,92.0
2004-09-18,111.1058,93.7
2004-09-19,110.7408,90.4
2004-09-20,109.031,87.7
2004-09-21,107.2612,88.7
2004-09-22,103.809,86.6
2004-09-23,103.6252,87.2
2004-09-24,103.854,89.4
2004-09-25,103.8081,90.2
2004-09-26,102.905,88.6
2004-09-27,102.6533,91.1
2004-09-28,100.8648,91.2
2004-09-29,98.782,95.5
2004-09-30,97.2916,98.2
2004-10-01,95.5238,110.3
2004-10-02,95.6396,111.0
2004-10-03,97.451,121.2
2004-10-04,99.3423,130.2
2004-10-05,101.3009,138.7
2004-10-06,104.5098,141.5
2004-10-07,107.983,135.0
2004-10-08,109.672,127.8
2004-10-09,111.4297,134.0
2004-10-10,105.096,128.8
2004-10-11,102.2574,134.4
2004-10-12,104.036,137.1
2004-10-13,105.0517,133.4
2004-10-14,104.3035,131.0
2004-10-15,101.527,129.4
2004-10-16,101.2763,128.6
2004-10-17,98.8738,138.8
2004-10-18,97.2322,126.5
2004-10-19,94.6328,127.2
2004-10-20,94.1485,121.7
2004-10-21,93.8904,124.2
2004-10-22,95.4544,102.6
2004-10-23,97.1784,93.0
2004-10-24,98.3773,94.0
2004-10-25,99.4852,94.4
2004-10-26,100.2923,98.1
2004-10-27,101.6248,103.3
2004-10-28,103.7123,104.2
2004-10-29,104.4601,102.5
2004-10-30,105.8158,101.6
2004-10-31,107.2461,100.9
2004-11-01,108.8074,96.9
2004-11-02,109.5047,98.5
2004-11-03,109.9084,103.7
2004-11-04,110.8435,104.2
2004-11-05,113.1448,104.5
2004-11-06,113.744,106.6
2004-11-07,114.7956,108.2
2004-11-08,116.2906,107.4
2004-11-09,119.3733,109.8
2004-11-10,118.207,108.4
2004-11-11,117.4475,107.5
2004-11-12,115.8684,107.8
2004-11-13,110.9323,102.6
2004-11-14,108.5282,97.9
2004-11-15,106.7703,94.6
2004-11-16,105.0421,93.1
2004-11-17,103.8636,90.4
2004-11-18,103.1406,87.1
2005-02-18,100.8782,98.5
2005-02-19,102.7358,100.3
2005-02-20,104.4976,103.6
2005-02-21,105.9199,108.8
2005-02-22,107.0893,112.5
2005-02-23,106.7072,110.3
2005-02-24,103.7967,107.0
2005-02-25,101.129,103.6
2005-02-26,99.3099,100.7
2005-02-27,94.1046,95.7
2005-02-28,88.3439,92.2
2005-03-01,86.0414,88.3
2005-03-02,84.4222,89.2
2005-03-03,84.2808,86.7
2005-03-04,82.4446,87.1
2005-03-05,81.3065,86.6
2005-03-06,79.9163,81.7
2005-03-07,79.8797,77.4
2005-03-08,80.7567,78.1
2005-03-09,83.0164,79.4
2005-03-10,83.562,78.6
2005-03-11,83.6513,77.5
2005-03-12,84.0956,76.5
2005-03-13,87.3938,78.2
2005-03-14,90.9907,80.2
2005-03-15,94.5936,81.1
2005-03-16,97.8011,84.9
2005-03-17,101.0225,88.5
2005-03-18,103.1351,88.2
2005-03-19,104.5899,88.0
2005-03-20,104.6617,87.9
2005-03-21,105.179,88.8
2005-03-22,105.152,88.6
2005-03-23,104.6133,87.9
2005-03-24,102.9626,85.3
2005-03-25,100.3642,84.0
2005-03-26,97.3982,86.0
2005-03-27,94.7362,85.5
2005-03-28,92.4473,83.6
2005-03-29,90.2691,84.2
2005-03-30,87.6295,82.0
2005-03-31,85.3944,78.9
2005-04-01,83.9257,77.8
2005-04-02,82.5892,77.9
2005-04-03,81.2941,78.1
2005-04-04,81.6943,80.2
2005-04-05,83.1666,83.2
2005-04-06,84.0903,87.1
2005-04-07,85.2929,92.1
2005-04-08,86.0853,96.6
2005-04-09,87.8089,99.4
2005-04-10,89.5414,106.5
2005-04-11,88.9816,108.0
2005-04-12,88.949,113.4
2005-04-13,87.9598,113.3
2005-04-14,87.8633,114.2
2005-04-15,87.6738,110.6
2005-04-16,88.992,111.0
2005-04-17,89.4836,112.4
2005-04-18,87.8588,101.8
2005-04-19,85.6826,103.2
2005-04-20,84.7828,112.2
2005-04-21,84.9602,121.6
2005-04-22,85.4904,127.9
2005-04-23,86.4309,119.9
2005-04-24,82.0099,115.5
2005-04-25,84.3653,101.7
2005-04-26,84.1137,105.2
2005-04-27,84.1806,101.4
2005-04-28,84.7598,92.0
2005-04-29,85.5285,85.8
2005-04-30,85.9241,86.7
2005-05-01,87.8664,85.6
2005-05-02,89.5934,83.9
2005-05-03,91.9267,84.2
2005-05-04,93.7308,85.5
2005-05-05,95.1463,87.4
2005-05-06,96.3003,86.0
2005-05-07,96.8637,92.8
2005-05-08,96.5553,98.1
2005-05-09,96.4389,95.1
2005-05-10,97.1894,95.3
2005-05-11,98.9443,97.5
2005-05-12,99.2911,99.0
2005-05-13,100.3536,96.9
2005-05-14,99.7802,96.0
2005-05-15,99.0869,98.0
2005-05-16,97.6182,99.8
2005-05-17,95.8715,108.6
2005-05-18,94.1504,109.2
2005-05-19,93.2935,112.4
2005-05-20,92.4683,119.3
2005-05-21,90.7149,119.7
2005-05-22,88.8956,117.9
2005-05-23,86.2534,111.4
2005-05-24,84.455,106.3
2005-05-25,82.8897,94.7
2005-05-26,83.6047,96.8
2005-05-27,84.4257,97.5
2005-05-28,85.016,100.2
2005-05-29,85.9187,93.7
2005-05-30,88.4606,92.9
2005-05-31,90.9356,89.8
2005-06-01,92.931,88.9
2005-06-02,92.9156,85.5
2005-06-03,92.8863,82.1
2005-06-04,92.9334,80.1
2005-06-05,93.0894,79.2
2005-06-06,94.04,79.3
2005-06-07,95.9196,81.3
2005-06-08,97.1932,80.0
2005-06-09,98.0053,82.6
2005-06-10,99.0661,91.2
2005-06-11,98.4042,104.85
2005-06-12,98.6866,118.5
2005-06-13,98.7729,128.0
2005-06-14,100.1586,134.1
2005-06-15,101.4464,127.8
2005-06-16,102.9234,131.0
2005-06-17,103.8626,127.2
2005-06-18,105.1898,125.5
2005-06-19,105.6097,114.2
2005-06-20,104.4317,111.9
2005-06-21,102.3904,105.2
2005-06-22,100.087,96.4
2005-06-23,94.826,99.4
2005-06-24,92.3572,94.5
2005-06-25,89.8005,92.9
2005-06-26,85.8181,90.1
2005-06-27,85.0778,78.8
2005-06-28,84.5178,76.5
2005-06-29,84.9182,74.4
2005-06-30,85.7113,73.5
2005-07-01,86.6493,74.4
2005-07-02,87.7088,75.2
2005-07-03,89.7523,75.9
2005-07-04,91.4688,82.7
2005-07-05,93.0777,82.8
2005-07-06,94.8875,86.5
2005-07-07,97.3155,89.2
2005-07-08,99.0134,93.4
2005-07-09,102.604,98.7
2005-07-10,104.6082,106.9
2005-07-11,105.9973,108.2
2005-07-12,107.6018,113.1
2005-07-13,108.3821,114.6
2005-07-14,109.203,113.5
2005-07-15,108.0122,112.2
2005-07-16,105.5569,109.2
2005-07-17,102.4641,101.7
2005-07-18,93.9207,96.1
2005-07-19,88.4912,94.9
2005-07-20,86.0443,88.9
2005-07-21,84.4153,84.7
2005-07-22,82.2772,78.3
2005-07-23,83.6599,77.9
2005-07-24,82.4226,78.3
2005-07-25,83.4127,77.4
2005-07-26,84.1115,76.7
2005-07-27,84.5676,77.7
2005-07-28,85.1693,77.7
2005-07-29,86.1104,78.9
2005-07-30,86.5939,84.7
2005-07-31,88.2062,95.3
2005-08-01,89.4808,100.4
2005-08-02,90.9241,100.8
2005-08-03,91.291,107.2
2005-08-04,91.1538,109.3
2005-08-05,91.4831,100.7
2005-08-06,93.0521,94.4
2005-08-07,94.9063,95.2
2005-08-08,96.6622,94.0
2005-08-09,98.1488,91.6
2005-08-10,98.4732,90.9
2005-08-11,98.8534,87.6
2005-08-12,99.1951,85.6
2005-08-13,97.799,80.6
2005-08-14,94.6655,78.5
2005-08-15,91.5198,75.4
2005-08-16,88.7434,75.8
2005-08-17,86.6678,76.2
2005-08-18,86.7669,82.4
2005-08-19,87.3985,93.6
2005-08-20,88.7068,92.4
2005-08-21,90.0545,100.6
2005-08-22,92.7117,117.6
2005-08-23,95.535,111.1
2005-08-24,97.4994,119.5
2005-08-25,98.8121,115.0
2005-08-26,99.2918,117.9
2005-08-27,100.0563,120.6
2005-08-28,99.9335,112.9
2005-08-29,99.0905,104.9
2005-08-30,95.4394,103.2
2005-08-31,93.3897,91.9
2005-09-01,90.5611,88.5
2005-09-02,89.4875,86.7
2005-09-03,86.2371,84.3
2005-09-04,86.3221,83.3
2005-09-05,86.464,81.9
2005-09-06,87.9167,81.4
2005-09-07,87.6272,81.7
2005-09-08,88.6659,77.2
2005-09-09,88.7531,74.9
2005-09-10,89.039,74.0
2005-09-11,87.5376,72.4
2005-09-12,88.1518,72.3
2005-09-13,89.187,75.0
2005-09-14,90.4032,74.4
2005-09-15,91.6096,82.7
2005-09-16,93.5056,81.3
2005-09-17,95.5853,79.4
2005-09-18,97.595,78.7
2005-09-19,98.3107,78.0
2005-09-20,95.9636,78.7
2005-09-21,94.4653,78.8
2005-09-22,92.8627,77.3
2005-09-23,90.7209,76.5
2005-09-24,87.9112,77.6
2005-09-25,86.5326,78.0
2005-09-26,85.6705,79.1
2005-09-27,86.0364,78.7
2005-09-28,86.3423,77.5
2005-09-29,86.7025,77.7
2005-09-30,83.7383,77.2
2005-10-01,78.4783,76.0
2005-10-02,76.4377,74.6
2005-10-03,75.5546,74.0
2005-10-04,78.2333,73.4
2005-10-05,79.8246,72.5
2005-10-06,80.8988,72.1
2005-10-07,81.4845,71.2
2005-10-08,81.8604,70.7
2005-10-09,82.6408,72.1
2005-10-10,82.8072,73.1
2005-10-11,84.7873,74.5
2005-10-12,84.701,76.7
2005-10-13,85.655,76.1
2005-10-14,85.4162,76.8
2005-10-15,84.7486,75.5
2005-10-16,83.5505,76.1
2005-10-17,82.1117,77.9
2005-10-18,82.1207,80.3
2005-10-19,82.4166,78.0
2005-10-20,81.2277,77.9
2005-10-21,80.486,76.6
2005-10-22,80.9569,76.4
2005-10-23,79.8671,77.0
2005-10-24,77.7829,81.4
2005-10-25,77.5644,86.0
2005-10-26,77.8015,90.4
2005-10-27,78.382,97.8
2005-10-28,78.8795,91.8
2005-10-29,79.3864,98.2
2005-10-30,79.6793,98.8
2005-10-31,79.8352,99.6
2005-11-01,80.3988,94.1
2005-11-02,80.4564,92.4
2005-11-03,79.2768,90.3
2005-11-04,78.2433,87.5
2005-11-05,78.6196,84.4
2005-11-06,80.5852,77.9
2005-11-07,82.5404,78.7
2005-11-08,84.425,78.6
2005-11-09,84.7088,79.7
2005-11-10,81.346,82.4
2005-11-11,80.3049,92.0
2005-11-12,81.6867,95.5
2005-11-13,82.2853,101.3
2005-11-14,81.7528,98.4
2005-11-15,80.8548,92.5
2005-11-16,79.9385,89.0
2005-11-17,79.9789,86.5
2005-11-18,79.5038,86.3
2005-11-19,79.9034,86.9
2005-11-20,79.7381,86.4
2005-11-21,80.2376,88.7
2005-11-22,81.0473,90.2
2005-11-23,82.537,85.6
2005-11-24,84.0313,85.2
2005-11-25,85.0497,86.8
2005-11-26,84.0478,84.2
2005-11-27,83.0778,83.1
2005-11-28,83.6385,82.5
2005-11-29,84.3217,82.8
2005-11-30,86.1209,86.6
2005-12-01,87.0971,84.9
2005-12-02,87.692,83.7
2005-12-03,85.9605,84.8
2005-12-04,83.9165,90.1
2005-12-05,83.2426,88.9
2005-12-06,83.4268,88.8
2005-12-07,83.9792,89.5
2005-12-08,85.3415,89.2
2005-12-09,86.8919,86.1
2005-12-10,88.0414,87.4
2005-12-11,88.7872,86.9
2005-12-12,88.2311,84.5
2005-12-13,88.429,84.5
2005-12-14,88.4419,81.7
2005-12-15,88.0243,82.1
2005-12-16,88.0763,81.2
2005-12-17,87.9725,80.6
2005-12-18,88.4678,79.3
2005-12-19,89.4016,76.6
2005-12-20,89.5568,75.6
2005-12-21,89.6483,75.0
2005-12-22,90.8209,75.2
2005-12-23,90.8494,74.7
2005-12-24,91.6506,74.0
2005-12-25,91.8603,74.0
2005-12-26,92.1453,74.9
2005-12-27,92.0048,78.3
2005-12-28,90.9004,81.1
2005-12-29,91.4601,79.8
2005-12-30,91.0535,82.9
2005-12-31,90.363,85.8
2006-01-01,90.1832,87.9
2006-01-02,89.8041,90.9
2006-01-03,89.7146,89.9
2006-01-04,89.8998,89.6
2006-01-05,90.0593,89.8
2006-01-06,89.1914,86.3
2006-01-07,86.2196,84.2
2006-01-08,83.4979,81.0
2006-01-09,80.9122,77.6
2006-01-10,79.6026,77.2
2006-01-11,78.3132,76.5
2006-01-12,77.0878,75.3
2006-01-13,74.6596,75.3
2006-01-14,73.4059,75.1
2006-01-15,78.031,76.4
2006-01-16,81.5077,74.9
2006-01-17,84.3034,74.2
2006-01-18,87.3754,72.9
2006-01-19,89.5796,72.0
2006-01-20,90.9909,72.0
2006-01-21,91.4352,72.8
2006-01-22,91.5386,73.2
2006-01-23,90.4926,74.1
2006-01-24,90.3692,74.1
2006-01-25,90.6298,74.4
2006-01-26,90.5115,75.4
2006-01-27,90.2901,76.6
2006-01-28,88.571,77.3
2006-01-29,83.8729,77.3
2006-01-30,81.7196,76.7
2006-01-31,80.496,74.8
2006-02-01,79.7519,74.5
2006-02-02,79.0474,74.2
2006-02-03,78.6192,74.4
2006-02-04,78.0796,73.6
2006-02-05,77.8241,74.4
2006-02-06,77.5307,74.5
2006-02-07,76.5587,75.0
2006-02-08,78.0739,75.5
2006-02-09,79.7529,75.7
2006-02-10,80.8885,75.6
2006-02-11,82.8837,74.7
2006-02-12,80.9924,74.2
2006-02-13,79.9424,73.8
2006-02-14,79.606,73.0
2006-02-15,82.3146,72.5
2006-02-16,83.4841,73.3
2006-02-17,83.1095,71.3
2006-02-18,80.3864,71.8
2006-02-19,79.27,71.2
2006-02-20,79.6751,73.1
2006-02-21,80.0487,72.3
2006-02-22,80.3103,71.7
2006-02-23,80.2655,72.8
2006-02-24,80.2205,73.4
2006-02-25,80.0873,71.7
2006-02-26,79.8055,71.3
2006-02-27,79.7749,71.7
2006-02-28,79.0182,74.6
2006-03-01,77.9543,76.2
2006-03-02,77.6082,76.1
2006-03-03,77.3628,75.4
2006-03-04,78.3649,76.1
2006-03-05,78.0144,75.4
2006-03-06,77.5884,75.2
2006-03-07,78.1983,73.3
2006-03-08,78.4473,74.0
2006-03-09,76.9528,79.0
2006-03-10,75.8342,81.5
2006-03-11,73.7551,83.7
2006-03-12,74.8627,86.1
2006-03-13,74.6497,86.9
2006-03-14,74.9987,91.1
2006-03-15,74.0224,100.4
2006-03-16,73.116,99.6
2006-03-17,73.463,99.1
2006-03-18,73.9701,99.1
2006-03-19,75.1679,94.7
2006-03-20,75.2922,91.3
2006-03-21,76.3608,89.5
2006-03-22,77.6789,89.1
2006-03-23,78.9548,90.1
2006-03-24,80.4392,81.6
2006-03-25,75.7633,80.5
2006-03-26,74.5484,79.4
2006-03-27,74.4126,78.9
2006-03-28,75.6385,77.0
2006-03-29,77.014,78.5
2006-03-30,76.4026,76.1
2006-03-31,76.1009,76.5
2006-04-01,75.8539,79.3
2006-04-02,76.2118,80.0
2006-04-03,76.6123,83.2
2006-04-04,77.7048,87.7
2006-04-05,79.3281,93.9
2006-04-06,81.0954,96.3
2006-04-07,82.8417,101.3
2006-04-08,84.7009,102.0
2006-04-09,85.8933,101.5
2006-04-10,88.547,102.7
2006-04-11,90.5232,101.4
2006-04-12,90.5039,94.8
2006-04-13,90.2205,90.9
2006-04-14,89.2682,90.4
2006-04-15,86.8035,93.4
2006-04-16,85.3127,88.2
2006-04-17,83.4629,88.6
2006-04-18,81.6838,87.8
2006-04-19,80.6117,86.3
2006-04-20,80.0865,84.2
2006-04-21,77.799,79.8
2006-04-22,77.4137,77.9
2006-04-23,77.6118,77.3
2006-04-24,77.8623,75.0
2006-04-25,76.7349,73.6
2006-04-26,75.8917,73.2
2006-04-27,74.6432,73.1
2006-04-28,73.9798,73.6
2006-04-29,74.5694,75.0
2006-04-30,74.7179,77.1
2006-05-01,74.9143,78.0
2006-05-02,76.579,79.4
2006-05-03,79.6185,85.1
2006-05-04,82.7713,86.3
2006-05-05,84.6205,85.9
2006-05-06,86.1632,85.9
2006-05-07,87.5368,83.8
2006-05-08,89.2185,85.2
2006-05-09,90.742,87.0
2006-05-10,91.5085,83.3
2006-05-11,92.2438,82.3
2006-05-12,91.5101,80.6
2006-05-13,90.5839,79.4
2006-05-14,89.743,77.5
2006-05-15,85.0296,78.1
2006-05-16,82.3971,77.8
2006-05-17,80.7761,80.2
2006-05-18,78.8651,80.3
2006-05-19,79.0647,85.2
2006-05-20,78.7295,82.5
2006-05-21,77.8367,80.0
2006-05-22,78.2168,78.5
2006-05-23,77.8118,76.7
2006-05-24,76.8454,76.5
2006-05-25,76.9032,79.5
2006-05-26,77.9948,77.7
2006-05-27,79.7055,78.8
2006-05-28,81.7448,77.7
2006-05-29,82.9927,75.6
2006-05-30,85.3828,75.7
2006-05-31,86.8365,75.7
2006-06-01,87.8067,75.3
2006-06-02,85.2904,75.1
2006-06-03,84.9446,74.4
2006-06-04,86.9872,74.1
2006-06-05,86.4405,76.1
2006-06-06,85.4348,76.5
2006-06-07,84.3268,79.0
2006-06-08,81.9408,81.2
2006-06-09,79.9081,86.3
2006-06-10,77.751,88.4
2006-06-11,75.3573,89.0
2006-06-12,75.3322,88.4
2006-06-13,76.1026,90.0
2006-06-14,76.9474,88.8
2006-06-15,78.4345,95.1
2006-06-16,75.031,87.5
2006-06-17,79.2448,87.9
2006-06-18,79.937,82.6
2006-06-19,80.9801,80.0
2006-06-20,81.7079,77.1
2006-06-21,82.2987,75.2
2006-06-22,79.625,73.6
2006-06-23,79.0879,72.9
2006-06-24,79.6984,72.2
2006-06-25,81.1998,73.3
2006-06-26,81.2,72.6
2006-06-27,80.5099,73.2
2006-06-28,79.8391,73.3
2006-06-29,78.3941,73.6
2006-06-30,77.4335,73.4
2006-07-01,77.6456,74.5
2006-07-02,77.7684,75.0
2006-07-03,78.3564,75.9
2006-07-04,79.458,78.9
2006-07-05,78.6753,79.5
2006-07-06,78.9949,77.9
2006-07-07,79.4421,77.0
2006-07-08,80.7813,76.7
2006-07-09,82.28,74.9
2006-07-10,80.356,75.2
2006-07-11,78.687,76.2
2006-07-12,77.198,74.6
2006-07-13,75.6579,74.9
2006-07-14,75.8586,74.3
2006-07-15,75.0849,73.4
2006-07-16,75.2673,71.6
2006-07-17,75.2994,71.5
2006-07-18,75.3181,71.5
2006-07-19,75.0443,71.8
2006-07-20,74.8676,73.4
2006-07-21,74.8709,76.1
2006-07-22,74.9985,82.5
2006-07-23,75.1972,86.2
2006-07-24,74.507,87.0
2006-07-25,74.552,88.1
2006-07-26,74.8411,88.6
2006-07-27,74.9098,87.8
2006-07-28,74.5893,96.4
2006-07-29,74.6683,88.0
2006-07-30,75.1859,90.6
2006-07-31,75.8348,90.9
2006-08-01,75.982,90.2
2006-08-02,78.8291,89.8
2006-08-03,81.1805,82.7
2006-08-04,77.929,80.1
2006-08-05,76.7909,79.9
2006-08-06,76.3217,78.9
2006-08-07,76.054,77.3
2006-08-08,76.8294,80.2
2006-08-09,77.0554,78.0
2006-08-10,76.6022,74.4
2006-08-11,75.2244,75.7
2006-08-12,73.2883,84.7
2006-08-13,72.9718,78.3
2006-08-14,72.1479,76.9
2006-08-15,71.2272,77.8
2006-08-16,71.3885,80.3
2006-08-17,70.8855,81.7
2006-08-18,72.9793,85.3
2006-08-19,75.8179,88.1
2006-08-20,78.7527,88.5
2006-08-21,81.3567,86.7
2006-08-22,80.3404,88.5
2006-08-23,79.2087,85.7
2006-08-24,77.3455,85.1
2006-08-25,76.3108,83.9
2006-08-26,81.0215,83.8
2006-08-27,79.4315,81.0
2006-08-28,77.3825,80.1
2006-08-29,77.1338,78.8
2006-08-30,77.8186,75.1
2006-08-31,79.283,74.0
2006-09-01,79.9232,71.5
2006-09-02,81.2462,72.0
2006-09-03,77.5824,72.9
2006-09-04,76.687,70.9
2006-09-05,76.5839,70.3
2006-09-06,76.2411,70.6
2006-09-07,75.6657,71.0
2006-09-08,75.0951,72.4
2006-09-09,76.1235,73.3
2006-09-10,78.5633,76.8
2006-09-11,80.2433,77.9
2006-09-12,82.0762,78.6
2006-09-13,85.0648,78.0
2006-09-14,87.9438,76.7
2006-09-15,90.1098,76.7
2006-09-16,92.2507,77.3
2006-09-17,94.3955,76.3
2006-09-18,90.0331,76.4
2006-09-19,87.6146,75.1
2006-09-20,86.7738,74.8
2006-09-21,85.1319,75.0
2006-09-22,83.7315,73.3
2006-09-23,80.9564,73.3
2006-09-24,80.2445,72.9
2006-09-25,78.265,72.0
2006-09-26,74.5127,70.7
2006-09-27,72.3586,69.1
2006-09-28,70.9288,69.1
2006-09-29,70.7328,69.0
2006-09-30,71.4154,69.0
2006-10-01,72.8377,70.4
2006-10-02,75.6448,74.0
2006-10-03,75.922,75.1
2006-10-04,76.3183,75.7
2006-10-05,76.9821,74.0
2006-10-06,79.3964,73.9
2006-10-07,82.182,71.0
2006-10-08,84.2774,71.1
2006-10-09,86.6139,73.7
2006-10-10,85.9469,72.3
2006-10-11,84.0066,74.6
2006-10-12,83.1791,78.9
2006-10-13,82.0382,85.3
2006-10-14,80.7604,86.8
2006-10-15,79.3697,86.0
2006-10-16,77.9364,84.0
2006-10-17,76.4836,83.2
2006-10-18,75.0927,82.1
2006-10-19,75.8001,85.6
2006-10-20,75.0963,84.8
2006-10-21,76.429,87.7
2006-10-22,78.0051,89.3
2006-10-23,78.8593,95.0
2006-10-24,79.987,94.7
2006-10-25,81.8592,93.2
2006-10-26,78.1103,92.5
2006-10-27,78.478,94.0
2006-10-28,81.8425,92.0
2006-10-29,78.2942,87.4
2006-10-30,77.1196,86.8
2006-10-31,75.8069,82.9
2006-11-01,74.6172,78.6
2006-11-02,73.6997,75.6
2006-11-03,73.3439,74.6
2006-11-04,72.6806,74.9
2006-11-05,71.7977,75.5
2006-11-06,73.3035,76.5
2006-11-07,75.2332,76.2
2006-11-08,75.7384,80.2
2006-11-09,77.3002,83.2
2006-11-10,76.805,82.7
2006-11-11,76.663,81.8
2006-11-12,78.0707,81.8
2006-11-13,77.4711,84.8
2006-11-14,77.017,84.6
2006-11-15,77.3543,93.6
2006-11-16,80.6242,99.4
2006-11-17,83.6923,99.7
2006-11-18,86.671,94.4
2006-11-19,89.1744,93.1
2006-11-20,91.3577,89.6
2006-11-21,89.6092,87.3
2006-11-22,85.5738,89.4
2006-11-23,83.4939,101.0
2006-11-24,82.9481,93.5
2006-11-25,81.6889,91.4
2006-11-26,79.5719,85.4
2006-11-27,78.1406,80.0
2006-11-28,76.6489,79.5
2006-11-29,75.4434,73.0
2006-11-30,76.4802,72.0
2006-12-01,76.8398,70.3
2006-12-02,77.1475,71.6
2006-12-03,77.421,72.2
2006-12-04,78.283,71.2
2006-12-05,80.3516,71.9
2006-12-06,81.8195,73.9
2006-12-07,82.6234,72.5
2006-12-08,83.5729,70.9
2006-12-09,84.5017,73.8
2006-12-10,84.0829,75.8
2006-12-11,83.6024,78.2
2006-12-12,83.7252,82.3
2006-12-13,85.6988,85.5
2006-12-14,88.1436,88.6
2006-12-15,89.9858,84.8
2006-12-16,91.3276,88.0
2006-12-17,93.1704,86.5
2006-12-18,86.9119,85.6
2006-12-19,83.5295,85.3
2006-12-20,80.9437,85.7
2006-12-21,78.9668,89.1
2006-12-22,77.5196,83.3
2006-12-23,76.2089,81.2
2006-12-24,74.455,81.0
2006-12-25,74.1463,78.7
2006-12-26,73.4201,79.4
2006-12-27,73.5549,79.3
2006-12-28,72.7168,76.1
2006-12-29,73.2393,75.6
2006-12-30,73.4199,74.4
2006-12-31,73.4231,73.9
2007-01-01,73.2025,76.3
2007-01-02,73.1923,76.1
2007-01-03,72.9234,76.0
2007-01-04,73.0829,76.8
2007-01-05,74.4679,77.9
2007-01-06,74.4738,77.5
2007-01-07,75.8725,77.3
2007-01-08,79.6425,78.0
2007-01-09,83.9721,79.3
2007-01-10,87.6032,84.1
2007-01-11,90.7084,84.9
2007-01-12,93.8169,86.6
2007-01-13,93.6898,87.3
2007-01-14,93.8533,87.7
2007-01-15,91.9297,84.8
2007-01-16,91.2707,81.3
2007-01-17,88.5649,80.7
2007-01-18,86.3992,79.6
2007-01-19,83.7881,79.8
2007-01-20,82.1874,76.3
2007-01-21,81.9078,74.6
2007-01-22,81.8926,73.9
2007-01-23,82.4918,72.8
2007-01-24,83.3706,71.8
2007-01-25,83.7213,70.9
2007-01-26,79.5852,70.9
2007-01-27,77.2412,71.8
2007-01-28,75.8128,72.9
2007-01-29,75.0751,73.5
2007-01-30,74.7394,74.1
2007-01-31,74.2807,73.2
2007-02-01,75.5902,73.1
2007-02-02,76.1914,73.2
2007-02-03,78.9762,73.9
2007-02-04,81.9592,73.6
2007-02-05,85.0352,73.9
2007-02-06,88.1156,75.1
2007-02-07,90.6185,73.9
2007-02-08,92.9326,73.4
2007-02-09,94.2169,74.4
2007-02-10,96.2722,73.4
2007-02-11,90.9247,74.2
2007-02-12,87.5652,72.0
2007-02-13,84.734,71.3
2007-02-14,82.1342,70.8
2007-02-15,79.814,70.8
2007-02-16,77.971,71.8
2007-02-17,75.6204,71.4
2007-02-18,73.7289,70.6
2007-02-19,74.0851,70.2
2007-02-20,73.1058,70.1
2007-02-21,72.1668,70.3
2007-02-22,69.8773,70.6
2007-02-23,68.5217,69.2
2007-02-24,68.039,68.5
2007-02-25,68.0966,68.0
2007-02-26,68.9376,68.6
2007-02-27,69.3316,69.8
2007-02-28,69.7682,69.5
2007-03-01,71.7349,72.0
2007-03-02,75.5801,72.3
2007-03-03,78.7929,72.0
2007-03-04,81.4081,72.0
2007-03-05,83.4786,72.4
2007-03-06,84.7682,73.3
2007-03-07,84.971,73.5
2007-03-08,81.6893,73.0
2007-03-09,80.0539,74.3
2007-03-10,83.4515,73.6
2007-03-11,84.6289,73.9
2007-03-12,83.7624,73.1
2007-03-13,79.8833,71.6
2007-03-14,77.2855,71.1
2007-03-15,75.196,70.8
2007-03-16,73.4453,70.8
2007-03-17,72.1017,71.0
2007-03-18,70.9808,71.1
2007-03-19,69.9749,71.4
2007-03-20,69.4882,71.3
2007-03-21,69.127,70.2
2007-03-22,68.9248,69.7
2007-03-23,71.8074,69.5
2007-03-24,73.796,68.6
2007-03-25,76.2447,68.6
2007-03-26,78.2603,68.6
2007-03-27,79.1906,69.8
2007-03-28,78.5237,69.8
2007-03-29,77.2184,69.8
2007-03-30,76.2094,69.3
2007-03-31,76.7391,68.9
2007-04-01,76.3429,69.1
2007-04-02,75.3951,69.4
2007-04-03,75.7185,69.7
2007-04-04,73.0199,69.8
2007-04-05,71.8253,74.0
2007-04-06,71.3445,77.4
2007-04-07,71.1899,81.5
2007-04-08,71.0095,83.8
2007-04-09,70.6228,86.1
2007-04-10,70.2135,86.0
2007-04-11,69.8789,88.2
2007-04-12,69.5612,87.6
2007-04-13,69.5143,88.8
2007-04-14,69.7831,84.4
2007-04-15,69.7926,83.9
2007-04-16,70.1932,82.4
2007-04-17,73.7524,79.4
2007-04-18,74.2748,77.1
2007-04-19,72.6791,74.7
2007-04-20,72.0961,73.5
2007-04-21,71.5254,72.6
2007-04-22,70.9532,72.9
2007-04-23,70.4159,72.9
2007-04-24,70.6737,75.0
2007-04-25,70.2247,74.4
2007-04-26,69.2694,78.5
2007-04-27,68.0399,78.9
2007-04-28,66.9786,78.3
2007-04-29,67.5494,77.6
2007-04-30,67.6363,76.6
2007-05-01,67.571,75.9
2007-05-02,68.112,75.0
2007-05-03,71.2194,73.7
2007-05-04,74.8732,71.9
2007-05-05,78.1852,71.7
2007-05-06,80.6393,69.9
2007-05-07,83.7234,69.5
2007-05-08,86.1144,68.8
2007-05-09,84.5757,70.5
2007-05-10,82.0967,71.5
2007-05-11,79.8991,72.6
2007-05-12,77.3786,76.7
2007-05-13,76.5712,81.6
2007-05-14,73.9533,85.6
2007-05-15,72.2687,89.5
2007-05-16,70.9824,88.2
2007-05-17,70.987,84.8
2007-05-18,70.7884,87.13
2007-05-19,70.345,88.11
2007-05-20,69.0122,86.8
2007-05-21,70.252,81.0
2007-05-22,71.3237,78.2
2007-05-23,72.2866,75.6
2007-05-24,70.185,72.6
2007-05-25,70.7673,73.1
2007-05-26,71.2913,70.6
2007-05-27,71.6415,71.3
2007-05-28,71.8764,70.2
2007-05-29,71.7768,68.9
2007-05-30,71.3174,68.8
2007-05-31,71.1046,68.5
2007-06-01,71.7025,67.8
2007-06-02,71.1314,67.6
2007-06-03,70.6249,67.5
2007-06-04,69.9405,68.1
2007-06-05,70.3132,69.1
2007-06-06,71.5037,69.8
2007-06-07,72.8368,72.8
2007-06-08,73.8013,75.7
2007-06-09,76.0991,77.4
2007-06-10,79.1727,77.8
2007-06-11,81.4702,76.4
2007-06-12,83.6036,76.8
2007-06-13,85.745,75.1
2007-06-14,81.8106,74.2
2007-06-15,79.8262,74.9
2007-06-16,78.124,73.9
2007-06-17,76.4043,73.5
2007-06-18,74.8019,75.5
2007-06-19,73.2702,77.6
2007-06-20,71.8327,79.7
2007-06-21,70.4445,80.8
2007-06-22,69.2336,81.1
2007-06-23,68.32,79.5
2007-06-24,67.7231,80.6
2007-06-25,66.5365,78.2
2007-06-26,65.6063,77.1
2007-06-27,65.0255,75.3
2007-06-28,64.5612,74.7
2007-06-29,64.9467,71.8
2007-06-30,65.0298,70.5
2007-07-01,66.216,69.5
2007-07-02,67.2294,68.6
2007-07-03,70.7297,68.3
2007-07-04,74.5394,69.3
2007-07-05,77.5133,70.2
2007-07-06,79.9338,70.8
2007-07-07,81.6671,70.6
2007-07-08,81.2201,70.9
2007-07-09,80.3918,72.1
2007-07-10,79.1403,71.1
2007-07-11,79.5426,71.0
2007-07-12,78.5066,70.1
2007-07-13,78.6501,70.4
2007-07-14,78.4919,71.5
2007-07-15,78.6017,72.4
2007-07-16,79.5354,71.4
2007-07-17,80.895,70.9
2007-07-18,81.8675,72.0
2007-07-19,82.7394,71.0
2007-07-20,77.9311,71.0
2007-07-21,75.4427,69.3
2007-07-22,73.9653,69.3
2007-07-23,72.975,69.5
2007-07-24,72.2271,70.0
2007-07-25,71.6405,69.5
2007-07-26,71.1302,70.3
2007-07-27,70.7704,69.3
2007-07-28,72.2994,69.0
2007-07-29,71.9487,69.3
2007-07-30,70.6413,69.6
2007-07-31,70.4318,69.4
2007-08-01,69.083,70.7
2007-08-02,69.2124,70.9
2007-08-03,69.7816,71.6
2007-08-04,69.9405,72.4
2007-08-05,70.1329,73.2
2007-08-06,70.4368,73.1
2007-08-07,71.773,71.6
2007-08-08,74.6454,70.7
2007-08-09,74.2746,71.6
2007-08-10,73.7994,71.0
2007-08-11,74.6893,73.0
2007-08-12,75.1041,72.2
2007-08-13,74.8388,72.1
2007-08-14,74.862,70.6
2007-08-15,72.6938,69.1
2007-08-16,71.8993,69.4
2007-08-17,71.5676,68.8
2007-08-18,71.4243,67.8
2007-08-19,70.9888,68.2
2007-08-20,70.5226,67.6
2007-08-21,69.3913,67.7
2007-08-22,68.2752,67.9
2007-08-23,67.4132,67.0
2007-08-24,66.8321,66.7
2007-08-25,68.2886,67.2
2007-08-26,68.6134,67.6
2007-08-27,68.8347,68.5
2007-08-28,69.1187,67.8
2007-08-29,71.4162,67.6
2007-08-30,73.7857,67.1
2007-08-31,75.9752,67.4
2007-09-01,76.993,67.4
2007-09-02,75.7736,67.4
2007-09-03,76.6818,67.2
2007-09-04,77.1302,66.8
2007-09-05,77.8882,66.5
2007-09-06,77.8938,66.6
2007-09-07,74.7866,66.8
2007-09-08,72.8015,67.4
2007-09-09,71.2839,67.4
2007-09-10,70.0566,67.8
2007-09-11,68.9498,65.1
2007-09-12,68.0688,67.8
2007-09-13,67.2946,66.5
2007-09-14,66.671,67.3
2007-09-15,66.2724,67.4
2007-09-16,65.9163,67.8
2007-09-17,65.8766,68.9
2007-09-18,65.8222,68.1
2007-09-19,65.88,67.9
2007-09-20,65.9618,68.6
2007-09-21,66.2373,67.9
2007-09-22,66.5488,68.6
2007-09-23,66.8125,68.3
2007-09-24,67.0112,67.3
2007-09-25,67.1558,66.7
2007-09-26,67.223,66.8
2007-09-27,67.2568,66.7
2007-09-28,68.8817,67.0
2007-09-29,68.7228,67.7
2007-09-30,67.8782,66.8
2007-10-01,69.1707,66.3
2007-10-02,66.9649,66.6
2007-10-03,66.4551,66.0
2007-10-04,66.4791,66.4
2007-10-05,66.4083,66.8
2007-10-06,68.1166,66.3
2007-10-07,67.6466,66.7
2007-10-08,65.6987,66.2
2007-10-09,66.312,66.6
2007-10-10,66.9958,66.2
2007-10-11,67.7381,66.3
2007-10-12,68.3304,66.1
2007-10-13,68.743,66.3
2007-10-14,68.7357,66.8
2007-10-15,68.579,66.5
2007-10-16,68.3206,66.5
2007-10-17,68.0372,66.2
2007-10-18,67.779,67.3
2007-10-19,67.3814,66.9
2007-10-20,66.9822,68.4
2007-10-21,66.6463,68.2
2007-10-22,66.2509,68.4
2007-10-23,65.9513,67.7
2007-10-24,65.7125,68.3
2007-10-25,65.4504,68.4
2007-10-26,65.2933,68.9
2007-10-27,65.1154,67.7
2007-10-28,65.0394,69.1
2007-10-29,64.9476,68.2
2007-10-30,64.9148,67.2
2007-10-31,64.8799,67.9
2007-11-01,64.8895,68.0
2007-11-02,64.9508,67.4
2007-11-03,64.9639,68.0
2007-11-04,65.0022,68.3
2007-11-05,65.0144,69.5
2007-11-06,67.2992,68.8
2007-11-07,66.7984,69.6
2007-11-08,67.0708,69.6
2007-11-09,67.0956,69.3
2007-11-10,67.0649,69.3
2007-11-11,66.9352,69.2
2007-11-12,66.8824,69.9
2007-11-13,66.7967,71.0
2007-11-14,66.7474,70.5
2007-11-15,66.5644,71.5
2007-11-16,67.8746,73.1
2007-11-17,67.7136,75.9
2007-11-18,66.0984,79.8
2007-11-19,65.9815,84.4
2007-11-20,66.0543,86.2
2007-11-21,66.1386,84.3
2007-11-22,66.3357,90.5
2007-11-23,66.406,91.1
2007-11-24,67.8818,90.9
2007-11-25,67.6754,89.0
2007-11-26,68.7585,86.1
2007-11-27,67.9959,79.1
2007-11-28,68.2277,76.9
2007-11-29,68.6255,74.4
2007-11-30,68.9596,72.1
2007-12-01,70.491,70.2
2007-12-02,69.0773,68.7
2007-12-03,68.0982,69.1
2007-12-04,69.0251,69.1
2007-12-05,69.1793,69.1
2007-12-06,68.2309,69.7
2007-12-07,67.9211,70.2
2007-12-08,69.1058,69.7
2007-12-09,71.8726,69.5
2007-12-10,73.4398,70.3
2007-12-11,73.3298,72.5
2007-12-12,73.1072,74.2
2007-12-13,73.0711,76.7
2007-12-14,75.0601,77.0
2007-12-15,77.2736,76.7
2007-12-16,78.7866,76.4
2007-12-17,80.2167,77.1
2007-12-18,82.6002,76.6
2007-12-19,78.886,75.2
2007-12-20,76.9021,73.0
2007-12-21,75.1528,74.0
2007-12-22,73.6449,73.2
2007-12-23,72.1808,73.5
2007-12-24,70.9774,73.2
2007-12-25,70.0427,72.9
2007-12-26,69.3037,73.1
2007-12-27,68.6527,71.3
2007-12-28,68.1521,70.6
2007-12-29,67.7289,71.3
2007-12-30,67.5539,68.8
2007-12-31,67.8503,68.6
2008-01-01,67.9285,68.0
2008-01-02,67.7364,69.3
2008-01-03,67.6344,68.1
2008-01-04,69.0965,68.4
2008-01-05,69.9644,69.1
2008-01-06,70.7037,68.9
2008-01-07,71.3251,70.3
2008-01-08,71.871,69.8
2008-01-09,71.2815,69.2
2008-01-10,71.4078,69.5
2008-01-11,72.0537,70.6
2008-01-12,73.4709,69.9
2008-01-13,74.4178,69.0
2008-01-14,74.7065,69.8
2008-01-15,74.4427,69.55
2008-01-16,74.0191,69.3
2008-01-17,73.5748,68.5
2008-01-18,72.7613,69.6
2008-01-19,72.005,68.9
2008-01-20,71.1785,69.0
2008-01-21,70.5345,70.3
2008-01-22,69.7465,70.7
2008-01-23,69.1298,70.2
2008-01-24,68.6583,70.3
2008-01-25,68.2303,68.7
2008-01-26,68.053,68.8
2008-01-27,67.8583,68.0
2008-01-28,67.7176,68.6
2008-01-29,67.9766,69.4
2008-01-30,67.1669,69.5
2008-01-31,67.9938,70.0
2008-02-01,67.8145,69.3
2008-02-02,67.6525,70.3
2008-02-03,67.3343,70.8
2008-02-04,67.4488,70.1
2008-02-05,66.6302,69.3
2008-02-06,67.2383,69.9
2008-02-07,68.073,69.3
2008-02-08,69.0003,69.4
2008-02-09,69.9964,68.7
2008-02-10,70.5493,68.5
2008-02-11,70.8286,67.4
2008-02-12,71.0242,68.0
2008-02-13,70.9505,67.3
2008-02-14,70.8721,67.2
2008-02-15,70.6048,68.2
2008-02-16,70.36,69.3
2008-02-17,70.1176,69.5
2008-02-18,69.8207,68.8
2008-02-19,69.5724,68.5
2008-02-20,69.2474,69.4
2008-02-21,69.0876,69.3
2008-02-22,68.9716,68.5
2008-02-23,68.8065,68.7
2008-02-24,68.6363,69.1
2008-02-25,71.5082,68.8
2008-02-26,73.3674,69.6
2008-02-27,74.8077,69.1
2008-02-28,76.9168,69.0
2008-02-29,74.1085,68.4
2008-03-01,72.4368,67.9
2008-03-02,71.3024,67.7
2008-03-03,69.655,69.1
2008-03-04,69.2622,71.5
2008-03-05,72.5848,79.0
2008-03-06,74.2767,88.2
2008-03-07,72.0448,81.2
2008-03-08,70.7652,84.5
2008-03-09,69.8571,82.6
2008-03-10,73.9101,82.4
2008-03-11,71.7662,80.4
2008-03-12,70.5167,79.1
2008-03-13,69.6613,77.7
2008-03-14,69.1809,75.9
2008-03-15,71.7331,76.4
2008-03-16,73.1974,73.1
2008-03-17,73.7699,71.1
2008-03-18,72.0712,69.5
2008-03-19,71.116,69.3
2008-03-20,70.2407,70.0
2008-03-21,69.6061,68.2
2008-03-22,69.0841,68.1
2008-03-23,68.815,67.4
2008-03-24,67.8107,68.5
2008-03-25,67.1482,69.7
2008-03-26,65.5571,69.0
2008-03-27,65.3958,69.7
2008-03-28,64.7986,70.0
2008-03-29,66.7058,69.8
2008-03-30,68.6364,70.8
2008-03-31,70.9843,71.7
2008-04-01,73.7348,71.5
2008-04-02,76.9432,71.6
2008-04-03,79.133,72.1
2008-04-04,76.3059,71.5
2008-04-05,76.0717,71.2
2008-04-06,75.985,70.7
2008-04-07,75.4352,69.9
2008-04-08,74.5896,69.0
2008-04-09,73.3475,69.4
2008-04-10,72.1395,69.6
2008-04-11,70.8775,68.0
2008-04-12,69.8561,69.6
2008-04-13,68.2959,69.2
2008-04-14,68.6854,68.5
2008-04-15,68.6891,69.5
2008-04-16,67.1634,68.8
2008-04-17,66.8958,68.4
2008-04-18,67.3352,67.8
2008-04-19,69.3516,67.7
2008-04-20,70.3343,68.6
2008-04-21,69.4978,68.7
2008-04-22,71.5166,69.4
2008-04-23,71.9132,69.5
2008-04-24,72.7029,69.7
2008-04-25,71.7605,70.5
2008-04-26,71.9791,72.7
2008-04-27,72.3342,73.2
2008-04-28,72.7114,72.8
2008-04-29,72.4927,73.3
2008-04-30,71.8333,70.5
2008-05-01,70.7796,70.2
2008-05-02,70.648,70.8
2008-05-03,70.2233,71.0
2008-05-04,71.2032,69.6
2008-05-05,71.0904,70.3
2008-05-06,69.3901,70.1
2008-05-07,68.8703,69.8
2008-05-08,68.7126,69.7
2008-05-09,68.76,69.6
2008-05-10,68.8255,69.9
2008-05-11,69.0009,69.0
2008-05-12,69.1783,68.8
2008-05-13,68.6621,68.5
2008-05-14,69.1413,69.0
2008-05-15,68.7119,68.2
2008-05-16,69.1064,67.1
2008-05-17,68.7759,68.4
2008-05-18,68.7906,67.9
2008-05-19,70.374,67.6
2008-05-20,71.8182,66.9
2008-05-21,70.9121,68.0
2008-05-22,71.3105,68.2
2008-05-23,71.779,67.8
2008-05-24,72.2378,69.2
2008-05-25,72.3393,68.6
2008-05-26,73.9121,69.2
2008-05-27,72.7119,68.6
2008-05-28,72.1778,67.4
2008-05-29,71.8899,68.1
2008-05-30,71.5649,67.5
2008-05-31,71.2983,67.0
2008-06-01,71.0353,67.3
2008-06-02,70.5232,67.0
2008-06-03,69.8523,67.5
2008-06-04,69.16,67.5
2008-06-05,67.9864,68.0
2008-06-06,68.0841,68.1
2008-06-07,67.9074,67.5
2008-06-08,67.6091,68.3
2008-06-09,67.461,68.1
2008-06-10,66.9236,68.8
2008-06-11,65.9832,68.9
2008-06-12,67.153,67.8
2008-06-13,67.1657,68.2
2008-06-14,66.1414,67.7
2008-06-15,65.6651,67.6
2008-06-16,66.0968,67.3
2008-06-17,66.2605,68.3
2008-06-18,66.3571,67.7
2008-06-19,67.803,67.8
2008-06-20,68.5996,68.3
2008-06-21,68.9626,67.6
2008-06-22,69.2053,67.9
2008-06-23,68.39,67.1
2008-06-24,68.6686,67.4
2008-06-25,69.0493,67.8
2008-06-26,69.2994,67.9
2008-06-27,69.5702,66.7
2008-06-28,69.3887,67.1
2008-06-29,69.1538,67.4
2008-06-30,68.864,68.5
2008-07-01,68.4658,68.0
2008-07-02,68.1632,68.4
2008-07-03,67.797,68.0
2008-07-04,67.4664,67.6
2008-07-05,67.1283,67.5
2008-07-06,66.9297,67.9
2008-07-07,66.6584,68.1
2008-07-08,66.4612,68.4
2008-07-09,66.3424,68.3
2008-07-10,66.1711,68.1
2008-07-11,66.0983,68.5
2008-07-12,65.9596,67.5
2008-07-13,65.9163,68.1
2008-07-14,65.9138,68.2
2008-07-15,65.9208,67.4
2008-07-16,65.8228,68.2
2008-07-17,65.8336,68.4
2008-07-18,67.077,68.9
2008-07-19,67.5553,68.0
2008-07-20,67.2384,67.3
2008-07-21,66.2547,67.3
2008-07-22,66.3728,67.4
2008-07-23,66.7497,67.5
2008-07-24,67.1601,66.9
2008-07-25,67.5861,67.0
2008-07-26,67.9656,67.6
2008-07-27,68.0106,67.0
2008-07-28,67.9064,67.8
2008-07-29,67.754,68.2
2008-07-30,67.6381,67.8
2008-07-31,67.394,68.9
2008-08-01,67.2492,67.4
2008-08-02,67.0792,68.7
2008-08-03,66.8258,69.1
2008-08-04,66.6852,69.4
2008-08-05,66.5356,68.6
2008-08-06,66.4465,68.0
2008-08-07,66.2704,68.3
2008-08-08,66.1074,68.0
2008-08-09,65.998,67.4
2008-08-10,65.908,68.1
2008-08-11,65.8341,68.4
2008-08-12,65.7159,67.9
2008-08-13,65.6422,67.0
2008-08-14,65.63,67.2
2008-08-15,65.5436,67.3
2008-08-16,65.5734,67.0
2008-08-17,65.6126,66.3
2008-08-18,65.6055,66.8
2008-08-19,65.7362,67.6
2008-08-20,65.6833,68.0
2008-08-21,65.3889,68.0
2008-08-22,65.3716,68.1
2008-08-23,66.0025,67.8
2008-08-24,66.3003,67.1
2008-08-25,66.4537,67.2
2008-08-26,66.59,67.6
2008-08-27,66.629,68.2
2008-08-28,66.5837,70.1
2008-08-29,66.5912,67.7
2008-08-30,66.5653,67.8
2008-08-31,66.4636,68.4
2008-09-01,66.284,68.4
2008-09-02,66.1634,68.4
2008-09-03,66.0367,69.6
2008-09-04,65.8819,69.8
2008-09-05,65.6862,68.8
2008-09-06,65.5784,68.6
2008-09-07,65.5376,68.0
2008-09-08,65.5169,67.6
2008-09-09,65.4996,67.3
2008-09-10,65.5178,67.0
2008-09-11,66.9472,66.4
2008-09-12,65.9702,65.9
2008-09-13,66.0149,66.4
2008-09-14,66.0685,67.2
2008-09-15,66.1221,66.6
2008-09-16,66.3252,67.4
2008-09-17,66.2302,67.2
2008-09-18,66.2612,66.6
2008-09-19,66.6362,67.5
2008-09-20,66.748,68.5
2008-09-21,66.7512,68.7
2008-09-22,68.5072,70.5
2008-09-23,69.5742,69.7
2008-09-24,68.031,70.5
2008-09-25,67.7806,70.0
2008-09-26,67.844,70.5
2008-09-27,67.6736,71.4
2008-09-28,67.4042,69.5
2008-09-29,66.5627,68.6
2008-09-30,66.6796,69.0
2008-10-01,66.5579,68.6
2008-10-02,66.4063,68.2
2008-10-03,66.2651,67.0
2008-10-04,67.2323,66.5
2008-10-05,66.4675,66.7
2008-10-06,66.436,66.7
2008-10-07,66.5581,66.0
2008-10-08,66.8281,66.1
2008-10-09,67.1473,66.2
2008-10-10,68.4598,65.8
2008-10-11,67.5979,65.9
2008-10-12,68.4187,67.1
2008-10-13,68.4897,65.6
2008-10-14,68.2394,68.0
2008-10-15,68.4269,68.3
2008-10-16,69.9434,66.8
2008-10-17,71.5868,66.5
2008-10-18,70.0185,67.3
2008-10-19,69.8182,66.5
2008-10-20,69.8707,67.0
2008-10-21,69.6359,67.1
2008-10-22,69.1582,67.9
2008-10-23,68.6546,70.0
2008-10-24,68.1766,69.5
2008-10-25,67.6859,67.6
2008-10-26,67.1338,66.8
2008-10-27,66.6553,66.7
2008-10-28,66.2184,66.2
2008-10-29,65.6388,66.2
2008-10-30,66.9295,68.2
2008-10-31,66.5907,67.7
2008-11-01,65.7501,67.9
2008-11-02,65.757,66.8
2008-11-03,67.3092,67.3
2008-11-04,68.7143,67.2
2008-11-05,69.9013,66.1
2008-11-06,71.7295,66.0
2008-11-07,69.629,66.5
2008-11-08,68.8139,66.4
2008-11-09,68.3573,65.2
2008-11-10,70.2645,66.4
2008-11-11,70.1679,66.5
2008-11-12,69.2728,66.2
2008-11-13,70.0146,67.0
2008-11-14,70.447,67.2
2008-11-15,71.7827,67.6
2008-11-16,72.9238,66.8
2008-11-17,72.937,67.1
2008-11-18,70.8878,67.0
2008-11-19,69.6045,66.4
2008-11-20,68.7244,66.7
2008-11-21,68.0628,68.7
2008-11-22,67.6751,68.0
2008-11-23,67.3481,68.8
2008-11-24,66.9661,67.5
2008-11-25,66.6536,66.6
2008-11-26,66.4022,66.7
2008-11-27,66.1216,67.2
2008-11-28,65.5984,66.6
2008-11-29,65.2445,66.2
2008-11-30,64.881,67.0
2008-12-01,64.6982,66.9
2008-12-02,64.7364,66.2
2008-12-03,64.8237,65.5
2008-12-04,64.9708,66.3
2008-12-05,65.0316,67.1
2008-12-06,65.147,67.0
2008-12-07,65.236,67.0
2008-12-08,65.2541,67.1
2008-12-09,65.3065,67.5
2008-12-10,69.1017,67.5
2008-12-11,70.5446,66.3
2008-12-12,72.3616,67.0
2008-12-13,70.5991,66.6
2008-12-14,69.6165,67.6
2008-12-15,68.938,67.2
2008-12-16,68.3712,66.6
2008-12-17,67.7456,66.9
2008-12-18,67.1351,66.5
2008-12-19,66.6606,66.7
2008-12-20,66.188,66.5
2008-12-21,65.7149,67.4
2008-12-22,65.2702,68.5
2008-12-23,64.8619,67.7
2008-12-24,64.5266,67.0
2008-12-25,64.2206,68.2
2008-12-26,64.0292,68.9
2008-12-27,64.089,68.8
2008-12-28,64.313,68.5
2008-12-29,64.5779,69.6
2008-12-30,64.7416,68.8
2008-12-31,64.999,68.6
2009-01-01,65.149,68.1
2009-01-02,65.3608,67.2
2009-01-03,65.4456,66.9
2009-01-04,65.4503,67.8
2009-01-05,65.4706,66.6
2009-01-06,65.4168,67.7
2009-01-07,65.3794,67.8
2009-01-08,65.2915,67.6
2009-01-09,65.153,67.4
2009-01-10,66.0958,67.3
2009-01-11,66.0897,67.1
2009-01-12,65.2729,67.4
2009-01-13,65.471,67.5
2009-01-14,64.4284,67.1
2009-01-15,64.5742,67.3
2009-01-16,65.0842,67.5
2009-01-17,65.8146,68.1
2009-01-18,66.4338,68.2
2009-01-19,68.0269,69.2
2009-01-20,67.4378,69.3
2009-01-21,67.6105,68.8
2009-01-22,67.9322,65.8
2009-01-23,68.3052,68.5
2009-01-24,68.43,68.0
2009-01-25,68.3351,68.3
2009-01-26,68.0292,68.4
2009-01-27,67.6603,67.9
2009-01-28,67.2714,67.9
2009-01-29,66.8898,69.0
2009-01-30,66.5088,68.2
2009-01-31,66.1852,67.4
2009-02-01,65.8952,67.6
2009-02-02,65.6131,69.1
2009-02-03,65.418,68.8
2009-02-04,65.2769,69.3
2009-02-05,65.2291,69.5
2009-02-06,65.2048,69.3
2009-02-07,65.2996,68.6
2009-02-08,65.3944,67.6
2009-02-09,65.4696,69.3
2009-02-10,65.31,68.1
2009-02-11,65.4878,68.0
2009-02-12,65.2922,68.0
2009-02-13,65.1813,68.6
2009-02-14,65.4512,68.1
2009-02-15,66.1095,68.0
2009-02-16,66.6814,68.0
2009-02-17,67.2395,67.9
2009-02-18,67.5761,67.2
2009-02-19,67.8129,67.8
2009-02-20,68.0552,68.0
2009-02-21,68.375,67.8
2009-02-22,68.5438,67.4
2009-02-23,68.733,67.7
2009-02-24,70.0457,67.7
2009-02-25,69.7542,68.7
2009-02-26,69.6482,68.2
2009-02-27,68.0318,67.8
2009-02-28,67.7536,68.5
2009-03-01,67.6144,68.2
2009-03-02,67.6306,69.6
2009-03-03,67.6846,68.2
2009-03-04,67.8242,67.6
2009-03-05,67.9041,68.7
2009-03-06,69.1215,68.2
2009-03-07,69.0019,68.8
2009-03-08,67.5397,71.4
2009-03-09,67.2698,70.4
2009-03-10,67.4108,70.7
2009-03-11,67.3006,70.8
2009-03-12,67.0856,71.1
2009-03-13,67.1539,70.7
2009-03-14,67.0633,70.6
2009-03-15,66.8804,70.4
2009-03-16,66.7957,70.1
2009-03-17,66.6344,70.5
2009-03-18,66.4797,68.9
2009-03-19,66.4263,70.4
2009-03-20,66.3268,70.2
2009-03-21,66.3948,70.3
2009-03-22,66.279,69.7
2009-03-23,66.1903,69.7
2009-03-24,66.2375,69.7
2009-03-25,66.193,68.8
2009-03-26,65.7549,69.9
2009-03-27,66.3709,69.9
2009-03-28,66.6097,70.5
2009-03-29,66.8601,70.4
2009-03-30,67.078,70.5
2009-03-31,67.2955,70.8
2009-04-01,67.4401,70.4
2009-04-02,67.5783,71.8
2009-04-03,67.6826,71.9
2009-04-04,67.7366,71.4
2009-04-05,67.8112,70.5
2009-04-06,67.6923,70.3
2009-04-07,67.7658,70.1
2009-04-08,67.724,68.6
2009-04-09,67.6944,69.8
2009-04-10,67.6001,70.5
2009-04-11,67.5348,70.5
2009-04-12,67.4732,69.6
2009-04-13,67.33,69.4
2009-04-14,67.3316,69.7
2009-04-15,67.2915,69.2
2009-04-16,67.3138,69.2
2009-04-17,67.3131,70.0
2009-04-18,67.3436,70.8
2009-04-19,67.4129,72.2
2009-04-20,67.4444,73.7
2009-04-21,69.9327,73.2
2009-04-22,69.5215,73.3
2009-04-23,69.6957,75.5
2009-04-24,69.6689,75.3
2009-04-25,69.5577,75.5
2009-04-26,69.3948,75.4
2009-04-27,69.067,75.8
2009-04-28,68.9013,75.7
2009-04-29,71.6621,74.6
2009-04-30,72.6099,74.0
2009-05-01,71.2626,73.2
2009-05-02,70.6164,73.5
2009-05-03,70.0818,73.9
2009-05-04,68.9182,72.2
2009-05-05,68.6602,71.0
2009-05-06,68.3271,70.7
2009-05-07,68.1762,69.9
2009-05-08,68.2319,68.5
2009-05-09,68.4304,69.6
2009-05-10,68.5694,70.1
2009-05-11,68.7744,70.4
2009-05-12,69.052,70.4
2009-05-13,70.3036,74.6
2009-05-14,70.6689,74.0
2009-05-15,70.4584,74.6
2009-05-16,70.9117,73.1
2009-05-17,70.897,72.2
2009-05-18,73.0974,71.1
2009-05-19,74.0086,71.0
2009-05-20,72.6295,71.1
2009-05-21,72.5815,71.2
2009-05-22,72.3128,71.3
2009-05-23,72.4053,71.4
2009-05-24,72.2065,71.2
2009-05-25,72.4948,70.4
2009-05-26,72.5136,70.3
2009-05-27,72.2764,69.5
2009-05-28,72.1298,70.5
2009-05-29,71.9275,70.0
2009-05-30,71.7077,69.9
2009-05-31,70.9539,69.2
2009-06-01,71.8804,68.8
2009-06-02,71.2874,69.2
2009-06-03,70.1575,70.2
2009-06-04,69.9236,70.2
2009-06-05,69.4247,69.1
2009-06-06,68.3477,70.3
2009-06-07,68.5812,69.0
2009-06-08,71.0581,69.3
2009-06-09,71.9636,69.2
2009-06-10,70.6663,70.8
2009-06-11,70.565,70.5
2009-06-12,73.6606,69.8
2009-06-13,72.5701,68.7
2009-06-14,72.282,69.5
2009-06-15,72.178,73.4
2009-06-16,72.2493,74.0
2009-06-17,74.3954,71.2
2009-06-18,73.4052,73.7
2009-06-19,72.6835,73.1
2009-06-20,71.94,71.4
2009-06-21,72.8026,70.1
2009-06-22,72.671,70.5
2009-06-23,71.8814,70.3
2009-06-24,71.278,69.5
2009-06-25,69.4745,68.8
2009-06-26,69.1341,68.7
2009-06-27,69.3262,68.9
2009-06-28,69.4412,68.4
2009-06-29,69.718,69.2
2009-06-30,69.7775,69.9
2009-07-01,69.4993,70.4
2009-07-02,69.0892,69.9
2009-07-03,71.3031,70.0
2009-07-04,71.43,69.9
2009-07-05,70.9401,70.5
2009-07-06,70.1075,71.2
2009-07-07,71.8836,69.8
2009-07-08,73.8554,70.5
2009-07-09,75.961,70.9
2009-07-10,77.0215,70.4
2009-07-11,74.0776,70.1
2009-07-12,72.9953,70.8
2009-07-13,72.2681,70.2
2009-07-14,71.6234,70.1
2009-07-15,71.027,69.3
2009-07-16,70.4658,67.8
2009-07-17,69.8676,68.1
2009-07-18,69.4044,68.7
2009-07-19,69.0169,69.7
2009-07-20,68.7062,68.8
2009-07-21,68.3959,69.1
2009-07-22,68.047,69.0
2009-07-23,66.9623,68.4
2009-07-24,67.3088,68.2
2009-07-25,67.6199,68.9
2009-07-26,67.8063,69.4
2009-07-27,68.1389,69.8
2009-07-28,68.4505,70.6
2009-07-29,68.6525,69.8
2009-07-30,68.0937,69.1
2009-07-31,68.7919,68.7
2009-08-01,69.0656,69.2
2009-08-02,69.1931,67.9
2009-08-03,69.1453,68.1
2009-08-04,68.9129,68.8
2009-08-05,68.7206,69.1
2009-08-06,68.5283,68.5
2009-08-07,68.3879,68.7
2009-08-08,68.1122,69.1
2009-08-09,67.9255,69.3
2009-08-10,67.733,69.3
2009-08-11,67.5108,68.5
2009-08-12,67.3323,69.6
2009-08-13,67.2619,70.4
2009-08-14,67.2323,69.4
2009-08-15,67.2484,69.8
2009-08-16,67.3552,69.5
2009-08-17,67.3717,69.6
2009-08-18,67.3786,70.3
2009-08-19,67.3879,69.8
2009-08-20,67.4629,70.0
2009-08-21,67.3604,70.2
2009-08-22,67.3305,70.2
2009-08-23,67.34,70.2
2009-08-24,67.3394,69.8
2009-08-25,67.266,69.9
2009-08-26,67.2436,69.8
2009-08-27,67.2491,69.9
2009-08-28,67.2558,69.5
2009-08-29,67.2574,69.8
2009-08-30,67.1873,69.6
2009-08-31,67.5509,71.1
2009-09-01,68.2479,71.9
2009-09-02,67.4703,72.5
2009-09-03,67.6887,75.3
2009-09-04,68.0689,76.6
2009-09-05,68.489,75.0
2009-09-06,68.9505,72.8
2009-09-07,69.2955,72.2
2009-09-08,69.6482,72.6
2009-09-09,69.9672,73.5
2009-09-10,69.9155,72.5
2009-09-11,69.7309,72.1
2009-09-12,69.4792,72.2
2009-09-13,69.2537,71.7
2009-09-14,69.0051,71.7
2009-09-15,68.78,71.1
2009-09-16,68.5189,69.9
2009-09-17,68.3208,68.8
2009-09-18,68.1012,68.4
2009-09-19,68.0606,68.6
2009-09-20,68.0582,69.0
2009-09-21,67.9015,69.8
2009-09-22,67.5133,70.1
2009-09-23,67.3031,69.8
2009-09-24,67.8246,69.4
2009-09-25,67.6758,70.5
2009-09-26,67.7643,70.0
2009-09-27,68.6438,69.2
2009-09-28,71.6964,70.2
2009-09-29,73.8474,69.5
2009-09-30,74.8395,70.3
2009-10-01,76.6532,70.3
2009-10-02,75.6122,70.6
2009-10-03,75.3601,70.9
2009-10-04,74.8763,72.1
2009-10-05,74.0786,74.7
2009-10-06,73.1362,74.7
2009-10-07,72.1597,80.3
2009-10-08,71.2172,80.4
2009-10-09,70.3374,78.9
2009-10-10,69.5895,75.6
2009-10-11,68.2308,74.2
2009-10-12,68.0537,74.0
2009-10-13,67.5954,71.2
2009-10-14,67.2696,70.3
2009-10-15,67.091,70.3
2009-10-16,67.0274,70.2
2009-10-17,67.1928,69.3
2009-10-18,67.292,69.6
2009-10-19,67.5158,69.3
2009-10-20,68.0232,69.6
2009-10-21,68.1006,70.7
2009-10-22,68.6068,71.3
2009-10-23,70.6294,71.0
2009-10-24,70.8794,71.7
2009-10-25,70.3635,72.6
2009-10-26,72.1659,73.2
2009-10-27,74.2767,73.5
2009-10-28,76.3245,74.5
2009-10-29,78.3697,75.4
2009-10-30,80.7004,74.4
2009-10-31,77.0374,74.9
2009-11-01,75.4863,74.4
2009-11-02,74.4414,74.0
2009-11-03,73.5484,74.4
2009-11-04,72.6578,73.8
2009-11-05,73.6829,72.8
2009-11-06,72.3514,72.3
2009-11-07,71.6611,72.7
2009-11-08,69.645,71.7
2009-11-09,71.0022,70.9
2009-11-10,71.6612,70.1
2009-11-11,72.3214,70.4
2009-11-12,74.3755,70.2
2009-11-13,71.9885,69.4
2009-11-14,71.0639,69.6
2009-11-15,72.5458,69.4
2009-11-16,73.0993,69.6
2009-11-17,72.5968,69.8
2009-11-18,73.0837,69.0
2009-11-19,72.4949,70.0
2009-11-20,72.7387,70.8
2009-11-21,73.1886,71.6
2009-11-22,73.01,69.9
2009-11-23,72.0291,72.2
2009-11-24,72.197,73.1
2009-11-25,72.4775,76.2
2009-11-26,72.9792,79.0
2009-11-27,73.3742,80.6
2009-11-28,73.5683,84.2
2009-11-29,73.6025,81.6
2009-11-30,73.312,79.1
2009-12-01,72.816,81.0
2009-12-02,72.1922,80.0
2009-12-03,71.6046,79.5
2009-12-04,70.9837,75.9
2009-12-05,70.411,74.6
2009-12-06,69.8882,73.5
2009-12-07,69.3284,73.4
2009-12-08,68.975,74.3
2009-12-09,68.7479,73.3
2009-12-10,68.356,72.7
2009-12-11,67.7428,74.3
2009-12-12,67.4203,77.2
2009-12-13,68.49,72.7
2009-12-14,69.0218,75.4
2009-12-15,69.7675,73.8
2009-12-16,69.9128,70.6
2009-12-17,72.8372,74.3
2009-12-18,75.9892,74.7
2009-12-19,77.8726,75.5
2009-12-20,81.0296,74.9
2009-12-21,83.0373,79.0
2009-12-22,83.0578,81.6
2009-12-23,85.0477,86.3
2009-12-24,84.7463,90.2
2009-12-25,82.2677,87.5
2009-12-26,81.4117,87.0
2009-12-27,79.8682,82.6
2009-12-28,79.8314,81.4
2009-12-29,78.5127,79.9
2009-12-30,77.0756,78.9
2009-12-31,76.0937,81.6
2010-01-01,75.5548,79.1
2010-01-02,77.4107,80.0
2010-01-03,78.5335,79.8
2010-01-04,78.7095,82.0
2010-01-05,80.9577,81.9
2010-01-06,80.3752,78.7
2010-01-07,79.8501,77.3
2010-01-08,77.7764,75.4
2010-01-09,76.8384,74.0
2010-01-10,77.0636,71.1
2010-01-11,77.6151,72.8
2010-01-12,79.1324,73.0
2010-01-13,80.2188,73.1
2010-01-14,80.521,73.0
2010-01-15,82.1904,72.3
2010-01-16,83.7718,71.8
2010-01-17,85.2409,75.6
2010-01-18,87.8502,85.1
2010-01-19,87.4051,87.8
2010-01-20,85.6006,91.2
2010-01-21,84.6042,89.0
2010-01-22,83.5611,88.9
2010-01-23,82.5234,91.8
2010-01-24,85.0593,93.1
2010-01-25,85.2845,91.8
2010-01-26,86.1958,87.2
2010-01-27,84.0579,85.5
2010-01-28,83.7152,84.7
2010-01-29,84.3853,84.8
2010-01-30,81.8646,83.1
2010-01-31,81.1716,81.8
2010-02-01,80.1713,82.0
2010-02-02,79.421,81.7
2010-02-03,80.4258,81.9
2010-02-04,81.9291,82.4
2010-02-05,82.0107,80.9
2010-02-06,82.8596,81.1
2010-02-07,82.8811,78.9
2010-02-08,83.1562,77.1
2010-02-09,82.466,76.6
2010-02-10,82.2263,76.5
2010-02-11,84.0039,78.0
2010-02-12,85.4132,79.0
2010-02-13,87.6087,80.0
2010-02-14,87.5995,78.2
2010-02-15,87.0421,77.1
2010-02-16,88.292,75.4
2010-02-17,90.3149,75.1
2010-02-18,88.4476,76.8
2010-02-19,88.6947,79.3
2010-02-20,90.2201,83.1
2010-02-21,91.9466,88.5
2010-02-22,90.6163,90.7
2010-02-23,89.7278,88.3
2010-02-24,88.5804,85.5
2010-02-25,88.3707,84.3
2010-02-26,89.196,85.9
2010-02-27,88.5938,85.0
2010-02-28,87.5107,83.7
2010-03-01,88.8952,82.8
2010-03-02,88.6231,84.1
2010-03-03,88.364,81.9
2010-03-04,88.3399,83.3
2010-03-05,89.0162,83.9
2010-03-06,87.6962,87.1
2010-03-07,86.6228,85.5
2010-03-08,85.4513,87.8
2010-03-09,83.7908,85.7
2010-03-10,83.8259,82.9
2010-03-11,83.9285,82.6
2010-03-12,85.9217,80.9
2010-03-13,85.558,79.1
2010-03-14,84.7922,76.1
2010-03-15,84.1766,77.4
2010-03-16,85.7122,78.7
2010-03-17,87.971,79.3
2010-03-18,87.3508,77.7
2010-03-19,89.3873,76.5
2010-03-20,89.2027,75.9
2010-03-21,89.3858,76.3
2010-03-22,88.4034,75.3
2010-03-23,86.0196,74.9
2010-03-24,85.1758,74.9
2010-03-25,84.3249,75.3
2010-03-26,84.4852,75.6
2010-03-27,83.8482,75.0
2010-03-28,83.457,75.4
2010-03-29,82.1755,74.5
2010-03-30,81.7233,75.3
2010-03-31,83.2869,76.1
2010-04-01,85.4629,76.4
2010-04-02,87.4434,76.9
2010-04-03,89.0203,76.9
2010-04-04,88.4903,75.8
2010-04-05,87.6179,75.0
2010-04-06,88.8208,76.4
2010-04-07,90.0305,77.0
2010-04-08,89.9867,75.7
2010-04-09,92.0134,77.2
2010-04-10,92.4567,77.3
2010-04-11,91.286,79.8
2010-04-12,88.9855,79.0
2010-04-13,87.8482,80.8
2010-04-14,86.7982,81.6
2010-04-15,85.675,83.1
2010-04-16,84.8225,84.7
2010-04-17,83.6382,80.5
2010-04-18,81.9397,80.5
2010-04-19,80.8339,80.3
2010-04-20,82.1067,76.9
2010-04-21,80.2935,75.1
2010-04-22,79.2303,75.0
2010-04-23,79.129,72.7
2010-04-24,79.3735,70.9
2010-04-25,78.9092,71.2
2010-04-26,81.6868,71.8
2010-04-27,80.4492,70.0
2010-04-28,81.4422,70.8
2010-04-29,79.7886,70.3
2010-04-30,81.4923,70.2
2010-05-01,83.0219,70.4
2010-05-02,83.7273,72.6
2010-05-03,82.9757,74.3
2010-05-04,83.1905,76.4
2010-05-05,84.6202,74.4
2010-05-06,84.5168,75.1
2010-05-07,85.5553,74.3
2010-05-08,86.722,74.6
2010-05-09,83.6067,75.2
2010-05-10,82.1553,75.7
2010-05-11,81.4503,75.0
2010-05-12,82.6091,74.1
2010-05-13,80.9491,74.8
2010-05-14,80.3289,76.1
2010-05-15,80.4201,76.8
2010-05-16,81.0134,74.0
2010-05-17,81.3515,72.4
2010-05-18,78.9138,70.0
2010-05-19,78.0189,70.6
2010-05-20,78.7516,74.0
2010-05-21,79.399,73.7
2010-05-22,79.1704,75.2
2010-05-23,78.7333,76.9
2010-05-24,78.5087,78.6
2010-05-25,80.5046,78.7
2010-05-26,80.8034,75.1
2010-05-27,82.9184,72.3
2010-05-28,83.5858,73.9
2010-05-29,82.8586,72.7
2010-05-30,82.921,72.8
2010-05-31,81.4562,71.2
2010-06-01,80.2636,72.3
2010-06-02,79.8958,74.3
2010-06-03,79.878,75.7
2010-06-04,81.3715,76.5
2010-06-05,80.4321,76.9
2010-06-06,82.199,76.9
2010-06-07,82.3595,76.9
2010-06-08,84.0243,75.3
2010-06-09,83.5041,76.4
2010-06-10,84.5967,76.0
2010-06-11,84.0188,76.3
2010-06-12,84.3644,75.5
2010-06-13,85.6545,75.9
2010-06-14,86.3041,74.8
2010-06-15,81.3493,74.0
2010-06-16,81.0333,75.2
2010-06-17,78.6731,75.2
2010-06-18,78.1768,76.6
2010-06-19,77.1199,78.2
2010-06-20,76.9672,82.7
2010-06-21,76.4013,82.6
2010-06-22,77.214,85.4
2010-06-23,77.716,82.6
2010-06-24,77.8613,81.1
2010-06-25,78.3354,80.3
2010-06-26,75.0168,78.4
2010-06-27,74.5724,79.1
2010-06-28,74.2694,81.3
2010-06-29,74.2128,79.4
2010-06-30,76.9542,82.5
2010-07-01,77.1134,89.9
2010-07-02,77.174,92.0
2010-07-03,78.3612,90.5
2010-07-04,78.8429,89.2
2010-07-05,80.9277,87.9
2010-07-06,83.7585,87.9
2010-07-07,83.9896,87.1
2010-07-08,86.7875,85.2
2010-07-09,84.0976,88.0
2010-07-10,82.0377,87.2
2010-07-11,80.0399,85.7
2010-07-12,79.4855,83.9
2010-07-13,79.099,82.1
2010-07-14,78.7065,81.5
2010-07-15,77.7686,83.0
2010-07-16,77.806,83.2
2010-07-17,77.1355,85.1
2010-07-18,75.6843,84.4
2010-07-19,74.8048,84.1
2010-07-20,74.7306,84.9
2010-07-21,74.5096,86.5
2010-07-22,74.2562,85.8
2010-07-23,75.2514,88.1
2010-07-24,76.4136,86.0
2010-07-25,76.1617,86.0
2010-07-26,78.1071,87.4
2010-07-27,78.1717,87.8
2010-07-28,77.6124,86.9
2010-07-29,77.3325,83.1
2010-07-30,77.5048,81.8
2010-07-31,77.0878,79.8
2010-08-01,79.0044,78.9
2010-08-02,79.0109,77.3
2010-08-03,79.0918,76.3
2010-08-04,76.9167,76.5
2010-08-05,80.2276,75.2
2010-08-06,81.239,75.1
2010-08-07,82.2094,75.0
2010-08-08,84.5458,74.8
2010-08-09,86.4608,73.3
2010-08-10,86.903,75.4
2010-08-11,86.7336,76.4
2010-08-12,88.4433,76.0
2010-08-13,89.1786,77.7
2010-08-14,90.5312,78.4
2010-08-15,89.0241,78.5
2010-08-16,88.3033,83.6
2010-08-17,87.191,83.5
2010-08-18,87.0902,81.0
2010-08-19,87.0764,77.3
2010-08-20,83.5827,75.6
2010-08-21,82.3806,74.7
2010-08-22,81.471,76.4
2010-08-23,81.2447,79.1
2010-08-24,81.1431,79.3
2010-08-25,80.7056,80.4
2010-08-26,81.1638,81.6
2010-08-27,81.1274,82.1
2010-08-28,80.3032,83.3
2010-08-29,81.1597,83.0
2010-08-30,81.0067,82.9
2010-08-31,81.097,81.9
2010-09-01,84.6969,83.3
2010-09-02,86.6844,85.2
2010-09-03,86.4207,85.4
2010-09-04,86.1809,84.9
2010-09-05,86.864,83.1
2010-09-06,87.4584,83.4
2010-09-07,86.7112,84.3
2010-09-08,86.5267,83.4
2010-09-09,84.3009,83.5
2010-09-10,82.6046,91.0
2010-09-11,80.935,90.2
2010-09-12,80.3737,86.9
2010-09-13,80.7889,85.1
2010-09-14,81.2555,80.1
2010-09-15,81.7291,76.1
2010-09-16,81.3144,75.4
2010-09-17,80.0687,74.2
2010-09-18,79.7664,75.0
2010-09-19,80.7643,74.7
2010-09-20,82.8911,76.2
2010-09-21,85.042,75.7
2010-09-22,84.2249,75.0
2010-09-23,84.1652,74.9
2010-09-24,83.1921,77.7
2010-09-25,84.8122,79.9
2010-09-26,88.976,81.7
2010-09-27,89.3288,86.3
2010-09-28,89.3142,83.0
2010-09-29,89.6165,89.9
2010-09-30,93.0756,85.9
2010-10-01,93.0176,83.2
2010-10-02,92.7069,82.7
2010-10-03,92.6683,81.4
2010-10-04,91.9996,83.4
2010-10-05,88.6877,81.2
2010-10-06,86.0378,85.2
2010-10-07,84.8218,85.1
2010-10-08,83.2681,86.5
2010-10-09,83.4321,85.3
2010-10-10,81.8996,84.5
2010-10-11,82.2196,83.6
2010-10-12,81.6916,80.0
2010-10-13,81.3518,77.9
2010-10-14,80.1711,77.7
2010-10-15,80.1134,77.2
2010-10-16,81.0977,77.8
2010-10-17,80.5546,81.6
2010-10-18,84.057,83.1
2010-10-19,84.1453,83.5
2010-10-20,84.728,82.2
2010-10-21,86.3023,82.5
2010-10-22,86.9023,83.9
2010-10-23,87.8785,82.8
2010-10-24,88.2458,83.7
2010-10-25,87.7934,83.6
2010-10-26,89.2098,84.6
2010-10-27,89.3276,88.8
2010-10-28,88.8978,89.8
2010-10-29,89.6574,89.1
2010-10-30,91.2234,84.5
2010-10-31,90.2869,82.0
2010-11-01,87.4759,77.9
2010-11-02,85.5152,75.8
2010-11-03,84.388,72.9
2010-11-04,83.4629,73.4
2010-11-05,83.6431,73.9
2010-11-06,83.2726,75.9
2010-11-07,81.9869,74.2
2010-11-08,80.9062,74.5
2010-11-09,81.142,77.9
2010-11-10,80.0592,80.2
2010-11-11,79.4424,84.0
2010-11-12,78.8,84.1
2010-11-13,77.2696,84.1
2010-11-14,77.5101,84.4
2010-11-15,79.2331,84.9
2010-11-16,81.7665,85.4
2010-11-17,82.8098,85.9
2010-11-18,84.3683,84.5
2010-11-19,86.1115,84.6
2010-11-20,87.6982,84.2
2010-11-21,87.5667,85.8
2010-11-22,86.6275,84.3
2010-11-23,84.2776,86.7
2010-11-24,85.3555,85.0
2010-11-25,83.6579,87.5
2010-11-26,81.8612,84.2
2010-11-27,80.8166,81.4
2010-11-28,81.3757,79.1
2010-11-29,81.9296,78.0
2010-11-30,80.4999,78.3
2010-12-01,79.6464,75.4
2010-12-02,78.211,75.3
2010-12-03,78.2176,75.2
2010-12-04,78.3986,77.5
2010-12-05,79.1023,76.1
2010-12-06,80.4959,76.8
2010-12-07,80.0768,77.9
2010-12-08,79.5405,77.4
2010-12-09,79.3816,78.0
2010-12-10,81.5025,79.9
2010-12-11,83.3107,80.2
2010-12-12,85.3798,87.9
2010-12-13,87.1185,88.0
2010-12-14,88.5791,88.1
2010-12-15,89.0036,89.1
2010-12-16,90.1022,87.6
2010-12-17,85.7004,84.8
2010-12-18,84.076,83.9
2010-12-19,83.3775,83.5
2010-12-20,82.4285,82.0
2010-12-21,82.0939,80.0
2010-12-22,83.2191,80.6
2010-12-23,81.6354,79.9
2010-12-24,81.8631,77.4
2010-12-25,84.1354,76.9
2010-12-26,84.0866,76.7
2010-12-27,84.1649,77.6
2010-12-28,83.8193,77.8
2010-12-29,83.6505,79.1
2010-12-30,85.6511,78.4
2010-12-31,86.0514,78.2
2011-01-01,85.9653,79.7
2011-01-02,86.5631,84.8
2011-01-03,86.6039,84.9
2011-01-04,88.4811,81.7
2011-01-05,88.4193,79.9
2011-01-06,88.8268,78.0
2011-01-07,88.5734,77.6
2011-01-08,88.8435,78.1
2011-01-09,88.7168,78.1
2011-01-10,90.9041,79.0
2011-01-11,91.8722,80.2
2011-01-12,93.479,78.9
2011-01-13,92.2447,77.6
2011-01-14,89.4001,77.0
2011-01-15,86.4462,78.1
2011-01-16,84.6109,79.8
2011-01-17,84.223,78.7
2011-01-18,83.6187,78.0
2011-01-19,84.6702,80.1
2011-01-20,86.367,87.3
2011-01-21,86.1447,86.4
2011-01-22,85.1144,89.0
2011-01-23,86.4938,88.9
2011-01-24,88.4526,93.1
2011-01-25,88.9432,101.4
2011-01-26,89.2252,109.8
2011-01-27,88.5751,110.0
2011-01-28,86.9928,111.4
2011-01-29,86.8111,108.3
2011-01-30,86.0211,121.9
2011-01-31,85.9823,106.9
2011-02-01,85.7854,102.2
2011-02-02,85.0173,94.6
2011-02-03,82.6428,89.0
2011-02-04,83.1738,87.4
2011-02-05,84.1536,87.0
2011-02-06,84.0331,86.4
2011-02-07,84.6628,88.4
2011-02-08,85.1502,88.7
2011-02-09,86.8315,94.0
2011-02-10,85.3478,108.5
2011-02-11,85.5723,111.4
2011-02-12,86.2304,118.8
2011-02-13,87.0084,124.7
2011-02-14,89.0188,132.5
2011-02-15,91.2943,140.3
2011-02-16,92.9025,149.6
2011-02-17,94.1478,147.7
2011-02-18,96.9597,141.1
2011-02-19,98.4988,129.5
2011-02-20,98.4053,121.5
2011-02-21,98.0487,119.2
2011-02-22,99.0948,111.5
2011-02-23,99.5288,106.1
2011-02-24,99.8096,100.3
2011-02-25,99.1905,100.8
2011-02-26,97.7616,89.2
2011-02-27,95.9535,86.8
2011-02-28,93.8393,88.0
2011-03-01,94.0071,91.2
2011-03-02,92.7114,100.2
2011-03-03,91.385,99.1
2011-03-04,90.1927,104.0
2011-03-05,90.8778,106.9
2011-03-06,93.2935,112.0
2011-03-07,95.7683,113.9
2011-03-08,97.4056,115.1
2011-03-09,100.2649,118.1
2011-03-10,100.6003,115.9
2011-03-11,99.7752,117.3
2011-03-12,104.4046,113.1
2011-03-13,106.5603,108.7
2011-03-14,106.5412,107.4
2011-03-15,106.2156,114.0
2011-03-16,105.5696,112.7
2011-03-17,104.0938,109.3
2011-03-18,101.3039,117.2
2011-03-19,99.1125,112.5
2011-03-20,98.098,109.0
2011-03-21,97.2017,105.3
2011-03-22,95.5941,105.2
2011-03-23,95.9198,106.3
2011-03-24,96.2831,110.8
2011-03-25,96.7771,118.4
2011-03-26,96.8676,119.4
2011-03-27,96.4105,130.2
2011-03-28,95.3527,120.0
2011-03-29,95.2554,115.3
2011-03-30,100.4906,111.9
2011-03-31,103.5924,111.9
2011-04-01,105.499,118.1
2011-04-02,108.2262,114.1
2011-04-03,108.1079,116.0
2011-04-04,107.1788,120.4
2011-04-05,106.4163,118.5
2011-04-06,107.4426,113.5
2011-04-07,106.9167,110.8
2011-04-08,107.994,109.3
2011-04-09,108.0844,111.9
2011-04-10,107.441,111.2
2011-04-11,106.2732,111.1
2011-04-12,104.1936,107.7
2011-04-13,104.4574,111.5
2011-04-14,104.4728,108.8
2011-04-15,106.491,108.7
2011-04-16,105.7728,106.7
2011-04-17,107.6953,103.7
2011-04-18,109.7337,104.1
2011-04-19,109.5681,104.1
2011-04-20,109.5892,105.7
2011-04-21,112.9427,99.4
2011-04-22,113.2244,96.0
2011-04-23,115.1453,94.7
2011-04-24,117.811,93.5
2011-04-25,117.7204,93.4
2011-04-26,116.8525,96.6
2011-04-27,116.2969,94.3
2011-04-28,115.2805,93.6
2011-04-29,114.9255,92.7
2011-04-30,115.2894,86.4
2011-05-01,117.0014,85.7
2011-05-02,117.3208,85.7
2011-05-03,117.4521,86.6
2011-05-04,121.4154,86.3
2011-05-05,121.2088,83.8
2011-05-06,122.1236,82.4
2011-05-07,122.6139,84.9
2011-05-08,121.891,92.3
2011-05-09,121.9884,103.2
2011-05-10,118.8839,113.8
2011-05-11,118.805,115.0
2011-05-12,117.3757,115.2
2011-05-13,115.428,116.8
2011-05-14,114.3476,114.8
2011-05-15,114.4642,110.2
2011-05-16,112.1797,105.8
2011-05-17,110.636,105.9
2011-05-18,109.5326,103.2
2011-05-19,110.0737,99.3
2011-05-20,112.2151,92.9
2011-05-21,112.5372,90.2
2011-05-22,111.1329,89.4
2011-05-23,110.3827,87.2
2011-05-24,108.8843,87.3
2011-05-25,107.8305,89.4
2011-05-26,107.9176,102.5
2011-05-27,106.1534,104.8
2011-05-28,108.86,106.6
2011-05-29,106.4362,107.6
2011-05-30,105.239,102.4
2011-05-31,106.6906,102.4
2011-06-01,104.6056,99.6
2011-06-02,103.8951,98.2
2011-06-03,103.6373,96.0
2011-06-04,103.542,99.5
2011-06-05,109.7388,99.4
2011-06-06,111.2686,96.7
2011-06-07,112.3391,93.1
2011-06-08,112.5495,92.2
2011-06-09,111.3076,89.8
2011-06-10,110.8914,90.3
2011-06-11,108.9841,92.2
2011-06-12,108.8888,90.5
2011-06-13,108.0785,88.5
2011-06-14,105.0757,89.2
2011-06-15,104.2444,87.9
2011-06-16,105.0532,87.7
2011-06-17,106.1368,87.5
2011-06-18,107.4894,88.4
2011-06-19,108.5619,88.7
2011-06-20,107.8107,88.5
2011-06-21,107.4499,93.7
2011-06-22,106.5446,93.1
2011-06-23,107.9357,94.7
2011-06-24,109.2212,97.7
2011-06-25,111.0168,97.2
2011-06-26,112.5825,96.9
2011-06-27,110.018,96.9
2011-06-28,107.8872,107.0
2011-06-29,106.0844,105.3
2011-06-30,105.791,103.6
2011-07-01,108.1403,103.4
2011-07-02,108.6964,99.1
2011-07-03,107.2057,95.4
2011-07-04,106.5506,91.1
2011-07-05,105.5804,88.9
2011-07-06,103.7339,89.8
2011-07-07,100.3446,96.4
2011-07-08,97.1939,102.5
2011-07-09,95.6644,110.7
2011-07-10,95.1384,115.2
2011-07-11,93.8049,116.2
2011-07-12,93.9225,122.2
2011-07-13,94.0665,128.7
2011-07-14,94.1249,125.2
2011-07-15,94.3513,123.5
2011-07-16,95.1262,119.7
2011-07-17,98.0156,112.5
2011-07-18,100.2344,113.2
2011-07-19,101.3094,108.4
2011-07-20,103.0543,106.9
2011-07-21,102.0666,100.2
2011-07-22,102.7616,92.7
2011-07-23,103.4445,86.5
2011-07-24,103.3895,85.7
2011-07-25,102.2572,85.3
2011-07-26,101.5415,90.4
2011-07-27,100.9481,92.7
2011-07-28,101.1404,95.4
2011-07-29,100.1471,100.0
2011-07-30,100.2838,100.2
2011-07-31,100.9881,100.6
2011-08-01,103.0867,102.9
2011-08-02,104.9784,103.3
2011-08-03,106.8739,110.7
2011-08-04,108.3581,106.1
2011-08-05,110.0164,106.4
2011-08-06,110.217,106.4
2011-08-07,110.3234,106.8
2011-08-08,111.2625,106.0
2011-08-09,111.7366,103.1
2011-08-10,112.1471,103.2
2011-08-11,109.541,103.2
2011-08-12,107.8056,111.0
2011-08-13,108.6403,113.8
2011-08-14,106.1351,117.5
2011-08-15,103.1301,120.8
2011-08-16,101.2805,121.5
2011-08-17,100.0551,120.7
2011-08-18,98.2225,114.2
2011-08-19,100.1875,114.5
2011-08-20,99.0098,111.7
2011-08-21,98.5615,113.4
2011-08-22,98.7109,117.8
2011-08-23,97.9825,122.9
2011-08-24,97.5802,125.5
2011-08-25,97.7669,131.0
2011-08-26,98.3963,144.3
2011-08-27,99.1934,142.3
2011-08-28,99.4592,144.6
2011-08-29,99.3385,146.2
2011-08-30,99.6827,151.6
2011-08-31,103.5365,142.2
2011-09-01,103.1718,145.5
2011-09-02,103.1248,145.3
2011-09-03,104.5223,151.9
2011-09-04,104.5416,159.3
2011-09-05,105.1686,169.8
2011-09-06,105.1821,169.8
2011-09-07,106.1684,149.0
2011-09-08,107.31,139.6
2011-09-09,106.3807,134.0
2011-09-10,109.882,137.0
2011-09-11,110.5401,138.5
2011-09-12,111.667,137.2
2011-09-13,112.882,131.1
2011-09-14,115.1818,129.1
2011-09-15,115.5334,130.4
2011-09-16,116.8187,126.7
2011-09-17,121.2867,123.9
2011-09-18,123.2243,121.9
2011-09-19,123.87,118.2
2011-09-20,126.8348,120.7
2011-09-21,129.612,126.0
2011-09-22,131.1291,129.7
2011-09-23,130.982,133.5
2011-09-24,133.6493,137.0
2011-09-25,136.0382,135.4
2011-09-26,136.0439,136.9
2011-09-27,135.6062,150.0
2011-09-28,135.1964,151.6
2011-09-29,134.0317,145.7
2011-09-30,134.208,146.1
2011-10-01,132.3101,157.8
2011-10-02,132.4204,166.3
2011-10-03,132.3093,162.5
2011-10-04,132.1028,153.9
2011-10-05,130.8131,143.8
2011-10-06,130.9146,137.3
2011-10-07,130.0848,130.6
2011-10-08,128.854,129.9
2011-10-09,128.4436,132.2
2011-10-10,129.3655,121.4
2011-10-11,128.0314,124.9
2011-10-12,124.3826,136.1
2011-10-13,113.303,136.5
2011-10-14,111.8604,151.2
2011-10-15,111.9766,157.8
2011-10-16,114.1536,161.1
2011-10-17,115.3391,169.0
2011-10-18,115.4818,173.6
2011-10-19,116.1375,178.9
2011-10-20,118.8186,177.7
2011-10-21,121.1626,176.7
2011-10-22,122.505,175.2
2011-10-23,125.634,170.4
2011-10-24,123.1437,165.3
2011-10-25,122.3161,152.1
2011-10-26,122.9341,157.7
2011-10-27,123.5601,145.1
2011-10-28,121.3164,139.2
2011-10-29,119.312,144.4
2011-10-30,117.7078,141.1
2011-10-31,118.8148,136.3
2011-11-01,120.7593,136.6
2011-11-02,122.3993,137.7
2011-11-03,124.9294,138.9
2011-11-04,127.3167,136.5
2011-11-05,128.8293,133.8
2011-11-06,130.8251,131.7
2011-11-07,132.4788,129.3
2011-11-08,135.886,131.7
2011-11-09,132.9608,134.0
2011-11-10,131.2957,136.8
2011-11-11,130.6197,140.1
2011-11-12,132.3264,148.0
2011-11-13,133.3889,152.9
2011-11-14,135.2638,155.95
2011-11-15,135.904,159.0
2011-11-16,135.8575,153.6
2011-11-17,136.3817,146.6
2011-11-18,137.1653,144.5
2011-11-19,136.3518,140.4
2011-11-20,136.6954,139.2
2011-11-21,136.6094,135.8
2011-11-22,136.177,130.2
2011-11-23,136.0644,127.5
2011-11-24,134.1464,129.0
2011-11-25,133.4038,127.9
2011-11-26,132.9983,120.3
2011-11-27,133.5411,117.2
2011-11-28,132.5652,115.8
2011-11-29,132.7578,123.3
2011-11-30,133.7792,124.1
2011-12-01,134.1318,133.0
2011-12-02,135.5205,139.9
2011-12-03,136.5967,141.1
2011-12-04,136.944,133.7
2011-12-05,136.9843,138.1
2011-12-06,136.1257,137.2
2011-12-07,135.9166,140.8
2011-12-08,137.1144,135.7
2011-12-09,138.1561,140.0
2011-12-10,138.049,142.3
2011-12-11,136.4352,136.4
2011-12-12,136.9198,128.5
2011-12-13,136.9212,129.4
2011-12-14,136.896,130.3
2011-12-15,134.6479,130.2
2011-12-16,132.4477,131.6
2011-12-17,130.0476,136.6
2011-12-18,131.2698,131.0
2011-12-19,131.2202,135.9
2011-12-20,132.6457,131.4
2011-12-21,134.2042,137.6
2011-12-22,132.9529,124.6
2011-12-23,132.1135,116.1
2011-12-24,131.8683,113.0
2011-12-25,132.3508,120.0
2011-12-26,131.7059,128.0
2011-12-27,131.6287,129.2
2011-12-28,132.7624,135.1
2011-12-29,132.9028,134.5
2011-12-30,133.0435,143.4
2011-12-31,131.6494,146.1
2012-01-01,130.7481,136.7
2012-01-02,130.1672,137.2
2012-01-03,130.8134,136.6
2012-01-04,130.3917,139.8
2012-01-05,129.7578,131.5
2012-01-06,127.246,122.5
2012-01-07,130.6875,124.3
2012-01-08,132.1171,124.7
2012-01-09,132.3818,111.0
2012-01-10,132.0087,106.6
2012-01-11,129.69,111.0
2012-01-12,128.5183,113.1
2012-01-13,127.3919,114.1
2012-01-14,128.8836,114.6
2012-01-15,131.1358,107.9
2012-01-16,132.9982,104.0
2012-01-17,132.9805,99.8
2012-01-18,133.4465,108.9
2012-01-19,133.4177,104.3
2012-01-20,131.7943,94.6
2012-01-21,133.7025,96.6
2012-01-22,130.5708,107.9
2012-01-23,127.6332,109.4
2012-01-24,125.8022,107.6
2012-01-25,124.0522,105.7
2012-01-26,124.4103,104.8
2012-01-27,127.7068,102.0
2012-01-28,128.4553,100.8
2012-01-29,126.3638,101.3
2012-01-30,125.207,101.7
2012-01-31,125.8811,102.9
2012-02-01,126.2024,108.7
2012-02-02,126.0286,101.0
2012-02-03,123.9439,102.0
2012-02-04,120.6985,101.2
2012-02-05,118.3873,106.7
2012-02-06,117.548,105.9
2012-02-07,118.2358,104.9
2012-02-08,118.3075,103.5
2012-02-09,118.5539,101.3
2012-02-10,119.6673,100.2
2012-02-11,121.2133,101.6
2012-02-12,122.3417,106.3
2012-02-13,123.1358,114.5
2012-02-14,120.4368,118.2
2012-02-15,124.1278,129.5
2012-02-16,127.1227,136.0
2012-02-17,127.7631,133.7
2012-02-18,127.0819,137.5
2012-02-19,127.6455,143.5
2012-02-20,123.146,146.9
2012-02-21,120.2383,129.5
2012-02-22,121.5572,128.7
2012-02-23,124.0304,125.0
2012-02-24,126.1754,117.5
2012-02-25,126.691,109.4
2012-02-26,127.3697,97.6
2012-02-27,127.8498,101.4
2012-02-28,123.2016,101.1
2012-02-29,121.8375,100.9
2012-03-01,121.421,98.8
2012-03-02,121.5514,99.2
2012-03-03,124.0631,101.7
2012-03-04,126.2996,104.2
2012-03-05,128.7859,102.1
2012-03-06,127.3414,100.8
2012-03-07,130.2706,101.9
2012-03-08,131.2829,105.2
2012-03-09,133.1768,106.6
2012-03-10,133.8893,111.2
2012-03-11,132.7658,110.4
2012-03-12,132.8642,109.9
2012-03-13,133.4315,107.2
2012-03-14,129.4446,105.9
2012-03-15,128.6572,103.6
2012-03-16,126.661,102.1
2012-03-17,125.4207,101.0
2012-03-18,124.129,97.6
2012-03-19,123.3971,98.7
2012-03-20,122.5509,93.5
2012-03-21,120.2808,94.9
2012-03-22,118.248,93.7
2012-03-23,118.1116,93.8
2012-03-24,117.4794,95.8
2012-03-25,116.5576,98.3
2012-03-26,116.9794,98.8
2012-03-27,114.4992,102.4
2012-03-28,113.7948,108.8
2012-03-29,112.2704,114.7
2012-03-30,112.0958,122.6
2012-03-31,112.9909,139.1
2012-04-01,113.2086,143.1
2012-04-02,113.8189,150.6
2012-04-03,114.368,149.5
2012-04-04,113.5629,143.4
2012-04-05,112.9036,135.2
2012-04-06,112.4408,128.8
2012-04-07,111.4438,120.7
2012-04-08,107.7516,119.5
2012-04-09,105.44,122.8
2012-04-10,107.9869,117.7
2012-04-11,109.3536,115.9
2012-04-12,109.2039,111.6
2012-04-13,108.6673,117.4
2012-04-14,107.027,115.9
2012-04-15,107.399,115.9
2012-04-16,106.6592,118.1
2012-04-17,106.7915,119.4
2012-04-18,105.5439,123.9
2012-04-19,107.157,125.1
2012-04-20,109.1249,129.8
2012-04-21,109.9807,133.3
2012-04-22,111.0152,139.2
2012-04-23,111.2919,132.2
2012-04-24,111.6716,133.3
2012-04-25,112.0506,132.9
2012-04-26,111.4791,131.9
2012-04-27,110.1665,133.9
2012-04-28,110.2426,139.5
2012-04-29,108.9332,135.3
2012-04-30,109.3023,134.1
2012-05-01,110.9195,134.0
2012-05-02,109.233,128.2
2012-05-03,107.3673,124.3
2012-05-04,105.3619,120.2
2012-05-05,104.5923,118.5
2012-05-06,103.4011,120.3
2012-05-07,102.4812,112.9
2012-05-08,99.9974,113.7
2012-05-09,101.6114,113.3
2012-05-10,103.1972,109.3
2012-05-11,105.7098,114.1
2012-05-12,106.4796,120.6
2012-05-13,105.8485,132.2
2012-05-14,105.8065,132.9
2012-05-15,107.4939,133.2
2012-05-16,107.7044,131.9
2012-05-17,109.5381,142.8
2012-05-18,109.9127,138.5
2012-05-19,108.6226,132.1
2012-05-20,108.0505,127.9
2012-05-21,106.7397,132.3
2012-05-22,104.923,132.3
2012-05-23,104.0551,138.1
2012-05-24,101.7101,145.8
2012-05-25,102.0844,147.3
2012-05-26,101.0358,144.8
2012-05-27,99.4535,149.6
2012-05-28,99.0062,138.8
2012-05-29,97.3619,128.0
2012-05-30,95.7609,121.9
2012-05-31,96.5064,113.5
2012-06-01,101.1864,107.1
2012-06-02,102.2399,100.9
2012-06-03,103.7214,91.4
2012-06-04,105.4486,86.8
2012-06-05,106.8001,88.1
2012-06-06,107.6532,91.5
2012-06-07,107.2921,102.5
2012-06-08,107.7896,109.9
2012-06-09,108.1564,123.7
2012-06-10,108.901,121.3
2012-06-11,110.5595,128.2
2012-06-12,113.138,137.9
2012-06-13,117.3702,142.0
2012-06-14,116.8027,150.7
2012-06-15,113.1545,152.5
2012-06-16,114.0958,170.1
2012-06-17,112.841,163.0
2012-06-18,112.9662,163.7
2012-06-19,111.8168,183.7
2012-06-20,111.5887,179.6
2012-06-21,109.198,179.2
2012-06-22,107.884,167.1
2012-06-23,105.5893,170.9
2012-06-24,101.2538,152.1
2012-06-25,103.0717,152.8
2012-06-26,105.1652,145.1
2012-06-27,107.0264,142.5
2012-06-28,108.223,131.7
2012-06-29,108.7191,113.1
2012-06-30,108.8972,103.2
2012-07-01,105.0214,95.3
2012-07-02,103.9978,92.8
2012-07-03,104.6063,96.7
2012-07-04,105.4109,99.8
2012-07-05,106.3484,105.7
2012-07-06,110.4175,108.7
2012-07-07,109.7744,118.3
2012-07-08,113.7329,127.1
2012-07-09,115.576,130.5
2012-07-10,116.4235,135.4
2012-07-11,117.6946,140.1
2012-07-12,119.7673,144.0
2012-07-13,118.1876,146.0
2012-07-14,117.2605,138.6
2012-07-15,116.9927,143.8
2012-07-16,115.1628,142.7
2012-07-17,112.9187,137.9
2012-07-18,110.0456,137.9
2012-07-19,107.8426,132.1
2012-07-20,105.4388,137.0
2012-07-21,106.2997,134.8
2012-07-22,100.7224,128.8
2012-07-23,101.4382,123.0
2012-07-24,104.4191,115.3
2012-07-25,107.0331,110.9
2012-07-26,108.6733,108.5
2012-07-27,111.7082,103.2
2012-07-28,113.9513,100.8
2012-07-29,116.9658,97.7
2012-07-30,117.7972,99.4
2012-07-31,116.8025,98.5
2012-08-01,117.3022,98.5
2012-08-02,118.5681,96.4
2012-08-03,120.2277,96.9
2012-08-04,120.6673,98.8
2012-08-05,121.8834,106.4
2012-08-06,122.906,108.1
2012-08-07,125.6353,115.6
2012-08-08,125.5852,113.7
2012-08-09,127.5311,113.4
2012-08-10,128.9779,120.6
2012-08-11,128.7852,130.2
2012-08-12,128.2604,132.9
2012-08-13,126.9809,148.2
2012-08-14,125.8319,144.7
2012-08-15,123.3174,144.0
2012-08-16,121.1486,139.9
2012-08-17,120.5696,134.9
2012-08-18,120.7438,130.0
2012-08-19,119.4608,135.4
2012-08-20,118.5852,130.5
2012-08-21,118.573,124.8
2012-08-22,120.5193,112.8
2012-08-23,122.1576,106.4
2012-08-24,117.4241,103.8
2012-08-25,120.7072,100.3
2012-08-26,122.5937,101.7
2012-08-27,122.7256,98.6
2012-08-28,121.3643,98.3
2012-08-29,120.859,102.5
2012-08-30,119.6616,105.3
2012-08-31,118.6984,110.8
2012-09-01,121.7776,118.4
2012-09-02,122.5753,117.8
2012-09-03,121.7937,125.3
2012-09-04,122.4712,134.4
2012-09-05,123.1104,137.4
2012-09-06,124.0951,140.6
2012-09-07,125.0241,139.9
2012-09-08,124.8629,133.8
2012-09-09,126.6872,138.3
2012-09-10,125.0012,136.4
2012-09-11,125.2882,135.9
2012-09-12,125.6258,128.3
2012-09-13,125.3918,118.3
2012-09-14,125.4381,111.8
2012-09-15,124.8522,109.5
2012-09-16,124.6941,106.1
2012-09-17,123.1332,98.7
2012-09-18,123.9228,97.9
2012-09-19,126.3099,103.2
2012-09-20,126.9484,105.9
2012-09-21,125.7053,111.6
2012-09-22,128.4649,116.2
2012-09-23,129.5355,121.3
2012-09-24,127.9037,124.3
2012-09-25,126.753,131.3
2012-09-26,127.0245,135.9
2012-09-27,127.3014,136.1
2012-09-28,128.7495,134.1
2012-09-29,125.0444,136.5
2012-09-30,129.1623,140.3
2012-10-01,129.9779,150.1
2012-10-02,128.4551,142.8
2012-10-03,127.8622,153.9
2012-10-04,126.2415,140.1
2012-10-05,124.4401,134.1
2012-10-06,121.4031,128.5
2012-10-07,119.9222,129.1
2012-10-08,118.189,120.2
2012-10-09,118.3371,115.4
2012-10-10,117.383,106.9
2012-10-11,117.0327,104.8
2012-10-12,117.041,102.7
2012-10-13,117.5885,96.8
2012-10-14,119.6453,94.9
2012-10-15,118.9812,91.8
2012-10-16,120.9831,93.4
2012-10-17,122.3488,94.9
2012-10-18,124.6029,96.9
2012-10-19,125.1977,99.8
2012-10-20,126.9318,102.2
2012-10-21,127.0722,112.9
2012-10-22,127.7054,119.8
2012-10-23,128.685,130.6
2012-10-24,128.1618,140.8
2012-10-25,129.4834,143.1
2012-10-26,131.9779,139.1
2012-10-27,129.717,138.6
2012-10-28,126.5054,135.2
2012-10-29,123.1259,132.4
2012-10-30,121.711,137.7
2012-10-31,120.2432,130.7
2012-11-01,118.2677,137.8
2012-11-02,116.8906,137.0
2012-11-03,114.8939,124.5
2012-11-04,113.1332,123.5
2012-11-05,113.8176,115.0
2012-11-06,114.287,118.4
2012-11-07,115.933,118.6
2012-11-08,105.9336,114.0
2012-11-09,108.6524,111.2
2012-11-10,109.7503,110.0
2012-11-11,109.3016,107.5
2012-11-12,108.2345,98.8
2012-11-13,110.0012,94.9
2012-11-14,108.8507,93.9
2012-11-15,108.5532,93.4
2012-11-16,110.6285,92.7
2012-11-17,111.9656,94.6
2012-11-18,113.7948,94.2
2012-11-19,113.2308,98.1
2012-11-20,114.6459,100.6
2012-11-21,114.4093,100.9
2012-11-22,113.6591,100.5
2012-11-23,113.1714,108.4
2012-11-24,111.6287,113.0
2012-11-25,111.9863,115.5
2012-11-26,111.25,118.5
2012-11-27,110.5205,115.8
2012-11-28,111.547,111.3
2012-11-29,111.3635,112.5
2012-11-30,111.0536,109.8
2012-12-01,112.5086,110.4
2012-12-02,111.1856,110.9
2012-12-03,109.8769,111.6
2012-12-04,108.5303,110.4
2012-12-05,107.5155,109.4
2012-12-06,106.0149,109.3
2012-12-07,104.3694,106.2
2012-12-08,103.2877,103.2
2012-12-09,103.1381,102.3
2012-12-10,103.1551,100.9
2012-12-11,101.9881,103.2
2012-12-12,99.5473,109.8
2012-12-13,97.198,113.9
2012-12-14,95.5618,115.0
2012-12-15,97.7085,124.6
2012-12-16,97.715,138.4
2012-12-17,96.6163,140.3
2012-12-18,95.9169,137.5
2012-12-19,98.5989,144.8
2012-12-20,99.1624,150.5
2012-12-21,99.601,163.8
2012-12-22,99.5111,168.2
2012-12-23,95.5056,166.7
2012-12-24,96.1595,163.0
2012-12-25,96.3748,151.4
2012-12-26,96.1222,149.1
2012-12-27,98.9045,135.2
2012-12-28,100.191,132.6
2012-12-29,101.39,118.8
2012-12-30,103.6644,111.5
2012-12-31,104.8127,103.3
2013-01-01,105.6507,103.2
2013-01-02,107.5796,104.9
2013-01-03,105.0017,106.9
2013-01-04,104.6128,101.6
2013-01-05,104.5099,100.2
2013-01-06,104.4463,97.5
2013-01-07,104.4047,96.3
2013-01-08,105.8303,94.7
2013-01-09,107.8403,94.7
2013-01-10,106.0214,92.6
2013-01-11,106.5519,93.8
2013-01-12,109.761,99.7
2013-01-13,111.8253,100.7
2013-01-14,112.993,108.6
2013-01-15,112.8609,107.9
2013-01-16,110.4832,103.7
2013-01-17,109.6406,102.2
2013-01-18,108.7147,100.7
2013-01-19,107.9308,100.0
2013-01-20,107.1424,101.4
2013-01-21,106.9739,104.8
2013-01-22,110.019,103.2
2013-01-23,110.6172,102.5
2013-01-24,111.3875,99.2
2013-01-25,110.7549,97.8
2013-01-26,111.6124,97.0
2013-01-27,110.6964,97.7
2013-01-28,110.4394,100.8
2013-01-29,110.5,103.1
2013-01-30,110.8669,102.3
2013-01-31,108.9418,109.9
2013-02-01,107.1529,111.0
2013-02-02,107.8704,106.2
2013-02-03,103.3998,104.7
2013-02-04,103.0384,97.5
2013-02-05,103.7714,93.0
2013-02-06,104.1272,93.5
2013-02-07,103.7979,96.8
2013-02-08,104.49,100.0
2013-02-09,105.0182,103.6
2013-02-10,104.325,110.6
2013-02-11,105.3322,109.1
2013-02-12,104.3344,110.1
2013-02-13,104.5723,112.4
2013-02-14,104.1282,116.6
2013-02-15,104.0412,112.6
2013-02-16,105.95,112.1
2013-02-17,105.6105,113.3
2013-02-18,103.9105,114.6
2013-02-19,105.2536,117.7
2013-02-20,106.4383,118.2
2013-02-21,106.1116,121.5
2013-02-22,105.7626,121.5
2013-02-23,104.8811,121.5
2013-02-24,104.6523,121.8
2013-02-25,105.3501,124.8
2013-02-26,107.1812,124.5
2013-02-27,109.6774,116.6
2013-02-28,106.8177,109.5
2013-03-01,105.0073,106.7
2013-03-02,103.0256,105.3
2013-03-03,102.6384,100.2
2013-03-04,101.8187,97.6
2013-03-05,100.2321,95.4
2013-03-06,98.8752,92.2
2013-03-07,97.7577,92.0
2013-03-08,97.6213,92.6
2013-03-09,98.7569,98.3
2013-03-10,98.0474,104.8
2013-03-11,100.1079,108.2
2013-03-12,100.4143,113.1
2013-03-13,101.3636,119.0
2013-03-14,100.9598,122.1
2013-03-15,101.0734,127.0
2013-03-16,101.0715,128.6
2013-03-17,100.797,134.5
2013-03-18,101.885,137.3
2013-03-19,101.1486,138.2
2013-03-20,100.4184,139.6
2013-03-21,100.7104,147.0
2013-03-22,100.0894,148.6
2013-03-23,96.0527,137.8
2013-03-24,94.2384,138.6
2013-03-25,92.2512,125.8
2013-03-26,90.8476,117.5
2013-03-27,91.7075,114.1
2013-03-28,92.0988,114.1
2013-03-29,92.3497,109.0
2013-03-30,92.2802,105.9
2013-03-31,90.0959,100.3
2013-04-01,89.0222,105.9
2013-04-02,88.8374,110.5
2013-04-03,87.7796,114.1
2013-04-04,87.5883,118.8
2013-04-05,89.3346,116.1
2013-04-06,89.7226,120.7
2013-04-07,91.1949,123.5
2013-04-08,91.1636,128.8
2013-04-09,92.679,133.5
2013-04-10,93.7175,144.5
2013-04-11,94.1769,156.7
2013-04-12,96.285,161.7
2013-04-13,96.4366,151.8
2013-04-14,96.2095,150.4
2013-04-15,96.2277,144.1
2013-04-16,95.4563,139.5
2013-04-17,93.7087,133.0
2013-04-18,91.9904,131.1
2013-04-19,90.7894,129.3
2013-04-20,92.2469,130.9
2013-04-21,93.5941,127.3
2013-04-22,91.918,139.4
2013-04-23,91.8645,150.4
2013-04-24,92.6461,153.5
2013-04-25,93.7221,151.1
2013-04-26,93.5041,148.8
2013-04-27,98.192,148.0
2013-04-28,100.5334,139.6
2013-04-29,102.3485,135.2
2013-04-30,103.29,138.5
2013-05-01,104.0908,135.2
2013-05-02,103.9519,128.4
2013-05-03,102.9917,136.7
2013-05-04,102.7416,137.9
2013-05-05,102.5059,130.6
2013-05-06,102.9626,124.5
2013-05-07,101.365,123.2
2013-05-08,100.3008,113.1
2013-05-09,100.0477,107.6
2013-05-10,100.5351,109.8
2013-05-11,104.2992,106.9
2013-05-12,107.2841,104.7
2013-05-13,110.1128,108.8
2013-05-14,111.8536,114.1
2013-05-15,112.2062,115.0
2013-05-16,113.2597,113.1
2013-05-17,110.4578,112.1
2013-05-18,110.652,112.3
2013-05-19,110.2233,112.6
2013-05-20,111.6539,106.3
2013-05-21,112.2252,99.0
2013-05-22,113.2972,96.2
2013-05-23,115.0542,92.3
2013-05-24,114.7065,96.2
2013-05-25,116.4757,102.0
2013-05-26,120.6505,112.6
2013-05-27,119.3857,114.5
2013-05-28,115.7411,119.7
2013-05-29,115.0957,127.8
2013-05-30,114.1257,128.8
2013-05-31,112.8831,127.4
2013-06-01,114.6037,130.5
2013-06-02,114.235,137.6
2013-06-03,113.0007,134.2
2013-06-04,111.3939,132.4
2013-06-05,112.3563,124.6
2013-06-06,112.9776,112.9
2013-06-07,114.3978,110.1
2013-06-08,115.4397,102.9
2013-06-09,114.1336,104.3
2013-06-10,113.8639,103.6
2013-06-11,112.0696,106.3
2013-06-12,112.4333,111.4
2013-06-13,112.9773,118.1
2013-06-14,114.7325,128.7
2013-06-15,116.7485,142.3
2013-06-16,119.0459,145.6
2013-06-17,120.8237,138.7
2013-06-18,126.5569,129.8
2013-06-19,124.9658,123.3
2013-06-20,126.0595,124.0
2013-06-21,123.7232,121.9
2013-06-22,123.4366,117.1
2013-06-23,123.1507,121.6
2013-06-24,123.1476,117.8
2013-06-25,121.5787,116.7
2013-06-26,119.2911,117.9
2013-06-27,117.5514,117.6
2013-06-28,116.0103,114.9
2013-06-29,113.7024,118.6
2013-06-30,111.0098,117.3
2013-07-01,111.6193,116.1
2013-07-02,113.5551,112.9
2013-07-03,115.3947,113.4
2013-07-04,117.3692,110.1
2013-07-05,118.8414,111.0
2013-07-06,116.8812,110.3
2013-07-07,117.212,112.9
2013-07-08,117.7622,111.3
2013-07-09,116.4408,112.7
2013-07-10,115.8741,115.6
2013-07-11,113.6138,116.5
2013-07-12,111.763,112.0
2013-07-13,111.0565,115.4
2013-07-14,112.1234,116.2
2013-07-15,111.0925,110.5
2013-07-16,109.1998,107.9
2013-07-17,108.9148,107.3
2013-07-18,107.0983,106.8
2013-07-19,106.906,108.5
2013-07-20,109.7778,107.3
2013-07-21,108.9292,106.5
2013-07-22,106.8818,105.3
2013-07-23,104.4095,113.4
2013-07-24,101.4597,117.2
2013-07-25,102.0976,125.1
2013-07-26,103.3534,128.5
2013-07-27,103.7217,125.8
2013-07-28,106.0274,122.9
2013-07-29,106.3564,126.3
2013-07-30,106.3697,129.2
2013-07-31,108.2421,131.4
2013-08-01,110.8493,134.6
2013-08-02,112.1804,133.4
2013-08-03,113.4916,134.5
2013-08-04,113.1097,126.8
2013-08-05,112.6688,119.9
2013-08-06,112.2139,115.0
2013-08-07,111.6607,113.5
2013-08-08,110.3081,111.9
2013-08-09,109.4294,110.3
2013-08-10,108.8878,111.0
2013-08-11,108.6239,109.5
2013-08-12,108.992,109.5
2013-08-13,109.7093,105.6
2013-08-14,111.4476,107.5
2013-08-15,111.6527,107.9
2013-08-16,112.0253,111.1
2013-08-17,111.01,111.9
2013-08-18,110.3478,102.9
2013-08-19,111.5418,100.0
2013-08-20,112.3635,97.1
2013-08-21,113.3202,95.6
2013-08-22,114.8699,96.2
2013-08-23,113.2174,94.1
2013-08-24,113.2513,94.1
2013-08-25,114.8142,92.7
2013-08-26,114.4335,93.6
2013-08-27,115.9706,93.8
2013-08-28,118.0079,95.5
2013-08-29,117.4482,99.7
2013-08-30,118.0948,105.1
2013-08-31,115.5877,108.9
2013-09-01,112.6426,110.0
2013-09-02,111.8024,111.2
2013-09-03,111.9185,111.9
2013-09-04,110.9676,108.5
2013-09-05,112.6456,110.9
2013-09-06,112.7463,111.7
2013-09-07,112.4096,110.5
2013-09-08,111.7052,108.3
2013-09-09,110.1062,106.0
2013-09-10,108.8564,104.6
2013-09-11,106.9109,105.2
2013-09-12,105.7075,107.0
2013-09-13,104.4918,108.3
2013-09-14,103.4831,113.9
2013-09-15,103.1201,109.2
2013-09-16,102.0025,105.9
2013-09-17,101.5322,106.5
2013-09-18,104.3974,111.8
2013-09-19,104.8844,111.7
2013-09-20,105.4675,113.1
2013-09-21,107.7336,120.3
2013-09-22,102.8652,128.5
2013-09-23,103.8117,127.3
2013-09-24,103.4773,128.6
2013-09-25,103.6129,124.3
2013-09-26,103.7315,124.5
2013-09-27,103.3869,127.2
2013-09-28,102.7766,135.1
2013-09-29,102.4051,138.8
2013-09-30,102.832,131.6
2013-10-01,101.7512,132.2
2013-10-02,104.1073,134.5
2013-10-03,102.8112,144.8
2013-10-04,100.0759,151.1
2013-10-05,98.6639,158.8
2013-10-06,96.8219,159.6
2013-10-07,96.5591,169.7
2013-10-08,98.3168,164.8
2013-10-09,98.3889,157.8
2013-10-10,98.5433,150.6
2013-10-11,98.5989,139.9
2013-10-12,100.3626,140.5
2013-10-13,101.2536,144.2
2013-10-14,100.5139,139.4
2013-10-15,100.1142,141.1
2013-10-16,100.2716,144.9
2013-10-17,100.2732,145.9
2013-10-18,100.0659,150.8
2013-10-19,101.0791,145.3
2013-10-20,103.366,143.3
2013-10-21,103.6012,145.2
2013-10-22,104.3772,151.1
2013-10-23,104.3444,160.4
2013-10-24,107.4999,164.0
2013-10-25,106.9353,167.4
2013-10-26,106.8235,172.0
2013-10-27,106.0086,174.0
2013-10-28,105.807,170.6
2013-10-29,105.5393,172.9
2013-10-30,107.2533,159.5
2013-10-31,107.8698,149.3
2013-11-01,107.4184,143.5
2013-11-02,106.8458,137.8
2013-11-03,110.3119,139.2
2013-11-04,110.2896,132.2
2013-11-05,110.7274,123.9
2013-11-06,110.6618,116.0
2013-11-07,109.8355,112.4
2013-11-08,109.7322,125.6
2013-11-09,110.7113,129.3
2013-11-10,113.0866,125.0
2013-11-11,112.3661,127.6
2013-11-12,113.4574,126.9
2013-11-13,115.2233,130.0
2013-11-14,116.8873,131.9
2013-11-15,118.4047,134.0
2013-11-16,116.3995,145.3
2013-11-17,115.9976,146.1
2013-11-18,116.3407,152.3
2013-11-19,117.8168,160.6
2013-11-20,118.7423,163.1
2013-11-21,116.8315,169.9
2013-11-22,117.5543,165.6
2013-11-23,118.4964,159.8
2013-11-24,118.8224,158.1
2013-11-25,119.0305,159.0
2013-11-26,118.596,151.3
2013-11-27,120.5017,149.4
2013-11-28,122.4837,153.9
2013-11-29,122.3603,151.1
2013-11-30,122.4682,148.5
2013-12-01,121.3954,144.4
2013-12-02,122.1087,139.5
2013-12-03,122.9108,133.4
2013-12-04,123.2209,131.6
2013-12-05,123.2609,124.1
2013-12-06,123.3146,118.7
2013-12-07,125.8151,120.6
2013-12-08,126.9369,126.3
2013-12-09,128.3016,130.1
2013-12-10,130.5987,132.5
2013-12-11,132.3534,138.2
2013-12-12,132.8864,140.5
2013-12-13,133.6963,154.3
2013-12-14,133.2923,155.2
2013-12-15,130.748,176.3
2013-12-16,130.645,206.2
2013-12-17,132.1791,210.3
2013-12-18,133.4406,197.2
2013-12-19,134.0117,193.3
2013-12-20,135.2559,188.2
2013-12-21,135.1351,178.1
2013-12-22,133.6582,169.4
2013-12-23,134.5753,160.7
2013-12-24,134.3314,150.2
2013-12-25,133.7815,138.7
2013-12-26,134.5056,132.6
2013-12-27,133.2839,122.1
2013-12-28,132.7312,117.1
2013-12-29,131.9875,124.7
2013-12-30,131.4034,125.5
2013-12-31,130.9296,123.4
2014-01-01,132.8744,133.0
2014-01-02,134.3114,141.4
2014-01-03,136.5665,138.9
2014-01-04,139.5558,132.1
2014-01-05,138.7596,131.3
2014-01-06,141.0584,129.1
2014-01-07,144.5823,133.7
2014-01-08,148.8097,139.6
2014-01-09,145.1134,152.5
2014-01-10,142.892,151.8
2014-01-11,142.7967,155.8
2014-01-12,141.6347,160.9
2014-01-13,141.1155,171.6
2014-01-14,139.6195,184.4
2014-01-15,137.0509,183.0
2014-01-16,136.1869,182.9
2014-01-17,136.905,188.1
2014-01-18,137.0158,186.1
2014-01-19,136.5769,173.2
2014-01-20,136.5469,167.2
2014-01-21,136.3391,164.6
2014-01-22,136.2732,156.8
2014-01-23,134.256,167.8
2014-01-24,134.7326,156.1
2014-01-25,134.1472,162.5
2014-01-26,132.559,162.5
2014-01-27,135.1159,158.1
2014-01-28,137.4751,150.2
2014-01-29,139.5589,148.9
2014-01-30,141.1542,147.9
2014-01-31,142.0232,154.2
2014-02-01,145.2434,153.0
2014-02-02,150.0261,153.4
2014-02-03,148.9466,159.7
2014-02-04,149.962,168.2
2014-02-05,148.0448,167.2
2014-02-06,147.315,170.4
2014-02-07,146.5232,174.7
2014-02-08,146.3165,172.4
2014-02-09,145.9022,167.5
2014-02-10,146.5782,161.6
2014-02-11,147.9395,158.5
2014-02-12,147.3597,158.3
2014-02-13,148.3202,155.4
2014-02-14,144.0968,146.7
2014-02-15,144.1574,146.5
2014-02-16,142.9792,146.0
2014-02-17,141.8548,139.5
2014-02-18,141.8857,143.8
2014-02-19,143.7968,149.5
2014-02-20,145.0005,162.5
2014-02-21,146.3902,167.1
2014-02-22,148.3494,145.9
2014-02-23,150.2404,142.1
2014-02-24,147.8802,137.5
2014-02-25,147.8541,134.2
2014-02-26,148.1635,135.1
2014-02-27,148.9546,137.0
2014-02-28,148.0716,147.9
2014-03-01,146.7516,150.1
2014-03-02,145.3273,151.4
2014-03-03,145.4598,153.8
2014-03-04,143.6933,156.0
2014-03-05,143.7704,157.7
2014-03-06,144.0548,152.0
2014-03-07,143.265,152.5
2014-03-08,142.3018,144.2
2014-03-09,142.3714,145.9
2014-03-10,143.4864,142.3
2014-03-11,143.8378,148.1
2014-03-12,144.4635,152.1
2014-03-13,143.3505,153.1
2014-03-14,143.2108,154.6
2014-03-15,142.4359,153.0
2014-03-16,142.004,157.0
2014-03-17,142.0872,142.3
2014-03-18,143.0598,141.2
2014-03-19,145.0525,140.2
2014-03-20,145.2912,132.4
2014-03-21,145.3393,131.0
2014-03-22,146.4432,137.3
2014-03-23,146.2434,138.2
2014-03-24,146.2891,136.5
2014-03-25,145.6785,137.9
2014-03-26,144.6616,151.2
2014-03-27,142.3946,163.0
2014-03-28,143.2057,185.2
2014-03-29,141.8762,180.3
2014-03-30,141.9869,173.7
2014-03-31,144.3626,170.8
2014-04-01,147.8458,164.1
2014-04-02,150.0499,160.4
2014-04-03,145.6574,146.3
2014-04-04,146.7895,137.6
2014-04-05,144.1343,131.6
2014-04-06,143.6914,126.2
2014-04-07,142.981,122.3
2014-04-08,143.4706,119.6
2014-04-09,142.074,122.5
2014-04-10,142.6218,121.8
2014-04-11,142.5661,125.5
2014-04-12,142.1529,127.7
2014-04-13,145.0578,137.6
2014-04-14,145.4894,134.8
2014-04-15,146.3898,133.7
2014-04-16,145.6918,141.5
2014-04-17,145.6585,141.3
2014-04-18,146.2248,148.6
2014-04-19,146.2142,150.8
2014-04-20,146.7556,155.2
2014-04-21,148.0626,155.1
2014-04-22,149.2201,167.7
2014-04-23,148.037,166.3
2014-04-24,145.8582,162.7
2014-04-25,143.7662,166.7
2014-04-26,144.0662,155.5
2014-04-27,146.0732,141.8
2014-04-28,145.8952,136.6
2014-04-29,145.0722,130.4
2014-04-30,142.8788,119.7
2014-05-01,141.184,120.1
2014-05-02,139.7369,116.7
2014-05-03,138.4603,114.1
2014-05-04,136.9954,119.2
2014-05-05,135.1416,127.7
2014-05-06,134.8056,116.0
2014-05-07,136.6792,111.1
2014-05-08,136.7119,108.7
2014-05-09,138.4663,102.1
2014-05-10,138.3008,105.5
2014-05-11,138.7406,104.4
2014-05-12,138.1222,106.6
2014-05-13,136.5521,106.2
2014-05-14,134.928,108.3
2014-05-15,135.249,110.1
2014-05-16,134.1931,108.5
2014-05-17,133.6288,113.8
2014-05-18,133.1626,136.9
2014-05-19,130.7744,140.8
2014-05-20,128.9798,153.1
2014-05-21,128.2108,166.1
2014-05-22,127.627,171.3
2014-05-23,126.4138,173.6
2014-05-24,127.3233,179.8
2014-05-25,125.653,157.5
2014-05-26,124.5303,148.0
2014-05-27,121.979,134.3
2014-05-28,120.7483,120.5
2014-05-29,118.6221,118.0
2014-05-30,118.7944,114.4
2014-05-31,118.9921,114.7
2014-06-01,119.0998,105.5
2014-06-02,118.8642,104.5
2014-06-03,119.0413,97.3
2014-06-04,120.0338,95.6
2014-06-05,118.5365,96.6
2014-06-06,119.5417,100.2
2014-06-07,118.8545,103.3
2014-06-08,120.4894,107.6
2014-06-09,120.3159,118.4
2014-06-10,121.211,129.9
2014-06-11,122.3887,145.2
2014-06-12,124.5619,156.9
2014-06-13,124.0046,175.1
2014-06-14,123.2116,184.1
2014-06-15,122.5148,193.9
2014-06-16,120.9362,199.4
2014-06-17,121.6718,207.7
2014-06-18,121.004,204.5
2014-06-19,120.1153,208.1
2014-06-20,117.2672,205.0
2014-06-21,114.8008,183.3
2014-06-22,113.8003,171.8
2014-06-23,114.847,149.9
2014-06-24,117.3553,131.0
2014-06-25,116.6766,113.0
2014-06-26,113.1398,103.9
2014-06-27,115.4721,95.1
2014-06-28,116.526,91.5
2014-06-29,120.2022,91.4
2014-06-30,120.991,88.9
2014-07-01,122.6946,89.9
2014-07-02,125.0908,93.0
2014-07-03,127.4426,95.5
2014-07-04,126.9592,102.2
2014-07-05,128.3263,107.4
2014-07-06,128.6828,109.9
2014-07-07,127.1254,120.1
2014-07-08,128.919,125.2
2014-07-09,128.5785,136.3
2014-07-10,128.2075,146.0
2014-07-11,126.5834,156.6
2014-07-12,124.1084,161.1
2014-07-13,123.3256,173.5
2014-07-14,121.6887,160.2
2014-07-15,122.163,156.2
2014-07-16,119.8102,143.3
2014-07-17,116.6436,143.3
2014-07-18,115.9257,140.5
2014-07-19,114.6934,140.0
2014-07-20,111.8604,126.4
2014-07-21,112.7523,116.3
2014-07-22,112.6645,111.3
2014-07-23,114.3287,107.3
2014-07-24,115.6348,106.8
2014-07-25,114.8789,105.6
2014-07-26,117.5027,105.4
2014-07-27,118.7686,116.0
2014-07-28,119.8275,114.8
2014-07-29,121.4498,117.9
2014-07-30,119.5075,113.3
2014-07-31,120.0954,113.3
2014-08-01,122.1156,121.1
2014-08-02,124.1655,131.3
2014-08-03,122.7754,129.3
2014-08-04,126.0011,134.9
2014-08-05,126.0356,144.0
2014-08-06,125.3864,140.2
2014-08-07,124.8726,130.8
2014-08-08,123.753,125.3
2014-08-09,120.3604,121.0
2014-08-10,119.2635,122.5
2014-08-11,119.4361,125.5
2014-08-12,118.9206,127.1
2014-08-13,118.0585,128.9
2014-08-14,117.7414,138.7
2014-08-15,117.9638,140.1
2014-08-16,117.0954,148.4
2014-08-17,116.5367,146.3
2014-08-18,116.488,159.8
2014-08-19,116.4506,162.6
2014-08-20,117.5653,166.3
2014-08-21,118.2016,161.6
2014-08-22,117.7193,157.4
2014-08-23,118.1502,153.4
2014-08-24,118.4855,154.0
2014-08-25,118.8685,146.9
2014-08-26,117.3764,141.0
2014-08-27,115.4961,134.4
2014-08-28,115.9499,134.1
2014-08-29,115.4231,134.2
2014-08-30,114.6692,121.3
2014-08-31,112.5014,122.8
2014-09-01,112.6086,120.1
2014-09-02,113.9132,124.9
2014-09-03,113.908,136.8
2014-09-04,115.2524,139.1
2014-09-05,117.4778,145.6
2014-09-06,119.0352,167.8
2014-09-07,120.2989,171.0
2014-09-08,121.7493,182.2
2014-09-09,123.6879,181.8
2014-09-10,122.1216,175.6
2014-09-11,122.0954,162.6
2014-09-12,122.5878,155.4
2014-09-13,122.928,149.3
2014-09-14,124.1248,136.9
2014-09-15,122.6203,127.6
2014-09-16,123.0726,128.4
2014-09-17,125.131,129.9
2014-09-18,124.389,125.2
2014-09-19,124.1559,126.2
2014-09-20,126.5728,118.6
2014-09-21,127.5905,120.4
2014-09-22,128.1087,111.6
2014-09-23,127.0618,110.0
2014-09-24,124.1784,112.6
2014-09-25,125.631,119.7
2014-09-26,126.9955,125.0
2014-09-27,125.7369,138.0
2014-09-28,125.4359,144.8
2014-09-29,124.913,171.1
2014-09-30,123.0801,171.7
2014-10-01,121.0207,202.2
2014-10-02,123.8371,197.1
2014-10-03,123.7307,214.2
2014-10-04,123.0178,221.8
2014-10-05,122.7962,219.5
2014-10-06,122.2242,216.8
2014-10-07,122.1842,214.0
2014-10-08,123.2073,185.4
2014-10-09,121.8609,165.1
2014-10-10,120.8796,148.4
2014-10-11,119.9715,138.4
2014-10-12,123.8552,119.5
2014-10-13,125.6528,118.1
2014-10-14,124.8103,122.4
2014-10-15,121.4806,123.2
2014-10-16,122.4764,127.3
2014-10-17,125.4449,142.7
2014-10-18,129.5777,133.1
2014-10-19,131.5501,129.6
2014-10-20,133.9082,129.6
2014-10-21,135.0904,129.2
2014-10-22,136.3763,133.4
2014-10-23,138.6308,139.5
2014-10-24,141.347,149.8
2014-10-25,140.2995,150.3
2014-10-26,141.216,157.6
2014-10-27,138.7077,157.1
2014-10-28,137.1541,165.0
2014-10-29,136.0876,163.8
2014-10-30,135.7507,163.6
2014-10-31,136.432,165.7
2014-11-01,136.9221,164.1
2014-11-02,129.8366,158.6
2014-11-03,127.7834,162.6
2014-11-04,129.3987,168.8
2014-11-05,132.2598,165.8
2014-11-06,132.2958,165.0
2014-11-07,132.7973,166.5
2014-11-08,132.6851,174.1
2014-11-09,134.8457,176.6
2014-11-10,138.2345,172.5
2014-11-11,139.4424,172.4
2014-11-12,135.6903,163.4
2014-11-13,137.2478,163.0
2014-11-14,140.8863,149.8
2014-11-15,142.9389,147.6
2014-11-16,145.9794,132.8
2014-11-17,145.8342,125.0
2014-11-18,147.0817,127.9
2014-11-19,146.8387,128.7
2014-11-20,149.2996,135.5
2014-11-21,151.815,145.3
2014-11-22,148.4793,143.0
2014-11-23,148.6247,149.4
2014-11-24,148.5092,154.9
2014-11-25,149.7258,161.2
2014-11-26,149.751,164.0
2014-11-27,153.9346,178.8
2014-11-28,149.8675,192.3
2014-11-29,148.8866,206.4
2014-11-30,148.0893,208.9
2014-12-01,147.6405,196.7
2014-12-02,147.5424,199.2
2014-12-03,146.188,173.4
2014-12-04,144.9708,160.5
2014-12-05,143.6152,146.5
2014-12-06,143.1899,140.6
2014-12-07,144.502,132.5
2014-12-08,144.8015,129.7
2014-12-09,148.1877,128.2
2014-12-10,146.3915,127.1
2014-12-11,146.3662,126.0
2014-12-12,147.191,129.2
2014-12-13,147.7694,132.9
2014-12-14,147.9438,141.0
2014-12-15,148.042,143.8
2014-12-16,149.4119,144.8
2014-12-17,149.1787,137.2
2014-12-18,150.5354,137.2
2014-12-19,150.4825,142.4
2014-12-20,152.0675,152.0
2014-12-21,153.284,146.2
2014-12-22,152.7944,146.9
2014-12-23,152.5356,148.6
2014-12-24,152.315,153.4
2014-12-25,149.2575,145.3
2014-12-26,147.4259,137.2
2014-12-27,146.4246,127.1
2014-12-28,146.537,120.7
2014-12-29,145.8167,118.0
2014-12-30,145.9216,121.7
2014-12-31,149.6153,125.9
2015-01-01,140.6868,121.6
2015-01-02,142.4639,120.0
2015-01-03,141.5192,116.6
2015-01-04,142.4116,117.3
2015-01-05,140.9982,121.4
2015-01-06,138.4402,122.7
2015-01-07,137.876,142.5
2015-01-08,139.3624,153.3
2015-01-09,140.4518,154.5
2015-01-10,138.6301,166.7
2015-01-11,137.7628,154.6
2015-01-12,137.4786,149.0
2015-01-13,136.2203,137.6
2015-01-14,134.9412,139.8
2015-01-15,135.8373,145.1
2015-01-16,133.5379,150.1
2015-01-17,131.5656,138.0
2015-01-18,131.2225,139.3
2015-01-19,132.2698,148.9
2015-01-20,132.2431,148.7
2015-01-21,129.4088,141.9
2015-01-22,129.7026,137.3
2015-01-23,130.9105,127.7
2015-01-24,131.4663,124.4
2015-01-25,131.613,121.8
2015-01-26,135.8454,117.4
2015-01-27,135.8072,116.7
2015-01-28,132.7839,115.3
2015-01-29,135.1795,115.7
2015-01-30,135.4847,118.2
2015-01-31,136.026,116.0
2015-02-01,133.8648,117.0
2015-02-02,134.0707,113.6
2015-02-03,135.1028,115.0
2015-02-04,139.8405,114.3
2015-02-05,135.6048,112.1
2015-02-06,134.4362,108.8
2015-02-07,134.0674,109.1
2015-02-08,134.37,115.7
2015-02-09,132.66,121.1
2015-02-10,131.3046,125.3
2015-02-11,130.5016,128.1
2015-02-12,129.9158,122.9
2015-02-13,129.3528,122.1
2015-02-14,128.8504,124.5
2015-02-15,128.5649,125.4
2015-02-16,125.5666,130.9
2015-02-17,124.6762,122.3
2015-02-18,125.8796,121.2
2015-02-19,126.2628,119.2
2015-02-20,125.7873,129.9
2015-02-21,124.0112,125.1
2015-02-22,123.3099,117.9
2015-02-23,123.0684,114.3
2015-02-24,122.7642,113.1
2015-02-25,121.8709,116.0
2015-02-26,121.5484,113.2
2015-02-27,121.7654,113.7
2015-02-28,122.5853,108.3
2015-03-01,121.6421,111.8
2015-03-02,120.6406,112.7
2015-03-03,120.166,121.5
2015-03-04,119.5472,127.2
2015-03-05,119.3494,132.2
2015-03-06,121.0227,137.0
2015-03-07,125.1943,135.5
2015-03-08,124.697,137.2
2015-03-09,123.2135,145.1
2015-03-10,121.1732,144.0
2015-03-11,120.4792,133.3
2015-03-12,120.1774,127.8
2015-03-13,119.2923,123.9
2015-03-14,120.5256,121.2
2015-03-15,116.253,119.8
2015-03-16,114.5619,122.4
2015-03-17,115.4657,122.3
2015-03-18,114.9272,125.8
2015-03-19,114.0489,111.4
2015-03-20,114.6245,106.3
2015-03-21,115.8006,111.6
2015-03-22,116.815,115.5
2015-03-23,117.4554,123.5
2015-03-24,117.1387,134.6
2015-03-25,117.9178,142.1
2015-03-26,119.6573,147.7
2015-03-27,119.2816,155.7
2015-03-28,119.9371,151.3
2015-03-29,119.0865,150.8
2015-03-30,118.408,148.9
2015-03-31,117.7128,153.0
2015-04-01,116.1214,151.0
2015-04-02,115.6328,155.3
2015-04-03,116.3473,151.8
2015-04-04,117.0298,142.0
2015-04-05,117.1948,136.0
2015-04-06,115.1577,127.4
2015-04-07,116.4884,120.0
2015-04-08,115.036,108.9
2015-04-09,114.3932,109.2
2015-04-10,111.6787,105.5
2015-04-11,112.3114,103.3
2015-04-12,114.8133,101.4
2015-04-13,116.5808,107.3
2015-04-14,117.7594,112.9
2015-04-15,113.1379,125.4
2015-04-16,110.6797,130.0
2015-04-17,109.8389,138.6
2015-04-18,111.2618,149.2
2015-04-19,111.0935,152.6
2015-04-20,112.873,157.5
2015-04-21,112.073,163.1
2015-04-22,116.0529,166.2
2015-04-23,118.6067,166.5
2015-04-24,119.6134,160.3
2015-04-25,118.6111,148.2
2015-04-26,118.5644,139.5
2015-04-27,119.1939,134.0
2015-04-28,119.7369,122.3
2015-04-29,118.4268,117.6
2015-04-30,121.2754,112.9
2015-05-01,121.8033,108.2
2015-05-02,123.0433,104.3
2015-05-03,123.3725,101.6
2015-05-04,123.8295,100.2
2015-05-05,123.971,101.2
2015-05-06,125.0789,99.0
2015-05-07,125.5034,97.0
2015-05-08,125.2322,97.8
2015-05-09,126.5411,95.5
2015-05-10,128.162,94.8
2015-05-11,129.2318,97.7
2015-05-12,130.54,97.0
2015-05-13,129.4002,103.2
2015-05-14,125.7912,103.9
2015-05-15,125.4709,111.6
2015-05-16,126.3376,121.4
2015-05-17,126.4664,129.7
2015-05-18,126.5976,136.6
2015-05-19,127.5768,141.4
2015-05-20,128.0622,138.2
2015-05-21,126.6306,140.6
2015-05-22,124.5011,139.5
2015-05-23,124.5746,144.2
2015-05-24,124.133,141.0
2015-05-25,122.9604,140.3
2015-05-26,121.5949,135.8
2015-05-27,120.732,139.1
2015-05-28,122.0755,140.5
2015-05-29,122.2206,140.2
2015-05-30,122.619,141.7
2015-05-31,120.7913,141.8
2015-06-01,121.6649,139.8
2015-06-02,121.3755,136.0
2015-06-03,120.7297,134.3
2015-06-04,120.8182,119.9
2015-06-05,121.2432,113.1
2015-06-06,122.8859,105.2
2015-06-07,123.9475,104.6
2015-06-08,124.7239,100.5
2015-06-09,122.8874,100.5
2015-06-10,125.2218,100.4
2015-06-11,127.6109,104.2
2015-06-12,128.7941,113.3
2015-06-13,131.6212,117.6
2015-06-14,129.5736,116.1
2015-06-15,132.1315,120.7
2015-06-16,136.0597,129.0
2015-06-17,131.9411,137.9
2015-06-18,134.0762,137.1
2015-06-19,129.35,133.2
2015-06-20,126.7426,126.0
2015-06-21,126.7554,133.3
2015-06-22,125.588,124.3
2015-06-23,124.3289,119.9
2015-06-24,120.4896,113.8
2015-06-25,117.482,108.7
2015-06-26,115.5239,104.4
2015-06-27,113.5848,102.9
2015-06-28,112.9862,100.6
2015-06-29,115.0469,99.1
2015-06-30,115.5484,102.6
2015-07-01,116.1275,96.3
2015-07-02,115.3642,94.0
2015-07-03,114.7608,91.9
2015-07-04,114.7998,92.2
2015-07-05,114.4908,95.2
2015-07-06,114.4775,96.9
2015-07-07,111.6395,100.1
2015-07-08,114.1159,103.2
2015-07-09,114.4741,104.2
2015-07-10,115.5644,103.8
2015-07-11,113.3452,105.1
2015-07-12,116.1338,103.8
2015-07-13,105.9039,106.0
2015-07-14,105.6473,104.5
2015-07-15,108.1198,108.7
2015-07-16,108.7314,109.9
2015-07-17,109.2459,115.5
2015-07-18,108.5498,125.1
2015-07-19,108.3693,125.5
2015-07-20,106.1466,124.4
2015-07-21,102.5092,117.6
2015-07-22,104.2081,109.1
2015-07-23,106.6046,105.6
2015-07-24,109.1495,101.9
2015-07-25,114.4549,97.3
2015-07-26,116.8685,95.7
2015-07-27,119.6139,91.7
2015-07-28,120.7175,87.8
2015-07-29,121.2605,89.2
2015-07-30,121.5977,90.9
2015-07-31,122.6748,100.6
2015-08-01,123.9968,105.3
2015-08-02,123.1489,121.4
2015-08-03,125.7549,119.6
2015-08-04,126.2123,119.8
2015-08-05,126.7306,130.6
2015-08-06,127.2749,123.9
2015-08-07,129.897,128.9
2015-08-08,130.6057,112.5
2015-08-09,129.3428,111.3
2015-08-10,131.4039,102.1
2015-08-11,136.4299,93.4
2015-08-12,132.9552,92.7
2015-08-13,133.4473,90.7
2015-08-14,134.1732,89.8
2015-08-15,132.4104,88.0
2015-08-16,131.1008,91.5
2015-08-17,129.7907,86.8
2015-08-18,129.1089,86.9
2015-08-19,130.1779,85.0
2015-08-20,131.6029,84.7
2015-08-21,132.7288,83.5
2015-08-22,133.6368,84.6
2015-08-23,133.1296,94.1
2015-08-24,132.4142,100.4
2015-08-25,130.9331,100.0
2015-08-26,131.6178,97.7
2015-08-27,131.3057,102.2
2015-08-28,130.6601,110.6
2015-08-29,129.2011,107.9
2015-08-30,127.304,103.8
2015-08-31,126.425,106.7
2015-09-01,127.2802,111.3
2015-09-02,126.6765,104.2
2015-09-03,125.9157,107.8
2015-09-04,127.4597,111.4
2015-09-05,125.0913,107.4
2015-09-06,124.0581,120.5
2015-09-07,120.8149,120.8
2015-09-08,118.1222,128.1
2015-09-09,116.1831,124.5
2015-09-10,114.1955,129.6
2015-09-11,113.6252,131.5
2015-09-12,111.7486,120.0
2015-09-13,111.1196,107.6
2015-09-14,110.8666,97.0
2015-09-15,111.0477,88.3
2015-09-16,111.6419,82.6
2015-09-17,109.8964,81.3
2015-09-18,108.1794,80.4
2015-09-19,106.5169,79.5
2015-09-20,106.0205,81.0
2015-09-21,101.4224,81.2
2015-09-22,103.0858,84.3
2015-09-23,104.1174,88.7
2015-09-24,105.4684,95.2
2015-09-25,106.3299,100.2
2015-09-26,106.1428,106.1
2015-09-27,106.5155,108.4
2015-09-28,103.7373,115.8
2015-09-29,103.4977,118.6
2015-09-30,104.126,122.7
2015-10-01,104.2614,121.7
2015-10-02,104.1584,127.8
2015-10-03,103.6337,119.3
2015-10-04,102.3373,113.7
2015-10-05,100.9611,105.2
2015-10-06,99.0828,105.2
2015-10-07,98.4019,104.9
2015-10-08,98.8042,108.7
2015-10-09,98.7226,110.7
2015-10-10,94.5275,111.4
2015-10-11,95.1493,115.5
2015-10-12,93.6097,116.7
2015-10-13,93.8666,122.4
2015-10-14,94.7612,120.1
2015-10-15,88.3879,122.2
2015-10-16,91.919,112.0
2015-10-17,93.2603,108.1
2015-10-18,88.7639,113.2
2015-10-19,88.5186,112.9
2015-10-20,87.3132,105.7
2015-10-21,87.0585,105.6
2015-10-22,90.1878,103.3
2015-10-23,92.592,102.9
2015-10-24,94.37,101.4
2015-10-25,95.2483,100.8
2015-10-26,94.2265,104.1
2015-10-27,96.3074,103.5
2015-10-28,99.7014,103.2
2015-10-29,103.3567,104.6
2015-10-30,107.0075,105.1
2015-10-31,108.2261,105.6
2015-11-01,108.2222,108.4
2015-11-02,107.5388,119.2
2015-11-03,107.5137,119.9
2015-11-04,107.5021,116.7
2015-11-05,108.9644,110.3
2015-11-06,108.0735,106.2
2015-11-07,108.0895,101.2
2015-11-08,106.4725,96.3
2015-11-09,105.3897,94.0
2015-11-10,104.5629,92.9
2015-11-11,105.1282,93.1
2015-11-12,103.2527,91.9
2015-11-13,102.8199,92.6
2015-11-14,102.9076,91.8
2015-11-15,102.2978,94.8
2015-11-16,101.0483,97.6
2015-11-17,100.8922,99.3
2015-11-18,100.036,97.8
2015-11-19,101.5571,107.9
2015-11-20,102.6406,105.5
2015-11-21,101.546,105.2
2015-11-22,101.6394,110.3
2015-11-23,102.0906,113.1
2015-11-24,102.9607,118.7
2015-11-25,105.6164,120.2
2015-11-26,106.1846,115.2
2015-11-27,102.751,122.2
2015-11-28,100.6916,114.0
2015-11-29,99.5627,113.3
2015-11-30,98.8564,115.2
2015-12-01,98.6573,112.8
2015-12-02,98.0842,117.8
2015-12-03,97.4173,125.8
2015-12-04,100.4317,129.5
2015-12-05,101.655,128.4
2015-12-06,102.2872,122.3
2015-12-07,101.572,113.5
2015-12-08,100.7366,106.7
2015-12-09,99.9743,108.4
2015-12-10,100.8865,101.9
2015-12-11,99.4208,98.1
2015-12-12,99.4042,93.0
2015-12-13,101.5428,95.1
2015-12-14,100.5474,96.6
2015-12-15,101.9916,98.5
2015-12-16,104.0535,92.2
2015-12-17,100.5695,92.1
2015-12-18,98.1282,96.9
2015-12-19,97.5979,99.9
2015-12-20,97.8922,104.9
2015-12-21,97.3472,103.5
2015-12-22,98.928,105.4
2015-12-23,99.7869,104.5
2015-12-24,99.1572,102.0
2015-12-25,97.7879,100.7
2015-12-26,98.6554,99.9
2015-12-27,99.2797,100.1
2015-12-28,99.3165,96.7
2015-12-29,96.032,97.4
2015-12-30,94.7359,96.7
2015-12-31,95.2764,94.4
2016-01-01,95.3038,97.2
2016-01-02,96.0067,100.7
2016-01-03,96.812,97.3
2016-01-04,96.997,95.8
2016-01-05,98.5552,100.6
2016-01-06,101.4586,104.3
2016-01-07,100.641,111.3
2016-01-08,100.5844,109.3
2016-01-09,99.6108,106.6
2016-01-10,99.6735,103.7
2016-01-11,99.7734,102.0
2016-01-12,99.1359,98.3
2016-01-13,98.6846,97.3
2016-01-14,96.4139,99.1
2016-01-15,95.552,108.9
2016-01-16,94.5542,119.8
2016-01-17,94.6295,116.3
2016-01-18,94.6399,113.9
2016-01-19,95.3056,113.9
2016-01-20,96.3337,112.1
2016-01-21,97.8729,114.1
2016-01-22,95.8364,109.2
2016-01-23,93.5677,109.8
2016-01-24,93.8717,109.3
2016-01-25,94.763,107.5
2016-01-26,94.9442,105.4
2016-01-27,94.6885,104.7
2016-01-28,93.5251,101.5
2016-01-29,92.6924,97.5
2016-01-30,92.7356,92.7
2016-01-31,92.1417,91.9
2016-02-01,91.2573,97.8
2016-02-02,91.1238,93.5
2016-02-03,91.7881,91.7
2016-02-04,94.922,89.1
2016-02-05,95.5434,86.1
2016-02-06,99.1385,89.9
2016-02-07,99.6247,87.2
2016-02-08,98.0231,88.6
2016-02-09,98.1406,91.5
2016-02-10,98.0584,89.3
2016-02-11,97.6434,95.1
2016-02-12,97.1653,96.5
2016-02-13,94.9275,97.1
2016-02-14,95.088,98.9
2016-02-15,95.3217,94.7
2016-02-16,94.2421,94.1
2016-02-17,94.383,92.8
2016-02-18,94.4736,94.2
2016-02-19,93.6094,96.0
2016-02-20,91.3048,93.7
2016-02-21,91.3765,93.0
2016-02-22,91.4854,93.9
2016-02-23,92.2936,91.5
2016-02-24,91.445,92.4
2016-02-25,91.3594,93.1
2016-02-26,89.5189,90.1
2016-02-27,88.0114,90.7
2016-02-28,89.4148,89.5
2016-02-29,88.9412,88.6
2016-03-01,87.2968,86.9
2016-03-02,88.4767,88.2
2016-03-03,89.2005,86.7
2016-03-04,90.2298,86.2
2016-03-05,90.5518,86.0
2016-03-06,89.9146,85.1
2016-03-07,89.5543,85.1
2016-03-08,89.1118,87.9
2016-03-09,89.636,87.4
2016-03-10,88.7721,87.5
2016-03-11,88.703,83.6
2016-03-12,86.9576,81.6
2016-03-13,87.1323,82.0
2016-03-14,88.5351,81.5
2016-03-15,89.8026,82.3
2016-03-16,91.2359,83.5
2016-03-17,92.1648,83.5
2016-03-18,91.8683,87.2
2016-03-19,90.9806,92.5
2016-03-20,89.5387,98.6
2016-03-21,87.9507,105.9
2016-03-22,87.3223,111.1
2016-03-23,85.6791,117.2
2016-03-24,85.4195,111.9
2016-03-25,80.8072,108.8
2016-03-26,81.6836,111.8
2016-03-27,82.553,113.2
2016-03-28,81.7442,114.0
2016-03-29,83.3706,102.9
2016-03-30,83.4718,95.4
2016-03-31,83.7572,89.9
2016-04-01,81.9248,84.0
2016-04-02,81.5266,77.5
2016-04-03,80.4622,77.5
2016-04-04,81.5778,79.6
2016-04-05,82.2997,82.8
2016-04-06,82.5323,82.9
2016-04-07,84.1723,86.3
2016-04-08,80.7622,93.8
2016-04-09,83.0578,96.3
2016-04-10,86.3506,93.8
2016-04-11,88.5898,95.4
2016-04-12,90.1363,93.6
2016-04-13,92.0187,91.3
2016-04-14,93.4152,91.5
2016-04-15,97.136,91.6
2016-04-16,96.7052,88.7
2016-04-17,97.4572,91.2
2016-04-18,97.3586,89.7
2016-04-19,97.1446,85.6
2016-04-20,98.1963,90.2
2016-04-21,97.6257,90.5
2016-04-22,96.2037,95.8
2016-04-23,95.9677,93.9
2016-04-24,94.3872,95.4
2016-04-25,94.4186,103.4
2016-04-26,94.6763,105.7
2016-04-27,94.692,104.3
2016-04-28,93.6602,105.6
2016-04-29,93.5467,104.7
2016-04-30,93.8156,101.2
2016-05-01,93.9091,102.0
2016-05-02,93.6381,100.2
2016-05-03,92.5849,99.8
2016-05-04,92.3227,99.8
2016-05-05,93.0645,96.7
2016-05-06,92.7681,96.1
2016-05-07,91.955,94.2
2016-05-08,91.2319,92.8
2016-05-09,91.9501,90.1
2016-05-10,91.9778,85.3
2016-05-11,91.9379,88.7
2016-05-12,89.8616,89.0
2016-05-13,89.3244,88.4
2016-05-14,90.5802,87.7
2016-05-15,91.1418,85.7
2016-05-16,90.7168,82.4
2016-05-17,88.8254,81.5
2016-05-18,89.6544,80.8
2016-05-19,90.2908,80.8
2016-05-20,91.1912,82.6
2016-05-21,91.5642,87.8
2016-05-22,90.7927,87.5
2016-05-23,91.5591,90.9
2016-05-24,91.3242,97.1
2016-05-25,91.3299,93.9
2016-05-26,91.6208,90.4
2016-05-27,91.6747,90.1
2016-05-28,91.6103,91.0
2016-05-29,90.056,89.4
2016-05-30,90.7924,86.3
2016-05-31,90.8678,87.9
2016-06-01,90.3337,87.1
2016-06-02,88.6898,82.9
2016-06-03,84.8608,80.9
2016-06-04,82.2992,80.0
2016-06-05,78.409,78.2
2016-06-06,75.919,79.6
2016-06-07,75.8574,79.2
2016-06-08,74.8458,78.0
2016-06-09,74.5686,75.5
2016-06-10,74.2019,76.0
2016-06-11,74.1285,75.4
2016-06-12,75.8892,74.4
2016-06-13,77.6563,73.3
2016-06-14,78.1314,74.8
2016-06-15,80.1416,76.3
2016-06-16,80.6594,74.9
2016-06-17,81.5449,79.7
2016-06-18,82.5287,86.1
2016-06-19,83.0649,90.0
2016-06-20,88.2504,95.3
2016-06-21,92.3612,97.6
2016-06-22,92.2903,97.8
2016-06-23,92.4432,95.5
2016-06-24,90.5432,100.0
2016-06-25,90.0487,98.2
2016-06-26,89.837,105.4
2016-06-27,89.5749,110.1
2016-06-28,88.4388,108.6
2016-06-29,87.889,110.6
2016-06-30,86.8592,104.1
2016-07-01,85.6978,111.5
2016-07-02,84.6348,103.3
2016-07-03,84.8262,93.3
2016-07-04,82.6832,88.9
2016-07-05,83.1171,84.8
2016-07-06,83.154,75.9
2016-07-07,83.0191,75.9
2016-07-08,83.9325,73.8
2016-07-09,84.2184,72.5
2016-07-10,84.9775,72.6
2016-07-11,80.1151,73.1
2016-07-12,78.3548,73.7
2016-07-13,79.9884,74.1
2016-07-14,78.2022,77.1
2016-07-15,79.0671,77.0
2016-07-16,80.7955,78.5
2016-07-17,83.083,82.1
2016-07-18,82.4434,85.5
2016-07-19,82.9073,95.3
2016-07-20,84.5137,99.0
2016-07-21,85.2301,94.9
2016-07-22,88.1103,97.6
2016-07-23,92.1647,97.2
2016-07-24,94.4294,97.3
2016-07-25,90.6521,92.9
2016-07-26,89.5268,89.4
2016-07-27,87.381,89.8
2016-07-28,88.6283,88.7
2016-07-29,89.2252,84.9
2016-07-30,90.6178,84.4
2016-07-31,90.1774,82.7
2016-08-01,89.4576,80.0
2016-08-02,88.9117,78.4
2016-08-03,86.01,81.8
2016-08-04,85.5043,83.1
2016-08-05,86.2816,79.7
2016-08-06,86.5337,80.3
2016-08-07,88.1012,83.6
2016-08-08,87.4573,85.6
2016-08-09,86.7529,87.1
2016-08-10,88.487,89.5
2016-08-11,88.148,102.3
2016-08-12,87.2934,99.3
2016-08-13,90.8256,96.9
2016-08-14,91.6898,96.3
2016-08-15,89.8877,100.7
2016-08-16,88.5676,99.0
2016-08-17,86.7411,95.3
2016-08-18,85.2231,93.9
2016-08-19,83.6974,94.4
2016-08-20,82.2559,95.9
2016-08-21,81.8962,92.3
2016-08-22,85.3291,94.3
2016-08-23,85.3797,87.5
2016-08-24,87.1071,87.5
2016-08-25,89.5754,87.0
2016-08-26,89.6026,86.2
2016-08-27,90.4245,85.3
2016-08-28,92.4264,84.5
2016-08-29,92.1195,81.0
2016-08-30,92.6303,83.8
2016-08-31,95.4392,83.3
2016-09-01,96.6073,85.2
2016-09-02,97.4038,86.1
2016-09-03,96.7344,85.7
2016-09-04,99.0806,86.1
2016-09-05,101.7757,85.4
2016-09-06,102.0411,85.1
2016-09-07,101.8831,87.2
2016-09-08,99.6628,85.9
2016-09-09,97.8918,84.8
2016-09-10,97.4215,83.0
2016-09-11,96.5443,80.8
2016-09-12,95.9146,81.2
2016-09-13,90.6856,82.4
2016-09-14,89.2085,87.9
2016-09-15,90.6259,93.1
2016-09-16,91.1723,99.3
2016-09-17,90.2565,101.4
2016-09-18,89.7916,104.0
2016-09-19,89.4704,104.1
2016-09-20,92.2818,104.2
2016-09-21,92.6541,101.6
2016-09-22,92.8433,98.8
2016-09-23,92.0629,97.2
2016-09-24,92.0522,94.8
2016-09-25,93.406,92.3
2016-09-26,91.7454,84.4
2016-09-27,90.4206,80.4
2016-09-28,89.5525,75.6
2016-09-29,86.3056,76.8
2016-09-30,86.3621,75.8
2016-10-01,85.4986,74.0
2016-10-02,86.6683,77.1
2016-10-03,87.2249,76.7
2016-10-04,88.3829,76.0
2016-10-05,88.2738,74.5
2016-10-06,90.4615,76.9
2016-10-07,94.0353,77.1
2016-10-08,95.5176,77.8
2016-10-09,95.2522,78.2
2016-10-10,94.1915,78.0
2016-10-11,94.2124,75.1
2016-10-12,93.9733,75.5
2016-10-13,94.6114,75.4
2016-10-14,94.7224,74.8
2016-10-15,94.5899,74.4
2016-10-16,96.0525,75.4
2016-10-17,94.2976,75.3
2016-10-18,94.9046,74.9
2016-10-19,95.2132,75.1
2016-10-20,93.9599,75.4
2016-10-21,95.014,78.3
2016-10-22,95.1512,78.6
2016-10-23,93.8791,76.8
2016-10-24,92.7565,76.8
2016-10-25,92.2765,76.2
2016-10-26,93.0638,75.6
2016-10-27,92.6136,74.9
2016-10-28,93.3835,79.1
2016-10-29,93.4886,76.8
2016-10-30,91.9022,75.8
2016-10-31,92.5376,74.9
2016-11-01,92.5112,74.6
2016-11-02,90.2473,73.1
2016-11-03,90.3678,75.4
2016-11-04,91.8168,75.7
2016-11-05,92.6913,77.0
2016-11-06,90.6548,78.8
2016-11-07,90.2224,79.1
2016-11-08,86.9285,80.4
2016-11-09,86.2964,82.9
2016-11-10,88.8708,83.1
2016-11-11,87.5331,81.3
2016-11-12,88.2883,82.1
2016-11-13,89.8409,82.0
2016-11-14,90.2994,82.2
2016-11-15,89.6079,80.0
2016-11-16,89.7276,80.3
2016-11-17,87.6444,77.4
2016-11-18,85.7357,74.9
2016-11-19,81.1938,72.6
2016-11-20,80.3884,70.7
2016-11-21,79.3124,70.0
2016-11-22,78.9931,69.2
2016-11-23,73.9692,68.6
2016-11-24,71.3849,69.0
2016-11-25,73.2228,70.1
2016-11-26,74.7526,70.2
2016-11-27,76.7011,70.3
2016-11-28,78.3037,69.8
2016-11-29,76.645,70.0
2016-11-30,78.261,70.5
2016-12-01,81.468,72.5
2016-12-02,82.6722,72.6
2016-12-03,83.3835,72.4
2016-12-04,83.5102,71.3
2016-12-05,84.8916,70.7
2016-12-06,87.6111,70.1
2016-12-07,88.8225,71.4
2016-12-08,87.4984,71.3
2016-12-09,88.4342,70.9
2016-12-10,86.1168,70.9
2016-12-11,84.0872,71.2
2016-12-12,83.5889,71.1
2016-12-13,83.3468,70.1
2016-12-14,83.7747,70.6
2016-12-15,82.6401,71.0
2016-12-16,77.6087,70.0
2016-12-17,73.9004,70.9
2016-12-18,74.2742,69.6
2016-12-19,75.4002,69.7
2016-12-20,76.5061,69.2
2016-12-21,77.8287,68.9
2016-12-22,78.8583,70.3
2016-12-23,80.01,72.0
2016-12-24,76.0836,73.0
2016-12-25,77.1468,72.4
2016-12-26,77.3185,74.1
2016-12-27,77.8802,75.0
2016-12-28,77.2874,75.8
2016-12-29,73.5984,76.1
2016-12-30,74.6888,76.1
2016-12-31,75.642,77.0
2017-01-01,77.7384,80.6
2017-01-02,77.8012,83.4
2017-01-03,77.6512,84.0
2017-01-04,74.5295,81.5
2017-01-05,72.738,79.7
2017-01-06,74.1033,82.5
2017-01-07,74.5624,80.6
2017-01-08,74.0057,77.9
2017-01-09,73.2731,76.1
2017-01-10,72.8599,74.4
2017-01-11,70.7391,74.7
2017-01-12,69.1869,73.8
2017-01-13,70.9341,73.9
2017-01-14,69.1722,73.1
2017-01-15,70.1604,73.0
2017-01-16,70.6017,71.9
2017-01-17,73.0244,70.6
2017-01-18,72.3202,70.5
2017-01-19,72.4717,70.1
2017-01-20,73.831,71.1
2017-01-21,76.168,71.5
2017-01-22,79.22,72.1
2017-01-23,80.1212,73.8
2017-01-24,80.2842,74.3
2017-01-25,80.8186,73.0
2017-01-26,80.9324,72.7
2017-01-27,82.6273,73.0
2017-01-28,83.5639,72.2
2017-01-29,83.5882,72.8
2017-01-30,80.173,74.9
2017-01-31,80.835,76.4
2017-02-01,83.5443,78.9
2017-02-02,83.0229,80.7
2017-02-03,84.1823,81.4
2017-02-04,84.4748,81.6
2017-02-05,81.0495,80.5
2017-02-06,80.2376,78.5
2017-02-07,80.2294,77.5
2017-02-08,76.7761,80.6
2017-02-09,76.3859,80.1
2017-02-10,75.6976,79.3
2017-02-11,76.5645,77.8
2017-02-12,78.3133,76.7
2017-02-13,77.7313,73.9
2017-02-14,76.9257,71.6
2017-02-15,74.3354,71.3
2017-02-16,71.9457,70.6
2017-02-17,72.4515,69.6
2017-02-18,72.1685,70.3
2017-02-19,72.9006,70.0
2017-02-20,70.6756,69.1
2017-02-21,70.1356,69.2
2017-02-22,73.0921,69.5
2017-02-23,73.8814,68.8
2017-02-24,76.0852,69.1
2017-02-25,77.2704,69.7
2017-02-26,77.2762,69.9
2017-02-27,76.9503,69.6
2017-02-28,78.4042,70.5
2017-03-01,78.8262,72.1
2017-03-02,79.3577,70.5
2017-03-03,80.5127,72.0
2017-03-04,76.9408,71.5
2017-03-05,78.1275,71.9
2017-03-06,76.2962,73.7
2017-03-07,75.6304,76.8
2017-03-08,75.1191,82.5
2017-03-09,76.9519,83.4
2017-03-10,76.3468,83.1
2017-03-11,75.2,85.7
2017-03-12,75.2215,90.4
2017-03-13,73.1984,100.9
2017-03-14,71.1316,111.9
2017-03-15,69.3311,107.9
2017-03-16,68.0455,93.9
2017-03-17,68.4261,84.7
2017-03-18,68.6736,85.8
2017-03-19,68.8576,74.1
2017-03-20,67.0458,73.3
2017-03-21,65.3216,74.7
2017-03-22,64.5675,73.9
2017-03-23,64.3675,74.9
2017-03-24,68.6248,71.8
2017-03-25,68.3821,73.9
2017-03-26,67.5931,73.3
2017-03-27,69.7605,73.5
2017-03-28,70.751,75.0
2017-03-29,73.2074,75.8
2017-03-30,73.3706,77.5
2017-03-31,76.6991,81.6
2017-04-01,80.334,81.4
2017-04-02,83.3245,83.1
2017-04-03,86.1809,84.5
2017-04-04,89.1389,83.4
2017-04-05,90.3399,81.1
2017-04-06,91.6562,82.3
2017-04-07,93.2939,80.6
2017-04-08,89.9018,79.3
2017-04-09,87.6305,79.1
2017-04-10,86.5121,78.2
2017-04-11,84.599,78.6
2017-04-12,82.1044,76.4
2017-04-13,79.7483,78.4
2017-04-14,77.2617,76.2
2017-04-15,76.6153,75.4
2017-04-16,75.0677,74.8
2017-04-17,73.898,74.1
2017-04-18,71.1864,73.0
2017-04-19,69.5411,71.8
2017-04-20,68.7618,70.2
2017-04-21,68.4868,69.9
2017-04-22,69.291,70.5
2017-04-23,69.5163,70.4
2017-04-24,71.4752,71.9
2017-04-25,72.1416,72.7
2017-04-26,73.8035,72.2
2017-04-27,76.1055,73.5
2017-04-28,77.0811,73.1
2017-04-29,77.1333,73.9
2017-04-30,78.8983,74.0
2017-05-01,79.4429,74.2
2017-05-02,81.8211,75.3
2017-05-03,79.0989,76.3
2017-05-04,76.4651,77.9
2017-05-05,77.4117,79.9
2017-05-06,79.8767,78.1
2017-05-07,78.4173,82.4
2017-05-08,79.3146,84.1
2017-05-09,78.3748,81.0
2017-05-10,76.3449,77.9
2017-05-11,72.1534,75.7
2017-05-12,72.7416,76.2
2017-05-13,72.212,77.9
2017-05-14,71.5824,80.4
2017-05-15,69.1018,80.2
2017-05-16,70.3731,79.9
2017-05-17,71.3354,81.8
2017-05-18,71.7354,77.6
2017-05-19,71.4202,77.8
2017-05-20,71.9673,76.2
2017-05-21,73.8381,76.0
2017-05-22,73.1822,77.0
2017-05-23,74.1247,76.6
2017-05-24,74.1983,77.5
2017-05-25,77.0623,77.2
2017-05-26,80.2661,76.4
2017-05-27,82.7428,79.9
2017-05-28,84.1024,75.8
2017-05-29,86.558,77.2
2017-05-30,86.0014,77.3
2017-05-31,85.3928,76.0
2017-06-01,84.6388,76.9
2017-06-02,83.6894,76.2
2017-06-03,82.4905,76.1
2017-06-04,81.0212,76.1
2017-06-05,79.3355,76.6
2017-06-06,78.6566,76.2
2017-06-07,79.5127,76.2
2017-06-08,76.1939,76.6
2017-06-09,75.56,74.5
2017-06-10,76.2825,74.2
2017-06-11,73.7533,73.9
2017-06-12,72.5052,73.1
2017-06-13,71.3545,73.6
2017-06-14,70.4338,74.1
2017-06-15,73.4729,74.2
2017-06-16,73.8308,75.5
2017-06-17,74.3247,78.5
2017-06-18,77.249,82.2
2017-06-19,78.1085,89.5
2017-06-20,78.3432,94.0
2017-06-21,78.2177,98.2
2017-06-22,79.1461,94.1
2017-06-23,79.5955,93.2
2017-06-24,79.4548,95.3
2017-06-25,78.4051,97.0
2017-06-26,76.8862,94.6
2017-06-27,77.6294,89.3
2017-06-28,79.7585,88.4
2017-06-29,79.6725,80.8
2017-06-30,80.2333,75.5
2017-07-01,80.1559,72.5
2017-07-02,81.1827,71.6
2017-07-03,78.2447,71.8
2017-07-04,79.7407,72.8
2017-07-05,77.7455,72.3
2017-07-06,78.4029,72.0
2017-07-07,79.3111,70.7
2017-07-08,80.432,70.5
2017-07-09,80.5462,71.6
2017-07-10,81.1129,72.1
2017-07-11,79.6498,71.7
2017-07-12,80.1123,74.4
2017-07-13,83.3711,75.7
2017-07-14,86.189,76.6
2017-07-15,86.3729,77.3
2017-07-16,88.2797,76.3
2017-07-17,89.9465,76.3
2017-07-18,88.6952,75.6
2017-07-19,87.6876,74.8
2017-07-20,86.3401,73.0
2017-07-21,84.6872,73.4
2017-07-22,83.4035,73.0
2017-07-23,83.3633,71.7
2017-07-24,80.64,72.2
2017-07-25,79.2097,70.0
2017-07-26,76.9752,74.9
2017-07-27,75.2151,76.1
2017-07-28,73.0345,79.2
2017-07-29,72.1841,78.5
2017-07-30,70.7899,82.0
2017-07-31,71.0106,88.9
2017-08-01,75.5065,88.0
2017-08-02,75.3478,89.1
2017-08-03,72.8781,92.3
2017-08-04,74.2033,87.0
2017-08-05,74.1814,80.5
2017-08-06,74.1024,82.5
2017-08-07,76.2001,79.2
2017-08-08,75.6985,79.8
2017-08-09,76.5446,83.2
2017-08-10,77.5564,85.9
2017-08-11,78.1604,88.6
2017-08-12,79.2001,93.6
2017-08-13,80.8721,95.1
2017-08-14,76.9997,101.7
2017-08-15,77.97,122.2
2017-08-16,77.5767,136.3
2017-08-17,74.8362,122.5
2017-08-18,74.954,134.9
2017-08-19,75.3976,130.4
2017-08-20,73.0785,118.5
2017-08-21,71.169,108.7
2017-08-22,71.9544,101.6
2017-08-23,73.6572,80.9
2017-08-24,75.5698,76.4
2017-08-25,79.329,76.0
2017-08-26,81.631,75.1
2017-08-27,81.4125,73.6
2017-08-28,81.512,72.9
2017-08-29,81.7311,72.9
2017-08-30,81.2685,72.9
2017-08-31,81.698,71.3
2017-09-01,82.6102,74.5
2017-09-02,83.4732,73.6
2017-09-03,84.9902,78.1
2017-09-04,87.766,81.7
2017-09-05,88.6112,87.4
2017-09-06,90.8867,90.4
2017-09-07,92.3305,91.1
2017-09-08,94.6347,91.3
2017-09-09,94.9199,91.2
2017-09-10,95.8227,90.0
2017-09-11,93.6022,89.6
2017-09-12,91.2984,85.9
2017-09-13,89.3227,86.1
2017-09-14,87.1584,86.5
2017-09-15,87.9656,86.8
2017-09-16,86.1852,84.7
2017-09-17,83.6418,84.0
2017-09-18,82.3705,79.5
2017-09-19,80.7906,76.5
2017-09-20,79.3509,72.1
2017-09-21,77.8208,70.7
2017-09-22,77.5107,69.3
2017-09-23,76.4174,69.9
2017-09-24,74.504,69.4
2017-09-25,75.6654,68.6
2017-09-26,76.7471,69.9
2017-09-27,78.6565,70.4
2017-09-28,81.9765,69.8
2017-09-29,84.2593,72.7
2017-09-30,85.52,72.8
2017-10-01,86.566,75.1
2017-10-02,88.6506,75.7
2017-10-03,90.4053,76.5
2017-10-04,91.7992,77.2
2017-10-05,93.6215,76.7
2017-10-06,95.5297,77.9
2017-10-07,96.5261,76.4
2017-10-08,90.4117,75.0
2017-10-09,91.0039,74.4
2017-10-10,88.3433,74.3
2017-10-11,85.0001,74.5
2017-10-12,79.572,74.2
2017-10-13,78.5205,71.5
2017-10-14,78.4744,72.4
2017-10-15,78.251,72.0
2017-10-16,78.9604,70.9
2017-10-17,80.2017,69.9
2017-10-18,78.7101,68.1
2017-10-19,77.7987,67.0
2017-10-20,77.6107,66.4
2017-10-21,76.776,64.6
2017-10-22,77.0596,67.2
2017-10-23,76.9355,65.9
2017-10-24,76.7783,68.0
2017-10-25,77.7994,70.6
2017-10-26,76.7755,72.8
2017-10-27,75.8408,72.6
2017-10-28,76.8172,71.6
2017-10-29,77.1331,74.7
2017-10-30,76.3105,74.3
2017-10-31,77.7873,72.7
2017-11-01,75.9723,71.8
2017-11-02,75.4981,71.4
2017-11-03,79.0408,71.6
2017-11-04,79.3893,70.6
2017-11-05,79.6784,72.2
2017-11-06,76.6608,72.4
2017-11-07,76.9614,73.5
2017-11-08,73.7467,71.7
2017-11-09,73.7046,70.0
2017-11-10,73.7346,70.6
2017-11-11,71.2314,69.8
2017-11-12,72.1056,68.3
2017-11-13,70.6374,69.5
2017-11-14,69.6996,67.0
2017-11-15,68.6602,66.4
2017-11-16,67.8684,66.0
2017-11-17,68.8517,66.3
2017-11-18,70.7126,65.9
2017-11-19,74.9818,67.8
2017-11-20,73.1986,69.0
2017-11-21,72.7243,69.8
2017-11-22,76.2181,70.1
2017-11-23,74.3656,69.2
2017-11-24,73.4522,69.9
2017-11-25,76.1411,69.8
2017-11-26,76.9377,69.5
2017-11-27,78.0221,69.0
2017-11-28,78.8296,68.8
2017-11-29,79.6531,69.4
2017-11-30,80.7973,66.6
2017-12-01,80.615,71.8
2017-12-02,80.3854,73.6
2017-12-03,76.3782,72.9
2017-12-04,75.9496,73.7
2017-12-05,72.8814,73.6
2017-12-06,74.0719,73.2
2017-12-07,73.1753,69.5
2017-12-08,70.5337,68.6
2017-12-09,72.2348,68.8
2017-12-10,73.6557,69.1
2017-12-11,74.1646,68.1
2017-12-12,74.4569,68.3
2017-12-13,71.2484,66.8
2017-12-14,69.5612,67.2
2017-12-15,68.842,68.3
2017-12-16,68.7564,67.2
2017-12-17,68.9975,67.0
2017-12-18,69.1324,67.1
2017-12-19,68.7689,67.6
2017-12-20,69.2168,68.0
2017-12-21,68.7907,68.5
2017-12-22,70.0819,68.1
2017-12-23,71.8008,68.5
2017-12-24,72.2158,68.6
2017-12-25,72.3906,68.5
2017-12-26,72.3308,68.2
2017-12-27,71.7967,67.9
2017-12-28,69.5544,68.8
2017-12-29,68.8961,68.6
2017-12-30,68.7881,68.8
2017-12-31,68.4223,68.5
2018-01-01,71.2339,67.4
2018-01-02,71.9788,66.1
2018-01-03,70.3918,67.9
2018-01-04,72.2126,68.3
2018-01-05,72.4982,67.7
2018-01-06,72.9834,68.2
2018-01-07,73.7468,67.7
2018-01-08,72.9691,66.7
2018-01-09,74.1379,66.4
2018-01-10,73.3624,66.2
2018-01-11,74.6095,66.9
2018-01-12,71.708,67.2
2018-01-13,72.4687,67.0
2018-01-14,72.8422,66.8
2018-01-15,71.8693,67.3
2018-01-16,70.9226,71.0
2018-01-17,72.4454,72.0
2018-01-18,69.9025,74.8
2018-01-19,68.3936,74.6
2018-01-20,66.4097,75.5
2018-01-21,68.6682,76.1
2018-01-22,67.8462,76.2
2018-01-23,70.1674,76.2
2018-01-24,70.7405,76.6
2018-01-25,70.6442,74.1
2018-01-26,68.7303,73.4
2018-01-27,67.1566,70.8
2018-01-28,68.9897,69.8
2018-01-29,69.5576,67.4
2018-01-30,70.062,68.7
2018-01-31,67.9828,67.5
2018-02-01,66.4152,68.9
2018-02-02,66.3113,66.1
2018-02-03,66.3785,68.2
2018-02-04,66.8611,68.5
2018-02-05,70.0056,68.6
2018-02-06,68.5288,67.8
2018-02-07,67.2378,70.6
2018-02-08,68.7266,68.7
2018-02-09,68.6083,68.6
2018-02-10,68.6818,66.0
2018-02-11,68.7155,66.6
2018-02-12,68.893,66.7
2018-02-13,71.3343,66.4
2018-02-14,73.8789,66.5
2018-02-15,75.7328,66.5
2018-02-16,79.3458,66.8
2018-02-17,78.7658,65.6
2018-02-18,73.9561,66.6
2018-02-19,70.6205,66.8
2018-02-20,71.9022,66.9
2018-02-21,71.6913,67.3
2018-02-22,70.9241,67.7
2018-02-23,70.352,66.9
2018-02-24,67.7751,68.3
2018-02-25,68.0551,67.9
2018-02-26,68.5226,69.0
2018-02-27,68.5295,68.5
2018-02-28,68.8886,69.7
2018-03-01,68.5101,68.2
2018-03-02,69.1403,68.8
2018-03-03,67.0785,68.0
2018-03-04,68.1206,67.7
2018-03-05,66.3852,67.2
2018-03-06,65.192,68.0
2018-03-07,66.8375,67.5
2018-03-08,67.4765,68.0
2018-03-09,68.0627,68.3
2018-03-10,68.3487,68.8
2018-03-11,66.7271,68.6
2018-03-12,65.5874,68.9
2018-03-13,64.7706,68.9
2018-03-14,64.4601,68.4
2018-03-15,65.8935,67.8
2018-03-16,69.2913,68.6
2018-03-17,70.994,66.4
2018-03-18,72.7446,67.4
2018-03-19,70.3683,67.0
2018-03-20,71.258,68.1
2018-03-21,71.5731,68.9
2018-03-22,71.0681,68.8
2018-03-23,70.4019,68.6
2018-03-24,69.8113,70.4
2018-03-25,69.879,70.1
2018-03-26,69.313,69.9
2018-03-27,68.8453,71.0
2018-03-28,66.8865,69.7
2018-03-29,65.4611,69.8
2018-03-30,64.3777,71.4
2018-03-31,63.7595,71.4
2018-04-01,63.4066,73.7
2018-04-02,66.3434,77.5
2018-04-03,68.7933,76.5
2018-04-04,69.9425,74.7
2018-04-05,72.3163,73.7
2018-04-06,71.7884,71.6
2018-04-07,70.9867,70.3
2018-04-08,70.1589,69.6
2018-04-09,68.909,71.1
2018-04-10,67.6424,72.2
2018-04-11,69.158,71.3
2018-04-12,70.3381,69.5
2018-04-13,70.8561,68.1
2018-04-14,71.111,67.6
2018-04-15,69.4885,68.9
2018-04-16,68.0687,68.7
2018-04-17,70.319,68.4
2018-04-18,69.7127,70.9
2018-04-19,69.6027,70.9
2018-04-20,71.8887,70.9
2018-04-21,73.4375,71.0
2018-04-22,73.476,71.7
2018-04-23,74.4004,71.2
2018-04-24,74.6047,72.4
2018-04-25,73.107,71.8
2018-04-26,71.8532,71.9
2018-04-27,72.7719,71.5
2018-04-28,70.6816,70.5
2018-04-29,72.8323,71.1
2018-04-30,73.1947,71.9
2018-05-01,70.6202,70.4
2018-05-02,71.6127,71.3
2018-05-03,71.3476,72.6
2018-05-04,69.1669,75.0
2018-05-05,70.0228,75.6
2018-05-06,70.1392,77.7
2018-05-07,70.4748,74.9
2018-05-08,68.4991,76.6
2018-05-09,69.13,78.9
2018-05-10,69.5852,77.0
2018-05-11,69.2985,77.3
2018-05-12,69.1174,78.9
2018-05-13,69.4007,76.9
2018-05-14,68.7374,76.5
2018-05-15,71.0752,75.7
2018-05-16,72.3049,72.6
2018-05-17,73.5751,73.4
2018-05-18,71.7043,73.2
2018-05-19,72.6832,71.3
2018-05-20,70.8712,70.2
2018-05-21,70.0005,68.8
2018-05-22,69.35,72.4
2018-05-23,71.4067,72.0
2018-05-24,72.0849,72.5
2018-05-25,72.8492,73.0
2018-05-26,75.7009,74.7
2018-05-27,76.205,72.8
2018-05-28,77.5869,72.7
2018-05-29,75.4281,74.6
2018-05-30,75.6653,76.1
2018-05-31,73.8904,79.0
2018-06-01,74.4897,84.7
2018-06-02,75.3864,84.2
2018-06-03,75.4738,83.0
2018-06-04,77.1829,79.7
2018-06-05,76.926,77.0
2018-06-06,77.365,75.2
2018-06-07,73.2984,73.4
2018-06-08,73.016,72.4
2018-06-09,70.5945,71.9
2018-06-10,72.231,70.9
2018-06-11,70.0079,71.1
2018-06-12,69.0807,70.4
2018-06-13,68.3456,68.8
2018-06-14,67.8194,70.5
2018-06-15,67.0245,70.2
2018-06-16,69.2185,70.4
2018-06-17,70.3216,72.9
2018-06-18,71.8554,74.4
2018-06-19,73.0823,74.0
2018-06-20,75.7545,75.4
2018-06-21,77.8023,74.5
2018-06-22,79.5741,75.8
2018-06-23,82.5421,74.6
2018-06-24,84.4557,74.9
2018-06-25,85.6595,74.7
2018-06-26,85.996,74.1
2018-06-27,84.6738,74.3
2018-06-28,82.9439,73.5
2018-06-29,80.822,73.6
2018-06-30,82.6908,72.8
2018-07-01,81.0298,72.7
2018-07-02,78.2177,72.2
2018-07-03,76.6387,70.4
2018-07-04,74.4312,69.1
2018-07-05,73.2993,69.0
2018-07-06,75.0978,67.9
2018-07-07,73.7488,68.3
2018-07-08,70.6029,68.6
2018-07-09,71.9175,70.0
2018-07-10,72.206,70.0
2018-07-11,70.2634,70.4
2018-07-12,70.9878,71.0
2018-07-13,72.052,72.3
2018-07-14,73.106,72.0
2018-07-15,73.4893,72.3
2018-07-16,73.1192,72.5
2018-07-17,73.0751,71.2
2018-07-18,72.8982,71.1
2018-07-19,71.016,71.5
2018-07-20,72.0114,71.6
2018-07-21,72.5772,72.2
2018-07-22,73.0473,71.4
2018-07-23,72.9268,69.3
2018-07-24,73.0729,69.9
2018-07-25,71.1181,69.6
2018-07-26,69.8771,70.5
2018-07-27,71.337,70.6
2018-07-28,72.0347,70.0
2018-07-29,70.4203,69.0
2018-07-30,69.225,68.9
2018-07-31,71.1222,68.4
2018-08-01,71.5857,69.6
2018-08-02,71.2498,69.4
2018-08-03,69.9165,68.4
2018-08-04,72.4157,71.1
2018-08-05,73.3965,74.0
2018-08-06,74.0703,73.1
2018-08-07,74.524,72.6
2018-08-08,74.3419,71.0
2018-08-09,74.2155,71.2
2018-08-10,74.1361,71.8
2018-08-11,73.584,69.6
2018-08-12,73.2553,68.8
2018-08-13,72.8152,69.5
2018-08-14,73.1585,68.9
2018-08-15,71.344,69.3
2018-08-16,70.9122,68.6
2018-08-17,70.724,68.6
2018-08-18,72.0596,68.4
2018-08-19,72.6165,68.6
2018-08-20,74.2487,69.7
2018-08-21,72.8707,69.4
2018-08-22,71.8817,69.9
2018-08-23,72.0945,70.3
2018-08-24,72.7125,70.6
2018-08-25,75.5047,70.5
2018-08-26,77.4844,69.8
2018-08-27,78.9754,69.2
2018-08-28,81.2812,69.8
2018-08-29,77.6218,68.5
2018-08-30,78.2368,68.8
2018-08-31,74.439,68.5
2018-09-01,71.9198,67.2
2018-09-02,70.2353,67.4
2018-09-03,69.1431,68.4
2018-09-04,68.3234,68.9
2018-09-05,70.0453,69.0
2018-09-06,68.2244,68.0
2018-09-07,66.652,69.3
2018-09-08,67.2935,67.4
2018-09-09,69.9792,69.4
2018-09-10,70.5818,68.9
2018-09-11,71.0314,68.5
2018-09-12,72.0117,70.3
2018-09-13,72.2017,67.1
2018-09-14,70.5613,68.4
2018-09-15,69.354,67.2
2018-09-16,68.9608,68.7
2018-09-17,68.4687,68.6
2018-09-18,69.0026,69.4
2018-09-19,69.4697,68.7
2018-09-20,69.4168,69.3
2018-09-21,69.2027,69.6
2018-09-22,68.9421,70.6
2018-09-23,68.6068,71.3
2018-09-24,68.2242,72.1
2018-09-25,67.7168,71.1
2018-09-26,67.4155,69.6
2018-09-27,69.4225,69.3
2018-09-28,68.1076,69.6
2018-09-29,68.2576,69.0
2018-09-30,69.638,69.0
2018-10-01,68.8188,69.8
2018-10-02,69.4847,70.4
2018-10-03,69.6848,70.2
2018-10-04,73.0522,70.9
2018-10-05,70.0288,68.9
2018-10-06,68.5165,68.6
2018-10-07,67.7617,68.3
2018-10-08,67.2641,68.5
2018-10-09,67.0843,67.4
2018-10-10,69.4233,67.9
2018-10-11,68.2623,66.1
2018-10-12,70.6102,67.1
2018-10-13,72.1408,65.8
2018-10-14,70.397,66.5
2018-10-15,68.4911,66.3
2018-10-16,68.0294,65.5
2018-10-17,68.168,67.2
2018-10-18,68.8411,67.6
2018-10-19,69.6514,67.5
2018-10-20,70.3871,68.2
2018-10-21,70.7673,67.6
2018-10-22,71.2458,67.6
2018-10-23,71.4528,68.0
2018-10-24,71.1424,66.8
2018-10-25,70.4812,65.6
2018-10-26,72.0399,66.5
2018-10-27,73.0267,66.9
2018-10-28,70.0816,69.5
2018-10-29,70.334,71.7
2018-10-30,67.8298,70.6
2018-10-31,68.3363,69.5
2018-11-01,68.4648,68.8
2018-11-02,66.0039,67.1
2018-11-03,64.3506,67.5
2018-11-04,66.1099,67.5
2018-11-05,64.3097,68.2
2018-11-06,66.0842,67.8
2018-11-07,64.2203,66.8
2018-11-08,65.7261,66.6
2018-11-09,64.1629,65.7
2018-11-10,63.3943,66.0
2018-11-11,63.5633,66.1
2018-11-12,65.1985,67.4
2018-11-13,67.5902,67.0
2018-11-14,69.8625,66.4
2018-11-15,70.4354,66.8
2018-11-16,71.472,68.8
2018-11-17,75.2465,67.7
2018-11-18,79.246,68.1
2018-11-19,78.4926,68.4
2018-11-20,75.9783,69.5
2018-11-21,74.0052,68.8
2018-11-22,72.128,68.9
2018-11-23,70.3211,68.6
2018-11-24,72.2193,68.0
2018-11-25,70.294,68.6
2018-11-26,67.0845,68.9
2018-11-27,65.5268,67.6
2018-11-28,66.875,67.9
2018-11-29,67.2057,68.1
2018-11-30,65.2779,68.0
2018-12-01,63.7474,67.6
2018-12-02,62.7977,68.8
2018-12-03,62.6484,68.7
2018-12-04,65.6897,68.0
2018-12-05,67.8227,67.2
2018-12-06,69.4928,67.3
2018-12-07,71.1921,66.5
2018-12-08,71.7821,66.2
2018-12-09,73.5451,67.0
2018-12-10,75.0294,66.7
2018-12-11,72.6928,67.1
2018-12-12,69.9115,67.0
2018-12-13,68.507,69.5
2018-12-14,67.9476,72.7
2018-12-15,70.283,70.2
2018-12-16,68.2942,69.1
2018-12-17,67.4079,68.8
2018-12-18,70.0472,69.6
2018-12-19,70.2299,69.1
2018-12-20,70.5102,69.0
2018-12-21,70.4714,69.2
2018-12-22,68.0064,67.8
2018-12-23,66.351,65.9
2018-12-24,65.4862,67.3
2018-12-25,66.8878,66.6
2018-12-26,67.3997,67.8
2018-12-27,65.8058,67.3
2018-12-28,66.6117,67.5
2018-12-29,65.1988,66.4
2018-12-30,64.2701,66.6
2018-12-31,63.8588,67.4
2019-01-01,65.3628,67.0
2019-01-02,68.1542,67.7
2019-01-03,70.854,68.5
2019-01-04,74.6474,69.3
2019-01-05,76.1074,70.2
2019-01-06,74.9718,72.7
2019-01-07,71.3236,74.3
2019-01-08,69.057,72.8
2019-01-09,67.6772,73.5
2019-01-10,66.6395,70.9
2019-01-11,65.7674,71.4
2019-01-12,65.3305,70.0
2019-01-13,64.8792,70.0
2019-01-14,64.6883,68.8
2019-01-15,67.4361,69.1
2019-01-16,68.0779,68.7
2019-01-17,65.253,68.7
2019-01-18,63.5275,69.3
2019-01-19,62.9924,68.3
2019-01-20,62.8096,69.8
2019-01-21,65.3882,68.4
2019-01-22,66.2998,68.1
2019-01-23,66.4105,68.0
2019-01-24,67.9485,68.4
2019-01-25,67.6025,68.6
2019-01-26,69.6288,69.7
2019-01-27,71.7756,69.2
2019-01-28,74.0252,69.0
2019-01-29,76.6677,68.4
2019-01-30,79.1324,68.3
2019-01-31,78.9863,68.6
2019-02-01,74.6976,69.4
2019-02-02,71.776,69.2
2019-02-03,73.0938,69.7
2019-02-04,73.4075,69.2
2019-02-05,72.9754,69.0
2019-02-06,72.8061,68.9
2019-02-07,70.2887,69.2
2019-02-08,70.4252,69.4
2019-02-09,68.0402,68.8
2019-02-10,66.6555,68.7
2019-02-11,65.0234,68.2
2019-02-12,64.0207,68.3
2019-02-13,66.2524,69.7
2019-02-14,64.6781,70.8
2019-02-15,63.7485,71.3
2019-02-16,65.8845,69.9
2019-02-17,64.7596,70.7
2019-02-18,66.0572,69.7
2019-02-19,66.6891,70.1
2019-02-20,65.4562,69.5
2019-02-21,64.2281,69.8
2019-02-22,64.1974,70.0
2019-02-23,67.2844,69.3
2019-02-24,65.879,68.9
2019-02-25,65.2383,68.8
2019-02-26,65.1581,68.6
2019-02-27,65.3508,69.3
2019-02-28,68.6242,69.1
2019-03-01,67.1184,76.2
2019-03-02,69.2587,79.4
2019-03-03,67.2044,81.8
2019-03-04,66.0456,78.9
2019-03-05,68.6729,75.0
2019-03-06,69.491,70.8
2019-03-07,68.4312,68.7
2019-03-08,67.338,68.6
2019-03-09,67.9642,68.1
2019-03-10,69.0234,68.6
2019-03-11,70.2438,69.2
2019-03-12,71.7104,69.4
2019-03-13,74.0733,69.2
2019-03-14,74.4141,70.8
2019-03-15,74.6841,70.6
2019-03-16,71.571,70.3
2019-03-17,69.4079,71.8
2019-03-18,71.0801,73.7
2019-03-19,72.0936,76.6
2019-03-20,73.4609,78.8
2019-03-21,75.4173,79.3
2019-03-22,77.8835,78.4
2019-03-23,80.2051,78.9
2019-03-24,81.0852,77.7
2019-03-25,76.6469,78.3
2019-03-26,77.0715,75.9
2019-03-27,76.7038,75.9
2019-03-28,76.163,74.7
2019-03-29,77.7912,76.7
2019-03-30,76.3681,75.2
2019-03-31,75.3713,73.3
2019-04-01,73.9328,70.6
2019-04-02,72.2464,69.9
2019-04-03,71.1534,70.2
2019-04-04,72.5195,69.6
2019-04-05,69.3547,70.1
2019-04-06,69.7968,68.4
2019-04-07,67.5941,68.0
2019-04-08,66.5074,67.8
2019-04-09,69.6368,68.8
2019-04-10,69.7594,67.9
2019-04-11,69.7444,69.5
2019-04-12,70.9148,68.7
2019-04-13,69.7667,70.3
2019-04-14,69.9174,70.9
2019-04-15,72.5753,73.5
2019-04-16,74.3485,74.7
2019-04-17,75.8893,77.3
2019-04-18,78.0097,80.1
2019-04-19,79.4514,76.8
2019-04-20,80.0296,77.7
2019-04-21,79.1074,77.8
2019-04-22,76.8242,79.5
2019-04-23,72.5857,77.6
2019-04-24,69.7383,76.2
2019-04-25,69.6046,76.0
2019-04-26,67.3052,75.6
2019-04-27,68.0744,75.3
2019-04-28,68.2906,73.8
2019-04-29,68.1595,72.2
2019-04-30,68.0281,69.6
2019-05-01,69.1545,70.4
2019-05-02,68.0553,69.7
2019-05-03,68.2906,69.0
2019-05-04,66.8007,68.2
2019-05-05,64.73,68.1
2019-05-06,65.0638,68.7
2019-05-07,65.1054,69.8
2019-05-08,62.8843,69.3
2019-05-09,62.1192,70.0
2019-05-10,64.0771,70.1
2019-05-11,66.5739,70.6
2019-05-12,68.9751,70.6
2019-05-13,70.3734,71.7
2019-05-14,72.9977,71.9
2019-05-15,76.4514,71.8
2019-05-16,77.4296,72.1
2019-05-17,78.8334,71.8
2019-05-18,80.6492,70.9
2019-05-19,76.2317,71.0
2019-05-20,73.8133,70.5
2019-05-21,72.1662,70.5
2019-05-22,70.8992,71.0
2019-05-23,69.7617,71.9
2019-05-24,68.7788,71.6
2019-05-25,70.977,69.6
2019-05-26,71.4688,70.1
2019-05-27,70.8416,68.8
2019-05-28,68.0449,68.0
2019-05-29,65.8377,68.5
2019-05-30,64.8951,69.2
2019-05-31,64.8703,70.2
2019-06-01,65.3141,69.9
2019-06-02,65.9194,68.6
2019-06-03,69.1098,68.6
2019-06-04,68.4579,69.5
2019-06-05,67.9439,70.2
2019-06-06,67.7862,70.2
2019-06-07,67.9518,70.3
2019-06-08,71.5423,69.3
2019-06-09,69.9166,70.4
2019-06-10,68.9717,69.9
2019-06-11,71.1402,69.7
2019-06-12,69.7507,70.5
2019-06-13,68.4948,69.5
2019-06-14,67.924,69.1
2019-06-15,70.1437,69.9
2019-06-16,68.7695,69.0
2019-06-17,67.7915,68.8
2019-06-18,70.4335,69.6
2019-06-19,68.596,68.7
2019-06-20,67.5236,69.7
2019-06-21,66.9522,70.1
2019-06-22,66.8068,69.4
2019-06-23,66.9419,69.0
2019-06-24,70.2938,68.2
2019-06-25,74.6478,69.4
2019-06-26,72.1485,69.3
2019-06-27,74.4937,69.5
2019-06-28,71.9672,70.0
2019-06-29,72.5764,69.2
2019-06-30,72.4482,68.9
2019-07-01,70.2249,69.1
2019-07-02,71.326,69.8
2019-07-03,71.1396,69.5
2019-07-04,71.2763,69.6
2019-07-05,69.1467,70.0
2019-07-06,67.1836,70.3
2019-07-07,66.021,69.8
2019-07-08,65.179,68.7
2019-07-09,65.9711,69.2
2019-07-10,66.9725,68.2
2019-07-11,70.3605,68.3
2019-07-12,72.216,68.9
2019-07-13,72.3565,68.8
2019-07-14,72.6189,68.9
2019-07-15,72.2763,67.7
2019-07-16,72.057,68.8
2019-07-17,69.7304,70.1
2019-07-18,67.9367,70.1
2019-07-19,66.904,69.9
2019-07-20,69.3711,70.6
2019-07-21,70.0527,69.1
2019-07-22,68.3719,69.1
2019-07-23,69.5744,69.5
2019-07-24,70.4987,69.0
2019-07-25,71.205,68.6
2019-07-26,71.1979,69.1
2019-07-27,68.8485,69.4
2019-07-28,69.127,69.2
2019-07-29,69.1351,69.7
2019-07-30,67.3375,69.2
2019-07-31,66.1377,69.3
2019-08-01,65.579,68.9
2019-08-02,65.5389,68.4
2019-08-03,65.6463,67.3
2019-08-04,66.0344,68.0
2019-08-05,70.0999,67.8
2019-08-06,68.8984,67.4
2019-08-07,67.9954,67.2
2019-08-08,68.3106,67.5
2019-08-09,68.671,67.2
2019-08-10,69.1232,67.2
2019-08-11,69.5516,67.8
2019-08-12,69.6647,67.7
2019-08-13,72.0408,68.3
2019-08-14,72.6902,70.0
2019-08-15,70.8484,69.8
2019-08-16,68.9917,69.8
2019-08-17,67.7543,69.4
2019-08-18,66.9344,70.0
2019-08-19,68.9496,75.0
2019-08-20,67.4867,68.5
2019-08-21,66.3469,69.8
2019-08-22,68.613,70.9
2019-08-23,66.6071,69.0
2019-08-24,65.423,70.3
2019-08-25,67.2527,69.1
2019-08-26,65.9292,69.4
2019-08-27,67.8827,68.4
2019-08-28,65.8442,69.4
2019-08-29,64.6804,68.8
2019-08-30,66.8063,66.9
2019-08-31,68.1928,67.7
2019-09-01,67.7297,67.7
2019-09-02,67.3156,68.2
2019-09-03,65.6085,68.8
2019-09-04,65.5476,66.6
2019-09-05,66.0479,67.5
2019-09-06,69.5476,67.9
2019-09-07,71.2158,67.4
2019-09-08,71.6998,66.8
2019-09-09,69.8947,67.5
2019-09-10,68.6532,67.7
2019-09-11,67.7431,68.1
2019-09-12,67.4726,68.8
2019-09-13,67.236,68.4
2019-09-14,70.1244,68.3
2019-09-15,70.4124,68.1
2019-09-16,68.4419,67.8
2019-09-17,69.1516,67.3
2019-09-18,67.1754,67.6
2019-09-19,65.8636,67.0
2019-09-20,65.1173,67.9
2019-09-21,64.8773,67.3
2019-09-22,67.9579,68.3
2019-09-23,66.1215,68.0
2019-09-24,65.2151,66.9
2019-09-25,64.8392,65.8
2019-09-26,66.9294,66.9
2019-09-27,65.7576,65.9
2019-09-28,64.9833,65.6
2019-09-29,64.6286,65.6
2019-09-30,67.1807,65.5
2019-10-01,66.4187,64.4
2019-10-02,68.0648,63.4
2019-10-03,69.4575,64.9
2019-10-04,69.8268,63.9
2019-10-05,68.3657,64.3
2019-10-06,67.2031,67.9
2019-10-07,68.8915,67.8
2019-10-08,67.6476,68.0
2019-10-09,69.8318,68.5
2019-10-10,69.6972,68.2
2019-10-11,68.0181,68.8
2019-10-12,66.9531,70.2
2019-10-13,66.1685,69.6
2019-10-14,67.8681,69.6
2019-10-15,66.6623,68.3
2019-10-16,67.6976,69.6
2019-10-17,66.1817,69.2
2019-10-18,65.0494,68.1
2019-10-19,64.4202,68.5
2019-10-20,64.0411,68.9
2019-10-21,63.8133,68.3
2019-10-22,66.2814,69.4
2019-10-23,65.0722,68.1
2019-10-24,64.1567,69.3
2019-10-25,63.9968,69.6
2019-10-26,63.9311,68.4
2019-10-27,64.0626,68.5
2019-10-28,67.2667,68.2
2019-10-29,65.5646,68.5
2019-10-30,64.7161,68.8
2019-10-31,64.5327,67.6
2019-11-01,65.796,68.5
2019-11-02,66.5541,69.1
2019-11-03,65.9746,67.9
2019-11-04,66.0915,68.5
2019-11-05,69.0082,68.8
2019-11-06,68.327,67.7
2019-11-07,67.6971,68.6
2019-11-08,67.4197,69.6
2019-11-09,67.3177,68.3
2019-11-10,67.2233,67.9
2019-11-11,69.985,68.5
2019-11-12,70.8672,69.2
2019-11-13,71.232,68.4
2019-11-14,68.7003,67.9
2019-11-15,67.1555,67.6
2019-11-16,66.3411,68.6
2019-11-17,66.0604,68.3
2019-11-18,66.076,68.2
2019-11-19,66.0951,69.4
2019-11-20,66.3377,68.6
2019-11-21,66.6117,68.4
2019-11-22,66.7114,68.6
2019-11-23,66.9105,68.3
2019-11-24,67.0763,66.8
2019-11-25,66.7927,68.1
2019-11-26,66.5484,68.8
2019-11-27,66.3277,67.7
2019-11-28,65.982,68.2
2019-11-29,65.6808,68.0
2019-11-30,68.1247,67.7
2019-12-01,69.7214,67.7
2019-12-02,67.4134,68.4
2019-12-03,68.2676,68.7
2019-12-04,65.9,70.2
2019-12-05,64.5687,70.3
2019-12-06,63.8654,69.8
2019-12-07,63.635,69.7
2019-12-08,63.8124,70.1
2019-12-09,63.9884,69.8
2019-12-10,64.2426,69.6
2019-12-11,67.0122,68.6
2019-12-12,65.9958,68.2
2019-12-13,66.9743,69.4
2019-12-14,65.7121,69.5
2019-12-15,64.8808,68.9
2019-12-16,64.4208,69.8
2019-12-17,67.3632,69.4
2019-12-18,68.6542,68.1
2019-12-19,68.5115,69.3
2019-12-20,68.6819,71.2
2019-12-21,66.435,71.9
2019-12-22,67.0151,70.4
2019-12-23,65.545,71.0
2019-12-24,66.8488,69.5
2019-12-25,67.7226,69.1
2019-12-26,67.6941,69.5
2019-12-27,68.9935,68.9
2019-12-28,70.0396,69.4
2019-12-29,70.7528,67.9
2019-12-30,71.1649,69.0
2019-12-31,71.1377,69.5
2020-01-01,68.8365,69.0
2020-01-02,70.0093,68.3
2020-01-03,68.7266,69.6
2020-01-04,68.6941,68.6
2020-01-05,68.6483,68.8
2020-01-06,68.5895,70.4
2020-01-07,70.7438,72.4
2020-01-08,69.1707,70.7
2020-01-09,72.9354,72.0
2020-01-10,74.7818,72.0
2020-01-11,72.4891,71.9
2020-01-12,73.1821,71.7
2020-01-13,71.1328,70.4
2020-01-14,69.4312,70.2
2020-01-15,68.2389,70.0
2020-01-16,67.5845,68.3
2020-01-17,67.0285,68.6
2020-01-18,66.8248,69.3
2020-01-19,66.6942,68.9
2020-01-20,70.0372,70.0
2020-01-21,67.5309,68.8
2020-01-22,66.0872,68.3
2020-01-23,65.1626,69.3
2020-01-24,67.6679,69.8
2020-01-25,68.2568,69.4
2020-01-26,69.6093,69.5
2020-01-27,69.7811,68.8
2020-01-28,69.5269,68.8
2020-01-29,71.1258,69.0
2020-01-30,72.793,69.4
2020-01-31,74.3426,69.4
2020-02-01,76.5317,69.2
2020-02-02,76.4552,69.6
2020-02-03,76.3497,70.7
2020-02-04,74.9564,68.8
2020-02-05,71.7209,68.7
2020-02-06,69.3752,69.1
2020-02-07,70.1385,68.7
2020-02-08,68.3004,69.6
2020-02-09,66.8521,69.3
2020-02-10,66.0278,68.8
2020-02-11,65.5203,68.1
2020-02-12,65.3721,68.1
2020-02-13,65.3678,68.8
2020-02-14,65.7885,68.7
2020-02-15,68.4734,68.3
2020-02-16,67.6639,68.9
2020-02-17,66.976,68.8
2020-02-18,66.66,69.2
2020-02-19,66.5549,69.8
2020-02-20,69.7273,69.8
2020-02-21,70.58,69.6
2020-02-22,68.2589,69.1
2020-02-23,68.9075,67.9
2020-02-24,69.1,67.4
2020-02-25,67.2801,69.5
2020-02-26,65.8559,69.1
2020-02-27,65.1955,70.9
2020-02-28,64.9697,71.4
2020-02-29,65.0258,71.5
2020-03-01,65.1934,71.1
2020-03-02,65.4476,70.3
2020-03-03,65.7691,69.8
2020-03-04,69.0057,69.9
2020-03-05,67.1749,70.8
2020-03-06,66.192,70.9
2020-03-07,65.6202,69.9
2020-03-08,67.1904,69.2
2020-03-09,67.4193,69.0
2020-03-10,66.575,68.6
2020-03-11,66.6539,69.1
2020-03-12,69.4218,69.8
2020-03-13,68.3647,69.2
2020-03-14,67.5205,69.7
2020-03-15,69.88,70.0
2020-03-16,68.7388,70.2
2020-03-17,68.0143,71.3
2020-03-18,67.3338,70.1
2020-03-19,70.4789,70.1
2020-03-20,71.5355,70.7
2020-03-21,69.0468,70.6
2020-03-22,67.4623,69.5
2020-03-23,66.6792,70.9
2020-03-24,68.9046,71.1
2020-03-25,70.4529,70.7
2020-03-26,70.6142,69.4
2020-03-27,70.3768,68.9
2020-03-28,68.4034,69.0
2020-03-29,69.1854,68.4
2020-03-30,69.29,70.4
2020-03-31,70.0814,69.2
2020-04-01,68.0286,68.9
2020-04-02,69.5584,69.8
2020-04-03,68.6163,71.4
2020-04-04,67.6988,69.5
2020-04-05,69.2788,70.5
2020-04-06,67.806,69.8
2020-04-07,69.5065,70.1
2020-04-08,70.1744,69.9
2020-04-09,71.398,69.9
2020-04-10,71.4405,71.0
2020-04-11,71.7253,70.9
2020-04-12,69.8196,71.3
2020-04-13,70.5149,70.3
2020-04-14,68.7854,69.8
2020-04-15,67.5647,70.5
2020-04-16,66.9827,70.5
2020-04-17,68.9255,71.1
2020-04-18,70.2889,70.0
2020-04-19,68.9086,69.2
2020-04-20,67.6722,72.4
2020-04-21,67.0734,69.3
2020-04-22,69.5746,67.5
2020-04-23,70.2,70.3
2020-04-24,70.7742,70.2
2020-04-25,69.2952,68.7
2020-04-26,69.2689,69.4
2020-04-27,70.4901,71.0
2020-04-28,68.3275,71.2
2020-04-29,70.7501,71.8
2020-04-30,72.2944,70.3
2020-05-01,70.9056,71.3
2020-05-02,70.3241,71.9
2020-05-03,70.4586,72.6
2020-05-04,70.9169,70.9
2020-05-05,73.2372,70.6
2020-05-06,72.2956,72.1
2020-05-07,73.3538,71.6
2020-05-08,71.8135,70.0
2020-05-09,73.2579,69.3
2020-05-10,71.1592,71.6
2020-05-11,71.8812,71.9
2020-05-12,69.1761,72.8
2020-05-13,70.4733,71.2
2020-05-14,68.2132,72.4
2020-05-15,69.5228,72.0
2020-05-16,69.7768,72.1
2020-05-17,69.7587,73.2
2020-05-18,68.083,73.8
2020-05-19,66.7265,73.8
2020-05-20,66.2173,73.2
2020-05-21,66.2345,74.6
2020-05-22,66.5934,73.2
2020-05-23,66.9107,73.7
2020-05-24,69.9247,72.7
2020-05-25,71.3715,71.6
2020-05-26,70.0012,72.4
2020-05-27,70.6901,72.7
2020-05-28,69.0103,71.5
2020-05-29,70.6786,71.0
2020-05-30,68.7059,70.2
2020-05-31,67.6043,71.1
2020-06-01,67.2629,70.0
2020-06-02,67.6965,69.9
2020-06-03,68.1694,69.9
2020-06-04,71.23,69.3
2020-06-05,69.7533,69.1
2020-06-06,68.7701,71.2
2020-06-07,69.8812,70.0
2020-06-08,70.2385,71.2
2020-06-09,70.358,71.5
2020-06-10,70.1674,71.0
2020-06-11,72.084,70.4
2020-06-12,73.4445,71.2
2020-06-13,76.5614,70.3
2020-06-14,78.2365,71.6
2020-06-15,78.6802,71.8
2020-06-16,77.2936,71.8
2020-06-17,75.7226,70.8
2020-06-18,74.5584,70.0
2020-06-19,71.88,69.4
2020-06-20,69.524,71.0
2020-06-21,68.0462,71.1
2020-06-22,69.5295,71.0
2020-06-23,67.9562,69.8
2020-06-24,69.7142,70.5
2020-06-25,69.8787,71.2
2020-06-26,67.525,70.6
2020-06-27,66.0814,70.9
2020-06-28,65.7579,71.3
2020-06-29,66.1517,70.0
2020-06-30,69.0262,71.1
2020-07-01,70.6189,71.6
2020-07-02,69.6026,72.1
2020-07-03,68.7845,72.2
2020-07-04,70.9415,72.5
2020-07-05,71.0871,71.7
2020-07-06,72.3949,72.6
2020-07-07,73.4312,73.6
2020-07-08,71.6466,73.7
2020-07-09,72.8531,74.1
2020-07-10,74.2582,74.9
2020-07-11,74.6016,75.6
2020-07-12,74.464,74.4
2020-07-13,72.1606,74.1
2020-07-14,72.5409,74.9
2020-07-15,73.0026,74.8
2020-07-16,73.038,75.1
2020-07-17,73.1649,75.6
2020-07-18,73.0054,75.1
2020-07-19,73.0776,76.0
2020-07-20,72.8767,76.8
2020-07-21,71.0755,76.0
2020-07-22,71.5063,76.2
2020-07-23,71.4741,75.4
2020-07-24,71.844,75.1
2020-07-25,72.0659,74.2
2020-07-26,72.221,72.6
2020-07-27,72.3426,72.4
2020-07-28,71.5676,72.6
2020-07-29,74.0786,72.5
2020-07-30,76.246,73.1
2020-07-31,79.4521,72.2
2020-08-01,81.6717,71.6
2020-08-02,83.6276,72.6
2020-08-03,80.9452,71.6
2020-08-04,78.8984,72.1
2020-08-05,77.4772,71.8
2020-08-06,78.3809,72.1
2020-08-07,78.3204,71.9
2020-08-08,77.0518,71.4
2020-08-09,76.96,71.5
2020-08-10,76.7588,71.6
2020-08-11,76.8163,71.4
2020-08-12,76.9447,70.5
2020-08-13,74.3646,70.8
2020-08-14,74.0135,69.5
2020-08-15,73.885,71.2
2020-08-16,74.3108,70.8
2020-08-17,74.918,70.3
2020-08-18,76.1832,70.5
2020-08-19,76.7252,71.3
2020-08-20,77.4675,70.9
2020-08-21,76.7586,70.7
2020-08-22,76.3991,70.2
2020-08-23,75.624,69.6
2020-08-24,74.604,70.2
2020-08-25,72.088,70.6
2020-08-26,72.2034,69.7
2020-08-27,72.711,69.6
2020-08-28,72.8725,70.2
2020-08-29,72.8614,70.4
2020-08-30,70.4239,70.6
2020-08-31,71.416,71.2
2020-09-01,68.7832,70.7
2020-09-02,67.2659,71.9
2020-09-03,66.701,72.9
2020-09-04,69.8172,73.7
2020-09-05,68.3302,74.1
2020-09-06,67.4141,73.8
2020-09-07,67.3471,72.9
2020-09-08,67.3408,74.4
2020-09-09,70.3055,74.1
2020-09-10,72.1322,73.0
2020-09-11,72.0064,73.5
2020-09-12,69.9511,73.0
2020-09-13,71.0131,72.3
2020-09-14,71.0979,71.9
2020-09-15,71.3891,71.2
2020-09-16,71.8451,72.2
2020-09-17,69.4217,71.6
2020-09-18,67.7137,70.6
2020-09-19,69.8064,71.5
2020-09-20,67.7989,72.9
2020-09-21,66.852,73.3
2020-09-22,69.6894,72.6
2020-09-23,71.0384,73.4
2020-09-24,69.9748,72.0
2020-09-25,71.8892,74.1
2020-09-26,70.2654,73.4
2020-09-27,72.0191,74.8
2020-09-28,73.1313,72.5
2020-09-29,71.7593,75.3
2020-09-30,70.8952,74.2
2020-10-01,70.592,74.0
2020-10-02,70.6815,73.0
2020-10-03,70.9835,74.2
2020-10-04,71.2931,71.0
2020-10-05,74.0034,71.3
2020-10-06,74.9426,73.3
2020-10-07,75.1073,74.1
2020-10-08,73.0657,81.4
2020-10-09,74.6488,86.4
2020-10-10,73.8638,83.5
2020-10-11,74.0844,78.4
2020-10-12,73.262,75.6
2020-10-13,71.2161,76.1
2020-10-14,74.3405,80.3
2020-10-15,75.4555,81.6
2020-10-16,76.289,86.6
2020-10-17,76.3148,89.1
2020-10-18,78.5055,92.1
2020-10-19,78.322,88.9
2020-10-20,78.2117,88.3
2020-10-21,77.9503,88.3
2020-10-22,78.4246,85.1
2020-10-23,78.9328,86.3
2020-10-24,79.4209,83.3
2020-10-25,80.7788,80.7
2020-10-26,81.2871,78.5
2020-10-27,81.9817,76.9
2020-10-28,84.3887,74.9
2020-10-29,86.3769,77.3
2020-10-30,85.8546,75.5
2020-10-31,86.8873,74.9
2020-11-01,86.2927,79.7
2020-11-02,84.6469,82.9
2020-11-03,83.3916,85.5
2020-11-04,80.3163,93.1
2020-11-05,77.9375,97.9
2020-11-06,76.1068,101.0
2020-11-07,76.083,103.0
2020-11-08,76.3268,103.5
2020-11-09,76.3066,106.6
2020-11-10,78.7002,113.1
2020-11-11,78.0366,106.4
2020-11-12,78.723,101.2
2020-11-13,82.4731,101.9
2020-11-14,83.5504,99.9
2020-11-15,83.9945,93.0
2020-11-16,85.0359,97.0
2020-11-17,83.8664,88.2
2020-11-18,82.5749,86.8
2020-11-19,80.2705,80.0
2020-11-20,78.5922,79.6
2020-11-21,77.6936,79.1
2020-11-22,76.273,80.8
2020-11-23,75.6326,79.3
2020-11-24,72.0972,78.1
2020-11-25,75.1148,80.4
2020-11-26,77.0936,80.3
2020-11-27,80.3371,79.3
2020-11-28,83.3608,79.1
2020-11-29,84.9507,77.9
2020-11-30,85.9772,79.1
2020-12-01,88.3869,81.1
2020-12-02,90.2006,77.0
2020-12-03,91.9098,83.0
2020-12-04,94.4396,83.6
2020-12-05,96.0826,84.5
2020-12-06,95.558,84.9
2020-12-07,94.3547,85.0
2020-12-08,93.3731,84.9
2020-12-09,92.2617,84.3
2020-12-10,91.7602,81.4
2020-12-11,92.2808,80.1
2020-12-12,91.4869,78.5
2020-12-13,92.9406,77.7
2020-12-14,90.9526,78.8
2020-12-15,88.3815,77.8
2020-12-16,85.7111,75.0
2020-12-17,85.892,72.6
2020-12-18,82.7695,71.7
2020-12-19,82.6232,72.2
2020-12-20,83.1908,72.8
2020-12-21,83.7211,71.8
2020-12-22,84.4282,70.7
2020-12-23,81.8909,70.8
2020-12-24,79.5595,70.4
2020-12-25,81.2654,70.8
2020-12-26,80.8897,71.2
2020-12-27,80.8696,71.0
2020-12-28,80.9444,75.2
2020-12-29,83.8952,74.8
2020-12-30,86.5456,72.9
2020-12-31,90.6259,75.6
2021-01-01,92.8418,74.7
2021-01-02,96.2768,75.2
2021-01-03,89.3841,75.8
2021-01-04,84.5726,75.5
2021-01-05,83.7898,75.2
2021-01-06,82.3027,74.8
2021-01-07,78.5015,73.4
2021-01-08,78.7173,74.0
2021-01-09,78.8292,73.4
2021-01-10,78.0907,73.2
2021-01-11,77.5958,71.6
2021-01-12,76.4871,71.2
2021-01-13,78.6352,70.8
2021-01-14,77.5657,70.2
2021-01-15,79.3427,71.3
2021-01-16,79.1293,71.2
2021-01-17,79.2045,71.1
2021-01-18,75.3439,71.0
2021-01-19,73.1151,70.8
2021-01-20,71.5365,71.3
2021-01-21,71.1325,71.0
2021-01-22,75.0073,71.0
2021-01-23,75.5669,70.5
2021-01-24,76.5421,71.7
2021-01-25,77.9465,69.6
2021-01-26,81.7343,69.7
2021-01-27,83.9208,68.0
2021-01-28,79.5421,69.1
2021-01-29,81.3768,70.0
2021-01-30,80.534,70.6
2021-01-31,77.2435,69.9
2021-02-01,75.072,71.7
2021-02-02,77.7258,70.9
2021-02-03,78.3786,73.2
2021-02-04,75.6546,74.2
2021-02-05,76.1177,77.6
2021-02-06,76.0234,77.1
2021-02-07,76.0237,78.1
2021-02-08,75.8825,76.4
2021-02-09,75.531,75.7
2021-02-10,72.6887,72.7
2021-02-11,73.5088,73.3
2021-02-12,71.3491,74.4
2021-02-13,69.7857,74.1
2021-02-14,69.1727,73.9
2021-02-15,68.8266,74.4
2021-02-16,68.7022,76.4
2021-02-17,68.7496,78.7
2021-02-18,71.9637,75.4
2021-02-19,70.7595,75.3
2021-02-20,74.4549,74.6
2021-02-21,75.2924,74.7
2021-02-22,75.022,75.0
2021-02-23,74.6891,74.2
2021-02-24,78.0342,73.1
2021-02-25,79.3278,72.9
2021-02-26,81.2481,72.1
2021-02-27,83.6129,72.5
2021-02-28,86.1782,72.5
2021-03-01,82.0742,74.1
2021-03-02,80.6356,74.6
2021-03-03,80.7526,76.0
2021-03-04,81.5959,76.4
2021-03-05,78.6669,75.3
2021-03-06,78.2222,74.8
2021-03-07,79.7787,74.7
2021-03-08,80.171,74.7
2021-03-09,80.2677,73.6
2021-03-10,80.3974,73.2
2021-03-11,79.6661,74.5
2021-03-12,79.1745,72.4
2021-03-13,77.7994,77.8
2021-03-14,77.6013,71.4
2021-03-15,77.9098,72.2
2021-03-16,77.5251,72.0
2021-03-17,74.987,71.8
2021-03-18,72.9124,71.3
2021-03-19,73.0832,70.7
2021-03-20,72.8701,70.5
2021-03-21,71.7426,70.8
2021-03-22,71.8396,70.8
2021-03-23,74.8278,72.2
2021-03-24,73.3377,74.5
2021-03-25,74.4453,73.6
2021-03-26,75.1325,74.3
2021-03-27,77.8172,76.0
2021-03-28,75.9531,75.2
2021-03-29,77.0507,75.9
2021-03-30,77.5089,76.4
2021-03-31,75.0686,81.1
2021-04-01,74.3108,83.7
2021-04-02,73.3571,77.7
2021-04-03,73.0477,78.6
2021-04-04,75.7247,76.1
2021-04-05,76.4961,77.7
2021-04-06,78.0658,78.7
2021-04-07,78.0425,79.2
2021-04-08,75.6754,79.4
2021-04-09,75.7248,77.9
2021-04-10,75.3752,78.0
2021-04-11,72.8961,74.0
2021-04-12,74.8088,72.7
2021-04-13,75.078,73.1
2021-04-14,74.6339,72.8
2021-04-15,76.1908,71.8
2021-04-16,74.7841,70.7
2021-04-17,76.7195,72.1
2021-04-18,73.9103,75.9
2021-04-19,77.2525,77.4
2021-04-20,77.7636,77.7
2021-04-21,78.8658,78.0
2021-04-22,81.559,77.6
2021-04-23,81.6925,76.3
2021-04-24,82.1645,76.3
2021-04-25,82.3756,72.4
2021-04-26,80.207,74.9
2021-04-27,80.7981,74.9
2021-04-28,81.5854,76.5
2021-04-29,82.0303,78.2
2021-04-30,83.955,77.7
2021-05-01,83.7719,74.0
2021-05-02,79.1464,75.5
2021-05-03,78.7244,77.5
2021-05-04,75.3908,81.0
2021-05-05,73.0434,74.5
2021-05-06,71.7915,85.7
2021-05-07,71.107,90.3
2021-05-08,73.5101,85.5
2021-05-09,74.0876,79.5
2021-05-10,75.1918,78.1
2021-05-11,74.2258,76.5
2021-05-12,72.6055,84.0
2021-05-13,71.0287,77.3
2021-05-14,69.0279,78.5
2021-05-15,70.5405,77.7
2021-05-16,72.3829,79.4
2021-05-17,77.7684,76.6
2021-05-18,78.2161,79.7
2021-05-19,78.9018,83.2
2021-05-20,78.1795,82.3
2021-05-21,77.8391,81.0
2021-05-22,75.7284,75.6
2021-05-23,73.7031,79.7
2021-05-24,71.658,80.0
2021-05-25,74.1924,80.5
2021-05-26,76.4584,79.3
2021-05-27,78.9972,77.9
2021-05-28,81.4013,79.6
2021-05-29,84.6121,87.7
2021-05-30,83.3429,79.5
2021-05-31,83.2358,79.6
2021-06-01,81.6272,78.9
2021-06-02,80.7107,81.7
2021-06-03,79.4439,83.4
2021-06-04,79.5086,82.3
2021-06-05,80.9614,83.3
2021-06-06,81.4989,86.1
2021-06-07,81.7796,85.1
2021-06-08,81.5415,89.9
2021-06-09,80.5256,91.6
2021-06-10,79.4621,95.6
2021-06-11,78.9707,97.3
2021-06-12,78.5566,97.2
2021-06-13,79.9272,98.1
2021-06-14,80.2155,96.8
2021-06-15,78.4389,94.1
2021-06-16,77.3002,92.4
2021-06-17,77.2182,86.0
2021-06-18,76.6994,78.6
2021-06-19,75.4881,75.9
2021-06-20,74.4483,76.2
2021-06-21,76.6751,76.5
2021-06-22,79.8272,76.0
2021-06-23,83.7376,74.0
2021-06-24,89.038,74.3
2021-06-25,88.1237,74.5
2021-06-26,85.5809,75.9
2021-06-27,86.8483,77.5
2021-06-28,86.9851,80.0
2021-06-29,87.6668,83.0
2021-06-30,85.2714,85.3
2021-07-01,85.0775,89.8
2021-07-02,84.8035,96.5
2021-07-03,86.5875,91.8
2021-07-04,87.0453,90.2
2021-07-05,88.1842,86.5
2021-07-06,88.9124,84.2
2021-07-07,86.2684,83.4
2021-07-08,85.0379,82.1
2021-07-09,83.8774,81.2
2021-07-10,82.6566,78.1
2021-07-11,81.6436,77.8
2021-07-12,80.8035,78.2
2021-07-13,78.7622,77.2
2021-07-14,80.8336,76.8
2021-07-15,80.8141,78.1
2021-07-16,82.7042,72.8
2021-07-17,82.0211,76.5
2021-07-18,80.8559,76.5
2021-07-19,81.0378,75.8
2021-07-20,81.5227,75.5
2021-07-21,84.4926,75.0
2021-07-22,87.0662,75.3
2021-07-23,85.0329,75.8
2021-07-24,85.7317,75.6
2021-07-25,84.6831,74.8
2021-07-26,85.7166,74.5
2021-07-27,86.6937,76.5
2021-07-28,82.8492,76.3
2021-07-29,80.3803,75.0
2021-07-30,80.1132,77.1
2021-07-31,80.1853,76.7
2021-08-01,83.1692,79.5
2021-08-02,84.1847,78.9
2021-08-03,85.237,78.8
2021-08-04,85.4982,79.8
2021-08-05,86.1034,82.6
2021-08-06,86.0366,85.4
2021-08-07,85.3259,90.5
2021-08-08,82.6673,91.3
2021-08-09,80.4815,91.7
2021-08-10,79.5159,90.5
2021-08-11,81.9992,92.4
2021-08-12,83.4473,86.0
2021-08-13,84.1026,85.7
2021-08-14,85.1032,87.3
2021-08-15,85.819,85.3
2021-08-16,85.9546,88.0
2021-08-17,85.9086,94.9
2021-08-18,85.3086,101.1
2021-08-19,84.8524,102.8
2021-08-20,84.1483,101.9
2021-08-21,84.8332,101.1
2021-08-22,84.5458,97.6
2021-08-23,84.8173,93.0
2021-08-24,85.135,88.8
2021-08-25,85.4598,84.3
2021-08-26,84.5592,79.0
2021-08-27,84.7995,76.1
2021-08-28,86.0867,74.0
2021-08-29,88.2023,74.1
2021-08-30,89.7454,74.4
2021-08-31,91.962,75.7
2021-09-01,94.0218,80.7
2021-09-02,96.5483,85.5
2021-09-03,96.5744,89.2
2021-09-04,96.2744,90.2
2021-09-05,96.1779,88.9
2021-09-06,96.0081,88.9
2021-09-07,97.123,86.7
2021-09-08,97.2053,85.6
2021-09-09,98.6384,89.3
2021-09-10,99.5072,102.0
2021-09-11,99.0933,94.8
2021-09-12,101.8298,90.7
2021-09-13,101.5503,87.1
2021-09-14,99.5943,86.1
2021-09-15,95.7621,83.5
2021-09-16,90.7792,81.7
2021-09-17,89.2275,84.7
2021-09-18,88.8756,85.6
2021-09-19,88.5008,92.2
2021-09-20,87.9836,89.8
2021-09-21,87.7999,84.2
2021-09-22,86.521,88.2
2021-09-23,90.7058,83.1
2021-09-24,91.8421,83.1
2021-09-25,89.8724,83.6
2021-09-26,90.4445,81.2
2021-09-27,91.1461,79.8
2021-09-28,93.9712,77.1
2021-09-29,93.8622,76.2
2021-09-30,94.4992,78.2
2021-10-01,96.728,77.2
2021-10-02,97.3434,81.6
2021-10-03,96.6724,84.8
2021-10-04,95.1654,89.1
2021-10-05,94.4801,92.8
2021-10-06,94.2084,100.6
2021-10-07,90.7023,109.4
2021-10-08,89.4122,110.8
2021-10-09,87.3303,111.3
2021-10-10,88.1821,106.5
2021-10-11,88.1102,108.9
2021-10-12,89.3296,100.2
2021-10-13,88.3984,96.1
2021-10-14,89.7753,94.5
2021-10-15,91.1353,90.9
2021-10-16,95.9511,90.8
2021-10-17,93.548,89.6
2021-10-18,91.6189,85.4
2021-10-19,89.7903,88.2
2021-10-20,86.9546,89.1
2021-10-21,88.7837,89.6
2021-10-22,87.9499,86.9
2021-10-23,84.2784,82.5
2021-10-24,84.5773,82.3
2021-10-25,84.8291,81.9
2021-10-26,88.1083,77.4
2021-10-27,88.5104,79.1
2021-10-28,89.5821,79.0
2021-10-29,90.8092,78.5
2021-10-30,91.6861,77.1
2021-10-31,93.4733,77.0
2021-11-01,94.3844,79.7
2021-11-02,93.4761,77.9
2021-11-03,94.3684,77.5
2021-11-04,94.924,78.9
2021-11-05,96.0268,84.4
2021-11-06,93.874,82.7
2021-11-07,90.0207,91.1
2021-11-08,90.8042,90.0
2021-11-09,91.2524,91.0
2021-11-10,90.6082,89.8
2021-11-11,89.065,87.5
2021-11-12,89.0596,84.0
2021-11-13,88.0048,84.2
2021-11-14,86.8723,82.9
2021-11-15,84.851,85.6
2021-11-16,84.8355,80.3
2021-11-17,84.2762,77.6
2021-11-18,82.8958,76.6
2021-11-19,81.4891,74.6
2021-11-20,81.0074,74.4
2021-11-21,78.6134,73.4
2021-11-22,78.3481,73.9
2021-11-23,79.2615,77.4
2021-11-24,82.1715,78.2
2021-11-25,81.7414,86.2
2021-11-26,83.3163,99.3
2021-11-27,84.5568,114.2
2021-11-28,86.466,117.0
2021-11-29,88.2387,117.4
2021-11-30,89.4702,111.6
2021-12-01,91.0085,118.8
2021-12-02,92.0248,132.2
2021-12-03,92.8785,135.8
2021-12-04,93.6265,125.6
2021-12-05,92.3439,122.1
2021-12-06,91.2855,126.5
2021-12-07,89.4411,121.2
2021-12-08,91.3353,119.9
2021-12-09,88.2006,116.5
2021-12-10,85.4109,107.8
2021-12-11,83.0542,99.0
2021-12-12,82.307,98.2
2021-12-13,80.4406,90.8
2021-12-14,78.6956,86.0
2021-12-15,77.8383,81.3
2021-12-16,76.9281,82.7
2021-12-17,77.6648,81.0
2021-12-18,78.5561,90.6
2021-12-19,80.6025,103.8
2021-12-20,82.7803,99.1
2021-12-21,87.1758,98.7
2021-12-22,92.1973,98.8
2021-12-23,96.6382,96.7
2021-12-24,98.7756,99.8
2021-12-25,100.8851,102.1
2021-12-26,102.9325,106.6
2021-12-27,103.4862,111.8
2021-12-28,104.203,115.6
2021-12-29,109.3991,109.9
2021-12-30,110.4386,110.8
2021-12-31,111.5977,101.9
