t_date,oof_adj,y_adj
1996-02-29,69.1304,68.8
1996-03-01,68.5402,66.6
1996-03-02,69.5999,68.2
1996-03-03,70.308,70.9
1996-03-04,72.7418,72.4
1996-03-05,70.1012,70.5
1996-03-06,69.6929,70.0
1996-03-07,71.1896,69.6
1996-03-08,70.1742,70.3
1996-03-09,69.8292,70.0
1996-03-10,71.1083,70.0
1996-03-11,77.1261,69.4
1996-03-12,74.2787,68.8
1996-03-13,72.3629,69.9
1996-03-14,71.4974,73.4
1996-03-15,71.7256,71.6
1996-03-16,71.3961,70.9
1996-03-17,72.2104,72.1
1996-03-18,74.6075,71.6
1996-03-19,73.1773,71.6
1996-03-20,70.9268,71.7
1996-03-21,71.3007,70.3
1996-03-22,69.8822,70.1
1996-03-23,67.164,70.0
1996-03-24,67.3351,68.1
1996-03-25,67.6078,70.6
1996-03-26,68.5049,71.1
1996-03-27,68.6281,70.2
1996-03-28,69.1329,70.0
1996-03-29,69.078,68.8
1996-03-30,69.3237,68.6
1996-03-31,71.6771,68.6
1996-04-01,69.2758,69.3
1996-04-02,72.4515,69.1
1996-04-03,71.0419,68.8
1996-04-04,70.5602,68.7
1996-04-05,70.4814,69.3
1996-04-06,71.048,69.1
1996-04-07,71.6016,68.5
1996-04-08,71.9644,68.8
1996-04-09,73.6275,69.9
1996-04-10,74.2586,70.8
1996-04-11,74.3932,71.2
1996-04-12,77.2276,72.3
1996-04-13,74.4887,74.8
1996-04-14,71.5943,73.2
1996-04-15,70.9062,71.9
1996-04-16,70.9564,69.5
1996-04-17,72.0968,68.7
1996-04-18,71.5548,69.1
1996-04-19,68.632,69.2
1996-04-20,67.3245,68.6
1996-04-21,66.8482,69.5
1996-04-22,67.6662,69.6
1996-04-23,69.1309,68.9
1996-04-24,70.9276,69.0
1996-04-25,68.602,69.5
1996-04-26,69.7193,70.6
1996-04-27,70.6602,72.0
1996-04-28,71.0014,76.0
1996-04-29,71.8374,76.3
1996-04-30,72.2549,77.5
1996-05-01,72.175,77.7
1996-05-02,74.0298,79.1
1996-05-03,75.2324,78.0
1996-05-04,76.6109,75.1
1996-05-05,75.2558,74.3
1996-05-06,79.7902,73.4
1996-05-07,79.1556,72.5
1996-05-08,78.2578,72.6
1996-05-09,78.2025,72.9
1996-05-10,74.8572,72.0
1996-05-11,69.7086,70.4
1996-05-12,67.3344,69.6
1996-05-13,67.1444,68.5
1996-05-14,67.6959,68.1
1996-05-15,67.4517,68.9
1996-05-16,68.5232,69.0
1996-05-17,69.8702,68.7
1996-05-18,73.1626,68.7
1996-05-19,70.0998,68.4
1996-05-20,71.9206,67.8
1996-05-21,69.1318,68.3
1996-05-22,68.3032,68.4
1996-05-23,68.9071,69.9
1996-05-24,69.918,70.8
1996-05-25,70.3828,70.7
1996-05-26,70.7142,71.3
1996-05-27,70.8229,71.6
1996-05-28,70.7202,73.0
1996-05-29,71.1062,73.9
1996-05-30,72.9536,75.9
1996-05-31,74.7672,72.9
1996-06-01,77.064,72.4
1996-06-02,75.1458,71.5
1996-06-03,72.6436,70.6
1996-06-04,70.4614,69.7
1996-06-05,68.6341,70.7
1996-06-06,68.7153,70.1
1996-06-07,69.8712,69.5
1996-06-08,68.9455,69.6
1996-06-09,67.9795,69.8
1996-06-10,68.7726,69.9
1996-06-11,70.5396,70.7
1996-06-12,74.1721,71.9
1996-06-13,73.1284,72.7
1996-06-14,72.9959,72.6
1996-06-15,72.8422,72.0
1996-06-16,72.7338,75.2
1996-06-17,72.5941,74.7
1996-06-18,74.498,74.5
1996-06-19,76.4964,74.0
1996-06-20,76.6029,74.2
1996-06-21,76.0797,73.7
1996-06-22,75.9062,73.6
1996-06-23,74.0431,73.3
1996-06-24,75.6769,72.8
1996-06-25,75.5401,71.3
1996-06-26,72.9221,71.5
1996-06-27,69.6382,71.0
1996-06-28,68.1216,70.5
1996-06-29,68.6814,74.3
1996-06-30,68.618,84.3
1996-07-01,68.9325,86.5
1996-07-02,69.569,82.5
1996-07-03,68.7196,79.6
1996-07-04,66.789,76.2
1996-07-05,70.7916,72.5
1996-07-06,71.802,70.0
1996-07-07,74.3068,69.3
1996-07-08,76.8373,69.1
1996-07-09,75.8328,69.0
1996-07-10,75.2326,67.0
1996-07-11,74.2659,68.3
1996-07-12,74.5741,67.5
1996-07-13,76.3203,67.2
1996-07-14,75.7102,68.2
1996-07-15,74.714,68.9
1996-07-16,73.9868,68.3
1996-07-17,73.3577,70.4
1996-07-18,71.9301,72.4
1996-07-19,72.2714,75.6
1996-07-20,71.5157,77.8
1996-07-21,71.2364,80.3
1996-07-22,71.6585,82.3
1996-07-23,72.385,82.7
1996-07-24,72.066,82.8
1996-07-25,73.2483,81.9
1996-07-26,76.8687,81.6
1996-07-27,79.4164,79.9
1996-07-28,80.2328,76.2
1996-07-29,81.3632,75.1
1996-07-30,82.0625,73.7
1996-07-31,75.8735,71.7
1996-08-01,73.6542,72.1
1996-08-02,72.3347,73.6
1996-08-03,71.8454,74.8
1996-08-04,70.1247,72.0
1996-08-05,68.9129,71.4
1996-08-06,68.8123,70.5
1996-08-07,68.5467,69.3
1996-08-08,67.459,69.3
1996-08-09,67.9886,69.5
1996-08-10,68.1866,68.4
1996-08-11,67.0813,69.3
1996-08-12,67.1482,70.1
1996-08-13,69.344,71.3
1996-08-14,72.2866,74.5
1996-08-15,73.4321,75.8
1996-08-16,73.6353,76.2
1996-08-17,74.7243,76.3
1996-08-18,74.7842,75.8
1996-08-19,77.9084,75.9
1996-08-20,79.2999,74.7
1996-08-21,80.9661,75.0
1996-08-22,79.2418,74.7
1996-08-23,80.5988,77.6
1996-08-24,81.4782,74.8
1996-08-25,80.7065,73.6
1996-08-26,80.1608,72.4
1996-08-27,76.9288,72.0
1996-08-28,75.062,71.4
1996-08-29,72.0997,70.8
1996-08-30,71.3811,70.5
1996-08-31,72.4186,69.2
1996-09-01,70.3924,68.8
1996-09-02,69.2165,68.9
1996-09-03,68.7081,68.5
1996-09-04,68.1133,68.6
1996-09-05,70.6266,68.1
1996-09-06,72.1693,67.9
1996-09-07,73.2271,67.1
1996-09-08,68.1572,68.7
1996-09-09,70.3099,69.6
1996-09-10,72.0061,69.6
1996-09-11,73.3284,69.8
1996-09-12,75.7522,69.7
1996-09-13,73.1882,70.3
1996-09-14,73.1602,69.1
1996-09-15,72.9711,70.4
1996-09-16,74.0773,70.4
1996-09-17,74.7895,71.2
1996-09-18,75.9907,70.4
1996-09-19,75.4117,70.1
1996-09-20,74.7919,71.2
1996-09-21,74.5624,70.3
1996-09-22,73.6069,69.7
1996-09-23,73.7802,69.6
1996-09-24,73.5536,69.8
1996-09-25,73.7036,69.6
1996-09-26,73.1628,69.4
1996-09-27,72.7395,68.5
1996-09-28,73.034,68.8
1996-09-29,72.5647,68.2
1996-09-30,72.1809,67.7
1996-10-01,72.093,67.7
1996-10-02,72.2486,67.4
1996-10-03,72.2977,66.4
1996-10-04,72.333,66.9
1996-10-05,72.0247,67.3
1996-10-06,72.2355,68.2
1996-10-07,72.094,68.6
1996-10-08,71.928,68.1
1996-10-09,71.9904,68.0
1996-10-10,71.9343,69.0
1996-10-11,71.499,70.4
1996-10-12,71.7222,70.6
1996-10-13,71.9767,69.0
1996-10-14,72.4409,69.1
1996-10-15,72.6449,69.1
1996-10-16,72.3279,69.1
1996-10-17,72.0846,69.1
1996-10-18,72.3526,70.3
1996-10-19,72.867,71.2
1996-10-20,71.8258,67.5
1996-10-21,71.0113,69.4
1996-10-22,70.8167,69.7
1996-10-23,71.0122,68.6
1996-10-24,71.1935,68.5
1996-10-25,71.1671,67.9
1996-10-26,69.9823,68.3
1996-10-27,69.7772,67.8
1996-10-28,69.2002,67.1
1996-10-29,70.779,68.0
1996-10-30,71.303,67.3
1996-10-31,70.9971,67.8
1996-11-01,70.8882,68.9
1996-11-02,70.8801,69.6
1996-11-03,71.2664,70.0
1996-11-04,71.2364,70.7
1996-11-05,70.9958,71.5
1996-11-06,71.4339,72.1
1996-11-07,71.1852,71.9
1996-11-08,71.3743,72.2
1996-11-09,72.9401,70.4
1996-11-10,73.5605,72.4
1996-11-11,72.9818,72.6
1996-11-12,73.37,72.7
1996-11-13,73.3892,72.6
1996-11-14,70.0749,80.6
1996-11-15,70.6287,88.7
1996-11-16,73.4845,97.3
1996-11-17,71.1146,101.7
1996-11-18,68.8623,100.8
1996-11-19,68.9071,100.0
1996-11-20,70.3592,95.4
1996-11-21,72.0775,88.5
1996-11-22,76.1357,85.1
1996-11-23,77.7434,80.8
1996-11-24,84.7412,75.7
1996-11-25,77.2106,70.7
1996-11-26,74.2706,68.6
1996-11-27,72.652,67.6
1996-11-28,70.36,67.6
1996-11-29,69.1452,67.1
1996-11-30,68.4257,66.6
1996-12-01,66.9817,71.5
1996-12-02,66.82,70.2
1996-12-03,67.3651,75.2
1996-12-04,69.3718,78.6
1996-12-05,71.241,79.2
1996-12-06,72.922,80.0
1996-12-07,72.099,82.3
1996-12-08,74.1968,83.5
1996-12-09,77.6484,83.6
1996-12-10,77.8249,85.6
1996-12-11,81.4546,84.6
1996-12-12,83.798,80.3
1996-12-13,84.268,80.9
1996-12-14,83.9626,78.9
1996-12-15,82.6994,76.9
1996-12-16,81.7736,76.4
1996-12-17,78.7824,74.7
1996-12-18,77.8175,73.0
1996-12-19,75.7792,72.2
1996-12-20,72.8162,71.8
1996-12-21,71.6032,71.4
1996-12-22,69.4537,70.1
1996-12-23,67.304,69.8
1996-12-24,72.4473,70.0
1996-12-25,70.5643,69.7
1996-12-26,72.4686,70.8
1996-12-27,74.2681,71.4
1996-12-28,75.5817,71.9
1996-12-29,75.228,70.6
1996-12-30,75.1028,70.9
1996-12-31,75.4655,71.3
1997-01-01,76.045,71.3
1997-01-02,76.2822,72.9
1997-01-03,78.1258,71.6
1997-01-04,80.1827,72.1
1997-01-05,79.5478,72.1
1997-01-06,77.9524,72.4
1997-01-07,78.804,73.3
1997-01-08,75.6777,72.4
1997-01-09,74.0344,71.7
1997-01-10,72.7486,72.2
1997-01-11,71.5907,72.9
1997-01-12,72.1416,74.3
1997-01-13,73.1629,71.8
1997-01-14,73.9267,70.7
1997-01-15,74.4698,71.1
1997-01-16,73.4444,71.9
1997-01-17,73.4107,70.9
1997-01-18,73.0133,71.9
1997-01-19,71.7476,71.3
1997-01-20,73.8387,70.8
1997-01-21,73.6042,72.4
1997-01-22,73.3666,71.5
1997-01-23,75.2402,70.3
1997-01-24,79.7442,69.2
1997-01-25,78.2403,76.2
1997-01-26,78.15,77.4
1997-01-27,76.3605,78.4
1997-01-28,72.3865,73.3
1997-01-29,76.9973,72.2
1997-01-30,74.0527,73.7
1997-01-31,73.3048,73.2
1997-02-01,72.5127,71.2
1997-02-02,75.8273,70.4
1997-02-03,73.8702,69.3
1997-02-04,73.9658,69.1
1997-02-05,71.5701,69.3
1997-02-06,71.6969,69.6
1997-02-07,73.4794,70.1
1997-02-08,75.7761,70.3
1997-02-09,74.6829,71.4
1997-02-10,71.5025,71.2
1997-02-11,71.9845,70.4
1997-02-12,72.7455,71.0
1997-02-13,73.3734,71.6
1997-02-14,73.8096,71.9
1997-02-15,74.2016,73.0
1997-02-16,76.8149,73.1
1997-02-17,74.316,72.6
1997-02-18,74.327,72.4
1997-02-19,75.1321,72.4
1997-02-20,77.9568,71.5
1997-02-21,76.3268,72.9
1997-02-22,76.8891,71.1
1997-02-23,77.032,72.8
1997-02-24,79.5372,72.8
1997-02-25,77.334,73.4
1997-02-26,72.5216,74.2
1997-02-27,72.1121,73.1
1997-02-28,71.8596,73.6
1997-03-01,72.683,74.1
1997-03-02,72.1007,73.8
1997-03-03,74.1695,73.4
1997-03-04,75.4609,73.4
1997-03-05,76.5377,73.3
1997-03-06,80.2939,74.7
1997-03-07,79.7998,75.0
1997-03-08,79.4623,75.0
1997-03-09,78.9599,74.4
1997-03-10,73.8522,73.7
1997-03-11,72.7624,73.1
1997-03-12,71.9914,71.0
1997-03-13,71.869,70.0
1997-03-14,70.8559,70.1
1997-03-15,71.8583,70.3
1997-03-16,70.4648,70.6
1997-03-17,70.4922,70.2
1997-03-18,72.497,69.5
1997-03-19,70.4151,71.9
1997-03-20,72.8948,72.9
1997-03-21,69.6325,75.1
1997-03-22,70.1657,73.8
1997-03-23,71.0732,74.6
1997-03-24,71.9204,76.2
1997-03-25,72.639,80.4
1997-03-26,72.9586,78.8
1997-03-27,77.0844,78.6
1997-03-28,78.6007,80.3
1997-03-29,79.0781,78.3
1997-03-30,80.2813,77.0
1997-03-31,77.1759,76.3
1997-04-01,77.3181,78.3
1997-04-02,80.8579,78.0
1997-04-03,81.355,77.4
1997-04-04,81.4311,76.9
1997-04-05,80.5226,79.3
1997-04-06,74.4879,77.9
1997-04-07,71.5662,79.2
1997-04-08,68.7146,75.6
1997-04-09,70.0004,72.3
1997-04-10,69.3645,70.7
1997-04-11,65.8745,70.6
1997-04-12,65.8629,70.4
1997-04-13,68.6469,70.9
1997-04-14,68.8727,71.5
1997-04-15,69.0121,69.7
1997-04-16,67.6895,70.7
1997-04-17,65.9122,69.6
1997-04-18,69.5459,71.8
1997-04-19,73.4184,74.1
1997-04-20,74.6917,73.4
1997-04-21,76.4305,72.9
1997-04-22,77.5519,73.7
1997-04-23,77.3193,73.4
1997-04-24,76.5647,73.3
1997-04-25,76.7026,72.3
1997-04-26,74.9586,72.1
1997-04-27,75.1086,73.6
1997-04-28,75.7395,73.4
1997-04-29,78.2558,73.3
1997-04-30,75.4936,73.3
1997-05-01,75.3974,73.0
1997-05-02,75.2671,74.8
1997-05-03,71.7883,73.8
1997-05-04,74.5478,73.7
1997-05-05,74.8318,75.4
1997-05-06,76.264,75.1
1997-05-07,76.8449,74.7
1997-05-08,72.6075,73.9
1997-05-09,71.6308,74.4
1997-05-10,72.9371,75.8
1997-05-11,73.9273,76.0
1997-05-12,75.1696,81.1
1997-05-13,75.5719,86.9
1997-05-14,74.7406,83.0
1997-05-15,74.1459,78.1
1997-05-16,75.8357,78.9
1997-05-17,77.0688,80.1
1997-05-18,73.5083,82.0
1997-05-19,73.4717,80.4
1997-05-20,76.2299,79.5
1997-05-21,79.5396,77.6
1997-05-22,77.6002,77.2
1997-05-23,71.0073,74.5
1997-05-24,74.5937,79.6
1997-05-25,76.9994,79.1
1997-05-26,76.8563,77.4
1997-05-27,76.991,76.1
1997-05-28,75.2928,76.1
1997-05-29,78.9501,76.4
1997-05-30,79.9275,76.9
1997-05-31,79.8777,75.4
1997-06-01,77.3604,75.3
1997-06-02,75.5651,74.2
1997-06-03,75.679,73.0
1997-06-04,76.9514,71.8
1997-06-05,78.4957,72.3
1997-06-06,78.7676,72.9
1997-06-07,80.3822,73.0
1997-06-08,81.0407,74.4
1997-06-09,81.1954,71.8
1997-06-10,82.6773,73.5
1997-06-11,78.3972,72.4
1997-06-12,78.8747,72.5
1997-06-13,75.2882,69.8
1997-06-14,74.0104,71.8
1997-06-15,73.625,71.3
1997-06-16,73.4291,72.2
1997-06-17,72.3379,74.1
1997-06-18,75.476,74.2
1997-06-19,73.8928,74.1
1997-06-20,74.0237,73.6
1997-06-21,75.1028,72.6
1997-06-22,72.432,72.1
1997-06-23,75.0721,72.4
1997-06-24,75.6755,72.4
1997-06-25,75.1092,71.4
1997-06-26,71.3223,72.0
1997-06-27,70.8101,72.0
1997-06-28,70.7026,70.6
1997-06-29,72.3601,72.6
1997-06-30,72.224,72.1
1997-07-01,74.4973,72.3
1997-07-02,76.4917,70.8
1997-07-03,76.7919,70.9
1997-07-04,75.9975,69.6
1997-07-05,75.4872,69.3
1997-07-06,73.2683,70.3
1997-07-07,70.8698,71.5
1997-07-08,70.022,71.9
1997-07-09,69.5814,72.2
1997-07-10,71.1533,72.3
1997-07-11,73.3245,72.8
1997-07-12,75.157,73.5
1997-07-13,76.2347,73.6
1997-07-14,77.7227,74.5
1997-07-15,76.0165,78.1
1997-07-16,75.6907,81.2
1997-07-17,76.4703,83.0
1997-07-18,75.2201,79.0
1997-07-19,72.7866,76.8
1997-07-20,74.1169,76.5
1997-07-21,72.9297,75.0
1997-07-22,78.7919,73.2
1997-07-23,81.236,72.5
1997-07-24,82.9997,73.2
1997-07-25,77.1398,72.9
1997-07-26,74.1993,74.3
1997-07-27,72.093,74.9
1997-07-28,71.9806,76.9
1997-07-29,71.1823,79.0
1997-07-30,69.721,80.1
1997-07-31,72.0419,79.9
1997-08-01,74.123,80.3
1997-08-02,78.0162,80.4
1997-08-03,78.6708,81.6
1997-08-04,75.9435,83.0
1997-08-05,74.6075,84.2
1997-08-06,75.927,81.6
1997-08-07,75.0544,79.6
1997-08-08,79.634,79.8
1997-08-09,80.7422,77.4
1997-08-10,82.9453,77.7
1997-08-11,85.1979,76.1
1997-08-12,83.9624,76.3
1997-08-13,82.6227,76.3
1997-08-14,80.8447,77.2
1997-08-15,74.7395,78.2
1997-08-16,76.3143,79.4
1997-08-17,73.5384,83.7
1997-08-18,74.1196,85.5
1997-08-19,72.2709,83.5
1997-08-20,75.0121,92.3
1997-08-21,76.6136,93.3
1997-08-22,77.7138,93.8
1997-08-23,78.4112,98.2
1997-08-24,78.8623,95.1
1997-08-25,84.4261,93.3
1997-08-26,86.2959,94.7
1997-08-27,86.1399,94.6
1997-08-28,83.2277,97.6
1997-08-29,81.2883,99.1
1997-08-30,78.9406,103.6
1997-08-31,84.6509,109.3
1997-09-01,82.9151,117.7
1997-09-02,80.748,116.4
1997-09-03,84.7877,110.0
1997-09-04,87.4701,110.3
1997-09-05,86.6127,108.9
1997-09-06,89.8326,103.7
1997-09-07,92.7958,99.1
1997-09-08,95.6256,96.4
1997-09-09,98.1001,94.0
1997-09-10,87.6734,89.0
1997-09-11,85.0867,89.1
1997-09-12,82.0564,88.4
1997-09-13,84.6087,85.8
1997-09-14,84.8643,89.6
1997-09-15,81.1416,92.3
1997-09-16,80.8569,93.5
1997-09-17,81.718,88.9
1997-09-18,81.2085,89.5
1997-09-19,83.3397,88.8
1997-09-20,82.9363,87.5
1997-09-21,87.9628,90.0
1997-09-22,93.4469,87.9
1997-09-23,96.2298,87.3
1997-09-24,97.1968,86.0
1997-09-25,91.9105,85.8
1997-09-26,91.5629,83.4
1997-09-27,90.0019,84.3
1997-09-28,89.6332,83.6
1997-09-29,90.9794,83.4
1997-09-30,94.0286,82.7
1997-10-01,94.325,83.3
1997-10-02,94.8257,84.0
1997-10-03,94.0152,85.8
1997-10-04,91.386,88.3
1997-10-05,87.9553,87.8
1997-10-06,86.979,84.3
1997-10-07,88.571,86.4
1997-10-08,85.7421,86.9
1997-10-09,84.4092,87.5
1997-10-10,79.3436,85.9
1997-10-11,77.5493,84.0
1997-10-12,80.6761,82.1
1997-10-13,80.4192,84.2
1997-10-14,84.287,79.9
1997-10-15,86.8349,78.8
1997-10-16,87.3125,77.7
1997-10-17,87.8066,80.5
1997-10-18,88.2995,81.0
1997-10-19,84.0077,83.3
1997-10-20,84.0176,84.4
1997-10-21,85.1256,86.0
1997-10-22,83.7959,86.9
1997-10-23,83.6545,89.2
1997-10-24,85.886,91.6
1997-10-25,88.4889,96.2
1997-10-26,90.0682,108.0
1997-10-27,91.1762,115.9
1997-10-28,92.9964,111.9
1997-10-29,92.4077,103.5
1997-10-30,93.28,92.7
1997-10-31,87.679,87.9
1997-11-01,85.7592,84.8
1997-11-02,85.627,87.6
1997-11-03,88.529,89.6
1997-11-04,88.313,85.4
1997-11-05,86.9697,88.2
1997-11-06,82.9857,91.0
1997-11-07,78.3843,94.1
1997-11-08,76.7536,94.1
1997-11-09,77.7926,92.0
1997-11-10,77.0931,89.4
1997-11-11,82.5921,96.8
1997-11-12,84.0962,86.5
1997-11-13,93.7904,93.6
1997-11-14,98.6988,97.7
1997-11-15,102.3723,97.3
1997-11-16,103.5149,100.6
1997-11-17,100.72,99.4
1997-11-18,98.9615,105.2
1997-11-19,98.336,108.2
1997-11-20,92.577,113.2
1997-11-21,96.0738,109.0
1997-11-22,98.77,109.3
1997-11-23,101.2068,113.7
1997-11-24,104.3487,109.0
1997-11-25,105.191,109.0
1997-11-26,107.466,104.2
1997-11-27,108.543,100.7
1997-11-28,109.6548,105.6
1997-11-29,106.8094,96.0
1997-11-30,96.0194,95.1
1997-12-01,94.0406,93.8
1997-12-02,88.8444,92.2
1997-12-03,86.3623,93.4
1997-12-04,84.8076,89.6
1997-12-05,82.9813,86.5
1997-12-06,86.1785,87.1
1997-12-07,87.4576,86.3
1997-12-08,90.4462,82.0
1997-12-09,86.9147,82.9
1997-12-10,84.2771,83.5
1997-12-11,82.9926,86.8
1997-12-12,81.71,86.7
1997-12-13,82.0837,89.0
1997-12-14,85.9015,85.5
1997-12-15,89.7875,100.7
1997-12-16,90.811,104.3
1997-12-17,88.2693,101.3
1997-12-18,89.5405,101.3
1997-12-19,94.4432,92.7
1997-12-20,101.1461,98.7
1997-12-21,104.9848,101.0
1997-12-22,103.8884,101.0
1997-12-23,109.9447,101.1
1997-12-24,109.3608,98.3
1997-12-25,106.0459,97.6
1997-12-26,105.9421,97.7
1997-12-27,92.6812,87.7
1997-12-28,93.4066,86.3
1997-12-29,94.4301,84.1
1997-12-30,89.8181,82.1
1997-12-31,88.0782,79.5
1998-01-01,81.2205,78.9
1998-01-02,78.9669,78.0
1998-01-03,79.1747,82.0
1998-01-04,76.0318,92.7
1998-01-05,79.7231,87.5
1998-01-06,81.5256,90.8
1998-01-07,87.9405,94.6
1998-01-08,89.9835,94.4
1998-01-09,93.9145,93.1
1998-01-10,95.7735,92.0
1998-01-11,97.4084,90.5
1998-01-12,98.5386,88.5
1998-01-13,95.0663,88.0
1998-01-14,99.2386,90.1
1998-01-15,98.6222,93.9
1998-01-16,95.9803,94.5
1998-01-17,95.5308,105.0
1998-01-18,92.0671,96.9
1998-01-19,91.3963,97.7
1998-01-20,94.6321,93.7
1998-01-21,92.9637,90.9
1998-01-22,93.9972,88.4
1998-01-23,97.2433,86.8
1998-01-24,97.3948,88.1
1998-01-25,97.7457,86.5
1998-01-26,89.9787,86.3
1998-01-27,84.45,86.6
1998-01-28,80.2522,83.1
1998-01-29,79.2135,81.8
1998-01-30,81.751,80.8
1998-01-31,84.3702,81.3
1998-02-01,89.1249,81.5
1998-02-02,90.931,81.5
1998-02-03,95.3027,84.0
1998-02-04,95.171,88.3
1998-02-05,92.661,92.3
1998-02-06,91.7135,102.3
1998-02-07,87.1153,104.7
1998-02-08,89.2855,104.2
1998-02-09,91.0225,102.4
1998-02-10,94.5562,100.9
1998-02-11,98.2293,96.3
1998-02-12,100.2856,93.6
1998-02-13,101.7557,92.8
1998-02-14,103.9932,93.5
1998-02-15,101.7878,97.3
1998-02-16,99.4885,96.6
1998-02-17,95.9143,92.9
1998-02-18,88.2568,90.9
1998-02-19,87.1629,88.6
1998-02-20,85.7666,92.3
1998-02-21,87.5154,96.5
1998-02-22,86.0303,95.1
1998-02-23,87.34,95.0
1998-02-24,87.0043,100.0
1998-02-25,82.6215,95.1
1998-02-26,81.8728,90.3
1998-02-27,82.2083,90.5
1998-02-28,88.9751,89.9
1998-03-01,92.5269,88.7
1998-03-02,93.6898,95.0
1998-03-03,91.1022,99.4
1998-03-04,92.7525,100.3
1998-03-05,92.3836,103.7
1998-03-06,95.003,118.2
1998-03-07,100.6025,131.6
1998-03-08,103.0395,122.6
1998-03-09,102.9462,124.3
1998-03-10,105.3055,125.9
1998-03-11,107.687,123.5
1998-03-12,107.358,125.5
1998-03-13,105.9961,124.9
1998-03-14,104.7227,126.8
1998-03-15,102.5189,121.3
1998-03-16,96.9039,119.9
1998-03-17,94.9208,114.4
1998-03-18,97.894,109.5
1998-03-19,97.3991,110.0
1998-03-20,96.6619,103.6
1998-03-21,98.4607,100.0
1998-03-22,100.9457,107.2
1998-03-23,101.6782,107.9
1998-03-24,104.1277,105.6
1998-03-25,91.2758,103.4
1998-03-26,91.5979,103.6
1998-03-27,93.2182,110.2
1998-03-28,93.5775,126.4
1998-03-29,100.2231,133.7
1998-03-30,106.5971,135.5
1998-03-31,110.5836,141.0
1998-04-01,108.7183,140.2
1998-04-02,105.6538,130.2
1998-04-03,105.0306,128.8
1998-04-04,113.1998,117.6
1998-04-05,123.8016,115.5
1998-04-06,126.9749,112.6
1998-04-07,124.3174,113.5
1998-04-08,123.3644,107.2
1998-04-09,119.0958,102.1
1998-04-10,109.7626,99.4
1998-04-11,101.925,96.7
1998-04-12,94.5049,98.7
1998-04-13,92.2819,92.9
1998-04-14,93.2478,88.5
1998-04-15,95.3689,91.3
1998-04-16,94.7742,91.7
1998-04-17,95.0016,93.0
1998-04-18,97.3825,91.8
1998-04-19,102.0104,92.6
1998-04-20,101.3061,99.8
1998-04-21,102.349,99.1
1998-04-22,101.2439,104.1
1998-04-23,104.8689,115.1
1998-04-24,109.7709,118.8
1998-04-25,115.1025,119.3
1998-04-26,115.1779,123.2
1998-04-27,116.808,135.7
1998-04-28,118.5755,132.4
1998-04-29,113.9574,125.6
1998-04-30,114.8028,120.2
1998-05-01,119.7141,112.8
1998-05-02,116.9519,109.3
1998-05-03,111.602,110.2
1998-05-04,110.7864,114.4
1998-05-05,113.417,119.1
1998-05-06,107.7017,119.8
1998-05-07,104.7608,118.6
1998-05-08,99.8507,120.4
1998-05-09,95.8741,113.0
1998-05-10,95.3542,104.6
1998-05-11,100.5219,101.5
1998-05-12,106.143,94.1
1998-05-13,111.0182,91.2
1998-05-14,108.9416,89.6
1998-05-15,102.6334,92.6
1998-05-16,102.377,98.0
1998-05-17,99.3248,94.7
1998-05-18,98.77,94.9
1998-05-19,98.9756,96.6
1998-05-20,98.7986,101.1
1998-05-21,99.8516,97.6
1998-05-22,101.7448,98.8
1998-05-23,105.6713,96.8
1998-05-24,111.9903,103.0
1998-05-25,113.0542,107.7
1998-05-26,114.9906,116.4
1998-05-27,117.3844,115.0
1998-05-28,118.1823,118.4
1998-05-29,107.6802,118.5
1998-05-30,110.2998,116.4
1998-05-31,107.9155,120.5
1998-06-01,110.7148,115.7
1998-06-02,112.3414,115.3
1998-06-03,116.5443,115.8
1998-06-04,116.2382,115.7
1998-06-05,115.8953,113.9
1998-06-06,107.6305,105.1
1998-06-07,99.9571,103.6
1998-06-08,99.5275,107.3
1998-06-09,96.2593,103.9
1998-06-10,94.7548,103.3
1998-06-11,98.3402,101.8
1998-06-12,100.1439,104.4
1998-06-13,101.3683,105.4
1998-06-14,97.3595,103.8
1998-06-15,105.4777,98.9
1998-06-16,109.8322,108.8
1998-06-17,110.4213,109.7
1998-06-18,109.8668,112.8
1998-06-19,106.6864,119.1
1998-06-20,107.575,126.1
1998-06-21,107.1265,123.3
1998-06-22,110.3942,125.0
1998-06-23,112.7951,131.1
1998-06-24,122.0036,124.4
1998-06-25,123.7189,131.9
1998-06-26,122.6406,133.5
1998-06-27,124.6422,127.6
1998-06-28,128.1116,125.2
1998-06-29,123.8104,118.5
1998-06-30,119.226,116.2
1998-07-01,118.2407,118.2
1998-07-02,113.0889,112.9
1998-07-03,116.2305,111.3
1998-07-04,108.9432,102.6
1998-07-05,107.2155,109.7
1998-07-06,102.1127,106.3
1998-07-07,101.273,108.2
1998-07-08,96.1252,109.7
1998-07-09,98.2029,103.6
1998-07-10,101.8609,102.4
1998-07-11,106.5868,105.2
1998-07-12,106.338,115.4
1998-07-13,108.9445,113.9
1998-07-14,107.0084,117.8
1998-07-15,115.2593,119.1
1998-07-16,119.891,129.2
1998-07-17,118.3638,125.5
1998-07-18,111.9998,122.8
1998-07-19,112.2159,123.2
1998-07-20,120.4661,125.1
1998-07-21,121.5033,123.1
1998-07-22,120.6823,118.3
1998-07-23,124.0836,117.2
1998-07-24,129.8709,115.4
1998-07-25,128.5076,112.9
1998-07-26,113.4974,111.7
1998-07-27,112.2245,119.2
1998-07-28,111.6354,130.5
1998-07-29,108.6621,142.2
1998-07-30,104.6931,149.1
1998-07-31,101.9381,150.9
1998-08-01,101.517,158.3
1998-08-02,106.1761,153.3
1998-08-03,109.7932,154.1
1998-08-04,117.7538,150.9
1998-08-05,124.6443,140.4
1998-08-06,128.2551,140.6
1998-08-07,130.0466,136.8
1998-08-08,129.982,143.3
1998-08-09,135.0827,139.7
1998-08-10,128.8364,136.8
1998-08-11,128.5336,137.9
1998-08-12,130.6387,141.9
1998-08-13,118.4811,135.2
1998-08-14,117.3182,135.9
1998-08-15,120.9903,129.3
1998-08-16,126.2629,126.0
1998-08-17,124.8164,124.8
1998-08-18,121.448,129.6
1998-08-19,127.8765,137.8
1998-08-20,131.1331,142.0
1998-08-21,131.1722,149.4
1998-08-22,135.439,166.4
1998-08-23,124.6346,181.8
1998-08-24,119.8968,180.2
1998-08-25,117.1398,166.3
1998-08-26,122.9329,165.5
1998-08-27,130.1126,157.3
1998-08-28,134.0216,156.8
1998-08-29,137.4901,167.1
1998-08-30,146.4568,153.5
1998-08-31,154.7079,155.8
1998-09-01,143.2869,147.4
1998-09-02,134.0354,143.6
1998-09-03,137.6216,140.4
1998-09-04,138.5195,136.6
1998-09-05,138.4077,132.3
1998-09-06,136.6848,123.3
1998-09-07,134.5238,118.6
1998-09-08,138.226,119.9
1998-09-09,140.31,118.6
1998-09-10,132.1297,123.7
1998-09-11,127.1089,128.0
1998-09-12,129.1807,133.3
1998-09-13,132.8937,139.4
1998-09-14,130.6863,142.1
1998-09-15,122.4642,144.1
1998-09-16,133.0812,136.2
1998-09-17,136.9558,139.2
1998-09-18,138.7352,136.2
1998-09-19,140.5729,128.0
1998-09-20,140.6941,123.0
1998-09-21,137.6506,116.3
1998-09-22,132.4771,121.8
1998-09-23,130.4725,119.1
1998-09-24,130.7463,112.9
1998-09-25,123.5137,112.0
1998-09-26,122.3279,114.9
1998-09-27,121.009,117.1
1998-09-28,122.3868,116.9
1998-09-29,116.6792,124.1
1998-09-30,123.283,123.8
1998-10-01,130.3137,123.2
1998-10-02,130.8666,120.3
1998-10-03,134.9198,118.5
1998-10-04,137.906,113.4
1998-10-05,131.3444,117.5
1998-10-06,132.2387,118.4
1998-10-07,140.7145,130.4
1998-10-08,140.876,130.1
1998-10-09,140.1667,134.4
1998-10-10,128.185,125.0
1998-10-11,125.2777,116.8
1998-10-12,119.4377,120.2
1998-10-13,119.6539,117.2
1998-10-14,116.0271,113.8
1998-10-15,128.0572,111.4
1998-10-16,127.5426,109.6
1998-10-17,127.7001,106.3
1998-10-18,121.4511,102.8
1998-10-19,113.91,101.8
1998-10-20,116.665,106.4
1998-10-21,114.5758,108.0
1998-10-22,111.492,109.9
1998-10-23,113.1988,117.0
1998-10-24,111.494,119.5
1998-10-25,121.7102,124.1
1998-10-26,125.6593,129.9
1998-10-27,131.3321,139.0
1998-10-28,133.2224,150.1
1998-10-29,138.2114,138.4
1998-10-30,140.132,145.8
1998-10-31,144.6563,149.9
1998-11-01,145.0399,159.3
1998-11-02,139.8574,150.8
1998-11-03,139.461,144.1
1998-11-04,138.7257,138.7
1998-11-05,138.7247,132.6
1998-11-06,129.4382,123.8
1998-11-07,126.3596,123.7
1998-11-08,125.9378,121.8
1998-11-09,131.1688,118.0
1998-11-10,128.5511,112.2
1998-11-11,123.3385,113.7
1998-11-12,120.4395,118.6
1998-11-13,113.5776,118.3
1998-11-14,110.9216,123.0
1998-11-15,113.8437,126.7
1998-11-16,113.445,136.7
1998-11-17,113.6437,145.6
1998-11-18,115.4371,152.3
1998-11-19,118.8134,154.7
1998-11-20,127.2322,160.4
1998-11-21,130.9514,163.2
1998-11-22,134.734,158.9
1998-11-23,141.4889,158.2
1998-11-24,146.7145,147.4
1998-11-25,148.2227,148.7
1998-11-26,150.3265,144.0
1998-11-27,150.6434,138.3
1998-11-28,151.1372,138.1
1998-11-29,144.1922,148.7
1998-11-30,139.1401,157.1
1998-12-01,135.4766,149.3
1998-12-02,131.2388,129.8
1998-12-03,129.5769,138.8
1998-12-04,122.7894,138.9
1998-12-05,114.9351,139.7
1998-12-06,120.4499,139.9
1998-12-07,127.9113,137.2
1998-12-08,135.0138,136.1
1998-12-09,130.7206,141.5
1998-12-10,126.1892,137.9
1998-12-11,129.2291,133.6
1998-12-12,129.4348,130.4
1998-12-13,128.6979,130.9
1998-12-14,128.4941,124.6
1998-12-15,121.2946,135.2
1998-12-16,124.0841,134.9
1998-12-17,128.6818,139.6
1998-12-18,136.8538,140.2
1998-12-19,137.9787,161.4
1998-12-20,142.5514,178.3
1998-12-21,143.8448,176.8
1998-12-22,144.2223,173.1
1998-12-23,150.547,168.8
1998-12-24,151.1638,161.6
1998-12-25,153.3491,154.8
1998-12-26,152.7779,149.4
1998-12-27,155.4077,142.0
1998-12-28,140.6036,132.0
1998-12-29,134.7177,121.6
1998-12-30,135.8239,111.3
1998-12-31,134.0813,111.7
1999-01-01,128.3572,111.0
1999-01-02,122.6067,109.6
1999-01-03,118.8278,108.2
1999-01-04,120.8312,109.1
1999-01-05,121.0538,114.7
1999-01-06,119.814,132.4
1999-01-07,116.0115,138.0
1999-01-08,116.8489,153.4
1999-01-09,120.2604,156.2
1999-01-10,128.0838,165.4
1999-01-11,135.5329,170.3
1999-01-12,143.9742,166.4
1999-01-13,151.1178,169.7
1999-01-14,163.5148,172.3
1999-01-15,165.8217,160.8
1999-01-16,157.3676,156.8
1999-01-17,153.7576,133.9
1999-01-18,156.6511,129.1
1999-01-19,155.3697,121.6
1999-01-20,146.3324,115.2
1999-01-21,146.4486,114.2
1999-01-22,138.9738,114.5
1999-01-23,131.711,111.5
1999-01-24,124.4251,114.5
1999-01-25,111.3,107.7
1999-01-26,108.9336,105.8
1999-01-27,108.6074,104.3
1999-01-28,111.0893,100.9
1999-01-29,115.6672,96.6
1999-01-30,118.8037,106.5
1999-01-31,121.7454,121.1
1999-02-01,130.2271,125.9
1999-02-02,140.4284,148.4
1999-02-03,143.733,159.3
1999-02-04,139.2064,183.6
1999-02-05,140.8269,193.4
1999-02-06,141.1938,199.6
1999-02-07,145.3565,185.5
1999-02-08,157.012,187.3
1999-02-09,159.5288,185.3
1999-02-10,169.2768,164.2
1999-02-11,171.1144,160.5
1999-02-12,172.9057,153.6
1999-02-13,171.946,144.0
1999-02-14,167.0153,127.0
1999-02-15,147.2077,124.3
1999-02-16,146.1801,117.3
1999-02-17,141.7469,117.1
1999-02-18,127.9491,113.4
1999-02-19,114.617,113.1
1999-02-20,109.1303,120.7
1999-02-21,105.329,118.0
1999-02-22,102.9849,127.6
1999-02-23,118.256,134.6
1999-02-24,118.1996,141.6
1999-02-25,128.5662,125.4
1999-02-26,133.7684,112.6
1999-02-27,132.127,108.3
1999-02-28,139.546,125.0
1999-03-01,145.3899,125.3
1999-03-02,146.8753,133.6
1999-03-03,150.8499,135.3
1999-03-04,148.3607,138.5
1999-03-05,137.8227,142.7
1999-03-06,128.5617,148.7
1999-03-07,126.6721,148.4
1999-03-08,137.5893,154.1
1999-03-09,141.89,152.9
1999-03-10,142.0477,146.7
1999-03-11,138.1804,138.1
1999-03-12,136.588,131.6
1999-03-13,134.2251,123.1
1999-03-14,131.7574,115.0
1999-03-15,126.108,112.2
1999-03-16,122.1676,107.6
1999-03-17,123.2222,106.4
1999-03-18,122.7927,103.1
1999-03-19,124.7932,104.1
1999-03-20,118.9684,102.7
1999-03-21,118.415,103.8
1999-03-22,116.371,104.4
1999-03-23,127.0228,101.7
1999-03-24,124.4562,102.9
1999-03-25,126.17,99.4
1999-03-26,125.6577,98.4
1999-03-27,128.8358,116.0
1999-03-28,127.3065,132.7
1999-03-29,133.082,137.6
1999-03-30,130.5717,141.7
1999-03-31,129.436,139.5
1999-04-01,130.728,136.7
1999-04-02,122.9679,136.9
1999-04-03,125.7142,131.3
1999-04-04,138.2444,130.7
1999-04-05,146.8194,130.3
1999-04-06,143.6416,121.0
1999-04-07,139.9603,122.7
1999-04-08,135.0413,123.8
1999-04-09,128.0804,116.6
1999-04-10,124.492,113.8
1999-04-11,110.6813,110.9
1999-04-12,105.2397,105.8
1999-04-13,104.2912,104.4
1999-04-14,109.6398,101.4
1999-04-15,116.7734,99.3
1999-04-16,121.7231,102.0
1999-04-17,118.3344,103.8
1999-04-18,117.406,105.8
1999-04-19,113.3712,110.0
1999-04-20,104.8646,111.3
1999-04-21,108.0855,123.9
1999-04-22,108.9261,125.3
1999-04-23,113.3362,128.4
1999-04-24,116.2955,137.9
1999-04-25,120.9048,129.2
1999-04-26,116.5375,141.1
1999-04-27,120.5598,143.3
1999-04-28,122.6641,149.5
1999-04-29,135.6858,166.4
1999-04-30,140.5929,175.1
1999-05-01,138.8623,181.7
1999-05-02,143.2185,172.8
1999-05-03,125.8406,162.6
1999-05-04,128.8498,156.3
1999-05-05,126.1607,150.5
1999-05-06,128.0433,147.3
1999-05-07,134.3915,146.8
1999-05-08,136.065,155.6
1999-05-09,135.912,148.6
1999-05-10,130.667,143.8
1999-05-11,115.232,145.8
1999-05-12,118.6676,145.9
1999-05-13,111.4436,143.7
1999-05-14,113.7043,143.7
1999-05-15,118.8848,144.2
1999-05-16,131.7797,140.4
1999-05-17,133.9753,146.8
1999-05-18,130.7104,156.6
1999-05-19,125.8695,159.3
1999-05-20,135.0751,156.2
1999-05-21,139.9117,152.7
1999-05-22,144.3874,161.1
1999-05-23,144.0173,170.1
1999-05-24,144.0236,181.2
1999-05-25,147.1548,178.1
1999-05-26,151.3106,178.5
1999-05-27,146.6658,175.9
1999-05-28,145.4695,168.8
1999-05-29,144.4127,172.9
1999-05-30,147.9732,162.4
1999-05-31,150.3303,161.3
1999-06-01,148.117,170.3
1999-06-02,146.4692,166.0
1999-06-03,142.7184,169.8
1999-06-04,140.7939,173.2
1999-06-05,139.1946,173.0
1999-06-06,140.9076,173.5
1999-06-07,139.2233,163.5
1999-06-08,131.4173,157.6
1999-06-09,145.4527,151.3
1999-06-10,150.1854,151.2
1999-06-11,149.5492,143.3
1999-06-12,149.6892,156.5
1999-06-13,152.4488,150.3
1999-06-14,155.0505,166.9
1999-06-15,152.6174,173.0
1999-06-16,141.6504,191.1
1999-06-17,137.261,207.5
1999-06-18,140.4587,206.1
1999-06-19,146.6118,214.3
1999-06-20,160.8711,203.2
1999-06-21,161.8921,197.7
1999-06-22,168.6628,216.5
1999-06-23,172.2874,202.0
1999-06-24,177.3845,193.4
1999-06-25,179.775,203.5
1999-06-26,175.249,191.9
1999-06-27,175.8127,180.0
1999-06-28,167.4921,173.5
1999-06-29,162.1766,163.7
1999-06-30,164.6866,154.1
1999-07-01,152.5723,155.9
1999-07-02,148.8797,161.5
1999-07-03,155.9372,157.8
1999-07-04,159.433,159.2
1999-07-05,152.4983,148.3
1999-07-06,147.3777,133.9
1999-07-07,142.8254,133.8
1999-07-08,148.6001,136.4
1999-07-09,156.3103,141.3
1999-07-10,163.7673,142.8
1999-07-11,162.5159,145.8
1999-07-12,164.5279,144.1
1999-07-13,159.3172,152.1
1999-07-14,157.7183,157.8
1999-07-15,152.8873,181.6
1999-07-16,152.9295,190.1
1999-07-17,163.113,188.0
1999-07-18,168.2841,177.8
1999-07-19,168.5505,179.9
1999-07-20,164.9,203.9
1999-07-21,161.6332,208.6
1999-07-22,161.629,212.2
1999-07-23,171.9036,206.7
1999-07-24,178.507,222.9
1999-07-25,179.0666,218.8
1999-07-26,170.4632,216.9
1999-07-27,166.4116,206.0
1999-07-28,170.493,182.1
1999-07-29,166.5731,175.3
1999-07-30,169.6884,157.6
1999-07-31,154.8527,141.7
1999-08-01,164.1647,141.9
1999-08-02,161.6163,130.8
1999-08-03,163.4623,131.4
1999-08-04,163.2295,126.4
1999-08-05,149.3341,129.8
1999-08-06,152.2289,131.5
1999-08-07,148.4501,134.5
1999-08-08,144.1926,134.4
1999-08-09,140.2257,136.4
1999-08-10,138.5994,133.9
1999-08-11,151.5111,138.0
1999-08-12,158.8125,155.2
1999-08-13,167.3512,165.0
1999-08-14,171.9189,176.7
1999-08-15,175.3173,191.7
1999-08-16,176.216,206.4
1999-08-17,167.2273,212.9
1999-08-18,160.6998,226.9
1999-08-19,167.6057,227.7
1999-08-20,181.7014,253.4
1999-08-21,190.6416,222.5
1999-08-22,194.2711,201.9
1999-08-23,197.1306,186.1
1999-08-24,190.1766,165.8
1999-08-25,190.5643,159.3
1999-08-26,189.4618,141.7
1999-08-27,182.6453,133.5
1999-08-28,183.74,123.8
1999-08-29,163.4088,120.4
1999-08-30,148.1716,114.1
1999-08-31,139.4271,108.4
1999-09-01,121.6959,108.0
1999-09-02,122.2586,123.7
1999-09-03,119.6886,124.1
1999-09-04,119.8566,142.6
1999-09-05,126.2692,156.5
1999-09-06,142.8802,158.2
1999-09-07,150.1188,156.6
1999-09-08,151.1783,159.9
1999-09-09,154.4229,159.1
1999-09-10,169.0245,153.0
1999-09-11,166.5089,150.6
1999-09-12,179.1098,146.2
1999-09-13,189.3225,147.9
1999-09-14,184.6554,141.5
1999-09-15,179.0014,137.8
1999-09-16,172.6747,132.4
1999-09-17,168.0038,126.1
1999-09-18,163.8474,123.3
1999-09-19,160.2648,124.4
1999-09-20,155.6324,126.5
1999-09-21,152.3156,125.3
1999-09-22,147.614,125.1
1999-09-23,144.8205,121.9
1999-09-24,132.3988,126.6
1999-09-25,124.6678,134.7
1999-09-26,128.2338,144.4
1999-09-27,132.4908,146.2
1999-09-28,138.6979,133.5
1999-09-29,141.1857,129.2
1999-09-30,144.7066,150.9
1999-10-01,148.213,152.8
1999-10-02,157.8949,160.0
1999-10-03,161.3442,166.0
1999-10-04,165.5779,182.9
1999-10-05,165.0709,190.1
1999-10-06,149.9188,198.7
1999-10-07,143.0135,197.1
1999-10-08,151.9303,187.8
1999-10-09,151.7917,176.8
1999-10-10,153.1101,171.4
1999-10-11,153.9314,168.2
1999-10-12,159.4647,157.4
1999-10-13,160.5908,157.0
1999-10-14,150.1969,158.8
1999-10-15,145.0373,162.8
1999-10-16,144.3924,157.1
1999-10-17,135.6925,170.8
1999-10-18,133.4971,187.1
1999-10-19,132.3974,194.8
1999-10-20,133.1778,181.5
1999-10-21,141.3295,177.2
1999-10-22,152.8249,167.0
1999-10-23,161.0363,158.1
1999-10-24,160.2206,148.4
1999-10-25,167.4514,140.6
1999-10-26,176.6477,140.8
1999-10-27,178.9554,145.1
1999-10-28,168.7851,157.8
1999-10-29,155.6916,147.4
1999-10-30,147.2806,170.8
1999-10-31,143.12,188.4
1999-11-01,137.294,225.5
1999-11-02,129.1731,243.6
1999-11-03,133.8539,235.0
1999-11-04,146.2154,227.1
1999-11-05,160.7261,219.1
1999-11-06,158.2928,214.2
1999-11-07,170.6317,201.1
1999-11-08,179.3745,228.2
1999-11-09,194.5016,216.3
1999-11-10,198.7408,212.9
1999-11-11,187.9404,205.1
1999-11-12,178.9385,199.5
1999-11-13,174.3631,205.0
1999-11-14,170.8418,187.2
1999-11-15,160.0727,180.9
1999-11-16,172.2831,181.9
1999-11-17,164.9366,179.0
1999-11-18,166.2757,167.7
1999-11-19,161.2597,164.5
1999-11-20,159.3893,170.1
1999-11-21,160.1655,159.5
1999-11-22,152.05,158.3
1999-11-23,154.0119,160.4
1999-11-24,161.8906,160.9
1999-11-25,165.5637,147.5
1999-11-26,165.8369,143.3
1999-11-27,168.1629,138.6
1999-11-28,166.8533,138.6
1999-11-29,163.0564,148.8
1999-11-30,171.9766,145.6
1999-12-01,179.5324,151.5
1999-12-02,182.6856,159.5
1999-12-03,172.8815,154.3
1999-12-04,169.7215,154.4
1999-12-05,166.5538,161.0
1999-12-06,160.8777,163.1
1999-12-07,166.4078,173.1
1999-12-08,166.1558,187.9
1999-12-09,169.0776,194.4
1999-12-10,175.9565,198.9
1999-12-11,169.3915,200.3
1999-12-12,158.4778,202.4
1999-12-13,160.5241,210.1
1999-12-14,163.3499,195.1
1999-12-15,168.0455,191.9
1999-12-16,176.4289,176.5
1999-12-17,174.2669,172.5
1999-12-18,176.9008,171.2
1999-12-19,178.5379,156.4
1999-12-20,176.0606,145.4
1999-12-21,159.2565,139.0
1999-12-22,149.7125,131.2
1999-12-23,148.8539,125.8
1999-12-24,151.1416,125.6
1999-12-25,155.3749,128.5
1999-12-26,161.3787,128.7
1999-12-27,155.9996,130.3
1999-12-28,154.2165,132.0
1999-12-29,152.0447,140.0
1999-12-30,150.3669,144.8
1999-12-31,155.2713,149.6
2000-01-01,161.3032,155.3
2000-01-02,166.1418,157.8
2000-01-03,153.0719,171.8
2000-01-04,148.7179,189.3
2000-01-05,152.2644,195.4
2000-01-06,166.3449,194.7
2000-01-07,170.3726,203.9
2000-01-08,170.0493,201.0
2000-01-09,172.6387,190.1
2000-01-10,177.4548,188.4
2000-01-11,183.9428,172.9
2000-01-12,185.949,165.3
2000-01-13,181.1917,154.3
2000-01-14,172.3302,145.8
2000-01-15,165.9358,136.1
2000-01-16,159.6733,136.3
2000-01-17,145.7792,133.1
2000-01-18,148.1202,136.4
2000-01-19,144.3661,128.4
2000-01-20,144.4531,131.0
2000-01-21,141.7015,123.9
2000-01-22,144.0507,128.7
2000-01-23,143.4908,134.5
2000-01-24,148.5447,134.1
2000-01-25,137.2233,140.2
2000-01-26,140.111,149.7
2000-01-27,145.0406,162.7
2000-01-28,153.8503,163.1
2000-01-29,154.0875,172.8
2000-01-30,159.6622,177.0
2000-01-31,159.7266,169.0
2000-02-01,162.5597,170.8
2000-02-02,169.5954,171.1
2000-02-03,174.3154,165.8
2000-02-04,178.8746,159.1
2000-02-05,174.7642,155.9
2000-02-06,176.2944,154.7
2000-02-07,169.3962,152.2
2000-02-08,160.081,156.3
2000-02-09,155.4634,153.4
2000-02-10,149.9627,137.8
2000-02-11,147.5786,141.5
2000-02-12,143.8153,149.9
2000-02-13,143.391,148.7
2000-02-14,140.0813,168.6
2000-02-15,139.3378,181.2
2000-02-16,142.4234,188.3
2000-02-17,144.2922,206.2
2000-02-18,137.944,210.6
2000-02-19,144.4705,222.9
2000-02-20,152.0432,214.7
2000-02-21,152.4663,215.1
2000-02-22,167.216,228.7
2000-02-23,177.713,209.6
2000-02-24,183.9129,200.4
2000-02-25,191.6457,197.0
2000-02-26,191.8876,216.8
2000-02-27,195.5103,219.1
2000-02-28,188.4573,218.5
2000-02-29,177.1312,211.8
2000-03-01,180.4798,203.0
2000-03-02,169.9197,200.7
2000-03-03,160.5072,200.6
2000-03-04,158.6579,200.8
2000-03-05,170.2669,186.0
2000-03-06,172.7571,180.6
2000-03-07,174.7125,175.9
2000-03-08,177.7219,182.5
2000-03-09,179.4648,190.6
2000-03-10,179.7623,193.0
2000-03-11,178.3747,206.5
2000-03-12,177.4398,208.7
2000-03-13,174.4124,228.9
2000-03-14,177.0889,232.2
2000-03-15,178.6503,222.7
2000-03-16,179.0174,217.7
2000-03-17,185.9405,204.1
2000-03-18,192.3673,210.4
2000-03-19,196.4918,204.1
2000-03-20,193.8158,200.3
2000-03-21,197.3681,208.3
2000-03-22,196.9834,205.1
2000-03-23,195.1574,225.1
2000-03-24,193.0423,222.7
2000-03-25,186.6797,219.3
2000-03-26,184.4427,215.5
2000-03-27,179.8176,206.9
2000-03-28,178.6347,194.7
2000-03-29,187.078,178.1
2000-03-30,189.4734,175.4
2000-03-31,194.5908,182.5
2000-04-01,195.2739,176.9
2000-04-02,189.4248,178.6
2000-04-03,182.092,182.4
2000-04-04,181.2242,173.9
2000-04-05,179.5908,165.0
2000-04-06,178.654,166.3
2000-04-07,179.4902,164.9
2000-04-08,186.1189,160.2
2000-04-09,186.997,159.2
2000-04-10,190.5714,161.8
2000-04-11,201.236,169.2
2000-04-12,189.3271,182.4
2000-04-13,180.9794,189.2
2000-04-14,180.1759,204.1
2000-04-15,177.3795,208.4
2000-04-16,175.0718,208.1
2000-04-17,171.8562,205.1
2000-04-18,176.4604,192.4
2000-04-19,183.7976,186.0
2000-04-20,194.0991,186.0
2000-04-21,197.8924,177.5
2000-04-22,204.5271,172.0
2000-04-23,205.2089,160.1
2000-04-24,193.9348,155.3
2000-04-25,170.4753,139.6
2000-04-26,155.5748,136.8
2000-04-27,150.9479,132.1
2000-04-28,152.8417,129.1
2000-04-29,157.4381,133.4
2000-04-30,159.6485,139.6
2000-05-01,157.2684,152.5
2000-05-02,156.0978,163.0
2000-05-03,149.9039,181.3
2000-05-04,160.1405,191.0
2000-05-05,162.3536,222.0
2000-05-06,162.4708,237.6
2000-05-07,168.9048,244.6
2000-05-08,177.2402,264.5
2000-05-09,190.3689,268.1
2000-05-10,197.0954,258.8
2000-05-11,208.9321,260.4
2000-05-12,208.2437,251.6
2000-05-13,213.1838,238.0
2000-05-14,216.0748,220.3
2000-05-15,215.682,209.5
2000-05-16,217.9472,194.3
2000-05-17,210.9332,177.4
2000-05-18,198.4492,172.4
2000-05-19,193.7051,166.2
2000-05-20,176.4494,160.2
2000-05-21,173.3544,153.1
2000-05-22,161.2638,150.5
2000-05-23,157.4656,158.7
2000-05-24,160.68,152.3
2000-05-25,165.3684,155.3
2000-05-26,170.7999,170.7
2000-05-27,173.7177,174.7
2000-05-28,170.9813,176.1
2000-05-29,170.0667,186.9
2000-05-30,172.0593,185.8
2000-05-31,172.0507,179.9
2000-06-01,181.4637,174.1
2000-06-02,183.9597,185.1
2000-06-03,191.3811,192.6
2000-06-04,195.0157,198.7
2000-06-05,191.1598,205.5
2000-06-06,198.4924,206.9
2000-06-07,199.823,208.9
2000-06-08,192.8834,203.8
2000-06-09,181.6444,199.4
2000-06-10,183.4198,193.7
2000-06-11,190.2661,184.2
2000-06-12,188.9445,189.7
2000-06-13,187.8138,194.2
2000-06-14,184.1836,185.6
2000-06-15,182.3793,181.0
2000-06-16,174.6112,173.9
2000-06-17,174.3195,180.9
2000-06-18,173.4362,183.4
2000-06-19,161.8045,184.6
2000-06-20,164.8598,181.2
2000-06-21,174.0472,168.8
2000-06-22,174.2794,165.0
2000-06-23,172.3776,169.2
2000-06-24,167.7671,167.9
2000-06-25,179.3776,161.5
2000-06-26,186.7378,163.7
2000-06-27,191.9782,174.4
2000-06-28,191.5632,180.1
2000-06-29,184.8138,193.5
2000-06-30,181.198,217.1
2000-07-01,182.3913,218.4
2000-07-02,180.3672,238.9
2000-07-03,173.6952,249.7
2000-07-04,174.0417,258.7
2000-07-05,176.213,239.6
2000-07-06,181.3765,210.6
2000-07-07,187.5165,220.1
2000-07-08,197.5738,226.1
2000-07-09,195.6036,235.8
2000-07-10,202.5827,270.5
2000-07-11,204.016,258.0
2000-07-12,200.188,261.1
2000-07-13,187.7523,259.0
2000-07-14,175.5999,259.0
2000-07-15,186.3823,224.3
2000-07-16,185.9242,232.0
2000-07-17,198.1618,208.2
2000-07-18,214.7038,180.1
2000-07-19,211.0993,167.4
2000-07-20,208.4198,162.7
2000-07-21,208.2917,157.9
2000-07-22,204.5522,154.5
2000-07-23,191.316,152.4
2000-07-24,195.9808,153.9
2000-07-25,185.6827,155.1
2000-07-26,178.5714,158.8
2000-07-27,174.3058,158.7
2000-07-28,176.1983,163.2
2000-07-29,181.5881,170.8
2000-07-30,181.3889,171.6
2000-07-31,184.6523,175.6
2000-08-01,188.7747,187.2
2000-08-02,193.2349,185.9
2000-08-03,200.2945,192.3
2000-08-04,201.283,194.3
2000-08-05,200.861,190.9
2000-08-06,199.6492,194.3
2000-08-07,190.204,198.9
2000-08-08,188.3608,190.3
2000-08-09,187.5629,181.5
2000-08-10,187.4812,173.6
2000-08-11,186.8194,160.8
2000-08-12,185.8231,156.0
2000-08-13,181.7684,154.9
2000-08-14,180.9621,147.5
2000-08-15,180.9044,139.9
2000-08-16,174.2842,133.5
2000-08-17,158.0969,136.0
2000-08-18,147.1924,139.9
2000-08-19,148.9839,153.2
2000-08-20,156.0221,163.2
2000-08-21,163.5044,166.5
2000-08-22,158.4612,167.9
2000-08-23,162.3065,165.9
2000-08-24,164.3233,160.5
2000-08-25,171.7357,156.7
2000-08-26,178.5084,156.7
2000-08-27,189.8615,173.6
2000-08-28,194.5025,183.1
2000-08-29,193.7279,181.5
2000-08-30,187.3097,175.8
2000-08-31,181.6275,165.7
2000-09-01,169.0118,153.0
2000-09-02,165.2631,142.5
2000-09-03,165.7229,136.7
2000-09-04,165.7307,134.2
2000-09-05,163.6365,134.8
2000-09-06,160.2711,152.5
2000-09-07,156.8222,161.1
2000-09-08,154.0279,176.4
2000-09-09,147.6417,183.2
2000-09-10,143.1584,205.7
2000-09-11,145.7056,208.8
2000-09-12,146.5996,213.1
2000-09-13,153.4099,226.7
2000-09-14,167.3231,233.8
2000-09-15,178.3715,226.7
2000-09-16,192.9674,225.8
2000-09-17,201.7546,226.8
2000-09-18,213.672,224.7
2000-09-19,212.2217,205.5
2000-09-20,213.4479,203.0
2000-09-21,215.7951,192.6
2000-09-22,203.8642,194.0
2000-09-23,193.4236,201.9
2000-09-24,188.2919,202.9
2000-09-25,182.6118,192.1
2000-09-26,176.3374,184.1
2000-09-27,168.8354,173.7
2000-09-28,167.9941,157.9
2000-09-29,168.9927,155.3
2000-09-30,172.2958,148.6
2000-10-01,166.194,140.4
2000-10-02,178.3346,139.1
2000-10-03,177.8841,150.8
2000-10-04,175.1058,161.9
2000-10-05,173.1985,167.2
2000-10-06,153.9273,162.3
2000-10-07,151.5223,160.1
2000-10-08,160.5922,159.8
2000-10-09,166.6781,153.0
2000-10-10,168.3071,149.9
2000-10-11,176.6005,156.5
2000-10-12,183.2974,159.3
2000-10-13,179.1782,156.5
2000-10-14,171.089,158.6
2000-10-15,169.5217,164.8
2000-10-16,171.468,157.5
2000-10-17,169.0153,162.0
2000-10-18,168.8474,168.9
2000-10-19,172.2048,173.7
2000-10-20,175.0636,179.7
2000-10-21,158.174,184.5
2000-10-22,150.4696,191.0
2000-10-23,158.3487,190.5
2000-10-24,152.7445,201.2
2000-10-25,163.8048,193.2
2000-10-26,172.2194,195.5
2000-10-27,178.3787,191.4
2000-10-28,184.6244,183.1
2000-10-29,183.8505,174.9
2000-10-30,180.8705,176.6
2000-10-31,179.6007,169.5
2000-11-01,178.1207,163.0
2000-11-02,167.9743,150.4
2000-11-03,162.6588,146.6
2000-11-04,157.5874,143.6
2000-11-05,154.6343,140.6
2000-11-06,155.5082,145.4
2000-11-07,159.5042,143.2
2000-11-08,158.4834,150.7
2000-11-09,153.5198,159.6
2000-11-10,150.5509,172.9
2000-11-11,152.7342,170.7
2000-11-12,152.0255,169.6
2000-11-13,155.694,180.9
2000-11-14,167.4934,190.1
2000-11-15,168.0041,200.1
2000-11-16,173.6674,194.0
2000-11-17,177.0575,194.6
2000-11-18,185.3185,197.0
2000-11-19,183.7866,186.6
2000-11-20,181.4048,190.3
2000-11-21,184.016,183.2
2000-11-22,182.2392,187.0
2000-11-23,180.4266,179.3
2000-11-24,176.793,162.3
2000-11-25,173.0569,158.9
2000-11-26,165.693,147.6
2000-11-27,160.902,142.7
2000-11-28,164.4068,136.9
2000-11-29,168.0888,139.9
2000-11-30,167.3654,134.1
2000-12-01,155.0756,130.7
2000-12-02,146.1513,142.1
2000-12-03,148.3902,139.2
2000-12-04,147.8575,145.2
2000-12-05,153.945,159.5
2000-12-06,154.5078,176.5
2000-12-07,157.1848,181.9
2000-12-08,160.2341,184.4
2000-12-09,167.7585,190.4
2000-12-10,184.0224,191.6
2000-12-11,178.9981,192.2
2000-12-12,178.4898,194.8
2000-12-13,185.0959,188.2
2000-12-14,187.8917,183.8
2000-12-15,191.906,184.7
2000-12-16,185.5554,186.7
2000-12-17,182.1233,180.9
2000-12-18,179.5361,182.6
2000-12-19,178.752,181.4
2000-12-20,174.8423,179.3
2000-12-21,172.3102,175.5
2000-12-22,165.004,176.1
2000-12-23,159.182,163.9
2000-12-24,158.0478,165.3
2000-12-25,150.4634,170.2
2000-12-26,153.7266,164.2
2000-12-27,157.4129,168.8
2000-12-28,162.04,170.5
2000-12-29,164.719,173.4
2000-12-30,171.3044,170.9
2000-12-31,155.5152,161.5
2001-01-01,164.0351,160.8
2001-01-02,173.6634,157.4
2001-01-03,176.9029,160.5
2001-01-04,177.7734,172.5
2001-01-05,179.2278,178.3
2001-01-06,175.0366,170.6
2001-01-07,172.6876,163.8
2001-01-08,163.7382,156.6
2001-01-09,161.558,147.0
2001-01-10,157.2495,146.6
2001-01-11,156.7525,147.7
2001-01-12,154.0071,148.3
2001-01-13,155.5138,146.7
2001-01-14,159.6634,157.1
2001-01-15,159.1547,162.0
2001-01-16,158.2076,167.2
2001-01-17,153.6143,163.4
2001-01-18,161.0077,160.5
2001-01-19,167.1018,161.8
2001-01-20,172.0972,162.6
2001-01-21,169.4286,160.5
2001-01-22,173.4806,154.9
2001-01-23,171.6634,148.8
2001-01-24,169.3546,156.2
2001-01-25,163.489,161.6
2001-01-26,158.394,159.0
2001-01-27,157.0205,144.0
2001-01-28,151.8654,160.7
2001-01-29,155.0519,165.3
2001-01-30,155.7519,159.6
2001-01-31,155.6921,152.3
2001-02-01,160.8307,158.1
2001-02-02,167.5363,156.5
2001-02-03,166.7321,147.4
2001-02-04,155.6807,140.9
2001-02-05,165.3118,137.8
2001-02-06,168.1725,134.6
2001-02-07,162.3369,131.8
2001-02-08,146.2094,126.5
2001-02-09,151.5199,126.8
2001-02-10,155.0547,129.0
2001-02-11,154.1951,134.0
2001-02-12,149.764,142.3
2001-02-13,148.7285,140.5
2001-02-14,145.7963,142.7
2001-02-15,144.5356,142.2
2001-02-16,140.222,134.6
2001-02-17,141.7383,132.2
2001-02-18,149.2133,132.8
2001-02-19,150.8731,128.1
2001-02-20,154.6748,129.4
2001-02-21,149.9109,129.0
2001-02-22,151.9285,127.4
2001-02-23,151.8467,137.3
2001-02-24,138.8377,138.7
2001-02-25,137.2246,153.4
2001-02-26,135.6152,155.4
2001-02-27,134.3487,174.0
2001-02-28,140.3726,164.8
2001-03-01,140.2074,159.2
2001-03-02,147.4092,158.0
2001-03-03,152.3948,155.8
2001-03-04,141.8095,155.7
2001-03-05,146.16,145.6
2001-03-06,145.7454,140.7
2001-03-07,154.9574,134.7
2001-03-08,148.0392,138.5
2001-03-09,149.6317,132.9
2001-03-10,146.8402,138.5
2001-03-11,148.0129,145.7
2001-03-12,147.6197,152.1
2001-03-13,140.3124,158.2
2001-03-14,133.6545,181.8
2001-03-15,124.7313,178.9
2001-03-16,130.2358,217.5
2001-03-17,135.7215,215.7
2001-03-18,138.9969,262.6
2001-03-19,149.2679,272.4
2001-03-20,156.3668,272.6
2001-03-21,161.5086,261.0
2001-03-22,172.9064,256.3
2001-03-23,175.88,245.3
2001-03-24,192.0859,257.2
2001-03-25,189.9782,236.7
2001-03-26,199.0887,223.1
2001-03-27,197.2705,205.0
2001-03-28,189.0669,207.8
2001-03-29,180.097,198.0
2001-03-30,168.3247,180.0
2001-03-31,159.4348,169.7
2001-04-01,162.8581,165.4
2001-04-02,158.6386,170.4
2001-04-03,164.7315,160.3
2001-04-04,166.1455,149.8
2001-04-05,170.6306,137.8
2001-04-06,171.3933,139.6
2001-04-07,164.1334,135.1
2001-04-08,159.9654,124.3
2001-04-09,159.8749,127.1
2001-04-10,169.5929,133.0
2001-04-11,167.4702,145.8
2001-04-12,160.6429,182.2
2001-04-13,168.3098,193.0
2001-04-14,177.455,194.6
2001-04-15,180.1406,198.6
2001-04-16,177.594,195.8
2001-04-17,178.8043,196.3
2001-04-18,189.4662,198.7
2001-04-19,195.1356,193.3
2001-04-20,208.6498,190.4
2001-04-21,207.0612,194.5
2001-04-22,194.6375,190.7
2001-04-23,187.633,187.4
2001-04-24,175.6169,179.0
2001-04-25,158.9232,175.1
2001-04-26,161.6367,178.6
2001-04-27,157.898,163.5
2001-04-28,156.0118,157.8
2001-04-29,159.1271,140.9
2001-04-30,158.0527,131.1
2001-05-01,158.4119,131.9
2001-05-02,151.8552,133.0
2001-05-03,146.1233,139.4
2001-05-04,147.6379,141.0
2001-05-05,144.0544,141.9
2001-05-06,149.0129,141.2
2001-05-07,153.3905,145.2
2001-05-08,154.0426,140.9
2001-05-09,163.6836,150.8
2001-05-10,173.1,141.5
2001-05-11,184.2812,144.6
2001-05-12,185.8534,144.9
2001-05-13,183.8124,153.8
2001-05-14,173.677,155.8
2001-05-15,173.0013,162.8
2001-05-16,170.3359,174.7
2001-05-17,174.8526,166.1
2001-05-18,169.2129,151.3
2001-05-19,171.5953,150.8
2001-05-20,169.1848,146.9
2001-05-21,168.7126,142.3
2001-05-22,158.0358,136.0
2001-05-23,154.1097,136.6
2001-05-24,151.8305,136.8
2001-05-25,142.9521,137.8
2001-05-26,132.521,149.5
2001-05-27,130.5732,158.3
2001-05-28,128.777,158.0
2001-05-29,130.7269,162.4
2001-05-30,133.5186,169.8
2001-05-31,140.4978,185.7
2001-06-01,145.8522,182.4
2001-06-02,151.8275,168.0
2001-06-03,160.0886,167.4
2001-06-04,165.6184,171.6
2001-06-05,168.6056,187.1
2001-06-06,172.1875,200.9
2001-06-07,179.273,203.2
2001-06-08,188.0972,214.3
2001-06-09,183.434,211.2
2001-06-10,171.9949,205.7
2001-06-11,174.2971,201.7
2001-06-12,182.7831,205.0
2001-06-13,195.7767,206.9
2001-06-14,198.7783,206.8
2001-06-15,190.4165,213.0
2001-06-16,187.89,201.3
2001-06-17,179.3639,188.4
2001-06-18,176.3404,173.5
2001-06-19,163.6201,152.8
2001-06-20,167.3053,144.9
2001-06-21,173.4997,144.6
2001-06-22,176.1089,141.2
2001-06-23,180.7933,140.0
2001-06-24,176.7652,138.8
2001-06-25,168.4875,136.3
2001-06-26,154.4413,131.3
2001-06-27,152.5213,123.6
2001-06-28,157.326,120.3
2001-06-29,168.4972,121.8
2001-06-30,175.2866,130.5
2001-07-01,180.8005,134.4
2001-07-02,181.2661,134.3
2001-07-03,175.0359,136.3
2001-07-04,170.4323,138.3
2001-07-05,162.876,137.7
2001-07-06,163.8821,145.4
2001-07-07,158.7889,146.8
2001-07-08,161.1727,154.7
2001-07-09,157.3595,150.4
2001-07-10,159.2992,147.7
2001-07-11,156.6634,146.9
2001-07-12,156.7067,147.2
2001-07-13,153.3035,143.5
2001-07-14,149.5445,144.9
2001-07-15,146.8472,147.8
2001-07-16,152.0963,136.7
2001-07-17,144.631,137.5
2001-07-18,140.4726,127.2
2001-07-19,135.8879,125.1
2001-07-20,133.19,119.0
2001-07-21,128.8517,120.5
2001-07-22,134.3368,118.0
2001-07-23,145.462,120.3
2001-07-24,137.3232,123.8
2001-07-25,142.4406,124.3
2001-07-26,142.459,135.5
2001-07-27,146.0,152.7
2001-07-28,147.0852,160.5
2001-07-29,151.8887,168.3
2001-07-30,153.98,171.0
2001-07-31,156.9581,171.5
2001-08-01,161.4852,167.8
2001-08-02,161.7638,164.7
2001-08-03,161.5254,169.5
2001-08-04,159.6058,164.0
2001-08-05,160.7233,155.5
2001-08-06,161.4246,151.1
2001-08-07,159.2998,150.5
2001-08-08,155.7932,146.2
2001-08-09,149.3046,148.4
2001-08-10,148.8464,159.9
2001-08-11,152.3093,161.3
2001-08-12,144.1932,159.8
2001-08-13,138.4986,163.9
2001-08-14,142.5532,165.2
2001-08-15,149.4074,173.4
2001-08-16,154.1245,178.7
2001-08-17,165.4287,191.6
2001-08-18,175.6337,193.8
2001-08-19,175.8167,195.9
2001-08-20,173.7202,203.1
2001-08-21,178.3696,200.9
2001-08-22,180.5494,203.0
2001-08-23,183.484,192.2
2001-08-24,183.2562,187.4
2001-08-25,187.9178,185.7
2001-08-26,184.7918,202.1
2001-08-27,182.7279,222.1
2001-08-28,185.2994,221.8
2001-08-29,181.588,225.6
2001-08-30,177.47,229.5
2001-08-31,170.6358,253.1
2001-09-01,158.0252,239.5
2001-09-02,156.3422,247.8
2001-09-03,162.2014,252.9
2001-09-04,173.8489,238.1
2001-09-05,174.9056,242.6
2001-09-06,175.9913,239.3
2001-09-07,176.8272,221.7
2001-09-08,187.0979,209.3
2001-09-09,179.4198,201.1
2001-09-10,171.1262,205.7
2001-09-11,178.5991,200.6
2001-09-12,179.8461,228.7
2001-09-13,186.2999,240.5
2001-09-14,186.8735,257.0
2001-09-15,181.7171,260.2
2001-09-16,178.2974,281.0
2001-09-17,179.4962,276.6
2001-09-18,190.2267,284.0
2001-09-19,193.5986,270.6
2001-09-20,206.4141,285.5
2001-09-21,216.8716,240.2
2001-09-22,222.9632,236.3
2001-09-23,225.1985,216.9
2001-09-24,228.8776,201.1
2001-09-25,226.2384,191.8
2001-09-26,224.8445,186.5
2001-09-27,215.9803,176.8
2001-09-28,215.9238,180.2
2001-09-29,197.882,172.4
2001-09-30,192.7145,170.8
2001-10-01,180.1231,175.9
2001-10-02,169.8729,178.1
2001-10-03,170.7792,174.1
2001-10-04,175.7436,178.5
2001-10-05,180.8279,178.6
2001-10-06,189.8394,190.8
2001-10-07,190.5576,191.7
2001-10-08,191.2476,205.8
2001-10-09,202.7176,215.8
2001-10-10,210.381,226.9
2001-10-11,204.3663,245.6
2001-10-12,201.1325,242.5
2001-10-13,194.7049,222.0
2001-10-14,199.9698,230.4
2001-10-15,193.1498,224.1
2001-10-16,202.4238,236.0
2001-10-17,207.0099,236.1
2001-10-18,209.5245,233.6
2001-10-19,209.6676,243.4
2001-10-20,200.0601,224.2
2001-10-21,183.2374,212.8
2001-10-22,177.4361,222.7
2001-10-23,171.8758,217.8
2001-10-24,173.1646,232.0
2001-10-25,184.0504,210.1
2001-10-26,190.2682,212.5
2001-10-27,199.9234,223.5
2001-10-28,193.198,230.6
2001-10-29,184.2228,233.2
2001-10-30,189.5261,226.0
2001-10-31,186.7805,243.1
2001-11-01,204.709,265.6
2001-11-02,198.3376,241.0
2001-11-03,205.3063,229.3
2001-11-04,213.2308,222.6
2001-11-05,218.141,226.8
2001-11-06,222.3528,212.6
2001-11-07,220.7352,202.4
2001-11-08,230.1377,197.6
2001-11-09,231.9933,194.0
2001-11-10,219.8069,183.8
2001-11-11,213.0482,186.8
2001-11-12,209.3236,180.6
2001-11-13,209.1274,179.7
2001-11-14,205.4462,185.3
2001-11-15,195.9121,172.9
2001-11-16,191.2106,168.6
2001-11-17,186.1266,165.6
2001-11-18,188.7147,170.3
2001-11-19,189.8418,185.3
2001-11-20,182.9466,193.1
2001-11-21,188.751,210.5
2001-11-22,197.945,219.6
2001-11-23,191.6202,215.1
2001-11-24,189.5052,238.1
2001-11-25,194.4221,228.3
2001-11-26,201.5635,226.6
2001-11-27,213.1436,230.1
2001-11-28,213.9534,239.5
2001-11-29,217.4982,219.3
2001-11-30,220.0359,213.9
2001-12-01,213.9936,217.5
2001-12-02,215.2456,212.3
2001-12-03,207.4058,213.9
2001-12-04,206.3312,215.7
2001-12-05,207.3624,213.4
2001-12-06,202.5282,209.9
2001-12-07,190.502,211.0
2001-12-08,187.8204,202.5
2001-12-09,193.489,199.0
2001-12-10,188.6162,205.0
2001-12-11,190.8345,201.6
2001-12-12,188.276,214.0
2001-12-13,189.182,226.7
2001-12-14,188.488,234.9
2001-12-15,193.782,246.3
2001-12-16,193.9152,265.5
2001-12-17,191.8927,250.3
2001-12-18,197.432,259.0
2001-12-19,198.8328,265.6
2001-12-20,213.1825,254.6
2001-12-21,226.9088,255.7
2001-12-22,235.0619,238.5
2001-12-23,239.1532,237.5
2001-12-24,242.2043,224.5
2001-12-25,224.0918,223.5
2001-12-26,223.4838,213.0
2001-12-27,221.7934,211.0
2001-12-28,216.3963,205.2
2001-12-29,214.6256,190.1
2001-12-30,205.8408,182.4
2001-12-31,204.0405,192.6
2002-01-01,194.8727,216.2
2002-01-02,197.7332,217.3
2002-01-03,193.9544,221.4
2002-01-04,194.2105,225.7
2002-01-05,194.7221,232.9
2002-01-06,189.7483,221.6
2002-01-07,190.0564,211.2
2002-01-08,213.3745,209.1
2002-01-09,237.3331,205.0
2002-01-10,238.0047,203.8
2002-01-11,231.7634,206.9
2002-01-12,222.5433,215.2
2002-01-13,226.0791,217.5
2002-01-14,217.9378,221.5
2002-01-15,211.3084,219.4
2002-01-16,202.9669,223.6
2002-01-17,213.76,227.6
2002-01-18,219.0239,248.7
2002-01-19,218.5159,240.5
2002-01-20,218.2044,252.0
2002-01-21,209.6992,253.2
2002-01-22,190.7738,248.8
2002-01-23,188.2043,235.5
2002-01-24,189.049,238.5
2002-01-25,199.4347,233.7
2002-01-26,208.8427,226.3
2002-01-27,215.936,228.1
2002-01-28,225.1317,214.5
2002-01-29,227.2958,196.9
2002-01-30,221.9572,186.6
2002-01-31,223.2296,186.4
2002-02-01,220.6686,194.1
2002-02-02,224.7065,210.9
2002-02-03,225.2431,196.6
2002-02-04,232.14,203.1
2002-02-05,231.2546,198.5
2002-02-06,225.4362,191.3
2002-02-07,221.4514,190.3
2002-02-08,227.7672,188.9
2002-02-09,235.4898,192.0
2002-02-10,245.4102,188.4
2002-02-11,235.1808,185.1
2002-02-12,233.084,189.1
2002-02-13,215.224,196.7
2002-02-14,208.8544,187.9
2002-02-15,205.4506,184.2
2002-02-16,208.9899,188.9
2002-02-17,207.7168,206.4
2002-02-18,193.1302,203.5
2002-02-19,192.1283,194.9
2002-02-20,196.0473,200.4
2002-02-21,200.1698,184.3
2002-02-22,194.3389,187.6
2002-02-23,190.8974,179.6
2002-02-24,190.7396,172.0
2002-02-25,200.0629,169.4
2002-02-26,195.9504,175.0
2002-02-27,182.7688,177.0
2002-02-28,185.4327,174.2
2002-03-01,187.2924,181.2
2002-03-02,190.8311,176.9
2002-03-03,191.0988,180.0
2002-03-04,193.6608,176.2
2002-03-05,199.8085,182.1
2002-03-06,211.0335,178.6
2002-03-07,215.1796,174.9
2002-03-08,215.167,182.7
2002-03-09,223.2097,182.7
2002-03-10,223.1242,176.5
2002-03-11,228.1899,173.3
2002-03-12,224.391,186.3
2002-03-13,224.1152,172.8
2002-03-14,216.3076,170.4
2002-03-15,211.0898,169.4
2002-03-16,214.7242,174.3
2002-03-17,201.3422,169.1
2002-03-18,190.688,164.9
2002-03-19,185.4438,168.4
2002-03-20,197.8198,175.6
2002-03-21,186.3436,180.8
2002-03-22,176.2382,188.2
2002-03-23,173.7785,204.0
2002-03-24,173.125,206.7
2002-03-25,164.0335,205.9
2002-03-26,162.1098,209.4
2002-03-27,170.6405,216.3
2002-03-28,182.755,217.6
2002-03-29,190.1536,206.7
2002-03-30,195.3311,208.4
2002-03-31,207.2211,206.8
2002-04-01,207.1426,205.8
2002-04-02,200.7164,195.1
2002-04-03,201.7408,198.3
2002-04-04,206.6989,213.0
2002-04-05,208.3798,227.3
2002-04-06,199.4068,211.6
2002-04-07,195.5751,204.7
2002-04-08,193.8572,197.2
2002-04-09,189.799,195.0
2002-04-10,181.0908,189.8
2002-04-11,182.7052,181.4
2002-04-12,187.1866,179.0
2002-04-13,191.0174,175.1
2002-04-14,181.988,171.7
2002-04-15,171.4211,177.2
2002-04-16,163.5912,178.9
2002-04-17,158.7537,169.3
2002-04-18,161.5203,164.7
2002-04-19,165.1886,159.0
2002-04-20,171.1849,149.2
2002-04-21,181.9822,155.2
2002-04-22,189.4222,155.6
2002-04-23,197.3899,164.9
2002-04-24,202.1666,171.7
2002-04-25,191.166,182.0
2002-04-26,189.1646,192.7
2002-04-27,180.5044,183.2
2002-04-28,175.754,194.3
2002-04-29,194.6521,190.3
2002-04-30,196.7138,190.2
2002-05-01,201.3646,193.7
2002-05-02,199.6686,194.8
2002-05-03,197.3009,191.8
2002-05-04,197.2767,187.1
2002-05-05,187.2874,175.6
2002-05-06,192.7672,164.2
2002-05-07,195.8639,162.7
2002-05-08,196.7986,162.0
2002-05-09,195.6813,160.7
2002-05-10,194.9136,166.8
2002-05-11,192.747,175.0
2002-05-12,188.6392,175.4
2002-05-13,180.9948,190.4
2002-05-14,170.5609,185.6
2002-05-15,172.3037,184.8
2002-05-16,179.2724,193.9
2002-05-17,182.092,187.4
2002-05-18,184.4581,188.0
2002-05-19,188.9391,191.6
2002-05-20,187.478,191.4
2002-05-21,192.8093,189.8
2002-05-22,189.6961,185.1
2002-05-23,187.4436,187.0
2002-05-24,186.0452,183.9
2002-05-25,178.6461,180.0
2002-05-26,179.9157,175.4
2002-05-27,176.5715,174.7
2002-05-28,174.621,163.7
2002-05-29,173.8241,159.1
2002-05-30,171.4384,163.1
2002-05-31,172.8556,159.9
2002-06-01,166.8005,161.9
2002-06-02,164.0502,156.2
2002-06-03,162.3193,152.4
2002-06-04,163.2568,146.2
2002-06-05,159.5976,137.6
2002-06-06,156.115,135.6
2002-06-07,172.6516,139.7
2002-06-08,179.6432,141.0
2002-06-09,184.8021,147.5
2002-06-10,179.4635,147.5
2002-06-11,173.1419,150.5
2002-06-12,168.9464,149.8
2002-06-13,164.6695,144.2
2002-06-14,170.4137,146.6
2002-06-15,176.329,147.5
2002-06-16,174.8909,155.3
2002-06-17,178.5381,149.5
2002-06-18,178.4095,148.6
2002-06-19,178.7423,143.2
2002-06-20,178.9201,141.9
2002-06-21,173.8576,147.5
2002-06-22,170.4649,151.4
2002-06-23,170.5138,152.3
2002-06-24,173.1858,153.5
2002-06-25,167.1138,152.4
2002-06-26,165.4909,151.3
2002-06-27,159.485,143.5
2002-06-28,158.7983,138.0
2002-06-29,163.6843,141.5
2002-06-30,164.9419,135.3
2002-07-01,162.8314,140.9
2002-07-02,160.5727,133.1
2002-07-03,154.5366,135.9
2002-07-04,150.0516,137.7
2002-07-05,147.6456,139.4
2002-07-06,143.1471,148.6
2002-07-07,144.9378,164.8
2002-07-08,143.8602,177.2
2002-07-09,155.285,185.9
2002-07-10,151.9511,186.6
2002-07-11,156.6768,188.3
2002-07-12,161.6375,190.7
2002-07-13,154.7963,188.7
2002-07-14,153.9712,195.8
2002-07-15,163.5304,204.6
2002-07-16,171.2307,215.0
2002-07-17,171.2046,224.5
2002-07-18,168.0497,240.4
2002-07-19,162.9018,238.0
2002-07-20,151.1098,246.2
2002-07-21,150.1402,241.1
2002-07-22,154.1105,234.1
2002-07-23,162.5729,214.8
2002-07-24,160.7655,198.3
2002-07-25,161.7639,185.7
2002-07-26,162.5428,172.7
2002-07-27,166.5549,155.3
2002-07-28,174.005,146.0
2002-07-29,177.1689,148.8
2002-07-30,172.3508,140.1
2002-07-31,167.219,138.3
2002-08-01,159.4868,144.0
2002-08-02,154.8101,152.4
2002-08-03,156.3294,176.9
2002-08-04,153.8207,188.8
2002-08-05,153.763,196.8
2002-08-06,167.0572,213.5
2002-08-07,169.9458,215.7
2002-08-08,175.7838,219.1
2002-08-09,182.5117,232.3
2002-08-10,190.0794,246.9
2002-08-11,201.51,242.6
2002-08-12,207.5983,232.8
2002-08-13,208.9384,225.0
2002-08-14,214.7265,225.1
2002-08-15,205.6937,229.5
2002-08-16,197.5579,199.8
2002-08-17,193.4908,182.4
2002-08-18,187.3967,172.2
2002-08-19,183.1672,164.7
2002-08-20,176.8715,166.4
2002-08-21,170.7139,172.6
2002-08-22,163.4687,176.9
2002-08-23,166.4013,183.7
2002-08-24,153.1997,183.8
2002-08-25,142.8477,176.9
2002-08-26,140.2022,174.4
2002-08-27,147.1574,174.2
2002-08-28,153.1402,178.1
2002-08-29,174.6258,180.9
2002-08-30,182.0658,185.6
2002-08-31,188.8535,194.4
2002-09-01,194.2966,209.0
2002-09-02,190.1132,223.5
2002-09-03,190.9351,219.0
2002-09-04,192.3124,215.1
2002-09-05,191.3935,208.6
2002-09-06,191.1144,209.2
2002-09-07,198.2264,189.9
2002-09-08,202.578,184.5
2002-09-09,208.9136,195.9
2002-09-10,214.0013,178.4
2002-09-11,200.9241,166.7
2002-09-12,182.5462,165.8
2002-09-13,170.4115,159.8
2002-09-14,176.5936,161.1
2002-09-15,169.0582,154.8
2002-09-16,169.2619,158.9
2002-09-17,176.2301,154.2
2002-09-18,167.426,150.6
2002-09-19,157.6803,152.2
2002-09-20,163.2611,149.1
2002-09-21,161.768,138.6
2002-09-22,170.5559,140.1
2002-09-23,171.4645,140.1
2002-09-24,180.3487,136.0
2002-09-25,183.3075,146.1
2002-09-26,185.5235,157.6
2002-09-27,189.2645,155.1
2002-09-28,180.4494,161.6
2002-09-29,179.5518,163.5
2002-09-30,182.2902,165.1
2002-10-01,179.0662,166.8
2002-10-02,185.5294,171.4
2002-10-03,191.5508,178.7
2002-10-04,194.9849,179.7
2002-10-05,184.1555,178.3
2002-10-06,178.0584,180.2
2002-10-07,175.4948,175.7
2002-10-08,170.494,181.4
2002-10-09,170.6863,177.7
2002-10-10,170.0275,171.3
2002-10-11,173.2836,178.1
2002-10-12,173.0604,178.7
2002-10-13,166.2346,180.8
2002-10-14,161.8929,167.7
2002-10-15,156.7004,161.9
2002-10-16,153.5701,158.5
2002-10-17,146.8476,170.9
2002-10-18,146.2643,156.1
2002-10-19,154.0206,155.2
2002-10-20,160.9912,156.3
2002-10-21,164.1417,159.4
2002-10-22,159.3496,165.3
2002-10-23,161.1206,167.7
2002-10-24,162.8736,159.7
2002-10-25,178.1885,162.1
2002-10-26,175.1364,166.5
2002-10-27,171.8636,174.4
2002-10-28,175.8664,180.0
2002-10-29,182.1298,181.2
2002-10-30,186.1714,186.4
2002-10-31,191.2197,185.5
2002-11-01,186.9856,187.0
2002-11-02,184.4217,187.7
2002-11-03,181.0801,181.0
2002-11-04,179.5912,174.6
2002-11-05,174.6035,178.6
2002-11-06,169.5499,180.2
2002-11-07,160.0518,193.2
2002-11-08,153.7352,194.8
2002-11-09,150.9601,180.5
2002-11-10,156.4298,174.8
2002-11-11,150.9563,164.3
2002-11-12,137.0484,155.3
2002-11-13,146.1968,147.2
2002-11-14,151.556,145.5
2002-11-15,159.319,143.8
2002-11-16,169.4744,143.5
2002-11-17,167.9609,133.2
2002-11-18,168.5757,138.5
2002-11-19,157.7967,138.8
2002-11-20,161.9735,136.0
2002-11-21,162.5198,137.5
2002-11-22,165.6338,142.1
2002-11-23,168.6073,145.5
2002-11-24,170.8964,142.0
2002-11-25,166.0371,141.8
2002-11-26,172.1742,144.5
2002-11-27,178.7932,144.4
2002-11-28,176.5679,143.9
2002-11-29,177.4807,146.6
2002-11-30,178.0489,149.8
2002-12-01,178.4968,151.6
2002-12-02,170.6148,156.5
2002-12-03,160.9992,147.7
2002-12-04,158.091,148.4
2002-12-05,152.0285,161.8
2002-12-06,145.8862,180.1
2002-12-07,143.8841,196.6
2002-12-08,142.6512,196.5
2002-12-09,141.8487,205.8
2002-12-10,137.9418,190.6
2002-12-11,122.9704,186.7
2002-12-12,128.5071,190.3
2002-12-13,142.8419,177.9
2002-12-14,157.4776,166.4
2002-12-15,157.6989,153.7
2002-12-16,152.8048,142.5
2002-12-17,147.8785,127.6
2002-12-18,138.2009,123.2
2002-12-19,137.3757,112.7
2002-12-20,133.6137,113.1
2002-12-21,136.1525,111.0
2002-12-22,137.2605,110.1
2002-12-23,138.4567,111.3
2002-12-24,138.9089,111.2
2002-12-25,137.9214,114.4
2002-12-26,140.7175,127.0
2002-12-27,141.1806,138.2
2002-12-28,143.7508,143.2
2002-12-29,154.4745,156.8
2002-12-30,156.6818,157.8
2002-12-31,160.5769,168.0
2003-01-01,160.3122,176.9
2003-01-02,165.7679,178.7
2003-01-03,173.4921,182.6
2003-01-04,172.0464,167.7
2003-01-05,164.5744,166.2
2003-01-06,165.1387,158.6
2003-01-07,161.5675,145.0
2003-01-08,163.1305,139.9
2003-01-09,159.5349,137.1
2003-01-10,155.1372,133.0
2003-01-11,149.676,126.1
2003-01-12,140.1199,133.7
2003-01-13,138.486,129.4
2003-01-14,136.6581,125.4
2003-01-15,132.6334,131.6
2003-01-16,132.7418,125.8
2003-01-17,136.6135,124.9
2003-01-18,138.4999,121.2
2003-01-19,135.5519,117.7
2003-01-20,151.0708,121.8
2003-01-21,153.5512,120.7
2003-01-22,152.9177,117.6
2003-01-23,155.6558,116.9
2003-01-24,153.482,122.1
2003-01-25,147.9395,123.0
2003-01-26,145.9865,128.7
2003-01-27,145.3692,131.0
2003-01-28,153.132,136.2
2003-01-29,155.6679,145.4
2003-01-30,150.1883,143.3
2003-01-31,149.7979,135.4
2003-02-01,155.9403,137.6
2003-02-02,158.5966,132.6
2003-02-03,159.5081,131.4
2003-02-04,156.7761,128.2
2003-02-05,153.1535,127.3
2003-02-06,154.6237,128.1
2003-02-07,150.0231,120.6
2003-02-08,140.7134,115.7
2003-02-09,138.9273,109.4
2003-02-10,134.6395,107.4
2003-02-11,134.2451,113.6
2003-02-12,125.9651,115.7
2003-02-13,121.6784,117.0
2003-02-14,118.5533,104.3
2003-02-15,116.5689,101.8
2003-02-16,119.2456,99.9
2003-02-17,120.5593,99.5
2003-02-18,121.0871,107.2
2003-02-19,124.4622,115.4
2003-02-20,126.3911,122.6
2003-02-21,129.8769,135.6
2003-02-22,124.8532,131.4
2003-02-23,123.5749,146.5
2003-02-24,126.1549,143.6
2003-02-25,134.7462,146.2
2003-02-26,143.9135,147.9
2003-02-27,160.1098,147.6
2003-02-28,163.6895,146.2
2003-03-01,165.0811,150.6
2003-03-02,157.0458,141.7
2003-03-03,153.9772,139.7
2003-03-04,143.3575,136.2
2003-03-05,135.0781,132.5
2003-03-06,130.8694,137.3
2003-03-07,131.3413,129.3
2003-03-08,126.9842,127.2
2003-03-09,127.9654,123.1
2003-03-10,123.6937,117.3
2003-03-11,120.2164,107.2
2003-03-12,116.071,96.6
2003-03-13,113.5823,90.3
2003-03-14,117.0611,88.3
2003-03-15,111.1913,92.4
2003-03-16,109.6587,97.3
2003-03-17,107.0389,108.2
2003-03-18,111.528,126.6
2003-03-19,111.4762,140.5
2003-03-20,111.1576,146.4
2003-03-21,113.0866,154.6
2003-03-22,124.3428,154.2
2003-03-23,137.816,159.8
2003-03-24,145.9274,152.8
2003-03-25,151.2875,157.3
2003-03-26,157.7208,155.7
2003-03-27,159.1578,152.7
2003-03-28,153.3179,137.5
2003-03-29,149.506,126.1
2003-03-30,144.6863,115.9
2003-03-31,137.2926,112.6
2003-04-01,122.8221,109.7
2003-04-02,117.0454,104.1
2003-04-03,119.3639,103.0
2003-04-04,116.966,102.6
2003-04-05,110.5995,103.0
2003-04-06,110.7065,102.6
2003-04-07,107.8559,101.1
2003-04-08,110.1558,99.2
2003-04-09,114.9458,101.8
2003-04-10,118.1662,108.7
2003-04-11,122.1357,113.1
2003-04-12,128.2188,119.7
2003-04-13,132.4655,127.0
2003-04-14,133.9461,133.8
2003-04-15,132.0531,134.3
2003-04-16,132.4217,129.8
2003-04-17,141.3495,145.3
2003-04-18,147.1751,145.5
2003-04-19,144.8721,156.1
2003-04-20,141.5411,154.3
2003-04-21,138.0373,157.4
2003-04-22,132.1841,155.8
2003-04-23,125.2489,151.0
2003-04-24,119.0577,159.0
2003-04-25,122.7146,150.1
2003-04-26,120.7983,144.4
2003-04-27,122.0882,131.1
2003-04-28,119.7455,124.1
2003-04-29,110.3426,112.2
2003-04-30,110.269,102.8
2003-05-01,109.6114,98.9
2003-05-02,114.0521,94.5
2003-05-03,114.7293,93.4
2003-05-04,113.4701,95.8
2003-05-05,109.0489,98.1
2003-05-06,108.1614,98.3
2003-05-07,104.0602,101.4
2003-05-08,108.0004,104.9
2003-05-09,120.5774,104.7
2003-05-10,125.6222,111.5
2003-05-11,132.954,117.4
2003-05-12,135.7913,120.0
2003-05-13,137.971,122.2
2003-05-14,134.952,121.3
2003-05-15,135.681,120.9
2003-05-16,135.2117,119.8
2003-05-17,133.0363,124.3
2003-05-18,135.2707,128.4
2003-05-19,131.1993,132.3
2003-05-20,132.9616,133.7
2003-05-21,126.9034,127.8
2003-05-22,120.2322,120.4
2003-05-23,116.5734,116.3
2003-05-24,116.0904,115.5
2003-05-25,118.8013,124.8
2003-05-26,114.1676,117.8
2003-05-27,118.0254,108.7
2003-05-28,114.1065,117.0
2003-05-29,111.5869,129.4
2003-05-30,108.2882,137.2
2003-05-31,104.7631,158.0
2003-06-01,110.109,163.1
2003-06-02,122.6432,182.0
2003-06-03,123.5523,198.9
2003-06-04,120.8896,168.6
2003-06-05,121.6702,155.8
2003-06-06,130.1268,137.7
2003-06-07,135.8359,132.8
2003-06-08,144.181,126.5
2003-06-09,143.4021,125.8
2003-06-10,143.7511,124.3
2003-06-11,146.5977,122.55
2003-06-12,133.0206,120.8
2003-06-13,123.6854,118.8
2003-06-14,115.7247,113.9
2003-06-15,118.8032,117.2
2003-06-16,118.9259,118.3
2003-06-17,121.0955,120.2
2003-06-18,120.6117,122.9
2003-06-19,123.9786,128.1
2003-06-20,124.8997,128.1
2003-06-21,119.1633,131.6
2003-06-22,124.466,132.5
2003-06-23,130.9644,135.6
2003-06-24,138.3177,139.3
2003-06-25,141.2732,136.7
2003-06-26,143.478,144.8
2003-06-27,149.129,146.7
2003-06-28,147.5505,135.3
2003-06-29,146.2994,137.8
2003-06-30,141.2998,135.7
2003-07-01,135.1274,130.2
2003-07-02,132.513,126.9
2003-07-03,126.7979,126.1
2003-07-04,127.4661,125.5
2003-07-05,118.4961,130.7
2003-07-06,110.6972,131.4
2003-07-07,115.921,129.9
2003-07-08,116.5282,137.5
2003-07-09,113.3274,143.2
2003-07-10,108.6148,144.3
2003-07-11,115.0176,150.8
2003-07-12,119.9916,162.4
2003-07-13,127.9815,160.7
2003-07-14,126.5474,157.4
2003-07-15,129.0142,148.7
2003-07-16,135.4133,129.2
2003-07-17,137.9381,115.1
2003-07-18,136.6196,105.9
2003-07-19,136.4159,104.9
2003-07-20,138.5579,106.6
2003-07-21,132.7905,103.0
2003-07-22,129.5594,101.7
2003-07-23,128.1304,105.2
2003-07-24,122.9236,110.6
2003-07-25,120.3398,114.7
2003-07-26,119.403,123.6
2003-07-27,123.9921,126.0
2003-07-28,131.8534,134.4
2003-07-29,130.3871,132.4
2003-07-30,129.4535,140.9
2003-07-31,128.9813,136.6
2003-08-01,136.0103,133.6
2003-08-02,142.1987,134.7
2003-08-03,146.6169,132.7
2003-08-04,145.6021,126.6
2003-08-05,145.6616,134.3
2003-08-06,140.178,133.1
2003-08-07,141.6498,134.7
2003-08-08,128.4,130.1
2003-08-09,126.7844,122.3
2003-08-10,123.8282,118.7
2003-08-11,118.9301,119.5
2003-08-12,111.6532,114.5
2003-08-13,112.9583,122.0
2003-08-14,113.1868,123.7
2003-08-15,116.0269,122.9
2003-08-16,112.7905,120.95
2003-08-17,114.2928,119.0
2003-08-18,117.4852,123.4
2003-08-19,124.2235,128.3
2003-08-20,120.2124,121.1
2003-08-21,132.0422,118.7
2003-08-22,134.2178,116.2
2003-08-23,132.9761,111.8
2003-08-24,129.9104,110.1
2003-08-25,127.6024,107.6
2003-08-26,122.888,112.4
2003-08-27,127.1624,114.1
2003-08-28,124.3535,109.8
2003-08-29,124.3624,106.6
2003-08-30,120.6888,109.4
2003-08-31,119.5152,100.3
2003-09-01,119.8212,97.3
2003-09-02,121.6472,100.6
2003-09-03,126.528,98.0
2003-09-04,128.2091,95.6
2003-09-05,123.7196,97.3
2003-09-06,124.606,95.8
2003-09-07,124.832,98.4
2003-09-08,122.8156,100.4
2003-09-09,123.2689,107.0
2003-09-10,125.04,110.2
2003-09-11,123.9917,112.1
2003-09-12,121.9067,116.5
2003-09-13,121.5107,120.9
2003-09-14,123.6026,123.5
2003-09-15,129.6119,125.7
2003-09-16,132.0849,134.3
2003-09-17,133.8355,133.4
2003-09-18,130.7439,131.8
2003-09-19,129.7265,130.3
2003-09-20,133.3597,137.6
2003-09-21,135.5475,135.6
2003-09-22,135.1074,133.3
2003-09-23,131.6561,137.1
2003-09-24,132.8488,125.0
2003-09-25,130.0142,120.3
2003-09-26,125.5062,119.0
2003-09-27,123.6424,109.6
2003-09-28,125.9779,112.0
2003-09-29,129.9108,111.8
2003-09-30,132.4004,113.1
2003-10-01,134.8162,110.5
2003-10-02,128.5285,111.4
2003-10-03,124.3044,105.4
2003-10-04,115.5326,97.4
2003-10-05,112.8983,94.0
2003-10-06,118.597,91.9
2003-10-07,118.0795,95.3
2003-10-08,117.7188,94.6
2003-10-09,119.1195,98.1
2003-10-10,122.2554,107.8
2003-10-11,120.0247,119.4
2003-10-12,116.2526,133.9
2003-10-13,115.301,150.2
2003-10-14,116.8016,152.0
2003-10-15,119.8474,181.3
2003-10-16,117.4267,188.5
2003-10-17,120.2237,219.0
2003-10-18,124.1722,240.6
2003-10-19,127.5258,254.0
2003-10-20,130.9962,268.4
2003-10-21,128.7921,275.4
2003-10-22,131.678,267.6
2003-10-23,146.4372,245.2
2003-10-24,149.8284,233.2
2003-10-25,157.8362,187.4
2003-10-26,158.2751,164.2
2003-10-27,157.0736,165.6
2003-10-28,156.739,112.1
2003-10-29,146.519,96.1
2003-10-30,138.6959,89.4
2003-10-31,128.7116,91.0
2003-11-01,123.9693,91.2
2003-11-02,111.1845,92.8
2003-11-03,105.8176,93.7
2003-11-04,112.543,95.8
2003-11-05,91.6208,100.0
2003-11-06,92.0925,96.8
2003-11-07,101.0865,95.6
2003-11-08,114.3468,102.0
2003-11-09,120.4884,118.2
2003-11-10,126.6965,141.0
2003-11-11,129.8982,151.5
2003-11-12,132.9056,171.0
2003-11-13,144.416,172.8
2003-11-14,143.1274,171.9
2003-11-15,140.5257,173.8
2003-11-16,142.8097,172.8
2003-11-17,144.7975,166.3
2003-11-18,157.3636,166.5
2003-11-19,158.9763,170.1
2003-11-20,159.9105,163.2
2003-11-21,152.165,161.4
2003-11-22,143.0479,148.6
2003-11-23,129.8278,139.3
2003-11-24,132.7326,135.4
2003-11-25,129.8476,120.3
2003-11-26,125.6155,112.5
2003-11-27,122.1951,108.5
2003-11-28,116.4798,105.7
2003-11-29,115.4094,89.3
2003-11-30,112.5215,90.9
2003-12-01,112.234,89.4
2003-12-02,115.3533,86.5
2003-12-03,114.469,83.4
2003-12-04,109.4926,84.5
2003-12-05,114.2113,85.0
2003-12-06,121.6535,89.5
2003-12-07,118.2086,97.7
2003-12-08,125.2776,103.0
2003-12-09,130.0464,113.8
2003-12-10,136.3773,119.1
2003-12-11,136.6526,118.6
2003-12-12,138.1267,125.9
2003-12-13,138.0376,129.1
2003-12-14,135.1876,133.2
2003-12-15,136.8988,137.4
2003-12-16,140.8964,134.4
2003-12-17,146.4165,134.6
2003-12-18,143.346,132.7
2003-12-19,136.6823,124.3
2003-12-20,133.9556,115.1
2003-12-21,130.8004,110.7
2003-12-22,123.2412,104.2
2003-12-23,119.8162,104.4
2003-12-24,107.6858,112.2
2003-12-25,106.5508,112.6
2003-12-26,104.7216,112.3
2003-12-27,103.2537,115.5
2003-12-28,104.1882,119.0
2003-12-29,103.3826,113.4
2003-12-30,102.8162,114.9
2003-12-31,114.8489,116.1
2004-01-01,133.7339,114.4
2004-01-02,139.007,115.3
2004-01-03,139.3368,114.6
2004-01-04,140.3386,114.4
2004-01-05,136.3861,114.1
2004-01-06,136.5177,117.1
2004-01-07,142.1885,115.2
2004-01-08,142.733,116.4
2004-01-09,139.7669,118.6
2004-01-10,131.2654,115.6
2004-01-11,131.9946,130.3
2004-01-12,137.5673,124.8
2004-01-13,140.4974,126.0
2004-01-14,140.9298,117.9
2004-01-15,135.0836,111.6
2004-01-16,131.8245,104.1
2004-01-17,130.5765,99.1
2004-01-18,122.7657,95.0
2004-01-19,122.5442,90.8
2004-01-20,113.3129,85.9
2004-01-21,106.1424,84.8
2004-01-22,99.6196,89.9
2004-01-23,96.3078,91.6
2004-01-24,93.6323,94.5
2004-01-25,94.6641,98.5
2004-01-26,97.9186,96.6
2004-01-27,99.6739,98.6
2004-01-28,106.5833,102.5
2004-01-29,107.2878,103.7
2004-01-30,108.4772,108.1
2004-01-31,114.1742,113.1
2004-02-01,116.4388,114.7
2004-02-02,118.3399,113.5
2004-02-03,113.337,111.2
2004-02-04,114.8823,109.3
2004-02-05,113.619,105.1
2004-02-06,112.4579,101.1
2004-02-07,112.3474,99.6
2004-02-08,119.5026,96.3
2004-02-09,120.05,99.5
2004-02-10,113.1656,95.4
2004-02-11,103.6344,94.2
2004-02-12,99.0509,93.2
2004-02-13,97.2627,96.0
2004-02-14,92.9974,101.7
2004-02-15,98.2302,102.1
2004-02-16,97.4858,103.4
2004-02-17,103.2782,116.1
2004-02-18,105.329,118.4
2004-02-19,109.5768,119.8
2004-02-20,114.4111,113.6
2004-02-21,115.1718,108.0
2004-02-22,111.0426,100.0
2004-02-23,111.9129,97.1
2004-02-24,106.0565,88.9
2004-02-25,111.2103,95.9
2004-02-26,111.1062,105.0
2004-02-27,112.7406,102.9
2004-02-28,108.7541,104.6
2004-02-29,103.9632,106.3
2004-03-01,101.6708,107.2
2004-03-02,102.4478,111.1
2004-03-03,97.9762,111.7
2004-03-04,105.6131,106.2
2004-03-05,111.9754,102.6
2004-03-06,111.7304,101.3
2004-03-07,113.0905,100.3
2004-03-08,113.6428,108.5
2004-03-09,115.2895,108.8
2004-03-10,112.0342,114.4
2004-03-11,111.6818,111.3
2004-03-12,115.0743,112.7
2004-03-13,115.1333,110.4
2004-03-14,112.6391,115.6
2004-03-15,112.0081,117.6
2004-03-16,116.0855,119.0
2004-03-17,114.1782,126.4
2004-03-18,113.9015,123.2
2004-03-19,110.215,127.2
2004-03-20,110.8019,128.6
2004-03-21,109.3202,128.3
2004-03-22,108.223,126.4
2004-03-23,102.4919,121.0
2004-03-24,101.8566,112.6
2004-03-25,106.4022,108.1
2004-03-26,102.3373,107.4
2004-03-27,103.7397,109.0
2004-03-28,104.4639,108.9
2004-03-29,102.8081,101.6
2004-03-30,104.089,98.4
2004-03-31,104.8176,93.8
2004-04-01,100.6234,90.3
2004-04-02,94.6718,88.1
2004-04-03,97.4757,90.0
2004-04-04,101.3684,91.8
2004-04-05,101.5654,93.6
2004-04-06,99.4966,95.8
2004-04-07,98.1258,97.4
2004-04-08,101.7432,97.6
2004-04-09,105.2735,99.0
2004-04-10,106.4939,110.0
2004-04-11,109.3994,114.5
2004-04-12,111.0911,111.8
2004-04-13,114.208,113.9
2004-04-14,113.4211,118.4
2004-04-15,108.6558,116.6
2004-04-16,108.3309,112.9
2004-04-17,109.9008,108.4
2004-04-18,117.145,100.9
2004-04-19,119.2648,96.4
2004-04-20,113.4994,90.7
2004-04-21,107.3454,89.8
2004-04-22,106.9481,90.8
2004-04-23,104.086,95.7
2004-04-24,108.6833,99.1
2004-04-25,101.7829,92.8
2004-04-26,98.2425,88.9
2004-04-27,97.2259,90.1
2004-04-28,95.4842,88.0
2004-04-29,97.2158,86.8
2004-04-30,102.3733,88.9
2004-05-01,107.4667,95.0
2004-05-02,108.837,94.8
2004-05-03,110.9121,92.0
2004-05-04,110.3536,100.9
2004-05-05,109.2355,103.0
2004-05-06,108.2546,112.1
2004-05-07,112.7603,117.9
2004-05-08,113.5888,121.0
2004-05-09,118.504,113.7
2004-05-10,121.3982,110.4
2004-05-11,116.9662,111.4
2004-05-12,119.7092,107.2
2004-05-13,117.7754,109.6
2004-05-14,123.1844,105.0
2004-05-15,124.4792,106.6
2004-05-16,124.1434,107.9
2004-05-17,117.5506,105.1
2004-05-18,112.6107,106.1
2004-05-19,105.0784,104.6
2004-05-20,102.6902,105.2
2004-05-21,104.0404,104.0
2004-05-22,101.5949,102.4
2004-05-23,98.7642,98.1
2004-05-24,96.1979,92.5
2004-05-25,93.9425,93.0
2004-05-26,95.0901,92.6
2004-05-27,96.6399,92.0
2004-05-28,100.8931,87.0
2004-05-29,106.7564,91.0
2004-05-30,109.5456,91.2
2004-05-31,109.4658,88.6
2004-06-01,110.1206,87.9
2004-06-02,111.6492,85.0
2004-06-03,109.9331,86.5
2004-06-04,108.8322,90.7
2004-06-05,112.0608,98.2
2004-06-06,111.7369,103.1
2004-06-07,113.953,112.9
2004-06-08,111.3424,115.1
2004-06-09,109.2788,114.9
2004-06-10,105.7767,111.3
2004-06-11,104.3175,116.4
2004-06-12,106.539,123.0
2004-06-13,111.0001,119.6
2004-06-14,112.1505,120.5
2004-06-15,113.0959,116.2
2004-06-16,110.5953,111.9
2004-06-17,107.4587,106.3
2004-06-18,97.0519,102.2
2004-06-19,96.4337,97.3
2004-06-20,100.6014,92.4
2004-06-21,94.2771,87.9
2004-06-22,96.0145,84.5
2004-06-23,92.0747,84.0
2004-06-24,86.9101,83.4
2004-06-25,83.2835,82.2
2004-06-26,82.8683,82.1
2004-06-27,88.5449,80.9
2004-06-28,95.2791,81.6
2004-06-29,97.0377,81.9
2004-06-30,100.3476,84.6
2004-07-01,100.6909,89.6
2004-07-02,102.2871,96.4
2004-07-03,103.857,107.9
2004-07-04,105.4432,129.2
2004-07-05,105.0476,131.6
2004-07-06,105.8593,142.6
2004-07-07,107.2853,150.5
2004-07-08,109.5195,151.3
2004-07-09,111.5134,154.1
2004-07-10,111.2426,160.2
2004-07-11,109.8115,175.8
2004-07-12,114.3371,180.8
2004-07-13,114.0352,177.7
2004-07-14,113.845,178.4
2004-07-15,112.5355,170.4
2004-07-16,109.0332,151.8
2004-07-17,107.9663,143.9
2004-07-18,108.0366,132.0
2004-07-19,112.9439,121.8
2004-07-20,117.8206,103.8
2004-07-21,107.5489,102.8
2004-07-22,107.2742,91.4
2004-07-23,104.3215,89.0
2004-07-24,99.1424,85.8
2004-07-25,98.1907,87.0
2004-07-26,98.6552,90.1
2004-07-27,94.8188,87.9
2004-07-28,90.45,91.5
2004-07-29,96.2441,93.6
2004-07-30,104.275,97.3
2004-07-31,108.3181,107.7
2004-08-01,109.1217,117.0
2004-08-02,114.4917,124.7
2004-08-03,114.6264,134.3
2004-08-04,115.1477,151.1
2004-08-05,116.2642,152.5
2004-08-06,124.1204,153.1
2004-08-07,125.1492,142.4
2004-08-08,125.3079,137.0
2004-08-09,128.5509,138.3
2004-08-10,126.0835,143.3
2004-08-11,124.6778,123.5
2004-08-12,125.7205,124.2
2004-08-13,123.1888,122.8
2004-08-14,116.665,117.8
2004-08-15,113.4086,111.9
2004-08-16,110.4836,107.2
2004-08-17,104.4154,102.5
2004-08-18,104.4746,99.5
2004-08-19,100.6334,92.3
2004-08-20,103.2814,88.9
2004-08-21,100.2458,87.7
2004-08-22,102.3996,91.6
2004-08-23,96.3039,89.7
2004-08-24,96.318,91.5
2004-08-25,97.6264,95.6
2004-08-26,100.9773,98.3
2004-08-27,101.5111,100.9
2004-08-28,103.2393,104.8
2004-08-29,108.6542,108.2
2004-08-30,113.7884,120.7
2004-08-31,117.0944,126.3
2004-09-01,123.6008,132.8
2004-09-02,125.4633,131.8
2004-09-03,127.5006,117.9
2004-09-04,127.9863,116.0
2004-09-05,128.8448,119.1
2004-09-06,123.5424,116.0
2004-09-07,124.1899,110.8
2004-09-08,120.1444,109.4
2004-09-09,126.5586,105.5
2004-09-10,123.641,103.6
2004-09-11,114.5164,106.1
2004-09-12,110.688,101.3
2004-09-13,105.1168,95.6
2004-09-14,101.5012,92.0
2004-09-15,106.9627,90.8
2004-09-16,108.7168,89.9
2004-09-17,110.0499,89.9
2004-09-18,111.5437,89.9
2004-09-19,114.2872,90.2
2004-09-20,114.467,90.2
2004-09-21,113.2189,90.0
2004-09-22,113.2228,88.4
2004-09-23,113.8074,88.1
2004-09-24,115.8952,88.1
2004-09-25,121.9918,89.1
2004-09-26,123.1576,90.7
2004-09-27,122.3902,90.8
2004-09-28,118.5575,92.0
2004-09-29,117.224,93.7
2004-09-30,113.7889,90.4
2004-10-01,109.6851,87.7
2004-10-02,106.2753,88.7
2004-10-03,105.7997,86.6
2004-10-04,104.6116,87.2
2004-10-05,101.698,89.4
2004-10-06,98.6135,90.2
2004-10-07,97.3222,88.6
2004-10-08,94.1385,91.1
2004-10-09,89.7235,91.2
2004-10-10,91.3621,95.5
2004-10-11,94.636,98.2
2004-10-12,97.1454,110.3
2004-10-13,99.3484,111.0
2004-10-14,96.362,121.2
2004-10-15,98.013,130.2
2004-10-16,96.8352,138.7
2004-10-17,104.7891,141.5
2004-10-18,110.9009,135.0
2004-10-19,115.5025,127.8
2004-10-20,117.7189,134.0
2004-10-21,117.5649,128.8
2004-10-22,120.9264,134.4
2004-10-23,121.6675,137.1
2004-10-24,122.2738,133.4
2004-10-25,116.6416,131.0
2004-10-26,110.4213,129.4
2004-10-27,103.4639,128.6
2004-10-28,104.3952,138.8
2004-10-29,103.6699,126.5
2004-10-30,107.0285,127.2
2004-10-31,104.628,121.7
2004-11-01,102.6839,124.2
2004-11-02,102.2547,102.6
2004-11-03,104.2384,93.0
2004-11-04,100.0595,94.0
2004-11-05,104.8484,94.4
2004-11-06,99.9054,98.1
2004-11-07,100.265,103.3
2004-11-08,98.0056,104.2
2004-11-09,104.7389,102.5
2004-11-10,95.4911,101.6
2004-11-11,93.3604,100.9
2004-11-12,100.4881,96.9
2004-11-13,108.059,98.5
2004-11-14,111.1888,103.7
2004-11-15,113.3916,104.2
2004-11-16,115.1929,104.5
2004-11-17,115.5693,106.6
2004-11-18,119.1194,108.2
2005-02-18,83.395,75.1
2005-02-19,81.2392,74.4
2005-02-20,80.8285,73.6
2005-02-21,81.7731,72.4
2005-02-22,83.5319,73.4
2005-02-23,83.4016,75.7
2005-02-24,83.9464,77.7
2005-02-25,87.0183,79.9
2005-02-26,93.5518,82.3
2005-02-27,98.1794,85.7
2005-02-28,100.9304,92.2
2005-03-01,97.4881,98.5
2005-03-02,101.5778,100.3
2005-03-03,102.383,103.6
2005-03-04,104.8205,108.8
2005-03-05,104.8429,112.5
2005-03-06,103.9766,110.3
2005-03-07,104.1266,107.0
2005-03-08,102.9501,103.6
2005-03-09,99.5001,100.7
2005-03-10,98.0074,95.7
2005-03-11,96.9506,92.2
2005-03-12,95.7905,88.3
2005-03-13,90.5318,89.2
2005-03-14,86.4586,86.7
2005-03-15,81.6994,87.1
2005-03-16,78.6719,86.6
2005-03-17,78.4263,81.7
2005-03-18,77.5424,77.4
2005-03-19,77.5603,78.1
2005-03-20,78.9748,79.4
2005-03-21,85.6628,78.6
2005-03-22,90.1046,77.5
2005-03-23,93.1501,76.5
2005-03-24,93.2154,78.2
2005-03-25,91.9753,80.2
2005-03-26,92.3415,81.1
2005-03-27,98.1298,84.9
2005-03-28,101.7417,88.5
2005-03-29,104.4805,88.2
2005-03-30,105.9976,88.0
2005-03-31,109.0591,87.9
2005-04-01,108.1149,88.8
2005-04-02,104.8807,88.6
2005-04-03,102.8323,87.9
2005-04-04,98.713,85.3
2005-04-05,97.1466,84.0
2005-04-06,94.1585,86.0
2005-04-07,93.718,85.5
2005-04-08,92.4167,83.6
2005-04-09,87.9,84.2
2005-04-10,84.6253,82.0
2005-04-11,83.18,78.9
2005-04-12,89.421,77.8
2005-04-13,90.4037,77.9
2005-04-14,89.3346,78.1
2005-04-15,86.237,80.2
2005-04-16,81.2314,83.2
2005-04-17,84.17,87.1
2005-04-18,86.0892,92.1
2005-04-19,86.539,96.6
2005-04-20,86.3856,99.4
2005-04-21,88.5494,106.5
2005-04-22,91.2502,108.0
2005-04-23,91.6985,113.4
2005-04-24,96.9876,113.3
2005-04-25,98.1128,114.2
2005-04-26,96.7359,110.6
2005-04-27,95.4405,111.0
2005-04-28,88.8944,112.4
2005-04-29,90.5422,101.8
2005-04-30,90.0685,103.2
2005-05-01,90.4333,112.2
2005-05-02,92.8213,121.6
2005-05-03,92.0915,127.9
2005-05-04,91.3109,119.9
2005-05-05,91.7905,115.5
2005-05-06,88.8654,101.7
2005-05-07,84.4666,105.2
2005-05-08,92.3783,101.4
2005-05-09,97.704,92.0
2005-05-10,98.7016,85.8
2005-05-11,104.3752,86.7
2005-05-12,101.9606,85.6
2005-05-13,100.9175,83.9
2005-05-14,95.3187,84.2
2005-05-15,94.8589,85.5
2005-05-16,94.9683,87.4
2005-05-17,93.1432,86.0
2005-05-18,92.3592,92.8
2005-05-19,97.974,98.1
2005-05-20,101.1561,95.1
2005-05-21,104.8067,95.3
2005-05-22,105.3961,97.5
2005-05-23,104.0958,99.0
2005-05-24,103.0666,96.9
2005-05-25,96.8245,96.0
2005-05-26,97.7283,98.0
2005-05-27,98.097,99.8
2005-05-28,97.4612,108.6
2005-05-29,93.8102,109.2
2005-05-30,93.0592,112.4
2005-05-31,93.9494,119.3
2005-06-01,90.8585,119.7
2005-06-02,89.1468,117.9
2005-06-03,89.6464,111.4
2005-06-04,92.2435,106.3
2005-06-05,96.9886,94.7
2005-06-06,93.9026,96.8
2005-06-07,96.1165,97.5
2005-06-08,98.5045,100.2
2005-06-09,94.6096,93.7
2005-06-10,97.5996,92.9
2005-06-11,93.5265,89.8
2005-06-12,87.4814,88.9
2005-06-13,83.8314,85.5
2005-06-14,89.752,82.1
2005-06-15,94.3703,80.1
2005-06-16,96.8071,79.2
2005-06-17,95.9306,79.3
2005-06-18,95.3356,81.3
2005-06-19,94.8866,80.0
2005-06-20,93.6683,82.6
2005-06-21,94.9858,91.2
2005-06-22,95.7519,104.85
2005-06-23,99.0571,118.5
2005-06-24,100.578,128.0
2005-06-25,103.3209,134.1
2005-06-26,104.1851,127.8
2005-06-27,107.1901,131.0
2005-06-28,105.1265,127.2
2005-06-29,107.9547,125.5
2005-06-30,111.1775,114.2
2005-07-01,111.5906,111.9
2005-07-02,107.3347,105.2
2005-07-03,106.418,96.4
2005-07-04,102.0534,99.4
2005-07-05,99.9072,94.5
2005-07-06,95.4224,92.9
2005-07-07,93.4404,90.1
2005-07-08,83.8744,78.8
2005-07-09,82.7681,76.5
2005-07-10,80.3414,74.4
2005-07-11,78.2762,73.5
2005-07-12,81.8756,74.4
2005-07-13,81.8956,75.2
2005-07-14,83.4608,75.9
2005-07-15,85.276,82.7
2005-07-16,82.3821,82.8
2005-07-17,90.5085,86.5
2005-07-18,95.4751,89.2
2005-07-19,102.8464,93.4
2005-07-20,100.7886,98.7
2005-07-21,99.1821,106.9
2005-07-22,100.7707,108.2
2005-07-23,101.362,113.1
2005-07-24,95.3709,114.6
2005-07-25,92.4647,113.5
2005-07-26,92.077,112.2
2005-07-27,93.7109,109.2
2005-07-28,102.1527,101.7
2005-07-29,103.1751,96.1
2005-07-30,100.1456,94.9
2005-07-31,98.5765,88.9
2005-08-01,92.5451,84.7
2005-08-02,89.3825,78.3
2005-08-03,88.278,77.9
2005-08-04,81.7705,78.3
2005-08-05,78.5798,77.4
2005-08-06,76.2829,76.7
2005-08-07,78.7946,77.7
2005-08-08,78.3096,77.7
2005-08-09,78.4531,78.9
2005-08-10,77.4819,84.7
2005-08-11,84.226,95.3
2005-08-12,88.1213,100.4
2005-08-13,88.8506,100.8
2005-08-14,93.1939,107.2
2005-08-15,95.5226,109.3
2005-08-16,92.3466,100.7
2005-08-17,95.2215,94.4
2005-08-18,99.9981,95.2
2005-08-19,109.5874,94.0
2005-08-20,108.9026,91.6
2005-08-21,105.9287,90.9
2005-08-22,103.8863,87.6
2005-08-23,101.61,85.6
2005-08-24,98.4868,80.6
2005-08-25,96.9697,78.5
2005-08-26,95.6935,75.4
2005-08-27,94.149,75.8
2005-08-28,90.7272,76.2
2005-08-29,90.5546,82.4
2005-08-30,91.5785,93.6
2005-08-31,88.4232,92.4
2005-09-01,90.5513,100.6
2005-09-02,93.384,117.6
2005-09-03,93.8826,111.1
2005-09-04,95.8643,119.5
2005-09-05,96.0614,115.0
2005-09-06,98.8755,117.9
2005-09-07,107.3495,120.6
2005-09-08,104.389,112.9
2005-09-09,104.0706,104.9
2005-09-10,107.9146,103.2
2005-09-11,101.9569,91.9
2005-09-12,96.469,88.5
2005-09-13,92.5876,86.7
2005-09-14,91.4677,84.3
2005-09-15,91.8146,83.3
2005-09-16,87.1479,81.9
2005-09-17,87.9444,81.4
2005-09-18,88.6043,81.7
2005-09-19,86.3139,77.2
2005-09-20,88.9093,74.9
2005-09-21,86.9468,74.0
2005-09-22,87.8038,72.4
2005-09-23,91.2953,72.3
2005-09-24,93.0584,75.0
2005-09-25,92.6385,74.4
2005-09-26,94.8582,82.7
2005-09-27,91.4349,81.3
2005-09-28,90.4623,79.4
2005-09-29,90.2186,78.7
2005-09-30,89.9599,78.0
2005-10-01,94.2865,78.7
2005-10-02,95.218,78.8
2005-10-03,93.4796,77.3
2005-10-04,93.8579,76.5
2005-10-05,82.2575,77.6
2005-10-06,76.1363,78.0
2005-10-07,73.4728,79.1
2005-10-08,74.3922,78.7
2005-10-09,76.7638,77.5
2005-10-10,82.3559,77.7
2005-10-11,83.0686,77.2
2005-10-12,82.5918,76.0
2005-10-13,79.9225,74.6
2005-10-14,87.82,74.0
2005-10-15,89.84,73.4
2005-10-16,89.4767,72.5
2005-10-17,88.682,72.1
2005-10-18,86.1969,71.2
2005-10-19,84.659,70.7
2005-10-20,83.3289,72.1
2005-10-21,82.8986,73.1
2005-10-22,82.4224,74.5
2005-10-23,84.1631,76.7
2005-10-24,83.798,76.1
2005-10-25,83.7403,76.8
2005-10-26,82.0108,75.5
2005-10-27,79.2281,76.1
2005-10-28,77.4987,77.9
2005-10-29,79.736,80.3
2005-10-30,78.4031,78.0
2005-10-31,77.98,77.9
2005-11-01,75.2348,76.6
2005-11-02,75.9321,76.4
2005-11-03,77.5192,77.0
2005-11-04,81.6795,81.4
2005-11-05,83.1,86.0
2005-11-06,83.3239,90.4
2005-11-07,81.2542,97.8
2005-11-08,78.7924,91.8
2005-11-09,78.8339,98.2
2005-11-10,80.4425,98.8
2005-11-11,82.6007,99.6
2005-11-12,88.4614,94.1
2005-11-13,88.5709,92.4
2005-11-14,88.1536,90.3
2005-11-15,89.7734,87.5
2005-11-16,80.9222,84.4
2005-11-17,82.2027,77.9
2005-11-18,83.2221,78.7
2005-11-19,85.0994,78.6
2005-11-20,88.401,79.7
2005-11-21,88.6382,82.4
2005-11-22,88.2992,92.0
2005-11-23,86.9084,95.5
2005-11-24,81.694,101.3
2005-11-25,76.9417,98.4
2005-11-26,77.7527,92.5
2005-11-27,79.3676,89.0
2005-11-28,83.4187,86.5
2005-11-29,86.9784,86.3
2005-11-30,93.4956,86.9
2005-12-01,93.1445,86.4
2005-12-02,93.1924,88.7
2005-12-03,90.7533,90.2
2005-12-04,88.1654,85.6
2005-12-05,84.4203,85.2
2005-12-06,82.6153,86.8
2005-12-07,84.8924,84.2
2005-12-08,87.3844,83.1
2005-12-09,90.0006,82.5
2005-12-10,91.2577,82.8
2005-12-11,89.9579,86.6
2005-12-12,87.4643,84.9
2005-12-13,84.2134,83.7
2005-12-14,85.1874,84.8
2005-12-15,85.0593,90.1
2005-12-16,84.2824,88.9
2005-12-17,84.563,88.8
2005-12-18,85.8597,89.5
2005-12-19,88.3582,89.2
2005-12-20,88.4348,86.1
2005-12-21,89.0719,87.4
2005-12-22,94.4286,86.9
2005-12-23,93.5439,84.5
2005-12-24,98.7733,84.5
2005-12-25,97.5344,81.7
2005-12-26,97.4112,82.1
2005-12-27,95.8163,81.2
2005-12-28,93.579,80.6
2005-12-29,91.1621,79.3
2005-12-30,91.0688,76.6
2005-12-31,88.9237,75.6
2006-01-01,88.9552,75.0
2006-01-02,90.2075,75.2
2006-01-03,91.9581,74.7
2006-01-04,92.6411,74.0
2006-01-05,92.4231,74.0
2006-01-06,95.8177,74.9
2006-01-07,95.0507,78.3
2006-01-08,94.077,81.1
2006-01-09,93.4604,79.8
2006-01-10,91.0478,82.9
2006-01-11,90.3122,85.8
2006-01-12,89.369,87.9
2006-01-13,88.4703,90.9
2006-01-14,90.3547,89.9
2006-01-15,85.0031,89.6
2006-01-16,80.8739,89.8
2006-01-17,76.0047,86.3
2006-01-18,80.146,84.2
2006-01-19,77.0015,81.0
2006-01-20,76.8476,77.6
2006-01-21,78.9163,77.2
2006-01-22,81.2246,76.5
2006-01-23,82.1151,75.3
2006-01-24,79.1011,75.3
2006-01-25,81.0231,75.1
2006-01-26,84.2476,76.4
2006-01-27,86.4959,74.9
2006-01-28,88.6118,74.2
2006-01-29,94.1042,72.9
2006-01-30,92.7802,72.0
2006-01-31,91.6233,72.0
2006-02-01,90.8955,72.8
2006-02-02,88.4351,73.2
2006-02-03,86.5359,74.1
2006-02-04,83.8277,74.1
2006-02-05,80.7756,74.4
2006-02-06,78.436,75.4
2006-02-07,79.1796,76.6
2006-02-08,77.6109,77.3
2006-02-09,77.5225,77.3
2006-02-10,76.6756,76.7
2006-02-11,77.3467,74.8
2006-02-12,77.7898,74.5
2006-02-13,81.9173,74.2
2006-02-14,82.4938,74.4
2006-02-15,79.4863,73.6
2006-02-16,76.8965,74.4
2006-02-17,76.5004,74.5
2006-02-18,80.394,75.0
2006-02-19,82.3889,75.5
2006-02-20,79.2027,75.7
2006-02-21,79.4779,75.6
2006-02-22,79.8799,74.7
2006-02-23,80.5163,74.2
2006-02-24,80.6356,73.8
2006-02-25,80.4205,73.0
2006-02-26,78.4348,72.5
2006-02-27,80.1678,73.3
2006-02-28,79.3585,71.3
2006-03-01,76.8249,71.8
2006-03-02,77.9222,71.2
2006-03-03,78.8752,73.1
2006-03-04,79.5509,72.3
2006-03-05,79.5471,71.7
2006-03-06,75.8232,72.8
2006-03-07,71.8736,73.4
2006-03-08,73.3324,71.7
2006-03-09,76.665,71.3
2006-03-10,78.7213,71.7
2006-03-11,82.5102,74.6
2006-03-12,82.5778,76.2
2006-03-13,81.069,76.1
2006-03-14,82.5921,75.4
2006-03-15,83.5757,76.1
2006-03-16,80.9823,75.4
2006-03-17,77.1411,75.2
2006-03-18,75.1886,73.3
2006-03-19,73.9883,74.0
2006-03-20,72.0492,79.0
2006-03-21,69.07,81.5
2006-03-22,68.7818,83.7
2006-03-23,70.5232,86.1
2006-03-24,71.6718,86.9
2006-03-25,76.194,91.1
2006-03-26,75.8072,100.4
2006-03-27,77.3208,99.6
2006-03-28,83.9509,99.1
2006-03-29,83.1004,99.1
2006-03-30,80.3217,94.7
2006-03-31,79.5516,91.3
2006-04-01,76.2419,89.5
2006-04-02,76.8754,89.1
2006-04-03,79.9854,90.1
2006-04-04,78.0454,81.6
2006-04-05,79.8082,80.5
2006-04-06,80.5081,79.4
2006-04-07,79.4796,78.9
2006-04-08,77.6592,77.0
2006-04-09,76.7573,78.5
2006-04-10,80.1428,76.1
2006-04-11,83.742,76.5
2006-04-12,79.3117,79.3
2006-04-13,77.9804,80.0
2006-04-14,79.242,83.2
2006-04-15,80.6546,87.7
2006-04-16,80.8027,93.9
2006-04-17,84.6284,96.3
2006-04-18,87.7173,101.3
2006-04-19,91.5962,102.0
2006-04-20,93.2415,101.5
2006-04-21,95.0611,102.7
2006-04-22,96.7062,101.4
2006-04-23,99.9912,94.8
2006-04-24,99.0292,90.9
2006-04-25,98.859,90.4
2006-04-26,97.6111,93.4
2006-04-27,93.5341,88.2
2006-04-28,89.1202,88.6
2006-04-29,83.4266,87.8
2006-04-30,86.0827,86.3
2006-05-01,82.9603,84.2
2006-05-02,81.2251,79.8
2006-05-03,77.9037,77.9
2006-05-04,82.327,77.3
2006-05-05,79.5585,75.0
2006-05-06,80.0307,73.6
2006-05-07,80.4133,73.2
2006-05-08,78.3143,73.1
2006-05-09,75.8332,73.6
2006-05-10,73.7468,75.0
2006-05-11,75.2816,77.1
2006-05-12,77.5805,78.0
2006-05-13,79.5668,79.4
2006-05-14,79.5996,85.1
2006-05-15,84.7508,86.3
2006-05-16,88.4196,85.9
2006-05-17,89.3531,85.9
2006-05-18,91.6446,83.8
2006-05-19,90.6841,85.2
2006-05-20,88.1803,87.0
2006-05-21,85.8227,83.3
2006-05-22,85.7277,82.3
2006-05-23,88.745,80.6
2006-05-24,88.8674,79.4
2006-05-25,84.9504,77.5
2006-05-26,84.8316,78.1
2006-05-27,85.0454,77.8
2006-05-28,85.0997,80.2
2006-05-29,79.2648,80.3
2006-05-30,75.8811,85.2
2006-05-31,74.8392,82.5
2006-06-01,74.6025,80.0
2006-06-02,76.2492,78.5
2006-06-03,80.3717,76.7
2006-06-04,84.6575,76.5
2006-06-05,84.34,79.5
2006-06-06,84.3088,77.7
2006-06-07,85.3302,78.8
2006-06-08,84.6099,77.7
2006-06-09,80.5839,75.6
2006-06-10,80.8622,75.7
2006-06-11,83.9017,75.7
2006-06-12,84.5653,75.3
2006-06-13,89.128,75.1
2006-06-14,88.5358,74.4
2006-06-15,88.5531,74.1
2006-06-16,90.7664,76.1
2006-06-17,84.2076,76.5
2006-06-18,79.5367,79.0
2006-06-19,77.0678,81.2
2006-06-20,75.4417,86.3
2006-06-21,74.5603,88.4
2006-06-22,75.0859,89.0
2006-06-23,77.6834,88.4
2006-06-24,79.9161,90.0
2006-06-25,82.7875,88.8
2006-06-26,83.1754,95.1
2006-06-27,80.355,87.5
2006-06-28,82.322,87.9
2006-06-29,83.3934,82.6
2006-06-30,83.4044,80.0
2006-07-01,79.9486,77.1
2006-07-02,81.043,75.2
2006-07-03,81.082,73.6
2006-07-04,84.5603,72.9
2006-07-05,87.194,72.2
2006-07-06,85.6385,73.3
2006-07-07,82.4912,72.6
2006-07-08,78.2284,73.2
2006-07-09,75.9374,73.3
2006-07-10,76.2341,73.6
2006-07-11,78.1576,73.4
2006-07-12,80.2092,74.5
2006-07-13,78.6507,75.0
2006-07-14,84.3213,75.9
2006-07-15,83.6462,78.9
2006-07-16,79.7398,79.5
2006-07-17,78.1121,77.9
2006-07-18,76.5299,77.0
2006-07-19,75.8053,76.7
2006-07-20,76.3743,74.9
2006-07-21,76.643,75.2
2006-07-22,84.4012,76.2
2006-07-23,86.4558,74.6
2006-07-24,84.3738,74.9
2006-07-25,78.2143,74.3
2006-07-26,75.581,73.4
2006-07-27,74.7147,71.6
2006-07-28,74.2301,71.5
2006-07-29,74.5874,71.5
2006-07-30,76.881,71.8
2006-07-31,75.5549,73.4
2006-08-01,75.7168,76.1
2006-08-02,75.6649,82.5
2006-08-03,74.6249,86.2
2006-08-04,72.2703,87.0
2006-08-05,73.7482,88.1
2006-08-06,74.9227,88.6
2006-08-07,75.6198,87.8
2006-08-08,79.0935,96.4
2006-08-09,80.8442,88.0
2006-08-10,81.3495,90.6
2006-08-11,82.0385,90.9
2006-08-12,83.0578,90.2
2006-08-13,80.1158,89.8
2006-08-14,81.063,82.7
2006-08-15,81.282,80.1
2006-08-16,85.1033,79.9
2006-08-17,80.2079,78.9
2006-08-18,78.951,77.3
2006-08-19,78.4935,80.2
2006-08-20,77.6253,78.0
2006-08-21,82.047,74.4
2006-08-22,80.545,75.7
2006-08-23,78.5079,84.7
2006-08-24,78.0205,78.3
2006-08-25,74.7406,76.9
2006-08-26,78.5259,77.8
2006-08-27,81.5088,80.3
2006-08-28,80.9158,81.7
2006-08-29,78.4229,85.3
2006-08-30,80.4053,88.1
2006-08-31,85.6381,88.5
2006-09-01,83.4267,86.7
2006-09-02,80.925,88.5
2006-09-03,81.6502,85.7
2006-09-04,84.2425,85.1
2006-09-05,89.2341,83.9
2006-09-06,88.7208,83.8
2006-09-07,89.2292,81.0
2006-09-08,88.1935,80.1
2006-09-09,81.4533,78.8
2006-09-10,77.4087,75.1
2006-09-11,75.5792,74.0
2006-09-12,74.4128,71.5
2006-09-13,74.3412,72.0
2006-09-14,75.9622,72.9
2006-09-15,77.153,70.9
2006-09-16,77.6499,70.3
2006-09-17,77.3744,70.6
2006-09-18,78.805,71.0
2006-09-19,80.5725,72.4
2006-09-20,80.408,73.3
2006-09-21,82.8977,76.8
2006-09-22,84.486,77.9
2006-09-23,84.8119,78.6
2006-09-24,84.2688,78.0
2006-09-25,87.3942,76.7
2006-09-26,91.9572,76.7
2006-09-27,93.2236,77.3
2006-09-28,92.7907,76.3
2006-09-29,91.5327,76.4
2006-09-30,88.6496,75.1
2006-10-01,84.715,74.8
2006-10-02,79.5241,75.0
2006-10-03,76.9156,73.3
2006-10-04,74.9625,73.3
2006-10-05,73.553,72.9
2006-10-06,70.9113,72.0
2006-10-07,71.3585,70.7
2006-10-08,71.7628,69.1
2006-10-09,73.0001,69.1
2006-10-10,75.8008,69.0
2006-10-11,74.8839,69.0
2006-10-12,77.5695,70.4
2006-10-13,80.8661,74.0
2006-10-14,82.372,75.1
2006-10-15,82.5443,75.7
2006-10-16,81.8887,74.0
2006-10-17,80.4913,73.9
2006-10-18,79.7739,71.0
2006-10-19,79.9118,71.1
2006-10-20,79.3087,73.7
2006-10-21,79.7584,72.3
2006-10-22,80.4486,74.6
2006-10-23,79.9086,78.9
2006-10-24,76.887,85.3
2006-10-25,74.029,86.8
2006-10-26,73.3508,86.0
2006-10-27,75.9027,84.0
2006-10-28,74.8591,83.2
2006-10-29,76.1888,82.1
2006-10-30,83.1239,85.6
2006-10-31,86.1675,84.8
2006-11-01,89.206,87.7
2006-11-02,88.4647,89.3
2006-11-03,83.2142,95.0
2006-11-04,80.7911,94.7
2006-11-05,79.1921,93.2
2006-11-06,76.5201,92.5
2006-11-07,79.1682,94.0
2006-11-08,81.4656,92.0
2006-11-09,84.0694,87.4
2006-11-10,87.2648,86.8
2006-11-11,91.0161,82.9
2006-11-12,85.3216,78.6
2006-11-13,85.6152,75.6
2006-11-14,85.2335,74.6
2006-11-15,84.0654,74.9
2006-11-16,77.2272,75.5
2006-11-17,75.1198,76.5
2006-11-18,74.9303,76.2
2006-11-19,73.5641,80.2
2006-11-20,71.9879,83.2
2006-11-21,71.7464,82.7
2006-11-22,77.1162,81.8
2006-11-23,84.0936,81.8
2006-11-24,82.8158,84.8
2006-11-25,88.5779,84.6
2006-11-26,89.2823,93.6
2006-11-27,91.0393,99.4
2006-11-28,91.647,99.7
2006-11-29,90.3675,94.4
2006-11-30,83.9154,93.1
2006-12-01,82.4185,89.6
2006-12-02,81.7242,87.3
2006-12-03,80.4138,89.4
2006-12-04,86.2643,101.0
2006-12-05,91.5092,93.5
2006-12-06,92.1329,91.4
2006-12-07,89.0625,85.4
2006-12-08,86.3703,80.0
2006-12-09,83.2375,79.5
2006-12-10,79.8217,73.0
2006-12-11,79.8789,72.0
2006-12-12,85.0802,70.3
2006-12-13,81.2323,71.6
2006-12-14,81.3707,72.2
2006-12-15,80.8453,71.2
2006-12-16,79.1821,71.9
2006-12-17,79.5007,73.9
2006-12-18,78.2364,72.5
2006-12-19,80.898,70.9
2006-12-20,82.8079,73.8
2006-12-21,85.1901,75.8
2006-12-22,84.5322,78.2
2006-12-23,83.2147,82.3
2006-12-24,85.3645,85.5
2006-12-25,85.3383,88.6
2006-12-26,82.6817,84.8
2006-12-27,79.0346,88.0
2006-12-28,79.4939,86.5
2006-12-29,82.3764,85.6
2006-12-30,89.6615,85.3
2006-12-31,90.9246,85.7
2007-01-01,89.597,89.1
2007-01-02,89.1675,83.3
2007-01-03,86.0575,81.2
2007-01-04,86.8897,81.0
2007-01-05,80.2952,78.7
2007-01-06,79.9176,79.4
2007-01-07,76.1048,79.3
2007-01-08,71.719,76.1
2007-01-09,72.6735,75.6
2007-01-10,70.4885,74.4
2007-01-11,70.4295,73.9
2007-01-12,71.69,76.3
2007-01-13,77.0219,76.1
2007-01-14,80.7672,76.0
2007-01-15,85.7678,76.8
2007-01-16,84.0806,77.9
2007-01-17,85.5458,77.5
2007-01-18,86.5316,77.3
2007-01-19,89.3194,78.0
2007-01-20,90.826,79.3
2007-01-21,89.6075,84.1
2007-01-22,89.4658,84.9
2007-01-23,90.3191,86.6
2007-01-24,90.7902,87.3
2007-01-25,90.888,87.7
2007-01-26,93.5797,84.8
2007-01-27,93.5733,81.3
2007-01-28,93.1775,80.7
2007-01-29,94.0022,79.6
2007-01-30,91.4726,79.8
2007-01-31,90.5522,76.3
2007-02-01,85.6656,74.6
2007-02-02,82.5058,73.9
2007-02-03,76.1795,72.8
2007-02-04,73.2682,71.8
2007-02-05,72.7667,70.9
2007-02-06,73.8333,70.9
2007-02-07,75.5502,71.8
2007-02-08,74.233,72.9
2007-02-09,73.8359,73.5
2007-02-10,75.3098,74.1
2007-02-11,76.7293,73.2
2007-02-12,79.4301,73.1
2007-02-13,81.9778,73.2
2007-02-14,84.0559,73.9
2007-02-15,85.7448,73.6
2007-02-16,87.5708,73.9
2007-02-17,90.7455,75.1
2007-02-18,91.0643,73.9
2007-02-19,87.9236,73.4
2007-02-20,85.4205,74.4
2007-02-21,84.344,73.4
2007-02-22,87.6826,74.2
2007-02-23,87.584,72.0
2007-02-24,85.8891,71.3
2007-02-25,85.0289,70.8
2007-02-26,82.1035,70.8
2007-02-27,79.1998,71.8
2007-02-28,77.6668,71.4
2007-03-01,74.0728,70.6
2007-03-02,70.9199,70.2
2007-03-03,69.1423,70.1
2007-03-04,68.7116,70.3
2007-03-05,68.3288,70.6
2007-03-06,68.2283,69.2
2007-03-07,68.0233,68.5
2007-03-08,73.3671,68.0
2007-03-09,76.7696,68.6
2007-03-10,76.0954,69.8
2007-03-11,78.969,69.5
2007-03-12,80.3638,72.0
2007-03-13,80.784,72.3
2007-03-14,80.8228,72.0
2007-03-15,80.8262,72.0
2007-03-16,80.5001,72.4
2007-03-17,80.4674,73.3
2007-03-18,81.7136,73.5
2007-03-19,81.6094,73.0
2007-03-20,82.3836,74.3
2007-03-21,81.9333,73.6
2007-03-22,80.8742,73.9
2007-03-23,79.1566,73.1
2007-03-24,77.0405,71.6
2007-03-25,73.1448,71.1
2007-03-26,74.2896,70.8
2007-03-27,74.1584,70.8
2007-03-28,77.1542,71.0
2007-03-29,78.0907,71.1
2007-03-30,77.9296,71.4
2007-03-31,75.7351,71.3
2007-04-01,75.9171,70.2
2007-04-02,74.0344,69.7
2007-04-03,74.5133,69.5
2007-04-04,77.7359,68.6
2007-04-05,80.5022,68.6
2007-04-06,81.379,68.6
2007-04-07,81.2353,69.8
2007-04-08,80.2453,69.8
2007-04-09,77.4028,69.8
2007-04-10,76.5976,69.3
2007-04-11,76.0527,68.9
2007-04-12,75.213,69.1
2007-04-13,73.7815,69.4
2007-04-14,73.7138,69.7
2007-04-15,73.6638,69.8
2007-04-16,73.691,74.0
2007-04-17,73.2702,77.4
2007-04-18,71.1731,81.5
2007-04-19,72.3012,83.8
2007-04-20,73.3896,86.1
2007-04-21,74.0476,86.0
2007-04-22,74.5219,88.2
2007-04-23,74.7236,87.6
2007-04-24,76.8989,88.8
2007-04-25,82.5956,84.4
2007-04-26,84.4301,83.9
2007-04-27,84.329,82.4
2007-04-28,84.7348,79.4
2007-04-29,80.925,77.1
2007-04-30,78.4241,74.7
2007-05-01,75.9264,73.5
2007-05-02,74.4706,72.6
2007-05-03,68.4183,72.9
2007-05-04,67.9605,72.9
2007-05-05,68.0207,75.0
2007-05-06,67.5464,74.4
2007-05-07,67.2988,78.5
2007-05-08,68.1401,78.9
2007-05-09,69.1906,78.3
2007-05-10,70.7991,77.6
2007-05-11,73.9008,76.6
2007-05-12,77.1634,75.9
2007-05-13,79.2175,75.0
2007-05-14,83.9376,73.7
2007-05-15,86.8347,71.9
2007-05-16,86.7024,71.7
2007-05-17,83.3667,69.9
2007-05-18,81.214,69.5
2007-05-19,79.1032,68.8
2007-05-20,78.6019,70.5
2007-05-21,76.784,71.5
2007-05-22,74.5647,72.6
2007-05-23,73.0336,76.7
2007-05-24,73.8688,81.6
2007-05-25,69.3321,85.6
2007-05-26,69.6157,89.5
2007-05-27,70.129,88.2
2007-05-28,72.8137,84.8
2007-05-29,78.7093,87.13
2007-05-30,79.1267,88.11
2007-05-31,78.597,86.8
2007-06-01,83.0405,81.0
2007-06-02,84.1706,78.2
2007-06-03,83.8828,75.6
2007-06-04,82.2025,72.6
2007-06-05,75.7006,73.1
2007-06-06,74.2885,70.6
2007-06-07,73.6106,71.3
2007-06-08,72.3498,70.2
2007-06-09,67.2561,68.9
2007-06-10,67.6912,68.8
2007-06-11,68.7025,68.5
2007-06-12,68.774,67.8
2007-06-13,70.8475,67.6
2007-06-14,71.2839,67.5
2007-06-15,74.6469,68.1
2007-06-16,76.8846,69.1
2007-06-17,77.9869,69.8
2007-06-18,78.8936,72.8
2007-06-19,79.2199,75.7
2007-06-20,78.9727,77.4
2007-06-21,79.757,77.8
2007-06-22,79.9496,76.4
2007-06-23,80.0456,76.8
2007-06-24,80.0966,75.1
2007-06-25,84.001,74.2
2007-06-26,85.1434,74.9
2007-06-27,84.8193,73.9
2007-06-28,83.0217,73.5
2007-06-29,80.2691,75.5
2007-06-30,76.8831,77.6
2007-07-01,72.661,79.7
2007-07-02,70.5004,80.8
2007-07-03,67.6499,81.1
2007-07-04,67.8661,79.5
2007-07-05,67.5982,80.6
2007-07-06,67.2917,78.2
2007-07-07,71.9438,77.1
2007-07-08,76.7517,75.3
2007-07-09,79.1861,74.7
2007-07-10,81.8011,71.8
2007-07-11,80.6652,70.5
2007-07-12,80.2067,69.5
2007-07-13,80.2712,68.6
2007-07-14,79.274,68.3
2007-07-15,78.5354,69.3
2007-07-16,76.7918,70.2
2007-07-17,76.4159,70.8
2007-07-18,77.1523,70.6
2007-07-19,77.521,70.9
2007-07-20,77.4184,72.1
2007-07-21,78.1084,71.1
2007-07-22,77.7324,71.0
2007-07-23,78.0316,70.1
2007-07-24,78.2583,70.4
2007-07-25,78.2579,71.5
2007-07-26,77.7963,72.4
2007-07-27,77.5255,71.4
2007-07-28,78.3388,70.9
2007-07-29,77.1976,72.0
2007-07-30,77.2267,71.0
2007-07-31,74.3721,71.0
2007-08-01,75.9116,69.3
2007-08-02,77.0909,69.3
2007-08-03,79.5819,69.5
2007-08-04,78.1032,70.0
2007-08-05,75.6721,69.5
2007-08-06,74.6738,70.3
2007-08-07,71.1819,69.3
2007-08-08,68.1437,69.0
2007-08-09,69.2196,69.3
2007-08-10,70.1339,69.6
2007-08-11,69.7833,69.4
2007-08-12,72.2915,70.7
2007-08-13,73.7424,70.9
2007-08-14,71.7965,71.6
2007-08-15,74.3431,72.4
2007-08-16,75.8663,73.2
2007-08-17,76.6369,73.1
2007-08-18,76.7772,71.6
2007-08-19,76.1796,70.7
2007-08-20,77.3782,71.6
2007-08-21,82.1375,71.0
2007-08-22,81.6684,73.0
2007-08-23,80.0295,72.2
2007-08-24,79.3381,72.1
2007-08-25,74.9124,70.6
2007-08-26,72.4583,69.1
2007-08-27,71.2378,69.4
2007-08-28,70.8312,68.8
2007-08-29,68.6818,67.8
2007-08-30,69.6256,68.2
2007-08-31,69.973,67.6
2007-09-01,69.816,67.7
2007-09-02,69.3089,67.9
2007-09-03,67.9321,67.0
2007-09-04,69.9216,66.7
2007-09-05,71.0955,67.2
2007-09-06,70.1493,67.6
2007-09-07,74.1264,68.5
2007-09-08,76.0118,67.8
2007-09-09,77.0184,67.6
2007-09-10,77.3216,67.1
2007-09-11,76.6191,67.4
2007-09-12,75.9172,67.4
2007-09-13,76.5844,67.4
2007-09-14,76.7716,67.2
2007-09-15,76.8494,66.8
2007-09-16,75.9283,66.5
2007-09-17,74.0059,66.6
2007-09-18,73.4772,66.8
2007-09-19,73.3023,67.4
2007-09-20,72.9803,67.4
2007-09-21,71.6118,67.8
2007-09-22,70.7034,65.1
2007-09-23,70.1213,67.8
2007-09-24,69.8825,66.5
2007-09-25,70.0445,67.3
2007-09-26,70.3797,67.4
2007-09-27,70.9477,67.8
2007-09-28,71.5325,68.9
2007-09-29,70.4,68.1
2007-09-30,68.0458,67.9
2007-10-01,66.1062,68.6
2007-10-02,69.161,67.9
2007-10-03,71.4761,68.6
2007-10-04,72.2996,68.3
2007-10-05,72.3627,67.3
2007-10-06,72.951,66.7
2007-10-07,71.1031,66.8
2007-10-08,71.1353,66.7
2007-10-09,68.7556,67.0
2007-10-10,69.0585,67.7
2007-10-11,69.9614,66.8
2007-10-12,70.1254,66.3
2007-10-13,69.7126,66.6
2007-10-14,69.2795,66.0
2007-10-15,69.4429,66.4
2007-10-16,69.7246,66.8
2007-10-17,70.2587,66.3
2007-10-18,71.0065,66.7
2007-10-19,70.9291,66.2
2007-10-20,70.8598,66.6
2007-10-21,71.1239,66.2
2007-10-22,70.938,66.3
2007-10-23,71.1358,66.1
2007-10-24,71.3457,66.3
2007-10-25,71.0731,66.8
2007-10-26,71.1231,66.5
2007-10-27,70.7567,66.5
2007-10-28,70.762,66.2
2007-10-29,70.4352,67.3
2007-10-30,70.3139,66.9
2007-10-31,70.0836,68.4
2007-11-01,70.0502,68.2
2007-11-02,70.2095,68.4
2007-11-03,70.008,67.7
2007-11-04,69.9129,68.3
2007-11-05,69.6943,68.4
2007-11-06,70.5738,68.9
2007-11-07,69.1335,67.7
2007-11-08,69.978,69.1
2007-11-09,70.1454,68.2
2007-11-10,70.4222,67.2
2007-11-11,70.2084,67.9
2007-11-12,70.5256,68.0
2007-11-13,70.6634,67.4
2007-11-14,70.9664,68.0
2007-11-15,70.4661,68.3
2007-11-16,71.8505,69.5
2007-11-17,69.2666,68.8
2007-11-18,67.612,69.6
2007-11-19,69.0472,69.6
2007-11-20,71.1362,69.3
2007-11-21,71.7643,69.3
2007-11-22,72.1741,69.2
2007-11-23,70.9867,69.9
2007-11-24,71.0514,71.0
2007-11-25,69.2091,70.5
2007-11-26,67.5616,71.5
2007-11-27,67.5974,73.1
2007-11-28,68.9663,75.9
2007-11-29,70.0382,79.8
2007-11-30,70.5636,84.4
2007-12-01,71.8069,86.2
2007-12-02,73.4069,84.3
2007-12-03,73.2979,90.5
2007-12-04,71.8982,91.1
2007-12-05,72.064,90.9
2007-12-06,76.334,89.0
2007-12-07,78.2936,86.1
2007-12-08,79.0828,79.1
2007-12-09,75.8075,76.9
2007-12-10,72.1383,74.4
2007-12-11,73.2689,72.1
2007-12-12,72.7837,70.2
2007-12-13,72.735,68.7
2007-12-14,70.4282,69.1
2007-12-15,70.4572,69.1
2007-12-16,67.4267,69.1
2007-12-17,67.7226,69.7
2007-12-18,67.6052,70.2
2007-12-19,68.6236,69.7
2007-12-20,71.1552,69.5
2007-12-21,74.2734,70.3
2007-12-22,76.7634,72.5
2007-12-23,77.9437,74.2
2007-12-24,77.2796,76.7
2007-12-25,76.9679,77.0
2007-12-26,76.7225,76.7
2007-12-27,76.0346,76.4
2007-12-28,75.436,77.1
2007-12-29,76.3674,76.6
2007-12-30,77.5712,75.2
2007-12-31,78.4114,73.0
2008-01-01,81.0659,74.0
2008-01-02,79.3884,73.2
2008-01-03,77.212,73.5
2008-01-04,72.7,73.2
2008-01-05,71.8037,72.9
2008-01-06,71.7284,73.1
2008-01-07,70.3875,71.3
2008-01-08,68.4252,70.6
2008-01-09,68.8261,71.3
2008-01-10,73.1822,68.8
2008-01-11,74.1097,68.6
2008-01-12,71.0993,68.0
2008-01-13,71.6672,69.3
2008-01-14,72.7153,68.1
2008-01-15,72.7955,68.4
2008-01-16,73.2074,69.1
2008-01-17,74.2932,68.9
2008-01-18,73.7963,70.3
2008-01-19,74.1478,69.8
2008-01-20,74.3253,69.2
2008-01-21,75.357,69.5
2008-01-22,75.1285,70.6
2008-01-23,75.3543,69.9
2008-01-24,75.7266,69.0
2008-01-25,75.5931,69.8
2008-01-26,76.0876,69.55
2008-01-27,75.6758,69.3
2008-01-28,75.0297,68.5
2008-01-29,75.1226,69.6
2008-01-30,77.9605,68.9
2008-01-31,74.2253,69.0
2008-02-01,71.7915,70.3
2008-02-02,70.8965,70.7
2008-02-03,70.6867,70.2
2008-02-04,70.2999,70.3
2008-02-05,69.2435,68.7
2008-02-06,71.0449,68.8
2008-02-07,71.4645,68.0
2008-02-08,71.5984,68.6
2008-02-09,72.1272,69.4
2008-02-10,72.1603,69.5
2008-02-11,71.936,70.0
2008-02-12,72.1574,69.3
2008-02-13,71.7055,70.3
2008-02-14,72.1195,70.8
2008-02-15,72.2379,70.1
2008-02-16,73.0359,69.3
2008-02-17,73.9775,69.9
2008-02-18,74.4956,69.3
2008-02-19,75.0349,69.4
2008-02-20,74.8628,68.7
2008-02-21,75.3426,68.5
2008-02-22,75.6048,67.4
2008-02-23,75.191,68.0
2008-02-24,74.5763,67.3
2008-02-25,74.375,67.2
2008-02-26,72.4256,68.2
2008-02-27,71.3771,69.3
2008-02-28,68.3691,69.5
2008-02-29,71.2883,68.8
2008-03-01,72.384,68.5
2008-03-02,73.6298,69.4
2008-03-03,76.0322,69.3
2008-03-04,73.186,68.5
2008-03-05,70.898,68.7
2008-03-06,73.3568,69.1
2008-03-07,73.641,68.8
2008-03-08,73.7621,69.6
2008-03-09,73.9412,69.1
2008-03-10,73.6696,69.0
2008-03-11,74.2775,68.4
2008-03-12,74.3578,67.9
2008-03-13,74.7718,67.7
2008-03-14,74.0447,69.1
2008-03-15,73.1283,71.5
2008-03-16,72.1305,79.0
2008-03-17,71.3375,88.2
2008-03-18,71.8507,81.2
2008-03-19,73.09,84.5
2008-03-20,73.879,82.6
2008-03-21,73.1857,82.4
2008-03-22,74.5107,80.4
2008-03-23,76.444,79.1
2008-03-24,83.1524,77.7
2008-03-25,85.8348,75.9
2008-03-26,81.1281,76.4
2008-03-27,79.7293,73.1
2008-03-28,77.1761,71.1
2008-03-29,70.7458,69.5
2008-03-30,69.9902,69.3
2008-03-31,67.6285,70.0
2008-04-01,66.0727,68.2
2008-04-02,64.3331,68.1
2008-04-03,66.1472,67.4
2008-04-04,68.71,68.5
2008-04-05,67.4631,69.7
2008-04-06,69.3797,69.0
2008-04-07,71.5924,69.7
2008-04-08,73.7966,70.0
2008-04-09,74.26,69.8
2008-04-10,74.9531,70.8
2008-04-11,75.0772,71.7
2008-04-12,75.8351,71.5
2008-04-13,79.6104,71.6
2008-04-14,78.1426,72.1
2008-04-15,75.1822,71.5
2008-04-16,76.6756,71.2
2008-04-17,76.5275,70.7
2008-04-18,75.4091,69.9
2008-04-19,74.6954,69.0
2008-04-20,70.4848,69.4
2008-04-21,71.3556,69.6
2008-04-22,72.3181,68.0
2008-04-23,71.3361,69.6
2008-04-24,70.1284,69.2
2008-04-25,70.0575,68.5
2008-04-26,70.9817,69.5
2008-04-27,71.53,68.8
2008-04-28,72.3294,68.4
2008-04-29,72.6393,67.8
2008-04-30,72.1744,67.7
2008-05-01,75.355,68.6
2008-05-02,72.7165,68.7
2008-05-03,72.5602,69.4
2008-05-04,74.0837,69.5
2008-05-05,72.7283,69.7
2008-05-06,71.5627,70.5
2008-05-07,72.4394,72.7
2008-05-08,73.2233,73.2
2008-05-09,73.9677,72.8
2008-05-10,74.0068,73.3
2008-05-11,74.1078,70.5
2008-05-12,73.872,70.2
2008-05-13,75.8645,70.8
2008-05-14,72.7162,71.0
2008-05-15,75.9641,69.6
2008-05-16,76.428,70.3
2008-05-17,75.0245,70.1
2008-05-18,74.3601,69.8
2008-05-19,67.684,69.7
2008-05-20,67.5757,69.6
2008-05-21,69.4463,69.9
2008-05-22,72.0618,69.0
2008-05-23,72.866,68.8
2008-05-24,73.6985,68.5
2008-05-25,73.7341,69.0
2008-05-26,72.1242,68.2
2008-05-27,73.2192,67.1
2008-05-28,73.7318,68.4
2008-05-29,74.2296,67.9
2008-05-30,74.0053,67.6
2008-05-31,73.9486,66.9
2008-06-01,73.8331,68.0
2008-06-02,73.9391,68.2
2008-06-03,73.5933,67.8
2008-06-04,73.056,69.2
2008-06-05,76.0491,68.6
2008-06-06,72.638,69.2
2008-06-07,72.3232,68.6
2008-06-08,72.2515,67.4
2008-06-09,72.9814,68.1
2008-06-10,76.4999,67.5
2008-06-11,76.0444,67.0
2008-06-12,73.1005,67.3
2008-06-13,71.4394,67.0
2008-06-14,70.2244,67.5
2008-06-15,73.0376,67.5
2008-06-16,73.6485,68.0
2008-06-17,73.2689,68.1
2008-06-18,71.9692,67.5
2008-06-19,68.9402,68.3
2008-06-20,68.3004,68.1
2008-06-21,67.9214,68.8
2008-06-22,68.3294,68.9
2008-06-23,67.3492,67.8
2008-06-24,69.0699,68.2
2008-06-25,70.3063,67.7
2008-06-26,70.628,67.6
2008-06-27,71.2592,67.3
2008-06-28,71.1909,68.3
2008-06-29,71.631,67.7
2008-06-30,71.8922,67.8
2008-07-01,71.5423,68.3
2008-07-02,71.8199,67.6
2008-07-03,71.7232,67.9
2008-07-04,71.7614,67.1
2008-07-05,71.6822,67.4
2008-07-06,72.1948,67.8
2008-07-07,71.972,67.9
2008-07-08,71.9378,66.7
2008-07-09,72.0823,67.1
2008-07-10,71.6525,67.4
2008-07-11,71.6146,68.5
2008-07-12,71.0914,68.0
2008-07-13,71.0584,68.4
2008-07-14,71.1631,68.0
2008-07-15,71.1571,67.6
2008-07-16,70.5025,67.5
2008-07-17,70.5548,67.9
2008-07-18,71.2967,68.1
2008-07-19,70.8056,68.4
2008-07-20,70.1522,68.3
2008-07-21,69.6574,68.1
2008-07-22,70.196,68.5
2008-07-23,70.5011,67.5
2008-07-24,70.5788,68.1
2008-07-25,70.7196,68.2
2008-07-26,70.7443,67.4
2008-07-27,70.686,68.2
2008-07-28,70.6275,68.4
2008-07-29,70.6062,68.9
2008-07-30,70.9249,68.0
2008-07-31,70.6172,67.3
2008-08-01,71.0023,67.3
2008-08-02,71.2254,67.4
2008-08-03,70.9599,67.5
2008-08-04,71.3584,66.9
2008-08-05,71.5257,67.0
2008-08-06,71.7751,67.6
2008-08-07,71.3135,67.0
2008-08-08,70.8371,67.8
2008-08-09,70.7016,68.2
2008-08-10,70.6851,67.8
2008-08-11,70.7004,68.9
2008-08-12,70.3873,67.4
2008-08-13,70.3602,68.7
2008-08-14,70.6211,69.1
2008-08-15,70.3408,69.4
2008-08-16,70.6545,68.6
2008-08-17,70.8462,68.0
2008-08-18,70.6232,68.3
2008-08-19,71.0525,68.0
2008-08-20,70.3205,67.4
2008-08-21,72.2608,68.1
2008-08-22,71.9876,68.4
2008-08-23,69.716,67.9
2008-08-24,69.4485,67.0
2008-08-25,69.5214,67.2
2008-08-26,69.9588,67.3
2008-08-27,70.0742,67.0
2008-08-28,69.9582,66.3
2008-08-29,70.4145,66.8
2008-08-30,70.7454,67.6
2008-08-31,70.6534,68.0
2008-09-01,70.263,68.0
2008-09-02,70.3594,68.1
2008-09-03,70.4738,67.8
2008-09-04,70.3948,67.1
2008-09-05,70.0785,67.2
2008-09-06,70.2977,67.6
2008-09-07,70.7322,68.2
2008-09-08,70.983,70.1
2008-09-09,70.9707,67.7
2008-09-10,70.9342,67.8
2008-09-11,70.9453,68.4
2008-09-12,69.4068,68.4
2008-09-13,69.482,68.4
2008-09-14,69.8204,69.6
2008-09-15,70.2987,69.8
2008-09-16,71.3264,68.8
2008-09-17,70.3035,68.6
2008-09-18,70.1498,68.0
2008-09-19,70.5187,67.6
2008-09-20,70.4484,67.3
2008-09-21,70.4438,67.0
2008-09-22,70.5237,66.4
2008-09-23,68.3601,65.9
2008-09-24,68.3229,66.4
2008-09-25,69.6619,67.2
2008-09-26,70.3714,66.6
2008-09-27,70.4723,67.4
2008-09-28,70.4415,67.2
2008-09-29,72.2721,66.6
2008-09-30,69.2961,67.5
2008-10-01,68.9754,68.5
2008-10-02,69.607,68.7
2008-10-03,70.3992,70.5
2008-10-04,71.0472,69.7
2008-10-05,69.9145,70.5
2008-10-06,70.0889,70.0
2008-10-07,70.1506,70.5
2008-10-08,70.7113,71.4
2008-10-09,71.2518,69.5
2008-10-10,71.8719,68.6
2008-10-11,74.067,69.0
2008-10-12,70.3338,68.6
2008-10-13,69.5075,68.2
2008-10-14,69.1481,67.0
2008-10-15,69.5071,66.5
2008-10-16,69.1429,66.7
2008-10-17,68.0927,66.7
2008-10-18,68.3294,66.0
2008-10-19,69.8979,66.1
2008-10-20,70.7411,66.2
2008-10-21,70.899,65.8
2008-10-22,70.4966,65.9
2008-10-23,70.3522,67.1
2008-10-24,70.603,65.6
2008-10-25,70.8175,68.0
2008-10-26,70.6529,68.3
2008-10-27,70.7955,66.8
2008-10-28,70.9412,66.5
2008-10-29,71.7785,67.3
2008-10-30,70.4876,66.5
2008-10-31,72.1455,67.0
2008-11-01,69.7719,67.1
2008-11-02,69.5373,67.9
2008-11-03,67.2734,70.0
2008-11-04,66.6891,69.5
2008-11-05,67.1487,67.6
2008-11-06,67.612,66.8
2008-11-07,67.5003,66.7
2008-11-08,68.8936,66.2
2008-11-09,69.9747,66.2
2008-11-10,68.7592,68.2
2008-11-11,71.6444,67.7
2008-11-12,71.1581,67.9
2008-11-13,68.0023,66.8
2008-11-14,68.5949,67.3
2008-11-15,69.3121,67.2
2008-11-16,69.7978,66.1
2008-11-17,71.2234,66.0
2008-11-18,72.023,66.5
2008-11-19,73.0078,66.4
2008-11-20,73.7474,65.2
2008-11-21,72.2525,66.4
2008-11-22,71.6893,66.5
2008-11-23,71.1847,66.2
2008-11-24,70.3677,67.0
2008-11-25,70.1224,67.2
2008-11-26,70.3337,67.6
2008-11-27,70.3515,66.8
2008-11-28,70.7778,67.1
2008-11-29,71.8058,67.0
2008-11-30,72.0636,66.4
2008-12-01,70.8309,66.7
2008-12-02,70.464,68.7
2008-12-03,70.1657,68.0
2008-12-04,70.1129,68.8
2008-12-05,69.5843,67.5
2008-12-06,69.5651,66.6
2008-12-07,69.4881,66.7
2008-12-08,69.1972,67.2
2008-12-09,69.3391,66.6
2008-12-10,69.5836,66.2
2008-12-11,68.6234,67.0
2008-12-12,67.2862,66.9
2008-12-13,66.4977,66.2
2008-12-14,67.7033,65.5
2008-12-15,69.2497,66.3
2008-12-16,70.5254,67.1
2008-12-17,70.8612,67.0
2008-12-18,70.9383,67.0
2008-12-19,71.4365,67.1
2008-12-20,71.4761,67.5
2008-12-21,71.0935,67.5
2008-12-22,70.5908,66.3
2008-12-23,71.7615,67.0
2008-12-24,72.5424,66.6
2008-12-25,72.5143,67.6
2008-12-26,72.2247,67.2
2008-12-27,70.855,66.6
2008-12-28,70.0963,66.9
2008-12-29,69.5406,66.5
2008-12-30,68.6374,66.7
2008-12-31,68.746,66.5
2009-01-01,68.5782,67.4
2009-01-02,69.118,68.5
2009-01-03,69.1062,67.7
2009-01-04,68.9173,67.0
2009-01-05,69.1313,68.2
2009-01-06,69.0812,68.9
2009-01-07,69.2887,68.8
2009-01-08,69.3196,68.5
2009-01-09,71.9794,69.6
2009-01-10,69.506,68.8
2009-01-11,67.4797,68.6
2009-01-12,67.5431,68.1
2009-01-13,67.007,67.2
2009-01-14,69.4806,66.9
2009-01-15,70.5667,67.8
2009-01-16,70.64,66.6
2009-01-17,70.8618,67.7
2009-01-18,70.1094,67.8
2009-01-19,69.4165,67.6
2009-01-20,67.5926,67.4
2009-01-21,67.4445,67.3
2009-01-22,67.8749,67.1
2009-01-23,68.8588,67.4
2009-01-24,68.8016,67.5
2009-01-25,69.5166,67.1
2009-01-26,69.9603,67.3
2009-01-27,70.2317,67.5
2009-01-28,70.4192,68.1
2009-01-29,70.5846,68.2
2009-01-30,70.6385,69.2
2009-01-31,70.8551,69.3
2009-02-01,70.9531,68.8
2009-02-02,70.7568,65.8
2009-02-03,70.77,68.5
2009-02-04,70.7863,68.0
2009-02-05,70.9804,68.3
2009-02-06,70.9395,68.4
2009-02-07,71.2596,67.9
2009-02-08,71.1942,67.9
2009-02-09,70.7813,69.0
2009-02-10,69.1195,68.2
2009-02-11,72.678,67.4
2009-02-12,72.0174,67.6
2009-02-13,71.6429,69.1
2009-02-14,68.9787,68.8
2009-02-15,69.0043,69.3
2009-02-16,69.5264,69.5
2009-02-17,70.4031,69.3
2009-02-18,70.2367,68.6
2009-02-19,69.8414,67.6
2009-02-20,69.9022,69.3
2009-02-21,70.6998,68.1
2009-02-22,70.7691,68.0
2009-02-23,71.1161,68.0
2009-02-24,71.4419,68.6
2009-02-25,70.1275,68.1
2009-02-26,67.5452,68.0
2009-02-27,69.2035,68.0
2009-02-28,71.4603,67.9
2009-03-01,71.7122,67.2
2009-03-02,71.7784,67.8
2009-03-03,71.641,68.0
2009-03-04,71.7188,67.8
2009-03-05,71.3093,67.4
2009-03-06,71.1368,67.7
2009-03-07,70.1633,67.7
2009-03-08,69.2768,68.7
2009-03-09,69.6108,68.2
2009-03-10,70.4976,67.8
2009-03-11,70.8074,68.5
2009-03-12,70.8016,68.2
2009-03-13,70.7434,69.6
2009-03-14,70.706,68.2
2009-03-15,70.6499,67.6
2009-03-16,71.1304,68.7
2009-03-17,70.9735,68.2
2009-03-18,70.7635,68.8
2009-03-19,71.0664,71.4
2009-03-20,70.9641,70.4
2009-03-21,71.6195,70.7
2009-03-22,71.0172,70.8
2009-03-23,70.6052,71.1
2009-03-24,71.0412,70.7
2009-03-25,70.8564,70.6
2009-03-26,72.7321,70.4
2009-03-27,71.7888,70.1
2009-03-28,71.2768,70.5
2009-03-29,71.5068,68.9
2009-03-30,71.6601,70.4
2009-03-31,71.8418,70.2
2009-04-01,71.6706,70.3
2009-04-02,71.6039,69.7
2009-04-03,71.5331,69.7
2009-04-04,71.4386,69.7
2009-04-05,71.6977,68.8
2009-04-06,71.0663,69.9
2009-04-07,71.8095,69.9
2009-04-08,71.9263,70.5
2009-04-09,72.0895,70.4
2009-04-10,71.8871,70.5
2009-04-11,71.9034,70.8
2009-04-12,71.9497,70.4
2009-04-13,71.566,71.8
2009-04-14,72.074,71.9
2009-04-15,72.1825,71.4
2009-04-16,72.494,70.5
2009-04-17,72.4678,70.3
2009-04-18,72.4669,70.1
2009-04-19,72.5527,68.6
2009-04-20,72.3207,69.8
2009-04-21,73.0848,70.5
2009-04-22,72.0426,70.5
2009-04-23,71.9933,69.6
2009-04-24,71.7443,69.4
2009-04-25,71.8533,69.7
2009-04-26,72.0025,69.2
2009-04-27,71.5049,69.2
2009-04-28,72.2261,70.0
2009-04-29,72.1109,70.8
2009-04-30,71.3391,72.2
2009-05-01,70.2508,73.7
2009-05-02,71.2743,73.2
2009-05-03,72.4652,73.3
2009-05-04,75.7748,75.5
2009-05-05,74.105,75.3
2009-05-06,74.5587,75.5
2009-05-07,74.0774,75.4
2009-05-08,74.2211,75.8
2009-05-09,74.6223,75.7
2009-05-10,74.1949,74.6
2009-05-11,73.9657,74.0
2009-05-12,75.8267,73.2
2009-05-13,76.5536,73.5
2009-05-14,74.4947,73.9
2009-05-15,72.5793,72.2
2009-05-16,71.3399,71.0
2009-05-17,71.6546,70.7
2009-05-18,69.5355,69.9
2009-05-19,70.9151,68.5
2009-05-20,71.8147,69.6
2009-05-21,73.6432,70.1
2009-05-22,76.8939,70.4
2009-05-23,76.9607,70.4
2009-05-24,72.6903,74.6
2009-05-25,72.5881,74.0
2009-05-26,72.8987,74.6
2009-05-27,72.7806,73.1
2009-05-28,73.6855,72.2
2009-05-29,74.3207,71.1
2009-05-30,74.7255,71.0
2009-05-31,77.1545,71.1
2009-06-01,75.934,71.2
2009-06-02,74.2911,71.3
2009-06-03,73.7913,71.4
2009-06-04,72.3498,71.2
2009-06-05,72.4332,70.4
2009-06-06,71.0672,70.3
2009-06-07,72.5834,69.5
2009-06-08,71.816,70.5
2009-06-09,71.5107,70.0
2009-06-10,73.103,69.9
2009-06-11,73.6092,69.2
2009-06-12,71.3778,68.8
2009-06-13,72.4366,69.2
2009-06-14,72.9779,70.2
2009-06-15,72.8791,70.2
2009-06-16,73.5241,69.1
2009-06-17,73.8525,70.3
2009-06-18,72.4568,69.0
2009-06-19,72.4775,69.3
2009-06-20,72.9814,69.2
2009-06-21,74.8633,70.8
2009-06-22,74.263,70.5
2009-06-23,74.0587,69.8
2009-06-24,73.4575,68.7
2009-06-25,73.5586,69.5
2009-06-26,74.1323,73.4
2009-06-27,74.8054,74.0
2009-06-28,74.6499,71.2
2009-06-29,75.0354,73.7
2009-06-30,75.5482,73.1
2009-07-01,75.0611,71.4
2009-07-02,74.1981,70.1
2009-07-03,70.5459,70.5
2009-07-04,73.1266,70.3
2009-07-05,72.5415,69.5
2009-07-06,70.4854,68.8
2009-07-07,69.1388,68.7
2009-07-08,69.6454,68.9
2009-07-09,69.0966,68.4
2009-07-10,69.218,69.2
2009-07-11,69.9973,69.9
2009-07-12,71.6292,70.4
2009-07-13,72.7187,69.9
2009-07-14,73.2873,70.0
2009-07-15,73.7384,69.9
2009-07-16,74.1349,70.5
2009-07-17,74.075,71.2
2009-07-18,74.5182,69.8
2009-07-19,74.9138,70.5
2009-07-20,75.1422,70.9
2009-07-21,74.7979,70.4
2009-07-22,75.646,70.1
2009-07-23,78.2181,70.8
2009-07-24,75.1992,70.2
2009-07-25,74.0202,70.1
2009-07-26,72.7592,69.3
2009-07-27,72.7275,67.8
2009-07-28,72.8169,68.1
2009-07-29,72.5572,68.7
2009-07-30,74.6708,69.7
2009-07-31,71.7493,68.8
2009-08-01,71.4818,69.1
2009-08-02,71.9328,69.0
2009-08-03,72.0098,68.4
2009-08-04,71.5722,68.2
2009-08-05,71.9008,68.9
2009-08-06,72.4599,69.4
2009-08-07,73.2121,69.8
2009-08-08,72.9891,70.6
2009-08-09,73.1411,69.8
2009-08-10,73.0908,69.1
2009-08-11,72.7363,68.7
2009-08-12,72.5271,69.2
2009-08-13,72.7835,67.9
2009-08-14,73.0046,68.1
2009-08-15,73.1573,68.8
2009-08-16,73.4688,69.1
2009-08-17,73.0004,68.5
2009-08-18,72.4566,68.7
2009-08-19,72.0706,69.1
2009-08-20,72.2046,69.3
2009-08-21,71.5484,69.3
2009-08-22,71.5608,68.5
2009-08-23,71.9318,69.6
2009-08-24,72.1783,70.4
2009-08-25,71.9511,69.4
2009-08-26,72.0282,69.8
2009-08-27,72.2342,69.5
2009-08-28,72.3548,69.6
2009-08-29,72.3498,70.3
2009-08-30,71.9218,69.8
2009-08-31,72.6899,70.0
2009-09-01,73.6306,70.2
2009-09-02,71.3106,70.2
2009-09-03,71.628,70.2
2009-09-04,71.8826,69.8
2009-09-05,72.0897,69.9
2009-09-06,72.4372,69.8
2009-09-07,72.1754,69.9
2009-09-08,72.1803,69.5
2009-09-09,72.2678,69.8
2009-09-10,72.172,69.6
2009-09-11,72.2516,71.1
2009-09-12,72.2353,71.9
2009-09-13,72.4737,72.5
2009-09-14,72.633,75.3
2009-09-15,72.8631,76.6
2009-09-16,72.8202,75.0
2009-09-17,73.0412,72.8
2009-09-18,73.0107,72.2
2009-09-19,73.7309,72.6
2009-09-20,74.1778,73.5
2009-09-21,77.6546,72.5
2009-09-22,78.8941,72.1
2009-09-23,77.6063,72.2
2009-09-24,72.5389,71.7
2009-09-25,70.252,71.7
2009-09-26,69.0561,71.1
2009-09-27,69.07,69.9
2009-09-28,69.17,68.8
2009-09-29,68.8887,68.4
2009-09-30,69.3066,68.6
2009-10-01,69.4074,69.0
2009-10-02,69.3655,69.8
2009-10-03,71.4246,70.1
2009-10-04,72.7239,69.8
2009-10-05,73.2445,69.4
2009-10-06,73.4301,70.5
2009-10-07,73.737,70.0
2009-10-08,74.2358,69.2
2009-10-09,74.7428,70.2
2009-10-10,75.3229,69.5
2009-10-11,77.7866,70.3
2009-10-12,75.5338,70.3
2009-10-13,75.425,70.6
2009-10-14,76.0436,70.9
2009-10-15,74.6449,72.1
2009-10-16,73.3037,74.7
2009-10-17,73.0826,74.7
2009-10-18,72.3848,80.3
2009-10-19,72.4809,80.4
2009-10-20,73.0545,78.9
2009-10-21,72.7017,75.6
2009-10-22,72.7798,74.2
2009-10-23,72.8867,74.0
2009-10-24,72.624,71.2
2009-10-25,70.4371,70.3
2009-10-26,69.943,70.3
2009-10-27,70.3613,70.2
2009-10-28,69.8512,69.3
2009-10-29,69.094,69.6
2009-10-30,68.9437,69.3
2009-10-31,70.5623,69.6
2009-11-01,71.4028,70.7
2009-11-02,72.8524,71.3
2009-11-03,74.2914,71.0
2009-11-04,75.2012,71.7
2009-11-05,75.3711,72.6
2009-11-06,74.7721,73.2
2009-11-07,72.4523,73.5
2009-11-08,74.8069,74.5
2009-11-09,76.2844,75.4
2009-11-10,76.8408,74.4
2009-11-11,76.3869,74.9
2009-11-12,73.4079,74.4
2009-11-13,78.133,74.0
2009-11-14,77.409,74.4
2009-11-15,74.6204,73.8
2009-11-16,73.4664,72.8
2009-11-17,72.1513,72.3
2009-11-18,76.0525,72.7
2009-11-19,77.5886,71.7
2009-11-20,73.3765,70.9
2009-11-21,72.2276,70.1
2009-11-22,73.2813,70.4
2009-11-23,74.0502,70.2
2009-11-24,75.8204,69.4
2009-11-25,76.6248,69.6
2009-11-26,75.8916,69.4
2009-11-27,74.6941,69.6
2009-11-28,73.7019,69.8
2009-11-29,73.0774,69.0
2009-11-30,73.1393,70.0
2009-12-01,73.3656,70.8
2009-12-02,73.4199,71.6
2009-12-03,73.9426,69.9
2009-12-04,74.2773,72.2
2009-12-05,74.7047,73.1
2009-12-06,75.0492,76.2
2009-12-07,74.7876,79.0
2009-12-08,75.2464,80.6
2009-12-09,77.918,84.2
2009-12-10,77.3395,81.6
2009-12-11,75.7351,79.1
2009-12-12,76.796,81.0
2009-12-13,74.4543,80.0
2009-12-14,74.4876,79.5
2009-12-15,73.5427,75.9
2009-12-16,71.9752,74.6
2009-12-17,71.2249,73.5
2009-12-18,70.7484,73.4
2009-12-19,71.292,74.3
2009-12-20,70.7834,73.3
2009-12-21,70.7902,72.7
2009-12-22,71.3777,74.3
2009-12-23,69.8225,77.2
2009-12-24,72.6964,72.7
2009-12-25,73.7239,75.4
2009-12-26,79.862,73.8
2009-12-27,82.5221,70.6
2009-12-28,80.3132,74.3
2009-12-29,79.8138,74.7
2009-12-30,81.1957,75.5
2009-12-31,82.8982,74.9
2010-01-01,82.9817,79.0
2010-01-02,82.4555,81.6
2010-01-03,80.6002,86.3
2010-01-04,80.4163,90.2
2010-01-05,81.0928,87.5
2010-01-06,81.2871,87.0
2010-01-07,81.7377,82.6
2010-01-08,83.4261,81.4
2010-01-09,84.3344,79.9
2010-01-10,84.3881,78.9
2010-01-11,84.0264,81.6
2010-01-12,82.3161,79.1
2010-01-13,80.2385,80.0
2010-01-14,79.6064,79.8
2010-01-15,78.5661,82.0
2010-01-16,78.7939,81.9
2010-01-17,77.9494,78.7
2010-01-18,76.1512,77.3
2010-01-19,80.5077,75.4
2010-01-20,81.1546,74.0
2010-01-21,81.2894,71.1
2010-01-22,84.6643,72.8
2010-01-23,85.7556,73.0
2010-01-24,82.317,73.1
2010-01-25,83.1588,73.0
2010-01-26,81.3003,72.3
2010-01-27,81.7863,71.8
2010-01-28,83.1766,75.6
2010-01-29,81.2485,85.1
2010-01-30,85.7515,87.8
2010-01-31,86.4731,91.2
2010-02-01,86.3398,89.0
2010-02-02,85.9906,88.9
2010-02-03,83.4799,91.8
2010-02-04,83.3692,93.1
2010-02-05,86.4348,91.8
2010-02-06,88.7114,87.2
2010-02-07,88.7022,85.5
2010-02-08,90.6061,84.7
2010-02-09,91.7776,84.8
2010-02-10,89.3609,83.1
2010-02-11,90.0154,81.8
2010-02-12,85.8893,82.0
2010-02-13,86.1483,81.7
2010-02-14,87.0549,81.9
2010-02-15,86.744,82.4
2010-02-16,85.4392,80.9
2010-02-17,84.0907,81.1
2010-02-18,84.5303,78.9
2010-02-19,82.165,77.1
2010-02-20,82.5222,76.6
2010-02-21,84.5207,76.5
2010-02-22,86.9151,78.0
2010-02-23,87.7194,79.0
2010-02-24,90.4542,80.0
2010-02-25,93.3043,78.2
2010-02-26,91.4124,77.1
2010-02-27,87.9092,75.4
2010-02-28,90.1059,75.1
2010-03-01,86.0036,76.8
2010-03-02,88.0437,79.3
2010-03-03,91.4091,83.1
2010-03-04,91.1201,88.5
2010-03-05,91.8726,90.7
2010-03-06,90.3075,88.3
2010-03-07,92.573,85.5
2010-03-08,94.5404,84.3
2010-03-09,90.9842,85.9
2010-03-10,88.4426,85.0
2010-03-11,88.2563,83.7
2010-03-12,92.3345,82.8
2010-03-13,89.1358,84.1
2010-03-14,85.1856,81.9
2010-03-15,81.2237,83.3
2010-03-16,82.3444,83.9
2010-03-17,86.2351,87.1
2010-03-18,89.7673,85.5
2010-03-19,86.4645,87.8
2010-03-20,86.3953,85.7
2010-03-21,84.7302,82.9
2010-03-22,87.6176,82.6
2010-03-23,88.8056,80.9
2010-03-24,93.1059,79.1
2010-03-25,94.479,76.1
2010-03-26,93.8778,77.4
2010-03-27,94.2017,78.7
2010-03-28,95.3792,79.3
2010-03-29,91.3672,77.7
2010-03-30,94.2272,76.5
2010-03-31,89.2821,75.9
2010-04-01,90.5328,76.3
2010-04-02,84.7504,75.3
2010-04-03,83.0358,74.9
2010-04-04,88.0717,74.9
2010-04-05,87.2918,75.3
2010-04-06,84.0021,75.6
2010-04-07,81.3374,75.0
2010-04-08,83.9239,75.4
2010-04-09,81.859,74.5
2010-04-10,85.2106,75.3
2010-04-11,86.4197,76.1
2010-04-12,85.9802,76.4
2010-04-13,86.7041,76.9
2010-04-14,85.8312,76.9
2010-04-15,88.7137,75.8
2010-04-16,90.9677,75.0
2010-04-17,91.7389,76.4
2010-04-18,91.785,77.0
2010-04-19,89.6345,75.7
2010-04-20,88.5616,77.2
2010-04-21,89.0862,77.3
2010-04-22,87.7118,79.8
2010-04-23,83.1337,79.0
2010-04-24,84.8747,80.8
2010-04-25,82.0166,81.6
2010-04-26,80.4006,83.1
2010-04-27,78.8665,84.7
2010-04-28,79.6408,80.5
2010-04-29,79.5999,80.5
2010-04-30,80.0314,80.3
2010-05-01,79.6049,76.9
2010-05-02,81.6935,75.1
2010-05-03,82.7964,75.0
2010-05-04,82.3893,72.7
2010-05-05,81.2223,70.9
2010-05-06,83.2603,71.2
2010-05-07,83.8783,71.8
2010-05-08,81.9695,70.0
2010-05-09,80.8077,70.8
2010-05-10,80.3606,70.3
2010-05-11,82.131,70.2
2010-05-12,80.6689,70.4
2010-05-13,77.9876,72.6
2010-05-14,78.5366,74.3
2010-05-15,79.1534,76.4
2010-05-16,78.3127,74.4
2010-05-17,78.4448,75.1
2010-05-18,78.6861,74.3
2010-05-19,79.4864,74.6
2010-05-20,79.5772,75.2
2010-05-21,80.4114,75.7
2010-05-22,79.8965,75.0
2010-05-23,80.4512,74.1
2010-05-24,80.9177,74.8
2010-05-25,79.6952,76.1
2010-05-26,79.1113,76.8
2010-05-27,80.2494,74.0
2010-05-28,80.8899,72.4
2010-05-29,83.598,70.0
2010-05-30,82.4122,70.6
2010-05-31,79.0591,74.0
2010-06-01,78.129,73.7
2010-06-02,77.9619,75.2
2010-06-03,77.3225,76.9
2010-06-04,77.6861,78.6
2010-06-05,75.6316,78.7
2010-06-06,73.4141,75.1
2010-06-07,75.3156,72.3
2010-06-08,76.0767,73.9
2010-06-09,78.2514,72.7
2010-06-10,78.3668,72.8
2010-06-11,81.2581,71.2
2010-06-12,80.5416,72.3
2010-06-13,79.3751,74.3
2010-06-14,78.7057,75.7
2010-06-15,76.4147,76.5
2010-06-16,77.9045,76.9
2010-06-17,78.5493,76.9
2010-06-18,79.8847,76.9
2010-06-19,79.648,75.3
2010-06-20,80.5902,76.4
2010-06-21,80.1387,76.0
2010-06-22,80.815,76.3
2010-06-23,81.0877,75.5
2010-06-24,83.3547,75.9
2010-06-25,81.5436,74.8
2010-06-26,82.3575,74.0
2010-06-27,81.0094,75.2
2010-06-28,81.7285,75.2
2010-06-29,79.8036,76.6
2010-06-30,77.4813,78.2
2010-07-01,77.1709,82.7
2010-07-02,76.7787,82.6
2010-07-03,76.7966,85.4
2010-07-04,71.3949,82.6
2010-07-05,73.4048,81.1
2010-07-06,72.8366,80.3
2010-07-07,72.3363,78.4
2010-07-08,77.1704,79.1
2010-07-09,80.7047,81.3
2010-07-10,78.0776,79.4
2010-07-11,80.864,82.5
2010-07-12,77.1641,89.9
2010-07-13,78.3347,92.0
2010-07-14,78.1173,90.5
2010-07-15,78.5976,89.2
2010-07-16,80.5513,87.9
2010-07-17,78.4224,87.9
2010-07-18,82.4658,87.1
2010-07-19,88.7982,85.2
2010-07-20,94.4424,88.0
2010-07-21,89.4212,87.2
2010-07-22,88.3894,85.7
2010-07-23,80.3936,83.9
2010-07-24,78.3629,82.1
2010-07-25,81.0997,81.5
2010-07-26,78.8822,83.0
2010-07-27,77.419,83.2
2010-07-28,82.58,85.1
2010-07-29,83.6551,84.4
2010-07-30,85.0617,84.1
2010-07-31,84.729,84.9
2010-08-01,79.3555,86.5
2010-08-02,81.5123,85.8
2010-08-03,83.4125,88.1
2010-08-04,84.0138,86.0
2010-08-05,79.7182,86.0
2010-08-06,81.1362,87.4
2010-08-07,84.579,87.8
2010-08-08,84.836,86.9
2010-08-09,76.2583,83.1
2010-08-10,78.6252,81.8
2010-08-11,80.463,79.8
2010-08-12,78.6759,78.9
2010-08-13,82.024,77.3
2010-08-14,82.5056,76.3
2010-08-15,82.0518,76.5
2010-08-16,83.5856,75.2
2010-08-17,82.3022,75.1
2010-08-18,80.0123,75.0
2010-08-19,79.2047,74.8
2010-08-20,80.4458,73.3
2010-08-21,80.922,75.4
2010-08-22,80.4923,76.4
2010-08-23,81.0104,76.0
2010-08-24,83.2018,77.7
2010-08-25,84.03,78.4
2010-08-26,81.6081,78.5
2010-08-27,83.728,83.6
2010-08-28,82.8473,83.5
2010-08-29,81.8752,81.0
2010-08-30,80.7935,77.3
2010-08-31,82.343,75.6
2010-09-01,80.522,74.7
2010-09-02,77.3038,76.4
2010-09-03,79.0273,79.1
2010-09-04,82.7574,79.3
2010-09-05,84.239,80.4
2010-09-06,83.8124,81.6
2010-09-07,82.9379,82.1
2010-09-08,85.9064,83.3
2010-09-09,87.5664,83.0
2010-09-10,91.4485,82.9
2010-09-11,88.5431,81.9
2010-09-12,87.1939,83.3
2010-09-13,87.5517,85.2
2010-09-14,88.8049,85.4
2010-09-15,87.0199,84.9
2010-09-16,84.5948,83.1
2010-09-17,84.8924,83.4
2010-09-18,86.2515,84.3
2010-09-19,81.3736,83.4
2010-09-20,82.2586,83.5
2010-09-21,84.7118,91.0
2010-09-22,83.1165,90.2
2010-09-23,83.4119,86.9
2010-09-24,78.5431,85.1
2010-09-25,82.0328,80.1
2010-09-26,81.4331,76.1
2010-09-27,79.5273,75.4
2010-09-28,82.75,74.2
2010-09-29,84.2796,75.0
2010-09-30,85.0133,74.7
2010-10-01,80.292,76.2
2010-10-02,82.369,75.7
2010-10-03,82.9913,75.0
2010-10-04,85.5443,74.9
2010-10-05,90.2706,77.7
2010-10-06,91.4533,79.9
2010-10-07,91.6484,81.7
2010-10-08,92.3755,86.3
2010-10-09,91.3435,83.0
2010-10-10,93.1259,89.9
2010-10-11,88.6416,85.9
2010-10-12,90.7576,83.2
2010-10-13,93.3609,82.7
2010-10-14,93.7763,81.4
2010-10-15,88.7162,83.4
2010-10-16,87.8819,81.2
2010-10-17,79.3113,85.2
2010-10-18,76.4876,85.1
2010-10-19,77.1768,86.5
2010-10-20,74.3725,85.3
2010-10-21,74.2585,84.5
2010-10-22,75.3939,83.6
2010-10-23,77.8117,80.0
2010-10-24,78.8346,77.9
2010-10-25,80.4721,77.7
2010-10-26,77.8026,77.2
2010-10-27,79.1829,77.8
2010-10-28,82.168,81.6
2010-10-29,82.188,83.1
2010-10-30,84.6188,83.5
2010-10-31,85.6319,82.2
2010-11-01,87.317,82.5
2010-11-02,92.8176,83.9
2010-11-03,95.2019,82.8
2010-11-04,93.327,83.7
2010-11-05,91.6481,83.6
2010-11-06,91.7252,84.6
2010-11-07,95.1287,88.8
2010-11-08,92.8327,89.8
2010-11-09,95.112,89.1
2010-11-10,96.9469,84.5
2010-11-11,94.8596,82.0
2010-11-12,93.9974,77.9
2010-11-13,87.4673,75.8
2010-11-14,82.1681,72.9
2010-11-15,81.1644,73.4
2010-11-16,82.556,73.9
2010-11-17,78.0424,75.9
2010-11-18,76.1864,74.2
2010-11-19,75.5392,74.5
2010-11-20,72.6331,77.9
2010-11-21,72.7601,80.2
2010-11-22,72.0515,84.0
2010-11-23,74.1183,84.1
2010-11-24,72.2529,84.1
2010-11-25,76.6626,84.4
2010-11-26,77.3665,84.9
2010-11-27,82.9541,85.4
2010-11-28,88.4225,85.9
2010-11-29,92.9165,84.5
2010-11-30,95.9455,84.6
2010-12-01,96.5136,84.2
2010-12-02,91.0318,85.8
2010-12-03,89.6041,84.3
2010-12-04,87.9631,86.7
2010-12-05,85.5673,85.0
2010-12-06,83.9744,87.5
2010-12-07,84.2622,84.2
2010-12-08,82.6504,81.4
2010-12-09,83.411,79.1
2010-12-10,83.6126,78.0
2010-12-11,83.6635,78.3
2010-12-12,84.4095,75.4
2010-12-13,82.5317,75.3
2010-12-14,82.9956,75.2
2010-12-15,80.7419,77.5
2010-12-16,80.526,76.1
2010-12-17,80.0644,76.8
2010-12-18,77.3946,77.9
2010-12-19,78.1457,77.4
2010-12-20,77.6369,78.0
2010-12-21,80.862,79.9
2010-12-22,81.1428,80.2
2010-12-23,83.6934,87.9
2010-12-24,84.7378,88.0
2010-12-25,81.4555,88.1
2010-12-26,83.9942,89.1
2010-12-27,82.9651,87.6
2010-12-28,83.3495,84.8
2010-12-29,85.1157,83.9
2010-12-30,81.5116,83.5
2010-12-31,88.9858,82.0
2011-01-01,89.8835,80.0
2011-01-02,88.1669,80.6
2011-01-03,87.6275,79.9
2011-01-04,84.339,77.4
2011-01-05,84.9876,76.9
2011-01-06,85.5425,76.7
2011-01-07,86.2573,77.6
2011-01-08,85.8412,77.8
2011-01-09,86.5531,79.1
2011-01-10,84.2008,78.4
2011-01-11,83.974,78.2
2011-01-12,82.0663,79.7
2011-01-13,84.8223,84.8
2011-01-14,85.9582,84.9
2011-01-15,87.4332,81.7
2011-01-16,87.4388,79.9
2011-01-17,88.2746,78.0
2011-01-18,87.5843,77.6
2011-01-19,87.4274,78.1
2011-01-20,86.0237,78.1
2011-01-21,88.4496,79.0
2011-01-22,90.5409,80.2
2011-01-23,85.6698,78.9
2011-01-24,84.5953,77.6
2011-01-25,83.8024,77.0
2011-01-26,85.3577,78.1
2011-01-27,88.1065,79.8
2011-01-28,85.9946,78.7
2011-01-29,87.0416,78.0
2011-01-30,87.4826,80.1
2011-01-31,86.7906,87.3
2011-02-01,83.2197,86.4
2011-02-02,84.5789,89.0
2011-02-03,84.2973,88.9
2011-02-04,83.0339,93.1
2011-02-05,81.9452,101.4
2011-02-06,82.0261,109.8
2011-02-07,85.1574,110.0
2011-02-08,89.2005,111.4
2011-02-09,88.3825,108.3
2011-02-10,86.741,121.9
2011-02-11,86.1364,106.9
2011-02-12,88.8763,102.2
2011-02-13,88.6901,94.6
2011-02-14,91.1538,89.0
2011-02-15,92.6894,87.4
2011-02-16,82.0585,87.0
2011-02-17,78.7012,86.4
2011-02-18,87.5098,88.4
2011-02-19,87.1672,88.7
2011-02-20,87.0679,94.0
2011-02-21,84.5955,108.5
2011-02-22,84.9373,111.4
2011-02-23,86.0989,118.8
2011-02-24,89.0621,124.7
2011-02-25,89.1486,132.5
2011-02-26,88.9225,140.3
2011-02-27,93.8846,149.6
2011-02-28,100.2614,147.7
2011-03-01,104.8804,141.1
2011-03-02,108.9814,129.5
2011-03-03,111.9312,121.5
2011-03-04,115.6189,119.2
2011-03-05,115.3663,111.5
2011-03-06,108.044,106.1
2011-03-07,111.0069,100.3
2011-03-08,107.2422,100.8
2011-03-09,103.1026,89.2
2011-03-10,103.8528,86.8
2011-03-11,102.3686,88.0
2011-03-12,101.137,91.2
2011-03-13,94.8356,100.2
2011-03-14,94.055,99.1
2011-03-15,96.8747,104.0
2011-03-16,105.7961,106.9
2011-03-17,103.6864,112.0
2011-03-18,106.8377,113.9
2011-03-19,110.0236,115.1
2011-03-20,110.9932,118.1
2011-03-21,115.9125,115.9
2011-03-22,116.4032,117.3
2011-03-23,110.9318,113.1
2011-03-24,110.8764,108.7
2011-03-25,112.4374,107.4
2011-03-26,111.497,114.0
2011-03-27,112.6626,112.7
2011-03-28,108.4232,109.3
2011-03-29,105.3002,117.2
2011-03-30,96.7517,112.5
2011-03-31,94.3144,109.0
2011-04-01,93.2227,105.3
2011-04-02,88.8084,105.2
2011-04-03,90.4215,106.3
2011-04-04,93.6126,110.8
2011-04-05,94.0566,118.4
2011-04-06,99.9299,119.4
2011-04-07,99.8225,130.2
2011-04-08,95.9938,120.0
2011-04-09,97.8704,115.3
2011-04-10,99.5951,111.9
2011-04-11,100.8611,111.9
2011-04-12,102.969,118.1
2011-04-13,107.5598,114.1
2011-04-14,108.7056,116.0
2011-04-15,112.4645,120.4
2011-04-16,106.5157,118.5
2011-04-17,105.2717,113.5
2011-04-18,109.344,110.8
2011-04-19,111.5252,109.3
2011-04-20,114.3515,111.9
2011-04-21,110.6738,111.2
2011-04-22,110.1667,111.1
2011-04-23,111.5322,107.7
2011-04-24,119.7276,111.5
2011-04-25,119.4906,108.8
2011-04-26,122.7773,108.7
2011-04-27,119.1409,106.7
2011-04-28,119.7752,103.7
2011-04-29,122.3913,104.1
2011-04-30,125.4454,104.1
2011-05-01,121.6073,105.7
2011-05-02,122.2721,99.4
2011-05-03,121.5986,96.0
2011-05-04,111.0769,94.7
2011-05-05,112.7495,93.5
2011-05-06,111.9256,93.4
2011-05-07,112.2101,96.6
2011-05-08,112.9425,94.3
2011-05-09,117.5196,93.6
2011-05-10,108.4802,92.7
2011-05-11,105.4404,86.4
2011-05-12,105.0548,85.7
2011-05-13,107.9049,85.7
2011-05-14,108.5936,86.6
2011-05-15,109.0738,86.3
2011-05-16,111.6333,83.8
2011-05-17,108.1692,82.4
2011-05-18,108.3734,84.9
2011-05-19,103.1215,92.3
2011-05-20,99.6014,103.2
2011-05-21,101.7462,113.8
2011-05-22,105.3984,115.0
2011-05-23,107.0631,115.2
2011-05-24,104.5696,116.8
2011-05-25,105.7144,114.8
2011-05-26,108.2533,110.2
2011-05-27,112.2951,105.8
2011-05-28,117.6642,105.9
2011-05-29,120.0282,103.2
2011-05-30,121.1615,99.3
2011-05-31,117.1113,92.9
2011-06-01,117.0987,90.2
2011-06-02,115.8536,89.4
2011-06-03,114.4259,87.2
2011-06-04,112.7242,87.3
2011-06-05,107.7064,89.4
2011-06-06,105.7632,102.5
2011-06-07,104.7072,104.8
2011-06-08,104.9184,106.6
2011-06-09,107.0484,107.6
2011-06-10,110.1394,102.4
2011-06-11,110.5468,102.4
2011-06-12,113.426,99.6
2011-06-13,114.5346,98.2
2011-06-14,114.7246,96.0
2011-06-15,111.1599,99.5
2011-06-16,106.5724,99.4
2011-06-17,104.0015,96.7
2011-06-18,98.1613,93.1
2011-06-19,98.9088,92.2
2011-06-20,94.9217,89.8
2011-06-21,98.9092,90.3
2011-06-22,100.0429,92.2
2011-06-23,101.8882,90.5
2011-06-24,99.2816,88.5
2011-06-25,97.9811,89.2
2011-06-26,96.3284,87.9
2011-06-27,94.4168,87.7
2011-06-28,97.0873,87.5
2011-06-29,96.9107,88.4
2011-06-30,97.9194,88.7
2011-07-01,98.4394,88.5
2011-07-02,96.318,93.7
2011-07-03,105.0833,93.1
2011-07-04,108.8728,94.7
2011-07-05,106.7372,97.7
2011-07-06,108.2788,97.2
2011-07-07,111.9862,96.9
2011-07-08,110.7729,96.9
2011-07-09,108.2081,107.0
2011-07-10,107.9671,105.3
2011-07-11,106.028,103.6
2011-07-12,105.6452,103.4
2011-07-13,102.4416,99.1
2011-07-14,104.1432,95.4
2011-07-15,101.4902,91.1
2011-07-16,101.6888,88.9
2011-07-17,103.8224,89.8
2011-07-18,100.5585,96.4
2011-07-19,101.6755,102.5
2011-07-20,99.8395,110.7
2011-07-21,98.8142,115.2
2011-07-22,97.2159,116.2
2011-07-23,97.1058,122.2
2011-07-24,96.5438,128.7
2011-07-25,97.5222,125.2
2011-07-26,101.738,123.5
2011-07-27,103.7337,119.7
2011-07-28,109.5752,112.5
2011-07-29,109.5346,113.2
2011-07-30,109.5159,108.4
2011-07-31,112.0702,106.9
2011-08-01,111.511,100.2
2011-08-02,109.9843,92.7
2011-08-03,104.5132,86.5
2011-08-04,101.6524,85.7
2011-08-05,95.5555,85.3
2011-08-06,100.3379,90.4
2011-08-07,98.3428,92.7
2011-08-08,99.7472,95.4
2011-08-09,99.1629,100.0
2011-08-10,98.3089,100.2
2011-08-11,100.284,100.6
2011-08-12,102.1327,102.9
2011-08-13,92.6067,103.3
2011-08-14,91.4478,110.7
2011-08-15,101.786,106.1
2011-08-16,107.7275,106.4
2011-08-17,115.3739,106.4
2011-08-18,116.366,106.8
2011-08-19,104.4644,106.0
2011-08-20,109.4068,103.1
2011-08-21,106.2694,103.2
2011-08-22,107.0141,103.2
2011-08-23,108.849,111.0
2011-08-24,98.6173,113.8
2011-08-25,103.2455,117.5
2011-08-26,104.1169,120.8
2011-08-27,103.1978,121.5
2011-08-28,103.5027,120.7
2011-08-29,102.2329,114.2
2011-08-30,103.3997,114.5
2011-08-31,105.7987,111.7
2011-09-01,106.7177,113.4
2011-09-02,108.5036,117.8
2011-09-03,108.73,122.9
2011-09-04,111.8405,125.5
2011-09-05,114.3689,131.0
2011-09-06,118.3482,144.3
2011-09-07,115.884,142.3
2011-09-08,115.9347,144.6
2011-09-09,114.3615,146.2
2011-09-10,114.6812,151.6
2011-09-11,119.9987,142.2
2011-09-12,124.6962,145.5
2011-09-13,122.694,145.3
2011-09-14,127.2719,151.9
2011-09-15,125.3885,159.3
2011-09-16,123.6747,169.8
2011-09-17,123.8371,169.8
2011-09-18,126.7147,149.0
2011-09-19,118.5272,139.6
2011-09-20,120.1414,134.0
2011-09-21,124.6209,137.0
2011-09-22,128.2111,138.5
2011-09-23,131.1674,137.2
2011-09-24,137.9497,131.1
2011-09-25,141.791,129.1
2011-09-26,137.0955,130.4
2011-09-27,138.4927,126.7
2011-09-28,139.7721,123.9
2011-09-29,138.4835,121.9
2011-09-30,141.8987,118.2
2011-10-01,138.277,120.7
2011-10-02,137.247,126.0
2011-10-03,139.0336,129.7
2011-10-04,139.9173,133.5
2011-10-05,137.5384,137.0
2011-10-06,139.009,135.4
2011-10-07,137.6012,136.9
2011-10-08,123.292,150.0
2011-10-09,125.1035,151.6
2011-10-10,126.4919,145.7
2011-10-11,126.355,146.1
2011-10-12,126.3024,157.8
2011-10-13,122.0991,166.3
2011-10-14,119.0552,162.5
2011-10-15,122.1774,153.9
2011-10-16,125.9155,143.8
2011-10-17,128.1735,137.3
2011-10-18,127.6437,130.6
2011-10-19,129.6638,129.9
2011-10-20,127.862,132.2
2011-10-21,128.6956,121.4
2011-10-22,133.2527,124.9
2011-10-23,130.5092,136.1
2011-10-24,129.0185,136.5
2011-10-25,129.1068,151.2
2011-10-26,126.5337,157.8
2011-10-27,126.755,161.1
2011-10-28,127.2702,169.0
2011-10-29,124.5864,173.6
2011-10-30,125.4464,178.9
2011-10-31,130.91,177.7
2011-11-01,132.9682,176.7
2011-11-02,139.062,175.2
2011-11-03,141.3749,170.4
2011-11-04,142.8278,165.3
2011-11-05,145.4187,152.1
2011-11-06,145.6834,157.7
2011-11-07,146.6033,145.1
2011-11-08,146.1748,139.2
2011-11-09,143.7171,144.4
2011-11-10,138.4582,141.1
2011-11-11,139.4852,136.3
2011-11-12,141.9321,136.6
2011-11-13,140.3588,137.7
2011-11-14,142.0802,138.9
2011-11-15,139.7907,136.5
2011-11-16,138.4811,133.8
2011-11-17,142.5214,131.7
2011-11-18,144.3744,129.3
2011-11-19,143.2641,131.7
2011-11-20,143.3646,134.0
2011-11-21,144.6203,136.8
2011-11-22,143.6033,140.1
2011-11-23,140.6336,148.0
2011-11-24,139.6169,152.9
2011-11-25,138.1417,155.95
2011-11-26,136.4268,159.0
2011-11-27,138.2119,153.6
2011-11-28,138.3079,146.6
2011-11-29,141.0382,144.5
2011-11-30,140.5719,140.4
2011-12-01,143.9165,139.2
2011-12-02,140.7931,135.8
2011-12-03,146.2807,130.2
2011-12-04,147.7095,127.5
2011-12-05,144.7308,129.0
2011-12-06,141.5634,127.9
2011-12-07,139.584,120.3
2011-12-08,139.545,117.2
2011-12-09,139.5494,115.8
2011-12-10,140.111,123.3
2011-12-11,137.3651,124.1
2011-12-12,139.2471,133.0
2011-12-13,139.6894,139.9
2011-12-14,139.7528,141.1
2011-12-15,135.0297,133.7
2011-12-16,133.2691,138.1
2011-12-17,134.3471,137.2
2011-12-18,135.4804,140.8
2011-12-19,135.3635,135.7
2011-12-20,138.9909,140.0
2011-12-21,139.6588,142.3
2011-12-22,140.7955,136.4
2011-12-23,137.3568,128.5
2011-12-24,140.6625,129.4
2011-12-25,141.7432,130.3
2011-12-26,142.4436,130.2
2011-12-27,140.3342,131.6
2011-12-28,141.034,136.6
2011-12-29,138.1731,131.0
2011-12-30,140.3644,135.9
2011-12-31,137.4331,131.4
2012-01-01,137.446,137.6
2012-01-02,140.0417,124.6
2012-01-03,138.1543,116.1
2012-01-04,137.6244,113.0
2012-01-05,138.5273,120.0
2012-01-06,136.1298,128.0
2012-01-07,134.2959,129.2
2012-01-08,129.4944,135.1
2012-01-09,129.6042,134.5
2012-01-10,125.6055,143.4
2012-01-11,123.3996,146.1
2012-01-12,126.2881,136.7
2012-01-13,130.8329,137.2
2012-01-14,138.3822,136.6
2012-01-15,140.0232,139.8
2012-01-16,142.1466,131.5
2012-01-17,140.9461,122.5
2012-01-18,141.7875,124.3
2012-01-19,136.8639,124.7
2012-01-20,133.3432,111.0
2012-01-21,135.8064,106.6
2012-01-22,134.1348,111.0
2012-01-23,134.0341,113.1
2012-01-24,131.6402,114.1
2012-01-25,126.87,114.6
2012-01-26,130.5923,107.9
2012-01-27,125.0761,104.0
2012-01-28,118.6196,99.8
2012-01-29,113.4129,108.9
2012-01-30,116.732,104.3
2012-01-31,117.6679,94.6
2012-02-01,117.2212,96.6
2012-02-02,118.6827,107.9
2012-02-03,115.3003,109.4
2012-02-04,115.285,107.6
2012-02-05,114.4384,105.7
2012-02-06,119.7358,104.8
2012-02-07,117.7872,102.0
2012-02-08,111.636,100.8
2012-02-09,112.8185,101.3
2012-02-10,114.6191,101.7
2012-02-11,113.859,102.9
2012-02-12,112.6764,108.7
2012-02-13,112.2202,101.0
2012-02-14,111.019,102.0
2012-02-15,108.4764,101.2
2012-02-16,106.2157,106.7
2012-02-17,110.5575,105.9
2012-02-18,115.8926,104.9
2012-02-19,120.4822,103.5
2012-02-20,121.4269,101.3
2012-02-21,119.9363,100.2
2012-02-22,121.8036,101.6
2012-02-23,124.7247,106.3
2012-02-24,127.1074,114.5
2012-02-25,119.3868,118.2
2012-02-26,115.7969,129.5
2012-02-27,113.556,136.0
2012-02-28,109.7922,133.7
2012-02-29,109.1342,137.5
2012-03-01,110.8542,143.5
2012-03-02,114.0322,146.9
2012-03-03,120.8979,129.5
2012-03-04,124.8718,128.7
2012-03-05,130.5048,125.0
2012-03-06,125.6804,117.5
2012-03-07,126.4876,109.4
2012-03-08,126.4129,97.6
2012-03-09,129.8792,101.4
2012-03-10,130.1232,101.1
2012-03-11,124.8795,100.9
2012-03-12,124.9661,98.8
2012-03-13,124.0452,99.2
2012-03-14,113.1567,101.7
2012-03-15,112.7567,104.2
2012-03-16,106.7452,102.1
2012-03-17,110.4386,100.8
2012-03-18,111.0156,101.9
2012-03-19,112.6748,105.2
2012-03-20,115.4665,106.6
2012-03-21,117.422,111.2
2012-03-22,120.1096,110.4
2012-03-23,122.884,109.9
2012-03-24,122.2888,107.2
2012-03-25,121.659,105.9
2012-03-26,121.6451,103.6
2012-03-27,117.5715,102.1
2012-03-28,117.5022,101.0
2012-03-29,118.9071,97.6
2012-03-30,114.5036,98.7
2012-03-31,112.709,93.5
2012-04-01,110.4991,94.9
2012-04-02,109.9104,93.7
2012-04-03,109.1386,93.8
2012-04-04,108.6368,95.8
2012-04-05,108.4288,98.3
2012-04-06,107.3968,98.8
2012-04-07,106.4778,102.4
2012-04-08,105.8786,108.8
2012-04-09,107.5212,114.7
2012-04-10,107.2967,122.6
2012-04-11,106.4052,139.1
2012-04-12,106.2167,143.1
2012-04-13,104.95,150.6
2012-04-14,103.5365,149.5
2012-04-15,104.9011,143.4
2012-04-16,106.7812,135.2
2012-04-17,110.5366,128.8
2012-04-18,112.878,120.7
2012-04-19,118.3698,119.5
2012-04-20,118.9343,122.8
2012-04-21,119.3348,117.7
2012-04-22,117.3464,115.9
2012-04-23,115.3484,111.6
2012-04-24,114.027,117.4
2012-04-25,113.4252,115.9
2012-04-26,112.0919,115.9
2012-04-27,111.3763,118.1
2012-04-28,113.5934,119.4
2012-04-29,112.3008,123.9
2012-04-30,112.3813,125.1
2012-05-01,111.7935,129.8
2012-05-02,112.7592,133.3
2012-05-03,115.1871,139.2
2012-05-04,117.2574,132.2
2012-05-05,120.5465,133.3
2012-05-06,121.1533,132.9
2012-05-07,122.4572,131.9
2012-05-08,122.2572,133.9
2012-05-09,119.4619,139.5
2012-05-10,118.1514,135.3
2012-05-11,118.7746,134.1
2012-05-12,116.3447,134.0
2012-05-13,114.7521,128.2
2012-05-14,113.129,124.3
2012-05-15,113.9011,120.2
2012-05-16,118.0952,118.5
2012-05-17,117.8032,120.3
2012-05-18,119.7122,112.9
2012-05-19,120.3985,113.7
2012-05-20,120.7472,113.3
2012-05-21,117.0562,109.3
2012-05-22,116.0731,114.1
2012-05-23,116.6638,120.6
2012-05-24,118.6151,132.2
2012-05-25,119.7665,132.9
2012-05-26,117.9873,133.2
2012-05-27,118.7351,131.9
2012-05-28,118.422,142.8
2012-05-29,113.6533,138.5
2012-05-30,115.1462,132.1
2012-05-31,118.2227,127.9
2012-06-01,115.7868,132.3
2012-06-02,114.2102,132.3
2012-06-03,113.4058,138.1
2012-06-04,112.6725,145.8
2012-06-05,114.014,147.3
2012-06-06,111.4877,144.8
2012-06-07,109.3938,149.6
2012-06-08,107.2464,138.8
2012-06-09,110.8835,128.0
2012-06-10,112.4085,121.9
2012-06-11,115.3756,113.5
2012-06-12,117.691,107.1
2012-06-13,112.2882,100.9
2012-06-14,112.7276,91.4
2012-06-15,113.9625,86.8
2012-06-16,113.7066,88.1
2012-06-17,109.0044,91.5
2012-06-18,109.8896,102.5
2012-06-19,104.9227,109.9
2012-06-20,104.9159,123.7
2012-06-21,107.4853,121.3
2012-06-22,108.7575,128.2
2012-06-23,107.8235,137.9
2012-06-24,108.5442,142.0
2012-06-25,110.4958,150.7
2012-06-26,114.7813,152.5
2012-06-27,117.8652,170.1
2012-06-28,122.6773,163.0
2012-06-29,122.499,163.7
2012-06-30,122.6159,183.7
2012-07-01,120.106,179.6
2012-07-02,119.9186,179.2
2012-07-03,120.7192,167.1
2012-07-04,122.5104,170.9
2012-07-05,128.5833,152.1
2012-07-06,124.1756,152.8
2012-07-07,127.0957,145.1
2012-07-08,131.1502,142.5
2012-07-09,131.225,131.7
2012-07-10,131.0918,113.1
2012-07-11,126.232,103.2
2012-07-12,126.0783,95.3
2012-07-13,119.3509,92.8
2012-07-14,120.318,96.7
2012-07-15,118.6648,99.8
2012-07-16,121.281,105.7
2012-07-17,123.3669,108.7
2012-07-18,120.1574,118.3
2012-07-19,116.9871,127.1
2012-07-20,115.3868,130.5
2012-07-21,116.7832,135.4
2012-07-22,106.0425,140.1
2012-07-23,108.7548,144.0
2012-07-24,114.9822,146.0
2012-07-25,119.9652,138.6
2012-07-26,126.4795,143.8
2012-07-27,129.8281,142.7
2012-07-28,132.7348,137.9
2012-07-29,134.5678,137.9
2012-07-30,134.2407,132.1
2012-07-31,133.1602,137.0
2012-08-01,133.9211,134.8
2012-08-02,131.4641,128.8
2012-08-03,131.2416,123.0
2012-08-04,130.5213,115.3
2012-08-05,129.7352,110.9
2012-08-06,129.1523,108.5
2012-08-07,121.8414,103.2
2012-08-08,121.9224,100.8
2012-08-09,120.9103,97.7
2012-08-10,119.3235,99.4
2012-08-11,118.8486,98.5
2012-08-12,119.4327,98.5
2012-08-13,118.8168,96.4
2012-08-14,119.2176,96.9
2012-08-15,117.189,98.8
2012-08-16,119.868,106.4
2012-08-17,118.6368,108.1
2012-08-18,119.271,115.6
2012-08-19,119.5875,113.7
2012-08-20,119.5325,113.4
2012-08-21,118.7914,120.6
2012-08-22,113.0183,130.2
2012-08-23,108.7884,132.9
2012-08-24,111.8256,148.2
2012-08-25,120.9995,144.7
2012-08-26,127.3856,144.0
2012-08-27,126.9966,139.9
2012-08-28,125.5149,134.9
2012-08-29,127.7864,130.0
2012-08-30,130.0671,135.4
2012-08-31,129.7404,130.5
2012-09-01,136.4103,124.8
2012-09-02,135.8196,112.8
2012-09-03,128.0428,106.4
2012-09-04,124.2199,103.8
2012-09-05,122.0777,100.3
2012-09-06,123.4632,101.7
2012-09-07,125.8217,98.6
2012-09-08,126.2054,98.3
2012-09-09,108.6462,102.5
2012-09-10,109.658,105.3
2012-09-11,114.4732,110.8
2012-09-12,119.0194,118.4
2012-09-13,121.1053,117.8
2012-09-14,122.1132,125.3
2012-09-15,119.934,134.4
2012-09-16,121.0405,137.4
2012-09-17,122.4251,140.6
2012-09-18,124.0168,139.9
2012-09-19,126.1965,133.8
2012-09-20,127.2693,138.3
2012-09-21,126.3262,136.4
2012-09-22,130.0304,135.9
2012-09-23,132.662,128.3
2012-09-24,132.0232,118.3
2012-09-25,131.558,111.8
2012-09-26,123.1396,109.5
2012-09-27,119.1365,106.1
2012-09-28,119.7134,98.7
2012-09-29,114.2516,97.9
2012-09-30,117.6295,103.2
2012-10-01,118.5667,105.9
2012-10-02,119.6462,111.6
2012-10-03,120.0868,116.2
2012-10-04,120.7302,121.3
2012-10-05,116.3809,124.3
2012-10-06,115.1388,131.3
2012-10-07,117.5571,135.9
2012-10-08,120.1864,136.1
2012-10-09,122.0946,134.1
2012-10-10,122.8578,136.5
2012-10-11,124.098,140.3
2012-10-12,125.6962,150.1
2012-10-13,126.9741,142.8
2012-10-14,129.0086,153.9
2012-10-15,121.234,140.1
2012-10-16,118.762,134.1
2012-10-17,116.7348,128.5
2012-10-18,117.7242,129.1
2012-10-19,118.0333,120.2
2012-10-20,121.1868,115.4
2012-10-21,120.7402,106.9
2012-10-22,124.3112,104.8
2012-10-23,120.9944,102.7
2012-10-24,119.1716,96.8
2012-10-25,116.6744,94.9
2012-10-26,117.9247,91.8
2012-10-27,112.2559,93.4
2012-10-28,114.2455,94.9
2012-10-29,115.9634,96.9
2012-10-30,117.3909,99.8
2012-10-31,116.7338,102.2
2012-11-01,113.5546,112.9
2012-11-02,113.3208,119.8
2012-11-03,113.2354,130.6
2012-11-04,114.2425,140.8
2012-11-05,114.9178,143.1
2012-11-06,114.3424,139.1
2012-11-07,116.1702,138.6
2012-11-08,113.0733,135.2
2012-11-09,119.2442,132.4
2012-11-10,121.9123,137.7
2012-11-11,120.2461,130.7
2012-11-12,118.5458,137.8
2012-11-13,119.0323,137.0
2012-11-14,116.1706,124.5
2012-11-15,115.0813,123.5
2012-11-16,113.9109,115.0
2012-11-17,112.4544,118.4
2012-11-18,114.3408,118.6
2012-11-19,111.6471,114.0
2012-11-20,114.666,111.2
2012-11-21,114.1835,110.0
2012-11-22,110.8908,107.5
2012-11-23,108.8742,98.8
2012-11-24,107.2381,94.9
2012-11-25,109.2288,93.9
2012-11-26,110.0966,93.4
2012-11-27,109.6425,92.7
2012-11-28,110.2207,94.6
2012-11-29,110.0436,94.2
2012-11-30,109.9665,98.1
2012-12-01,107.9871,100.6
2012-12-02,104.9419,100.9
2012-12-03,104.7002,100.5
2012-12-04,105.2379,108.4
2012-12-05,103.0988,113.0
2012-12-06,105.5612,115.5
2012-12-07,106.7928,118.5
2012-12-08,110.2836,115.8
2012-12-09,110.5734,111.3
2012-12-10,110.9473,112.5
2012-12-11,110.3484,109.8
2012-12-12,111.4762,110.4
2012-12-13,112.2019,110.9
2012-12-14,112.0746,111.6
2012-12-15,114.8071,110.4
2012-12-16,114.3257,109.4
2012-12-17,113.8732,109.3
2012-12-18,114.0328,106.2
2012-12-19,113.6097,103.2
2012-12-20,112.8294,102.3
2012-12-21,112.5239,100.9
2012-12-22,107.0478,103.2
2012-12-23,104.3871,109.8
2012-12-24,103.3804,113.9
2012-12-25,106.4256,115.0
2012-12-26,104.5977,124.6
2012-12-27,101.6841,138.4
2012-12-28,100.5587,140.3
2012-12-29,99.9469,137.5
2012-12-30,106.9924,144.8
2012-12-31,110.3064,150.5
2013-01-01,112.4677,163.8
2013-01-02,113.4088,168.2
2013-01-03,113.0525,166.7
2013-01-04,116.8594,163.0
2013-01-05,119.6869,151.4
2013-01-06,119.7491,149.1
2013-01-07,122.1917,135.2
2013-01-08,124.7997,132.6
2013-01-09,122.6296,118.8
2013-01-10,125.463,111.5
2013-01-11,124.8256,103.3
2013-01-12,124.4548,103.2
2013-01-13,122.7008,104.9
2013-01-14,123.2552,106.9
2013-01-15,120.3818,101.6
2013-01-16,118.553,100.2
2013-01-17,114.7184,97.5
2013-01-18,114.7903,96.3
2013-01-19,112.1415,94.7
2013-01-20,111.696,94.7
2013-01-21,113.2754,92.6
2013-01-22,112.0663,93.8
2013-01-23,109.1921,99.7
2013-01-24,106.9128,100.7
2013-01-25,108.0857,108.6
2013-01-26,107.4602,107.9
2013-01-27,109.8839,103.7
2013-01-28,110.2321,102.2
2013-01-29,110.6324,100.7
2013-01-30,112.1943,100.0
2013-01-31,112.5871,101.4
2013-02-01,111.778,104.8
2013-02-02,114.1049,103.2
2013-02-03,109.7372,102.5
2013-02-04,109.4104,99.2
2013-02-05,108.554,97.8
2013-02-06,107.7236,97.0
2013-02-07,106.9528,97.7
2013-02-08,106.8353,100.8
2013-02-09,106.4676,103.1
2013-02-10,105.2727,102.3
2013-02-11,105.8256,109.9
2013-02-12,103.8202,111.0
2013-02-13,103.5946,106.2
2013-02-14,102.8371,104.7
2013-02-15,103.427,97.5
2013-02-16,104.1144,93.0
2013-02-17,103.7394,93.5
2013-02-18,102.6746,96.8
2013-02-19,106.1265,100.0
2013-02-20,106.5684,103.6
2013-02-21,104.8662,110.6
2013-02-22,104.1105,109.1
2013-02-23,102.7039,110.1
2013-02-24,102.41,112.4
2013-02-25,104.3542,116.6
2013-02-26,105.3117,112.6
2013-02-27,107.4286,112.1
2013-02-28,106.6759,113.3
2013-03-01,110.6488,114.6
2013-03-02,111.816,117.7
2013-03-03,112.4958,118.2
2013-03-04,112.8927,121.5
2013-03-05,114.3827,121.5
2013-03-06,113.907,121.5
2013-03-07,111.7042,121.8
2013-03-08,114.2854,124.8
2013-03-09,115.5178,124.5
2013-03-10,110.335,116.6
2013-03-11,108.8109,109.5
2013-03-12,108.2564,106.7
2013-03-13,108.1073,105.3
2013-03-14,108.2932,100.2
2013-03-15,107.4454,97.6
2013-03-16,107.769,95.4
2013-03-17,106.173,92.2
2013-03-18,104.4786,92.0
2013-03-19,99.9563,92.6
2013-03-20,101.4863,98.3
2013-03-21,102.1898,104.8
2013-03-22,102.3311,108.2
2013-03-23,104.4882,113.1
2013-03-24,105.72,119.0
2013-03-25,106.639,122.1
2013-03-26,107.6207,127.0
2013-03-27,108.1069,128.6
2013-03-28,110.6573,134.5
2013-03-29,111.394,137.3
2013-03-30,112.8505,138.2
2013-03-31,112.4159,139.6
2013-04-01,109.2212,147.0
2013-04-02,110.7536,148.6
2013-04-03,110.5734,137.8
2013-04-04,108.7371,138.6
2013-04-05,109.7478,125.8
2013-04-06,110.1655,117.5
2013-04-07,106.51,114.1
2013-04-08,104.9066,114.1
2013-04-09,106.6341,109.0
2013-04-10,106.4952,105.9
2013-04-11,104.419,100.3
2013-04-12,104.2137,105.9
2013-04-13,103.805,110.5
2013-04-14,104.2884,114.1
2013-04-15,103.733,118.8
2013-04-16,104.8344,116.1
2013-04-17,103.8178,120.7
2013-04-18,103.9104,123.5
2013-04-19,104.4786,128.8
2013-04-20,106.9784,133.5
2013-04-21,108.8492,144.5
2013-04-22,107.1971,156.7
2013-04-23,109.1496,161.7
2013-04-24,108.7627,151.8
2013-04-25,111.5121,150.4
2013-04-26,113.3507,144.1
2013-04-27,111.6456,139.5
2013-04-28,112.0224,133.0
2013-04-29,114.3307,131.1
2013-04-30,118.8491,129.3
2013-05-01,121.3742,130.9
2013-05-02,113.2698,127.3
2013-05-03,118.1799,139.4
2013-05-04,118.6387,150.4
2013-05-05,118.467,153.5
2013-05-06,117.1393,151.1
2013-05-07,114.9721,148.8
2013-05-08,115.3412,148.0
2013-05-09,117.2779,139.6
2013-05-10,117.9378,135.2
2013-05-11,122.2293,138.5
2013-05-12,126.9274,135.2
2013-05-13,129.1863,128.4
2013-05-14,127.2243,136.7
2013-05-15,125.4867,137.9
2013-05-16,124.5228,130.6
2013-05-17,119.2778,124.5
2013-05-18,117.548,123.2
2013-05-19,118.3734,113.1
2013-05-20,120.8814,107.6
2013-05-21,119.9331,109.8
2013-05-22,124.0829,106.9
2013-05-23,119.9138,104.7
2013-05-24,115.8108,108.8
2013-05-25,113.5231,114.1
2013-05-26,114.8779,115.0
2013-05-27,111.1647,113.1
2013-05-28,111.0084,112.1
2013-05-29,111.4996,112.3
2013-05-30,112.0219,112.6
2013-05-31,112.8499,106.3
2013-06-01,110.9019,99.0
2013-06-02,110.8754,96.2
2013-06-03,109.8144,92.3
2013-06-04,107.5955,96.2
2013-06-05,107.1659,102.0
2013-06-06,108.6205,112.6
2013-06-07,108.5845,114.5
2013-06-08,107.8538,119.7
2013-06-09,105.0418,127.8
2013-06-10,105.5808,128.8
2013-06-11,106.5435,127.4
2013-06-12,109.507,130.5
2013-06-13,111.0025,137.6
2013-06-14,114.1453,134.2
2013-06-15,115.4552,132.4
2013-06-16,116.9916,124.6
2013-06-17,120.3699,112.9
2013-06-18,125.1478,110.1
2013-06-19,122.2415,102.9
2013-06-20,121.3641,104.3
2013-06-21,121.3505,103.6
2013-06-22,121.4017,106.3
2013-06-23,122.0336,111.4
2013-06-24,120.0755,118.1
2013-06-25,116.6352,128.7
2013-06-26,116.6723,142.3
2013-06-27,112.9831,145.6
2013-06-28,111.6302,138.7
2013-06-29,113.7977,129.8
2013-06-30,114.9697,123.3
2013-07-01,118.269,124.0
2013-07-02,120.0817,121.9
2013-07-03,123.0434,117.1
2013-07-04,127.076,121.6
2013-07-05,127.864,117.8
2013-07-06,125.0301,116.7
2013-07-07,121.9368,117.9
2013-07-08,117.7156,117.6
2013-07-09,116.211,114.9
2013-07-10,113.1287,118.6
2013-07-11,112.8248,117.3
2013-07-12,119.4765,116.1
2013-07-13,119.5972,112.9
2013-07-14,121.9151,113.4
2013-07-15,123.9922,110.1
2013-07-16,123.7472,111.0
2013-07-17,123.3743,110.3
2013-07-18,121.9819,112.9
2013-07-19,123.0847,111.3
2013-07-20,122.3324,112.7
2013-07-21,117.3223,115.6
2013-07-22,115.3056,116.5
2013-07-23,114.0201,112.0
2013-07-24,104.5919,115.4
2013-07-25,106.0635,116.2
2013-07-26,110.008,110.5
2013-07-27,111.0722,107.9
2013-07-28,108.1876,107.3
2013-07-29,113.523,106.8
2013-07-30,116.0948,108.5
2013-07-31,110.8098,107.3
2013-08-01,110.5388,106.5
2013-08-02,110.2578,105.3
2013-08-03,111.2326,113.4
2013-08-04,109.7959,117.2
2013-08-05,110.74,125.1
2013-08-06,110.971,128.5
2013-08-07,113.815,125.8
2013-08-08,112.359,122.9
2013-08-09,111.7858,126.3
2013-08-10,112.0273,129.2
2013-08-11,114.6897,131.4
2013-08-12,117.6916,134.6
2013-08-13,113.4967,133.4
2013-08-14,111.9253,134.5
2013-08-15,114.2117,126.8
2013-08-16,115.0181,119.9
2013-08-17,116.5301,115.0
2013-08-18,118.9604,113.5
2013-08-19,120.7286,111.9
2013-08-20,121.7213,110.3
2013-08-21,121.5388,111.0
2013-08-22,119.3485,109.5
2013-08-23,117.4315,109.5
2013-08-24,117.0708,105.6
2013-08-25,117.0121,107.5
2013-08-26,116.8422,107.9
2013-08-27,111.6139,111.1
2013-08-28,113.5937,111.9
2013-08-29,115.9801,102.9
2013-08-30,118.9455,100.0
2013-08-31,118.597,97.1
2013-09-01,114.3994,95.6
2013-09-02,110.5787,96.2
2013-09-03,108.9289,94.1
2013-09-04,104.2106,94.1
2013-09-05,104.1968,92.7
2013-09-06,102.2003,93.6
2013-09-07,102.755,93.8
2013-09-08,102.6829,95.5
2013-09-09,105.3787,99.7
2013-09-10,107.3444,105.1
2013-09-11,108.5424,108.9
2013-09-12,111.3319,110.0
2013-09-13,109.2134,111.2
2013-09-14,108.5163,111.9
2013-09-15,109.7041,108.5
2013-09-16,107.4264,110.9
2013-09-17,110.5835,111.7
2013-09-18,113.8259,110.5
2013-09-19,113.6185,108.3
2013-09-20,106.3616,106.0
2013-09-21,104.2604,104.6
2013-09-22,102.5383,105.2
2013-09-23,100.1272,107.0
2013-09-24,100.0505,108.3
2013-09-25,99.6698,113.9
2013-09-26,99.7229,109.2
2013-09-27,98.9737,105.9
2013-09-28,98.3032,106.5
2013-09-29,99.1914,111.8
2013-09-30,100.0464,111.7
2013-10-01,101.4878,113.1
2013-10-02,106.6398,120.3
2013-10-03,108.5674,128.5
2013-10-04,108.0729,127.3
2013-10-05,106.7727,128.6
2013-10-06,107.1956,124.3
2013-10-07,110.5382,124.5
2013-10-08,110.666,127.2
2013-10-09,112.0885,135.1
2013-10-10,112.9063,138.8
2013-10-11,115.5689,131.6
2013-10-12,110.8353,132.2
2013-10-13,112.6201,134.5
2013-10-14,110.7337,144.8
2013-10-15,111.717,151.1
2013-10-16,112.6386,158.8
2013-10-17,115.5258,159.6
2013-10-18,118.4036,169.7
2013-10-19,117.3005,164.8
2013-10-20,118.8348,157.8
2013-10-21,117.7667,150.6
2013-10-22,119.6811,139.9
2013-10-23,115.6762,140.5
2013-10-24,116.1502,144.2
2013-10-25,119.1435,139.4
2013-10-26,123.0685,141.1
2013-10-27,124.763,144.9
2013-10-28,124.7158,145.9
2013-10-29,125.6119,150.8
2013-10-30,121.396,145.3
2013-10-31,120.5097,143.3
2013-11-01,122.0083,145.2
2013-11-02,122.382,151.1
2013-11-03,124.3951,160.4
2013-11-04,125.9219,164.0
2013-11-05,125.9137,167.4
2013-11-06,123.804,172.0
2013-11-07,124.108,174.0
2013-11-08,124.1097,170.6
2013-11-09,125.3572,172.9
2013-11-10,129.4432,159.5
2013-11-11,129.6404,149.3
2013-11-12,131.8054,143.5
2013-11-13,132.7904,137.8
2013-11-14,134.1481,139.2
2013-11-15,135.8726,132.2
2013-11-16,129.075,123.9
2013-11-17,130.9062,116.0
2013-11-18,128.9963,112.4
2013-11-19,127.6958,125.6
2013-11-20,127.6208,129.3
2013-11-21,126.2316,125.0
2013-11-22,128.3067,127.6
2013-11-23,129.2891,126.9
2013-11-24,127.2517,130.0
2013-11-25,125.8641,131.9
2013-11-26,124.5403,134.0
2013-11-27,132.0031,145.3
2013-11-28,133.9184,146.1
2013-11-29,133.0359,152.3
2013-11-30,133.9032,160.6
2013-12-01,130.687,163.1
2013-12-02,133.9611,169.9
2013-12-03,133.41,165.6
2013-12-04,134.3526,159.8
2013-12-05,134.7806,158.1
2013-12-06,134.9261,159.0
2013-12-07,139.026,151.3
2013-12-08,141.9132,149.4
2013-12-09,144.7819,153.9
2013-12-10,147.5755,151.1
2013-12-11,146.06,148.5
2013-12-12,144.9989,144.4
2013-12-13,143.3873,139.5
2013-12-14,144.3112,133.4
2013-12-15,138.6839,131.6
2013-12-16,138.5077,124.1
2013-12-17,137.9879,118.7
2013-12-18,142.4285,120.6
2013-12-19,144.4074,126.3
2013-12-20,143.2334,130.1
2013-12-21,142.5686,132.5
2013-12-22,141.2692,138.2
2013-12-23,139.5418,140.5
2013-12-24,138.0182,154.3
2013-12-25,138.5689,155.2
2013-12-26,139.7137,176.3
2013-12-27,138.9728,206.2
2013-12-28,138.8498,210.3
2013-12-29,140.5398,197.2
2013-12-30,140.0473,193.3
2013-12-31,143.4428,188.2
2014-01-01,149.9619,178.1
2014-01-02,150.6855,169.4
2014-01-03,157.1191,160.7
2014-01-04,164.839,150.2
2014-01-05,159.06,138.7
2014-01-06,158.1694,132.6
2014-01-07,158.3709,122.1
2014-01-08,159.5984,117.1
2014-01-09,155.3273,124.7
2014-01-10,151.7279,125.5
2014-01-11,150.0818,123.4
2014-01-12,147.8043,133.0
2014-01-13,144.0927,141.4
2014-01-14,144.9144,138.9
2014-01-15,142.0423,132.1
2014-01-16,141.5209,131.3
2014-01-17,144.5886,129.1
2014-01-18,145.3834,133.7
2014-01-19,145.1513,139.6
2014-01-20,151.3521,152.5
2014-01-21,153.2095,151.8
2014-01-22,148.7093,155.8
2014-01-23,146.735,160.9
2014-01-24,143.2608,171.6
2014-01-25,141.107,184.4
2014-01-26,141.3251,183.0
2014-01-27,146.0553,182.9
2014-01-28,151.5828,188.1
2014-01-29,142.5765,186.1
2014-01-30,140.9943,173.2
2014-01-31,142.2144,167.2
2014-02-01,143.7461,164.6
2014-02-02,151.2773,156.8
2014-02-03,150.6545,167.8
2014-02-04,148.6437,156.1
2014-02-05,149.4539,162.5
2014-02-06,151.6076,162.5
2014-02-07,149.6385,158.1
2014-02-08,149.6867,150.2
2014-02-09,150.2455,148.9
2014-02-10,151.1548,147.9
2014-02-11,156.1878,154.2
2014-02-12,152.2786,153.0
2014-02-13,156.2754,153.4
2014-02-14,149.2004,159.7
2014-02-15,148.9123,168.2
2014-02-16,148.0087,167.2
2014-02-17,151.5208,170.4
2014-02-18,152.6978,174.7
2014-02-19,156.408,172.4
2014-02-20,156.3908,167.5
2014-02-21,155.9057,161.6
2014-02-22,160.1158,158.5
2014-02-23,163.096,158.3
2014-02-24,161.109,155.4
2014-02-25,159.9952,146.7
2014-02-26,162.017,146.5
2014-02-27,159.1064,146.0
2014-02-28,157.3651,139.5
2014-03-01,152.2956,143.8
2014-03-02,154.6403,149.5
2014-03-03,154.137,162.5
2014-03-04,152.3221,167.1
2014-03-05,151.6426,145.9
2014-03-06,151.1859,142.1
2014-03-07,151.3448,137.5
2014-03-08,148.6694,134.2
2014-03-09,151.0749,135.1
2014-03-10,153.2717,137.0
2014-03-11,156.8935,147.9
2014-03-12,158.9811,150.1
2014-03-13,153.3499,151.4
2014-03-14,152.8455,153.8
2014-03-15,151.7242,156.0
2014-03-16,149.7213,157.7
2014-03-17,149.6664,152.0
2014-03-18,151.595,152.5
2014-03-19,155.3633,144.2
2014-03-20,155.0359,145.9
2014-03-21,155.3953,142.3
2014-03-22,155.4844,148.1
2014-03-23,156.5048,152.1
2014-03-24,158.2815,153.1
2014-03-25,153.2555,154.6
2014-03-26,151.2961,153.0
2014-03-27,149.885,157.0
2014-03-28,151.8028,142.3
2014-03-29,150.6685,141.2
2014-03-30,152.9604,140.2
2014-03-31,154.1701,132.4
2014-04-01,155.4833,131.0
2014-04-02,157.4329,137.3
2014-04-03,152.7072,138.2
2014-04-04,153.4941,136.5
2014-04-05,146.3142,137.9
2014-04-06,147.1019,151.2
2014-04-07,147.512,163.0
2014-04-08,145.5096,185.2
2014-04-09,147.0106,180.3
2014-04-10,150.1994,173.7
2014-04-11,150.9859,170.8
2014-04-12,151.674,164.1
2014-04-13,152.5097,160.4
2014-04-14,157.6608,146.3
2014-04-15,158.3707,137.6
2014-04-16,160.2673,131.6
2014-04-17,160.3386,126.2
2014-04-18,156.5847,122.3
2014-04-19,155.1467,119.6
2014-04-20,154.54,122.5
2014-04-21,153.3824,121.8
2014-04-22,147.9038,125.5
2014-04-23,142.316,127.7
2014-04-24,138.3145,137.6
2014-04-25,135.5549,134.8
2014-04-26,134.1825,133.7
2014-04-27,135.9251,141.5
2014-04-28,141.3359,141.3
2014-04-29,145.8368,148.6
2014-04-30,146.3951,150.8
2014-05-01,146.9981,155.2
2014-05-02,150.0223,155.1
2014-05-03,146.5912,167.7
2014-05-04,143.2439,166.3
2014-05-05,146.6866,162.7
2014-05-06,146.9654,166.7
2014-05-07,149.6882,155.5
2014-05-08,150.9158,141.8
2014-05-09,152.0028,136.6
2014-05-10,151.6543,130.4
2014-05-11,151.5741,119.7
2014-05-12,151.0228,120.1
2014-05-13,147.4988,116.7
2014-05-14,148.9286,114.1
2014-05-15,147.3908,119.2
2014-05-16,141.4786,127.7
2014-05-17,140.0756,116.0
2014-05-18,135.6021,111.1
2014-05-19,131.199,108.7
2014-05-20,132.8325,102.1
2014-05-21,129.7918,105.5
2014-05-22,128.9355,104.4
2014-05-23,131.2751,106.6
2014-05-24,133.562,106.2
2014-05-25,128.9988,108.3
2014-05-26,126.2265,110.1
2014-05-27,124.6305,108.5
2014-05-28,125.2905,113.8
2014-05-29,126.858,136.9
2014-05-30,124.8904,140.8
2014-05-31,126.9282,153.1
2014-06-01,127.8182,166.1
2014-06-02,127.3461,171.3
2014-06-03,126.7643,173.6
2014-06-04,126.7252,179.8
2014-06-05,128.4202,157.5
2014-06-06,131.9046,148.0
2014-06-07,130.077,134.3
2014-06-08,132.2913,120.5
2014-06-09,136.3026,118.0
2014-06-10,139.4336,114.4
2014-06-11,140.7964,114.7
2014-06-12,143.3855,105.5
2014-06-13,137.96,104.5
2014-06-14,135.5389,97.3
2014-06-15,129.9526,95.6
2014-06-16,129.7289,96.6
2014-06-17,131.6769,100.2
2014-06-18,127.2842,103.3
2014-06-19,127.4232,107.6
2014-06-20,122.5644,118.4
2014-06-21,124.5572,129.9
2014-06-22,122.7466,145.2
2014-06-23,120.5236,156.9
2014-06-24,122.5913,175.1
2014-06-25,123.2863,184.1
2014-06-26,122.4538,193.9
2014-06-27,125.0898,199.4
2014-06-28,127.0554,207.7
2014-06-29,131.8812,204.5
2014-06-30,134.5764,208.1
2014-07-01,137.9732,205.0
2014-07-02,142.025,183.3
2014-07-03,143.8395,171.8
2014-07-04,145.0547,149.9
2014-07-05,147.7996,131.0
2014-07-06,147.0209,113.0
2014-07-07,142.5482,103.9
2014-07-08,143.4947,95.1
2014-07-09,143.3819,91.5
2014-07-10,138.2732,91.4
2014-07-11,133.2691,88.9
2014-07-12,132.3179,89.9
2014-07-13,127.9765,93.0
2014-07-14,124.6741,95.5
2014-07-15,123.7656,102.2
2014-07-16,120.4751,107.4
2014-07-17,121.2592,109.9
2014-07-18,122.4402,120.1
2014-07-19,121.8197,125.2
2014-07-20,122.9905,136.3
2014-07-21,123.9393,146.0
2014-07-22,121.8516,156.6
2014-07-23,122.4317,161.1
2014-07-24,125.0829,173.5
2014-07-25,123.0989,160.2
2014-07-26,126.3131,156.2
2014-07-27,128.3047,143.3
2014-07-28,132.4023,143.3
2014-07-29,134.5497,140.5
2014-07-30,133.3063,140.0
2014-07-31,134.1988,126.4
2014-08-01,134.2904,116.3
2014-08-02,126.4042,111.3
2014-08-03,123.7627,107.3
2014-08-04,125.5236,106.8
2014-08-05,121.1218,105.6
2014-08-06,123.0027,105.4
2014-08-07,124.2078,116.0
2014-08-08,122.2583,114.8
2014-08-09,120.199,117.9
2014-08-10,120.4951,113.3
2014-08-11,121.8653,113.3
2014-08-12,122.7719,121.1
2014-08-13,121.001,131.3
2014-08-14,118.2527,129.3
2014-08-15,124.5709,134.9
2014-08-16,122.4787,144.0
2014-08-17,123.5199,140.2
2014-08-18,121.7341,130.8
2014-08-19,121.0253,125.3
2014-08-20,126.0242,121.0
2014-08-21,128.7482,122.5
2014-08-22,128.0238,125.5
2014-08-23,131.6169,127.1
2014-08-24,134.0891,128.9
2014-08-25,132.3099,138.7
2014-08-26,130.8355,140.1
2014-08-27,127.4683,148.4
2014-08-28,126.6912,146.3
2014-08-29,126.4827,159.8
2014-08-30,126.5932,162.6
2014-08-31,126.9833,166.3
2014-09-01,126.8361,161.6
2014-09-02,129.731,157.4
2014-09-03,128.5106,153.4
2014-09-04,134.5392,154.0
2014-09-05,134.6573,146.9
2014-09-06,138.7092,141.0
2014-09-07,141.2826,134.4
2014-09-08,140.6537,134.1
2014-09-09,140.7736,134.2
2014-09-10,134.4108,121.3
2014-09-11,134.8415,122.8
2014-09-12,131.8534,120.1
2014-09-13,130.6839,124.9
2014-09-14,129.8149,136.8
2014-09-15,127.3418,139.1
2014-09-16,128.5726,145.6
2014-09-17,132.5387,167.8
2014-09-18,128.8567,171.0
2014-09-19,130.0704,182.2
2014-09-20,132.3602,181.8
2014-09-21,133.688,175.6
2014-09-22,134.7961,162.6
2014-09-23,134.9686,155.4
2014-09-24,132.2631,149.3
2014-09-25,138.1759,136.9
2014-09-26,140.4726,127.6
2014-09-27,139.8742,128.4
2014-09-28,138.8286,129.9
2014-09-29,139.0803,125.2
2014-09-30,136.8704,126.2
2014-10-01,130.8838,118.6
2014-10-02,130.4538,120.4
2014-10-03,132.5399,111.6
2014-10-04,129.3913,110.0
2014-10-05,129.1375,112.6
2014-10-06,129.4225,119.7
2014-10-07,130.2696,125.0
2014-10-08,131.7866,138.0
2014-10-09,130.0883,144.8
2014-10-10,132.4149,171.1
2014-10-11,130.4259,171.7
2014-10-12,132.3621,202.2
2014-10-13,133.6892,197.1
2014-10-14,135.1777,214.2
2014-10-15,134.7439,221.8
2014-10-16,137.8819,219.5
2014-10-17,141.2121,216.8
2014-10-18,148.4381,214.0
2014-10-19,149.4834,185.4
2014-10-20,157.6658,165.1
2014-10-21,154.2068,148.4
2014-10-22,157.583,138.4
2014-10-23,159.0692,119.5
2014-10-24,158.8035,118.1
2014-10-25,156.4073,122.4
2014-10-26,155.9168,123.2
2014-10-27,148.9192,127.3
2014-10-28,144.8328,142.7
2014-10-29,142.9167,133.1
2014-10-30,143.7242,129.6
2014-10-31,139.3025,129.6
2014-11-01,141.5272,129.2
2014-11-02,125.1057,133.4
2014-11-03,125.3386,139.5
2014-11-04,134.1387,149.8
2014-11-05,143.6417,150.3
2014-11-06,147.0287,157.6
2014-11-07,146.7098,157.1
2014-11-08,146.7484,165.0
2014-11-09,148.1301,163.8
2014-11-10,150.388,163.6
2014-11-11,151.0783,165.7
2014-11-12,150.5944,164.1
2014-11-13,150.5941,158.6
2014-11-14,153.8887,162.6
2014-11-15,154.9176,168.8
2014-11-16,157.8184,165.8
2014-11-17,158.3813,165.0
2014-11-18,158.1146,166.5
2014-11-19,155.7292,174.1
2014-11-20,159.3854,176.6
2014-11-21,158.5423,172.5
2014-11-22,154.7637,172.4
2014-11-23,155.1781,163.4
2014-11-24,156.2874,163.0
2014-11-25,156.8171,149.8
2014-11-26,158.3625,147.6
2014-11-27,164.4607,132.8
2014-11-28,162.543,125.0
2014-11-29,159.8472,127.9
2014-11-30,157.3924,128.7
2014-12-01,154.4158,135.5
2014-12-02,155.6869,145.3
2014-12-03,152.2532,143.0
2014-12-04,150.68,149.4
2014-12-05,147.6684,154.9
2014-12-06,144.8377,161.2
2014-12-07,147.2921,164.0
2014-12-08,148.7109,178.8
2014-12-09,155.0154,192.3
2014-12-10,155.7441,206.4
2014-12-11,154.4395,208.9
2014-12-12,155.5375,196.7
2014-12-13,155.8893,199.2
2014-12-14,157.8635,173.4
2014-12-15,159.1955,160.5
2014-12-16,163.3279,146.5
2014-12-17,162.5865,140.6
2014-12-18,163.2779,132.5
2014-12-19,162.9035,129.7
2014-12-20,162.3354,128.2
2014-12-21,162.4129,127.1
2014-12-22,157.5804,126.0
2014-12-23,154.4822,129.2
2014-12-24,151.5281,132.9
2014-12-25,152.3912,141.0
2014-12-26,150.2032,143.8
2014-12-27,148.5351,144.8
2014-12-28,147.367,137.2
2014-12-29,146.7222,137.2
2014-12-30,148.8186,142.4
2014-12-31,149.9858,152.0
2015-01-01,151.0167,146.2
2015-01-02,151.8505,146.9
2015-01-03,153.9788,148.6
2015-01-04,153.807,153.4
2015-01-05,147.9972,145.3
2015-01-06,148.8842,137.2
2015-01-07,151.1652,127.1
2015-01-08,155.6989,120.7
2015-01-09,154.2605,118.0
2015-01-10,150.6366,121.7
2015-01-11,149.4396,125.9
2015-01-12,150.1614,121.6
2015-01-13,147.1426,120.0
2015-01-14,144.6921,116.6
2015-01-15,141.0439,117.3
2015-01-16,137.7701,121.4
2015-01-17,136.409,122.7
2015-01-18,138.1298,142.5
2015-01-19,141.0621,153.3
2015-01-20,140.3986,154.5
2015-01-21,140.3262,166.7
2015-01-22,140.7831,154.6
2015-01-23,141.0572,149.0
2015-01-24,142.8035,137.6
2015-01-25,141.3523,139.8
2015-01-26,149.032,145.1
2015-01-27,151.0663,150.1
2015-01-28,149.3621,138.0
2015-01-29,151.9005,139.3
2015-01-30,147.6564,148.9
2015-01-31,145.4016,148.7
2015-02-01,139.8268,141.9
2015-02-02,143.5233,137.3
2015-02-03,146.4585,127.7
2015-02-04,148.8907,124.4
2015-02-05,143.7706,121.8
2015-02-06,143.9946,117.4
2015-02-07,145.2592,116.7
2015-02-08,146.1353,115.3
2015-02-09,143.268,115.7
2015-02-10,143.064,118.2
2015-02-11,138.9844,116.0
2015-02-12,137.3781,117.0
2015-02-13,139.9604,113.6
2015-02-14,138.0416,115.0
2015-02-15,136.1465,114.3
2015-02-16,130.2807,112.1
2015-02-17,130.9374,108.8
2015-02-18,131.7283,109.1
2015-02-19,130.0363,115.7
2015-02-20,131.0903,121.1
2015-02-21,130.9947,125.3
2015-02-22,130.0501,128.1
2015-02-23,129.4697,122.9
2015-02-24,128.3723,122.1
2015-02-25,126.1452,124.5
2015-02-26,126.2501,125.4
2015-02-27,130.2088,130.9
2015-02-28,131.3083,122.3
2015-03-01,132.5844,121.2
2015-03-02,133.1202,119.2
2015-03-03,130.5268,129.9
2015-03-04,129.5416,125.1
2015-03-05,129.6204,117.9
2015-03-06,131.5401,114.3
2015-03-07,132.0479,113.1
2015-03-08,130.3411,116.0
2015-03-09,130.6802,113.2
2015-03-10,126.2057,113.7
2015-03-11,127.0617,108.3
2015-03-12,127.1889,111.8
2015-03-13,124.4787,112.7
2015-03-14,123.8386,121.5
2015-03-15,118.4779,127.2
2015-03-16,119.4406,132.2
2015-03-17,120.8898,137.0
2015-03-18,119.7327,135.5
2015-03-19,117.8132,137.2
2015-03-20,121.1297,145.1
2015-03-21,123.402,144.0
2015-03-22,126.5254,133.3
2015-03-23,127.7871,127.8
2015-03-24,129.6486,123.9
2015-03-25,129.5566,121.2
2015-03-26,130.0546,119.8
2015-03-27,129.9555,122.4
2015-03-28,128.0518,122.3
2015-03-29,130.709,125.8
2015-03-30,127.3688,111.4
2015-03-31,125.7403,106.3
2015-04-01,124.5024,111.6
2015-04-02,124.1475,115.5
2015-04-03,125.6016,123.5
2015-04-04,126.8819,134.6
2015-04-05,127.4894,142.1
2015-04-06,128.0237,147.7
2015-04-07,124.1269,155.7
2015-04-08,121.1677,151.3
2015-04-09,121.7498,150.8
2015-04-10,117.6067,148.9
2015-04-11,123.2179,153.0
2015-04-12,128.4768,151.0
2015-04-13,131.0319,155.3
2015-04-14,132.8562,151.8
2015-04-15,125.4723,142.0
2015-04-16,127.5855,136.0
2015-04-17,129.7511,127.4
2015-04-18,127.8055,120.0
2015-04-19,129.9875,108.9
2015-04-20,132.959,109.2
2015-04-21,132.8878,105.5
2015-04-22,133.6235,103.3
2015-04-23,131.3025,101.4
2015-04-24,130.771,107.3
2015-04-25,127.75,112.9
2015-04-26,126.9095,125.4
2015-04-27,122.6805,130.0
2015-04-28,123.7484,138.6
2015-04-29,123.4793,149.2
2015-04-30,124.0991,152.6
2015-05-01,123.5584,157.5
2015-05-02,125.1101,163.1
2015-05-03,126.0479,166.2
2015-05-04,130.2367,166.5
2015-05-05,132.2827,160.3
2015-05-06,133.6458,148.2
2015-05-07,134.6558,139.5
2015-05-08,133.844,134.0
2015-05-09,134.1658,122.3
2015-05-10,135.1003,117.6
2015-05-11,136.2904,112.9
2015-05-12,136.8753,108.2
2015-05-13,133.9413,104.3
2015-05-14,117.5115,101.6
2015-05-15,120.798,100.2
2015-05-16,124.5094,101.2
2015-05-17,122.9899,99.0
2015-05-18,125.6503,97.0
2015-05-19,126.3566,97.8
2015-05-20,126.089,95.5
2015-05-21,122.871,94.8
2015-05-22,123.7686,97.7
2015-05-23,120.8634,97.0
2015-05-24,122.2467,103.2
2015-05-25,120.2165,103.9
2015-05-26,119.986,111.6
2015-05-27,119.9991,121.4
2015-05-28,121.3046,129.7
2015-05-29,121.6198,136.6
2015-05-30,120.0921,141.4
2015-05-31,118.407,138.2
2015-06-01,119.9673,140.6
2015-06-02,120.7471,139.5
2015-06-03,121.688,144.2
2015-06-04,125.2431,141.0
2015-06-05,126.8998,140.3
2015-06-06,128.606,135.8
2015-06-07,129.2413,139.1
2015-06-08,128.792,140.5
2015-06-09,126.6568,140.2
2015-06-10,121.497,141.7
2015-06-11,119.3627,141.8
2015-06-12,117.8915,139.8
2015-06-13,118.4782,136.0
2015-06-14,119.7299,134.3
2015-06-15,121.8243,119.9
2015-06-16,129.0202,113.1
2015-06-17,130.1618,105.2
2015-06-18,132.0485,104.6
2015-06-19,125.4309,100.5
2015-06-20,122.0094,100.5
2015-06-21,124.148,100.4
2015-06-22,124.8375,104.2
2015-06-23,120.9754,113.3
2015-06-24,120.0154,117.6
2015-06-25,118.4294,116.1
2015-06-26,118.6594,120.7
2015-06-27,116.5066,129.0
2015-06-28,117.5024,137.9
2015-06-29,119.2714,137.1
2015-06-30,121.0859,133.2
2015-07-01,124.2736,126.0
2015-07-02,123.3256,133.3
2015-07-03,121.7532,124.3
2015-07-04,123.0496,119.9
2015-07-05,124.3423,113.8
2015-07-06,126.3558,108.7
2015-07-07,122.035,104.4
2015-07-08,123.1543,102.9
2015-07-09,121.254,100.6
2015-07-10,122.4099,99.1
2015-07-11,117.758,102.6
2015-07-12,118.8286,96.3
2015-07-13,108.4899,94.0
2015-07-14,106.1702,91.9
2015-07-15,105.9891,92.2
2015-07-16,111.2339,95.2
2015-07-17,113.7987,96.9
2015-07-18,115.7252,100.1
2015-07-19,116.3641,103.2
2015-07-20,115.6364,104.2
2015-07-21,104.1855,103.8
2015-07-22,100.8452,105.1
2015-07-23,100.4342,103.8
2015-07-24,105.268,106.0
2015-07-25,111.0703,104.5
2015-07-26,115.761,108.7
2015-07-27,117.8708,109.9
2015-07-28,118.8827,115.5
2015-07-29,115.2155,125.1
2015-07-30,115.4702,125.5
2015-07-31,117.0046,124.4
2015-08-01,116.5664,117.6
2015-08-02,113.1067,109.1
2015-08-03,108.1302,105.6
2015-08-04,107.1631,101.9
2015-08-05,108.4515,97.3
2015-08-06,110.9406,95.7
2015-08-07,113.1744,91.7
2015-08-08,113.9048,87.8
2015-08-09,107.5894,89.2
2015-08-10,107.4821,90.9
2015-08-11,102.8559,100.6
2015-08-12,103.1852,105.3
2015-08-13,110.0605,121.4
2015-08-14,115.0164,119.6
2015-08-15,114.9362,119.8
2015-08-16,113.3513,130.6
2015-08-17,114.2447,123.9
2015-08-18,116.7924,128.9
2015-08-19,119.8735,112.5
2015-08-20,123.1356,111.3
2015-08-21,126.8792,102.1
2015-08-22,124.4646,93.4
2015-08-23,122.415,92.7
2015-08-24,124.283,90.7
2015-08-25,120.7917,89.8
2015-08-26,122.5852,88.0
2015-08-27,118.8935,91.5
2015-08-28,113.4441,86.8
2015-08-29,108.47,86.9
2015-08-30,104.2773,85.0
2015-08-31,103.9807,84.7
2015-09-01,103.5382,83.5
2015-09-02,103.6662,84.6
2015-09-03,103.3931,94.1
2015-09-04,109.3228,100.4
2015-09-05,110.3828,100.0
2015-09-06,114.3174,97.7
2015-09-07,112.2057,102.2
2015-09-08,109.3262,110.6
2015-09-09,107.3352,107.9
2015-09-10,107.1456,103.8
2015-09-11,109.837,106.7
2015-09-12,110.2205,111.3
2015-09-13,109.9949,104.2
2015-09-14,108.7316,107.8
2015-09-15,108.6062,111.4
2015-09-16,112.0984,107.4
2015-09-17,106.4335,120.5
2015-09-18,97.3114,120.8
2015-09-19,96.0478,128.1
2015-09-20,96.0621,124.5
2015-09-21,92.5563,129.6
2015-09-22,94.9841,131.5
2015-09-23,96.8416,120.0
2015-09-24,94.0172,107.6
2015-09-25,100.589,97.0
2015-09-26,104.1645,88.3
2015-09-27,106.5499,82.6
2015-09-28,98.4416,81.3
2015-09-29,99.9273,80.4
2015-09-30,105.3398,79.5
2015-10-01,106.3918,81.0
2015-10-02,105.283,81.2
2015-10-03,102.9006,84.3
2015-10-04,101.3176,88.7
2015-10-05,100.3425,95.2
2015-10-06,101.1472,100.2
2015-10-07,100.1664,106.1
2015-10-08,101.0945,108.4
2015-10-09,101.7078,115.8
2015-10-10,99.3126,118.6
2015-10-11,99.4361,122.7
2015-10-12,99.8799,121.7
2015-10-13,101.9693,127.8
2015-10-14,104.0318,119.3
2015-10-15,96.3904,113.7
2015-10-16,99.9584,105.2
2015-10-17,104.4763,105.2
2015-10-18,100.7379,104.9
2015-10-19,103.4876,108.7
2015-10-20,105.5264,110.7
2015-10-21,106.7816,111.4
2015-10-22,107.4396,115.5
2015-10-23,105.6514,116.7
2015-10-24,102.8407,122.4
2015-10-25,100.9442,120.1
2015-10-26,90.6028,122.2
2015-10-27,92.8529,112.0
2015-10-28,95.7766,108.1
2015-10-29,104.5846,113.2
2015-10-30,110.0596,112.9
2015-10-31,112.6811,105.7
2015-11-01,109.4948,105.6
2015-11-02,109.0453,103.3
2015-11-03,110.3795,102.9
2015-11-04,111.7668,101.4
2015-11-05,112.111,100.8
2015-11-06,112.2542,104.1
2015-11-07,112.0958,103.5
2015-11-08,111.3324,103.2
2015-11-09,111.186,104.6
2015-11-10,108.8476,105.1
2015-11-11,109.1815,105.6
2015-11-12,108.8626,108.4
2015-11-13,106.7682,119.2
2015-11-14,107.6267,119.9
2015-11-15,106.6605,116.7
2015-11-16,103.5303,110.3
2015-11-17,105.3688,106.2
2015-11-18,105.0321,101.2
2015-11-19,105.1516,96.3
2015-11-20,106.1081,94.0
2015-11-21,107.6086,92.9
2015-11-22,109.8892,93.1
2015-11-23,108.7148,91.9
2015-11-24,108.58,92.6
2015-11-25,108.1943,91.8
2015-11-26,105.8556,94.8
2015-11-27,101.6644,97.6
2015-11-28,98.6953,99.3
2015-11-29,98.0125,97.8
2015-11-30,97.3603,107.9
2015-12-01,96.2524,105.5
2015-12-02,96.298,105.2
2015-12-03,98.8289,110.3
2015-12-04,101.7283,113.1
2015-12-05,103.0481,118.7
2015-12-06,102.5949,120.2
2015-12-07,101.6954,115.2
2015-12-08,101.7448,122.2
2015-12-09,103.9313,114.0
2015-12-10,104.0931,113.3
2015-12-11,102.233,115.2
2015-12-12,103.1398,112.8
2015-12-13,105.4388,117.8
2015-12-14,109.0639,125.8
2015-12-15,108.9365,129.5
2015-12-16,110.6081,128.4
2015-12-17,104.5042,122.3
2015-12-18,102.8092,113.5
2015-12-19,103.4933,106.7
2015-12-20,103.1955,108.4
2015-12-21,104.2981,101.9
2015-12-22,107.859,98.1
2015-12-23,109.4349,93.0
2015-12-24,110.5428,95.1
2015-12-25,105.7106,96.6
2015-12-26,104.3033,98.5
2015-12-27,101.1014,92.2
2015-12-28,99.3773,92.1
2015-12-29,96.3435,96.9
2015-12-30,96.157,99.9
2015-12-31,95.3324,104.9
2016-01-01,98.5986,103.5
2016-01-02,99.9558,105.4
2016-01-03,99.8136,104.5
2016-01-04,98.2711,102.0
2016-01-05,94.8168,100.7
2016-01-06,99.6622,99.9
2016-01-07,99.3945,100.1
2016-01-08,101.3155,96.7
2016-01-09,101.1138,97.4
2016-01-10,102.2206,96.7
2016-01-11,101.5121,94.4
2016-01-12,100.214,97.2
2016-01-13,98.4262,100.7
2016-01-14,97.7641,97.3
2016-01-15,97.514,95.8
2016-01-16,96.471,100.6
2016-01-17,98.4131,104.3
2016-01-18,98.6903,111.3
2016-01-19,98.4281,109.3
2016-01-20,99.0886,106.6
2016-01-21,100.0522,103.7
2016-01-22,97.0783,102.0
2016-01-23,92.0629,98.3
2016-01-24,95.0779,97.3
2016-01-25,97.2525,99.1
2016-01-26,98.113,108.9
2016-01-27,97.7773,119.8
2016-01-28,97.5394,116.3
2016-01-29,97.4382,113.9
2016-01-30,97.1829,113.9
2016-01-31,95.0314,112.1
2016-02-01,95.5804,114.1
2016-02-02,96.365,109.2
2016-02-03,99.3002,109.8
2016-02-04,97.474,109.3
2016-02-05,94.1699,107.5
2016-02-06,97.7089,105.4
2016-02-07,99.5582,104.7
2016-02-08,100.2408,101.5
2016-02-09,100.4214,97.5
2016-02-10,99.6785,92.7
2016-02-11,99.3988,91.9
2016-02-12,101.5396,97.8
2016-02-13,98.4955,93.5
2016-02-14,99.4043,91.7
2016-02-15,98.8644,89.1
2016-02-16,95.5414,86.1
2016-02-17,97.0,89.9
2016-02-18,98.4296,87.2
2016-02-19,98.5182,88.6
2016-02-20,100.2436,91.5
2016-02-21,96.9252,89.3
2016-02-22,96.4791,95.1
2016-02-23,94.7983,96.5
2016-02-24,93.1589,97.1
2016-02-25,95.0073,98.9
2016-02-26,94.0398,94.7
2016-02-27,94.9171,94.1
2016-02-28,95.8515,92.8
2016-02-29,94.8711,94.2
2016-03-01,94.6906,96.0
2016-03-02,95.7205,93.7
2016-03-03,96.1318,93.0
2016-03-04,96.3971,93.9
2016-03-05,93.5831,91.5
2016-03-06,91.4107,92.4
2016-03-07,91.351,93.1
2016-03-08,92.0456,90.1
2016-03-09,94.8582,90.7
2016-03-10,88.3782,89.5
2016-03-11,86.9779,88.6
2016-03-12,87.9063,86.9
2016-03-13,87.9879,88.2
2016-03-14,89.2978,86.7
2016-03-15,90.5437,86.2
2016-03-16,89.9808,86.0
2016-03-17,91.3929,85.1
2016-03-18,91.0548,85.1
2016-03-19,92.7054,87.9
2016-03-20,92.1811,87.4
2016-03-21,93.9708,87.5
2016-03-22,94.3068,83.6
2016-03-23,94.8833,81.6
2016-03-24,96.1791,82.0
2016-03-25,90.7914,81.5
2016-03-26,91.7639,82.3
2016-03-27,94.3906,83.5
2016-03-28,91.5961,83.5
2016-03-29,93.1994,87.2
2016-03-30,88.8878,92.5
2016-03-31,89.9365,98.6
2016-04-01,89.0736,105.9
2016-04-02,88.8318,111.1
2016-04-03,89.1576,117.2
2016-04-04,89.7504,111.9
2016-04-05,89.0097,108.8
2016-04-06,89.8903,111.8
2016-04-07,93.63,113.2
2016-04-08,92.2661,114.0
2016-04-09,93.5026,102.9
2016-04-10,95.1318,95.4
2016-04-11,94.5416,89.9
2016-04-12,91.3365,84.0
2016-04-13,91.3421,77.5
2016-04-14,92.3139,77.5
2016-04-15,90.5032,79.6
2016-04-16,91.9012,82.8
2016-04-17,94.4176,82.9
2016-04-18,95.7313,86.3
2016-04-19,94.4667,93.8
2016-04-20,97.0485,96.3
2016-04-21,95.8469,93.8
2016-04-22,94.6848,95.4
2016-04-23,95.7726,93.6
2016-04-24,94.6547,91.3
2016-04-25,95.5908,91.5
2016-04-26,96.1515,91.6
2016-04-27,98.0736,88.7
2016-04-28,98.1726,91.2
2016-04-29,96.524,89.7
2016-04-30,96.5136,85.6
2016-05-01,95.6369,90.2
2016-05-02,94.5192,90.5
2016-05-03,93.0707,95.8
2016-05-04,94.9442,93.9
2016-05-05,95.1146,95.4
2016-05-06,94.1584,103.4
2016-05-07,93.8086,105.7
2016-05-08,93.4246,104.3
2016-05-09,94.2179,105.6
2016-05-10,93.1431,104.7
2016-05-11,92.9004,101.2
2016-05-12,88.6149,102.0
2016-05-13,87.7201,100.2
2016-05-14,92.4118,99.8
2016-05-15,94.5068,99.8
2016-05-16,94.053,96.7
2016-05-17,89.977,96.1
2016-05-18,89.833,94.2
2016-05-19,88.4073,92.8
2016-05-20,86.8992,90.1
2016-05-21,84.129,85.3
2016-05-22,83.4778,88.7
2016-05-23,84.4534,89.0
2016-05-24,84.6898,88.4
2016-05-25,85.6576,87.7
2016-05-26,85.716,85.7
2016-05-27,86.308,82.4
2016-05-28,86.3936,81.5
2016-05-29,84.6395,80.8
2016-05-30,85.6788,80.8
2016-05-31,86.3954,82.6
2016-06-01,86.7428,87.8
2016-06-02,89.6508,87.5
2016-06-03,90.7341,90.9
2016-06-04,91.3204,97.1
2016-06-05,91.3517,93.9
2016-06-06,90.8647,90.4
2016-06-07,88.7489,90.1
2016-06-08,89.7098,91.0
2016-06-09,89.9196,89.4
2016-06-10,90.0622,86.3
2016-06-11,85.9197,87.9
2016-06-12,89.7312,87.1
2016-06-13,84.5924,82.9
2016-06-14,83.5619,80.9
2016-06-15,83.3179,80.0
2016-06-16,80.5052,78.2
2016-06-17,80.3371,79.6
2016-06-18,79.378,79.2
2016-06-19,80.1461,78.0
2016-06-20,77.3034,75.5
2016-06-21,76.0929,76.0
2016-06-22,76.5578,75.4
2016-06-23,79.2378,74.4
2016-06-24,80.9522,73.3
2016-06-25,81.5834,74.8
2016-06-26,82.8508,76.3
2016-06-27,83.6194,74.9
2016-06-28,83.8681,79.7
2016-06-29,84.367,86.1
2016-06-30,84.5467,90.0
2016-07-01,84.1916,95.3
2016-07-02,87.7051,97.6
2016-07-03,89.811,97.8
2016-07-04,89.7237,95.5
2016-07-05,90.5828,100.0
2016-07-06,92.2479,98.2
2016-07-07,93.3808,105.4
2016-07-08,94.0906,110.1
2016-07-09,94.077,108.6
2016-07-10,97.1816,110.6
2016-07-11,91.5462,104.1
2016-07-12,91.9412,111.5
2016-07-13,92.8228,103.3
2016-07-14,91.2718,93.3
2016-07-15,91.9438,88.9
2016-07-16,92.4145,84.8
2016-07-17,91.9302,75.9
2016-07-18,82.8187,75.9
2016-07-19,81.5088,73.8
2016-07-20,85.9892,72.5
2016-07-21,85.3072,72.6
2016-07-22,76.2774,73.1
2016-07-23,73.2858,73.7
2016-07-24,72.2275,74.1
2016-07-25,71.8283,77.1
2016-07-26,75.2068,77.0
2016-07-27,77.4217,78.5
2016-07-28,79.5858,82.1
2016-07-29,81.1607,85.5
2016-07-30,86.99,95.3
2016-07-31,91.0359,99.0
2016-08-01,92.8323,94.9
2016-08-02,94.5232,97.6
2016-08-03,92.8057,97.2
2016-08-04,92.3514,97.3
2016-08-05,89.8444,92.9
2016-08-06,88.7247,89.4
2016-08-07,91.5959,89.8
2016-08-08,93.9427,88.7
2016-08-09,92.3999,84.9
2016-08-10,93.3024,84.4
2016-08-11,90.9924,82.7
2016-08-12,86.5788,80.0
2016-08-13,88.5813,78.4
2016-08-14,87.1974,81.8
2016-08-15,87.0928,83.1
2016-08-16,88.8801,79.7
2016-08-17,88.2859,80.3
2016-08-18,85.1414,83.6
2016-08-19,81.7015,85.6
2016-08-20,81.2286,87.1
2016-08-21,82.4034,89.5
2016-08-22,79.0208,102.3
2016-08-23,79.252,99.3
2016-08-24,78.8215,96.9
2016-08-25,79.5888,96.3
2016-08-26,79.2598,100.7
2016-08-27,79.9478,99.0
2016-08-28,77.6025,95.3
2016-08-29,79.5979,93.9
2016-08-30,85.4306,94.4
2016-08-31,88.5174,95.9
2016-09-01,89.4727,92.3
2016-09-02,89.4971,94.3
2016-09-03,91.0739,87.5
2016-09-04,84.9492,87.5
2016-09-05,86.5747,87.0
2016-09-06,89.8185,86.2
2016-09-07,91.4731,85.3
2016-09-08,92.7655,84.5
2016-09-09,94.0868,81.0
2016-09-10,96.9168,83.8
2016-09-11,95.0108,83.3
2016-09-12,95.1605,85.2
2016-09-13,90.7941,86.1
2016-09-14,89.4789,85.7
2016-09-15,85.8738,86.1
2016-09-16,84.8416,85.4
2016-09-17,84.762,85.1
2016-09-18,84.2011,87.2
2016-09-19,85.8346,85.9
2016-09-20,88.7584,84.8
2016-09-21,90.5935,83.0
2016-09-22,92.5059,80.8
2016-09-23,92.8241,81.2
2016-09-24,93.1404,82.4
2016-09-25,95.5442,87.9
2016-09-26,95.2937,93.1
2016-09-27,94.8513,99.3
2016-09-28,94.1557,101.4
2016-09-29,86.1633,104.0
2016-09-30,84.6516,104.1
2016-10-01,86.8893,104.2
2016-10-02,89.9068,101.6
2016-10-03,94.0745,98.8
2016-10-04,89.0787,97.2
2016-10-05,88.7105,94.8
2016-10-06,90.0279,92.3
2016-10-07,96.1403,84.4
2016-10-08,96.6508,80.4
2016-10-09,94.2064,75.6
2016-10-10,92.7441,76.8
2016-10-11,88.5812,75.8
2016-10-12,88.0706,74.0
2016-10-13,87.393,77.1
2016-10-14,86.6689,76.7
2016-10-15,85.2442,76.0
2016-10-16,79.9008,74.5
2016-10-17,78.7082,76.9
2016-10-18,81.5074,77.1
2016-10-19,82.854,77.8
2016-10-20,81.4453,78.2
2016-10-21,83.6532,78.0
2016-10-22,81.947,75.1
2016-10-23,81.4517,75.5
2016-10-24,82.6514,75.4
2016-10-25,83.6171,74.8
2016-10-26,85.0419,74.4
2016-10-27,85.2461,75.4
2016-10-28,86.3732,75.3
2016-10-29,85.8497,74.9
2016-10-30,84.4947,75.1
2016-10-31,85.0689,75.4
2016-11-01,84.7846,78.3
2016-11-02,83.8434,78.6
2016-11-03,84.2518,76.8
2016-11-04,81.7568,76.8
2016-11-05,81.9138,76.2
2016-11-06,82.9132,75.6
2016-11-07,85.2755,74.9
2016-11-08,85.5362,79.1
2016-11-09,87.2483,76.8
2016-11-10,87.216,75.8
2016-11-11,84.0269,74.9
2016-11-12,85.0355,74.6
2016-11-13,86.3194,73.1
2016-11-14,88.3642,75.4
2016-11-15,90.5126,75.7
2016-11-16,92.9055,77.0
2016-11-17,92.5264,78.8
2016-11-18,91.8132,79.1
2016-11-19,90.4065,80.4
2016-11-20,90.1256,82.9
2016-11-21,91.4952,83.1
2016-11-22,95.113,81.3
2016-11-23,89.4322,82.1
2016-11-24,89.474,82.0
2016-11-25,86.6335,82.2
2016-11-26,83.5713,80.0
2016-11-27,83.256,80.3
2016-11-28,83.4798,77.4
2016-11-29,81.7533,74.9
2016-11-30,80.042,72.6
2016-12-01,76.2121,70.7
2016-12-02,78.3948,70.0
2016-12-03,78.1989,69.2
2016-12-04,75.4502,68.6
2016-12-05,74.4623,69.0
2016-12-06,74.426,70.1
2016-12-07,73.8603,70.2
2016-12-08,74.9988,70.3
2016-12-09,78.3843,69.8
2016-12-10,79.092,70.0
2016-12-11,79.6518,70.5
2016-12-12,78.7604,72.5
2016-12-13,78.613,72.6
2016-12-14,79.4967,72.4
2016-12-15,79.1807,71.3
2016-12-16,79.2938,70.7
2016-12-17,80.9116,70.1
2016-12-18,78.1531,71.4
2016-12-19,76.4411,71.3
2016-12-20,78.4571,70.9
2016-12-21,78.548,70.9
2016-12-22,77.1193,71.2
2016-12-23,76.7126,71.1
2016-12-24,76.1888,70.1
2016-12-25,76.5728,70.6
2016-12-26,79.2087,71.0
2016-12-27,80.426,70.0
2016-12-28,79.2411,70.9
2016-12-29,78.7746,69.6
2016-12-30,76.3341,69.7
2016-12-31,74.9929,69.2
2017-01-01,72.9767,68.9
2017-01-02,74.3695,70.3
2017-01-03,77.9449,72.0
2017-01-04,75.517,73.0
2017-01-05,76.0106,72.4
2017-01-06,74.5545,74.1
2017-01-07,76.1748,75.0
2017-01-08,78.0932,75.8
2017-01-09,78.5946,76.1
2017-01-10,79.5107,76.1
2017-01-11,78.43,77.0
2017-01-12,79.4994,80.6
2017-01-13,76.4958,83.4
2017-01-14,78.1058,84.0
2017-01-15,76.8747,81.5
2017-01-16,75.7566,79.7
2017-01-17,71.8219,82.5
2017-01-18,72.9649,80.6
2017-01-19,72.8498,77.9
2017-01-20,75.3823,76.1
2017-01-21,76.282,74.4
2017-01-22,70.9969,74.7
2017-01-23,72.4373,73.8
2017-01-24,75.6716,73.9
2017-01-25,79.2557,73.1
2017-01-26,77.7049,73.0
2017-01-27,75.4554,71.9
2017-01-28,74.47,70.6
2017-01-29,74.0646,70.5
2017-01-30,75.4115,70.1
2017-01-31,74.2854,71.1
2017-02-01,71.7719,71.5
2017-02-02,73.2831,72.1
2017-02-03,76.5992,73.8
2017-02-04,78.6064,74.3
2017-02-05,79.3057,73.0
2017-02-06,78.504,72.7
2017-02-07,77.0014,73.0
2017-02-08,79.1214,72.2
2017-02-09,77.8501,72.8
2017-02-10,77.4894,74.9
2017-02-11,75.1118,76.4
2017-02-12,79.2014,78.9
2017-02-13,80.0583,80.7
2017-02-14,82.1038,81.4
2017-02-15,81.6419,81.6
2017-02-16,81.7791,80.5
2017-02-17,79.0496,78.5
2017-02-18,80.854,77.5
2017-02-19,84.9847,80.6
2017-02-20,80.4269,80.1
2017-02-21,79.7552,79.3
2017-02-22,74.5928,77.8
2017-02-23,74.3302,76.7
2017-02-24,73.0786,73.9
2017-02-25,75.4044,71.6
2017-02-26,75.4895,71.3
2017-02-27,78.9361,70.6
2017-02-28,75.2103,69.6
2017-03-01,75.5808,70.3
2017-03-02,74.0901,70.0
2017-03-03,73.5189,69.1
2017-03-04,71.7253,69.2
2017-03-05,71.2179,69.5
2017-03-06,70.3456,68.8
2017-03-07,70.833,69.1
2017-03-08,71.4612,69.7
2017-03-09,70.7918,69.9
2017-03-10,72.6736,69.6
2017-03-11,74.0027,70.5
2017-03-12,78.502,72.1
2017-03-13,81.8146,70.5
2017-03-14,84.5348,72.0
2017-03-15,86.3798,71.5
2017-03-16,87.6176,71.9
2017-03-17,83.0939,73.7
2017-03-18,81.1885,76.8
2017-03-19,80.425,82.5
2017-03-20,79.1213,83.4
2017-03-21,77.7985,83.1
2017-03-22,77.0831,85.7
2017-03-23,75.1626,90.4
2017-03-24,69.141,100.9
2017-03-25,71.1838,111.9
2017-03-26,74.6822,107.9
2017-03-27,75.5706,93.9
2017-03-28,74.7087,84.7
2017-03-29,70.011,85.8
2017-03-30,71.3869,74.1
2017-03-31,74.0436,73.3
2017-04-01,78.1027,74.7
2017-04-02,82.326,73.9
2017-04-03,82.6355,74.9
2017-04-04,74.2196,71.8
2017-04-05,69.6975,73.9
2017-04-06,73.4188,73.3
2017-04-07,73.9003,73.5
2017-04-08,74.3094,75.0
2017-04-09,79.0214,75.8
2017-04-10,84.298,77.5
2017-04-11,89.687,81.6
2017-04-12,91.5251,81.4
2017-04-13,94.8004,83.1
2017-04-14,95.7617,84.5
2017-04-15,96.3024,83.4
2017-04-16,97.4848,81.1
2017-04-17,98.1319,82.3
2017-04-18,93.2173,80.6
2017-04-19,90.5032,79.3
2017-04-20,86.6547,79.1
2017-04-21,79.4143,78.2
2017-04-22,79.0624,78.6
2017-04-23,77.9644,76.4
2017-04-24,73.7919,78.4
2017-04-25,73.7338,76.2
2017-04-26,73.8961,75.4
2017-04-27,75.9412,74.8
2017-04-28,78.3133,74.1
2017-04-29,77.3198,73.0
2017-04-30,76.3372,71.8
2017-05-01,74.9813,70.2
2017-05-02,71.8095,69.9
2017-05-03,72.5682,70.5
2017-05-04,74.9754,70.4
2017-05-05,75.3536,71.9
2017-05-06,71.09,72.7
2017-05-07,73.1453,72.2
2017-05-08,74.0818,73.5
2017-05-09,74.1182,73.1
2017-05-10,77.7668,73.9
2017-05-11,79.8645,74.0
2017-05-12,79.3913,74.2
2017-05-13,80.334,75.3
2017-05-14,80.8175,76.3
2017-05-15,80.1113,77.9
2017-05-16,79.0842,79.9
2017-05-17,81.1666,78.1
2017-05-18,81.5132,82.4
2017-05-19,79.7928,84.1
2017-05-20,77.725,81.0
2017-05-21,75.3722,77.9
2017-05-22,75.9739,75.7
2017-05-23,75.3217,76.2
2017-05-24,73.4411,77.9
2017-05-25,71.2446,80.4
2017-05-26,75.0033,80.2
2017-05-27,78.3208,79.9
2017-05-28,78.1613,81.8
2017-05-29,76.7027,77.6
2017-05-30,75.4534,77.8
2017-05-31,75.6968,76.2
2017-06-01,77.1825,76.0
2017-06-02,79.252,77.0
2017-06-03,79.1524,76.6
2017-06-04,82.7617,77.5
2017-06-05,83.6801,77.2
2017-06-06,78.1528,76.4
2017-06-07,78.9172,79.9
2017-06-08,82.2419,75.8
2017-06-09,82.1137,77.2
2017-06-10,82.6391,77.3
2017-06-11,81.9199,76.0
2017-06-12,81.4032,76.9
2017-06-13,81.8559,76.2
2017-06-14,80.9493,76.1
2017-06-15,78.0485,76.1
2017-06-16,76.2728,76.6
2017-06-17,78.1729,76.2
2017-06-18,77.4369,76.2
2017-06-19,77.0393,76.6
2017-06-20,80.22,74.5
2017-06-21,78.8882,74.2
2017-06-22,78.4904,73.9
2017-06-23,80.6618,73.1
2017-06-24,80.4427,73.6
2017-06-25,77.1822,74.1
2017-06-26,75.8551,74.2
2017-06-27,75.3264,75.5
2017-06-28,74.104,78.5
2017-06-29,74.7879,82.2
2017-06-30,75.6387,89.5
2017-07-01,77.4875,94.0
2017-07-02,77.3697,98.2
2017-07-03,76.0549,94.1
2017-07-04,74.6073,93.2
2017-07-05,78.3136,95.3
2017-07-06,78.7673,97.0
2017-07-07,79.6824,94.6
2017-07-08,83.0198,89.3
2017-07-09,84.3882,88.4
2017-07-10,82.717,80.8
2017-07-11,84.4115,75.5
2017-07-12,83.0318,72.5
2017-07-13,84.0068,71.6
2017-07-14,83.7232,71.8
2017-07-15,86.4392,72.8
2017-07-16,83.987,72.3
2017-07-17,83.6644,72.0
2017-07-18,84.5081,70.7
2017-07-19,81.1209,70.5
2017-07-20,80.1102,71.6
2017-07-21,80.0247,72.1
2017-07-22,83.5339,71.7
2017-07-23,84.594,74.4
2017-07-24,87.9163,75.7
2017-07-25,93.1796,76.6
2017-07-26,94.8445,77.3
2017-07-27,94.2464,76.3
2017-07-28,95.6736,76.3
2017-07-29,96.6356,75.6
2017-07-30,86.9344,74.8
2017-07-31,80.56,73.0
2017-08-01,79.5082,73.4
2017-08-02,71.7378,73.0
2017-08-03,74.3625,71.7
2017-08-04,74.6934,72.2
2017-08-05,73.9591,70.0
2017-08-06,73.5767,74.9
2017-08-07,68.9928,76.1
2017-08-08,70.6265,79.2
2017-08-09,73.0345,78.5
2017-08-10,74.786,82.0
2017-08-11,74.3351,88.9
2017-08-12,74.9966,88.0
2017-08-13,74.0943,89.1
2017-08-14,77.6176,92.3
2017-08-15,74.3008,87.0
2017-08-16,76.49,80.5
2017-08-17,77.9418,82.5
2017-08-18,74.7275,79.2
2017-08-19,78.5475,79.8
2017-08-20,81.341,83.2
2017-08-21,83.5844,85.9
2017-08-22,85.4947,88.6
2017-08-23,82.7156,93.6
2017-08-24,76.8562,95.1
2017-08-25,74.0542,101.7
2017-08-26,71.917,122.2
2017-08-27,76.458,136.3
2017-08-28,79.022,122.5
2017-08-29,83.6393,134.9
2017-08-30,84.7609,130.4
2017-08-31,86.7501,118.5
2017-09-01,84.7833,108.7
2017-09-02,85.1986,101.6
2017-09-03,91.9466,80.9
2017-09-04,93.481,76.4
2017-09-05,94.4291,76.0
2017-09-06,99.3479,75.1
2017-09-07,96.8557,73.6
2017-09-08,89.6687,72.9
2017-09-09,88.4358,72.9
2017-09-10,91.4298,72.9
2017-09-11,86.6006,71.3
2017-09-12,80.6222,74.5
2017-09-13,82.6595,73.6
2017-09-14,83.0484,78.1
2017-09-15,86.2059,81.7
2017-09-16,89.5537,87.4
2017-09-17,93.2365,90.4
2017-09-18,94.9876,91.1
2017-09-19,94.3743,91.3
2017-09-20,100.3837,91.2
2017-09-21,99.752,90.0
2017-09-22,102.6426,89.6
2017-09-23,103.5764,85.9
2017-09-24,99.3946,86.1
2017-09-25,91.3591,86.5
2017-09-26,92.6773,86.8
2017-09-27,88.1206,84.7
2017-09-28,85.9097,84.0
2017-09-29,86.9813,79.5
2017-09-30,86.0793,76.5
2017-10-01,82.8728,72.1
2017-10-02,81.5165,70.7
2017-10-03,82.8938,69.3
2017-10-04,83.279,69.9
2017-10-05,81.3433,69.4
2017-10-06,80.0584,68.6
2017-10-07,78.5592,69.9
2017-10-08,79.5321,70.4
2017-10-09,74.293,69.8
2017-10-10,79.1907,72.7
2017-10-11,80.2792,72.8
2017-10-12,81.0057,75.1
2017-10-13,81.5093,75.7
2017-10-14,83.4931,76.5
2017-10-15,82.742,77.2
2017-10-16,85.3074,76.7
2017-10-17,88.5611,77.9
2017-10-18,90.827,76.4
2017-10-19,94.0179,75.0
2017-10-20,92.7289,74.4
2017-10-21,89.18,74.3
2017-10-22,88.7483,74.5
2017-10-23,89.8574,74.2
2017-10-24,87.5562,71.5
2017-10-25,87.2235,72.4
2017-10-26,86.2522,72.0
2017-10-27,83.1441,70.9
2017-10-28,79.8899,69.9
2017-10-29,78.9622,68.1
2017-10-30,77.4889,67.0
2017-10-31,77.1686,66.4
2017-11-01,73.8311,64.6
2017-11-02,74.1546,67.2
2017-11-03,74.7565,65.9
2017-11-04,76.0865,68.0
2017-11-05,78.5936,70.6
2017-11-06,76.2463,72.8
2017-11-07,76.3597,72.6
2017-11-08,75.7137,71.6
2017-11-09,75.9219,74.7
2017-11-10,79.5298,74.3
2017-11-11,77.7932,72.7
2017-11-12,78.1128,71.8
2017-11-13,78.3674,71.4
2017-11-14,80.8126,71.6
2017-11-15,80.9602,70.6
2017-11-16,79.7265,72.2
2017-11-17,80.4263,72.4
2017-11-18,76.3397,73.5
2017-11-19,73.3062,71.7
2017-11-20,73.7713,70.0
2017-11-21,73.9964,70.6
2017-11-22,74.0064,69.8
2017-11-23,73.8979,68.3
2017-11-24,74.6784,69.5
2017-11-25,74.1744,67.0
2017-11-26,75.3353,66.4
2017-11-27,74.7667,66.0
2017-11-28,73.5674,66.3
2017-11-29,73.2615,65.9
2017-11-30,72.2811,67.8
2017-12-01,71.7872,69.0
2017-12-02,74.2075,69.8
2017-12-03,72.4448,70.1
2017-12-04,72.3424,69.2
2017-12-05,72.0245,69.9
2017-12-06,71.2038,69.8
2017-12-07,73.021,69.5
2017-12-08,74.2202,69.0
2017-12-09,74.2554,68.8
2017-12-10,76.1881,69.4
2017-12-11,78.6824,66.6
2017-12-12,75.8312,71.8
2017-12-13,76.4021,73.6
2017-12-14,75.4036,72.9
2017-12-15,74.2121,73.7
2017-12-16,72.9506,73.6
2017-12-17,71.9443,73.2
2017-12-18,71.3935,69.5
2017-12-19,71.3129,68.6
2017-12-20,73.1953,68.8
2017-12-21,73.5397,69.1
2017-12-22,71.1252,68.1
2017-12-23,69.4956,68.3
2017-12-24,70.2076,66.8
2017-12-25,72.043,67.2
2017-12-26,71.0687,68.3
2017-12-27,71.0337,67.2
2017-12-28,70.5525,67.0
2017-12-29,70.6281,67.1
2017-12-30,70.0373,67.6
2017-12-31,71.5307,68.0
2018-01-01,67.6812,68.5
2018-01-02,70.0063,68.1
2018-01-03,70.042,68.5
2018-01-04,70.5894,68.6
2018-01-05,70.6626,68.5
2018-01-06,70.397,68.2
2018-01-07,70.3921,67.9
2018-01-08,70.1228,68.8
2018-01-09,69.4869,68.6
2018-01-10,70.367,68.8
2018-01-11,71.8065,68.5
2018-01-12,71.7964,67.4
2018-01-13,73.9689,66.1
2018-01-14,75.7478,67.9
2018-01-15,73.3572,68.3
2018-01-16,72.7431,67.7
2018-01-17,69.2195,68.2
2018-01-18,72.0411,67.7
2018-01-19,72.8983,66.7
2018-01-20,72.0752,66.4
2018-01-21,70.3035,66.2
2018-01-22,70.4893,66.9
2018-01-23,71.2536,67.2
2018-01-24,72.0027,67.0
2018-01-25,74.0254,66.8
2018-01-26,71.7272,67.3
2018-01-27,70.1993,71.0
2018-01-28,68.9962,72.0
2018-01-29,69.5706,74.8
2018-01-30,70.5844,74.6
2018-01-31,71.7747,75.5
2018-02-01,69.8191,76.1
2018-02-02,69.7477,76.2
2018-02-03,69.9987,76.2
2018-02-04,73.3466,76.6
2018-02-05,70.9316,74.1
2018-02-06,73.5465,73.4
2018-02-07,74.4269,70.8
2018-02-08,70.741,69.8
2018-02-09,71.1138,67.4
2018-02-10,70.9816,68.7
2018-02-11,70.5735,67.5
2018-02-12,70.0107,68.9
2018-02-13,69.3359,66.1
2018-02-14,69.0043,68.2
2018-02-15,67.5857,68.5
2018-02-16,64.7783,68.6
2018-02-17,66.4272,67.8
2018-02-18,67.7376,70.6
2018-02-19,68.9331,68.7
2018-02-20,70.0818,68.6
2018-02-21,69.1231,66.0
2018-02-22,72.6162,66.6
2018-02-23,74.1169,66.7
2018-02-24,73.6118,66.4
2018-02-25,72.7563,66.5
2018-02-26,74.0273,66.5
2018-02-27,75.3849,66.8
2018-02-28,75.8277,65.6
2018-03-01,72.8869,66.6
2018-03-02,71.261,66.8
2018-03-03,70.0286,66.9
2018-03-04,70.0137,67.3
2018-03-05,69.038,67.7
2018-03-06,68.578,66.9
2018-03-07,68.8867,68.3
2018-03-08,70.4906,67.9
2018-03-09,72.2206,69.0
2018-03-10,72.8422,68.5
2018-03-11,70.365,69.7
2018-03-12,69.255,68.2
2018-03-13,69.4114,68.8
2018-03-14,68.9575,68.0
2018-03-15,68.0203,67.7
2018-03-16,66.7426,67.2
2018-03-17,68.8457,68.0
2018-03-18,68.7729,67.5
2018-03-19,69.0117,68.0
2018-03-20,69.2577,68.3
2018-03-21,70.0403,68.8
2018-03-22,71.9438,68.6
2018-03-23,73.6285,68.9
2018-03-24,73.9969,68.9
2018-03-25,73.0828,68.4
2018-03-26,74.21,67.8
2018-03-27,74.2446,68.6
2018-03-28,72.5958,66.4
2018-03-29,71.811,67.4
2018-03-30,73.3332,67.0
2018-03-31,73.288,68.1
2018-04-01,72.2271,68.9
2018-04-02,66.4405,68.8
2018-04-03,67.581,68.6
2018-04-04,65.2301,70.4
2018-04-05,67.6409,70.1
2018-04-06,72.5648,69.9
2018-04-07,75.5948,71.0
2018-04-08,72.7335,69.7
2018-04-09,71.7143,69.8
2018-04-10,73.281,71.4
2018-04-11,69.1198,71.4
2018-04-12,71.8339,73.7
2018-04-13,72.5041,77.5
2018-04-14,73.1769,76.5
2018-04-15,73.0054,74.7
2018-04-16,72.1916,73.7
2018-04-17,70.4033,71.6
2018-04-18,69.1503,70.3
2018-04-19,71.433,69.6
2018-04-20,70.3981,71.1
2018-04-21,74.656,72.2
2018-04-22,72.2297,71.3
2018-04-23,68.9079,69.5
2018-04-24,72.3602,68.1
2018-04-25,70.9243,67.6
2018-04-26,70.4796,68.9
2018-04-27,68.4238,68.7
2018-04-28,68.9274,68.4
2018-04-29,70.4672,70.9
2018-04-30,71.9303,70.9
2018-05-01,70.5373,70.9
2018-05-02,69.4326,71.0
2018-05-03,71.0577,71.7
2018-05-04,72.5528,71.2
2018-05-05,72.7914,72.4
2018-05-06,73.4648,71.8
2018-05-07,74.6982,71.9
2018-05-08,74.3046,71.5
2018-05-09,74.4955,70.5
2018-05-10,74.779,71.1
2018-05-11,72.9353,71.9
2018-05-12,71.5096,70.4
2018-05-13,70.4755,71.3
2018-05-14,68.8153,72.6
2018-05-15,68.3615,75.0
2018-05-16,70.8609,75.6
2018-05-17,70.4035,77.7
2018-05-18,70.1692,74.9
2018-05-19,71.8448,76.6
2018-05-20,71.0524,78.9
2018-05-21,73.1085,77.0
2018-05-22,74.0365,77.3
2018-05-23,72.83,78.9
2018-05-24,73.7252,76.9
2018-05-25,75.2367,76.5
2018-05-26,72.0538,75.7
2018-05-27,72.8406,72.6
2018-05-28,69.8465,73.4
2018-05-29,72.6811,73.2
2018-05-30,74.4044,71.3
2018-05-31,75.293,70.2
2018-06-01,74.8258,68.8
2018-06-02,74.8026,72.4
2018-06-03,73.8984,72.0
2018-06-04,70.9274,72.5
2018-06-05,74.4804,73.0
2018-06-06,75.735,74.7
2018-06-07,76.316,72.8
2018-06-08,75.8405,72.7
2018-06-09,73.9098,74.6
2018-06-10,73.324,76.1
2018-06-11,73.8456,79.0
2018-06-12,75.9195,84.7
2018-06-13,76.2132,84.2
2018-06-14,76.4222,83.0
2018-06-15,75.7124,79.7
2018-06-16,72.9687,77.0
2018-06-17,74.3385,75.2
2018-06-18,76.9574,73.4
2018-06-19,78.1439,72.4
2018-06-20,78.2343,71.9
2018-06-21,76.5436,70.9
2018-06-22,74.9748,71.1
2018-06-23,69.8782,70.4
2018-06-24,69.3487,68.8
2018-06-25,71.0551,70.5
2018-06-26,72.8423,70.2
2018-06-27,74.5856,70.4
2018-06-28,72.7939,72.9
2018-06-29,72.7776,74.4
2018-06-30,76.2735,74.0
2018-07-01,81.1937,75.4
2018-07-02,85.0801,74.5
2018-07-03,88.649,75.8
2018-07-04,85.7344,74.6
2018-07-05,86.2745,74.9
2018-07-06,86.5743,74.7
2018-07-07,88.4558,74.1
2018-07-08,84.0195,74.3
2018-07-09,80.3233,73.5
2018-07-10,79.8469,73.6
2018-07-11,79.2162,72.8
2018-07-12,76.6798,72.7
2018-07-13,79.5324,72.2
2018-07-14,76.3477,70.4
2018-07-15,78.221,69.1
2018-07-16,77.8607,69.0
2018-07-17,77.4327,67.9
2018-07-18,77.3184,68.3
2018-07-19,74.2177,68.6
2018-07-20,75.2046,70.0
2018-07-21,74.6854,70.0
2018-07-22,74.8587,70.4
2018-07-23,75.2567,71.0
2018-07-24,75.6628,72.3
2018-07-25,71.9836,72.0
2018-07-26,70.6162,72.3
2018-07-27,70.7843,72.5
2018-07-28,73.0386,71.2
2018-07-29,71.4287,71.1
2018-07-30,71.0542,71.5
2018-07-31,70.2311,71.6
2018-08-01,71.2974,72.2
2018-08-02,71.6875,71.4
2018-08-03,71.7126,69.3
2018-08-04,71.3629,69.9
2018-08-05,72.6335,69.6
2018-08-06,74.0085,70.5
2018-08-07,75.9933,70.6
2018-08-08,77.1028,70.0
2018-08-09,77.3714,69.0
2018-08-10,74.5413,68.9
2018-08-11,75.9726,68.4
2018-08-12,77.1527,69.6
2018-08-13,77.4005,69.4
2018-08-14,78.8592,68.4
2018-08-15,77.4857,71.1
2018-08-16,75.001,74.0
2018-08-17,72.3601,73.1
2018-08-18,70.6363,72.6
2018-08-19,73.0556,71.0
2018-08-20,70.9249,71.2
2018-08-21,70.9238,71.8
2018-08-22,69.7574,69.6
2018-08-23,69.2046,68.8
2018-08-24,70.4661,69.5
2018-08-25,69.4409,68.9
2018-08-26,69.4531,69.3
2018-08-27,68.6429,68.6
2018-08-28,71.3307,68.6
2018-08-29,71.351,68.4
2018-08-30,71.1794,68.6
2018-08-31,71.5368,69.7
2018-09-01,72.8144,69.4
2018-09-02,73.3312,69.9
2018-09-03,73.8236,70.3
2018-09-04,73.5835,70.6
2018-09-05,72.0323,70.5
2018-09-06,73.147,69.8
2018-09-07,74.2488,69.2
2018-09-08,75.2156,69.8
2018-09-09,71.0742,68.5
2018-09-10,74.388,68.8
2018-09-11,74.4388,68.5
2018-09-12,76.3169,67.2
2018-09-13,75.5258,67.4
2018-09-14,72.3583,68.4
2018-09-15,71.3027,68.9
2018-09-16,71.1202,69.0
2018-09-17,71.7123,68.0
2018-09-18,69.0987,69.3
2018-09-19,68.6384,67.4
2018-09-20,68.1011,69.4
2018-09-21,68.4491,68.9
2018-09-22,69.3976,68.5
2018-09-23,70.2104,70.3
2018-09-24,70.769,67.1
2018-09-25,70.6878,68.4
2018-09-26,71.4686,67.2
2018-09-27,70.6882,68.7
2018-09-28,71.9764,68.6
2018-09-29,71.0532,69.4
2018-09-30,70.0898,68.7
2018-10-01,71.6734,69.3
2018-10-02,70.7691,69.6
2018-10-03,71.1221,70.6
2018-10-04,68.0431,71.3
2018-10-05,68.7008,72.1
2018-10-06,69.619,71.1
2018-10-07,70.4217,69.6
2018-10-08,70.3088,69.3
2018-10-09,70.5479,69.6
2018-10-10,69.5521,69.0
2018-10-11,71.7515,69.0
2018-10-12,71.5418,69.8
2018-10-13,78.1674,70.4
2018-10-14,74.8389,70.2
2018-10-15,74.131,70.9
2018-10-16,71.2766,68.9
2018-10-17,72.4344,68.6
2018-10-18,68.7275,68.3
2018-10-19,68.3655,68.5
2018-10-20,68.9739,67.4
2018-10-21,70.7657,67.9
2018-10-22,69.7434,66.1
2018-10-23,70.3187,67.1
2018-10-24,69.9596,65.8
2018-10-25,70.1021,66.5
2018-10-26,69.5048,66.3
2018-10-27,71.0209,65.5
2018-10-28,71.0417,67.2
2018-10-29,72.0642,67.6
2018-10-30,71.3883,67.5
2018-10-31,71.075,68.2
2018-11-01,71.1806,67.6
2018-11-02,71.4057,67.6
2018-11-03,71.0827,68.0
2018-11-04,69.8028,66.8
2018-11-05,70.731,65.6
2018-11-06,70.4091,66.5
2018-11-07,70.7101,66.9
2018-11-08,71.9349,69.5
2018-11-09,72.1604,71.7
2018-11-10,70.7772,70.6
2018-11-11,68.9947,69.5
2018-11-12,67.8966,68.8
2018-11-13,65.5944,67.1
2018-11-14,64.4866,67.5
2018-11-15,62.5234,67.5
2018-11-16,65.3983,68.2
2018-11-17,67.7905,67.8
2018-11-18,66.737,66.8
2018-11-19,63.2107,66.6
2018-11-20,63.7184,65.7
2018-11-21,65.5759,66.0
2018-11-22,68.1507,66.1
2018-11-23,70.0441,67.4
2018-11-24,67.1845,67.0
2018-11-25,70.8802,66.4
2018-11-26,73.2792,66.8
2018-11-27,73.0104,68.8
2018-11-28,71.3055,67.7
2018-11-29,72.7639,68.1
2018-11-30,73.2257,68.4
2018-12-01,73.6292,69.5
2018-12-02,73.0335,68.8
2018-12-03,71.2005,68.9
2018-12-04,68.7768,68.6
2018-12-05,70.4708,68.0
2018-12-06,69.6321,68.6
2018-12-07,68.655,68.9
2018-12-08,67.7128,67.6
2018-12-09,66.8874,67.9
2018-12-10,65.7388,68.1
2018-12-11,68.2245,68.0
2018-12-12,69.3405,67.6
2018-12-13,70.1026,68.8
2018-12-14,72.5922,68.7
2018-12-15,69.9148,68.0
2018-12-16,69.9119,67.2
2018-12-17,70.8281,67.3
2018-12-18,69.8255,66.5
2018-12-19,72.7249,66.2
2018-12-20,72.841,67.0
2018-12-21,72.7928,66.7
2018-12-22,72.3862,67.1
2018-12-23,71.7686,67.0
2018-12-24,71.0983,69.5
2018-12-25,70.2378,72.7
2018-12-26,71.947,70.2
2018-12-27,70.7062,69.1
2018-12-28,71.7617,68.8
2018-12-29,70.4547,69.6
2018-12-30,69.7787,69.1
2018-12-31,69.0408,69.0
2019-01-01,69.5523,69.2
2019-01-02,69.6194,67.8
2019-01-03,67.231,65.9
2019-01-04,64.656,67.3
2019-01-05,65.5611,66.6
2019-01-06,66.9148,67.8
2019-01-07,68.6138,67.3
2019-01-08,69.8701,67.5
2019-01-09,70.7518,66.4
2019-01-10,70.5108,66.6
2019-01-11,69.6428,67.4
2019-01-12,70.055,67.0
2019-01-13,69.6637,67.7
2019-01-14,70.0173,68.5
2019-01-15,68.0829,69.3
2019-01-16,69.3443,70.2
2019-01-17,70.1272,72.7
2019-01-18,70.8251,74.3
2019-01-19,70.7088,72.8
2019-01-20,70.0115,73.5
2019-01-21,68.8525,70.9
2019-01-22,69.1378,71.4
2019-01-23,68.8468,70.0
2019-01-24,66.7546,70.0
2019-01-25,68.5167,68.8
2019-01-26,69.7415,69.1
2019-01-27,68.6558,68.7
2019-01-28,68.3528,68.7
2019-01-29,67.6324,69.3
2019-01-30,68.2051,68.3
2019-01-31,67.3663,69.8
2019-02-01,68.0915,68.4
2019-02-02,68.828,68.1
2019-02-03,69.0959,68.0
2019-02-04,69.9424,68.4
2019-02-05,71.3136,68.6
2019-02-06,75.5232,69.7
2019-02-07,77.5717,69.2
2019-02-08,78.4296,69.0
2019-02-09,75.5734,68.4
2019-02-10,78.1818,68.3
2019-02-11,76.2793,68.6
2019-02-12,73.992,69.4
2019-02-13,72.2366,69.2
2019-02-14,72.4416,69.7
2019-02-15,71.9625,69.2
2019-02-16,70.1722,69.0
2019-02-17,70.1329,68.9
2019-02-18,71.0198,69.2
2019-02-19,71.9233,69.4
2019-02-20,71.1297,68.8
2019-02-21,71.4785,68.7
2019-02-22,69.5288,68.2
2019-02-23,67.5341,68.3
2019-02-24,68.0913,69.7
2019-02-25,68.3993,70.8
2019-02-26,68.6963,71.3
2019-02-27,68.8507,69.9
2019-02-28,67.7802,70.7
2019-03-01,68.4189,69.7
2019-03-02,67.8484,70.1
2019-03-03,68.7357,69.5
2019-03-04,70.0426,69.8
2019-03-05,67.8101,70.0
2019-03-06,70.4091,69.3
2019-03-07,70.486,68.9
2019-03-08,71.4059,68.8
2019-03-09,70.934,68.6
2019-03-10,70.4997,69.3
2019-03-11,69.4892,69.1
2019-03-12,68.9822,76.2
2019-03-13,67.3686,79.4
2019-03-14,71.5039,81.8
2019-03-15,70.2847,78.9
2019-03-16,70.0445,75.0
2019-03-17,70.3642,70.8
2019-03-18,70.803,68.7
2019-03-19,69.3339,68.6
2019-03-20,74.3953,68.1
2019-03-21,76.0449,68.6
2019-03-22,75.9003,69.2
2019-03-23,74.6522,69.4
2019-03-24,73.9042,69.2
2019-03-25,71.4239,70.8
2019-03-26,69.0877,70.6
2019-03-27,71.653,70.3
2019-03-28,71.0841,71.8
2019-03-29,72.2007,73.7
2019-03-30,76.5036,76.6
2019-03-31,83.5395,78.8
2019-04-01,84.6442,79.3
2019-04-02,85.3674,78.4
2019-04-03,87.7392,78.9
2019-04-04,85.215,77.7
2019-04-05,80.2908,78.3
2019-04-06,79.5907,75.9
2019-04-07,79.3215,75.9
2019-04-08,77.149,74.7
2019-04-09,73.0474,76.7
2019-04-10,74.2064,75.2
2019-04-11,74.307,73.3
2019-04-12,68.6847,70.6
2019-04-13,72.0128,69.9
2019-04-14,70.1841,70.2
2019-04-15,69.6425,69.6
2019-04-16,70.4328,70.1
2019-04-17,71.8665,68.4
2019-04-18,71.623,68.0
2019-04-19,72.1045,67.8
2019-04-20,70.0545,68.8
2019-04-21,70.7498,67.9
2019-04-22,72.5531,69.5
2019-04-23,72.1175,68.7
2019-04-24,72.6779,70.3
2019-04-25,72.2413,70.9
2019-04-26,72.7761,73.5
2019-04-27,71.7794,74.7
2019-04-28,74.1183,77.3
2019-04-29,75.4305,80.1
2019-04-30,76.8845,76.8
2019-05-01,79.9617,77.7
2019-05-02,81.4526,77.8
2019-05-03,83.7506,79.5
2019-05-04,82.7224,77.6
2019-05-05,81.4582,76.2
2019-05-06,82.3401,76.0
2019-05-07,79.0514,75.6
2019-05-08,77.3278,75.3
2019-05-09,76.9397,73.8
2019-05-10,72.7208,72.2
2019-05-11,69.4929,69.6
2019-05-12,69.0486,70.4
2019-05-13,68.001,69.7
2019-05-14,66.7209,69.0
2019-05-15,66.7923,68.2
2019-05-16,67.8827,68.1
2019-05-17,69.1955,68.7
2019-05-18,69.3626,69.8
2019-05-19,68.6873,69.3
2019-05-20,69.2594,70.0
2019-05-21,69.9178,70.1
2019-05-22,70.7733,70.6
2019-05-23,71.481,70.6
2019-05-24,72.2699,71.7
2019-05-25,71.2183,71.9
2019-05-26,72.842,71.8
2019-05-27,74.918,72.1
2019-05-28,76.1226,71.8
2019-05-29,77.6958,70.9
2019-05-30,76.9814,71.0
2019-05-31,75.6112,70.5
2019-06-01,74.8676,70.5
2019-06-02,73.9693,71.0
2019-06-03,71.3924,71.9
2019-06-04,72.3582,71.6
2019-06-05,72.5146,69.6
2019-06-06,72.0608,70.1
2019-06-07,71.8367,68.8
2019-06-08,70.8088,68.0
2019-06-09,71.2307,68.5
2019-06-10,71.8989,69.2
2019-06-11,72.0556,70.2
2019-06-12,72.6924,69.9
2019-06-13,72.2115,68.6
2019-06-14,72.3976,68.6
2019-06-15,72.2733,69.5
2019-06-16,71.8089,70.2
2019-06-17,71.8603,70.2
2019-06-18,71.3752,70.3
2019-06-19,72.3013,69.3
2019-06-20,72.4356,70.4
2019-06-21,71.8532,69.9
2019-06-22,71.6029,69.7
2019-06-23,71.7772,70.5
2019-06-24,72.1577,69.5
2019-06-25,69.9946,69.1
2019-06-26,71.1207,69.9
2019-06-27,70.4085,69.0
2019-06-28,71.7462,68.8
2019-06-29,74.1243,69.6
2019-06-30,75.0281,68.7
2019-07-01,75.1469,69.7
2019-07-02,73.0939,70.1
2019-07-03,74.9104,69.4
2019-07-04,76.6495,69.0
2019-07-05,74.1196,68.2
2019-07-06,73.7462,69.4
2019-07-07,75.1946,69.3
2019-07-08,74.4589,69.5
2019-07-09,71.8131,70.0
2019-07-10,70.7162,69.2
2019-07-11,69.7703,68.9
2019-07-12,70.1114,69.1
2019-07-13,71.8602,69.8
2019-07-14,72.2574,69.5
2019-07-15,72.5148,69.6
2019-07-16,74.3362,70.0
2019-07-17,73.6121,70.3
2019-07-18,72.7636,69.8
2019-07-19,72.2107,68.7
2019-07-20,71.0547,69.2
2019-07-21,72.7136,68.2
2019-07-22,73.3893,68.3
2019-07-23,72.1107,68.9
2019-07-24,74.3929,68.8
2019-07-25,73.8791,68.9
2019-07-26,75.8584,67.7
2019-07-27,73.1185,68.8
2019-07-28,73.5921,70.1
2019-07-29,74.2653,70.1
2019-07-30,72.6337,69.9
2019-07-31,71.7062,70.6
2019-08-01,70.7909,69.1
2019-08-02,70.0526,69.1
2019-08-03,68.865,69.5
2019-08-04,68.8267,69.0
2019-08-05,66.5741,68.6
2019-08-06,67.8286,69.1
2019-08-07,70.1802,69.4
2019-08-08,69.8603,69.2
2019-08-09,69.5553,69.7
2019-08-10,69.8208,69.2
2019-08-11,70.266,69.3
2019-08-12,70.2293,68.9
2019-08-13,68.2481,68.4
2019-08-14,70.3053,67.3
2019-08-15,70.4344,68.0
2019-08-16,70.9213,67.8
2019-08-17,71.5323,67.4
2019-08-18,71.4448,67.2
2019-08-19,70.8804,67.5
2019-08-20,71.3074,67.2
2019-08-21,71.1319,67.2
2019-08-22,69.6475,67.8
2019-08-23,70.3492,67.7
2019-08-24,70.3827,68.3
2019-08-25,69.4667,70.0
2019-08-26,69.7529,69.8
2019-08-27,69.9502,69.8
2019-08-28,70.0249,69.4
2019-08-29,69.9478,70.0
2019-08-30,70.2505,75.0
2019-08-31,70.0015,68.5
2019-09-01,70.861,69.8
2019-09-02,71.314,70.9
2019-09-03,72.0082,69.0
2019-09-04,70.1315,70.3
2019-09-05,69.3101,69.1
2019-09-06,68.425,69.4
2019-09-07,72.4136,68.4
2019-09-08,70.1689,69.4
2019-09-09,70.3079,68.8
2019-09-10,70.6335,66.9
2019-09-11,69.8665,67.7
2019-09-12,70.2725,67.7
2019-09-13,69.715,68.2
2019-09-14,68.5052,68.8
2019-09-15,70.1153,66.6
2019-09-16,71.0254,67.5
2019-09-17,72.1163,67.9
2019-09-18,70.994,67.4
2019-09-19,70.9333,66.8
2019-09-20,70.588,67.5
2019-09-21,70.3748,67.7
2019-09-22,69.141,68.1
2019-09-23,68.8305,68.8
2019-09-24,69.3649,68.4
2019-09-25,69.6301,68.3
2019-09-26,69.0335,68.1
2019-09-27,69.3337,67.8
2019-09-28,69.6824,67.3
2019-09-29,69.6351,67.6
2019-09-30,69.0766,67.0
2019-10-01,70.3399,67.9
2019-10-02,70.9121,67.3
2019-10-03,70.852,68.3
2019-10-04,71.7536,68.0
2019-10-05,69.9379,66.9
2019-10-06,69.2154,65.8
2019-10-07,70.0843,66.9
2019-10-08,69.5126,65.9
2019-10-09,68.9862,65.6
2019-10-10,70.6422,65.6
2019-10-11,70.5248,65.5
2019-10-12,70.0374,64.4
2019-10-13,69.0691,63.4
2019-10-14,68.3521,64.9
2019-10-15,68.8489,63.9
2019-10-16,68.0244,64.3
2019-10-17,67.9865,67.9
2019-10-18,68.0147,67.8
2019-10-19,67.8817,68.0
2019-10-20,67.1739,68.5
2019-10-21,66.4228,68.2
2019-10-22,67.1875,68.8
2019-10-23,67.0271,70.2
2019-10-24,67.2945,69.6
2019-10-25,68.8945,69.6
2019-10-26,68.9602,68.3
2019-10-27,68.9038,69.6
2019-10-28,67.4512,69.2
2019-10-29,68.5009,68.1
2019-10-30,69.2901,68.5
2019-10-31,70.1105,68.9
2019-11-01,69.9136,68.3
2019-11-02,68.1854,69.4
2019-11-03,68.701,68.1
2019-11-04,70.5096,69.3
2019-11-05,69.1531,69.6
2019-11-06,68.8789,68.4
2019-11-07,69.3267,68.5
2019-11-08,69.6413,68.2
2019-11-09,69.3822,68.5
2019-11-10,69.6265,68.8
2019-11-11,67.8566,67.6
2019-11-12,68.8814,68.5
2019-11-13,71.287,69.1
2019-11-14,70.6974,67.9
2019-11-15,70.8813,68.5
2019-11-16,70.9416,68.8
2019-11-17,71.0457,67.7
2019-11-18,71.0046,68.6
2019-11-19,70.2125,69.6
2019-11-20,70.248,68.3
2019-11-21,70.3018,67.9
2019-11-22,69.6227,68.5
2019-11-23,69.702,69.2
2019-11-24,69.8005,68.4
2019-11-25,69.1945,67.9
2019-11-26,69.4695,67.6
2019-11-27,69.9569,68.6
2019-11-28,69.5372,68.3
2019-11-29,69.3594,68.2
2019-11-30,70.2261,69.4
2019-12-01,69.4787,68.6
2019-12-02,69.6559,68.4
2019-12-03,69.402,68.6
2019-12-04,69.8809,68.3
2019-12-05,70.5147,66.8
2019-12-06,70.4365,68.1
2019-12-07,70.1568,68.8
2019-12-08,70.309,67.7
2019-12-09,69.6328,68.2
2019-12-10,69.1424,68.0
2019-12-11,68.5629,67.7
2019-12-12,68.9943,67.7
2019-12-13,68.9141,68.4
2019-12-14,69.5329,68.7
2019-12-15,69.762,70.2
2019-12-16,69.0798,70.3
2019-12-17,67.8486,69.8
2019-12-18,69.141,69.7
2019-12-19,71.0187,70.1
2019-12-20,71.0535,69.8
2019-12-21,70.7445,69.6
2019-12-22,70.8503,68.6
2019-12-23,71.2924,68.2
2019-12-24,72.512,69.4
2019-12-25,71.4988,69.5
2019-12-26,69.4784,68.9
2019-12-27,70.6802,69.8
2019-12-28,71.4368,69.4
2019-12-29,70.6264,68.1
2019-12-30,70.7778,69.3
2019-12-31,70.6161,71.2
2020-01-01,71.3399,71.9
2020-01-02,70.6171,70.4
2020-01-03,70.3303,71.0
2020-01-04,70.2853,69.5
2020-01-05,69.7083,69.1
2020-01-06,67.9303,69.5
2020-01-07,68.0152,68.9
2020-01-08,69.4214,69.4
2020-01-09,68.3806,67.9
2020-01-10,71.0552,69.0
2020-01-11,70.0367,69.5
2020-01-12,70.24,69.0
2020-01-13,69.4536,68.3
2020-01-14,70.0679,69.6
2020-01-15,70.1747,68.6
2020-01-16,70.4591,68.8
2020-01-17,69.7601,70.4
2020-01-18,70.0854,72.4
2020-01-19,70.3043,70.7
2020-01-20,67.6924,72.0
2020-01-21,69.5124,72.0
2020-01-22,71.4662,71.9
2020-01-23,71.8652,71.7
2020-01-24,71.8635,70.4
2020-01-25,71.3952,70.2
2020-01-26,70.4558,70.0
2020-01-27,69.6814,68.3
2020-01-28,69.8468,68.6
2020-01-29,70.0539,69.3
2020-01-30,70.7425,68.9
2020-01-31,72.2628,70.0
2020-02-01,71.781,68.8
2020-02-02,71.8451,68.3
2020-02-03,70.8218,69.3
2020-02-04,72.0073,69.8
2020-02-05,71.2439,69.4
2020-02-06,71.6749,69.5
2020-02-07,72.4845,68.8
2020-02-08,72.9387,68.8
2020-02-09,72.2211,69.0
2020-02-10,71.453,69.4
2020-02-11,72.0554,69.4
2020-02-12,72.2188,69.2
2020-02-13,71.8049,69.6
2020-02-14,70.7015,70.7
2020-02-15,69.983,68.8
2020-02-16,69.7304,68.7
2020-02-17,69.8031,69.1
2020-02-18,69.9444,68.7
2020-02-19,69.8748,69.6
2020-02-20,67.4426,69.3
2020-02-21,69.2782,68.8
2020-02-22,70.7436,68.1
2020-02-23,70.9757,68.1
2020-02-24,72.8023,68.8
2020-02-25,72.3602,68.7
2020-02-26,71.7997,68.3
2020-02-27,71.7481,68.9
2020-02-28,71.1586,68.8
2020-02-29,70.3808,69.2
2020-03-01,69.5306,69.8
2020-03-02,69.1036,69.8
2020-03-03,69.2011,69.6
2020-03-04,67.7008,69.1
2020-03-05,68.8409,67.9
2020-03-06,69.8352,67.4
2020-03-07,70.857,69.5
2020-03-08,70.5404,69.1
2020-03-09,70.1298,70.9
2020-03-10,69.4853,71.4
2020-03-11,69.7458,71.5
2020-03-12,69.3633,71.1
2020-03-13,69.7909,70.3
2020-03-14,69.948,69.8
2020-03-15,69.9601,69.9
2020-03-16,70.2794,70.8
2020-03-17,71.4178,70.9
2020-03-18,72.4815,69.9
2020-03-19,70.5621,69.2
2020-03-20,71.4293,69.0
2020-03-21,71.2517,68.6
2020-03-22,71.1658,69.1
2020-03-23,71.2759,69.8
2020-03-24,70.4289,69.2
2020-03-25,70.2785,69.7
2020-03-26,73.0048,70.0
2020-03-27,73.9195,70.2
2020-03-28,72.3815,71.3
2020-03-29,71.7101,70.1
2020-03-30,73.5918,70.1
2020-03-31,73.9377,70.7
2020-04-01,74.2756,70.6
2020-04-02,70.2476,69.5
2020-04-03,71.75,70.9
2020-04-04,72.5257,71.1
2020-04-05,70.3191,70.7
2020-04-06,70.3923,69.4
2020-04-07,71.1076,68.9
2020-04-08,72.8225,69.0
2020-04-09,72.1403,68.4
2020-04-10,74.1797,70.4
2020-04-11,75.1803,69.2
2020-04-12,72.8309,68.9
2020-04-13,72.7567,69.8
2020-04-14,70.9215,71.4
2020-04-15,70.0984,69.5
2020-04-16,69.6907,70.5
2020-04-17,69.026,69.8
2020-04-18,71.8816,70.1
2020-04-19,70.1563,69.9
2020-04-20,69.7301,69.9
2020-04-21,69.99,71.0
2020-04-22,69.9352,70.9
2020-04-23,71.8202,71.3
2020-04-24,73.5027,70.3
2020-04-25,72.8934,69.8
2020-04-26,72.2503,70.5
2020-04-27,71.0416,70.5
2020-04-28,71.8142,71.1
2020-04-29,70.6579,70.0
2020-04-30,70.3872,69.2
2020-05-01,69.6235,72.4
2020-05-02,68.536,69.3
2020-05-03,68.3729,67.5
2020-05-04,68.8599,70.3
2020-05-05,68.8852,70.2
2020-05-06,70.1527,68.7
2020-05-07,71.3019,69.4
2020-05-08,71.0615,71.0
2020-05-09,72.1433,71.2
2020-05-10,70.7859,71.8
2020-05-11,70.1442,70.3
2020-05-12,72.3588,71.3
2020-05-13,73.4518,71.9
2020-05-14,73.0158,72.6
2020-05-15,72.6409,70.9
2020-05-16,74.6467,70.6
2020-05-17,76.0086,72.1
2020-05-18,74.8057,71.6
2020-05-19,73.1845,70.0
2020-05-20,72.6622,69.3
2020-05-21,72.1588,71.6
2020-05-22,71.8017,71.9
2020-05-23,70.5661,72.8
2020-05-24,68.5584,71.2
2020-05-25,71.3826,72.4
2020-05-26,71.0224,72.0
2020-05-27,71.9439,72.1
2020-05-28,71.209,73.2
2020-05-29,71.6204,73.8
2020-05-30,72.15,73.8
2020-05-31,73.2011,73.2
2020-06-01,72.6604,74.6
2020-06-02,71.1085,73.2
2020-06-03,72.6628,73.7
2020-06-04,68.4699,72.7
2020-06-05,71.8442,71.6
2020-06-06,74.3889,72.4
2020-06-07,72.6776,72.7
2020-06-08,71.513,71.5
2020-06-09,71.6658,71.0
2020-06-10,71.0826,70.2
2020-06-11,69.4844,71.1
2020-06-12,70.4713,70.0
2020-06-13,70.268,69.9
2020-06-14,70.9227,69.9
2020-06-15,74.1274,69.3
2020-06-16,75.3797,69.1
2020-06-17,76.2307,71.2
2020-06-18,76.2367,70.0
2020-06-19,74.6419,71.2
2020-06-20,73.9657,71.5
2020-06-21,73.7288,71.0
2020-06-22,72.0939,70.4
2020-06-23,72.3955,71.2
2020-06-24,71.814,70.3
2020-06-25,75.417,71.6
2020-06-26,75.5206,71.8
2020-06-27,75.6949,71.8
2020-06-28,74.0871,70.8
2020-06-29,72.2202,70.0
2020-06-30,69.5479,69.4
2020-07-01,71.2666,71.0
2020-07-02,70.4813,71.1
2020-07-03,70.5328,71.0
2020-07-04,69.2798,69.8
2020-07-05,69.3749,70.5
2020-07-06,70.7325,71.2
2020-07-07,73.3987,70.6
2020-07-08,70.5656,70.9
2020-07-09,72.6511,71.3
2020-07-10,71.4749,70.0
2020-07-11,73.1157,71.1
2020-07-12,73.9271,71.6
2020-07-13,72.7287,72.1
2020-07-14,73.6252,72.2
2020-07-15,74.9563,72.5
2020-07-16,75.9933,71.7
2020-07-17,76.1181,72.6
2020-07-18,75.8441,73.6
2020-07-19,76.5915,73.7
2020-07-20,77.1839,74.1
2020-07-21,76.1556,74.9
2020-07-22,76.6759,75.6
2020-07-23,77.1846,74.4
2020-07-24,78.5915,74.1
2020-07-25,75.38,74.9
2020-07-26,73.9218,74.8
2020-07-27,72.7163,75.1
2020-07-28,73.5735,75.6
2020-07-29,72.0066,75.1
2020-07-30,72.162,76.0
2020-07-31,70.4004,76.8
2020-08-01,70.2548,76.0
2020-08-02,71.113,76.2
2020-08-03,72.9881,75.4
2020-08-04,75.4598,75.1
2020-08-05,77.3811,74.2
2020-08-06,77.1169,72.6
2020-08-07,76.1125,72.4
2020-08-08,77.7234,72.6
2020-08-09,77.6379,72.5
2020-08-10,79.5705,73.1
2020-08-11,79.957,72.2
2020-08-12,80.5203,71.6
2020-08-13,79.4128,72.6
2020-08-14,79.4398,71.6
2020-08-15,79.6202,72.1
2020-08-16,79.3191,71.8
2020-08-17,76.9077,72.1
2020-08-18,76.1556,71.9
2020-08-19,77.5704,71.4
2020-08-20,79.7837,71.5
2020-08-21,79.8527,71.6
2020-08-22,77.3866,71.4
2020-08-23,78.681,70.5
2020-08-24,79.0551,70.8
2020-08-25,77.3491,69.5
2020-08-26,75.8997,71.2
2020-08-27,76.8189,70.8
2020-08-28,75.86,70.3
2020-08-29,75.9588,70.5
2020-08-30,75.5163,71.3
2020-08-31,74.7532,70.9
2020-09-01,74.9579,70.7
2020-09-02,74.4282,70.2
2020-09-03,74.8405,69.6
2020-09-04,72.8803,70.2
2020-09-05,72.9472,70.6
2020-09-06,72.7682,69.7
2020-09-07,72.8636,69.6
2020-09-08,72.3574,70.2
2020-09-09,70.2723,70.4
2020-09-10,70.4436,70.6
2020-09-11,73.0595,71.2
2020-09-12,72.8206,70.7
2020-09-13,73.2148,71.9
2020-09-14,75.2674,72.9
2020-09-15,74.7713,73.7
2020-09-16,73.9996,74.1
2020-09-17,73.7077,73.8
2020-09-18,73.6486,72.9
2020-09-19,72.4294,74.4
2020-09-20,73.0356,74.1
2020-09-21,73.7622,73.0
2020-09-22,73.8255,73.5
2020-09-23,74.7693,73.0
2020-09-24,75.0032,72.3
2020-09-25,73.626,71.9
2020-09-26,73.5602,71.2
2020-09-27,75.4498,72.2
2020-09-28,76.2355,71.6
2020-09-29,74.78,70.6
2020-09-30,74.3936,71.5
2020-10-01,73.7606,72.9
2020-10-02,72.9784,73.3
2020-10-03,72.3721,72.6
2020-10-04,71.8102,73.4
2020-10-05,70.9634,72.0
2020-10-06,73.5843,74.1
2020-10-07,73.9249,73.4
2020-10-08,74.1608,74.8
2020-10-09,72.2119,72.5
2020-10-10,73.4478,75.3
2020-10-11,74.0336,74.2
2020-10-12,73.5196,74.0
2020-10-13,73.014,73.0
2020-10-14,75.3562,74.2
2020-10-15,75.8286,71.0
2020-10-16,76.4978,71.3
2020-10-17,73.6616,73.3
2020-10-18,72.45,74.1
2020-10-19,74.2108,81.4
2020-10-20,72.6627,86.4
2020-10-21,74.4081,83.5
2020-10-22,76.4482,78.4
2020-10-23,75.2464,75.6
2020-10-24,75.9664,76.1
2020-10-25,76.8194,80.3
2020-10-26,72.6316,81.6
2020-10-27,77.112,86.6
2020-10-28,75.4245,89.1
2020-10-29,75.5569,92.1
2020-10-30,77.1285,88.9
2020-10-31,76.5599,88.3
2020-11-01,79.2829,88.3
2020-11-02,79.0498,85.1
2020-11-03,79.8008,86.3
2020-11-04,86.2743,83.3
2020-11-05,89.3316,80.7
2020-11-06,90.9645,78.5
2020-11-07,85.1548,76.9
2020-11-08,82.7156,74.9
2020-11-09,80.9082,77.3
2020-11-10,74.2713,75.5
2020-11-11,80.2792,74.9
2020-11-12,82.4726,79.7
2020-11-13,78.7658,82.9
2020-11-14,77.905,85.5
2020-11-15,78.7525,93.1
2020-11-16,81.54,97.9
2020-11-17,89.377,101.0
2020-11-18,94.8044,103.0
2020-11-19,95.5749,103.5
2020-11-20,96.3255,106.6
2020-11-21,99.0634,113.1
2020-11-22,102.517,106.4
2020-11-23,105.3831,101.2
2020-11-24,98.1741,101.9
2020-11-25,94.9698,99.9
2020-11-26,95.0259,93.0
2020-11-27,88.5349,97.0
2020-11-28,87.3075,88.2
2020-11-29,91.1727,86.8
2020-11-30,87.9232,80.0
2020-12-01,85.1995,79.6
2020-12-02,87.2175,79.1
2020-12-03,89.1819,80.8
2020-12-04,85.5918,79.3
2020-12-05,89.2203,78.1
2020-12-06,86.4358,80.4
2020-12-07,84.7605,80.3
2020-12-08,80.0714,79.3
2020-12-09,82.198,79.1
2020-12-10,84.1539,77.9
2020-12-11,82.6381,79.1
2020-12-12,86.0688,81.1
2020-12-13,91.8193,77.0
2020-12-14,96.2116,83.0
2020-12-15,99.1139,83.6
2020-12-16,100.5395,84.5
2020-12-17,97.3654,84.9
2020-12-18,93.0733,85.0
2020-12-19,91.2504,84.9
2020-12-20,90.66,84.3
2020-12-21,88.2455,81.4
2020-12-22,91.1073,80.1
2020-12-23,92.2446,78.5
2020-12-24,91.7521,77.7
2020-12-25,86.3865,78.8
2020-12-26,85.6445,77.8
2020-12-27,84.0991,75.0
2020-12-28,82.2379,72.6
2020-12-29,80.1436,71.7
2020-12-30,78.7226,72.2
2020-12-31,74.6585,72.8
2021-01-01,75.0208,71.8
2021-01-02,79.3033,70.7
2021-01-03,79.8083,70.8
2021-01-04,79.869,70.4
2021-01-05,78.555,70.8
2021-01-06,81.3615,71.2
2021-01-07,81.8892,71.0
2021-01-08,82.0771,75.2
2021-01-09,83.5836,74.8
2021-01-10,83.6974,72.9
2021-01-11,85.4205,75.6
2021-01-12,85.8935,74.7
2021-01-13,85.0798,75.2
2021-01-14,83.9776,75.8
2021-01-15,82.7632,75.5
2021-01-16,81.9126,75.2
2021-01-17,83.6045,74.8
2021-01-18,84.1866,73.4
2021-01-19,86.0857,74.0
2021-01-20,85.578,73.4
2021-01-21,83.8252,73.2
2021-01-22,76.5408,71.6
2021-01-23,77.7807,71.2
2021-01-24,77.5926,70.8
2021-01-25,77.2872,70.2
2021-01-26,73.521,71.3
2021-01-27,74.6051,71.2
2021-01-28,75.3871,71.1
2021-01-29,75.017,71.0
2021-01-30,77.3503,70.8
2021-01-31,77.5804,71.3
2021-02-01,77.8042,71.0
2021-02-02,75.5727,71.0
2021-02-03,78.9802,70.5
2021-02-04,77.5813,71.7
2021-02-05,79.5344,69.6
2021-02-06,82.0403,69.7
2021-02-07,81.2504,68.0
2021-02-08,81.7054,69.1
2021-02-09,82.9942,70.0
2021-02-10,81.0992,70.6
2021-02-11,79.818,69.9
2021-02-12,79.2343,71.7
2021-02-13,77.3568,70.9
2021-02-14,76.4099,73.2
2021-02-15,74.7758,74.2
2021-02-16,75.3713,77.6
2021-02-17,75.7734,77.1
2021-02-18,76.03,78.1
2021-02-19,75.3883,76.4
2021-02-20,73.1478,75.7
2021-02-21,75.656,72.7
2021-02-22,75.2593,73.3
2021-02-23,75.2883,74.4
2021-02-24,73.183,74.1
2021-02-25,74.3448,73.9
2021-02-26,75.9546,74.4
2021-02-27,75.9806,76.4
2021-02-28,76.2552,78.7
2021-03-01,75.5886,75.4
2021-03-02,74.9979,75.3
2021-03-03,74.082,74.6
2021-03-04,74.2031,74.7
2021-03-05,75.6414,75.0
2021-03-06,77.0418,74.2
2021-03-07,77.917,73.1
2021-03-08,80.4276,72.9
2021-03-09,81.3798,72.1
2021-03-10,80.3348,72.5
2021-03-11,81.6933,72.5
2021-03-12,82.7902,74.1
2021-03-13,81.8863,74.6
2021-03-14,78.5253,76.0
2021-03-15,80.4043,76.4
2021-03-16,81.2138,75.3
2021-03-17,79.9298,74.8
2021-03-18,80.0065,74.7
2021-03-19,78.7756,74.7
2021-03-20,78.7985,73.6
2021-03-21,79.247,73.2
2021-03-22,78.6815,74.5
2021-03-23,74.2553,72.4
2021-03-24,75.2932,77.8
2021-03-25,73.8169,71.4
2021-03-26,73.0476,72.2
2021-03-27,69.6654,72.0
2021-03-28,72.4325,71.8
2021-03-29,73.1018,71.3
2021-03-30,78.3499,70.7
2021-03-31,75.3167,70.5
2021-04-01,77.3116,70.8
2021-04-02,74.4103,70.8
2021-04-03,75.0864,72.2
2021-04-04,73.6147,74.5
2021-04-05,72.7749,73.6
2021-04-06,72.912,74.3
2021-04-07,73.3955,76.0
2021-04-08,73.3334,75.2
2021-04-09,75.6708,75.9
2021-04-10,77.4586,76.4
2021-04-11,78.2266,81.1
2021-04-12,75.5494,83.7
2021-04-13,75.993,77.7
2021-04-14,76.9048,78.6
2021-04-15,78.0083,76.1
2021-04-16,79.8247,77.7
2021-04-17,76.7792,78.7
2021-04-18,78.6906,79.2
2021-04-19,76.4857,79.4
2021-04-20,81.3899,77.9
2021-04-21,78.4625,78.0
2021-04-22,77.0953,74.0
2021-04-23,76.2884,72.7
2021-04-24,77.1908,73.1
2021-04-25,79.0737,72.8
2021-04-26,77.1482,71.8
2021-04-27,77.9833,70.7
2021-04-28,78.9226,72.1
2021-04-29,79.8538,75.9
2021-04-30,77.3182,77.4
2021-05-01,78.5466,77.7
2021-05-02,77.0591,78.0
2021-05-03,78.28,77.6
2021-05-04,77.6535,76.3
2021-05-05,76.5982,76.3
2021-05-06,76.6256,72.4
2021-05-07,79.9053,74.9
2021-05-08,76.6383,74.9
2021-05-09,77.1266,76.5
2021-05-10,83.2943,78.2
2021-05-11,81.7737,77.7
2021-05-12,82.9454,74.0
2021-05-13,83.6133,75.5
2021-05-14,75.9842,77.5
2021-05-15,73.4848,81.0
2021-05-16,74.1123,74.5
2021-05-17,74.31,85.7
2021-05-18,75.1078,90.3
2021-05-19,75.7782,85.5
2021-05-20,70.8213,79.5
2021-05-21,72.6361,78.1
2021-05-22,74.0863,76.5
2021-05-23,76.7095,84.0
2021-05-24,73.7419,77.3
2021-05-25,74.9059,78.5
2021-05-26,77.2766,77.7
2021-05-27,76.6351,79.4
2021-05-28,74.72,76.6
2021-05-29,75.0193,79.7
2021-05-30,75.2237,83.2
2021-05-31,75.6034,82.3
2021-06-01,74.8688,81.0
2021-06-02,77.471,75.6
2021-06-03,78.5442,79.7
2021-06-04,79.1839,80.0
2021-06-05,76.8319,80.5
2021-06-06,79.2692,79.3
2021-06-07,82.3367,77.9
2021-06-08,82.418,79.6
2021-06-09,81.8401,87.7
2021-06-10,80.5001,79.5
2021-06-11,80.8793,79.6
2021-06-12,82.1352,78.9
2021-06-13,85.8844,81.7
2021-06-14,84.447,83.4
2021-06-15,87.315,82.3
2021-06-16,87.7767,83.3
2021-06-17,91.943,86.1
2021-06-18,92.5215,85.1
2021-06-19,90.0537,89.9
2021-06-20,88.1511,91.6
2021-06-21,82.6083,95.6
2021-06-22,77.8183,97.3
2021-06-23,76.8255,97.2
2021-06-24,73.3044,98.1
2021-06-25,79.1543,96.8
2021-06-26,79.6205,94.1
2021-06-27,80.9596,92.4
2021-06-28,81.4155,86.0
2021-06-29,81.6515,78.6
2021-06-30,86.3194,75.9
2021-07-01,79.3494,76.2
2021-07-02,84.3629,76.5
2021-07-03,83.311,76.0
2021-07-04,85.4444,74.0
2021-07-05,82.7859,74.3
2021-07-06,84.5039,74.5
2021-07-07,83.339,75.9
2021-07-08,82.8666,77.5
2021-07-09,84.4489,80.0
2021-07-10,84.6425,83.0
2021-07-11,84.8074,85.3
2021-07-12,85.6423,89.8
2021-07-13,85.6153,96.5
2021-07-14,86.6758,91.8
2021-07-15,83.6076,90.2
2021-07-16,86.0297,86.5
2021-07-17,89.2436,84.2
2021-07-18,93.8368,83.4
2021-07-19,94.8087,82.1
2021-07-20,91.6785,81.2
2021-07-21,86.6824,78.1
2021-07-22,83.7269,77.8
2021-07-23,84.033,78.2
2021-07-24,80.3986,77.2
2021-07-25,80.529,76.8
2021-07-26,79.8741,78.1
2021-07-27,84.9361,72.8
2021-07-28,81.5776,76.5
2021-07-29,80.4863,76.5
2021-07-30,78.8308,75.8
2021-07-31,79.8394,75.5
2021-08-01,77.3668,75.0
2021-08-02,79.4406,75.3
2021-08-03,81.7421,75.8
2021-08-04,82.4756,75.6
2021-08-05,85.0994,74.8
2021-08-06,85.5927,74.5
2021-08-07,85.5076,76.5
2021-08-08,81.8084,76.3
2021-08-09,81.9941,75.0
2021-08-10,80.5589,77.1
2021-08-11,79.4863,76.7
2021-08-12,80.7362,79.5
2021-08-13,84.0178,78.9
2021-08-14,84.2852,78.8
2021-08-15,85.9251,79.8
2021-08-16,85.1054,82.6
2021-08-17,85.6134,85.4
2021-08-18,85.0326,90.5
2021-08-19,85.5387,91.3
2021-08-20,83.8381,91.7
2021-08-21,85.1513,90.5
2021-08-22,84.4514,92.4
2021-08-23,82.4524,86.0
2021-08-24,87.6185,85.7
2021-08-25,86.9618,87.3
2021-08-26,89.659,85.3
2021-08-27,85.8889,88.0
2021-08-28,84.1512,94.9
2021-08-29,78.8487,101.1
2021-08-30,83.0685,102.8
2021-08-31,82.3007,101.9
2021-09-01,83.0611,101.1
2021-09-02,81.4452,97.6
2021-09-03,79.0796,93.0
2021-09-04,83.7329,88.8
2021-09-05,87.8032,84.3
2021-09-06,90.2781,79.0
2021-09-07,94.5955,76.1
2021-09-08,93.0821,74.0
2021-09-09,93.2903,74.1
2021-09-10,90.1163,74.4
2021-09-11,90.1686,75.7
2021-09-12,91.5243,80.7
2021-09-13,94.5071,85.5
2021-09-14,94.6166,89.2
2021-09-15,97.286,90.2
2021-09-16,92.8647,88.9
2021-09-17,93.2782,88.9
2021-09-18,90.4517,86.7
2021-09-19,90.9991,85.6
2021-09-20,91.0998,89.3
2021-09-21,96.1771,102.0
2021-09-22,95.8607,94.8
2021-09-23,92.2996,90.7
2021-09-24,90.4296,87.1
2021-09-25,86.7154,86.1
2021-09-26,88.8947,83.5
2021-09-27,87.1303,81.7
2021-09-28,88.7944,84.7
2021-09-29,92.0024,85.6
2021-09-30,90.6606,92.2
2021-10-01,84.6218,89.8
2021-10-02,85.681,84.2
2021-10-03,89.4871,88.2
2021-10-04,88.3549,83.1
2021-10-05,88.5737,83.1
2021-10-06,87.7191,83.6
2021-10-07,89.4646,81.2
2021-10-08,88.0656,79.8
2021-10-09,88.852,77.1
2021-10-10,90.1495,76.2
2021-10-11,93.1291,78.2
2021-10-12,88.0281,77.2
2021-10-13,87.2099,81.6
2021-10-14,88.3429,84.8
2021-10-15,84.1669,89.1
2021-10-16,88.5765,92.8
2021-10-17,88.8885,100.6
2021-10-18,93.8456,109.4
2021-10-19,96.6087,110.8
2021-10-20,94.7488,111.3
2021-10-21,91.2645,106.5
2021-10-22,97.9674,108.9
2021-10-23,99.9129,100.2
2021-10-24,101.0246,96.1
2021-10-25,103.3432,94.5
2021-10-26,100.5751,90.9
2021-10-27,104.0171,90.8
2021-10-28,102.4334,89.6
2021-10-29,99.4891,85.4
2021-10-30,93.6362,88.2
2021-10-31,94.3052,89.1
2021-11-01,93.2622,89.6
2021-11-02,88.3898,86.9
2021-11-03,88.2365,82.5
2021-11-04,82.2835,82.3
2021-11-05,87.4894,81.9
2021-11-06,83.5863,77.4
2021-11-07,88.0014,79.1
2021-11-08,85.158,79.0
2021-11-09,87.0991,78.5
2021-11-10,87.9176,77.1
2021-11-11,88.2579,77.0
2021-11-12,84.4656,79.7
2021-11-13,85.6744,77.9
2021-11-14,86.6388,77.5
2021-11-15,88.6531,78.9
2021-11-16,86.249,84.4
2021-11-17,86.4546,82.7
2021-11-18,86.687,91.1
2021-11-19,86.321,90.0
2021-11-20,89.6765,91.0
2021-11-21,86.5072,89.8
2021-11-22,84.185,87.5
2021-11-23,87.379,84.0
2021-11-24,88.0284,84.2
2021-11-25,84.5636,82.9
2021-11-26,86.0779,85.6
2021-11-27,87.4877,80.3
2021-11-28,87.0614,77.6
2021-11-29,86.309,76.6
2021-11-30,84.428,74.6
2021-12-01,83.363,74.4
2021-12-02,84.6798,73.4
2021-12-03,82.2528,73.9
2021-12-04,87.304,77.4
2021-12-05,86.8379,78.2
2021-12-06,86.0541,86.2
2021-12-07,85.0479,99.3
2021-12-08,84.6656,114.2
2021-12-09,86.7226,117.0
2021-12-10,90.6419,117.4
2021-12-11,93.8306,111.6
2021-12-12,101.0927,118.8
2021-12-13,104.4597,132.2
2021-12-14,106.3696,135.8
2021-12-15,109.8414,125.6
2021-12-16,110.2543,122.1
2021-12-17,107.3987,126.5
2021-12-18,106.972,121.2
2021-12-19,98.6674,119.9
2021-12-20,98.7491,116.5
2021-12-21,93.7655,107.8
2021-12-22,97.2422,99.0
2021-12-23,94.007,98.2
2021-12-24,94.7986,90.8
2021-12-25,96.7306,86.0
2021-12-26,96.0549,81.3
2021-12-27,97.2682,82.7
2021-12-28,93.9498,81.0
2021-12-29,93.0524,90.6
2021-12-30,90.1106,103.8
2021-12-31,94.974,99.1
