t_date,oof_adj,y_adj
1996-02-29,76.0261,72.1
1996-03-01,77.7516,71.6
1996-03-02,76.8609,71.6
1996-03-03,73.959,71.7
1996-03-04,72.5391,70.3
1996-03-05,71.053,70.1
1996-03-06,71.5007,70.0
1996-03-07,70.6695,68.1
1996-03-08,71.7387,70.6
1996-03-09,70.9928,71.1
1996-03-10,71.0223,70.2
1996-03-11,71.1726,70.0
1996-03-12,71.4347,68.8
1996-03-13,69.0177,68.6
1996-03-14,69.8138,68.6
1996-03-15,70.3442,69.3
1996-03-16,70.8875,69.1
1996-03-17,71.1014,68.8
1996-03-18,71.2158,68.7
1996-03-19,71.2241,69.3
1996-03-20,71.6136,69.1
1996-03-21,71.9796,68.5
1996-03-22,73.6493,68.8
1996-03-23,73.2691,69.9
1996-03-24,72.3129,70.8
1996-03-25,73.1623,71.2
1996-03-26,72.925,72.3
1996-03-27,72.7382,74.8
1996-03-28,72.729,73.2
1996-03-29,72.6384,71.9
1996-03-30,73.2781,69.5
1996-03-31,74.245,68.7
1996-04-01,73.5601,69.1
1996-04-02,74.2865,69.2
1996-04-03,74.2588,68.6
1996-04-04,72.7971,69.5
1996-04-05,72.453,69.6
1996-04-06,70.7673,68.9
1996-04-07,70.3697,69.0
1996-04-08,69.4792,69.5
1996-04-09,69.0589,70.6
1996-04-10,68.9511,72.0
1996-04-11,68.5832,76.0
1996-04-12,68.1648,76.3
1996-04-13,68.4995,77.5
1996-04-14,68.8509,77.7
1996-04-15,69.237,79.1
1996-04-16,69.5671,78.0
1996-04-17,70.0005,75.1
1996-04-18,71.0751,74.3
1996-04-19,71.3061,73.4
1996-04-20,72.0257,72.5
1996-04-21,72.9504,72.6
1996-04-22,72.1536,72.9
1996-04-23,71.82,72.0
1996-04-24,70.9421,70.4
1996-04-25,71.0423,69.6
1996-04-26,71.3418,68.5
1996-04-27,71.2835,68.1
1996-04-28,71.1224,68.9
1996-04-29,71.6141,69.0
1996-04-30,71.5887,68.7
1996-05-01,70.8525,68.7
1996-05-02,70.6695,68.4
1996-05-03,70.7217,67.8
1996-05-04,70.861,68.3
1996-05-05,71.0118,68.4
1996-05-06,71.9658,69.9
1996-05-07,71.7133,70.8
1996-05-08,72.6651,70.7
1996-05-09,73.1965,71.3
1996-05-10,74.0105,71.6
1996-05-11,73.8154,73.0
1996-05-12,73.4132,73.9
1996-05-13,73.0665,75.9
1996-05-14,72.6354,72.9
1996-05-15,72.2166,72.4
1996-05-16,72.4108,71.5
1996-05-17,72.8469,70.6
1996-05-18,72.9832,69.7
1996-05-19,72.133,70.7
1996-05-20,73.033,70.1
1996-05-21,73.8472,69.5
1996-05-22,72.8131,69.6
1996-05-23,72.2476,69.8
1996-05-24,71.0032,69.9
1996-05-25,71.0395,70.7
1996-05-26,71.4747,71.9
1996-05-27,70.3083,72.7
1996-05-28,69.2184,72.6
1996-05-29,69.0184,72.0
1996-05-30,68.243,75.2
1996-05-31,68.4746,74.7
1996-06-01,68.4995,74.5
1996-06-02,68.2683,74.0
1996-06-03,68.8386,74.2
1996-06-04,69.09,73.7
1996-06-05,70.2419,73.6
1996-06-06,71.4583,73.3
1996-06-07,72.6996,72.8
1996-06-08,72.2768,71.3
1996-06-09,72.6751,71.5
1996-06-10,72.194,71.0
1996-06-11,71.47,70.5
1996-06-12,71.0653,74.3
1996-06-13,71.7513,84.3
1996-06-14,71.4363,86.5
1996-06-15,71.5788,82.5
1996-06-16,71.5644,79.6
1996-06-17,71.5359,76.2
1996-06-18,70.7701,72.5
1996-06-19,72.2965,70.0
1996-06-20,72.9209,69.3
1996-06-21,72.5747,69.1
1996-06-22,72.1413,69.0
1996-06-23,71.698,67.0
1996-06-24,72.9239,68.3
1996-06-25,73.1829,67.5
1996-06-26,73.341,67.2
1996-06-27,73.4993,68.2
1996-06-28,74.0852,68.9
1996-06-29,75.0077,68.3
1996-06-30,75.2363,70.4
1996-07-01,75.4914,72.4
1996-07-02,75.4565,75.6
1996-07-03,74.5,77.8
1996-07-04,74.7174,80.3
1996-07-05,74.3575,82.3
1996-07-06,74.5124,82.7
1996-07-07,76.2471,82.8
1996-07-08,81.4604,81.9
1996-07-09,82.7258,81.6
1996-07-10,81.5098,79.9
1996-07-11,80.3096,76.2
1996-07-12,78.9067,75.1
1996-07-13,77.0714,73.7
1996-07-14,74.6821,71.7
1996-07-15,72.7197,72.1
1996-07-16,72.1591,73.6
1996-07-17,70.9573,74.8
1996-07-18,68.9781,72.0
1996-07-19,68.1079,71.4
1996-07-20,67.4635,70.5
1996-07-21,67.7028,69.3
1996-07-22,68.4117,69.3
1996-07-23,68.9611,69.5
1996-07-24,68.7436,68.4
1996-07-25,69.9094,69.3
1996-07-26,70.6448,70.1
1996-07-27,71.712,71.3
1996-07-28,72.722,74.5
1996-07-29,73.7229,75.8
1996-07-30,75.462,76.2
1996-07-31,76.0723,76.3
1996-08-01,77.0052,75.8
1996-08-02,76.4244,75.9
1996-08-03,76.1678,74.7
1996-08-04,75.5458,75.0
1996-08-05,74.697,74.7
1996-08-06,74.9885,77.6
1996-08-07,74.9834,74.8
1996-08-08,74.4845,73.6
1996-08-09,74.8975,72.4
1996-08-10,77.529,72.0
1996-08-11,80.7834,71.4
1996-08-12,80.8209,70.8
1996-08-13,78.5365,70.5
1996-08-14,76.5754,69.2
1996-08-15,75.997,68.8
1996-08-16,75.121,68.9
1996-08-17,74.4666,68.5
1996-08-18,73.5613,68.6
1996-08-19,73.1567,68.1
1996-08-20,72.2216,67.9
1996-08-21,71.0358,67.1
1996-08-22,71.577,68.7
1996-08-23,71.382,69.6
1996-08-24,71.186,69.6
1996-08-25,71.0105,69.8
1996-08-26,71.3976,69.7
1996-08-27,72.2077,70.3
1996-08-28,72.7385,69.1
1996-08-29,73.6846,70.4
1996-08-30,74.219,70.4
1996-08-31,75.7782,71.2
1996-09-01,74.6906,70.4
1996-09-02,74.0344,70.1
1996-09-03,73.599,71.2
1996-09-04,73.4659,70.3
1996-09-05,73.4522,69.7
1996-09-06,73.5271,69.6
1996-09-07,73.5839,69.8
1996-09-08,73.1403,69.6
1996-09-09,72.6548,69.4
1996-09-10,71.9509,68.5
1996-09-11,71.5217,68.8
1996-09-12,70.8558,68.2
1996-09-13,70.1299,67.7
1996-09-14,69.7943,67.7
1996-09-15,69.3273,67.4
1996-09-16,69.9328,66.4
1996-09-17,70.0305,66.9
1996-09-18,69.6297,67.3
1996-09-19,69.7078,68.2
1996-09-20,70.0546,68.6
1996-09-21,70.6947,68.1
1996-09-22,70.5512,68.0
1996-09-23,71.1377,69.0
1996-09-24,71.6113,70.4
1996-09-25,72.4618,70.6
1996-09-26,72.2845,69.0
1996-09-27,72.2503,69.1
1996-09-28,72.6259,69.1
1996-09-29,72.3294,69.1
1996-09-30,72.01,69.1
1996-10-01,71.8755,70.3
1996-10-02,71.9456,71.2
1996-10-03,71.8723,67.5
1996-10-04,71.7246,69.4
1996-10-05,71.2551,69.7
1996-10-06,71.2126,68.6
1996-10-07,70.9024,68.5
1996-10-08,70.5374,67.9
1996-10-09,70.3565,68.3
1996-10-10,69.938,67.8
1996-10-11,69.6416,67.1
1996-10-12,70.1127,68.0
1996-10-13,70.4641,67.3
1996-10-14,69.7209,67.8
1996-10-15,69.7671,68.9
1996-10-16,69.5679,69.6
1996-10-17,71.6355,70.0
1996-10-18,74.0375,70.7
1996-10-19,73.3314,71.5
1996-10-20,73.071,72.1
1996-10-21,71.5967,71.9
1996-10-22,72.292,72.2
1996-10-23,73.1276,70.4
1996-10-24,75.3187,72.4
1996-10-25,77.1984,72.6
1996-10-26,78.7556,72.7
1996-10-27,77.643,72.6
1996-10-28,74.5604,80.6
1996-10-29,76.1714,88.7
1996-10-30,77.1097,97.3
1996-10-31,77.5217,101.7
1996-11-01,75.356,100.8
1996-11-02,73.2081,100.0
1996-11-03,72.988,95.4
1996-11-04,71.9884,88.5
1996-11-05,71.8627,85.1
1996-11-06,71.2963,80.8
1996-11-07,70.697,75.7
1996-11-08,70.7299,70.7
1996-11-09,71.624,68.6
1996-11-10,71.9265,67.6
1996-11-11,71.6037,67.6
1996-11-12,70.5768,67.1
1996-11-13,70.6696,66.6
1996-11-14,71.5643,71.5
1996-11-15,71.9418,70.2
1996-11-16,72.4049,75.2
1996-11-17,72.1635,78.6
1996-11-18,72.9512,79.2
1996-11-19,72.5891,80.0
1996-11-20,72.5494,82.3
1996-11-21,72.9423,83.5
1996-11-22,76.7565,83.6
1996-11-23,80.7599,85.6
1996-11-24,83.4482,84.6
1996-11-25,85.2302,80.3
1996-11-26,85.4687,80.9
1996-11-27,85.8317,78.9
1996-11-28,83.4941,76.9
1996-11-29,80.2992,76.4
1996-11-30,77.9914,74.7
1996-12-01,75.8316,73.0
1996-12-02,73.293,72.2
1996-12-03,71.0838,71.8
1996-12-04,71.0062,71.4
1996-12-05,70.0013,70.1
1996-12-06,69.8744,69.8
1996-12-07,68.7349,70.0
1996-12-08,67.9012,69.7
1996-12-09,69.527,70.8
1996-12-10,68.4845,71.4
1996-12-11,70.1726,71.9
1996-12-12,70.8602,70.6
1996-12-13,70.8999,70.9
1996-12-14,71.3315,71.3
1996-12-15,73.8481,71.3
1996-12-16,75.1745,72.9
1996-12-17,75.5595,71.6
1996-12-18,77.1286,72.1
1996-12-19,78.147,72.1
1996-12-20,78.4787,72.4
1996-12-21,78.9241,73.3
1996-12-22,77.4474,72.4
1996-12-23,76.1696,71.7
1996-12-24,75.9596,72.2
1996-12-25,75.8859,72.9
1996-12-26,75.6912,74.3
1996-12-27,76.2323,71.8
1996-12-28,75.2175,70.7
1996-12-29,75.4217,71.1
1996-12-30,74.4235,71.9
1996-12-31,72.9296,70.9
1997-01-01,72.4278,71.9
1997-01-02,71.6839,71.3
1997-01-03,71.8928,70.8
1997-01-04,71.3732,72.4
1997-01-05,71.3531,71.5
1997-01-06,70.8343,70.3
1997-01-07,71.1072,69.2
1997-01-08,71.6612,76.2
1997-01-09,72.209,77.4
1997-01-10,73.4455,78.4
1997-01-11,73.4337,73.3
1997-01-12,73.8549,72.2
1997-01-13,74.226,73.7
1997-01-14,74.7813,73.2
1997-01-15,75.1596,71.2
1997-01-16,74.7767,70.4
1997-01-17,74.5096,69.3
1997-01-18,74.7186,69.1
1997-01-19,74.9179,69.3
1997-01-20,75.5329,69.6
1997-01-21,74.4479,70.1
1997-01-22,73.9459,70.3
1997-01-23,74.2523,71.4
1997-01-24,74.9307,71.2
1997-01-25,74.1569,70.4
1997-01-26,74.4254,71.0
1997-01-27,74.3848,71.6
1997-01-28,74.0312,71.9
1997-01-29,74.6558,73.0
1997-01-30,74.2731,73.1
1997-01-31,73.7211,72.6
1997-02-01,73.1874,72.4
1997-02-02,76.3545,72.4
1997-02-03,76.9613,71.5
1997-02-04,77.6571,72.9
1997-02-05,75.5545,71.1
1997-02-06,75.4659,72.8
1997-02-07,78.4777,72.8
1997-02-08,79.6645,73.4
1997-02-09,79.1043,74.2
1997-02-10,78.1363,73.1
1997-02-11,78.1267,73.6
1997-02-12,80.4582,74.1
1997-02-13,79.7593,73.8
1997-02-14,78.7324,73.4
1997-02-15,75.6312,73.4
1997-02-16,73.6764,73.3
1997-02-17,72.6686,74.7
1997-02-18,72.4473,75.0
1997-02-19,71.4127,75.0
1997-02-20,70.8404,74.4
1997-02-21,71.1458,73.7
1997-02-22,71.1221,73.1
1997-02-23,72.0124,71.0
1997-02-24,71.9233,70.0
1997-02-25,71.8316,70.1
1997-02-26,72.2363,70.3
1997-02-27,72.7967,70.6
1997-02-28,72.9432,70.2
1997-03-01,73.9007,69.5
1997-03-02,73.3169,71.9
1997-03-03,73.947,72.9
1997-03-04,73.9511,75.1
1997-03-05,74.2034,73.8
1997-03-06,74.2234,74.6
1997-03-07,73.5072,76.2
1997-03-08,73.8396,80.4
1997-03-09,74.6746,78.8
1997-03-10,74.582,78.6
1997-03-11,73.9823,80.3
1997-03-12,73.9489,78.3
1997-03-13,73.6262,77.0
1997-03-14,74.4472,76.3
1997-03-15,74.864,78.3
1997-03-16,75.185,78.0
1997-03-17,75.1944,77.4
1997-03-18,74.8723,76.9
1997-03-19,75.7851,79.3
1997-03-20,76.8202,77.9
1997-03-21,79.3293,79.2
1997-03-22,78.4478,75.6
1997-03-23,77.1674,72.3
1997-03-24,76.3634,70.7
1997-03-25,75.0047,70.6
1997-03-26,72.8223,70.4
1997-03-27,73.4235,70.9
1997-03-28,73.0132,71.5
1997-03-29,73.5694,69.7
1997-03-30,71.4713,70.7
1997-03-31,72.6581,69.6
1997-04-01,73.5692,71.8
1997-04-02,74.4008,74.1
1997-04-03,74.4274,73.4
1997-04-04,74.7696,72.9
1997-04-05,76.1102,73.7
1997-04-06,76.1914,73.4
1997-04-07,76.0058,73.3
1997-04-08,76.1208,72.3
1997-04-09,76.8862,72.1
1997-04-10,76.8654,73.6
1997-04-11,76.6035,73.4
1997-04-12,76.3716,73.3
1997-04-13,77.5085,73.3
1997-04-14,77.0556,73.0
1997-04-15,78.6944,74.8
1997-04-16,79.5823,73.8
1997-04-17,78.5425,73.7
1997-04-18,78.2178,75.4
1997-04-19,78.2251,75.1
1997-04-20,77.4397,74.7
1997-04-21,75.9948,73.9
1997-04-22,74.5008,74.4
1997-04-23,72.0205,75.8
1997-04-24,71.132,76.0
1997-04-25,69.5224,81.1
1997-04-26,69.7202,86.9
1997-04-27,70.5746,83.0
1997-04-28,70.5285,78.1
1997-04-29,70.2249,78.9
1997-04-30,70.8752,80.1
1997-05-01,71.6162,82.0
1997-05-02,72.2165,80.4
1997-05-03,72.3961,79.5
1997-05-04,72.5788,77.6
1997-05-05,73.5332,77.2
1997-05-06,73.3241,74.5
1997-05-07,73.5847,79.6
1997-05-08,73.7212,79.1
1997-05-09,73.7483,77.4
1997-05-10,75.0068,76.1
1997-05-11,74.6442,76.1
1997-05-12,74.7211,76.4
1997-05-13,75.5018,76.9
1997-05-14,75.3615,75.4
1997-05-15,75.33,75.3
1997-05-16,75.4833,74.2
1997-05-17,75.7841,73.0
1997-05-18,76.2364,71.8
1997-05-19,76.6062,72.3
1997-05-20,78.6443,72.9
1997-05-21,81.2549,73.0
1997-05-22,79.6837,74.4
1997-05-23,77.66,71.8
1997-05-24,77.7948,73.5
1997-05-25,78.2408,72.4
1997-05-26,79.0751,72.5
1997-05-27,78.4483,69.8
1997-05-28,78.383,71.8
1997-05-29,77.8186,71.3
1997-05-30,77.5118,72.2
1997-05-31,76.3626,74.1
1997-06-01,78.4078,74.2
1997-06-02,78.349,74.1
1997-06-03,78.1664,73.6
1997-06-04,77.9447,72.6
1997-06-05,77.5361,72.1
1997-06-06,77.052,72.4
1997-06-07,77.0358,72.4
1997-06-08,76.1551,71.4
1997-06-09,75.8213,72.0
1997-06-10,74.8252,72.0
1997-06-11,73.8785,70.6
1997-06-12,73.2087,72.6
1997-06-13,73.6081,72.1
1997-06-14,73.8019,72.3
1997-06-15,74.291,70.8
1997-06-16,74.9263,70.9
1997-06-17,73.5639,69.6
1997-06-18,74.1797,69.3
1997-06-19,73.3181,70.3
1997-06-20,72.8099,71.5
1997-06-21,71.6914,71.9
1997-06-22,71.939,72.2
1997-06-23,71.9212,72.3
1997-06-24,72.3851,72.8
1997-06-25,73.0749,73.5
1997-06-26,73.7107,73.6
1997-06-27,73.7915,74.5
1997-06-28,74.0287,78.1
1997-06-29,74.1208,81.2
1997-06-30,73.9899,83.0
1997-07-01,74.2372,79.0
1997-07-02,74.1124,76.8
1997-07-03,73.6552,76.5
1997-07-04,74.116,75.0
1997-07-05,73.7328,73.2
1997-07-06,73.0928,72.5
1997-07-07,73.9932,73.2
1997-07-08,73.9999,72.9
1997-07-09,74.0565,74.3
1997-07-10,73.6201,74.9
1997-07-11,73.8266,76.9
1997-07-12,73.2533,79.0
1997-07-13,73.2238,80.1
1997-07-14,73.5123,79.9
1997-07-15,74.0923,80.3
1997-07-16,74.3301,80.4
1997-07-17,74.4781,81.6
1997-07-18,74.6427,83.0
1997-07-19,74.6856,84.2
1997-07-20,74.9909,81.6
1997-07-21,75.045,79.6
1997-07-22,75.4152,79.8
1997-07-23,76.9264,77.4
1997-07-24,78.1223,77.7
1997-07-25,79.3178,76.1
1997-07-26,77.7908,76.3
1997-07-27,76.5356,76.3
1997-07-28,76.2989,77.2
1997-07-29,75.554,78.2
1997-07-30,74.6211,79.4
1997-07-31,74.4115,83.7
1997-08-01,75.1468,85.5
1997-08-02,75.2744,83.5
1997-08-03,75.8426,92.3
1997-08-04,77.4586,93.3
1997-08-05,78.6782,93.8
1997-08-06,82.289,98.2
1997-08-07,84.1766,95.1
1997-08-08,82.1109,93.3
1997-08-09,81.8559,94.7
1997-08-10,81.7879,94.6
1997-08-11,82.787,97.6
1997-08-12,83.2878,99.1
1997-08-13,83.1305,103.6
1997-08-14,83.077,109.3
1997-08-15,82.5345,117.7
1997-08-16,82.9245,116.4
1997-08-17,82.7301,110.0
1997-08-18,82.9156,110.3
1997-08-19,82.3408,108.9
1997-08-20,81.8761,103.7
1997-08-21,80.6146,99.1
1997-08-22,79.7691,96.4
1997-08-23,79.8563,94.0
1997-08-24,79.7706,89.0
1997-08-25,80.4299,89.1
1997-08-26,79.6928,88.4
1997-08-27,78.0809,85.8
1997-08-28,81.5591,89.6
1997-08-29,82.0743,92.3
1997-08-30,83.33,93.5
1997-08-31,84.7545,88.9
1997-09-01,84.1403,89.5
1997-09-02,83.8506,88.8
1997-09-03,85.017,87.5
1997-09-04,85.6448,90.0
1997-09-05,88.3072,87.9
1997-09-06,88.2837,87.3
1997-09-07,90.1586,86.0
1997-09-08,92.6928,85.8
1997-09-09,96.7508,83.4
1997-09-10,97.3205,84.3
1997-09-11,95.1268,83.6
1997-09-12,95.606,83.4
1997-09-13,95.7716,82.7
1997-09-14,94.8189,83.3
1997-09-15,93.5834,84.0
1997-09-16,93.4749,85.8
1997-09-17,92.7349,88.3
1997-09-18,91.2208,87.8
1997-09-19,91.764,84.3
1997-09-20,91.2192,86.4
1997-09-21,89.9692,86.9
1997-09-22,91.0456,87.5
1997-09-23,90.1498,85.9
1997-09-24,89.3443,84.0
1997-09-25,86.4318,82.1
1997-09-26,85.8706,84.2
1997-09-27,84.9516,79.9
1997-09-28,84.3775,78.8
1997-09-29,85.354,77.7
1997-09-30,84.4504,80.5
1997-10-01,84.1255,81.0
1997-10-02,83.402,83.3
1997-10-03,83.4482,84.4
1997-10-04,83.0217,86.0
1997-10-05,84.2026,86.9
1997-10-06,85.0127,89.2
1997-10-07,85.509,91.6
1997-10-08,85.4045,96.2
1997-10-09,85.9821,108.0
1997-10-10,86.3278,115.9
1997-10-11,87.1203,111.9
1997-10-12,87.8887,103.5
1997-10-13,87.4378,92.7
1997-10-14,85.6041,87.9
1997-10-15,86.5207,84.8
1997-10-16,86.8189,87.6
1997-10-17,87.4,89.6
1997-10-18,87.1937,85.4
1997-10-19,86.8765,88.2
1997-10-20,86.184,91.0
1997-10-21,87.1877,94.1
1997-10-22,85.4064,94.1
1997-10-23,84.9547,92.0
1997-10-24,84.5543,89.4
1997-10-25,85.9194,96.8
1997-10-26,85.6331,86.5
1997-10-27,86.2071,93.6
1997-10-28,85.9541,97.7
1997-10-29,86.2509,97.3
1997-10-30,86.6581,100.6
1997-10-31,88.1239,99.4
1997-11-01,89.9846,105.2
1997-11-02,92.0512,108.2
1997-11-03,96.1764,113.2
1997-11-04,98.6878,109.0
1997-11-05,97.5197,109.3
1997-11-06,94.8601,113.7
1997-11-07,91.402,109.0
1997-11-08,89.7589,109.0
1997-11-09,88.6533,104.2
1997-11-10,90.2811,100.7
1997-11-11,92.0105,105.6
1997-11-12,90.8945,96.0
1997-11-13,92.5499,95.1
1997-11-14,94.183,93.8
1997-11-15,95.2399,92.2
1997-11-16,94.6691,93.4
1997-11-17,93.4697,89.6
1997-11-18,91.5956,86.5
1997-11-19,95.0081,87.1
1997-11-20,90.2474,86.3
1997-11-21,92.1799,82.0
1997-11-22,93.1956,82.9
1997-11-23,92.6001,83.5
1997-11-24,94.2446,86.8
1997-11-25,93.8652,86.7
1997-11-26,96.5449,89.0
1997-11-27,97.6467,85.5
1997-11-28,99.2882,100.7
1997-11-29,98.0835,104.3
1997-11-30,99.7455,101.3
1997-12-01,102.035,101.3
1997-12-02,100.4056,92.7
1997-12-03,100.6184,98.7
1997-12-04,98.7688,101.0
1997-12-05,97.5714,101.0
1997-12-06,99.4649,101.1
1997-12-07,96.1913,98.3
1997-12-08,96.4271,97.6
1997-12-09,95.2963,97.7
1997-12-10,93.9812,87.7
1997-12-11,94.0124,86.3
1997-12-12,91.9294,84.1
1997-12-13,90.1147,82.1
1997-12-14,89.788,79.5
1997-12-15,88.563,78.9
1997-12-16,85.9481,78.0
1997-12-17,86.0169,82.0
1997-12-18,86.2321,92.7
1997-12-19,87.2241,87.5
1997-12-20,86.382,90.8
1997-12-21,86.9916,94.6
1997-12-22,85.729,94.4
1997-12-23,91.5816,93.1
1997-12-24,93.3389,92.0
1997-12-25,92.8422,90.5
1997-12-26,93.6714,88.5
1997-12-27,91.4907,88.0
1997-12-28,94.2683,90.1
1997-12-29,95.6677,93.9
1997-12-30,95.8833,94.5
1997-12-31,96.049,105.0
1998-01-01,95.171,96.9
1998-01-02,95.11,97.7
1998-01-03,95.4962,93.7
1998-01-04,91.4781,90.9
1998-01-05,91.4184,88.4
1998-01-06,91.1664,86.8
1998-01-07,90.4603,88.1
1998-01-08,88.5775,86.5
1998-01-09,88.0153,86.3
1998-01-10,86.7166,86.6
1998-01-11,87.4783,83.1
1998-01-12,90.5118,81.8
1998-01-13,87.119,80.8
1998-01-14,87.2795,81.3
1998-01-15,88.479,81.5
1998-01-16,88.9261,81.5
1998-01-17,89.1364,84.0
1998-01-18,89.6571,88.3
1998-01-19,89.9729,92.3
1998-01-20,90.0422,102.3
1998-01-21,90.6411,104.7
1998-01-22,92.2992,104.2
1998-01-23,94.4282,102.4
1998-01-24,94.6848,100.9
1998-01-25,98.6669,96.3
1998-01-26,95.2725,93.6
1998-01-27,95.3181,92.8
1998-01-28,93.5976,93.5
1998-01-29,92.4368,97.3
1998-01-30,91.5441,96.6
1998-01-31,91.0528,92.9
1998-02-01,92.082,90.9
1998-02-02,91.7518,88.6
1998-02-03,91.7887,92.3
1998-02-04,91.8884,96.5
1998-02-05,90.276,95.1
1998-02-06,89.4867,95.0
1998-02-07,89.0132,100.0
1998-02-08,89.0703,95.1
1998-02-09,88.7502,90.3
1998-02-10,87.9962,90.5
1998-02-11,88.3524,89.9
1998-02-12,89.1095,88.7
1998-02-13,90.071,95.0
1998-02-14,93.4895,99.4
1998-02-15,94.5138,100.3
1998-02-16,94.7469,103.7
1998-02-17,94.7225,118.2
1998-02-18,94.8014,131.6
1998-02-19,93.8094,122.6
1998-02-20,92.3719,124.3
1998-02-21,92.2544,125.9
1998-02-22,92.475,123.5
1998-02-23,94.249,125.5
1998-02-24,94.2109,124.9
1998-02-25,92.9742,126.8
1998-02-26,92.5931,121.3
1998-02-27,92.4947,119.9
1998-02-28,94.805,114.4
1998-03-01,96.7224,109.5
1998-03-02,95.8451,110.0
1998-03-03,95.1,103.6
1998-03-04,96.9858,100.0
1998-03-05,94.9792,107.2
1998-03-06,91.7216,107.9
1998-03-07,90.4198,105.6
1998-03-08,88.5138,103.4
1998-03-09,87.1981,103.6
1998-03-10,89.4298,110.2
1998-03-11,90.8556,126.4
1998-03-12,91.3212,133.7
1998-03-13,93.4672,135.5
1998-03-14,99.4241,141.0
1998-03-15,105.3877,140.2
1998-03-16,103.7483,130.2
1998-03-17,105.3551,128.8
1998-03-18,106.2143,117.6
1998-03-19,105.49,115.5
1998-03-20,106.5744,112.6
1998-03-21,107.3429,113.5
1998-03-22,108.5473,107.2
1998-03-23,107.9622,102.1
1998-03-24,108.623,99.4
1998-03-25,107.189,96.7
1998-03-26,106.118,98.7
1998-03-27,106.8859,92.9
1998-03-28,105.1359,88.5
1998-03-29,104.862,91.3
1998-03-30,108.1076,91.7
1998-03-31,108.1599,93.0
1998-04-01,106.1915,91.8
1998-04-02,104.4986,92.6
1998-04-03,103.8909,99.8
1998-04-04,105.4658,99.1
1998-04-05,110.4239,104.1
1998-04-06,111.7491,115.1
1998-04-07,111.9114,118.8
1998-04-08,113.6233,119.3
1998-04-09,114.3217,123.2
1998-04-10,111.6562,135.7
1998-04-11,112.544,132.4
1998-04-12,109.2844,125.6
1998-04-13,108.8567,120.2
1998-04-14,108.3652,112.8
1998-04-15,109.086,109.3
1998-04-16,106.9771,110.2
1998-04-17,104.9684,114.4
1998-04-18,103.2827,119.1
1998-04-19,101.1689,119.8
1998-04-20,102.5307,118.6
1998-04-21,99.484,120.4
1998-04-22,96.8005,113.0
1998-04-23,97.8427,104.6
1998-04-24,97.3556,101.5
1998-04-25,96.4786,94.1
1998-04-26,94.6856,91.2
1998-04-27,93.809,89.6
1998-04-28,96.8865,92.6
1998-04-29,96.9784,98.0
1998-04-30,99.3532,94.7
1998-05-01,104.4941,94.9
1998-05-02,107.0523,96.6
1998-05-03,108.5254,101.1
1998-05-04,111.8712,97.6
1998-05-05,117.3168,98.8
1998-05-06,116.3849,96.8
1998-05-07,114.1839,103.0
1998-05-08,112.3771,107.7
1998-05-09,109.6654,116.4
1998-05-10,108.51,115.0
1998-05-11,109.109,118.4
1998-05-12,111.01,118.5
1998-05-13,113.2722,116.4
1998-05-14,114.2194,120.5
1998-05-15,113.809,115.7
1998-05-16,114.7386,115.3
1998-05-17,112.3156,115.8
1998-05-18,108.6847,115.7
1998-05-19,107.22,113.9
1998-05-20,103.7785,105.1
1998-05-21,102.3434,103.6
1998-05-22,100.748,107.3
1998-05-23,101.2265,103.9
1998-05-24,101.8961,103.3
1998-05-25,100.0065,101.8
1998-05-26,99.2639,104.4
1998-05-27,100.0346,105.4
1998-05-28,102.1538,103.8
1998-05-29,101.0175,98.9
1998-05-30,101.6598,108.8
1998-05-31,101.3211,109.7
1998-06-01,104.566,112.8
1998-06-02,107.5192,119.1
1998-06-03,111.2973,126.1
1998-06-04,110.6884,123.3
1998-06-05,112.8053,125.0
1998-06-06,113.3954,131.1
1998-06-07,112.5056,124.4
1998-06-08,113.9483,131.9
1998-06-09,112.358,133.5
1998-06-10,112.6962,127.6
1998-06-11,113.4834,125.2
1998-06-12,114.0091,118.5
1998-06-13,113.5474,116.2
1998-06-14,110.1418,118.2
1998-06-15,109.2265,112.9
1998-06-16,110.733,111.3
1998-06-17,109.0245,102.6
1998-06-18,108.9724,109.7
1998-06-19,107.7815,106.3
1998-06-20,108.2452,108.2
1998-06-21,108.586,109.7
1998-06-22,107.7887,103.6
1998-06-23,105.3922,102.4
1998-06-24,109.118,105.2
1998-06-25,108.3396,115.4
1998-06-26,108.9923,113.9
1998-06-27,110.9819,117.8
1998-06-28,113.1215,119.1
1998-06-29,112.3419,129.2
1998-06-30,113.1693,125.5
1998-07-01,116.0898,122.8
1998-07-02,114.6039,123.2
1998-07-03,117.8812,125.1
1998-07-04,118.5095,123.1
1998-07-05,116.4469,118.3
1998-07-06,115.5885,117.2
1998-07-07,113.2666,115.4
1998-07-08,112.3986,112.9
1998-07-09,113.4634,111.7
1998-07-10,111.7452,119.2
1998-07-11,111.4572,130.5
1998-07-12,107.9631,142.2
1998-07-13,110.8703,149.1
1998-07-14,109.2143,150.9
1998-07-15,109.3201,158.3
1998-07-16,109.4578,153.3
1998-07-17,106.0694,154.1
1998-07-18,105.8548,150.9
1998-07-19,107.0351,140.4
1998-07-20,111.6831,140.6
1998-07-21,111.593,136.8
1998-07-22,112.7778,143.3
1998-07-23,113.3914,139.7
1998-07-24,116.8419,136.8
1998-07-25,115.0348,137.9
1998-07-26,115.2566,141.9
1998-07-27,116.0388,135.2
1998-07-28,117.1757,135.9
1998-07-29,116.4313,129.3
1998-07-30,114.5929,126.0
1998-07-31,114.1613,124.8
1998-08-01,113.4735,129.6
1998-08-02,112.6818,137.8
1998-08-03,112.5558,142.0
1998-08-04,116.2098,149.4
1998-08-05,121.2004,166.4
1998-08-06,126.6128,181.8
1998-08-07,129.0368,180.2
1998-08-08,130.1423,166.3
1998-08-09,132.3164,165.5
1998-08-10,131.3691,157.3
1998-08-11,132.376,156.8
1998-08-12,131.5275,167.1
1998-08-13,128.494,153.5
1998-08-14,129.6107,155.8
1998-08-15,128.6584,147.4
1998-08-16,131.7083,143.6
1998-08-17,130.9094,140.4
1998-08-18,130.0096,136.6
1998-08-19,130.5989,132.3
1998-08-20,131.9034,123.3
1998-08-21,129.9115,118.6
1998-08-22,128.695,119.9
1998-08-23,125.8583,118.6
1998-08-24,124.6496,123.7
1998-08-25,123.7893,128.0
1998-08-26,125.811,133.3
1998-08-27,128.7481,139.4
1998-08-28,129.9847,142.1
1998-08-29,132.2187,144.1
1998-08-30,138.1914,136.2
1998-08-31,143.1722,139.2
1998-09-01,144.2738,136.2
1998-09-02,142.1348,128.0
1998-09-03,142.803,123.0
1998-09-04,139.7239,116.3
1998-09-05,138.8433,121.8
1998-09-06,144.025,119.1
1998-09-07,139.3621,112.9
1998-09-08,141.2892,112.0
1998-09-09,138.7649,114.9
1998-09-10,138.5446,117.1
1998-09-11,137.0748,116.9
1998-09-12,136.1579,124.1
1998-09-13,134.8038,123.8
1998-09-14,130.7757,123.2
1998-09-15,128.502,120.3
1998-09-16,127.8478,118.5
1998-09-17,126.4327,113.4
1998-09-18,128.2703,117.5
1998-09-19,129.719,118.4
1998-09-20,131.8195,130.4
1998-09-21,134.2575,130.1
1998-09-22,135.9195,134.4
1998-09-23,136.4288,125.0
1998-09-24,132.8104,116.8
1998-09-25,134.7432,120.2
1998-09-26,133.9199,117.2
1998-09-27,130.904,113.8
1998-09-28,128.7764,111.4
1998-09-29,125.7778,109.6
1998-09-30,128.3404,106.3
1998-10-01,127.2762,102.8
1998-10-02,124.4039,101.8
1998-10-03,123.852,106.4
1998-10-04,124.8218,108.0
1998-10-05,126.4748,109.9
1998-10-06,126.468,117.0
1998-10-07,129.3766,119.5
1998-10-08,128.5968,124.1
1998-10-09,128.1571,129.9
1998-10-10,127.0994,139.0
1998-10-11,126.9525,150.1
1998-10-12,124.8704,138.4
1998-10-13,126.848,145.8
1998-10-14,127.13,149.9
1998-10-15,132.2897,159.3
1998-10-16,132.4209,150.8
1998-10-17,134.3051,144.1
1998-10-18,130.2819,138.7
1998-10-19,126.6331,132.6
1998-10-20,128.2018,123.8
1998-10-21,126.8698,123.7
1998-10-22,125.3441,121.8
1998-10-23,124.2076,118.0
1998-10-24,123.2777,112.2
1998-10-25,121.558,113.7
1998-10-26,119.595,118.6
1998-10-27,118.5133,118.3
1998-10-28,119.6956,123.0
1998-10-29,119.0063,126.7
1998-10-30,118.7355,136.7
1998-10-31,121.3587,145.6
1998-11-01,122.8396,152.3
1998-11-02,124.6681,154.7
1998-11-03,127.4361,160.4
1998-11-04,130.6842,163.2
1998-11-05,135.6542,158.9
1998-11-06,132.2112,158.2
1998-11-07,136.2826,147.4
1998-11-08,137.9026,148.7
1998-11-09,141.146,144.0
1998-11-10,138.1027,138.3
1998-11-11,136.0052,138.1
1998-11-12,135.2752,148.7
1998-11-13,133.4791,157.1
1998-11-14,130.1601,149.3
1998-11-15,130.6027,129.8
1998-11-16,130.624,138.8
1998-11-17,129.3567,138.9
1998-11-18,127.0577,139.7
1998-11-19,127.9465,139.9
1998-11-20,129.7487,137.2
1998-11-21,128.2863,136.1
1998-11-22,127.5458,141.5
1998-11-23,125.7933,137.9
1998-11-24,127.2203,133.6
1998-11-25,129.4858,130.4
1998-11-26,131.2304,130.9
1998-11-27,132.3059,124.6
1998-11-28,134.6792,135.2
1998-11-29,136.2508,134.9
1998-11-30,135.9099,139.6
1998-12-01,136.5648,140.2
1998-12-02,133.7258,161.4
1998-12-03,135.2168,178.3
1998-12-04,134.3307,176.8
1998-12-05,132.6925,173.1
1998-12-06,133.5384,168.8
1998-12-07,138.3686,161.6
1998-12-08,142.1119,154.8
1998-12-09,140.1993,149.4
1998-12-10,132.4544,142.0
1998-12-11,136.3716,132.0
1998-12-12,136.4817,121.6
1998-12-13,136.5641,111.3
1998-12-14,136.4204,111.7
1998-12-15,135.97,111.0
1998-12-16,136.254,109.6
1998-12-17,138.434,108.2
1998-12-18,136.5886,109.1
1998-12-19,133.5808,114.7
1998-12-20,130.4661,132.4
1998-12-21,129.3904,138.0
1998-12-22,125.8033,153.4
1998-12-23,129.838,156.2
1998-12-24,129.7433,165.4
1998-12-25,131.7961,170.3
1998-12-26,131.6472,166.4
1998-12-27,140.2963,169.7
1998-12-28,148.2409,172.3
1998-12-29,149.2947,160.8
1998-12-30,148.4319,156.8
1998-12-31,147.186,133.9
1999-01-01,144.7524,129.1
1999-01-02,142.2146,121.6
1999-01-03,140.3107,115.2
1999-01-04,137.6692,114.2
1999-01-05,133.7645,114.5
1999-01-06,129.3204,111.5
1999-01-07,124.665,114.5
1999-01-08,125.0288,107.7
1999-01-09,124.5947,105.8
1999-01-10,123.8712,104.3
1999-01-11,123.0985,100.9
1999-01-12,123.0402,96.6
1999-01-13,124.1289,106.5
1999-01-14,129.906,121.1
1999-01-15,131.3425,125.9
1999-01-16,138.0523,148.4
1999-01-17,139.8393,159.3
1999-01-18,144.2166,183.6
1999-01-19,146.8419,193.4
1999-01-20,146.8831,199.6
1999-01-21,149.8939,185.5
1999-01-22,151.6164,187.3
1999-01-23,147.6379,185.3
1999-01-24,146.2907,164.2
1999-01-25,137.1946,160.5
1999-01-26,135.2129,153.6
1999-01-27,131.728,144.0
1999-01-28,128.6501,127.0
1999-01-29,128.1959,124.3
1999-01-30,128.5507,117.3
1999-01-31,126.9534,117.1
1999-02-01,128.0748,113.4
1999-02-02,123.5718,113.1
1999-02-03,121.2086,120.7
1999-02-04,118.847,118.0
1999-02-05,115.962,127.6
1999-02-06,112.7084,134.6
1999-02-07,116.4074,141.6
1999-02-08,121.6472,125.4
1999-02-09,122.5107,112.6
1999-02-10,130.3114,108.3
1999-02-11,135.1455,125.0
1999-02-12,145.3732,125.3
1999-02-13,151.164,133.6
1999-02-14,157.1266,135.3
1999-02-15,155.2742,138.5
1999-02-16,155.1493,142.7
1999-02-17,153.9003,148.7
1999-02-18,146.6357,148.4
1999-02-19,144.7667,154.1
1999-02-20,142.4964,152.9
1999-02-21,140.4366,146.7
1999-02-22,135.0486,138.1
1999-02-23,135.6291,131.6
1999-02-24,133.8778,123.1
1999-02-25,134.7381,115.0
1999-02-26,131.9187,112.2
1999-02-27,131.0194,107.6
1999-02-28,132.303,106.4
1999-03-01,127.3004,103.1
1999-03-02,129.5693,104.1
1999-03-03,130.9034,102.7
1999-03-04,133.4982,103.8
1999-03-05,127.394,104.4
1999-03-06,121.3744,101.7
1999-03-07,118.7907,102.9
1999-03-08,126.59,99.4
1999-03-09,127.1643,98.4
1999-03-10,131.8848,116.0
1999-03-11,133.7795,132.7
1999-03-12,135.8953,137.6
1999-03-13,139.0753,141.7
1999-03-14,141.6674,139.5
1999-03-15,141.3139,136.7
1999-03-16,143.1776,136.9
1999-03-17,142.9876,131.3
1999-03-18,141.0483,130.7
1999-03-19,138.5725,130.3
1999-03-20,136.2096,121.0
1999-03-21,132.7357,122.7
1999-03-22,128.8148,123.8
1999-03-23,126.3659,116.6
1999-03-24,123.1668,113.8
1999-03-25,121.9433,110.9
1999-03-26,118.2745,105.8
1999-03-27,117.1313,104.4
1999-03-28,116.1661,101.4
1999-03-29,115.9828,99.3
1999-03-30,116.0433,102.0
1999-03-31,114.6978,103.8
1999-04-01,115.2835,105.8
1999-04-02,114.1214,110.0
1999-04-03,113.899,111.3
1999-04-04,121.3921,123.9
1999-04-05,128.9348,125.3
1999-04-06,131.9341,128.4
1999-04-07,134.9352,137.9
1999-04-08,134.5712,129.2
1999-04-09,133.0736,141.1
1999-04-10,132.7979,143.3
1999-04-11,130.2426,149.5
1999-04-12,129.8907,166.4
1999-04-13,129.4828,175.1
1999-04-14,125.6443,181.7
1999-04-15,126.7189,172.8
1999-04-16,127.3238,162.6
1999-04-17,124.4324,156.3
1999-04-18,123.2957,150.5
1999-04-19,121.7562,147.3
1999-04-20,118.9456,146.8
1999-04-21,117.985,155.6
1999-04-22,116.1703,148.6
1999-04-23,114.894,143.8
1999-04-24,115.2576,145.8
1999-04-25,115.4959,145.9
1999-04-26,116.7739,143.7
1999-04-27,118.4326,143.7
1999-04-28,118.8646,144.2
1999-04-29,123.5158,140.4
1999-04-30,122.5645,146.8
1999-05-01,124.3679,156.6
1999-05-02,128.5743,159.3
1999-05-03,126.138,156.2
1999-05-04,131.6859,152.7
1999-05-05,133.0697,161.1
1999-05-06,135.3472,170.1
1999-05-07,141.0904,181.2
1999-05-08,143.7848,178.1
1999-05-09,145.6955,178.5
1999-05-10,143.7466,175.9
1999-05-11,141.4813,168.8
1999-05-12,139.9045,172.9
1999-05-13,138.8657,162.4
1999-05-14,138.6418,161.3
1999-05-15,139.2333,170.3
1999-05-16,144.4256,166.0
1999-05-17,142.1791,169.8
1999-05-18,140.0634,173.2
1999-05-19,140.2715,173.0
1999-05-20,140.4722,173.5
1999-05-21,139.3915,163.5
1999-05-22,139.7087,157.6
1999-05-23,139.7042,151.3
1999-05-24,138.1549,151.2
1999-05-25,140.149,143.3
1999-05-26,143.313,156.5
1999-05-27,144.0798,150.3
1999-05-28,142.6306,166.9
1999-05-29,141.5268,173.0
1999-05-30,143.8546,191.1
1999-05-31,147.1486,207.5
1999-06-01,152.1121,206.1
1999-06-02,151.2671,214.3
1999-06-03,152.1509,203.2
1999-06-04,152.133,197.7
1999-06-05,150.4075,216.5
1999-06-06,152.5941,202.0
1999-06-07,149.5787,193.4
1999-06-08,149.7167,203.5
1999-06-09,153.6219,191.9
1999-06-10,151.695,180.0
1999-06-11,154.0949,173.5
1999-06-12,154.94,163.7
1999-06-13,155.2015,154.1
1999-06-14,156.31,155.9
1999-06-15,152.6453,161.5
1999-06-16,151.3774,157.8
1999-06-17,149.0293,159.2
1999-06-18,149.4527,148.3
1999-06-19,145.7298,133.9
1999-06-20,150.28,133.8
1999-06-21,145.7582,136.4
1999-06-22,151.3753,141.3
1999-06-23,153.0304,142.8
1999-06-24,159.7112,145.8
1999-06-25,166.5536,144.1
1999-06-26,167.1087,152.1
1999-06-27,170.7763,157.8
1999-06-28,168.5482,181.6
1999-06-29,167.6495,190.1
1999-06-30,174.986,188.0
1999-07-01,171.4762,177.8
1999-07-02,169.1749,179.9
1999-07-03,173.6395,203.9
1999-07-04,170.7563,208.6
1999-07-05,167.6326,212.2
1999-07-06,166.4395,206.7
1999-07-07,163.48,222.9
1999-07-08,159.7681,218.8
1999-07-09,160.9376,216.9
1999-07-10,163.4259,206.0
1999-07-11,161.6982,182.1
1999-07-12,162.4751,175.3
1999-07-13,157.3817,157.6
1999-07-14,150.2391,141.7
1999-07-15,149.9865,141.9
1999-07-16,150.9561,130.8
1999-07-17,152.0256,131.4
1999-07-18,151.266,126.4
1999-07-19,152.0226,129.8
1999-07-20,150.9186,131.5
1999-07-21,154.1823,134.5
1999-07-22,157.2934,134.4
1999-07-23,167.5913,136.4
1999-07-24,171.7589,133.9
1999-07-25,171.9458,138.0
1999-07-26,168.6182,155.2
1999-07-27,170.0582,165.0
1999-07-28,179.7673,176.7
1999-07-29,181.4804,191.7
1999-07-30,183.0378,206.4
1999-07-31,181.8335,212.9
1999-08-01,188.5917,226.9
1999-08-02,188.961,227.7
1999-08-03,189.9767,253.4
1999-08-04,186.9153,222.5
1999-08-05,178.6703,201.9
1999-08-06,176.1644,186.1
1999-08-07,168.268,165.8
1999-08-08,160.548,159.3
1999-08-09,160.5401,141.7
1999-08-10,154.445,133.5
1999-08-11,154.3063,123.8
1999-08-12,150.0906,120.4
1999-08-13,150.1672,114.1
1999-08-14,149.3941,108.4
1999-08-15,149.6465,108.0
1999-08-16,148.5989,123.7
1999-08-17,150.2714,124.1
1999-08-18,149.0277,142.6
1999-08-19,149.9817,156.5
1999-08-20,156.9238,158.2
1999-08-21,160.4936,156.6
1999-08-22,166.2224,159.9
1999-08-23,171.908,159.1
1999-08-24,178.5714,153.0
1999-08-25,182.0805,150.6
1999-08-26,188.5431,146.2
1999-08-27,190.283,147.9
1999-08-28,199.2825,141.5
1999-08-29,189.1255,137.8
1999-08-30,181.7978,132.4
1999-08-31,176.1743,126.1
1999-09-01,169.3431,123.3
1999-09-02,167.6507,124.4
1999-09-03,160.1143,126.5
1999-09-04,156.8694,125.3
1999-09-05,151.9409,125.1
1999-09-06,149.1305,121.9
1999-09-07,144.3069,126.6
1999-09-08,139.3142,134.7
1999-09-09,137.2258,144.4
1999-09-10,143.7698,146.2
1999-09-11,142.7568,133.5
1999-09-12,149.7843,129.2
1999-09-13,154.3781,150.9
1999-09-14,155.1778,152.8
1999-09-15,155.1609,160.0
1999-09-16,157.5679,166.0
1999-09-17,157.9731,182.9
1999-09-18,155.9693,190.1
1999-09-19,155.5715,198.7
1999-09-20,154.4228,197.1
1999-09-21,155.4141,187.8
1999-09-22,152.0983,176.8
1999-09-23,150.0421,171.4
1999-09-24,147.2092,168.2
1999-09-25,143.8624,157.4
1999-09-26,142.3764,157.0
1999-09-27,142.8266,158.8
1999-09-28,143.719,162.8
1999-09-29,142.938,157.1
1999-09-30,142.6859,170.8
1999-10-01,140.8866,187.1
1999-10-02,142.3032,194.8
1999-10-03,144.6581,181.5
1999-10-04,147.6468,177.2
1999-10-05,147.2952,167.0
1999-10-06,141.7238,158.1
1999-10-07,140.2084,148.4
1999-10-08,150.8561,140.6
1999-10-09,152.8652,140.8
1999-10-10,156.116,145.1
1999-10-11,158.9755,157.8
1999-10-12,165.7987,147.4
1999-10-13,168.8997,170.8
1999-10-14,172.4634,188.4
1999-10-15,171.572,225.5
1999-10-16,168.1937,243.6
1999-10-17,163.7677,235.0
1999-10-18,161.0708,227.1
1999-10-19,159.4704,219.1
1999-10-20,155.3829,214.2
1999-10-21,155.5356,201.1
1999-10-22,156.1825,228.2
1999-10-23,158.0544,216.3
1999-10-24,155.993,212.9
1999-10-25,162.3096,205.1
1999-10-26,169.1468,199.5
1999-10-27,172.8884,205.0
1999-10-28,168.8394,187.2
1999-10-29,167.7347,180.9
1999-10-30,163.8678,181.9
1999-10-31,160.5959,179.0
1999-11-01,157.2468,167.7
1999-11-02,153.584,164.5
1999-11-03,153.2372,170.1
1999-11-04,153.6072,159.5
1999-11-05,158.3631,158.3
1999-11-06,153.4642,160.4
1999-11-07,163.0641,160.9
1999-11-08,169.788,147.5
1999-11-09,182.7704,143.3
1999-11-10,189.8675,138.6
1999-11-11,188.9508,138.6
1999-11-12,189.1814,148.8
1999-11-13,187.91,145.6
1999-11-14,187.418,151.5
1999-11-15,182.52,159.5
1999-11-16,193.1903,154.3
1999-11-17,189.2213,154.4
1999-11-18,188.3808,161.0
1999-11-19,186.4184,163.1
1999-11-20,184.8087,173.1
1999-11-21,188.3317,187.9
1999-11-22,182.1786,194.4
1999-11-23,179.7568,198.9
1999-11-24,179.3524,200.3
1999-11-25,178.0048,202.4
1999-11-26,172.4196,210.1
1999-11-27,170.0573,195.1
1999-11-28,171.7316,191.9
1999-11-29,166.114,176.5
1999-11-30,163.3704,172.5
1999-12-01,162.1943,171.2
1999-12-02,161.1308,156.4
1999-12-03,154.2214,145.4
1999-12-04,151.403,139.0
1999-12-05,149.0483,131.2
1999-12-06,149.3635,125.8
1999-12-07,153.462,125.6
1999-12-08,151.7257,128.5
1999-12-09,154.7941,128.7
1999-12-10,158.71,130.3
1999-12-11,156.7518,132.0
1999-12-12,157.3543,140.0
1999-12-13,161.1682,144.8
1999-12-14,162.693,149.6
1999-12-15,167.249,155.3
1999-12-16,173.375,157.8
1999-12-17,177.2869,171.8
1999-12-18,179.9031,189.3
1999-12-19,181.3519,195.4
1999-12-20,182.6281,194.7
1999-12-21,185.2741,203.9
1999-12-22,179.7615,201.0
1999-12-23,178.9587,190.1
1999-12-24,173.6059,188.4
1999-12-25,172.4569,172.9
1999-12-26,172.4516,165.3
1999-12-27,166.2774,154.3
1999-12-28,161.2013,145.8
1999-12-29,157.9865,136.1
1999-12-30,153.793,136.3
1999-12-31,150.3269,133.1
2000-01-01,149.4671,136.4
2000-01-02,150.509,128.4
2000-01-03,150.8216,131.0
2000-01-04,151.6204,123.9
2000-01-05,152.118,128.7
2000-01-06,154.8882,134.5
2000-01-07,156.1513,134.1
2000-01-08,157.0538,140.2
2000-01-09,158.8002,149.7
2000-01-10,158.9978,162.7
2000-01-11,163.9643,163.1
2000-01-12,172.1628,172.8
2000-01-13,175.7322,177.0
2000-01-14,176.6995,169.0
2000-01-15,181.7782,170.8
2000-01-16,180.9508,171.1
2000-01-17,176.7536,165.8
2000-01-18,176.3784,159.1
2000-01-19,170.6173,155.9
2000-01-20,167.6136,154.7
2000-01-21,162.9716,152.2
2000-01-22,159.3216,156.3
2000-01-23,155.6225,153.4
2000-01-24,155.9049,137.8
2000-01-25,154.4218,141.5
2000-01-26,156.03,149.9
2000-01-27,150.977,148.7
2000-01-28,151.3501,168.6
2000-01-29,146.9827,181.2
2000-01-30,148.9275,188.3
2000-01-31,151.0256,206.2
2000-02-01,149.8507,210.6
2000-02-02,150.6665,222.9
2000-02-03,153.2591,214.7
2000-02-04,157.9165,215.1
2000-02-05,157.4892,228.7
2000-02-06,161.7923,209.6
2000-02-07,164.3642,200.4
2000-02-08,161.529,197.0
2000-02-09,162.382,216.8
2000-02-10,163.49,219.1
2000-02-11,161.5555,218.5
2000-02-12,158.5413,211.8
2000-02-13,157.0338,203.0
2000-02-14,156.3366,200.7
2000-02-15,155.154,200.6
2000-02-16,156.8666,200.8
2000-02-17,155.5186,186.0
2000-02-18,148.5682,180.6
2000-02-19,150.4498,175.9
2000-02-20,154.6759,182.5
2000-02-21,153.7255,190.6
2000-02-22,162.3377,193.0
2000-02-23,167.5862,206.5
2000-02-24,170.6564,208.7
2000-02-25,177.7744,228.9
2000-02-26,179.9996,232.2
2000-02-27,184.9227,222.7
2000-02-28,182.4855,217.7
2000-02-29,185.2582,204.1
2000-03-01,191.9782,210.4
2000-03-02,186.0967,204.1
2000-03-03,183.5843,200.3
2000-03-04,182.6276,208.3
2000-03-05,190.4023,205.1
2000-03-06,191.7856,225.1
2000-03-07,192.1838,222.7
2000-03-08,189.7027,219.3
2000-03-09,187.109,215.5
2000-03-10,186.8377,206.9
2000-03-11,187.2934,194.7
2000-03-12,187.7923,178.1
2000-03-13,181.942,175.4
2000-03-14,180.0832,182.5
2000-03-15,178.3436,176.9
2000-03-16,181.1831,178.6
2000-03-17,184.1909,182.4
2000-03-18,184.8509,173.9
2000-03-19,189.4657,165.0
2000-03-20,190.4093,166.3
2000-03-21,198.502,164.9
2000-03-22,201.095,160.2
2000-03-23,199.1462,159.2
2000-03-24,198.2513,161.8
2000-03-25,193.2756,169.2
2000-03-26,196.4827,182.4
2000-03-27,194.4338,189.2
2000-03-28,193.0041,204.1
2000-03-29,196.856,208.4
2000-03-30,195.4806,208.1
2000-03-31,203.0275,205.1
2000-04-01,201.9533,192.4
2000-04-02,200.5564,186.0
2000-04-03,199.4579,186.0
2000-04-04,196.1266,177.5
2000-04-05,190.7944,172.0
2000-04-06,182.575,160.1
2000-04-07,180.5346,155.3
2000-04-08,183.0278,139.6
2000-04-09,179.2805,136.8
2000-04-10,179.4627,132.1
2000-04-11,180.2276,129.1
2000-04-12,176.5473,133.4
2000-04-13,172.4945,139.6
2000-04-14,173.616,152.5
2000-04-15,173.5148,163.0
2000-04-16,171.7539,181.3
2000-04-17,171.5585,191.0
2000-04-18,172.9747,222.0
2000-04-19,176.5935,237.6
2000-04-20,182.7521,244.6
2000-04-21,185.8886,264.5
2000-04-22,192.1473,268.1
2000-04-23,194.2056,258.8
2000-04-24,194.6635,260.4
2000-04-25,193.4949,251.6
2000-04-26,188.3605,238.0
2000-04-27,185.712,220.3
2000-04-28,185.7167,209.5
2000-04-29,182.3206,194.3
2000-04-30,180.0536,177.4
2000-05-01,174.6594,172.4
2000-05-02,172.3438,166.2
2000-05-03,164.369,160.2
2000-05-04,162.7993,153.1
2000-05-05,160.0408,150.5
2000-05-06,157.734,158.7
2000-05-07,159.2656,152.3
2000-05-08,161.5758,155.3
2000-05-09,166.9307,170.7
2000-05-10,171.0351,174.7
2000-05-11,177.9781,176.1
2000-05-12,182.2563,186.9
2000-05-13,194.3218,185.8
2000-05-14,200.6879,179.9
2000-05-15,204.6032,174.1
2000-05-16,212.7744,185.1
2000-05-17,215.9901,192.6
2000-05-18,214.4427,198.7
2000-05-19,214.8848,205.5
2000-05-20,211.742,206.9
2000-05-21,206.8758,208.9
2000-05-22,201.2536,203.8
2000-05-23,199.4191,199.4
2000-05-24,195.3254,193.7
2000-05-25,189.5179,184.2
2000-05-26,188.1601,189.7
2000-05-27,185.2262,194.2
2000-05-28,182.7536,185.6
2000-05-29,178.7343,181.0
2000-05-30,176.9056,173.9
2000-05-31,181.5051,180.9
2000-06-01,176.191,183.4
2000-06-02,175.934,184.6
2000-06-03,180.309,181.2
2000-06-04,179.6278,168.8
2000-06-05,178.4196,165.0
2000-06-06,181.1975,169.2
2000-06-07,179.8566,167.9
2000-06-08,177.0534,161.5
2000-06-09,174.815,163.7
2000-06-10,179.7342,174.4
2000-06-11,183.1144,180.1
2000-06-12,186.726,193.5
2000-06-13,190.0552,217.1
2000-06-14,191.6393,218.4
2000-06-15,193.323,238.9
2000-06-16,191.8181,249.7
2000-06-17,189.8825,258.7
2000-06-18,187.3744,239.6
2000-06-19,183.23,210.6
2000-06-20,185.6787,220.1
2000-06-21,187.5831,226.1
2000-06-22,184.9566,235.8
2000-06-23,184.7524,270.5
2000-06-24,181.7255,258.0
2000-06-25,185.2842,261.1
2000-06-26,186.2963,259.0
2000-06-27,186.3801,259.0
2000-06-28,183.8234,224.3
2000-06-29,177.765,232.0
2000-06-30,174.6439,208.2
2000-07-01,176.0142,180.1
2000-07-02,175.0712,167.4
2000-07-03,172.0871,162.7
2000-07-04,173.1526,157.9
2000-07-05,178.2885,154.5
2000-07-06,180.9988,152.4
2000-07-07,186.98,153.9
2000-07-08,196.6242,155.1
2000-07-09,197.4997,158.8
2000-07-10,205.2815,158.7
2000-07-11,209.3334,163.2
2000-07-12,212.4738,170.8
2000-07-13,205.9292,171.6
2000-07-14,195.3693,175.6
2000-07-15,199.1083,187.2
2000-07-16,201.421,185.9
2000-07-17,205.3836,192.3
2000-07-18,218.4149,194.3
2000-07-19,216.1392,190.9
2000-07-20,218.7916,194.3
2000-07-21,218.5017,198.9
2000-07-22,219.6088,190.3
2000-07-23,207.7962,181.5
2000-07-24,211.2887,173.6
2000-07-25,202.9845,160.8
2000-07-26,190.5918,156.0
2000-07-27,184.5305,154.9
2000-07-28,182.3313,147.5
2000-07-29,179.0996,139.9
2000-07-30,176.9383,133.5
2000-07-31,175.6252,136.0
2000-08-01,176.0456,139.9
2000-08-02,175.7997,153.2
2000-08-03,176.6338,163.2
2000-08-04,175.6044,166.5
2000-08-05,176.5959,167.9
2000-08-06,179.3799,165.9
2000-08-07,179.0978,160.5
2000-08-08,180.3286,156.7
2000-08-09,185.3496,156.7
2000-08-10,184.8384,173.6
2000-08-11,188.626,183.1
2000-08-12,189.7624,181.5
2000-08-13,188.403,175.8
2000-08-14,189.9805,165.7
2000-08-15,191.9725,153.0
2000-08-16,188.5383,142.5
2000-08-17,184.7704,136.7
2000-08-18,181.3634,134.2
2000-08-19,175.6929,134.8
2000-08-20,173.3904,152.5
2000-08-21,172.8972,161.1
2000-08-22,169.165,176.4
2000-08-23,165.0634,183.2
2000-08-24,161.411,205.7
2000-08-25,162.6279,208.8
2000-08-26,164.2027,213.1
2000-08-27,170.1246,226.7
2000-08-28,173.7687,233.8
2000-08-29,174.7449,226.7
2000-08-30,175.0497,225.8
2000-08-31,174.1198,226.8
2000-09-01,171.8943,224.7
2000-09-02,170.4046,205.5
2000-09-03,170.6708,203.0
2000-09-04,178.7021,192.6
2000-09-05,182.5467,194.0
2000-09-06,181.6572,201.9
2000-09-07,179.1596,202.9
2000-09-08,174.6654,192.1
2000-09-09,168.6197,184.1
2000-09-10,163.2482,173.7
2000-09-11,160.0404,157.9
2000-09-12,158.4733,155.3
2000-09-13,158.5239,148.6
2000-09-14,167.2747,140.4
2000-09-15,171.2954,139.1
2000-09-16,177.8487,150.8
2000-09-17,179.4674,161.9
2000-09-18,187.5464,167.2
2000-09-19,188.0158,162.3
2000-09-20,189.1859,160.1
2000-09-21,194.175,159.8
2000-09-22,199.0462,153.0
2000-09-23,198.658,149.9
2000-09-24,200.0626,156.5
2000-09-25,201.4901,159.3
2000-09-26,201.0937,156.5
2000-09-27,194.3289,158.6
2000-09-28,194.4623,164.8
2000-09-29,191.0662,157.5
2000-09-30,192.8655,162.0
2000-10-01,196.21,168.9
2000-10-02,196.9333,173.7
2000-10-03,192.7994,179.7
2000-10-04,189.3127,184.5
2000-10-05,184.254,191.0
2000-10-06,176.0614,190.5
2000-10-07,174.2284,201.2
2000-10-08,169.0906,193.2
2000-10-09,163.6135,195.5
2000-10-10,160.9503,191.4
2000-10-11,164.1976,183.1
2000-10-12,166.3302,174.9
2000-10-13,167.4353,176.6
2000-10-14,163.8282,169.5
2000-10-15,161.2653,163.0
2000-10-16,160.863,150.4
2000-10-17,158.5374,146.6
2000-10-18,157.2653,143.6
2000-10-19,160.5258,140.6
2000-10-20,161.1621,145.4
2000-10-21,161.4104,143.2
2000-10-22,163.8934,150.7
2000-10-23,167.3218,159.6
2000-10-24,164.5283,172.9
2000-10-25,166.6231,170.7
2000-10-26,169.6349,169.6
2000-10-27,171.7579,180.9
2000-10-28,174.2148,190.1
2000-10-29,175.9744,200.1
2000-10-30,178.3415,194.0
2000-10-31,178.1506,194.6
2000-11-01,182.6487,197.0
2000-11-02,179.6168,186.6
2000-11-03,180.3464,190.3
2000-11-04,178.68,183.2
2000-11-05,175.4352,187.0
2000-11-06,172.1322,179.3
2000-11-07,172.913,162.3
2000-11-08,170.038,158.9
2000-11-09,167.326,147.6
2000-11-10,161.6134,142.7
2000-11-11,159.8083,136.9
2000-11-12,158.3873,139.9
2000-11-13,157.0127,134.1
2000-11-14,159.4368,130.7
2000-11-15,158.4373,142.1
2000-11-16,161.9536,139.2
2000-11-17,166.0559,145.2
2000-11-18,171.3397,159.5
2000-11-19,169.6785,176.5
2000-11-20,168.8663,181.9
2000-11-21,174.1713,184.4
2000-11-22,178.6241,190.4
2000-11-23,183.0387,191.6
2000-11-24,180.8149,192.2
2000-11-25,181.0691,194.8
2000-11-26,182.0265,188.2
2000-11-27,178.4871,183.8
2000-11-28,181.2374,184.7
2000-11-29,179.7512,186.7
2000-11-30,181.8308,180.9
2000-12-01,179.08,182.6
2000-12-02,172.2951,181.4
2000-12-03,171.4372,179.3
2000-12-04,166.3139,175.5
2000-12-05,163.502,176.1
2000-12-06,159.8005,163.9
2000-12-07,160.8746,165.3
2000-12-08,156.3005,170.2
2000-12-09,152.1772,164.2
2000-12-10,155.3512,168.8
2000-12-11,152.9617,170.5
2000-12-12,154.8891,173.4
2000-12-13,160.6894,170.9
2000-12-14,167.0191,161.5
2000-12-15,168.467,160.8
2000-12-16,169.914,157.4
2000-12-17,173.3848,160.5
2000-12-18,174.8676,172.5
2000-12-19,175.6876,178.3
2000-12-20,177.514,170.6
2000-12-21,175.0699,163.8
2000-12-22,173.0249,156.6
2000-12-23,173.1774,147.0
2000-12-24,173.7786,146.6
2000-12-25,171.6144,147.7
2000-12-26,173.1872,148.3
2000-12-27,173.8379,146.7
2000-12-28,173.9613,157.1
2000-12-29,173.2754,162.0
2000-12-30,174.1882,167.2
2000-12-31,169.3776,163.4
2001-01-01,169.5788,160.5
2001-01-02,171.2042,161.8
2001-01-03,168.3199,162.6
2001-01-04,170.2312,160.5
2001-01-05,170.6528,154.9
2001-01-06,171.2985,148.8
2001-01-07,169.9823,156.2
2001-01-08,165.7149,161.6
2001-01-09,165.0519,159.0
2001-01-10,163.7204,144.0
2001-01-11,164.6642,160.7
2001-01-12,170.4051,165.3
2001-01-13,173.0778,159.6
2001-01-14,169.5679,152.3
2001-01-15,165.8922,158.1
2001-01-16,162.4216,156.5
2001-01-17,158.1041,147.4
2001-01-18,157.5121,140.9
2001-01-19,156.9603,137.8
2001-01-20,156.3213,134.6
2001-01-21,155.6628,131.8
2001-01-22,160.5846,126.5
2001-01-23,162.8613,126.8
2001-01-24,165.1161,129.0
2001-01-25,163.7368,134.0
2001-01-26,162.9494,142.3
2001-01-27,163.5653,140.5
2001-01-28,164.0476,142.7
2001-01-29,163.5402,142.2
2001-01-30,161.1486,134.6
2001-01-31,158.1271,132.2
2001-02-01,161.5293,132.8
2001-02-02,163.9708,128.1
2001-02-03,162.919,129.4
2001-02-04,156.0761,129.0
2001-02-05,163.772,127.4
2001-02-06,165.8025,137.3
2001-02-07,163.1923,138.7
2001-02-08,159.7364,153.4
2001-02-09,162.276,155.4
2001-02-10,161.3888,174.0
2001-02-11,157.0596,164.8
2001-02-12,153.6114,159.2
2001-02-13,151.7839,158.0
2001-02-14,149.8551,155.8
2001-02-15,148.0705,155.7
2001-02-16,145.0636,145.6
2001-02-17,144.8542,140.7
2001-02-18,145.6739,134.7
2001-02-19,147.8601,138.5
2001-02-20,151.5726,132.9
2001-02-21,150.5952,138.5
2001-02-22,151.4631,145.7
2001-02-23,150.9599,152.1
2001-02-24,147.4647,158.2
2001-02-25,146.3368,181.8
2001-02-26,146.5285,178.9
2001-02-27,143.973,217.5
2001-02-28,144.2304,215.7
2001-03-01,144.2426,262.6
2001-03-02,142.8352,272.4
2001-03-03,146.9798,272.6
2001-03-04,147.932,261.0
2001-03-05,154.7983,256.3
2001-03-06,156.0528,245.3
2001-03-07,163.0707,257.2
2001-03-08,159.2497,236.7
2001-03-09,156.5875,223.1
2001-03-10,155.1696,205.0
2001-03-11,154.5578,207.8
2001-03-12,153.6651,198.0
2001-03-13,149.8979,180.0
2001-03-14,147.945,169.7
2001-03-15,145.5408,165.4
2001-03-16,147.1504,170.4
2001-03-17,144.7112,160.3
2001-03-18,147.096,149.8
2001-03-19,150.304,137.8
2001-03-20,152.2958,139.6
2001-03-21,154.8217,135.1
2001-03-22,164.5184,124.3
2001-03-23,162.8267,127.1
2001-03-24,176.6826,133.0
2001-03-25,177.4589,145.8
2001-03-26,194.068,182.2
2001-03-27,199.3408,193.0
2001-03-28,201.1881,194.6
2001-03-29,198.7744,198.6
2001-03-30,199.152,195.8
2001-03-31,196.3207,196.3
2001-04-01,201.5659,198.7
2001-04-02,196.899,193.3
2001-04-03,194.3502,190.4
2001-04-04,190.2617,194.5
2001-04-05,192.9688,190.7
2001-04-06,189.5141,187.4
2001-04-07,182.2404,179.0
2001-04-08,177.8304,175.1
2001-04-09,175.461,178.6
2001-04-10,177.7243,163.5
2001-04-11,172.8734,157.8
2001-04-12,167.2066,140.9
2001-04-13,151.1472,131.1
2001-04-14,152.244,131.9
2001-04-15,150.0069,133.0
2001-04-16,144.5658,139.4
2001-04-17,145.7638,141.0
2001-04-18,148.4229,141.9
2001-04-19,154.1031,141.2
2001-04-20,168.6412,145.2
2001-04-21,172.7334,140.9
2001-04-22,173.6329,150.8
2001-04-23,175.3202,141.5
2001-04-24,174.6299,144.6
2001-04-25,175.0367,144.9
2001-04-26,176.0792,153.8
2001-04-27,174.3515,155.8
2001-04-28,173.3478,162.8
2001-04-29,175.0838,174.7
2001-04-30,174.0052,166.1
2001-05-01,173.0341,151.3
2001-05-02,170.1829,150.8
2001-05-03,169.5214,146.9
2001-05-04,171.3878,142.3
2001-05-05,167.931,136.0
2001-05-06,167.8641,136.6
2001-05-07,159.9893,136.8
2001-05-08,155.9496,137.8
2001-05-09,155.9921,149.5
2001-05-10,154.3568,158.3
2001-05-11,154.5021,158.0
2001-05-12,155.6429,162.4
2001-05-13,156.158,169.8
2001-05-14,155.8229,185.7
2001-05-15,157.6749,182.4
2001-05-16,155.7456,168.0
2001-05-17,160.3345,167.4
2001-05-18,156.1942,171.6
2001-05-19,157.7218,187.1
2001-05-20,157.9556,200.9
2001-05-21,162.0681,203.2
2001-05-22,163.116,214.3
2001-05-23,166.2395,211.2
2001-05-24,171.2809,205.7
2001-05-25,167.927,201.7
2001-05-26,161.6071,205.0
2001-05-27,161.2331,206.9
2001-05-28,159.2856,206.8
2001-05-29,156.9826,213.0
2001-05-30,153.6792,201.3
2001-05-31,153.761,188.4
2001-06-01,153.8489,173.5
2001-06-02,154.4337,152.8
2001-06-03,159.9877,144.9
2001-06-04,164.0066,144.6
2001-06-05,164.0158,141.2
2001-06-06,166.0012,140.0
2001-06-07,169.2305,138.8
2001-06-08,175.7006,136.3
2001-06-09,174.5824,131.3
2001-06-10,168.596,123.6
2001-06-11,168.2644,120.3
2001-06-12,169.9463,121.8
2001-06-13,175.8449,130.5
2001-06-14,180.8859,134.4
2001-06-15,181.2505,134.3
2001-06-16,184.5147,136.3
2001-06-17,182.852,138.3
2001-06-18,180.4644,137.7
2001-06-19,180.356,145.4
2001-06-20,183.7214,146.8
2001-06-21,182.9314,154.7
2001-06-22,183.2267,150.4
2001-06-23,184.3683,147.7
2001-06-24,177.836,146.9
2001-06-25,173.0543,147.2
2001-06-26,169.2044,143.5
2001-06-27,159.0026,144.9
2001-06-28,154.9363,147.8
2001-06-29,154.7947,136.7
2001-06-30,153.4234,137.5
2001-07-01,152.802,127.2
2001-07-02,152.1861,125.1
2001-07-03,151.0216,119.0
2001-07-04,148.6066,120.5
2001-07-05,144.7474,118.0
2001-07-06,143.0392,120.3
2001-07-07,143.7794,123.8
2001-07-08,148.0814,124.3
2001-07-09,149.8683,135.5
2001-07-10,149.5274,152.7
2001-07-11,150.1072,160.5
2001-07-12,150.6706,168.3
2001-07-13,150.0149,171.0
2001-07-14,153.1028,171.5
2001-07-15,153.3802,167.8
2001-07-16,156.384,164.7
2001-07-17,154.3216,169.5
2001-07-18,152.9028,164.0
2001-07-19,151.9533,155.5
2001-07-20,153.5194,151.1
2001-07-21,155.3104,150.5
2001-07-22,157.5492,146.2
2001-07-23,158.3581,148.4
2001-07-24,153.7198,159.9
2001-07-25,153.4639,161.3
2001-07-26,146.1765,159.8
2001-07-27,141.8752,163.9
2001-07-28,137.3558,165.2
2001-07-29,138.4087,173.4
2001-07-30,137.1304,178.7
2001-07-31,138.153,191.6
2001-08-01,139.7408,193.8
2001-08-02,139.8716,195.9
2001-08-03,144.964,203.1
2001-08-04,152.2333,200.9
2001-08-05,155.4233,203.0
2001-08-06,158.4817,192.2
2001-08-07,159.6557,187.4
2001-08-08,159.9166,185.7
2001-08-09,158.4577,202.1
2001-08-10,157.3597,222.1
2001-08-11,159.8205,221.8
2001-08-12,158.4988,225.6
2001-08-13,156.8654,229.5
2001-08-14,154.7999,253.1
2001-08-15,155.0458,239.5
2001-08-16,153.8442,247.8
2001-08-17,152.3085,252.9
2001-08-18,155.4231,238.1
2001-08-19,156.3093,242.6
2001-08-20,156.0244,239.3
2001-08-21,157.9796,221.7
2001-08-22,158.6811,209.3
2001-08-23,161.9048,201.1
2001-08-24,163.9654,205.7
2001-08-25,168.684,200.6
2001-08-26,169.6652,228.7
2001-08-27,170.5667,240.5
2001-08-28,173.0475,257.0
2001-08-29,172.4277,260.2
2001-08-30,173.1629,281.0
2001-08-31,169.5899,276.6
2001-09-01,169.7953,284.0
2001-09-02,171.0974,270.6
2001-09-03,175.995,285.5
2001-09-04,181.8583,240.2
2001-09-05,180.2511,236.3
2001-09-06,180.6586,216.9
2001-09-07,181.9408,201.1
2001-09-08,189.0645,191.8
2001-09-09,185.8662,186.5
2001-09-10,193.3732,176.8
2001-09-11,196.3749,180.2
2001-09-12,191.862,172.4
2001-09-13,193.0648,170.8
2001-09-14,191.0153,175.9
2001-09-15,184.6563,178.1
2001-09-16,179.9697,174.1
2001-09-17,176.7629,178.5
2001-09-18,178.6954,178.6
2001-09-19,177.8609,190.8
2001-09-20,187.7065,191.7
2001-09-21,192.0976,205.8
2001-09-22,197.8744,215.8
2001-09-23,199.8853,226.9
2001-09-24,206.9306,245.6
2001-09-25,207.1386,242.5
2001-09-26,210.5628,222.0
2001-09-27,208.1073,230.4
2001-09-28,213.3448,224.1
2001-09-29,200.8253,236.0
2001-09-30,200.1622,236.1
2001-10-01,194.7378,233.6
2001-10-02,190.3289,243.4
2001-10-03,186.6893,224.2
2001-10-04,184.1838,212.8
2001-10-05,180.42,222.7
2001-10-06,182.337,217.8
2001-10-07,179.3493,232.0
2001-10-08,178.8262,210.1
2001-10-09,181.1878,212.5
2001-10-10,182.3393,223.5
2001-10-11,180.8436,230.6
2001-10-12,182.9035,233.2
2001-10-13,183.2227,226.0
2001-10-14,188.5589,243.1
2001-10-15,189.3593,265.6
2001-10-16,195.3694,241.0
2001-10-17,199.7592,229.3
2001-10-18,204.4981,222.6
2001-10-19,211.8127,226.8
2001-10-20,211.7287,212.6
2001-10-21,205.3014,202.4
2001-10-22,208.5064,197.6
2001-10-23,207.8508,194.0
2001-10-24,215.6603,183.8
2001-10-25,216.425,186.8
2001-10-26,216.2354,180.6
2001-10-27,219.1826,179.7
2001-10-28,212.5636,185.3
2001-10-29,209.4522,172.9
2001-10-30,213.9603,168.6
2001-10-31,211.7993,165.6
2001-11-01,215.5368,170.3
2001-11-02,206.3404,185.3
2001-11-03,207.4276,193.1
2001-11-04,212.1275,210.5
2001-11-05,215.5003,219.6
2001-11-06,217.2877,215.1
2001-11-07,215.2477,238.1
2001-11-08,222.1769,228.3
2001-11-09,230.7088,226.6
2001-11-10,222.7262,230.1
2001-11-11,218.7976,239.5
2001-11-12,216.5707,219.3
2001-11-13,218.5365,213.9
2001-11-14,213.1212,217.5
2001-11-15,208.9354,212.3
2001-11-16,206.8947,213.9
2001-11-17,205.1379,215.7
2001-11-18,200.5322,213.4
2001-11-19,201.809,209.9
2001-11-20,198.5894,211.0
2001-11-21,198.4048,202.5
2001-11-22,201.0352,199.0
2001-11-23,195.0429,205.0
2001-11-24,192.6343,201.6
2001-11-25,190.8232,214.0
2001-11-26,192.8129,226.7
2001-11-27,199.5643,234.9
2001-11-28,202.639,246.3
2001-11-29,209.7333,265.5
2001-11-30,213.1448,250.3
2001-12-01,211.1207,259.0
2001-12-02,219.8209,265.6
2001-12-03,216.1029,254.6
2001-12-04,215.3735,255.7
2001-12-05,216.7458,238.5
2001-12-06,220.3936,237.5
2001-12-07,212.8028,224.5
2001-12-08,210.7354,223.5
2001-12-09,212.2275,213.0
2001-12-10,209.8814,211.0
2001-12-11,210.4806,205.2
2001-12-12,210.567,190.1
2001-12-13,209.4701,182.4
2001-12-14,207.7676,192.6
2001-12-15,207.5466,216.2
2001-12-16,203.4229,217.3
2001-12-17,201.4922,221.4
2001-12-18,203.5432,225.7
2001-12-19,202.0034,232.9
2001-12-20,207.1093,221.6
2001-12-21,212.0519,211.2
2001-12-22,215.2814,209.1
2001-12-23,219.6971,205.0
2001-12-24,226.7364,203.8
2001-12-25,222.2226,206.9
2001-12-26,225.7702,215.2
2001-12-27,228.6786,217.5
2001-12-28,225.6268,221.5
2001-12-29,226.6044,219.4
2001-12-30,220.9748,223.6
2001-12-31,221.0659,227.6
2002-01-01,216.4942,248.7
2002-01-02,216.408,240.5
2002-01-03,212.3458,252.0
2002-01-04,211.5087,253.2
2002-01-05,209.0138,248.8
2002-01-06,202.2567,235.5
2002-01-07,198.4539,238.5
2002-01-08,202.4877,233.7
2002-01-09,212.2387,226.3
2002-01-10,212.8583,228.1
2002-01-11,214.5206,214.5
2002-01-12,216.2876,196.9
2002-01-13,219.0805,186.6
2002-01-14,214.7162,186.4
2002-01-15,210.4479,194.1
2002-01-16,209.2556,210.9
2002-01-17,207.532,196.6
2002-01-18,207.0172,203.1
2002-01-19,208.1934,198.5
2002-01-20,211.5163,191.3
2002-01-21,212.3228,190.3
2002-01-22,213.9568,188.9
2002-01-23,213.1909,192.0
2002-01-24,214.8143,188.4
2002-01-25,216.3143,185.1
2002-01-26,224.0986,189.1
2002-01-27,221.2849,196.7
2002-01-28,225.4088,187.9
2002-01-29,225.6552,184.2
2002-01-30,223.9261,188.9
2002-01-31,219.3993,206.4
2002-02-01,220.4991,203.5
2002-02-02,218.7204,194.9
2002-02-03,215.8199,200.4
2002-02-04,216.6917,184.3
2002-02-05,211.5175,187.6
2002-02-06,204.3284,179.6
2002-02-07,199.6398,172.0
2002-02-08,199.5335,169.4
2002-02-09,203.333,175.0
2002-02-10,210.9078,177.0
2002-02-11,205.0266,174.2
2002-02-12,208.0023,181.2
2002-02-13,206.0564,176.9
2002-02-14,202.8546,180.0
2002-02-15,202.8744,176.2
2002-02-16,202.3476,182.1
2002-02-17,203.7253,178.6
2002-02-18,201.9511,174.9
2002-02-19,200.202,182.7
2002-02-20,201.7706,182.7
2002-02-21,204.9322,176.5
2002-02-22,200.8376,173.3
2002-02-23,198.9316,186.3
2002-02-24,200.7668,172.8
2002-02-25,208.0051,170.4
2002-02-26,206.643,169.4
2002-02-27,202.3505,174.3
2002-02-28,204.7019,169.1
2002-03-01,197.365,164.9
2002-03-02,198.7363,168.4
2002-03-03,195.2785,175.6
2002-03-04,191.713,180.8
2002-03-05,190.2362,188.2
2002-03-06,192.6658,204.0
2002-03-07,193.4361,206.7
2002-03-08,191.9874,205.9
2002-03-09,195.0487,209.4
2002-03-10,192.9403,216.3
2002-03-11,194.1417,217.6
2002-03-12,192.0994,206.7
2002-03-13,194.4365,208.4
2002-03-14,192.4434,206.8
2002-03-15,190.1961,205.8
2002-03-16,193.2433,195.1
2002-03-17,192.1544,198.3
2002-03-18,190.5642,213.0
2002-03-19,190.0192,227.3
2002-03-20,192.9179,211.6
2002-03-21,186.0133,204.7
2002-03-22,184.3676,197.2
2002-03-23,183.6463,195.0
2002-03-24,185.8475,189.8
2002-03-25,183.1314,181.4
2002-03-26,180.9879,179.0
2002-03-27,182.557,175.1
2002-03-28,185.7093,171.7
2002-03-29,187.9683,177.2
2002-03-30,191.0511,178.9
2002-03-31,197.2749,169.3
2002-04-01,198.236,164.7
2002-04-02,197.8213,159.0
2002-04-03,199.0335,149.2
2002-04-04,201.4753,155.2
2002-04-05,201.9208,155.6
2002-04-06,197.8319,164.9
2002-04-07,198.4539,171.7
2002-04-08,197.7813,182.0
2002-04-09,197.0652,192.7
2002-04-10,192.9483,183.2
2002-04-11,194.6124,194.3
2002-04-12,200.7839,190.3
2002-04-13,207.4357,190.2
2002-04-14,200.9027,193.7
2002-04-15,199.7859,194.8
2002-04-16,196.8535,191.8
2002-04-17,199.4586,187.1
2002-04-18,198.1603,175.6
2002-04-19,193.5751,164.2
2002-04-20,189.7627,162.7
2002-04-21,183.6956,162.0
2002-04-22,179.9088,160.7
2002-04-23,182.3054,166.8
2002-04-24,182.7693,175.0
2002-04-25,178.3162,175.4
2002-04-26,175.8908,190.4
2002-04-27,172.9798,185.6
2002-04-28,168.1095,184.8
2002-04-29,170.7454,193.9
2002-04-30,170.7404,187.4
2002-05-01,174.7378,188.0
2002-05-02,177.4109,191.6
2002-05-03,181.5603,191.4
2002-05-04,185.6878,189.8
2002-05-05,181.8655,185.1
2002-05-06,186.2113,187.0
2002-05-07,184.6773,183.9
2002-05-08,184.6471,180.0
2002-05-09,185.9746,175.4
2002-05-10,185.9418,174.7
2002-05-11,185.8747,163.7
2002-05-12,185.8879,159.1
2002-05-13,183.5171,163.1
2002-05-14,179.8401,159.9
2002-05-15,179.0162,161.9
2002-05-16,175.1217,156.2
2002-05-17,171.0356,152.4
2002-05-18,173.8236,146.2
2002-05-19,177.3047,137.6
2002-05-20,177.3119,135.6
2002-05-21,183.2849,139.7
2002-05-22,181.418,141.0
2002-05-23,181.1506,147.5
2002-05-24,184.7498,147.5
2002-05-25,182.3397,150.5
2002-05-26,182.603,149.8
2002-05-27,184.1297,144.2
2002-05-28,184.2077,146.6
2002-05-29,183.7142,147.5
2002-05-30,181.9159,155.3
2002-05-31,182.6807,149.5
2002-06-01,181.438,148.6
2002-06-02,179.7312,143.2
2002-06-03,178.0232,141.9
2002-06-04,177.7426,147.5
2002-06-05,172.8774,151.4
2002-06-06,170.4829,152.3
2002-06-07,172.4298,153.5
2002-06-08,171.0142,152.4
2002-06-09,171.7659,151.3
2002-06-10,169.1292,143.5
2002-06-11,167.2818,138.0
2002-06-12,164.2223,141.5
2002-06-13,159.8088,135.3
2002-06-14,158.6188,140.9
2002-06-15,160.5194,133.1
2002-06-16,160.9954,135.9
2002-06-17,163.9376,137.7
2002-06-18,163.7342,139.4
2002-06-19,164.8938,148.6
2002-06-20,164.236,164.8
2002-06-21,161.2406,177.2
2002-06-22,162.0041,185.9
2002-06-23,162.0388,186.6
2002-06-24,165.1664,188.3
2002-06-25,162.1463,190.7
2002-06-26,161.3736,188.7
2002-06-27,158.4875,195.8
2002-06-28,157.4747,204.6
2002-06-29,159.68,215.0
2002-06-30,161.1465,224.5
2002-07-01,161.2427,240.4
2002-07-02,161.3598,238.0
2002-07-03,160.0396,246.2
2002-07-04,159.0425,241.1
2002-07-05,155.3384,234.1
2002-07-06,153.0802,214.8
2002-07-07,155.1882,198.3
2002-07-08,151.6298,185.7
2002-07-09,152.7094,172.7
2002-07-10,149.1674,155.3
2002-07-11,150.3882,146.0
2002-07-12,151.0156,148.8
2002-07-13,151.553,140.1
2002-07-14,155.4048,138.3
2002-07-15,162.014,144.0
2002-07-16,166.8243,152.4
2002-07-17,170.1752,176.9
2002-07-18,170.7032,188.8
2002-07-19,171.5527,196.8
2002-07-20,172.5914,213.5
2002-07-21,171.917,215.7
2002-07-22,174.538,219.1
2002-07-23,177.8477,232.3
2002-07-24,181.2525,246.9
2002-07-25,184.4213,242.6
2002-07-26,189.7384,232.8
2002-07-27,189.2602,225.0
2002-07-28,191.9999,225.1
2002-07-29,190.8589,229.5
2002-07-30,189.1037,199.8
2002-07-31,183.2691,182.4
2002-08-01,177.8284,172.2
2002-08-02,173.4241,164.7
2002-08-03,168.6032,166.4
2002-08-04,161.6088,172.6
2002-08-05,157.5434,176.9
2002-08-06,158.8754,183.7
2002-08-07,154.8132,183.8
2002-08-08,153.7521,176.9
2002-08-09,156.1781,174.4
2002-08-10,159.6338,174.2
2002-08-11,169.4489,178.1
2002-08-12,173.8619,180.9
2002-08-13,176.7018,185.6
2002-08-14,182.4915,194.4
2002-08-15,183.4207,209.0
2002-08-16,184.7263,223.5
2002-08-17,189.1523,219.0
2002-08-18,193.9452,215.1
2002-08-19,193.1784,208.6
2002-08-20,190.6126,209.2
2002-08-21,188.4224,189.9
2002-08-22,188.3952,184.5
2002-08-23,190.1846,195.9
2002-08-24,180.8124,178.4
2002-08-25,174.6393,166.7
2002-08-26,172.0987,165.8
2002-08-27,168.6896,159.8
2002-08-28,171.2468,161.1
2002-08-29,170.8198,154.8
2002-08-30,172.9841,158.9
2002-08-31,175.9721,154.2
2002-09-01,176.3096,150.6
2002-09-02,173.9199,152.2
2002-09-03,173.1982,149.1
2002-09-04,173.3548,138.6
2002-09-05,175.1593,140.1
2002-09-06,176.4875,140.1
2002-09-07,178.5675,136.0
2002-09-08,182.1806,146.1
2002-09-09,187.8381,157.6
2002-09-10,193.3513,155.1
2002-09-11,192.4134,161.6
2002-09-12,191.4676,163.5
2002-09-13,189.6438,165.1
2002-09-14,190.3896,166.8
2002-09-15,183.1574,171.4
2002-09-16,181.21,178.7
2002-09-17,185.9602,179.7
2002-09-18,179.3163,178.3
2002-09-19,174.6359,180.2
2002-09-20,174.6381,175.7
2002-09-21,172.2815,181.4
2002-09-22,172.4287,177.7
2002-09-23,169.9915,171.3
2002-09-24,171.4092,178.1
2002-09-25,169.3343,178.7
2002-09-26,167.9813,180.8
2002-09-27,168.9698,167.7
2002-09-28,167.2914,161.9
2002-09-29,162.4506,158.5
2002-09-30,163.323,170.9
2002-10-01,163.3406,156.1
2002-10-02,161.2302,155.2
2002-10-03,166.2778,156.3
2002-10-04,171.6496,159.4
2002-10-05,170.3658,165.3
2002-10-06,173.1618,167.7
2002-10-07,173.8569,159.7
2002-10-08,174.4098,162.1
2002-10-09,174.9934,166.5
2002-10-10,176.8445,174.4
2002-10-11,179.7537,180.0
2002-10-12,179.9889,181.2
2002-10-13,179.1197,186.4
2002-10-14,179.3664,185.5
2002-10-15,176.8419,187.0
2002-10-16,178.7276,187.7
2002-10-17,177.2,181.0
2002-10-18,173.7473,174.6
2002-10-19,176.2808,178.6
2002-10-20,176.4766,180.2
2002-10-21,177.2467,193.2
2002-10-22,171.8768,194.8
2002-10-23,169.35,180.5
2002-10-24,167.8286,174.8
2002-10-25,173.3374,164.3
2002-10-26,167.0768,155.3
2002-10-27,166.7717,147.2
2002-10-28,167.3764,145.5
2002-10-29,168.8422,143.8
2002-10-30,171.4698,143.5
2002-10-31,172.4219,133.2
2002-11-01,168.8101,138.5
2002-11-02,169.6246,138.8
2002-11-03,171.1837,136.0
2002-11-04,174.1495,137.5
2002-11-05,176.0994,142.1
2002-11-06,176.2087,145.5
2002-11-07,177.7554,142.0
2002-11-08,176.9268,141.8
2002-11-09,176.9876,144.5
2002-11-10,176.91,144.4
2002-11-11,174.161,143.9
2002-11-12,171.3072,146.6
2002-11-13,172.4853,149.8
2002-11-14,173.0646,151.6
2002-11-15,178.0256,156.5
2002-11-16,178.7727,147.7
2002-11-17,173.5834,148.4
2002-11-18,171.4851,161.8
2002-11-19,170.2132,180.1
2002-11-20,166.3268,196.6
2002-11-21,161.9297,196.5
2002-11-22,159.518,205.8
2002-11-23,157.5918,190.6
2002-11-24,156.9979,186.7
2002-11-25,151.8935,190.3
2002-11-26,154.5412,177.9
2002-11-27,154.4972,166.4
2002-11-28,152.8181,153.7
2002-11-29,153.0925,142.5
2002-11-30,154.7108,127.6
2002-12-01,155.7701,123.2
2002-12-02,153.7409,112.7
2002-12-03,153.2272,113.1
2002-12-04,154.0133,111.0
2002-12-05,153.6715,110.1
2002-12-06,153.1936,111.3
2002-12-07,154.05,111.2
2002-12-08,155.2265,114.4
2002-12-09,155.884,127.0
2002-12-10,157.8415,138.2
2002-12-11,154.0865,143.2
2002-12-12,154.297,156.8
2002-12-13,159.8424,157.8
2002-12-14,166.9042,168.0
2002-12-15,172.9728,176.9
2002-12-16,173.2916,178.7
2002-12-17,176.744,182.6
2002-12-18,171.8744,167.7
2002-12-19,170.7952,166.2
2002-12-20,172.6697,158.6
2002-12-21,171.6142,145.0
2002-12-22,168.5885,139.9
2002-12-23,163.5448,137.1
2002-12-24,158.1595,133.0
2002-12-25,149.045,126.1
2002-12-26,145.0496,133.7
2002-12-27,138.2816,129.4
2002-12-28,138.2944,125.4
2002-12-29,137.2129,131.6
2002-12-30,136.3952,125.8
2002-12-31,136.6824,124.9
2003-01-01,136.2525,121.2
2003-01-02,137.5992,117.7
2003-01-03,143.6028,121.8
2003-01-04,148.5382,120.7
2003-01-05,150.4787,117.6
2003-01-06,155.971,116.9
2003-01-07,156.275,122.1
2003-01-08,160.1343,123.0
2003-01-09,163.3888,128.7
2003-01-10,164.0156,131.0
2003-01-11,165.5068,136.2
2003-01-12,159.7742,145.4
2003-01-13,161.2382,143.3
2003-01-14,160.5961,135.4
2003-01-15,155.6233,137.6
2003-01-16,153.1048,132.6
2003-01-17,151.7418,131.4
2003-01-18,148.0819,128.2
2003-01-19,145.8595,127.3
2003-01-20,146.8142,128.1
2003-01-21,142.5427,120.6
2003-01-22,140.7084,115.7
2003-01-23,143.5232,109.4
2003-01-24,140.5577,107.4
2003-01-25,139.8057,113.6
2003-01-26,137.6532,115.7
2003-01-27,135.4933,117.0
2003-01-28,137.0732,104.3
2003-01-29,136.2207,101.8
2003-01-30,134.3132,99.9
2003-01-31,133.5941,99.5
2003-02-01,135.7462,107.2
2003-02-02,135.8175,115.4
2003-02-03,138.0657,122.6
2003-02-04,138.6697,135.6
2003-02-05,140.4938,131.4
2003-02-06,143.9944,146.5
2003-02-07,142.941,143.6
2003-02-08,139.5199,146.2
2003-02-09,140.3118,147.9
2003-02-10,138.1246,147.6
2003-02-11,137.4995,146.2
2003-02-12,135.5986,150.6
2003-02-13,135.8364,141.7
2003-02-14,139.0667,139.7
2003-02-15,134.2281,136.2
2003-02-16,131.8572,132.5
2003-02-17,127.3189,137.3
2003-02-18,125.6667,129.3
2003-02-19,128.0413,127.2
2003-02-20,130.5791,123.1
2003-02-21,132.4132,117.3
2003-02-22,125.3365,107.2
2003-02-23,124.8474,96.6
2003-02-24,124.104,90.3
2003-02-25,121.8046,88.3
2003-02-26,124.0063,92.4
2003-02-27,127.3851,97.3
2003-02-28,130.4953,108.2
2003-03-01,135.7882,126.6
2003-03-02,133.9726,140.5
2003-03-03,139.8786,146.4
2003-03-04,138.6524,154.6
2003-03-05,139.3867,154.2
2003-03-06,139.6588,159.8
2003-03-07,139.1881,152.8
2003-03-08,138.2327,157.3
2003-03-09,139.3348,155.7
2003-03-10,135.6901,152.7
2003-03-11,137.0224,137.5
2003-03-12,138.06,126.1
2003-03-13,136.9252,115.9
2003-03-14,138.8274,112.6
2003-03-15,136.1529,109.7
2003-03-16,135.4962,104.1
2003-03-17,133.7074,103.0
2003-03-18,131.2667,102.6
2003-03-19,126.55,103.0
2003-03-20,120.7117,102.6
2003-03-21,116.9847,101.1
2003-03-22,110.5627,99.2
2003-03-23,112.542,101.8
2003-03-24,114.9881,108.7
2003-03-25,120.1527,113.1
2003-03-26,128.0361,119.7
2003-03-27,133.4049,127.0
2003-03-28,135.483,133.8
2003-03-29,138.32,134.3
2003-03-30,138.0844,129.8
2003-03-31,139.8382,145.3
2003-04-01,137.2727,145.5
2003-04-02,138.6031,156.1
2003-04-03,137.9235,154.3
2003-04-04,136.5098,157.4
2003-04-05,133.612,155.8
2003-04-06,129.7825,151.0
2003-04-07,127.0683,159.0
2003-04-08,126.1773,150.1
2003-04-09,124.8189,144.4
2003-04-10,121.2694,131.1
2003-04-11,119.1025,124.1
2003-04-12,117.7828,112.2
2003-04-13,117.1308,102.8
2003-04-14,115.0762,98.9
2003-04-15,114.0296,94.5
2003-04-16,113.1168,93.4
2003-04-17,114.2916,95.8
2003-04-18,117.4151,98.1
2003-04-19,119.2814,98.3
2003-04-20,122.0476,101.4
2003-04-21,125.0263,104.9
2003-04-22,127.7402,104.7
2003-04-23,127.9774,111.5
2003-04-24,126.361,117.4
2003-04-25,132.1839,120.0
2003-04-26,132.3894,122.2
2003-04-27,136.136,121.3
2003-04-28,135.6027,120.9
2003-04-29,136.9807,119.8
2003-04-30,139.7263,124.3
2003-05-01,139.1802,128.4
2003-05-02,143.0821,132.3
2003-05-03,140.4969,133.7
2003-05-04,139.1585,127.8
2003-05-05,134.2226,120.4
2003-05-06,131.4748,116.3
2003-05-07,126.3279,115.5
2003-05-08,121.8574,124.8
2003-05-09,119.2534,117.8
2003-05-10,115.5883,108.7
2003-05-11,110.6389,117.0
2003-05-12,112.0739,129.4
2003-05-13,113.1352,137.2
2003-05-14,113.2063,158.0
2003-05-15,114.6982,163.1
2003-05-16,116.3745,182.0
2003-05-17,116.3185,198.9
2003-05-18,119.4116,168.6
2003-05-19,121.9588,155.8
2003-05-20,123.0246,137.7
2003-05-21,123.8335,132.8
2003-05-22,123.3945,126.5
2003-05-23,123.0573,125.8
2003-05-24,122.4431,124.3
2003-05-25,124.1096,122.55
2003-05-26,125.5785,120.8
2003-05-27,126.9528,118.8
2003-05-28,127.3679,113.9
2003-05-29,124.7903,117.2
2003-05-30,121.6627,118.3
2003-05-31,123.1608,120.2
2003-06-01,120.8501,122.9
2003-06-02,122.905,128.1
2003-06-03,120.1117,128.1
2003-06-04,116.3303,131.6
2003-06-05,119.7656,132.5
2003-06-06,124.6879,135.6
2003-06-07,127.7038,139.3
2003-06-08,135.1907,136.7
2003-06-09,137.3362,144.8
2003-06-10,143.68,146.7
2003-06-11,152.0072,135.3
2003-06-12,145.9954,137.8
2003-06-13,142.6223,135.7
2003-06-14,136.6468,130.2
2003-06-15,133.8263,126.9
2003-06-16,130.0856,126.1
2003-06-17,127.4901,125.5
2003-06-18,125.5332,130.7
2003-06-19,124.9093,131.4
2003-06-20,123.983,129.9
2003-06-21,122.8729,137.5
2003-06-22,120.5212,143.2
2003-06-23,121.6635,144.3
2003-06-24,121.9216,150.8
2003-06-25,122.5891,162.4
2003-06-26,123.6556,160.7
2003-06-27,125.7912,157.4
2003-06-28,125.904,148.7
2003-06-29,127.4186,129.2
2003-06-30,127.968,115.1
2003-07-01,129.3732,105.9
2003-07-02,131.0074,104.9
2003-07-03,130.296,106.6
2003-07-04,133.5937,103.0
2003-07-05,134.6694,101.7
2003-07-06,130.6092,105.2
2003-07-07,131.8189,110.6
2003-07-08,131.1352,114.7
2003-07-09,128.9452,123.6
2003-07-10,127.6345,126.0
2003-07-11,127.4828,134.4
2003-07-12,127.3377,132.4
2003-07-13,129.3949,140.9
2003-07-14,129.7035,136.6
2003-07-15,129.013,133.6
2003-07-16,131.8863,134.7
2003-07-17,133.8928,132.7
2003-07-18,134.2236,126.6
2003-07-19,136.4701,134.3
2003-07-20,140.4249,133.1
2003-07-21,139.9191,134.7
2003-07-22,138.5221,130.1
2003-07-23,135.4848,122.3
2003-07-24,129.0309,118.7
2003-07-25,122.3367,119.5
2003-07-26,117.8584,114.5
2003-07-27,117.6905,122.0
2003-07-28,118.5417,123.7
2003-07-29,116.8746,122.9
2003-07-30,116.2933,120.95
2003-07-31,118.0329,119.0
2003-08-01,120.6123,123.4
2003-08-02,122.5427,128.3
2003-08-03,126.4929,121.1
2003-08-04,127.6448,118.7
2003-08-05,131.1748,116.2
2003-08-06,130.5837,111.8
2003-08-07,134.0312,110.1
2003-08-08,132.2098,107.6
2003-08-09,131.265,112.4
2003-08-10,131.9842,114.1
2003-08-11,131.2779,109.8
2003-08-12,128.8666,106.6
2003-08-13,131.7979,109.4
2003-08-14,131.551,100.3
2003-08-15,131.9416,97.3
2003-08-16,131.2059,100.6
2003-08-17,127.3284,98.0
2003-08-18,125.227,95.6
2003-08-19,125.6814,97.3
2003-08-20,123.424,95.8
2003-08-21,127.0665,98.4
2003-08-22,127.7818,100.4
2003-08-23,127.4787,107.0
2003-08-24,126.7333,110.2
2003-08-25,125.9105,112.1
2003-08-26,127.7428,116.5
2003-08-27,129.6848,120.9
2003-08-28,126.4608,123.5
2003-08-29,125.1217,125.7
2003-08-30,123.6278,134.3
2003-08-31,121.1173,133.4
2003-09-01,119.9802,131.8
2003-09-02,118.5052,130.3
2003-09-03,120.4583,137.6
2003-09-04,121.058,135.6
2003-09-05,119.052,133.3
2003-09-06,117.5506,137.1
2003-09-07,118.6877,125.0
2003-09-08,114.3312,120.3
2003-09-09,112.7808,119.0
2003-09-10,114.2725,109.6
2003-09-11,112.8931,112.0
2003-09-12,111.5524,111.8
2003-09-13,112.2136,113.1
2003-09-14,111.3995,110.5
2003-09-15,112.5494,111.4
2003-09-16,113.3428,105.4
2003-09-17,116.2474,97.4
2003-09-18,117.5082,94.0
2003-09-19,118.1856,91.9
2003-09-20,119.9391,95.3
2003-09-21,121.6066,94.6
2003-09-22,122.5413,98.1
2003-09-23,123.2698,107.8
2003-09-24,126.4086,119.4
2003-09-25,126.0589,133.9
2003-09-26,125.258,150.2
2003-09-27,125.1145,152.0
2003-09-28,131.5026,181.3
2003-09-29,130.2014,188.5
2003-09-30,129.3205,219.0
2003-10-01,130.8948,240.6
2003-10-02,124.3589,254.0
2003-10-03,122.8202,268.4
2003-10-04,122.814,275.4
2003-10-05,119.2592,267.6
2003-10-06,118.0761,245.2
2003-10-07,116.6536,233.2
2003-10-08,116.8381,187.4
2003-10-09,115.3606,164.2
2003-10-10,115.5234,165.6
2003-10-11,112.799,112.1
2003-10-12,108.9081,96.1
2003-10-13,107.0835,89.4
2003-10-14,105.9277,91.0
2003-10-15,107.4898,91.2
2003-10-16,107.096,92.8
2003-10-17,108.6716,93.7
2003-10-18,112.9884,95.8
2003-10-19,117.8367,100.0
2003-10-20,123.447,96.8
2003-10-21,129.2784,95.6
2003-10-22,130.1606,102.0
2003-10-23,139.3834,118.2
2003-10-24,141.9087,141.0
2003-10-25,150.498,151.5
2003-10-26,156.5828,171.0
2003-10-27,159.8284,172.8
2003-10-28,166.4527,171.9
2003-10-29,170.441,173.8
2003-10-30,168.4727,172.8
2003-10-31,164.6043,166.3
2003-11-01,165.0391,166.5
2003-11-02,154.6028,170.1
2003-11-03,147.2492,163.2
2003-11-04,148.1115,161.4
2003-11-05,127.4358,148.6
2003-11-06,120.2012,139.3
2003-11-07,117.5136,135.4
2003-11-08,117.329,120.3
2003-11-09,112.1258,112.5
2003-11-10,112.8818,108.5
2003-11-11,113.1759,105.7
2003-11-12,114.1182,89.3
2003-11-13,116.0975,90.9
2003-11-14,114.3711,89.4
2003-11-15,113.5762,86.5
2003-11-16,116.514,83.4
2003-11-17,123.8364,84.5
2003-11-18,132.9746,85.0
2003-11-19,136.9335,89.5
2003-11-20,144.0977,97.7
2003-11-21,144.6871,103.0
2003-11-22,143.3985,113.8
2003-11-23,143.5315,119.1
2003-11-24,141.9519,118.6
2003-11-25,139.1737,125.9
2003-11-26,143.752,129.1
2003-11-27,148.9502,133.2
2003-11-28,149.225,137.4
2003-11-29,150.418,134.4
2003-11-30,147.4463,134.6
2003-12-01,144.6701,132.7
2003-12-02,143.2727,124.3
2003-12-03,136.4665,115.1
2003-12-04,133.1805,110.7
2003-12-05,130.7289,104.2
2003-12-06,127.4098,104.4
2003-12-07,117.0686,112.2
2003-12-08,117.3265,112.6
2003-12-09,114.8901,112.3
2003-12-10,112.2764,115.5
2003-12-11,110.3924,119.0
2003-12-12,110.8991,113.4
2003-12-13,111.0871,114.9
2003-12-14,113.4322,116.1
2003-12-15,117.7269,114.4
2003-12-16,120.286,115.3
2003-12-17,125.3896,114.6
2003-12-18,127.6569,114.4
2003-12-19,127.3248,114.1
2003-12-20,130.4161,117.1
2003-12-21,131.6943,115.2
2003-12-22,133.4199,116.4
2003-12-23,135.1978,118.6
2003-12-24,134.5689,115.6
2003-12-25,139.5499,130.3
2003-12-26,140.2971,124.8
2003-12-27,136.8656,126.0
2003-12-28,132.3163,117.9
2003-12-29,130.154,111.6
2003-12-30,126.5956,104.1
2003-12-31,127.0435,99.1
2004-01-01,131.2673,95.0
2004-01-02,129.7681,90.8
2004-01-03,124.8786,85.9
2004-01-04,126.4792,84.8
2004-01-05,128.3008,89.9
2004-01-06,125.8736,91.6
2004-01-07,126.7201,94.5
2004-01-08,127.3682,98.5
2004-01-09,126.4873,96.6
2004-01-10,126.5519,98.6
2004-01-11,126.1,102.5
2004-01-12,125.5864,103.7
2004-01-13,125.0086,108.1
2004-01-14,125.7425,113.1
2004-01-15,124.0975,114.7
2004-01-16,123.717,113.5
2004-01-17,123.6741,111.2
2004-01-18,121.312,109.3
2004-01-19,126.016,105.1
2004-01-20,123.0222,101.1
2004-01-21,123.3094,99.6
2004-01-22,120.9699,96.3
2004-01-23,118.6823,99.5
2004-01-24,115.2383,95.4
2004-01-25,112.2574,94.2
2004-01-26,108.9081,93.2
2004-01-27,106.1663,96.0
2004-01-28,103.8138,101.7
2004-01-29,103.1961,102.1
2004-01-30,105.8121,103.4
2004-01-31,106.4783,116.1
2004-02-01,107.9007,118.4
2004-02-02,109.6821,119.8
2004-02-03,108.8426,113.6
2004-02-04,109.8165,108.0
2004-02-05,111.6982,100.0
2004-02-06,112.1579,97.1
2004-02-07,113.9519,88.9
2004-02-08,113.9345,95.9
2004-02-09,113.0972,105.0
2004-02-10,111.6163,102.9
2004-02-11,111.3177,104.6
2004-02-12,111.1553,106.3
2004-02-13,111.8655,107.2
2004-02-14,112.7686,111.1
2004-02-15,111.8446,111.7
2004-02-16,110.0931,106.2
2004-02-17,111.1357,102.6
2004-02-18,108.9573,101.3
2004-02-19,107.7736,100.3
2004-02-20,103.2679,108.5
2004-02-21,102.9095,108.8
2004-02-22,105.4341,114.4
2004-02-23,105.5446,111.3
2004-02-24,106.0379,112.7
2004-02-25,111.1653,110.4
2004-02-26,112.1449,115.6
2004-02-27,112.8646,117.6
2004-02-28,110.7896,119.0
2004-02-29,108.7068,126.4
2004-03-01,105.57,123.2
2004-03-02,104.3758,127.2
2004-03-03,102.2346,128.6
2004-03-04,104.2103,128.3
2004-03-05,107.767,126.4
2004-03-06,106.8147,121.0
2004-03-07,107.7154,112.6
2004-03-08,108.288,108.1
2004-03-09,108.5779,107.4
2004-03-10,109.801,109.0
2004-03-11,109.8154,108.9
2004-03-12,107.4869,101.6
2004-03-13,105.9225,98.4
2004-03-14,105.1079,93.8
2004-03-15,104.4434,90.3
2004-03-16,107.5174,88.1
2004-03-17,107.0603,90.0
2004-03-18,108.6309,91.8
2004-03-19,107.822,93.6
2004-03-20,108.9821,95.8
2004-03-21,108.4376,97.4
2004-03-22,110.4685,97.6
2004-03-23,110.4875,99.0
2004-03-24,110.9638,110.0
2004-03-25,113.3557,114.5
2004-03-26,113.4776,111.8
2004-03-27,115.0907,113.9
2004-03-28,115.6734,118.4
2004-03-29,115.6703,116.6
2004-03-30,115.0963,112.9
2004-03-31,113.2264,108.4
2004-04-01,110.0139,100.9
2004-04-02,108.1842,96.4
2004-04-03,107.8213,90.7
2004-04-04,108.315,89.8
2004-04-05,108.1513,90.8
2004-04-06,105.1116,95.7
2004-04-07,103.5615,99.1
2004-04-08,101.3415,92.8
2004-04-09,99.6754,88.9
2004-04-10,98.3387,90.1
2004-04-11,99.0249,88.0
2004-04-12,99.7329,86.8
2004-04-13,100.6044,88.9
2004-04-14,101.5047,95.0
2004-04-15,102.1395,94.8
2004-04-16,102.2219,92.0
2004-04-17,102.8549,100.9
2004-04-18,107.4349,103.0
2004-04-19,109.3568,112.1
2004-04-20,108.4994,117.9
2004-04-21,109.4377,121.0
2004-04-22,110.9583,113.7
2004-04-23,111.8626,110.4
2004-04-24,109.8204,111.4
2004-04-25,110.3625,107.2
2004-04-26,108.0154,109.6
2004-04-27,106.3868,105.0
2004-04-28,103.7562,106.6
2004-04-29,103.4317,107.9
2004-04-30,102.8958,105.1
2004-05-01,105.0919,106.1
2004-05-02,105.3598,104.6
2004-05-03,101.3987,105.2
2004-05-04,98.3323,104.0
2004-05-05,98.8036,102.4
2004-05-06,97.7686,98.1
2004-05-07,97.426,92.5
2004-05-08,98.286,93.0
2004-05-09,101.0427,92.6
2004-05-10,100.9518,92.0
2004-05-11,99.6926,87.0
2004-05-12,103.5612,91.0
2004-05-13,104.4088,91.2
2004-05-14,108.0018,88.6
2004-05-15,110.2941,87.9
2004-05-16,111.4277,85.0
2004-05-17,108.7532,86.5
2004-05-18,107.4462,90.7
2004-05-19,107.8284,98.2
2004-05-20,106.106,103.1
2004-05-21,106.9453,112.9
2004-05-22,105.1748,115.1
2004-05-23,106.5826,114.9
2004-05-24,110.0458,111.3
2004-05-25,109.8331,116.4
2004-05-26,110.8094,123.0
2004-05-27,110.2076,119.6
2004-05-28,110.5899,120.5
2004-05-29,108.9447,116.2
2004-05-30,106.2967,111.9
2004-05-31,103.2077,106.3
2004-06-01,99.931,102.2
2004-06-02,100.3137,97.3
2004-06-03,100.084,92.4
2004-06-04,99.7238,87.9
2004-06-05,97.3444,84.5
2004-06-06,99.0542,84.0
2004-06-07,99.0003,83.4
2004-06-08,97.6808,82.2
2004-06-09,97.2064,82.1
2004-06-10,95.7077,80.9
2004-06-11,96.2206,81.6
2004-06-12,97.9374,81.9
2004-06-13,100.992,84.6
2004-06-14,102.797,89.6
2004-06-15,106.4352,96.4
2004-06-16,107.1386,107.9
2004-06-17,106.981,129.2
2004-06-18,105.3119,131.6
2004-06-19,111.2837,142.6
2004-06-20,113.8048,150.5
2004-06-21,113.2884,151.3
2004-06-22,113.1318,154.1
2004-06-23,111.4137,160.2
2004-06-24,109.9906,175.8
2004-06-25,108.6424,180.8
2004-06-26,107.2192,177.7
2004-06-27,105.1359,178.4
2004-06-28,101.6353,170.4
2004-06-29,96.0052,151.8
2004-06-30,94.5657,143.9
2004-07-01,94.3041,132.0
2004-07-02,93.9325,121.8
2004-07-03,93.2828,103.8
2004-07-04,93.1289,102.8
2004-07-05,92.5121,91.4
2004-07-06,92.7492,89.0
2004-07-07,92.7923,85.8
2004-07-08,93.895,87.0
2004-07-09,95.9562,90.1
2004-07-10,98.7235,87.9
2004-07-11,103.1471,91.5
2004-07-12,110.553,93.6
2004-07-13,111.4591,97.3
2004-07-14,115.0573,107.7
2004-07-15,117.6918,117.0
2004-07-16,118.1874,124.7
2004-07-17,120.1224,134.3
2004-07-18,123.2743,151.1
2004-07-19,128.2798,152.5
2004-07-20,130.9754,153.1
2004-07-21,131.9149,142.4
2004-07-22,132.2897,137.0
2004-07-23,131.588,138.3
2004-07-24,128.0713,143.3
2004-07-25,127.4879,123.5
2004-07-26,123.7183,124.2
2004-07-27,120.4142,122.8
2004-07-28,111.4957,117.8
2004-07-29,109.8323,111.9
2004-07-30,104.262,107.2
2004-07-31,101.9688,102.5
2004-08-01,100.1708,99.5
2004-08-02,100.6335,92.3
2004-08-03,101.4207,88.9
2004-08-04,100.2629,87.7
2004-08-05,101.8002,91.6
2004-08-06,102.6248,89.7
2004-08-07,104.1657,91.5
2004-08-08,108.4851,95.6
2004-08-09,112.156,98.3
2004-08-10,115.0478,100.9
2004-08-11,118.6239,104.8
2004-08-12,123.5703,108.2
2004-08-13,124.0926,120.7
2004-08-14,125.3381,126.3
2004-08-15,122.3026,132.8
2004-08-16,119.9354,131.8
2004-08-17,119.6352,117.9
2004-08-18,123.1453,116.0
2004-08-19,115.8358,119.1
2004-08-20,116.1145,116.0
2004-08-21,117.201,110.8
2004-08-22,116.0254,109.4
2004-08-23,115.6105,105.5
2004-08-24,114.5721,103.6
2004-08-25,112.591,106.1
2004-08-26,110.74,101.3
2004-08-27,106.2348,95.6
2004-08-28,103.4126,92.0
2004-08-29,102.2772,90.8
2004-08-30,104.4271,89.9
2004-08-31,103.6766,89.9
2004-09-01,104.685,89.9
2004-09-02,106.6356,90.2
2004-09-03,107.8258,90.2
2004-09-04,108.932,90.0
2004-09-05,110.5249,88.4
2004-09-06,111.9125,88.1
2004-09-07,116.9689,88.1
2004-09-08,119.1942,89.1
2004-09-09,121.5647,90.7
2004-09-10,121.2866,90.8
2004-09-11,116.1387,92.0
2004-09-12,115.4753,93.7
2004-09-13,115.7322,90.4
2004-09-14,116.9546,87.7
2004-09-15,116.0262,88.7
2004-09-16,114.7949,86.6
2004-09-17,111.2681,87.2
2004-09-18,110.7935,89.4
2004-09-19,114.6116,90.2
2004-09-20,114.1208,88.6
2004-09-21,111.8577,91.1
2004-09-22,109.417,91.2
2004-09-23,108.567,95.5
2004-09-24,106.8025,98.2
2004-09-25,104.2811,110.3
2004-09-26,104.6759,111.0
2004-09-27,104.9773,121.2
2004-09-28,104.9557,130.2
2004-09-29,104.7423,138.7
2004-09-30,103.7903,141.5
2004-10-01,103.4374,135.0
2004-10-02,103.1341,127.8
2004-10-03,103.3252,134.0
2004-10-04,103.7614,128.8
2004-10-05,103.441,134.4
2004-10-06,103.7411,137.1
2004-10-07,104.1331,133.4
2004-10-08,102.1169,131.0
2004-10-09,100.2152,129.4
2004-10-10,100.1741,128.6
2004-10-11,98.5704,138.8
2004-10-12,98.345,126.5
2004-10-13,98.9178,127.2
2004-10-14,98.9576,121.7
2004-10-15,97.924,124.2
2004-10-16,98.8396,102.6
2004-10-17,98.7448,93.0
2004-10-18,100.628,94.0
2004-10-19,101.8101,94.4
2004-10-20,106.7025,98.1
2004-10-21,107.2037,103.3
2004-10-22,110.816,104.2
2004-10-23,112.4971,102.5
2004-10-24,115.172,101.6
2004-10-25,117.774,100.9
2004-10-26,118.3288,96.9
2004-10-27,118.9931,98.5
2004-10-28,122.6495,103.7
2004-10-29,121.1085,104.2
2004-10-30,122.8662,104.5
2004-10-31,124.1936,106.6
2004-11-01,122.8787,108.2
2004-11-02,121.7979,107.4
2004-11-03,120.7879,109.8
2004-11-04,120.4959,108.4
2004-11-05,123.8112,107.5
2004-11-06,119.4499,107.8
2004-11-07,119.3504,102.6
2004-11-08,117.4709,97.9
2004-11-09,117.1258,94.6
2004-11-10,107.255,93.1
2004-11-11,100.5052,90.4
2004-11-12,101.0595,87.1
2004-11-13,101.2256,91.6
2004-11-14,102.8172,84.7
2004-11-15,105.0035,82.3
2004-11-16,105.4818,87.1
2004-11-17,104.9576,87.7
2004-11-18,104.663,87.0
2005-02-18,98.0961,107.0
2005-02-19,96.9166,103.6
2005-02-20,96.6749,100.7
2005-02-21,97.7891,95.7
2005-02-22,97.6602,92.2
2005-02-23,95.093,88.3
2005-02-24,93.2151,89.2
2005-02-25,91.4278,86.7
2005-02-26,88.2909,87.1
2005-02-27,87.1386,86.6
2005-02-28,86.1751,81.7
2005-03-01,85.4181,77.4
2005-03-02,85.9271,78.1
2005-03-03,86.9444,79.4
2005-03-04,87.8325,78.6
2005-03-05,88.895,77.5
2005-03-06,89.8698,76.5
2005-03-07,91.3169,78.2
2005-03-08,94.0795,80.2
2005-03-09,96.6498,81.1
2005-03-10,97.425,84.9
2005-03-11,98.7144,88.5
2005-03-12,100.5815,88.2
2005-03-13,102.003,88.0
2005-03-14,102.0991,87.9
2005-03-15,103.6726,88.8
2005-03-16,101.901,88.6
2005-03-17,100.4739,87.9
2005-03-18,98.0148,85.3
2005-03-19,96.9088,84.0
2005-03-20,95.6349,86.0
2005-03-21,97.2526,85.5
2005-03-22,97.0831,83.6
2005-03-23,96.8237,84.2
2005-03-24,95.8438,82.0
2005-03-25,91.9316,78.9
2005-03-26,88.1282,77.8
2005-03-27,87.2846,77.9
2005-03-28,88.1073,78.1
2005-03-29,88.4135,80.2
2005-03-30,88.4501,83.2
2005-03-31,87.3317,87.1
2005-04-01,88.173,92.1
2005-04-02,89.0431,96.6
2005-04-03,89.3187,99.4
2005-04-04,90.7769,106.5
2005-04-05,92.0059,108.0
2005-04-06,91.5521,113.4
2005-04-07,91.1453,113.3
2005-04-08,90.7793,114.2
2005-04-09,90.8467,110.6
2005-04-10,90.4406,111.0
2005-04-11,89.0177,112.4
2005-04-12,87.5438,101.8
2005-04-13,86.482,103.2
2005-04-14,87.3037,112.2
2005-04-15,87.3237,121.6
2005-04-16,87.1469,127.9
2005-04-17,87.3088,119.9
2005-04-18,86.7215,115.5
2005-04-19,85.499,101.7
2005-04-20,85.0802,105.2
2005-04-21,85.6357,101.4
2005-04-22,86.4663,92.0
2005-04-23,87.5732,85.8
2005-04-24,87.339,86.7
2005-04-25,88.9748,85.6
2005-04-26,91.4445,83.9
2005-04-27,93.2239,84.2
2005-04-28,94.2631,85.5
2005-04-29,96.8591,87.4
2005-04-30,97.3417,86.0
2005-05-01,99.212,92.8
2005-05-02,99.1458,98.1
2005-05-03,99.4172,95.1
2005-05-04,98.0586,95.3
2005-05-05,98.2229,97.5
2005-05-06,101.1913,99.0
2005-05-07,98.3754,96.9
2005-05-08,97.1633,96.0
2005-05-09,99.907,98.0
2005-05-10,103.998,99.8
2005-05-11,106.2633,108.6
2005-05-12,104.2882,109.2
2005-05-13,102.5078,112.4
2005-05-14,97.8489,119.3
2005-05-15,99.9781,119.7
2005-05-16,99.0787,117.9
2005-05-17,95.4122,111.4
2005-05-18,92.4308,106.3
2005-05-19,90.4667,94.7
2005-05-20,89.6372,96.8
2005-05-21,87.9199,97.5
2005-05-22,88.4135,100.2
2005-05-23,90.1329,93.7
2005-05-24,91.0543,92.9
2005-05-25,90.5409,89.8
2005-05-26,93.4709,88.9
2005-05-27,95.7345,85.5
2005-05-28,94.4195,82.1
2005-05-29,94.521,80.1
2005-05-30,95.4821,79.2
2005-05-31,96.0312,79.3
2005-06-01,94.3229,81.3
2005-06-02,93.2928,80.0
2005-06-03,93.6239,82.6
2005-06-04,94.6241,91.2
2005-06-05,98.5653,104.85
2005-06-06,99.1729,118.5
2005-06-07,100.2655,128.0
2005-06-08,102.2489,134.1
2005-06-09,102.3354,127.8
2005-06-10,102.1818,131.0
2005-06-11,100.7082,127.2
2005-06-12,102.7645,125.5
2005-06-13,98.3905,114.2
2005-06-14,99.0301,111.9
2005-06-15,98.8229,105.2
2005-06-16,99.9246,96.4
2005-06-17,97.302,99.4
2005-06-18,98.1776,94.5
2005-06-19,96.1961,92.9
2005-06-20,95.0658,90.1
2005-06-21,93.2773,78.8
2005-06-22,90.5486,76.5
2005-06-23,89.7573,74.4
2005-06-24,89.3078,73.5
2005-06-25,89.3432,74.4
2005-06-26,90.2226,75.2
2005-06-27,89.5642,75.9
2005-06-28,90.7414,82.7
2005-06-29,94.4228,82.8
2005-06-30,99.9292,86.5
2005-07-01,104.9491,89.2
2005-07-02,108.3922,93.4
2005-07-03,110.6469,98.7
2005-07-04,109.0284,106.9
2005-07-05,110.3857,108.2
2005-07-06,109.5989,113.1
2005-07-07,108.8201,114.6
2005-07-08,109.0426,113.5
2005-07-09,107.6749,112.2
2005-07-10,103.9795,109.2
2005-07-11,99.6881,101.7
2005-07-12,100.1209,96.1
2005-07-13,98.5072,94.9
2005-07-14,99.7486,88.9
2005-07-15,101.6223,84.7
2005-07-16,96.4503,78.3
2005-07-17,93.7171,77.9
2005-07-18,89.4689,78.3
2005-07-19,88.9724,77.4
2005-07-20,89.3476,76.7
2005-07-21,89.4408,77.7
2005-07-22,89.0767,77.7
2005-07-23,92.1109,78.9
2005-07-24,92.0698,84.7
2005-07-25,93.4911,95.3
2005-07-26,94.6582,100.4
2005-07-27,96.3956,100.8
2005-07-28,98.4797,107.2
2005-07-29,101.5634,109.3
2005-07-30,101.8933,100.7
2005-07-31,103.5407,94.4
2005-08-01,103.6529,95.2
2005-08-02,102.4359,94.0
2005-08-03,100.9154,91.6
2005-08-04,102.0304,90.9
2005-08-05,99.245,87.6
2005-08-06,97.1104,85.6
2005-08-07,96.9314,80.6
2005-08-08,95.6508,78.5
2005-08-09,94.8526,75.4
2005-08-10,93.6565,75.8
2005-08-11,93.841,76.2
2005-08-12,93.6603,82.4
2005-08-13,91.877,93.6
2005-08-14,89.2656,92.4
2005-08-15,89.2459,100.6
2005-08-16,88.9116,117.6
2005-08-17,89.5477,111.1
2005-08-18,92.2456,119.5
2005-08-19,96.8445,115.0
2005-08-20,98.7242,117.9
2005-08-21,98.6165,120.6
2005-08-22,101.0059,112.9
2005-08-23,101.9434,104.9
2005-08-24,98.6913,103.2
2005-08-25,96.0704,91.9
2005-08-26,96.3116,88.5
2005-08-27,95.6989,86.7
2005-08-28,94.5398,84.3
2005-08-29,94.0604,83.3
2005-08-30,92.4943,81.9
2005-08-31,91.2741,81.4
2005-09-01,88.8527,81.7
2005-09-02,88.529,77.2
2005-09-03,86.2058,74.9
2005-09-04,86.7717,74.0
2005-09-05,86.8956,72.4
2005-09-06,88.8953,72.3
2005-09-07,93.9228,75.0
2005-09-08,93.4838,74.4
2005-09-09,96.7348,82.7
2005-09-10,102.975,81.3
2005-09-11,101.0021,79.4
2005-09-12,103.5019,78.7
2005-09-13,101.0272,78.0
2005-09-14,101.5281,78.7
2005-09-15,101.2735,78.8
2005-09-16,99.4908,77.3
2005-09-17,96.1832,76.5
2005-09-18,95.3754,77.6
2005-09-19,91.2106,78.0
2005-09-20,90.6,79.1
2005-09-21,90.277,78.7
2005-09-22,90.005,77.5
2005-09-23,90.1744,77.7
2005-09-24,89.3913,77.2
2005-09-25,88.7903,76.0
2005-09-26,88.6817,74.6
2005-09-27,86.1243,74.0
2005-09-28,84.8853,73.4
2005-09-29,84.7227,72.5
2005-09-30,83.2926,72.1
2005-10-01,83.3049,71.2
2005-10-02,84.4824,70.7
2005-10-03,84.0178,72.1
2005-10-04,87.7282,73.1
2005-10-05,87.0924,74.5
2005-10-06,86.1709,76.7
2005-10-07,85.8426,76.1
2005-10-08,85.5312,76.8
2005-10-09,85.8892,75.5
2005-10-10,85.9471,76.1
2005-10-11,85.4149,77.9
2005-10-12,84.8412,80.3
2005-10-13,84.7327,78.0
2005-10-14,84.3005,77.9
2005-10-15,84.7961,76.6
2005-10-16,84.421,76.4
2005-10-17,84.2864,77.0
2005-10-18,84.357,81.4
2005-10-19,84.1685,86.0
2005-10-20,83.694,90.4
2005-10-21,82.8881,97.8
2005-10-22,82.1657,91.8
2005-10-23,81.3786,98.2
2005-10-24,81.0716,98.8
2005-10-25,80.2101,99.6
2005-10-26,79.7163,94.1
2005-10-27,79.5603,92.4
2005-10-28,80.2947,90.3
2005-10-29,80.601,87.5
2005-10-30,81.1019,84.4
2005-10-31,81.9605,77.9
2005-11-01,81.7058,78.7
2005-11-02,82.0641,78.6
2005-11-03,81.4428,79.7
2005-11-04,81.4315,82.4
2005-11-05,82.1689,92.0
2005-11-06,83.0164,95.5
2005-11-07,82.1116,101.3
2005-11-08,81.847,98.4
2005-11-09,80.8286,92.5
2005-11-10,80.5102,89.0
2005-11-11,80.383,86.5
2005-11-12,82.4852,86.3
2005-11-13,84.725,86.9
2005-11-14,86.3243,86.4
2005-11-15,88.9856,88.7
2005-11-16,86.8738,90.2
2005-11-17,89.582,85.6
2005-11-18,89.7544,85.2
2005-11-19,90.2779,86.8
2005-11-20,88.665,84.2
2005-11-21,87.6421,83.1
2005-11-22,87.2513,82.5
2005-11-23,86.0939,82.8
2005-11-24,84.1995,86.6
2005-11-25,81.5746,84.9
2005-11-26,82.6416,83.7
2005-11-27,83.4146,84.8
2005-11-28,83.064,90.1
2005-11-29,83.892,88.9
2005-11-30,87.2136,88.8
2005-12-01,88.6712,89.5
2005-12-02,90.7601,89.2
2005-12-03,89.3527,86.1
2005-12-04,86.852,87.4
2005-12-05,85.214,86.9
2005-12-06,83.8794,84.5
2005-12-07,83.443,84.5
2005-12-08,83.632,81.7
2005-12-09,83.4633,82.1
2005-12-10,84.5898,81.2
2005-12-11,85.6167,80.6
2005-12-12,84.2825,79.3
2005-12-13,83.9972,76.6
2005-12-14,83.8402,75.6
2005-12-15,82.8791,75.0
2005-12-16,81.7486,75.2
2005-12-17,81.0196,74.7
2005-12-18,81.0456,74.0
2005-12-19,81.8531,74.0
2005-12-20,79.974,74.9
2005-12-21,78.4836,78.3
2005-12-22,79.2181,81.1
2005-12-23,82.4898,79.8
2005-12-24,82.9385,82.9
2005-12-25,84.1908,85.8
2005-12-26,85.252,87.9
2005-12-27,85.2212,90.9
2005-12-28,83.9697,89.9
2005-12-29,84.3278,89.6
2005-12-30,84.4581,89.8
2005-12-31,84.4614,86.3
2006-01-01,85.3569,84.2
2006-01-02,83.7971,81.0
2006-01-03,82.8682,77.6
2006-01-04,81.8636,77.2
2006-01-05,80.9186,76.5
2006-01-06,80.024,75.3
2006-01-07,79.5386,75.3
2006-01-08,79.9394,75.1
2006-01-09,80.6434,76.4
2006-01-10,80.7243,74.9
2006-01-11,80.5145,74.2
2006-01-12,80.138,72.9
2006-01-13,80.1124,72.0
2006-01-14,80.5809,72.0
2006-01-15,82.1366,72.8
2006-01-16,83.3845,73.2
2006-01-17,83.0088,74.1
2006-01-18,84.3403,74.1
2006-01-19,85.5259,74.4
2006-01-20,86.4503,75.4
2006-01-21,87.6161,76.6
2006-01-22,87.4556,77.3
2006-01-23,87.4439,77.3
2006-01-24,87.5163,76.7
2006-01-25,86.5432,74.8
2006-01-26,87.5834,74.5
2006-01-27,87.395,74.2
2006-01-28,85.656,74.4
2006-01-29,83.0276,73.6
2006-01-30,82.1455,74.4
2006-01-31,81.7192,74.5
2006-02-01,81.638,75.0
2006-02-02,81.5071,75.5
2006-02-03,81.8857,75.7
2006-02-04,81.0606,75.6
2006-02-05,80.6151,74.7
2006-02-06,79.8492,74.2
2006-02-07,79.1728,73.8
2006-02-08,79.0717,73.0
2006-02-09,79.1857,72.5
2006-02-10,79.2724,73.3
2006-02-11,79.5959,71.3
2006-02-12,79.5259,71.8
2006-02-13,79.5496,71.2
2006-02-14,79.8623,73.1
2006-02-15,80.3422,72.3
2006-02-16,80.5508,71.7
2006-02-17,80.5148,72.8
2006-02-18,80.3061,73.4
2006-02-19,79.342,71.7
2006-02-20,78.9672,71.3
2006-02-21,78.6676,71.7
2006-02-22,78.4658,74.6
2006-02-23,77.8649,76.2
2006-02-24,78.0341,76.1
2006-02-25,78.0478,75.4
2006-02-26,78.2689,76.1
2006-02-27,78.5138,75.4
2006-02-28,78.4808,75.2
2006-03-01,78.2174,73.3
2006-03-02,77.7117,74.0
2006-03-03,77.1845,79.0
2006-03-04,76.8278,81.5
2006-03-05,76.595,83.7
2006-03-06,76.0011,86.1
2006-03-07,77.6501,86.9
2006-03-08,77.5554,91.1
2006-03-09,77.5696,100.4
2006-03-10,77.3155,99.6
2006-03-11,77.5352,99.1
2006-03-12,75.4568,99.1
2006-03-13,75.4668,94.7
2006-03-14,75.4654,91.3
2006-03-15,75.7245,89.5
2006-03-16,74.5573,89.1
2006-03-17,74.1246,90.1
2006-03-18,74.0576,81.6
2006-03-19,74.9668,80.5
2006-03-20,75.6716,79.4
2006-03-21,77.8505,78.9
2006-03-22,79.7017,77.0
2006-03-23,81.0849,78.5
2006-03-24,81.8598,76.1
2006-03-25,82.1827,76.5
2006-03-26,79.6872,79.3
2006-03-27,79.1792,80.0
2006-03-28,79.5245,83.2
2006-03-29,79.963,87.7
2006-03-30,81.3026,93.9
2006-03-31,83.1599,96.3
2006-04-01,82.7021,101.3
2006-04-02,83.537,102.0
2006-04-03,86.1424,101.5
2006-04-04,85.2183,102.7
2006-04-05,85.1948,101.4
2006-04-06,85.4226,94.8
2006-04-07,83.8846,90.9
2006-04-08,83.9762,90.4
2006-04-09,82.992,93.4
2006-04-10,83.2534,88.2
2006-04-11,83.0733,88.6
2006-04-12,79.3733,87.8
2006-04-13,78.7772,86.3
2006-04-14,78.2734,84.2
2006-04-15,77.6605,79.8
2006-04-16,76.2636,77.9
2006-04-17,76.6233,77.3
2006-04-18,75.3465,75.0
2006-04-19,75.8233,73.6
2006-04-20,77.2319,73.2
2006-04-21,77.2402,73.1
2006-04-22,79.1649,73.6
2006-04-23,81.5889,75.0
2006-04-24,84.3986,77.1
2006-04-25,86.3557,78.0
2006-04-26,88.1874,79.4
2006-04-27,87.886,85.1
2006-04-28,87.0753,86.3
2006-04-29,86.7067,85.9
2006-04-30,85.2384,85.9
2006-05-01,83.2244,83.8
2006-05-02,82.2328,85.2
2006-05-03,83.6869,87.0
2006-05-04,83.9175,83.3
2006-05-05,81.3196,82.3
2006-05-06,81.0237,80.6
2006-05-07,81.6239,79.4
2006-05-08,83.1636,77.5
2006-05-09,84.8899,78.1
2006-05-10,85.0447,77.8
2006-05-11,83.9074,80.2
2006-05-12,83.2371,80.3
2006-05-13,81.3438,85.2
2006-05-14,80.2634,82.5
2006-05-15,79.3135,80.0
2006-05-16,79.0317,78.5
2006-05-17,79.2876,76.7
2006-05-18,79.8947,76.5
2006-05-19,80.8302,79.5
2006-05-20,81.1804,77.7
2006-05-21,81.791,78.8
2006-05-22,84.1214,77.7
2006-05-23,84.6155,75.6
2006-05-24,84.5105,75.7
2006-05-25,84.5636,75.7
2006-05-26,83.8706,75.3
2006-05-27,84.5881,75.1
2006-05-28,85.4559,74.4
2006-05-29,83.4813,74.1
2006-05-30,84.5612,76.1
2006-05-31,83.6075,76.5
2006-06-01,83.9868,79.0
2006-06-02,83.7707,81.2
2006-06-03,85.2048,86.3
2006-06-04,83.585,88.4
2006-06-05,82.996,89.0
2006-06-06,82.8899,88.4
2006-06-07,84.9389,90.0
2006-06-08,84.081,88.8
2006-06-09,82.8179,95.1
2006-06-10,83.0943,87.5
2006-06-11,81.9621,87.9
2006-06-12,82.7388,82.6
2006-06-13,84.64,80.0
2006-06-14,85.4281,77.1
2006-06-15,85.1647,75.2
2006-06-16,83.2754,73.6
2006-06-17,81.2587,72.9
2006-06-18,81.3467,72.2
2006-06-19,81.4724,73.3
2006-06-20,81.1988,72.6
2006-06-21,80.9933,73.2
2006-06-22,80.5886,73.3
2006-06-23,80.2619,73.6
2006-06-24,81.0009,73.4
2006-06-25,81.0796,74.5
2006-06-26,81.9414,75.0
2006-06-27,82.7615,75.9
2006-06-28,84.7265,78.9
2006-06-29,85.4842,79.5
2006-06-30,85.6101,77.9
2006-07-01,85.4262,77.0
2006-07-02,85.9562,76.7
2006-07-03,85.3032,74.9
2006-07-04,88.617,75.2
2006-07-05,85.8106,76.2
2006-07-06,85.7454,74.6
2006-07-07,82.3724,74.9
2006-07-08,81.1322,74.3
2006-07-09,79.5026,73.4
2006-07-10,78.3302,71.6
2006-07-11,77.7013,71.5
2006-07-12,77.365,71.5
2006-07-13,76.4802,71.8
2006-07-14,76.811,73.4
2006-07-15,78.2166,76.1
2006-07-16,79.2643,82.5
2006-07-17,79.1886,86.2
2006-07-18,78.9164,87.0
2006-07-19,78.6962,88.1
2006-07-20,79.0098,88.6
2006-07-21,78.445,87.8
2006-07-22,78.7595,96.4
2006-07-23,79.911,88.0
2006-07-24,80.0564,90.6
2006-07-25,78.6952,90.9
2006-07-26,77.4745,90.2
2006-07-27,76.9543,89.8
2006-07-28,75.7546,82.7
2006-07-29,75.4361,80.1
2006-07-30,75.6979,79.9
2006-07-31,74.5523,78.9
2006-08-01,75.2997,77.3
2006-08-02,75.3673,80.2
2006-08-03,74.8889,78.0
2006-08-04,74.4304,74.4
2006-08-05,74.5794,75.7
2006-08-06,75.2658,84.7
2006-08-07,75.6098,78.3
2006-08-08,76.847,76.9
2006-08-09,78.0416,77.8
2006-08-10,80.6706,80.3
2006-08-11,81.8135,81.7
2006-08-12,81.5228,85.3
2006-08-13,81.1598,88.1
2006-08-14,81.2326,88.5
2006-08-15,80.0573,86.7
2006-08-16,82.3131,88.5
2006-08-17,78.7931,85.7
2006-08-18,80.6739,85.1
2006-08-19,80.8913,83.9
2006-08-20,80.5524,83.8
2006-08-21,80.7675,81.0
2006-08-22,78.6725,80.1
2006-08-23,78.1547,78.8
2006-08-24,78.1652,75.1
2006-08-25,79.9947,74.0
2006-08-26,83.7637,71.5
2006-08-27,84.335,72.0
2006-08-28,83.8491,72.9
2006-08-29,81.5271,70.9
2006-08-30,81.2796,70.3
2006-08-31,83.843,70.6
2006-09-01,81.3552,71.0
2006-09-02,80.8067,72.4
2006-09-03,79.9032,73.3
2006-09-04,79.2671,76.8
2006-09-05,81.2734,77.9
2006-09-06,82.3126,78.6
2006-09-07,82.91,78.0
2006-09-08,83.5318,76.7
2006-09-09,82.9637,76.7
2006-09-10,83.6856,77.3
2006-09-11,82.8411,76.3
2006-09-12,83.4298,76.4
2006-09-13,83.4013,75.1
2006-09-14,83.4654,74.8
2006-09-15,82.6362,75.0
2006-09-16,83.466,73.3
2006-09-17,83.5485,73.3
2006-09-18,80.4393,72.9
2006-09-19,78.8059,72.0
2006-09-20,77.1844,70.7
2006-09-21,76.9106,69.1
2006-09-22,77.1511,69.1
2006-09-23,75.3209,69.0
2006-09-24,74.1245,69.0
2006-09-25,73.3951,70.4
2006-09-26,73.2258,74.0
2006-09-27,74.4289,75.1
2006-09-28,75.9048,75.7
2006-09-29,78.3276,74.0
2006-09-30,78.773,73.9
2006-10-01,79.1289,71.0
2006-10-02,78.9779,71.1
2006-10-03,79.1443,73.7
2006-10-04,79.5252,72.3
2006-10-05,79.7132,74.6
2006-10-06,79.2095,78.9
2006-10-07,80.3587,85.3
2006-10-08,80.4768,86.8
2006-10-09,79.907,86.0
2006-10-10,78.8282,84.0
2006-10-11,77.4466,83.2
2006-10-12,76.5076,82.1
2006-10-13,76.4341,85.6
2006-10-14,76.2623,84.8
2006-10-15,75.9604,87.7
2006-10-16,74.7962,89.3
2006-10-17,73.8697,95.0
2006-10-18,73.4797,94.7
2006-10-19,73.475,93.2
2006-10-20,74.4545,92.5
2006-10-21,76.7316,94.0
2006-10-22,77.3168,92.0
2006-10-23,77.9616,87.4
2006-10-24,77.8923,86.8
2006-10-25,80.1158,82.9
2006-10-26,79.0813,78.6
2006-10-27,77.9934,75.6
2006-10-28,79.5468,74.6
2006-10-29,78.5768,74.9
2006-10-30,77.0787,75.5
2006-10-31,79.5298,76.5
2006-11-01,81.7253,76.2
2006-11-02,81.8706,80.2
2006-11-03,81.7979,83.2
2006-11-04,82.1905,82.7
2006-11-05,83.6178,81.8
2006-11-06,84.0918,81.8
2006-11-07,85.9194,84.8
2006-11-08,86.5103,84.6
2006-11-09,88.2313,93.6
2006-11-10,89.3897,99.4
2006-11-11,91.5001,99.7
2006-11-12,91.6629,94.4
2006-11-13,91.3865,93.1
2006-11-14,90.9593,89.6
2006-11-15,92.0242,87.3
2006-11-16,92.2821,89.4
2006-11-17,91.3236,101.0
2006-11-18,91.8386,93.5
2006-11-19,90.4014,91.4
2006-11-20,88.8882,85.4
2006-11-21,87.4659,80.0
2006-11-22,85.8994,79.5
2006-11-23,82.4606,73.0
2006-11-24,79.7911,72.0
2006-11-25,77.9373,70.3
2006-11-26,76.3297,71.6
2006-11-27,77.9494,72.2
2006-11-28,78.865,71.2
2006-11-29,78.8086,71.9
2006-11-30,77.8204,73.9
2006-12-01,78.318,72.5
2006-12-02,80.864,70.9
2006-12-03,82.3863,73.8
2006-12-04,85.7852,75.8
2006-12-05,87.7732,78.2
2006-12-06,88.0445,82.3
2006-12-07,86.8057,85.5
2006-12-08,86.4452,88.6
2006-12-09,86.2976,84.8
2006-12-10,85.1735,88.0
2006-12-11,85.6302,86.5
2006-12-12,89.2275,85.6
2006-12-13,87.6741,85.3
2006-12-14,88.7704,85.7
2006-12-15,87.2313,89.1
2006-12-16,85.9574,83.3
2006-12-17,86.5469,81.2
2006-12-18,83.3638,81.0
2006-12-19,79.8738,78.7
2006-12-20,75.9854,79.4
2006-12-21,75.1597,79.3
2006-12-22,75.8279,76.1
2006-12-23,76.3613,75.6
2006-12-24,76.2075,74.4
2006-12-25,77.0303,73.9
2006-12-26,76.8255,76.3
2006-12-27,76.8296,76.1
2006-12-28,78.0424,76.0
2006-12-29,78.9184,76.8
2006-12-30,79.902,77.9
2006-12-31,81.6182,77.5
2007-01-01,82.8696,77.3
2007-01-02,84.8759,78.0
2007-01-03,84.1465,79.3
2007-01-04,85.6889,84.1
2007-01-05,85.5456,84.9
2007-01-06,85.3647,86.6
2007-01-07,85.3384,87.3
2007-01-08,86.0233,87.7
2007-01-09,87.8985,84.8
2007-01-10,85.6774,81.3
2007-01-11,84.9974,80.7
2007-01-12,85.3932,79.6
2007-01-13,85.377,79.8
2007-01-14,86.6774,76.3
2007-01-15,88.0018,74.6
2007-01-16,86.5465,73.9
2007-01-17,85.4318,72.8
2007-01-18,81.7352,71.8
2007-01-19,79.2141,70.9
2007-01-20,81.3262,70.9
2007-01-21,80.4885,71.8
2007-01-22,80.3076,72.9
2007-01-23,80.7764,73.5
2007-01-24,81.9039,74.1
2007-01-25,82.1538,73.2
2007-01-26,83.0113,73.1
2007-01-27,83.075,73.2
2007-01-28,83.0202,73.9
2007-01-29,84.362,73.6
2007-01-30,83.9207,73.9
2007-01-31,84.2702,75.1
2007-02-01,84.6002,73.9
2007-02-02,85.3743,73.4
2007-02-03,84.6878,74.4
2007-02-04,83.4209,73.4
2007-02-05,84.4513,74.2
2007-02-06,85.3159,72.0
2007-02-07,85.1512,71.3
2007-02-08,83.919,70.8
2007-02-09,81.7374,70.8
2007-02-10,80.8804,71.8
2007-02-11,80.4548,71.4
2007-02-12,78.6834,70.6
2007-02-13,75.025,70.2
2007-02-14,74.4764,70.1
2007-02-15,75.1314,70.3
2007-02-16,75.8574,70.6
2007-02-17,75.6816,69.2
2007-02-18,75.6618,68.5
2007-02-19,75.8168,68.0
2007-02-20,77.3105,68.6
2007-02-21,77.685,69.8
2007-02-22,77.9632,69.5
2007-02-23,77.6588,72.0
2007-02-24,77.6519,72.3
2007-02-25,78.4533,72.0
2007-02-26,78.4203,72.0
2007-02-27,78.2689,72.4
2007-02-28,78.6783,73.3
2007-03-01,78.1014,73.5
2007-03-02,80.2369,73.0
2007-03-03,79.7666,74.3
2007-03-04,79.4957,73.6
2007-03-05,79.2649,73.9
2007-03-06,79.2049,73.1
2007-03-07,79.6449,71.6
2007-03-08,79.9397,71.1
2007-03-09,80.0304,70.8
2007-03-10,79.582,70.8
2007-03-11,77.5121,71.0
2007-03-12,75.9373,71.1
2007-03-13,73.3341,71.4
2007-03-14,71.8124,71.3
2007-03-15,71.4428,70.2
2007-03-16,71.7483,69.7
2007-03-17,72.2163,69.5
2007-03-18,73.3011,68.6
2007-03-19,74.2451,68.6
2007-03-20,75.2103,68.6
2007-03-21,75.5206,69.8
2007-03-22,75.5164,69.8
2007-03-23,75.3166,69.8
2007-03-24,75.1017,69.3
2007-03-25,75.9135,68.9
2007-03-26,76.4139,69.1
2007-03-27,76.4168,69.4
2007-03-28,76.7426,69.7
2007-03-29,76.2744,69.8
2007-03-30,76.1236,74.0
2007-03-31,76.3042,77.4
2007-04-01,77.0822,81.5
2007-04-02,77.4021,83.8
2007-04-03,77.7749,86.1
2007-04-04,78.1222,86.0
2007-04-05,77.1792,88.2
2007-04-06,76.7683,87.6
2007-04-07,76.0871,88.8
2007-04-08,72.9901,84.4
2007-04-09,71.8934,83.9
2007-04-10,72.143,82.4
2007-04-11,71.8708,79.4
2007-04-12,71.1872,77.1
2007-04-13,71.3207,74.7
2007-04-14,72.0689,73.5
2007-04-15,72.5578,72.6
2007-04-16,72.7746,72.9
2007-04-17,72.5601,72.9
2007-04-18,72.367,75.0
2007-04-19,73.1986,74.4
2007-04-20,73.8595,78.5
2007-04-21,73.089,78.9
2007-04-22,72.7594,78.3
2007-04-23,73.1965,77.6
2007-04-24,75.228,76.6
2007-04-25,76.841,75.9
2007-04-26,78.0222,75.0
2007-04-27,77.7998,73.7
2007-04-28,78.3105,71.9
2007-04-29,78.4133,71.7
2007-04-30,80.283,69.9
2007-05-01,81.7457,69.5
2007-05-02,82.8114,68.8
2007-05-03,82.0516,70.5
2007-05-04,81.9895,71.5
2007-05-05,81.3219,72.6
2007-05-06,80.3979,76.7
2007-05-07,80.2838,81.6
2007-05-08,80.6824,85.6
2007-05-09,80.816,89.5
2007-05-10,81.4391,88.2
2007-05-11,81.8876,84.8
2007-05-12,80.6302,87.13
2007-05-13,80.8106,88.11
2007-05-14,78.8477,86.8
2007-05-15,78.4001,81.0
2007-05-16,78.0588,78.2
2007-05-17,78.1069,75.6
2007-05-18,78.8526,72.6
2007-05-19,77.3277,73.1
2007-05-20,77.1639,70.6
2007-05-21,77.3452,71.3
2007-05-22,76.6122,70.2
2007-05-23,75.567,68.9
2007-05-24,75.1808,68.8
2007-05-25,73.7506,68.5
2007-05-26,74.195,67.8
2007-05-27,73.6726,67.6
2007-05-28,74.0848,67.5
2007-05-29,73.4569,68.1
2007-05-30,71.9354,69.1
2007-05-31,73.9884,69.8
2007-06-01,76.5041,72.8
2007-06-02,78.1484,75.7
2007-06-03,79.5424,77.4
2007-06-04,80.6524,77.8
2007-06-05,80.4956,76.4
2007-06-06,81.5429,76.8
2007-06-07,81.9411,75.1
2007-06-08,81.7857,74.2
2007-06-09,80.8415,74.9
2007-06-10,80.2789,73.9
2007-06-11,79.6732,73.5
2007-06-12,79.1003,75.5
2007-06-13,80.0557,77.6
2007-06-14,79.4036,79.7
2007-06-15,77.7551,80.8
2007-06-16,73.1572,81.1
2007-06-17,73.1279,79.5
2007-06-18,73.1232,80.6
2007-06-19,72.8948,78.2
2007-06-20,72.4343,77.1
2007-06-21,71.1399,75.3
2007-06-22,70.1203,74.7
2007-06-23,69.938,71.8
2007-06-24,70.649,70.5
2007-06-25,71.8424,69.5
2007-06-26,74.7518,68.6
2007-06-27,76.3422,68.3
2007-06-28,76.8526,69.3
2007-06-29,77.473,70.2
2007-06-30,77.4714,70.8
2007-07-01,78.0197,70.6
2007-07-02,77.5432,70.9
2007-07-03,77.9431,72.1
2007-07-04,77.9308,71.1
2007-07-05,76.8295,71.0
2007-07-06,76.6405,70.1
2007-07-07,78.7636,70.4
2007-07-08,81.3195,71.5
2007-07-09,81.9716,72.4
2007-07-10,82.0367,71.4
2007-07-11,83.4253,70.9
2007-07-12,82.3132,72.0
2007-07-13,80.3145,71.0
2007-07-14,78.4504,71.0
2007-07-15,77.4878,69.3
2007-07-16,76.9591,69.3
2007-07-17,77.9892,69.5
2007-07-18,77.468,70.0
2007-07-19,78.0547,69.5
2007-07-20,79.1056,70.3
2007-07-21,74.9284,69.3
2007-07-22,75.045,69.0
2007-07-23,75.5462,69.3
2007-07-24,76.0333,69.6
2007-07-25,76.548,69.4
2007-07-26,76.2506,70.7
2007-07-27,75.9896,70.9
2007-07-28,76.665,71.6
2007-07-29,74.848,72.4
2007-07-30,73.931,73.2
2007-07-31,73.0541,73.1
2007-08-01,73.3834,71.6
2007-08-02,74.5456,70.7
2007-08-03,75.088,71.6
2007-08-04,74.4348,71.0
2007-08-05,74.0867,73.0
2007-08-06,75.1979,72.2
2007-08-07,74.8271,72.1
2007-08-08,74.7632,70.6
2007-08-09,73.9645,69.1
2007-08-10,73.9297,69.4
2007-08-11,74.7847,68.8
2007-08-12,75.8889,67.8
2007-08-13,75.5761,68.2
2007-08-14,75.5286,67.6
2007-08-15,74.2374,67.7
2007-08-16,71.9652,67.9
2007-08-17,71.793,67.0
2007-08-18,72.3387,66.7
2007-08-19,72.4825,67.2
2007-08-20,72.9047,67.6
2007-08-21,73.0958,68.5
2007-08-22,73.0662,67.8
2007-08-23,72.5843,67.6
2007-08-24,73.0392,67.1
2007-08-25,73.7532,67.4
2007-08-26,72.806,67.4
2007-08-27,71.7264,67.4
2007-08-28,73.302,67.2
2007-08-29,75.2119,66.8
2007-08-30,76.8354,66.5
2007-08-31,74.7441,66.6
2007-09-01,74.076,66.8
2007-09-02,73.6536,67.4
2007-09-03,74.0398,67.4
2007-09-04,76.5858,67.8
2007-09-05,77.8083,65.1
2007-09-06,76.7498,67.8
2007-09-07,76.5087,66.5
2007-09-08,74.5488,67.3
2007-09-09,72.8692,67.4
2007-09-10,70.7122,67.8
2007-09-11,66.7921,68.9
2007-09-12,66.8573,68.1
2007-09-13,66.7866,67.9
2007-09-14,67.3771,68.6
2007-09-15,68.635,67.9
2007-09-16,68.5208,68.6
2007-09-17,68.8444,68.3
2007-09-18,69.3699,67.3
2007-09-19,70.4269,66.7
2007-09-20,70.6936,66.8
2007-09-21,70.7451,66.7
2007-09-22,70.481,67.0
2007-09-23,70.1593,67.7
2007-09-24,70.0514,66.8
2007-09-25,70.0469,66.3
2007-09-26,70.3609,66.6
2007-09-27,70.7927,66.0
2007-09-28,70.9278,66.4
2007-09-29,71.007,66.8
2007-09-30,69.7384,66.3
2007-10-01,71.1657,66.7
2007-10-02,71.1015,66.2
2007-10-03,71.9442,66.6
2007-10-04,72.1547,66.2
2007-10-05,72.1739,66.3
2007-10-06,71.2979,66.1
2007-10-07,70.7388,66.3
2007-10-08,70.2498,66.8
2007-10-09,70.6926,66.5
2007-10-10,69.978,66.5
2007-10-11,69.1774,66.2
2007-10-12,68.6141,67.3
2007-10-13,68.2619,66.9
2007-10-14,68.3337,68.4
2007-10-15,68.4863,68.2
2007-10-16,68.7712,68.4
2007-10-17,69.1438,67.7
2007-10-18,69.0208,68.3
2007-10-19,69.1865,68.4
2007-10-20,68.9926,68.9
2007-10-21,69.2728,67.7
2007-10-22,69.1061,69.1
2007-10-23,69.3393,68.2
2007-10-24,70.2369,67.2
2007-10-25,69.5438,67.9
2007-10-26,69.7125,68.0
2007-10-27,70.1532,67.4
2007-10-28,70.2573,68.0
2007-10-29,69.1392,68.3
2007-10-30,68.7193,69.5
2007-10-31,68.785,68.8
2007-11-01,70.1221,69.6
2007-11-02,70.7076,69.6
2007-11-03,70.6231,69.3
2007-11-04,70.5785,69.3
2007-11-05,71.55,69.2
2007-11-06,71.7489,69.9
2007-11-07,71.4911,71.0
2007-11-08,71.7916,70.5
2007-11-09,71.2871,71.5
2007-11-10,70.5327,73.1
2007-11-11,70.3375,75.9
2007-11-12,70.5292,79.8
2007-11-13,70.079,84.4
2007-11-14,70.2313,86.2
2007-11-15,70.2506,84.3
2007-11-16,69.5633,90.5
2007-11-17,69.161,91.1
2007-11-18,68.975,90.9
2007-11-19,68.759,89.0
2007-11-20,68.5922,86.1
2007-11-21,68.9855,79.1
2007-11-22,69.7888,76.9
2007-11-23,71.3868,74.4
2007-11-24,73.1354,72.1
2007-11-25,72.8702,70.2
2007-11-26,75.3245,68.7
2007-11-27,75.0115,69.1
2007-11-28,74.5248,69.1
2007-11-29,76.0427,69.1
2007-11-30,75.3664,69.7
2007-12-01,75.2291,70.2
2007-12-02,75.2443,69.7
2007-12-03,76.497,69.5
2007-12-04,76.2777,70.3
2007-12-05,75.0888,72.5
2007-12-06,74.2636,74.2
2007-12-07,75.8811,76.7
2007-12-08,77.0084,77.0
2007-12-09,76.1695,76.7
2007-12-10,75.8708,76.4
2007-12-11,79.5342,77.1
2007-12-12,81.0447,76.6
2007-12-13,80.9571,75.2
2007-12-14,80.8388,73.0
2007-12-15,79.5149,74.0
2007-12-16,76.9824,73.2
2007-12-17,76.4654,73.5
2007-12-18,76.5609,73.2
2007-12-19,74.1349,72.9
2007-12-20,73.4702,73.1
2007-12-21,73.1936,71.3
2007-12-22,71.9513,70.6
2007-12-23,71.1243,71.3
2007-12-24,70.563,68.8
2007-12-25,70.3953,68.6
2007-12-26,69.1598,68.0
2007-12-27,68.8423,69.3
2007-12-28,69.0817,68.1
2007-12-29,69.4898,68.4
2007-12-30,70.6669,69.1
2007-12-31,71.9393,68.9
2008-01-01,73.4856,70.3
2008-01-02,73.6026,69.8
2008-01-03,74.3395,69.2
2008-01-04,74.6341,69.5
2008-01-05,75.3948,70.6
2008-01-06,75.5577,69.9
2008-01-07,75.1551,69.0
2008-01-08,74.2543,69.8
2008-01-09,74.4647,69.55
2008-01-10,74.376,69.3
2008-01-11,74.5018,68.5
2008-01-12,75.0241,69.6
2008-01-13,75.6313,68.9
2008-01-14,75.791,69.0
2008-01-15,72.8528,70.3
2008-01-16,70.5493,70.7
2008-01-17,69.9485,70.2
2008-01-18,69.3808,70.3
2008-01-19,68.8913,68.7
2008-01-20,68.7672,68.8
2008-01-21,69.5843,68.0
2008-01-22,69.3766,68.6
2008-01-23,70.5761,69.4
2008-01-24,71.357,69.5
2008-01-25,71.4055,70.0
2008-01-26,72.1058,69.3
2008-01-27,72.0505,70.3
2008-01-28,71.3832,70.8
2008-01-29,71.4846,70.1
2008-01-30,71.7938,69.3
2008-01-31,72.0419,69.9
2008-02-01,72.199,69.3
2008-02-02,72.6846,69.4
2008-02-03,73.2488,68.7
2008-02-04,74.3168,68.5
2008-02-05,74.556,67.4
2008-02-06,75.5794,68.0
2008-02-07,75.5602,67.3
2008-02-08,75.8646,67.2
2008-02-09,75.4558,68.2
2008-02-10,74.4434,69.3
2008-02-11,73.3773,69.5
2008-02-12,72.5705,68.8
2008-02-13,71.1669,68.5
2008-02-14,69.7841,69.4
2008-02-15,68.7826,69.3
2008-02-16,69.4601,68.5
2008-02-17,69.6175,68.7
2008-02-18,70.2746,69.1
2008-02-19,70.9737,68.8
2008-02-20,70.9138,69.6
2008-02-21,72.0848,69.1
2008-02-22,72.1893,69.0
2008-02-23,71.6923,68.4
2008-02-24,71.7951,67.9
2008-02-25,71.8103,67.7
2008-02-26,71.2743,69.1
2008-02-27,71.7093,71.5
2008-02-28,72.4083,79.0
2008-02-29,73.4069,88.2
2008-03-01,73.298,81.2
2008-03-02,73.8652,84.5
2008-03-03,73.5644,82.6
2008-03-04,73.0391,82.4
2008-03-05,72.6416,80.4
2008-03-06,73.5339,79.1
2008-03-07,72.7718,77.7
2008-03-08,71.6757,75.9
2008-03-09,71.5372,76.4
2008-03-10,71.985,73.1
2008-03-11,71.4518,71.1
2008-03-12,70.2403,69.5
2008-03-13,69.7009,69.3
2008-03-14,69.7018,70.0
2008-03-15,70.2179,68.2
2008-03-16,70.6809,68.1
2008-03-17,70.5515,67.4
2008-03-18,71.0161,68.5
2008-03-19,71.3406,69.7
2008-03-20,71.433,69.0
2008-03-21,71.3308,69.7
2008-03-22,71.7108,70.0
2008-03-23,73.5154,69.8
2008-03-24,76.4649,70.8
2008-03-25,79.8781,71.7
2008-03-26,76.9469,71.5
2008-03-27,77.4903,71.6
2008-03-28,77.1999,72.1
2008-03-29,79.7046,71.5
2008-03-30,80.1648,71.2
2008-03-31,78.3842,70.7
2008-04-01,76.5374,69.9
2008-04-02,75.8486,69.0
2008-04-03,77.4741,69.4
2008-04-04,76.735,69.6
2008-04-05,76.0247,68.0
2008-04-06,75.7454,69.6
2008-04-07,73.5283,69.2
2008-04-08,73.6067,68.5
2008-04-09,71.6577,69.5
2008-04-10,71.1571,68.8
2008-04-11,68.9281,68.4
2008-04-12,68.5512,67.8
2008-04-13,69.3166,67.7
2008-04-14,68.9461,68.6
2008-04-15,68.7306,68.7
2008-04-16,68.9907,69.4
2008-04-17,69.4097,69.5
2008-04-18,71.0044,69.7
2008-04-19,71.8571,70.5
2008-04-20,72.0266,72.7
2008-04-21,72.419,73.2
2008-04-22,72.771,72.8
2008-04-23,72.849,73.3
2008-04-24,72.788,70.5
2008-04-25,72.4886,70.2
2008-04-26,72.0172,70.8
2008-04-27,71.4975,71.0
2008-04-28,71.5085,69.6
2008-04-29,71.3394,70.3
2008-04-30,70.7351,70.1
2008-05-01,71.4732,69.8
2008-05-02,71.2889,69.7
2008-05-03,69.3925,69.6
2008-05-04,68.8491,69.9
2008-05-05,68.766,69.0
2008-05-06,68.8734,68.8
2008-05-07,68.9474,68.5
2008-05-08,68.3307,69.0
2008-05-09,68.808,68.2
2008-05-10,68.9189,67.1
2008-05-11,70.0683,68.4
2008-05-12,70.4179,67.9
2008-05-13,70.4995,67.6
2008-05-14,70.5661,66.9
2008-05-15,70.8447,68.0
2008-05-16,70.6553,68.2
2008-05-17,71.3636,67.8
2008-05-18,71.5144,69.2
2008-05-19,70.844,68.6
2008-05-20,71.843,69.2
2008-05-21,74.268,68.6
2008-05-22,75.5984,67.4
2008-05-23,75.9212,68.1
2008-05-24,77.5304,67.5
2008-05-25,76.4005,67.0
2008-05-26,75.5578,67.3
2008-05-27,76.1773,67.0
2008-05-28,74.3088,67.5
2008-05-29,73.2131,67.5
2008-05-30,71.0503,68.0
2008-05-31,69.8808,68.1
2008-06-01,71.5362,67.5
2008-06-02,72.1721,68.3
2008-06-03,71.4108,68.1
2008-06-04,71.1031,68.8
2008-06-05,70.791,68.9
2008-06-06,70.5866,67.8
2008-06-07,70.7182,68.2
2008-06-08,70.4187,67.7
2008-06-09,71.2231,67.6
2008-06-10,71.6395,67.3
2008-06-11,71.8349,68.3
2008-06-12,71.3574,67.7
2008-06-13,70.5044,67.8
2008-06-14,70.413,68.3
2008-06-15,70.0021,67.6
2008-06-16,69.5685,67.9
2008-06-17,70.6455,67.1
2008-06-18,70.6361,67.4
2008-06-19,70.5883,67.8
2008-06-20,72.2776,67.9
2008-06-21,73.0004,66.7
2008-06-22,72.1095,67.1
2008-06-23,72.0749,67.4
2008-06-24,73.108,68.5
2008-06-25,72.9052,68.0
2008-06-26,70.7417,68.4
2008-06-27,69.9209,68.0
2008-06-28,69.8907,67.6
2008-06-29,69.4805,67.5
2008-06-30,68.1562,67.9
2008-07-01,67.4977,68.1
2008-07-02,68.0646,68.4
2008-07-03,68.2454,68.3
2008-07-04,69.0609,68.1
2008-07-05,69.6959,68.5
2008-07-06,70.388,67.5
2008-07-07,70.256,68.1
2008-07-08,70.5946,68.2
2008-07-09,70.1571,67.4
2008-07-10,70.133,68.2
2008-07-11,69.9304,68.4
2008-07-12,70.0148,68.9
2008-07-13,69.4391,68.0
2008-07-14,69.0496,67.3
2008-07-15,69.0095,67.3
2008-07-16,68.6387,67.4
2008-07-17,68.7613,67.5
2008-07-18,69.7557,66.9
2008-07-19,71.2416,67.0
2008-07-20,71.2532,67.6
2008-07-21,71.9942,67.0
2008-07-22,71.0502,67.8
2008-07-23,70.8002,68.2
2008-07-24,70.5822,67.8
2008-07-25,69.7608,68.9
2008-07-26,68.8582,67.4
2008-07-27,67.6234,68.7
2008-07-28,67.26,69.1
2008-07-29,67.8449,69.4
2008-07-30,68.198,68.6
2008-07-31,67.8992,68.0
2008-08-01,68.281,68.3
2008-08-02,67.8543,68.0
2008-08-03,68.5081,67.4
2008-08-04,69.2925,68.1
2008-08-05,69.7778,68.4
2008-08-06,70.2914,67.9
2008-08-07,69.8774,67.0
2008-08-08,70.2939,67.2
2008-08-09,71.5822,67.3
2008-08-10,72.577,67.0
2008-08-11,71.7716,66.3
2008-08-12,70.6438,66.8
2008-08-13,71.9812,67.6
2008-08-14,74.2008,68.0
2008-08-15,74.1294,68.0
2008-08-16,74.0001,68.1
2008-08-17,73.6494,67.8
2008-08-18,72.6533,67.1
2008-08-19,72.8048,67.2
2008-08-20,71.5101,67.6
2008-08-21,71.402,68.2
2008-08-22,71.5453,70.1
2008-08-23,71.6922,67.7
2008-08-24,71.2953,67.8
2008-08-25,70.7334,68.4
2008-08-26,70.8361,68.4
2008-08-27,71.002,68.4
2008-08-28,71.0278,69.6
2008-08-29,71.1429,69.8
2008-08-30,70.8952,68.8
2008-08-31,70.619,68.6
2008-09-01,70.3088,68.0
2008-09-02,70.6842,67.6
2008-09-03,70.783,67.3
2008-09-04,70.7883,67.0
2008-09-05,70.7585,66.4
2008-09-06,70.8328,65.9
2008-09-07,71.011,66.4
2008-09-08,71.0444,67.2
2008-09-09,71.4076,66.6
2008-09-10,71.8065,67.4
2008-09-11,72.4646,67.2
2008-09-12,72.1823,66.6
2008-09-13,72.5,67.5
2008-09-14,73.1072,68.5
2008-09-15,75.5812,68.7
2008-09-16,75.5084,70.5
2008-09-17,73.7967,69.7
2008-09-18,73.3636,70.5
2008-09-19,73.3954,70.0
2008-09-20,73.0879,70.5
2008-09-21,72.6201,71.4
2008-09-22,74.8037,69.5
2008-09-23,74.203,68.6
2008-09-24,73.6509,69.0
2008-09-25,72.9259,68.6
2008-09-26,72.8563,68.2
2008-09-27,72.9645,67.0
2008-09-28,72.7573,66.5
2008-09-29,72.7894,66.7
2008-09-30,72.8797,66.7
2008-10-01,72.6368,66.0
2008-10-02,72.4389,66.1
2008-10-03,72.8376,66.2
2008-10-04,72.6016,65.8
2008-10-05,72.7586,65.9
2008-10-06,73.1947,67.1
2008-10-07,72.1962,65.6
2008-10-08,72.8666,68.0
2008-10-09,72.5131,68.3
2008-10-10,72.1433,66.8
2008-10-11,74.1786,66.5
2008-10-12,72.3885,67.3
2008-10-13,71.1167,66.5
2008-10-14,70.3686,67.0
2008-10-15,71.2309,67.1
2008-10-16,72.5365,67.9
2008-10-17,72.6084,70.0
2008-10-18,72.291,69.5
2008-10-19,73.1194,67.6
2008-10-20,72.5049,66.8
2008-10-21,71.4911,66.7
2008-10-22,70.166,66.2
2008-10-23,69.6468,66.2
2008-10-24,69.4358,68.2
2008-10-25,69.8806,67.7
2008-10-26,70.2291,67.9
2008-10-27,69.8655,66.8
2008-10-28,69.3586,67.3
2008-10-29,68.9118,67.2
2008-10-30,69.3664,66.1
2008-10-31,68.7713,66.0
2008-11-01,67.7619,66.5
2008-11-02,68.0244,66.4
2008-11-03,67.2799,65.2
2008-11-04,66.4649,66.4
2008-11-05,66.8938,66.5
2008-11-06,68.9527,66.2
2008-11-07,67.9881,67.0
2008-11-08,67.7892,67.2
2008-11-09,69.0273,67.6
2008-11-10,70.0212,66.8
2008-11-11,71.4355,67.1
2008-11-12,71.1024,67.0
2008-11-13,69.8178,66.4
2008-11-14,68.3769,66.7
2008-11-15,69.8641,68.7
2008-11-16,70.3806,68.0
2008-11-17,70.3478,68.8
2008-11-18,70.4532,67.5
2008-11-19,69.1894,66.6
2008-11-20,68.3786,66.7
2008-11-21,67.0601,67.2
2008-11-22,67.4194,66.6
2008-11-23,67.5067,66.2
2008-11-24,67.081,67.0
2008-11-25,66.8896,66.9
2008-11-26,67.2272,66.2
2008-11-27,67.8332,65.5
2008-11-28,68.2116,66.3
2008-11-29,69.2287,67.1
2008-11-30,69.3763,67.0
2008-12-01,68.4196,67.0
2008-12-02,68.7885,67.1
2008-12-03,68.5779,67.5
2008-12-04,68.607,67.5
2008-12-05,68.682,66.3
2008-12-06,68.7393,67.0
2008-12-07,68.5632,66.6
2008-12-08,67.7024,67.6
2008-12-09,67.9237,67.2
2008-12-10,68.6402,66.6
2008-12-11,69.2247,66.9
2008-12-12,70.7715,66.5
2008-12-13,70.5032,66.7
2008-12-14,70.6192,66.5
2008-12-15,69.8845,67.4
2008-12-16,69.3199,68.5
2008-12-17,67.7189,67.7
2008-12-18,67.3407,67.0
2008-12-19,67.014,68.2
2008-12-20,66.8421,68.9
2008-12-21,66.0077,68.8
2008-12-22,65.6179,68.5
2008-12-23,66.3105,69.6
2008-12-24,67.1674,68.8
2008-12-25,67.4009,68.6
2008-12-26,67.1353,68.1
2008-12-27,67.1706,67.2
2008-12-28,67.1809,66.9
2008-12-29,67.8472,67.8
2008-12-30,68.8841,66.6
2008-12-31,68.6976,67.7
2009-01-01,67.9556,67.8
2009-01-02,67.5654,67.6
2009-01-03,67.8651,67.4
2009-01-04,67.7193,67.3
2009-01-05,68.0855,67.1
2009-01-06,68.5229,67.4
2009-01-07,69.2426,67.5
2009-01-08,69.8836,67.1
2009-01-09,70.2952,67.3
2009-01-10,70.1696,67.5
2009-01-11,70.3978,68.1
2009-01-12,71.3167,68.2
2009-01-13,72.4387,69.2
2009-01-14,73.1285,69.3
2009-01-15,72.1059,68.8
2009-01-16,71.6593,65.8
2009-01-17,72.4758,68.5
2009-01-18,73.008,68.0
2009-01-19,71.8985,68.3
2009-01-20,71.2354,68.4
2009-01-21,69.2826,67.9
2009-01-22,68.8282,67.9
2009-01-23,68.7096,69.0
2009-01-24,68.9945,68.2
2009-01-25,70.2459,67.4
2009-01-26,70.6912,67.6
2009-01-27,70.3135,69.1
2009-01-28,70.6433,68.8
2009-01-29,70.5711,69.3
2009-01-30,70.0711,69.5
2009-01-31,70.1394,69.3
2009-02-01,70.1248,68.6
2009-02-02,69.9448,67.6
2009-02-03,69.5759,69.3
2009-02-04,69.4656,68.1
2009-02-05,69.8652,68.0
2009-02-06,70.5616,68.0
2009-02-07,71.8453,68.6
2009-02-08,71.3492,68.1
2009-02-09,71.7718,68.0
2009-02-10,70.3221,68.0
2009-02-11,71.6118,67.9
2009-02-12,71.8682,67.2
2009-02-13,72.0536,67.8
2009-02-14,71.686,68.0
2009-02-15,71.1976,67.8
2009-02-16,71.3345,67.4
2009-02-17,72.4834,67.7
2009-02-18,71.9563,67.7
2009-02-19,71.4033,68.7
2009-02-20,70.762,68.2
2009-02-21,71.0561,67.8
2009-02-22,69.8465,68.5
2009-02-23,70.1638,68.2
2009-02-24,69.902,69.6
2009-02-25,70.2127,68.2
2009-02-26,70.4296,67.6
2009-02-27,70.6567,68.7
2009-02-28,71.0118,68.2
2009-03-01,70.6434,68.8
2009-03-02,70.7048,71.4
2009-03-03,70.837,70.4
2009-03-04,71.1398,70.7
2009-03-05,71.8482,70.8
2009-03-06,71.9604,71.1
2009-03-07,71.5489,70.7
2009-03-08,70.8983,70.6
2009-03-09,72.621,70.4
2009-03-10,74.483,70.1
2009-03-11,75.0549,70.5
2009-03-12,73.7158,68.9
2009-03-13,74.3916,70.4
2009-03-14,72.551,70.2
2009-03-15,72.5864,70.3
2009-03-16,73.4075,69.7
2009-03-17,71.7818,69.7
2009-03-18,71.9596,69.7
2009-03-19,72.4691,68.8
2009-03-20,72.5667,69.9
2009-03-21,72.2208,69.9
2009-03-22,72.2783,70.5
2009-03-23,71.8958,70.4
2009-03-24,72.1734,70.5
2009-03-25,72.1715,70.8
2009-03-26,72.1589,70.4
2009-03-27,72.8585,71.8
2009-03-28,72.5805,71.9
2009-03-29,72.2746,71.4
2009-03-30,72.0713,70.5
2009-03-31,72.8467,70.3
2009-04-01,73.0255,70.1
2009-04-02,72.7114,68.6
2009-04-03,72.4546,69.8
2009-04-04,72.2339,70.5
2009-04-05,72.7705,70.5
2009-04-06,72.269,69.6
2009-04-07,72.6418,69.4
2009-04-08,71.9511,69.7
2009-04-09,71.4849,69.2
2009-04-10,71.618,69.2
2009-04-11,71.8532,70.0
2009-04-12,72.2649,70.8
2009-04-13,72.5593,72.2
2009-04-14,74.1387,73.7
2009-04-15,73.9639,73.2
2009-04-16,73.846,73.3
2009-04-17,73.3501,75.5
2009-04-18,73.4766,75.3
2009-04-19,73.8206,75.5
2009-04-20,73.9364,75.4
2009-04-21,75.0223,75.8
2009-04-22,75.3424,75.7
2009-04-23,75.8747,74.6
2009-04-24,78.0737,74.0
2009-04-25,78.708,73.2
2009-04-26,75.5573,73.5
2009-04-27,74.2238,73.9
2009-04-28,75.5454,72.2
2009-04-29,77.416,71.0
2009-04-30,78.4072,70.7
2009-05-01,77.2706,69.9
2009-05-02,76.6636,68.5
2009-05-03,77.7777,69.6
2009-05-04,79.3455,70.1
2009-05-05,77.8858,70.4
2009-05-06,76.6281,70.4
2009-05-07,75.6643,74.6
2009-05-08,75.6311,74.0
2009-05-09,76.0362,74.6
2009-05-10,75.6623,73.1
2009-05-11,75.8002,72.2
2009-05-12,76.957,71.1
2009-05-13,78.2847,71.0
2009-05-14,77.4106,71.1
2009-05-15,76.3956,71.2
2009-05-16,75.6066,71.3
2009-05-17,75.4105,71.4
2009-05-18,75.5851,71.2
2009-05-19,75.7163,70.4
2009-05-20,75.0471,70.3
2009-05-21,75.7485,69.5
2009-05-22,76.427,70.5
2009-05-23,75.8821,70.0
2009-05-24,76.0937,69.9
2009-05-25,75.3334,69.2
2009-05-26,74.3276,68.8
2009-05-27,72.7534,69.2
2009-05-28,73.7903,70.2
2009-05-29,73.6418,70.2
2009-05-30,73.9075,69.1
2009-05-31,73.4927,70.3
2009-06-01,75.5134,69.0
2009-06-02,74.2179,69.3
2009-06-03,73.9365,69.2
2009-06-04,72.3741,70.8
2009-06-05,73.0974,70.5
2009-06-06,72.1486,69.8
2009-06-07,71.3623,68.7
2009-06-08,70.829,69.5
2009-06-09,71.0171,73.4
2009-06-10,71.6412,74.0
2009-06-11,72.4604,71.2
2009-06-12,72.7524,73.7
2009-06-13,72.8536,73.1
2009-06-14,71.9268,71.4
2009-06-15,71.5661,70.1
2009-06-16,71.6484,70.5
2009-06-17,71.0356,70.3
2009-06-18,70.4407,69.5
2009-06-19,70.0476,68.8
2009-06-20,70.3018,68.7
2009-06-21,70.5816,68.9
2009-06-22,70.4586,68.4
2009-06-23,70.1381,69.2
2009-06-24,69.572,69.9
2009-06-25,70.1157,70.4
2009-06-26,69.9597,69.9
2009-06-27,69.9928,70.0
2009-06-28,70.1854,69.9
2009-06-29,71.07,70.5
2009-06-30,70.724,71.2
2009-07-01,70.5699,69.8
2009-07-02,70.3535,70.5
2009-07-03,70.7247,70.9
2009-07-04,72.38,70.4
2009-07-05,72.7459,70.1
2009-07-06,71.7113,70.8
2009-07-07,73.7876,70.2
2009-07-08,75.1771,70.1
2009-07-09,75.7572,69.3
2009-07-10,77.0728,67.8
2009-07-11,78.6863,68.1
2009-07-12,79.0809,68.7
2009-07-13,77.5214,69.7
2009-07-14,74.8492,68.8
2009-07-15,72.4525,69.1
2009-07-16,71.8806,69.0
2009-07-17,70.8053,68.4
2009-07-18,71.8044,68.2
2009-07-19,72.1313,68.9
2009-07-20,71.5678,69.4
2009-07-21,70.856,69.8
2009-07-22,71.7262,70.6
2009-07-23,71.8135,69.8
2009-07-24,71.7946,69.1
2009-07-25,71.8096,68.7
2009-07-26,70.835,69.2
2009-07-27,70.9555,67.9
2009-07-28,71.476,68.1
2009-07-29,71.1595,68.8
2009-07-30,71.3625,69.1
2009-07-31,71.7202,68.5
2009-08-01,71.0648,68.7
2009-08-02,70.6702,69.1
2009-08-03,71.7169,69.3
2009-08-04,70.9115,69.3
2009-08-05,70.6297,68.5
2009-08-06,70.1865,69.6
2009-08-07,70.6301,70.4
2009-08-08,70.0659,69.4
2009-08-09,70.19,69.8
2009-08-10,70.0388,69.5
2009-08-11,70.0181,69.6
2009-08-12,69.4579,70.3
2009-08-13,68.7629,69.8
2009-08-14,68.7981,70.0
2009-08-15,68.5677,70.2
2009-08-16,69.0892,70.2
2009-08-17,69.1257,70.2
2009-08-18,69.4828,69.8
2009-08-19,70.6735,69.9
2009-08-20,71.431,69.8
2009-08-21,70.5922,69.9
2009-08-22,69.4296,69.5
2009-08-23,69.4687,69.8
2009-08-24,68.3635,69.6
2009-08-25,67.5287,71.1
2009-08-26,68.7271,71.9
2009-08-27,69.7621,72.5
2009-08-28,70.2662,75.3
2009-08-29,71.2964,76.6
2009-08-30,72.1252,75.0
2009-08-31,74.4771,72.8
2009-09-01,75.5239,72.2
2009-09-02,75.6045,72.6
2009-09-03,77.2235,73.5
2009-09-04,80.1827,72.5
2009-09-05,81.3724,72.1
2009-09-06,81.1369,72.2
2009-09-07,78.1321,71.7
2009-09-08,75.8548,71.7
2009-09-09,75.368,71.1
2009-09-10,75.7975,69.9
2009-09-11,75.6929,68.8
2009-09-12,76.2706,68.4
2009-09-13,77.0642,68.6
2009-09-14,78.0448,69.0
2009-09-15,77.2192,69.8
2009-09-16,75.6639,70.1
2009-09-17,75.0787,69.8
2009-09-18,74.4304,69.4
2009-09-19,74.2168,70.5
2009-09-20,74.201,70.0
2009-09-21,74.7925,69.2
2009-09-22,76.9615,70.2
2009-09-23,77.4044,69.5
2009-09-24,74.6298,70.3
2009-09-25,72.8701,70.3
2009-09-26,73.9186,70.6
2009-09-27,75.7459,70.9
2009-09-28,75.7705,72.1
2009-09-29,74.3761,74.7
2009-09-30,73.9795,74.7
2009-10-01,74.2881,80.3
2009-10-02,74.173,80.4
2009-10-03,74.1564,78.9
2009-10-04,72.6122,75.6
2009-10-05,72.2497,74.2
2009-10-06,71.8029,74.0
2009-10-07,71.5478,71.2
2009-10-08,72.0704,70.3
2009-10-09,73.019,70.3
2009-10-10,73.249,70.2
2009-10-11,72.2571,69.3
2009-10-12,71.424,69.6
2009-10-13,71.2224,69.3
2009-10-14,71.3936,69.6
2009-10-15,70.4679,70.7
2009-10-16,70.1856,71.3
2009-10-17,70.9653,71.0
2009-10-18,71.1937,71.7
2009-10-19,72.2363,72.6
2009-10-20,71.5786,73.2
2009-10-21,71.9035,73.5
2009-10-22,71.9372,74.5
2009-10-23,72.0543,75.4
2009-10-24,73.7051,74.4
2009-10-25,73.8029,74.9
2009-10-26,76.4702,74.4
2009-10-27,79.0666,74.0
2009-10-28,79.3702,74.4
2009-10-29,77.8192,73.8
2009-10-30,76.9427,72.8
2009-10-31,77.3086,72.3
2009-11-01,77.6449,72.7
2009-11-02,77.6116,71.7
2009-11-03,76.4146,70.9
2009-11-04,75.0266,70.1
2009-11-05,73.4666,70.4
2009-11-06,72.4847,70.2
2009-11-07,71.1754,69.4
2009-11-08,69.941,69.6
2009-11-09,70.1972,69.4
2009-11-10,71.1262,69.6
2009-11-11,71.8723,69.8
2009-11-12,73.3497,69.0
2009-11-13,73.8413,70.0
2009-11-14,74.41,70.8
2009-11-15,74.5903,71.6
2009-11-16,74.8286,69.9
2009-11-17,75.3605,72.2
2009-11-18,75.3434,73.1
2009-11-19,75.4495,76.2
2009-11-20,74.7004,79.0
2009-11-21,75.3885,80.6
2009-11-22,75.7341,84.2
2009-11-23,75.0432,81.6
2009-11-24,73.7218,79.1
2009-11-25,72.4444,81.0
2009-11-26,71.4597,80.0
2009-11-27,70.2876,79.5
2009-11-28,69.7296,75.9
2009-11-29,69.3772,74.6
2009-11-30,69.6594,73.5
2009-12-01,69.3136,73.4
2009-12-02,69.0765,74.3
2009-12-03,69.7241,73.3
2009-12-04,69.4829,72.7
2009-12-05,69.3737,74.3
2009-12-06,69.9796,77.2
2009-12-07,69.892,72.7
2009-12-08,70.8513,75.4
2009-12-09,72.1555,73.8
2009-12-10,72.5378,70.6
2009-12-11,71.5344,74.3
2009-12-12,72.4203,74.7
2009-12-13,73.9658,75.5
2009-12-14,75.2779,74.9
2009-12-15,75.4921,79.0
2009-12-16,76.0067,81.6
2009-12-17,78.7402,86.3
2009-12-18,78.8231,90.2
2009-12-19,78.5007,87.5
2009-12-20,79.7068,87.0
2009-12-21,80.2614,82.6
2009-12-22,81.3943,81.4
2009-12-23,81.036,79.9
2009-12-24,82.0533,78.9
2009-12-25,82.2298,81.6
2009-12-26,82.6158,79.1
2009-12-27,81.9114,80.0
2009-12-28,78.6587,79.8
2009-12-29,76.8305,82.0
2009-12-30,75.4175,81.9
2009-12-31,76.3112,78.7
2010-01-01,74.5434,77.3
2010-01-02,75.2731,75.4
2010-01-03,74.5021,74.0
2010-01-04,74.2928,71.1
2010-01-05,76.6421,72.8
2010-01-06,78.5244,73.0
2010-01-07,78.1905,73.1
2010-01-08,77.8928,73.0
2010-01-09,80.2004,72.3
2010-01-10,78.6939,71.8
2010-01-11,81.2483,75.6
2010-01-12,81.0398,85.1
2010-01-13,79.918,87.8
2010-01-14,79.6498,91.2
2010-01-15,78.7014,89.0
2010-01-16,79.654,88.9
2010-01-17,80.7321,91.8
2010-01-18,80.5929,93.1
2010-01-19,79.9494,91.8
2010-01-20,79.8102,87.2
2010-01-21,80.672,85.5
2010-01-22,81.0642,84.7
2010-01-23,82.1858,84.8
2010-01-24,82.145,83.1
2010-01-25,80.425,81.8
2010-01-26,79.4655,82.0
2010-01-27,78.9478,81.7
2010-01-28,78.5194,81.9
2010-01-29,76.9006,82.4
2010-01-30,77.0482,80.9
2010-01-31,77.2957,81.1
2010-02-01,76.8296,78.9
2010-02-02,76.9339,77.1
2010-02-03,76.4225,76.6
2010-02-04,75.7854,76.5
2010-02-05,77.4987,78.0
2010-02-06,80.5784,79.0
2010-02-07,81.8709,80.0
2010-02-08,83.8354,78.2
2010-02-09,83.6347,77.1
2010-02-10,83.7088,75.4
2010-02-11,84.9002,75.1
2010-02-12,84.7554,76.8
2010-02-13,84.5399,79.3
2010-02-14,83.6358,83.1
2010-02-15,83.7353,88.5
2010-02-16,83.9682,90.7
2010-02-17,84.5394,88.3
2010-02-18,83.8409,85.5
2010-02-19,83.732,84.3
2010-02-20,83.9165,85.9
2010-02-21,83.9471,85.0
2010-02-22,83.5289,83.7
2010-02-23,83.6938,82.8
2010-02-24,82.9386,84.1
2010-02-25,82.8338,81.9
2010-02-26,82.0022,83.3
2010-02-27,80.5552,83.9
2010-02-28,80.3259,87.1
2010-03-01,80.1044,85.5
2010-03-02,81.3025,87.8
2010-03-03,81.8679,85.7
2010-03-04,82.4638,82.9
2010-03-05,82.0062,82.6
2010-03-06,81.0664,80.9
2010-03-07,80.2541,79.1
2010-03-08,79.8473,76.1
2010-03-09,79.8415,77.4
2010-03-10,80.0335,78.7
2010-03-11,81.9426,79.3
2010-03-12,84.0872,77.7
2010-03-13,84.317,76.5
2010-03-14,83.9224,75.9
2010-03-15,83.1844,76.3
2010-03-16,83.1089,75.3
2010-03-17,83.7446,74.9
2010-03-18,84.4725,74.9
2010-03-19,83.537,75.3
2010-03-20,83.6788,75.6
2010-03-21,84.7683,75.0
2010-03-22,84.2708,75.4
2010-03-23,85.032,74.5
2010-03-24,85.1553,75.3
2010-03-25,85.7144,76.1
2010-03-26,85.5078,76.4
2010-03-27,85.4154,76.9
2010-03-28,84.8516,76.9
2010-03-29,82.8204,75.8
2010-03-30,83.0235,75.0
2010-03-31,82.1556,76.4
2010-04-01,81.6164,77.0
2010-04-02,80.5823,75.7
2010-04-03,81.1965,77.2
2010-04-04,81.127,77.3
2010-04-05,81.2969,79.8
2010-04-06,81.502,79.0
2010-04-07,80.908,80.8
2010-04-08,80.5033,81.6
2010-04-09,80.3133,83.1
2010-04-10,80.1668,84.7
2010-04-11,79.9704,80.5
2010-04-12,79.1939,80.5
2010-04-13,79.3751,80.3
2010-04-14,79.1141,76.9
2010-04-15,78.8901,75.1
2010-04-16,78.9441,75.0
2010-04-17,78.5766,72.7
2010-04-18,78.8839,70.9
2010-04-19,79.2329,71.2
2010-04-20,79.3937,71.8
2010-04-21,79.6303,70.0
2010-04-22,79.5904,70.8
2010-04-23,79.464,70.3
2010-04-24,79.7341,70.2
2010-04-25,80.4448,70.4
2010-04-26,81.3367,72.6
2010-04-27,80.5905,74.3
2010-04-28,81.5043,76.4
2010-04-29,81.4563,74.4
2010-04-30,82.4433,75.1
2010-05-01,81.9255,74.3
2010-05-02,82.2076,74.6
2010-05-03,82.6563,75.2
2010-05-04,83.1673,75.7
2010-05-05,83.8267,75.0
2010-05-06,82.0728,74.1
2010-05-07,82.4559,74.8
2010-05-08,81.9452,76.1
2010-05-09,80.5844,76.8
2010-05-10,79.2616,74.0
2010-05-11,78.337,72.4
2010-05-12,77.0678,70.0
2010-05-13,76.2829,70.6
2010-05-14,76.3497,74.0
2010-05-15,76.5289,73.7
2010-05-16,75.6713,75.2
2010-05-17,75.9383,76.9
2010-05-18,75.6915,78.6
2010-05-19,75.5802,78.7
2010-05-20,75.6601,75.1
2010-05-21,76.572,72.3
2010-05-22,77.2264,73.9
2010-05-23,78.0964,72.7
2010-05-24,77.2464,72.8
2010-05-25,78.2338,71.2
2010-05-26,78.325,72.3
2010-05-27,78.8257,74.3
2010-05-28,78.9604,75.7
2010-05-29,78.9565,76.5
2010-05-30,78.2428,76.9
2010-05-31,78.2172,76.9
2010-06-01,78.5732,76.9
2010-06-02,79.0518,75.3
2010-06-03,79.259,76.4
2010-06-04,78.5825,76.0
2010-06-05,78.1353,76.3
2010-06-06,77.1518,75.5
2010-06-07,77.0207,75.9
2010-06-08,77.2301,74.8
2010-06-09,77.0411,74.0
2010-06-10,77.6745,75.2
2010-06-11,78.5228,75.2
2010-06-12,79.1612,76.6
2010-06-13,80.0801,78.2
2010-06-14,78.4686,82.7
2010-06-15,77.0255,82.6
2010-06-16,77.5337,85.4
2010-06-17,76.1263,82.6
2010-06-18,76.0827,81.1
2010-06-19,75.2369,80.3
2010-06-20,75.5996,78.4
2010-06-21,75.4848,79.1
2010-06-22,76.0631,81.3
2010-06-23,76.3865,79.4
2010-06-24,76.5341,82.5
2010-06-25,76.5168,89.9
2010-06-26,76.5055,92.0
2010-06-27,75.8285,90.5
2010-06-28,76.2975,89.2
2010-06-29,76.1453,87.9
2010-06-30,76.39,87.9
2010-07-01,76.6954,87.1
2010-07-02,77.2668,85.2
2010-07-03,76.5424,88.0
2010-07-04,76.477,87.2
2010-07-05,77.6859,85.7
2010-07-06,78.1296,83.9
2010-07-07,78.561,82.1
2010-07-08,78.7161,81.5
2010-07-09,80.1845,83.0
2010-07-10,80.182,83.2
2010-07-11,80.4715,85.1
2010-07-12,79.2843,84.4
2010-07-13,78.376,84.1
2010-07-14,78.1092,84.9
2010-07-15,77.4532,86.5
2010-07-16,77.6136,85.8
2010-07-17,78.5417,88.1
2010-07-18,77.8628,86.0
2010-07-19,79.3988,86.0
2010-07-20,82.7692,87.4
2010-07-21,83.0857,87.8
2010-07-22,82.2847,86.9
2010-07-23,81.7911,83.1
2010-07-24,81.6898,81.8
2010-07-25,82.7871,79.8
2010-07-26,82.9398,78.9
2010-07-27,83.3443,77.3
2010-07-28,83.8325,76.3
2010-07-29,84.4756,76.5
2010-07-30,84.1591,75.2
2010-07-31,83.2086,75.1
2010-08-01,82.0646,75.0
2010-08-02,81.4647,74.8
2010-08-03,82.3392,73.3
2010-08-04,82.008,75.4
2010-08-05,83.2392,76.4
2010-08-06,83.2844,76.0
2010-08-07,83.5192,77.7
2010-08-08,84.402,78.4
2010-08-09,84.5929,78.5
2010-08-10,85.1796,83.6
2010-08-11,86.1246,83.5
2010-08-12,85.4997,81.0
2010-08-13,85.3908,77.3
2010-08-14,86.1276,75.6
2010-08-15,85.9333,74.7
2010-08-16,86.0165,76.4
2010-08-17,84.4252,79.1
2010-08-18,83.92,79.3
2010-08-19,82.8653,80.4
2010-08-20,82.4387,81.6
2010-08-21,80.9449,82.1
2010-08-22,80.1601,83.3
2010-08-23,79.8594,83.0
2010-08-24,78.9828,82.9
2010-08-25,78.5366,81.9
2010-08-26,78.478,83.3
2010-08-27,78.4028,85.2
2010-08-28,77.7176,85.4
2010-08-29,79.585,84.9
2010-08-30,80.5106,83.1
2010-08-31,80.4591,83.4
2010-09-01,81.0225,84.3
2010-09-02,81.2827,83.4
2010-09-03,80.9807,83.5
2010-09-04,83.2933,91.0
2010-09-05,83.1607,90.2
2010-09-06,83.1436,86.9
2010-09-07,82.0608,85.1
2010-09-08,81.9031,80.1
2010-09-09,81.2554,76.1
2010-09-10,81.8994,75.4
2010-09-11,82.6009,74.2
2010-09-12,82.1801,75.0
2010-09-13,81.3329,74.7
2010-09-14,81.6018,76.2
2010-09-15,81.8383,75.7
2010-09-16,82.3632,75.0
2010-09-17,82.3241,74.9
2010-09-18,82.6165,77.7
2010-09-19,83.2501,79.9
2010-09-20,84.2769,81.7
2010-09-21,85.0727,86.3
2010-09-22,85.2164,83.0
2010-09-23,85.1205,89.9
2010-09-24,84.4962,85.9
2010-09-25,84.5978,83.2
2010-09-26,85.2624,82.7
2010-09-27,84.7937,81.4
2010-09-28,84.9455,83.4
2010-09-29,88.2366,81.2
2010-09-30,88.1345,85.2
2010-10-01,86.2073,85.1
2010-10-02,85.976,86.5
2010-10-03,83.3617,85.3
2010-10-04,81.8206,84.5
2010-10-05,81.1208,83.6
2010-10-06,80.6276,80.0
2010-10-07,81.138,77.9
2010-10-08,80.6144,77.7
2010-10-09,80.8582,77.2
2010-10-10,80.2678,77.8
2010-10-11,80.1568,81.6
2010-10-12,80.1841,83.1
2010-10-13,81.5845,83.5
2010-10-14,82.1227,82.2
2010-10-15,81.9208,82.5
2010-10-16,83.4809,83.9
2010-10-17,82.1566,82.8
2010-10-18,86.3577,83.7
2010-10-19,84.9958,83.6
2010-10-20,83.7382,84.6
2010-10-21,83.457,88.8
2010-10-22,82.7692,89.8
2010-10-23,83.2974,89.1
2010-10-24,82.2528,84.5
2010-10-25,83.835,82.0
2010-10-26,84.3997,77.9
2010-10-27,84.9543,75.8
2010-10-28,85.4648,72.9
2010-10-29,84.4431,73.4
2010-10-30,84.5014,73.9
2010-10-31,83.1415,75.9
2010-11-01,81.8118,74.2
2010-11-02,81.8364,74.5
2010-11-03,81.568,77.9
2010-11-04,81.4773,80.2
2010-11-05,82.3822,84.0
2010-11-06,82.5292,84.1
2010-11-07,82.098,84.1
2010-11-08,81.6043,84.4
2010-11-09,81.6942,84.9
2010-11-10,82.3126,85.4
2010-11-11,81.9379,85.9
2010-11-12,82.3363,84.5
2010-11-13,82.3581,84.6
2010-11-14,82.809,84.2
2010-11-15,84.4698,85.8
2010-11-16,86.3327,84.3
2010-11-17,86.5036,86.7
2010-11-18,84.8639,85.0
2010-11-19,83.8296,87.5
2010-11-20,81.9553,84.2
2010-11-21,80.9298,81.4
2010-11-22,79.578,79.1
2010-11-23,79.7962,78.0
2010-11-24,80.1119,78.3
2010-11-25,81.1025,75.4
2010-11-26,80.5598,75.3
2010-11-27,80.8926,75.2
2010-11-28,82.2572,77.5
2010-11-29,82.6911,76.1
2010-11-30,84.1224,76.8
2010-12-01,84.0611,77.9
2010-12-02,83.1213,77.4
2010-12-03,83.0983,78.0
2010-12-04,83.3145,79.9
2010-12-05,83.5291,80.2
2010-12-06,83.7379,87.9
2010-12-07,83.2131,88.0
2010-12-08,83.5306,88.1
2010-12-09,84.0014,89.1
2010-12-10,85.2823,87.6
2010-12-11,84.9141,84.8
2010-12-12,85.827,83.9
2010-12-13,85.1729,83.5
2010-12-14,86.1415,82.0
2010-12-15,84.9145,80.0
2010-12-16,83.8409,80.6
2010-12-17,82.8919,79.9
2010-12-18,82.2828,77.4
2010-12-19,82.0999,76.9
2010-12-20,80.8679,76.7
2010-12-21,79.9866,77.6
2010-12-22,79.3915,77.8
2010-12-23,80.4752,79.1
2010-12-24,79.4286,78.4
2010-12-25,79.7184,78.2
2010-12-26,80.3437,79.7
2010-12-27,80.6549,84.8
2010-12-28,81.6597,84.9
2010-12-29,82.3891,81.7
2010-12-30,83.0029,79.9
2010-12-31,85.7932,78.0
2011-01-01,85.5341,77.6
2011-01-02,85.916,78.1
2011-01-03,86.5188,78.1
2011-01-04,86.2318,79.0
2011-01-05,85.1267,80.2
2011-01-06,84.7992,78.9
2011-01-07,84.6586,77.6
2011-01-08,84.0433,77.0
2011-01-09,83.2019,78.1
2011-01-10,83.2966,79.8
2011-01-11,83.7607,78.7
2011-01-12,83.1608,78.0
2011-01-13,82.2497,80.1
2011-01-14,82.2511,87.3
2011-01-15,82.1688,86.4
2011-01-16,82.3472,89.0
2011-01-17,82.5397,88.9
2011-01-18,81.8072,93.1
2011-01-19,81.1287,101.4
2011-01-20,80.931,109.8
2011-01-21,83.0011,110.0
2011-01-22,83.0928,111.4
2011-01-23,81.8846,108.3
2011-01-24,81.1827,121.9
2011-01-25,80.353,106.9
2011-01-26,80.1172,102.2
2011-01-27,80.3114,94.6
2011-01-28,80.8783,89.0
2011-01-29,81.9451,87.4
2011-01-30,83.0463,87.0
2011-01-31,82.3014,86.4
2011-02-01,81.6602,88.4
2011-02-02,81.9634,88.7
2011-02-03,81.6247,94.0
2011-02-04,82.0288,108.5
2011-02-05,81.8244,111.4
2011-02-06,81.7799,118.8
2011-02-07,83.4116,124.7
2011-02-08,86.395,132.5
2011-02-09,86.3158,140.3
2011-02-10,86.8338,149.6
2011-02-11,87.2149,147.7
2011-02-12,89.2024,141.1
2011-02-13,92.694,129.5
2011-02-14,94.6486,121.5
2011-02-15,95.8205,119.2
2011-02-16,96.0592,111.5
2011-02-17,95.1384,106.1
2011-02-18,100.6894,100.3
2011-02-19,96.0786,100.8
2011-02-20,95.0461,89.2
2011-02-21,91.8833,86.8
2011-02-22,90.2436,88.0
2011-02-23,89.8191,91.2
2011-02-24,89.8184,100.2
2011-02-25,89.5909,99.1
2011-02-26,90.5793,104.0
2011-02-27,90.7941,106.9
2011-02-28,92.756,112.0
2011-03-01,97.8891,113.9
2011-03-02,98.6073,115.1
2011-03-03,100.5099,118.1
2011-03-04,102.2246,115.9
2011-03-05,104.3848,117.3
2011-03-06,106.2851,113.1
2011-03-07,109.5787,108.7
2011-03-08,110.1578,107.4
2011-03-09,110.0416,114.0
2011-03-10,108.0585,112.7
2011-03-11,107.3967,109.3
2011-03-12,107.6885,117.2
2011-03-13,105.8778,112.5
2011-03-14,104.2854,109.0
2011-03-15,102.0942,105.3
2011-03-16,102.1943,105.2
2011-03-17,96.478,106.3
2011-03-18,95.5269,110.8
2011-03-19,96.1172,118.4
2011-03-20,97.7932,119.4
2011-03-21,101.3428,130.2
2011-03-22,100.9314,120.0
2011-03-23,102.552,115.3
2011-03-24,102.9801,111.9
2011-03-25,104.3666,111.9
2011-03-26,103.6829,118.1
2011-03-27,103.7397,114.1
2011-03-28,104.0386,116.0
2011-03-29,103.1748,120.4
2011-03-30,104.3894,118.5
2011-03-31,105.2128,113.5
2011-04-01,104.2733,110.8
2011-04-02,104.8056,109.3
2011-04-03,107.8254,111.9
2011-04-04,106.7164,111.2
2011-04-05,106.8222,111.1
2011-04-06,110.1078,107.7
2011-04-07,109.6331,111.5
2011-04-08,108.1184,108.8
2011-04-09,107.4655,108.7
2011-04-10,107.9726,106.7
2011-04-11,108.1855,103.7
2011-04-12,109.2748,104.1
2011-04-13,111.6935,104.1
2011-04-14,111.1829,105.7
2011-04-15,113.4837,99.4
2011-04-16,110.4254,96.0
2011-04-17,109.3605,94.7
2011-04-18,108.8034,93.5
2011-04-19,108.9392,93.4
2011-04-20,111.1413,96.6
2011-04-21,109.3282,94.3
2011-04-22,109.4075,93.6
2011-04-23,111.0965,92.7
2011-04-24,110.7909,86.4
2011-04-25,109.6655,85.7
2011-04-26,108.6757,85.7
2011-04-27,108.6981,86.6
2011-04-28,109.9715,86.3
2011-04-29,109.9473,83.8
2011-04-30,110.162,82.4
2011-05-01,109.1713,84.9
2011-05-02,110.7542,92.3
2011-05-03,110.2409,103.2
2011-05-04,110.3734,113.8
2011-05-05,109.536,115.0
2011-05-06,109.9643,115.2
2011-05-07,109.6839,116.8
2011-05-08,109.6391,114.8
2011-05-09,109.5069,110.2
2011-05-10,106.8825,105.8
2011-05-11,105.1629,105.9
2011-05-12,104.7053,103.2
2011-05-13,103.9625,99.3
2011-05-14,104.2015,92.9
2011-05-15,106.0644,90.2
2011-05-16,105.6728,89.4
2011-05-17,104.3677,87.2
2011-05-18,104.0009,87.3
2011-05-19,101.2573,89.4
2011-05-20,100.9734,102.5
2011-05-21,100.8586,104.8
2011-05-22,101.1054,106.6
2011-05-23,100.8279,107.6
2011-05-24,99.8778,102.4
2011-05-25,99.132,102.4
2011-05-26,99.1664,99.6
2011-05-27,100.6818,98.2
2011-05-28,105.2917,96.0
2011-05-29,109.6885,99.5
2011-05-30,110.6152,99.4
2011-05-31,110.5852,96.7
2011-06-01,110.6558,93.1
2011-06-02,108.8944,92.2
2011-06-03,106.6506,89.8
2011-06-04,105.1743,90.3
2011-06-05,106.4353,92.2
2011-06-06,105.9524,90.5
2011-06-07,104.8476,88.5
2011-06-08,102.5621,89.2
2011-06-09,100.8027,87.9
2011-06-10,100.6478,87.7
2011-06-11,99.7727,87.5
2011-06-12,99.4439,88.4
2011-06-13,100.2796,88.7
2011-06-14,105.1493,88.5
2011-06-15,104.9151,93.7
2011-06-16,105.3534,93.1
2011-06-17,106.2723,94.7
2011-06-18,105.4807,97.7
2011-06-19,105.4493,97.2
2011-06-20,104.2488,96.9
2011-06-21,103.6073,96.9
2011-06-22,102.5868,107.0
2011-06-23,103.8562,105.3
2011-06-24,103.7417,103.6
2011-06-25,102.5531,103.4
2011-06-26,100.9686,99.1
2011-06-27,100.4394,95.4
2011-06-28,99.2197,91.1
2011-06-29,98.9758,88.9
2011-06-30,99.43,89.8
2011-07-01,98.15,96.4
2011-07-02,96.7648,102.5
2011-07-03,97.2441,110.7
2011-07-04,97.5855,115.2
2011-07-05,97.0831,116.2
2011-07-06,96.7729,122.2
2011-07-07,96.9965,128.7
2011-07-08,96.4299,125.2
2011-07-09,95.561,123.5
2011-07-10,97.3308,119.7
2011-07-11,96.2864,112.5
2011-07-12,96.7344,113.2
2011-07-13,99.114,108.4
2011-07-14,98.9755,106.9
2011-07-15,98.847,100.2
2011-07-16,99.0412,92.7
2011-07-17,102.8267,86.5
2011-07-18,102.13,85.7
2011-07-19,101.4653,85.3
2011-07-20,101.4996,90.4
2011-07-21,99.8355,92.7
2011-07-22,98.137,95.4
2011-07-23,96.2229,100.0
2011-07-24,95.2211,100.2
2011-07-25,95.6616,100.6
2011-07-26,98.0565,102.9
2011-07-27,99.9735,103.3
2011-07-28,102.5004,110.7
2011-07-29,103.093,106.1
2011-07-30,103.8731,106.4
2011-07-31,105.7824,106.4
2011-08-01,108.5734,106.8
2011-08-02,108.49,106.0
2011-08-03,108.638,103.1
2011-08-04,107.6553,103.2
2011-08-05,105.4714,103.2
2011-08-06,105.4508,111.0
2011-08-07,103.6956,113.8
2011-08-08,103.008,117.5
2011-08-09,100.5207,120.8
2011-08-10,97.9729,121.5
2011-08-11,95.6806,120.7
2011-08-12,96.2813,114.2
2011-08-13,95.8631,114.5
2011-08-14,97.8405,111.7
2011-08-15,99.7726,113.4
2011-08-16,101.1818,117.8
2011-08-17,102.4574,122.9
2011-08-18,102.6536,125.5
2011-08-19,101.4934,131.0
2011-08-20,101.8246,144.3
2011-08-21,101.4741,142.3
2011-08-22,103.3068,144.6
2011-08-23,101.3613,146.2
2011-08-24,103.1219,151.6
2011-08-25,103.4144,142.2
2011-08-26,103.7695,145.5
2011-08-27,103.5561,145.3
2011-08-28,102.5979,151.9
2011-08-29,102.7547,159.3
2011-08-30,102.8474,169.8
2011-08-31,105.7587,169.8
2011-09-01,108.3916,149.0
2011-09-02,111.0685,139.6
2011-09-03,112.8784,134.0
2011-09-04,114.5815,137.0
2011-09-05,115.1147,138.5
2011-09-06,113.0174,137.2
2011-09-07,112.4222,131.1
2011-09-08,111.3478,129.1
2011-09-09,111.7241,130.4
2011-09-10,113.5438,126.7
2011-09-11,115.4102,123.9
2011-09-12,116.2648,121.9
2011-09-13,118.3324,118.2
2011-09-14,122.8099,120.7
2011-09-15,122.4352,126.0
2011-09-16,123.2284,129.7
2011-09-17,124.0999,133.5
2011-09-18,125.868,137.0
2011-09-19,122.4064,135.4
2011-09-20,123.5323,136.9
2011-09-21,124.6375,150.0
2011-09-22,126.9326,151.6
2011-09-23,130.1316,145.7
2011-09-24,134.5869,146.1
2011-09-25,136.1042,157.8
2011-09-26,131.0044,166.3
2011-09-27,128.841,162.5
2011-09-28,127.7447,153.9
2011-09-29,129.8533,143.8
2011-09-30,130.6524,137.3
2011-10-01,130.503,130.6
2011-10-02,128.4192,129.9
2011-10-03,127.917,132.2
2011-10-04,128.6397,121.4
2011-10-05,127.4142,124.9
2011-10-06,126.309,136.1
2011-10-07,125.4489,136.5
2011-10-08,129.7033,151.2
2011-10-09,129.9128,157.8
2011-10-10,130.5568,161.1
2011-10-11,131.243,169.0
2011-10-12,131.755,173.6
2011-10-13,132.71,178.9
2011-10-14,131.8498,177.7
2011-10-15,132.9164,176.7
2011-10-16,137.1084,175.2
2011-10-17,138.2726,170.4
2011-10-18,137.076,165.3
2011-10-19,137.7793,152.1
2011-10-20,141.2125,157.7
2011-10-21,143.1787,145.1
2011-10-22,143.6492,139.2
2011-10-23,140.9624,144.4
2011-10-24,137.9703,141.1
2011-10-25,136.3441,136.3
2011-10-26,133.8268,136.6
2011-10-27,133.2823,137.7
2011-10-28,133.5238,138.9
2011-10-29,128.8988,136.5
2011-10-30,130.4767,133.8
2011-10-31,134.8852,131.7
2011-11-01,135.5582,129.3
2011-11-02,140.857,131.7
2011-11-03,143.658,134.0
2011-11-04,145.5983,136.8
2011-11-05,148.6723,140.1
2011-11-06,150.5256,148.0
2011-11-07,152.3807,152.9
2011-11-08,152.2259,155.95
2011-11-09,152.5649,159.0
2011-11-10,152.1755,153.6
2011-11-11,150.964,146.6
2011-11-12,149.5558,144.5
2011-11-13,146.2016,140.4
2011-11-14,148.4031,139.2
2011-11-15,145.1086,135.8
2011-11-16,143.9386,130.2
2011-11-17,146.6471,127.5
2011-11-18,145.4686,129.0
2011-11-19,144.6334,127.9
2011-11-20,145.3487,120.3
2011-11-21,146.4245,117.2
2011-11-22,147.5609,115.8
2011-11-23,146.8526,123.3
2011-11-24,145.7702,124.1
2011-11-25,144.9735,133.0
2011-11-26,144.0496,139.9
2011-11-27,145.3975,141.1
2011-11-28,146.3718,133.7
2011-11-29,147.6209,138.1
2011-11-30,148.5948,137.2
2011-12-01,151.51,140.8
2011-12-02,153.3628,135.7
2011-12-03,153.5861,140.0
2011-12-04,154.4123,142.3
2011-12-05,152.3316,136.4
2011-12-06,149.0458,128.5
2011-12-07,148.2383,129.4
2011-12-08,146.4756,130.3
2011-12-09,145.8013,130.2
2011-12-10,144.2785,131.6
2011-12-11,141.6973,136.6
2011-12-12,139.8709,131.0
2011-12-13,140.3706,135.9
2011-12-14,140.2479,131.4
2011-12-15,137.2779,137.6
2011-12-16,135.9373,124.6
2011-12-17,135.864,116.1
2011-12-18,139.0936,113.0
2011-12-19,138.6434,120.0
2011-12-20,141.3552,128.0
2011-12-21,143.6548,129.2
2011-12-22,144.0978,135.1
2011-12-23,141.8312,134.5
2011-12-24,143.2235,143.4
2011-12-25,142.7406,146.1
2011-12-26,144.0978,136.7
2011-12-27,141.9412,137.2
2011-12-28,143.8748,136.6
2011-12-29,145.0511,139.8
2011-12-30,143.2346,131.5
2011-12-31,139.937,122.5
2012-01-01,140.7111,124.3
2012-01-02,140.9066,124.7
2012-01-03,140.5117,111.0
2012-01-04,140.696,106.6
2012-01-05,143.0135,111.0
2012-01-06,140.3452,113.1
2012-01-07,141.423,114.1
2012-01-08,139.2932,114.6
2012-01-09,140.4809,107.9
2012-01-10,134.4974,104.0
2012-01-11,130.801,99.8
2012-01-12,130.1278,108.9
2012-01-13,133.0944,104.3
2012-01-14,136.6914,94.6
2012-01-15,137.5385,96.6
2012-01-16,140.3468,107.9
2012-01-17,140.7555,109.4
2012-01-18,144.6916,107.6
2012-01-19,146.2483,105.7
2012-01-20,142.737,104.8
2012-01-21,142.9677,102.0
2012-01-22,143.0664,100.8
2012-01-23,144.0629,101.3
2012-01-24,140.9262,101.7
2012-01-25,137.068,102.9
2012-01-26,137.2045,108.7
2012-01-27,135.6853,101.0
2012-01-28,128.8577,102.0
2012-01-29,124.5263,101.2
2012-01-30,125.1519,106.7
2012-01-31,124.5998,105.9
2012-02-01,124.7932,104.9
2012-02-02,125.1587,103.5
2012-02-03,121.717,101.3
2012-02-04,120.5907,100.2
2012-02-05,118.6254,101.6
2012-02-06,123.341,106.3
2012-02-07,121.0533,114.5
2012-02-08,116.4382,118.2
2012-02-09,117.2901,129.5
2012-02-10,122.0445,136.0
2012-02-11,122.8539,133.7
2012-02-12,122.0638,137.5
2012-02-13,120.5803,143.5
2012-02-14,119.1554,146.9
2012-02-15,117.428,129.5
2012-02-16,116.21,128.7
2012-02-17,115.0981,125.0
2012-02-18,115.2312,117.5
2012-02-19,115.3004,109.4
2012-02-20,117.5469,97.6
2012-02-21,114.8855,101.4
2012-02-22,115.7421,101.1
2012-02-23,115.3386,100.9
2012-02-24,117.8631,98.8
2012-02-25,117.4809,99.2
2012-02-26,116.5814,101.7
2012-02-27,115.425,104.2
2012-02-28,112.5405,102.1
2012-02-29,111.1167,100.8
2012-03-01,111.5473,101.9
2012-03-02,113.3586,105.2
2012-03-03,116.4908,106.6
2012-03-04,117.8084,111.2
2012-03-05,121.8752,110.4
2012-03-06,125.377,109.9
2012-03-07,125.1335,107.2
2012-03-08,126.2893,105.9
2012-03-09,128.0057,103.6
2012-03-10,129.3012,102.1
2012-03-11,122.9154,101.0
2012-03-12,122.3537,97.6
2012-03-13,120.873,98.7
2012-03-14,117.7778,93.5
2012-03-15,114.451,94.9
2012-03-16,109.2745,93.7
2012-03-17,110.5898,93.8
2012-03-18,110.1855,95.8
2012-03-19,110.7904,98.3
2012-03-20,111.1228,98.8
2012-03-21,111.4099,102.4
2012-03-22,113.1205,108.8
2012-03-23,115.5826,114.7
2012-03-24,115.0611,122.6
2012-03-25,114.6419,139.1
2012-03-26,115.8172,143.1
2012-03-27,116.1908,150.6
2012-03-28,116.5661,149.5
2012-03-29,118.3016,143.4
2012-03-30,116.648,135.2
2012-03-31,114.9612,128.8
2012-04-01,112.4239,120.7
2012-04-02,111.655,119.5
2012-04-03,110.794,122.8
2012-04-04,110.7384,117.7
2012-04-05,110.8818,115.9
2012-04-06,109.8384,111.6
2012-04-07,110.4784,117.4
2012-04-08,109.2135,115.9
2012-04-09,109.8273,115.9
2012-04-10,109.4809,118.1
2012-04-11,110.0564,119.4
2012-04-12,110.6493,123.9
2012-04-13,111.5997,125.1
2012-04-14,110.8519,129.8
2012-04-15,111.49,133.3
2012-04-16,113.8361,139.2
2012-04-17,115.468,132.2
2012-04-18,117.1895,133.3
2012-04-19,122.9279,132.9
2012-04-20,123.8409,131.9
2012-04-21,126.2153,133.9
2012-04-22,125.7244,139.5
2012-04-23,124.842,135.3
2012-04-24,123.1689,134.1
2012-04-25,121.5807,134.0
2012-04-26,118.375,128.2
2012-04-27,118.0723,124.3
2012-04-28,119.1026,120.2
2012-04-29,116.9609,118.5
2012-04-30,116.1405,120.3
2012-05-01,115.7211,112.9
2012-05-02,118.3935,113.7
2012-05-03,118.7163,113.3
2012-05-04,119.5535,109.3
2012-05-05,121.3149,114.1
2012-05-06,122.8709,120.6
2012-05-07,125.6854,132.2
2012-05-08,126.4184,132.9
2012-05-09,128.0154,133.2
2012-05-10,128.8245,131.9
2012-05-11,130.6837,142.8
2012-05-12,128.3829,138.5
2012-05-13,128.5655,132.1
2012-05-14,127.8763,127.9
2012-05-15,126.855,132.3
2012-05-16,127.1332,132.3
2012-05-17,128.8838,138.1
2012-05-18,128.5854,145.8
2012-05-19,129.3691,147.3
2012-05-20,130.6062,144.8
2012-05-21,129.7895,149.6
2012-05-22,129.8093,138.8
2012-05-23,129.7586,128.0
2012-05-24,130.2768,121.9
2012-05-25,131.8304,113.5
2012-05-26,129.8206,107.1
2012-05-27,130.9365,100.9
2012-05-28,131.6673,91.4
2012-05-29,129.9041,86.8
2012-05-30,131.2243,88.1
2012-05-31,132.1129,91.5
2012-06-01,134.3506,102.5
2012-06-02,132.8376,109.9
2012-06-03,131.5008,123.7
2012-06-04,130.2972,121.3
2012-06-05,132.4366,128.2
2012-06-06,130.248,137.9
2012-06-07,128.4588,142.0
2012-06-08,126.8107,150.7
2012-06-09,128.416,152.5
2012-06-10,128.7559,170.1
2012-06-11,131.1715,163.0
2012-06-12,134.008,163.7
2012-06-13,135.5515,183.7
2012-06-14,135.4584,179.6
2012-06-15,138.3828,179.2
2012-06-16,134.9785,167.1
2012-06-17,130.8312,170.9
2012-06-18,128.5416,152.1
2012-06-19,125.9316,152.8
2012-06-20,123.3881,145.1
2012-06-21,120.5355,142.5
2012-06-22,116.0565,131.7
2012-06-23,112.9806,113.1
2012-06-24,112.3013,103.2
2012-06-25,113.4095,95.3
2012-06-26,118.7514,92.8
2012-06-27,121.4699,96.7
2012-06-28,126.1087,99.8
2012-06-29,124.8934,105.7
2012-06-30,127.23,108.7
2012-07-01,130.5315,118.3
2012-07-02,133.0768,127.1
2012-07-03,136.2221,130.5
2012-07-04,138.0543,135.4
2012-07-05,144.8652,140.1
2012-07-06,143.5739,144.0
2012-07-07,144.5999,146.0
2012-07-08,150.0732,138.6
2012-07-09,149.6071,143.8
2012-07-10,150.395,142.7
2012-07-11,147.0135,137.9
2012-07-12,148.1976,137.9
2012-07-13,143.3977,132.1
2012-07-14,144.1516,137.0
2012-07-15,142.0906,134.8
2012-07-16,141.6147,128.8
2012-07-17,139.166,123.0
2012-07-18,132.5521,115.3
2012-07-19,128.5644,110.9
2012-07-20,125.0493,108.5
2012-07-21,124.2931,103.2
2012-07-22,125.0482,100.8
2012-07-23,125.932,97.7
2012-07-24,128.9073,99.4
2012-07-25,130.2009,98.5
2012-07-26,134.3551,98.5
2012-07-27,137.3376,96.4
2012-07-28,139.0045,96.9
2012-07-29,141.1308,98.8
2012-07-30,142.493,106.4
2012-07-31,142.8355,108.1
2012-08-01,143.3507,115.6
2012-08-02,141.1968,113.7
2012-08-03,143.0072,113.4
2012-08-04,142.4388,120.6
2012-08-05,140.972,130.2
2012-08-06,140.4806,132.9
2012-08-07,137.0803,148.2
2012-08-08,138.4482,144.7
2012-08-09,136.169,144.0
2012-08-10,133.4066,139.9
2012-08-11,131.6023,134.9
2012-08-12,130.0858,130.0
2012-08-13,128.9644,135.4
2012-08-14,127.8255,130.5
2012-08-15,125.898,124.8
2012-08-16,124.443,112.8
2012-08-17,122.041,106.4
2012-08-18,123.0631,103.8
2012-08-19,122.7183,100.3
2012-08-20,122.8684,101.7
2012-08-21,121.5228,98.6
2012-08-22,120.1338,98.3
2012-08-23,118.6475,102.5
2012-08-24,119.5739,105.3
2012-08-25,119.8419,110.8
2012-08-26,122.8974,118.4
2012-08-27,121.9194,117.8
2012-08-28,120.9925,125.3
2012-08-29,123.4853,134.4
2012-08-30,127.2097,137.4
2012-08-31,127.1441,140.6
2012-09-01,132.4919,139.9
2012-09-02,132.8816,133.8
2012-09-03,134.1291,138.3
2012-09-04,133.0854,136.4
2012-09-05,130.5085,135.9
2012-09-06,129.7743,128.3
2012-09-07,131.2018,118.3
2012-09-08,129.1014,111.8
2012-09-09,126.2931,109.5
2012-09-10,121.76,106.1
2012-09-11,120.1935,98.7
2012-09-12,119.6217,97.9
2012-09-13,119.0791,103.2
2012-09-14,121.3865,105.9
2012-09-15,120.902,111.6
2012-09-16,121.1665,116.2
2012-09-17,122.9064,121.3
2012-09-18,124.7348,124.3
2012-09-19,127.3878,131.3
2012-09-20,130.0139,135.9
2012-09-21,128.6829,136.1
2012-09-22,130.852,134.1
2012-09-23,133.8206,136.5
2012-09-24,133.6125,140.3
2012-09-25,133.7436,150.1
2012-09-26,132.9294,142.8
2012-09-27,129.8132,153.9
2012-09-28,130.7729,140.1
2012-09-29,129.1891,134.1
2012-09-30,130.0895,128.5
2012-10-01,126.9283,129.1
2012-10-02,123.3739,120.2
2012-10-03,121.4978,115.4
2012-10-04,122.2229,106.9
2012-10-05,121.9414,104.8
2012-10-06,118.7932,102.7
2012-10-07,118.4167,96.8
2012-10-08,120.2758,94.9
2012-10-09,120.9081,91.8
2012-10-10,123.2848,93.4
2012-10-11,126.5548,94.9
2012-10-12,128.871,96.9
2012-10-13,130.2566,99.8
2012-10-14,132.6472,102.2
2012-10-15,133.069,112.9
2012-10-16,131.6227,119.8
2012-10-17,129.9483,130.6
2012-10-18,129.5884,140.8
2012-10-19,130.1705,143.1
2012-10-20,132.8314,139.1
2012-10-21,129.4675,138.6
2012-10-22,132.2356,135.2
2012-10-23,126.3508,132.4
2012-10-24,124.2805,137.7
2012-10-25,122.3859,130.7
2012-10-26,122.4273,137.8
2012-10-27,120.2225,137.0
2012-10-28,119.0036,124.5
2012-10-29,118.1623,123.5
2012-10-30,117.9232,115.0
2012-10-31,117.994,118.4
2012-11-01,115.8912,118.6
2012-11-02,115.236,114.0
2012-11-03,113.2825,111.2
2012-11-04,113.5506,110.0
2012-11-05,114.5033,107.5
2012-11-06,115.4849,98.8
2012-11-07,116.6001,94.9
2012-11-08,117.0705,93.9
2012-11-09,120.9997,93.4
2012-11-10,122.9462,92.7
2012-11-11,125.7663,94.6
2012-11-12,128.4712,94.2
2012-11-13,128.6995,98.1
2012-11-14,126.987,100.6
2012-11-15,125.9781,100.9
2012-11-16,125.0235,100.5
2012-11-17,124.4924,108.4
2012-11-18,126.0886,113.0
2012-11-19,123.7163,115.5
2012-11-20,126.3562,118.5
2012-11-21,126.69,115.8
2012-11-22,123.8089,111.3
2012-11-23,124.2976,112.5
2012-11-24,122.2762,109.8
2012-11-25,123.6533,110.4
2012-11-26,123.4183,110.9
2012-11-27,121.1177,111.6
2012-11-28,119.768,110.4
2012-11-29,119.4809,109.4
2012-11-30,118.2752,109.3
2012-12-01,113.8014,106.2
2012-12-02,111.2275,103.2
2012-12-03,109.3867,102.3
2012-12-04,109.2342,100.9
2012-12-05,109.1333,103.2
2012-12-06,109.5661,109.8
2012-12-07,108.8642,113.9
2012-12-08,110.93,115.0
2012-12-09,112.4504,124.6
2012-12-10,112.31,138.4
2012-12-11,113.093,140.3
2012-12-12,117.9238,137.5
2012-12-13,120.9868,144.8
2012-12-14,122.1094,150.5
2012-12-15,123.7161,163.8
2012-12-16,123.0536,168.2
2012-12-17,121.8805,166.7
2012-12-18,122.6034,163.0
2012-12-19,121.5568,151.4
2012-12-20,121.6474,149.1
2012-12-21,121.7098,135.2
2012-12-22,121.8862,132.6
2012-12-23,121.3727,118.8
2012-12-24,120.3405,111.5
2012-12-25,121.0479,103.3
2012-12-26,120.7694,103.2
2012-12-27,118.9672,104.9
2012-12-28,118.3173,106.9
2012-12-29,117.8268,101.6
2012-12-30,119.0498,100.2
2012-12-31,121.6746,97.5
2013-01-01,122.9272,96.3
2013-01-02,124.3192,94.7
2013-01-03,128.3335,94.7
2013-01-04,133.7249,92.6
2013-01-05,134.8322,93.8
2013-01-06,134.7608,99.7
2013-01-07,137.751,100.7
2013-01-08,139.628,108.6
2013-01-09,142.5064,107.9
2013-01-10,142.7054,103.7
2013-01-11,141.4508,102.2
2013-01-12,140.5763,100.7
2013-01-13,137.2469,100.0
2013-01-14,136.6828,101.4
2013-01-15,131.6632,104.8
2013-01-16,130.7113,103.2
2013-01-17,125.5548,102.5
2013-01-18,122.3454,99.2
2013-01-19,118.9249,97.8
2013-01-20,118.8255,97.0
2013-01-21,119.2883,97.7
2013-01-22,119.3378,100.8
2013-01-23,116.9733,103.1
2013-01-24,116.1255,102.3
2013-01-25,115.5106,109.9
2013-01-26,114.7952,111.0
2013-01-27,114.587,106.2
2013-01-28,114.5034,104.7
2013-01-29,113.2591,97.5
2013-01-30,113.0633,93.0
2013-01-31,115.2162,93.5
2013-02-01,114.2443,96.8
2013-02-02,117.4978,100.0
2013-02-03,116.0124,103.6
2013-02-04,113.1858,110.6
2013-02-05,111.7976,109.1
2013-02-06,110.6601,110.1
2013-02-07,109.6616,112.4
2013-02-08,108.9607,116.6
2013-02-09,109.3752,112.6
2013-02-10,108.0415,112.1
2013-02-11,107.4764,113.3
2013-02-12,106.0082,114.6
2013-02-13,105.3166,117.7
2013-02-14,104.799,118.2
2013-02-15,104.9364,121.5
2013-02-16,106.7647,121.5
2013-02-17,107.457,121.5
2013-02-18,106.8123,121.8
2013-02-19,109.5012,124.8
2013-02-20,110.1009,124.5
2013-02-21,109.1416,116.6
2013-02-22,109.4847,109.5
2013-02-23,107.1522,106.7
2013-02-24,104.9728,105.3
2013-02-25,103.891,100.2
2013-02-26,104.6495,97.6
2013-02-27,105.9573,95.4
2013-02-28,107.4468,92.2
2013-03-01,111.4818,92.0
2013-03-02,111.7308,92.6
2013-03-03,112.8639,98.3
2013-03-04,113.4833,104.8
2013-03-05,116.1199,108.2
2013-03-06,115.7836,113.1
2013-03-07,116.2066,119.0
2013-03-08,117.6899,122.1
2013-03-09,118.5422,127.0
2013-03-10,119.597,128.6
2013-03-11,117.7726,134.5
2013-03-12,118.8485,137.3
2013-03-13,118.9129,138.2
2013-03-14,118.4813,139.6
2013-03-15,118.5017,147.0
2013-03-16,119.8618,148.6
2013-03-17,119.8818,137.8
2013-03-18,118.0364,138.6
2013-03-19,115.4994,125.8
2013-03-20,115.1405,117.5
2013-03-21,115.38,114.1
2013-03-22,113.4872,114.1
2013-03-23,113.7738,109.0
2013-03-24,113.235,105.9
2013-03-25,112.1564,100.3
2013-03-26,112.8775,105.9
2013-03-27,114.0924,110.5
2013-03-28,116.9145,114.1
2013-03-29,119.5903,118.8
2013-03-30,120.7258,116.1
2013-03-31,122.9497,120.7
2013-04-01,124.022,123.5
2013-04-02,124.6212,128.8
2013-04-03,126.1551,133.5
2013-04-04,125.0399,144.5
2013-04-05,125.7806,156.7
2013-04-06,125.689,161.7
2013-04-07,125.0406,151.8
2013-04-08,124.4635,150.4
2013-04-09,125.774,144.1
2013-04-10,125.6559,139.5
2013-04-11,122.5712,133.0
2013-04-12,123.3103,131.1
2013-04-13,120.1545,129.3
2013-04-14,118.4564,130.9
2013-04-15,118.362,127.3
2013-04-16,119.6396,139.4
2013-04-17,118.3784,150.4
2013-04-18,118.4694,153.5
2013-04-19,116.7704,151.1
2013-04-20,120.0315,148.8
2013-04-21,122.7283,148.0
2013-04-22,124.8131,139.6
2013-04-23,126.3472,135.2
2013-04-24,125.2902,138.5
2013-04-25,126.1959,135.2
2013-04-26,126.2102,128.4
2013-04-27,125.7199,136.7
2013-04-28,126.3034,137.9
2013-04-29,128.9384,130.6
2013-04-30,132.4028,124.5
2013-05-01,134.2168,123.2
2013-05-02,131.345,113.1
2013-05-03,131.6279,107.6
2013-05-04,130.5839,109.8
2013-05-05,129.5904,106.9
2013-05-06,128.8895,104.7
2013-05-07,129.2788,108.8
2013-05-08,129.8959,114.1
2013-05-09,131.0436,115.0
2013-05-10,130.361,113.1
2013-05-11,134.9268,112.1
2013-05-12,138.7924,112.3
2013-05-13,140.8506,112.6
2013-05-14,140.7907,106.3
2013-05-15,140.8659,99.0
2013-05-16,141.3543,96.2
2013-05-17,138.2671,92.3
2013-05-18,135.8556,96.2
2013-05-19,136.4343,102.0
2013-05-20,134.9142,112.6
2013-05-21,131.1902,114.5
2013-05-22,134.5097,119.7
2013-05-23,133.856,127.8
2013-05-24,130.8927,128.8
2013-05-25,127.7569,127.4
2013-05-26,127.2472,130.5
2013-05-27,122.9835,137.6
2013-05-28,120.8472,134.2
2013-05-29,122.0026,132.4
2013-05-30,120.5953,124.6
2013-05-31,119.5215,112.9
2013-06-01,120.2592,110.1
2013-06-02,121.9111,102.9
2013-06-03,122.6833,104.3
2013-06-04,122.4524,103.6
2013-06-05,122.6578,106.3
2013-06-06,122.4307,111.4
2013-06-07,121.7467,118.1
2013-06-08,118.149,128.7
2013-06-09,113.7874,142.3
2013-06-10,111.0876,145.6
2013-06-11,109.1222,138.7
2013-06-12,111.0458,129.8
2013-06-13,113.6859,123.3
2013-06-14,118.2501,124.0
2013-06-15,119.168,121.9
2013-06-16,121.3817,117.1
2013-06-17,124.5905,121.6
2013-06-18,125.1241,117.8
2013-06-19,124.6926,116.7
2013-06-20,125.9399,117.9
2013-06-21,128.5695,117.6
2013-06-22,127.8059,114.9
2013-06-23,127.5622,118.6
2013-06-24,124.9782,117.3
2013-06-25,120.9854,116.1
2013-06-26,119.1789,112.9
2013-06-27,114.697,113.4
2013-06-28,115.1634,110.1
2013-06-29,114.4594,111.0
2013-06-30,115.6843,110.3
2013-07-01,118.8607,112.9
2013-07-02,121.2393,111.3
2013-07-03,125.2851,112.7
2013-07-04,130.6422,115.6
2013-07-05,132.2887,116.5
2013-07-06,130.7723,112.0
2013-07-07,128.03,115.4
2013-07-08,126.1943,116.2
2013-07-09,126.2619,110.5
2013-07-10,126.111,107.9
2013-07-11,125.6867,107.3
2013-07-12,129.0478,106.8
2013-07-13,128.059,108.5
2013-07-14,128.077,107.3
2013-07-15,129.1031,106.5
2013-07-16,129.4698,105.3
2013-07-17,129.9318,113.4
2013-07-18,132.5758,117.2
2013-07-19,133.2524,125.1
2013-07-20,133.4386,128.5
2013-07-21,131.9239,125.8
2013-07-22,131.4666,122.9
2013-07-23,129.3684,126.3
2013-07-24,127.6582,129.2
2013-07-25,127.2034,131.4
2013-07-26,128.3004,134.6
2013-07-27,127.9178,133.4
2013-07-28,128.0688,134.5
2013-07-29,130.1218,126.8
2013-07-30,131.4342,119.9
2013-07-31,129.0047,115.0
2013-08-01,129.1086,113.5
2013-08-02,128.3501,111.9
2013-08-03,126.7099,110.3
2013-08-04,125.2116,111.0
2013-08-05,125.071,109.5
2013-08-06,124.0523,109.5
2013-08-07,124.6487,105.6
2013-08-08,123.844,107.5
2013-08-09,123.3806,107.9
2013-08-10,123.061,111.1
2013-08-11,125.689,111.9
2013-08-12,127.2474,102.9
2013-08-13,128.9754,100.0
2013-08-14,129.2157,97.1
2013-08-15,128.32,95.6
2013-08-16,127.0057,96.2
2013-08-17,128.6009,94.1
2013-08-18,129.9524,94.1
2013-08-19,130.2705,92.7
2013-08-20,131.5674,93.6
2013-08-21,130.6055,93.8
2013-08-22,130.4386,95.5
2013-08-23,127.5355,99.7
2013-08-24,124.5275,105.1
2013-08-25,122.5496,108.9
2013-08-26,121.4259,110.0
2013-08-27,120.1463,111.2
2013-08-28,120.7841,111.9
2013-08-29,121.7332,108.5
2013-08-30,121.9501,110.9
2013-08-31,121.9552,111.7
2013-09-01,120.3772,110.5
2013-09-02,120.1647,108.3
2013-09-03,119.7419,106.0
2013-09-04,119.7272,104.6
2013-09-05,119.5345,105.2
2013-09-06,114.7956,107.0
2013-09-07,112.811,108.3
2013-09-08,110.9703,113.9
2013-09-09,110.2636,109.2
2013-09-10,110.7718,105.9
2013-09-11,109.5868,106.5
2013-09-12,109.7526,111.8
2013-09-13,109.0458,111.7
2013-09-14,109.1427,113.1
2013-09-15,109.2872,120.3
2013-09-16,110.1348,128.5
2013-09-17,111.861,127.3
2013-09-18,114.4189,128.6
2013-09-19,116.6095,124.3
2013-09-20,116.741,124.5
2013-09-21,117.392,127.2
2013-09-22,116.369,135.1
2013-09-23,114.5767,138.8
2013-09-24,114.4747,131.6
2013-09-25,114.0614,132.2
2013-09-26,111.6936,134.5
2013-09-27,110.5251,144.8
2013-09-28,110.0871,151.1
2013-09-29,108.0438,158.8
2013-09-30,108.0577,159.6
2013-10-01,108.6178,169.7
2013-10-02,109.2258,164.8
2013-10-03,112.5997,157.8
2013-10-04,112.6609,150.6
2013-10-05,111.9741,139.9
2013-10-06,113.3915,140.5
2013-10-07,116.5478,144.2
2013-10-08,117.2422,139.4
2013-10-09,118.0343,141.1
2013-10-10,121.2004,144.9
2013-10-11,124.2503,145.9
2013-10-12,122.7531,150.8
2013-10-13,122.2485,145.3
2013-10-14,120.6814,143.3
2013-10-15,120.7962,145.2
2013-10-16,122.2728,151.1
2013-10-17,125.3928,160.4
2013-10-18,126.6431,164.0
2013-10-19,124.5421,167.4
2013-10-20,125.7473,172.0
2013-10-21,126.3922,174.0
2013-10-22,130.2396,170.6
2013-10-23,133.3426,172.9
2013-10-24,135.7156,159.5
2013-10-25,137.2272,149.3
2013-10-26,140.8868,143.5
2013-10-27,141.2232,137.8
2013-10-28,140.8801,139.2
2013-10-29,140.9663,132.2
2013-10-30,139.1148,123.9
2013-10-31,140.4262,116.0
2013-11-01,142.7915,112.4
2013-11-02,141.8512,125.6
2013-11-03,142.6519,129.3
2013-11-04,143.8203,125.0
2013-11-05,143.2028,127.6
2013-11-06,143.7257,126.9
2013-11-07,140.9724,130.0
2013-11-08,139.8548,131.9
2013-11-09,139.7732,134.0
2013-11-10,141.6499,145.3
2013-11-11,144.7141,146.1
2013-11-12,145.9445,152.3
2013-11-13,147.2572,160.6
2013-11-14,148.71,163.1
2013-11-15,149.8862,169.9
2013-11-16,149.6675,165.6
2013-11-17,151.4548,159.8
2013-11-18,148.5699,158.1
2013-11-19,145.613,159.0
2013-11-20,144.1816,151.3
2013-11-21,142.1048,149.4
2013-11-22,142.3151,153.9
2013-11-23,140.2886,151.1
2013-11-24,137.1542,148.5
2013-11-25,133.7811,144.4
2013-11-26,131.7909,139.5
2013-11-27,136.8057,133.4
2013-11-28,137.6452,131.6
2013-11-29,135.5847,124.1
2013-11-30,136.8091,118.7
2013-12-01,136.4974,120.6
2013-12-02,137.7879,126.3
2013-12-03,138.7393,130.1
2013-12-04,139.8451,132.5
2013-12-05,143.495,138.2
2013-12-06,143.9642,140.5
2013-12-07,145.7954,154.3
2013-12-08,149.2128,155.2
2013-12-09,150.3925,176.3
2013-12-10,152.6884,206.2
2013-12-11,151.0499,210.3
2013-12-12,149.6348,197.2
2013-12-13,149.7221,193.3
2013-12-14,150.3219,188.2
2013-12-15,147.3991,178.1
2013-12-16,146.8744,169.4
2013-12-17,149.0639,160.7
2013-12-18,148.9554,150.2
2013-12-19,148.5961,138.7
2013-12-20,147.682,132.6
2013-12-21,146.7882,122.1
2013-12-22,145.2712,117.1
2013-12-23,143.5365,124.7
2013-12-24,140.82,125.5
2013-12-25,138.4209,123.4
2013-12-26,139.7329,133.0
2013-12-27,141.7684,141.4
2013-12-28,143.4889,138.9
2013-12-29,144.6207,132.1
2013-12-30,146.4324,131.3
2013-12-31,147.387,129.1
2014-01-01,152.7836,133.7
2014-01-02,153.287,139.6
2014-01-03,160.5527,152.5
2014-01-04,169.578,151.8
2014-01-05,171.287,155.8
2014-01-06,168.6688,160.9
2014-01-07,168.1816,171.6
2014-01-08,167.1097,184.4
2014-01-09,164.1854,183.0
2014-01-10,162.6149,182.9
2014-01-11,159.7217,188.1
2014-01-12,156.6153,186.1
2014-01-13,151.8549,173.2
2014-01-14,148.882,167.2
2014-01-15,143.6793,164.6
2014-01-16,141.4106,156.8
2014-01-17,143.8705,167.8
2014-01-18,144.0172,156.1
2014-01-19,143.1913,162.5
2014-01-20,147.6211,162.5
2014-01-21,150.2042,158.1
2014-01-22,149.549,150.2
2014-01-23,147.4542,148.9
2014-01-24,146.8576,147.9
2014-01-25,145.7182,154.2
2014-01-26,147.1892,153.0
2014-01-27,148.8764,153.4
2014-01-28,153.0442,159.7
2014-01-29,151.8153,168.2
2014-01-30,152.5278,167.2
2014-01-31,153.6149,170.4
2014-02-01,157.7194,174.7
2014-02-02,161.6717,172.4
2014-02-03,161.2527,167.5
2014-02-04,161.3018,161.6
2014-02-05,162.761,158.5
2014-02-06,163.13,158.3
2014-02-07,159.2927,155.4
2014-02-08,158.1556,146.7
2014-02-09,157.7356,146.5
2014-02-10,155.3897,146.0
2014-02-11,159.47,139.5
2014-02-12,156.3631,143.8
2014-02-13,158.9112,149.5
2014-02-14,159.9044,162.5
2014-02-15,158.7279,167.1
2014-02-16,156.3666,145.9
2014-02-17,156.0863,142.1
2014-02-18,156.3371,137.5
2014-02-19,158.545,134.2
2014-02-20,157.6652,135.1
2014-02-21,157.6894,137.0
2014-02-22,160.3603,147.9
2014-02-23,163.7024,150.1
2014-02-24,163.5509,151.4
2014-02-25,165.262,153.8
2014-02-26,167.082,156.0
2014-02-27,166.2248,157.7
2014-02-28,165.0219,152.0
2014-03-01,162.8161,152.5
2014-03-02,162.2446,144.2
2014-03-03,162.4283,145.9
2014-03-04,161.7451,142.3
2014-03-05,158.7373,148.1
2014-03-06,158.3353,152.1
2014-03-07,158.3303,153.1
2014-03-08,156.2174,154.6
2014-03-09,158.2223,153.0
2014-03-10,160.4283,157.0
2014-03-11,165.5629,142.3
2014-03-12,167.5351,141.2
2014-03-13,160.9845,140.2
2014-03-14,159.6262,132.4
2014-03-15,157.774,131.0
2014-03-16,155.9194,137.3
2014-03-17,155.8412,138.2
2014-03-18,156.3476,136.5
2014-03-19,160.2144,137.9
2014-03-20,161.1576,151.2
2014-03-21,162.0472,163.0
2014-03-22,163.0434,185.2
2014-03-23,163.398,180.3
2014-03-24,164.1439,173.7
2014-03-25,161.8153,170.8
2014-03-26,161.5292,164.1
2014-03-27,158.4499,160.4
2014-03-28,159.4841,146.3
2014-03-29,157.7184,137.6
2014-03-30,158.9078,131.6
2014-03-31,158.8738,126.2
2014-04-01,158.3704,122.3
2014-04-02,158.6959,119.6
2014-04-03,158.1684,122.5
2014-04-04,159.6256,121.8
2014-04-05,154.5373,125.5
2014-04-06,154.0919,127.7
2014-04-07,154.0657,137.6
2014-04-08,150.2857,134.8
2014-04-09,149.8532,133.7
2014-04-10,152.5816,141.5
2014-04-11,153.2591,141.3
2014-04-12,152.5001,148.6
2014-04-13,152.6826,150.8
2014-04-14,157.8374,155.2
2014-04-15,161.6333,155.1
2014-04-16,169.4403,167.7
2014-04-17,168.2648,166.3
2014-04-18,166.873,162.7
2014-04-19,166.1195,166.7
2014-04-20,163.9044,155.5
2014-04-21,161.9022,141.8
2014-04-22,156.2159,136.6
2014-04-23,151.4083,130.4
2014-04-24,147.3039,119.7
2014-04-25,143.4479,120.1
2014-04-26,140.4392,116.7
2014-04-27,139.2494,114.1
2014-04-28,140.3287,119.2
2014-04-29,140.0665,127.7
2014-04-30,141.5392,116.0
2014-05-01,143.085,111.1
2014-05-02,148.2139,108.7
2014-05-03,147.4472,102.1
2014-05-04,147.2505,105.5
2014-05-05,150.4707,104.4
2014-05-06,151.1573,106.6
2014-05-07,154.0375,106.2
2014-05-08,154.8687,108.3
2014-05-09,156.3046,110.1
2014-05-10,156.6452,108.5
2014-05-11,160.5474,113.8
2014-05-12,159.5618,136.9
2014-05-13,158.3018,140.8
2014-05-14,159.5361,153.1
2014-05-15,155.5876,166.1
2014-05-16,149.6374,171.3
2014-05-17,147.3026,173.6
2014-05-18,144.6498,179.8
2014-05-19,139.6181,157.5
2014-05-20,139.2594,148.0
2014-05-21,137.9416,134.3
2014-05-22,136.1944,120.5
2014-05-23,138.5247,118.0
2014-05-24,142.2156,114.4
2014-05-25,138.0932,114.7
2014-05-26,136.4434,105.5
2014-05-27,134.946,104.5
2014-05-28,132.1448,97.3
2014-05-29,133.2248,95.6
2014-05-30,132.0408,96.6
2014-05-31,133.3475,100.2
2014-06-01,132.9948,103.3
2014-06-02,133.79,107.6
2014-06-03,134.113,118.4
2014-06-04,133.2178,129.9
2014-06-05,135.0078,145.2
2014-06-06,143.5782,156.9
2014-06-07,144.3799,175.1
2014-06-08,148.2289,184.1
2014-06-09,152.5736,193.9
2014-06-10,154.6387,199.4
2014-06-11,155.6148,207.7
2014-06-12,157.0925,204.5
2014-06-13,150.1168,208.1
2014-06-14,146.553,205.0
2014-06-15,141.2995,183.3
2014-06-16,135.499,171.8
2014-06-17,134.6259,149.9
2014-06-18,133.7572,131.0
2014-06-19,134.605,113.0
2014-06-20,130.9988,103.9
2014-06-21,130.2898,95.1
2014-06-22,126.1332,91.5
2014-06-23,124.7476,91.4
2014-06-24,124.4257,88.9
2014-06-25,125.2906,89.9
2014-06-26,126.2236,93.0
2014-06-27,127.7851,95.5
2014-06-28,132.279,102.2
2014-06-29,136.5107,107.4
2014-06-30,142.2287,109.9
2014-07-01,146.5879,120.1
2014-07-02,152.4262,125.2
2014-07-03,155.977,136.3
2014-07-04,158.8292,146.0
2014-07-05,160.236,156.6
2014-07-06,162.3612,161.1
2014-07-07,161.4601,173.5
2014-07-08,162.4782,160.2
2014-07-09,162.0306,156.2
2014-07-10,155.9067,143.3
2014-07-11,152.0953,143.3
2014-07-12,144.7802,140.5
2014-07-13,137.6988,140.0
2014-07-14,130.4398,126.4
2014-07-15,126.2326,116.3
2014-07-16,122.1633,111.3
2014-07-17,120.4119,107.3
2014-07-18,120.6456,106.8
2014-07-19,119.0456,105.6
2014-07-20,119.869,105.4
2014-07-21,121.5289,116.0
2014-07-22,122.6282,114.8
2014-07-23,125.2651,117.9
2014-07-24,127.5351,113.3
2014-07-25,128.4705,113.3
2014-07-26,132.3805,121.1
2014-07-27,134.1087,131.3
2014-07-28,138.2517,129.3
2014-07-29,141.014,134.9
2014-07-30,144.43,144.0
2014-07-31,145.8631,140.2
2014-08-01,148.5902,130.8
2014-08-02,143.1088,125.3
2014-08-03,140.2498,121.0
2014-08-04,135.3149,122.5
2014-08-05,134.4723,125.5
2014-08-06,133.4488,127.1
2014-08-07,133.5348,128.9
2014-08-08,129.053,138.7
2014-08-09,125.9097,140.1
2014-08-10,124.4138,148.4
2014-08-11,123.5041,146.3
2014-08-12,123.8271,159.8
2014-08-13,123.7808,162.6
2014-08-14,124.2337,166.3
2014-08-15,129.3706,161.6
2014-08-16,129.2168,157.4
2014-08-17,130.978,153.4
2014-08-18,128.6398,154.0
2014-08-19,128.4403,146.9
2014-08-20,131.8904,141.0
2014-08-21,136.2449,134.4
2014-08-22,135.6157,134.1
2014-08-23,136.6352,134.2
2014-08-24,139.7526,121.3
2014-08-25,138.3921,122.8
2014-08-26,135.6262,120.1
2014-08-27,133.2563,124.9
2014-08-28,131.3142,136.8
2014-08-29,131.333,139.1
2014-08-30,132.111,145.6
2014-08-31,132.8249,167.8
2014-09-01,133.2013,171.0
2014-09-02,137.2232,182.2
2014-09-03,138.0562,181.8
2014-09-04,142.492,175.6
2014-09-05,142.1631,162.6
2014-09-06,147.7851,155.4
2014-09-07,149.7239,149.3
2014-09-08,152.3679,136.9
2014-09-09,151.1723,127.6
2014-09-10,150.4758,128.4
2014-09-11,149.3741,129.9
2014-09-12,149.7594,125.2
2014-09-13,147.1475,126.2
2014-09-14,145.5439,118.6
2014-09-15,142.5571,120.4
2014-09-16,142.074,111.6
2014-09-17,142.1081,110.0
2014-09-18,136.8437,112.6
2014-09-19,137.2194,119.7
2014-09-20,136.2364,125.0
2014-09-21,138.396,138.0
2014-09-22,142.6399,144.8
2014-09-23,142.8202,171.1
2014-09-24,144.6272,171.7
2014-09-25,151.3894,202.2
2014-09-26,152.4009,197.1
2014-09-27,155.9451,214.2
2014-09-28,156.4984,221.8
2014-09-29,155.6333,219.5
2014-09-30,151.495,216.8
2014-10-01,148.5989,214.0
2014-10-02,145.7014,185.4
2014-10-03,141.8791,165.1
2014-10-04,137.9627,148.4
2014-10-05,138.2887,138.4
2014-10-06,139.1808,119.5
2014-10-07,137.6918,118.1
2014-10-08,138.2541,122.4
2014-10-09,135.494,123.2
2014-10-10,136.4385,127.3
2014-10-11,132.6702,142.7
2014-10-12,132.1984,133.1
2014-10-13,133.5271,129.6
2014-10-14,136.5557,129.6
2014-10-15,139.1971,129.2
2014-10-16,144.2449,133.4
2014-10-17,146.6465,139.5
2014-10-18,155.3981,149.8
2014-10-19,155.795,150.3
2014-10-20,164.1658,157.6
2014-10-21,162.9634,157.1
2014-10-22,167.5857,165.0
2014-10-23,169.6102,163.8
2014-10-24,169.6245,163.6
2014-10-25,169.5624,165.7
2014-10-26,169.5982,164.1
2014-10-27,161.7766,158.6
2014-10-28,155.9828,162.6
2014-10-29,150.1288,168.8
2014-10-30,146.6419,165.8
2014-10-31,139.6372,165.0
2014-11-01,139.7585,166.5
2014-11-02,140.6993,174.1
2014-11-03,141.2407,176.6
2014-11-04,143.4418,172.5
2014-11-05,149.813,172.4
2014-11-06,146.7861,163.4
2014-11-07,145.4962,163.0
2014-11-08,145.894,149.8
2014-11-09,146.0574,147.6
2014-11-10,147.0319,132.8
2014-11-11,148.8545,125.0
2014-11-12,153.2361,127.9
2014-11-13,153.1634,128.7
2014-11-14,155.8624,135.5
2014-11-15,156.0543,145.3
2014-11-16,158.6939,143.0
2014-11-17,158.3173,149.4
2014-11-18,158.6967,154.9
2014-11-19,159.1124,161.2
2014-11-20,159.0918,164.0
2014-11-21,157.3161,178.8
2014-11-22,158.9972,192.3
2014-11-23,161.6667,206.4
2014-11-24,160.8731,208.9
2014-11-25,160.9477,196.7
2014-11-26,161.6622,199.2
2014-11-27,163.365,173.4
2014-11-28,164.6007,160.5
2014-11-29,164.0027,146.5
2014-11-30,164.7044,140.6
2014-12-01,161.4474,132.5
2014-12-02,161.7462,129.7
2014-12-03,156.4231,128.2
2014-12-04,155.0452,127.1
2014-12-05,150.032,126.0
2014-12-06,146.4042,129.2
2014-12-07,148.0372,132.9
2014-12-08,147.6033,141.0
2014-12-09,151.2236,143.8
2014-12-10,154.7152,144.8
2014-12-11,153.8028,137.2
2014-12-12,155.6788,137.2
2014-12-13,158.367,142.4
2014-12-14,160.4119,152.0
2014-12-15,163.023,146.2
2014-12-16,167.6214,146.9
2014-12-17,171.4812,148.6
2014-12-18,175.4244,153.4
2014-12-19,175.7317,145.3
2014-12-20,173.0779,137.2
2014-12-21,174.0121,127.1
2014-12-22,166.0668,120.7
2014-12-23,162.5232,118.0
2014-12-24,157.5222,121.7
2014-12-25,154.9443,125.9
2014-12-26,151.9609,121.6
2014-12-27,151.105,120.0
2014-12-28,150.4424,116.6
2014-12-29,150.1308,117.3
2014-12-30,149.8976,121.4
2014-12-31,151.1884,122.7
2015-01-01,151.923,142.5
2015-01-02,155.7957,153.3
2015-01-03,157.2214,154.5
2015-01-04,158.1009,166.7
2015-01-05,154.9888,154.6
2015-01-06,154.8722,149.0
2015-01-07,156.8397,137.6
2015-01-08,160.2528,139.8
2015-01-09,157.0284,145.1
2015-01-10,156.634,150.1
2015-01-11,156.8703,138.0
2015-01-12,157.8782,139.3
2015-01-13,154.3644,148.9
2015-01-14,150.3799,148.7
2015-01-15,144.9037,141.9
2015-01-16,141.4707,137.3
2015-01-17,139.6639,127.7
2015-01-18,141.0087,124.4
2015-01-19,142.694,121.8
2015-01-20,141.3472,117.4
2015-01-21,140.6022,116.7
2015-01-22,139.4033,115.3
2015-01-23,140.1482,115.7
2015-01-24,142.6298,118.2
2015-01-25,143.292,116.0
2015-01-26,150.9427,117.0
2015-01-27,154.7772,113.6
2015-01-28,155.3905,115.0
2015-01-29,159.7227,114.3
2015-01-30,155.5445,112.1
2015-01-31,153.3099,108.8
2015-02-01,148.8206,109.1
2015-02-02,149.3274,115.7
2015-02-03,151.0666,121.1
2015-02-04,152.9451,125.3
2015-02-05,148.1141,128.1
2015-02-06,148.5352,122.9
2015-02-07,152.5702,122.1
2015-02-08,152.3638,124.5
2015-02-09,149.3739,125.4
2015-02-10,147.711,130.9
2015-02-11,143.8028,122.3
2015-02-12,142.0088,121.2
2015-02-13,140.644,119.2
2015-02-14,138.6726,129.9
2015-02-15,137.3066,125.1
2015-02-16,136.4318,117.9
2015-02-17,135.8641,114.3
2015-02-18,136.8888,113.1
2015-02-19,135.8406,116.0
2015-02-20,135.8402,113.2
2015-02-21,133.8182,113.7
2015-02-22,134.2489,108.3
2015-02-23,133.3521,111.8
2015-02-24,132.2862,112.7
2015-02-25,130.1356,121.5
2015-02-26,129.5258,127.2
2015-02-27,132.2771,132.2
2015-02-28,134.3088,137.0
2015-03-01,136.0712,135.5
2015-03-02,136.6764,137.2
2015-03-03,134.6146,145.1
2015-03-04,134.4426,144.0
2015-03-05,135.2439,133.3
2015-03-06,135.3196,127.8
2015-03-07,137.0862,123.9
2015-03-08,133.7822,121.2
2015-03-09,133.2985,119.8
2015-03-10,131.4809,122.4
2015-03-11,135.0987,122.3
2015-03-12,132.4488,125.8
2015-03-13,129.1804,111.4
2015-03-14,127.7289,106.3
2015-03-15,127.1517,111.6
2015-03-16,127.617,115.5
2015-03-17,126.4618,123.5
2015-03-18,126.3345,134.6
2015-03-19,123.9855,142.1
2015-03-20,124.8781,147.7
2015-03-21,126.0497,155.7
2015-03-22,129.4874,151.3
2015-03-23,131.8039,150.8
2015-03-24,133.5903,148.9
2015-03-25,135.255,153.0
2015-03-26,134.9109,151.0
2015-03-27,135.5386,155.3
2015-03-28,138.1859,151.8
2015-03-29,137.6938,142.0
2015-03-30,133.6017,136.0
2015-03-31,131.5163,127.4
2015-04-01,129.9654,120.0
2015-04-02,128.7429,108.9
2015-04-03,128.3372,109.2
2015-04-04,129.2737,105.5
2015-04-05,129.5392,103.3
2015-04-06,131.3774,101.4
2015-04-07,126.0315,107.3
2015-04-08,123.8331,112.9
2015-04-09,126.2117,125.4
2015-04-10,127.6043,130.0
2015-04-11,130.9606,138.6
2015-04-12,135.4233,149.2
2015-04-13,138.2722,152.6
2015-04-14,140.6676,157.5
2015-04-15,142.5667,163.1
2015-04-16,140.5112,166.2
2015-04-17,140.0364,166.5
2015-04-18,138.6211,160.3
2015-04-19,140.0024,148.2
2015-04-20,139.3651,139.5
2015-04-21,141.4996,134.0
2015-04-22,140.2689,122.3
2015-04-23,136.634,117.6
2015-04-24,134.3111,112.9
2015-04-25,131.0151,108.2
2015-04-26,127.9332,104.3
2015-04-27,123.269,101.6
2015-04-28,123.5042,100.2
2015-04-29,121.8943,101.2
2015-04-30,120.5783,99.0
2015-05-01,119.5082,97.0
2015-05-02,121.5278,97.8
2015-05-03,123.885,95.5
2015-05-04,129.8706,94.8
2015-05-05,131.8722,97.7
2015-05-06,135.2094,97.0
2015-05-07,139.0543,103.2
2015-05-08,140.4739,103.9
2015-05-09,142.1271,111.6
2015-05-10,143.3498,121.4
2015-05-11,143.6184,129.7
2015-05-12,143.5301,136.6
2015-05-13,141.6698,141.4
2015-05-14,137.1751,138.2
2015-05-15,134.5222,140.6
2015-05-16,132.869,139.5
2015-05-17,127.9715,144.2
2015-05-18,126.3425,141.0
2015-05-19,123.4439,140.3
2015-05-20,122.0174,135.8
2015-05-21,120.4453,139.1
2015-05-22,119.0189,140.5
2015-05-23,118.4687,140.2
2015-05-24,119.6262,141.7
2015-05-25,118.3489,141.8
2015-05-26,117.0972,139.8
2015-05-27,117.5838,136.0
2015-05-28,117.6584,134.3
2015-05-29,117.363,119.9
2015-05-30,118.3688,113.1
2015-05-31,117.9044,105.2
2015-06-01,119.0808,104.6
2015-06-02,119.3176,100.5
2015-06-03,121.181,100.5
2015-06-04,125.042,100.4
2015-06-05,128.2294,104.2
2015-06-06,130.477,113.3
2015-06-07,131.4293,117.6
2015-06-08,129.8764,116.1
2015-06-09,130.5609,120.7
2015-06-10,130.596,129.0
2015-06-11,132.6159,137.9
2015-06-12,131.3534,137.1
2015-06-13,131.406,133.2
2015-06-14,129.2406,126.0
2015-06-15,130.2424,133.3
2015-06-16,130.7486,124.3
2015-06-17,130.6108,119.9
2015-06-18,132.0364,113.8
2015-06-19,132.3301,108.7
2015-06-20,133.0701,104.4
2015-06-21,132.0418,102.9
2015-06-22,132.1417,100.6
2015-06-23,127.1254,99.1
2015-06-24,125.0905,102.6
2015-06-25,121.4579,96.3
2015-06-26,122.4079,94.0
2015-06-27,121.051,91.9
2015-06-28,121.1455,92.2
2015-06-29,120.3863,95.2
2015-06-30,121.5706,96.9
2015-07-01,125.198,100.1
2015-07-02,126.2084,103.2
2015-07-03,125.963,104.2
2015-07-04,126.9982,103.8
2015-07-05,129.4016,105.1
2015-07-06,132.2619,103.8
2015-07-07,132.6834,106.0
2015-07-08,131.0472,104.5
2015-07-09,128.949,108.7
2015-07-10,131.7512,109.9
2015-07-11,129.129,115.5
2015-07-12,127.6422,125.1
2015-07-13,123.7154,125.5
2015-07-14,121.717,124.4
2015-07-15,119.3962,117.6
2015-07-16,118.6754,109.1
2015-07-17,118.269,105.6
2015-07-18,118.0208,101.9
2015-07-19,120.3622,97.3
2015-07-20,117.7767,95.7
2015-07-21,115.53,91.7
2015-07-22,113.9974,87.8
2015-07-23,113.3703,89.2
2015-07-24,114.9742,90.9
2015-07-25,115.9297,100.6
2015-07-26,117.0671,105.3
2015-07-27,118.2979,121.4
2015-07-28,118.257,119.6
2015-07-29,117.467,119.8
2015-07-30,116.7544,130.6
2015-07-31,115.1994,123.9
2015-08-01,115.2136,128.9
2015-08-02,113.3889,112.5
2015-08-03,113.6634,111.3
2015-08-04,112.6554,102.1
2015-08-05,113.7903,93.4
2015-08-06,117.3098,92.7
2015-08-07,117.5093,90.7
2015-08-08,117.2068,89.8
2015-08-09,114.8066,88.0
2015-08-10,112.026,91.5
2015-08-11,110.4788,86.8
2015-08-12,109.603,86.9
2015-08-13,107.9394,85.0
2015-08-14,106.8231,84.7
2015-08-15,105.617,83.5
2015-08-16,103.5181,84.6
2015-08-17,104.8441,94.1
2015-08-18,106.0186,100.4
2015-08-19,111.1647,100.0
2015-08-20,114.0142,97.7
2015-08-21,120.7807,102.2
2015-08-22,121.1049,110.6
2015-08-23,121.1415,107.9
2015-08-24,123.9561,103.8
2015-08-25,121.5118,106.7
2015-08-26,122.7209,111.3
2015-08-27,116.5085,104.2
2015-08-28,114.5555,107.8
2015-08-29,109.1277,111.4
2015-08-30,104.4431,107.4
2015-08-31,103.8256,120.5
2015-09-01,102.6015,120.8
2015-09-02,101.8355,128.1
2015-09-03,100.715,124.5
2015-09-04,101.8497,129.6
2015-09-05,99.9624,131.5
2015-09-06,99.6728,120.0
2015-09-07,100.5672,107.6
2015-09-08,102.1664,97.0
2015-09-09,102.7309,88.3
2015-09-10,104.3892,82.6
2015-09-11,108.3226,81.3
2015-09-12,110.5515,80.4
2015-09-13,110.1952,79.5
2015-09-14,109.5674,81.0
2015-09-15,111.7994,81.2
2015-09-16,114.6358,84.3
2015-09-17,113.4412,88.7
2015-09-18,110.7051,95.2
2015-09-19,109.5379,100.2
2015-09-20,109.3262,106.1
2015-09-21,105.4771,108.4
2015-09-22,105.6472,115.8
2015-09-23,106.6357,118.6
2015-09-24,104.938,122.7
2015-09-25,109.288,121.7
2015-09-26,109.9176,127.8
2015-09-27,113.2406,119.3
2015-09-28,113.9332,113.7
2015-09-29,116.3879,105.2
2015-09-30,118.8755,105.2
2015-10-01,116.3448,104.9
2015-10-02,112.7425,108.7
2015-10-03,108.6548,110.7
2015-10-04,105.5093,111.4
2015-10-05,103.7658,115.5
2015-10-06,103.1455,116.7
2015-10-07,101.9467,122.4
2015-10-08,100.7667,120.1
2015-10-09,101.5468,122.2
2015-10-10,100.4386,112.0
2015-10-11,101.5333,108.1
2015-10-12,103.3174,113.2
2015-10-13,105.1714,112.9
2015-10-14,106.6667,105.7
2015-10-15,108.6237,105.6
2015-10-16,109.4457,103.3
2015-10-17,111.5062,102.9
2015-10-18,112.2032,101.4
2015-10-19,113.1001,100.8
2015-10-20,112.626,104.1
2015-10-21,115.3965,103.5
2015-10-22,113.8775,103.2
2015-10-23,112.5864,104.6
2015-10-24,110.1798,105.1
2015-10-25,111.2243,105.6
2015-10-26,110.2724,108.4
2015-10-27,111.0548,119.2
2015-10-28,110.9394,119.9
2015-10-29,112.6742,116.7
2015-10-30,114.4078,110.3
2015-10-31,114.2764,106.2
2015-11-01,116.1582,101.2
2015-11-02,115.1732,96.3
2015-11-03,115.5533,94.0
2015-11-04,112.1752,92.9
2015-11-05,111.4746,93.1
2015-11-06,113.4177,91.9
2015-11-07,112.9567,92.6
2015-11-08,110.675,91.8
2015-11-09,110.6212,94.8
2015-11-10,109.3187,97.6
2015-11-11,108.5795,99.3
2015-11-12,107.9832,97.8
2015-11-13,106.6356,107.9
2015-11-14,107.3826,105.5
2015-11-15,107.4153,105.2
2015-11-16,106.5475,110.3
2015-11-17,106.663,113.1
2015-11-18,106.5164,118.7
2015-11-19,107.3145,120.2
2015-11-20,108.0416,115.2
2015-11-21,111.584,122.2
2015-11-22,112.1415,114.0
2015-11-23,111.9468,113.3
2015-11-24,110.826,115.2
2015-11-25,110.0303,112.8
2015-11-26,108.183,117.8
2015-11-27,106.04,125.8
2015-11-28,104.8057,129.5
2015-11-29,104.2098,128.4
2015-11-30,105.0715,122.3
2015-12-01,103.8867,113.5
2015-12-02,104.8529,106.7
2015-12-03,103.8578,108.4
2015-12-04,105.0587,101.9
2015-12-05,106.167,98.1
2015-12-06,106.6378,93.0
2015-12-07,106.5404,95.1
2015-12-08,110.8394,96.6
2015-12-09,109.6099,98.5
2015-12-10,109.0981,92.2
2015-12-11,111.0481,92.1
2015-12-12,112.1251,96.9
2015-12-13,114.9566,99.9
2015-12-14,115.0511,104.9
2015-12-15,114.1388,103.5
2015-12-16,116.5294,105.4
2015-12-17,113.0209,104.5
2015-12-18,112.0497,102.0
2015-12-19,111.9977,100.7
2015-12-20,111.3407,99.9
2015-12-21,113.7352,100.1
2015-12-22,117.2422,96.7
2015-12-23,118.716,97.4
2015-12-24,118.6954,96.7
2015-12-25,116.1924,94.4
2015-12-26,112.644,97.2
2015-12-27,109.3842,100.7
2015-12-28,110.2479,97.3
2015-12-29,108.5486,95.8
2015-12-30,107.011,100.6
2015-12-31,105.1763,104.3
2016-01-01,106.6359,111.3
2016-01-02,106.7885,109.3
2016-01-03,107.418,106.6
2016-01-04,104.4885,103.7
2016-01-05,103.5873,102.0
2016-01-06,105.4661,98.3
2016-01-07,106.5694,97.3
2016-01-08,108.7756,99.1
2016-01-09,108.3209,108.9
2016-01-10,108.541,119.8
2016-01-11,107.8008,116.3
2016-01-12,107.0946,113.9
2016-01-13,106.7377,113.9
2016-01-14,106.5758,112.1
2016-01-15,106.4495,114.1
2016-01-16,105.139,109.2
2016-01-17,105.5344,109.8
2016-01-18,105.515,109.3
2016-01-19,104.2788,107.5
2016-01-20,105.7093,105.4
2016-01-21,106.5862,104.7
2016-01-22,104.9595,101.5
2016-01-23,103.8164,97.5
2016-01-24,105.0548,92.7
2016-01-25,106.0162,91.9
2016-01-26,108.4322,97.8
2016-01-27,107.6171,93.5
2016-01-28,107.2095,91.7
2016-01-29,106.1484,89.1
2016-01-30,105.9502,86.1
2016-01-31,104.2617,89.9
2016-02-01,103.683,87.2
2016-02-02,104.8262,88.6
2016-02-03,108.7827,91.5
2016-02-04,112.4787,89.3
2016-02-05,110.8436,95.1
2016-02-06,110.5058,96.5
2016-02-07,110.2396,97.1
2016-02-08,109.8808,98.9
2016-02-09,111.0117,94.7
2016-02-10,109.009,94.1
2016-02-11,109.0314,92.8
2016-02-12,109.3145,94.2
2016-02-13,108.8412,96.0
2016-02-14,108.3443,93.7
2016-02-15,108.2318,93.0
2016-02-16,107.2083,93.9
2016-02-17,105.4885,91.5
2016-02-18,103.618,92.4
2016-02-19,103.3693,93.1
2016-02-20,105.6406,90.1
2016-02-21,103.3532,90.7
2016-02-22,102.8406,89.5
2016-02-23,101.7156,88.6
2016-02-24,99.9043,86.9
2016-02-25,100.9545,88.2
2016-02-26,99.3017,86.7
2016-02-27,99.9718,86.2
2016-02-28,101.6266,86.0
2016-02-29,101.1236,85.1
2016-03-01,104.2076,85.1
2016-03-02,104.8696,87.9
2016-03-03,104.5402,87.4
2016-03-04,105.0432,87.5
2016-03-05,102.7562,83.6
2016-03-06,102.1745,81.6
2016-03-07,101.4146,82.0
2016-03-08,102.0922,81.5
2016-03-09,101.6817,82.3
2016-03-10,99.5696,83.5
2016-03-11,98.6822,83.5
2016-03-12,97.8512,87.2
2016-03-13,96.1821,92.5
2016-03-14,96.075,98.6
2016-03-15,96.088,105.9
2016-03-16,94.73,111.1
2016-03-17,95.2268,117.2
2016-03-18,95.2927,111.9
2016-03-19,95.1717,108.8
2016-03-20,94.3531,111.8
2016-03-21,94.9446,113.2
2016-03-22,94.2931,114.0
2016-03-23,94.553,102.9
2016-03-24,94.9915,95.4
2016-03-25,94.3278,89.9
2016-03-26,93.8625,84.0
2016-03-27,94.6621,77.5
2016-03-28,94.3445,77.5
2016-03-29,93.9978,79.6
2016-03-30,91.9996,82.8
2016-03-31,91.5229,82.9
2016-04-01,91.4925,86.3
2016-04-02,91.2476,93.8
2016-04-03,90.8179,96.3
2016-04-04,91.1788,93.8
2016-04-05,90.3685,95.4
2016-04-06,91.5321,93.6
2016-04-07,94.2116,91.3
2016-04-08,96.0414,91.5
2016-04-09,98.7684,91.6
2016-04-10,100.4936,88.7
2016-04-11,102.2289,91.2
2016-04-12,100.7098,89.7
2016-04-13,99.8632,85.6
2016-04-14,100.9359,90.2
2016-04-15,101.4586,90.5
2016-04-16,101.6512,95.8
2016-04-17,98.1945,93.9
2016-04-18,96.9677,95.4
2016-04-19,94.9716,103.4
2016-04-20,92.5779,105.7
2016-04-21,90.3368,104.3
2016-04-22,91.2224,105.6
2016-04-23,91.5355,104.7
2016-04-24,93.5483,101.2
2016-04-25,93.2866,102.0
2016-04-26,93.6768,100.2
2016-04-27,95.8785,99.8
2016-04-28,95.8229,99.8
2016-04-29,95.3895,96.7
2016-04-30,95.1905,96.1
2016-05-01,94.7275,94.2
2016-05-02,93.6587,92.8
2016-05-03,93.1549,90.1
2016-05-04,93.025,85.3
2016-05-05,92.4309,88.7
2016-05-06,93.2743,89.0
2016-05-07,93.5124,88.4
2016-05-08,92.2933,87.7
2016-05-09,94.4429,85.7
2016-05-10,94.3906,82.4
2016-05-11,95.9755,81.5
2016-05-12,95.06,80.8
2016-05-13,95.9407,80.8
2016-05-14,98.293,82.6
2016-05-15,99.2163,87.8
2016-05-16,99.1932,87.5
2016-05-17,99.5565,90.9
2016-05-18,99.2153,97.1
2016-05-19,97.6419,93.9
2016-05-20,97.6903,90.4
2016-05-21,97.2219,90.1
2016-05-22,96.4833,91.0
2016-05-23,96.0234,89.4
2016-05-24,94.0082,86.3
2016-05-25,93.34,87.9
2016-05-26,92.644,87.1
2016-05-27,92.2095,82.9
2016-05-28,91.1763,80.9
2016-05-29,89.2358,80.0
2016-05-30,90.5257,78.2
2016-05-31,90.6107,79.6
2016-06-01,90.3399,79.2
2016-06-02,90.0285,78.0
2016-06-03,89.1705,75.5
2016-06-04,88.181,76.0
2016-06-05,89.1946,75.4
2016-06-06,89.8433,74.4
2016-06-07,89.8462,73.3
2016-06-08,91.46,74.8
2016-06-09,94.0277,76.3
2016-06-10,93.3459,74.9
2016-06-11,93.8513,79.7
2016-06-12,95.2275,86.1
2016-06-13,92.9221,90.0
2016-06-14,90.9292,95.3
2016-06-15,90.7675,97.6
2016-06-16,91.1899,97.8
2016-06-17,90.6027,95.5
2016-06-18,89.3994,100.0
2016-06-19,90.0532,98.2
2016-06-20,89.7842,105.4
2016-06-21,88.1215,110.1
2016-06-22,87.2959,108.6
2016-06-23,86.9044,110.6
2016-06-24,86.1056,104.1
2016-06-25,86.6716,111.5
2016-06-26,86.4464,103.3
2016-06-27,85.7494,93.3
2016-06-28,84.8881,88.9
2016-06-29,85.3069,84.8
2016-06-30,85.8181,75.9
2016-07-01,86.0696,75.9
2016-07-02,85.3479,73.8
2016-07-03,85.6722,72.5
2016-07-04,86.2675,72.6
2016-07-05,85.0512,73.1
2016-07-06,86.8241,73.7
2016-07-07,89.8997,74.1
2016-07-08,91.3873,77.1
2016-07-09,93.0709,77.0
2016-07-10,94.3733,78.5
2016-07-11,93.6963,82.1
2016-07-12,92.8006,85.5
2016-07-13,93.9855,95.3
2016-07-14,92.8317,99.0
2016-07-15,94.6731,94.9
2016-07-16,96.4726,97.6
2016-07-17,95.9171,97.2
2016-07-18,96.3037,97.3
2016-07-19,94.2366,92.9
2016-07-20,96.6582,89.4
2016-07-21,95.4076,89.8
2016-07-22,92.8953,88.7
2016-07-23,90.7293,84.9
2016-07-24,89.6514,84.4
2016-07-25,86.3602,82.7
2016-07-26,86.18,80.0
2016-07-27,83.9253,78.4
2016-07-28,84.0622,81.8
2016-07-29,84.9996,83.1
2016-07-30,84.9156,79.7
2016-07-31,85.8861,80.3
2016-08-01,87.2709,83.6
2016-08-02,88.4507,85.6
2016-08-03,88.0686,87.1
2016-08-04,88.7003,89.5
2016-08-05,89.2956,102.3
2016-08-06,89.19,99.3
2016-08-07,91.8178,96.9
2016-08-08,93.2415,96.3
2016-08-09,91.2194,100.7
2016-08-10,91.4866,99.0
2016-08-11,91.5277,95.3
2016-08-12,91.3197,93.9
2016-08-13,90.6695,94.4
2016-08-14,90.2304,95.9
2016-08-15,91.2208,92.3
2016-08-16,91.7717,94.3
2016-08-17,90.8922,87.5
2016-08-18,91.3001,87.5
2016-08-19,90.1472,87.0
2016-08-20,88.7227,86.2
2016-08-21,88.2233,85.3
2016-08-22,90.0405,84.5
2016-08-23,90.1445,81.0
2016-08-24,88.7915,83.8
2016-08-25,89.2862,83.3
2016-08-26,90.6004,85.2
2016-08-27,90.271,86.1
2016-08-28,89.5603,85.7
2016-08-29,89.4782,86.1
2016-08-30,93.4347,85.4
2016-08-31,91.7501,85.1
2016-09-01,90.9263,87.2
2016-09-02,89.997,85.9
2016-09-03,91.5892,84.8
2016-09-04,91.5047,83.0
2016-09-05,91.7947,80.8
2016-09-06,92.9631,81.2
2016-09-07,94.4287,82.4
2016-09-08,96.3829,87.9
2016-09-09,95.5607,93.1
2016-09-10,96.5927,99.3
2016-09-11,94.3248,101.4
2016-09-12,93.6492,104.0
2016-09-13,93.0446,104.1
2016-09-14,92.8294,104.2
2016-09-15,91.8314,101.6
2016-09-16,90.693,98.8
2016-09-17,89.3623,97.2
2016-09-18,90.5598,94.8
2016-09-19,89.5438,92.3
2016-09-20,90.6201,84.4
2016-09-21,90.4119,80.4
2016-09-22,90.3118,75.6
2016-09-23,89.901,76.8
2016-09-24,89.5573,75.8
2016-09-25,89.3494,74.0
2016-09-26,90.1322,77.1
2016-09-27,89.5545,76.7
2016-09-28,88.745,76.0
2016-09-29,89.3092,74.5
2016-09-30,89.9967,76.9
2016-10-01,90.7716,77.1
2016-10-02,92.2875,77.8
2016-10-03,94.9552,78.2
2016-10-04,96.2417,78.0
2016-10-05,97.6322,75.1
2016-10-06,97.8615,75.5
2016-10-07,98.2573,75.4
2016-10-08,98.0883,74.8
2016-10-09,97.5447,74.4
2016-10-10,96.3379,75.4
2016-10-11,94.2392,75.3
2016-10-12,92.7088,74.9
2016-10-13,91.0583,75.1
2016-10-14,89.6025,75.4
2016-10-15,87.2782,78.3
2016-10-16,84.8863,78.6
2016-10-17,83.852,76.8
2016-10-18,84.6312,76.8
2016-10-19,84.7643,76.2
2016-10-20,83.739,75.6
2016-10-21,84.2546,74.9
2016-10-22,84.025,79.1
2016-10-23,82.872,76.8
2016-10-24,82.3286,75.8
2016-10-25,82.9991,74.9
2016-10-26,84.1429,74.6
2016-10-27,83.2152,73.1
2016-10-28,83.2643,75.4
2016-10-29,83.2352,75.7
2016-10-30,81.8122,77.0
2016-10-31,81.6542,78.8
2016-11-01,81.463,79.1
2016-11-02,81.1615,80.4
2016-11-03,80.8913,82.9
2016-11-04,81.2062,83.1
2016-11-05,81.0697,81.3
2016-11-06,80.833,82.1
2016-11-07,80.8499,82.0
2016-11-08,80.9217,82.2
2016-11-09,82.0837,80.0
2016-11-10,82.2045,80.3
2016-11-11,81.4468,77.4
2016-11-12,81.3924,74.9
2016-11-13,81.0474,72.6
2016-11-14,81.3006,70.7
2016-11-15,81.907,70.0
2016-11-16,84.7841,69.2
2016-11-17,83.8218,68.6
2016-11-18,83.2585,69.0
2016-11-19,86.6279,70.1
2016-11-20,89.0252,70.2
2016-11-21,89.2199,70.3
2016-11-22,90.1892,69.8
2016-11-23,89.3194,70.0
2016-11-24,89.0868,70.5
2016-11-25,90.1311,72.5
2016-11-26,89.1482,72.6
2016-11-27,88.8047,72.4
2016-11-28,88.6118,71.3
2016-11-29,86.6683,70.7
2016-11-30,86.5945,70.1
2016-12-01,86.7972,71.4
2016-12-02,87.3984,71.3
2016-12-03,86.9527,70.9
2016-12-04,85.9621,70.9
2016-12-05,87.3572,71.2
2016-12-06,85.9545,71.1
2016-12-07,84.556,70.1
2016-12-08,84.4057,70.6
2016-12-09,84.1449,71.0
2016-12-10,84.6604,70.0
2016-12-11,83.4697,70.9
2016-12-12,83.69,69.6
2016-12-13,83.0741,69.7
2016-12-14,82.2261,69.2
2016-12-15,81.4286,68.9
2016-12-16,79.8383,70.3
2016-12-17,75.0622,72.0
2016-12-18,75.406,73.0
2016-12-19,75.2083,72.4
2016-12-20,75.9389,74.1
2016-12-21,76.1156,75.0
2016-12-22,75.9642,75.8
2016-12-23,75.4917,76.1
2016-12-24,75.1172,76.1
2016-12-25,74.6753,77.0
2016-12-26,74.9734,80.6
2016-12-27,74.7219,83.4
2016-12-28,74.3191,84.0
2016-12-29,74.0834,81.5
2016-12-30,73.984,79.7
2016-12-31,73.7458,82.5
2017-01-01,73.1559,80.6
2017-01-02,72.9418,77.9
2017-01-03,72.8629,76.1
2017-01-04,72.4245,74.4
2017-01-05,72.7381,74.7
2017-01-06,74.9874,73.8
2017-01-07,74.4308,73.9
2017-01-08,75.4207,73.1
2017-01-09,73.5767,73.0
2017-01-10,75.6939,71.9
2017-01-11,76.2934,70.6
2017-01-12,73.8198,70.5
2017-01-13,72.9232,70.1
2017-01-14,73.7305,71.1
2017-01-15,74.5576,71.5
2017-01-16,76.7845,72.1
2017-01-17,79.0853,73.8
2017-01-18,74.9485,74.3
2017-01-19,74.5072,73.0
2017-01-20,80.2074,72.7
2017-01-21,85.2076,73.0
2017-01-22,85.7988,72.2
2017-01-23,86.2153,72.8
2017-01-24,86.2313,74.9
2017-01-25,87.6768,76.4
2017-01-26,87.1549,78.9
2017-01-27,85.6935,80.7
2017-01-28,84.5157,81.4
2017-01-29,83.6577,81.6
2017-01-30,84.0783,80.5
2017-01-31,83.4519,78.5
2017-02-01,82.4264,77.5
2017-02-02,82.0398,80.6
2017-02-03,81.9413,80.1
2017-02-04,81.484,79.3
2017-02-05,82.4666,77.8
2017-02-06,82.966,76.7
2017-02-07,82.8148,73.9
2017-02-08,83.0074,71.6
2017-02-09,82.9056,71.3
2017-02-10,82.5456,70.6
2017-02-11,83.2135,69.6
2017-02-12,83.3326,70.3
2017-02-13,83.0596,70.0
2017-02-14,83.3638,69.1
2017-02-15,83.5792,69.2
2017-02-16,82.7174,69.5
2017-02-17,83.1368,68.8
2017-02-18,83.9516,69.1
2017-02-19,84.6809,69.7
2017-02-20,85.0591,69.9
2017-02-21,86.0602,69.6
2017-02-22,86.0551,70.5
2017-02-23,85.6565,72.1
2017-02-24,85.3514,70.5
2017-02-25,84.7964,72.0
2017-02-26,84.1982,71.5
2017-02-27,85.6506,71.9
2017-02-28,85.055,73.7
2017-03-01,84.2904,76.8
2017-03-02,83.2991,82.5
2017-03-03,82.9447,83.4
2017-03-04,81.7962,83.1
2017-03-05,80.4895,85.7
2017-03-06,78.2227,90.4
2017-03-07,76.4992,100.9
2017-03-08,75.2432,111.9
2017-03-09,73.9543,107.9
2017-03-10,74.6669,93.9
2017-03-11,76.2898,84.7
2017-03-12,79.1269,85.8
2017-03-13,77.7183,74.1
2017-03-14,79.8747,73.3
2017-03-15,79.1767,74.7
2017-03-16,80.169,73.9
2017-03-17,77.0864,74.9
2017-03-18,76.62,71.8
2017-03-19,74.8792,73.9
2017-03-20,72.9881,73.3
2017-03-21,72.0364,73.5
2017-03-22,72.648,75.0
2017-03-23,72.4945,75.8
2017-03-24,72.5645,77.5
2017-03-25,73.3493,81.6
2017-03-26,76.1282,81.4
2017-03-27,76.703,83.1
2017-03-28,77.4546,84.5
2017-03-29,78.8653,83.4
2017-03-30,80.0727,81.1
2017-03-31,81.7076,82.3
2017-04-01,87.0811,80.6
2017-04-02,92.992,79.3
2017-04-03,92.5616,79.1
2017-04-04,90.6173,78.2
2017-04-05,87.3139,78.6
2017-04-06,88.0193,76.4
2017-04-07,83.5438,78.4
2017-04-08,83.4007,76.2
2017-04-09,85.6353,75.4
2017-04-10,86.341,74.8
2017-04-11,87.1827,74.1
2017-04-12,85.5366,73.0
2017-04-13,86.503,71.8
2017-04-14,86.3861,70.2
2017-04-15,86.2592,69.9
2017-04-16,86.6428,70.5
2017-04-17,86.8611,70.4
2017-04-18,87.2458,71.9
2017-04-19,88.6714,72.7
2017-04-20,88.449,72.2
2017-04-21,86.2982,73.5
2017-04-22,82.8929,73.1
2017-04-23,78.5279,73.9
2017-04-24,77.5312,74.0
2017-04-25,78.1294,74.2
2017-04-26,79.6191,75.3
2017-04-27,80.9023,76.3
2017-04-28,83.004,77.9
2017-04-29,83.9046,79.9
2017-04-30,82.4604,78.1
2017-05-01,81.4441,82.4
2017-05-02,82.565,84.1
2017-05-03,78.7454,81.0
2017-05-04,78.0668,77.9
2017-05-05,77.8534,75.7
2017-05-06,77.739,76.2
2017-05-07,77.3017,77.9
2017-05-08,76.551,80.4
2017-05-09,76.2439,80.2
2017-05-10,75.2885,79.9
2017-05-11,74.812,81.8
2017-05-12,73.9466,77.6
2017-05-13,74.9718,77.8
2017-05-14,74.9997,76.2
2017-05-15,74.4495,76.0
2017-05-16,74.8769,77.0
2017-05-17,75.0769,76.6
2017-05-18,74.9751,77.5
2017-05-19,75.2052,77.2
2017-05-20,75.2832,76.4
2017-05-21,75.6584,79.9
2017-05-22,76.0215,75.8
2017-05-23,76.6093,77.2
2017-05-24,77.3644,77.3
2017-05-25,76.774,76.0
2017-05-26,78.2956,76.9
2017-05-27,80.2757,76.2
2017-05-28,79.7348,76.1
2017-05-29,79.0159,76.1
2017-05-30,78.163,76.6
2017-05-31,78.9006,76.2
2017-06-01,78.0893,76.2
2017-06-02,79.3353,76.6
2017-06-03,80.4246,74.5
2017-06-04,77.7984,74.2
2017-06-05,78.5472,73.9
2017-06-06,79.593,73.1
2017-06-07,79.4255,73.6
2017-06-08,76.7047,74.1
2017-06-09,81.1215,74.2
2017-06-10,84.4085,75.5
2017-06-11,82.9426,78.5
2017-06-12,82.1689,82.2
2017-06-13,81.6684,89.5
2017-06-14,82.4937,94.0
2017-06-15,83.5622,98.2
2017-06-16,83.4466,94.1
2017-06-17,84.7806,93.2
2017-06-18,84.2431,95.3
2017-06-19,82.9356,97.0
2017-06-20,84.0617,94.6
2017-06-21,83.7578,89.3
2017-06-22,83.7447,88.4
2017-06-23,85.9837,80.8
2017-06-24,86.8361,75.5
2017-06-25,86.5671,72.5
2017-06-26,85.4209,71.6
2017-06-27,86.5555,71.8
2017-06-28,85.4745,72.8
2017-06-29,84.8798,72.3
2017-06-30,83.5738,72.0
2017-07-01,84.245,70.7
2017-07-02,83.1694,70.5
2017-07-03,81.9914,71.6
2017-07-04,80.9886,72.1
2017-07-05,82.367,71.7
2017-07-06,82.351,74.4
2017-07-07,85.646,75.7
2017-07-08,86.0161,76.6
2017-07-09,87.9329,77.3
2017-07-10,86.691,76.3
2017-07-11,83.1799,76.3
2017-07-12,86.5912,75.6
2017-07-13,89.5441,74.8
2017-07-14,88.2622,73.0
2017-07-15,93.1676,73.4
2017-07-16,91.6894,73.0
2017-07-17,92.2786,71.7
2017-07-18,89.1552,72.2
2017-07-19,86.7379,70.0
2017-07-20,85.4236,74.9
2017-07-21,85.1984,76.1
2017-07-22,85.3349,79.2
2017-07-23,85.7508,78.5
2017-07-24,85.0383,82.0
2017-07-25,85.3178,88.9
2017-07-26,84.6943,88.0
2017-07-27,84.7189,89.1
2017-07-28,84.6022,92.3
2017-07-29,84.765,87.0
2017-07-30,84.1965,80.5
2017-07-31,84.4866,82.5
2017-08-01,85.0131,79.2
2017-08-02,85.8163,79.8
2017-08-03,83.0734,83.2
2017-08-04,82.6288,85.9
2017-08-05,81.0245,88.6
2017-08-06,80.1335,93.6
2017-08-07,78.6277,95.1
2017-08-08,81.2605,101.7
2017-08-09,82.9045,122.2
2017-08-10,82.4675,136.3
2017-08-11,81.1456,122.5
2017-08-12,81.6263,134.9
2017-08-13,79.5559,130.4
2017-08-14,80.3265,118.5
2017-08-15,83.6288,108.7
2017-08-16,85.1345,101.6
2017-08-17,85.9212,80.9
2017-08-18,87.187,76.4
2017-08-19,90.3972,76.0
2017-08-20,89.6236,75.1
2017-08-21,89.6088,73.6
2017-08-22,90.4751,72.9
2017-08-23,91.0546,72.9
2017-08-24,87.7066,72.9
2017-08-25,88.2472,71.3
2017-08-26,87.6393,74.5
2017-08-27,88.0835,73.6
2017-08-28,89.2705,78.1
2017-08-29,91.3234,81.7
2017-08-30,89.7921,87.4
2017-08-31,90.5891,90.4
2017-09-01,89.2674,91.1
2017-09-02,88.6533,91.3
2017-09-03,93.1014,91.2
2017-09-04,96.3962,90.0
2017-09-05,93.3912,89.6
2017-09-06,102.4013,85.9
2017-09-07,99.2543,86.1
2017-09-08,95.9187,86.5
2017-09-09,94.9961,86.8
2017-09-10,93.6156,84.7
2017-09-11,88.9291,84.0
2017-09-12,87.4125,79.5
2017-09-13,88.6318,76.5
2017-09-14,82.0734,72.1
2017-09-15,85.2395,70.7
2017-09-16,86.8307,69.3
2017-09-17,86.6934,69.9
2017-09-18,87.8052,69.4
2017-09-19,87.7084,68.6
2017-09-20,89.3414,69.9
2017-09-21,89.2888,70.4
2017-09-22,91.8972,69.8
2017-09-23,94.0045,72.7
2017-09-24,96.1562,72.8
2017-09-25,96.8333,75.1
2017-09-26,96.6724,75.7
2017-09-27,96.2217,76.5
2017-09-28,95.958,77.2
2017-09-29,95.6282,76.7
2017-09-30,94.5189,77.9
2017-10-01,92.2354,76.4
2017-10-02,92.0229,75.0
2017-10-03,92.4349,74.4
2017-10-04,92.5739,74.3
2017-10-05,90.7642,74.5
2017-10-06,90.3997,74.2
2017-10-07,87.8186,71.5
2017-10-08,85.5858,72.4
2017-10-09,84.2045,72.0
2017-10-10,82.6829,70.9
2017-10-11,79.8529,69.9
2017-10-12,77.3704,68.1
2017-10-13,77.0235,67.0
2017-10-14,76.7131,66.4
2017-10-15,77.2073,64.6
2017-10-16,77.5315,67.2
2017-10-17,78.5656,65.9
2017-10-18,82.2475,68.0
2017-10-19,78.5561,70.6
2017-10-20,79.5842,72.8
2017-10-21,79.9301,72.6
2017-10-22,80.2447,71.6
2017-10-23,80.5173,74.7
2017-10-24,80.3252,74.3
2017-10-25,80.8026,72.7
2017-10-26,80.2246,71.8
2017-10-27,79.6725,71.4
2017-10-28,79.4423,71.6
2017-10-29,79.4083,70.6
2017-10-30,79.499,72.2
2017-10-31,79.3957,72.4
2017-11-01,78.2737,73.5
2017-11-02,78.6553,71.7
2017-11-03,79.0817,70.0
2017-11-04,79.3643,70.6
2017-11-05,78.2499,69.8
2017-11-06,76.631,68.3
2017-11-07,76.0871,69.5
2017-11-08,75.6946,67.0
2017-11-09,74.7584,66.4
2017-11-10,75.7561,66.0
2017-11-11,74.9865,66.3
2017-11-12,75.7817,65.9
2017-11-13,76.8018,67.8
2017-11-14,77.5758,69.0
2017-11-15,77.4977,69.8
2017-11-16,77.0308,70.1
2017-11-17,78.2131,69.2
2017-11-18,77.9837,69.9
2017-11-19,77.2325,69.8
2017-11-20,76.7202,69.5
2017-11-21,76.4044,69.0
2017-11-22,75.963,68.8
2017-11-23,75.5104,69.4
2017-11-24,75.6278,66.6
2017-11-25,77.9356,71.8
2017-11-26,77.2227,73.6
2017-11-27,74.8546,72.9
2017-11-28,76.5227,73.7
2017-11-29,74.6625,73.6
2017-11-30,72.3605,73.2
2017-12-01,77.1745,69.5
2017-12-02,79.7673,68.6
2017-12-03,77.5168,68.8
2017-12-04,79.1341,69.1
2017-12-05,78.9093,68.1
2017-12-06,78.2715,68.3
2017-12-07,76.8795,66.8
2017-12-08,76.3072,67.2
2017-12-09,78.4129,68.3
2017-12-10,79.3064,67.2
2017-12-11,76.7253,67.0
2017-12-12,75.9905,67.1
2017-12-13,75.7638,67.6
2017-12-14,71.6299,68.0
2017-12-15,71.4489,68.5
2017-12-16,71.4564,68.1
2017-12-17,70.8812,68.5
2017-12-18,71.072,68.6
2017-12-19,69.7801,68.5
2017-12-20,71.5331,68.2
2017-12-21,72.0985,67.9
2017-12-22,71.7415,68.8
2017-12-23,73.0165,68.6
2017-12-24,77.9553,68.8
2017-12-25,79.4734,68.5
2017-12-26,78.0364,67.4
2017-12-27,77.4177,66.1
2017-12-28,77.036,67.9
2017-12-29,76.3408,68.3
2017-12-30,76.1095,67.7
2017-12-31,76.6791,68.2
2018-01-01,75.4159,67.7
2018-01-02,77.5661,66.7
2018-01-03,77.6644,66.4
2018-01-04,78.2364,66.2
2018-01-05,77.2996,66.9
2018-01-06,77.4049,67.2
2018-01-07,77.7594,67.0
2018-01-08,77.3842,66.8
2018-01-09,78.4246,67.3
2018-01-10,77.8062,71.0
2018-01-11,78.4251,72.0
2018-01-12,77.7677,74.8
2018-01-13,77.3654,74.6
2018-01-14,78.037,75.5
2018-01-15,76.954,76.1
2018-01-16,77.0966,76.2
2018-01-17,76.8792,76.2
2018-01-18,75.5268,76.6
2018-01-19,73.5457,74.1
2018-01-20,72.5711,73.4
2018-01-21,74.6156,70.8
2018-01-22,73.698,69.8
2018-01-23,74.1046,67.4
2018-01-24,76.0094,68.7
2018-01-25,76.3076,67.5
2018-01-26,75.8752,68.9
2018-01-27,74.6508,66.1
2018-01-28,72.9673,68.2
2018-01-29,74.0122,68.5
2018-01-30,73.3844,68.6
2018-01-31,73.9716,67.8
2018-02-01,71.0954,70.6
2018-02-02,72.0033,68.7
2018-02-03,68.5493,68.6
2018-02-04,72.0617,66.0
2018-02-05,74.6418,66.6
2018-02-06,74.8992,66.7
2018-02-07,76.9796,66.4
2018-02-08,79.3035,66.5
2018-02-09,78.8218,66.5
2018-02-10,79.6573,66.8
2018-02-11,80.5274,65.6
2018-02-12,80.5772,66.6
2018-02-13,80.0056,66.8
2018-02-14,79.6222,66.9
2018-02-15,78.0597,67.3
2018-02-16,77.7982,67.7
2018-02-17,76.8715,66.9
2018-02-18,77.8186,68.3
2018-02-19,77.3795,67.9
2018-02-20,77.9856,69.0
2018-02-21,76.4671,68.5
2018-02-22,77.4452,69.7
2018-02-23,78.2707,68.2
2018-02-24,78.3517,68.8
2018-02-25,77.8997,68.0
2018-02-26,79.3095,67.7
2018-02-27,78.154,67.2
2018-02-28,78.0464,68.0
2018-03-01,76.8637,67.5
2018-03-02,77.0238,68.0
2018-03-03,76.26,68.3
2018-03-04,75.4882,68.8
2018-03-05,75.0222,68.6
2018-03-06,71.9301,68.9
2018-03-07,71.5892,68.9
2018-03-08,71.1029,68.4
2018-03-09,67.8507,67.8
2018-03-10,70.0031,68.6
2018-03-11,67.786,66.4
2018-03-12,68.0409,67.4
2018-03-13,68.3426,67.0
2018-03-14,67.9105,68.1
2018-03-15,68.4223,68.9
2018-03-16,68.1242,68.8
2018-03-17,68.7853,68.6
2018-03-18,69.6098,70.4
2018-03-19,70.821,70.1
2018-03-20,73.2764,69.9
2018-03-21,74.0724,71.0
2018-03-22,76.3246,69.7
2018-03-23,76.5829,69.8
2018-03-24,76.3851,71.4
2018-03-25,77.3442,71.4
2018-03-26,77.5753,73.7
2018-03-27,77.7904,77.5
2018-03-28,77.8877,76.5
2018-03-29,77.6455,74.7
2018-03-30,77.7881,73.7
2018-03-31,77.8427,71.6
2018-04-01,77.2098,70.3
2018-04-02,77.0992,69.6
2018-04-03,76.7574,71.1
2018-04-04,77.2204,72.2
2018-04-05,75.9311,71.3
2018-04-06,77.4811,69.5
2018-04-07,77.6633,68.1
2018-04-08,78.0191,67.6
2018-04-09,78.098,68.9
2018-04-10,77.9129,68.7
2018-04-11,77.4317,68.4
2018-04-12,78.2503,70.9
2018-04-13,78.1678,70.9
2018-04-14,78.5506,70.9
2018-04-15,78.7186,71.0
2018-04-16,77.2742,71.7
2018-04-17,78.0804,71.2
2018-04-18,78.6254,72.4
2018-04-19,78.5153,71.8
2018-04-20,80.0175,71.9
2018-04-21,81.4982,71.5
2018-04-22,81.4107,70.5
2018-04-23,80.8113,71.1
2018-04-24,80.5411,71.9
2018-04-25,79.6505,70.4
2018-04-26,78.7206,71.3
2018-04-27,78.9065,72.6
2018-04-28,78.5616,75.0
2018-04-29,79.3217,75.6
2018-04-30,78.3951,77.7
2018-05-01,76.6862,74.9
2018-05-02,75.5594,76.6
2018-05-03,75.8374,78.9
2018-05-04,74.5727,77.0
2018-05-05,76.0572,77.3
2018-05-06,76.3425,78.9
2018-05-07,76.446,76.9
2018-05-08,77.3171,76.5
2018-05-09,77.999,75.7
2018-05-10,77.3049,72.6
2018-05-11,76.9355,73.4
2018-05-12,76.2624,73.2
2018-05-13,73.4833,71.3
2018-05-14,69.6241,70.2
2018-05-15,70.9132,68.8
2018-05-16,70.7919,72.4
2018-05-17,71.6724,72.0
2018-05-18,71.7762,72.5
2018-05-19,72.2718,73.0
2018-05-20,69.9048,74.7
2018-05-21,71.249,72.8
2018-05-22,75.3334,72.7
2018-05-23,77.6136,74.6
2018-05-24,79.3334,76.1
2018-05-25,80.0619,79.0
2018-05-26,80.1203,84.7
2018-05-27,81.4603,84.2
2018-05-28,82.1859,83.0
2018-05-29,81.4631,79.7
2018-05-30,82.0231,77.0
2018-05-31,82.1269,75.2
2018-06-01,81.3098,73.4
2018-06-02,81.933,72.4
2018-06-03,81.7713,71.9
2018-06-04,80.5416,70.9
2018-06-05,80.917,71.1
2018-06-06,81.5386,70.4
2018-06-07,80.7949,68.8
2018-06-08,80.0548,70.5
2018-06-09,78.9777,70.2
2018-06-10,80.5828,70.4
2018-06-11,79.9563,72.9
2018-06-12,79.9669,74.4
2018-06-13,80.2512,74.0
2018-06-14,79.1255,75.4
2018-06-15,74.1947,74.5
2018-06-16,76.9394,75.8
2018-06-17,77.75,74.6
2018-06-18,77.0517,74.9
2018-06-19,81.1811,74.7
2018-06-20,83.257,74.1
2018-06-21,83.7874,74.3
2018-06-22,83.7234,73.5
2018-06-23,82.9702,73.6
2018-06-24,82.3627,72.8
2018-06-25,81.9771,72.7
2018-06-26,81.6057,72.2
2018-06-27,80.9884,70.4
2018-06-28,81.4164,69.1
2018-06-29,81.2218,69.0
2018-06-30,81.7777,67.9
2018-07-01,81.7458,68.3
2018-07-02,81.4093,68.6
2018-07-03,82.0984,70.0
2018-07-04,82.055,70.0
2018-07-05,82.1985,70.4
2018-07-06,83.2262,71.0
2018-07-07,83.561,72.3
2018-07-08,83.3202,72.0
2018-07-09,83.8714,72.3
2018-07-10,83.182,72.5
2018-07-11,83.0919,71.2
2018-07-12,82.4625,71.1
2018-07-13,81.7957,71.5
2018-07-14,81.4115,71.6
2018-07-15,81.5775,72.2
2018-07-16,81.7887,71.4
2018-07-17,79.9268,69.3
2018-07-18,81.0006,69.9
2018-07-19,77.1137,69.6
2018-07-20,77.8367,70.5
2018-07-21,78.2065,70.6
2018-07-22,77.2605,70.0
2018-07-23,77.1006,69.0
2018-07-24,76.8525,68.9
2018-07-25,77.6702,68.4
2018-07-26,74.7799,69.6
2018-07-27,75.3507,69.4
2018-07-28,75.4104,68.4
2018-07-29,73.2698,71.1
2018-07-30,72.8102,74.0
2018-07-31,73.957,73.1
2018-08-01,72.2594,72.6
2018-08-02,72.4977,71.0
2018-08-03,72.5021,71.2
2018-08-04,72.3941,71.8
2018-08-05,75.1383,69.6
2018-08-06,75.3253,68.8
2018-08-07,77.0931,69.5
2018-08-08,77.9736,68.9
2018-08-09,78.4741,69.3
2018-08-10,76.945,68.6
2018-08-11,77.3939,68.6
2018-08-12,77.6358,68.4
2018-08-13,76.9399,68.6
2018-08-14,78.472,69.7
2018-08-15,78.6401,69.4
2018-08-16,76.6381,69.9
2018-08-17,76.6974,70.3
2018-08-18,78.1523,70.6
2018-08-19,77.61,70.5
2018-08-20,78.9962,69.8
2018-08-21,77.818,69.2
2018-08-22,77.7692,69.8
2018-08-23,75.8443,68.5
2018-08-24,77.4292,68.8
2018-08-25,77.6366,68.5
2018-08-26,75.8632,67.2
2018-08-27,75.3715,67.4
2018-08-28,76.2829,68.4
2018-08-29,75.3655,68.9
2018-08-30,75.2758,69.0
2018-08-31,75.0389,68.0
2018-09-01,77.8915,69.3
2018-09-02,75.5974,67.4
2018-09-03,75.189,69.4
2018-09-04,76.071,68.9
2018-09-05,79.0976,68.5
2018-09-06,77.6073,70.3
2018-09-07,77.1894,67.1
2018-09-08,78.4914,68.4
2018-09-09,77.9572,67.2
2018-09-10,77.6738,68.7
2018-09-11,79.0274,68.6
2018-09-12,79.76,69.4
2018-09-13,79.0891,68.7
2018-09-14,77.7806,69.3
2018-09-15,76.9552,69.6
2018-09-16,77.4409,70.6
2018-09-17,71.743,71.3
2018-09-18,71.4866,72.1
2018-09-19,70.8995,71.1
2018-09-20,69.9884,69.6
2018-09-21,69.3497,69.3
2018-09-22,69.8799,69.6
2018-09-23,69.9135,69.0
2018-09-24,68.7245,69.0
2018-09-25,69.3636,69.8
2018-09-26,69.7507,70.4
2018-09-27,68.9716,70.2
2018-09-28,69.6606,70.9
2018-09-29,69.3787,68.9
2018-09-30,69.0585,68.6
2018-10-01,70.2704,68.3
2018-10-02,68.975,68.5
2018-10-03,69.0354,67.4
2018-10-04,70.3923,67.9
2018-10-05,71.4125,66.1
2018-10-06,72.3595,67.1
2018-10-07,74.4134,65.8
2018-10-08,75.276,66.5
2018-10-09,76.5173,66.3
2018-10-10,77.6713,65.5
2018-10-11,78.5823,67.2
2018-10-12,79.4307,67.6
2018-10-13,80.0188,67.5
2018-10-14,79.3961,68.2
2018-10-15,78.6998,67.6
2018-10-16,77.8939,67.6
2018-10-17,77.5718,68.0
2018-10-18,77.4941,66.8
2018-10-19,77.3027,65.6
2018-10-20,76.3839,66.5
2018-10-21,76.5338,66.9
2018-10-22,76.7197,69.5
2018-10-23,75.8951,71.7
2018-10-24,73.0322,70.6
2018-10-25,73.781,69.5
2018-10-26,73.1644,68.8
2018-10-27,75.3973,67.1
2018-10-28,74.5622,67.5
2018-10-29,76.3222,67.5
2018-10-30,74.385,68.2
2018-10-31,75.1602,67.8
2018-11-01,74.7399,66.8
2018-11-02,73.5173,66.6
2018-11-03,72.4982,65.7
2018-11-04,73.1912,66.0
2018-11-05,70.7853,66.1
2018-11-06,72.2935,67.4
2018-11-07,70.5595,67.0
2018-11-08,73.6849,66.4
2018-11-09,74.0305,66.8
2018-11-10,73.6791,68.8
2018-11-11,74.5058,67.7
2018-11-12,74.8717,68.1
2018-11-13,75.1713,68.4
2018-11-14,75.7451,69.5
2018-11-15,76.1,68.8
2018-11-16,77.7932,68.9
2018-11-17,78.5526,68.6
2018-11-18,78.2298,68.0
2018-11-19,77.6149,68.6
2018-11-20,77.431,68.9
2018-11-21,76.9904,67.6
2018-11-22,76.8771,67.9
2018-11-23,76.7356,68.1
2018-11-24,77.1553,68.0
2018-11-25,76.9749,67.6
2018-11-26,76.6458,68.8
2018-11-27,76.6739,68.7
2018-11-28,76.511,68.0
2018-11-29,76.6742,67.2
2018-11-30,76.7926,67.3
2018-12-01,76.8621,66.5
2018-12-02,76.8135,66.2
2018-12-03,75.8374,67.0
2018-12-04,76.1634,66.7
2018-12-05,76.1796,67.1
2018-12-06,74.1225,67.0
2018-12-07,75.1559,69.5
2018-12-08,73.8975,72.7
2018-12-09,74.1534,70.2
2018-12-10,74.2241,69.1
2018-12-11,74.6222,68.8
2018-12-12,75.5876,69.6
2018-12-13,75.7576,69.1
2018-12-14,74.88,69.0
2018-12-15,74.6733,69.2
2018-12-16,74.4006,67.8
2018-12-17,72.6917,65.9
2018-12-18,73.0715,67.3
2018-12-19,72.7136,66.6
2018-12-20,73.18,67.8
2018-12-21,73.1752,67.3
2018-12-22,72.3654,67.5
2018-12-23,68.6792,66.4
2018-12-24,67.6493,66.6
2018-12-25,68.4686,67.4
2018-12-26,70.3058,67.0
2018-12-27,68.7206,67.7
2018-12-28,72.3896,68.5
2018-12-29,70.0521,69.3
2018-12-30,68.8922,70.2
2018-12-31,68.307,72.7
2019-01-01,71.4787,74.3
2019-01-02,69.632,72.8
2019-01-03,72.7308,73.5
2019-01-04,72.2305,70.9
2019-01-05,75.2196,71.4
2019-01-06,74.3292,70.0
2019-01-07,74.1291,70.0
2019-01-08,74.8134,68.8
2019-01-09,74.1568,69.1
2019-01-10,73.4766,68.7
2019-01-11,70.5056,68.7
2019-01-12,73.5613,69.3
2019-01-13,73.3153,68.3
2019-01-14,74.0851,69.8
2019-01-15,74.9476,68.4
2019-01-16,75.0108,68.1
2019-01-17,74.3247,68.0
2019-01-18,74.8417,68.4
2019-01-19,75.6665,68.6
2019-01-20,74.0754,69.7
2019-01-21,75.6455,69.2
2019-01-22,75.9162,69.0
2019-01-23,76.7369,68.4
2019-01-24,78.0564,68.3
2019-01-25,78.236,68.6
2019-01-26,79.0573,69.4
2019-01-27,77.9716,69.2
2019-01-28,78.0716,69.7
2019-01-29,78.1238,69.2
2019-01-30,78.373,69.0
2019-01-31,77.8925,68.9
2019-02-01,77.9337,69.2
2019-02-02,77.4098,69.4
2019-02-03,77.3556,68.8
2019-02-04,76.9844,68.7
2019-02-05,76.5907,68.2
2019-02-06,77.1002,68.3
2019-02-07,75.9334,69.7
2019-02-08,77.9148,70.8
2019-02-09,77.6849,71.3
2019-02-10,77.2339,69.9
2019-02-11,75.8889,70.7
2019-02-12,75.724,69.7
2019-02-13,75.0149,70.1
2019-02-14,73.217,69.5
2019-02-15,71.2687,69.8
2019-02-16,72.6633,70.0
2019-02-17,72.3042,69.3
2019-02-18,72.4316,68.9
2019-02-19,74.6176,68.8
2019-02-20,74.7968,68.6
2019-02-21,74.0233,69.3
2019-02-22,72.1926,69.1
2019-02-23,70.9594,76.2
2019-02-24,71.4448,79.4
2019-02-25,69.4222,81.8
2019-02-26,69.8676,78.9
2019-02-27,69.2589,75.0
2019-02-28,69.2987,70.8
2019-03-01,68.8609,68.7
2019-03-02,68.6157,68.6
2019-03-03,70.0634,68.1
2019-03-04,69.3686,68.6
2019-03-05,72.3912,69.2
2019-03-06,75.4996,69.4
2019-03-07,75.9624,69.2
2019-03-08,75.4539,70.8
2019-03-09,75.9289,70.6
2019-03-10,75.0169,70.3
2019-03-11,73.9066,71.8
2019-03-12,75.4561,73.7
2019-03-13,76.3767,76.6
2019-03-14,76.5209,78.8
2019-03-15,76.7685,79.3
2019-03-16,76.8685,78.4
2019-03-17,75.9542,78.9
2019-03-18,77.0006,77.7
2019-03-19,75.9641,78.3
2019-03-20,76.4064,75.9
2019-03-21,78.7038,75.9
2019-03-22,79.4935,74.7
2019-03-23,78.91,76.7
2019-03-24,77.8152,75.2
2019-03-25,76.598,73.3
2019-03-26,77.5162,70.6
2019-03-27,77.7738,69.9
2019-03-28,77.2273,70.2
2019-03-29,77.4276,69.6
2019-03-30,78.1681,70.1
2019-03-31,79.2618,68.4
2019-04-01,78.6292,68.0
2019-04-02,80.1384,67.8
2019-04-03,79.923,68.8
2019-04-04,79.3418,67.9
2019-04-05,79.8378,69.5
2019-04-06,80.8691,68.7
2019-04-07,81.9464,70.3
2019-04-08,82.1396,70.9
2019-04-09,82.8618,73.5
2019-04-10,82.3192,74.7
2019-04-11,82.7339,77.3
2019-04-12,82.3633,80.1
2019-04-13,81.807,76.8
2019-04-14,80.2782,77.7
2019-04-15,79.8355,77.8
2019-04-16,79.3341,79.5
2019-04-17,80.178,77.6
2019-04-18,79.55,76.2
2019-04-19,78.7945,76.0
2019-04-20,77.7394,75.6
2019-04-21,77.4854,75.3
2019-04-22,77.68,73.8
2019-04-23,77.6358,72.2
2019-04-24,77.8012,69.6
2019-04-25,77.7653,70.4
2019-04-26,75.9561,69.7
2019-04-27,75.1105,69.0
2019-04-28,75.344,68.2
2019-04-29,75.4709,68.1
2019-04-30,76.3662,68.7
2019-05-01,78.0295,69.8
2019-05-02,78.47,69.3
2019-05-03,79.543,70.0
2019-05-04,80.3696,70.1
2019-05-05,79.5452,70.6
2019-05-06,79.0508,70.6
2019-05-07,78.9033,71.7
2019-05-08,73.4309,71.9
2019-05-09,73.3096,71.8
2019-05-10,73.6854,72.1
2019-05-11,74.3443,71.8
2019-05-12,74.313,70.9
2019-05-13,74.7674,71.0
2019-05-14,75.1176,70.5
2019-05-15,75.0733,70.5
2019-05-16,76.2301,71.0
2019-05-17,75.9334,71.9
2019-05-18,76.288,71.6
2019-05-19,75.2433,69.6
2019-05-20,75.2898,70.1
2019-05-21,75.3618,68.8
2019-05-22,75.7311,68.0
2019-05-23,71.9176,68.5
2019-05-24,70.3863,69.2
2019-05-25,70.5096,70.2
2019-05-26,70.9071,69.9
2019-05-27,70.9114,68.6
2019-05-28,71.0538,68.6
2019-05-29,71.2166,69.5
2019-05-30,71.1464,70.2
2019-05-31,71.3026,70.2
2019-06-01,71.9032,70.3
2019-06-02,71.8353,69.3
2019-06-03,71.8951,70.4
2019-06-04,71.9645,69.9
2019-06-05,72.0761,69.7
2019-06-06,71.7488,70.5
2019-06-07,71.7756,69.5
2019-06-08,71.7124,69.1
2019-06-09,71.5777,69.9
2019-06-10,71.724,69.0
2019-06-11,71.9832,68.8
2019-06-12,71.7296,69.6
2019-06-13,71.0974,68.7
2019-06-14,71.2105,69.7
2019-06-15,70.5132,70.1
2019-06-16,70.4187,69.4
2019-06-17,70.6232,69.0
2019-06-18,70.8644,68.2
2019-06-19,71.0012,69.4
2019-06-20,71.1008,69.3
2019-06-21,70.6438,69.5
2019-06-22,70.4691,70.0
2019-06-23,72.1748,69.2
2019-06-24,71.0542,68.9
2019-06-25,70.8182,69.1
2019-06-26,70.8487,69.8
2019-06-27,71.6162,69.5
2019-06-28,71.4972,69.6
2019-06-29,72.2418,70.0
2019-06-30,75.9897,70.3
2019-07-01,75.6438,69.8
2019-07-02,76.18,68.7
2019-07-03,76.8754,69.2
2019-07-04,78.389,68.2
2019-07-05,78.4067,68.3
2019-07-06,78.3562,68.9
2019-07-07,78.5334,68.8
2019-07-08,77.071,68.9
2019-07-09,76.8134,67.7
2019-07-10,77.2476,68.8
2019-07-11,76.7379,70.1
2019-07-12,78.3014,70.1
2019-07-13,77.9911,69.9
2019-07-14,78.956,70.6
2019-07-15,78.6279,69.1
2019-07-16,78.6396,69.1
2019-07-17,78.5155,69.5
2019-07-18,76.3119,69.0
2019-07-19,75.2943,68.6
2019-07-20,74.6214,69.1
2019-07-21,74.7887,69.4
2019-07-22,74.1311,69.2
2019-07-23,73.4312,69.7
2019-07-24,78.3859,69.2
2019-07-25,78.3355,69.3
2019-07-26,78.9802,68.9
2019-07-27,78.4187,68.4
2019-07-28,78.8729,67.3
2019-07-29,78.3785,68.0
2019-07-30,77.7803,67.8
2019-07-31,77.9721,67.4
2019-08-01,76.9354,67.2
2019-08-02,76.3977,67.5
2019-08-03,76.0288,67.2
2019-08-04,75.3601,67.2
2019-08-05,75.8092,67.8
2019-08-06,75.7761,67.7
2019-08-07,75.4504,68.3
2019-08-08,74.7492,70.0
2019-08-09,73.6858,69.8
2019-08-10,75.8525,69.8
2019-08-11,76.015,69.4
2019-08-12,75.9168,70.0
2019-08-13,76.7671,75.0
2019-08-14,78.3799,68.5
2019-08-15,78.2105,69.8
2019-08-16,78.2264,70.9
2019-08-17,78.868,69.0
2019-08-18,78.3463,70.3
2019-08-19,78.9303,69.1
2019-08-20,78.1965,69.4
2019-08-21,77.3167,68.4
2019-08-22,77.1706,69.4
2019-08-23,77.0224,68.8
2019-08-24,75.9706,66.9
2019-08-25,76.7491,67.7
2019-08-26,76.9222,67.7
2019-08-27,73.8171,68.2
2019-08-28,75.1939,68.8
2019-08-29,75.4268,66.6
2019-08-30,74.4054,67.5
2019-08-31,75.018,67.9
2019-09-01,75.481,67.4
2019-09-02,76.7145,66.8
2019-09-03,74.8791,67.5
2019-09-04,72.1656,67.7
2019-09-05,71.4287,68.1
2019-09-06,71.2344,68.8
2019-09-07,74.7272,68.4
2019-09-08,70.9729,68.3
2019-09-09,72.7585,68.1
2019-09-10,74.6999,67.8
2019-09-11,72.5708,67.3
2019-09-12,73.7479,67.6
2019-09-13,73.1446,67.0
2019-09-14,74.6412,67.9
2019-09-15,74.1693,67.3
2019-09-16,73.5898,68.3
2019-09-17,71.2959,68.0
2019-09-18,70.5758,66.9
2019-09-19,72.6974,65.8
2019-09-20,71.2019,66.9
2019-09-21,72.4839,65.9
2019-09-22,75.0403,65.6
2019-09-23,73.245,65.6
2019-09-24,74.1956,65.5
2019-09-25,74.0058,64.4
2019-09-26,74.0585,63.4
2019-09-27,74.771,64.9
2019-09-28,75.9484,63.9
2019-09-29,74.5064,64.3
2019-09-30,76.8273,67.9
2019-10-01,76.2615,67.8
2019-10-02,76.2479,68.0
2019-10-03,76.8178,68.5
2019-10-04,77.7705,68.2
2019-10-05,77.56,68.8
2019-10-06,77.1748,70.2
2019-10-07,76.0169,69.6
2019-10-08,76.2141,69.6
2019-10-09,76.9309,68.3
2019-10-10,76.16,69.6
2019-10-11,76.2011,69.2
2019-10-12,76.317,68.1
2019-10-13,75.2735,68.5
2019-10-14,75.0652,68.9
2019-10-15,75.2925,68.3
2019-10-16,75.0663,69.4
2019-10-17,73.9323,68.1
2019-10-18,72.7021,69.3
2019-10-19,71.4234,69.6
2019-10-20,68.479,68.4
2019-10-21,67.0051,68.5
2019-10-22,69.3741,68.2
2019-10-23,69.5687,68.5
2019-10-24,71.2302,68.8
2019-10-25,70.6673,67.6
2019-10-26,71.3144,68.5
2019-10-27,71.9221,69.1
2019-10-28,68.1733,67.9
2019-10-29,73.4374,68.5
2019-10-30,74.1407,68.8
2019-10-31,75.8952,67.7
2019-11-01,75.4323,68.6
2019-11-02,73.7944,69.6
2019-11-03,74.8988,68.3
2019-11-04,75.6435,67.9
2019-11-05,76.7776,68.5
2019-11-06,75.9235,69.2
2019-11-07,77.1476,68.4
2019-11-08,76.9404,67.9
2019-11-09,75.6633,67.6
2019-11-10,75.9352,68.6
2019-11-11,76.2063,68.3
2019-11-12,76.6316,68.2
2019-11-13,76.9342,69.4
2019-11-14,76.5512,68.6
2019-11-15,76.5404,68.4
2019-11-16,75.3489,68.6
2019-11-17,75.2218,68.3
2019-11-18,75.5654,66.8
2019-11-19,75.0202,68.1
2019-11-20,73.5402,68.8
2019-11-21,74.0556,67.7
2019-11-22,73.4747,68.2
2019-11-23,70.1457,68.0
2019-11-24,70.3056,67.7
2019-11-25,70.3128,67.7
2019-11-26,67.6398,68.4
2019-11-27,66.2845,68.7
2019-11-28,67.774,70.2
2019-11-29,67.7426,70.3
2019-11-30,68.5301,69.8
2019-12-01,72.0324,69.7
2019-12-02,71.353,70.1
2019-12-03,73.267,69.8
2019-12-04,72.831,69.6
2019-12-05,71.8578,68.6
2019-12-06,74.4342,68.2
2019-12-07,73.8034,69.4
2019-12-08,73.9743,69.5
2019-12-09,75.8966,68.9
2019-12-10,75.0978,69.8
2019-12-11,75.1546,69.4
2019-12-12,74.8442,68.1
2019-12-13,75.2655,69.3
2019-12-14,75.9772,71.2
2019-12-15,76.489,71.9
2019-12-16,74.1617,70.4
2019-12-17,75.5335,71.0
2019-12-18,74.8584,69.5
2019-12-19,75.1106,69.1
2019-12-20,75.9101,69.5
2019-12-21,76.1487,68.9
2019-12-22,77.3846,69.4
2019-12-23,76.8996,67.9
2019-12-24,76.8375,69.0
2019-12-25,77.3174,69.5
2019-12-26,76.9459,69.0
2019-12-27,77.2811,68.3
2019-12-28,77.7545,69.6
2019-12-29,77.5044,68.6
2019-12-30,77.7805,68.8
2019-12-31,77.0457,70.4
2020-01-01,77.7193,72.4
2020-01-02,78.1808,70.7
2020-01-03,77.8406,72.0
2020-01-04,77.4264,72.0
2020-01-05,76.7872,71.9
2020-01-06,74.6686,71.7
2020-01-07,75.525,70.4
2020-01-08,75.6942,70.2
2020-01-09,76.916,70.0
2020-01-10,77.1667,68.3
2020-01-11,77.7529,68.6
2020-01-12,77.176,69.3
2020-01-13,77.1817,68.9
2020-01-14,77.4032,70.0
2020-01-15,78.0212,68.8
2020-01-16,77.7649,68.3
2020-01-17,76.4629,69.3
2020-01-18,77.3341,69.8
2020-01-19,77.3186,69.4
2020-01-20,77.652,69.5
2020-01-21,77.4856,68.8
2020-01-22,77.498,68.8
2020-01-23,76.4119,69.0
2020-01-24,77.19,69.4
2020-01-25,77.6967,69.4
2020-01-26,78.0945,69.2
2020-01-27,78.5108,69.6
2020-01-28,78.9658,70.7
2020-01-29,79.2617,68.8
2020-01-30,79.6014,68.7
2020-01-31,79.8276,69.1
2020-02-01,79.2397,68.7
2020-02-02,79.186,69.6
2020-02-03,79.2329,69.3
2020-02-04,78.4082,68.8
2020-02-05,78.2142,68.1
2020-02-06,78.3565,68.1
2020-02-07,77.8177,68.8
2020-02-08,78.2742,68.7
2020-02-09,76.4357,68.3
2020-02-10,74.7625,68.9
2020-02-11,74.5098,68.8
2020-02-12,71.046,69.2
2020-02-13,69.7359,69.8
2020-02-14,68.8693,69.8
2020-02-15,69.2597,69.6
2020-02-16,68.7464,69.1
2020-02-17,69.3248,67.9
2020-02-18,68.8378,67.4
2020-02-19,69.1022,69.5
2020-02-20,69.1838,69.1
2020-02-21,69.1802,70.9
2020-02-22,69.9403,71.4
2020-02-23,69.9221,71.5
2020-02-24,70.4316,71.1
2020-02-25,70.3671,70.3
2020-02-26,73.2222,69.8
2020-02-27,74.964,69.9
2020-02-28,75.16,70.8
2020-02-29,76.1044,70.9
2020-03-01,73.557,69.9
2020-03-02,75.0727,69.2
2020-03-03,75.9969,69.0
2020-03-04,73.8004,68.6
2020-03-05,73.8905,69.1
2020-03-06,74.0398,69.8
2020-03-07,73.9895,69.2
2020-03-08,73.6835,69.7
2020-03-09,73.849,70.0
2020-03-10,74.9633,70.2
2020-03-11,73.7628,71.3
2020-03-12,75.0549,70.1
2020-03-13,74.6687,70.1
2020-03-14,75.0082,70.7
2020-03-15,76.3632,70.6
2020-03-16,75.6976,69.5
2020-03-17,76.806,70.9
2020-03-18,75.4712,71.1
2020-03-19,75.7062,70.7
2020-03-20,77.5788,69.4
2020-03-21,74.9333,68.9
2020-03-22,74.9265,69.0
2020-03-23,74.9654,68.4
2020-03-24,75.5424,70.4
2020-03-25,76.2436,69.2
2020-03-26,76.4009,68.9
2020-03-27,76.6036,69.8
2020-03-28,74.8413,71.4
2020-03-29,73.2297,69.5
2020-03-30,71.9643,70.5
2020-03-31,75.0853,69.8
2020-04-01,74.2185,70.1
2020-04-02,75.4537,69.9
2020-04-03,76.3245,69.9
2020-04-04,74.5393,71.0
2020-04-05,75.8359,70.9
2020-04-06,76.3637,71.3
2020-04-07,76.5466,70.3
2020-04-08,78.1679,69.8
2020-04-09,78.3538,70.5
2020-04-10,78.3862,70.5
2020-04-11,78.5192,71.1
2020-04-12,78.6103,70.0
2020-04-13,78.1852,69.2
2020-04-14,76.5761,72.4
2020-04-15,76.8336,69.3
2020-04-16,75.3604,67.5
2020-04-17,74.7161,70.3
2020-04-18,76.4487,70.2
2020-04-19,75.2121,68.7
2020-04-20,77.1497,69.4
2020-04-21,77.3595,71.0
2020-04-22,77.1523,71.2
2020-04-23,77.3941,71.8
2020-04-24,79.3856,70.3
2020-04-25,78.2916,71.3
2020-04-26,78.6423,71.9
2020-04-27,78.9512,72.6
2020-04-28,77.4815,70.9
2020-04-29,78.7611,70.6
2020-04-30,79.4657,72.1
2020-05-01,79.5086,71.6
2020-05-02,79.0398,70.0
2020-05-03,79.074,69.3
2020-05-04,78.7493,71.6
2020-05-05,79.2598,71.9
2020-05-06,79.2012,72.8
2020-05-07,78.9159,71.2
2020-05-08,78.7217,72.4
2020-05-09,80.0707,72.0
2020-05-10,78.2316,72.1
2020-05-11,78.2108,73.2
2020-05-12,79.1152,73.8
2020-05-13,78.1574,73.8
2020-05-14,78.2211,73.2
2020-05-15,78.2002,74.6
2020-05-16,78.4116,73.2
2020-05-17,78.459,73.7
2020-05-18,78.4987,72.7
2020-05-19,76.8943,71.6
2020-05-20,77.1539,72.4
2020-05-21,76.2722,72.7
2020-05-22,74.0829,71.5
2020-05-23,71.3135,71.0
2020-05-24,74.991,70.2
2020-05-25,76.9747,71.1
2020-05-26,77.0088,70.0
2020-05-27,76.1568,69.9
2020-05-28,76.5319,69.9
2020-05-29,76.9222,69.3
2020-05-30,77.5754,69.1
2020-05-31,76.2297,71.2
2020-06-01,74.7905,70.0
2020-06-02,75.2711,71.2
2020-06-03,73.5866,71.5
2020-06-04,76.6518,71.0
2020-06-05,76.2502,70.4
2020-06-06,77.004,71.2
2020-06-07,78.5401,70.3
2020-06-08,79.5734,71.6
2020-06-09,79.9144,71.8
2020-06-10,80.0155,71.8
2020-06-11,80.7238,70.8
2020-06-12,80.3688,70.0
2020-06-13,79.0348,69.4
2020-06-14,80.4711,71.0
2020-06-15,80.16,71.1
2020-06-16,80.5205,71.0
2020-06-17,80.246,69.8
2020-06-18,80.4345,70.5
2020-06-19,81.0458,71.2
2020-06-20,79.9188,70.6
2020-06-21,79.8062,70.9
2020-06-22,79.5738,71.3
2020-06-23,78.2659,70.0
2020-06-24,80.1504,71.1
2020-06-25,79.0536,71.6
2020-06-26,77.969,72.1
2020-06-27,75.2951,72.2
2020-06-28,74.9257,72.5
2020-06-29,73.3226,71.7
2020-06-30,73.2066,72.6
2020-07-01,72.9462,73.6
2020-07-02,71.0667,73.7
2020-07-03,70.7458,74.1
2020-07-04,70.7224,74.9
2020-07-05,70.804,75.6
2020-07-06,70.8402,74.4
2020-07-07,70.7362,74.1
2020-07-08,72.4019,74.9
2020-07-09,75.9261,74.8
2020-07-10,77.4002,75.1
2020-07-11,75.2963,75.6
2020-07-12,78.3732,75.1
2020-07-13,78.3712,76.0
2020-07-14,79.997,76.8
2020-07-15,80.2705,76.0
2020-07-16,80.6045,76.2
2020-07-17,80.9517,75.4
2020-07-18,80.3691,75.1
2020-07-19,81.0144,74.2
2020-07-20,81.0323,72.6
2020-07-21,80.7884,72.4
2020-07-22,80.9476,72.6
2020-07-23,81.5461,72.5
2020-07-24,81.0361,73.1
2020-07-25,81.1142,72.2
2020-07-26,81.5308,71.6
2020-07-27,80.6374,72.6
2020-07-28,80.9764,71.6
2020-07-29,80.2924,72.1
2020-07-30,80.9151,71.8
2020-07-31,81.5603,72.1
2020-08-01,81.1766,71.9
2020-08-02,81.471,71.4
2020-08-03,81.188,71.5
2020-08-04,81.42,71.6
2020-08-05,81.6987,71.4
2020-08-06,81.1744,70.5
2020-08-07,81.5692,70.8
2020-08-08,81.8757,69.5
2020-08-09,82.5546,71.2
2020-08-10,83.1475,70.8
2020-08-11,83.1178,70.3
2020-08-12,83.625,70.5
2020-08-13,82.8178,71.3
2020-08-14,82.4232,70.9
2020-08-15,82.6282,70.7
2020-08-16,82.63,70.2
2020-08-17,82.6325,69.6
2020-08-18,82.6244,70.2
2020-08-19,82.3066,70.6
2020-08-20,82.0552,69.7
2020-08-21,82.4233,69.6
2020-08-22,81.4171,70.2
2020-08-23,81.6049,70.4
2020-08-24,81.4225,70.6
2020-08-25,79.407,71.2
2020-08-26,78.5011,70.7
2020-08-27,75.726,71.9
2020-08-28,71.5247,72.9
2020-08-29,71.4472,73.7
2020-08-30,71.5383,74.1
2020-08-31,71.2804,73.8
2020-09-01,71.3821,72.9
2020-09-02,70.8777,74.4
2020-09-03,71.5184,74.1
2020-09-04,71.3263,73.0
2020-09-05,71.1402,73.5
2020-09-06,71.211,73.0
2020-09-07,71.4454,72.3
2020-09-08,71.2676,71.9
2020-09-09,70.8467,71.2
2020-09-10,73.0278,72.2
2020-09-11,74.6736,71.6
2020-09-12,77.1668,70.6
2020-09-13,78.0476,71.5
2020-09-14,79.1328,72.9
2020-09-15,79.0937,73.3
2020-09-16,80.4221,72.6
2020-09-17,81.0833,73.4
2020-09-18,80.9434,72.0
2020-09-19,80.7528,74.1
2020-09-20,81.1295,73.4
2020-09-21,81.7173,74.8
2020-09-22,81.1959,72.5
2020-09-23,82.6944,75.3
2020-09-24,82.3037,74.2
2020-09-25,82.7298,74.0
2020-09-26,81.6629,73.0
2020-09-27,80.9591,74.2
2020-09-28,82.1351,71.0
2020-09-29,80.7901,71.3
2020-09-30,78.6886,73.3
2020-10-01,79.5838,74.1
2020-10-02,76.7543,81.4
2020-10-03,71.5711,86.4
2020-10-04,72.0772,83.5
2020-10-05,73.1363,78.4
2020-10-06,74.1316,75.6
2020-10-07,73.6633,76.1
2020-10-08,73.7989,80.3
2020-10-09,74.0195,81.6
2020-10-10,75.2571,86.6
2020-10-11,75.0514,89.1
2020-10-12,73.0119,92.1
2020-10-13,74.0301,88.9
2020-10-14,77.2543,88.3
2020-10-15,78.1956,88.3
2020-10-16,81.0892,85.1
2020-10-17,80.1972,86.3
2020-10-18,81.1139,83.3
2020-10-19,81.7076,80.7
2020-10-20,82.2357,78.5
2020-10-21,82.1296,76.9
2020-10-22,82.9818,74.9
2020-10-23,81.2059,77.3
2020-10-24,81.226,75.5
2020-10-25,82.1884,74.9
2020-10-26,82.9279,79.7
2020-10-27,85.5261,82.9
2020-10-28,85.5738,85.5
2020-10-29,84.7771,93.1
2020-10-30,81.8395,97.9
2020-10-31,81.3352,101.0
2020-11-01,81.2165,103.0
2020-11-02,83.9899,103.5
2020-11-03,85.2875,106.6
2020-11-04,87.8951,113.1
2020-11-05,88.0037,106.4
2020-11-06,88.8142,101.2
2020-11-07,85.4458,101.9
2020-11-08,83.9649,99.9
2020-11-09,84.6526,93.0
2020-11-10,84.2129,97.0
2020-11-11,83.2594,88.2
2020-11-12,85.1003,86.8
2020-11-13,84.8174,80.0
2020-11-14,84.9678,79.6
2020-11-15,83.908,79.1
2020-11-16,83.1773,80.8
2020-11-17,84.8611,79.3
2020-11-18,84.6287,78.1
2020-11-19,85.3449,80.4
2020-11-20,87.5627,80.3
2020-11-21,88.8761,79.3
2020-11-22,90.5495,79.1
2020-11-23,93.1915,77.9
2020-11-24,94.8068,79.1
2020-11-25,95.9773,81.1
2020-11-26,96.9011,77.0
2020-11-27,97.2278,83.0
2020-11-28,98.2406,83.6
2020-11-29,99.44,84.5
2020-11-30,96.8609,84.9
2020-12-01,95.6933,85.0
2020-12-02,95.4861,84.9
2020-12-03,94.9532,84.3
2020-12-04,92.6709,81.4
2020-12-05,94.3084,80.1
2020-12-06,91.4261,78.5
2020-12-07,91.676,77.7
2020-12-08,88.7919,78.8
2020-12-09,88.3347,77.8
2020-12-10,87.9231,75.0
2020-12-11,88.6678,72.6
2020-12-12,86.1648,71.7
2020-12-13,88.5778,72.2
2020-12-14,90.9164,72.8
2020-12-15,91.6377,71.8
2020-12-16,91.3321,70.7
2020-12-17,91.3858,70.8
2020-12-18,90.5876,70.4
2020-12-19,90.9887,70.8
2020-12-20,92.3033,71.2
2020-12-21,90.0314,71.0
2020-12-22,91.9711,75.2
2020-12-23,91.6612,74.8
2020-12-24,87.641,72.9
2020-12-25,86.5423,75.6
2020-12-26,82.5507,74.7
2020-12-27,82.9311,75.2
2020-12-28,82.829,75.8
2020-12-29,81.8193,75.5
2020-12-30,81.8092,75.2
2020-12-31,82.7219,74.8
2021-01-01,82.5823,73.4
2021-01-02,83.2619,74.0
2021-01-03,84.2147,73.4
2021-01-04,83.5647,73.2
2021-01-05,83.8553,71.6
2021-01-06,84.4235,71.2
2021-01-07,83.9456,70.8
2021-01-08,84.2998,70.2
2021-01-09,84.6042,71.3
2021-01-10,81.8797,71.2
2021-01-11,79.8576,71.1
2021-01-12,80.2546,71.0
2021-01-13,79.8002,70.8
2021-01-14,77.5577,71.3
2021-01-15,77.5164,71.0
2021-01-16,79.4613,71.0
2021-01-17,79.2305,70.5
2021-01-18,78.3963,71.7
2021-01-19,79.4532,69.6
2021-01-20,79.0912,69.7
2021-01-21,79.2836,68.0
2021-01-22,79.4878,69.1
2021-01-23,79.3274,70.0
2021-01-24,79.1297,70.6
2021-01-25,78.872,69.9
2021-01-26,78.0777,71.7
2021-01-27,79.4778,70.9
2021-01-28,79.53,73.2
2021-01-29,79.2726,74.2
2021-01-30,78.8218,77.6
2021-01-31,78.3117,77.1
2021-02-01,77.371,78.1
2021-02-02,76.3441,76.4
2021-02-03,76.6516,75.7
2021-02-04,76.2407,72.7
2021-02-05,80.5192,73.3
2021-02-06,80.7128,74.4
2021-02-07,79.045,74.1
2021-02-08,81.2781,73.9
2021-02-09,82.2402,74.4
2021-02-10,77.9613,76.4
2021-02-11,77.2571,78.7
2021-02-12,75.9122,75.4
2021-02-13,74.9832,75.3
2021-02-14,74.9509,74.6
2021-02-15,74.051,74.7
2021-02-16,74.2678,75.0
2021-02-17,74.3911,74.2
2021-02-18,74.319,73.1
2021-02-19,73.7972,72.9
2021-02-20,74.1111,72.1
2021-02-21,73.7025,72.5
2021-02-22,74.4321,72.5
2021-02-23,74.5196,74.1
2021-02-24,75.722,74.6
2021-02-25,75.1295,76.0
2021-02-26,75.4253,76.4
2021-02-27,80.2438,75.3
2021-02-28,80.6201,74.8
2021-03-01,79.9341,74.7
2021-03-02,82.5953,74.7
2021-03-03,83.1672,73.6
2021-03-04,83.2218,73.2
2021-03-05,83.2603,74.5
2021-03-06,83.6866,72.4
2021-03-07,84.8881,77.8
2021-03-08,86.0136,71.4
2021-03-09,85.0618,72.2
2021-03-10,85.0225,72.0
2021-03-11,84.7041,71.8
2021-03-12,84.4757,71.3
2021-03-13,84.3027,70.7
2021-03-14,84.0052,70.5
2021-03-15,83.0957,70.8
2021-03-16,83.205,70.8
2021-03-17,82.925,72.2
2021-03-18,82.3684,74.5
2021-03-19,80.2527,73.6
2021-03-20,80.0627,74.3
2021-03-21,78.443,76.0
2021-03-22,76.0255,75.2
2021-03-23,78.3743,75.9
2021-03-24,76.9135,76.4
2021-03-25,73.5186,81.1
2021-03-26,73.4075,83.7
2021-03-27,74.021,77.7
2021-03-28,73.7325,78.6
2021-03-29,73.3222,76.1
2021-03-30,74.0138,77.7
2021-03-31,74.5996,78.7
2021-04-01,74.4346,79.2
2021-04-02,71.9887,79.4
2021-04-03,72.3884,77.9
2021-04-04,72.2895,78.0
2021-04-05,72.1531,74.0
2021-04-06,74.684,72.7
2021-04-07,78.733,73.1
2021-04-08,79.2361,72.8
2021-04-09,80.4153,71.8
2021-04-10,81.4824,70.7
2021-04-11,81.5633,72.1
2021-04-12,83.2852,75.9
2021-04-13,82.9019,77.4
2021-04-14,83.1256,77.7
2021-04-15,83.4678,78.0
2021-04-16,82.7927,77.6
2021-04-17,83.0806,76.3
2021-04-18,82.8339,76.3
2021-04-19,84.6027,72.4
2021-04-20,85.6424,74.9
2021-04-21,84.3966,74.9
2021-04-22,85.1032,76.5
2021-04-23,84.3764,78.2
2021-04-24,84.5747,77.7
2021-04-25,84.5026,74.0
2021-04-26,85.2718,75.5
2021-04-27,84.4782,77.5
2021-04-28,83.7284,81.0
2021-04-29,84.0667,74.5
2021-04-30,82.8086,85.7
2021-05-01,82.128,90.3
2021-05-02,83.486,85.5
2021-05-03,83.8511,79.5
2021-05-04,83.5346,78.1
2021-05-05,82.565,76.5
2021-05-06,82.6048,84.0
2021-05-07,83.5873,77.3
2021-05-08,84.3531,78.5
2021-05-09,84.2284,77.7
2021-05-10,85.3034,79.4
2021-05-11,85.9883,76.6
2021-05-12,85.7251,79.7
2021-05-13,85.9967,83.2
2021-05-14,84.4196,82.3
2021-05-15,85.5715,81.0
2021-05-16,85.8461,75.6
2021-05-17,86.0736,79.7
2021-05-18,86.9212,80.0
2021-05-19,86.7656,80.5
2021-05-20,85.1079,79.3
2021-05-21,85.4499,77.9
2021-05-22,85.874,79.6
2021-05-23,87.0081,87.7
2021-05-24,84.543,79.5
2021-05-25,87.9964,79.6
2021-05-26,88.7366,78.9
2021-05-27,86.9304,81.7
2021-05-28,84.3833,83.4
2021-05-29,83.7367,82.3
2021-05-30,82.9853,83.3
2021-05-31,86.3982,86.1
2021-06-01,83.9673,85.1
2021-06-02,84.6765,89.9
2021-06-03,85.1892,91.6
2021-06-04,85.9195,95.6
2021-06-05,83.959,97.3
2021-06-06,86.1633,97.2
2021-06-07,86.3664,98.1
2021-06-08,86.0773,96.8
2021-06-09,87.5216,94.1
2021-06-10,84.6329,92.4
2021-06-11,86.0952,86.0
2021-06-12,86.5054,78.6
2021-06-13,87.203,75.9
2021-06-14,86.8105,76.2
2021-06-15,86.0401,76.5
2021-06-16,86.9707,76.0
2021-06-17,89.9251,74.0
2021-06-18,87.0234,74.3
2021-06-19,86.9274,74.5
2021-06-20,86.5873,75.9
2021-06-21,87.0252,77.5
2021-06-22,82.5216,80.0
2021-06-23,80.8072,83.0
2021-06-24,79.9887,85.3
2021-06-25,81.3579,89.8
2021-06-26,81.7221,96.5
2021-06-27,86.9805,91.8
2021-06-28,90.0659,90.2
2021-06-29,91.535,86.5
2021-06-30,93.2876,84.2
2021-07-01,93.3231,83.4
2021-07-02,94.4252,82.1
2021-07-03,94.4439,81.2
2021-07-04,94.5158,78.1
2021-07-05,94.9309,77.8
2021-07-06,92.8307,78.2
2021-07-07,90.0906,77.2
2021-07-08,88.8265,76.8
2021-07-09,88.7744,78.1
2021-07-10,89.115,72.8
2021-07-11,88.5764,76.5
2021-07-12,87.451,76.5
2021-07-13,85.0375,75.8
2021-07-14,86.0999,75.5
2021-07-15,87.0458,75.0
2021-07-16,88.1621,75.3
2021-07-17,89.8136,75.8
2021-07-18,90.4792,75.6
2021-07-19,92.3554,74.8
2021-07-20,93.1846,74.5
2021-07-21,93.234,76.5
2021-07-22,89.3426,76.3
2021-07-23,83.4171,75.0
2021-07-24,82.506,77.1
2021-07-25,81.7547,76.7
2021-07-26,82.5347,79.5
2021-07-27,82.0284,78.9
2021-07-28,81.6452,78.8
2021-07-29,80.6304,79.8
2021-07-30,80.1095,82.6
2021-07-31,80.5889,85.4
2021-08-01,80.5716,90.5
2021-08-02,80.6862,91.3
2021-08-03,80.5094,91.7
2021-08-04,77.9675,90.5
2021-08-05,83.2312,92.4
2021-08-06,82.265,86.0
2021-08-07,84.0413,85.7
2021-08-08,81.856,87.3
2021-08-09,80.1768,85.3
2021-08-10,78.4868,88.0
2021-08-11,78.8,94.9
2021-08-12,78.4885,101.1
2021-08-13,78.3411,102.8
2021-08-14,80.3294,101.9
2021-08-15,82.606,101.1
2021-08-16,84.4618,97.6
2021-08-17,85.5761,93.0
2021-08-18,87.1415,88.8
2021-08-19,87.9223,84.3
2021-08-20,88.8917,79.0
2021-08-21,88.2942,76.1
2021-08-22,87.8997,74.0
2021-08-23,87.4131,74.1
2021-08-24,89.7541,74.4
2021-08-25,84.4453,75.7
2021-08-26,85.6544,80.7
2021-08-27,87.7096,85.5
2021-08-28,87.9275,89.2
2021-08-29,87.9665,90.2
2021-08-30,91.5825,88.9
2021-08-31,88.5794,88.9
2021-09-01,90.8756,86.7
2021-09-02,91.7284,85.6
2021-09-03,90.9806,89.3
2021-09-04,92.8893,102.0
2021-09-05,96.2677,94.8
2021-09-06,99.7735,90.7
2021-09-07,101.2604,87.1
2021-09-08,100.6618,86.1
2021-09-09,101.1427,83.5
2021-09-10,100.3949,81.7
2021-09-11,99.0708,84.7
2021-09-12,97.788,85.6
2021-09-13,95.8457,92.2
2021-09-14,93.7792,89.8
2021-09-15,92.5118,84.2
2021-09-16,92.0008,88.2
2021-09-17,91.9035,83.1
2021-09-18,91.6014,83.1
2021-09-19,91.5712,83.6
2021-09-20,93.5542,81.2
2021-09-21,95.162,79.8
2021-09-22,96.2845,77.1
2021-09-23,96.3664,76.2
2021-09-24,95.5704,78.2
2021-09-25,95.4333,77.2
2021-09-26,94.7793,81.6
2021-09-27,94.4852,84.8
2021-09-28,94.5709,89.1
2021-09-29,98.0509,92.8
2021-09-30,97.4547,100.6
2021-10-01,95.5131,109.4
2021-10-02,94.0096,110.8
2021-10-03,93.3694,111.3
2021-10-04,92.3576,106.5
2021-10-05,91.6523,108.9
2021-10-06,92.6873,100.2
2021-10-07,93.8716,96.1
2021-10-08,96.8175,94.5
2021-10-09,94.788,90.9
2021-10-10,92.7332,90.8
2021-10-11,95.2133,89.6
2021-10-12,92.788,85.4
2021-10-13,93.0363,88.2
2021-10-14,92.9375,89.1
2021-10-15,91.0444,89.6
2021-10-16,91.732,86.9
2021-10-17,91.0393,82.5
2021-10-18,91.8187,82.3
2021-10-19,92.468,81.9
2021-10-20,91.4236,77.4
2021-10-21,93.2317,79.1
2021-10-22,94.8289,79.0
2021-10-23,95.3464,78.5
2021-10-24,96.9376,77.1
2021-10-25,98.7298,77.0
2021-10-26,101.966,79.7
2021-10-27,103.4775,77.9
2021-10-28,103.5763,77.5
2021-10-29,103.2842,78.9
2021-10-30,105.4433,84.4
2021-10-31,102.9277,82.7
2021-11-01,101.6992,91.1
2021-11-02,101.1664,90.0
2021-11-03,99.7123,91.0
2021-11-04,98.242,89.8
2021-11-05,97.4306,87.5
2021-11-06,95.9979,84.0
2021-11-07,94.5551,84.2
2021-11-08,94.9241,82.9
2021-11-09,92.1638,85.6
2021-11-10,89.3762,80.3
2021-11-11,87.5649,77.6
2021-11-12,87.5801,76.6
2021-11-13,87.2731,74.6
2021-11-14,84.4452,74.4
2021-11-15,83.9834,73.4
2021-11-16,83.8903,73.9
2021-11-17,83.5994,77.4
2021-11-18,82.943,78.2
2021-11-19,82.7969,86.2
2021-11-20,83.8322,99.3
2021-11-21,83.063,114.2
2021-11-22,82.8349,117.0
2021-11-23,83.3493,117.4
2021-11-24,85.44,111.6
2021-11-25,84.7118,118.8
2021-11-26,87.7004,132.2
2021-11-27,87.2182,135.8
2021-11-28,87.4878,125.6
2021-11-29,86.982,122.1
2021-11-30,86.0616,126.5
2021-12-01,84.6179,121.2
2021-12-02,84.8386,119.9
2021-12-03,85.9585,116.5
2021-12-04,87.1293,107.8
2021-12-05,84.8592,99.0
2021-12-06,82.8477,98.2
2021-12-07,85.039,90.8
2021-12-08,83.3161,86.0
2021-12-09,84.1498,81.3
2021-12-10,86.7934,82.7
2021-12-11,89.6108,81.0
2021-12-12,91.3984,90.6
2021-12-13,89.7615,103.8
2021-12-14,94.6172,99.1
2021-12-15,100.2614,98.7
2021-12-16,103.4017,98.8
2021-12-17,106.4696,96.7
2021-12-18,108.7817,99.8
2021-12-19,106.3867,102.1
2021-12-20,109.3164,106.6
2021-12-21,113.7956,111.8
2021-12-22,114.3322,115.6
2021-12-23,111.6264,109.9
2021-12-24,111.7903,110.8
2021-12-25,112.6776,101.9
2021-12-26,110.4081,96.1
2021-12-27,109.8578,94.3
2021-12-28,108.7898,92.2
2021-12-29,105.6375,90.6
2021-12-30,102.3875,92.2
2021-12-31,102.2388,97.8
