t_date,lead,target_date,pred_obs
2024-01-01,1,2024-01-02,144.37
2024-01-01,2,2024-01-03,142.39
2024-01-01,3,2024-01-04,144.26
2024-01-01,4,2024-01-05,149.11
2024-01-01,5,2024-01-06,145.54
2024-01-01,6,2024-01-07,148.63
2024-01-01,7,2024-01-08,147.62
2024-01-01,8,2024-01-09,150.46
2024-01-01,9,2024-01-10,152.2
2024-01-01,10,2024-01-11,155.69
2024-01-01,11,2024-01-12,155.54
2024-01-01,12,2024-01-13,155.39
2024-01-01,13,2024-01-14,157.17
2024-01-01,14,2024-01-15,160.87
2024-01-01,15,2024-01-16,161.99
2024-01-01,16,2024-01-17,164.48
2024-01-01,17,2024-01-18,165.1
2024-01-01,18,2024-01-19,162.05
2024-01-01,19,2024-01-20,158.51
2024-01-01,20,2024-01-21,157.72
2024-01-01,21,2024-01-22,153.7
2024-01-01,22,2024-01-23,151.43
2024-01-01,23,2024-01-24,148.48
2024-01-01,24,2024-01-25,147.82
2024-01-01,25,2024-01-26,146.89
2024-01-01,26,2024-01-27,146.08
2024-01-01,27,2024-01-28,146.13
2024-01-01,28,2024-01-29,146.52
2024-01-01,29,2024-01-30,144.81
2024-01-01,30,2024-01-31,144.36
2024-01-02,1,2024-01-03,134.25
2024-01-02,2,2024-01-04,134.03
2024-01-02,3,2024-01-05,137.51
2024-01-02,4,2024-01-06,141.84
2024-01-02,5,2024-01-07,146.34
2024-01-02,6,2024-01-08,153.24
2024-01-02,7,2024-01-09,154.42
2024-01-02,8,2024-01-10,152.55
2024-01-02,9,2024-01-11,154.99
2024-01-02,10,2024-01-12,155.82
2024-01-02,11,2024-01-13,152.87
2024-01-02,12,2024-01-14,158.35
2024-01-02,13,2024-01-15,158.13
2024-01-02,14,2024-01-16,162.98
2024-01-02,15,2024-01-17,163.06
2024-01-02,16,2024-01-18,162.78
2024-01-02,17,2024-01-19,160.03
2024-01-02,18,2024-01-20,158.52
2024-01-02,19,2024-01-21,155.44
2024-01-02,20,2024-01-22,151.08
2024-01-02,21,2024-01-23,149.68
2024-01-02,22,2024-01-24,146.94
2024-01-02,23,2024-01-25,146.58
2024-01-02,24,2024-01-26,144.69
2024-01-02,25,2024-01-27,143.11
2024-01-02,26,2024-01-28,143.34
2024-01-02,27,2024-01-29,143.55
2024-01-02,28,2024-01-30,142.16
2024-01-02,29,2024-01-31,142.63
2024-01-02,30,2024-02-01,144.34
2024-01-03,1,2024-01-04,140.88
2024-01-03,2,2024-01-05,143.12
2024-01-03,3,2024-01-06,146.57
2024-01-03,4,2024-01-07,150.35
2024-01-03,5,2024-01-08,158.27
2024-01-03,6,2024-01-09,159.82
2024-01-03,7,2024-01-10,161.53
2024-01-03,8,2024-01-11,157.6
2024-01-03,9,2024-01-12,155.03
2024-01-03,10,2024-01-13,154.76
2024-01-03,11,2024-01-14,156.5
2024-01-03,12,2024-01-15,160.41
2024-01-03,13,2024-01-16,162.48
2024-01-03,14,2024-01-17,162.48
2024-01-03,15,2024-01-18,164.18
2024-01-03,16,2024-01-19,160.0
2024-01-03,17,2024-01-20,157.79
2024-01-03,18,2024-01-21,156.56
2024-01-03,19,2024-01-22,150.83
2024-01-03,20,2024-01-23,149.74
2024-01-03,21,2024-01-24,148.63
2024-01-03,22,2024-01-25,148.43
2024-01-03,23,2024-01-26,145.72
2024-01-03,24,2024-01-27,145.15
2024-01-03,25,2024-01-28,145.06
2024-01-03,26,2024-01-29,144.56
2024-01-03,27,2024-01-30,146.38
2024-01-03,28,2024-01-31,144.39
2024-01-03,29,2024-02-01,145.46
2024-01-03,30,2024-02-02,146.59
2024-01-04,1,2024-01-05,144.88
2024-01-04,2,2024-01-06,152.22
2024-01-04,3,2024-01-07,151.4
2024-01-04,4,2024-01-08,159.9
2024-01-04,5,2024-01-09,159.59
2024-01-04,6,2024-01-10,158.87
2024-01-04,7,2024-01-11,159.87
2024-01-04,8,2024-01-12,156.09
2024-01-04,9,2024-01-13,156.3
2024-01-04,10,2024-01-14,158.32
2024-01-04,11,2024-01-15,160.74
2024-01-04,12,2024-01-16,166.5
2024-01-04,13,2024-01-17,164.65
2024-01-04,14,2024-01-18,163.77
2024-01-04,15,2024-01-19,161.04
2024-01-04,16,2024-01-20,157.35
2024-01-04,17,2024-01-21,156.21
2024-01-04,18,2024-01-22,152.6
2024-01-04,19,2024-01-23,149.91
2024-01-04,20,2024-01-24,148.07
2024-01-04,21,2024-01-25,146.0
2024-01-04,22,2024-01-26,146.39
2024-01-04,23,2024-01-27,144.99
2024-01-04,24,2024-01-28,145.23
2024-01-04,25,2024-01-29,142.95
2024-01-04,26,2024-01-30,144.58
2024-01-04,27,2024-01-31,145.62
2024-01-04,28,2024-02-01,144.81
2024-01-04,29,2024-02-02,145.41
2024-01-04,30,2024-02-03,145.76
2024-01-05,1,2024-01-06,133.04
2024-01-05,2,2024-01-07,137.9
2024-01-05,3,2024-01-08,146.34
2024-01-05,4,2024-01-09,145.32
2024-01-05,5,2024-01-10,147.02
2024-01-05,6,2024-01-11,151.42
2024-01-05,7,2024-01-12,153.82
2024-01-05,8,2024-01-13,153.9
2024-01-05,9,2024-01-14,156.77
2024-01-05,10,2024-01-15,159.55
2024-01-05,11,2024-01-16,164.4
2024-01-05,12,2024-01-17,164.87
2024-01-05,13,2024-01-18,162.63
2024-01-05,14,2024-01-19,160.49
2024-01-05,15,2024-01-20,158.15
2024-01-05,16,2024-01-21,154.89
2024-01-05,17,2024-01-22,149.66
2024-01-05,18,2024-01-23,147.59
2024-01-05,19,2024-01-24,145.99
2024-01-05,20,2024-01-25,143.22
2024-01-05,21,2024-01-26,142.79
2024-01-05,22,2024-01-27,141.75
2024-01-05,23,2024-01-28,142.15
2024-01-05,24,2024-01-29,140.64
2024-01-05,25,2024-01-30,139.32
2024-01-05,26,2024-01-31,139.91
2024-01-05,27,2024-02-01,138.75
2024-01-05,28,2024-02-02,140.52
2024-01-05,29,2024-02-03,139.62
2024-01-05,30,2024-02-04,141.67
2024-01-06,1,2024-01-07,159.83
2024-01-06,2,2024-01-08,162.44
2024-01-06,3,2024-01-09,168.33
2024-01-06,4,2024-01-10,169.75
2024-01-06,5,2024-01-11,175.65
2024-01-06,6,2024-01-12,178.49
2024-01-06,7,2024-01-13,172.26
2024-01-06,8,2024-01-14,164.46
2024-01-06,9,2024-01-15,163.36
2024-01-06,10,2024-01-16,166.8
2024-01-06,11,2024-01-17,166.59
2024-01-06,12,2024-01-18,164.58
2024-01-06,13,2024-01-19,159.87
2024-01-06,14,2024-01-20,158.43
2024-01-06,15,2024-01-21,155.89
2024-01-06,16,2024-01-22,150.68
2024-01-06,17,2024-01-23,148.28
2024-01-06,18,2024-01-24,148.63
2024-01-06,19,2024-01-25,147.28
2024-01-06,20,2024-01-26,147.85
2024-01-06,21,2024-01-27,146.26
2024-01-06,22,2024-01-28,148.65
2024-01-06,23,2024-01-29,146.09
2024-01-06,24,2024-01-30,145.94
2024-01-06,25,2024-01-31,144.17
2024-01-06,26,2024-02-01,143.84
2024-01-06,27,2024-02-02,146.58
2024-01-06,28,2024-02-03,145.63
2024-01-06,29,2024-02-04,146.45
2024-01-06,30,2024-02-05,146.78
2024-01-07,1,2024-01-08,165.47
2024-01-07,2,2024-01-09,168.6
2024-01-07,3,2024-01-10,172.52
2024-01-07,4,2024-01-11,177.75
2024-01-07,5,2024-01-12,181.22
2024-01-07,6,2024-01-13,181.17
2024-01-07,7,2024-01-14,177.17
2024-01-07,8,2024-01-15,172.11
2024-01-07,9,2024-01-16,170.28
2024-01-07,10,2024-01-17,169.23
2024-01-07,11,2024-01-18,164.27
2024-01-07,12,2024-01-19,162.36
2024-01-07,13,2024-01-20,158.5
2024-01-07,14,2024-01-21,156.89
2024-01-07,15,2024-01-22,151.37
2024-01-07,16,2024-01-23,149.44
2024-01-07,17,2024-01-24,150.22
2024-01-07,18,2024-01-25,148.17
2024-01-07,19,2024-01-26,149.0
2024-01-07,20,2024-01-27,148.61
2024-01-07,21,2024-01-28,149.92
2024-01-07,22,2024-01-29,149.41
2024-01-07,23,2024-01-30,148.03
2024-01-07,24,2024-01-31,146.75
2024-01-07,25,2024-02-01,145.46
2024-01-07,26,2024-02-02,149.08
2024-01-07,27,2024-02-03,148.22
2024-01-07,28,2024-02-04,148.43
2024-01-07,29,2024-02-05,148.56
2024-01-07,30,2024-02-06,149.69
2024-01-08,1,2024-01-09,167.34
2024-01-08,2,2024-01-10,170.15
2024-01-08,3,2024-01-11,171.71
2024-01-08,4,2024-01-12,173.73
2024-01-08,5,2024-01-13,174.15
2024-01-08,6,2024-01-14,176.02
2024-01-08,7,2024-01-15,175.25
2024-01-08,8,2024-01-16,170.96
2024-01-08,9,2024-01-17,169.92
2024-01-08,10,2024-01-18,166.65
2024-01-08,11,2024-01-19,164.43
2024-01-08,12,2024-01-20,159.66
2024-01-08,13,2024-01-21,158.18
2024-01-08,14,2024-01-22,150.29
2024-01-08,15,2024-01-23,148.76
2024-01-08,16,2024-01-24,149.71
2024-01-08,17,2024-01-25,148.99
2024-01-08,18,2024-01-26,149.39
2024-01-08,19,2024-01-27,149.65
2024-01-08,20,2024-01-28,150.33
2024-01-08,21,2024-01-29,148.77
2024-01-08,22,2024-01-30,149.06
2024-01-08,23,2024-01-31,147.87
2024-01-08,24,2024-02-01,146.03
2024-01-08,25,2024-02-02,148.37
2024-01-08,26,2024-02-03,149.77
2024-01-08,27,2024-02-04,149.77
2024-01-08,28,2024-02-05,149.19
2024-01-08,29,2024-02-06,149.95
2024-01-08,30,2024-02-07,152.41
2024-01-09,1,2024-01-10,174.8
2024-01-09,2,2024-01-11,175.17
2024-01-09,3,2024-01-12,175.98
2024-01-09,4,2024-01-13,173.98
2024-01-09,5,2024-01-14,175.38
2024-01-09,6,2024-01-15,174.86
2024-01-09,7,2024-01-16,173.21
2024-01-09,8,2024-01-17,171.66
2024-01-09,9,2024-01-18,169.03
2024-01-09,10,2024-01-19,166.08
2024-01-09,11,2024-01-20,164.23
2024-01-09,12,2024-01-21,157.87
2024-01-09,13,2024-01-22,153.96
2024-01-09,14,2024-01-23,149.81
2024-01-09,15,2024-01-24,151.0
2024-01-09,16,2024-01-25,151.02
2024-01-09,17,2024-01-26,149.98
2024-01-09,18,2024-01-27,152.11
2024-01-09,19,2024-01-28,153.07
2024-01-09,20,2024-01-29,150.57
2024-01-09,21,2024-01-30,150.77
2024-01-09,22,2024-01-31,150.17
2024-01-09,23,2024-02-01,148.33
2024-01-09,24,2024-02-02,150.54
2024-01-09,25,2024-02-03,149.98
2024-01-09,26,2024-02-04,152.86
2024-01-09,27,2024-02-05,151.87
2024-01-09,28,2024-02-06,151.65
2024-01-09,29,2024-02-07,154.59
2024-01-09,30,2024-02-08,155.87
2024-01-10,1,2024-01-11,178.58
2024-01-10,2,2024-01-12,177.24
2024-01-10,3,2024-01-13,178.57
2024-01-10,4,2024-01-14,176.0
2024-01-10,5,2024-01-15,172.96
2024-01-10,6,2024-01-16,172.21
2024-01-10,7,2024-01-17,170.53
2024-01-10,8,2024-01-18,169.6
2024-01-10,9,2024-01-19,166.19
2024-01-10,10,2024-01-20,163.72
2024-01-10,11,2024-01-21,158.92
2024-01-10,12,2024-01-22,152.92
2024-01-10,13,2024-01-23,152.37
2024-01-10,14,2024-01-24,150.91
2024-01-10,15,2024-01-25,149.6
2024-01-10,16,2024-01-26,151.33
2024-01-10,17,2024-01-27,151.08
2024-01-10,18,2024-01-28,154.34
2024-01-10,19,2024-01-29,150.36
2024-01-10,20,2024-01-30,152.36
2024-01-10,21,2024-01-31,150.82
2024-01-10,22,2024-02-01,149.52
2024-01-10,23,2024-02-02,151.39
2024-01-10,24,2024-02-03,151.66
2024-01-10,25,2024-02-04,153.12
2024-01-10,26,2024-02-05,155.05
2024-01-10,27,2024-02-06,154.77
2024-01-10,28,2024-02-07,154.8
2024-01-10,29,2024-02-08,158.38
2024-01-10,30,2024-02-09,158.25
2024-01-11,1,2024-01-12,188.09
2024-01-11,2,2024-01-13,184.87
2024-01-11,3,2024-01-14,179.79
2024-01-11,4,2024-01-15,180.27
2024-01-11,5,2024-01-16,177.72
2024-01-11,6,2024-01-17,173.82
2024-01-11,7,2024-01-18,172.79
2024-01-11,8,2024-01-19,170.07
2024-01-11,9,2024-01-20,165.71
2024-01-11,10,2024-01-21,159.45
2024-01-11,11,2024-01-22,154.93
2024-01-11,12,2024-01-23,152.26
2024-01-11,13,2024-01-24,152.49
2024-01-11,14,2024-01-25,152.42
2024-01-11,15,2024-01-26,152.42
2024-01-11,16,2024-01-27,151.22
2024-01-11,17,2024-01-28,154.93
2024-01-11,18,2024-01-29,153.25
2024-01-11,19,2024-01-30,152.59
2024-01-11,20,2024-01-31,150.91
2024-01-11,21,2024-02-01,149.6
2024-01-11,22,2024-02-02,153.83
2024-01-11,23,2024-02-03,154.43
2024-01-11,24,2024-02-04,157.53
2024-01-11,25,2024-02-05,156.93
2024-01-11,26,2024-02-06,159.41
2024-01-11,27,2024-02-07,161.61
2024-01-11,28,2024-02-08,161.12
2024-01-11,29,2024-02-09,164.56
2024-01-11,30,2024-02-10,161.45
2024-01-12,1,2024-01-13,190.54
2024-01-12,2,2024-01-14,189.53
2024-01-12,3,2024-01-15,194.32
2024-01-12,4,2024-01-16,189.26
2024-01-12,5,2024-01-17,185.65
2024-01-12,6,2024-01-18,182.08
2024-01-12,7,2024-01-19,181.31
2024-01-12,8,2024-01-20,177.83
2024-01-12,9,2024-01-21,166.29
2024-01-12,10,2024-01-22,156.67
2024-01-12,11,2024-01-23,153.9
2024-01-12,12,2024-01-24,151.95
2024-01-12,13,2024-01-25,152.32
2024-01-12,14,2024-01-26,154.85
2024-01-12,15,2024-01-27,151.93
2024-01-12,16,2024-01-28,154.65
2024-01-12,17,2024-01-29,152.94
2024-01-12,18,2024-01-30,153.04
2024-01-12,19,2024-01-31,151.16
2024-01-12,20,2024-02-01,150.47
2024-01-12,21,2024-02-02,153.01
2024-01-12,22,2024-02-03,155.13
2024-01-12,23,2024-02-04,157.5
2024-01-12,24,2024-02-05,159.05
2024-01-12,25,2024-02-06,161.05
2024-01-12,26,2024-02-07,166.05
2024-01-12,27,2024-02-08,167.34
2024-01-12,28,2024-02-09,163.98
2024-01-12,29,2024-02-10,164.96
2024-01-12,30,2024-02-11,163.49
2024-01-13,1,2024-01-14,184.59
2024-01-13,2,2024-01-15,185.7
2024-01-13,3,2024-01-16,184.61
2024-01-13,4,2024-01-17,178.25
2024-01-13,5,2024-01-18,175.74
2024-01-13,6,2024-01-19,170.51
2024-01-13,7,2024-01-20,170.65
2024-01-13,8,2024-01-21,166.63
2024-01-13,9,2024-01-22,157.81
2024-01-13,10,2024-01-23,154.89
2024-01-13,11,2024-01-24,154.06
2024-01-13,12,2024-01-25,154.17
2024-01-13,13,2024-01-26,154.84
2024-01-13,14,2024-01-27,154.63
2024-01-13,15,2024-01-28,154.71
2024-01-13,16,2024-01-29,153.93
2024-01-13,17,2024-01-30,155.73
2024-01-13,18,2024-01-31,153.01
2024-01-13,19,2024-02-01,151.71
2024-01-13,20,2024-02-02,154.96
2024-01-13,21,2024-02-03,155.01
2024-01-13,22,2024-02-04,157.29
2024-01-13,23,2024-02-05,158.9
2024-01-13,24,2024-02-06,161.76
2024-01-13,25,2024-02-07,165.68
2024-01-13,26,2024-02-08,166.62
2024-01-13,27,2024-02-09,166.96
2024-01-13,28,2024-02-10,164.91
2024-01-13,29,2024-02-11,166.55
2024-01-13,30,2024-02-12,165.05
2024-01-14,1,2024-01-15,182.87
2024-01-14,2,2024-01-16,180.44
2024-01-14,3,2024-01-17,178.99
2024-01-14,4,2024-01-18,172.42
2024-01-14,5,2024-01-19,167.48
2024-01-14,6,2024-01-20,164.17
2024-01-14,7,2024-01-21,160.56
2024-01-14,8,2024-01-22,157.26
2024-01-14,9,2024-01-23,156.67
2024-01-14,10,2024-01-24,153.37
2024-01-14,11,2024-01-25,153.24
2024-01-14,12,2024-01-26,155.4
2024-01-14,13,2024-01-27,154.96
2024-01-14,14,2024-01-28,157.64
2024-01-14,15,2024-01-29,154.91
2024-01-14,16,2024-01-30,156.08
2024-01-14,17,2024-01-31,154.03
2024-01-14,18,2024-02-01,151.22
2024-01-14,19,2024-02-02,153.9
2024-01-14,20,2024-02-03,155.12
2024-01-14,21,2024-02-04,157.93
2024-01-14,22,2024-02-05,159.16
2024-01-14,23,2024-02-06,161.29
2024-01-14,24,2024-02-07,165.84
2024-01-14,25,2024-02-08,166.49
2024-01-14,26,2024-02-09,165.9
2024-01-14,27,2024-02-10,168.53
2024-01-14,28,2024-02-11,165.76
2024-01-14,29,2024-02-12,166.95
2024-01-14,30,2024-02-13,166.58
2024-01-15,1,2024-01-16,184.77
2024-01-15,2,2024-01-17,181.77
2024-01-15,3,2024-01-18,174.76
2024-01-15,4,2024-01-19,169.12
2024-01-15,5,2024-01-20,166.18
2024-01-15,6,2024-01-21,158.45
2024-01-15,7,2024-01-22,157.24
2024-01-15,8,2024-01-23,153.54
2024-01-15,9,2024-01-24,154.83
2024-01-15,10,2024-01-25,153.23
2024-01-15,11,2024-01-26,155.73
2024-01-15,12,2024-01-27,158.41
2024-01-15,13,2024-01-28,160.83
2024-01-15,14,2024-01-29,157.27
2024-01-15,15,2024-01-30,155.87
2024-01-15,16,2024-01-31,153.63
2024-01-15,17,2024-02-01,152.4
2024-01-15,18,2024-02-02,156.26
2024-01-15,19,2024-02-03,154.8
2024-01-15,20,2024-02-04,157.77
2024-01-15,21,2024-02-05,160.31
2024-01-15,22,2024-02-06,162.63
2024-01-15,23,2024-02-07,165.21
2024-01-15,24,2024-02-08,167.66
2024-01-15,25,2024-02-09,165.26
2024-01-15,26,2024-02-10,166.82
2024-01-15,27,2024-02-11,167.63
2024-01-15,28,2024-02-12,165.96
2024-01-15,29,2024-02-13,168.21
2024-01-15,30,2024-02-14,164.34
2024-01-16,1,2024-01-17,175.15
2024-01-16,2,2024-01-18,171.21
2024-01-16,3,2024-01-19,165.64
2024-01-16,4,2024-01-20,162.33
2024-01-16,5,2024-01-21,155.53
2024-01-16,6,2024-01-22,151.31
2024-01-16,7,2024-01-23,151.47
2024-01-16,8,2024-01-24,149.17
2024-01-16,9,2024-01-25,152.59
2024-01-16,10,2024-01-26,154.68
2024-01-16,11,2024-01-27,156.92
2024-01-16,12,2024-01-28,161.71
2024-01-16,13,2024-01-29,158.06
2024-01-16,14,2024-01-30,159.14
2024-01-16,15,2024-01-31,155.16
2024-01-16,16,2024-02-01,153.33
2024-01-16,17,2024-02-02,157.36
2024-01-16,18,2024-02-03,156.77
2024-01-16,19,2024-02-04,158.44
2024-01-16,20,2024-02-05,159.26
2024-01-16,21,2024-02-06,161.63
2024-01-16,22,2024-02-07,165.1
2024-01-16,23,2024-02-08,165.44
2024-01-16,24,2024-02-09,166.95
2024-01-16,25,2024-02-10,166.31
2024-01-16,26,2024-02-11,167.87
2024-01-16,27,2024-02-12,167.2
2024-01-16,28,2024-02-13,165.69
2024-01-16,29,2024-02-14,165.31
2024-01-16,30,2024-02-15,162.51
2024-01-17,1,2024-01-18,174.41
2024-01-17,2,2024-01-19,167.62
2024-01-17,3,2024-01-20,164.92
2024-01-17,4,2024-01-21,160.91
2024-01-17,5,2024-01-22,153.02
2024-01-17,6,2024-01-23,150.12
2024-01-17,7,2024-01-24,149.45
2024-01-17,8,2024-01-25,150.1
2024-01-17,9,2024-01-26,155.64
2024-01-17,10,2024-01-27,156.9
2024-01-17,11,2024-01-28,162.79
2024-01-17,12,2024-01-29,158.31
2024-01-17,13,2024-01-30,158.35
2024-01-17,14,2024-01-31,156.06
2024-01-17,15,2024-02-01,154.7
2024-01-17,16,2024-02-02,156.86
2024-01-17,17,2024-02-03,156.92
2024-01-17,18,2024-02-04,161.32
2024-01-17,19,2024-02-05,160.45
2024-01-17,20,2024-02-06,163.65
2024-01-17,21,2024-02-07,165.51
2024-01-17,22,2024-02-08,166.01
2024-01-17,23,2024-02-09,166.43
2024-01-17,24,2024-02-10,166.94
2024-01-17,25,2024-02-11,167.23
2024-01-17,26,2024-02-12,168.11
2024-01-17,27,2024-02-13,169.77
2024-01-17,28,2024-02-14,164.54
2024-01-17,29,2024-02-15,164.52
2024-01-17,30,2024-02-16,162.54
2024-01-18,1,2024-01-19,167.95
2024-01-18,2,2024-01-20,164.77
2024-01-18,3,2024-01-21,163.49
2024-01-18,4,2024-01-22,159.5
2024-01-18,5,2024-01-23,156.14
2024-01-18,6,2024-01-24,152.48
2024-01-18,7,2024-01-25,151.09
2024-01-18,8,2024-01-26,154.78
2024-01-18,9,2024-01-27,159.44
2024-01-18,10,2024-01-28,162.0
2024-01-18,11,2024-01-29,159.82
2024-01-18,12,2024-01-30,161.25
2024-01-18,13,2024-01-31,158.21
2024-01-18,14,2024-02-01,155.58
2024-01-18,15,2024-02-02,157.4
2024-01-18,16,2024-02-03,157.65
2024-01-18,17,2024-02-04,162.34
2024-01-18,18,2024-02-05,163.32
2024-01-18,19,2024-02-06,163.82
2024-01-18,20,2024-02-07,166.97
2024-01-18,21,2024-02-08,166.41
2024-01-18,22,2024-02-09,165.71
2024-01-18,23,2024-02-10,168.44
2024-01-18,24,2024-02-11,168.26
2024-01-18,25,2024-02-12,168.92
2024-01-18,26,2024-02-13,167.8
2024-01-18,27,2024-02-14,168.02
2024-01-18,28,2024-02-15,164.98
2024-01-18,29,2024-02-16,163.56
2024-01-18,30,2024-02-17,160.72
2024-01-19,1,2024-01-20,162.03
2024-01-19,2,2024-01-21,156.9
2024-01-19,3,2024-01-22,155.3
2024-01-19,4,2024-01-23,151.15
2024-01-19,5,2024-01-24,148.37
2024-01-19,6,2024-01-25,146.38
2024-01-19,7,2024-01-26,148.31
2024-01-19,8,2024-01-27,154.1
2024-01-19,9,2024-01-28,162.93
2024-01-19,10,2024-01-29,162.11
2024-01-19,11,2024-01-30,162.15
2024-01-19,12,2024-01-31,158.84
2024-01-19,13,2024-02-01,155.79
2024-01-19,14,2024-02-02,160.43
2024-01-19,15,2024-02-03,157.85
2024-01-19,16,2024-02-04,161.46
2024-01-19,17,2024-02-05,162.42
2024-01-19,18,2024-02-06,164.1
2024-01-19,19,2024-02-07,166.75
2024-01-19,20,2024-02-08,166.16
2024-01-19,21,2024-02-09,166.63
2024-01-19,22,2024-02-10,167.51
2024-01-19,23,2024-02-11,168.4
2024-01-19,24,2024-02-12,168.9
2024-01-19,25,2024-02-13,169.26
2024-01-19,26,2024-02-14,165.67
2024-01-19,27,2024-02-15,164.42
2024-01-19,28,2024-02-16,160.67
2024-01-19,29,2024-02-17,160.35
2024-01-19,30,2024-02-18,156.78
2024-01-20,1,2024-01-21,156.39
2024-01-20,2,2024-01-22,155.51
2024-01-20,3,2024-01-23,155.41
2024-01-20,4,2024-01-24,150.27
2024-01-20,5,2024-01-25,148.42
2024-01-20,6,2024-01-26,148.93
2024-01-20,7,2024-01-27,156.15
2024-01-20,8,2024-01-28,161.06
2024-01-20,9,2024-01-29,163.21
2024-01-20,10,2024-01-30,164.17
2024-01-20,11,2024-01-31,160.74
2024-01-20,12,2024-02-01,157.58
2024-01-20,13,2024-02-02,162.63
2024-01-20,14,2024-02-03,162.08
2024-01-20,15,2024-02-04,161.82
2024-01-20,16,2024-02-05,161.05
2024-01-20,17,2024-02-06,163.81
2024-01-20,18,2024-02-07,168.32
2024-01-20,19,2024-02-08,165.69
2024-01-20,20,2024-02-09,164.86
2024-01-20,21,2024-02-10,168.74
2024-01-20,22,2024-02-11,168.89
2024-01-20,23,2024-02-12,169.11
2024-01-20,24,2024-02-13,169.22
2024-01-20,25,2024-02-14,167.13
2024-01-20,26,2024-02-15,163.34
2024-01-20,27,2024-02-16,162.32
2024-01-20,28,2024-02-17,159.55
2024-01-20,29,2024-02-18,156.17
2024-01-20,30,2024-02-19,155.67
2024-01-21,1,2024-01-22,164.2
2024-01-21,2,2024-01-23,159.62
2024-01-21,3,2024-01-24,158.08
2024-01-21,4,2024-01-25,153.28
2024-01-21,5,2024-01-26,151.29
2024-01-21,6,2024-01-27,151.11
2024-01-21,7,2024-01-28,159.71
2024-01-21,8,2024-01-29,160.31
2024-01-21,9,2024-01-30,163.58
2024-01-21,10,2024-01-31,161.68
2024-01-21,11,2024-02-01,160.46
2024-01-21,12,2024-02-02,163.28
2024-01-21,13,2024-02-03,162.23
2024-01-21,14,2024-02-04,166.1
2024-01-21,15,2024-02-05,163.17
2024-01-21,16,2024-02-06,163.62
2024-01-21,17,2024-02-07,166.84
2024-01-21,18,2024-02-08,168.08
2024-01-21,19,2024-02-09,167.12
2024-01-21,20,2024-02-10,169.51
2024-01-21,21,2024-02-11,171.68
2024-01-21,22,2024-02-12,171.42
2024-01-21,23,2024-02-13,172.14
2024-01-21,24,2024-02-14,167.76
2024-01-21,25,2024-02-15,168.1
2024-01-21,26,2024-02-16,164.5
2024-01-21,27,2024-02-17,167.97
2024-01-21,28,2024-02-18,162.22
2024-01-21,29,2024-02-19,159.44
2024-01-21,30,2024-02-20,154.22
2024-01-22,1,2024-01-23,173.24
2024-01-22,2,2024-01-24,173.36
2024-01-22,3,2024-01-25,165.82
2024-01-22,4,2024-01-26,158.78
2024-01-22,5,2024-01-27,156.01
2024-01-22,6,2024-01-28,155.54
2024-01-22,7,2024-01-29,161.02
2024-01-22,8,2024-01-30,162.34
2024-01-22,9,2024-01-31,161.29
2024-01-22,10,2024-02-01,161.27
2024-01-22,11,2024-02-02,164.59
2024-01-22,12,2024-02-03,162.24
2024-01-22,13,2024-02-04,164.6
2024-01-22,14,2024-02-05,163.78
2024-01-22,15,2024-02-06,163.0
2024-01-22,16,2024-02-07,166.78
2024-01-22,17,2024-02-08,168.36
2024-01-22,18,2024-02-09,168.7
2024-01-22,19,2024-02-10,167.76
2024-01-22,20,2024-02-11,170.88
2024-01-22,21,2024-02-12,173.22
2024-01-22,22,2024-02-13,171.42
2024-01-22,23,2024-02-14,172.52
2024-01-22,24,2024-02-15,169.91
2024-01-22,25,2024-02-16,166.74
2024-01-22,26,2024-02-17,167.51
2024-01-22,27,2024-02-18,168.28
2024-01-22,28,2024-02-19,165.34
2024-01-22,29,2024-02-20,161.33
2024-01-22,30,2024-02-21,155.65
2024-01-23,1,2024-01-24,191.36
2024-01-23,2,2024-01-25,183.42
2024-01-23,3,2024-01-26,177.68
2024-01-23,4,2024-01-27,170.71
2024-01-23,5,2024-01-28,166.83
2024-01-23,6,2024-01-29,160.82
2024-01-23,7,2024-01-30,161.55
2024-01-23,8,2024-01-31,156.97
2024-01-23,9,2024-02-01,160.35
2024-01-23,10,2024-02-02,164.81
2024-01-23,11,2024-02-03,163.79
2024-01-23,12,2024-02-04,165.77
2024-01-23,13,2024-02-05,165.55
2024-01-23,14,2024-02-06,165.97
2024-01-23,15,2024-02-07,168.43
2024-01-23,16,2024-02-08,168.69
2024-01-23,17,2024-02-09,167.89
2024-01-23,18,2024-02-10,172.22
2024-01-23,19,2024-02-11,171.57
2024-01-23,20,2024-02-12,172.53
2024-01-23,21,2024-02-13,175.01
2024-01-23,22,2024-02-14,172.61
2024-01-23,23,2024-02-15,172.25
2024-01-23,24,2024-02-16,171.09
2024-01-23,25,2024-02-17,170.59
2024-01-23,26,2024-02-18,169.95
2024-01-23,27,2024-02-19,168.91
2024-01-23,28,2024-02-20,164.71
2024-01-23,29,2024-02-21,164.23
2024-01-23,30,2024-02-22,160.55
2024-01-24,1,2024-01-25,172.88
2024-01-24,2,2024-01-26,166.68
2024-01-24,3,2024-01-27,163.7
2024-01-24,4,2024-01-28,158.14
2024-01-24,5,2024-01-29,160.18
2024-01-24,6,2024-01-30,161.0
2024-01-24,7,2024-01-31,156.83
2024-01-24,8,2024-02-01,157.09
2024-01-24,9,2024-02-02,165.31
2024-01-24,10,2024-02-03,161.88
2024-01-24,11,2024-02-04,167.39
2024-01-24,12,2024-02-05,166.88
2024-01-24,13,2024-02-06,166.34
2024-01-24,14,2024-02-07,167.62
2024-01-24,15,2024-02-08,167.74
2024-01-24,16,2024-02-09,167.8
2024-01-24,17,2024-02-10,168.52
2024-01-24,18,2024-02-11,170.59
2024-01-24,19,2024-02-12,172.03
2024-01-24,20,2024-02-13,172.62
2024-01-24,21,2024-02-14,171.18
2024-01-24,22,2024-02-15,168.28
2024-01-24,23,2024-02-16,170.39
2024-01-24,24,2024-02-17,169.39
2024-01-24,25,2024-02-18,168.07
2024-01-24,26,2024-02-19,168.73
2024-01-24,27,2024-02-20,167.79
2024-01-24,28,2024-02-21,163.01
2024-01-24,29,2024-02-22,160.16
2024-01-24,30,2024-02-23,158.92
2024-01-25,1,2024-01-26,161.25
2024-01-25,2,2024-01-27,154.84
2024-01-25,3,2024-01-28,154.09
2024-01-25,4,2024-01-29,153.04
2024-01-25,5,2024-01-30,154.14
2024-01-25,6,2024-01-31,154.16
2024-01-25,7,2024-02-01,154.09
2024-01-25,8,2024-02-02,164.92
2024-01-25,9,2024-02-03,160.68
2024-01-25,10,2024-02-04,167.91
2024-01-25,11,2024-02-05,166.42
2024-01-25,12,2024-02-06,165.67
2024-01-25,13,2024-02-07,166.93
2024-01-25,14,2024-02-08,166.27
2024-01-25,15,2024-02-09,166.11
2024-01-25,16,2024-02-10,169.24
2024-01-25,17,2024-02-11,167.99
2024-01-25,18,2024-02-12,170.75
2024-01-25,19,2024-02-13,173.43
2024-01-25,20,2024-02-14,171.91
2024-01-25,21,2024-02-15,170.1
2024-01-25,22,2024-02-16,168.31
2024-01-25,23,2024-02-17,169.74
2024-01-25,24,2024-02-18,169.79
2024-01-25,25,2024-02-19,167.22
2024-01-25,26,2024-02-20,164.61
2024-01-25,27,2024-02-21,161.03
2024-01-25,28,2024-02-22,157.16
2024-01-25,29,2024-02-23,157.07
2024-01-25,30,2024-02-24,155.24
2024-01-26,1,2024-01-27,150.33
2024-01-26,2,2024-01-28,145.73
2024-01-26,3,2024-01-29,145.68
2024-01-26,4,2024-01-30,143.72
2024-01-26,5,2024-01-31,147.32
2024-01-26,6,2024-02-01,150.51
2024-01-26,7,2024-02-02,160.76
2024-01-26,8,2024-02-03,159.76
2024-01-26,9,2024-02-04,165.73
2024-01-26,10,2024-02-05,167.5
2024-01-26,11,2024-02-06,166.5
2024-01-26,12,2024-02-07,167.44
2024-01-26,13,2024-02-08,167.33
2024-01-26,14,2024-02-09,166.59
2024-01-26,15,2024-02-10,167.74
2024-01-26,16,2024-02-11,170.01
2024-01-26,17,2024-02-12,172.36
2024-01-26,18,2024-02-13,170.88
2024-01-26,19,2024-02-14,170.14
2024-01-26,20,2024-02-15,168.74
2024-01-26,21,2024-02-16,166.62
2024-01-26,22,2024-02-17,168.15
2024-01-26,23,2024-02-18,167.96
2024-01-26,24,2024-02-19,169.6
2024-01-26,25,2024-02-20,164.92
2024-01-26,26,2024-02-21,159.29
2024-01-26,27,2024-02-22,155.85
2024-01-26,28,2024-02-23,153.67
2024-01-26,29,2024-02-24,151.94
2024-01-26,30,2024-02-25,153.32
2024-01-27,1,2024-01-28,145.61
2024-01-27,2,2024-01-29,141.86
2024-01-27,3,2024-01-30,141.21
2024-01-27,4,2024-01-31,147.37
2024-01-27,5,2024-02-01,147.58
2024-01-27,6,2024-02-02,157.84
2024-01-27,7,2024-02-03,157.4
2024-01-27,8,2024-02-04,165.67
2024-01-27,9,2024-02-05,165.24
2024-01-27,10,2024-02-06,165.15
2024-01-27,11,2024-02-07,167.55
2024-01-27,12,2024-02-08,167.66
2024-01-27,13,2024-02-09,166.57
2024-01-27,14,2024-02-10,168.26
2024-01-27,15,2024-02-11,168.13
2024-01-27,16,2024-02-12,170.96
2024-01-27,17,2024-02-13,172.88
2024-01-27,18,2024-02-14,170.96
2024-01-27,19,2024-02-15,168.38
2024-01-27,20,2024-02-16,168.03
2024-01-27,21,2024-02-17,167.62
2024-01-27,22,2024-02-18,167.85
2024-01-27,23,2024-02-19,167.31
2024-01-27,24,2024-02-20,164.67
2024-01-27,25,2024-02-21,157.4
2024-01-27,26,2024-02-22,153.64
2024-01-27,27,2024-02-23,151.44
2024-01-27,28,2024-02-24,150.88
2024-01-27,29,2024-02-25,150.16
2024-01-27,30,2024-02-26,149.96
2024-01-28,1,2024-01-29,141.51
2024-01-28,2,2024-01-30,139.81
2024-01-28,3,2024-01-31,144.57
2024-01-28,4,2024-02-01,145.26
2024-01-28,5,2024-02-02,154.14
2024-01-28,6,2024-02-03,158.34
2024-01-28,7,2024-02-04,165.51
2024-01-28,8,2024-02-05,162.47
2024-01-28,9,2024-02-06,165.52
2024-01-28,10,2024-02-07,167.49
2024-01-28,11,2024-02-08,168.28
2024-01-28,12,2024-02-09,166.14
2024-01-28,13,2024-02-10,166.74
2024-01-28,14,2024-02-11,168.69
2024-01-28,15,2024-02-12,168.07
2024-01-28,16,2024-02-13,168.71
2024-01-28,17,2024-02-14,168.58
2024-01-28,18,2024-02-15,165.59
2024-01-28,19,2024-02-16,164.91
2024-01-28,20,2024-02-17,166.64
2024-01-28,21,2024-02-18,165.82
2024-01-28,22,2024-02-19,166.27
2024-01-28,23,2024-02-20,162.68
2024-01-28,24,2024-02-21,155.78
2024-01-28,25,2024-02-22,150.37
2024-01-28,26,2024-02-23,149.44
2024-01-28,27,2024-02-24,148.36
2024-01-28,28,2024-02-25,147.74
2024-01-28,29,2024-02-26,147.18
2024-01-28,30,2024-02-27,149.94
2024-01-29,1,2024-01-30,139.9
2024-01-29,2,2024-01-31,142.38
2024-01-29,3,2024-02-01,144.81
2024-01-29,4,2024-02-02,153.46
2024-01-29,5,2024-02-03,157.35
2024-01-29,6,2024-02-04,170.75
2024-01-29,7,2024-02-05,165.2
2024-01-29,8,2024-02-06,168.41
2024-01-29,9,2024-02-07,168.97
2024-01-29,10,2024-02-08,169.77
2024-01-29,11,2024-02-09,168.59
2024-01-29,12,2024-02-10,168.23
2024-01-29,13,2024-02-11,168.94
2024-01-29,14,2024-02-12,169.81
2024-01-29,15,2024-02-13,168.87
2024-01-29,16,2024-02-14,168.09
2024-01-29,17,2024-02-15,167.47
2024-01-29,18,2024-02-16,165.55
2024-01-29,19,2024-02-17,167.04
2024-01-29,20,2024-02-18,166.68
2024-01-29,21,2024-02-19,164.57
2024-01-29,22,2024-02-20,161.89
2024-01-29,23,2024-02-21,155.7
2024-01-29,24,2024-02-22,151.12
2024-01-29,25,2024-02-23,147.59
2024-01-29,26,2024-02-24,147.16
2024-01-29,27,2024-02-25,147.07
2024-01-29,28,2024-02-26,146.6
2024-01-29,29,2024-02-27,146.31
2024-01-29,30,2024-02-28,147.47
2024-01-30,1,2024-01-31,142.02
2024-01-30,2,2024-02-01,146.31
2024-01-30,3,2024-02-02,153.32
2024-01-30,4,2024-02-03,158.89
2024-01-30,5,2024-02-04,173.56
2024-01-30,6,2024-02-05,174.32
2024-01-30,7,2024-02-06,173.79
2024-01-30,8,2024-02-07,171.1
2024-01-30,9,2024-02-08,171.91
2024-01-30,10,2024-02-09,168.79
2024-01-30,11,2024-02-10,169.33
2024-01-30,12,2024-02-11,169.66
2024-01-30,13,2024-02-12,169.73
2024-01-30,14,2024-02-13,171.04
2024-01-30,15,2024-02-14,170.21
2024-01-30,16,2024-02-15,166.51
2024-01-30,17,2024-02-16,165.51
2024-01-30,18,2024-02-17,165.27
2024-01-30,19,2024-02-18,167.86
2024-01-30,20,2024-02-19,165.54
2024-01-30,21,2024-02-20,160.7
2024-01-30,22,2024-02-21,155.17
2024-01-30,23,2024-02-22,150.88
2024-01-30,24,2024-02-23,148.28
2024-01-30,25,2024-02-24,145.57
2024-01-30,26,2024-02-25,146.33
2024-01-30,27,2024-02-26,146.76
2024-01-30,28,2024-02-27,146.63
2024-01-30,29,2024-02-28,147.05
2024-01-30,30,2024-02-29,149.21
2024-01-31,1,2024-02-01,139.17
2024-01-31,2,2024-02-02,144.83
2024-01-31,3,2024-02-03,150.23
2024-01-31,4,2024-02-04,161.03
2024-01-31,5,2024-02-05,162.69
2024-01-31,6,2024-02-06,168.34
2024-01-31,7,2024-02-07,172.39
2024-01-31,8,2024-02-08,173.58
2024-01-31,9,2024-02-09,171.09
2024-01-31,10,2024-02-10,168.21
2024-01-31,11,2024-02-11,170.4
2024-01-31,12,2024-02-12,169.97
2024-01-31,13,2024-02-13,170.54
2024-01-31,14,2024-02-14,170.99
2024-01-31,15,2024-02-15,167.14
2024-01-31,16,2024-02-16,164.27
2024-01-31,17,2024-02-17,165.98
2024-01-31,18,2024-02-18,166.62
2024-01-31,19,2024-02-19,165.77
2024-01-31,20,2024-02-20,158.68
2024-01-31,21,2024-02-21,152.2
2024-01-31,22,2024-02-22,148.13
2024-01-31,23,2024-02-23,146.16
2024-01-31,24,2024-02-24,145.03
2024-01-31,25,2024-02-25,143.26
2024-01-31,26,2024-02-26,145.0
2024-01-31,27,2024-02-27,144.47
2024-01-31,28,2024-02-28,145.92
2024-01-31,29,2024-02-29,146.13
2024-01-31,30,2024-03-01,148.68
2024-02-01,1,2024-02-02,143.62
2024-02-01,2,2024-02-03,149.37
2024-02-01,3,2024-02-04,157.77
2024-02-01,4,2024-02-05,164.32
2024-02-01,5,2024-02-06,172.01
2024-02-01,6,2024-02-07,174.88
2024-02-01,7,2024-02-08,178.1
2024-02-01,8,2024-02-09,175.31
2024-02-01,9,2024-02-10,172.52
2024-02-01,10,2024-02-11,168.96
2024-02-01,11,2024-02-12,170.39
2024-02-01,12,2024-02-13,171.88
2024-02-01,13,2024-02-14,170.32
2024-02-01,14,2024-02-15,166.28
2024-02-01,15,2024-02-16,164.98
2024-02-01,16,2024-02-17,166.21
2024-02-01,17,2024-02-18,168.03
2024-02-01,18,2024-02-19,165.64
2024-02-01,19,2024-02-20,159.43
2024-02-01,20,2024-02-21,153.07
2024-02-01,21,2024-02-22,148.32
2024-02-01,22,2024-02-23,146.81
2024-02-01,23,2024-02-24,145.53
2024-02-01,24,2024-02-25,145.12
2024-02-01,25,2024-02-26,143.93
2024-02-01,26,2024-02-27,145.01
2024-02-01,27,2024-02-28,145.2
2024-02-01,28,2024-02-29,147.58
2024-02-01,29,2024-03-01,147.58
2024-02-01,30,2024-03-02,150.47
2024-02-02,1,2024-02-03,145.49
2024-02-02,2,2024-02-04,152.12
2024-02-02,3,2024-02-05,155.73
2024-02-02,4,2024-02-06,160.31
2024-02-02,5,2024-02-07,169.99
2024-02-02,6,2024-02-08,173.28
2024-02-02,7,2024-02-09,171.6
2024-02-02,8,2024-02-10,172.91
2024-02-02,9,2024-02-11,171.9
2024-02-02,10,2024-02-12,170.89
2024-02-02,11,2024-02-13,173.5
2024-02-02,12,2024-02-14,172.6
2024-02-02,13,2024-02-15,168.49
2024-02-02,14,2024-02-16,165.77
2024-02-02,15,2024-02-17,166.4
2024-02-02,16,2024-02-18,166.51
2024-02-02,17,2024-02-19,166.34
2024-02-02,18,2024-02-20,159.18
2024-02-02,19,2024-02-21,153.41
2024-02-02,20,2024-02-22,148.38
2024-02-02,21,2024-02-23,146.97
2024-02-02,22,2024-02-24,145.98
2024-02-02,23,2024-02-25,144.29
2024-02-02,24,2024-02-26,144.83
2024-02-02,25,2024-02-27,143.17
2024-02-02,26,2024-02-28,145.01
2024-02-02,27,2024-02-29,146.16
2024-02-02,28,2024-03-01,147.39
2024-02-02,29,2024-03-02,148.25
2024-02-02,30,2024-03-03,151.22
2024-02-03,1,2024-02-04,150.41
2024-02-03,2,2024-02-05,153.87
2024-02-03,3,2024-02-06,162.0
2024-02-03,4,2024-02-07,167.65
2024-02-03,5,2024-02-08,175.33
2024-02-03,6,2024-02-09,174.37
2024-02-03,7,2024-02-10,175.54
2024-02-03,8,2024-02-11,176.47
2024-02-03,9,2024-02-12,172.31
2024-02-03,10,2024-02-13,175.88
2024-02-03,11,2024-02-14,174.26
2024-02-03,12,2024-02-15,171.03
2024-02-03,13,2024-02-16,166.46
2024-02-03,14,2024-02-17,165.58
2024-02-03,15,2024-02-18,168.0
2024-02-03,16,2024-02-19,164.12
2024-02-03,17,2024-02-20,160.09
2024-02-03,18,2024-02-21,154.81
2024-02-03,19,2024-02-22,148.49
2024-02-03,20,2024-02-23,147.83
2024-02-03,21,2024-02-24,146.53
2024-02-03,22,2024-02-25,145.68
2024-02-03,23,2024-02-26,145.21
2024-02-03,24,2024-02-27,146.4
2024-02-03,25,2024-02-28,144.67
2024-02-03,26,2024-02-29,146.36
2024-02-03,27,2024-03-01,146.65
2024-02-03,28,2024-03-02,149.01
2024-02-03,29,2024-03-03,149.51
2024-02-03,30,2024-03-04,152.15
2024-02-04,1,2024-02-05,162.39
2024-02-04,2,2024-02-06,173.87
2024-02-04,3,2024-02-07,183.37
2024-02-04,4,2024-02-08,187.53
2024-02-04,5,2024-02-09,190.17
2024-02-04,6,2024-02-10,187.38
2024-02-04,7,2024-02-11,187.22
2024-02-04,8,2024-02-12,179.9
2024-02-04,9,2024-02-13,179.47
2024-02-04,10,2024-02-14,178.96
2024-02-04,11,2024-02-15,174.04
2024-02-04,12,2024-02-16,170.81
2024-02-04,13,2024-02-17,171.01
2024-02-04,14,2024-02-18,168.94
2024-02-04,15,2024-02-19,167.04
2024-02-04,16,2024-02-20,161.33
2024-02-04,17,2024-02-21,157.65
2024-02-04,18,2024-02-22,152.09
2024-02-04,19,2024-02-23,150.99
2024-02-04,20,2024-02-24,148.94
2024-02-04,21,2024-02-25,150.14
2024-02-04,22,2024-02-26,149.05
2024-02-04,23,2024-02-27,147.71
2024-02-04,24,2024-02-28,148.52
2024-02-04,25,2024-02-29,147.04
2024-02-04,26,2024-03-01,149.4
2024-02-04,27,2024-03-02,152.21
2024-02-04,28,2024-03-03,152.59
2024-02-04,29,2024-03-04,152.79
2024-02-04,30,2024-03-05,155.03
2024-02-05,1,2024-02-06,176.38
2024-02-05,2,2024-02-07,182.29
2024-02-05,3,2024-02-08,192.43
2024-02-05,4,2024-02-09,190.72
2024-02-05,5,2024-02-10,197.69
2024-02-05,6,2024-02-11,193.57
2024-02-05,7,2024-02-12,185.54
2024-02-05,8,2024-02-13,185.58
2024-02-05,9,2024-02-14,183.42
2024-02-05,10,2024-02-15,176.79
2024-02-05,11,2024-02-16,173.54
2024-02-05,12,2024-02-17,170.72
2024-02-05,13,2024-02-18,169.5
2024-02-05,14,2024-02-19,167.41
2024-02-05,15,2024-02-20,162.2
2024-02-05,16,2024-02-21,155.53
2024-02-05,17,2024-02-22,154.05
2024-02-05,18,2024-02-23,152.52
2024-02-05,19,2024-02-24,151.26
2024-02-05,20,2024-02-25,149.71
2024-02-05,21,2024-02-26,152.45
2024-02-05,22,2024-02-27,151.55
2024-02-05,23,2024-02-28,150.55
2024-02-05,24,2024-02-29,151.04
2024-02-05,25,2024-03-01,150.07
2024-02-05,26,2024-03-02,154.38
2024-02-05,27,2024-03-03,154.89
2024-02-05,28,2024-03-04,156.94
2024-02-05,29,2024-03-05,158.8
2024-02-05,30,2024-03-06,160.83
2024-02-06,1,2024-02-07,178.56
2024-02-06,2,2024-02-08,183.41
2024-02-06,3,2024-02-09,186.05
2024-02-06,4,2024-02-10,191.94
2024-02-06,5,2024-02-11,197.76
2024-02-06,6,2024-02-12,189.42
2024-02-06,7,2024-02-13,185.12
2024-02-06,8,2024-02-14,186.29
2024-02-06,9,2024-02-15,181.38
2024-02-06,10,2024-02-16,174.92
2024-02-06,11,2024-02-17,173.46
2024-02-06,12,2024-02-18,169.1
2024-02-06,13,2024-02-19,167.32
2024-02-06,14,2024-02-20,163.88
2024-02-06,15,2024-02-21,156.16
2024-02-06,16,2024-02-22,152.8
2024-02-06,17,2024-02-23,155.62
2024-02-06,18,2024-02-24,151.96
2024-02-06,19,2024-02-25,150.55
2024-02-06,20,2024-02-26,151.42
2024-02-06,21,2024-02-27,151.65
2024-02-06,22,2024-02-28,152.68
2024-02-06,23,2024-02-29,151.05
2024-02-06,24,2024-03-01,152.26
2024-02-06,25,2024-03-02,152.41
2024-02-06,26,2024-03-03,157.05
2024-02-06,27,2024-03-04,157.39
2024-02-06,28,2024-03-05,158.52
2024-02-06,29,2024-03-06,160.47
2024-02-06,30,2024-03-07,161.89
2024-02-07,1,2024-02-08,192.95
2024-02-07,2,2024-02-09,194.56
2024-02-07,3,2024-02-10,200.77
2024-02-07,4,2024-02-11,199.14
2024-02-07,5,2024-02-12,206.6
2024-02-07,6,2024-02-13,205.6
2024-02-07,7,2024-02-14,196.61
2024-02-07,8,2024-02-15,185.78
2024-02-07,9,2024-02-16,182.66
2024-02-07,10,2024-02-17,175.61
2024-02-07,11,2024-02-18,175.22
2024-02-07,12,2024-02-19,169.24
2024-02-07,13,2024-02-20,163.72
2024-02-07,14,2024-02-21,162.72
2024-02-07,15,2024-02-22,155.2
2024-02-07,16,2024-02-23,153.33
2024-02-07,17,2024-02-24,154.53
2024-02-07,18,2024-02-25,154.17
2024-02-07,19,2024-02-26,152.09
2024-02-07,20,2024-02-27,153.66
2024-02-07,21,2024-02-28,154.18
2024-02-07,22,2024-02-29,154.05
2024-02-07,23,2024-03-01,153.71
2024-02-07,24,2024-03-02,156.98
2024-02-07,25,2024-03-03,156.58
2024-02-07,26,2024-03-04,163.07
2024-02-07,27,2024-03-05,167.29
2024-02-07,28,2024-03-06,166.96
2024-02-07,29,2024-03-07,166.43
2024-02-07,30,2024-03-08,165.88
2024-02-08,1,2024-02-09,193.58
2024-02-08,2,2024-02-10,192.9
2024-02-08,3,2024-02-11,190.52
2024-02-08,4,2024-02-12,185.72
2024-02-08,5,2024-02-13,185.66
2024-02-08,6,2024-02-14,182.01
2024-02-08,7,2024-02-15,178.71
2024-02-08,8,2024-02-16,172.26
2024-02-08,9,2024-02-17,172.43
2024-02-08,10,2024-02-18,169.68
2024-02-08,11,2024-02-19,169.41
2024-02-08,12,2024-02-20,163.36
2024-02-08,13,2024-02-21,158.05
2024-02-08,14,2024-02-22,156.06
2024-02-08,15,2024-02-23,155.0
2024-02-08,16,2024-02-24,153.23
2024-02-08,17,2024-02-25,154.69
2024-02-08,18,2024-02-26,154.59
2024-02-08,19,2024-02-27,152.99
2024-02-08,20,2024-02-28,153.75
2024-02-08,21,2024-02-29,153.82
2024-02-08,22,2024-03-01,154.15
2024-02-08,23,2024-03-02,156.91
2024-02-08,24,2024-03-03,159.25
2024-02-08,25,2024-03-04,162.76
2024-02-08,26,2024-03-05,168.34
2024-02-08,27,2024-03-06,167.68
2024-02-08,28,2024-03-07,166.42
2024-02-08,29,2024-03-08,167.05
2024-02-08,30,2024-03-09,166.03
2024-02-09,1,2024-02-10,186.69
2024-02-09,2,2024-02-11,186.16
2024-02-09,3,2024-02-12,181.81
2024-02-09,4,2024-02-13,176.07
2024-02-09,5,2024-02-14,182.72
2024-02-09,6,2024-02-15,174.28
2024-02-09,7,2024-02-16,169.76
2024-02-09,8,2024-02-17,166.08
2024-02-09,9,2024-02-18,169.79
2024-02-09,10,2024-02-19,168.77
2024-02-09,11,2024-02-20,165.23
2024-02-09,12,2024-02-21,159.37
2024-02-09,13,2024-02-22,154.82
2024-02-09,14,2024-02-23,157.06
2024-02-09,15,2024-02-24,155.58
2024-02-09,16,2024-02-25,154.1
2024-02-09,17,2024-02-26,155.81
2024-02-09,18,2024-02-27,154.91
2024-02-09,19,2024-02-28,152.84
2024-02-09,20,2024-02-29,153.65
2024-02-09,21,2024-03-01,153.36
2024-02-09,22,2024-03-02,156.66
2024-02-09,23,2024-03-03,159.28
2024-02-09,24,2024-03-04,162.42
2024-02-09,25,2024-03-05,165.65
2024-02-09,26,2024-03-06,168.18
2024-02-09,27,2024-03-07,168.12
2024-02-09,28,2024-03-08,167.33
2024-02-09,29,2024-03-09,168.96
2024-02-09,30,2024-03-10,164.81
2024-02-10,1,2024-02-11,185.23
2024-02-10,2,2024-02-12,181.19
2024-02-10,3,2024-02-13,180.77
2024-02-10,4,2024-02-14,178.63
2024-02-10,5,2024-02-15,170.88
2024-02-10,6,2024-02-16,166.9
2024-02-10,7,2024-02-17,165.94
2024-02-10,8,2024-02-18,163.19
2024-02-10,9,2024-02-19,165.01
2024-02-10,10,2024-02-20,162.2
2024-02-10,11,2024-02-21,157.96
2024-02-10,12,2024-02-22,154.85
2024-02-10,13,2024-02-23,154.01
2024-02-10,14,2024-02-24,152.69
2024-02-10,15,2024-02-25,153.29
2024-02-10,16,2024-02-26,152.7
2024-02-10,17,2024-02-27,153.74
2024-02-10,18,2024-02-28,154.85
2024-02-10,19,2024-02-29,152.72
2024-02-10,20,2024-03-01,153.19
2024-02-10,21,2024-03-02,156.53
2024-02-10,22,2024-03-03,160.21
2024-02-10,23,2024-03-04,162.0
2024-02-10,24,2024-03-05,166.61
2024-02-10,25,2024-03-06,166.67
2024-02-10,26,2024-03-07,168.08
2024-02-10,27,2024-03-08,168.53
2024-02-10,28,2024-03-09,165.61
2024-02-10,29,2024-03-10,168.66
2024-02-10,30,2024-03-11,164.95
2024-02-11,1,2024-02-12,196.13
2024-02-11,2,2024-02-13,195.29
2024-02-11,3,2024-02-14,195.79
2024-02-11,4,2024-02-15,185.54
2024-02-11,5,2024-02-16,176.22
2024-02-11,6,2024-02-17,170.02
2024-02-11,7,2024-02-18,162.81
2024-02-11,8,2024-02-19,158.98
2024-02-11,9,2024-02-20,161.65
2024-02-11,10,2024-02-21,158.73
2024-02-11,11,2024-02-22,153.92
2024-02-11,12,2024-02-23,156.14
2024-02-11,13,2024-02-24,154.12
2024-02-11,14,2024-02-25,155.86
2024-02-11,15,2024-02-26,154.55
2024-02-11,16,2024-02-27,153.61
2024-02-11,17,2024-02-28,156.8
2024-02-11,18,2024-02-29,157.94
2024-02-11,19,2024-03-01,155.11
2024-02-11,20,2024-03-02,159.47
2024-02-11,21,2024-03-03,160.92
2024-02-11,22,2024-03-04,163.35
2024-02-11,23,2024-03-05,168.64
2024-02-11,24,2024-03-06,169.41
2024-02-11,25,2024-03-07,169.73
2024-02-11,26,2024-03-08,169.14
2024-02-11,27,2024-03-09,170.29
2024-02-11,28,2024-03-10,167.76
2024-02-11,29,2024-03-11,167.17
2024-02-11,30,2024-03-12,163.57
2024-02-12,1,2024-02-13,183.29
2024-02-12,2,2024-02-14,178.9
2024-02-12,3,2024-02-15,174.62
2024-02-12,4,2024-02-16,167.69
2024-02-12,5,2024-02-17,160.85
2024-02-12,6,2024-02-18,152.65
2024-02-12,7,2024-02-19,151.24
2024-02-12,8,2024-02-20,152.88
2024-02-12,9,2024-02-21,154.11
2024-02-12,10,2024-02-22,153.45
2024-02-12,11,2024-02-23,153.2
2024-02-12,12,2024-02-24,153.68
2024-02-12,13,2024-02-25,156.09
2024-02-12,14,2024-02-26,155.28
2024-02-12,15,2024-02-27,155.84
2024-02-12,16,2024-02-28,157.04
2024-02-12,17,2024-02-29,157.94
2024-02-12,18,2024-03-01,157.83
2024-02-12,19,2024-03-02,160.35
2024-02-12,20,2024-03-03,163.5
2024-02-12,21,2024-03-04,163.25
2024-02-12,22,2024-03-05,168.19
2024-02-12,23,2024-03-06,168.89
2024-02-12,24,2024-03-07,167.67
2024-02-12,25,2024-03-08,165.48
2024-02-12,26,2024-03-09,167.23
2024-02-12,27,2024-03-10,168.19
2024-02-12,28,2024-03-11,166.72
2024-02-12,29,2024-03-12,166.25
2024-02-12,30,2024-03-13,162.73
2024-02-13,1,2024-02-14,198.69
2024-02-13,2,2024-02-15,195.56
2024-02-13,3,2024-02-16,189.59
2024-02-13,4,2024-02-17,177.37
2024-02-13,5,2024-02-18,163.34
2024-02-13,6,2024-02-19,158.41
2024-02-13,7,2024-02-20,154.65
2024-02-13,8,2024-02-21,152.45
2024-02-13,9,2024-02-22,154.89
2024-02-13,10,2024-02-23,156.86
2024-02-13,11,2024-02-24,155.54
2024-02-13,12,2024-02-25,159.06
2024-02-13,13,2024-02-26,156.16
2024-02-13,14,2024-02-27,157.44
2024-02-13,15,2024-02-28,157.32
2024-02-13,16,2024-02-29,157.19
2024-02-13,17,2024-03-01,158.68
2024-02-13,18,2024-03-02,162.51
2024-02-13,19,2024-03-03,163.56
2024-02-13,20,2024-03-04,166.16
2024-02-13,21,2024-03-05,169.48
2024-02-13,22,2024-03-06,169.88
2024-02-13,23,2024-03-07,170.61
2024-02-13,24,2024-03-08,173.0
2024-02-13,25,2024-03-09,171.23
2024-02-13,26,2024-03-10,171.16
2024-02-13,27,2024-03-11,171.16
2024-02-13,28,2024-03-12,167.93
2024-02-13,29,2024-03-13,164.88
2024-02-13,30,2024-03-14,162.15
2024-02-14,1,2024-02-15,189.49
2024-02-14,2,2024-02-16,186.48
2024-02-14,3,2024-02-17,179.6
2024-02-14,4,2024-02-18,165.46
2024-02-14,5,2024-02-19,153.22
2024-02-14,6,2024-02-20,151.79
2024-02-14,7,2024-02-21,147.61
2024-02-14,8,2024-02-22,148.62
2024-02-14,9,2024-02-23,153.46
2024-02-14,10,2024-02-24,155.95
2024-02-14,11,2024-02-25,156.7
2024-02-14,12,2024-02-26,158.76
2024-02-14,13,2024-02-27,159.33
2024-02-14,14,2024-02-28,159.27
2024-02-14,15,2024-02-29,158.57
2024-02-14,16,2024-03-01,159.64
2024-02-14,17,2024-03-02,163.18
2024-02-14,18,2024-03-03,164.39
2024-02-14,19,2024-03-04,166.4
2024-02-14,20,2024-03-05,167.19
2024-02-14,21,2024-03-06,169.33
2024-02-14,22,2024-03-07,170.63
2024-02-14,23,2024-03-08,170.04
2024-02-14,24,2024-03-09,170.15
2024-02-14,25,2024-03-10,170.28
2024-02-14,26,2024-03-11,171.34
2024-02-14,27,2024-03-12,168.21
2024-02-14,28,2024-03-13,166.1
2024-02-14,29,2024-03-14,164.49
2024-02-14,30,2024-03-15,164.27
2024-02-15,1,2024-02-16,177.8
2024-02-15,2,2024-02-17,172.33
2024-02-15,3,2024-02-18,164.12
2024-02-15,4,2024-02-19,154.12
2024-02-15,5,2024-02-20,145.13
2024-02-15,6,2024-02-21,142.99
2024-02-15,7,2024-02-22,147.23
2024-02-15,8,2024-02-23,153.01
2024-02-15,9,2024-02-24,156.47
2024-02-15,10,2024-02-25,157.78
2024-02-15,11,2024-02-26,158.64
2024-02-15,12,2024-02-27,158.66
2024-02-15,13,2024-02-28,159.27
2024-02-15,14,2024-02-29,161.64
2024-02-15,15,2024-03-01,158.95
2024-02-15,16,2024-03-02,163.1
2024-02-15,17,2024-03-03,165.58
2024-02-15,18,2024-03-04,165.7
2024-02-15,19,2024-03-05,168.16
2024-02-15,20,2024-03-06,168.38
2024-02-15,21,2024-03-07,170.3
2024-02-15,22,2024-03-08,168.92
2024-02-15,23,2024-03-09,169.68
2024-02-15,24,2024-03-10,168.9
2024-02-15,25,2024-03-11,167.48
2024-02-15,26,2024-03-12,167.34
2024-02-15,27,2024-03-13,165.84
2024-02-15,28,2024-03-14,165.02
2024-02-15,29,2024-03-15,163.84
2024-02-15,30,2024-03-16,162.04
2024-02-16,1,2024-02-17,170.53
2024-02-16,2,2024-02-18,158.93
2024-02-16,3,2024-02-19,152.57
2024-02-16,4,2024-02-20,146.64
2024-02-16,5,2024-02-21,143.35
2024-02-16,6,2024-02-22,145.59
2024-02-16,7,2024-02-23,150.07
2024-02-16,8,2024-02-24,154.62
2024-02-16,9,2024-02-25,160.72
2024-02-16,10,2024-02-26,158.87
2024-02-16,11,2024-02-27,159.59
2024-02-16,12,2024-02-28,160.23
2024-02-16,13,2024-02-29,159.89
2024-02-16,14,2024-03-01,159.98
2024-02-16,15,2024-03-02,163.36
2024-02-16,16,2024-03-03,165.73
2024-02-16,17,2024-03-04,168.36
2024-02-16,18,2024-03-05,170.84
2024-02-16,19,2024-03-06,170.57
2024-02-16,20,2024-03-07,169.87
2024-02-16,21,2024-03-08,170.47
2024-02-16,22,2024-03-09,168.72
2024-02-16,23,2024-03-10,167.38
2024-02-16,24,2024-03-11,168.53
2024-02-16,25,2024-03-12,164.91
2024-02-16,26,2024-03-13,165.98
2024-02-16,27,2024-03-14,166.72
2024-02-16,28,2024-03-15,163.51
2024-02-16,29,2024-03-16,160.88
2024-02-16,30,2024-03-17,159.53
2024-02-17,1,2024-02-18,158.15
2024-02-17,2,2024-02-19,148.0
2024-02-17,3,2024-02-20,143.0
2024-02-17,4,2024-02-21,143.03
2024-02-17,5,2024-02-22,145.79
2024-02-17,6,2024-02-23,146.93
2024-02-17,7,2024-02-24,153.52
2024-02-17,8,2024-02-25,158.75
2024-02-17,9,2024-02-26,161.96
2024-02-17,10,2024-02-27,161.12
2024-02-17,11,2024-02-28,161.78
2024-02-17,12,2024-02-29,160.88
2024-02-17,13,2024-03-01,162.22
2024-02-17,14,2024-03-02,166.1
2024-02-17,15,2024-03-03,166.07
2024-02-17,16,2024-03-04,167.25
2024-02-17,17,2024-03-05,169.21
2024-02-17,18,2024-03-06,171.58
2024-02-17,19,2024-03-07,170.38
2024-02-17,20,2024-03-08,168.71
2024-02-17,21,2024-03-09,169.99
2024-02-17,22,2024-03-10,167.32
2024-02-17,23,2024-03-11,167.66
2024-02-17,24,2024-03-12,165.8
2024-02-17,25,2024-03-13,163.28
2024-02-17,26,2024-03-14,163.92
2024-02-17,27,2024-03-15,163.23
2024-02-17,28,2024-03-16,160.02
2024-02-17,29,2024-03-17,156.03
2024-02-17,30,2024-03-18,155.39
2024-02-18,1,2024-02-19,159.4
2024-02-18,2,2024-02-20,153.68
2024-02-18,3,2024-02-21,150.76
2024-02-18,4,2024-02-22,151.62
2024-02-18,5,2024-02-23,150.59
2024-02-18,6,2024-02-24,152.23
2024-02-18,7,2024-02-25,161.49
2024-02-18,8,2024-02-26,161.26
2024-02-18,9,2024-02-27,164.05
2024-02-18,10,2024-02-28,163.91
2024-02-18,11,2024-02-29,161.77
2024-02-18,12,2024-03-01,160.96
2024-02-18,13,2024-03-02,165.71
2024-02-18,14,2024-03-03,167.96
2024-02-18,15,2024-03-04,166.87
2024-02-18,16,2024-03-05,168.24
2024-02-18,17,2024-03-06,171.1
2024-02-18,18,2024-03-07,170.89
2024-02-18,19,2024-03-08,169.45
2024-02-18,20,2024-03-09,169.37
2024-02-18,21,2024-03-10,168.09
2024-02-18,22,2024-03-11,168.29
2024-02-18,23,2024-03-12,164.64
2024-02-18,24,2024-03-13,164.11
2024-02-18,25,2024-03-14,163.97
2024-02-18,26,2024-03-15,162.2
2024-02-18,27,2024-03-16,161.7
2024-02-18,28,2024-03-17,157.86
2024-02-18,29,2024-03-18,153.96
2024-02-18,30,2024-03-19,152.78
2024-02-19,1,2024-02-20,148.77
2024-02-19,2,2024-02-21,147.46
2024-02-19,3,2024-02-22,146.18
2024-02-19,4,2024-02-23,148.87
2024-02-19,5,2024-02-24,156.73
2024-02-19,6,2024-02-25,166.29
2024-02-19,7,2024-02-26,165.71
2024-02-19,8,2024-02-27,165.4
2024-02-19,9,2024-02-28,164.95
2024-02-19,10,2024-02-29,161.91
2024-02-19,11,2024-03-01,160.53
2024-02-19,12,2024-03-02,165.32
2024-02-19,13,2024-03-03,165.36
2024-02-19,14,2024-03-04,167.77
2024-02-19,15,2024-03-05,166.6
2024-02-19,16,2024-03-06,168.12
2024-02-19,17,2024-03-07,168.72
2024-02-19,18,2024-03-08,168.5
2024-02-19,19,2024-03-09,168.03
2024-02-19,20,2024-03-10,166.76
2024-02-19,21,2024-03-11,167.37
2024-02-19,22,2024-03-12,163.87
2024-02-19,23,2024-03-13,163.92
2024-02-19,24,2024-03-14,163.64
2024-02-19,25,2024-03-15,160.52
2024-02-19,26,2024-03-16,158.53
2024-02-19,27,2024-03-17,155.18
2024-02-19,28,2024-03-18,153.78
2024-02-19,29,2024-03-19,149.53
2024-02-19,30,2024-03-20,151.25
2024-02-20,1,2024-02-21,151.65
2024-02-20,2,2024-02-22,146.01
2024-02-20,3,2024-02-23,149.66
2024-02-20,4,2024-02-24,158.31
2024-02-20,5,2024-02-25,163.82
2024-02-20,6,2024-02-26,170.94
2024-02-20,7,2024-02-27,171.08
2024-02-20,8,2024-02-28,171.99
2024-02-20,9,2024-02-29,165.12
2024-02-20,10,2024-03-01,164.42
2024-02-20,11,2024-03-02,168.94
2024-02-20,12,2024-03-03,168.81
2024-02-20,13,2024-03-04,167.62
2024-02-20,14,2024-03-05,169.67
2024-02-20,15,2024-03-06,168.75
2024-02-20,16,2024-03-07,168.69
2024-02-20,17,2024-03-08,169.33
2024-02-20,18,2024-03-09,168.73
2024-02-20,19,2024-03-10,164.8
2024-02-20,20,2024-03-11,168.45
2024-02-20,21,2024-03-12,164.24
2024-02-20,22,2024-03-13,162.82
2024-02-20,23,2024-03-14,162.81
2024-02-20,24,2024-03-15,159.12
2024-02-20,25,2024-03-16,155.94
2024-02-20,26,2024-03-17,153.21
2024-02-20,27,2024-03-18,151.95
2024-02-20,28,2024-03-19,150.14
2024-02-20,29,2024-03-20,150.14
2024-02-20,30,2024-03-21,149.37
2024-02-21,1,2024-02-22,153.77
2024-02-21,2,2024-02-23,150.85
2024-02-21,3,2024-02-24,153.19
2024-02-21,4,2024-02-25,167.99
2024-02-21,5,2024-02-26,172.8
2024-02-21,6,2024-02-27,173.25
2024-02-21,7,2024-02-28,177.93
2024-02-21,8,2024-02-29,173.29
2024-02-21,9,2024-03-01,165.21
2024-02-21,10,2024-03-02,169.68
2024-02-21,11,2024-03-03,171.33
2024-02-21,12,2024-03-04,171.51
2024-02-21,13,2024-03-05,170.46
2024-02-21,14,2024-03-06,171.44
2024-02-21,15,2024-03-07,170.18
2024-02-21,16,2024-03-08,170.71
2024-02-21,17,2024-03-09,170.06
2024-02-21,18,2024-03-10,166.66
2024-02-21,19,2024-03-11,167.13
2024-02-21,20,2024-03-12,165.39
2024-02-21,21,2024-03-13,163.28
2024-02-21,22,2024-03-14,161.67
2024-02-21,23,2024-03-15,158.72
2024-02-21,24,2024-03-16,155.88
2024-02-21,25,2024-03-17,151.71
2024-02-21,26,2024-03-18,150.54
2024-02-21,27,2024-03-19,150.69
2024-02-21,28,2024-03-20,149.33
2024-02-21,29,2024-03-21,150.54
2024-02-21,30,2024-03-22,149.19
2024-02-22,1,2024-02-23,162.26
2024-02-22,2,2024-02-24,158.9
2024-02-22,3,2024-02-25,161.53
2024-02-22,4,2024-02-26,164.57
2024-02-22,5,2024-02-27,163.5
2024-02-22,6,2024-02-28,168.53
2024-02-22,7,2024-02-29,168.67
2024-02-22,8,2024-03-01,167.05
2024-02-22,9,2024-03-02,167.92
2024-02-22,10,2024-03-03,170.28
2024-02-22,11,2024-03-04,171.6
2024-02-22,12,2024-03-05,172.38
2024-02-22,13,2024-03-06,173.14
2024-02-22,14,2024-03-07,170.88
2024-02-22,15,2024-03-08,169.69
2024-02-22,16,2024-03-09,170.27
2024-02-22,17,2024-03-10,166.88
2024-02-22,18,2024-03-11,168.57
2024-02-22,19,2024-03-12,164.98
2024-02-22,20,2024-03-13,165.18
2024-02-22,21,2024-03-14,165.72
2024-02-22,22,2024-03-15,160.81
2024-02-22,23,2024-03-16,158.89
2024-02-22,24,2024-03-17,155.99
2024-02-22,25,2024-03-18,156.16
2024-02-22,26,2024-03-19,154.28
2024-02-22,27,2024-03-20,156.0
2024-02-22,28,2024-03-21,153.91
2024-02-22,29,2024-03-22,154.95
2024-02-22,30,2024-03-23,154.54
2024-02-23,1,2024-02-24,171.45
2024-02-23,2,2024-02-25,173.85
2024-02-23,3,2024-02-26,178.16
2024-02-23,4,2024-02-27,180.24
2024-02-23,5,2024-02-28,182.23
2024-02-23,6,2024-02-29,177.39
2024-02-23,7,2024-03-01,169.72
2024-02-23,8,2024-03-02,173.38
2024-02-23,9,2024-03-03,173.86
2024-02-23,10,2024-03-04,172.37
2024-02-23,11,2024-03-05,172.93
2024-02-23,12,2024-03-06,172.29
2024-02-23,13,2024-03-07,171.16
2024-02-23,14,2024-03-08,170.14
2024-02-23,15,2024-03-09,169.62
2024-02-23,16,2024-03-10,166.33
2024-02-23,17,2024-03-11,168.21
2024-02-23,18,2024-03-12,165.85
2024-02-23,19,2024-03-13,162.94
2024-02-23,20,2024-03-14,164.61
2024-02-23,21,2024-03-15,162.54
2024-02-23,22,2024-03-16,159.55
2024-02-23,23,2024-03-17,156.87
2024-02-23,24,2024-03-18,158.16
2024-02-23,25,2024-03-19,155.29
2024-02-23,26,2024-03-20,156.65
2024-02-23,27,2024-03-21,157.06
2024-02-23,28,2024-03-22,155.83
2024-02-23,29,2024-03-23,155.89
2024-02-23,30,2024-03-24,157.05
2024-02-24,1,2024-02-25,175.89
2024-02-24,2,2024-02-26,175.78
2024-02-24,3,2024-02-27,177.96
2024-02-24,4,2024-02-28,181.81
2024-02-24,5,2024-02-29,183.1
2024-02-24,6,2024-03-01,179.04
2024-02-24,7,2024-03-02,176.8
2024-02-24,8,2024-03-03,176.22
2024-02-24,9,2024-03-04,176.06
2024-02-24,10,2024-03-05,172.48
2024-02-24,11,2024-03-06,173.31
2024-02-24,12,2024-03-07,170.06
2024-02-24,13,2024-03-08,169.15
2024-02-24,14,2024-03-09,170.24
2024-02-24,15,2024-03-10,166.88
2024-02-24,16,2024-03-11,166.77
2024-02-24,17,2024-03-12,165.13
2024-02-24,18,2024-03-13,162.94
2024-02-24,19,2024-03-14,163.0
2024-02-24,20,2024-03-15,161.81
2024-02-24,21,2024-03-16,159.57
2024-02-24,22,2024-03-17,156.93
2024-02-24,23,2024-03-18,157.93
2024-02-24,24,2024-03-19,156.39
2024-02-24,25,2024-03-20,155.42
2024-02-24,26,2024-03-21,156.61
2024-02-24,27,2024-03-22,156.52
2024-02-24,28,2024-03-23,156.4
2024-02-24,29,2024-03-24,157.71
2024-02-24,30,2024-03-25,156.73
2024-02-25,1,2024-02-26,184.46
2024-02-25,2,2024-02-27,181.38
2024-02-25,3,2024-02-28,186.33
2024-02-25,4,2024-02-29,185.24
2024-02-25,5,2024-03-01,191.89
2024-02-25,6,2024-03-02,186.79
2024-02-25,7,2024-03-03,190.47
2024-02-25,8,2024-03-04,184.76
2024-02-25,9,2024-03-05,176.54
2024-02-25,10,2024-03-06,174.34
2024-02-25,11,2024-03-07,173.89
2024-02-25,12,2024-03-08,169.38
2024-02-25,13,2024-03-09,168.51
2024-02-25,14,2024-03-10,168.0
2024-02-25,15,2024-03-11,168.65
2024-02-25,16,2024-03-12,165.28
2024-02-25,17,2024-03-13,164.09
2024-02-25,18,2024-03-14,162.97
2024-02-25,19,2024-03-15,160.77
2024-02-25,20,2024-03-16,160.21
2024-02-25,21,2024-03-17,157.0
2024-02-25,22,2024-03-18,156.57
2024-02-25,23,2024-03-19,155.68
2024-02-25,24,2024-03-20,156.96
2024-02-25,25,2024-03-21,156.57
2024-02-25,26,2024-03-22,159.17
2024-02-25,27,2024-03-23,159.39
2024-02-25,28,2024-03-24,159.53
2024-02-25,29,2024-03-25,160.94
2024-02-25,30,2024-03-26,160.95
2024-02-26,1,2024-02-27,184.58
2024-02-26,2,2024-02-28,182.29
2024-02-26,3,2024-02-29,174.25
2024-02-26,4,2024-03-01,173.38
2024-02-26,5,2024-03-02,171.7
2024-02-26,6,2024-03-03,175.36
2024-02-26,7,2024-03-04,177.8
2024-02-26,8,2024-03-05,171.64
2024-02-26,9,2024-03-06,171.29
2024-02-26,10,2024-03-07,169.5
2024-02-26,11,2024-03-08,171.75
2024-02-26,12,2024-03-09,168.94
2024-02-26,13,2024-03-10,167.1
2024-02-26,14,2024-03-11,169.85
2024-02-26,15,2024-03-12,165.48
2024-02-26,16,2024-03-13,163.12
2024-02-26,17,2024-03-14,164.23
2024-02-26,18,2024-03-15,160.44
2024-02-26,19,2024-03-16,159.13
2024-02-26,20,2024-03-17,158.09
2024-02-26,21,2024-03-18,157.65
2024-02-26,22,2024-03-19,156.81
2024-02-26,23,2024-03-20,158.54
2024-02-26,24,2024-03-21,158.56
2024-02-26,25,2024-03-22,157.6
2024-02-26,26,2024-03-23,161.14
2024-02-26,27,2024-03-24,159.97
2024-02-26,28,2024-03-25,160.77
2024-02-26,29,2024-03-26,162.15
2024-02-26,30,2024-03-27,162.04
2024-02-27,1,2024-02-28,170.49
2024-02-27,2,2024-02-29,167.33
2024-02-27,3,2024-03-01,162.38
2024-02-27,4,2024-03-02,158.75
2024-02-27,5,2024-03-03,163.2
2024-02-27,6,2024-03-04,170.95
2024-02-27,7,2024-03-05,170.83
2024-02-27,8,2024-03-06,172.52
2024-02-27,9,2024-03-07,169.33
2024-02-27,10,2024-03-08,167.5
2024-02-27,11,2024-03-09,171.61
2024-02-27,12,2024-03-10,167.78
2024-02-27,13,2024-03-11,168.57
2024-02-27,14,2024-03-12,165.56
2024-02-27,15,2024-03-13,163.42
2024-02-27,16,2024-03-14,162.43
2024-02-27,17,2024-03-15,161.66
2024-02-27,18,2024-03-16,158.91
2024-02-27,19,2024-03-17,156.65
2024-02-27,20,2024-03-18,157.61
2024-02-27,21,2024-03-19,156.98
2024-02-27,22,2024-03-20,158.51
2024-02-27,23,2024-03-21,157.5
2024-02-27,24,2024-03-22,158.08
2024-02-27,25,2024-03-23,157.75
2024-02-27,26,2024-03-24,159.49
2024-02-27,27,2024-03-25,157.78
2024-02-27,28,2024-03-26,158.57
2024-02-27,29,2024-03-27,159.46
2024-02-27,30,2024-03-28,160.63
2024-02-28,1,2024-02-29,171.65
2024-02-28,2,2024-03-01,167.94
2024-02-28,3,2024-03-02,161.47
2024-02-28,4,2024-03-03,163.48
2024-02-28,5,2024-03-04,171.21
2024-02-28,6,2024-03-05,166.63
2024-02-28,7,2024-03-06,169.35
2024-02-28,8,2024-03-07,170.58
2024-02-28,9,2024-03-08,167.34
2024-02-28,10,2024-03-09,171.35
2024-02-28,11,2024-03-10,169.31
2024-02-28,12,2024-03-11,171.51
2024-02-28,13,2024-03-12,168.52
2024-02-28,14,2024-03-13,166.51
2024-02-28,15,2024-03-14,163.12
2024-02-28,16,2024-03-15,162.24
2024-02-28,17,2024-03-16,162.03
2024-02-28,18,2024-03-17,160.08
2024-02-28,19,2024-03-18,159.26
2024-02-28,20,2024-03-19,159.01
2024-02-28,21,2024-03-20,158.27
2024-02-28,22,2024-03-21,158.32
2024-02-28,23,2024-03-22,158.45
2024-02-28,24,2024-03-23,158.67
2024-02-28,25,2024-03-24,157.42
2024-02-28,26,2024-03-25,158.06
2024-02-28,27,2024-03-26,156.56
2024-02-28,28,2024-03-27,159.53
2024-02-28,29,2024-03-28,160.73
2024-02-28,30,2024-03-29,161.24
2024-02-29,1,2024-03-01,175.31
2024-02-29,2,2024-03-02,175.05
2024-02-29,3,2024-03-03,171.84
2024-02-29,4,2024-03-04,170.2
2024-02-29,5,2024-03-05,175.07
2024-02-29,6,2024-03-06,177.37
2024-02-29,7,2024-03-07,174.41
2024-02-29,8,2024-03-08,172.86
2024-02-29,9,2024-03-09,168.97
2024-02-29,10,2024-03-10,168.37
2024-02-29,11,2024-03-11,172.56
2024-02-29,12,2024-03-12,170.0
2024-02-29,13,2024-03-13,166.2
2024-02-29,14,2024-03-14,167.93
2024-02-29,15,2024-03-15,164.58
2024-02-29,16,2024-03-16,163.83
2024-02-29,17,2024-03-17,163.27
2024-02-29,18,2024-03-18,161.14
2024-02-29,19,2024-03-19,161.62
2024-02-29,20,2024-03-20,163.4
2024-02-29,21,2024-03-21,160.72
2024-02-29,22,2024-03-22,160.32
2024-02-29,23,2024-03-23,160.21
2024-02-29,24,2024-03-24,160.65
2024-02-29,25,2024-03-25,157.05
2024-02-29,26,2024-03-26,159.28
2024-02-29,27,2024-03-27,161.69
2024-02-29,28,2024-03-28,162.96
2024-02-29,29,2024-03-29,164.27
2024-02-29,30,2024-03-30,163.71
2024-03-01,1,2024-03-02,160.06
2024-03-01,2,2024-03-03,160.9
2024-03-01,3,2024-03-04,164.54
2024-03-01,4,2024-03-05,160.33
2024-03-01,5,2024-03-06,169.79
2024-03-01,6,2024-03-07,167.64
2024-03-01,7,2024-03-08,166.79
2024-03-01,8,2024-03-09,168.64
2024-03-01,9,2024-03-10,166.53
2024-03-01,10,2024-03-11,167.24
2024-03-01,11,2024-03-12,167.34
2024-03-01,12,2024-03-13,166.52
2024-03-01,13,2024-03-14,164.13
2024-03-01,14,2024-03-15,165.97
2024-03-01,15,2024-03-16,163.16
2024-03-01,16,2024-03-17,159.7
2024-03-01,17,2024-03-18,162.22
2024-03-01,18,2024-03-19,159.11
2024-03-01,19,2024-03-20,161.36
2024-03-01,20,2024-03-21,160.57
2024-03-01,21,2024-03-22,159.13
2024-03-01,22,2024-03-23,159.69
2024-03-01,23,2024-03-24,158.33
2024-03-01,24,2024-03-25,156.94
2024-03-01,25,2024-03-26,154.83
2024-03-01,26,2024-03-27,159.81
2024-03-01,27,2024-03-28,158.08
2024-03-01,28,2024-03-29,158.64
2024-03-01,29,2024-03-30,159.7
2024-03-01,30,2024-03-31,158.78
2024-03-02,1,2024-03-03,152.91
2024-03-02,2,2024-03-04,149.94
2024-03-02,3,2024-03-05,153.92
2024-03-02,4,2024-03-06,154.5
2024-03-02,5,2024-03-07,157.89
2024-03-02,6,2024-03-08,164.4
2024-03-02,7,2024-03-09,167.42
2024-03-02,8,2024-03-10,166.4
2024-03-02,9,2024-03-11,167.46
2024-03-02,10,2024-03-12,166.86
2024-03-02,11,2024-03-13,165.58
2024-03-02,12,2024-03-14,165.34
2024-03-02,13,2024-03-15,163.0
2024-03-02,14,2024-03-16,163.76
2024-03-02,15,2024-03-17,161.16
2024-03-02,16,2024-03-18,160.47
2024-03-02,17,2024-03-19,162.15
2024-03-02,18,2024-03-20,162.07
2024-03-02,19,2024-03-21,160.88
2024-03-02,20,2024-03-22,159.99
2024-03-02,21,2024-03-23,159.02
2024-03-02,22,2024-03-24,158.72
2024-03-02,23,2024-03-25,154.82
2024-03-02,24,2024-03-26,155.95
2024-03-02,25,2024-03-27,155.85
2024-03-02,26,2024-03-28,155.47
2024-03-02,27,2024-03-29,154.39
2024-03-02,28,2024-03-30,153.99
2024-03-02,29,2024-03-31,154.85
2024-03-02,30,2024-04-01,156.96
2024-03-03,1,2024-03-04,151.68
2024-03-03,2,2024-03-05,151.06
2024-03-03,3,2024-03-06,153.6
2024-03-03,4,2024-03-07,154.8
2024-03-03,5,2024-03-08,156.99
2024-03-03,6,2024-03-09,165.01
2024-03-03,7,2024-03-10,162.05
2024-03-03,8,2024-03-11,164.57
2024-03-03,9,2024-03-12,164.07
2024-03-03,10,2024-03-13,163.51
2024-03-03,11,2024-03-14,161.81
2024-03-03,12,2024-03-15,162.06
2024-03-03,13,2024-03-16,160.31
2024-03-03,14,2024-03-17,160.18
2024-03-03,15,2024-03-18,160.64
2024-03-03,16,2024-03-19,159.44
2024-03-03,17,2024-03-20,162.37
2024-03-03,18,2024-03-21,162.12
2024-03-03,19,2024-03-22,159.68
2024-03-03,20,2024-03-23,159.52
2024-03-03,21,2024-03-24,158.62
2024-03-03,22,2024-03-25,156.0
2024-03-03,23,2024-03-26,156.14
2024-03-03,24,2024-03-27,157.61
2024-03-03,25,2024-03-28,154.2
2024-03-03,26,2024-03-29,153.49
2024-03-03,27,2024-03-30,153.54
2024-03-03,28,2024-03-31,154.52
2024-03-03,29,2024-04-01,155.97
2024-03-03,30,2024-04-02,158.2
2024-03-04,1,2024-03-05,147.69
2024-03-04,2,2024-03-06,148.28
2024-03-04,3,2024-03-07,147.38
2024-03-04,4,2024-03-08,151.78
2024-03-04,5,2024-03-09,153.26
2024-03-04,6,2024-03-10,156.86
2024-03-04,7,2024-03-11,159.77
2024-03-04,8,2024-03-12,162.62
2024-03-04,9,2024-03-13,160.85
2024-03-04,10,2024-03-14,161.29
2024-03-04,11,2024-03-15,160.51
2024-03-04,12,2024-03-16,160.55
2024-03-04,13,2024-03-17,159.36
2024-03-04,14,2024-03-18,162.34
2024-03-04,15,2024-03-19,160.52
2024-03-04,16,2024-03-20,161.16
2024-03-04,17,2024-03-21,164.56
2024-03-04,18,2024-03-22,162.03
2024-03-04,19,2024-03-23,160.05
2024-03-04,20,2024-03-24,158.5
2024-03-04,21,2024-03-25,155.73
2024-03-04,22,2024-03-26,154.93
2024-03-04,23,2024-03-27,154.95
2024-03-04,24,2024-03-28,153.24
2024-03-04,25,2024-03-29,152.12
2024-03-04,26,2024-03-30,151.17
2024-03-04,27,2024-03-31,151.66
2024-03-04,28,2024-04-01,154.12
2024-03-04,29,2024-04-02,156.3
2024-03-04,30,2024-04-03,159.46
2024-03-05,1,2024-03-06,143.95
2024-03-05,2,2024-03-07,144.22
2024-03-05,3,2024-03-08,148.8
2024-03-05,4,2024-03-09,152.29
2024-03-05,5,2024-03-10,153.3
2024-03-05,6,2024-03-11,154.61
2024-03-05,7,2024-03-12,158.06
2024-03-05,8,2024-03-13,158.16
2024-03-05,9,2024-03-14,158.83
2024-03-05,10,2024-03-15,159.25
2024-03-05,11,2024-03-16,160.87
2024-03-05,12,2024-03-17,160.48
2024-03-05,13,2024-03-18,160.75
2024-03-05,14,2024-03-19,163.25
2024-03-05,15,2024-03-20,163.95
2024-03-05,16,2024-03-21,162.72
2024-03-05,17,2024-03-22,164.92
2024-03-05,18,2024-03-23,162.97
2024-03-05,19,2024-03-24,160.4
2024-03-05,20,2024-03-25,158.55
2024-03-05,21,2024-03-26,156.07
2024-03-05,22,2024-03-27,154.95
2024-03-05,23,2024-03-28,152.46
2024-03-05,24,2024-03-29,151.13
2024-03-05,25,2024-03-30,150.11
2024-03-05,26,2024-03-31,150.04
2024-03-05,27,2024-04-01,152.87
2024-03-05,28,2024-04-02,155.39
2024-03-05,29,2024-04-03,161.55
2024-03-05,30,2024-04-04,158.69
2024-03-06,1,2024-03-07,141.76
2024-03-06,2,2024-03-08,145.85
2024-03-06,3,2024-03-09,149.29
2024-03-06,4,2024-03-10,149.69
2024-03-06,5,2024-03-11,151.12
2024-03-06,6,2024-03-12,156.09
2024-03-06,7,2024-03-13,154.3
2024-03-06,8,2024-03-14,153.7
2024-03-06,9,2024-03-15,155.71
2024-03-06,10,2024-03-16,159.08
2024-03-06,11,2024-03-17,158.81
2024-03-06,12,2024-03-18,161.19
2024-03-06,13,2024-03-19,160.37
2024-03-06,14,2024-03-20,166.21
2024-03-06,15,2024-03-21,164.9
2024-03-06,16,2024-03-22,162.69
2024-03-06,17,2024-03-23,162.99
2024-03-06,18,2024-03-24,160.4
2024-03-06,19,2024-03-25,159.49
2024-03-06,20,2024-03-26,157.98
2024-03-06,21,2024-03-27,158.12
2024-03-06,22,2024-03-28,153.78
2024-03-06,23,2024-03-29,151.77
2024-03-06,24,2024-03-30,150.91
2024-03-06,25,2024-03-31,150.55
2024-03-06,26,2024-04-01,151.15
2024-03-06,27,2024-04-02,155.21
2024-03-06,28,2024-04-03,158.58
2024-03-06,29,2024-04-04,161.66
2024-03-06,30,2024-04-05,159.75
2024-03-07,1,2024-03-08,137.92
2024-03-07,2,2024-03-09,144.2
2024-03-07,3,2024-03-10,142.31
2024-03-07,4,2024-03-11,144.63
2024-03-07,5,2024-03-12,148.63
2024-03-07,6,2024-03-13,152.02
2024-03-07,7,2024-03-14,151.31
2024-03-07,8,2024-03-15,154.2
2024-03-07,9,2024-03-16,158.01
2024-03-07,10,2024-03-17,157.84
2024-03-07,11,2024-03-18,160.46
2024-03-07,12,2024-03-19,163.4
2024-03-07,13,2024-03-20,164.48
2024-03-07,14,2024-03-21,165.43
2024-03-07,15,2024-03-22,165.06
2024-03-07,16,2024-03-23,162.2
2024-03-07,17,2024-03-24,161.91
2024-03-07,18,2024-03-25,159.03
2024-03-07,19,2024-03-26,157.75
2024-03-07,20,2024-03-27,155.31
2024-03-07,21,2024-03-28,152.6
2024-03-07,22,2024-03-29,150.4
2024-03-07,23,2024-03-30,149.77
2024-03-07,24,2024-03-31,149.0
2024-03-07,25,2024-04-01,151.29
2024-03-07,26,2024-04-02,151.0
2024-03-07,27,2024-04-03,154.97
2024-03-07,28,2024-04-04,156.06
2024-03-07,29,2024-04-05,161.1
2024-03-07,30,2024-04-06,154.83
2024-03-08,1,2024-03-09,139.52
2024-03-08,2,2024-03-10,142.28
2024-03-08,3,2024-03-11,142.82
2024-03-08,4,2024-03-12,145.06
2024-03-08,5,2024-03-13,148.77
2024-03-08,6,2024-03-14,150.49
2024-03-08,7,2024-03-15,153.69
2024-03-08,8,2024-03-16,158.27
2024-03-08,9,2024-03-17,158.61
2024-03-08,10,2024-03-18,159.85
2024-03-08,11,2024-03-19,161.62
2024-03-08,12,2024-03-20,164.98
2024-03-08,13,2024-03-21,164.96
2024-03-08,14,2024-03-22,165.37
2024-03-08,15,2024-03-23,161.9
2024-03-08,16,2024-03-24,161.65
2024-03-08,17,2024-03-25,159.78
2024-03-08,18,2024-03-26,158.85
2024-03-08,19,2024-03-27,155.45
2024-03-08,20,2024-03-28,151.5
2024-03-08,21,2024-03-29,150.27
2024-03-08,22,2024-03-30,151.39
2024-03-08,23,2024-03-31,149.6
2024-03-08,24,2024-04-01,151.81
2024-03-08,25,2024-04-02,153.99
2024-03-08,26,2024-04-03,152.89
2024-03-08,27,2024-04-04,154.04
2024-03-08,28,2024-04-05,156.85
2024-03-08,29,2024-04-06,155.27
2024-03-08,30,2024-04-07,157.28
2024-03-09,1,2024-03-10,133.87
2024-03-09,2,2024-03-11,133.41
2024-03-09,3,2024-03-12,140.59
2024-03-09,4,2024-03-13,140.52
2024-03-09,5,2024-03-14,144.59
2024-03-09,6,2024-03-15,145.6
2024-03-09,7,2024-03-16,152.78
2024-03-09,8,2024-03-17,157.28
2024-03-09,9,2024-03-18,159.88
2024-03-09,10,2024-03-19,160.05
2024-03-09,11,2024-03-20,164.14
2024-03-09,12,2024-03-21,165.54
2024-03-09,13,2024-03-22,165.6
2024-03-09,14,2024-03-23,164.31
2024-03-09,15,2024-03-24,162.11
2024-03-09,16,2024-03-25,158.05
2024-03-09,17,2024-03-26,159.5
2024-03-09,18,2024-03-27,154.8
2024-03-09,19,2024-03-28,151.8
2024-03-09,20,2024-03-29,147.91
2024-03-09,21,2024-03-30,147.4
2024-03-09,22,2024-03-31,148.23
2024-03-09,23,2024-04-01,149.32
2024-03-09,24,2024-04-02,150.39
2024-03-09,25,2024-04-03,150.7
2024-03-09,26,2024-04-04,149.06
2024-03-09,27,2024-04-05,152.23
2024-03-09,28,2024-04-06,149.85
2024-03-09,29,2024-04-07,152.67
2024-03-09,30,2024-04-08,150.77
2024-03-10,1,2024-03-11,135.11
2024-03-10,2,2024-03-12,141.54
2024-03-10,3,2024-03-13,135.75
2024-03-10,4,2024-03-14,141.04
2024-03-10,5,2024-03-15,147.05
2024-03-10,6,2024-03-16,153.46
2024-03-10,7,2024-03-17,157.44
2024-03-10,8,2024-03-18,159.47
2024-03-10,9,2024-03-19,160.44
2024-03-10,10,2024-03-20,163.73
2024-03-10,11,2024-03-21,165.65
2024-03-10,12,2024-03-22,164.32
2024-03-10,13,2024-03-23,164.24
2024-03-10,14,2024-03-24,164.33
2024-03-10,15,2024-03-25,159.98
2024-03-10,16,2024-03-26,158.7
2024-03-10,17,2024-03-27,158.14
2024-03-10,18,2024-03-28,151.95
2024-03-10,19,2024-03-29,148.79
2024-03-10,20,2024-03-30,147.51
2024-03-10,21,2024-03-31,148.61
2024-03-10,22,2024-04-01,150.28
2024-03-10,23,2024-04-02,149.35
2024-03-10,24,2024-04-03,151.56
2024-03-10,25,2024-04-04,150.52
2024-03-10,26,2024-04-05,150.91
2024-03-10,27,2024-04-06,153.47
2024-03-10,28,2024-04-07,153.22
2024-03-10,29,2024-04-08,152.93
2024-03-10,30,2024-04-09,151.54
2024-03-11,1,2024-03-12,130.28
2024-03-11,2,2024-03-13,129.78
2024-03-11,3,2024-03-14,131.85
2024-03-11,4,2024-03-15,133.31
2024-03-11,5,2024-03-16,147.49
2024-03-11,6,2024-03-17,151.88
2024-03-11,7,2024-03-18,157.81
2024-03-11,8,2024-03-19,160.24
2024-03-11,9,2024-03-20,165.62
2024-03-11,10,2024-03-21,165.42
2024-03-11,11,2024-03-22,164.11
2024-03-11,12,2024-03-23,162.74
2024-03-11,13,2024-03-24,161.83
2024-03-11,14,2024-03-25,161.1
2024-03-11,15,2024-03-26,157.21
2024-03-11,16,2024-03-27,154.8
2024-03-11,17,2024-03-28,152.68
2024-03-11,18,2024-03-29,148.41
2024-03-11,19,2024-03-30,146.24
2024-03-11,20,2024-03-31,146.01
2024-03-11,21,2024-04-01,146.93
2024-03-11,22,2024-04-02,147.77
2024-03-11,23,2024-04-03,149.42
2024-03-11,24,2024-04-04,148.34
2024-03-11,25,2024-04-05,146.37
2024-03-11,26,2024-04-06,147.01
2024-03-11,27,2024-04-07,148.24
2024-03-11,28,2024-04-08,146.34
2024-03-11,29,2024-04-09,148.46
2024-03-11,30,2024-04-10,147.83
2024-03-12,1,2024-03-13,129.4
2024-03-12,2,2024-03-14,130.84
2024-03-12,3,2024-03-15,134.65
2024-03-12,4,2024-03-16,141.65
2024-03-12,5,2024-03-17,152.74
2024-03-12,6,2024-03-18,155.32
2024-03-12,7,2024-03-19,160.32
2024-03-12,8,2024-03-20,166.45
2024-03-12,9,2024-03-21,165.62
2024-03-12,10,2024-03-22,164.53
2024-03-12,11,2024-03-23,163.71
2024-03-12,12,2024-03-24,162.18
2024-03-12,13,2024-03-25,158.89
2024-03-12,14,2024-03-26,159.62
2024-03-12,15,2024-03-27,155.14
2024-03-12,16,2024-03-28,150.66
2024-03-12,17,2024-03-29,148.96
2024-03-12,18,2024-03-30,146.65
2024-03-12,19,2024-03-31,144.18
2024-03-12,20,2024-04-01,144.63
2024-03-12,21,2024-04-02,146.16
2024-03-12,22,2024-04-03,147.36
2024-03-12,23,2024-04-04,145.66
2024-03-12,24,2024-04-05,144.99
2024-03-12,25,2024-04-06,142.43
2024-03-12,26,2024-04-07,143.85
2024-03-12,27,2024-04-08,144.07
2024-03-12,28,2024-04-09,145.22
2024-03-12,29,2024-04-10,147.23
2024-03-12,30,2024-04-11,148.32
2024-03-13,1,2024-03-14,133.0
2024-03-13,2,2024-03-15,136.09
2024-03-13,3,2024-03-16,142.04
2024-03-13,4,2024-03-17,147.58
2024-03-13,5,2024-03-18,157.88
2024-03-13,6,2024-03-19,163.04
2024-03-13,7,2024-03-20,168.44
2024-03-13,8,2024-03-21,169.53
2024-03-13,9,2024-03-22,165.7
2024-03-13,10,2024-03-23,164.56
2024-03-13,11,2024-03-24,163.92
2024-03-13,12,2024-03-25,160.01
2024-03-13,13,2024-03-26,157.09
2024-03-13,14,2024-03-27,157.35
2024-03-13,15,2024-03-28,150.35
2024-03-13,16,2024-03-29,147.62
2024-03-13,17,2024-03-30,148.25
2024-03-13,18,2024-03-31,145.43
2024-03-13,19,2024-04-01,144.35
2024-03-13,20,2024-04-02,146.19
2024-03-13,21,2024-04-03,145.9
2024-03-13,22,2024-04-04,143.45
2024-03-13,23,2024-04-05,145.35
2024-03-13,24,2024-04-06,144.92
2024-03-13,25,2024-04-07,142.66
2024-03-13,26,2024-04-08,144.17
2024-03-13,27,2024-04-09,147.03
2024-03-13,28,2024-04-10,146.68
2024-03-13,29,2024-04-11,147.72
2024-03-13,30,2024-04-12,148.35
2024-03-14,1,2024-03-15,132.71
2024-03-14,2,2024-03-16,133.76
2024-03-14,3,2024-03-17,144.17
2024-03-14,4,2024-03-18,153.41
2024-03-14,5,2024-03-19,159.85
2024-03-14,6,2024-03-20,160.79
2024-03-14,7,2024-03-21,164.94
2024-03-14,8,2024-03-22,164.44
2024-03-14,9,2024-03-23,164.0
2024-03-14,10,2024-03-24,164.33
2024-03-14,11,2024-03-25,160.2
2024-03-14,12,2024-03-26,157.69
2024-03-14,13,2024-03-27,155.51
2024-03-14,14,2024-03-28,152.33
2024-03-14,15,2024-03-29,147.98
2024-03-14,16,2024-03-30,147.21
2024-03-14,17,2024-03-31,146.1
2024-03-14,18,2024-04-01,143.66
2024-03-14,19,2024-04-02,144.73
2024-03-14,20,2024-04-03,143.99
2024-03-14,21,2024-04-04,143.82
2024-03-14,22,2024-04-05,142.46
2024-03-14,23,2024-04-06,142.27
2024-03-14,24,2024-04-07,141.97
2024-03-14,25,2024-04-08,141.37
2024-03-14,26,2024-04-09,142.87
2024-03-14,27,2024-04-10,143.69
2024-03-14,28,2024-04-11,144.95
2024-03-14,29,2024-04-12,147.76
2024-03-14,30,2024-04-13,145.11
2024-03-15,1,2024-03-16,132.03
2024-03-15,2,2024-03-17,135.02
2024-03-15,3,2024-03-18,148.34
2024-03-15,4,2024-03-19,153.06
2024-03-15,5,2024-03-20,159.63
2024-03-15,6,2024-03-21,162.95
2024-03-15,7,2024-03-22,162.54
2024-03-15,8,2024-03-23,166.49
2024-03-15,9,2024-03-24,163.15
2024-03-15,10,2024-03-25,162.17
2024-03-15,11,2024-03-26,158.24
2024-03-15,12,2024-03-27,158.09
2024-03-15,13,2024-03-28,152.34
2024-03-15,14,2024-03-29,152.57
2024-03-15,15,2024-03-30,150.86
2024-03-15,16,2024-03-31,148.49
2024-03-15,17,2024-04-01,147.47
2024-03-15,18,2024-04-02,143.81
2024-03-15,19,2024-04-03,143.97
2024-03-15,20,2024-04-04,142.52
2024-03-15,21,2024-04-05,141.69
2024-03-15,22,2024-04-06,141.85
2024-03-15,23,2024-04-07,141.33
2024-03-15,24,2024-04-08,139.94
2024-03-15,25,2024-04-09,139.05
2024-03-15,26,2024-04-10,140.78
2024-03-15,27,2024-04-11,142.42
2024-03-15,28,2024-04-12,143.99
2024-03-15,29,2024-04-13,145.67
2024-03-15,30,2024-04-14,144.86
2024-03-16,1,2024-03-17,134.68
2024-03-16,2,2024-03-18,137.07
2024-03-16,3,2024-03-19,147.76
2024-03-16,4,2024-03-20,151.79
2024-03-16,5,2024-03-21,161.64
2024-03-16,6,2024-03-22,157.22
2024-03-16,7,2024-03-23,164.84
2024-03-16,8,2024-03-24,164.47
2024-03-16,9,2024-03-25,161.48
2024-03-16,10,2024-03-26,159.96
2024-03-16,11,2024-03-27,159.32
2024-03-16,12,2024-03-28,153.91
2024-03-16,13,2024-03-29,150.96
2024-03-16,14,2024-03-30,150.41
2024-03-16,15,2024-03-31,149.23
2024-03-16,16,2024-04-01,146.58
2024-03-16,17,2024-04-02,145.23
2024-03-16,18,2024-04-03,143.13
2024-03-16,19,2024-04-04,141.87
2024-03-16,20,2024-04-05,141.69
2024-03-16,21,2024-04-06,140.71
2024-03-16,22,2024-04-07,139.84
2024-03-16,23,2024-04-08,141.35
2024-03-16,24,2024-04-09,140.77
2024-03-16,25,2024-04-10,139.63
2024-03-16,26,2024-04-11,141.97
2024-03-16,27,2024-04-12,142.94
2024-03-16,28,2024-04-13,143.69
2024-03-16,29,2024-04-14,144.27
2024-03-16,30,2024-04-15,145.03
2024-03-17,1,2024-03-18,146.91
2024-03-17,2,2024-03-19,155.39
2024-03-17,3,2024-03-20,162.72
2024-03-17,4,2024-03-21,164.37
2024-03-17,5,2024-03-22,167.26
2024-03-17,6,2024-03-23,172.64
2024-03-17,7,2024-03-24,168.5
2024-03-17,8,2024-03-25,162.33
2024-03-17,9,2024-03-26,157.74
2024-03-17,10,2024-03-27,158.34
2024-03-17,11,2024-03-28,154.02
2024-03-17,12,2024-03-29,152.55
2024-03-17,13,2024-03-30,151.15
2024-03-17,14,2024-03-31,150.91
2024-03-17,15,2024-04-01,145.11
2024-03-17,16,2024-04-02,145.55
2024-03-17,17,2024-04-03,145.48
2024-03-17,18,2024-04-04,142.54
2024-03-17,19,2024-04-05,142.79
2024-03-17,20,2024-04-06,144.28
2024-03-17,21,2024-04-07,141.99
2024-03-17,22,2024-04-08,142.29
2024-03-17,23,2024-04-09,142.32
2024-03-17,24,2024-04-10,141.94
2024-03-17,25,2024-04-11,142.52
2024-03-17,26,2024-04-12,145.46
2024-03-17,27,2024-04-13,147.08
2024-03-17,28,2024-04-14,146.64
2024-03-17,29,2024-04-15,147.21
2024-03-17,30,2024-04-16,148.54
2024-03-18,1,2024-03-19,160.38
2024-03-18,2,2024-03-20,166.57
2024-03-18,3,2024-03-21,174.84
2024-03-18,4,2024-03-22,177.77
2024-03-18,5,2024-03-23,179.2
2024-03-18,6,2024-03-24,176.74
2024-03-18,7,2024-03-25,172.72
2024-03-18,8,2024-03-26,163.53
2024-03-18,9,2024-03-27,160.17
2024-03-18,10,2024-03-28,156.96
2024-03-18,11,2024-03-29,152.79
2024-03-18,12,2024-03-30,151.75
2024-03-18,13,2024-03-31,149.22
2024-03-18,14,2024-04-01,148.01
2024-03-18,15,2024-04-02,145.29
2024-03-18,16,2024-04-03,143.69
2024-03-18,17,2024-04-04,143.25
2024-03-18,18,2024-04-05,143.97
2024-03-18,19,2024-04-06,143.41
2024-03-18,20,2024-04-07,142.82
2024-03-18,21,2024-04-08,143.67
2024-03-18,22,2024-04-09,144.53
2024-03-18,23,2024-04-10,144.12
2024-03-18,24,2024-04-11,144.86
2024-03-18,25,2024-04-12,144.92
2024-03-18,26,2024-04-13,148.5
2024-03-18,27,2024-04-14,149.45
2024-03-18,28,2024-04-15,149.78
2024-03-18,29,2024-04-16,151.87
2024-03-18,30,2024-04-17,149.6
2024-03-19,1,2024-03-20,182.73
2024-03-19,2,2024-03-21,188.79
2024-03-19,3,2024-03-22,191.13
2024-03-19,4,2024-03-23,195.1
2024-03-19,5,2024-03-24,189.27
2024-03-19,6,2024-03-25,184.96
2024-03-19,7,2024-03-26,178.21
2024-03-19,8,2024-03-27,168.37
2024-03-19,9,2024-03-28,161.57
2024-03-19,10,2024-03-29,155.58
2024-03-19,11,2024-03-30,151.03
2024-03-19,12,2024-03-31,151.05
2024-03-19,13,2024-04-01,147.55
2024-03-19,14,2024-04-02,148.22
2024-03-19,15,2024-04-03,145.79
2024-03-19,16,2024-04-04,143.81
2024-03-19,17,2024-04-05,145.39
2024-03-19,18,2024-04-06,146.49
2024-03-19,19,2024-04-07,144.59
2024-03-19,20,2024-04-08,146.24
2024-03-19,21,2024-04-09,147.78
2024-03-19,22,2024-04-10,149.04
2024-03-19,23,2024-04-11,147.61
2024-03-19,24,2024-04-12,149.86
2024-03-19,25,2024-04-13,153.32
2024-03-19,26,2024-04-14,155.26
2024-03-19,27,2024-04-15,159.03
2024-03-19,28,2024-04-16,158.6
2024-03-19,29,2024-04-17,158.25
2024-03-19,30,2024-04-18,157.14
2024-03-20,1,2024-03-21,171.88
2024-03-20,2,2024-03-22,174.77
2024-03-20,3,2024-03-23,183.3
2024-03-20,4,2024-03-24,182.1
2024-03-20,5,2024-03-25,183.67
2024-03-20,6,2024-03-26,171.61
2024-03-20,7,2024-03-27,171.1
2024-03-20,8,2024-03-28,164.32
2024-03-20,9,2024-03-29,156.83
2024-03-20,10,2024-03-30,154.1
2024-03-20,11,2024-03-31,149.99
2024-03-20,12,2024-04-01,148.56
2024-03-20,13,2024-04-02,146.88
2024-03-20,14,2024-04-03,147.32
2024-03-20,15,2024-04-04,143.2
2024-03-20,16,2024-04-05,144.09
2024-03-20,17,2024-04-06,146.06
2024-03-20,18,2024-04-07,144.94
2024-03-20,19,2024-04-08,144.42
2024-03-20,20,2024-04-09,146.74
2024-03-20,21,2024-04-10,147.03
2024-03-20,22,2024-04-11,148.38
2024-03-20,23,2024-04-12,148.89
2024-03-20,24,2024-04-13,153.68
2024-03-20,25,2024-04-14,155.07
2024-03-20,26,2024-04-15,157.18
2024-03-20,27,2024-04-16,157.95
2024-03-20,28,2024-04-17,156.32
2024-03-20,29,2024-04-18,155.91
2024-03-20,30,2024-04-19,153.21
2024-03-21,1,2024-03-22,175.74
2024-03-21,2,2024-03-23,177.68
2024-03-21,3,2024-03-24,176.31
2024-03-21,4,2024-03-25,172.53
2024-03-21,5,2024-03-26,166.28
2024-03-21,6,2024-03-27,161.55
2024-03-21,7,2024-03-28,161.01
2024-03-21,8,2024-03-29,156.65
2024-03-21,9,2024-03-30,153.92
2024-03-21,10,2024-03-31,151.19
2024-03-21,11,2024-04-01,147.2
2024-03-21,12,2024-04-02,146.06
2024-03-21,13,2024-04-03,146.31
2024-03-21,14,2024-04-04,144.25
2024-03-21,15,2024-04-05,145.57
2024-03-21,16,2024-04-06,145.44
2024-03-21,17,2024-04-07,146.72
2024-03-21,18,2024-04-08,146.05
2024-03-21,19,2024-04-09,147.84
2024-03-21,20,2024-04-10,147.24
2024-03-21,21,2024-04-11,148.1
2024-03-21,22,2024-04-12,150.6
2024-03-21,23,2024-04-13,154.08
2024-03-21,24,2024-04-14,156.18
2024-03-21,25,2024-04-15,158.3
2024-03-21,26,2024-04-16,157.56
2024-03-21,27,2024-04-17,157.48
2024-03-21,28,2024-04-18,155.15
2024-03-21,29,2024-04-19,154.48
2024-03-21,30,2024-04-20,153.85
2024-03-22,1,2024-03-23,192.51
2024-03-22,2,2024-03-24,189.93
2024-03-22,3,2024-03-25,186.57
2024-03-22,4,2024-03-26,182.48
2024-03-22,5,2024-03-27,176.24
2024-03-22,6,2024-03-28,169.62
2024-03-22,7,2024-03-29,162.63
2024-03-22,8,2024-03-30,152.42
2024-03-22,9,2024-03-31,151.51
2024-03-22,10,2024-04-01,148.18
2024-03-22,11,2024-04-02,146.15
2024-03-22,12,2024-04-03,146.12
2024-03-22,13,2024-04-04,145.12
2024-03-22,14,2024-04-05,146.91
2024-03-22,15,2024-04-06,147.57
2024-03-22,16,2024-04-07,145.55
2024-03-22,17,2024-04-08,148.23
2024-03-22,18,2024-04-09,148.96
2024-03-22,19,2024-04-10,148.68
2024-03-22,20,2024-04-11,150.12
2024-03-22,21,2024-04-12,152.01
2024-03-22,22,2024-04-13,154.91
2024-03-22,23,2024-04-14,158.88
2024-03-22,24,2024-04-15,160.61
2024-03-22,25,2024-04-16,160.77
2024-03-22,26,2024-04-17,162.03
2024-03-22,27,2024-04-18,162.4
2024-03-22,28,2024-04-19,160.06
2024-03-22,29,2024-04-20,159.46
2024-03-22,30,2024-04-21,158.31
2024-03-23,1,2024-03-24,196.66
2024-03-23,2,2024-03-25,191.99
2024-03-23,3,2024-03-26,184.24
2024-03-23,4,2024-03-27,179.02
2024-03-23,5,2024-03-28,173.65
2024-03-23,6,2024-03-29,159.72
2024-03-23,7,2024-03-30,154.08
2024-03-23,8,2024-03-31,148.69
2024-03-23,9,2024-04-01,145.78
2024-03-23,10,2024-04-02,147.5
2024-03-23,11,2024-04-03,143.89
2024-03-23,12,2024-04-04,143.23
2024-03-23,13,2024-04-05,146.78
2024-03-23,14,2024-04-06,147.87
2024-03-23,15,2024-04-07,147.17
2024-03-23,16,2024-04-08,146.18
2024-03-23,17,2024-04-09,150.24
2024-03-23,18,2024-04-10,148.47
2024-03-23,19,2024-04-11,148.64
2024-03-23,20,2024-04-12,151.33
2024-03-23,21,2024-04-13,155.18
2024-03-23,22,2024-04-14,159.0
2024-03-23,23,2024-04-15,161.61
2024-03-23,24,2024-04-16,161.54
2024-03-23,25,2024-04-17,163.67
2024-03-23,26,2024-04-18,164.32
2024-03-23,27,2024-04-19,163.13
2024-03-23,28,2024-04-20,160.6
2024-03-23,29,2024-04-21,160.38
2024-03-23,30,2024-04-22,158.63
2024-03-24,1,2024-03-25,198.08
2024-03-24,2,2024-03-26,194.16
2024-03-24,3,2024-03-27,194.19
2024-03-24,4,2024-03-28,183.38
2024-03-24,5,2024-03-29,169.56
2024-03-24,6,2024-03-30,156.3
2024-03-24,7,2024-03-31,155.13
2024-03-24,8,2024-04-01,148.32
2024-03-24,9,2024-04-02,148.15
2024-03-24,10,2024-04-03,145.49
2024-03-24,11,2024-04-04,142.95
2024-03-24,12,2024-04-05,147.42
2024-03-24,13,2024-04-06,149.7
2024-03-24,14,2024-04-07,149.28
2024-03-24,15,2024-04-08,147.59
2024-03-24,16,2024-04-09,149.12
2024-03-24,17,2024-04-10,149.83
2024-03-24,18,2024-04-11,150.79
2024-03-24,19,2024-04-12,151.47
2024-03-24,20,2024-04-13,155.63
2024-03-24,21,2024-04-14,159.4
2024-03-24,22,2024-04-15,162.93
2024-03-24,23,2024-04-16,163.59
2024-03-24,24,2024-04-17,165.4
2024-03-24,25,2024-04-18,166.84
2024-03-24,26,2024-04-19,166.6
2024-03-24,27,2024-04-20,164.29
2024-03-24,28,2024-04-21,162.69
2024-03-24,29,2024-04-22,162.15
2024-03-24,30,2024-04-23,158.75
2024-03-25,1,2024-03-26,192.6
2024-03-25,2,2024-03-27,189.84
2024-03-25,3,2024-03-28,183.04
2024-03-25,4,2024-03-29,168.93
2024-03-25,5,2024-03-30,159.91
2024-03-25,6,2024-03-31,151.07
2024-03-25,7,2024-04-01,152.99
2024-03-25,8,2024-04-02,150.72
2024-03-25,9,2024-04-03,148.81
2024-03-25,10,2024-04-04,145.81
2024-03-25,11,2024-04-05,147.58
2024-03-25,12,2024-04-06,149.35
2024-03-25,13,2024-04-07,148.61
2024-03-25,14,2024-04-08,149.37
2024-03-25,15,2024-04-09,150.3
2024-03-25,16,2024-04-10,148.03
2024-03-25,17,2024-04-11,150.84
2024-03-25,18,2024-04-12,151.8
2024-03-25,19,2024-04-13,153.14
2024-03-25,20,2024-04-14,157.44
2024-03-25,21,2024-04-15,162.17
2024-03-25,22,2024-04-16,162.73
2024-03-25,23,2024-04-17,164.59
2024-03-25,24,2024-04-18,168.0
2024-03-25,25,2024-04-19,164.65
2024-03-25,26,2024-04-20,166.25
2024-03-25,27,2024-04-21,163.93
2024-03-25,28,2024-04-22,161.37
2024-03-25,29,2024-04-23,160.41
2024-03-25,30,2024-04-24,157.59
2024-03-26,1,2024-03-27,189.62
2024-03-26,2,2024-03-28,182.04
2024-03-26,3,2024-03-29,164.78
2024-03-26,4,2024-03-30,153.27
2024-03-26,5,2024-03-31,147.6
2024-03-26,6,2024-04-01,138.67
2024-03-26,7,2024-04-02,148.89
2024-03-26,8,2024-04-03,143.21
2024-03-26,9,2024-04-04,146.1
2024-03-26,10,2024-04-05,147.83
2024-03-26,11,2024-04-06,148.84
2024-03-26,12,2024-04-07,149.0
2024-03-26,13,2024-04-08,149.5
2024-03-26,14,2024-04-09,151.06
2024-03-26,15,2024-04-10,149.95
2024-03-26,16,2024-04-11,149.2
2024-03-26,17,2024-04-12,151.46
2024-03-26,18,2024-04-13,153.87
2024-03-26,19,2024-04-14,155.46
2024-03-26,20,2024-04-15,160.73
2024-03-26,21,2024-04-16,162.08
2024-03-26,22,2024-04-17,163.89
2024-03-26,23,2024-04-18,166.08
2024-03-26,24,2024-04-19,166.14
2024-03-26,25,2024-04-20,165.48
2024-03-26,26,2024-04-21,167.07
2024-03-26,27,2024-04-22,165.18
2024-03-26,28,2024-04-23,161.61
2024-03-26,29,2024-04-24,160.27
2024-03-26,30,2024-04-25,157.65
2024-03-27,1,2024-03-28,175.12
2024-03-27,2,2024-03-29,160.77
2024-03-27,3,2024-03-30,143.19
2024-03-27,4,2024-03-31,139.92
2024-03-27,5,2024-04-01,137.08
2024-03-27,6,2024-04-02,141.81
2024-03-27,7,2024-04-03,139.79
2024-03-27,8,2024-04-04,139.38
2024-03-27,9,2024-04-05,146.66
2024-03-27,10,2024-04-06,149.11
2024-03-27,11,2024-04-07,148.85
2024-03-27,12,2024-04-08,149.71
2024-03-27,13,2024-04-09,151.67
2024-03-27,14,2024-04-10,150.18
2024-03-27,15,2024-04-11,150.52
2024-03-27,16,2024-04-12,149.84
2024-03-27,17,2024-04-13,152.86
2024-03-27,18,2024-04-14,154.72
2024-03-27,19,2024-04-15,156.56
2024-03-27,20,2024-04-16,157.58
2024-03-27,21,2024-04-17,160.25
2024-03-27,22,2024-04-18,164.55
2024-03-27,23,2024-04-19,164.12
2024-03-27,24,2024-04-20,164.91
2024-03-27,25,2024-04-21,161.8
2024-03-27,26,2024-04-22,162.46
2024-03-27,27,2024-04-23,159.51
2024-03-27,28,2024-04-24,160.28
2024-03-27,29,2024-04-25,164.06
2024-03-27,30,2024-04-26,159.8
2024-03-28,1,2024-03-29,165.5
2024-03-28,2,2024-03-30,150.02
2024-03-28,3,2024-03-31,141.6
2024-03-28,4,2024-04-01,137.29
2024-03-28,5,2024-04-02,139.69
2024-03-28,6,2024-04-03,137.44
2024-03-28,7,2024-04-04,134.4
2024-03-28,8,2024-04-05,141.29
2024-03-28,9,2024-04-06,147.1
2024-03-28,10,2024-04-07,149.13
2024-03-28,11,2024-04-08,150.32
2024-03-28,12,2024-04-09,153.76
2024-03-28,13,2024-04-10,152.27
2024-03-28,14,2024-04-11,152.08
2024-03-28,15,2024-04-12,151.55
2024-03-28,16,2024-04-13,151.29
2024-03-28,17,2024-04-14,155.02
2024-03-28,18,2024-04-15,157.36
2024-03-28,19,2024-04-16,156.56
2024-03-28,20,2024-04-17,160.04
2024-03-28,21,2024-04-18,164.72
2024-03-28,22,2024-04-19,163.65
2024-03-28,23,2024-04-20,164.73
2024-03-28,24,2024-04-21,163.37
2024-03-28,25,2024-04-22,159.14
2024-03-28,26,2024-04-23,159.73
2024-03-28,27,2024-04-24,159.73
2024-03-28,28,2024-04-25,161.39
2024-03-28,29,2024-04-26,163.97
2024-03-28,30,2024-04-27,159.22
2024-03-29,1,2024-03-30,154.8
2024-03-29,2,2024-03-31,148.15
2024-03-29,3,2024-04-01,134.35
2024-03-29,4,2024-04-02,134.56
2024-03-29,5,2024-04-03,130.05
2024-03-29,6,2024-04-04,131.09
2024-03-29,7,2024-04-05,138.8
2024-03-29,8,2024-04-06,143.12
2024-03-29,9,2024-04-07,146.15
2024-03-29,10,2024-04-08,149.09
2024-03-29,11,2024-04-09,153.36
2024-03-29,12,2024-04-10,153.27
2024-03-29,13,2024-04-11,151.41
2024-03-29,14,2024-04-12,152.01
2024-03-29,15,2024-04-13,151.32
2024-03-29,16,2024-04-14,152.62
2024-03-29,17,2024-04-15,158.6
2024-03-29,18,2024-04-16,158.1
2024-03-29,19,2024-04-17,161.84
2024-03-29,20,2024-04-18,164.28
2024-03-29,21,2024-04-19,164.25
2024-03-29,22,2024-04-20,164.24
2024-03-29,23,2024-04-21,163.67
2024-03-29,24,2024-04-22,161.7
2024-03-29,25,2024-04-23,157.54
2024-03-29,26,2024-04-24,161.55
2024-03-29,27,2024-04-25,161.09
2024-03-29,28,2024-04-26,161.51
2024-03-29,29,2024-04-27,161.88
2024-03-29,30,2024-04-28,156.74
2024-03-30,1,2024-03-31,150.67
2024-03-30,2,2024-04-01,140.24
2024-03-30,3,2024-04-02,133.76
2024-03-30,4,2024-04-03,130.67
2024-03-30,5,2024-04-04,124.21
2024-03-30,6,2024-04-05,138.23
2024-03-30,7,2024-04-06,138.25
2024-03-30,8,2024-04-07,142.69
2024-03-30,9,2024-04-08,148.19
2024-03-30,10,2024-04-09,151.54
2024-03-30,11,2024-04-10,154.04
2024-03-30,12,2024-04-11,153.18
2024-03-30,13,2024-04-12,152.0
2024-03-30,14,2024-04-13,152.81
2024-03-30,15,2024-04-14,154.71
2024-03-30,16,2024-04-15,156.44
2024-03-30,17,2024-04-16,160.4
2024-03-30,18,2024-04-17,161.74
2024-03-30,19,2024-04-18,164.17
2024-03-30,20,2024-04-19,165.89
2024-03-30,21,2024-04-20,165.07
2024-03-30,22,2024-04-21,163.28
2024-03-30,23,2024-04-22,161.59
2024-03-30,24,2024-04-23,157.87
2024-03-30,25,2024-04-24,158.24
2024-03-30,26,2024-04-25,160.7
2024-03-30,27,2024-04-26,161.13
2024-03-30,28,2024-04-27,160.3
2024-03-30,29,2024-04-28,159.83
2024-03-30,30,2024-04-29,155.31
2024-03-31,1,2024-04-01,134.02
2024-03-31,2,2024-04-02,130.68
2024-03-31,3,2024-04-03,123.9
2024-03-31,4,2024-04-04,122.22
2024-03-31,5,2024-04-05,133.5
2024-03-31,6,2024-04-06,137.83
2024-03-31,7,2024-04-07,139.23
2024-03-31,8,2024-04-08,144.43
2024-03-31,9,2024-04-09,148.32
2024-03-31,10,2024-04-10,151.42
2024-03-31,11,2024-04-11,153.86
2024-03-31,12,2024-04-12,154.68
2024-03-31,13,2024-04-13,154.3
2024-03-31,14,2024-04-14,156.38
2024-03-31,15,2024-04-15,157.71
2024-03-31,16,2024-04-16,156.83
2024-03-31,17,2024-04-17,161.84
2024-03-31,18,2024-04-18,165.14
2024-03-31,19,2024-04-19,162.92
2024-03-31,20,2024-04-20,163.87
2024-03-31,21,2024-04-21,160.42
2024-03-31,22,2024-04-22,158.15
2024-03-31,23,2024-04-23,153.19
2024-03-31,24,2024-04-24,154.88
2024-03-31,25,2024-04-25,153.7
2024-03-31,26,2024-04-26,152.92
2024-03-31,27,2024-04-27,149.51
2024-03-31,28,2024-04-28,148.23
2024-03-31,29,2024-04-29,148.19
2024-03-31,30,2024-04-30,147.46
2024-04-01,1,2024-04-02,129.63
2024-04-01,2,2024-04-03,126.01
2024-04-01,3,2024-04-04,123.56
2024-04-01,4,2024-04-05,126.57
2024-04-01,5,2024-04-06,129.69
2024-04-01,6,2024-04-07,138.42
2024-04-01,7,2024-04-08,146.15
2024-04-01,8,2024-04-09,146.83
2024-04-01,9,2024-04-10,149.43
2024-04-01,10,2024-04-11,150.7
2024-04-01,11,2024-04-12,154.08
2024-04-01,12,2024-04-13,155.31
2024-04-01,13,2024-04-14,155.45
2024-04-01,14,2024-04-15,159.55
2024-04-01,15,2024-04-16,159.08
2024-04-01,16,2024-04-17,159.68
2024-04-01,17,2024-04-18,162.91
2024-04-01,18,2024-04-19,163.06
2024-04-01,19,2024-04-20,163.09
2024-04-01,20,2024-04-21,160.07
2024-04-01,21,2024-04-22,157.89
2024-04-01,22,2024-04-23,153.49
2024-04-01,23,2024-04-24,152.77
2024-04-01,24,2024-04-25,152.0
2024-04-01,25,2024-04-26,150.75
2024-04-01,26,2024-04-27,148.45
2024-04-01,27,2024-04-28,147.86
2024-04-01,28,2024-04-29,146.0
2024-04-01,29,2024-04-30,145.94
2024-04-01,30,2024-05-01,145.67
2024-04-02,1,2024-04-03,118.68
2024-04-02,2,2024-04-04,118.75
2024-04-02,3,2024-04-05,120.19
2024-04-02,4,2024-04-06,123.44
2024-04-02,5,2024-04-07,129.86
2024-04-02,6,2024-04-08,138.41
2024-04-02,7,2024-04-09,141.15
2024-04-02,8,2024-04-10,144.96
2024-04-02,9,2024-04-11,148.81
2024-04-02,10,2024-04-12,151.58
2024-04-02,11,2024-04-13,155.37
2024-04-02,12,2024-04-14,157.6
2024-04-02,13,2024-04-15,159.78
2024-04-02,14,2024-04-16,161.79
2024-04-02,15,2024-04-17,161.69
2024-04-02,16,2024-04-18,163.06
2024-04-02,17,2024-04-19,165.35
2024-04-02,18,2024-04-20,163.81
2024-04-02,19,2024-04-21,161.16
2024-04-02,20,2024-04-22,157.59
2024-04-02,21,2024-04-23,153.72
2024-04-02,22,2024-04-24,152.96
2024-04-02,23,2024-04-25,150.56
2024-04-02,24,2024-04-26,146.71
2024-04-02,25,2024-04-27,144.21
2024-04-02,26,2024-04-28,142.11
2024-04-02,27,2024-04-29,141.77
2024-04-02,28,2024-04-30,140.49
2024-04-02,29,2024-05-01,139.56
2024-04-02,30,2024-05-02,141.79
2024-04-03,1,2024-04-04,112.51
2024-04-03,2,2024-04-05,114.95
2024-04-03,3,2024-04-06,117.24
2024-04-03,4,2024-04-07,120.98
2024-04-03,5,2024-04-08,139.06
2024-04-03,6,2024-04-09,136.62
2024-04-03,7,2024-04-10,140.11
2024-04-03,8,2024-04-11,146.06
2024-04-03,9,2024-04-12,152.57
2024-04-03,10,2024-04-13,154.41
2024-04-03,11,2024-04-14,157.38
2024-04-03,12,2024-04-15,160.92
2024-04-03,13,2024-04-16,161.07
2024-04-03,14,2024-04-17,162.05
2024-04-03,15,2024-04-18,164.85
2024-04-03,16,2024-04-19,163.42
2024-04-03,17,2024-04-20,166.66
2024-04-03,18,2024-04-21,163.04
2024-04-03,19,2024-04-22,160.77
2024-04-03,20,2024-04-23,156.81
2024-04-03,21,2024-04-24,156.3
2024-04-03,22,2024-04-25,150.97
2024-04-03,23,2024-04-26,146.63
2024-04-03,24,2024-04-27,142.61
2024-04-03,25,2024-04-28,139.77
2024-04-03,26,2024-04-29,138.57
2024-04-03,27,2024-04-30,139.85
2024-04-03,28,2024-05-01,138.22
2024-04-03,29,2024-05-02,138.65
2024-04-03,30,2024-05-03,139.54
2024-04-04,1,2024-04-05,116.01
2024-04-04,2,2024-04-06,115.21
2024-04-04,3,2024-04-07,120.29
2024-04-04,4,2024-04-08,127.98
2024-04-04,5,2024-04-09,133.37
2024-04-04,6,2024-04-10,135.52
2024-04-04,7,2024-04-11,141.77
2024-04-04,8,2024-04-12,155.92
2024-04-04,9,2024-04-13,154.81
2024-04-04,10,2024-04-14,158.31
2024-04-04,11,2024-04-15,161.18
2024-04-04,12,2024-04-16,161.66
2024-04-04,13,2024-04-17,162.8
2024-04-04,14,2024-04-18,163.37
2024-04-04,15,2024-04-19,164.47
2024-04-04,16,2024-04-20,165.15
2024-04-04,17,2024-04-21,164.3
2024-04-04,18,2024-04-22,160.3
2024-04-04,19,2024-04-23,158.0
2024-04-04,20,2024-04-24,154.28
2024-04-04,21,2024-04-25,151.44
2024-04-04,22,2024-04-26,148.09
2024-04-04,23,2024-04-27,142.19
2024-04-04,24,2024-04-28,138.76
2024-04-04,25,2024-04-29,136.87
2024-04-04,26,2024-04-30,136.92
2024-04-04,27,2024-05-01,137.14
2024-04-04,28,2024-05-02,136.56
2024-04-04,29,2024-05-03,137.36
2024-04-04,30,2024-05-04,138.83
2024-04-05,1,2024-04-06,119.98
2024-04-05,2,2024-04-07,121.34
2024-04-05,3,2024-04-08,132.46
2024-04-05,4,2024-04-09,133.76
2024-04-05,5,2024-04-10,144.52
2024-04-05,6,2024-04-11,149.9
2024-04-05,7,2024-04-12,158.98
2024-04-05,8,2024-04-13,158.28
2024-04-05,9,2024-04-14,157.68
2024-04-05,10,2024-04-15,161.61
2024-04-05,11,2024-04-16,163.46
2024-04-05,12,2024-04-17,161.76
2024-04-05,13,2024-04-18,164.88
2024-04-05,14,2024-04-19,164.75
2024-04-05,15,2024-04-20,166.18
2024-04-05,16,2024-04-21,164.25
2024-04-05,17,2024-04-22,161.62
2024-04-05,18,2024-04-23,159.93
2024-04-05,19,2024-04-24,156.69
2024-04-05,20,2024-04-25,150.44
2024-04-05,21,2024-04-26,147.04
2024-04-05,22,2024-04-27,143.44
2024-04-05,23,2024-04-28,139.87
2024-04-05,24,2024-04-29,136.94
2024-04-05,25,2024-04-30,135.3
2024-04-05,26,2024-05-01,136.07
2024-04-05,27,2024-05-02,138.22
2024-04-05,28,2024-05-03,137.43
2024-04-05,29,2024-05-04,136.48
2024-04-05,30,2024-05-05,141.0
2024-04-06,1,2024-04-07,127.37
2024-04-06,2,2024-04-08,132.13
2024-04-06,3,2024-04-09,138.64
2024-04-06,4,2024-04-10,141.16
2024-04-06,5,2024-04-11,151.18
2024-04-06,6,2024-04-12,156.39
2024-04-06,7,2024-04-13,158.37
2024-04-06,8,2024-04-14,161.76
2024-04-06,9,2024-04-15,159.15
2024-04-06,10,2024-04-16,162.58
2024-04-06,11,2024-04-17,164.54
2024-04-06,12,2024-04-18,163.81
2024-04-06,13,2024-04-19,165.93
2024-04-06,14,2024-04-20,167.32
2024-04-06,15,2024-04-21,165.55
2024-04-06,16,2024-04-22,164.48
2024-04-06,17,2024-04-23,160.83
2024-04-06,18,2024-04-24,157.98
2024-04-06,19,2024-04-25,153.11
2024-04-06,20,2024-04-26,148.47
2024-04-06,21,2024-04-27,141.58
2024-04-06,22,2024-04-28,140.03
2024-04-06,23,2024-04-29,136.28
2024-04-06,24,2024-04-30,135.98
2024-04-06,25,2024-05-01,135.89
2024-04-06,26,2024-05-02,137.71
2024-04-06,27,2024-05-03,138.52
2024-04-06,28,2024-05-04,139.98
2024-04-06,29,2024-05-05,139.33
2024-04-06,30,2024-05-06,141.63
2024-04-07,1,2024-04-08,129.94
2024-04-07,2,2024-04-09,135.86
2024-04-07,3,2024-04-10,138.88
2024-04-07,4,2024-04-11,142.27
2024-04-07,5,2024-04-12,154.24
2024-04-07,6,2024-04-13,151.89
2024-04-07,7,2024-04-14,161.31
2024-04-07,8,2024-04-15,159.86
2024-04-07,9,2024-04-16,162.7
2024-04-07,10,2024-04-17,162.56
2024-04-07,11,2024-04-18,165.96
2024-04-07,12,2024-04-19,163.81
2024-04-07,13,2024-04-20,167.0
2024-04-07,14,2024-04-21,164.93
2024-04-07,15,2024-04-22,163.42
2024-04-07,16,2024-04-23,160.32
2024-04-07,17,2024-04-24,157.11
2024-04-07,18,2024-04-25,152.59
2024-04-07,19,2024-04-26,148.34
2024-04-07,20,2024-04-27,143.04
2024-04-07,21,2024-04-28,138.67
2024-04-07,22,2024-04-29,136.28
2024-04-07,23,2024-04-30,135.28
2024-04-07,24,2024-05-01,135.72
2024-04-07,25,2024-05-02,135.42
2024-04-07,26,2024-05-03,138.86
2024-04-07,27,2024-05-04,140.47
2024-04-07,28,2024-05-05,139.98
2024-04-07,29,2024-05-06,139.58
2024-04-07,30,2024-05-07,141.07
2024-04-08,1,2024-04-09,130.65
2024-04-08,2,2024-04-10,134.66
2024-04-08,3,2024-04-11,138.97
2024-04-08,4,2024-04-12,145.45
2024-04-08,5,2024-04-13,149.6
2024-04-08,6,2024-04-14,156.12
2024-04-08,7,2024-04-15,161.85
2024-04-08,8,2024-04-16,165.29
2024-04-08,9,2024-04-17,165.05
2024-04-08,10,2024-04-18,164.41
2024-04-08,11,2024-04-19,165.13
2024-04-08,12,2024-04-20,165.73
2024-04-08,13,2024-04-21,165.54
2024-04-08,14,2024-04-22,163.15
2024-04-08,15,2024-04-23,160.13
2024-04-08,16,2024-04-24,157.42
2024-04-08,17,2024-04-25,153.06
2024-04-08,18,2024-04-26,148.24
2024-04-08,19,2024-04-27,142.1
2024-04-08,20,2024-04-28,139.45
2024-04-08,21,2024-04-29,135.31
2024-04-08,22,2024-04-30,135.3
2024-04-08,23,2024-05-01,134.34
2024-04-08,24,2024-05-02,135.74
2024-04-08,25,2024-05-03,135.84
2024-04-08,26,2024-05-04,139.86
2024-04-08,27,2024-05-05,142.01
2024-04-08,28,2024-05-06,141.66
2024-04-08,29,2024-05-07,143.26
2024-04-08,30,2024-05-08,144.82
2024-04-09,1,2024-04-10,130.23
2024-04-09,2,2024-04-11,133.23
2024-04-09,3,2024-04-12,140.52
2024-04-09,4,2024-04-13,143.55
2024-04-09,5,2024-04-14,151.19
2024-04-09,6,2024-04-15,156.98
2024-04-09,7,2024-04-16,166.89
2024-04-09,8,2024-04-17,166.11
2024-04-09,9,2024-04-18,163.67
2024-04-09,10,2024-04-19,165.13
2024-04-09,11,2024-04-20,166.51
2024-04-09,12,2024-04-21,164.2
2024-04-09,13,2024-04-22,163.53
2024-04-09,14,2024-04-23,162.0
2024-04-09,15,2024-04-24,157.97
2024-04-09,16,2024-04-25,153.42
2024-04-09,17,2024-04-26,149.01
2024-04-09,18,2024-04-27,140.88
2024-04-09,19,2024-04-28,137.84
2024-04-09,20,2024-04-29,135.94
2024-04-09,21,2024-04-30,134.41
2024-04-09,22,2024-05-01,134.6
2024-04-09,23,2024-05-02,134.85
2024-04-09,24,2024-05-03,135.46
2024-04-09,25,2024-05-04,136.4
2024-04-09,26,2024-05-05,139.06
2024-04-09,27,2024-05-06,141.19
2024-04-09,28,2024-05-07,142.37
2024-04-09,29,2024-05-08,144.83
2024-04-09,30,2024-05-09,144.89
2024-04-10,1,2024-04-11,130.04
2024-04-10,2,2024-04-12,131.73
2024-04-10,3,2024-04-13,140.59
2024-04-10,4,2024-04-14,145.68
2024-04-10,5,2024-04-15,151.76
2024-04-10,6,2024-04-16,161.1
2024-04-10,7,2024-04-17,164.3
2024-04-10,8,2024-04-18,162.86
2024-04-10,9,2024-04-19,163.0
2024-04-10,10,2024-04-20,167.51
2024-04-10,11,2024-04-21,165.23
2024-04-10,12,2024-04-22,163.95
2024-04-10,13,2024-04-23,160.5
2024-04-10,14,2024-04-24,158.62
2024-04-10,15,2024-04-25,153.5
2024-04-10,16,2024-04-26,148.94
2024-04-10,17,2024-04-27,142.47
2024-04-10,18,2024-04-28,137.55
2024-04-10,19,2024-04-29,135.01
2024-04-10,20,2024-04-30,134.67
2024-04-10,21,2024-05-01,134.29
2024-04-10,22,2024-05-02,135.33
2024-04-10,23,2024-05-03,134.63
2024-04-10,24,2024-05-04,135.1
2024-04-10,25,2024-05-05,136.45
2024-04-10,26,2024-05-06,138.42
2024-04-10,27,2024-05-07,140.5
2024-04-10,28,2024-05-08,141.8
2024-04-10,29,2024-05-09,144.97
2024-04-10,30,2024-05-10,143.06
2024-04-11,1,2024-04-12,137.81
2024-04-11,2,2024-04-13,141.22
2024-04-11,3,2024-04-14,149.81
2024-04-11,4,2024-04-15,154.77
2024-04-11,5,2024-04-16,165.63
2024-04-11,6,2024-04-17,167.93
2024-04-11,7,2024-04-18,163.96
2024-04-11,8,2024-04-19,165.01
2024-04-11,9,2024-04-20,166.5
2024-04-11,10,2024-04-21,164.5
2024-04-11,11,2024-04-22,163.04
2024-04-11,12,2024-04-23,160.4
2024-04-11,13,2024-04-24,157.24
2024-04-11,14,2024-04-25,155.04
2024-04-11,15,2024-04-26,149.43
2024-04-11,16,2024-04-27,141.86
2024-04-11,17,2024-04-28,139.2
2024-04-11,18,2024-04-29,136.41
2024-04-11,19,2024-04-30,133.99
2024-04-11,20,2024-05-01,132.95
2024-04-11,21,2024-05-02,135.03
2024-04-11,22,2024-05-03,136.24
2024-04-11,23,2024-05-04,136.31
2024-04-11,24,2024-05-05,136.54
2024-04-11,25,2024-05-06,137.85
2024-04-11,26,2024-05-07,140.02
2024-04-11,27,2024-05-08,142.49
2024-04-11,28,2024-05-09,144.52
2024-04-11,29,2024-05-10,145.53
2024-04-11,30,2024-05-11,147.12
2024-04-12,1,2024-04-13,145.84
2024-04-12,2,2024-04-14,151.74
2024-04-12,3,2024-04-15,161.14
2024-04-12,4,2024-04-16,168.74
2024-04-12,5,2024-04-17,179.95
2024-04-12,6,2024-04-18,169.16
2024-04-12,7,2024-04-19,166.63
2024-04-12,8,2024-04-20,168.65
2024-04-12,9,2024-04-21,163.63
2024-04-12,10,2024-04-22,163.16
2024-04-12,11,2024-04-23,159.92
2024-04-12,12,2024-04-24,157.11
2024-04-12,13,2024-04-25,153.67
2024-04-12,14,2024-04-26,151.74
2024-04-12,15,2024-04-27,145.11
2024-04-12,16,2024-04-28,139.1
2024-04-12,17,2024-04-29,138.1
2024-04-12,18,2024-04-30,135.1
2024-04-12,19,2024-05-01,132.66
2024-04-12,20,2024-05-02,135.83
2024-04-12,21,2024-05-03,135.7
2024-04-12,22,2024-05-04,138.6
2024-04-12,23,2024-05-05,137.67
2024-04-12,24,2024-05-06,138.87
2024-04-12,25,2024-05-07,139.78
2024-04-12,26,2024-05-08,142.31
2024-04-12,27,2024-05-09,145.75
2024-04-12,28,2024-05-10,145.97
2024-04-12,29,2024-05-11,147.18
2024-04-12,30,2024-05-12,148.23
2024-04-13,1,2024-04-14,157.53
2024-04-13,2,2024-04-15,163.52
2024-04-13,3,2024-04-16,177.41
2024-04-13,4,2024-04-17,179.6
2024-04-13,5,2024-04-18,174.1
2024-04-13,6,2024-04-19,171.24
2024-04-13,7,2024-04-20,168.19
2024-04-13,8,2024-04-21,163.49
2024-04-13,9,2024-04-22,161.36
2024-04-13,10,2024-04-23,159.4
2024-04-13,11,2024-04-24,155.95
2024-04-13,12,2024-04-25,153.9
2024-04-13,13,2024-04-26,148.7
2024-04-13,14,2024-04-27,144.78
2024-04-13,15,2024-04-28,139.14
2024-04-13,16,2024-04-29,135.77
2024-04-13,17,2024-04-30,136.63
2024-04-13,18,2024-05-01,133.72
2024-04-13,19,2024-05-02,134.46
2024-04-13,20,2024-05-03,136.61
2024-04-13,21,2024-05-04,136.32
2024-04-13,22,2024-05-05,139.38
2024-04-13,23,2024-05-06,140.32
2024-04-13,24,2024-05-07,141.31
2024-04-13,25,2024-05-08,144.53
2024-04-13,26,2024-05-09,147.23
2024-04-13,27,2024-05-10,148.06
2024-04-13,28,2024-05-11,148.9
2024-04-13,29,2024-05-12,148.49
2024-04-13,30,2024-05-13,149.99
2024-04-14,1,2024-04-15,167.06
2024-04-14,2,2024-04-16,178.21
2024-04-14,3,2024-04-17,181.11
2024-04-14,4,2024-04-18,176.86
2024-04-14,5,2024-04-19,170.72
2024-04-14,6,2024-04-20,171.15
2024-04-14,7,2024-04-21,166.52
2024-04-14,8,2024-04-22,158.58
2024-04-14,9,2024-04-23,158.71
2024-04-14,10,2024-04-24,155.66
2024-04-14,11,2024-04-25,153.12
2024-04-14,12,2024-04-26,148.89
2024-04-14,13,2024-04-27,143.47
2024-04-14,14,2024-04-28,140.35
2024-04-14,15,2024-04-29,137.57
2024-04-14,16,2024-04-30,134.54
2024-04-14,17,2024-05-01,134.41
2024-04-14,18,2024-05-02,135.11
2024-04-14,19,2024-05-03,135.6
2024-04-14,20,2024-05-04,138.87
2024-04-14,21,2024-05-05,138.89
2024-04-14,22,2024-05-06,142.07
2024-04-14,23,2024-05-07,143.4
2024-04-14,24,2024-05-08,147.08
2024-04-14,25,2024-05-09,151.55
2024-04-14,26,2024-05-10,151.45
2024-04-14,27,2024-05-11,153.95
2024-04-14,28,2024-05-12,152.1
2024-04-14,29,2024-05-13,153.79
2024-04-14,30,2024-05-14,153.81
2024-04-15,1,2024-04-16,184.79
2024-04-15,2,2024-04-17,188.13
2024-04-15,3,2024-04-18,189.2
2024-04-15,4,2024-04-19,185.84
2024-04-15,5,2024-04-20,182.48
2024-04-15,6,2024-04-21,174.03
2024-04-15,7,2024-04-22,169.57
2024-04-15,8,2024-04-23,164.3
2024-04-15,9,2024-04-24,164.96
2024-04-15,10,2024-04-25,157.21
2024-04-15,11,2024-04-26,149.64
2024-04-15,12,2024-04-27,143.71
2024-04-15,13,2024-04-28,140.78
2024-04-15,14,2024-04-29,138.89
2024-04-15,15,2024-04-30,135.94
2024-04-15,16,2024-05-01,134.5
2024-04-15,17,2024-05-02,137.28
2024-04-15,18,2024-05-03,136.82
2024-04-15,19,2024-05-04,138.48
2024-04-15,20,2024-05-05,140.47
2024-04-15,21,2024-05-06,142.32
2024-04-15,22,2024-05-07,145.1
2024-04-15,23,2024-05-08,148.97
2024-04-15,24,2024-05-09,154.26
2024-04-15,25,2024-05-10,152.96
2024-04-15,26,2024-05-11,155.5
2024-04-15,27,2024-05-12,156.88
2024-04-15,28,2024-05-13,156.96
2024-04-15,29,2024-05-14,159.61
2024-04-15,30,2024-05-15,158.79
2024-04-16,1,2024-04-17,196.53
2024-04-16,2,2024-04-18,191.67
2024-04-16,3,2024-04-19,192.42
2024-04-16,4,2024-04-20,191.05
2024-04-16,5,2024-04-21,185.19
2024-04-16,6,2024-04-22,174.26
2024-04-16,7,2024-04-23,169.74
2024-04-16,8,2024-04-24,164.01
2024-04-16,9,2024-04-25,159.84
2024-04-16,10,2024-04-26,151.86
2024-04-16,11,2024-04-27,144.44
2024-04-16,12,2024-04-28,140.04
2024-04-16,13,2024-04-29,139.22
2024-04-16,14,2024-04-30,139.38
2024-04-16,15,2024-05-01,135.66
2024-04-16,16,2024-05-02,136.18
2024-04-16,17,2024-05-03,138.52
2024-04-16,18,2024-05-04,139.26
2024-04-16,19,2024-05-05,140.3
2024-04-16,20,2024-05-06,142.11
2024-04-16,21,2024-05-07,144.5
2024-04-16,22,2024-05-08,150.21
2024-04-16,23,2024-05-09,154.06
2024-04-16,24,2024-05-10,155.54
2024-04-16,25,2024-05-11,154.68
2024-04-16,26,2024-05-12,158.12
2024-04-16,27,2024-05-13,157.96
2024-04-16,28,2024-05-14,158.06
2024-04-16,29,2024-05-15,159.84
2024-04-16,30,2024-05-16,157.56
2024-04-17,1,2024-04-18,195.37
2024-04-17,2,2024-04-19,195.69
2024-04-17,3,2024-04-20,191.19
2024-04-17,4,2024-04-21,183.69
2024-04-17,5,2024-04-22,174.04
2024-04-17,6,2024-04-23,168.07
2024-04-17,7,2024-04-24,162.96
2024-04-17,8,2024-04-25,157.3
2024-04-17,9,2024-04-26,155.34
2024-04-17,10,2024-04-27,145.5
2024-04-17,11,2024-04-28,139.71
2024-04-17,12,2024-04-29,137.31
2024-04-17,13,2024-04-30,137.25
2024-04-17,14,2024-05-01,135.63
2024-04-17,15,2024-05-02,137.25
2024-04-17,16,2024-05-03,138.1
2024-04-17,17,2024-05-04,142.06
2024-04-17,18,2024-05-05,141.38
2024-04-17,19,2024-05-06,142.48
2024-04-17,20,2024-05-07,144.94
2024-04-17,21,2024-05-08,149.61
2024-04-17,22,2024-05-09,155.04
2024-04-17,23,2024-05-10,155.44
2024-04-17,24,2024-05-11,157.65
2024-04-17,25,2024-05-12,157.13
2024-04-17,26,2024-05-13,159.59
2024-04-17,27,2024-05-14,158.22
2024-04-17,28,2024-05-15,158.45
2024-04-17,29,2024-05-16,158.14
2024-04-17,30,2024-05-17,156.59
2024-04-18,1,2024-04-19,208.57
2024-04-18,2,2024-04-20,212.27
2024-04-18,3,2024-04-21,207.36
2024-04-18,4,2024-04-22,192.35
2024-04-18,5,2024-04-23,193.73
2024-04-18,6,2024-04-24,175.58
2024-04-18,7,2024-04-25,164.6
2024-04-18,8,2024-04-26,158.4
2024-04-18,9,2024-04-27,149.87
2024-04-18,10,2024-04-28,140.34
2024-04-18,11,2024-04-29,136.33
2024-04-18,12,2024-04-30,137.95
2024-04-18,13,2024-05-01,135.5
2024-04-18,14,2024-05-02,139.02
2024-04-18,15,2024-05-03,139.52
2024-04-18,16,2024-05-04,141.57
2024-04-18,17,2024-05-05,143.98
2024-04-18,18,2024-05-06,143.86
2024-04-18,19,2024-05-07,144.78
2024-04-18,20,2024-05-08,148.62
2024-04-18,21,2024-05-09,154.96
2024-04-18,22,2024-05-10,154.9
2024-04-18,23,2024-05-11,158.28
2024-04-18,24,2024-05-12,160.41
2024-04-18,25,2024-05-13,161.06
2024-04-18,26,2024-05-14,162.65
2024-04-18,27,2024-05-15,160.79
2024-04-18,28,2024-05-16,159.7
2024-04-18,29,2024-05-17,157.51
2024-04-18,30,2024-05-18,156.86
2024-04-19,1,2024-04-20,221.92
2024-04-19,2,2024-04-21,217.94
2024-04-19,3,2024-04-22,206.34
2024-04-19,4,2024-04-23,191.99
2024-04-19,5,2024-04-24,191.27
2024-04-19,6,2024-04-25,169.35
2024-04-19,7,2024-04-26,159.43
2024-04-19,8,2024-04-27,151.24
2024-04-19,9,2024-04-28,144.04
2024-04-19,10,2024-04-29,137.69
2024-04-19,11,2024-04-30,135.73
2024-04-19,12,2024-05-01,136.02
2024-04-19,13,2024-05-02,139.27
2024-04-19,14,2024-05-03,138.99
2024-04-19,15,2024-05-04,141.81
2024-04-19,16,2024-05-05,143.09
2024-04-19,17,2024-05-06,145.21
2024-04-19,18,2024-05-07,145.55
2024-04-19,19,2024-05-08,146.62
2024-04-19,20,2024-05-09,153.32
2024-04-19,21,2024-05-10,154.86
2024-04-19,22,2024-05-11,158.01
2024-04-19,23,2024-05-12,161.14
2024-04-19,24,2024-05-13,162.59
2024-04-19,25,2024-05-14,163.27
2024-04-19,26,2024-05-15,166.59
2024-04-19,27,2024-05-16,163.87
2024-04-19,28,2024-05-17,162.09
2024-04-19,29,2024-05-18,160.48
2024-04-19,30,2024-05-19,158.56
2024-04-20,1,2024-04-21,219.12
2024-04-20,2,2024-04-22,204.2
2024-04-20,3,2024-04-23,196.47
2024-04-20,4,2024-04-24,178.94
2024-04-20,5,2024-04-25,177.79
2024-04-20,6,2024-04-26,160.07
2024-04-20,7,2024-04-27,153.33
2024-04-20,8,2024-04-28,143.02
2024-04-20,9,2024-04-29,140.86
2024-04-20,10,2024-04-30,137.56
2024-04-20,11,2024-05-01,135.48
2024-04-20,12,2024-05-02,138.32
2024-04-20,13,2024-05-03,139.73
2024-04-20,14,2024-05-04,142.94
2024-04-20,15,2024-05-05,143.82
2024-04-20,16,2024-05-06,143.52
2024-04-20,17,2024-05-07,145.9
2024-04-20,18,2024-05-08,147.54
2024-04-20,19,2024-05-09,151.07
2024-04-20,20,2024-05-10,154.26
2024-04-20,21,2024-05-11,156.97
2024-04-20,22,2024-05-12,159.19
2024-04-20,23,2024-05-13,161.66
2024-04-20,24,2024-05-14,163.54
2024-04-20,25,2024-05-15,163.72
2024-04-20,26,2024-05-16,166.47
2024-04-20,27,2024-05-17,161.89
2024-04-20,28,2024-05-18,161.34
2024-04-20,29,2024-05-19,158.36
2024-04-20,30,2024-05-20,155.69
2024-04-21,1,2024-04-22,207.52
2024-04-21,2,2024-04-23,199.76
2024-04-21,3,2024-04-24,188.67
2024-04-21,4,2024-04-25,173.47
2024-04-21,5,2024-04-26,169.0
2024-04-21,6,2024-04-27,153.65
2024-04-21,7,2024-04-28,145.58
2024-04-21,8,2024-04-29,143.85
2024-04-21,9,2024-04-30,139.69
2024-04-21,10,2024-05-01,137.48
2024-04-21,11,2024-05-02,139.88
2024-04-21,12,2024-05-03,139.47
2024-04-21,13,2024-05-04,143.76
2024-04-21,14,2024-05-05,146.47
2024-04-21,15,2024-05-06,144.82
2024-04-21,16,2024-05-07,145.42
2024-04-21,17,2024-05-08,148.03
2024-04-21,18,2024-05-09,152.26
2024-04-21,19,2024-05-10,152.12
2024-04-21,20,2024-05-11,155.95
2024-04-21,21,2024-05-12,159.59
2024-04-21,22,2024-05-13,161.3
2024-04-21,23,2024-05-14,163.28
2024-04-21,24,2024-05-15,165.89
2024-04-21,25,2024-05-16,167.03
2024-04-21,26,2024-05-17,166.61
2024-04-21,27,2024-05-18,161.95
2024-04-21,28,2024-05-19,160.45
2024-04-21,29,2024-05-20,158.74
2024-04-21,30,2024-05-21,155.81
2024-04-22,1,2024-04-23,218.37
2024-04-22,2,2024-04-24,208.33
2024-04-22,3,2024-04-25,203.03
2024-04-22,4,2024-04-26,187.57
2024-04-22,5,2024-04-27,180.93
2024-04-22,6,2024-04-28,159.1
2024-04-22,7,2024-04-29,143.52
2024-04-22,8,2024-04-30,144.26
2024-04-22,9,2024-05-01,138.88
2024-04-22,10,2024-05-02,142.66
2024-04-22,11,2024-05-03,140.27
2024-04-22,12,2024-05-04,142.64
2024-04-22,13,2024-05-05,146.75
2024-04-22,14,2024-05-06,145.86
2024-04-22,15,2024-05-07,145.61
2024-04-22,16,2024-05-08,146.79
2024-04-22,17,2024-05-09,153.15
2024-04-22,18,2024-05-10,154.57
2024-04-22,19,2024-05-11,155.86
2024-04-22,20,2024-05-12,160.04
2024-04-22,21,2024-05-13,162.25
2024-04-22,22,2024-05-14,164.78
2024-04-22,23,2024-05-15,168.2
2024-04-22,24,2024-05-16,170.24
2024-04-22,25,2024-05-17,167.32
2024-04-22,26,2024-05-18,168.45
2024-04-22,27,2024-05-19,166.53
2024-04-22,28,2024-05-20,163.46
2024-04-22,29,2024-05-21,161.33
2024-04-22,30,2024-05-22,158.53
2024-04-23,1,2024-04-24,225.8
2024-04-23,2,2024-04-25,218.84
2024-04-23,3,2024-04-26,212.67
2024-04-23,4,2024-04-27,191.03
2024-04-23,5,2024-04-28,178.69
2024-04-23,6,2024-04-29,157.27
2024-04-23,7,2024-04-30,149.61
2024-04-23,8,2024-05-01,151.45
2024-04-23,9,2024-05-02,150.56
2024-04-23,10,2024-05-03,145.12
2024-04-23,11,2024-05-04,145.74
2024-04-23,12,2024-05-05,146.64
2024-04-23,13,2024-05-06,147.95
2024-04-23,14,2024-05-07,146.87
2024-04-23,15,2024-05-08,146.43
2024-04-23,16,2024-05-09,153.06
2024-04-23,17,2024-05-10,155.91
2024-04-23,18,2024-05-11,157.66
2024-04-23,19,2024-05-12,159.32
2024-04-23,20,2024-05-13,162.33
2024-04-23,21,2024-05-14,165.72
2024-04-23,22,2024-05-15,169.37
2024-04-23,23,2024-05-16,172.0
2024-04-23,24,2024-05-17,172.79
2024-04-23,25,2024-05-18,171.97
2024-04-23,26,2024-05-19,173.41
2024-04-23,27,2024-05-20,170.01
2024-04-23,28,2024-05-21,166.04
2024-04-23,29,2024-05-22,163.52
2024-04-23,30,2024-05-23,159.97
2024-04-24,1,2024-04-25,219.83
2024-04-24,2,2024-04-26,210.69
2024-04-24,3,2024-04-27,205.51
2024-04-24,4,2024-04-28,172.74
2024-04-24,5,2024-04-29,163.21
2024-04-24,6,2024-04-30,156.86
2024-04-24,7,2024-05-01,149.94
2024-04-24,8,2024-05-02,151.6
2024-04-24,9,2024-05-03,144.84
2024-04-24,10,2024-05-04,146.43
2024-04-24,11,2024-05-05,147.5
2024-04-24,12,2024-05-06,145.95
2024-04-24,13,2024-05-07,149.06
2024-04-24,14,2024-05-08,147.69
2024-04-24,15,2024-05-09,152.85
2024-04-24,16,2024-05-10,153.66
2024-04-24,17,2024-05-11,157.54
2024-04-24,18,2024-05-12,159.77
2024-04-24,19,2024-05-13,160.69
2024-04-24,20,2024-05-14,164.72
2024-04-24,21,2024-05-15,168.62
2024-04-24,22,2024-05-16,171.95
2024-04-24,23,2024-05-17,172.57
2024-04-24,24,2024-05-18,172.9
2024-04-24,25,2024-05-19,174.04
2024-04-24,26,2024-05-20,175.1
2024-04-24,27,2024-05-21,171.85
2024-04-24,28,2024-05-22,167.16
2024-04-24,29,2024-05-23,164.37
2024-04-24,30,2024-05-24,159.61
2024-04-25,1,2024-04-26,196.92
2024-04-25,2,2024-04-27,184.74
2024-04-25,3,2024-04-28,169.54
2024-04-25,4,2024-04-29,152.35
2024-04-25,5,2024-04-30,143.67
2024-04-25,6,2024-05-01,135.47
2024-04-25,7,2024-05-02,142.1
2024-04-25,8,2024-05-03,136.63
2024-04-25,9,2024-05-04,144.3
2024-04-25,10,2024-05-05,148.51
2024-04-25,11,2024-05-06,147.36
2024-04-25,12,2024-05-07,147.96
2024-04-25,13,2024-05-08,147.61
2024-04-25,14,2024-05-09,154.07
2024-04-25,15,2024-05-10,154.09
2024-04-25,16,2024-05-11,155.53
2024-04-25,17,2024-05-12,158.85
2024-04-25,18,2024-05-13,160.67
2024-04-25,19,2024-05-14,164.11
2024-04-25,20,2024-05-15,167.94
2024-04-25,21,2024-05-16,170.15
2024-04-25,22,2024-05-17,171.2
2024-04-25,23,2024-05-18,171.84
2024-04-25,24,2024-05-19,171.73
2024-04-25,25,2024-05-20,169.43
2024-04-25,26,2024-05-21,168.71
2024-04-25,27,2024-05-22,162.92
2024-04-25,28,2024-05-23,159.98
2024-04-25,29,2024-05-24,159.38
2024-04-25,30,2024-05-25,156.02
2024-04-26,1,2024-04-27,164.72
2024-04-26,2,2024-04-28,146.1
2024-04-26,3,2024-04-29,137.7
2024-04-26,4,2024-04-30,131.79
2024-04-26,5,2024-05-01,130.3
2024-04-26,6,2024-05-02,132.91
2024-04-26,7,2024-05-03,127.85
2024-04-26,8,2024-05-04,135.58
2024-04-26,9,2024-05-05,145.11
2024-04-26,10,2024-05-06,146.66
2024-04-26,11,2024-05-07,146.33
2024-04-26,12,2024-05-08,148.91
2024-04-26,13,2024-05-09,152.56
2024-04-26,14,2024-05-10,154.71
2024-04-26,15,2024-05-11,155.17
2024-04-26,16,2024-05-12,156.5
2024-04-26,17,2024-05-13,158.87
2024-04-26,18,2024-05-14,162.12
2024-04-26,19,2024-05-15,164.9
2024-04-26,20,2024-05-16,167.65
2024-04-26,21,2024-05-17,167.05
2024-04-26,22,2024-05-18,166.32
2024-04-26,23,2024-05-19,166.07
2024-04-26,24,2024-05-20,165.4
2024-04-26,25,2024-05-21,162.75
2024-04-26,26,2024-05-22,162.1
2024-04-26,27,2024-05-23,156.17
2024-04-26,28,2024-05-24,152.53
2024-04-26,29,2024-05-25,151.8
2024-04-26,30,2024-05-26,150.04
2024-04-27,1,2024-04-28,144.59
2024-04-27,2,2024-04-29,141.31
2024-04-27,3,2024-04-30,137.61
2024-04-27,4,2024-05-01,130.27
2024-04-27,5,2024-05-02,138.43
2024-04-27,6,2024-05-03,129.42
2024-04-27,7,2024-05-04,131.84
2024-04-27,8,2024-05-05,142.34
2024-04-27,9,2024-05-06,145.56
2024-04-27,10,2024-05-07,147.93
2024-04-27,11,2024-05-08,149.57
2024-04-27,12,2024-05-09,153.61
2024-04-27,13,2024-05-10,152.34
2024-04-27,14,2024-05-11,158.06
2024-04-27,15,2024-05-12,156.69
2024-04-27,16,2024-05-13,157.76
2024-04-27,17,2024-05-14,164.26
2024-04-27,18,2024-05-15,166.02
2024-04-27,19,2024-05-16,165.83
2024-04-27,20,2024-05-17,165.71
2024-04-27,21,2024-05-18,164.04
2024-04-27,22,2024-05-19,164.85
2024-04-27,23,2024-05-20,163.28
2024-04-27,24,2024-05-21,163.02
2024-04-27,25,2024-05-22,159.35
2024-04-27,26,2024-05-23,154.17
2024-04-27,27,2024-05-24,151.38
2024-04-27,28,2024-05-25,147.4
2024-04-27,29,2024-05-26,147.82
2024-04-27,30,2024-05-27,146.19
2024-04-28,1,2024-04-29,143.68
2024-04-28,2,2024-04-30,139.51
2024-04-28,3,2024-05-01,136.22
2024-04-28,4,2024-05-02,136.13
2024-04-28,5,2024-05-03,129.79
2024-04-28,6,2024-05-04,133.01
2024-04-28,7,2024-05-05,140.38
2024-04-28,8,2024-05-06,142.71
2024-04-28,9,2024-05-07,146.53
2024-04-28,10,2024-05-08,147.22
2024-04-28,11,2024-05-09,154.35
2024-04-28,12,2024-05-10,155.57
2024-04-28,13,2024-05-11,155.66
2024-04-28,14,2024-05-12,158.68
2024-04-28,15,2024-05-13,159.63
2024-04-28,16,2024-05-14,161.9
2024-04-28,17,2024-05-15,167.68
2024-04-28,18,2024-05-16,166.7
2024-04-28,19,2024-05-17,166.95
2024-04-28,20,2024-05-18,165.27
2024-04-28,21,2024-05-19,165.98
2024-04-28,22,2024-05-20,164.94
2024-04-28,23,2024-05-21,163.03
2024-04-28,24,2024-05-22,161.31
2024-04-28,25,2024-05-23,155.02
2024-04-28,26,2024-05-24,150.93
2024-04-28,27,2024-05-25,149.97
2024-04-28,28,2024-05-26,146.77
2024-04-28,29,2024-05-27,147.79
2024-04-28,30,2024-05-28,146.23
2024-04-29,1,2024-04-30,136.44
2024-04-29,2,2024-05-01,130.78
2024-04-29,3,2024-05-02,133.09
2024-04-29,4,2024-05-03,131.19
2024-04-29,5,2024-05-04,130.64
2024-04-29,6,2024-05-05,142.87
2024-04-29,7,2024-05-06,140.84
2024-04-29,8,2024-05-07,145.72
2024-04-29,9,2024-05-08,147.19
2024-04-29,10,2024-05-09,152.94
2024-04-29,11,2024-05-10,153.71
2024-04-29,12,2024-05-11,155.22
2024-04-29,13,2024-05-12,156.32
2024-04-29,14,2024-05-13,159.44
2024-04-29,15,2024-05-14,162.63
2024-04-29,16,2024-05-15,166.1
2024-04-29,17,2024-05-16,168.37
2024-04-29,18,2024-05-17,167.27
2024-04-29,19,2024-05-18,165.79
2024-04-29,20,2024-05-19,166.12
2024-04-29,21,2024-05-20,162.51
2024-04-29,22,2024-05-21,161.71
2024-04-29,23,2024-05-22,157.69
2024-04-29,24,2024-05-23,153.58
2024-04-29,25,2024-05-24,147.79
2024-04-29,26,2024-05-25,147.33
2024-04-29,27,2024-05-26,146.56
2024-04-29,28,2024-05-27,145.5
2024-04-29,29,2024-05-28,144.98
2024-04-29,30,2024-05-29,144.84
2024-04-30,1,2024-05-01,130.73
2024-04-30,2,2024-05-02,130.02
2024-04-30,3,2024-05-03,125.51
2024-04-30,4,2024-05-04,128.27
2024-04-30,5,2024-05-05,139.02
2024-04-30,6,2024-05-06,141.07
2024-04-30,7,2024-05-07,142.83
2024-04-30,8,2024-05-08,148.2
2024-04-30,9,2024-05-09,153.21
2024-04-30,10,2024-05-10,152.89
2024-04-30,11,2024-05-11,155.65
2024-04-30,12,2024-05-12,156.78
2024-04-30,13,2024-05-13,158.41
2024-04-30,14,2024-05-14,164.49
2024-04-30,15,2024-05-15,164.61
2024-04-30,16,2024-05-16,166.56
2024-04-30,17,2024-05-17,168.27
2024-04-30,18,2024-05-18,166.45
2024-04-30,19,2024-05-19,166.24
2024-04-30,20,2024-05-20,164.74
2024-04-30,21,2024-05-21,160.23
2024-04-30,22,2024-05-22,157.57
2024-04-30,23,2024-05-23,152.42
2024-04-30,24,2024-05-24,148.93
2024-04-30,25,2024-05-25,146.27
2024-04-30,26,2024-05-26,145.67
2024-04-30,27,2024-05-27,145.93
2024-04-30,28,2024-05-28,144.91
2024-04-30,29,2024-05-29,143.62
2024-04-30,30,2024-05-30,144.99
2024-05-01,1,2024-05-02,133.67
2024-05-01,2,2024-05-03,132.54
2024-05-01,3,2024-05-04,134.95
2024-05-01,4,2024-05-05,140.1
2024-05-01,5,2024-05-06,142.15
2024-05-01,6,2024-05-07,142.91
2024-05-01,7,2024-05-08,144.88
2024-05-01,8,2024-05-09,151.5
2024-05-01,9,2024-05-10,150.94
2024-05-01,10,2024-05-11,155.25
2024-05-01,11,2024-05-12,157.01
2024-05-01,12,2024-05-13,158.86
2024-05-01,13,2024-05-14,162.1
2024-05-01,14,2024-05-15,167.32
2024-05-01,15,2024-05-16,167.43
2024-05-01,16,2024-05-17,168.31
2024-05-01,17,2024-05-18,168.24
2024-05-01,18,2024-05-19,166.1
2024-05-01,19,2024-05-20,166.08
2024-05-01,20,2024-05-21,162.29
2024-05-01,21,2024-05-22,157.54
2024-05-01,22,2024-05-23,150.49
2024-05-01,23,2024-05-24,147.79
2024-05-01,24,2024-05-25,145.89
2024-05-01,25,2024-05-26,143.34
2024-05-01,26,2024-05-27,143.34
2024-05-01,27,2024-05-28,144.28
2024-05-01,28,2024-05-29,143.31
2024-05-01,29,2024-05-30,143.18
2024-05-01,30,2024-05-31,144.43
2024-05-02,1,2024-05-03,138.3
2024-05-02,2,2024-05-04,142.19
2024-05-02,3,2024-05-05,147.48
2024-05-02,4,2024-05-06,146.76
2024-05-02,5,2024-05-07,148.8
2024-05-02,6,2024-05-08,148.34
2024-05-02,7,2024-05-09,153.75
2024-05-02,8,2024-05-10,150.97
2024-05-02,9,2024-05-11,155.25
2024-05-02,10,2024-05-12,156.07
2024-05-02,11,2024-05-13,159.45
2024-05-02,12,2024-05-14,161.39
2024-05-02,13,2024-05-15,165.32
2024-05-02,14,2024-05-16,166.58
2024-05-02,15,2024-05-17,165.86
2024-05-02,16,2024-05-18,167.06
2024-05-02,17,2024-05-19,166.94
2024-05-02,18,2024-05-20,165.36
2024-05-02,19,2024-05-21,163.08
2024-05-02,20,2024-05-22,159.4
2024-05-02,21,2024-05-23,151.27
2024-05-02,22,2024-05-24,148.74
2024-05-02,23,2024-05-25,147.3
2024-05-02,24,2024-05-26,145.86
2024-05-02,25,2024-05-27,143.97
2024-05-02,26,2024-05-28,144.11
2024-05-02,27,2024-05-29,145.89
2024-05-02,28,2024-05-30,144.9
2024-05-02,29,2024-05-31,142.34
2024-05-02,30,2024-06-01,143.4
2024-05-03,1,2024-05-04,146.59
2024-05-03,2,2024-05-05,153.75
2024-05-03,3,2024-05-06,154.91
2024-05-03,4,2024-05-07,154.42
2024-05-03,5,2024-05-08,155.76
2024-05-03,6,2024-05-09,157.0
2024-05-03,7,2024-05-10,158.2
2024-05-03,8,2024-05-11,156.71
2024-05-03,9,2024-05-12,158.05
2024-05-03,10,2024-05-13,159.54
2024-05-03,11,2024-05-14,163.85
2024-05-03,12,2024-05-15,166.94
2024-05-03,13,2024-05-16,168.27
2024-05-03,14,2024-05-17,167.48
2024-05-03,15,2024-05-18,167.72
2024-05-03,16,2024-05-19,164.67
2024-05-03,17,2024-05-20,165.06
2024-05-03,18,2024-05-21,162.99
2024-05-03,19,2024-05-22,157.73
2024-05-03,20,2024-05-23,152.92
2024-05-03,21,2024-05-24,150.43
2024-05-03,22,2024-05-25,148.72
2024-05-03,23,2024-05-26,147.36
2024-05-03,24,2024-05-27,145.77
2024-05-03,25,2024-05-28,144.37
2024-05-03,26,2024-05-29,145.62
2024-05-03,27,2024-05-30,146.58
2024-05-03,28,2024-05-31,144.89
2024-05-03,29,2024-06-01,144.28
2024-05-03,30,2024-06-02,145.88
2024-05-04,1,2024-05-05,161.88
2024-05-04,2,2024-05-06,167.31
2024-05-04,3,2024-05-07,164.89
2024-05-04,4,2024-05-08,164.54
2024-05-04,5,2024-05-09,164.29
2024-05-04,6,2024-05-10,162.05
2024-05-04,7,2024-05-11,163.44
2024-05-04,8,2024-05-12,156.42
2024-05-04,9,2024-05-13,159.78
2024-05-04,10,2024-05-14,164.56
2024-05-04,11,2024-05-15,166.06
2024-05-04,12,2024-05-16,168.94
2024-05-04,13,2024-05-17,169.67
2024-05-04,14,2024-05-18,169.29
2024-05-04,15,2024-05-19,168.3
2024-05-04,16,2024-05-20,165.45
2024-05-04,17,2024-05-21,164.61
2024-05-04,18,2024-05-22,158.81
2024-05-04,19,2024-05-23,154.42
2024-05-04,20,2024-05-24,151.3
2024-05-04,21,2024-05-25,151.12
2024-05-04,22,2024-05-26,151.34
2024-05-04,23,2024-05-27,149.55
2024-05-04,24,2024-05-28,148.22
2024-05-04,25,2024-05-29,147.8
2024-05-04,26,2024-05-30,150.69
2024-05-04,27,2024-05-31,153.02
2024-05-04,28,2024-06-01,150.88
2024-05-04,29,2024-06-02,151.94
2024-05-04,30,2024-06-03,150.38
2024-05-05,1,2024-05-06,174.3
2024-05-05,2,2024-05-07,171.37
2024-05-05,3,2024-05-08,168.07
2024-05-05,4,2024-05-09,168.22
2024-05-05,5,2024-05-10,168.04
2024-05-05,6,2024-05-11,168.12
2024-05-05,7,2024-05-12,165.44
2024-05-05,8,2024-05-13,162.08
2024-05-05,9,2024-05-14,166.63
2024-05-05,10,2024-05-15,170.02
2024-05-05,11,2024-05-16,170.6
2024-05-05,12,2024-05-17,170.8
2024-05-05,13,2024-05-18,169.41
2024-05-05,14,2024-05-19,168.47
2024-05-05,15,2024-05-20,166.97
2024-05-05,16,2024-05-21,164.12
2024-05-05,17,2024-05-22,160.76
2024-05-05,18,2024-05-23,155.76
2024-05-05,19,2024-05-24,152.57
2024-05-05,20,2024-05-25,152.83
2024-05-05,21,2024-05-26,151.74
2024-05-05,22,2024-05-27,151.08
2024-05-05,23,2024-05-28,150.89
2024-05-05,24,2024-05-29,151.28
2024-05-05,25,2024-05-30,151.21
2024-05-05,26,2024-05-31,153.41
2024-05-05,27,2024-06-01,155.65
2024-05-05,28,2024-06-02,153.71
2024-05-05,29,2024-06-03,155.58
2024-05-05,30,2024-06-04,156.29
2024-05-06,1,2024-05-07,180.25
2024-05-06,2,2024-05-08,184.12
2024-05-06,3,2024-05-09,185.91
2024-05-06,4,2024-05-10,182.39
2024-05-06,5,2024-05-11,191.47
2024-05-06,6,2024-05-12,183.9
2024-05-06,7,2024-05-13,180.95
2024-05-06,8,2024-05-14,177.04
2024-05-06,9,2024-05-15,173.81
2024-05-06,10,2024-05-16,172.01
2024-05-06,11,2024-05-17,172.44
2024-05-06,12,2024-05-18,173.97
2024-05-06,13,2024-05-19,171.18
2024-05-06,14,2024-05-20,171.35
2024-05-06,15,2024-05-21,166.52
2024-05-06,16,2024-05-22,161.7
2024-05-06,17,2024-05-23,159.12
2024-05-06,18,2024-05-24,153.82
2024-05-06,19,2024-05-25,153.87
2024-05-06,20,2024-05-26,153.59
2024-05-06,21,2024-05-27,152.36
2024-05-06,22,2024-05-28,151.71
2024-05-06,23,2024-05-29,152.0
2024-05-06,24,2024-05-30,154.1
2024-05-06,25,2024-05-31,154.64
2024-05-06,26,2024-06-01,157.9
2024-05-06,27,2024-06-02,162.14
2024-05-06,28,2024-06-03,161.12
2024-05-06,29,2024-06-04,162.32
2024-05-06,30,2024-06-05,162.13
2024-05-07,1,2024-05-08,177.39
2024-05-07,2,2024-05-09,177.76
2024-05-07,3,2024-05-10,175.79
2024-05-07,4,2024-05-11,181.28
2024-05-07,5,2024-05-12,182.68
2024-05-07,6,2024-05-13,182.77
2024-05-07,7,2024-05-14,180.8
2024-05-07,8,2024-05-15,175.06
2024-05-07,9,2024-05-16,173.3
2024-05-07,10,2024-05-17,173.25
2024-05-07,11,2024-05-18,174.93
2024-05-07,12,2024-05-19,172.35
2024-05-07,13,2024-05-20,170.77
2024-05-07,14,2024-05-21,169.15
2024-05-07,15,2024-05-22,163.62
2024-05-07,16,2024-05-23,158.84
2024-05-07,17,2024-05-24,157.48
2024-05-07,18,2024-05-25,155.36
2024-05-07,19,2024-05-26,152.94
2024-05-07,20,2024-05-27,152.4
2024-05-07,21,2024-05-28,151.51
2024-05-07,22,2024-05-29,152.68
2024-05-07,23,2024-05-30,153.99
2024-05-07,24,2024-05-31,155.29
2024-05-07,25,2024-06-01,155.56
2024-05-07,26,2024-06-02,159.65
2024-05-07,27,2024-06-03,158.47
2024-05-07,28,2024-06-04,158.08
2024-05-07,29,2024-06-05,161.33
2024-05-07,30,2024-06-06,162.76
2024-05-08,1,2024-05-09,203.11
2024-05-08,2,2024-05-10,201.5
2024-05-08,3,2024-05-11,209.38
2024-05-08,4,2024-05-12,200.99
2024-05-08,5,2024-05-13,209.08
2024-05-08,6,2024-05-14,205.52
2024-05-08,7,2024-05-15,202.25
2024-05-08,8,2024-05-16,197.16
2024-05-08,9,2024-05-17,193.61
2024-05-08,10,2024-05-18,186.63
2024-05-08,11,2024-05-19,184.13
2024-05-08,12,2024-05-20,179.55
2024-05-08,13,2024-05-21,171.63
2024-05-08,14,2024-05-22,166.93
2024-05-08,15,2024-05-23,161.15
2024-05-08,16,2024-05-24,157.76
2024-05-08,17,2024-05-25,157.77
2024-05-08,18,2024-05-26,156.97
2024-05-08,19,2024-05-27,153.15
2024-05-08,20,2024-05-28,152.46
2024-05-08,21,2024-05-29,155.21
2024-05-08,22,2024-05-30,157.29
2024-05-08,23,2024-05-31,158.53
2024-05-08,24,2024-06-01,160.05
2024-05-08,25,2024-06-02,161.49
2024-05-08,26,2024-06-03,163.86
2024-05-08,27,2024-06-04,170.32
2024-05-08,28,2024-06-05,169.43
2024-05-08,29,2024-06-06,170.45
2024-05-08,30,2024-06-07,169.34
2024-05-09,1,2024-05-10,217.77
2024-05-09,2,2024-05-11,214.36
2024-05-09,3,2024-05-12,216.18
2024-05-09,4,2024-05-13,218.55
2024-05-09,5,2024-05-14,219.38
2024-05-09,6,2024-05-15,218.26
2024-05-09,7,2024-05-16,211.03
2024-05-09,8,2024-05-17,204.6
2024-05-09,9,2024-05-18,199.08
2024-05-09,10,2024-05-19,191.47
2024-05-09,11,2024-05-20,187.93
2024-05-09,12,2024-05-21,179.48
2024-05-09,13,2024-05-22,168.98
2024-05-09,14,2024-05-23,165.37
2024-05-09,15,2024-05-24,160.5
2024-05-09,16,2024-05-25,158.82
2024-05-09,17,2024-05-26,159.34
2024-05-09,18,2024-05-27,155.47
2024-05-09,19,2024-05-28,153.53
2024-05-09,20,2024-05-29,157.34
2024-05-09,21,2024-05-30,158.78
2024-05-09,22,2024-05-31,161.53
2024-05-09,23,2024-06-01,162.37
2024-05-09,24,2024-06-02,164.38
2024-05-09,25,2024-06-03,165.76
2024-05-09,26,2024-06-04,172.21
2024-05-09,27,2024-06-05,175.55
2024-05-09,28,2024-06-06,173.47
2024-05-09,29,2024-06-07,174.75
2024-05-09,30,2024-06-08,174.83
2024-05-10,1,2024-05-11,228.66
2024-05-10,2,2024-05-12,215.36
2024-05-10,3,2024-05-13,221.03
2024-05-10,4,2024-05-14,228.25
2024-05-10,5,2024-05-15,232.65
2024-05-10,6,2024-05-16,228.7
2024-05-10,7,2024-05-17,215.99
2024-05-10,8,2024-05-18,212.2
2024-05-10,9,2024-05-19,203.41
2024-05-10,10,2024-05-20,194.77
2024-05-10,11,2024-05-21,188.64
2024-05-10,12,2024-05-22,173.41
2024-05-10,13,2024-05-23,166.94
2024-05-10,14,2024-05-24,165.96
2024-05-10,15,2024-05-25,160.69
2024-05-10,16,2024-05-26,160.73
2024-05-10,17,2024-05-27,158.93
2024-05-10,18,2024-05-28,156.86
2024-05-10,19,2024-05-29,157.33
2024-05-10,20,2024-05-30,160.31
2024-05-10,21,2024-05-31,160.83
2024-05-10,22,2024-06-01,163.27
2024-05-10,23,2024-06-02,165.55
2024-05-10,24,2024-06-03,167.13
2024-05-10,25,2024-06-04,170.88
2024-05-10,26,2024-06-05,176.87
2024-05-10,27,2024-06-06,176.69
2024-05-10,28,2024-06-07,173.52
2024-05-10,29,2024-06-08,175.99
2024-05-10,30,2024-06-09,176.88
2024-05-11,1,2024-05-12,218.12
2024-05-11,2,2024-05-13,215.52
2024-05-11,3,2024-05-14,222.19
2024-05-11,4,2024-05-15,226.81
2024-05-11,5,2024-05-16,224.59
2024-05-11,6,2024-05-17,220.77
2024-05-11,7,2024-05-18,217.45
2024-05-11,8,2024-05-19,210.4
2024-05-11,9,2024-05-20,201.67
2024-05-11,10,2024-05-21,194.03
2024-05-11,11,2024-05-22,177.83
2024-05-11,12,2024-05-23,168.83
2024-05-11,13,2024-05-24,164.72
2024-05-11,14,2024-05-25,164.1
2024-05-11,15,2024-05-26,160.5
2024-05-11,16,2024-05-27,157.07
2024-05-11,17,2024-05-28,158.4
2024-05-11,18,2024-05-29,157.95
2024-05-11,19,2024-05-30,158.92
2024-05-11,20,2024-05-31,161.7
2024-05-11,21,2024-06-01,162.56
2024-05-11,22,2024-06-02,166.96
2024-05-11,23,2024-06-03,166.33
2024-05-11,24,2024-06-04,172.31
2024-05-11,25,2024-06-05,174.24
2024-05-11,26,2024-06-06,177.09
2024-05-11,27,2024-06-07,176.59
2024-05-11,28,2024-06-08,174.51
2024-05-11,29,2024-06-09,175.16
2024-05-11,30,2024-06-10,177.34
2024-05-12,1,2024-05-13,224.03
2024-05-12,2,2024-05-14,219.85
2024-05-12,3,2024-05-15,223.81
2024-05-12,4,2024-05-16,219.34
2024-05-12,5,2024-05-17,225.42
2024-05-12,6,2024-05-18,216.17
2024-05-12,7,2024-05-19,215.0
2024-05-12,8,2024-05-20,207.1
2024-05-12,9,2024-05-21,197.25
2024-05-12,10,2024-05-22,183.23
2024-05-12,11,2024-05-23,172.93
2024-05-12,12,2024-05-24,165.98
2024-05-12,13,2024-05-25,163.4
2024-05-12,14,2024-05-26,164.41
2024-05-12,15,2024-05-27,157.07
2024-05-12,16,2024-05-28,156.51
2024-05-12,17,2024-05-29,159.12
2024-05-12,18,2024-05-30,160.66
2024-05-12,19,2024-05-31,158.53
2024-05-12,20,2024-06-01,162.84
2024-05-12,21,2024-06-02,164.08
2024-05-12,22,2024-06-03,167.64
2024-05-12,23,2024-06-04,171.2
2024-05-12,24,2024-06-05,174.81
2024-05-12,25,2024-06-06,173.85
2024-05-12,26,2024-06-07,176.91
2024-05-12,27,2024-06-08,175.56
2024-05-12,28,2024-06-09,175.2
2024-05-12,29,2024-06-10,177.47
2024-05-12,30,2024-06-11,178.08
2024-05-13,1,2024-05-14,239.94
2024-05-13,2,2024-05-15,219.74
2024-05-13,3,2024-05-16,224.25
2024-05-13,4,2024-05-17,224.01
2024-05-13,5,2024-05-18,220.46
2024-05-13,6,2024-05-19,218.01
2024-05-13,7,2024-05-20,211.29
2024-05-13,8,2024-05-21,195.64
2024-05-13,9,2024-05-22,181.85
2024-05-13,10,2024-05-23,171.16
2024-05-13,11,2024-05-24,164.81
2024-05-13,12,2024-05-25,164.44
2024-05-13,13,2024-05-26,164.57
2024-05-13,14,2024-05-27,159.51
2024-05-13,15,2024-05-28,156.33
2024-05-13,16,2024-05-29,158.75
2024-05-13,17,2024-05-30,162.07
2024-05-13,18,2024-05-31,162.13
2024-05-13,19,2024-06-01,161.7
2024-05-13,20,2024-06-02,166.3
2024-05-13,21,2024-06-03,167.06
2024-05-13,22,2024-06-04,174.83
2024-05-13,23,2024-06-05,176.63
2024-05-13,24,2024-06-06,179.09
2024-05-13,25,2024-06-07,175.98
2024-05-13,26,2024-06-08,178.51
2024-05-13,27,2024-06-09,177.97
2024-05-13,28,2024-06-10,177.58
2024-05-13,29,2024-06-11,180.03
2024-05-13,30,2024-06-12,176.47
2024-05-14,1,2024-05-15,228.28
2024-05-14,2,2024-05-16,212.74
2024-05-14,3,2024-05-17,215.74
2024-05-14,4,2024-05-18,209.9
2024-05-14,5,2024-05-19,208.44
2024-05-14,6,2024-05-20,201.81
2024-05-14,7,2024-05-21,194.84
2024-05-14,8,2024-05-22,181.98
2024-05-14,9,2024-05-23,173.52
2024-05-14,10,2024-05-24,165.29
2024-05-14,11,2024-05-25,163.88
2024-05-14,12,2024-05-26,162.85
2024-05-14,13,2024-05-27,161.03
2024-05-14,14,2024-05-28,157.78
2024-05-14,15,2024-05-29,156.04
2024-05-14,16,2024-05-30,159.55
2024-05-14,17,2024-05-31,164.16
2024-05-14,18,2024-06-01,163.72
2024-05-14,19,2024-06-02,164.2
2024-05-14,20,2024-06-03,168.31
2024-05-14,21,2024-06-04,172.64
2024-05-14,22,2024-06-05,175.81
2024-05-14,23,2024-06-06,176.69
2024-05-14,24,2024-06-07,178.15
2024-05-14,25,2024-06-08,176.39
2024-05-14,26,2024-06-09,178.95
2024-05-14,27,2024-06-10,176.68
2024-05-14,28,2024-06-11,173.37
2024-05-14,29,2024-06-12,173.82
2024-05-14,30,2024-06-13,173.03
2024-05-15,1,2024-05-16,225.04
2024-05-15,2,2024-05-17,216.37
2024-05-15,3,2024-05-18,212.95
2024-05-15,4,2024-05-19,205.28
2024-05-15,5,2024-05-20,204.15
2024-05-15,6,2024-05-21,193.86
2024-05-15,7,2024-05-22,180.14
2024-05-15,8,2024-05-23,175.27
2024-05-15,9,2024-05-24,170.58
2024-05-15,10,2024-05-25,165.33
2024-05-15,11,2024-05-26,162.56
2024-05-15,12,2024-05-27,160.63
2024-05-15,13,2024-05-28,158.75
2024-05-15,14,2024-05-29,161.89
2024-05-15,15,2024-05-30,159.81
2024-05-15,16,2024-05-31,160.87
2024-05-15,17,2024-06-01,164.65
2024-05-15,18,2024-06-02,166.68
2024-05-15,19,2024-06-03,167.57
2024-05-15,20,2024-06-04,174.34
2024-05-15,21,2024-06-05,176.12
2024-05-15,22,2024-06-06,180.05
2024-05-15,23,2024-06-07,178.35
2024-05-15,24,2024-06-08,180.05
2024-05-15,25,2024-06-09,179.73
2024-05-15,26,2024-06-10,179.56
2024-05-15,27,2024-06-11,180.39
2024-05-15,28,2024-06-12,174.69
2024-05-15,29,2024-06-13,173.89
2024-05-15,30,2024-06-14,171.69
2024-05-16,1,2024-05-17,213.21
2024-05-16,2,2024-05-18,210.02
2024-05-16,3,2024-05-19,205.31
2024-05-16,4,2024-05-20,193.71
2024-05-16,5,2024-05-21,197.59
2024-05-16,6,2024-05-22,182.58
2024-05-16,7,2024-05-23,170.48
2024-05-16,8,2024-05-24,165.5
2024-05-16,9,2024-05-25,169.41
2024-05-16,10,2024-05-26,166.08
2024-05-16,11,2024-05-27,160.49
2024-05-16,12,2024-05-28,158.53
2024-05-16,13,2024-05-29,162.07
2024-05-16,14,2024-05-30,164.25
2024-05-16,15,2024-05-31,163.04
2024-05-16,16,2024-06-01,163.76
2024-05-16,17,2024-06-02,168.91
2024-05-16,18,2024-06-03,169.3
2024-05-16,19,2024-06-04,172.1
2024-05-16,20,2024-06-05,177.29
2024-05-16,21,2024-06-06,178.71
2024-05-16,22,2024-06-07,180.98
2024-05-16,23,2024-06-08,179.55
2024-05-16,24,2024-06-09,181.24
2024-05-16,25,2024-06-10,180.58
2024-05-16,26,2024-06-11,180.42
2024-05-16,27,2024-06-12,179.13
2024-05-16,28,2024-06-13,175.55
2024-05-16,29,2024-06-14,171.79
2024-05-16,30,2024-06-15,169.78
2024-05-17,1,2024-05-18,204.63
2024-05-17,2,2024-05-19,200.88
2024-05-17,3,2024-05-20,198.89
2024-05-17,4,2024-05-21,187.69
2024-05-17,5,2024-05-22,189.57
2024-05-17,6,2024-05-23,176.33
2024-05-17,7,2024-05-24,169.16
2024-05-17,8,2024-05-25,165.88
2024-05-17,9,2024-05-26,167.04
2024-05-17,10,2024-05-27,161.52
2024-05-17,11,2024-05-28,158.49
2024-05-17,12,2024-05-29,163.31
2024-05-17,13,2024-05-30,164.69
2024-05-17,14,2024-05-31,163.88
2024-05-17,15,2024-06-01,164.85
2024-05-17,16,2024-06-02,168.9
2024-05-17,17,2024-06-03,171.08
2024-05-17,18,2024-06-04,173.68
2024-05-17,19,2024-06-05,175.5
2024-05-17,20,2024-06-06,178.42
2024-05-17,21,2024-06-07,178.9
2024-05-17,22,2024-06-08,179.56
2024-05-17,23,2024-06-09,179.71
2024-05-17,24,2024-06-10,179.62
2024-05-17,25,2024-06-11,177.93
2024-05-17,26,2024-06-12,175.94
2024-05-17,27,2024-06-13,173.79
2024-05-17,28,2024-06-14,169.88
2024-05-17,29,2024-06-15,169.57
2024-05-17,30,2024-06-16,167.82
2024-05-18,1,2024-05-19,197.6
2024-05-18,2,2024-05-20,194.29
2024-05-18,3,2024-05-21,193.16
2024-05-18,4,2024-05-22,183.96
2024-05-18,5,2024-05-23,183.36
2024-05-18,6,2024-05-24,171.55
2024-05-18,7,2024-05-25,169.14
2024-05-18,8,2024-05-26,168.16
2024-05-18,9,2024-05-27,162.51
2024-05-18,10,2024-05-28,159.54
2024-05-18,11,2024-05-29,161.95
2024-05-18,12,2024-05-30,166.52
2024-05-18,13,2024-05-31,164.62
2024-05-18,14,2024-06-01,164.92
2024-05-18,15,2024-06-02,169.28
2024-05-18,16,2024-06-03,168.01
2024-05-18,17,2024-06-04,176.53
2024-05-18,18,2024-06-05,176.99
2024-05-18,19,2024-06-06,177.49
2024-05-18,20,2024-06-07,177.69
2024-05-18,21,2024-06-08,178.78
2024-05-18,22,2024-06-09,180.06
2024-05-18,23,2024-06-10,179.06
2024-05-18,24,2024-06-11,179.69
2024-05-18,25,2024-06-12,174.25
2024-05-18,26,2024-06-13,173.49
2024-05-18,27,2024-06-14,171.22
2024-05-18,28,2024-06-15,166.85
2024-05-18,29,2024-06-16,168.02
2024-05-18,30,2024-06-17,167.4
2024-05-19,1,2024-05-20,190.24
2024-05-19,2,2024-05-21,186.22
2024-05-19,3,2024-05-22,178.49
2024-05-19,4,2024-05-23,170.11
2024-05-19,5,2024-05-24,169.45
2024-05-19,6,2024-05-25,162.23
2024-05-19,7,2024-05-26,161.23
2024-05-19,8,2024-05-27,154.82
2024-05-19,9,2024-05-28,156.42
2024-05-19,10,2024-05-29,159.89
2024-05-19,11,2024-05-30,162.5
2024-05-19,12,2024-05-31,164.09
2024-05-19,13,2024-06-01,167.06
2024-05-19,14,2024-06-02,169.63
2024-05-19,15,2024-06-03,169.78
2024-05-19,16,2024-06-04,174.2
2024-05-19,17,2024-06-05,179.66
2024-05-19,18,2024-06-06,178.86
2024-05-19,19,2024-06-07,178.92
2024-05-19,20,2024-06-08,178.67
2024-05-19,21,2024-06-09,179.1
2024-05-19,22,2024-06-10,177.88
2024-05-19,23,2024-06-11,176.48
2024-05-19,24,2024-06-12,175.49
2024-05-19,25,2024-06-13,170.37
2024-05-19,26,2024-06-14,169.48
2024-05-19,27,2024-06-15,168.88
2024-05-19,28,2024-06-16,166.02
2024-05-19,29,2024-06-17,166.26
2024-05-19,30,2024-06-18,163.86
2024-05-20,1,2024-05-21,190.29
2024-05-20,2,2024-05-22,185.03
2024-05-20,3,2024-05-23,180.99
2024-05-20,4,2024-05-24,167.31
2024-05-20,5,2024-05-25,165.41
2024-05-20,6,2024-05-26,160.35
2024-05-20,7,2024-05-27,157.02
2024-05-20,8,2024-05-28,155.97
2024-05-20,9,2024-05-29,161.82
2024-05-20,10,2024-05-30,168.32
2024-05-20,11,2024-05-31,167.85
2024-05-20,12,2024-06-01,168.46
2024-05-20,13,2024-06-02,169.42
2024-05-20,14,2024-06-03,172.96
2024-05-20,15,2024-06-04,175.67
2024-05-20,16,2024-06-05,177.53
2024-05-20,17,2024-06-06,181.18
2024-05-20,18,2024-06-07,180.66
2024-05-20,19,2024-06-08,180.06
2024-05-20,20,2024-06-09,180.86
2024-05-20,21,2024-06-10,180.04
2024-05-20,22,2024-06-11,179.44
2024-05-20,23,2024-06-12,174.47
2024-05-20,24,2024-06-13,175.81
2024-05-20,25,2024-06-14,173.82
2024-05-20,26,2024-06-15,171.73
2024-05-20,27,2024-06-16,170.39
2024-05-20,28,2024-06-17,167.44
2024-05-20,29,2024-06-18,164.53
2024-05-20,30,2024-06-19,163.48
2024-05-21,1,2024-05-22,195.14
2024-05-21,2,2024-05-23,189.38
2024-05-21,3,2024-05-24,181.89
2024-05-21,4,2024-05-25,169.36
2024-05-21,5,2024-05-26,167.36
2024-05-21,6,2024-05-27,155.87
2024-05-21,7,2024-05-28,156.99
2024-05-21,8,2024-05-29,161.09
2024-05-21,9,2024-05-30,170.14
2024-05-21,10,2024-05-31,173.23
2024-05-21,11,2024-06-01,172.79
2024-05-21,12,2024-06-02,173.52
2024-05-21,13,2024-06-03,170.07
2024-05-21,14,2024-06-04,180.92
2024-05-21,15,2024-06-05,180.38
2024-05-21,16,2024-06-06,179.01
2024-05-21,17,2024-06-07,182.31
2024-05-21,18,2024-06-08,182.13
2024-05-21,19,2024-06-09,182.23
2024-05-21,20,2024-06-10,180.44
2024-05-21,21,2024-06-11,180.05
2024-05-21,22,2024-06-12,178.15
2024-05-21,23,2024-06-13,175.25
2024-05-21,24,2024-06-14,177.39
2024-05-21,25,2024-06-15,174.04
2024-05-21,26,2024-06-16,173.75
2024-05-21,27,2024-06-17,171.85
2024-05-21,28,2024-06-18,167.2
2024-05-21,29,2024-06-19,164.24
2024-05-21,30,2024-06-20,163.35
2024-05-22,1,2024-05-23,189.01
2024-05-22,2,2024-05-24,178.48
2024-05-22,3,2024-05-25,169.88
2024-05-22,4,2024-05-26,161.23
2024-05-22,5,2024-05-27,153.56
2024-05-22,6,2024-05-28,150.95
2024-05-22,7,2024-05-29,157.14
2024-05-22,8,2024-05-30,163.03
2024-05-22,9,2024-05-31,165.78
2024-05-22,10,2024-06-01,167.48
2024-05-22,11,2024-06-02,170.74
2024-05-22,12,2024-06-03,172.05
2024-05-22,13,2024-06-04,179.19
2024-05-22,14,2024-06-05,182.36
2024-05-22,15,2024-06-06,179.68
2024-05-22,16,2024-06-07,180.9
2024-05-22,17,2024-06-08,184.62
2024-05-22,18,2024-06-09,184.03
2024-05-22,19,2024-06-10,181.95
2024-05-22,20,2024-06-11,180.92
2024-05-22,21,2024-06-12,177.46
2024-05-22,22,2024-06-13,174.37
2024-05-22,23,2024-06-14,173.18
2024-05-22,24,2024-06-15,173.12
2024-05-22,25,2024-06-16,170.89
2024-05-22,26,2024-06-17,172.57
2024-05-22,27,2024-06-18,170.26
2024-05-22,28,2024-06-19,165.16
2024-05-22,29,2024-06-20,165.22
2024-05-22,30,2024-06-21,162.06
2024-05-23,1,2024-05-24,184.4
2024-05-23,2,2024-05-25,176.33
2024-05-23,3,2024-05-26,170.59
2024-05-23,4,2024-05-27,158.62
2024-05-23,5,2024-05-28,154.8
2024-05-23,6,2024-05-29,160.61
2024-05-23,7,2024-05-30,164.53
2024-05-23,8,2024-05-31,170.47
2024-05-23,9,2024-06-01,178.33
2024-05-23,10,2024-06-02,179.63
2024-05-23,11,2024-06-03,179.03
2024-05-23,12,2024-06-04,182.14
2024-05-23,13,2024-06-05,180.99
2024-05-23,14,2024-06-06,183.66
2024-05-23,15,2024-06-07,182.39
2024-05-23,16,2024-06-08,182.14
2024-05-23,17,2024-06-09,186.22
2024-05-23,18,2024-06-10,181.46
2024-05-23,19,2024-06-11,180.75
2024-05-23,20,2024-06-12,179.52
2024-05-23,21,2024-06-13,177.7
2024-05-23,22,2024-06-14,175.55
2024-05-23,23,2024-06-15,175.11
2024-05-23,24,2024-06-16,177.17
2024-05-23,25,2024-06-17,173.42
2024-05-23,26,2024-06-18,172.55
2024-05-23,27,2024-06-19,171.12
2024-05-23,28,2024-06-20,166.08
2024-05-23,29,2024-06-21,165.15
2024-05-23,30,2024-06-22,164.92
2024-05-24,1,2024-05-25,172.25
2024-05-24,2,2024-05-26,166.84
2024-05-24,3,2024-05-27,158.92
2024-05-24,4,2024-05-28,154.6
2024-05-24,5,2024-05-29,156.26
2024-05-24,6,2024-05-30,157.92
2024-05-24,7,2024-05-31,161.12
2024-05-24,8,2024-06-01,164.94
2024-05-24,9,2024-06-02,172.24
2024-05-24,10,2024-06-03,174.58
2024-05-24,11,2024-06-04,179.36
2024-05-24,12,2024-06-05,180.87
2024-05-24,13,2024-06-06,181.64
2024-05-24,14,2024-06-07,184.91
2024-05-24,15,2024-06-08,183.51
2024-05-24,16,2024-06-09,183.35
2024-05-24,17,2024-06-10,183.58
2024-05-24,18,2024-06-11,181.11
2024-05-24,19,2024-06-12,177.28
2024-05-24,20,2024-06-13,176.68
2024-05-24,21,2024-06-14,176.29
2024-05-24,22,2024-06-15,172.73
2024-05-24,23,2024-06-16,174.45
2024-05-24,24,2024-06-17,173.99
2024-05-24,25,2024-06-18,170.19
2024-05-24,26,2024-06-19,170.33
2024-05-24,27,2024-06-20,167.92
2024-05-24,28,2024-06-21,162.28
2024-05-24,29,2024-06-22,162.81
2024-05-24,30,2024-06-23,160.39
2024-05-25,1,2024-05-26,160.77
2024-05-25,2,2024-05-27,153.14
2024-05-25,3,2024-05-28,154.01
2024-05-25,4,2024-05-29,154.36
2024-05-25,5,2024-05-30,161.26
2024-05-25,6,2024-05-31,160.86
2024-05-25,7,2024-06-01,162.86
2024-05-25,8,2024-06-02,170.55
2024-05-25,9,2024-06-03,173.94
2024-05-25,10,2024-06-04,178.19
2024-05-25,11,2024-06-05,181.34
2024-05-25,12,2024-06-06,180.35
2024-05-25,13,2024-06-07,181.79
2024-05-25,14,2024-06-08,183.69
2024-05-25,15,2024-06-09,183.09
2024-05-25,16,2024-06-10,180.89
2024-05-25,17,2024-06-11,180.55
2024-05-25,18,2024-06-12,179.14
2024-05-25,19,2024-06-13,176.08
2024-05-25,20,2024-06-14,173.9
2024-05-25,21,2024-06-15,172.09
2024-05-25,22,2024-06-16,170.77
2024-05-25,23,2024-06-17,170.61
2024-05-25,24,2024-06-18,169.4
2024-05-25,25,2024-06-19,165.93
2024-05-25,26,2024-06-20,163.18
2024-05-25,27,2024-06-21,158.6
2024-05-25,28,2024-06-22,155.21
2024-05-25,29,2024-06-23,157.85
2024-05-25,30,2024-06-24,156.83
2024-05-26,1,2024-05-27,156.1
2024-05-26,2,2024-05-28,155.94
2024-05-26,3,2024-05-29,164.3
2024-05-26,4,2024-05-30,167.13
2024-05-26,5,2024-05-31,169.24
2024-05-26,6,2024-06-01,170.11
2024-05-26,7,2024-06-02,170.9
2024-05-26,8,2024-06-03,171.48
2024-05-26,9,2024-06-04,178.48
2024-05-26,10,2024-06-05,182.36
2024-05-26,11,2024-06-06,181.13
2024-05-26,12,2024-06-07,181.44
2024-05-26,13,2024-06-08,181.58
2024-05-26,14,2024-06-09,184.99
2024-05-26,15,2024-06-10,182.92
2024-05-26,16,2024-06-11,181.13
2024-05-26,17,2024-06-12,180.51
2024-05-26,18,2024-06-13,176.94
2024-05-26,19,2024-06-14,174.59
2024-05-26,20,2024-06-15,170.59
2024-05-26,21,2024-06-16,171.42
2024-05-26,22,2024-06-17,170.21
2024-05-26,23,2024-06-18,167.41
2024-05-26,24,2024-06-19,167.22
2024-05-26,25,2024-06-20,159.47
2024-05-26,26,2024-06-21,156.46
2024-05-26,27,2024-06-22,154.82
2024-05-26,28,2024-06-23,154.0
2024-05-26,29,2024-06-24,154.92
2024-05-26,30,2024-06-25,154.25
2024-05-27,1,2024-05-28,158.31
2024-05-27,2,2024-05-29,162.97
2024-05-27,3,2024-05-30,168.52
2024-05-27,4,2024-05-31,166.79
2024-05-27,5,2024-06-01,170.26
2024-05-27,6,2024-06-02,174.73
2024-05-27,7,2024-06-03,169.05
2024-05-27,8,2024-06-04,176.28
2024-05-27,9,2024-06-05,179.55
2024-05-27,10,2024-06-06,182.04
2024-05-27,11,2024-06-07,182.8
2024-05-27,12,2024-06-08,182.72
2024-05-27,13,2024-06-09,183.16
2024-05-27,14,2024-06-10,184.17
2024-05-27,15,2024-06-11,180.18
2024-05-27,16,2024-06-12,179.74
2024-05-27,17,2024-06-13,178.24
2024-05-27,18,2024-06-14,175.72
2024-05-27,19,2024-06-15,170.25
2024-05-27,20,2024-06-16,170.98
2024-05-27,21,2024-06-17,170.62
2024-05-27,22,2024-06-18,167.65
2024-05-27,23,2024-06-19,167.09
2024-05-27,24,2024-06-20,162.9
2024-05-27,25,2024-06-21,155.8
2024-05-27,26,2024-06-22,155.23
2024-05-27,27,2024-06-23,155.04
2024-05-27,28,2024-06-24,153.13
2024-05-27,29,2024-06-25,153.58
2024-05-27,30,2024-06-26,155.22
2024-05-28,1,2024-05-29,173.61
2024-05-28,2,2024-05-30,177.03
2024-05-28,3,2024-05-31,176.48
2024-05-28,4,2024-06-01,178.81
2024-05-28,5,2024-06-02,184.02
2024-05-28,6,2024-06-03,179.13
2024-05-28,7,2024-06-04,179.98
2024-05-28,8,2024-06-05,181.17
2024-05-28,9,2024-06-06,180.31
2024-05-28,10,2024-06-07,182.95
2024-05-28,11,2024-06-08,180.78
2024-05-28,12,2024-06-09,183.03
2024-05-28,13,2024-06-10,182.84
2024-05-28,14,2024-06-11,182.24
2024-05-28,15,2024-06-12,180.4
2024-05-28,16,2024-06-13,176.96
2024-05-28,17,2024-06-14,177.35
2024-05-28,18,2024-06-15,173.36
2024-05-28,19,2024-06-16,171.89
2024-05-28,20,2024-06-17,171.74
2024-05-28,21,2024-06-18,170.27
2024-05-28,22,2024-06-19,168.44
2024-05-28,23,2024-06-20,163.74
2024-05-28,24,2024-06-21,160.9
2024-05-28,25,2024-06-22,156.73
2024-05-28,26,2024-06-23,158.92
2024-05-28,27,2024-06-24,158.79
2024-05-28,28,2024-06-25,160.38
2024-05-28,29,2024-06-26,160.5
2024-05-28,30,2024-06-27,163.4
2024-05-29,1,2024-05-30,173.8
2024-05-29,2,2024-05-31,169.72
2024-05-29,3,2024-06-01,173.44
2024-05-29,4,2024-06-02,174.29
2024-05-29,5,2024-06-03,176.23
2024-05-29,6,2024-06-04,172.6
2024-05-29,7,2024-06-05,175.04
2024-05-29,8,2024-06-06,179.88
2024-05-29,9,2024-06-07,181.71
2024-05-29,10,2024-06-08,181.38
2024-05-29,11,2024-06-09,182.92
2024-05-29,12,2024-06-10,183.69
2024-05-29,13,2024-06-11,182.9
2024-05-29,14,2024-06-12,181.95
2024-05-29,15,2024-06-13,178.14
2024-05-29,16,2024-06-14,174.78
2024-05-29,17,2024-06-15,173.29
2024-05-29,18,2024-06-16,173.68
2024-05-29,19,2024-06-17,170.51
2024-05-29,20,2024-06-18,168.88
2024-05-29,21,2024-06-19,168.28
2024-05-29,22,2024-06-20,162.83
2024-05-29,23,2024-06-21,158.7
2024-05-29,24,2024-06-22,157.84
2024-05-29,25,2024-06-23,156.47
2024-05-29,26,2024-06-24,160.1
2024-05-29,27,2024-06-25,159.77
2024-05-29,28,2024-06-26,160.7
2024-05-29,29,2024-06-27,160.73
2024-05-29,30,2024-06-28,162.07
2024-05-30,1,2024-05-31,171.61
2024-05-30,2,2024-06-01,171.55
2024-05-30,3,2024-06-02,176.43
2024-05-30,4,2024-06-03,176.02
2024-05-30,5,2024-06-04,180.15
2024-05-30,6,2024-06-05,176.3
2024-05-30,7,2024-06-06,179.66
2024-05-30,8,2024-06-07,181.27
2024-05-30,9,2024-06-08,182.48
2024-05-30,10,2024-06-09,185.01
2024-05-30,11,2024-06-10,184.58
2024-05-30,12,2024-06-11,183.52
2024-05-30,13,2024-06-12,181.05
2024-05-30,14,2024-06-13,179.59
2024-05-30,15,2024-06-14,176.09
2024-05-30,16,2024-06-15,173.51
2024-05-30,17,2024-06-16,172.14
2024-05-30,18,2024-06-17,172.96
2024-05-30,19,2024-06-18,168.49
2024-05-30,20,2024-06-19,168.82
2024-05-30,21,2024-06-20,164.73
2024-05-30,22,2024-06-21,159.68
2024-05-30,23,2024-06-22,157.31
2024-05-30,24,2024-06-23,158.5
2024-05-30,25,2024-06-24,157.76
2024-05-30,26,2024-06-25,160.14
2024-05-30,27,2024-06-26,161.69
2024-05-30,28,2024-06-27,161.97
2024-05-30,29,2024-06-28,163.57
2024-05-30,30,2024-06-29,165.6
2024-05-31,1,2024-06-01,171.53
2024-05-31,2,2024-06-02,172.14
2024-05-31,3,2024-06-03,174.41
2024-05-31,4,2024-06-04,178.49
2024-05-31,5,2024-06-05,178.91
2024-05-31,6,2024-06-06,179.75
2024-05-31,7,2024-06-07,179.76
2024-05-31,8,2024-06-08,180.79
2024-05-31,9,2024-06-09,184.57
2024-05-31,10,2024-06-10,185.24
2024-05-31,11,2024-06-11,184.33
2024-05-31,12,2024-06-12,182.37
2024-05-31,13,2024-06-13,179.51
2024-05-31,14,2024-06-14,178.16
2024-05-31,15,2024-06-15,173.48
2024-05-31,16,2024-06-16,172.52
2024-05-31,17,2024-06-17,171.91
2024-05-31,18,2024-06-18,170.9
2024-05-31,19,2024-06-19,166.93
2024-05-31,20,2024-06-20,165.22
2024-05-31,21,2024-06-21,160.68
2024-05-31,22,2024-06-22,158.2
2024-05-31,23,2024-06-23,158.65
2024-05-31,24,2024-06-24,159.5
2024-05-31,25,2024-06-25,157.97
2024-05-31,26,2024-06-26,163.27
2024-05-31,27,2024-06-27,162.96
2024-05-31,28,2024-06-28,163.69
2024-05-31,29,2024-06-29,166.45
2024-05-31,30,2024-06-30,167.21
2024-06-01,1,2024-06-02,183.01
2024-06-01,2,2024-06-03,179.7
2024-06-01,3,2024-06-04,186.84
2024-06-01,4,2024-06-05,188.23
2024-06-01,5,2024-06-06,191.36
2024-06-01,6,2024-06-07,188.33
2024-06-01,7,2024-06-08,186.18
2024-06-01,8,2024-06-09,188.08
2024-06-01,9,2024-06-10,184.96
2024-06-01,10,2024-06-11,183.84
2024-06-01,11,2024-06-12,183.73
2024-06-01,12,2024-06-13,180.82
2024-06-01,13,2024-06-14,178.92
2024-06-01,14,2024-06-15,175.21
2024-06-01,15,2024-06-16,173.18
2024-06-01,16,2024-06-17,173.2
2024-06-01,17,2024-06-18,171.58
2024-06-01,18,2024-06-19,172.06
2024-06-01,19,2024-06-20,165.81
2024-06-01,20,2024-06-21,163.08
2024-06-01,21,2024-06-22,159.68
2024-06-01,22,2024-06-23,159.79
2024-06-01,23,2024-06-24,161.0
2024-06-01,24,2024-06-25,162.75
2024-06-01,25,2024-06-26,164.49
2024-06-01,26,2024-06-27,168.88
2024-06-01,27,2024-06-28,169.98
2024-06-01,28,2024-06-29,171.11
2024-06-01,29,2024-06-30,171.53
2024-06-01,30,2024-07-01,170.64
2024-06-02,1,2024-06-03,212.91
2024-06-02,2,2024-06-04,215.31
2024-06-02,3,2024-06-05,218.06
2024-06-02,4,2024-06-06,216.62
2024-06-02,5,2024-06-07,223.67
2024-06-02,6,2024-06-08,220.49
2024-06-02,7,2024-06-09,208.69
2024-06-02,8,2024-06-10,203.67
2024-06-02,9,2024-06-11,197.55
2024-06-02,10,2024-06-12,193.18
2024-06-02,11,2024-06-13,188.49
2024-06-02,12,2024-06-14,185.8
2024-06-02,13,2024-06-15,180.65
2024-06-02,14,2024-06-16,176.88
2024-06-02,15,2024-06-17,174.73
2024-06-02,16,2024-06-18,172.63
2024-06-02,17,2024-06-19,174.3
2024-06-02,18,2024-06-20,170.93
2024-06-02,19,2024-06-21,166.74
2024-06-02,20,2024-06-22,165.89
2024-06-02,21,2024-06-23,165.88
2024-06-02,22,2024-06-24,166.39
2024-06-02,23,2024-06-25,168.7
2024-06-02,24,2024-06-26,173.35
2024-06-02,25,2024-06-27,175.28
2024-06-02,26,2024-06-28,180.69
2024-06-02,27,2024-06-29,182.39
2024-06-02,28,2024-06-30,179.56
2024-06-02,29,2024-07-01,180.97
2024-06-02,30,2024-07-02,179.62
2024-06-03,1,2024-06-04,189.93
2024-06-03,2,2024-06-05,190.31
2024-06-03,3,2024-06-06,190.09
2024-06-03,4,2024-06-07,189.99
2024-06-03,5,2024-06-08,194.46
2024-06-03,6,2024-06-09,194.83
2024-06-03,7,2024-06-10,192.33
2024-06-03,8,2024-06-11,190.47
2024-06-03,9,2024-06-12,185.75
2024-06-03,10,2024-06-13,183.59
2024-06-03,11,2024-06-14,181.17
2024-06-03,12,2024-06-15,176.66
2024-06-03,13,2024-06-16,176.77
2024-06-03,14,2024-06-17,175.66
2024-06-03,15,2024-06-18,171.57
2024-06-03,16,2024-06-19,169.54
2024-06-03,17,2024-06-20,168.11
2024-06-03,18,2024-06-21,165.1
2024-06-03,19,2024-06-22,162.31
2024-06-03,20,2024-06-23,164.17
2024-06-03,21,2024-06-24,163.42
2024-06-03,22,2024-06-25,163.81
2024-06-03,23,2024-06-26,166.61
2024-06-03,24,2024-06-27,171.26
2024-06-03,25,2024-06-28,171.98
2024-06-03,26,2024-06-29,177.74
2024-06-03,27,2024-06-30,173.27
2024-06-03,28,2024-07-01,170.76
2024-06-03,29,2024-07-02,173.35
2024-06-03,30,2024-07-03,174.81
2024-06-04,1,2024-06-05,190.45
2024-06-04,2,2024-06-06,189.36
2024-06-04,3,2024-06-07,191.72
2024-06-04,4,2024-06-08,192.72
2024-06-04,5,2024-06-09,201.3
2024-06-04,6,2024-06-10,191.49
2024-06-04,7,2024-06-11,191.51
2024-06-04,8,2024-06-12,186.18
2024-06-04,9,2024-06-13,184.97
2024-06-04,10,2024-06-14,180.12
2024-06-04,11,2024-06-15,178.38
2024-06-04,12,2024-06-16,176.58
2024-06-04,13,2024-06-17,175.31
2024-06-04,14,2024-06-18,172.61
2024-06-04,15,2024-06-19,172.86
2024-06-04,16,2024-06-20,167.39
2024-06-04,17,2024-06-21,166.59
2024-06-04,18,2024-06-22,164.25
2024-06-04,19,2024-06-23,163.24
2024-06-04,20,2024-06-24,164.08
2024-06-04,21,2024-06-25,164.69
2024-06-04,22,2024-06-26,166.53
2024-06-04,23,2024-06-27,169.33
2024-06-04,24,2024-06-28,173.59
2024-06-04,25,2024-06-29,175.97
2024-06-04,26,2024-06-30,174.51
2024-06-04,27,2024-07-01,175.15
2024-06-04,28,2024-07-02,174.38
2024-06-04,29,2024-07-03,175.05
2024-06-04,30,2024-07-04,174.68
2024-06-05,1,2024-06-06,189.39
2024-06-05,2,2024-06-07,187.51
2024-06-05,3,2024-06-08,189.66
2024-06-05,4,2024-06-09,190.59
2024-06-05,5,2024-06-10,197.84
2024-06-05,6,2024-06-11,192.54
2024-06-05,7,2024-06-12,190.65
2024-06-05,8,2024-06-13,189.02
2024-06-05,9,2024-06-14,184.26
2024-06-05,10,2024-06-15,178.14
2024-06-05,11,2024-06-16,177.97
2024-06-05,12,2024-06-17,178.24
2024-06-05,13,2024-06-18,173.95
2024-06-05,14,2024-06-19,173.37
2024-06-05,15,2024-06-20,169.58
2024-06-05,16,2024-06-21,166.11
2024-06-05,17,2024-06-22,166.62
2024-06-05,18,2024-06-23,167.76
2024-06-05,19,2024-06-24,164.49
2024-06-05,20,2024-06-25,166.94
2024-06-05,21,2024-06-26,168.61
2024-06-05,22,2024-06-27,170.92
2024-06-05,23,2024-06-28,172.74
2024-06-05,24,2024-06-29,177.94
2024-06-05,25,2024-06-30,172.96
2024-06-05,26,2024-07-01,178.15
2024-06-05,27,2024-07-02,177.82
2024-06-05,28,2024-07-03,175.67
2024-06-05,29,2024-07-04,176.53
2024-06-05,30,2024-07-05,176.48
2024-06-06,1,2024-06-07,191.15
2024-06-06,2,2024-06-08,190.48
2024-06-06,3,2024-06-09,191.99
2024-06-06,4,2024-06-10,190.39
2024-06-06,5,2024-06-11,198.0
2024-06-06,6,2024-06-12,191.32
2024-06-06,7,2024-06-13,188.98
2024-06-06,8,2024-06-14,189.59
2024-06-06,9,2024-06-15,183.84
2024-06-06,10,2024-06-16,182.23
2024-06-06,11,2024-06-17,182.02
2024-06-06,12,2024-06-18,178.37
2024-06-06,13,2024-06-19,172.52
2024-06-06,14,2024-06-20,170.02
2024-06-06,15,2024-06-21,167.48
2024-06-06,16,2024-06-22,164.14
2024-06-06,17,2024-06-23,167.09
2024-06-06,18,2024-06-24,166.34
2024-06-06,19,2024-06-25,165.44
2024-06-06,20,2024-06-26,169.48
2024-06-06,21,2024-06-27,171.25
2024-06-06,22,2024-06-28,173.85
2024-06-06,23,2024-06-29,178.59
2024-06-06,24,2024-06-30,175.27
2024-06-06,25,2024-07-01,176.38
2024-06-06,26,2024-07-02,178.29
2024-06-06,27,2024-07-03,179.72
2024-06-06,28,2024-07-04,177.31
2024-06-06,29,2024-07-05,180.13
2024-06-06,30,2024-07-06,179.32
2024-06-07,1,2024-06-08,190.38
2024-06-07,2,2024-06-09,189.58
2024-06-07,3,2024-06-10,190.96
2024-06-07,4,2024-06-11,190.89
2024-06-07,5,2024-06-12,192.06
2024-06-07,6,2024-06-13,185.79
2024-06-07,7,2024-06-14,186.88
2024-06-07,8,2024-06-15,184.1
2024-06-07,9,2024-06-16,182.05
2024-06-07,10,2024-06-17,179.54
2024-06-07,11,2024-06-18,175.37
2024-06-07,12,2024-06-19,175.36
2024-06-07,13,2024-06-20,168.61
2024-06-07,14,2024-06-21,167.81
2024-06-07,15,2024-06-22,165.11
2024-06-07,16,2024-06-23,164.94
2024-06-07,17,2024-06-24,166.88
2024-06-07,18,2024-06-25,169.14
2024-06-07,19,2024-06-26,169.95
2024-06-07,20,2024-06-27,173.01
2024-06-07,21,2024-06-28,172.86
2024-06-07,22,2024-06-29,177.14
2024-06-07,23,2024-06-30,175.02
2024-06-07,24,2024-07-01,175.56
2024-06-07,25,2024-07-02,175.53
2024-06-07,26,2024-07-03,178.44
2024-06-07,27,2024-07-04,179.94
2024-06-07,28,2024-07-05,178.75
2024-06-07,29,2024-07-06,180.16
2024-06-07,30,2024-07-07,178.95
2024-06-08,1,2024-06-09,188.45
2024-06-08,2,2024-06-10,185.25
2024-06-08,3,2024-06-11,188.38
2024-06-08,4,2024-06-12,184.27
2024-06-08,5,2024-06-13,187.15
2024-06-08,6,2024-06-14,182.25
2024-06-08,7,2024-06-15,179.08
2024-06-08,8,2024-06-16,179.29
2024-06-08,9,2024-06-17,176.75
2024-06-08,10,2024-06-18,173.66
2024-06-08,11,2024-06-19,173.56
2024-06-08,12,2024-06-20,170.1
2024-06-08,13,2024-06-21,169.24
2024-06-08,14,2024-06-22,165.08
2024-06-08,15,2024-06-23,165.63
2024-06-08,16,2024-06-24,165.14
2024-06-08,17,2024-06-25,167.1
2024-06-08,18,2024-06-26,172.2
2024-06-08,19,2024-06-27,172.45
2024-06-08,20,2024-06-28,173.05
2024-06-08,21,2024-06-29,177.2
2024-06-08,22,2024-06-30,172.02
2024-06-08,23,2024-07-01,175.03
2024-06-08,24,2024-07-02,176.38
2024-06-08,25,2024-07-03,173.94
2024-06-08,26,2024-07-04,178.48
2024-06-08,27,2024-07-05,178.14
2024-06-08,28,2024-07-06,179.58
2024-06-08,29,2024-07-07,179.99
2024-06-08,30,2024-07-08,179.13
2024-06-09,1,2024-06-10,189.21
2024-06-09,2,2024-06-11,187.89
2024-06-09,3,2024-06-12,186.26
2024-06-09,4,2024-06-13,183.9
2024-06-09,5,2024-06-14,184.1
2024-06-09,6,2024-06-15,179.29
2024-06-09,7,2024-06-16,178.4
2024-06-09,8,2024-06-17,179.42
2024-06-09,9,2024-06-18,173.6
2024-06-09,10,2024-06-19,171.42
2024-06-09,11,2024-06-20,170.53
2024-06-09,12,2024-06-21,169.42
2024-06-09,13,2024-06-22,164.57
2024-06-09,14,2024-06-23,167.3
2024-06-09,15,2024-06-24,166.65
2024-06-09,16,2024-06-25,169.52
2024-06-09,17,2024-06-26,173.83
2024-06-09,18,2024-06-27,174.73
2024-06-09,19,2024-06-28,174.17
2024-06-09,20,2024-06-29,176.59
2024-06-09,21,2024-06-30,174.31
2024-06-09,22,2024-07-01,173.96
2024-06-09,23,2024-07-02,176.47
2024-06-09,24,2024-07-03,178.37
2024-06-09,25,2024-07-04,175.95
2024-06-09,26,2024-07-05,179.09
2024-06-09,27,2024-07-06,179.82
2024-06-09,28,2024-07-07,178.92
2024-06-09,29,2024-07-08,182.69
2024-06-09,30,2024-07-09,179.6
2024-06-10,1,2024-06-11,178.4
2024-06-10,2,2024-06-12,177.08
2024-06-10,3,2024-06-13,181.39
2024-06-10,4,2024-06-14,174.58
2024-06-10,5,2024-06-15,169.17
2024-06-10,6,2024-06-16,171.16
2024-06-10,7,2024-06-17,171.43
2024-06-10,8,2024-06-18,169.02
2024-06-10,9,2024-06-19,170.34
2024-06-10,10,2024-06-20,167.98
2024-06-10,11,2024-06-21,166.45
2024-06-10,12,2024-06-22,165.9
2024-06-10,13,2024-06-23,165.27
2024-06-10,14,2024-06-24,167.1
2024-06-10,15,2024-06-25,166.89
2024-06-10,16,2024-06-26,171.84
2024-06-10,17,2024-06-27,175.05
2024-06-10,18,2024-06-28,174.27
2024-06-10,19,2024-06-29,175.42
2024-06-10,20,2024-06-30,173.24
2024-06-10,21,2024-07-01,174.84
2024-06-10,22,2024-07-02,174.22
2024-06-10,23,2024-07-03,175.13
2024-06-10,24,2024-07-04,176.61
2024-06-10,25,2024-07-05,174.43
2024-06-10,26,2024-07-06,178.75
2024-06-10,27,2024-07-07,177.11
2024-06-10,28,2024-07-08,178.33
2024-06-10,29,2024-07-09,180.04
2024-06-10,30,2024-07-10,175.61
2024-06-11,1,2024-06-12,172.92
2024-06-11,2,2024-06-13,172.4
2024-06-11,3,2024-06-14,170.54
2024-06-11,4,2024-06-15,166.63
2024-06-11,5,2024-06-16,160.54
2024-06-11,6,2024-06-17,168.77
2024-06-11,7,2024-06-18,165.35
2024-06-11,8,2024-06-19,164.95
2024-06-11,9,2024-06-20,166.34
2024-06-11,10,2024-06-21,164.3
2024-06-11,11,2024-06-22,163.41
2024-06-11,12,2024-06-23,168.36
2024-06-11,13,2024-06-24,168.02
2024-06-11,14,2024-06-25,169.43
2024-06-11,15,2024-06-26,171.15
2024-06-11,16,2024-06-27,174.1
2024-06-11,17,2024-06-28,174.53
2024-06-11,18,2024-06-29,177.74
2024-06-11,19,2024-06-30,172.01
2024-06-11,20,2024-07-01,173.94
2024-06-11,21,2024-07-02,175.49
2024-06-11,22,2024-07-03,174.5
2024-06-11,23,2024-07-04,175.14
2024-06-11,24,2024-07-05,175.53
2024-06-11,25,2024-07-06,174.91
2024-06-11,26,2024-07-07,174.91
2024-06-11,27,2024-07-08,177.35
2024-06-11,28,2024-07-09,174.63
2024-06-11,29,2024-07-10,174.51
2024-06-11,30,2024-07-11,175.49
2024-06-12,1,2024-06-13,168.55
2024-06-12,2,2024-06-14,168.21
2024-06-12,3,2024-06-15,165.46
2024-06-12,4,2024-06-16,166.65
2024-06-12,5,2024-06-17,165.88
2024-06-12,6,2024-06-18,163.5
2024-06-12,7,2024-06-19,163.57
2024-06-12,8,2024-06-20,166.1
2024-06-12,9,2024-06-21,167.73
2024-06-12,10,2024-06-22,164.57
2024-06-12,11,2024-06-23,164.32
2024-06-12,12,2024-06-24,168.19
2024-06-12,13,2024-06-25,168.99
2024-06-12,14,2024-06-26,174.81
2024-06-12,15,2024-06-27,173.61
2024-06-12,16,2024-06-28,171.7
2024-06-12,17,2024-06-29,176.58
2024-06-12,18,2024-06-30,172.05
2024-06-12,19,2024-07-01,171.07
2024-06-12,20,2024-07-02,172.59
2024-06-12,21,2024-07-03,174.42
2024-06-12,22,2024-07-04,172.15
2024-06-12,23,2024-07-05,174.27
2024-06-12,24,2024-07-06,174.02
2024-06-12,25,2024-07-07,170.24
2024-06-12,26,2024-07-08,171.87
2024-06-12,27,2024-07-09,171.44
2024-06-12,28,2024-07-10,170.83
2024-06-12,29,2024-07-11,171.9
2024-06-12,30,2024-07-12,175.96
2024-06-13,1,2024-06-14,168.13
2024-06-13,2,2024-06-15,168.81
2024-06-13,3,2024-06-16,170.51
2024-06-13,4,2024-06-17,171.86
2024-06-13,5,2024-06-18,170.86
2024-06-13,6,2024-06-19,170.3
2024-06-13,7,2024-06-20,164.05
2024-06-13,8,2024-06-21,167.23
2024-06-13,9,2024-06-22,166.77
2024-06-13,10,2024-06-23,165.46
2024-06-13,11,2024-06-24,165.84
2024-06-13,12,2024-06-25,168.52
2024-06-13,13,2024-06-26,170.39
2024-06-13,14,2024-06-27,174.43
2024-06-13,15,2024-06-28,173.69
2024-06-13,16,2024-06-29,174.97
2024-06-13,17,2024-06-30,173.06
2024-06-13,18,2024-07-01,173.53
2024-06-13,19,2024-07-02,171.5
2024-06-13,20,2024-07-03,173.58
2024-06-13,21,2024-07-04,172.88
2024-06-13,22,2024-07-05,172.54
2024-06-13,23,2024-07-06,173.79
2024-06-13,24,2024-07-07,172.18
2024-06-13,25,2024-07-08,169.91
2024-06-13,26,2024-07-09,170.99
2024-06-13,27,2024-07-10,172.68
2024-06-13,28,2024-07-11,171.62
2024-06-13,29,2024-07-12,173.96
2024-06-13,30,2024-07-13,175.89
2024-06-14,1,2024-06-15,170.78
2024-06-14,2,2024-06-16,171.09
2024-06-14,3,2024-06-17,171.7
2024-06-14,4,2024-06-18,170.36
2024-06-14,5,2024-06-19,170.49
2024-06-14,6,2024-06-20,167.2
2024-06-14,7,2024-06-21,166.48
2024-06-14,8,2024-06-22,163.91
2024-06-14,9,2024-06-23,165.67
2024-06-14,10,2024-06-24,166.04
2024-06-14,11,2024-06-25,167.56
2024-06-14,12,2024-06-26,172.07
2024-06-14,13,2024-06-27,172.86
2024-06-14,14,2024-06-28,175.1
2024-06-14,15,2024-06-29,176.75
2024-06-14,16,2024-06-30,170.72
2024-06-14,17,2024-07-01,172.75
2024-06-14,18,2024-07-02,172.9
2024-06-14,19,2024-07-03,172.5
2024-06-14,20,2024-07-04,174.45
2024-06-14,21,2024-07-05,173.76
2024-06-14,22,2024-07-06,173.93
2024-06-14,23,2024-07-07,172.28
2024-06-14,24,2024-07-08,170.75
2024-06-14,25,2024-07-09,170.6
2024-06-14,26,2024-07-10,171.0
2024-06-14,27,2024-07-11,173.68
2024-06-14,28,2024-07-12,171.98
2024-06-14,29,2024-07-13,173.02
2024-06-14,30,2024-07-14,172.57
2024-06-15,1,2024-06-16,172.76
2024-06-15,2,2024-06-17,171.6
2024-06-15,3,2024-06-18,166.84
2024-06-15,4,2024-06-19,164.73
2024-06-15,5,2024-06-20,165.24
2024-06-15,6,2024-06-21,161.95
2024-06-15,7,2024-06-22,161.23
2024-06-15,8,2024-06-23,162.95
2024-06-15,9,2024-06-24,165.31
2024-06-15,10,2024-06-25,164.52
2024-06-15,11,2024-06-26,169.08
2024-06-15,12,2024-06-27,172.65
2024-06-15,13,2024-06-28,172.79
2024-06-15,14,2024-06-29,179.3
2024-06-15,15,2024-06-30,172.39
2024-06-15,16,2024-07-01,172.02
2024-06-15,17,2024-07-02,173.24
2024-06-15,18,2024-07-03,173.98
2024-06-15,19,2024-07-04,173.87
2024-06-15,20,2024-07-05,175.63
2024-06-15,21,2024-07-06,173.82
2024-06-15,22,2024-07-07,173.9
2024-06-15,23,2024-07-08,171.68
2024-06-15,24,2024-07-09,171.23
2024-06-15,25,2024-07-10,168.79
2024-06-15,26,2024-07-11,171.46
2024-06-15,27,2024-07-12,172.76
2024-06-15,28,2024-07-13,172.08
2024-06-15,29,2024-07-14,174.53
2024-06-15,30,2024-07-15,170.27
2024-06-16,1,2024-06-17,172.68
2024-06-16,2,2024-06-18,169.59
2024-06-16,3,2024-06-19,168.53
2024-06-16,4,2024-06-20,163.45
2024-06-16,5,2024-06-21,163.89
2024-06-16,6,2024-06-22,162.45
2024-06-16,7,2024-06-23,160.21
2024-06-16,8,2024-06-24,162.17
2024-06-16,9,2024-06-25,166.73
2024-06-16,10,2024-06-26,169.16
2024-06-16,11,2024-06-27,172.86
2024-06-16,12,2024-06-28,173.71
2024-06-16,13,2024-06-29,177.79
2024-06-16,14,2024-06-30,174.88
2024-06-16,15,2024-07-01,172.39
2024-06-16,16,2024-07-02,172.09
2024-06-16,17,2024-07-03,175.56
2024-06-16,18,2024-07-04,175.55
2024-06-16,19,2024-07-05,175.05
2024-06-16,20,2024-07-06,175.68
2024-06-16,21,2024-07-07,173.02
2024-06-16,22,2024-07-08,172.04
2024-06-16,23,2024-07-09,170.23
2024-06-16,24,2024-07-10,170.59
2024-06-16,25,2024-07-11,169.19
2024-06-16,26,2024-07-12,170.9
2024-06-16,27,2024-07-13,173.39
2024-06-16,28,2024-07-14,170.57
2024-06-16,29,2024-07-15,171.72
2024-06-16,30,2024-07-16,169.0
2024-06-17,1,2024-06-18,167.6
2024-06-17,2,2024-06-19,166.63
2024-06-17,3,2024-06-20,165.32
2024-06-17,4,2024-06-21,159.82
2024-06-17,5,2024-06-22,156.83
2024-06-17,6,2024-06-23,160.06
2024-06-17,7,2024-06-24,157.55
2024-06-17,8,2024-06-25,161.6
2024-06-17,9,2024-06-26,169.49
2024-06-17,10,2024-06-27,169.66
2024-06-17,11,2024-06-28,172.93
2024-06-17,12,2024-06-29,177.2
2024-06-17,13,2024-06-30,173.01
2024-06-17,14,2024-07-01,174.62
2024-06-17,15,2024-07-02,172.52
2024-06-17,16,2024-07-03,174.37
2024-06-17,17,2024-07-04,174.46
2024-06-17,18,2024-07-05,173.71
2024-06-17,19,2024-07-06,174.86
2024-06-17,20,2024-07-07,174.5
2024-06-17,21,2024-07-08,171.06
2024-06-17,22,2024-07-09,170.31
2024-06-17,23,2024-07-10,169.29
2024-06-17,24,2024-07-11,169.05
2024-06-17,25,2024-07-12,168.55
2024-06-17,26,2024-07-13,171.18
2024-06-17,27,2024-07-14,172.26
2024-06-17,28,2024-07-15,169.92
2024-06-17,29,2024-07-16,168.58
2024-06-17,30,2024-07-17,166.05
2024-06-18,1,2024-06-19,179.83
2024-06-18,2,2024-06-20,177.34
2024-06-18,3,2024-06-21,177.52
2024-06-18,4,2024-06-22,170.88
2024-06-18,5,2024-06-23,170.52
2024-06-18,6,2024-06-24,168.5
2024-06-18,7,2024-06-25,165.03
2024-06-18,8,2024-06-26,167.89
2024-06-18,9,2024-06-27,171.75
2024-06-18,10,2024-06-28,171.22
2024-06-18,11,2024-06-29,175.26
2024-06-18,12,2024-06-30,173.28
2024-06-18,13,2024-07-01,175.95
2024-06-18,14,2024-07-02,176.03
2024-06-18,15,2024-07-03,174.08
2024-06-18,16,2024-07-04,173.44
2024-06-18,17,2024-07-05,175.17
2024-06-18,18,2024-07-06,175.12
2024-06-18,19,2024-07-07,174.09
2024-06-18,20,2024-07-08,174.98
2024-06-18,21,2024-07-09,171.38
2024-06-18,22,2024-07-10,172.63
2024-06-18,23,2024-07-11,172.0
2024-06-18,24,2024-07-12,172.42
2024-06-18,25,2024-07-13,169.83
2024-06-18,26,2024-07-14,172.9
2024-06-18,27,2024-07-15,174.01
2024-06-18,28,2024-07-16,172.04
2024-06-18,29,2024-07-17,170.36
2024-06-18,30,2024-07-18,169.4
2024-06-19,1,2024-06-20,197.11
2024-06-19,2,2024-06-21,189.61
2024-06-19,3,2024-06-22,186.09
2024-06-19,4,2024-06-23,181.02
2024-06-19,5,2024-06-24,177.53
2024-06-19,6,2024-06-25,177.0
2024-06-19,7,2024-06-26,177.14
2024-06-19,8,2024-06-27,181.06
2024-06-19,9,2024-06-28,185.07
2024-06-19,10,2024-06-29,187.8
2024-06-19,11,2024-06-30,182.43
2024-06-19,12,2024-07-01,181.44
2024-06-19,13,2024-07-02,178.06
2024-06-19,14,2024-07-03,180.28
2024-06-19,15,2024-07-04,174.86
2024-06-19,16,2024-07-05,174.98
2024-06-19,17,2024-07-06,179.49
2024-06-19,18,2024-07-07,176.83
2024-06-19,19,2024-07-08,175.26
2024-06-19,20,2024-07-09,176.61
2024-06-19,21,2024-07-10,173.83
2024-06-19,22,2024-07-11,175.77
2024-06-19,23,2024-07-12,173.86
2024-06-19,24,2024-07-13,175.57
2024-06-19,25,2024-07-14,173.06
2024-06-19,26,2024-07-15,176.93
2024-06-19,27,2024-07-16,176.83
2024-06-19,28,2024-07-17,174.25
2024-06-19,29,2024-07-18,176.21
2024-06-19,30,2024-07-19,173.4
2024-06-20,1,2024-06-21,196.68
2024-06-20,2,2024-06-22,191.15
2024-06-20,3,2024-06-23,191.98
2024-06-20,4,2024-06-24,189.17
2024-06-20,5,2024-06-25,185.0
2024-06-20,6,2024-06-26,186.13
2024-06-20,7,2024-06-27,187.2
2024-06-20,8,2024-06-28,187.95
2024-06-20,9,2024-06-29,192.39
2024-06-20,10,2024-06-30,186.0
2024-06-20,11,2024-07-01,183.43
2024-06-20,12,2024-07-02,181.32
2024-06-20,13,2024-07-03,178.54
2024-06-20,14,2024-07-04,179.48
2024-06-20,15,2024-07-05,176.1
2024-06-20,16,2024-07-06,176.99
2024-06-20,17,2024-07-07,175.93
2024-06-20,18,2024-07-08,176.01
2024-06-20,19,2024-07-09,174.81
2024-06-20,20,2024-07-10,175.98
2024-06-20,21,2024-07-11,177.01
2024-06-20,22,2024-07-12,176.36
2024-06-20,23,2024-07-13,176.08
2024-06-20,24,2024-07-14,177.22
2024-06-20,25,2024-07-15,176.24
2024-06-20,26,2024-07-16,178.68
2024-06-20,27,2024-07-17,179.98
2024-06-20,28,2024-07-18,175.68
2024-06-20,29,2024-07-19,174.25
2024-06-20,30,2024-07-20,172.64
2024-06-21,1,2024-06-22,194.29
2024-06-21,2,2024-06-23,195.07
2024-06-21,3,2024-06-24,199.51
2024-06-21,4,2024-06-25,194.96
2024-06-21,5,2024-06-26,194.01
2024-06-21,6,2024-06-27,191.56
2024-06-21,7,2024-06-28,195.14
2024-06-21,8,2024-06-29,197.29
2024-06-21,9,2024-06-30,192.79
2024-06-21,10,2024-07-01,187.28
2024-06-21,11,2024-07-02,186.13
2024-06-21,12,2024-07-03,183.56
2024-06-21,13,2024-07-04,177.32
2024-06-21,14,2024-07-05,178.67
2024-06-21,15,2024-07-06,177.9
2024-06-21,16,2024-07-07,176.69
2024-06-21,17,2024-07-08,177.77
2024-06-21,18,2024-07-09,176.53
2024-06-21,19,2024-07-10,176.62
2024-06-21,20,2024-07-11,178.3
2024-06-21,21,2024-07-12,179.02
2024-06-21,22,2024-07-13,178.39
2024-06-21,23,2024-07-14,179.13
2024-06-21,24,2024-07-15,181.66
2024-06-21,25,2024-07-16,178.58
2024-06-21,26,2024-07-17,181.26
2024-06-21,27,2024-07-18,181.69
2024-06-21,28,2024-07-19,178.62
2024-06-21,29,2024-07-20,178.8
2024-06-21,30,2024-07-21,176.05
2024-06-22,1,2024-06-23,206.82
2024-06-22,2,2024-06-24,197.93
2024-06-22,3,2024-06-25,198.62
2024-06-22,4,2024-06-26,198.14
2024-06-22,5,2024-06-27,195.85
2024-06-22,6,2024-06-28,189.77
2024-06-22,7,2024-06-29,195.29
2024-06-22,8,2024-06-30,192.84
2024-06-22,9,2024-07-01,191.44
2024-06-22,10,2024-07-02,187.09
2024-06-22,11,2024-07-03,184.81
2024-06-22,12,2024-07-04,182.82
2024-06-22,13,2024-07-05,176.17
2024-06-22,14,2024-07-06,178.62
2024-06-22,15,2024-07-07,175.55
2024-06-22,16,2024-07-08,176.94
2024-06-22,17,2024-07-09,177.74
2024-06-22,18,2024-07-10,177.58
2024-06-22,19,2024-07-11,178.11
2024-06-22,20,2024-07-12,180.42
2024-06-22,21,2024-07-13,179.53
2024-06-22,22,2024-07-14,179.9
2024-06-22,23,2024-07-15,181.88
2024-06-22,24,2024-07-16,182.09
2024-06-22,25,2024-07-17,180.16
2024-06-22,26,2024-07-18,182.05
2024-06-22,27,2024-07-19,181.21
2024-06-22,28,2024-07-20,177.84
2024-06-22,29,2024-07-21,177.48
2024-06-22,30,2024-07-22,176.74
2024-06-23,1,2024-06-24,205.87
2024-06-23,2,2024-06-25,197.62
2024-06-23,3,2024-06-26,199.46
2024-06-23,4,2024-06-27,195.71
2024-06-23,5,2024-06-28,200.37
2024-06-23,6,2024-06-29,196.08
2024-06-23,7,2024-06-30,196.51
2024-06-23,8,2024-07-01,194.17
2024-06-23,9,2024-07-02,192.59
2024-06-23,10,2024-07-03,188.9
2024-06-23,11,2024-07-04,185.07
2024-06-23,12,2024-07-05,182.41
2024-06-23,13,2024-07-06,177.1
2024-06-23,14,2024-07-07,177.48
2024-06-23,15,2024-07-08,177.29
2024-06-23,16,2024-07-09,176.31
2024-06-23,17,2024-07-10,177.38
2024-06-23,18,2024-07-11,178.17
2024-06-23,19,2024-07-12,179.43
2024-06-23,20,2024-07-13,179.29
2024-06-23,21,2024-07-14,179.6
2024-06-23,22,2024-07-15,181.87
2024-06-23,23,2024-07-16,183.89
2024-06-23,24,2024-07-17,183.31
2024-06-23,25,2024-07-18,180.61
2024-06-23,26,2024-07-19,182.14
2024-06-23,27,2024-07-20,181.79
2024-06-23,28,2024-07-21,179.54
2024-06-23,29,2024-07-22,181.33
2024-06-23,30,2024-07-23,178.51
2024-06-24,1,2024-06-25,203.19
2024-06-24,2,2024-06-26,197.52
2024-06-24,3,2024-06-27,194.05
2024-06-24,4,2024-06-28,195.45
2024-06-24,5,2024-06-29,199.29
2024-06-24,6,2024-06-30,191.37
2024-06-24,7,2024-07-01,194.09
2024-06-24,8,2024-07-02,194.16
2024-06-24,9,2024-07-03,190.35
2024-06-24,10,2024-07-04,185.04
2024-06-24,11,2024-07-05,181.89
2024-06-24,12,2024-07-06,179.45
2024-06-24,13,2024-07-07,175.42
2024-06-24,14,2024-07-08,176.82
2024-06-24,15,2024-07-09,175.32
2024-06-24,16,2024-07-10,177.76
2024-06-24,17,2024-07-11,182.26
2024-06-24,18,2024-07-12,181.18
2024-06-24,19,2024-07-13,180.15
2024-06-24,20,2024-07-14,180.61
2024-06-24,21,2024-07-15,182.14
2024-06-24,22,2024-07-16,182.62
2024-06-24,23,2024-07-17,183.62
2024-06-24,24,2024-07-18,183.74
2024-06-24,25,2024-07-19,181.15
2024-06-24,26,2024-07-20,181.44
2024-06-24,27,2024-07-21,184.04
2024-06-24,28,2024-07-22,179.41
2024-06-24,29,2024-07-23,180.77
2024-06-24,30,2024-07-24,181.69
2024-06-25,1,2024-06-26,204.96
2024-06-25,2,2024-06-27,197.95
2024-06-25,3,2024-06-28,198.57
2024-06-25,4,2024-06-29,196.98
2024-06-25,5,2024-06-30,197.5
2024-06-25,6,2024-07-01,192.43
2024-06-25,7,2024-07-02,193.25
2024-06-25,8,2024-07-03,189.94
2024-06-25,9,2024-07-04,185.34
2024-06-25,10,2024-07-05,183.37
2024-06-25,11,2024-07-06,181.47
2024-06-25,12,2024-07-07,179.7
2024-06-25,13,2024-07-08,175.93
2024-06-25,14,2024-07-09,178.69
2024-06-25,15,2024-07-10,176.04
2024-06-25,16,2024-07-11,179.37
2024-06-25,17,2024-07-12,184.02
2024-06-25,18,2024-07-13,179.46
2024-06-25,19,2024-07-14,178.59
2024-06-25,20,2024-07-15,180.68
2024-06-25,21,2024-07-16,181.49
2024-06-25,22,2024-07-17,182.84
2024-06-25,23,2024-07-18,184.43
2024-06-25,24,2024-07-19,183.92
2024-06-25,25,2024-07-20,181.54
2024-06-25,26,2024-07-21,183.35
2024-06-25,27,2024-07-22,184.85
2024-06-25,28,2024-07-23,182.02
2024-06-25,29,2024-07-24,182.57
2024-06-25,30,2024-07-25,180.4
2024-06-26,1,2024-06-27,194.31
2024-06-26,2,2024-06-28,194.85
2024-06-26,3,2024-06-29,197.29
2024-06-26,4,2024-06-30,194.74
2024-06-26,5,2024-07-01,193.84
2024-06-26,6,2024-07-02,188.16
2024-06-26,7,2024-07-03,188.17
2024-06-26,8,2024-07-04,188.53
2024-06-26,9,2024-07-05,183.32
2024-06-26,10,2024-07-06,183.59
2024-06-26,11,2024-07-07,181.21
2024-06-26,12,2024-07-08,179.71
2024-06-26,13,2024-07-09,178.25
2024-06-26,14,2024-07-10,178.46
2024-06-26,15,2024-07-11,179.3
2024-06-26,16,2024-07-12,179.11
2024-06-26,17,2024-07-13,182.49
2024-06-26,18,2024-07-14,179.77
2024-06-26,19,2024-07-15,179.82
2024-06-26,20,2024-07-16,181.37
2024-06-26,21,2024-07-17,182.55
2024-06-26,22,2024-07-18,180.43
2024-06-26,23,2024-07-19,182.84
2024-06-26,24,2024-07-20,183.27
2024-06-26,25,2024-07-21,180.41
2024-06-26,26,2024-07-22,181.95
2024-06-26,27,2024-07-23,182.63
2024-06-26,28,2024-07-24,181.44
2024-06-26,29,2024-07-25,182.24
2024-06-26,30,2024-07-26,182.59
2024-06-27,1,2024-06-28,180.83
2024-06-27,2,2024-06-29,182.81
2024-06-27,3,2024-06-30,182.97
2024-06-27,4,2024-07-01,182.85
2024-06-27,5,2024-07-02,178.49
2024-06-27,6,2024-07-03,178.41
2024-06-27,7,2024-07-04,176.03
2024-06-27,8,2024-07-05,178.08
2024-06-27,9,2024-07-06,175.43
2024-06-27,10,2024-07-07,177.52
2024-06-27,11,2024-07-08,176.99
2024-06-27,12,2024-07-09,176.1
2024-06-27,13,2024-07-10,177.8
2024-06-27,14,2024-07-11,183.69
2024-06-27,15,2024-07-12,180.94
2024-06-27,16,2024-07-13,177.9
2024-06-27,17,2024-07-14,180.46
2024-06-27,18,2024-07-15,181.11
2024-06-27,19,2024-07-16,178.64
2024-06-27,20,2024-07-17,180.97
2024-06-27,21,2024-07-18,180.07
2024-06-27,22,2024-07-19,178.41
2024-06-27,23,2024-07-20,180.15
2024-06-27,24,2024-07-21,180.76
2024-06-27,25,2024-07-22,178.06
2024-06-27,26,2024-07-23,180.34
2024-06-27,27,2024-07-24,180.23
2024-06-27,28,2024-07-25,177.56
2024-06-27,29,2024-07-26,180.74
2024-06-27,30,2024-07-27,177.51
2024-06-28,1,2024-06-29,185.44
2024-06-28,2,2024-06-30,184.21
2024-06-28,3,2024-07-01,182.56
2024-06-28,4,2024-07-02,181.81
2024-06-28,5,2024-07-03,180.38
2024-06-28,6,2024-07-04,177.03
2024-06-28,7,2024-07-05,173.79
2024-06-28,8,2024-07-06,176.1
2024-06-28,9,2024-07-07,174.95
2024-06-28,10,2024-07-08,178.91
2024-06-28,11,2024-07-09,176.58
2024-06-28,12,2024-07-10,179.5
2024-06-28,13,2024-07-11,183.23
2024-06-28,14,2024-07-12,183.89
2024-06-28,15,2024-07-13,179.86
2024-06-28,16,2024-07-14,179.42
2024-06-28,17,2024-07-15,183.52
2024-06-28,18,2024-07-16,182.34
2024-06-28,19,2024-07-17,179.82
2024-06-28,20,2024-07-18,180.43
2024-06-28,21,2024-07-19,180.47
2024-06-28,22,2024-07-20,179.18
2024-06-28,23,2024-07-21,179.13
2024-06-28,24,2024-07-22,179.66
2024-06-28,25,2024-07-23,178.52
2024-06-28,26,2024-07-24,179.44
2024-06-28,27,2024-07-25,180.35
2024-06-28,28,2024-07-26,178.88
2024-06-28,29,2024-07-27,181.21
2024-06-28,30,2024-07-28,177.23
2024-06-29,1,2024-06-30,185.63
2024-06-29,2,2024-07-01,184.43
2024-06-29,3,2024-07-02,185.32
2024-06-29,4,2024-07-03,182.2
2024-06-29,5,2024-07-04,181.49
2024-06-29,6,2024-07-05,179.66
2024-06-29,7,2024-07-06,177.94
2024-06-29,8,2024-07-07,177.29
2024-06-29,9,2024-07-08,177.23
2024-06-29,10,2024-07-09,177.82
2024-06-29,11,2024-07-10,179.18
2024-06-29,12,2024-07-11,182.43
2024-06-29,13,2024-07-12,184.07
2024-06-29,14,2024-07-13,184.9
2024-06-29,15,2024-07-14,181.06
2024-06-29,16,2024-07-15,182.75
2024-06-29,17,2024-07-16,183.34
2024-06-29,18,2024-07-17,183.75
2024-06-29,19,2024-07-18,179.52
2024-06-29,20,2024-07-19,179.01
2024-06-29,21,2024-07-20,179.85
2024-06-29,22,2024-07-21,179.4
2024-06-29,23,2024-07-22,179.07
2024-06-29,24,2024-07-23,179.63
2024-06-29,25,2024-07-24,178.17
2024-06-29,26,2024-07-25,179.95
2024-06-29,27,2024-07-26,182.83
2024-06-29,28,2024-07-27,179.91
2024-06-29,29,2024-07-28,181.19
2024-06-29,30,2024-07-29,178.24
2024-06-30,1,2024-07-01,191.03
2024-06-30,2,2024-07-02,185.02
2024-06-30,3,2024-07-03,184.92
2024-06-30,4,2024-07-04,179.7
2024-06-30,5,2024-07-05,182.31
2024-06-30,6,2024-07-06,173.94
2024-06-30,7,2024-07-07,171.71
2024-06-30,8,2024-07-08,177.14
2024-06-30,9,2024-07-09,176.99
2024-06-30,10,2024-07-10,179.1
2024-06-30,11,2024-07-11,182.53
2024-06-30,12,2024-07-12,183.57
2024-06-30,13,2024-07-13,183.24
2024-06-30,14,2024-07-14,183.47
2024-06-30,15,2024-07-15,182.37
2024-06-30,16,2024-07-16,181.7
2024-06-30,17,2024-07-17,183.87
2024-06-30,18,2024-07-18,183.32
2024-06-30,19,2024-07-19,178.71
2024-06-30,20,2024-07-20,179.76
2024-06-30,21,2024-07-21,181.52
2024-06-30,22,2024-07-22,179.74
2024-06-30,23,2024-07-23,178.96
2024-06-30,24,2024-07-24,180.18
2024-06-30,25,2024-07-25,179.23
2024-06-30,26,2024-07-26,180.55
2024-06-30,27,2024-07-27,183.57
2024-06-30,28,2024-07-28,180.36
2024-06-30,29,2024-07-29,179.36
2024-06-30,30,2024-07-30,178.34
2024-07-01,1,2024-07-02,177.58
2024-07-01,2,2024-07-03,173.7
2024-07-01,3,2024-07-04,168.79
2024-07-01,4,2024-07-05,168.26
2024-07-01,5,2024-07-06,173.23
2024-07-01,6,2024-07-07,167.15
2024-07-01,7,2024-07-08,172.35
2024-07-01,8,2024-07-09,177.24
2024-07-01,9,2024-07-10,178.21
2024-07-01,10,2024-07-11,181.83
2024-07-01,11,2024-07-12,181.96
2024-07-01,12,2024-07-13,180.66
2024-07-01,13,2024-07-14,180.36
2024-07-01,14,2024-07-15,184.77
2024-07-01,15,2024-07-16,182.26
2024-07-01,16,2024-07-17,183.6
2024-07-01,17,2024-07-18,183.56
2024-07-01,18,2024-07-19,181.16
2024-07-01,19,2024-07-20,179.66
2024-07-01,20,2024-07-21,177.28
2024-07-01,21,2024-07-22,180.15
2024-07-01,22,2024-07-23,179.07
2024-07-01,23,2024-07-24,177.53
2024-07-01,24,2024-07-25,178.65
2024-07-01,25,2024-07-26,176.8
2024-07-01,26,2024-07-27,178.41
2024-07-01,27,2024-07-28,178.6
2024-07-01,28,2024-07-29,175.78
2024-07-01,29,2024-07-30,176.53
2024-07-01,30,2024-07-31,175.75
2024-07-02,1,2024-07-03,173.17
2024-07-02,2,2024-07-04,167.96
2024-07-02,3,2024-07-05,166.43
2024-07-02,4,2024-07-06,165.45
2024-07-02,5,2024-07-07,172.83
2024-07-02,6,2024-07-08,171.32
2024-07-02,7,2024-07-09,171.15
2024-07-02,8,2024-07-10,176.8
2024-07-02,9,2024-07-11,180.14
2024-07-02,10,2024-07-12,180.82
2024-07-02,11,2024-07-13,182.6
2024-07-02,12,2024-07-14,180.61
2024-07-02,13,2024-07-15,181.46
2024-07-02,14,2024-07-16,184.0
2024-07-02,15,2024-07-17,182.84
2024-07-02,16,2024-07-18,182.52
2024-07-02,17,2024-07-19,180.33
2024-07-02,18,2024-07-20,181.36
2024-07-02,19,2024-07-21,179.14
2024-07-02,20,2024-07-22,178.33
2024-07-02,21,2024-07-23,180.38
2024-07-02,22,2024-07-24,177.92
2024-07-02,23,2024-07-25,177.02
2024-07-02,24,2024-07-26,176.06
2024-07-02,25,2024-07-27,175.91
2024-07-02,26,2024-07-28,175.91
2024-07-02,27,2024-07-29,176.27
2024-07-02,28,2024-07-30,174.48
2024-07-02,29,2024-07-31,175.19
2024-07-02,30,2024-08-01,173.94
2024-07-03,1,2024-07-04,164.66
2024-07-03,2,2024-07-05,164.66
2024-07-03,3,2024-07-06,166.16
2024-07-03,4,2024-07-07,163.78
2024-07-03,5,2024-07-08,171.84
2024-07-03,6,2024-07-09,170.17
2024-07-03,7,2024-07-10,170.6
2024-07-03,8,2024-07-11,177.19
2024-07-03,9,2024-07-12,178.57
2024-07-03,10,2024-07-13,181.24
2024-07-03,11,2024-07-14,182.41
2024-07-03,12,2024-07-15,181.9
2024-07-03,13,2024-07-16,181.86
2024-07-03,14,2024-07-17,184.09
2024-07-03,15,2024-07-18,181.83
2024-07-03,16,2024-07-19,180.34
2024-07-03,17,2024-07-20,180.86
2024-07-03,18,2024-07-21,179.2
2024-07-03,19,2024-07-22,178.04
2024-07-03,20,2024-07-23,178.74
2024-07-03,21,2024-07-24,176.98
2024-07-03,22,2024-07-25,178.11
2024-07-03,23,2024-07-26,176.48
2024-07-03,24,2024-07-27,176.81
2024-07-03,25,2024-07-28,172.93
2024-07-03,26,2024-07-29,173.81
2024-07-03,27,2024-07-30,173.1
2024-07-03,28,2024-07-31,172.53
2024-07-03,29,2024-08-01,173.46
2024-07-03,30,2024-08-02,172.93
2024-07-04,1,2024-07-05,166.81
2024-07-04,2,2024-07-06,165.36
2024-07-04,3,2024-07-07,162.32
2024-07-04,4,2024-07-08,161.12
2024-07-04,5,2024-07-09,171.5
2024-07-04,6,2024-07-10,167.97
2024-07-04,7,2024-07-11,170.55
2024-07-04,8,2024-07-12,175.47
2024-07-04,9,2024-07-13,178.9
2024-07-04,10,2024-07-14,181.17
2024-07-04,11,2024-07-15,181.51
2024-07-04,12,2024-07-16,182.24
2024-07-04,13,2024-07-17,183.21
2024-07-04,14,2024-07-18,185.41
2024-07-04,15,2024-07-19,180.12
2024-07-04,16,2024-07-20,180.49
2024-07-04,17,2024-07-21,182.08
2024-07-04,18,2024-07-22,180.24
2024-07-04,19,2024-07-23,178.99
2024-07-04,20,2024-07-24,179.47
2024-07-04,21,2024-07-25,178.16
2024-07-04,22,2024-07-26,177.83
2024-07-04,23,2024-07-27,177.38
2024-07-04,24,2024-07-28,175.83
2024-07-04,25,2024-07-29,173.17
2024-07-04,26,2024-07-30,173.39
2024-07-04,27,2024-07-31,174.01
2024-07-04,28,2024-08-01,172.15
2024-07-04,29,2024-08-02,174.82
2024-07-04,30,2024-08-03,173.28
2024-07-05,1,2024-07-06,174.64
2024-07-05,2,2024-07-07,172.98
2024-07-05,3,2024-07-08,169.99
2024-07-05,4,2024-07-09,171.32
2024-07-05,5,2024-07-10,180.17
2024-07-05,6,2024-07-11,175.24
2024-07-05,7,2024-07-12,173.78
2024-07-05,8,2024-07-13,180.81
2024-07-05,9,2024-07-14,182.69
2024-07-05,10,2024-07-15,185.06
2024-07-05,11,2024-07-16,183.29
2024-07-05,12,2024-07-17,184.05
2024-07-05,13,2024-07-18,182.96
2024-07-05,14,2024-07-19,183.24
2024-07-05,15,2024-07-20,180.29
2024-07-05,16,2024-07-21,181.18
2024-07-05,17,2024-07-22,181.28
2024-07-05,18,2024-07-23,179.35
2024-07-05,19,2024-07-24,177.79
2024-07-05,20,2024-07-25,180.8
2024-07-05,21,2024-07-26,179.23
2024-07-05,22,2024-07-27,178.61
2024-07-05,23,2024-07-28,176.57
2024-07-05,24,2024-07-29,175.04
2024-07-05,25,2024-07-30,173.88
2024-07-05,26,2024-07-31,174.98
2024-07-05,27,2024-08-01,177.29
2024-07-05,28,2024-08-02,175.03
2024-07-05,29,2024-08-03,176.38
2024-07-05,30,2024-08-04,174.54
2024-07-06,1,2024-07-07,167.89
2024-07-06,2,2024-07-08,166.58
2024-07-06,3,2024-07-09,166.52
2024-07-06,4,2024-07-10,169.38
2024-07-06,5,2024-07-11,174.97
2024-07-06,6,2024-07-12,179.8
2024-07-06,7,2024-07-13,179.2
2024-07-06,8,2024-07-14,181.42
2024-07-06,9,2024-07-15,182.74
2024-07-06,10,2024-07-16,182.44
2024-07-06,11,2024-07-17,182.74
2024-07-06,12,2024-07-18,183.53
2024-07-06,13,2024-07-19,179.69
2024-07-06,14,2024-07-20,181.96
2024-07-06,15,2024-07-21,179.66
2024-07-06,16,2024-07-22,180.64
2024-07-06,17,2024-07-23,180.47
2024-07-06,18,2024-07-24,179.1
2024-07-06,19,2024-07-25,179.52
2024-07-06,20,2024-07-26,178.62
2024-07-06,21,2024-07-27,178.7
2024-07-06,22,2024-07-28,175.31
2024-07-06,23,2024-07-29,172.81
2024-07-06,24,2024-07-30,172.92
2024-07-06,25,2024-07-31,173.36
2024-07-06,26,2024-08-01,174.4
2024-07-06,27,2024-08-02,176.03
2024-07-06,28,2024-08-03,174.38
2024-07-06,29,2024-08-04,175.33
2024-07-06,30,2024-08-05,172.91
2024-07-07,1,2024-07-08,166.77
2024-07-07,2,2024-07-09,165.71
2024-07-07,3,2024-07-10,171.89
2024-07-07,4,2024-07-11,173.77
2024-07-07,5,2024-07-12,180.73
2024-07-07,6,2024-07-13,180.26
2024-07-07,7,2024-07-14,179.35
2024-07-07,8,2024-07-15,181.98
2024-07-07,9,2024-07-16,181.63
2024-07-07,10,2024-07-17,183.46
2024-07-07,11,2024-07-18,182.42
2024-07-07,12,2024-07-19,179.76
2024-07-07,13,2024-07-20,179.15
2024-07-07,14,2024-07-21,179.63
2024-07-07,15,2024-07-22,180.0
2024-07-07,16,2024-07-23,179.36
2024-07-07,17,2024-07-24,180.27
2024-07-07,18,2024-07-25,180.12
2024-07-07,19,2024-07-26,178.48
2024-07-07,20,2024-07-27,179.28
2024-07-07,21,2024-07-28,175.08
2024-07-07,22,2024-07-29,173.53
2024-07-07,23,2024-07-30,171.37
2024-07-07,24,2024-07-31,174.06
2024-07-07,25,2024-08-01,173.75
2024-07-07,26,2024-08-02,174.08
2024-07-07,27,2024-08-03,176.11
2024-07-07,28,2024-08-04,174.32
2024-07-07,29,2024-08-05,172.54
2024-07-07,30,2024-08-06,172.2
2024-07-08,1,2024-07-09,170.05
2024-07-08,2,2024-07-10,171.29
2024-07-08,3,2024-07-11,175.78
2024-07-08,4,2024-07-12,180.77
2024-07-08,5,2024-07-13,182.73
2024-07-08,6,2024-07-14,185.01
2024-07-08,7,2024-07-15,182.14
2024-07-08,8,2024-07-16,181.35
2024-07-08,9,2024-07-17,181.65
2024-07-08,10,2024-07-18,181.63
2024-07-08,11,2024-07-19,178.3
2024-07-08,12,2024-07-20,180.29
2024-07-08,13,2024-07-21,178.42
2024-07-08,14,2024-07-22,182.93
2024-07-08,15,2024-07-23,178.62
2024-07-08,16,2024-07-24,178.74
2024-07-08,17,2024-07-25,181.91
2024-07-08,18,2024-07-26,178.76
2024-07-08,19,2024-07-27,177.58
2024-07-08,20,2024-07-28,176.58
2024-07-08,21,2024-07-29,174.38
2024-07-08,22,2024-07-30,172.74
2024-07-08,23,2024-07-31,172.91
2024-07-08,24,2024-08-01,174.86
2024-07-08,25,2024-08-02,172.88
2024-07-08,26,2024-08-03,174.44
2024-07-08,27,2024-08-04,176.6
2024-07-08,28,2024-08-05,173.88
2024-07-08,29,2024-08-06,174.86
2024-07-08,30,2024-08-07,174.74
2024-07-09,1,2024-07-10,174.72
2024-07-09,2,2024-07-11,174.37
2024-07-09,3,2024-07-12,177.97
2024-07-09,4,2024-07-13,177.34
2024-07-09,5,2024-07-14,182.31
2024-07-09,6,2024-07-15,181.58
2024-07-09,7,2024-07-16,178.87
2024-07-09,8,2024-07-17,177.5
2024-07-09,9,2024-07-18,177.75
2024-07-09,10,2024-07-19,176.49
2024-07-09,11,2024-07-20,178.37
2024-07-09,12,2024-07-21,179.78
2024-07-09,13,2024-07-22,179.93
2024-07-09,14,2024-07-23,179.61
2024-07-09,15,2024-07-24,177.95
2024-07-09,16,2024-07-25,179.96
2024-07-09,17,2024-07-26,179.53
2024-07-09,18,2024-07-27,178.77
2024-07-09,19,2024-07-28,174.28
2024-07-09,20,2024-07-29,173.37
2024-07-09,21,2024-07-30,172.18
2024-07-09,22,2024-07-31,173.16
2024-07-09,23,2024-08-01,174.12
2024-07-09,24,2024-08-02,173.86
2024-07-09,25,2024-08-03,172.72
2024-07-09,26,2024-08-04,173.95
2024-07-09,27,2024-08-05,174.48
2024-07-09,28,2024-08-06,173.09
2024-07-09,29,2024-08-07,174.72
2024-07-09,30,2024-08-08,175.08
2024-07-10,1,2024-07-11,187.55
2024-07-10,2,2024-07-12,188.77
2024-07-10,3,2024-07-13,192.25
2024-07-10,4,2024-07-14,194.61
2024-07-10,5,2024-07-15,196.74
2024-07-10,6,2024-07-16,192.42
2024-07-10,7,2024-07-17,189.21
2024-07-10,8,2024-07-18,185.37
2024-07-10,9,2024-07-19,181.09
2024-07-10,10,2024-07-20,180.29
2024-07-10,11,2024-07-21,182.1
2024-07-10,12,2024-07-22,182.03
2024-07-10,13,2024-07-23,181.03
2024-07-10,14,2024-07-24,181.2
2024-07-10,15,2024-07-25,181.73
2024-07-10,16,2024-07-26,179.3
2024-07-10,17,2024-07-27,179.4
2024-07-10,18,2024-07-28,176.98
2024-07-10,19,2024-07-29,173.75
2024-07-10,20,2024-07-30,174.01
2024-07-10,21,2024-07-31,172.87
2024-07-10,22,2024-08-01,175.19
2024-07-10,23,2024-08-02,173.67
2024-07-10,24,2024-08-03,176.8
2024-07-10,25,2024-08-04,175.51
2024-07-10,26,2024-08-05,176.18
2024-07-10,27,2024-08-06,177.41
2024-07-10,28,2024-08-07,176.24
2024-07-10,29,2024-08-08,178.6
2024-07-10,30,2024-08-09,177.59
2024-07-11,1,2024-07-12,207.26
2024-07-11,2,2024-07-13,208.82
2024-07-11,3,2024-07-14,214.5
2024-07-11,4,2024-07-15,209.96
2024-07-11,5,2024-07-16,216.66
2024-07-11,6,2024-07-17,208.86
2024-07-11,7,2024-07-18,208.28
2024-07-11,8,2024-07-19,200.73
2024-07-11,9,2024-07-20,195.91
2024-07-11,10,2024-07-21,191.11
2024-07-11,11,2024-07-22,193.57
2024-07-11,12,2024-07-23,188.54
2024-07-11,13,2024-07-24,187.69
2024-07-11,14,2024-07-25,185.13
2024-07-11,15,2024-07-26,180.39
2024-07-11,16,2024-07-27,180.19
2024-07-11,17,2024-07-28,177.97
2024-07-11,18,2024-07-29,176.62
2024-07-11,19,2024-07-30,175.73
2024-07-11,20,2024-07-31,175.45
2024-07-11,21,2024-08-01,178.06
2024-07-11,22,2024-08-02,178.71
2024-07-11,23,2024-08-03,179.9
2024-07-11,24,2024-08-04,181.49
2024-07-11,25,2024-08-05,181.26
2024-07-11,26,2024-08-06,182.52
2024-07-11,27,2024-08-07,183.6
2024-07-11,28,2024-08-08,183.02
2024-07-11,29,2024-08-09,186.21
2024-07-11,30,2024-08-10,182.92
2024-07-12,1,2024-07-13,203.91
2024-07-12,2,2024-07-14,205.56
2024-07-12,3,2024-07-15,209.05
2024-07-12,4,2024-07-16,205.2
2024-07-12,5,2024-07-17,211.69
2024-07-12,6,2024-07-18,204.6
2024-07-12,7,2024-07-19,204.88
2024-07-12,8,2024-07-20,197.91
2024-07-12,9,2024-07-21,194.17
2024-07-12,10,2024-07-22,196.85
2024-07-12,11,2024-07-23,190.22
2024-07-12,12,2024-07-24,190.8
2024-07-12,13,2024-07-25,189.51
2024-07-12,14,2024-07-26,181.85
2024-07-12,15,2024-07-27,180.15
2024-07-12,16,2024-07-28,175.92
2024-07-12,17,2024-07-29,174.72
2024-07-12,18,2024-07-30,175.18
2024-07-12,19,2024-07-31,174.11
2024-07-12,20,2024-08-01,175.62
2024-07-12,21,2024-08-02,175.6
2024-07-12,22,2024-08-03,177.95
2024-07-12,23,2024-08-04,179.66
2024-07-12,24,2024-08-05,180.92
2024-07-12,25,2024-08-06,180.81
2024-07-12,26,2024-08-07,185.34
2024-07-12,27,2024-08-08,182.42
2024-07-12,28,2024-08-09,182.06
2024-07-12,29,2024-08-10,183.06
2024-07-12,30,2024-08-11,180.77
2024-07-13,1,2024-07-14,212.37
2024-07-13,2,2024-07-15,205.15
2024-07-13,3,2024-07-16,205.81
2024-07-13,4,2024-07-17,203.07
2024-07-13,5,2024-07-18,204.34
2024-07-13,6,2024-07-19,198.41
2024-07-13,7,2024-07-20,201.9
2024-07-13,8,2024-07-21,197.68
2024-07-13,9,2024-07-22,199.25
2024-07-13,10,2024-07-23,194.52
2024-07-13,11,2024-07-24,195.7
2024-07-13,12,2024-07-25,191.97
2024-07-13,13,2024-07-26,186.71
2024-07-13,14,2024-07-27,183.22
2024-07-13,15,2024-07-28,176.28
2024-07-13,16,2024-07-29,174.18
2024-07-13,17,2024-07-30,174.25
2024-07-13,18,2024-07-31,176.8
2024-07-13,19,2024-08-01,174.94
2024-07-13,20,2024-08-02,175.14
2024-07-13,21,2024-08-03,177.91
2024-07-13,22,2024-08-04,180.36
2024-07-13,23,2024-08-05,180.07
2024-07-13,24,2024-08-06,183.98
2024-07-13,25,2024-08-07,183.87
2024-07-13,26,2024-08-08,183.48
2024-07-13,27,2024-08-09,182.35
2024-07-13,28,2024-08-10,181.21
2024-07-13,29,2024-08-11,182.54
2024-07-13,30,2024-08-12,181.42
2024-07-14,1,2024-07-15,228.92
2024-07-14,2,2024-07-16,217.83
2024-07-14,3,2024-07-17,217.98
2024-07-14,4,2024-07-18,218.74
2024-07-14,5,2024-07-19,214.47
2024-07-14,6,2024-07-20,216.72
2024-07-14,7,2024-07-21,211.88
2024-07-14,8,2024-07-22,207.09
2024-07-14,9,2024-07-23,201.59
2024-07-14,10,2024-07-24,198.43
2024-07-14,11,2024-07-25,198.24
2024-07-14,12,2024-07-26,191.26
2024-07-14,13,2024-07-27,186.23
2024-07-14,14,2024-07-28,178.42
2024-07-14,15,2024-07-29,174.1
2024-07-14,16,2024-07-30,175.03
2024-07-14,17,2024-07-31,177.77
2024-07-14,18,2024-08-01,177.29
2024-07-14,19,2024-08-02,175.97
2024-07-14,20,2024-08-03,178.39
2024-07-14,21,2024-08-04,183.0
2024-07-14,22,2024-08-05,184.34
2024-07-14,23,2024-08-06,185.61
2024-07-14,24,2024-08-07,188.61
2024-07-14,25,2024-08-08,186.84
2024-07-14,26,2024-08-09,188.79
2024-07-14,27,2024-08-10,186.73
2024-07-14,28,2024-08-11,184.36
2024-07-14,29,2024-08-12,183.2
2024-07-14,30,2024-08-13,183.85
2024-07-15,1,2024-07-16,230.79
2024-07-15,2,2024-07-17,226.35
2024-07-15,3,2024-07-18,226.22
2024-07-15,4,2024-07-19,220.54
2024-07-15,5,2024-07-20,231.41
2024-07-15,6,2024-07-21,222.49
2024-07-15,7,2024-07-22,214.95
2024-07-15,8,2024-07-23,207.25
2024-07-15,9,2024-07-24,203.46
2024-07-15,10,2024-07-25,199.99
2024-07-15,11,2024-07-26,194.51
2024-07-15,12,2024-07-27,190.03
2024-07-15,13,2024-07-28,181.33
2024-07-15,14,2024-07-29,176.85
2024-07-15,15,2024-07-30,175.52
2024-07-15,16,2024-07-31,175.07
2024-07-15,17,2024-08-01,179.42
2024-07-15,18,2024-08-02,176.28
2024-07-15,19,2024-08-03,176.47
2024-07-15,20,2024-08-04,179.93
2024-07-15,21,2024-08-05,184.09
2024-07-15,22,2024-08-06,185.41
2024-07-15,23,2024-08-07,190.13
2024-07-15,24,2024-08-08,188.91
2024-07-15,25,2024-08-09,188.61
2024-07-15,26,2024-08-10,191.36
2024-07-15,27,2024-08-11,186.54
2024-07-15,28,2024-08-12,184.03
2024-07-15,29,2024-08-13,183.4
2024-07-15,30,2024-08-14,184.06
2024-07-16,1,2024-07-17,237.34
2024-07-16,2,2024-07-18,240.5
2024-07-16,3,2024-07-19,245.73
2024-07-16,4,2024-07-20,233.27
2024-07-16,5,2024-07-21,237.79
2024-07-16,6,2024-07-22,229.59
2024-07-16,7,2024-07-23,213.53
2024-07-16,8,2024-07-24,211.01
2024-07-16,9,2024-07-25,204.83
2024-07-16,10,2024-07-26,198.47
2024-07-16,11,2024-07-27,194.46
2024-07-16,12,2024-07-28,183.11
2024-07-16,13,2024-07-29,177.8
2024-07-16,14,2024-07-30,177.57
2024-07-16,15,2024-07-31,175.97
2024-07-16,16,2024-08-01,175.85
2024-07-16,17,2024-08-02,176.79
2024-07-16,18,2024-08-03,176.62
2024-07-16,19,2024-08-04,179.35
2024-07-16,20,2024-08-05,180.94
2024-07-16,21,2024-08-06,183.92
2024-07-16,22,2024-08-07,188.38
2024-07-16,23,2024-08-08,187.57
2024-07-16,24,2024-08-09,189.64
2024-07-16,25,2024-08-10,189.83
2024-07-16,26,2024-08-11,192.01
2024-07-16,27,2024-08-12,187.64
2024-07-16,28,2024-08-13,184.64
2024-07-16,29,2024-08-14,185.26
2024-07-16,30,2024-08-15,187.29
2024-07-17,1,2024-07-18,247.96
2024-07-17,2,2024-07-19,244.15
2024-07-17,3,2024-07-20,244.33
2024-07-17,4,2024-07-21,224.97
2024-07-17,5,2024-07-22,236.21
2024-07-17,6,2024-07-23,221.1
2024-07-17,7,2024-07-24,215.73
2024-07-17,8,2024-07-25,209.27
2024-07-17,9,2024-07-26,201.84
2024-07-17,10,2024-07-27,194.33
2024-07-17,11,2024-07-28,186.19
2024-07-17,12,2024-07-29,179.04
2024-07-17,13,2024-07-30,175.27
2024-07-17,14,2024-07-31,177.47
2024-07-17,15,2024-08-01,176.1
2024-07-17,16,2024-08-02,174.95
2024-07-17,17,2024-08-03,178.49
2024-07-17,18,2024-08-04,180.55
2024-07-17,19,2024-08-05,180.58
2024-07-17,20,2024-08-06,184.28
2024-07-17,21,2024-08-07,187.97
2024-07-17,22,2024-08-08,188.84
2024-07-17,23,2024-08-09,190.25
2024-07-17,24,2024-08-10,193.23
2024-07-17,25,2024-08-11,191.62
2024-07-17,26,2024-08-12,193.85
2024-07-17,27,2024-08-13,190.94
2024-07-17,28,2024-08-14,188.27
2024-07-17,29,2024-08-15,189.85
2024-07-17,30,2024-08-16,187.97
2024-07-18,1,2024-07-19,229.22
2024-07-18,2,2024-07-20,228.83
2024-07-18,3,2024-07-21,224.67
2024-07-18,4,2024-07-22,217.4
2024-07-18,5,2024-07-23,217.84
2024-07-18,6,2024-07-24,215.98
2024-07-18,7,2024-07-25,212.05
2024-07-18,8,2024-07-26,202.64
2024-07-18,9,2024-07-27,197.62
2024-07-18,10,2024-07-28,184.77
2024-07-18,11,2024-07-29,181.08
2024-07-18,12,2024-07-30,178.34
2024-07-18,13,2024-07-31,176.81
2024-07-18,14,2024-08-01,177.7
2024-07-18,15,2024-08-02,175.92
2024-07-18,16,2024-08-03,177.81
2024-07-18,17,2024-08-04,181.91
2024-07-18,18,2024-08-05,181.64
2024-07-18,19,2024-08-06,182.65
2024-07-18,20,2024-08-07,185.26
2024-07-18,21,2024-08-08,187.99
2024-07-18,22,2024-08-09,188.99
2024-07-18,23,2024-08-10,192.05
2024-07-18,24,2024-08-11,192.18
2024-07-18,25,2024-08-12,189.72
2024-07-18,26,2024-08-13,192.57
2024-07-18,27,2024-08-14,189.86
2024-07-18,28,2024-08-15,188.16
2024-07-18,29,2024-08-16,189.33
2024-07-18,30,2024-08-17,186.19
2024-07-19,1,2024-07-20,217.43
2024-07-19,2,2024-07-21,215.52
2024-07-19,3,2024-07-22,214.42
2024-07-19,4,2024-07-23,207.96
2024-07-19,5,2024-07-24,214.82
2024-07-19,6,2024-07-25,204.97
2024-07-19,7,2024-07-26,197.88
2024-07-19,8,2024-07-27,192.18
2024-07-19,9,2024-07-28,182.29
2024-07-19,10,2024-07-29,178.22
2024-07-19,11,2024-07-30,178.25
2024-07-19,12,2024-07-31,177.97
2024-07-19,13,2024-08-01,177.43
2024-07-19,14,2024-08-02,176.08
2024-07-19,15,2024-08-03,176.08
2024-07-19,16,2024-08-04,179.98
2024-07-19,17,2024-08-05,181.25
2024-07-19,18,2024-08-06,183.12
2024-07-19,19,2024-08-07,185.14
2024-07-19,20,2024-08-08,183.74
2024-07-19,21,2024-08-09,187.6
2024-07-19,22,2024-08-10,189.2
2024-07-19,23,2024-08-11,188.93
2024-07-19,24,2024-08-12,190.71
2024-07-19,25,2024-08-13,188.65
2024-07-19,26,2024-08-14,190.45
2024-07-19,27,2024-08-15,189.59
2024-07-19,28,2024-08-16,187.66
2024-07-19,29,2024-08-17,186.99
2024-07-19,30,2024-08-18,184.11
2024-07-20,1,2024-07-21,209.11
2024-07-20,2,2024-07-22,201.22
2024-07-20,3,2024-07-23,197.28
2024-07-20,4,2024-07-24,195.76
2024-07-20,5,2024-07-25,200.65
2024-07-20,6,2024-07-26,187.9
2024-07-20,7,2024-07-27,181.18
2024-07-20,8,2024-07-28,175.97
2024-07-20,9,2024-07-29,174.91
2024-07-20,10,2024-07-30,175.23
2024-07-20,11,2024-07-31,175.32
2024-07-20,12,2024-08-01,177.24
2024-07-20,13,2024-08-02,173.4
2024-07-20,14,2024-08-03,177.03
2024-07-20,15,2024-08-04,179.93
2024-07-20,16,2024-08-05,180.8
2024-07-20,17,2024-08-06,182.96
2024-07-20,18,2024-08-07,187.34
2024-07-20,19,2024-08-08,183.45
2024-07-20,20,2024-08-09,185.43
2024-07-20,21,2024-08-10,188.26
2024-07-20,22,2024-08-11,188.23
2024-07-20,23,2024-08-12,189.21
2024-07-20,24,2024-08-13,190.55
2024-07-20,25,2024-08-14,186.93
2024-07-20,26,2024-08-15,191.53
2024-07-20,27,2024-08-16,188.74
2024-07-20,28,2024-08-17,188.21
2024-07-20,29,2024-08-18,186.79
2024-07-20,30,2024-08-19,183.61
2024-07-21,1,2024-07-22,205.24
2024-07-21,2,2024-07-23,195.19
2024-07-21,3,2024-07-24,197.4
2024-07-21,4,2024-07-25,192.37
2024-07-21,5,2024-07-26,191.57
2024-07-21,6,2024-07-27,182.0
2024-07-21,7,2024-07-28,177.79
2024-07-21,8,2024-07-29,177.68
2024-07-21,9,2024-07-30,175.79
2024-07-21,10,2024-07-31,176.49
2024-07-21,11,2024-08-01,175.51
2024-07-21,12,2024-08-02,175.38
2024-07-21,13,2024-08-03,177.78
2024-07-21,14,2024-08-04,180.39
2024-07-21,15,2024-08-05,179.34
2024-07-21,16,2024-08-06,183.7
2024-07-21,17,2024-08-07,188.48
2024-07-21,18,2024-08-08,184.93
2024-07-21,19,2024-08-09,183.87
2024-07-21,20,2024-08-10,187.66
2024-07-21,21,2024-08-11,189.5
2024-07-21,22,2024-08-12,189.31
2024-07-21,23,2024-08-13,189.59
2024-07-21,24,2024-08-14,190.92
2024-07-21,25,2024-08-15,190.73
2024-07-21,26,2024-08-16,192.23
2024-07-21,27,2024-08-17,191.18
2024-07-21,28,2024-08-18,187.17
2024-07-21,29,2024-08-19,189.06
2024-07-21,30,2024-08-20,186.63
2024-07-22,1,2024-07-23,194.57
2024-07-22,2,2024-07-24,189.91
2024-07-22,3,2024-07-25,186.42
2024-07-22,4,2024-07-26,180.13
2024-07-22,5,2024-07-27,176.8
2024-07-22,6,2024-07-28,166.52
2024-07-22,7,2024-07-29,168.14
2024-07-22,8,2024-07-30,172.45
2024-07-22,9,2024-07-31,176.61
2024-07-22,10,2024-08-01,176.16
2024-07-22,11,2024-08-02,174.7
2024-07-22,12,2024-08-03,176.72
2024-07-22,13,2024-08-04,178.29
2024-07-22,14,2024-08-05,182.6
2024-07-22,15,2024-08-06,182.45
2024-07-22,16,2024-08-07,186.63
2024-07-22,17,2024-08-08,184.71
2024-07-22,18,2024-08-09,184.92
2024-07-22,19,2024-08-10,186.57
2024-07-22,20,2024-08-11,186.95
2024-07-22,21,2024-08-12,189.55
2024-07-22,22,2024-08-13,189.72
2024-07-22,23,2024-08-14,189.24
2024-07-22,24,2024-08-15,190.89
2024-07-22,25,2024-08-16,188.53
2024-07-22,26,2024-08-17,190.13
2024-07-22,27,2024-08-18,187.8
2024-07-22,28,2024-08-19,186.87
2024-07-22,29,2024-08-20,187.36
2024-07-22,30,2024-08-21,184.42
2024-07-23,1,2024-07-24,184.23
2024-07-23,2,2024-07-25,178.97
2024-07-23,3,2024-07-26,172.2
2024-07-23,4,2024-07-27,170.84
2024-07-23,5,2024-07-28,166.82
2024-07-23,6,2024-07-29,162.44
2024-07-23,7,2024-07-30,164.08
2024-07-23,8,2024-07-31,167.55
2024-07-23,9,2024-08-01,172.41
2024-07-23,10,2024-08-02,170.89
2024-07-23,11,2024-08-03,172.06
2024-07-23,12,2024-08-04,176.0
2024-07-23,13,2024-08-05,177.88
2024-07-23,14,2024-08-06,181.82
2024-07-23,15,2024-08-07,187.79
2024-07-23,16,2024-08-08,183.18
2024-07-23,17,2024-08-09,184.5
2024-07-23,18,2024-08-10,188.95
2024-07-23,19,2024-08-11,186.28
2024-07-23,20,2024-08-12,187.57
2024-07-23,21,2024-08-13,190.72
2024-07-23,22,2024-08-14,186.41
2024-07-23,23,2024-08-15,187.75
2024-07-23,24,2024-08-16,188.42
2024-07-23,25,2024-08-17,187.23
2024-07-23,26,2024-08-18,187.06
2024-07-23,27,2024-08-19,186.69
2024-07-23,28,2024-08-20,183.69
2024-07-23,29,2024-08-21,184.54
2024-07-23,30,2024-08-22,182.3
2024-07-24,1,2024-07-25,177.75
2024-07-24,2,2024-07-26,170.93
2024-07-24,3,2024-07-27,167.27
2024-07-24,4,2024-07-28,164.94
2024-07-24,5,2024-07-29,161.34
2024-07-24,6,2024-07-30,161.11
2024-07-24,7,2024-07-31,166.82
2024-07-24,8,2024-08-01,168.31
2024-07-24,9,2024-08-02,170.16
2024-07-24,10,2024-08-03,169.66
2024-07-24,11,2024-08-04,171.45
2024-07-24,12,2024-08-05,175.17
2024-07-24,13,2024-08-06,178.83
2024-07-24,14,2024-08-07,186.78
2024-07-24,15,2024-08-08,184.01
2024-07-24,16,2024-08-09,184.15
2024-07-24,17,2024-08-10,187.54
2024-07-24,18,2024-08-11,185.89
2024-07-24,19,2024-08-12,186.95
2024-07-24,20,2024-08-13,188.49
2024-07-24,21,2024-08-14,188.62
2024-07-24,22,2024-08-15,187.03
2024-07-24,23,2024-08-16,186.22
2024-07-24,24,2024-08-17,187.78
2024-07-24,25,2024-08-18,184.72
2024-07-24,26,2024-08-19,182.97
2024-07-24,27,2024-08-20,183.36
2024-07-24,28,2024-08-21,180.37
2024-07-24,29,2024-08-22,180.59
2024-07-24,30,2024-08-23,179.22
2024-07-25,1,2024-07-26,173.84
2024-07-25,2,2024-07-27,172.65
2024-07-25,3,2024-07-28,170.8
2024-07-25,4,2024-07-29,165.59
2024-07-25,5,2024-07-30,167.5
2024-07-25,6,2024-07-31,163.91
2024-07-25,7,2024-08-01,168.65
2024-07-25,8,2024-08-02,168.68
2024-07-25,9,2024-08-03,169.85
2024-07-25,10,2024-08-04,170.76
2024-07-25,11,2024-08-05,173.12
2024-07-25,12,2024-08-06,179.76
2024-07-25,13,2024-08-07,182.82
2024-07-25,14,2024-08-08,184.5
2024-07-25,15,2024-08-09,183.55
2024-07-25,16,2024-08-10,187.63
2024-07-25,17,2024-08-11,186.32
2024-07-25,18,2024-08-12,186.32
2024-07-25,19,2024-08-13,187.05
2024-07-25,20,2024-08-14,186.32
2024-07-25,21,2024-08-15,188.02
2024-07-25,22,2024-08-16,186.44
2024-07-25,23,2024-08-17,186.92
2024-07-25,24,2024-08-18,185.13
2024-07-25,25,2024-08-19,182.86
2024-07-25,26,2024-08-20,181.6
2024-07-25,27,2024-08-21,183.83
2024-07-25,28,2024-08-22,180.68
2024-07-25,29,2024-08-23,179.85
2024-07-25,30,2024-08-24,177.52
2024-07-26,1,2024-07-27,170.97
2024-07-26,2,2024-07-28,168.98
2024-07-26,3,2024-07-29,167.43
2024-07-26,4,2024-07-30,165.38
2024-07-26,5,2024-07-31,166.66
2024-07-26,6,2024-08-01,166.67
2024-07-26,7,2024-08-02,166.95
2024-07-26,8,2024-08-03,169.36
2024-07-26,9,2024-08-04,171.61
2024-07-26,10,2024-08-05,173.12
2024-07-26,11,2024-08-06,178.27
2024-07-26,12,2024-08-07,182.41
2024-07-26,13,2024-08-08,182.32
2024-07-26,14,2024-08-09,186.5
2024-07-26,15,2024-08-10,185.92
2024-07-26,16,2024-08-11,184.92
2024-07-26,17,2024-08-12,185.84
2024-07-26,18,2024-08-13,185.89
2024-07-26,19,2024-08-14,184.03
2024-07-26,20,2024-08-15,186.76
2024-07-26,21,2024-08-16,187.09
2024-07-26,22,2024-08-17,185.14
2024-07-26,23,2024-08-18,183.21
2024-07-26,24,2024-08-19,182.96
2024-07-26,25,2024-08-20,179.53
2024-07-26,26,2024-08-21,180.0
2024-07-26,27,2024-08-22,180.76
2024-07-26,28,2024-08-23,176.57
2024-07-26,29,2024-08-24,177.35
2024-07-26,30,2024-08-25,176.74
2024-07-27,1,2024-07-28,178.67
2024-07-27,2,2024-07-29,177.44
2024-07-27,3,2024-07-30,175.5
2024-07-27,4,2024-07-31,173.58
2024-07-27,5,2024-08-01,178.71
2024-07-27,6,2024-08-02,174.57
2024-07-27,7,2024-08-03,174.39
2024-07-27,8,2024-08-04,174.95
2024-07-27,9,2024-08-05,175.67
2024-07-27,10,2024-08-06,179.31
2024-07-27,11,2024-08-07,182.98
2024-07-27,12,2024-08-08,182.91
2024-07-27,13,2024-08-09,185.95
2024-07-27,14,2024-08-10,189.15
2024-07-27,15,2024-08-11,186.56
2024-07-27,16,2024-08-12,185.03
2024-07-27,17,2024-08-13,189.23
2024-07-27,18,2024-08-14,186.15
2024-07-27,19,2024-08-15,186.55
2024-07-27,20,2024-08-16,186.5
2024-07-27,21,2024-08-17,187.97
2024-07-27,22,2024-08-18,185.27
2024-07-27,23,2024-08-19,183.66
2024-07-27,24,2024-08-20,182.54
2024-07-27,25,2024-08-21,181.45
2024-07-27,26,2024-08-22,180.68
2024-07-27,27,2024-08-23,182.61
2024-07-27,28,2024-08-24,178.33
2024-07-27,29,2024-08-25,181.89
2024-07-27,30,2024-08-26,180.37
2024-07-28,1,2024-07-29,199.53
2024-07-28,2,2024-07-30,200.6
2024-07-28,3,2024-07-31,198.01
2024-07-28,4,2024-08-01,193.14
2024-07-28,5,2024-08-02,193.41
2024-07-28,6,2024-08-03,190.26
2024-07-28,7,2024-08-04,186.27
2024-07-28,8,2024-08-05,191.75
2024-07-28,9,2024-08-06,191.04
2024-07-28,10,2024-08-07,193.5
2024-07-28,11,2024-08-08,193.01
2024-07-28,12,2024-08-09,193.32
2024-07-28,13,2024-08-10,194.96
2024-07-28,14,2024-08-11,190.55
2024-07-28,15,2024-08-12,186.72
2024-07-28,16,2024-08-13,188.83
2024-07-28,17,2024-08-14,187.4
2024-07-28,18,2024-08-15,189.67
2024-07-28,19,2024-08-16,187.14
2024-07-28,20,2024-08-17,188.72
2024-07-28,21,2024-08-18,189.77
2024-07-28,22,2024-08-19,187.39
2024-07-28,23,2024-08-20,186.72
2024-07-28,24,2024-08-21,184.44
2024-07-28,25,2024-08-22,183.35
2024-07-28,26,2024-08-23,186.39
2024-07-28,27,2024-08-24,188.09
2024-07-28,28,2024-08-25,183.89
2024-07-28,29,2024-08-26,184.81
2024-07-28,30,2024-08-27,185.01
2024-07-29,1,2024-07-30,212.67
2024-07-29,2,2024-07-31,209.58
2024-07-29,3,2024-08-01,207.41
2024-07-29,4,2024-08-02,204.65
2024-07-29,5,2024-08-03,208.47
2024-07-29,6,2024-08-04,205.7
2024-07-29,7,2024-08-05,203.7
2024-07-29,8,2024-08-06,199.0
2024-07-29,9,2024-08-07,198.88
2024-07-29,10,2024-08-08,195.5
2024-07-29,11,2024-08-09,195.73
2024-07-29,12,2024-08-10,196.29
2024-07-29,13,2024-08-11,194.44
2024-07-29,14,2024-08-12,189.42
2024-07-29,15,2024-08-13,189.02
2024-07-29,16,2024-08-14,187.25
2024-07-29,17,2024-08-15,190.4
2024-07-29,18,2024-08-16,191.22
2024-07-29,19,2024-08-17,189.02
2024-07-29,20,2024-08-18,189.37
2024-07-29,21,2024-08-19,189.04
2024-07-29,22,2024-08-20,187.68
2024-07-29,23,2024-08-21,186.44
2024-07-29,24,2024-08-22,187.35
2024-07-29,25,2024-08-23,188.26
2024-07-29,26,2024-08-24,192.62
2024-07-29,27,2024-08-25,191.18
2024-07-29,28,2024-08-26,189.59
2024-07-29,29,2024-08-27,190.05
2024-07-29,30,2024-08-28,187.94
2024-07-30,1,2024-07-31,220.48
2024-07-30,2,2024-08-01,219.48
2024-07-30,3,2024-08-02,215.87
2024-07-30,4,2024-08-03,214.29
2024-07-30,5,2024-08-04,213.31
2024-07-30,6,2024-08-05,213.8
2024-07-30,7,2024-08-06,213.83
2024-07-30,8,2024-08-07,205.98
2024-07-30,9,2024-08-08,202.18
2024-07-30,10,2024-08-09,199.32
2024-07-30,11,2024-08-10,199.57
2024-07-30,12,2024-08-11,196.26
2024-07-30,13,2024-08-12,191.44
2024-07-30,14,2024-08-13,192.08
2024-07-30,15,2024-08-14,188.59
2024-07-30,16,2024-08-15,190.38
2024-07-30,17,2024-08-16,191.12
2024-07-30,18,2024-08-17,191.26
2024-07-30,19,2024-08-18,189.82
2024-07-30,20,2024-08-19,191.17
2024-07-30,21,2024-08-20,188.54
2024-07-30,22,2024-08-21,188.37
2024-07-30,23,2024-08-22,187.97
2024-07-30,24,2024-08-23,190.48
2024-07-30,25,2024-08-24,192.26
2024-07-30,26,2024-08-25,194.35
2024-07-30,27,2024-08-26,193.65
2024-07-30,28,2024-08-27,191.8
2024-07-30,29,2024-08-28,197.01
2024-07-30,30,2024-08-29,189.8
2024-07-31,1,2024-08-01,256.02
2024-07-31,2,2024-08-02,251.65
2024-07-31,3,2024-08-03,250.44
2024-07-31,4,2024-08-04,244.76
2024-07-31,5,2024-08-05,237.1
2024-07-31,6,2024-08-06,237.74
2024-07-31,7,2024-08-07,229.81
2024-07-31,8,2024-08-08,220.94
2024-07-31,9,2024-08-09,220.81
2024-07-31,10,2024-08-10,211.54
2024-07-31,11,2024-08-11,206.68
2024-07-31,12,2024-08-12,198.89
2024-07-31,13,2024-08-13,195.48
2024-07-31,14,2024-08-14,195.99
2024-07-31,15,2024-08-15,194.84
2024-07-31,16,2024-08-16,197.28
2024-07-31,17,2024-08-17,200.26
2024-07-31,18,2024-08-18,199.92
2024-07-31,19,2024-08-19,198.64
2024-07-31,20,2024-08-20,201.59
2024-07-31,21,2024-08-21,204.6
2024-07-31,22,2024-08-22,204.42
2024-07-31,23,2024-08-23,209.17
2024-07-31,24,2024-08-24,215.86
2024-07-31,25,2024-08-25,215.41
2024-07-31,26,2024-08-26,217.96
2024-07-31,27,2024-08-27,220.34
2024-07-31,28,2024-08-28,218.08
2024-07-31,29,2024-08-29,214.39
2024-07-31,30,2024-08-30,210.94
2024-08-01,1,2024-08-02,249.22
2024-08-01,2,2024-08-03,233.73
2024-08-01,3,2024-08-04,240.1
2024-08-01,4,2024-08-05,230.41
2024-08-01,5,2024-08-06,237.07
2024-08-01,6,2024-08-07,230.24
2024-08-01,7,2024-08-08,223.06
2024-08-01,8,2024-08-09,215.12
2024-08-01,9,2024-08-10,211.65
2024-08-01,10,2024-08-11,205.1
2024-08-01,11,2024-08-12,201.34
2024-08-01,12,2024-08-13,196.5
2024-08-01,13,2024-08-14,192.16
2024-08-01,14,2024-08-15,191.69
2024-08-01,15,2024-08-16,192.13
2024-08-01,16,2024-08-17,192.78
2024-08-01,17,2024-08-18,191.36
2024-08-01,18,2024-08-19,192.76
2024-08-01,19,2024-08-20,189.96
2024-08-01,20,2024-08-21,191.35
2024-08-01,21,2024-08-22,191.23
2024-08-01,22,2024-08-23,190.89
2024-08-01,23,2024-08-24,197.44
2024-08-01,24,2024-08-25,199.77
2024-08-01,25,2024-08-26,201.01
2024-08-01,26,2024-08-27,216.12
2024-08-01,27,2024-08-28,199.83
2024-08-01,28,2024-08-29,196.32
2024-08-01,29,2024-08-30,200.26
2024-08-01,30,2024-08-31,199.36
2024-08-02,1,2024-08-03,238.33
2024-08-02,2,2024-08-04,225.77
2024-08-02,3,2024-08-05,225.62
2024-08-02,4,2024-08-06,215.27
2024-08-02,5,2024-08-07,218.62
2024-08-02,6,2024-08-08,223.16
2024-08-02,7,2024-08-09,219.79
2024-08-02,8,2024-08-10,215.33
2024-08-02,9,2024-08-11,207.68
2024-08-02,10,2024-08-12,200.43
2024-08-02,11,2024-08-13,198.98
2024-08-02,12,2024-08-14,190.89
2024-08-02,13,2024-08-15,192.34
2024-08-02,14,2024-08-16,191.4
2024-08-02,15,2024-08-17,191.96
2024-08-02,16,2024-08-18,190.08
2024-08-02,17,2024-08-19,193.18
2024-08-02,18,2024-08-20,191.99
2024-08-02,19,2024-08-21,189.32
2024-08-02,20,2024-08-22,189.59
2024-08-02,21,2024-08-23,192.89
2024-08-02,22,2024-08-24,194.71
2024-08-02,23,2024-08-25,197.57
2024-08-02,24,2024-08-26,200.34
2024-08-02,25,2024-08-27,211.55
2024-08-02,26,2024-08-28,201.62
2024-08-02,27,2024-08-29,197.32
2024-08-02,28,2024-08-30,196.53
2024-08-02,29,2024-08-31,199.79
2024-08-02,30,2024-09-01,201.56
2024-08-03,1,2024-08-04,249.41
2024-08-03,2,2024-08-05,229.46
2024-08-03,3,2024-08-06,220.44
2024-08-03,4,2024-08-07,217.44
2024-08-03,5,2024-08-08,222.71
2024-08-03,6,2024-08-09,222.51
2024-08-03,7,2024-08-10,221.89
2024-08-03,8,2024-08-11,212.87
2024-08-03,9,2024-08-12,202.63
2024-08-03,10,2024-08-13,198.19
2024-08-03,11,2024-08-14,193.62
2024-08-03,12,2024-08-15,192.21
2024-08-03,13,2024-08-16,194.49
2024-08-03,14,2024-08-17,194.75
2024-08-03,15,2024-08-18,189.63
2024-08-03,16,2024-08-19,190.49
2024-08-03,17,2024-08-20,192.43
2024-08-03,18,2024-08-21,191.58
2024-08-03,19,2024-08-22,190.24
2024-08-03,20,2024-08-23,191.53
2024-08-03,21,2024-08-24,197.18
2024-08-03,22,2024-08-25,196.83
2024-08-03,23,2024-08-26,199.45
2024-08-03,24,2024-08-27,214.84
2024-08-03,25,2024-08-28,200.42
2024-08-03,26,2024-08-29,201.11
2024-08-03,27,2024-08-30,199.7
2024-08-03,28,2024-08-31,201.19
2024-08-03,29,2024-09-01,204.71
2024-08-03,30,2024-09-02,203.59
2024-08-04,1,2024-08-05,246.06
2024-08-04,2,2024-08-06,225.99
2024-08-04,3,2024-08-07,221.07
2024-08-04,4,2024-08-08,219.41
2024-08-04,5,2024-08-09,229.43
2024-08-04,6,2024-08-10,226.35
2024-08-04,7,2024-08-11,223.28
2024-08-04,8,2024-08-12,213.87
2024-08-04,9,2024-08-13,206.41
2024-08-04,10,2024-08-14,194.65
2024-08-04,11,2024-08-15,194.44
2024-08-04,12,2024-08-16,193.2
2024-08-04,13,2024-08-17,195.81
2024-08-04,14,2024-08-18,192.56
2024-08-04,15,2024-08-19,191.16
2024-08-04,16,2024-08-20,191.51
2024-08-04,17,2024-08-21,192.15
2024-08-04,18,2024-08-22,191.62
2024-08-04,19,2024-08-23,189.62
2024-08-04,20,2024-08-24,193.82
2024-08-04,21,2024-08-25,197.07
2024-08-04,22,2024-08-26,197.97
2024-08-04,23,2024-08-27,214.24
2024-08-04,24,2024-08-28,202.31
2024-08-04,25,2024-08-29,198.54
2024-08-04,26,2024-08-30,203.15
2024-08-04,27,2024-08-31,202.47
2024-08-04,28,2024-09-01,201.95
2024-08-04,29,2024-09-02,207.16
2024-08-04,30,2024-09-03,203.6
2024-08-05,1,2024-08-06,239.86
2024-08-05,2,2024-08-07,225.98
2024-08-05,3,2024-08-08,226.49
2024-08-05,4,2024-08-09,220.54
2024-08-05,5,2024-08-10,225.52
2024-08-05,6,2024-08-11,223.67
2024-08-05,7,2024-08-12,215.37
2024-08-05,8,2024-08-13,212.41
2024-08-05,9,2024-08-14,204.56
2024-08-05,10,2024-08-15,196.63
2024-08-05,11,2024-08-16,197.67
2024-08-05,12,2024-08-17,195.4
2024-08-05,13,2024-08-18,194.63
2024-08-05,14,2024-08-19,194.45
2024-08-05,15,2024-08-20,192.14
2024-08-05,16,2024-08-21,190.91
2024-08-05,17,2024-08-22,192.81
2024-08-05,18,2024-08-23,192.05
2024-08-05,19,2024-08-24,192.68
2024-08-05,20,2024-08-25,194.05
2024-08-05,21,2024-08-26,198.39
2024-08-05,22,2024-08-27,213.55
2024-08-05,23,2024-08-28,201.04
2024-08-05,24,2024-08-29,201.96
2024-08-05,25,2024-08-30,201.98
2024-08-05,26,2024-08-31,204.11
2024-08-05,27,2024-09-01,206.53
2024-08-05,28,2024-09-02,204.05
2024-08-05,29,2024-09-03,207.13
2024-08-05,30,2024-09-04,200.14
2024-08-06,1,2024-08-07,244.13
2024-08-06,2,2024-08-08,237.03
2024-08-06,3,2024-08-09,236.17
2024-08-06,4,2024-08-10,248.87
2024-08-06,5,2024-08-11,252.13
2024-08-06,6,2024-08-12,229.77
2024-08-06,7,2024-08-13,220.3
2024-08-06,8,2024-08-14,212.74
2024-08-06,9,2024-08-15,205.5
2024-08-06,10,2024-08-16,198.79
2024-08-06,11,2024-08-17,200.3
2024-08-06,12,2024-08-18,196.5
2024-08-06,13,2024-08-19,196.87
2024-08-06,14,2024-08-20,194.98
2024-08-06,15,2024-08-21,190.59
2024-08-06,16,2024-08-22,191.55
2024-08-06,17,2024-08-23,192.1
2024-08-06,18,2024-08-24,194.79
2024-08-06,19,2024-08-25,193.86
2024-08-06,20,2024-08-26,195.37
2024-08-06,21,2024-08-27,217.09
2024-08-06,22,2024-08-28,201.65
2024-08-06,23,2024-08-29,199.38
2024-08-06,24,2024-08-30,205.19
2024-08-06,25,2024-08-31,204.22
2024-08-06,26,2024-09-01,208.55
2024-08-06,27,2024-09-02,213.06
2024-08-06,28,2024-09-03,208.59
2024-08-06,29,2024-09-04,208.01
2024-08-06,30,2024-09-05,199.22
2024-08-07,1,2024-08-08,257.96
2024-08-07,2,2024-08-09,261.35
2024-08-07,3,2024-08-10,267.69
2024-08-07,4,2024-08-11,260.7
2024-08-07,5,2024-08-12,248.33
2024-08-07,6,2024-08-13,234.03
2024-08-07,7,2024-08-14,219.65
2024-08-07,8,2024-08-15,211.35
2024-08-07,9,2024-08-16,202.9
2024-08-07,10,2024-08-17,195.92
2024-08-07,11,2024-08-18,195.9
2024-08-07,12,2024-08-19,195.94
2024-08-07,13,2024-08-20,193.88
2024-08-07,14,2024-08-21,193.88
2024-08-07,15,2024-08-22,192.33
2024-08-07,16,2024-08-23,190.31
2024-08-07,17,2024-08-24,195.97
2024-08-07,18,2024-08-25,195.22
2024-08-07,19,2024-08-26,195.9
2024-08-07,20,2024-08-27,213.81
2024-08-07,21,2024-08-28,202.33
2024-08-07,22,2024-08-29,203.16
2024-08-07,23,2024-08-30,207.2
2024-08-07,24,2024-08-31,208.74
2024-08-07,25,2024-09-01,210.22
2024-08-07,26,2024-09-02,215.59
2024-08-07,27,2024-09-03,217.9
2024-08-07,28,2024-09-04,207.72
2024-08-07,29,2024-09-05,207.31
2024-08-07,30,2024-09-06,201.1
2024-08-08,1,2024-08-09,267.22
2024-08-08,2,2024-08-10,273.24
2024-08-08,3,2024-08-11,268.85
2024-08-08,4,2024-08-12,260.14
2024-08-08,5,2024-08-13,250.13
2024-08-08,6,2024-08-14,229.12
2024-08-08,7,2024-08-15,221.68
2024-08-08,8,2024-08-16,212.3
2024-08-08,9,2024-08-17,205.88
2024-08-08,10,2024-08-18,197.68
2024-08-08,11,2024-08-19,198.43
2024-08-08,12,2024-08-20,195.05
2024-08-08,13,2024-08-21,193.87
2024-08-08,14,2024-08-22,193.8
2024-08-08,15,2024-08-23,191.72
2024-08-08,16,2024-08-24,194.92
2024-08-08,17,2024-08-25,195.66
2024-08-08,18,2024-08-26,200.16
2024-08-08,19,2024-08-27,213.39
2024-08-08,20,2024-08-28,201.98
2024-08-08,21,2024-08-29,204.19
2024-08-08,22,2024-08-30,210.18
2024-08-08,23,2024-08-31,211.15
2024-08-08,24,2024-09-01,216.4
2024-08-08,25,2024-09-02,219.54
2024-08-08,26,2024-09-03,224.95
2024-08-08,27,2024-09-04,220.49
2024-08-08,28,2024-09-05,211.68
2024-08-08,29,2024-09-06,211.8
2024-08-08,30,2024-09-07,205.23
2024-08-09,1,2024-08-10,273.86
2024-08-09,2,2024-08-11,271.62
2024-08-09,3,2024-08-12,257.47
2024-08-09,4,2024-08-13,253.07
2024-08-09,5,2024-08-14,239.28
2024-08-09,6,2024-08-15,223.39
2024-08-09,7,2024-08-16,215.28
2024-08-09,8,2024-08-17,212.48
2024-08-09,9,2024-08-18,210.65
2024-08-09,10,2024-08-19,203.4
2024-08-09,11,2024-08-20,199.71
2024-08-09,12,2024-08-21,195.07
2024-08-09,13,2024-08-22,196.2
2024-08-09,14,2024-08-23,194.48
2024-08-09,15,2024-08-24,194.39
2024-08-09,16,2024-08-25,195.94
2024-08-09,17,2024-08-26,199.22
2024-08-09,18,2024-08-27,219.34
2024-08-09,19,2024-08-28,203.81
2024-08-09,20,2024-08-29,206.13
2024-08-09,21,2024-08-30,210.85
2024-08-09,22,2024-08-31,214.92
2024-08-09,23,2024-09-01,220.23
2024-08-09,24,2024-09-02,225.07
2024-08-09,25,2024-09-03,227.42
2024-08-09,26,2024-09-04,229.69
2024-08-09,27,2024-09-05,222.13
2024-08-09,28,2024-09-06,215.38
2024-08-09,29,2024-09-07,211.44
2024-08-09,30,2024-09-08,208.35
2024-08-10,1,2024-08-11,273.09
2024-08-10,2,2024-08-12,253.84
2024-08-10,3,2024-08-13,243.71
2024-08-10,4,2024-08-14,240.65
2024-08-10,5,2024-08-15,229.06
2024-08-10,6,2024-08-16,207.4
2024-08-10,7,2024-08-17,205.33
2024-08-10,8,2024-08-18,206.33
2024-08-10,9,2024-08-19,208.42
2024-08-10,10,2024-08-20,202.97
2024-08-10,11,2024-08-21,199.12
2024-08-10,12,2024-08-22,197.46
2024-08-10,13,2024-08-23,195.72
2024-08-10,14,2024-08-24,195.95
2024-08-10,15,2024-08-25,193.89
2024-08-10,16,2024-08-26,195.4
2024-08-10,17,2024-08-27,216.72
2024-08-10,18,2024-08-28,202.66
2024-08-10,19,2024-08-29,201.35
2024-08-10,20,2024-08-30,207.62
2024-08-10,21,2024-08-31,211.96
2024-08-10,22,2024-09-01,216.85
2024-08-10,23,2024-09-02,221.75
2024-08-10,24,2024-09-03,224.93
2024-08-10,25,2024-09-04,224.97
2024-08-10,26,2024-09-05,228.27
2024-08-10,27,2024-09-06,216.56
2024-08-10,28,2024-09-07,209.89
2024-08-10,29,2024-09-08,207.36
2024-08-10,30,2024-09-09,206.03
2024-08-11,1,2024-08-12,263.23
2024-08-11,2,2024-08-13,248.24
2024-08-11,3,2024-08-14,239.51
2024-08-11,4,2024-08-15,235.64
2024-08-11,5,2024-08-16,215.81
2024-08-11,6,2024-08-17,204.31
2024-08-11,7,2024-08-18,205.59
2024-08-11,8,2024-08-19,206.77
2024-08-11,9,2024-08-20,208.23
2024-08-11,10,2024-08-21,202.88
2024-08-11,11,2024-08-22,200.34
2024-08-11,12,2024-08-23,196.61
2024-08-11,13,2024-08-24,194.35
2024-08-11,14,2024-08-25,193.54
2024-08-11,15,2024-08-26,194.25
2024-08-11,16,2024-08-27,213.71
2024-08-11,17,2024-08-28,202.54
2024-08-11,18,2024-08-29,202.74
2024-08-11,19,2024-08-30,204.63
2024-08-11,20,2024-08-31,208.26
2024-08-11,21,2024-09-01,214.18
2024-08-11,22,2024-09-02,219.87
2024-08-11,23,2024-09-03,225.74
2024-08-11,24,2024-09-04,226.76
2024-08-11,25,2024-09-05,223.49
2024-08-11,26,2024-09-06,220.92
2024-08-11,27,2024-09-07,212.63
2024-08-11,28,2024-09-08,207.51
2024-08-11,29,2024-09-09,204.59
2024-08-11,30,2024-09-10,203.84
2024-08-12,1,2024-08-13,264.89
2024-08-12,2,2024-08-14,239.96
2024-08-12,3,2024-08-15,225.76
2024-08-12,4,2024-08-16,220.23
2024-08-12,5,2024-08-17,203.94
2024-08-12,6,2024-08-18,198.65
2024-08-12,7,2024-08-19,201.04
2024-08-12,8,2024-08-20,198.69
2024-08-12,9,2024-08-21,200.73
2024-08-12,10,2024-08-22,197.59
2024-08-12,11,2024-08-23,195.33
2024-08-12,12,2024-08-24,195.61
2024-08-12,13,2024-08-25,195.29
2024-08-12,14,2024-08-26,194.77
2024-08-12,15,2024-08-27,211.89
2024-08-12,16,2024-08-28,199.17
2024-08-12,17,2024-08-29,202.19
2024-08-12,18,2024-08-30,207.4
2024-08-12,19,2024-08-31,206.24
2024-08-12,20,2024-09-01,212.0
2024-08-12,21,2024-09-02,217.57
2024-08-12,22,2024-09-03,223.29
2024-08-12,23,2024-09-04,226.19
2024-08-12,24,2024-09-05,225.31
2024-08-12,25,2024-09-06,215.98
2024-08-12,26,2024-09-07,215.92
2024-08-12,27,2024-09-08,208.8
2024-08-12,28,2024-09-09,205.32
2024-08-12,29,2024-09-10,202.92
2024-08-12,30,2024-09-11,202.68
2024-08-13,1,2024-08-14,249.27
2024-08-13,2,2024-08-15,226.2
2024-08-13,3,2024-08-16,217.5
2024-08-13,4,2024-08-17,216.43
2024-08-13,5,2024-08-18,203.24
2024-08-13,6,2024-08-19,198.17
2024-08-13,7,2024-08-20,198.14
2024-08-13,8,2024-08-21,195.99
2024-08-13,9,2024-08-22,197.32
2024-08-13,10,2024-08-23,196.81
2024-08-13,11,2024-08-24,193.36
2024-08-13,12,2024-08-25,197.34
2024-08-13,13,2024-08-26,196.43
2024-08-13,14,2024-08-27,214.57
2024-08-13,15,2024-08-28,197.59
2024-08-13,16,2024-08-29,198.68
2024-08-13,17,2024-08-30,208.58
2024-08-13,18,2024-08-31,210.83
2024-08-13,19,2024-09-01,210.83
2024-08-13,20,2024-09-02,215.78
2024-08-13,21,2024-09-03,221.93
2024-08-13,22,2024-09-04,225.07
2024-08-13,23,2024-09-05,223.92
2024-08-13,24,2024-09-06,219.4
2024-08-13,25,2024-09-07,211.6
2024-08-13,26,2024-09-08,212.03
2024-08-13,27,2024-09-09,207.48
2024-08-13,28,2024-09-10,204.04
2024-08-13,29,2024-09-11,201.12
2024-08-13,30,2024-09-12,202.26
2024-08-14,1,2024-08-15,239.85
2024-08-14,2,2024-08-16,215.49
2024-08-14,3,2024-08-17,212.04
2024-08-14,4,2024-08-18,203.05
2024-08-14,5,2024-08-19,198.67
2024-08-14,6,2024-08-20,196.15
2024-08-14,7,2024-08-21,195.79
2024-08-14,8,2024-08-22,191.45
2024-08-14,9,2024-08-23,194.71
2024-08-14,10,2024-08-24,195.7
2024-08-14,11,2024-08-25,195.35
2024-08-14,12,2024-08-26,196.77
2024-08-14,13,2024-08-27,214.36
2024-08-14,14,2024-08-28,200.99
2024-08-14,15,2024-08-29,198.05
2024-08-14,16,2024-08-30,203.54
2024-08-14,17,2024-08-31,207.99
2024-08-14,18,2024-09-01,212.73
2024-08-14,19,2024-09-02,213.36
2024-08-14,20,2024-09-03,218.93
2024-08-14,21,2024-09-04,225.62
2024-08-14,22,2024-09-05,223.64
2024-08-14,23,2024-09-06,217.9
2024-08-14,24,2024-09-07,214.87
2024-08-14,25,2024-09-08,207.97
2024-08-14,26,2024-09-09,211.25
2024-08-14,27,2024-09-10,207.5
2024-08-14,28,2024-09-11,202.35
2024-08-14,29,2024-09-12,205.03
2024-08-14,30,2024-09-13,204.58
2024-08-15,1,2024-08-16,229.01
2024-08-15,2,2024-08-17,209.04
2024-08-15,3,2024-08-18,207.33
2024-08-15,4,2024-08-19,201.43
2024-08-15,5,2024-08-20,204.8
2024-08-15,6,2024-08-21,200.46
2024-08-15,7,2024-08-22,196.87
2024-08-15,8,2024-08-23,192.36
2024-08-15,9,2024-08-24,195.38
2024-08-15,10,2024-08-25,197.17
2024-08-15,11,2024-08-26,195.0
2024-08-15,12,2024-08-27,212.75
2024-08-15,13,2024-08-28,200.54
2024-08-15,14,2024-08-29,200.7
2024-08-15,15,2024-08-30,204.79
2024-08-15,16,2024-08-31,207.92
2024-08-15,17,2024-09-01,213.88
2024-08-15,18,2024-09-02,217.59
2024-08-15,19,2024-09-03,217.51
2024-08-15,20,2024-09-04,223.24
2024-08-15,21,2024-09-05,224.87
2024-08-15,22,2024-09-06,217.09
2024-08-15,23,2024-09-07,211.81
2024-08-15,24,2024-09-08,211.49
2024-08-15,25,2024-09-09,207.42
2024-08-15,26,2024-09-10,209.65
2024-08-15,27,2024-09-11,206.67
2024-08-15,28,2024-09-12,204.44
2024-08-15,29,2024-09-13,208.53
2024-08-15,30,2024-09-14,204.87
2024-08-16,1,2024-08-17,232.31
2024-08-16,2,2024-08-18,218.13
2024-08-16,3,2024-08-19,215.55
2024-08-16,4,2024-08-20,201.88
2024-08-16,5,2024-08-21,207.41
2024-08-16,6,2024-08-22,201.82
2024-08-16,7,2024-08-23,197.1
2024-08-16,8,2024-08-24,196.53
2024-08-16,9,2024-08-25,195.36
2024-08-16,10,2024-08-26,196.1
2024-08-16,11,2024-08-27,211.13
2024-08-16,12,2024-08-28,199.42
2024-08-16,13,2024-08-29,201.84
2024-08-16,14,2024-08-30,208.28
2024-08-16,15,2024-08-31,206.24
2024-08-16,16,2024-09-01,213.66
2024-08-16,17,2024-09-02,217.24
2024-08-16,18,2024-09-03,220.63
2024-08-16,19,2024-09-04,220.85
2024-08-16,20,2024-09-05,223.74
2024-08-16,21,2024-09-06,217.85
2024-08-16,22,2024-09-07,212.32
2024-08-16,23,2024-09-08,208.57
2024-08-16,24,2024-09-09,208.75
2024-08-16,25,2024-09-10,204.39
2024-08-16,26,2024-09-11,206.42
2024-08-16,27,2024-09-12,205.23
2024-08-16,28,2024-09-13,202.53
2024-08-16,29,2024-09-14,205.09
2024-08-16,30,2024-09-15,203.89
2024-08-17,1,2024-08-18,219.04
2024-08-17,2,2024-08-19,214.45
2024-08-17,3,2024-08-20,210.15
2024-08-17,4,2024-08-21,205.4
2024-08-17,5,2024-08-22,208.39
2024-08-17,6,2024-08-23,200.95
2024-08-17,7,2024-08-24,204.28
2024-08-17,8,2024-08-25,201.26
2024-08-17,9,2024-08-26,199.76
2024-08-17,10,2024-08-27,213.9
2024-08-17,11,2024-08-28,202.01
2024-08-17,12,2024-08-29,203.38
2024-08-17,13,2024-08-30,207.15
2024-08-17,14,2024-08-31,210.93
2024-08-17,15,2024-09-01,211.37
2024-08-17,16,2024-09-02,217.13
2024-08-17,17,2024-09-03,220.89
2024-08-17,18,2024-09-04,223.52
2024-08-17,19,2024-09-05,221.1
2024-08-17,20,2024-09-06,217.76
2024-08-17,21,2024-09-07,214.91
2024-08-17,22,2024-09-08,210.08
2024-08-17,23,2024-09-09,208.27
2024-08-17,24,2024-09-10,208.0
2024-08-17,25,2024-09-11,203.63
2024-08-17,26,2024-09-12,205.76
2024-08-17,27,2024-09-13,206.73
2024-08-17,28,2024-09-14,203.79
2024-08-17,29,2024-09-15,205.97
2024-08-17,30,2024-09-16,205.05
2024-08-18,1,2024-08-19,229.99
2024-08-18,2,2024-08-20,219.12
2024-08-18,3,2024-08-21,217.49
2024-08-18,4,2024-08-22,213.53
2024-08-18,5,2024-08-23,209.18
2024-08-18,6,2024-08-24,215.37
2024-08-18,7,2024-08-25,209.16
2024-08-18,8,2024-08-26,202.58
2024-08-18,9,2024-08-27,213.51
2024-08-18,10,2024-08-28,203.52
2024-08-18,11,2024-08-29,207.44
2024-08-18,12,2024-08-30,209.51
2024-08-18,13,2024-08-31,208.74
2024-08-18,14,2024-09-01,215.13
2024-08-18,15,2024-09-02,214.76
2024-08-18,16,2024-09-03,218.81
2024-08-18,17,2024-09-04,223.0
2024-08-18,18,2024-09-05,223.96
2024-08-18,19,2024-09-06,216.8
2024-08-18,20,2024-09-07,214.71
2024-08-18,21,2024-09-08,214.8
2024-08-18,22,2024-09-09,209.46
2024-08-18,23,2024-09-10,208.86
2024-08-18,24,2024-09-11,209.22
2024-08-18,25,2024-09-12,203.44
2024-08-18,26,2024-09-13,206.61
2024-08-18,27,2024-09-14,207.03
2024-08-18,28,2024-09-15,204.97
2024-08-18,29,2024-09-16,206.12
2024-08-18,30,2024-09-17,206.76
2024-08-19,1,2024-08-20,232.95
2024-08-19,2,2024-08-21,222.86
2024-08-19,3,2024-08-22,220.75
2024-08-19,4,2024-08-23,219.37
2024-08-19,5,2024-08-24,216.57
2024-08-19,6,2024-08-25,217.42
2024-08-19,7,2024-08-26,210.73
2024-08-19,8,2024-08-27,212.07
2024-08-19,9,2024-08-28,207.92
2024-08-19,10,2024-08-29,208.83
2024-08-19,11,2024-08-30,213.02
2024-08-19,12,2024-08-31,211.27
2024-08-19,13,2024-09-01,213.07
2024-08-19,14,2024-09-02,217.08
2024-08-19,15,2024-09-03,220.15
2024-08-19,16,2024-09-04,220.87
2024-08-19,17,2024-09-05,225.05
2024-08-19,18,2024-09-06,218.41
2024-08-19,19,2024-09-07,212.03
2024-08-19,20,2024-09-08,211.83
2024-08-19,21,2024-09-09,213.07
2024-08-19,22,2024-09-10,210.5
2024-08-19,23,2024-09-11,208.64
2024-08-19,24,2024-09-12,207.16
2024-08-19,25,2024-09-13,204.43
2024-08-19,26,2024-09-14,208.88
2024-08-19,27,2024-09-15,209.68
2024-08-19,28,2024-09-16,206.61
2024-08-19,29,2024-09-17,210.29
2024-08-19,30,2024-09-18,208.82
2024-08-20,1,2024-08-21,236.3
2024-08-20,2,2024-08-22,226.91
2024-08-20,3,2024-08-23,217.82
2024-08-20,4,2024-08-24,210.15
2024-08-20,5,2024-08-25,211.46
2024-08-20,6,2024-08-26,214.88
2024-08-20,7,2024-08-27,210.59
2024-08-20,8,2024-08-28,213.3
2024-08-20,9,2024-08-29,213.47
2024-08-20,10,2024-08-30,215.13
2024-08-20,11,2024-08-31,212.82
2024-08-20,12,2024-09-01,214.81
2024-08-20,13,2024-09-02,219.02
2024-08-20,14,2024-09-03,220.62
2024-08-20,15,2024-09-04,220.86
2024-08-20,16,2024-09-05,221.79
2024-08-20,17,2024-09-06,219.61
2024-08-20,18,2024-09-07,215.16
2024-08-20,19,2024-09-08,210.1
2024-08-20,20,2024-09-09,212.44
2024-08-20,21,2024-09-10,212.11
2024-08-20,22,2024-09-11,209.75
2024-08-20,23,2024-09-12,207.72
2024-08-20,24,2024-09-13,209.05
2024-08-20,25,2024-09-14,207.73
2024-08-20,26,2024-09-15,212.03
2024-08-20,27,2024-09-16,211.5
2024-08-20,28,2024-09-17,208.68
2024-08-20,29,2024-09-18,212.5
2024-08-20,30,2024-09-19,209.31
2024-08-21,1,2024-08-22,230.65
2024-08-21,2,2024-08-23,216.67
2024-08-21,3,2024-08-24,216.6
2024-08-21,4,2024-08-25,211.35
2024-08-21,5,2024-08-26,213.55
2024-08-21,6,2024-08-27,217.94
2024-08-21,7,2024-08-28,211.93
2024-08-21,8,2024-08-29,216.08
2024-08-21,9,2024-08-30,215.36
2024-08-21,10,2024-08-31,214.43
2024-08-21,11,2024-09-01,215.44
2024-08-21,12,2024-09-02,217.85
2024-08-21,13,2024-09-03,221.43
2024-08-21,14,2024-09-04,220.81
2024-08-21,15,2024-09-05,222.72
2024-08-21,16,2024-09-06,217.46
2024-08-21,17,2024-09-07,215.92
2024-08-21,18,2024-09-08,211.14
2024-08-21,19,2024-09-09,209.45
2024-08-21,20,2024-09-10,211.4
2024-08-21,21,2024-09-11,210.04
2024-08-21,22,2024-09-12,208.13
2024-08-21,23,2024-09-13,207.93
2024-08-21,24,2024-09-14,209.51
2024-08-21,25,2024-09-15,209.29
2024-08-21,26,2024-09-16,213.63
2024-08-21,27,2024-09-17,211.99
2024-08-21,28,2024-09-18,210.38
2024-08-21,29,2024-09-19,215.18
2024-08-21,30,2024-09-20,209.14
2024-08-22,1,2024-08-23,229.76
2024-08-22,2,2024-08-24,222.03
2024-08-22,3,2024-08-25,220.19
2024-08-22,4,2024-08-26,215.35
2024-08-22,5,2024-08-27,224.69
2024-08-22,6,2024-08-28,226.26
2024-08-22,7,2024-08-29,219.46
2024-08-22,8,2024-08-30,219.71
2024-08-22,9,2024-08-31,219.6
2024-08-22,10,2024-09-01,215.6
2024-08-22,11,2024-09-02,220.45
2024-08-22,12,2024-09-03,222.31
2024-08-22,13,2024-09-04,223.03
2024-08-22,14,2024-09-05,224.86
2024-08-22,15,2024-09-06,218.73
2024-08-22,16,2024-09-07,214.17
2024-08-22,17,2024-09-08,215.45
2024-08-22,18,2024-09-09,212.01
2024-08-22,19,2024-09-10,208.39
2024-08-22,20,2024-09-11,209.5
2024-08-22,21,2024-09-12,208.64
2024-08-22,22,2024-09-13,208.69
2024-08-22,23,2024-09-14,209.62
2024-08-22,24,2024-09-15,211.85
2024-08-22,25,2024-09-16,211.0
2024-08-22,26,2024-09-17,215.21
2024-08-22,27,2024-09-18,216.38
2024-08-22,28,2024-09-19,214.63
2024-08-22,29,2024-09-20,220.34
2024-08-22,30,2024-09-21,210.29
2024-08-23,1,2024-08-24,227.13
2024-08-23,2,2024-08-25,217.93
2024-08-23,3,2024-08-26,222.11
2024-08-23,4,2024-08-27,220.63
2024-08-23,5,2024-08-28,224.95
2024-08-23,6,2024-08-29,227.61
2024-08-23,7,2024-08-30,220.44
2024-08-23,8,2024-08-31,217.18
2024-08-23,9,2024-09-01,220.9
2024-08-23,10,2024-09-02,219.6
2024-08-23,11,2024-09-03,224.31
2024-08-23,12,2024-09-04,223.61
2024-08-23,13,2024-09-05,223.51
2024-08-23,14,2024-09-06,220.38
2024-08-23,15,2024-09-07,214.47
2024-08-23,16,2024-09-08,211.91
2024-08-23,17,2024-09-09,216.25
2024-08-23,18,2024-09-10,211.13
2024-08-23,19,2024-09-11,206.81
2024-08-23,20,2024-09-12,207.71
2024-08-23,21,2024-09-13,209.38
2024-08-23,22,2024-09-14,208.33
2024-08-23,23,2024-09-15,210.31
2024-08-23,24,2024-09-16,212.86
2024-08-23,25,2024-09-17,214.09
2024-08-23,26,2024-09-18,218.22
2024-08-23,27,2024-09-19,216.71
2024-08-23,28,2024-09-20,215.23
2024-08-23,29,2024-09-21,216.82
2024-08-23,30,2024-09-22,210.44
2024-08-24,1,2024-08-25,232.04
2024-08-24,2,2024-08-26,227.2
2024-08-24,3,2024-08-27,227.97
2024-08-24,4,2024-08-28,224.64
2024-08-24,5,2024-08-29,227.72
2024-08-24,6,2024-08-30,228.69
2024-08-24,7,2024-08-31,225.66
2024-08-24,8,2024-09-01,225.89
2024-08-24,9,2024-09-02,222.87
2024-08-24,10,2024-09-03,217.83
2024-08-24,11,2024-09-04,224.02
2024-08-24,12,2024-09-05,223.39
2024-08-24,13,2024-09-06,217.47
2024-08-24,14,2024-09-07,217.06
2024-08-24,15,2024-09-08,212.02
2024-08-24,16,2024-09-09,212.78
2024-08-24,17,2024-09-10,213.94
2024-08-24,18,2024-09-11,210.49
2024-08-24,19,2024-09-12,207.53
2024-08-24,20,2024-09-13,209.77
2024-08-24,21,2024-09-14,211.28
2024-08-24,22,2024-09-15,211.73
2024-08-24,23,2024-09-16,212.94
2024-08-24,24,2024-09-17,216.56
2024-08-24,25,2024-09-18,217.8
2024-08-24,26,2024-09-19,218.28
2024-08-24,27,2024-09-20,220.66
2024-08-24,28,2024-09-21,215.54
2024-08-24,29,2024-09-22,216.97
2024-08-24,30,2024-09-23,215.81
2024-08-25,1,2024-08-26,225.98
2024-08-25,2,2024-08-27,216.53
2024-08-25,3,2024-08-28,217.44
2024-08-25,4,2024-08-29,214.16
2024-08-25,5,2024-08-30,211.7
2024-08-25,6,2024-08-31,223.6
2024-08-25,7,2024-09-01,220.09
2024-08-25,8,2024-09-02,224.14
2024-08-25,9,2024-09-03,222.18
2024-08-25,10,2024-09-04,220.01
2024-08-25,11,2024-09-05,223.04
2024-08-25,12,2024-09-06,218.91
2024-08-25,13,2024-09-07,215.94
2024-08-25,14,2024-09-08,218.48
2024-08-25,15,2024-09-09,213.51
2024-08-25,16,2024-09-10,212.62
2024-08-25,17,2024-09-11,213.81
2024-08-25,18,2024-09-12,209.32
2024-08-25,19,2024-09-13,208.87
2024-08-25,20,2024-09-14,210.45
2024-08-25,21,2024-09-15,211.93
2024-08-25,22,2024-09-16,211.78
2024-08-25,23,2024-09-17,214.26
2024-08-25,24,2024-09-18,219.0
2024-08-25,25,2024-09-19,218.31
2024-08-25,26,2024-09-20,219.38
2024-08-25,27,2024-09-21,214.78
2024-08-25,28,2024-09-22,213.03
2024-08-25,29,2024-09-23,218.19
2024-08-25,30,2024-09-24,212.51
2024-08-26,1,2024-08-27,227.45
2024-08-26,2,2024-08-28,221.61
2024-08-26,3,2024-08-29,220.95
2024-08-26,4,2024-08-30,220.07
2024-08-26,5,2024-08-31,224.12
2024-08-26,6,2024-09-01,233.22
2024-08-26,7,2024-09-02,232.71
2024-08-26,8,2024-09-03,230.75
2024-08-26,9,2024-09-04,224.29
2024-08-26,10,2024-09-05,221.84
2024-08-26,11,2024-09-06,221.19
2024-08-26,12,2024-09-07,217.46
2024-08-26,13,2024-09-08,215.12
2024-08-26,14,2024-09-09,218.94
2024-08-26,15,2024-09-10,212.53
2024-08-26,16,2024-09-11,210.36
2024-08-26,17,2024-09-12,212.44
2024-08-26,18,2024-09-13,210.54
2024-08-26,19,2024-09-14,209.85
2024-08-26,20,2024-09-15,211.46
2024-08-26,21,2024-09-16,213.54
2024-08-26,22,2024-09-17,213.6
2024-08-26,23,2024-09-18,217.26
2024-08-26,24,2024-09-19,220.09
2024-08-26,25,2024-09-20,218.75
2024-08-26,26,2024-09-21,218.45
2024-08-26,27,2024-09-22,218.62
2024-08-26,28,2024-09-23,216.29
2024-08-26,29,2024-09-24,216.69
2024-08-26,30,2024-09-25,212.64
2024-08-27,1,2024-08-28,229.11
2024-08-27,2,2024-08-29,214.04
2024-08-27,3,2024-08-30,209.96
2024-08-27,4,2024-08-31,211.65
2024-08-27,5,2024-09-01,211.48
2024-08-27,6,2024-09-02,219.93
2024-08-27,7,2024-09-03,226.02
2024-08-27,8,2024-09-04,227.01
2024-08-27,9,2024-09-05,222.24
2024-08-27,10,2024-09-06,218.92
2024-08-27,11,2024-09-07,219.0
2024-08-27,12,2024-09-08,215.37
2024-08-27,13,2024-09-09,214.54
2024-08-27,14,2024-09-10,216.38
2024-08-27,15,2024-09-11,211.06
2024-08-27,16,2024-09-12,208.29
2024-08-27,17,2024-09-13,211.75
2024-08-27,18,2024-09-14,210.82
2024-08-27,19,2024-09-15,211.7
2024-08-27,20,2024-09-16,213.42
2024-08-27,21,2024-09-17,215.51
2024-08-27,22,2024-09-18,215.87
2024-08-27,23,2024-09-19,216.29
2024-08-27,24,2024-09-20,221.44
2024-08-27,25,2024-09-21,218.76
2024-08-27,26,2024-09-22,216.5
2024-08-27,27,2024-09-23,217.56
2024-08-27,28,2024-09-24,212.76
2024-08-27,29,2024-09-25,213.18
2024-08-27,30,2024-09-26,213.98
2024-08-28,1,2024-08-29,221.49
2024-08-28,2,2024-08-30,211.36
2024-08-28,3,2024-08-31,207.5
2024-08-28,4,2024-09-01,209.44
2024-08-28,5,2024-09-02,216.48
2024-08-28,6,2024-09-03,219.51
2024-08-28,7,2024-09-04,224.77
2024-08-28,8,2024-09-05,226.95
2024-08-28,9,2024-09-06,221.53
2024-08-28,10,2024-09-07,218.8
2024-08-28,11,2024-09-08,217.67
2024-08-28,12,2024-09-09,215.65
2024-08-28,13,2024-09-10,213.12
2024-08-28,14,2024-09-11,213.5
2024-08-28,15,2024-09-12,208.48
2024-08-28,16,2024-09-13,207.83
2024-08-28,17,2024-09-14,211.86
2024-08-28,18,2024-09-15,212.54
2024-08-28,19,2024-09-16,213.51
2024-08-28,20,2024-09-17,213.48
2024-08-28,21,2024-09-18,216.05
2024-08-28,22,2024-09-19,214.23
2024-08-28,23,2024-09-20,219.0
2024-08-28,24,2024-09-21,216.58
2024-08-28,25,2024-09-22,214.08
2024-08-28,26,2024-09-23,215.27
2024-08-28,27,2024-09-24,216.05
2024-08-28,28,2024-09-25,211.41
2024-08-28,29,2024-09-26,213.55
2024-08-28,30,2024-09-27,213.78
2024-08-29,1,2024-08-30,207.7
2024-08-29,2,2024-08-31,203.65
2024-08-29,3,2024-09-01,202.3
2024-08-29,4,2024-09-02,206.96
2024-08-29,5,2024-09-03,215.56
2024-08-29,6,2024-09-04,214.59
2024-08-29,7,2024-09-05,220.16
2024-08-29,8,2024-09-06,223.04
2024-08-29,9,2024-09-07,221.61
2024-08-29,10,2024-09-08,219.25
2024-08-29,11,2024-09-09,216.83
2024-08-29,12,2024-09-10,213.26
2024-08-29,13,2024-09-11,210.36
2024-08-29,14,2024-09-12,211.22
2024-08-29,15,2024-09-13,207.13
2024-08-29,16,2024-09-14,208.86
2024-08-29,17,2024-09-15,212.28
2024-08-29,18,2024-09-16,213.1
2024-08-29,19,2024-09-17,213.36
2024-08-29,20,2024-09-18,213.82
2024-08-29,21,2024-09-19,213.79
2024-08-29,22,2024-09-20,213.57
2024-08-29,23,2024-09-21,213.55
2024-08-29,24,2024-09-22,214.04
2024-08-29,25,2024-09-23,211.95
2024-08-29,26,2024-09-24,212.94
2024-08-29,27,2024-09-25,214.36
2024-08-29,28,2024-09-26,209.74
2024-08-29,29,2024-09-27,213.15
2024-08-29,30,2024-09-28,212.81
2024-08-30,1,2024-08-31,206.76
2024-08-30,2,2024-09-01,202.59
2024-08-30,3,2024-09-02,204.29
2024-08-30,4,2024-09-03,210.26
2024-08-30,5,2024-09-04,216.14
2024-08-30,6,2024-09-05,212.62
2024-08-30,7,2024-09-06,215.75
2024-08-30,8,2024-09-07,216.85
2024-08-30,9,2024-09-08,217.77
2024-08-30,10,2024-09-09,217.41
2024-08-30,11,2024-09-10,213.84
2024-08-30,12,2024-09-11,210.91
2024-08-30,13,2024-09-12,207.4
2024-08-30,14,2024-09-13,211.76
2024-08-30,15,2024-09-14,207.71
2024-08-30,16,2024-09-15,209.57
2024-08-30,17,2024-09-16,213.37
2024-08-30,18,2024-09-17,214.33
2024-08-30,19,2024-09-18,213.61
2024-08-30,20,2024-09-19,213.86
2024-08-30,21,2024-09-20,213.98
2024-08-30,22,2024-09-21,211.4
2024-08-30,23,2024-09-22,212.58
2024-08-30,24,2024-09-23,214.03
2024-08-30,25,2024-09-24,208.63
2024-08-30,26,2024-09-25,210.11
2024-08-30,27,2024-09-26,212.45
2024-08-30,28,2024-09-27,209.75
2024-08-30,29,2024-09-28,211.57
2024-08-30,30,2024-09-29,210.8
2024-08-31,1,2024-09-01,214.83
2024-08-31,2,2024-09-02,215.95
2024-08-31,3,2024-09-03,219.4
2024-08-31,4,2024-09-04,218.2
2024-08-31,5,2024-09-05,226.86
2024-08-31,6,2024-09-06,220.42
2024-08-31,7,2024-09-07,218.35
2024-08-31,8,2024-09-08,221.01
2024-08-31,9,2024-09-09,220.45
2024-08-31,10,2024-09-10,215.49
2024-08-31,11,2024-09-11,212.84
2024-08-31,12,2024-09-12,211.33
2024-08-31,13,2024-09-13,213.63
2024-08-31,14,2024-09-14,212.62
2024-08-31,15,2024-09-15,210.83
2024-08-31,16,2024-09-16,211.62
2024-08-31,17,2024-09-17,214.9
2024-08-31,18,2024-09-18,216.49
2024-08-31,19,2024-09-19,211.93
2024-08-31,20,2024-09-20,215.33
2024-08-31,21,2024-09-21,214.76
2024-08-31,22,2024-09-22,212.93
2024-08-31,23,2024-09-23,212.52
2024-08-31,24,2024-09-24,214.09
2024-08-31,25,2024-09-25,211.33
2024-08-31,26,2024-09-26,211.9
2024-08-31,27,2024-09-27,217.26
2024-08-31,28,2024-09-28,213.3
2024-08-31,29,2024-09-29,216.68
2024-08-31,30,2024-09-30,215.18
2024-09-01,1,2024-09-02,223.09
2024-09-01,2,2024-09-03,221.21
2024-09-01,3,2024-09-04,221.05
2024-09-01,4,2024-09-05,221.61
2024-09-01,5,2024-09-06,228.36
2024-09-01,6,2024-09-07,226.78
2024-09-01,7,2024-09-08,221.27
2024-09-01,8,2024-09-09,221.76
2024-09-01,9,2024-09-10,218.8
2024-09-01,10,2024-09-11,213.29
2024-09-01,11,2024-09-12,213.39
2024-09-01,12,2024-09-13,214.82
2024-09-01,13,2024-09-14,213.52
2024-09-01,14,2024-09-15,213.93
2024-09-01,15,2024-09-16,211.02
2024-09-01,16,2024-09-17,213.62
2024-09-01,17,2024-09-18,217.37
2024-09-01,18,2024-09-19,217.16
2024-09-01,19,2024-09-20,214.65
2024-09-01,20,2024-09-21,215.36
2024-09-01,21,2024-09-22,216.53
2024-09-01,22,2024-09-23,215.43
2024-09-01,23,2024-09-24,214.36
2024-09-01,24,2024-09-25,215.48
2024-09-01,25,2024-09-26,212.64
2024-09-01,26,2024-09-27,217.08
2024-09-01,27,2024-09-28,220.01
2024-09-01,28,2024-09-29,216.95
2024-09-01,29,2024-09-30,220.16
2024-09-01,30,2024-10-01,217.91
2024-09-02,1,2024-09-03,225.27
2024-09-02,2,2024-09-04,221.5
2024-09-02,3,2024-09-05,224.82
2024-09-02,4,2024-09-06,227.17
2024-09-02,5,2024-09-07,228.59
2024-09-02,6,2024-09-08,221.69
2024-09-02,7,2024-09-09,218.15
2024-09-02,8,2024-09-10,218.43
2024-09-02,9,2024-09-11,216.53
2024-09-02,10,2024-09-12,216.22
2024-09-02,11,2024-09-13,217.35
2024-09-02,12,2024-09-14,215.0
2024-09-02,13,2024-09-15,215.52
2024-09-02,14,2024-09-16,213.77
2024-09-02,15,2024-09-17,213.24
2024-09-02,16,2024-09-18,215.35
2024-09-02,17,2024-09-19,217.54
2024-09-02,18,2024-09-20,218.16
2024-09-02,19,2024-09-21,212.67
2024-09-02,20,2024-09-22,215.06
2024-09-02,21,2024-09-23,215.53
2024-09-02,22,2024-09-24,214.01
2024-09-02,23,2024-09-25,213.05
2024-09-02,24,2024-09-26,214.73
2024-09-02,25,2024-09-27,213.72
2024-09-02,26,2024-09-28,217.64
2024-09-02,27,2024-09-29,219.95
2024-09-02,28,2024-09-30,217.33
2024-09-02,29,2024-10-01,220.47
2024-09-02,30,2024-10-02,218.94
2024-09-03,1,2024-09-04,226.02
2024-09-03,2,2024-09-05,219.85
2024-09-03,3,2024-09-06,219.45
2024-09-03,4,2024-09-07,219.21
2024-09-03,5,2024-09-08,227.96
2024-09-03,6,2024-09-09,227.47
2024-09-03,7,2024-09-10,219.66
2024-09-03,8,2024-09-11,219.55
2024-09-03,9,2024-09-12,218.87
2024-09-03,10,2024-09-13,218.62
2024-09-03,11,2024-09-14,216.87
2024-09-03,12,2024-09-15,216.71
2024-09-03,13,2024-09-16,217.07
2024-09-03,14,2024-09-17,218.09
2024-09-03,15,2024-09-18,215.09
2024-09-03,16,2024-09-19,215.49
2024-09-03,17,2024-09-20,218.26
2024-09-03,18,2024-09-21,216.77
2024-09-03,19,2024-09-22,214.41
2024-09-03,20,2024-09-23,215.92
2024-09-03,21,2024-09-24,214.57
2024-09-03,22,2024-09-25,214.24
2024-09-03,23,2024-09-26,214.56
2024-09-03,24,2024-09-27,218.6
2024-09-03,25,2024-09-28,216.24
2024-09-03,26,2024-09-29,219.43
2024-09-03,27,2024-09-30,221.3
2024-09-03,28,2024-10-01,219.8
2024-09-03,29,2024-10-02,221.85
2024-09-03,30,2024-10-03,219.94
2024-09-04,1,2024-09-05,231.44
2024-09-04,2,2024-09-06,217.77
2024-09-04,3,2024-09-07,221.69
2024-09-04,4,2024-09-08,222.42
2024-09-04,5,2024-09-09,232.87
2024-09-04,6,2024-09-10,224.38
2024-09-04,7,2024-09-11,220.25
2024-09-04,8,2024-09-12,220.67
2024-09-04,9,2024-09-13,221.07
2024-09-04,10,2024-09-14,220.69
2024-09-04,11,2024-09-15,218.79
2024-09-04,12,2024-09-16,217.55
2024-09-04,13,2024-09-17,220.04
2024-09-04,14,2024-09-18,218.8
2024-09-04,15,2024-09-19,214.32
2024-09-04,16,2024-09-20,217.16
2024-09-04,17,2024-09-21,216.76
2024-09-04,18,2024-09-22,215.65
2024-09-04,19,2024-09-23,214.26
2024-09-04,20,2024-09-24,213.79
2024-09-04,21,2024-09-25,215.26
2024-09-04,22,2024-09-26,216.27
2024-09-04,23,2024-09-27,216.2
2024-09-04,24,2024-09-28,218.74
2024-09-04,25,2024-09-29,217.86
2024-09-04,26,2024-09-30,221.49
2024-09-04,27,2024-10-01,222.6
2024-09-04,28,2024-10-02,220.82
2024-09-04,29,2024-10-03,220.6
2024-09-04,30,2024-10-04,219.1
2024-09-05,1,2024-09-06,234.77
2024-09-05,2,2024-09-07,219.46
2024-09-05,3,2024-09-08,226.78
2024-09-05,4,2024-09-09,226.3
2024-09-05,5,2024-09-10,225.58
2024-09-05,6,2024-09-11,226.12
2024-09-05,7,2024-09-12,221.42
2024-09-05,8,2024-09-13,219.36
2024-09-05,9,2024-09-14,222.47
2024-09-05,10,2024-09-15,220.9
2024-09-05,11,2024-09-16,219.83
2024-09-05,12,2024-09-17,221.27
2024-09-05,13,2024-09-18,221.93
2024-09-05,14,2024-09-19,219.83
2024-09-05,15,2024-09-20,216.14
2024-09-05,16,2024-09-21,217.13
2024-09-05,17,2024-09-22,218.86
2024-09-05,18,2024-09-23,217.29
2024-09-05,19,2024-09-24,212.8
2024-09-05,20,2024-09-25,215.51
2024-09-05,21,2024-09-26,216.33
2024-09-05,22,2024-09-27,218.83
2024-09-05,23,2024-09-28,219.51
2024-09-05,24,2024-09-29,222.89
2024-09-05,25,2024-09-30,220.66
2024-09-05,26,2024-10-01,225.49
2024-09-05,27,2024-10-02,226.2
2024-09-05,28,2024-10-03,221.62
2024-09-05,29,2024-10-04,221.38
2024-09-05,30,2024-10-05,219.97
2024-09-06,1,2024-09-07,232.78
2024-09-06,2,2024-09-08,221.04
2024-09-06,3,2024-09-09,221.42
2024-09-06,4,2024-09-10,220.5
2024-09-06,5,2024-09-11,223.13
2024-09-06,6,2024-09-12,224.37
2024-09-06,7,2024-09-13,220.72
2024-09-06,8,2024-09-14,218.94
2024-09-06,9,2024-09-15,220.87
2024-09-06,10,2024-09-16,221.33
2024-09-06,11,2024-09-17,222.49
2024-09-06,12,2024-09-18,221.84
2024-09-06,13,2024-09-19,220.42
2024-09-06,14,2024-09-20,218.37
2024-09-06,15,2024-09-21,213.86
2024-09-06,16,2024-09-22,215.41
2024-09-06,17,2024-09-23,217.92
2024-09-06,18,2024-09-24,212.94
2024-09-06,19,2024-09-25,212.03
2024-09-06,20,2024-09-26,213.43
2024-09-06,21,2024-09-27,215.84
2024-09-06,22,2024-09-28,217.05
2024-09-06,23,2024-09-29,219.12
2024-09-06,24,2024-09-30,221.15
2024-09-06,25,2024-10-01,221.03
2024-09-06,26,2024-10-02,225.09
2024-09-06,27,2024-10-03,222.98
2024-09-06,28,2024-10-04,219.24
2024-09-06,29,2024-10-05,219.26
2024-09-06,30,2024-10-06,218.13
2024-09-07,1,2024-09-08,231.78
2024-09-07,2,2024-09-09,222.36
2024-09-07,3,2024-09-10,225.93
2024-09-07,4,2024-09-11,219.78
2024-09-07,5,2024-09-12,224.66
2024-09-07,6,2024-09-13,229.63
2024-09-07,7,2024-09-14,221.03
2024-09-07,8,2024-09-15,222.11
2024-09-07,9,2024-09-16,224.56
2024-09-07,10,2024-09-17,225.19
2024-09-07,11,2024-09-18,223.94
2024-09-07,12,2024-09-19,221.58
2024-09-07,13,2024-09-20,220.5
2024-09-07,14,2024-09-21,217.05
2024-09-07,15,2024-09-22,216.74
2024-09-07,16,2024-09-23,215.9
2024-09-07,17,2024-09-24,214.23
2024-09-07,18,2024-09-25,213.19
2024-09-07,19,2024-09-26,211.72
2024-09-07,20,2024-09-27,215.85
2024-09-07,21,2024-09-28,217.18
2024-09-07,22,2024-09-29,219.19
2024-09-07,23,2024-09-30,221.73
2024-09-07,24,2024-10-01,223.06
2024-09-07,25,2024-10-02,224.05
2024-09-07,26,2024-10-03,224.32
2024-09-07,27,2024-10-04,223.65
2024-09-07,28,2024-10-05,219.71
2024-09-07,29,2024-10-06,220.05
2024-09-07,30,2024-10-07,220.45
2024-09-08,1,2024-09-09,220.98
2024-09-08,2,2024-09-10,216.15
2024-09-08,3,2024-09-11,211.16
2024-09-08,4,2024-09-12,209.76
2024-09-08,5,2024-09-13,218.92
2024-09-08,6,2024-09-14,216.17
2024-09-08,7,2024-09-15,215.89
2024-09-08,8,2024-09-16,214.5
2024-09-08,9,2024-09-17,219.13
2024-09-08,10,2024-09-18,223.56
2024-09-08,11,2024-09-19,222.21
2024-09-08,12,2024-09-20,219.93
2024-09-08,13,2024-09-21,217.59
2024-09-08,14,2024-09-22,218.36
2024-09-08,15,2024-09-23,215.04
2024-09-08,16,2024-09-24,211.2
2024-09-08,17,2024-09-25,213.27
2024-09-08,18,2024-09-26,213.45
2024-09-08,19,2024-09-27,212.26
2024-09-08,20,2024-09-28,216.52
2024-09-08,21,2024-09-29,217.14
2024-09-08,22,2024-09-30,217.91
2024-09-08,23,2024-10-01,219.76
2024-09-08,24,2024-10-02,223.08
2024-09-08,25,2024-10-03,218.82
2024-09-08,26,2024-10-04,220.22
2024-09-08,27,2024-10-05,218.78
2024-09-08,28,2024-10-06,216.82
2024-09-08,29,2024-10-07,218.77
2024-09-08,30,2024-10-08,217.95
2024-09-09,1,2024-09-10,220.2
2024-09-09,2,2024-09-11,216.85
2024-09-09,3,2024-09-12,216.2
2024-09-09,4,2024-09-13,215.45
2024-09-09,5,2024-09-14,221.67
2024-09-09,6,2024-09-15,217.79
2024-09-09,7,2024-09-16,211.83
2024-09-09,8,2024-09-17,217.19
2024-09-09,9,2024-09-18,218.96
2024-09-09,10,2024-09-19,222.64
2024-09-09,11,2024-09-20,219.93
2024-09-09,12,2024-09-21,217.23
2024-09-09,13,2024-09-22,218.97
2024-09-09,14,2024-09-23,216.37
2024-09-09,15,2024-09-24,210.58
2024-09-09,16,2024-09-25,210.53
2024-09-09,17,2024-09-26,213.99
2024-09-09,18,2024-09-27,214.38
2024-09-09,19,2024-09-28,213.68
2024-09-09,20,2024-09-29,218.81
2024-09-09,21,2024-09-30,217.21
2024-09-09,22,2024-10-01,219.91
2024-09-09,23,2024-10-02,221.98
2024-09-09,24,2024-10-03,221.89
2024-09-09,25,2024-10-04,217.61
2024-09-09,26,2024-10-05,219.16
2024-09-09,27,2024-10-06,222.0
2024-09-09,28,2024-10-07,218.58
2024-09-09,29,2024-10-08,220.5
2024-09-09,30,2024-10-09,220.1
2024-09-10,1,2024-09-11,213.56
2024-09-10,2,2024-09-12,209.41
2024-09-10,3,2024-09-13,213.35
2024-09-10,4,2024-09-14,213.03
2024-09-10,5,2024-09-15,212.25
2024-09-10,6,2024-09-16,207.62
2024-09-10,7,2024-09-17,210.47
2024-09-10,8,2024-09-18,217.55
2024-09-10,9,2024-09-19,217.46
2024-09-10,10,2024-09-20,218.13
2024-09-10,11,2024-09-21,214.49
2024-09-10,12,2024-09-22,218.49
2024-09-10,13,2024-09-23,217.01
2024-09-10,14,2024-09-24,213.41
2024-09-10,15,2024-09-25,209.9
2024-09-10,16,2024-09-26,208.98
2024-09-10,17,2024-09-27,214.89
2024-09-10,18,2024-09-28,214.19
2024-09-10,19,2024-09-29,213.11
2024-09-10,20,2024-09-30,219.45
2024-09-10,21,2024-10-01,217.24
2024-09-10,22,2024-10-02,221.07
2024-09-10,23,2024-10-03,217.95
2024-09-10,24,2024-10-04,220.01
2024-09-10,25,2024-10-05,215.82
2024-09-10,26,2024-10-06,219.11
2024-09-10,27,2024-10-07,221.76
2024-09-10,28,2024-10-08,218.01
2024-09-10,29,2024-10-09,221.58
2024-09-10,30,2024-10-10,218.1
2024-09-11,1,2024-09-12,208.62
2024-09-11,2,2024-09-13,204.06
2024-09-11,3,2024-09-14,208.44
2024-09-11,4,2024-09-15,202.74
2024-09-11,5,2024-09-16,205.44
2024-09-11,6,2024-09-17,203.08
2024-09-11,7,2024-09-18,215.69
2024-09-11,8,2024-09-19,216.68
2024-09-11,9,2024-09-20,213.35
2024-09-11,10,2024-09-21,213.92
2024-09-11,11,2024-09-22,217.57
2024-09-11,12,2024-09-23,215.44
2024-09-11,13,2024-09-24,211.79
2024-09-11,14,2024-09-25,212.74
2024-09-11,15,2024-09-26,210.46
2024-09-11,16,2024-09-27,211.35
2024-09-11,17,2024-09-28,215.32
2024-09-11,18,2024-09-29,216.88
2024-09-11,19,2024-09-30,215.07
2024-09-11,20,2024-10-01,220.09
2024-09-11,21,2024-10-02,219.07
2024-09-11,22,2024-10-03,218.27
2024-09-11,23,2024-10-04,218.55
2024-09-11,24,2024-10-05,217.8
2024-09-11,25,2024-10-06,214.69
2024-09-11,26,2024-10-07,217.4
2024-09-11,27,2024-10-08,218.79
2024-09-11,28,2024-10-09,215.84
2024-09-11,29,2024-10-10,216.74
2024-09-11,30,2024-10-11,214.25
2024-09-12,1,2024-09-13,206.25
2024-09-12,2,2024-09-14,200.3
2024-09-12,3,2024-09-15,200.2
2024-09-12,4,2024-09-16,199.89
2024-09-12,5,2024-09-17,209.59
2024-09-12,6,2024-09-18,206.25
2024-09-12,7,2024-09-19,213.66
2024-09-12,8,2024-09-20,211.94
2024-09-12,9,2024-09-21,210.94
2024-09-12,10,2024-09-22,214.83
2024-09-12,11,2024-09-23,214.97
2024-09-12,12,2024-09-24,212.74
2024-09-12,13,2024-09-25,213.02
2024-09-12,14,2024-09-26,212.5
2024-09-12,15,2024-09-27,214.6
2024-09-12,16,2024-09-28,213.91
2024-09-12,17,2024-09-29,219.19
2024-09-12,18,2024-09-30,219.94
2024-09-12,19,2024-10-01,216.2
2024-09-12,20,2024-10-02,221.79
2024-09-12,21,2024-10-03,216.96
2024-09-12,22,2024-10-04,218.21
2024-09-12,23,2024-10-05,216.34
2024-09-12,24,2024-10-06,217.0
2024-09-12,25,2024-10-07,213.67
2024-09-12,26,2024-10-08,216.4
2024-09-12,27,2024-10-09,219.05
2024-09-12,28,2024-10-10,215.1
2024-09-12,29,2024-10-11,217.88
2024-09-12,30,2024-10-12,214.73
2024-09-13,1,2024-09-14,198.22
2024-09-13,2,2024-09-15,191.2
2024-09-13,3,2024-09-16,193.98
2024-09-13,4,2024-09-17,200.38
2024-09-13,5,2024-09-18,209.01
2024-09-13,6,2024-09-19,208.79
2024-09-13,7,2024-09-20,212.54
2024-09-13,8,2024-09-21,211.0
2024-09-13,9,2024-09-22,213.83
2024-09-13,10,2024-09-23,214.69
2024-09-13,11,2024-09-24,211.11
2024-09-13,12,2024-09-25,213.85
2024-09-13,13,2024-09-26,210.83
2024-09-13,14,2024-09-27,214.16
2024-09-13,15,2024-09-28,215.72
2024-09-13,16,2024-09-29,215.89
2024-09-13,17,2024-09-30,218.39
2024-09-13,18,2024-10-01,218.19
2024-09-13,19,2024-10-02,218.13
2024-09-13,20,2024-10-03,216.7
2024-09-13,21,2024-10-04,217.71
2024-09-13,22,2024-10-05,215.08
2024-09-13,23,2024-10-06,215.69
2024-09-13,24,2024-10-07,215.12
2024-09-13,25,2024-10-08,212.14
2024-09-13,26,2024-10-09,212.96
2024-09-13,27,2024-10-10,215.06
2024-09-13,28,2024-10-11,213.32
2024-09-13,29,2024-10-12,214.56
2024-09-13,30,2024-10-13,211.99
2024-09-14,1,2024-09-15,185.43
2024-09-14,2,2024-09-16,184.47
2024-09-14,3,2024-09-17,189.77
2024-09-14,4,2024-09-18,194.75
2024-09-14,5,2024-09-19,203.76
2024-09-14,6,2024-09-20,201.25
2024-09-14,7,2024-09-21,203.9
2024-09-14,8,2024-09-22,206.19
2024-09-14,9,2024-09-23,206.56
2024-09-14,10,2024-09-24,205.14
2024-09-14,11,2024-09-25,205.79
2024-09-14,12,2024-09-26,208.1
2024-09-14,13,2024-09-27,211.93
2024-09-14,14,2024-09-28,215.16
2024-09-14,15,2024-09-29,215.25
2024-09-14,16,2024-09-30,215.15
2024-09-14,17,2024-10-01,218.51
2024-09-14,18,2024-10-02,218.78
2024-09-14,19,2024-10-03,213.71
2024-09-14,20,2024-10-04,215.87
2024-09-14,21,2024-10-05,214.66
2024-09-14,22,2024-10-06,213.09
2024-09-14,23,2024-10-07,210.41
2024-09-14,24,2024-10-08,210.79
2024-09-14,25,2024-10-09,206.32
2024-09-14,26,2024-10-10,208.43
2024-09-14,27,2024-10-11,209.55
2024-09-14,28,2024-10-12,209.52
2024-09-14,29,2024-10-13,211.33
2024-09-14,30,2024-10-14,209.77
2024-09-15,1,2024-09-16,176.31
2024-09-15,2,2024-09-17,175.8
2024-09-15,3,2024-09-18,180.77
2024-09-15,4,2024-09-19,187.43
2024-09-15,5,2024-09-20,193.06
2024-09-15,6,2024-09-21,195.54
2024-09-15,7,2024-09-22,200.13
2024-09-15,8,2024-09-23,200.48
2024-09-15,9,2024-09-24,200.12
2024-09-15,10,2024-09-25,201.9
2024-09-15,11,2024-09-26,203.19
2024-09-15,12,2024-09-27,207.73
2024-09-15,13,2024-09-28,212.86
2024-09-15,14,2024-09-29,217.71
2024-09-15,15,2024-09-30,215.41
2024-09-15,16,2024-10-01,217.43
2024-09-15,17,2024-10-02,220.0
2024-09-15,18,2024-10-03,217.73
2024-09-15,19,2024-10-04,214.27
2024-09-15,20,2024-10-05,212.78
2024-09-15,21,2024-10-06,212.63
2024-09-15,22,2024-10-07,211.28
2024-09-15,23,2024-10-08,207.73
2024-09-15,24,2024-10-09,205.86
2024-09-15,25,2024-10-10,200.37
2024-09-15,26,2024-10-11,203.12
2024-09-15,27,2024-10-12,204.15
2024-09-15,28,2024-10-13,204.39
2024-09-15,29,2024-10-14,208.13
2024-09-15,30,2024-10-15,208.78
2024-09-16,1,2024-09-17,182.33
2024-09-16,2,2024-09-18,183.86
2024-09-16,3,2024-09-19,187.42
2024-09-16,4,2024-09-20,189.03
2024-09-16,5,2024-09-21,200.46
2024-09-16,6,2024-09-22,202.97
2024-09-16,7,2024-09-23,202.37
2024-09-16,8,2024-09-24,200.84
2024-09-16,9,2024-09-25,200.85
2024-09-16,10,2024-09-26,203.13
2024-09-16,11,2024-09-27,205.52
2024-09-16,12,2024-09-28,212.26
2024-09-16,13,2024-09-29,215.17
2024-09-16,14,2024-09-30,219.42
2024-09-16,15,2024-10-01,216.88
2024-09-16,16,2024-10-02,220.95
2024-09-16,17,2024-10-03,217.56
2024-09-16,18,2024-10-04,217.31
2024-09-16,19,2024-10-05,212.04
2024-09-16,20,2024-10-06,214.27
2024-09-16,21,2024-10-07,211.44
2024-09-16,22,2024-10-08,208.03
2024-09-16,23,2024-10-09,204.59
2024-09-16,24,2024-10-10,203.19
2024-09-16,25,2024-10-11,198.25
2024-09-16,26,2024-10-12,201.16
2024-09-16,27,2024-10-13,203.95
2024-09-16,28,2024-10-14,203.48
2024-09-16,29,2024-10-15,207.46
2024-09-16,30,2024-10-16,207.79
2024-09-17,1,2024-09-18,178.04
2024-09-17,2,2024-09-19,179.13
2024-09-17,3,2024-09-20,183.88
2024-09-17,4,2024-09-21,185.33
2024-09-17,5,2024-09-22,194.72
2024-09-17,6,2024-09-23,200.24
2024-09-17,7,2024-09-24,198.06
2024-09-17,8,2024-09-25,199.76
2024-09-17,9,2024-09-26,203.15
2024-09-17,10,2024-09-27,204.21
2024-09-17,11,2024-09-28,207.1
2024-09-17,12,2024-09-29,211.83
2024-09-17,13,2024-09-30,216.89
2024-09-17,14,2024-10-01,218.88
2024-09-17,15,2024-10-02,219.13
2024-09-17,16,2024-10-03,216.06
2024-09-17,17,2024-10-04,215.52
2024-09-17,18,2024-10-05,212.62
2024-09-17,19,2024-10-06,212.29
2024-09-17,20,2024-10-07,212.46
2024-09-17,21,2024-10-08,208.35
2024-09-17,22,2024-10-09,206.55
2024-09-17,23,2024-10-10,202.17
2024-09-17,24,2024-10-11,199.19
2024-09-17,25,2024-10-12,194.39
2024-09-17,26,2024-10-13,199.81
2024-09-17,27,2024-10-14,203.22
2024-09-17,28,2024-10-15,202.3
2024-09-17,29,2024-10-16,206.88
2024-09-17,30,2024-10-17,209.07
2024-09-18,1,2024-09-19,169.77
2024-09-18,2,2024-09-20,171.16
2024-09-18,3,2024-09-21,175.64
2024-09-18,4,2024-09-22,181.76
2024-09-18,5,2024-09-23,190.1
2024-09-18,6,2024-09-24,193.03
2024-09-18,7,2024-09-25,196.94
2024-09-18,8,2024-09-26,198.98
2024-09-18,9,2024-09-27,200.41
2024-09-18,10,2024-09-28,202.91
2024-09-18,11,2024-09-29,207.4
2024-09-18,12,2024-09-30,211.97
2024-09-18,13,2024-10-01,216.9
2024-09-18,14,2024-10-02,217.44
2024-09-18,15,2024-10-03,212.67
2024-09-18,16,2024-10-04,214.04
2024-09-18,17,2024-10-05,212.39
2024-09-18,18,2024-10-06,212.17
2024-09-18,19,2024-10-07,209.62
2024-09-18,20,2024-10-08,207.15
2024-09-18,21,2024-10-09,205.1
2024-09-18,22,2024-10-10,202.11
2024-09-18,23,2024-10-11,195.69
2024-09-18,24,2024-10-12,196.3
2024-09-18,25,2024-10-13,194.07
2024-09-18,26,2024-10-14,198.57
2024-09-18,27,2024-10-15,200.66
2024-09-18,28,2024-10-16,201.24
2024-09-18,29,2024-10-17,206.73
2024-09-18,30,2024-10-18,208.05
2024-09-19,1,2024-09-20,168.53
2024-09-19,2,2024-09-21,168.37
2024-09-19,3,2024-09-22,172.23
2024-09-19,4,2024-09-23,179.28
2024-09-19,5,2024-09-24,185.19
2024-09-19,6,2024-09-25,191.82
2024-09-19,7,2024-09-26,194.43
2024-09-19,8,2024-09-27,198.76
2024-09-19,9,2024-09-28,200.68
2024-09-19,10,2024-09-29,203.49
2024-09-19,11,2024-09-30,207.19
2024-09-19,12,2024-10-01,210.12
2024-09-19,13,2024-10-02,216.63
2024-09-19,14,2024-10-03,213.56
2024-09-19,15,2024-10-04,210.84
2024-09-19,16,2024-10-05,209.02
2024-09-19,17,2024-10-06,213.04
2024-09-19,18,2024-10-07,209.64
2024-09-19,19,2024-10-08,206.42
2024-09-19,20,2024-10-09,204.95
2024-09-19,21,2024-10-10,201.06
2024-09-19,22,2024-10-11,196.99
2024-09-19,23,2024-10-12,195.25
2024-09-19,24,2024-10-13,195.65
2024-09-19,25,2024-10-14,193.1
2024-09-19,26,2024-10-15,196.65
2024-09-19,27,2024-10-16,199.98
2024-09-19,28,2024-10-17,200.01
2024-09-19,29,2024-10-18,206.13
2024-09-19,30,2024-10-19,207.49
2024-09-20,1,2024-09-21,166.76
2024-09-20,2,2024-09-22,168.42
2024-09-20,3,2024-09-23,176.01
2024-09-20,4,2024-09-24,179.51
2024-09-20,5,2024-09-25,185.57
2024-09-20,6,2024-09-26,191.78
2024-09-20,7,2024-09-27,194.69
2024-09-20,8,2024-09-28,199.16
2024-09-20,9,2024-09-29,201.33
2024-09-20,10,2024-09-30,201.97
2024-09-20,11,2024-10-01,206.19
2024-09-20,12,2024-10-02,210.14
2024-09-20,13,2024-10-03,212.72
2024-09-20,14,2024-10-04,211.7
2024-09-20,15,2024-10-05,207.08
2024-09-20,16,2024-10-06,208.42
2024-09-20,17,2024-10-07,210.87
2024-09-20,18,2024-10-08,206.9
2024-09-20,19,2024-10-09,202.9
2024-09-20,20,2024-10-10,200.49
2024-09-20,21,2024-10-11,196.85
2024-09-20,22,2024-10-12,194.26
2024-09-20,23,2024-10-13,194.09
2024-09-20,24,2024-10-14,194.01
2024-09-20,25,2024-10-15,191.87
2024-09-20,26,2024-10-16,196.23
2024-09-20,27,2024-10-17,199.21
2024-09-20,28,2024-10-18,198.37
2024-09-20,29,2024-10-19,201.9
2024-09-20,30,2024-10-20,203.96
2024-09-21,1,2024-09-22,162.57
2024-09-21,2,2024-09-23,165.73
2024-09-21,3,2024-09-24,174.54
2024-09-21,4,2024-09-25,178.12
2024-09-21,5,2024-09-26,183.66
2024-09-21,6,2024-09-27,192.41
2024-09-21,7,2024-09-28,192.85
2024-09-21,8,2024-09-29,200.32
2024-09-21,9,2024-09-30,201.23
2024-09-21,10,2024-10-01,202.18
2024-09-21,11,2024-10-02,208.12
2024-09-21,12,2024-10-03,208.17
2024-09-21,13,2024-10-04,210.36
2024-09-21,14,2024-10-05,207.94
2024-09-21,15,2024-10-06,207.94
2024-09-21,16,2024-10-07,207.21
2024-09-21,17,2024-10-08,207.76
2024-09-21,18,2024-10-09,203.71
2024-09-21,19,2024-10-10,197.46
2024-09-21,20,2024-10-11,195.41
2024-09-21,21,2024-10-12,193.87
2024-09-21,22,2024-10-13,193.37
2024-09-21,23,2024-10-14,192.73
2024-09-21,24,2024-10-15,191.49
2024-09-21,25,2024-10-16,188.5
2024-09-21,26,2024-10-17,192.5
2024-09-21,27,2024-10-18,195.22
2024-09-21,28,2024-10-19,194.51
2024-09-21,29,2024-10-20,198.43
2024-09-21,30,2024-10-21,203.47
2024-09-22,1,2024-09-23,167.01
2024-09-22,2,2024-09-24,172.97
2024-09-22,3,2024-09-25,175.22
2024-09-22,4,2024-09-26,182.58
2024-09-22,5,2024-09-27,189.48
2024-09-22,6,2024-09-28,195.07
2024-09-22,7,2024-09-29,196.77
2024-09-22,8,2024-09-30,202.29
2024-09-22,9,2024-10-01,202.75
2024-09-22,10,2024-10-02,201.61
2024-09-22,11,2024-10-03,205.67
2024-09-22,12,2024-10-04,208.58
2024-09-22,13,2024-10-05,208.14
2024-09-22,14,2024-10-06,209.77
2024-09-22,15,2024-10-07,207.27
2024-09-22,16,2024-10-08,204.65
2024-09-22,17,2024-10-09,204.65
2024-09-22,18,2024-10-10,198.97
2024-09-22,19,2024-10-11,192.24
2024-09-22,20,2024-10-12,192.55
2024-09-22,21,2024-10-13,193.26
2024-09-22,22,2024-10-14,192.92
2024-09-22,23,2024-10-15,191.47
2024-09-22,24,2024-10-16,190.37
2024-09-22,25,2024-10-17,188.8
2024-09-22,26,2024-10-18,192.98
2024-09-22,27,2024-10-19,197.08
2024-09-22,28,2024-10-20,196.47
2024-09-22,29,2024-10-21,202.14
2024-09-22,30,2024-10-22,206.12
2024-09-23,1,2024-09-24,171.27
2024-09-23,2,2024-09-25,174.92
2024-09-23,3,2024-09-26,183.26
2024-09-23,4,2024-09-27,185.64
2024-09-23,5,2024-09-28,194.06
2024-09-23,6,2024-09-29,199.25
2024-09-23,7,2024-09-30,199.71
2024-09-23,8,2024-10-01,204.07
2024-09-23,9,2024-10-02,202.59
2024-09-23,10,2024-10-03,201.59
2024-09-23,11,2024-10-04,207.27
2024-09-23,12,2024-10-05,206.83
2024-09-23,13,2024-10-06,208.7
2024-09-23,14,2024-10-07,207.24
2024-09-23,15,2024-10-08,204.61
2024-09-23,16,2024-10-09,201.04
2024-09-23,17,2024-10-10,201.54
2024-09-23,18,2024-10-11,195.56
2024-09-23,19,2024-10-12,192.85
2024-09-23,20,2024-10-13,192.7
2024-09-23,21,2024-10-14,193.3
2024-09-23,22,2024-10-15,193.34
2024-09-23,23,2024-10-16,190.8
2024-09-23,24,2024-10-17,192.9
2024-09-23,25,2024-10-18,189.63
2024-09-23,26,2024-10-19,194.41
2024-09-23,27,2024-10-20,199.31
2024-09-23,28,2024-10-21,198.17
2024-09-23,29,2024-10-22,203.75
2024-09-23,30,2024-10-23,204.7
2024-09-24,1,2024-09-25,174.9
2024-09-24,2,2024-09-26,181.9
2024-09-24,3,2024-09-27,186.95
2024-09-24,4,2024-09-28,190.35
2024-09-24,5,2024-09-29,199.54
2024-09-24,6,2024-09-30,200.89
2024-09-24,7,2024-10-01,202.57
2024-09-24,8,2024-10-02,203.51
2024-09-24,9,2024-10-03,201.1
2024-09-24,10,2024-10-04,205.39
2024-09-24,11,2024-10-05,203.9
2024-09-24,12,2024-10-06,206.09
2024-09-24,13,2024-10-07,206.33
2024-09-24,14,2024-10-08,204.99
2024-09-24,15,2024-10-09,202.8
2024-09-24,16,2024-10-10,198.01
2024-09-24,17,2024-10-11,198.83
2024-09-24,18,2024-10-12,194.42
2024-09-24,19,2024-10-13,193.99
2024-09-24,20,2024-10-14,192.13
2024-09-24,21,2024-10-15,192.75
2024-09-24,22,2024-10-16,192.95
2024-09-24,23,2024-10-17,191.8
2024-09-24,24,2024-10-18,193.0
2024-09-24,25,2024-10-19,190.93
2024-09-24,26,2024-10-20,197.05
2024-09-24,27,2024-10-21,202.3
2024-09-24,28,2024-10-22,201.89
2024-09-24,29,2024-10-23,205.76
2024-09-24,30,2024-10-24,208.8
2024-09-25,1,2024-09-26,182.45
2024-09-25,2,2024-09-27,185.3
2024-09-25,3,2024-09-28,191.43
2024-09-25,4,2024-09-29,195.39
2024-09-25,5,2024-09-30,201.84
2024-09-25,6,2024-10-01,208.01
2024-09-25,7,2024-10-02,201.97
2024-09-25,8,2024-10-03,204.04
2024-09-25,9,2024-10-04,202.98
2024-09-25,10,2024-10-05,201.44
2024-09-25,11,2024-10-06,203.77
2024-09-25,12,2024-10-07,203.84
2024-09-25,13,2024-10-08,203.42
2024-09-25,14,2024-10-09,203.65
2024-09-25,15,2024-10-10,200.55
2024-09-25,16,2024-10-11,195.68
2024-09-25,17,2024-10-12,197.78
2024-09-25,18,2024-10-13,194.13
2024-09-25,19,2024-10-14,192.02
2024-09-25,20,2024-10-15,193.76
2024-09-25,21,2024-10-16,193.07
2024-09-25,22,2024-10-17,192.83
2024-09-25,23,2024-10-18,192.87
2024-09-25,24,2024-10-19,194.06
2024-09-25,25,2024-10-20,192.11
2024-09-25,26,2024-10-21,200.81
2024-09-25,27,2024-10-22,204.91
2024-09-25,28,2024-10-23,206.28
2024-09-25,29,2024-10-24,209.63
2024-09-25,30,2024-10-25,213.33
2024-09-26,1,2024-09-27,185.91
2024-09-26,2,2024-09-28,187.42
2024-09-26,3,2024-09-29,192.85
2024-09-26,4,2024-09-30,197.74
2024-09-26,5,2024-10-01,205.78
2024-09-26,6,2024-10-02,204.13
2024-09-26,7,2024-10-03,202.43
2024-09-26,8,2024-10-04,202.77
2024-09-26,9,2024-10-05,199.19
2024-09-26,10,2024-10-06,201.33
2024-09-26,11,2024-10-07,202.2
2024-09-26,12,2024-10-08,201.78
2024-09-26,13,2024-10-09,201.87
2024-09-26,14,2024-10-10,202.66
2024-09-26,15,2024-10-11,197.89
2024-09-26,16,2024-10-12,195.27
2024-09-26,17,2024-10-13,197.66
2024-09-26,18,2024-10-14,193.19
2024-09-26,19,2024-10-15,191.59
2024-09-26,20,2024-10-16,191.5
2024-09-26,21,2024-10-17,192.81
2024-09-26,22,2024-10-18,192.97
2024-09-26,23,2024-10-19,192.45
2024-09-26,24,2024-10-20,195.0
2024-09-26,25,2024-10-21,195.59
2024-09-26,26,2024-10-22,202.22
2024-09-26,27,2024-10-23,205.89
2024-09-26,28,2024-10-24,206.73
2024-09-26,29,2024-10-25,211.2
2024-09-26,30,2024-10-26,212.51
2024-09-27,1,2024-09-28,192.18
2024-09-27,2,2024-09-29,193.5
2024-09-27,3,2024-09-30,199.1
2024-09-27,4,2024-10-01,202.39
2024-09-27,5,2024-10-02,205.93
2024-09-27,6,2024-10-03,210.89
2024-09-27,7,2024-10-04,198.93
2024-09-27,8,2024-10-05,201.43
2024-09-27,9,2024-10-06,200.36
2024-09-27,10,2024-10-07,200.95
2024-09-27,11,2024-10-08,201.69
2024-09-27,12,2024-10-09,201.99
2024-09-27,13,2024-10-10,200.3
2024-09-27,14,2024-10-11,202.51
2024-09-27,15,2024-10-12,196.3
2024-09-27,16,2024-10-13,195.01
2024-09-27,17,2024-10-14,196.19
2024-09-27,18,2024-10-15,193.34
2024-09-27,19,2024-10-16,191.5
2024-09-27,20,2024-10-17,192.76
2024-09-27,21,2024-10-18,193.61
2024-09-27,22,2024-10-19,194.42
2024-09-27,23,2024-10-20,194.62
2024-09-27,24,2024-10-21,199.06
2024-09-27,25,2024-10-22,199.61
2024-09-27,26,2024-10-23,205.3
2024-09-27,27,2024-10-24,206.95
2024-09-27,28,2024-10-25,208.27
2024-09-27,29,2024-10-26,212.99
2024-09-27,30,2024-10-27,212.57
2024-09-28,1,2024-09-29,195.46
2024-09-28,2,2024-09-30,196.71
2024-09-28,3,2024-10-01,205.33
2024-09-28,4,2024-10-02,205.43
2024-09-28,5,2024-10-03,205.29
2024-09-28,6,2024-10-04,205.22
2024-09-28,7,2024-10-05,197.54
2024-09-28,8,2024-10-06,200.73
2024-09-28,9,2024-10-07,201.18
2024-09-28,10,2024-10-08,199.04
2024-09-28,11,2024-10-09,200.52
2024-09-28,12,2024-10-10,201.1
2024-09-28,13,2024-10-11,199.44
2024-09-28,14,2024-10-12,201.13
2024-09-28,15,2024-10-13,196.33
2024-09-28,16,2024-10-14,194.3
2024-09-28,17,2024-10-15,196.18
2024-09-28,18,2024-10-16,193.17
2024-09-28,19,2024-10-17,193.65
2024-09-28,20,2024-10-18,194.22
2024-09-28,21,2024-10-19,194.58
2024-09-28,22,2024-10-20,195.53
2024-09-28,23,2024-10-21,198.68
2024-09-28,24,2024-10-22,203.35
2024-09-28,25,2024-10-23,202.0
2024-09-28,26,2024-10-24,207.63
2024-09-28,27,2024-10-25,210.31
2024-09-28,28,2024-10-26,209.8
2024-09-28,29,2024-10-27,210.62
2024-09-28,30,2024-10-28,210.87
2024-09-29,1,2024-09-30,199.72
2024-09-29,2,2024-10-01,198.66
2024-09-29,3,2024-10-02,207.0
2024-09-29,4,2024-10-03,202.31
2024-09-29,5,2024-10-04,206.9
2024-09-29,6,2024-10-05,201.93
2024-09-29,7,2024-10-06,196.82
2024-09-29,8,2024-10-07,202.01
2024-09-29,9,2024-10-08,201.09
2024-09-29,10,2024-10-09,198.33
2024-09-29,11,2024-10-10,200.65
2024-09-29,12,2024-10-11,197.74
2024-09-29,13,2024-10-12,197.88
2024-09-29,14,2024-10-13,200.56
2024-09-29,15,2024-10-14,194.94
2024-09-29,16,2024-10-15,193.26
2024-09-29,17,2024-10-16,193.43
2024-09-29,18,2024-10-17,191.56
2024-09-29,19,2024-10-18,192.65
2024-09-29,20,2024-10-19,195.27
2024-09-29,21,2024-10-20,197.58
2024-09-29,22,2024-10-21,197.97
2024-09-29,23,2024-10-22,201.04
2024-09-29,24,2024-10-23,205.41
2024-09-29,25,2024-10-24,203.01
2024-09-29,26,2024-10-25,209.22
2024-09-29,27,2024-10-26,213.53
2024-09-29,28,2024-10-27,210.15
2024-09-29,29,2024-10-28,211.56
2024-09-29,30,2024-10-29,212.94
2024-09-30,1,2024-10-01,202.43
2024-09-30,2,2024-10-02,200.46
2024-09-30,3,2024-10-03,205.3
2024-09-30,4,2024-10-04,204.59
2024-09-30,5,2024-10-05,201.99
2024-09-30,6,2024-10-06,200.0
2024-09-30,7,2024-10-07,197.59
2024-09-30,8,2024-10-08,197.75
2024-09-30,9,2024-10-09,198.0
2024-09-30,10,2024-10-10,196.17
2024-09-30,11,2024-10-11,195.78
2024-09-30,12,2024-10-12,195.06
2024-09-30,13,2024-10-13,196.95
2024-09-30,14,2024-10-14,196.63
2024-09-30,15,2024-10-15,193.85
2024-09-30,16,2024-10-16,190.76
2024-09-30,17,2024-10-17,194.57
2024-09-30,18,2024-10-18,192.25
2024-09-30,19,2024-10-19,193.5
2024-09-30,20,2024-10-20,196.08
2024-09-30,21,2024-10-21,199.23
2024-09-30,22,2024-10-22,200.41
2024-09-30,23,2024-10-23,203.49
2024-09-30,24,2024-10-24,208.91
2024-09-30,25,2024-10-25,205.62
2024-09-30,26,2024-10-26,211.44
2024-09-30,27,2024-10-27,213.44
2024-09-30,28,2024-10-28,208.35
2024-09-30,29,2024-10-29,210.11
2024-09-30,30,2024-10-30,212.0
2024-10-01,1,2024-10-02,218.78
2024-10-01,2,2024-10-03,221.77
2024-10-01,3,2024-10-04,227.48
2024-10-01,4,2024-10-05,219.03
2024-10-01,5,2024-10-06,217.28
2024-10-01,6,2024-10-07,216.32
2024-10-01,7,2024-10-08,207.45
2024-10-01,8,2024-10-09,210.23
2024-10-01,9,2024-10-10,206.65
2024-10-01,10,2024-10-11,206.01
2024-10-01,11,2024-10-12,203.38
2024-10-01,12,2024-10-13,202.96
2024-10-01,13,2024-10-14,200.83
2024-10-01,14,2024-10-15,196.84
2024-10-01,15,2024-10-16,192.53
2024-10-01,16,2024-10-17,190.97
2024-10-01,17,2024-10-18,195.68
2024-10-01,18,2024-10-19,193.92
2024-10-01,19,2024-10-20,196.43
2024-10-01,20,2024-10-21,201.12
2024-10-01,21,2024-10-22,203.12
2024-10-01,22,2024-10-23,205.96
2024-10-01,23,2024-10-24,208.61
2024-10-01,24,2024-10-25,212.15
2024-10-01,25,2024-10-26,210.49
2024-10-01,26,2024-10-27,216.0
2024-10-01,27,2024-10-28,220.02
2024-10-01,28,2024-10-29,216.45
2024-10-01,29,2024-10-30,215.04
2024-10-01,30,2024-10-31,214.83
2024-10-02,1,2024-10-03,236.91
2024-10-02,2,2024-10-04,233.99
2024-10-02,3,2024-10-05,231.52
2024-10-02,4,2024-10-06,223.56
2024-10-02,5,2024-10-07,225.86
2024-10-02,6,2024-10-08,225.97
2024-10-02,7,2024-10-09,213.03
2024-10-02,8,2024-10-10,215.1
2024-10-02,9,2024-10-11,213.14
2024-10-02,10,2024-10-12,209.43
2024-10-02,11,2024-10-13,205.33
2024-10-02,12,2024-10-14,204.17
2024-10-02,13,2024-10-15,197.11
2024-10-02,14,2024-10-16,194.34
2024-10-02,15,2024-10-17,194.32
2024-10-02,16,2024-10-18,192.63
2024-10-02,17,2024-10-19,196.6
2024-10-02,18,2024-10-20,195.43
2024-10-02,19,2024-10-21,198.89
2024-10-02,20,2024-10-22,204.12
2024-10-02,21,2024-10-23,208.0
2024-10-02,22,2024-10-24,211.86
2024-10-02,23,2024-10-25,212.56
2024-10-02,24,2024-10-26,218.44
2024-10-02,25,2024-10-27,215.55
2024-10-02,26,2024-10-28,221.1
2024-10-02,27,2024-10-29,224.09
2024-10-02,28,2024-10-30,219.6
2024-10-02,29,2024-10-31,217.74
2024-10-02,30,2024-11-01,216.66
2024-10-03,1,2024-10-04,246.98
2024-10-03,2,2024-10-05,232.32
2024-10-03,3,2024-10-06,229.17
2024-10-03,4,2024-10-07,223.23
2024-10-03,5,2024-10-08,220.16
2024-10-03,6,2024-10-09,219.24
2024-10-03,7,2024-10-10,213.0
2024-10-03,8,2024-10-11,214.88
2024-10-03,9,2024-10-12,215.78
2024-10-03,10,2024-10-13,210.64
2024-10-03,11,2024-10-14,206.0
2024-10-03,12,2024-10-15,200.72
2024-10-03,13,2024-10-16,194.37
2024-10-03,14,2024-10-17,195.02
2024-10-03,15,2024-10-18,192.9
2024-10-03,16,2024-10-19,193.36
2024-10-03,17,2024-10-20,200.25
2024-10-03,18,2024-10-21,198.67
2024-10-03,19,2024-10-22,202.86
2024-10-03,20,2024-10-23,208.59
2024-10-03,21,2024-10-24,214.0
2024-10-03,22,2024-10-25,216.15
2024-10-03,23,2024-10-26,218.35
2024-10-03,24,2024-10-27,222.02
2024-10-03,25,2024-10-28,220.52
2024-10-03,26,2024-10-29,226.76
2024-10-03,27,2024-10-30,227.06
2024-10-03,28,2024-10-31,219.99
2024-10-03,29,2024-11-01,218.36
2024-10-03,30,2024-11-02,216.78
2024-10-04,1,2024-10-05,254.22
2024-10-04,2,2024-10-06,234.23
2024-10-04,3,2024-10-07,228.6
2024-10-04,4,2024-10-08,225.01
2024-10-04,5,2024-10-09,220.99
2024-10-04,6,2024-10-10,216.93
2024-10-04,7,2024-10-11,216.42
2024-10-04,8,2024-10-12,220.06
2024-10-04,9,2024-10-13,218.83
2024-10-04,10,2024-10-14,212.29
2024-10-04,11,2024-10-15,204.52
2024-10-04,12,2024-10-16,197.44
2024-10-04,13,2024-10-17,197.19
2024-10-04,14,2024-10-18,196.27
2024-10-04,15,2024-10-19,195.0
2024-10-04,16,2024-10-20,196.02
2024-10-04,17,2024-10-21,204.73
2024-10-04,18,2024-10-22,204.02
2024-10-04,19,2024-10-23,207.24
2024-10-04,20,2024-10-24,213.85
2024-10-04,21,2024-10-25,220.15
2024-10-04,22,2024-10-26,222.97
2024-10-04,23,2024-10-27,226.14
2024-10-04,24,2024-10-28,229.27
2024-10-04,25,2024-10-29,228.35
2024-10-04,26,2024-10-30,233.13
2024-10-04,27,2024-10-31,231.5
2024-10-04,28,2024-11-01,223.99
2024-10-04,29,2024-11-02,221.96
2024-10-04,30,2024-11-03,219.62
2024-10-05,1,2024-10-06,247.42
2024-10-05,2,2024-10-07,223.7
2024-10-05,3,2024-10-08,220.43
2024-10-05,4,2024-10-09,226.73
2024-10-05,5,2024-10-10,216.83
2024-10-05,6,2024-10-11,211.14
2024-10-05,7,2024-10-12,211.13
2024-10-05,8,2024-10-13,217.01
2024-10-05,9,2024-10-14,215.76
2024-10-05,10,2024-10-15,207.06
2024-10-05,11,2024-10-16,196.98
2024-10-05,12,2024-10-17,195.46
2024-10-05,13,2024-10-18,198.13
2024-10-05,14,2024-10-19,196.06
2024-10-05,15,2024-10-20,197.6
2024-10-05,16,2024-10-21,198.77
2024-10-05,17,2024-10-22,207.85
2024-10-05,18,2024-10-23,208.03
2024-10-05,19,2024-10-24,209.19
2024-10-05,20,2024-10-25,215.89
2024-10-05,21,2024-10-26,222.03
2024-10-05,22,2024-10-27,224.62
2024-10-05,23,2024-10-28,224.75
2024-10-05,24,2024-10-29,229.78
2024-10-05,25,2024-10-30,227.92
2024-10-05,26,2024-10-31,234.31
2024-10-05,27,2024-11-01,228.35
2024-10-05,28,2024-11-02,219.3
2024-10-05,29,2024-11-03,219.13
2024-10-05,30,2024-11-04,216.08
2024-10-06,1,2024-10-07,242.83
2024-10-06,2,2024-10-08,220.31
2024-10-06,3,2024-10-09,226.53
2024-10-06,4,2024-10-10,227.85
2024-10-06,5,2024-10-11,209.2
2024-10-06,6,2024-10-12,209.92
2024-10-06,7,2024-10-13,212.89
2024-10-06,8,2024-10-14,214.77
2024-10-06,9,2024-10-15,212.42
2024-10-06,10,2024-10-16,199.45
2024-10-06,11,2024-10-17,196.8
2024-10-06,12,2024-10-18,200.7
2024-10-06,13,2024-10-19,196.38
2024-10-06,14,2024-10-20,198.86
2024-10-06,15,2024-10-21,199.41
2024-10-06,16,2024-10-22,202.08
2024-10-06,17,2024-10-23,210.26
2024-10-06,18,2024-10-24,210.66
2024-10-06,19,2024-10-25,212.04
2024-10-06,20,2024-10-26,219.15
2024-10-06,21,2024-10-27,223.14
2024-10-06,22,2024-10-28,224.79
2024-10-06,23,2024-10-29,226.5
2024-10-06,24,2024-10-30,229.65
2024-10-06,25,2024-10-31,227.27
2024-10-06,26,2024-11-01,230.96
2024-10-06,27,2024-11-02,223.46
2024-10-06,28,2024-11-03,217.18
2024-10-06,29,2024-11-04,215.86
2024-10-06,30,2024-11-05,214.58
2024-10-07,1,2024-10-08,238.57
2024-10-07,2,2024-10-09,218.96
2024-10-07,3,2024-10-10,222.13
2024-10-07,4,2024-10-11,220.08
2024-10-07,5,2024-10-12,202.56
2024-10-07,6,2024-10-13,209.94
2024-10-07,7,2024-10-14,207.43
2024-10-07,8,2024-10-15,209.13
2024-10-07,9,2024-10-16,205.02
2024-10-07,10,2024-10-17,202.26
2024-10-07,11,2024-10-18,203.64
2024-10-07,12,2024-10-19,200.41
2024-10-07,13,2024-10-20,200.54
2024-10-07,14,2024-10-21,202.96
2024-10-07,15,2024-10-22,203.88
2024-10-07,16,2024-10-23,205.6
2024-10-07,17,2024-10-24,211.02
2024-10-07,18,2024-10-25,213.9
2024-10-07,19,2024-10-26,214.79
2024-10-07,20,2024-10-27,219.2
2024-10-07,21,2024-10-28,223.74
2024-10-07,22,2024-10-29,224.97
2024-10-07,23,2024-10-30,227.44
2024-10-07,24,2024-10-31,231.05
2024-10-07,25,2024-11-01,223.98
2024-10-07,26,2024-11-02,228.41
2024-10-07,27,2024-11-03,221.25
2024-10-07,28,2024-11-04,215.34
2024-10-07,29,2024-11-05,214.4
2024-10-07,30,2024-11-06,212.38
2024-10-08,1,2024-10-09,245.89
2024-10-08,2,2024-10-10,220.07
2024-10-08,3,2024-10-11,218.72
2024-10-08,4,2024-10-12,213.12
2024-10-08,5,2024-10-13,205.1
2024-10-08,6,2024-10-14,206.07
2024-10-08,7,2024-10-15,204.76
2024-10-08,8,2024-10-16,203.57
2024-10-08,9,2024-10-17,206.78
2024-10-08,10,2024-10-18,209.84
2024-10-08,11,2024-10-19,204.22
2024-10-08,12,2024-10-20,204.22
2024-10-08,13,2024-10-21,207.0
2024-10-08,14,2024-10-22,209.97
2024-10-08,15,2024-10-23,208.76
2024-10-08,16,2024-10-24,210.21
2024-10-08,17,2024-10-25,217.55
2024-10-08,18,2024-10-26,220.15
2024-10-08,19,2024-10-27,218.76
2024-10-08,20,2024-10-28,223.13
2024-10-08,21,2024-10-29,226.59
2024-10-08,22,2024-10-30,228.66
2024-10-08,23,2024-10-31,230.78
2024-10-08,24,2024-11-01,229.35
2024-10-08,25,2024-11-02,224.03
2024-10-08,26,2024-11-03,227.67
2024-10-08,27,2024-11-04,222.71
2024-10-08,28,2024-11-05,218.45
2024-10-08,29,2024-11-06,216.1
2024-10-08,30,2024-11-07,215.34
2024-10-09,1,2024-10-10,222.83
2024-10-09,2,2024-10-11,215.36
2024-10-09,3,2024-10-12,215.06
2024-10-09,4,2024-10-13,205.38
2024-10-09,5,2024-10-14,197.48
2024-10-09,6,2024-10-15,199.6
2024-10-09,7,2024-10-16,197.82
2024-10-09,8,2024-10-17,204.71
2024-10-09,9,2024-10-18,208.56
2024-10-09,10,2024-10-19,209.9
2024-10-09,11,2024-10-20,204.2
2024-10-09,12,2024-10-21,206.77
2024-10-09,13,2024-10-22,209.16
2024-10-09,14,2024-10-23,213.1
2024-10-09,15,2024-10-24,211.07
2024-10-09,16,2024-10-25,215.44
2024-10-09,17,2024-10-26,221.86
2024-10-09,18,2024-10-27,220.54
2024-10-09,19,2024-10-28,218.19
2024-10-09,20,2024-10-29,222.96
2024-10-09,21,2024-10-30,223.76
2024-10-09,22,2024-10-31,226.6
2024-10-09,23,2024-11-01,223.11
2024-10-09,24,2024-11-02,221.26
2024-10-09,25,2024-11-03,216.83
2024-10-09,26,2024-11-04,221.22
2024-10-09,27,2024-11-05,215.81
2024-10-09,28,2024-11-06,211.46
2024-10-09,29,2024-11-07,210.54
2024-10-09,30,2024-11-08,212.06
2024-10-10,1,2024-10-11,220.56
2024-10-10,2,2024-10-12,209.53
2024-10-10,3,2024-10-13,211.72
2024-10-10,4,2024-10-14,201.29
2024-10-10,5,2024-10-15,191.65
2024-10-10,6,2024-10-16,193.61
2024-10-10,7,2024-10-17,192.7
2024-10-10,8,2024-10-18,201.65
2024-10-10,9,2024-10-19,205.07
2024-10-10,10,2024-10-20,209.98
2024-10-10,11,2024-10-21,205.48
2024-10-10,12,2024-10-22,210.75
2024-10-10,13,2024-10-23,210.15
2024-10-10,14,2024-10-24,215.27
2024-10-10,15,2024-10-25,216.55
2024-10-10,16,2024-10-26,219.75
2024-10-10,17,2024-10-27,222.92
2024-10-10,18,2024-10-28,220.68
2024-10-10,19,2024-10-29,220.34
2024-10-10,20,2024-10-30,223.62
2024-10-10,21,2024-10-31,226.14
2024-10-10,22,2024-11-01,222.97
2024-10-10,23,2024-11-02,219.28
2024-10-10,24,2024-11-03,218.97
2024-10-10,25,2024-11-04,216.18
2024-10-10,26,2024-11-05,215.58
2024-10-10,27,2024-11-06,215.59
2024-10-10,28,2024-11-07,211.96
2024-10-10,29,2024-11-08,208.95
2024-10-10,30,2024-11-09,209.93
2024-10-11,1,2024-10-12,212.91
2024-10-11,2,2024-10-13,204.31
2024-10-11,3,2024-10-14,204.29
2024-10-11,4,2024-10-15,194.68
2024-10-11,5,2024-10-16,186.13
2024-10-11,6,2024-10-17,190.37
2024-10-11,7,2024-10-18,190.8
2024-10-11,8,2024-10-19,197.62
2024-10-11,9,2024-10-20,203.36
2024-10-11,10,2024-10-21,208.81
2024-10-11,11,2024-10-22,210.22
2024-10-11,12,2024-10-23,214.82
2024-10-11,13,2024-10-24,214.62
2024-10-11,14,2024-10-25,219.9
2024-10-11,15,2024-10-26,220.83
2024-10-11,16,2024-10-27,220.83
2024-10-11,17,2024-10-28,223.71
2024-10-11,18,2024-10-29,223.26
2024-10-11,19,2024-10-30,221.2
2024-10-11,20,2024-10-31,226.79
2024-10-11,21,2024-11-01,222.44
2024-10-11,22,2024-11-02,220.57
2024-10-11,23,2024-11-03,217.08
2024-10-11,24,2024-11-04,218.89
2024-10-11,25,2024-11-05,212.97
2024-10-11,26,2024-11-06,214.14
2024-10-11,27,2024-11-07,214.66
2024-10-11,28,2024-11-08,212.42
2024-10-11,29,2024-11-09,209.86
2024-10-11,30,2024-11-10,209.79
2024-10-12,1,2024-10-13,206.22
2024-10-12,2,2024-10-14,197.65
2024-10-12,3,2024-10-15,200.8
2024-10-12,4,2024-10-16,195.17
2024-10-12,5,2024-10-17,186.54
2024-10-12,6,2024-10-18,190.58
2024-10-12,7,2024-10-19,191.7
2024-10-12,8,2024-10-20,195.71
2024-10-12,9,2024-10-21,204.83
2024-10-12,10,2024-10-22,214.5
2024-10-12,11,2024-10-23,214.68
2024-10-12,12,2024-10-24,218.05
2024-10-12,13,2024-10-25,217.51
2024-10-12,14,2024-10-26,224.29
2024-10-12,15,2024-10-27,221.89
2024-10-12,16,2024-10-28,221.12
2024-10-12,17,2024-10-29,228.29
2024-10-12,18,2024-10-30,221.49
2024-10-12,19,2024-10-31,224.2
2024-10-12,20,2024-11-01,222.82
2024-10-12,21,2024-11-02,219.89
2024-10-12,22,2024-11-03,218.07
2024-10-12,23,2024-11-04,215.88
2024-10-12,24,2024-11-05,214.19
2024-10-12,25,2024-11-06,209.76
2024-10-12,26,2024-11-07,213.03
2024-10-12,27,2024-11-08,215.78
2024-10-12,28,2024-11-09,212.28
2024-10-12,29,2024-11-10,210.55
2024-10-12,30,2024-11-11,210.56
2024-10-13,1,2024-10-14,207.31
2024-10-13,2,2024-10-15,201.78
2024-10-13,3,2024-10-16,201.43
2024-10-13,4,2024-10-17,194.67
2024-10-13,5,2024-10-18,189.55
2024-10-13,6,2024-10-19,193.58
2024-10-13,7,2024-10-20,193.87
2024-10-13,8,2024-10-21,201.7
2024-10-13,9,2024-10-22,212.64
2024-10-13,10,2024-10-23,218.07
2024-10-13,11,2024-10-24,217.2
2024-10-13,12,2024-10-25,220.77
2024-10-13,13,2024-10-26,222.04
2024-10-13,14,2024-10-27,225.22
2024-10-13,15,2024-10-28,223.33
2024-10-13,16,2024-10-29,225.37
2024-10-13,17,2024-10-30,229.48
2024-10-13,18,2024-10-31,226.04
2024-10-13,19,2024-11-01,219.68
2024-10-13,20,2024-11-02,219.37
2024-10-13,21,2024-11-03,218.11
2024-10-13,22,2024-11-04,217.73
2024-10-13,23,2024-11-05,212.14
2024-10-13,24,2024-11-06,212.7
2024-10-13,25,2024-11-07,209.56
2024-10-13,26,2024-11-08,214.78
2024-10-13,27,2024-11-09,217.0
2024-10-13,28,2024-11-10,212.29
2024-10-13,29,2024-11-11,212.51
2024-10-13,30,2024-11-12,210.02
2024-10-14,1,2024-10-15,193.65
2024-10-14,2,2024-10-16,188.28
2024-10-14,3,2024-10-17,184.05
2024-10-14,4,2024-10-18,182.15
2024-10-14,5,2024-10-19,177.61
2024-10-14,6,2024-10-20,182.9
2024-10-14,7,2024-10-21,184.06
2024-10-14,8,2024-10-22,197.28
2024-10-14,9,2024-10-23,205.76
2024-10-14,10,2024-10-24,207.43
2024-10-14,11,2024-10-25,212.57
2024-10-14,12,2024-10-26,219.09
2024-10-14,13,2024-10-27,221.66
2024-10-14,14,2024-10-28,228.57
2024-10-14,15,2024-10-29,226.29
2024-10-14,16,2024-10-30,226.05
2024-10-14,17,2024-10-31,231.2
2024-10-14,18,2024-11-01,222.16
2024-10-14,19,2024-11-02,217.45
2024-10-14,20,2024-11-03,216.62
2024-10-14,21,2024-11-04,216.53
2024-10-14,22,2024-11-05,210.71
2024-10-14,23,2024-11-06,207.81
2024-10-14,24,2024-11-07,209.47
2024-10-14,25,2024-11-08,206.8
2024-10-14,26,2024-11-09,210.9
2024-10-14,27,2024-11-10,208.61
2024-10-14,28,2024-11-11,206.26
2024-10-14,29,2024-11-12,207.13
2024-10-14,30,2024-11-13,204.44
2024-10-15,1,2024-10-16,183.4
2024-10-15,2,2024-10-17,173.83
2024-10-15,3,2024-10-18,170.64
2024-10-15,4,2024-10-19,172.8
2024-10-15,5,2024-10-20,171.73
2024-10-15,6,2024-10-21,178.22
2024-10-15,7,2024-10-22,182.9
2024-10-15,8,2024-10-23,196.67
2024-10-15,9,2024-10-24,201.1
2024-10-15,10,2024-10-25,205.24
2024-10-15,11,2024-10-26,213.9
2024-10-15,12,2024-10-27,216.19
2024-10-15,13,2024-10-28,223.12
2024-10-15,14,2024-10-29,232.45
2024-10-15,15,2024-10-30,227.02
2024-10-15,16,2024-10-31,227.55
2024-10-15,17,2024-11-01,226.32
2024-10-15,18,2024-11-02,220.97
2024-10-15,19,2024-11-03,214.97
2024-10-15,20,2024-11-04,217.1
2024-10-15,21,2024-11-05,209.99
2024-10-15,22,2024-11-06,208.2
2024-10-15,23,2024-11-07,206.76
2024-10-15,24,2024-11-08,207.52
2024-10-15,25,2024-11-09,203.8
2024-10-15,26,2024-11-10,205.63
2024-10-15,27,2024-11-11,204.94
2024-10-15,28,2024-11-12,201.82
2024-10-15,29,2024-11-13,200.37
2024-10-15,30,2024-11-14,199.25
2024-10-16,1,2024-10-17,170.37
2024-10-16,2,2024-10-18,167.33
2024-10-16,3,2024-10-19,167.32
2024-10-16,4,2024-10-20,166.42
2024-10-16,5,2024-10-21,172.9
2024-10-16,6,2024-10-22,181.36
2024-10-16,7,2024-10-23,190.56
2024-10-16,8,2024-10-24,196.7
2024-10-16,9,2024-10-25,200.43
2024-10-16,10,2024-10-26,208.84
2024-10-16,11,2024-10-27,215.5
2024-10-16,12,2024-10-28,219.09
2024-10-16,13,2024-10-29,226.38
2024-10-16,14,2024-10-30,230.17
2024-10-16,15,2024-10-31,229.86
2024-10-16,16,2024-11-01,223.89
2024-10-16,17,2024-11-02,224.49
2024-10-16,18,2024-11-03,218.38
2024-10-16,19,2024-11-04,214.59
2024-10-16,20,2024-11-05,210.36
2024-10-16,21,2024-11-06,208.93
2024-10-16,22,2024-11-07,208.18
2024-10-16,23,2024-11-08,206.07
2024-10-16,24,2024-11-09,205.58
2024-10-16,25,2024-11-10,199.97
2024-10-16,26,2024-11-11,202.41
2024-10-16,27,2024-11-12,200.88
2024-10-16,28,2024-11-13,198.03
2024-10-16,29,2024-11-14,195.86
2024-10-16,30,2024-11-15,196.49
2024-10-17,1,2024-10-18,172.3
2024-10-17,2,2024-10-19,170.3
2024-10-17,3,2024-10-20,170.95
2024-10-17,4,2024-10-21,173.79
2024-10-17,5,2024-10-22,180.78
2024-10-17,6,2024-10-23,186.21
2024-10-17,7,2024-10-24,190.03
2024-10-17,8,2024-10-25,199.91
2024-10-17,9,2024-10-26,205.76
2024-10-17,10,2024-10-27,212.39
2024-10-17,11,2024-10-28,218.17
2024-10-17,12,2024-10-29,224.48
2024-10-17,13,2024-10-30,227.18
2024-10-17,14,2024-10-31,232.76
2024-10-17,15,2024-11-01,225.6
2024-10-17,16,2024-11-02,221.7
2024-10-17,17,2024-11-03,222.55
2024-10-17,18,2024-11-04,217.58
2024-10-17,19,2024-11-05,208.81
2024-10-17,20,2024-11-06,209.86
2024-10-17,21,2024-11-07,208.68
2024-10-17,22,2024-11-08,207.09
2024-10-17,23,2024-11-09,206.02
2024-10-17,24,2024-11-10,202.32
2024-10-17,25,2024-11-11,198.2
2024-10-17,26,2024-11-12,200.77
2024-10-17,27,2024-11-13,199.55
2024-10-17,28,2024-11-14,196.99
2024-10-17,29,2024-11-15,194.68
2024-10-17,30,2024-11-16,195.32
2024-10-18,1,2024-10-19,174.36
2024-10-18,2,2024-10-20,174.58
2024-10-18,3,2024-10-21,176.08
2024-10-18,4,2024-10-22,180.0
2024-10-18,5,2024-10-23,192.96
2024-10-18,6,2024-10-24,187.86
2024-10-18,7,2024-10-25,195.39
2024-10-18,8,2024-10-26,202.15
2024-10-18,9,2024-10-27,207.69
2024-10-18,10,2024-10-28,215.89
2024-10-18,11,2024-10-29,223.39
2024-10-18,12,2024-10-30,223.75
2024-10-18,13,2024-10-31,229.24
2024-10-18,14,2024-11-01,228.9
2024-10-18,15,2024-11-02,222.7
2024-10-18,16,2024-11-03,220.48
2024-10-18,17,2024-11-04,222.0
2024-10-18,18,2024-11-05,212.57
2024-10-18,19,2024-11-06,207.53
2024-10-18,20,2024-11-07,209.9
2024-10-18,21,2024-11-08,207.58
2024-10-18,22,2024-11-09,206.56
2024-10-18,23,2024-11-10,202.01
2024-10-18,24,2024-11-11,199.84
2024-10-18,25,2024-11-12,197.83
2024-10-18,26,2024-11-13,200.17
2024-10-18,27,2024-11-14,200.74
2024-10-18,28,2024-11-15,197.44
2024-10-18,29,2024-11-16,195.51
2024-10-18,30,2024-11-17,196.17
2024-10-19,1,2024-10-20,169.54
2024-10-19,2,2024-10-21,169.2
2024-10-19,3,2024-10-22,173.16
2024-10-19,4,2024-10-23,180.03
2024-10-19,5,2024-10-24,189.53
2024-10-19,6,2024-10-25,190.89
2024-10-19,7,2024-10-26,197.95
2024-10-19,8,2024-10-27,205.6
2024-10-19,9,2024-10-28,211.47
2024-10-19,10,2024-10-29,222.18
2024-10-19,11,2024-10-30,224.51
2024-10-19,12,2024-10-31,225.36
2024-10-19,13,2024-11-01,225.6
2024-10-19,14,2024-11-02,223.86
2024-10-19,15,2024-11-03,221.91
2024-10-19,16,2024-11-04,218.47
2024-10-19,17,2024-11-05,214.17
2024-10-19,18,2024-11-06,209.6
2024-10-19,19,2024-11-07,206.49
2024-10-19,20,2024-11-08,206.29
2024-10-19,21,2024-11-09,205.54
2024-10-19,22,2024-11-10,202.22
2024-10-19,23,2024-11-11,198.68
2024-10-19,24,2024-11-12,197.76
2024-10-19,25,2024-11-13,195.25
2024-10-19,26,2024-11-14,198.22
2024-10-19,27,2024-11-15,196.92
2024-10-19,28,2024-11-16,194.85
2024-10-19,29,2024-11-17,193.6
2024-10-19,30,2024-11-18,195.09
2024-10-20,1,2024-10-21,169.1
2024-10-20,2,2024-10-22,168.44
2024-10-20,3,2024-10-23,177.05
2024-10-20,4,2024-10-24,183.54
2024-10-20,5,2024-10-25,197.33
2024-10-20,6,2024-10-26,201.34
2024-10-20,7,2024-10-27,206.18
2024-10-20,8,2024-10-28,211.67
2024-10-20,9,2024-10-29,217.07
2024-10-20,10,2024-10-30,223.74
2024-10-20,11,2024-10-31,225.22
2024-10-20,12,2024-11-01,222.33
2024-10-20,13,2024-11-02,221.75
2024-10-20,14,2024-11-03,222.08
2024-10-20,15,2024-11-04,219.1
2024-10-20,16,2024-11-05,210.86
2024-10-20,17,2024-11-06,210.68
2024-10-20,18,2024-11-07,208.16
2024-10-20,19,2024-11-08,204.71
2024-10-20,20,2024-11-09,205.05
2024-10-20,21,2024-11-10,201.44
2024-10-20,22,2024-11-11,198.03
2024-10-20,23,2024-11-12,195.81
2024-10-20,24,2024-11-13,194.6
2024-10-20,25,2024-11-14,194.37
2024-10-20,26,2024-11-15,196.27
2024-10-20,27,2024-11-16,194.02
2024-10-20,28,2024-11-17,192.07
2024-10-20,29,2024-11-18,193.52
2024-10-20,30,2024-11-19,193.26
2024-10-21,1,2024-10-22,175.1
2024-10-21,2,2024-10-23,178.32
2024-10-21,3,2024-10-24,185.33
2024-10-21,4,2024-10-25,197.1
2024-10-21,5,2024-10-26,208.81
2024-10-21,6,2024-10-27,209.87
2024-10-21,7,2024-10-28,213.62
2024-10-21,8,2024-10-29,220.05
2024-10-21,9,2024-10-30,219.7
2024-10-21,10,2024-10-31,225.88
2024-10-21,11,2024-11-01,221.95
2024-10-21,12,2024-11-02,219.58
2024-10-21,13,2024-11-03,219.95
2024-10-21,14,2024-11-04,221.52
2024-10-21,15,2024-11-05,212.53
2024-10-21,16,2024-11-06,208.67
2024-10-21,17,2024-11-07,209.0
2024-10-21,18,2024-11-08,207.41
2024-10-21,19,2024-11-09,203.2
2024-10-21,20,2024-11-10,202.57
2024-10-21,21,2024-11-11,199.06
2024-10-21,22,2024-11-12,195.7
2024-10-21,23,2024-11-13,195.0
2024-10-21,24,2024-11-14,194.46
2024-10-21,25,2024-11-15,191.95
2024-10-21,26,2024-11-16,194.25
2024-10-21,27,2024-11-17,194.22
2024-10-21,28,2024-11-18,191.67
2024-10-21,29,2024-11-19,192.0
2024-10-21,30,2024-11-20,190.66
2024-10-22,1,2024-10-23,169.71
2024-10-22,2,2024-10-24,172.68
2024-10-22,3,2024-10-25,183.45
2024-10-22,4,2024-10-26,190.84
2024-10-22,5,2024-10-27,202.96
2024-10-22,6,2024-10-28,206.43
2024-10-22,7,2024-10-29,211.21
2024-10-22,8,2024-10-30,215.95
2024-10-22,9,2024-10-31,219.99
2024-10-22,10,2024-11-01,219.83
2024-10-22,11,2024-11-02,217.4
2024-10-22,12,2024-11-03,217.3
2024-10-22,13,2024-11-04,218.53
2024-10-22,14,2024-11-05,214.21
2024-10-22,15,2024-11-06,210.83
2024-10-22,16,2024-11-07,207.88
2024-10-22,17,2024-11-08,208.51
2024-10-22,18,2024-11-09,205.32
2024-10-22,19,2024-11-10,199.9
2024-10-22,20,2024-11-11,199.32
2024-10-22,21,2024-11-12,196.64
2024-10-22,22,2024-11-13,193.59
2024-10-22,23,2024-11-14,194.52
2024-10-22,24,2024-11-15,192.42
2024-10-22,25,2024-11-16,191.42
2024-10-22,26,2024-11-17,193.63
2024-10-22,27,2024-11-18,193.48
2024-10-22,28,2024-11-19,191.09
2024-10-22,29,2024-11-20,191.74
2024-10-22,30,2024-11-21,193.67
2024-10-23,1,2024-10-24,181.73
2024-10-23,2,2024-10-25,185.23
2024-10-23,3,2024-10-26,196.21
2024-10-23,4,2024-10-27,204.39
2024-10-23,5,2024-10-28,209.11
2024-10-23,6,2024-10-29,215.84
2024-10-23,7,2024-10-30,212.54
2024-10-23,8,2024-10-31,216.51
2024-10-23,9,2024-11-01,216.2
2024-10-23,10,2024-11-02,215.69
2024-10-23,11,2024-11-03,216.05
2024-10-23,12,2024-11-04,214.81
2024-10-23,13,2024-11-05,211.88
2024-10-23,14,2024-11-06,212.28
2024-10-23,15,2024-11-07,209.44
2024-10-23,16,2024-11-08,205.87
2024-10-23,17,2024-11-09,205.03
2024-10-23,18,2024-11-10,201.82
2024-10-23,19,2024-11-11,196.99
2024-10-23,20,2024-11-12,196.9
2024-10-23,21,2024-11-13,195.84
2024-10-23,22,2024-11-14,194.64
2024-10-23,23,2024-11-15,193.76
2024-10-23,24,2024-11-16,193.21
2024-10-23,25,2024-11-17,191.68
2024-10-23,26,2024-11-18,195.28
2024-10-23,27,2024-11-19,196.53
2024-10-23,28,2024-11-20,196.27
2024-10-23,29,2024-11-21,199.63
2024-10-23,30,2024-11-22,202.61
2024-10-24,1,2024-10-25,202.66
2024-10-24,2,2024-10-26,204.24
2024-10-24,3,2024-10-27,212.64
2024-10-24,4,2024-10-28,218.7
2024-10-24,5,2024-10-29,227.71
2024-10-24,6,2024-10-30,216.83
2024-10-24,7,2024-10-31,219.46
2024-10-24,8,2024-11-01,218.78
2024-10-24,9,2024-11-02,215.2
2024-10-24,10,2024-11-03,215.42
2024-10-24,11,2024-11-04,216.5
2024-10-24,12,2024-11-05,209.79
2024-10-24,13,2024-11-06,211.45
2024-10-24,14,2024-11-07,210.75
2024-10-24,15,2024-11-08,207.64
2024-10-24,16,2024-11-09,202.43
2024-10-24,17,2024-11-10,202.09
2024-10-24,18,2024-11-11,197.84
2024-10-24,19,2024-11-12,195.3
2024-10-24,20,2024-11-13,196.03
2024-10-24,21,2024-11-14,195.67
2024-10-24,22,2024-11-15,193.55
2024-10-24,23,2024-11-16,193.6
2024-10-24,24,2024-11-17,195.48
2024-10-24,25,2024-11-18,193.35
2024-10-24,26,2024-11-19,199.23
2024-10-24,27,2024-11-20,202.22
2024-10-24,28,2024-11-21,202.71
2024-10-24,29,2024-11-22,208.28
2024-10-24,30,2024-11-23,207.94
2024-10-25,1,2024-10-26,209.99
2024-10-25,2,2024-10-27,213.08
2024-10-25,3,2024-10-28,221.02
2024-10-25,4,2024-10-29,223.18
2024-10-25,5,2024-10-30,228.49
2024-10-25,6,2024-10-31,222.11
2024-10-25,7,2024-11-01,221.45
2024-10-25,8,2024-11-02,216.15
2024-10-25,9,2024-11-03,215.19
2024-10-25,10,2024-11-04,215.77
2024-10-25,11,2024-11-05,211.72
2024-10-25,12,2024-11-06,209.29
2024-10-25,13,2024-11-07,210.24
2024-10-25,14,2024-11-08,209.68
2024-10-25,15,2024-11-09,205.46
2024-10-25,16,2024-11-10,200.18
2024-10-25,17,2024-11-11,200.5
2024-10-25,18,2024-11-12,195.32
2024-10-25,19,2024-11-13,194.18
2024-10-25,20,2024-11-14,195.89
2024-10-25,21,2024-11-15,194.33
2024-10-25,22,2024-11-16,194.48
2024-10-25,23,2024-11-17,194.88
2024-10-25,24,2024-11-18,196.5
2024-10-25,25,2024-11-19,198.06
2024-10-25,26,2024-11-20,201.88
2024-10-25,27,2024-11-21,207.06
2024-10-25,28,2024-11-22,205.59
2024-10-25,29,2024-11-23,210.65
2024-10-25,30,2024-11-24,210.4
2024-10-26,1,2024-10-27,223.08
2024-10-26,2,2024-10-28,225.96
2024-10-26,3,2024-10-29,236.54
2024-10-26,4,2024-10-30,227.93
2024-10-26,5,2024-10-31,232.19
2024-10-26,6,2024-11-01,227.21
2024-10-26,7,2024-11-02,225.83
2024-10-26,8,2024-11-03,223.74
2024-10-26,9,2024-11-04,220.84
2024-10-26,10,2024-11-05,216.71
2024-10-26,11,2024-11-06,216.84
2024-10-26,12,2024-11-07,212.09
2024-10-26,13,2024-11-08,208.61
2024-10-26,14,2024-11-09,207.04
2024-10-26,15,2024-11-10,199.81
2024-10-26,16,2024-11-11,196.83
2024-10-26,17,2024-11-12,196.2
2024-10-26,18,2024-11-13,193.6
2024-10-26,19,2024-11-14,193.33
2024-10-26,20,2024-11-15,194.43
2024-10-26,21,2024-11-16,194.66
2024-10-26,22,2024-11-17,194.02
2024-10-26,23,2024-11-18,195.61
2024-10-26,24,2024-11-19,200.05
2024-10-26,25,2024-11-20,201.39
2024-10-26,26,2024-11-21,207.37
2024-10-26,27,2024-11-22,212.77
2024-10-26,28,2024-11-23,210.54
2024-10-26,29,2024-11-24,212.72
2024-10-26,30,2024-11-25,212.37
2024-10-27,1,2024-10-28,234.71
2024-10-27,2,2024-10-29,236.41
2024-10-27,3,2024-10-30,242.84
2024-10-27,4,2024-10-31,235.08
2024-10-27,5,2024-11-01,251.86
2024-10-27,6,2024-11-02,238.77
2024-10-27,7,2024-11-03,232.19
2024-10-27,8,2024-11-04,224.79
2024-10-27,9,2024-11-05,218.72
2024-10-27,10,2024-11-06,220.89
2024-10-27,11,2024-11-07,217.89
2024-10-27,12,2024-11-08,213.4
2024-10-27,13,2024-11-09,210.39
2024-10-27,14,2024-11-10,203.49
2024-10-27,15,2024-11-11,197.09
2024-10-27,16,2024-11-12,192.71
2024-10-27,17,2024-11-13,195.6
2024-10-27,18,2024-11-14,195.02
2024-10-27,19,2024-11-15,192.63
2024-10-27,20,2024-11-16,193.67
2024-10-27,21,2024-11-17,195.92
2024-10-27,22,2024-11-18,195.84
2024-10-27,23,2024-11-19,200.47
2024-10-27,24,2024-11-20,204.57
2024-10-27,25,2024-11-21,207.07
2024-10-27,26,2024-11-22,216.21
2024-10-27,27,2024-11-23,219.37
2024-10-27,28,2024-11-24,216.45
2024-10-27,29,2024-11-25,220.32
2024-10-27,30,2024-11-26,216.44
2024-10-28,1,2024-10-29,248.5
2024-10-28,2,2024-10-30,238.97
2024-10-28,3,2024-10-31,244.06
2024-10-28,4,2024-11-01,233.62
2024-10-28,5,2024-11-02,243.86
2024-10-28,6,2024-11-03,233.37
2024-10-28,7,2024-11-04,226.52
2024-10-28,8,2024-11-05,218.58
2024-10-28,9,2024-11-06,218.77
2024-10-28,10,2024-11-07,219.74
2024-10-28,11,2024-11-08,215.44
2024-10-28,12,2024-11-09,209.45
2024-10-28,13,2024-11-10,205.55
2024-10-28,14,2024-11-11,201.9
2024-10-28,15,2024-11-12,193.3
2024-10-28,16,2024-11-13,192.0
2024-10-28,17,2024-11-14,196.27
2024-10-28,18,2024-11-15,193.42
2024-10-28,19,2024-11-16,190.44
2024-10-28,20,2024-11-17,193.69
2024-10-28,21,2024-11-18,196.18
2024-10-28,22,2024-11-19,199.15
2024-10-28,23,2024-11-20,203.43
2024-10-28,24,2024-11-21,208.11
2024-10-28,25,2024-11-22,213.29
2024-10-28,26,2024-11-23,219.15
2024-10-28,27,2024-11-24,218.35
2024-10-28,28,2024-11-25,216.65
2024-10-28,29,2024-11-26,220.81
2024-10-28,30,2024-11-27,216.11
2024-10-29,1,2024-10-30,247.23
2024-10-29,2,2024-10-31,242.42
2024-10-29,3,2024-11-01,245.35
2024-10-29,4,2024-11-02,235.66
2024-10-29,5,2024-11-03,237.09
2024-10-29,6,2024-11-04,227.85
2024-10-29,7,2024-11-05,221.02
2024-10-29,8,2024-11-06,221.82
2024-10-29,9,2024-11-07,220.86
2024-10-29,10,2024-11-08,217.72
2024-10-29,11,2024-11-09,213.11
2024-10-29,12,2024-11-10,207.0
2024-10-29,13,2024-11-11,202.71
2024-10-29,14,2024-11-12,198.37
2024-10-29,15,2024-11-13,193.95
2024-10-29,16,2024-11-14,194.52
2024-10-29,17,2024-11-15,195.64
2024-10-29,18,2024-11-16,192.94
2024-10-29,19,2024-11-17,190.96
2024-10-29,20,2024-11-18,193.69
2024-10-29,21,2024-11-19,200.2
2024-10-29,22,2024-11-20,201.23
2024-10-29,23,2024-11-21,207.4
2024-10-29,24,2024-11-22,213.86
2024-10-29,25,2024-11-23,213.5
2024-10-29,26,2024-11-24,222.14
2024-10-29,27,2024-11-25,219.33
2024-10-29,28,2024-11-26,218.27
2024-10-29,29,2024-11-27,220.16
2024-10-29,30,2024-11-28,216.32
2024-10-30,1,2024-10-31,253.22
2024-10-30,2,2024-11-01,235.91
2024-10-30,3,2024-11-02,234.99
2024-10-30,4,2024-11-03,228.97
2024-10-30,5,2024-11-04,221.71
2024-10-30,6,2024-11-05,215.82
2024-10-30,7,2024-11-06,213.89
2024-10-30,8,2024-11-07,217.81
2024-10-30,9,2024-11-08,220.39
2024-10-30,10,2024-11-09,216.79
2024-10-30,11,2024-11-10,209.92
2024-10-30,12,2024-11-11,202.99
2024-10-30,13,2024-11-12,197.91
2024-10-30,14,2024-11-13,194.99
2024-10-30,15,2024-11-14,192.89
2024-10-30,16,2024-11-15,191.46
2024-10-30,17,2024-11-16,193.1
2024-10-30,18,2024-11-17,191.35
2024-10-30,19,2024-11-18,190.66
2024-10-30,20,2024-11-19,196.13
2024-10-30,21,2024-11-20,203.41
2024-10-30,22,2024-11-21,206.85
2024-10-30,23,2024-11-22,211.67
2024-10-30,24,2024-11-23,219.34
2024-10-30,25,2024-11-24,217.13
2024-10-30,26,2024-11-25,222.72
2024-10-30,27,2024-11-26,219.95
2024-10-30,28,2024-11-27,216.03
2024-10-30,29,2024-11-28,217.87
2024-10-30,30,2024-11-29,215.08
2024-10-31,1,2024-11-01,253.72
2024-10-31,2,2024-11-02,231.96
2024-10-31,3,2024-11-03,229.93
2024-10-31,4,2024-11-04,221.8
2024-10-31,5,2024-11-05,212.9
2024-10-31,6,2024-11-06,215.38
2024-10-31,7,2024-11-07,210.85
2024-10-31,8,2024-11-08,213.55
2024-10-31,9,2024-11-09,216.35
2024-10-31,10,2024-11-10,214.16
2024-10-31,11,2024-11-11,204.65
2024-10-31,12,2024-11-12,199.36
2024-10-31,13,2024-11-13,196.45
2024-10-31,14,2024-11-14,195.52
2024-10-31,15,2024-11-15,191.11
2024-10-31,16,2024-11-16,190.08
2024-10-31,17,2024-11-17,191.26
2024-10-31,18,2024-11-18,192.29
2024-10-31,19,2024-11-19,193.98
2024-10-31,20,2024-11-20,198.9
2024-10-31,21,2024-11-21,206.64
2024-10-31,22,2024-11-22,211.95
2024-10-31,23,2024-11-23,215.49
2024-10-31,24,2024-11-24,222.37
2024-10-31,25,2024-11-25,220.27
2024-10-31,26,2024-11-26,222.39
2024-10-31,27,2024-11-27,219.69
2024-10-31,28,2024-11-28,214.97
2024-10-31,29,2024-11-29,215.64
2024-10-31,30,2024-11-30,214.82
2024-11-01,1,2024-11-02,256.62
2024-11-01,2,2024-11-03,235.7
2024-11-01,3,2024-11-04,229.37
2024-11-01,4,2024-11-05,222.35
2024-11-01,5,2024-11-06,219.93
2024-11-01,6,2024-11-07,216.91
2024-11-01,7,2024-11-08,211.79
2024-11-01,8,2024-11-09,215.39
2024-11-01,9,2024-11-10,216.02
2024-11-01,10,2024-11-11,208.91
2024-11-01,11,2024-11-12,200.91
2024-11-01,12,2024-11-13,198.85
2024-11-01,13,2024-11-14,197.88
2024-11-01,14,2024-11-15,197.11
2024-11-01,15,2024-11-16,191.24
2024-11-01,16,2024-11-17,188.73
2024-11-01,17,2024-11-18,192.29
2024-11-01,18,2024-11-19,196.25
2024-11-01,19,2024-11-20,198.28
2024-11-01,20,2024-11-21,203.53
2024-11-01,21,2024-11-22,212.16
2024-11-01,22,2024-11-23,216.72
2024-11-01,23,2024-11-24,219.01
2024-11-01,24,2024-11-25,225.19
2024-11-01,25,2024-11-26,220.36
2024-11-01,26,2024-11-27,222.4
2024-11-01,27,2024-11-28,218.33
2024-11-01,28,2024-11-29,214.72
2024-11-01,29,2024-11-30,215.93
2024-11-01,30,2024-12-01,213.29
2024-11-02,1,2024-11-03,246.86
2024-11-02,2,2024-11-04,229.26
2024-11-02,3,2024-11-05,224.91
2024-11-02,4,2024-11-06,216.51
2024-11-02,5,2024-11-07,206.68
2024-11-02,6,2024-11-08,208.64
2024-11-02,7,2024-11-09,202.91
2024-11-02,8,2024-11-10,204.4
2024-11-02,9,2024-11-11,201.47
2024-11-02,10,2024-11-12,200.47
2024-11-02,11,2024-11-13,198.95
2024-11-02,12,2024-11-14,197.86
2024-11-02,13,2024-11-15,195.51
2024-11-02,14,2024-11-16,193.37
2024-11-02,15,2024-11-17,189.58
2024-11-02,16,2024-11-18,188.85
2024-11-02,17,2024-11-19,195.61
2024-11-02,18,2024-11-20,199.01
2024-11-02,19,2024-11-21,202.18
2024-11-02,20,2024-11-22,209.89
2024-11-02,21,2024-11-23,215.79
2024-11-02,22,2024-11-24,219.25
2024-11-02,23,2024-11-25,220.67
2024-11-02,24,2024-11-26,225.21
2024-11-02,25,2024-11-27,222.3
2024-11-02,26,2024-11-28,220.88
2024-11-02,27,2024-11-29,216.18
2024-11-02,28,2024-11-30,213.02
2024-11-02,29,2024-12-01,212.23
2024-11-02,30,2024-12-02,210.62
2024-11-03,1,2024-11-04,247.32
2024-11-03,2,2024-11-05,223.01
2024-11-03,3,2024-11-06,223.17
2024-11-03,4,2024-11-07,211.6
2024-11-03,5,2024-11-08,208.4
2024-11-03,6,2024-11-09,205.73
2024-11-03,7,2024-11-10,201.77
2024-11-03,8,2024-11-11,204.19
2024-11-03,9,2024-11-12,202.36
2024-11-03,10,2024-11-13,199.58
2024-11-03,11,2024-11-14,200.54
2024-11-03,12,2024-11-15,195.53
2024-11-03,13,2024-11-16,193.31
2024-11-03,14,2024-11-17,189.8
2024-11-03,15,2024-11-18,190.53
2024-11-03,16,2024-11-19,193.83
2024-11-03,17,2024-11-20,197.35
2024-11-03,18,2024-11-21,203.89
2024-11-03,19,2024-11-22,206.88
2024-11-03,20,2024-11-23,213.62
2024-11-03,21,2024-11-24,219.13
2024-11-03,22,2024-11-25,220.36
2024-11-03,23,2024-11-26,223.21
2024-11-03,24,2024-11-27,223.48
2024-11-03,25,2024-11-28,219.01
2024-11-03,26,2024-11-29,219.28
2024-11-03,27,2024-11-30,213.36
2024-11-03,28,2024-12-01,210.63
2024-11-03,29,2024-12-02,210.22
2024-11-03,30,2024-12-03,211.29
2024-11-04,1,2024-11-05,230.74
2024-11-04,2,2024-11-06,219.61
2024-11-04,3,2024-11-07,217.57
2024-11-04,4,2024-11-08,211.01
2024-11-04,5,2024-11-09,209.88
2024-11-04,6,2024-11-10,203.51
2024-11-04,7,2024-11-11,201.48
2024-11-04,8,2024-11-12,202.67
2024-11-04,9,2024-11-13,201.79
2024-11-04,10,2024-11-14,205.04
2024-11-04,11,2024-11-15,200.31
2024-11-04,12,2024-11-16,194.15
2024-11-04,13,2024-11-17,190.86
2024-11-04,14,2024-11-18,190.09
2024-11-04,15,2024-11-19,190.85
2024-11-04,16,2024-11-20,196.59
2024-11-04,17,2024-11-21,202.64
2024-11-04,18,2024-11-22,208.71
2024-11-04,19,2024-11-23,212.54
2024-11-04,20,2024-11-24,217.38
2024-11-04,21,2024-11-25,219.93
2024-11-04,22,2024-11-26,221.81
2024-11-04,23,2024-11-27,220.71
2024-11-04,24,2024-11-28,222.0
2024-11-04,25,2024-11-29,216.46
2024-11-04,26,2024-11-30,216.26
2024-11-04,27,2024-12-01,211.31
2024-11-04,28,2024-12-02,208.04
2024-11-04,29,2024-12-03,209.07
2024-11-04,30,2024-12-04,210.65
2024-11-05,1,2024-11-06,232.01
2024-11-05,2,2024-11-07,220.23
2024-11-05,3,2024-11-08,217.16
2024-11-05,4,2024-11-09,209.48
2024-11-05,5,2024-11-10,208.79
2024-11-05,6,2024-11-11,201.23
2024-11-05,7,2024-11-12,197.06
2024-11-05,8,2024-11-13,197.5
2024-11-05,9,2024-11-14,202.2
2024-11-05,10,2024-11-15,199.66
2024-11-05,11,2024-11-16,193.84
2024-11-05,12,2024-11-17,191.07
2024-11-05,13,2024-11-18,192.18
2024-11-05,14,2024-11-19,195.51
2024-11-05,15,2024-11-20,195.45
2024-11-05,16,2024-11-21,203.33
2024-11-05,17,2024-11-22,210.51
2024-11-05,18,2024-11-23,216.76
2024-11-05,19,2024-11-24,214.51
2024-11-05,20,2024-11-25,220.02
2024-11-05,21,2024-11-26,221.44
2024-11-05,22,2024-11-27,221.25
2024-11-05,23,2024-11-28,219.83
2024-11-05,24,2024-11-29,219.49
2024-11-05,25,2024-11-30,213.83
2024-11-05,26,2024-12-01,215.58
2024-11-05,27,2024-12-02,213.14
2024-11-05,28,2024-12-03,208.57
2024-11-05,29,2024-12-04,209.91
2024-11-05,30,2024-12-05,209.51
2024-11-06,1,2024-11-07,234.4
2024-11-06,2,2024-11-08,217.08
2024-11-06,3,2024-11-09,214.54
2024-11-06,4,2024-11-10,209.92
2024-11-06,5,2024-11-11,208.87
2024-11-06,6,2024-11-12,201.09
2024-11-06,7,2024-11-13,198.49
2024-11-06,8,2024-11-14,204.38
2024-11-06,9,2024-11-15,202.59
2024-11-06,10,2024-11-16,196.91
2024-11-06,11,2024-11-17,191.38
2024-11-06,12,2024-11-18,190.76
2024-11-06,13,2024-11-19,197.62
2024-11-06,14,2024-11-20,196.95
2024-11-06,15,2024-11-21,202.5
2024-11-06,16,2024-11-22,211.34
2024-11-06,17,2024-11-23,216.6
2024-11-06,18,2024-11-24,219.75
2024-11-06,19,2024-11-25,219.15
2024-11-06,20,2024-11-26,222.43
2024-11-06,21,2024-11-27,221.76
2024-11-06,22,2024-11-28,220.76
2024-11-06,23,2024-11-29,217.86
2024-11-06,24,2024-11-30,218.94
2024-11-06,25,2024-12-01,213.57
2024-11-06,26,2024-12-02,217.29
2024-11-06,27,2024-12-03,213.62
2024-11-06,28,2024-12-04,208.91
2024-11-06,29,2024-12-05,209.62
2024-11-06,30,2024-12-06,210.25
2024-11-07,1,2024-11-08,237.09
2024-11-07,2,2024-11-09,222.06
2024-11-07,3,2024-11-10,216.97
2024-11-07,4,2024-11-11,215.35
2024-11-07,5,2024-11-12,204.59
2024-11-07,6,2024-11-13,201.89
2024-11-07,7,2024-11-14,198.96
2024-11-07,8,2024-11-15,201.66
2024-11-07,9,2024-11-16,200.06
2024-11-07,10,2024-11-17,194.08
2024-11-07,11,2024-11-18,191.73
2024-11-07,12,2024-11-19,197.34
2024-11-07,13,2024-11-20,201.45
2024-11-07,14,2024-11-21,204.86
2024-11-07,15,2024-11-22,208.75
2024-11-07,16,2024-11-23,219.51
2024-11-07,17,2024-11-24,221.04
2024-11-07,18,2024-11-25,224.21
2024-11-07,19,2024-11-26,220.98
2024-11-07,20,2024-11-27,222.32
2024-11-07,21,2024-11-28,223.54
2024-11-07,22,2024-11-29,219.86
2024-11-07,23,2024-11-30,218.1
2024-11-07,24,2024-12-01,218.6
2024-11-07,25,2024-12-02,215.98
2024-11-07,26,2024-12-03,219.08
2024-11-07,27,2024-12-04,216.12
2024-11-07,28,2024-12-05,210.58
2024-11-07,29,2024-12-06,211.51
2024-11-07,30,2024-12-07,209.15
2024-11-08,1,2024-11-09,225.14
2024-11-08,2,2024-11-10,214.64
2024-11-08,3,2024-11-11,217.95
2024-11-08,4,2024-11-12,207.37
2024-11-08,5,2024-11-13,197.6
2024-11-08,6,2024-11-14,199.74
2024-11-08,7,2024-11-15,196.57
2024-11-08,8,2024-11-16,201.2
2024-11-08,9,2024-11-17,198.37
2024-11-08,10,2024-11-18,196.63
2024-11-08,11,2024-11-19,198.87
2024-11-08,12,2024-11-20,202.22
2024-11-08,13,2024-11-21,207.11
2024-11-08,14,2024-11-22,211.67
2024-11-08,15,2024-11-23,215.0
2024-11-08,16,2024-11-24,220.42
2024-11-08,17,2024-11-25,220.15
2024-11-08,18,2024-11-26,224.63
2024-11-08,19,2024-11-27,220.29
2024-11-08,20,2024-11-28,221.03
2024-11-08,21,2024-11-29,220.17
2024-11-08,22,2024-11-30,216.89
2024-11-08,23,2024-12-01,215.69
2024-11-08,24,2024-12-02,216.84
2024-11-08,25,2024-12-03,214.64
2024-11-08,26,2024-12-04,216.96
2024-11-08,27,2024-12-05,213.25
2024-11-08,28,2024-12-06,207.79
2024-11-08,29,2024-12-07,208.21
2024-11-08,30,2024-12-08,207.37
2024-11-09,1,2024-11-10,215.4
2024-11-09,2,2024-11-11,211.49
2024-11-09,3,2024-11-12,211.86
2024-11-09,4,2024-11-13,201.0
2024-11-09,5,2024-11-14,193.3
2024-11-09,6,2024-11-15,192.43
2024-11-09,7,2024-11-16,194.25
2024-11-09,8,2024-11-17,197.91
2024-11-09,9,2024-11-18,199.96
2024-11-09,10,2024-11-19,204.87
2024-11-09,11,2024-11-20,205.52
2024-11-09,12,2024-11-21,210.18
2024-11-09,13,2024-11-22,214.17
2024-11-09,14,2024-11-23,215.57
2024-11-09,15,2024-11-24,217.95
2024-11-09,16,2024-11-25,220.66
2024-11-09,17,2024-11-26,219.44
2024-11-09,18,2024-11-27,221.95
2024-11-09,19,2024-11-28,218.78
2024-11-09,20,2024-11-29,218.72
2024-11-09,21,2024-11-30,218.5
2024-11-09,22,2024-12-01,214.76
2024-11-09,23,2024-12-02,214.64
2024-11-09,24,2024-12-03,216.25
2024-11-09,25,2024-12-04,213.11
2024-11-09,26,2024-12-05,212.63
2024-11-09,27,2024-12-06,210.78
2024-11-09,28,2024-12-07,205.41
2024-11-09,29,2024-12-08,204.94
2024-11-09,30,2024-12-09,205.33
2024-11-10,1,2024-11-11,208.66
2024-11-10,2,2024-11-12,200.49
2024-11-10,3,2024-11-13,195.66
2024-11-10,4,2024-11-14,190.32
2024-11-10,5,2024-11-15,184.92
2024-11-10,6,2024-11-16,185.59
2024-11-10,7,2024-11-17,188.37
2024-11-10,8,2024-11-18,193.11
2024-11-10,9,2024-11-19,201.48
2024-11-10,10,2024-11-20,205.41
2024-11-10,11,2024-11-21,208.96
2024-11-10,12,2024-11-22,215.95
2024-11-10,13,2024-11-23,219.75
2024-11-10,14,2024-11-24,217.75
2024-11-10,15,2024-11-25,219.04
2024-11-10,16,2024-11-26,219.77
2024-11-10,17,2024-11-27,218.83
2024-11-10,18,2024-11-28,220.07
2024-11-10,19,2024-11-29,217.63
2024-11-10,20,2024-11-30,216.23
2024-11-10,21,2024-12-01,216.82
2024-11-10,22,2024-12-02,214.65
2024-11-10,23,2024-12-03,213.95
2024-11-10,24,2024-12-04,214.81
2024-11-10,25,2024-12-05,209.89
2024-11-10,26,2024-12-06,210.11
2024-11-10,27,2024-12-07,209.24
2024-11-10,28,2024-12-08,203.21
2024-11-10,29,2024-12-09,203.16
2024-11-10,30,2024-12-10,202.28
2024-11-11,1,2024-11-12,211.12
2024-11-11,2,2024-11-13,203.51
2024-11-11,3,2024-11-14,201.28
2024-11-11,4,2024-11-15,194.97
2024-11-11,5,2024-11-16,192.13
2024-11-11,6,2024-11-17,196.59
2024-11-11,7,2024-11-18,201.69
2024-11-11,8,2024-11-19,205.83
2024-11-11,9,2024-11-20,207.29
2024-11-11,10,2024-11-21,212.36
2024-11-11,11,2024-11-22,216.23
2024-11-11,12,2024-11-23,221.79
2024-11-11,13,2024-11-24,221.72
2024-11-11,14,2024-11-25,221.01
2024-11-11,15,2024-11-26,218.52
2024-11-11,16,2024-11-27,219.34
2024-11-11,17,2024-11-28,220.93
2024-11-11,18,2024-11-29,217.9
2024-11-11,19,2024-11-30,216.73
2024-11-11,20,2024-12-01,216.03
2024-11-11,21,2024-12-02,217.05
2024-11-11,22,2024-12-03,215.86
2024-11-11,23,2024-12-04,215.84
2024-11-11,24,2024-12-05,214.3
2024-11-11,25,2024-12-06,209.65
2024-11-11,26,2024-12-07,211.32
2024-11-11,27,2024-12-08,210.42
2024-11-11,28,2024-12-09,204.5
2024-11-11,29,2024-12-10,204.53
2024-11-11,30,2024-12-11,204.96
2024-11-12,1,2024-11-13,177.97
2024-11-12,2,2024-11-14,177.15
2024-11-12,3,2024-11-15,175.46
2024-11-12,4,2024-11-16,172.88
2024-11-12,5,2024-11-17,173.24
2024-11-12,6,2024-11-18,173.85
2024-11-12,7,2024-11-19,184.86
2024-11-12,8,2024-11-20,187.19
2024-11-12,9,2024-11-21,194.89
2024-11-12,10,2024-11-22,201.89
2024-11-12,11,2024-11-23,208.09
2024-11-12,12,2024-11-24,213.18
2024-11-12,13,2024-11-25,216.34
2024-11-12,14,2024-11-26,218.85
2024-11-12,15,2024-11-27,218.49
2024-11-12,16,2024-11-28,217.54
2024-11-12,17,2024-11-29,216.97
2024-11-12,18,2024-11-30,215.31
2024-11-12,19,2024-12-01,211.65
2024-11-12,20,2024-12-02,211.9
2024-11-12,21,2024-12-03,211.35
2024-11-12,22,2024-12-04,211.03
2024-11-12,23,2024-12-05,207.01
2024-11-12,24,2024-12-06,205.13
2024-11-12,25,2024-12-07,200.9
2024-11-12,26,2024-12-08,203.99
2024-11-12,27,2024-12-09,199.98
2024-11-12,28,2024-12-10,196.02
2024-11-12,29,2024-12-11,196.91
2024-11-12,30,2024-12-12,194.25
2024-11-13,1,2024-11-14,170.52
2024-11-13,2,2024-11-15,162.53
2024-11-13,3,2024-11-16,166.92
2024-11-13,4,2024-11-17,168.09
2024-11-13,5,2024-11-18,167.1
2024-11-13,6,2024-11-19,173.12
2024-11-13,7,2024-11-20,179.66
2024-11-13,8,2024-11-21,188.29
2024-11-13,9,2024-11-22,195.5
2024-11-13,10,2024-11-23,202.97
2024-11-13,11,2024-11-24,206.18
2024-11-13,12,2024-11-25,212.1
2024-11-13,13,2024-11-26,216.2
2024-11-13,14,2024-11-27,217.86
2024-11-13,15,2024-11-28,215.49
2024-11-13,16,2024-11-29,215.14
2024-11-13,17,2024-11-30,213.74
2024-11-13,18,2024-12-01,211.79
2024-11-13,19,2024-12-02,210.32
2024-11-13,20,2024-12-03,208.58
2024-11-13,21,2024-12-04,209.9
2024-11-13,22,2024-12-05,205.62
2024-11-13,23,2024-12-06,203.52
2024-11-13,24,2024-12-07,200.05
2024-11-13,25,2024-12-08,197.93
2024-11-13,26,2024-12-09,196.06
2024-11-13,27,2024-12-10,193.88
2024-11-13,28,2024-12-11,190.9
2024-11-13,29,2024-12-12,191.89
2024-11-13,30,2024-12-13,190.36
2024-11-14,1,2024-11-15,155.4
2024-11-14,2,2024-11-16,151.81
2024-11-14,3,2024-11-17,157.52
2024-11-14,4,2024-11-18,165.43
2024-11-14,5,2024-11-19,173.62
2024-11-14,6,2024-11-20,177.28
2024-11-14,7,2024-11-21,183.46
2024-11-14,8,2024-11-22,190.93
2024-11-14,9,2024-11-23,194.14
2024-11-14,10,2024-11-24,200.81
2024-11-14,11,2024-11-25,206.29
2024-11-14,12,2024-11-26,211.36
2024-11-14,13,2024-11-27,216.83
2024-11-14,14,2024-11-28,216.81
2024-11-14,15,2024-11-29,213.14
2024-11-14,16,2024-11-30,211.09
2024-11-14,17,2024-12-01,208.64
2024-11-14,18,2024-12-02,210.25
2024-11-14,19,2024-12-03,206.7
2024-11-14,20,2024-12-04,205.34
2024-11-14,21,2024-12-05,204.35
2024-11-14,22,2024-12-06,200.94
2024-11-14,23,2024-12-07,196.52
2024-11-14,24,2024-12-08,194.73
2024-11-14,25,2024-12-09,186.0
2024-11-14,26,2024-12-10,186.58
2024-11-14,27,2024-12-11,186.13
2024-11-14,28,2024-12-12,185.62
2024-11-14,29,2024-12-13,186.24
2024-11-14,30,2024-12-14,186.4
2024-11-15,1,2024-11-16,147.61
2024-11-15,2,2024-11-17,149.87
2024-11-15,3,2024-11-18,155.43
2024-11-15,4,2024-11-19,165.05
2024-11-15,5,2024-11-20,178.02
2024-11-15,6,2024-11-21,183.39
2024-11-15,7,2024-11-22,187.03
2024-11-15,8,2024-11-23,192.41
2024-11-15,9,2024-11-24,195.78
2024-11-15,10,2024-11-25,203.32
2024-11-15,11,2024-11-26,208.58
2024-11-15,12,2024-11-27,211.98
2024-11-15,13,2024-11-28,215.07
2024-11-15,14,2024-11-29,213.43
2024-11-15,15,2024-11-30,210.2
2024-11-15,16,2024-12-01,208.49
2024-11-15,17,2024-12-02,210.31
2024-11-15,18,2024-12-03,209.78
2024-11-15,19,2024-12-04,206.26
2024-11-15,20,2024-12-05,203.08
2024-11-15,21,2024-12-06,201.1
2024-11-15,22,2024-12-07,197.57
2024-11-15,23,2024-12-08,193.13
2024-11-15,24,2024-12-09,186.16
2024-11-15,25,2024-12-10,182.49
2024-11-15,26,2024-12-11,182.28
2024-11-15,27,2024-12-12,184.8
2024-11-15,28,2024-12-13,184.29
2024-11-15,29,2024-12-14,187.87
2024-11-15,30,2024-12-15,186.25
2024-11-16,1,2024-11-17,149.43
2024-11-16,2,2024-11-18,151.35
2024-11-16,3,2024-11-19,158.93
2024-11-16,4,2024-11-20,171.28
2024-11-16,5,2024-11-21,184.6
2024-11-16,6,2024-11-22,185.78
2024-11-16,7,2024-11-23,190.83
2024-11-16,8,2024-11-24,196.85
2024-11-16,9,2024-11-25,200.15
2024-11-16,10,2024-11-26,206.06
2024-11-16,11,2024-11-27,209.4
2024-11-16,12,2024-11-28,211.72
2024-11-16,13,2024-11-29,212.58
2024-11-16,14,2024-11-30,213.66
2024-11-16,15,2024-12-01,209.0
2024-11-16,16,2024-12-02,209.33
2024-11-16,17,2024-12-03,209.38
2024-11-16,18,2024-12-04,208.76
2024-11-16,19,2024-12-05,203.66
2024-11-16,20,2024-12-06,201.36
2024-11-16,21,2024-12-07,197.73
2024-11-16,22,2024-12-08,195.06
2024-11-16,23,2024-12-09,185.39
2024-11-16,24,2024-12-10,182.54
2024-11-16,25,2024-12-11,179.07
2024-11-16,26,2024-12-12,181.11
2024-11-16,27,2024-12-13,185.29
2024-11-16,28,2024-12-14,183.12
2024-11-16,29,2024-12-15,185.98
2024-11-16,30,2024-12-16,187.6
2024-11-17,1,2024-11-18,146.2
2024-11-17,2,2024-11-19,151.68
2024-11-17,3,2024-11-20,162.44
2024-11-17,4,2024-11-21,171.74
2024-11-17,5,2024-11-22,180.98
2024-11-17,6,2024-11-23,190.77
2024-11-17,7,2024-11-24,193.07
2024-11-17,8,2024-11-25,200.79
2024-11-17,9,2024-11-26,203.34
2024-11-17,10,2024-11-27,206.46
2024-11-17,11,2024-11-28,211.01
2024-11-17,12,2024-11-29,209.39
2024-11-17,13,2024-11-30,210.27
2024-11-17,14,2024-12-01,209.31
2024-11-17,15,2024-12-02,209.14
2024-11-17,16,2024-12-03,208.28
2024-11-17,17,2024-12-04,210.84
2024-11-17,18,2024-12-05,205.18
2024-11-17,19,2024-12-06,201.59
2024-11-17,20,2024-12-07,196.87
2024-11-17,21,2024-12-08,194.75
2024-11-17,22,2024-12-09,186.01
2024-11-17,23,2024-12-10,179.94
2024-11-17,24,2024-12-11,178.18
2024-11-17,25,2024-12-12,177.93
2024-11-17,26,2024-12-13,179.17
2024-11-17,27,2024-12-14,182.55
2024-11-17,28,2024-12-15,181.8
2024-11-17,29,2024-12-16,184.67
2024-11-17,30,2024-12-17,185.18
2024-11-18,1,2024-11-19,154.07
2024-11-18,2,2024-11-20,158.03
2024-11-18,3,2024-11-21,170.78
2024-11-18,4,2024-11-22,177.44
2024-11-18,5,2024-11-23,188.62
2024-11-18,6,2024-11-24,194.49
2024-11-18,7,2024-11-25,198.23
2024-11-18,8,2024-11-26,203.28
2024-11-18,9,2024-11-27,203.91
2024-11-18,10,2024-11-28,208.13
2024-11-18,11,2024-11-29,209.58
2024-11-18,12,2024-11-30,209.19
2024-11-18,13,2024-12-01,208.78
2024-11-18,14,2024-12-02,211.04
2024-11-18,15,2024-12-03,209.11
2024-11-18,16,2024-12-04,208.0
2024-11-18,17,2024-12-05,208.28
2024-11-18,18,2024-12-06,203.16
2024-11-18,19,2024-12-07,197.96
2024-11-18,20,2024-12-08,194.46
2024-11-18,21,2024-12-09,186.38
2024-11-18,22,2024-12-10,180.89
2024-11-18,23,2024-12-11,176.82
2024-11-18,24,2024-12-12,177.34
2024-11-18,25,2024-12-13,177.31
2024-11-18,26,2024-12-14,178.4
2024-11-18,27,2024-12-15,182.45
2024-11-18,28,2024-12-16,182.41
2024-11-18,29,2024-12-17,182.74
2024-11-18,30,2024-12-18,185.44
2024-11-19,1,2024-11-20,170.92
2024-11-19,2,2024-11-21,180.92
2024-11-19,3,2024-11-22,194.79
2024-11-19,4,2024-11-23,197.73
2024-11-19,5,2024-11-24,200.99
2024-11-19,6,2024-11-25,204.62
2024-11-19,7,2024-11-26,205.44
2024-11-19,8,2024-11-27,209.81
2024-11-19,9,2024-11-28,208.09
2024-11-19,10,2024-11-29,208.06
2024-11-19,11,2024-11-30,210.22
2024-11-19,12,2024-12-01,207.3
2024-11-19,13,2024-12-02,210.03
2024-11-19,14,2024-12-03,210.73
2024-11-19,15,2024-12-04,208.37
2024-11-19,16,2024-12-05,205.15
2024-11-19,17,2024-12-06,204.36
2024-11-19,18,2024-12-07,199.95
2024-11-19,19,2024-12-08,194.99
2024-11-19,20,2024-12-09,186.93
2024-11-19,21,2024-12-10,185.0
2024-11-19,22,2024-12-11,180.92
2024-11-19,23,2024-12-12,180.07
2024-11-19,24,2024-12-13,181.79
2024-11-19,25,2024-12-14,181.85
2024-11-19,26,2024-12-15,185.34
2024-11-19,27,2024-12-16,188.8
2024-11-19,28,2024-12-17,187.68
2024-11-19,29,2024-12-18,189.51
2024-11-19,30,2024-12-19,191.07
2024-11-20,1,2024-11-21,169.08
2024-11-20,2,2024-11-22,174.58
2024-11-20,3,2024-11-23,184.01
2024-11-20,4,2024-11-24,193.13
2024-11-20,5,2024-11-25,199.52
2024-11-20,6,2024-11-26,203.95
2024-11-20,7,2024-11-27,204.4
2024-11-20,8,2024-11-28,207.65
2024-11-20,9,2024-11-29,206.43
2024-11-20,10,2024-11-30,208.0
2024-11-20,11,2024-12-01,207.34
2024-11-20,12,2024-12-02,208.18
2024-11-20,13,2024-12-03,209.9
2024-11-20,14,2024-12-04,210.57
2024-11-20,15,2024-12-05,205.23
2024-11-20,16,2024-12-06,202.8
2024-11-20,17,2024-12-07,199.47
2024-11-20,18,2024-12-08,196.55
2024-11-20,19,2024-12-09,185.95
2024-11-20,20,2024-12-10,182.0
2024-11-20,21,2024-12-11,181.4
2024-11-20,22,2024-12-12,180.23
2024-11-20,23,2024-12-13,179.81
2024-11-20,24,2024-12-14,181.75
2024-11-20,25,2024-12-15,180.89
2024-11-20,26,2024-12-16,185.18
2024-11-20,27,2024-12-17,187.12
2024-11-20,28,2024-12-18,184.96
2024-11-20,29,2024-12-19,185.89
2024-11-20,30,2024-12-20,187.67
2024-11-21,1,2024-11-22,169.33
2024-11-21,2,2024-11-23,174.37
2024-11-21,3,2024-11-24,186.18
2024-11-21,4,2024-11-25,192.66
2024-11-21,5,2024-11-26,194.95
2024-11-21,6,2024-11-27,200.84
2024-11-21,7,2024-11-28,204.22
2024-11-21,8,2024-11-29,204.76
2024-11-21,9,2024-11-30,208.82
2024-11-21,10,2024-12-01,205.85
2024-11-21,11,2024-12-02,207.72
2024-11-21,12,2024-12-03,208.17
2024-11-21,13,2024-12-04,209.04
2024-11-21,14,2024-12-05,206.71
2024-11-21,15,2024-12-06,203.24
2024-11-21,16,2024-12-07,197.76
2024-11-21,17,2024-12-08,195.19
2024-11-21,18,2024-12-09,187.13
2024-11-21,19,2024-12-10,181.4
2024-11-21,20,2024-12-11,180.82
2024-11-21,21,2024-12-12,181.47
2024-11-21,22,2024-12-13,180.18
2024-11-21,23,2024-12-14,180.27
2024-11-21,24,2024-12-15,181.74
2024-11-21,25,2024-12-16,183.34
2024-11-21,26,2024-12-17,185.05
2024-11-21,27,2024-12-18,188.81
2024-11-21,28,2024-12-19,186.07
2024-11-21,29,2024-12-20,188.32
2024-11-21,30,2024-12-21,189.32
2024-11-22,1,2024-11-23,180.07
2024-11-22,2,2024-11-24,184.97
2024-11-22,3,2024-11-25,193.39
2024-11-22,4,2024-11-26,195.58
2024-11-22,5,2024-11-27,201.37
2024-11-22,6,2024-11-28,203.63
2024-11-22,7,2024-11-29,205.46
2024-11-22,8,2024-11-30,210.74
2024-11-22,9,2024-12-01,207.7
2024-11-22,10,2024-12-02,206.25
2024-11-22,11,2024-12-03,206.56
2024-11-22,12,2024-12-04,207.8
2024-11-22,13,2024-12-05,205.94
2024-11-22,14,2024-12-06,204.88
2024-11-22,15,2024-12-07,200.73
2024-11-22,16,2024-12-08,194.79
2024-11-22,17,2024-12-09,188.37
2024-11-22,18,2024-12-10,184.33
2024-11-22,19,2024-12-11,178.29
2024-11-22,20,2024-12-12,180.78
2024-11-22,21,2024-12-13,180.77
2024-11-22,22,2024-12-14,180.22
2024-11-22,23,2024-12-15,181.23
2024-11-22,24,2024-12-16,184.89
2024-11-22,25,2024-12-17,183.01
2024-11-22,26,2024-12-18,188.05
2024-11-22,27,2024-12-19,190.96
2024-11-22,28,2024-12-20,190.05
2024-11-22,29,2024-12-21,193.02
2024-11-22,30,2024-12-22,192.05
2024-11-23,1,2024-11-24,190.11
2024-11-23,2,2024-11-25,195.04
2024-11-23,3,2024-11-26,206.11
2024-11-23,4,2024-11-27,207.3
2024-11-23,5,2024-11-28,212.51
2024-11-23,6,2024-11-29,212.66
2024-11-23,7,2024-11-30,213.09
2024-11-23,8,2024-12-01,210.93
2024-11-23,9,2024-12-02,208.8
2024-11-23,10,2024-12-03,207.88
2024-11-23,11,2024-12-04,207.34
2024-11-23,12,2024-12-05,205.67
2024-11-23,13,2024-12-06,204.96
2024-11-23,14,2024-12-07,202.03
2024-11-23,15,2024-12-08,197.99
2024-11-23,16,2024-12-09,186.54
2024-11-23,17,2024-12-10,183.35
2024-11-23,18,2024-12-11,180.5
2024-11-23,19,2024-12-12,177.63
2024-11-23,20,2024-12-13,180.45
2024-11-23,21,2024-12-14,180.47
2024-11-23,22,2024-12-15,181.66
2024-11-23,23,2024-12-16,185.73
2024-11-23,24,2024-12-17,184.35
2024-11-23,25,2024-12-18,184.9
2024-11-23,26,2024-12-19,189.66
2024-11-23,27,2024-12-20,194.24
2024-11-23,28,2024-12-21,193.38
2024-11-23,29,2024-12-22,196.62
2024-11-23,30,2024-12-23,199.9
2024-11-24,1,2024-11-25,206.7
2024-11-24,2,2024-11-26,210.84
2024-11-24,3,2024-11-27,219.71
2024-11-24,4,2024-11-28,215.02
2024-11-24,5,2024-11-29,223.86
2024-11-24,6,2024-11-30,221.77
2024-11-24,7,2024-12-01,212.71
2024-11-24,8,2024-12-02,214.47
2024-11-24,9,2024-12-03,212.77
2024-11-24,10,2024-12-04,209.78
2024-11-24,11,2024-12-05,206.48
2024-11-24,12,2024-12-06,206.29
2024-11-24,13,2024-12-07,201.08
2024-11-24,14,2024-12-08,198.58
2024-11-24,15,2024-12-09,189.68
2024-11-24,16,2024-12-10,182.97
2024-11-24,17,2024-12-11,183.15
2024-11-24,18,2024-12-12,180.15
2024-11-24,19,2024-12-13,180.22
2024-11-24,20,2024-12-14,181.28
2024-11-24,21,2024-12-15,182.77
2024-11-24,22,2024-12-16,185.89
2024-11-24,23,2024-12-17,188.04
2024-11-24,24,2024-12-18,189.29
2024-11-24,25,2024-12-19,189.13
2024-11-24,26,2024-12-20,195.07
2024-11-24,27,2024-12-21,198.42
2024-11-24,28,2024-12-22,197.68
2024-11-24,29,2024-12-23,202.91
2024-11-24,30,2024-12-24,204.74
2024-11-25,1,2024-11-26,213.24
2024-11-25,2,2024-11-27,211.85
2024-11-25,3,2024-11-28,216.02
2024-11-25,4,2024-11-29,214.23
2024-11-25,5,2024-11-30,225.26
2024-11-25,6,2024-12-01,215.1
2024-11-25,7,2024-12-02,208.93
2024-11-25,8,2024-12-03,210.42
2024-11-25,9,2024-12-04,210.33
2024-11-25,10,2024-12-05,207.05
2024-11-25,11,2024-12-06,206.21
2024-11-25,12,2024-12-07,201.4
2024-11-25,13,2024-12-08,196.65
2024-11-25,14,2024-12-09,189.47
2024-11-25,15,2024-12-10,183.92
2024-11-25,16,2024-12-11,179.52
2024-11-25,17,2024-12-12,182.15
2024-11-25,18,2024-12-13,178.94
2024-11-25,19,2024-12-14,179.56
2024-11-25,20,2024-12-15,180.96
2024-11-25,21,2024-12-16,184.24
2024-11-25,22,2024-12-17,185.17
2024-11-25,23,2024-12-18,188.3
2024-11-25,24,2024-12-19,190.26
2024-11-25,25,2024-12-20,192.3
2024-11-25,26,2024-12-21,197.65
2024-11-25,27,2024-12-22,200.19
2024-11-25,28,2024-12-23,198.69
2024-11-25,29,2024-12-24,204.55
2024-11-25,30,2024-12-25,206.33
2024-11-26,1,2024-11-27,221.33
2024-11-26,2,2024-11-28,220.98
2024-11-26,3,2024-11-29,222.47
2024-11-26,4,2024-11-30,222.1
2024-11-26,5,2024-12-01,220.77
2024-11-26,6,2024-12-02,219.88
2024-11-26,7,2024-12-03,212.91
2024-11-26,8,2024-12-04,215.84
2024-11-26,9,2024-12-05,216.79
2024-11-26,10,2024-12-06,213.47
2024-11-26,11,2024-12-07,206.87
2024-11-26,12,2024-12-08,200.7
2024-11-26,13,2024-12-09,189.02
2024-11-26,14,2024-12-10,185.61
2024-11-26,15,2024-12-11,180.94
2024-11-26,16,2024-12-12,178.62
2024-11-26,17,2024-12-13,181.74
2024-11-26,18,2024-12-14,180.36
2024-11-26,19,2024-12-15,179.87
2024-11-26,20,2024-12-16,184.28
2024-11-26,21,2024-12-17,184.95
2024-11-26,22,2024-12-18,187.59
2024-11-26,23,2024-12-19,190.25
2024-11-26,24,2024-12-20,194.04
2024-11-26,25,2024-12-21,196.37
2024-11-26,26,2024-12-22,202.02
2024-11-26,27,2024-12-23,207.64
2024-11-26,28,2024-12-24,206.29
2024-11-26,29,2024-12-25,210.17
2024-11-26,30,2024-12-26,209.23
2024-11-27,1,2024-11-28,228.05
2024-11-27,2,2024-11-29,227.34
2024-11-27,3,2024-11-30,232.25
2024-11-27,4,2024-12-01,227.75
2024-11-27,5,2024-12-02,229.57
2024-11-27,6,2024-12-03,225.0
2024-11-27,7,2024-12-04,217.27
2024-11-27,8,2024-12-05,216.53
2024-11-27,9,2024-12-06,216.85
2024-11-27,10,2024-12-07,209.99
2024-11-27,11,2024-12-08,202.55
2024-11-27,12,2024-12-09,191.18
2024-11-27,13,2024-12-10,183.39
2024-11-27,14,2024-12-11,182.9
2024-11-27,15,2024-12-12,180.65
2024-11-27,16,2024-12-13,179.32
2024-11-27,17,2024-12-14,180.41
2024-11-27,18,2024-12-15,179.79
2024-11-27,19,2024-12-16,182.46
2024-11-27,20,2024-12-17,182.49
2024-11-27,21,2024-12-18,185.74
2024-11-27,22,2024-12-19,188.89
2024-11-27,23,2024-12-20,192.4
2024-11-27,24,2024-12-21,196.78
2024-11-27,25,2024-12-22,199.48
2024-11-27,26,2024-12-23,203.85
2024-11-27,27,2024-12-24,207.85
2024-11-27,28,2024-12-25,205.86
2024-11-27,29,2024-12-26,210.32
2024-11-27,30,2024-12-27,208.4
2024-11-28,1,2024-11-29,223.89
2024-11-28,2,2024-11-30,224.61
2024-11-28,3,2024-12-01,226.1
2024-11-28,4,2024-12-02,219.22
2024-11-28,5,2024-12-03,221.31
2024-11-28,6,2024-12-04,213.13
2024-11-28,7,2024-12-05,212.52
2024-11-28,8,2024-12-06,214.01
2024-11-28,9,2024-12-07,214.06
2024-11-28,10,2024-12-08,204.2
2024-11-28,11,2024-12-09,192.11
2024-11-28,12,2024-12-10,184.05
2024-11-28,13,2024-12-11,180.08
2024-11-28,14,2024-12-12,181.5
2024-11-28,15,2024-12-13,178.87
2024-11-28,16,2024-12-14,179.39
2024-11-28,17,2024-12-15,180.2
2024-11-28,18,2024-12-16,183.36
2024-11-28,19,2024-12-17,181.66
2024-11-28,20,2024-12-18,185.45
2024-11-28,21,2024-12-19,189.33
2024-11-28,22,2024-12-20,192.73
2024-11-28,23,2024-12-21,196.03
2024-11-28,24,2024-12-22,201.95
2024-11-28,25,2024-12-23,202.65
2024-11-28,26,2024-12-24,207.12
2024-11-28,27,2024-12-25,207.5
2024-11-28,28,2024-12-26,206.3
2024-11-28,29,2024-12-27,209.04
2024-11-28,30,2024-12-28,205.85
2024-11-29,1,2024-11-30,213.32
2024-11-29,2,2024-12-01,207.23
2024-11-29,3,2024-12-02,210.95
2024-11-29,4,2024-12-03,205.16
2024-11-29,5,2024-12-04,200.76
2024-11-29,6,2024-12-05,199.11
2024-11-29,7,2024-12-06,199.9
2024-11-29,8,2024-12-07,198.31
2024-11-29,9,2024-12-08,198.22
2024-11-29,10,2024-12-09,190.25
2024-11-29,11,2024-12-10,181.64
2024-11-29,12,2024-12-11,179.15
2024-11-29,13,2024-12-12,179.49
2024-11-29,14,2024-12-13,182.91
2024-11-29,15,2024-12-14,177.83
2024-11-29,16,2024-12-15,178.51
2024-11-29,17,2024-12-16,183.83
2024-11-29,18,2024-12-17,181.79
2024-11-29,19,2024-12-18,183.14
2024-11-29,20,2024-12-19,187.02
2024-11-29,21,2024-12-20,191.95
2024-11-29,22,2024-12-21,194.86
2024-11-29,23,2024-12-22,199.18
2024-11-29,24,2024-12-23,205.81
2024-11-29,25,2024-12-24,204.63
2024-11-29,26,2024-12-25,207.4
2024-11-29,27,2024-12-26,206.36
2024-11-29,28,2024-12-27,203.03
2024-11-29,29,2024-12-28,205.16
2024-11-29,30,2024-12-29,202.31
2024-11-30,1,2024-12-01,210.8
2024-11-30,2,2024-12-02,207.15
2024-11-30,3,2024-12-03,208.97
2024-11-30,4,2024-12-04,197.44
2024-11-30,5,2024-12-05,194.27
2024-11-30,6,2024-12-06,193.28
2024-11-30,7,2024-12-07,194.1
2024-11-30,8,2024-12-08,191.72
2024-11-30,9,2024-12-09,189.01
2024-11-30,10,2024-12-10,186.07
2024-11-30,11,2024-12-11,180.74
2024-11-30,12,2024-12-12,180.4
2024-11-30,13,2024-12-13,180.21
2024-11-30,14,2024-12-14,181.53
2024-11-30,15,2024-12-15,178.3
2024-11-30,16,2024-12-16,181.7
2024-11-30,17,2024-12-17,183.19
2024-11-30,18,2024-12-18,184.26
2024-11-30,19,2024-12-19,184.84
2024-11-30,20,2024-12-20,190.46
2024-11-30,21,2024-12-21,195.95
2024-11-30,22,2024-12-22,199.96
2024-11-30,23,2024-12-23,205.2
2024-11-30,24,2024-12-24,209.3
2024-11-30,25,2024-12-25,206.18
2024-11-30,26,2024-12-26,207.04
2024-11-30,27,2024-12-27,205.68
2024-11-30,28,2024-12-28,201.74
2024-11-30,29,2024-12-29,203.33
2024-11-30,30,2024-12-30,200.22
2024-12-01,1,2024-12-02,199.66
2024-12-01,2,2024-12-03,194.87
2024-12-01,3,2024-12-04,188.26
2024-12-01,4,2024-12-05,181.9
2024-12-01,5,2024-12-06,180.16
2024-12-01,6,2024-12-07,175.68
2024-12-01,7,2024-12-08,176.76
2024-12-01,8,2024-12-09,173.99
2024-12-01,9,2024-12-10,178.69
2024-12-01,10,2024-12-11,180.16
2024-12-01,11,2024-12-12,177.66
2024-12-01,12,2024-12-13,180.22
2024-12-01,13,2024-12-14,178.46
2024-12-01,14,2024-12-15,181.13
2024-12-01,15,2024-12-16,181.0
2024-12-01,16,2024-12-17,180.84
2024-12-01,17,2024-12-18,183.76
2024-12-01,18,2024-12-19,186.2
2024-12-01,19,2024-12-20,188.41
2024-12-01,20,2024-12-21,194.22
2024-12-01,21,2024-12-22,200.03
2024-12-01,22,2024-12-23,202.7
2024-12-01,23,2024-12-24,205.57
2024-12-01,24,2024-12-25,208.52
2024-12-01,25,2024-12-26,201.95
2024-12-01,26,2024-12-27,203.86
2024-12-01,27,2024-12-28,204.3
2024-12-01,28,2024-12-29,197.16
2024-12-01,29,2024-12-30,199.63
2024-12-01,30,2024-12-31,199.42
2024-12-02,1,2024-12-03,190.55
2024-12-02,2,2024-12-04,185.46
2024-12-02,3,2024-12-05,179.81
2024-12-02,4,2024-12-06,173.27
2024-12-02,5,2024-12-07,169.91
2024-12-02,6,2024-12-08,168.71
2024-12-02,7,2024-12-09,164.44
2024-12-02,8,2024-12-10,167.95
2024-12-02,9,2024-12-11,174.55
2024-12-02,10,2024-12-12,177.52
2024-12-02,11,2024-12-13,176.69
2024-12-02,12,2024-12-14,180.04
2024-12-02,13,2024-12-15,178.73
2024-12-02,14,2024-12-16,185.27
2024-12-02,15,2024-12-17,180.02
2024-12-02,16,2024-12-18,183.29
2024-12-02,17,2024-12-19,186.76
2024-12-02,18,2024-12-20,189.48
2024-12-02,19,2024-12-21,193.04
2024-12-02,20,2024-12-22,197.99
2024-12-02,21,2024-12-23,202.25
2024-12-02,22,2024-12-24,201.34
2024-12-02,23,2024-12-25,203.42
2024-12-02,24,2024-12-26,203.99
2024-12-02,25,2024-12-27,200.01
2024-12-02,26,2024-12-28,200.03
2024-12-02,27,2024-12-29,200.41
2024-12-02,28,2024-12-30,197.31
2024-12-02,29,2024-12-31,201.74
2024-12-02,30,2025-01-01,198.6
2024-12-03,1,2024-12-04,187.02
2024-12-03,2,2024-12-05,181.58
2024-12-03,3,2024-12-06,176.63
2024-12-03,4,2024-12-07,169.82
2024-12-03,5,2024-12-08,166.31
2024-12-03,6,2024-12-09,163.71
2024-12-03,7,2024-12-10,163.64
2024-12-03,8,2024-12-11,166.02
2024-12-03,9,2024-12-12,173.64
2024-12-03,10,2024-12-13,177.96
2024-12-03,11,2024-12-14,177.25
2024-12-03,12,2024-12-15,179.47
2024-12-03,13,2024-12-16,182.27
2024-12-03,14,2024-12-17,183.84
2024-12-03,15,2024-12-18,180.9
2024-12-03,16,2024-12-19,184.85
2024-12-03,17,2024-12-20,189.88
2024-12-03,18,2024-12-21,193.68
2024-12-03,19,2024-12-22,197.04
2024-12-03,20,2024-12-23,202.33
2024-12-03,21,2024-12-24,203.81
2024-12-03,22,2024-12-25,202.7
2024-12-03,23,2024-12-26,202.6
2024-12-03,24,2024-12-27,202.11
2024-12-03,25,2024-12-28,196.44
2024-12-03,26,2024-12-29,196.39
2024-12-03,27,2024-12-30,197.99
2024-12-03,28,2024-12-31,195.08
2024-12-03,29,2025-01-01,198.55
2024-12-03,30,2025-01-02,196.36
2024-12-04,1,2024-12-05,173.02
2024-12-04,2,2024-12-06,168.23
2024-12-04,3,2024-12-07,167.34
2024-12-04,4,2024-12-08,163.29
2024-12-04,5,2024-12-09,157.58
2024-12-04,6,2024-12-10,160.83
2024-12-04,7,2024-12-11,162.25
2024-12-04,8,2024-12-12,166.43
2024-12-04,9,2024-12-13,173.92
2024-12-04,10,2024-12-14,177.17
2024-12-04,11,2024-12-15,175.99
2024-12-04,12,2024-12-16,182.14
2024-12-04,13,2024-12-17,181.71
2024-12-04,14,2024-12-18,184.39
2024-12-04,15,2024-12-19,185.24
2024-12-04,16,2024-12-20,189.68
2024-12-04,17,2024-12-21,193.59
2024-12-04,18,2024-12-22,197.67
2024-12-04,19,2024-12-23,199.76
2024-12-04,20,2024-12-24,202.02
2024-12-04,21,2024-12-25,201.55
2024-12-04,22,2024-12-26,198.31
2024-12-04,23,2024-12-27,199.14
2024-12-04,24,2024-12-28,196.69
2024-12-04,25,2024-12-29,192.04
2024-12-04,26,2024-12-30,194.78
2024-12-04,27,2024-12-31,196.16
2024-12-04,28,2025-01-01,194.49
2024-12-04,29,2025-01-02,194.21
2024-12-04,30,2025-01-03,194.48
2024-12-05,1,2024-12-06,171.76
2024-12-05,2,2024-12-07,168.42
2024-12-05,3,2024-12-08,169.83
2024-12-05,4,2024-12-09,163.07
2024-12-05,5,2024-12-10,162.32
2024-12-05,6,2024-12-11,164.22
2024-12-05,7,2024-12-12,167.31
2024-12-05,8,2024-12-13,169.8
2024-12-05,9,2024-12-14,176.3
2024-12-05,10,2024-12-15,176.63
2024-12-05,11,2024-12-16,180.53
2024-12-05,12,2024-12-17,182.32
2024-12-05,13,2024-12-18,184.63
2024-12-05,14,2024-12-19,187.05
2024-12-05,15,2024-12-20,190.26
2024-12-05,16,2024-12-21,192.99
2024-12-05,17,2024-12-22,198.63
2024-12-05,18,2024-12-23,203.2
2024-12-05,19,2024-12-24,200.14
2024-12-05,20,2024-12-25,201.16
2024-12-05,21,2024-12-26,198.47
2024-12-05,22,2024-12-27,196.61
2024-12-05,23,2024-12-28,194.13
2024-12-05,24,2024-12-29,193.79
2024-12-05,25,2024-12-30,193.73
2024-12-05,26,2024-12-31,193.22
2024-12-05,27,2025-01-01,195.4
2024-12-05,28,2025-01-02,192.99
2024-12-05,29,2025-01-03,194.2
2024-12-05,30,2025-01-04,193.93
2024-12-06,1,2024-12-07,168.31
2024-12-06,2,2024-12-08,164.04
2024-12-06,3,2024-12-09,162.92
2024-12-06,4,2024-12-10,163.72
2024-12-06,5,2024-12-11,161.83
2024-12-06,6,2024-12-12,162.96
2024-12-06,7,2024-12-13,167.29
2024-12-06,8,2024-12-14,174.47
2024-12-06,9,2024-12-15,176.48
2024-12-06,10,2024-12-16,182.13
2024-12-06,11,2024-12-17,182.67
2024-12-06,12,2024-12-18,183.54
2024-12-06,13,2024-12-19,186.44
2024-12-06,14,2024-12-20,189.46
2024-12-06,15,2024-12-21,192.95
2024-12-06,16,2024-12-22,197.38
2024-12-06,17,2024-12-23,202.43
2024-12-06,18,2024-12-24,202.27
2024-12-06,19,2024-12-25,199.44
2024-12-06,20,2024-12-26,198.27
2024-12-06,21,2024-12-27,196.98
2024-12-06,22,2024-12-28,193.21
2024-12-06,23,2024-12-29,191.44
2024-12-06,24,2024-12-30,192.77
2024-12-06,25,2024-12-31,192.12
2024-12-06,26,2025-01-01,192.72
2024-12-06,27,2025-01-02,195.61
2024-12-06,28,2025-01-03,191.87
2024-12-06,29,2025-01-04,192.33
2024-12-06,30,2025-01-05,189.8
2024-12-07,1,2024-12-08,176.27
2024-12-07,2,2024-12-09,172.87
2024-12-07,3,2024-12-10,169.39
2024-12-07,4,2024-12-11,166.81
2024-12-07,5,2024-12-12,163.61
2024-12-07,6,2024-12-13,162.59
2024-12-07,7,2024-12-14,166.87
2024-12-07,8,2024-12-15,171.38
2024-12-07,9,2024-12-16,177.99
2024-12-07,10,2024-12-17,181.3
2024-12-07,11,2024-12-18,183.01
2024-12-07,12,2024-12-19,185.7
2024-12-07,13,2024-12-20,189.79
2024-12-07,14,2024-12-21,194.97
2024-12-07,15,2024-12-22,195.9
2024-12-07,16,2024-12-23,200.89
2024-12-07,17,2024-12-24,202.61
2024-12-07,18,2024-12-25,203.6
2024-12-07,19,2024-12-26,197.7
2024-12-07,20,2024-12-27,196.5
2024-12-07,21,2024-12-28,194.04
2024-12-07,22,2024-12-29,192.27
2024-12-07,23,2024-12-30,191.12
2024-12-07,24,2024-12-31,192.94
2024-12-07,25,2025-01-01,190.99
2024-12-07,26,2025-01-02,192.99
2024-12-07,27,2025-01-03,193.66
2024-12-07,28,2025-01-04,191.29
2024-12-07,29,2025-01-05,192.28
2024-12-07,30,2025-01-06,188.32
2024-12-08,1,2024-12-09,180.37
2024-12-08,2,2024-12-10,179.72
2024-12-08,3,2024-12-11,175.29
2024-12-08,4,2024-12-12,171.52
2024-12-08,5,2024-12-13,171.42
2024-12-08,6,2024-12-14,169.53
2024-12-08,7,2024-12-15,171.31
2024-12-08,8,2024-12-16,176.91
2024-12-08,9,2024-12-17,179.91
2024-12-08,10,2024-12-18,183.55
2024-12-08,11,2024-12-19,185.01
2024-12-08,12,2024-12-20,188.5
2024-12-08,13,2024-12-21,191.87
2024-12-08,14,2024-12-22,199.45
2024-12-08,15,2024-12-23,198.84
2024-12-08,16,2024-12-24,201.13
2024-12-08,17,2024-12-25,202.46
2024-12-08,18,2024-12-26,199.45
2024-12-08,19,2024-12-27,196.78
2024-12-08,20,2024-12-28,194.6
2024-12-08,21,2024-12-29,192.38
2024-12-08,22,2024-12-30,192.76
2024-12-08,23,2024-12-31,191.08
2024-12-08,24,2025-01-01,191.02
2024-12-08,25,2025-01-02,190.87
2024-12-08,26,2025-01-03,194.32
2024-12-08,27,2025-01-04,196.18
2024-12-08,28,2025-01-05,192.69
2024-12-08,29,2025-01-06,192.33
2024-12-08,30,2025-01-07,189.49
2024-12-09,1,2024-12-10,170.8
2024-12-09,2,2024-12-11,165.97
2024-12-09,3,2024-12-12,165.12
2024-12-09,4,2024-12-13,162.09
2024-12-09,5,2024-12-14,163.96
2024-12-09,6,2024-12-15,163.82
2024-12-09,7,2024-12-16,174.43
2024-12-09,8,2024-12-17,179.31
2024-12-09,9,2024-12-18,182.79
2024-12-09,10,2024-12-19,184.45
2024-12-09,11,2024-12-20,186.7
2024-12-09,12,2024-12-21,192.24
2024-12-09,13,2024-12-22,196.82
2024-12-09,14,2024-12-23,201.12
2024-12-09,15,2024-12-24,200.38
2024-12-09,16,2024-12-25,200.27
2024-12-09,17,2024-12-26,200.84
2024-12-09,18,2024-12-27,199.18
2024-12-09,19,2024-12-28,192.7
2024-12-09,20,2024-12-29,193.57
2024-12-09,21,2024-12-30,192.53
2024-12-09,22,2024-12-31,192.24
2024-12-09,23,2025-01-01,189.3
2024-12-09,24,2025-01-02,191.3
2024-12-09,25,2025-01-03,190.37
2024-12-09,26,2025-01-04,193.39
2024-12-09,27,2025-01-05,191.59
2024-12-09,28,2025-01-06,188.56
2024-12-09,29,2025-01-07,190.87
2024-12-09,30,2025-01-08,188.71
2024-12-10,1,2024-12-11,173.31
2024-12-10,2,2024-12-12,167.96
2024-12-10,3,2024-12-13,164.71
2024-12-10,4,2024-12-14,162.0
2024-12-10,5,2024-12-15,162.24
2024-12-10,6,2024-12-16,166.73
2024-12-10,7,2024-12-17,174.19
2024-12-10,8,2024-12-18,181.28
2024-12-10,9,2024-12-19,181.45
2024-12-10,10,2024-12-20,185.72
2024-12-10,11,2024-12-21,189.73
2024-12-10,12,2024-12-22,193.87
2024-12-10,13,2024-12-23,197.23
2024-12-10,14,2024-12-24,201.73
2024-12-10,15,2024-12-25,199.63
2024-12-10,16,2024-12-26,197.05
2024-12-10,17,2024-12-27,197.68
2024-12-10,18,2024-12-28,193.64
2024-12-10,19,2024-12-29,189.73
2024-12-10,20,2024-12-30,190.95
2024-12-10,21,2024-12-31,190.74
2024-12-10,22,2025-01-01,189.59
2024-12-10,23,2025-01-02,189.64
2024-12-10,24,2025-01-03,189.7
2024-12-10,25,2025-01-04,188.77
2024-12-10,26,2025-01-05,191.4
2024-12-10,27,2025-01-06,190.44
2024-12-10,28,2025-01-07,187.83
2024-12-10,29,2025-01-08,187.24
2024-12-10,30,2025-01-09,187.47
2024-12-11,1,2024-12-12,167.81
2024-12-11,2,2024-12-13,160.8
2024-12-11,3,2024-12-14,159.22
2024-12-11,4,2024-12-15,162.34
2024-12-11,5,2024-12-16,167.93
2024-12-11,6,2024-12-17,172.06
2024-12-11,7,2024-12-18,177.9
2024-12-11,8,2024-12-19,181.15
2024-12-11,9,2024-12-20,183.61
2024-12-11,10,2024-12-21,186.8
2024-12-11,11,2024-12-22,193.19
2024-12-11,12,2024-12-23,197.11
2024-12-11,13,2024-12-24,197.5
2024-12-11,14,2024-12-25,202.91
2024-12-11,15,2024-12-26,199.25
2024-12-11,16,2024-12-27,196.65
2024-12-11,17,2024-12-28,196.68
2024-12-11,18,2024-12-29,191.21
2024-12-11,19,2024-12-30,188.96
2024-12-11,20,2024-12-31,189.38
2024-12-11,21,2025-01-01,190.71
2024-12-11,22,2025-01-02,190.21
2024-12-11,23,2025-01-03,189.59
2024-12-11,24,2025-01-04,189.79
2024-12-11,25,2025-01-05,188.74
2024-12-11,26,2025-01-06,189.49
2024-12-11,27,2025-01-07,189.0
2024-12-11,28,2025-01-08,187.26
2024-12-11,29,2025-01-09,186.16
2024-12-11,30,2025-01-10,186.74
2024-12-12,1,2024-12-13,157.66
2024-12-12,2,2024-12-14,154.67
2024-12-12,3,2024-12-15,155.45
2024-12-12,4,2024-12-16,162.97
2024-12-12,5,2024-12-17,165.03
2024-12-12,6,2024-12-18,171.57
2024-12-12,7,2024-12-19,180.26
2024-12-12,8,2024-12-20,180.68
2024-12-12,9,2024-12-21,185.91
2024-12-12,10,2024-12-22,189.19
2024-12-12,11,2024-12-23,194.91
2024-12-12,12,2024-12-24,194.69
2024-12-12,13,2024-12-25,197.68
2024-12-12,14,2024-12-26,198.45
2024-12-12,15,2024-12-27,194.84
2024-12-12,16,2024-12-28,189.65
2024-12-12,17,2024-12-29,189.94
2024-12-12,18,2024-12-30,187.77
2024-12-12,19,2024-12-31,188.4
2024-12-12,20,2025-01-01,188.96
2024-12-12,21,2025-01-02,189.75
2024-12-12,22,2025-01-03,187.9
2024-12-12,23,2025-01-04,188.57
2024-12-12,24,2025-01-05,187.49
2024-12-12,25,2025-01-06,185.8
2024-12-12,26,2025-01-07,186.17
2024-12-12,27,2025-01-08,184.59
2024-12-12,28,2025-01-09,183.04
2024-12-12,29,2025-01-10,184.05
2024-12-12,30,2025-01-11,187.53
2024-12-13,1,2024-12-14,158.39
2024-12-13,2,2024-12-15,156.27
2024-12-13,3,2024-12-16,161.06
2024-12-13,4,2024-12-17,165.05
2024-12-13,5,2024-12-18,170.38
2024-12-13,6,2024-12-19,175.99
2024-12-13,7,2024-12-20,182.2
2024-12-13,8,2024-12-21,184.97
2024-12-13,9,2024-12-22,188.49
2024-12-13,10,2024-12-23,192.1
2024-12-13,11,2024-12-24,194.58
2024-12-13,12,2024-12-25,194.59
2024-12-13,13,2024-12-26,196.69
2024-12-13,14,2024-12-27,194.75
2024-12-13,15,2024-12-28,190.48
2024-12-13,16,2024-12-29,187.3
2024-12-13,17,2024-12-30,188.5
2024-12-13,18,2024-12-31,186.75
2024-12-13,19,2025-01-01,187.23
2024-12-13,20,2025-01-02,187.68
2024-12-13,21,2025-01-03,189.73
2024-12-13,22,2025-01-04,187.85
2024-12-13,23,2025-01-05,187.03
2024-12-13,24,2025-01-06,186.5
2024-12-13,25,2025-01-07,185.02
2024-12-13,26,2025-01-08,184.84
2024-12-13,27,2025-01-09,184.92
2024-12-13,28,2025-01-10,181.99
2024-12-13,29,2025-01-11,184.9
2024-12-13,30,2025-01-12,188.19
2024-12-14,1,2024-12-15,161.74
2024-12-14,2,2024-12-16,162.98
2024-12-14,3,2024-12-17,165.81
2024-12-14,4,2024-12-18,171.73
2024-12-14,5,2024-12-19,177.13
2024-12-14,6,2024-12-20,183.0
2024-12-14,7,2024-12-21,187.3
2024-12-14,8,2024-12-22,187.63
2024-12-14,9,2024-12-23,191.26
2024-12-14,10,2024-12-24,192.53
2024-12-14,11,2024-12-25,196.14
2024-12-14,12,2024-12-26,194.76
2024-12-14,13,2024-12-27,194.14
2024-12-14,14,2024-12-28,192.89
2024-12-14,15,2024-12-29,189.99
2024-12-14,16,2024-12-30,188.08
2024-12-14,17,2024-12-31,190.37
2024-12-14,18,2025-01-01,186.57
2024-12-14,19,2025-01-02,186.32
2024-12-14,20,2025-01-03,186.92
2024-12-14,21,2025-01-04,189.19
2024-12-14,22,2025-01-05,187.98
2024-12-14,23,2025-01-06,186.17
2024-12-14,24,2025-01-07,187.16
2024-12-14,25,2025-01-08,182.85
2024-12-14,26,2025-01-09,184.38
2024-12-14,27,2025-01-10,185.93
2024-12-14,28,2025-01-11,183.65
2024-12-14,29,2025-01-12,186.42
2024-12-14,30,2025-01-13,188.26
2024-12-15,1,2024-12-16,172.44
2024-12-15,2,2024-12-17,169.75
2024-12-15,3,2024-12-18,174.45
2024-12-15,4,2024-12-19,176.59
2024-12-15,5,2024-12-20,186.64
2024-12-15,6,2024-12-21,187.78
2024-12-15,7,2024-12-22,186.75
2024-12-15,8,2024-12-23,192.49
2024-12-15,9,2024-12-24,190.35
2024-12-15,10,2024-12-25,193.78
2024-12-15,11,2024-12-26,192.99
2024-12-15,12,2024-12-27,191.0
2024-12-15,13,2024-12-28,189.72
2024-12-15,14,2024-12-29,190.59
2024-12-15,15,2024-12-30,187.6
2024-12-15,16,2024-12-31,188.83
2024-12-15,17,2025-01-01,189.89
2024-12-15,18,2025-01-02,187.91
2024-12-15,19,2025-01-03,186.45
2024-12-15,20,2025-01-04,188.11
2024-12-15,21,2025-01-05,189.03
2024-12-15,22,2025-01-06,186.66
2024-12-15,23,2025-01-07,187.85
2024-12-15,24,2025-01-08,185.32
2024-12-15,25,2025-01-09,183.74
2024-12-15,26,2025-01-10,186.09
2024-12-15,27,2025-01-11,186.65
2024-12-15,28,2025-01-12,185.84
2024-12-15,29,2025-01-13,188.89
2024-12-15,30,2025-01-14,188.65
2024-12-16,1,2024-12-17,173.84
2024-12-16,2,2024-12-18,172.3
2024-12-16,3,2024-12-19,176.6
2024-12-16,4,2024-12-20,179.19
2024-12-16,5,2024-12-21,187.17
2024-12-16,6,2024-12-22,184.79
2024-12-16,7,2024-12-23,191.41
2024-12-16,8,2024-12-24,193.89
2024-12-16,9,2024-12-25,192.77
2024-12-16,10,2024-12-26,192.26
2024-12-16,11,2024-12-27,193.59
2024-12-16,12,2024-12-28,191.48
2024-12-16,13,2024-12-29,189.81
2024-12-16,14,2024-12-30,190.21
2024-12-16,15,2024-12-31,190.78
2024-12-16,16,2025-01-01,188.98
2024-12-16,17,2025-01-02,191.39
2024-12-16,18,2025-01-03,188.06
2024-12-16,19,2025-01-04,191.09
2024-12-16,20,2025-01-05,190.09
2024-12-16,21,2025-01-06,188.85
2024-12-16,22,2025-01-07,188.32
2024-12-16,23,2025-01-08,187.66
2024-12-16,24,2025-01-09,186.25
2024-12-16,25,2025-01-10,184.71
2024-12-16,26,2025-01-11,187.92
2024-12-16,27,2025-01-12,188.23
2024-12-16,28,2025-01-13,187.58
2024-12-16,29,2025-01-14,187.65
2024-12-16,30,2025-01-15,189.7
2024-12-17,1,2024-12-18,167.14
2024-12-17,2,2024-12-19,167.63
2024-12-17,3,2024-12-20,173.3
2024-12-17,4,2024-12-21,178.13
2024-12-17,5,2024-12-22,180.91
2024-12-17,6,2024-12-23,187.54
2024-12-17,7,2024-12-24,192.02
2024-12-17,8,2024-12-25,193.88
2024-12-17,9,2024-12-26,190.3
2024-12-17,10,2024-12-27,191.82
2024-12-17,11,2024-12-28,190.37
2024-12-17,12,2024-12-29,189.22
2024-12-17,13,2024-12-30,190.89
2024-12-17,14,2024-12-31,192.91
2024-12-17,15,2025-01-01,189.54
2024-12-17,16,2025-01-02,189.91
2024-12-17,17,2025-01-03,191.18
2024-12-17,18,2025-01-04,189.4
2024-12-17,19,2025-01-05,189.24
2024-12-17,20,2025-01-06,186.96
2024-12-17,21,2025-01-07,186.46
2024-12-17,22,2025-01-08,185.09
2024-12-17,23,2025-01-09,185.22
2024-12-17,24,2025-01-10,184.98
2024-12-17,25,2025-01-11,186.23
2024-12-17,26,2025-01-12,187.99
2024-12-17,27,2025-01-13,189.72
2024-12-17,28,2025-01-14,185.81
2024-12-17,29,2025-01-15,188.42
2024-12-17,30,2025-01-16,191.39
2024-12-18,1,2024-12-19,173.61
2024-12-18,2,2024-12-20,171.72
2024-12-18,3,2024-12-21,175.71
2024-12-18,4,2024-12-22,178.01
2024-12-18,5,2024-12-23,186.11
2024-12-18,6,2024-12-24,186.76
2024-12-18,7,2024-12-25,190.97
2024-12-18,8,2024-12-26,191.68
2024-12-18,9,2024-12-27,187.93
2024-12-18,10,2024-12-28,190.32
2024-12-18,11,2024-12-29,189.7
2024-12-18,12,2024-12-30,191.19
2024-12-18,13,2024-12-31,191.21
2024-12-18,14,2025-01-01,192.56
2024-12-18,15,2025-01-02,188.61
2024-12-18,16,2025-01-03,189.76
2024-12-18,17,2025-01-04,191.77
2024-12-18,18,2025-01-05,189.57
2024-12-18,19,2025-01-06,187.22
2024-12-18,20,2025-01-07,188.22
2024-12-18,21,2025-01-08,185.81
2024-12-18,22,2025-01-09,185.97
2024-12-18,23,2025-01-10,184.74
2024-12-18,24,2025-01-11,187.19
2024-12-18,25,2025-01-12,185.93
2024-12-18,26,2025-01-13,187.95
2024-12-18,27,2025-01-14,188.25
2024-12-18,28,2025-01-15,188.51
2024-12-18,29,2025-01-16,189.22
2024-12-18,30,2025-01-17,190.89
2024-12-19,1,2024-12-20,182.5
2024-12-19,2,2024-12-21,180.22
2024-12-19,3,2024-12-22,180.83
2024-12-19,4,2024-12-23,182.43
2024-12-19,5,2024-12-24,193.05
2024-12-19,6,2024-12-25,189.96
2024-12-19,7,2024-12-26,190.78
2024-12-19,8,2024-12-27,186.31
2024-12-19,9,2024-12-28,187.22
2024-12-19,10,2024-12-29,190.37
2024-12-19,11,2024-12-30,190.41
2024-12-19,12,2024-12-31,191.99
2024-12-19,13,2025-01-01,190.72
2024-12-19,14,2025-01-02,192.57
2024-12-19,15,2025-01-03,191.61
2024-12-19,16,2025-01-04,189.02
2024-12-19,17,2025-01-05,191.43
2024-12-19,18,2025-01-06,189.47
2024-12-19,19,2025-01-07,187.43
2024-12-19,20,2025-01-08,187.73
2024-12-19,21,2025-01-09,186.17
2024-12-19,22,2025-01-10,186.02
2024-12-19,23,2025-01-11,186.86
2024-12-19,24,2025-01-12,187.65
2024-12-19,25,2025-01-13,186.61
2024-12-19,26,2025-01-14,188.69
2024-12-19,27,2025-01-15,190.98
2024-12-19,28,2025-01-16,190.45
2024-12-19,29,2025-01-17,191.27
2024-12-19,30,2025-01-18,191.03
2024-12-20,1,2024-12-21,183.48
2024-12-20,2,2024-12-22,183.86
2024-12-20,3,2024-12-23,190.75
2024-12-20,4,2024-12-24,193.13
2024-12-20,5,2024-12-25,200.32
2024-12-20,6,2024-12-26,194.01
2024-12-20,7,2024-12-27,190.74
2024-12-20,8,2024-12-28,192.99
2024-12-20,9,2024-12-29,194.06
2024-12-20,10,2024-12-30,195.22
2024-12-20,11,2024-12-31,195.1
2024-12-20,12,2025-01-01,192.59
2024-12-20,13,2025-01-02,192.62
2024-12-20,14,2025-01-03,193.29
2024-12-20,15,2025-01-04,191.7
2024-12-20,16,2025-01-05,189.72
2024-12-20,17,2025-01-06,193.37
2024-12-20,18,2025-01-07,190.72
2024-12-20,19,2025-01-08,186.36
2024-12-20,20,2025-01-09,188.01
2024-12-20,21,2025-01-10,186.09
2024-12-20,22,2025-01-11,187.37
2024-12-20,23,2025-01-12,186.55
2024-12-20,24,2025-01-13,188.89
2024-12-20,25,2025-01-14,186.81
2024-12-20,26,2025-01-15,189.67
2024-12-20,27,2025-01-16,192.44
2024-12-20,28,2025-01-17,189.81
2024-12-20,29,2025-01-18,190.98
2024-12-20,30,2025-01-19,192.88
2024-12-21,1,2024-12-22,189.07
2024-12-21,2,2024-12-23,194.74
2024-12-21,3,2024-12-24,199.03
2024-12-21,4,2024-12-25,205.89
2024-12-21,5,2024-12-26,207.23
2024-12-21,6,2024-12-27,199.94
2024-12-21,7,2024-12-28,198.44
2024-12-21,8,2024-12-29,197.89
2024-12-21,9,2024-12-30,196.98
2024-12-21,10,2024-12-31,196.48
2024-12-21,11,2025-01-01,195.86
2024-12-21,12,2025-01-02,193.59
2024-12-21,13,2025-01-03,195.89
2024-12-21,14,2025-01-04,194.14
2024-12-21,15,2025-01-05,193.67
2024-12-21,16,2025-01-06,188.9
2024-12-21,17,2025-01-07,193.79
2024-12-21,18,2025-01-08,189.01
2024-12-21,19,2025-01-09,185.24
2024-12-21,20,2025-01-10,187.37
2024-12-21,21,2025-01-11,187.88
2024-12-21,22,2025-01-12,188.81
2024-12-21,23,2025-01-13,188.34
2024-12-21,24,2025-01-14,189.61
2024-12-21,25,2025-01-15,187.45
2024-12-21,26,2025-01-16,191.76
2024-12-21,27,2025-01-17,193.84
2024-12-21,28,2025-01-18,191.37
2024-12-21,29,2025-01-19,195.23
2024-12-21,30,2025-01-20,193.21
2024-12-22,1,2024-12-23,208.79
2024-12-22,2,2024-12-24,210.78
2024-12-22,3,2024-12-25,214.93
2024-12-22,4,2024-12-26,215.98
2024-12-22,5,2024-12-27,212.91
2024-12-22,6,2024-12-28,206.09
2024-12-22,7,2024-12-29,200.13
2024-12-22,8,2024-12-30,199.48
2024-12-22,9,2024-12-31,199.33
2024-12-22,10,2025-01-01,194.56
2024-12-22,11,2025-01-02,196.29
2024-12-22,12,2025-01-03,192.78
2024-12-22,13,2025-01-04,195.8
2024-12-22,14,2025-01-05,194.27
2024-12-22,15,2025-01-06,192.12
2024-12-22,16,2025-01-07,189.17
2024-12-22,17,2025-01-08,189.99
2024-12-22,18,2025-01-09,187.78
2024-12-22,19,2025-01-10,184.28
2024-12-22,20,2025-01-11,188.7
2024-12-22,21,2025-01-12,188.27
2024-12-22,22,2025-01-13,190.51
2024-12-22,23,2025-01-14,190.47
2024-12-22,24,2025-01-15,192.66
2024-12-22,25,2025-01-16,190.58
2024-12-22,26,2025-01-17,194.33
2024-12-22,27,2025-01-18,199.35
2024-12-22,28,2025-01-19,197.56
2024-12-22,29,2025-01-20,198.24
2024-12-22,30,2025-01-21,196.87
2024-12-23,1,2024-12-24,229.76
2024-12-23,2,2024-12-25,231.39
2024-12-23,3,2024-12-26,240.09
2024-12-23,4,2024-12-27,230.95
2024-12-23,5,2024-12-28,235.7
2024-12-23,6,2024-12-29,220.06
2024-12-23,7,2024-12-30,215.37
2024-12-23,8,2024-12-31,211.69
2024-12-23,9,2025-01-01,208.38
2024-12-23,10,2025-01-02,206.53
2024-12-23,11,2025-01-03,200.93
2024-12-23,12,2025-01-04,198.78
2024-12-23,13,2025-01-05,195.93
2024-12-23,14,2025-01-06,195.03
2024-12-23,15,2025-01-07,190.38
2024-12-23,16,2025-01-08,184.53
2024-12-23,17,2025-01-09,189.99
2024-12-23,18,2025-01-10,186.23
2024-12-23,19,2025-01-11,186.95
2024-12-23,20,2025-01-12,189.03
2024-12-23,21,2025-01-13,190.33
2024-12-23,22,2025-01-14,192.14
2024-12-23,23,2025-01-15,192.37
2024-12-23,24,2025-01-16,194.4
2024-12-23,25,2025-01-17,194.88
2024-12-23,26,2025-01-18,198.33
2024-12-23,27,2025-01-19,204.17
2024-12-23,28,2025-01-20,200.25
2024-12-23,29,2025-01-21,198.37
2024-12-23,30,2025-01-22,199.43
2024-12-24,1,2024-12-25,236.86
2024-12-24,2,2024-12-26,237.1
2024-12-24,3,2024-12-27,237.38
2024-12-24,4,2024-12-28,229.66
2024-12-24,5,2024-12-29,230.66
2024-12-24,6,2024-12-30,217.27
2024-12-24,7,2024-12-31,215.32
2024-12-24,8,2025-01-01,213.36
2024-12-24,9,2025-01-02,212.07
2024-12-24,10,2025-01-03,207.85
2024-12-24,11,2025-01-04,201.57
2024-12-24,12,2025-01-05,201.08
2024-12-24,13,2025-01-06,196.5
2024-12-24,14,2025-01-07,192.99
2024-12-24,15,2025-01-08,187.08
2024-12-24,16,2025-01-09,185.54
2024-12-24,17,2025-01-10,189.13
2024-12-24,18,2025-01-11,186.44
2024-12-24,19,2025-01-12,186.86
2024-12-24,20,2025-01-13,189.15
2024-12-24,21,2025-01-14,191.6
2024-12-24,22,2025-01-15,193.38
2024-12-24,23,2025-01-16,194.27
2024-12-24,24,2025-01-17,197.44
2024-12-24,25,2025-01-18,196.63
2024-12-24,26,2025-01-19,201.51
2024-12-24,27,2025-01-20,205.8
2024-12-24,28,2025-01-21,201.11
2024-12-24,29,2025-01-22,202.02
2024-12-24,30,2025-01-23,201.21
2024-12-25,1,2024-12-26,248.06
2024-12-25,2,2024-12-27,242.3
2024-12-25,3,2024-12-28,241.03
2024-12-25,4,2024-12-29,228.45
2024-12-25,5,2024-12-30,235.03
2024-12-25,6,2024-12-31,222.32
2024-12-25,7,2025-01-01,211.08
2024-12-25,8,2025-01-02,214.78
2024-12-25,9,2025-01-03,212.3
2024-12-25,10,2025-01-04,206.95
2024-12-25,11,2025-01-05,202.14
2024-12-25,12,2025-01-06,201.14
2024-12-25,13,2025-01-07,196.77
2024-12-25,14,2025-01-08,189.62
2024-12-25,15,2025-01-09,188.26
2024-12-25,16,2025-01-10,185.78
2024-12-25,17,2025-01-11,189.81
2024-12-25,18,2025-01-12,186.89
2024-12-25,19,2025-01-13,188.22
2024-12-25,20,2025-01-14,190.05
2024-12-25,21,2025-01-15,193.35
2024-12-25,22,2025-01-16,194.1
2024-12-25,23,2025-01-17,196.16
2024-12-25,24,2025-01-18,199.87
2024-12-25,25,2025-01-19,199.49
2024-12-25,26,2025-01-20,205.65
2024-12-25,27,2025-01-21,207.79
2024-12-25,28,2025-01-22,205.29
2024-12-25,29,2025-01-23,202.74
2024-12-25,30,2025-01-24,203.58
2024-12-26,1,2024-12-27,250.9
2024-12-26,2,2024-12-28,245.81
2024-12-26,3,2024-12-29,243.85
2024-12-26,4,2024-12-30,234.49
2024-12-26,5,2024-12-31,236.33
2024-12-26,6,2025-01-01,223.73
2024-12-26,7,2025-01-02,212.92
2024-12-26,8,2025-01-03,213.52
2024-12-26,9,2025-01-04,210.82
2024-12-26,10,2025-01-05,206.59
2024-12-26,11,2025-01-06,204.7
2024-12-26,12,2025-01-07,198.92
2024-12-26,13,2025-01-08,191.84
2024-12-26,14,2025-01-09,189.35
2024-12-26,15,2025-01-10,185.64
2024-12-26,16,2025-01-11,183.94
2024-12-26,17,2025-01-12,188.17
2024-12-26,18,2025-01-13,186.23
2024-12-26,19,2025-01-14,187.55
2024-12-26,20,2025-01-15,191.61
2024-12-26,21,2025-01-16,194.09
2024-12-26,22,2025-01-17,195.39
2024-12-26,23,2025-01-18,198.24
2024-12-26,24,2025-01-19,201.73
2024-12-26,25,2025-01-20,200.63
2024-12-26,26,2025-01-21,207.69
2024-12-26,27,2025-01-22,206.68
2024-12-26,28,2025-01-23,204.3
2024-12-26,29,2025-01-24,202.8
2024-12-26,30,2025-01-25,201.91
2024-12-27,1,2024-12-28,249.89
2024-12-27,2,2024-12-29,238.84
2024-12-27,3,2024-12-30,240.91
2024-12-27,4,2024-12-31,228.49
2024-12-27,5,2025-01-01,228.41
2024-12-27,6,2025-01-02,218.45
2024-12-27,7,2025-01-03,206.97
2024-12-27,8,2025-01-04,204.74
2024-12-27,9,2025-01-05,206.07
2024-12-27,10,2025-01-06,202.54
2024-12-27,11,2025-01-07,202.92
2024-12-27,12,2025-01-08,192.74
2024-12-27,13,2025-01-09,189.19
2024-12-27,14,2025-01-10,187.8
2024-12-27,15,2025-01-11,183.93
2024-12-27,16,2025-01-12,184.66
2024-12-27,17,2025-01-13,188.56
2024-12-27,18,2025-01-14,186.89
2024-12-27,19,2025-01-15,188.0
2024-12-27,20,2025-01-16,191.81
2024-12-27,21,2025-01-17,197.24
2024-12-27,22,2025-01-18,198.36
2024-12-27,23,2025-01-19,200.51
2024-12-27,24,2025-01-20,205.44
2024-12-27,25,2025-01-21,204.79
2024-12-27,26,2025-01-22,208.59
2024-12-27,27,2025-01-23,207.84
2024-12-27,28,2025-01-24,205.3
2024-12-27,29,2025-01-25,202.6
2024-12-27,30,2025-01-26,200.95
2024-12-28,1,2024-12-29,249.95
2024-12-28,2,2024-12-30,239.27
2024-12-28,3,2024-12-31,236.26
2024-12-28,4,2025-01-01,223.29
2024-12-28,5,2025-01-02,226.14
2024-12-28,6,2025-01-03,211.98
2024-12-28,7,2025-01-04,200.97
2024-12-28,8,2025-01-05,201.01
2024-12-28,9,2025-01-06,203.49
2024-12-28,10,2025-01-07,204.0
2024-12-28,11,2025-01-08,197.68
2024-12-28,12,2025-01-09,189.04
2024-12-28,13,2025-01-10,186.37
2024-12-28,14,2025-01-11,188.61
2024-12-28,15,2025-01-12,184.57
2024-12-28,16,2025-01-13,184.85
2024-12-28,17,2025-01-14,189.53
2024-12-28,18,2025-01-15,187.99
2024-12-28,19,2025-01-16,189.54
2024-12-28,20,2025-01-17,194.9
2024-12-28,21,2025-01-18,198.52
2024-12-28,22,2025-01-19,202.03
2024-12-28,23,2025-01-20,202.79
2024-12-28,24,2025-01-21,210.13
2024-12-28,25,2025-01-22,205.12
2024-12-28,26,2025-01-23,208.88
2024-12-28,27,2025-01-24,204.92
2024-12-28,28,2025-01-25,201.57
2024-12-28,29,2025-01-26,201.18
2024-12-28,30,2025-01-27,200.69
2024-12-29,1,2024-12-30,242.09
2024-12-29,2,2024-12-31,231.71
2024-12-29,3,2025-01-01,222.52
2024-12-29,4,2025-01-02,214.11
2024-12-29,5,2025-01-03,213.87
2024-12-29,6,2025-01-04,202.38
2024-12-29,7,2025-01-05,199.35
2024-12-29,8,2025-01-06,199.64
2024-12-29,9,2025-01-07,202.15
2024-12-29,10,2025-01-08,197.82
2024-12-29,11,2025-01-09,191.86
2024-12-29,12,2025-01-10,187.57
2024-12-29,13,2025-01-11,187.86
2024-12-29,14,2025-01-12,187.26
2024-12-29,15,2025-01-13,184.62
2024-12-29,16,2025-01-14,184.86
2024-12-29,17,2025-01-15,190.22
2024-12-29,18,2025-01-16,191.24
2024-12-29,19,2025-01-17,191.87
2024-12-29,20,2025-01-18,197.54
2024-12-29,21,2025-01-19,204.17
2024-12-29,22,2025-01-20,205.0
2024-12-29,23,2025-01-21,207.11
2024-12-29,24,2025-01-22,209.13
2024-12-29,25,2025-01-23,205.79
2024-12-29,26,2025-01-24,209.62
2024-12-29,27,2025-01-25,205.84
2024-12-29,28,2025-01-26,202.94
2024-12-29,29,2025-01-27,202.42
2024-12-29,30,2025-01-28,199.38
2024-12-30,1,2024-12-31,240.79
2024-12-30,2,2025-01-01,222.27
2024-12-30,3,2025-01-02,217.51
2024-12-30,4,2025-01-03,212.02
2024-12-30,5,2025-01-04,206.92
2024-12-30,6,2025-01-05,204.04
2024-12-30,7,2025-01-06,197.43
2024-12-30,8,2025-01-07,200.22
2024-12-30,9,2025-01-08,198.73
2024-12-30,10,2025-01-09,195.96
2024-12-30,11,2025-01-10,190.52
2024-12-30,12,2025-01-11,191.51
2024-12-30,13,2025-01-12,185.82
2024-12-30,14,2025-01-13,188.95
2024-12-30,15,2025-01-14,185.35
2024-12-30,16,2025-01-15,185.78
2024-12-30,17,2025-01-16,189.39
2024-12-30,18,2025-01-17,192.61
2024-12-30,19,2025-01-18,194.77
2024-12-30,20,2025-01-19,202.26
2024-12-30,21,2025-01-20,206.59
2024-12-30,22,2025-01-21,208.23
2024-12-30,23,2025-01-22,207.17
2024-12-30,24,2025-01-23,209.19
2024-12-30,25,2025-01-24,205.81
2024-12-30,26,2025-01-25,209.23
2024-12-30,27,2025-01-26,205.94
2024-12-30,28,2025-01-27,203.21
2024-12-30,29,2025-01-28,201.93
2024-12-30,30,2025-01-29,199.9
2024-12-31,1,2025-01-01,212.75
2024-12-31,2,2025-01-02,202.93
2024-12-31,3,2025-01-03,206.24
2024-12-31,4,2025-01-04,194.29
2024-12-31,5,2025-01-05,188.47
2024-12-31,6,2025-01-06,182.0
2024-12-31,7,2025-01-07,183.61
2024-12-31,8,2025-01-08,193.15
2024-12-31,9,2025-01-09,193.5
2024-12-31,10,2025-01-10,193.32
2024-12-31,11,2025-01-11,191.71
2024-12-31,12,2025-01-12,187.62
2024-12-31,13,2025-01-13,187.04
2024-12-31,14,2025-01-14,188.89
2024-12-31,15,2025-01-15,185.78
2024-12-31,16,2025-01-16,187.77
2024-12-31,17,2025-01-17,191.0
2024-12-31,18,2025-01-18,195.6
2024-12-31,19,2025-01-19,198.37
2024-12-31,20,2025-01-20,203.47
2024-12-31,21,2025-01-21,206.84
2024-12-31,22,2025-01-22,205.67
2024-12-31,23,2025-01-23,204.75
2024-12-31,24,2025-01-24,205.4
2024-12-31,25,2025-01-25,202.97
2024-12-31,26,2025-01-26,204.64
2024-12-31,27,2025-01-27,201.45
2024-12-31,28,2025-01-28,196.16
2024-12-31,29,2025-01-29,195.6
2024-12-31,30,2025-01-30,192.46
2025-01-01,1,2025-01-02,210.83
2025-01-01,2,2025-01-03,204.94
2025-01-01,3,2025-01-04,202.8
2025-01-01,4,2025-01-05,188.42
2025-01-01,5,2025-01-06,185.07
2025-01-01,6,2025-01-07,180.33
2025-01-01,7,2025-01-08,180.03
2025-01-01,8,2025-01-09,187.43
2025-01-01,9,2025-01-10,193.2
2025-01-01,10,2025-01-11,194.34
2025-01-01,11,2025-01-12,185.31
2025-01-01,12,2025-01-13,186.96
2025-01-01,13,2025-01-14,186.07
2025-01-01,14,2025-01-15,188.84
2025-01-01,15,2025-01-16,188.57
2025-01-01,16,2025-01-17,193.09
2025-01-01,17,2025-01-18,196.82
2025-01-01,18,2025-01-19,199.04
2025-01-01,19,2025-01-20,199.43
2025-01-01,20,2025-01-21,205.71
2025-01-01,21,2025-01-22,206.93
2025-01-01,22,2025-01-23,206.42
2025-01-01,23,2025-01-24,203.96
2025-01-01,24,2025-01-25,204.19
2025-01-01,25,2025-01-26,200.66
2025-01-01,26,2025-01-27,200.99
2025-01-01,27,2025-01-28,201.29
2025-01-01,28,2025-01-29,195.43
2025-01-01,29,2025-01-30,195.12
2025-01-01,30,2025-01-31,193.33
2025-01-02,1,2025-01-03,213.1
2025-01-02,2,2025-01-04,207.23
2025-01-02,3,2025-01-05,201.3
2025-01-02,4,2025-01-06,199.47
2025-01-02,5,2025-01-07,197.7
2025-01-02,6,2025-01-08,187.74
2025-01-02,7,2025-01-09,188.64
2025-01-02,8,2025-01-10,194.26
2025-01-02,9,2025-01-11,198.04
2025-01-02,10,2025-01-12,191.77
2025-01-02,11,2025-01-13,188.44
2025-01-02,12,2025-01-14,187.71
2025-01-02,13,2025-01-15,191.0
2025-01-02,14,2025-01-16,189.57
2025-01-02,15,2025-01-17,191.05
2025-01-02,16,2025-01-18,195.95
2025-01-02,17,2025-01-19,198.88
2025-01-02,18,2025-01-20,203.56
2025-01-02,19,2025-01-21,203.95
2025-01-02,20,2025-01-22,206.24
2025-01-02,21,2025-01-23,206.59
2025-01-02,22,2025-01-24,204.84
2025-01-02,23,2025-01-25,202.2
2025-01-02,24,2025-01-26,204.68
2025-01-02,25,2025-01-27,199.34
2025-01-02,26,2025-01-28,200.21
2025-01-02,27,2025-01-29,200.62
2025-01-02,28,2025-01-30,196.99
2025-01-02,29,2025-01-31,196.76
2025-01-02,30,2025-02-01,193.89
2025-01-03,1,2025-01-04,213.77
2025-01-03,2,2025-01-05,212.12
2025-01-03,3,2025-01-06,202.4
2025-01-03,4,2025-01-07,199.99
2025-01-03,5,2025-01-08,192.82
2025-01-03,6,2025-01-09,190.31
2025-01-03,7,2025-01-10,189.66
2025-01-03,8,2025-01-11,194.15
2025-01-03,9,2025-01-12,193.7
2025-01-03,10,2025-01-13,191.02
2025-01-03,11,2025-01-14,189.14
2025-01-03,12,2025-01-15,191.42
2025-01-03,13,2025-01-16,190.09
2025-01-03,14,2025-01-17,193.66
2025-01-03,15,2025-01-18,195.58
2025-01-03,16,2025-01-19,198.75
2025-01-03,17,2025-01-20,202.66
2025-01-03,18,2025-01-21,206.26
2025-01-03,19,2025-01-22,203.76
2025-01-03,20,2025-01-23,205.31
2025-01-03,21,2025-01-24,205.48
2025-01-03,22,2025-01-25,204.02
2025-01-03,23,2025-01-26,202.93
2025-01-03,24,2025-01-27,201.22
2025-01-03,25,2025-01-28,197.89
2025-01-03,26,2025-01-29,199.15
2025-01-03,27,2025-01-30,199.51
2025-01-03,28,2025-01-31,195.16
2025-01-03,29,2025-02-01,195.37
2025-01-03,30,2025-02-02,193.94
2025-01-04,1,2025-01-05,201.69
2025-01-04,2,2025-01-06,199.06
2025-01-04,3,2025-01-07,192.88
2025-01-04,4,2025-01-08,184.79
2025-01-04,5,2025-01-09,190.34
2025-01-04,6,2025-01-10,188.27
2025-01-04,7,2025-01-11,182.8
2025-01-04,8,2025-01-12,183.82
2025-01-04,9,2025-01-13,188.18
2025-01-04,10,2025-01-14,185.32
2025-01-04,11,2025-01-15,187.31
2025-01-04,12,2025-01-16,187.72
2025-01-04,13,2025-01-17,190.34
2025-01-04,14,2025-01-18,199.41
2025-01-04,15,2025-01-19,199.21
2025-01-04,16,2025-01-20,204.11
2025-01-04,17,2025-01-21,209.42
2025-01-04,18,2025-01-22,208.23
2025-01-04,19,2025-01-23,205.88
2025-01-04,20,2025-01-24,203.23
2025-01-04,21,2025-01-25,204.39
2025-01-04,22,2025-01-26,202.69
2025-01-04,23,2025-01-27,199.93
2025-01-04,24,2025-01-28,198.39
2025-01-04,25,2025-01-29,197.59
2025-01-04,26,2025-01-30,198.1
2025-01-04,27,2025-01-31,197.48
2025-01-04,28,2025-02-01,194.84
2025-01-04,29,2025-02-02,194.22
2025-01-04,30,2025-02-03,192.45
2025-01-05,1,2025-01-06,201.91
2025-01-05,2,2025-01-07,197.8
2025-01-05,3,2025-01-08,188.66
2025-01-05,4,2025-01-09,185.03
2025-01-05,5,2025-01-10,185.51
2025-01-05,6,2025-01-11,181.33
2025-01-05,7,2025-01-12,182.26
2025-01-05,8,2025-01-13,185.08
2025-01-05,9,2025-01-14,188.17
2025-01-05,10,2025-01-15,193.85
2025-01-05,11,2025-01-16,194.78
2025-01-05,12,2025-01-17,195.98
2025-01-05,13,2025-01-18,197.99
2025-01-05,14,2025-01-19,204.3
2025-01-05,15,2025-01-20,205.06
2025-01-05,16,2025-01-21,208.62
2025-01-05,17,2025-01-22,210.06
2025-01-05,18,2025-01-23,208.15
2025-01-05,19,2025-01-24,206.18
2025-01-05,20,2025-01-25,203.37
2025-01-05,21,2025-01-26,204.83
2025-01-05,22,2025-01-27,200.22
2025-01-05,23,2025-01-28,198.56
2025-01-05,24,2025-01-29,201.31
2025-01-05,25,2025-01-30,198.16
2025-01-05,26,2025-01-31,195.9
2025-01-05,27,2025-02-01,197.3
2025-01-05,28,2025-02-02,194.35
2025-01-05,29,2025-02-03,194.13
2025-01-05,30,2025-02-04,192.96
2025-01-06,1,2025-01-07,178.6
2025-01-06,2,2025-01-08,168.23
2025-01-06,3,2025-01-09,165.94
2025-01-06,4,2025-01-10,163.09
2025-01-06,5,2025-01-11,165.28
2025-01-06,6,2025-01-12,161.72
2025-01-06,7,2025-01-13,164.18
2025-01-06,8,2025-01-14,170.98
2025-01-06,9,2025-01-15,178.6
2025-01-06,10,2025-01-16,183.84
2025-01-06,11,2025-01-17,187.54
2025-01-06,12,2025-01-18,193.77
2025-01-06,13,2025-01-19,198.21
2025-01-06,14,2025-01-20,204.67
2025-01-06,15,2025-01-21,208.17
2025-01-06,16,2025-01-22,206.01
2025-01-06,17,2025-01-23,205.63
2025-01-06,18,2025-01-24,204.94
2025-01-06,19,2025-01-25,200.92
2025-01-06,20,2025-01-26,198.56
2025-01-06,21,2025-01-27,197.14
2025-01-06,22,2025-01-28,193.08
2025-01-06,23,2025-01-29,192.05
2025-01-06,24,2025-01-30,191.67
2025-01-06,25,2025-01-31,188.59
2025-01-06,26,2025-02-01,189.93
2025-01-06,27,2025-02-02,184.41
2025-01-06,28,2025-02-03,180.63
2025-01-06,29,2025-02-04,175.33
2025-01-06,30,2025-02-05,177.33
2025-01-07,1,2025-01-08,169.39
2025-01-07,2,2025-01-09,164.12
2025-01-07,3,2025-01-10,162.68
2025-01-07,4,2025-01-11,159.23
2025-01-07,5,2025-01-12,160.49
2025-01-07,6,2025-01-13,159.07
2025-01-07,7,2025-01-14,164.33
2025-01-07,8,2025-01-15,169.29
2025-01-07,9,2025-01-16,177.71
2025-01-07,10,2025-01-17,184.94
2025-01-07,11,2025-01-18,192.3
2025-01-07,12,2025-01-19,198.75
2025-01-07,13,2025-01-20,202.01
2025-01-07,14,2025-01-21,209.35
2025-01-07,15,2025-01-22,205.88
2025-01-07,16,2025-01-23,204.67
2025-01-07,17,2025-01-24,202.51
2025-01-07,18,2025-01-25,201.75
2025-01-07,19,2025-01-26,198.35
2025-01-07,20,2025-01-27,194.77
2025-01-07,21,2025-01-28,195.02
2025-01-07,22,2025-01-29,192.26
2025-01-07,23,2025-01-30,192.25
2025-01-07,24,2025-01-31,189.87
2025-01-07,25,2025-02-01,187.96
2025-01-07,26,2025-02-02,183.2
2025-01-07,27,2025-02-03,181.53
2025-01-07,28,2025-02-04,178.34
2025-01-07,29,2025-02-05,176.19
2025-01-07,30,2025-02-06,178.45
2025-01-08,1,2025-01-09,164.19
2025-01-08,2,2025-01-10,159.97
2025-01-08,3,2025-01-11,161.82
2025-01-08,4,2025-01-12,157.96
2025-01-08,5,2025-01-13,161.29
2025-01-08,6,2025-01-14,162.05
2025-01-08,7,2025-01-15,167.19
2025-01-08,8,2025-01-16,170.89
2025-01-08,9,2025-01-17,179.51
2025-01-08,10,2025-01-18,190.39
2025-01-08,11,2025-01-19,196.0
2025-01-08,12,2025-01-20,201.67
2025-01-08,13,2025-01-21,204.98
2025-01-08,14,2025-01-22,208.19
2025-01-08,15,2025-01-23,203.12
2025-01-08,16,2025-01-24,199.52
2025-01-08,17,2025-01-25,199.78
2025-01-08,18,2025-01-26,200.1
2025-01-08,19,2025-01-27,194.55
2025-01-08,20,2025-01-28,193.72
2025-01-08,21,2025-01-29,193.9
2025-01-08,22,2025-01-30,190.59
2025-01-08,23,2025-01-31,188.59
2025-01-08,24,2025-02-01,187.48
2025-01-08,25,2025-02-02,181.91
2025-01-08,26,2025-02-03,181.93
2025-01-08,27,2025-02-04,178.05
2025-01-08,28,2025-02-05,176.35
2025-01-08,29,2025-02-06,175.32
2025-01-08,30,2025-02-07,177.87
2025-01-09,1,2025-01-10,165.6
2025-01-09,2,2025-01-11,166.08
2025-01-09,3,2025-01-12,166.84
2025-01-09,4,2025-01-13,168.0
2025-01-09,5,2025-01-14,169.61
2025-01-09,6,2025-01-15,166.53
2025-01-09,7,2025-01-16,173.59
2025-01-09,8,2025-01-17,177.4
2025-01-09,9,2025-01-18,185.92
2025-01-09,10,2025-01-19,193.85
2025-01-09,11,2025-01-20,197.93
2025-01-09,12,2025-01-21,203.17
2025-01-09,13,2025-01-22,204.14
2025-01-09,14,2025-01-23,204.63
2025-01-09,15,2025-01-24,200.23
2025-01-09,16,2025-01-25,199.17
2025-01-09,17,2025-01-26,199.01
2025-01-09,18,2025-01-27,194.91
2025-01-09,19,2025-01-28,191.47
2025-01-09,20,2025-01-29,191.58
2025-01-09,21,2025-01-30,191.78
2025-01-09,22,2025-01-31,187.81
2025-01-09,23,2025-02-01,187.49
2025-01-09,24,2025-02-02,180.93
2025-01-09,25,2025-02-03,177.28
2025-01-09,26,2025-02-04,177.57
2025-01-09,27,2025-02-05,177.26
2025-01-09,28,2025-02-06,175.27
2025-01-09,29,2025-02-07,176.24
2025-01-09,30,2025-02-08,176.47
2025-01-10,1,2025-01-11,165.31
2025-01-10,2,2025-01-12,166.95
2025-01-10,3,2025-01-13,166.18
2025-01-10,4,2025-01-14,168.64
2025-01-10,5,2025-01-15,171.24
2025-01-10,6,2025-01-16,172.17
2025-01-10,7,2025-01-17,178.11
2025-01-10,8,2025-01-18,185.07
2025-01-10,9,2025-01-19,189.41
2025-01-10,10,2025-01-20,196.68
2025-01-10,11,2025-01-21,200.73
2025-01-10,12,2025-01-22,202.91
2025-01-10,13,2025-01-23,202.77
2025-01-10,14,2025-01-24,200.26
2025-01-10,15,2025-01-25,197.56
2025-01-10,16,2025-01-26,196.26
2025-01-10,17,2025-01-27,194.14
2025-01-10,18,2025-01-28,192.31
2025-01-10,19,2025-01-29,190.73
2025-01-10,20,2025-01-30,190.71
2025-01-10,21,2025-01-31,188.72
2025-01-10,22,2025-02-01,186.99
2025-01-10,23,2025-02-02,180.9
2025-01-10,24,2025-02-03,180.23
2025-01-10,25,2025-02-04,175.61
2025-01-10,26,2025-02-05,177.68
2025-01-10,27,2025-02-06,176.1
2025-01-10,28,2025-02-07,175.81
2025-01-10,29,2025-02-08,176.36
2025-01-10,30,2025-02-09,176.18
2025-01-11,1,2025-01-12,158.61
2025-01-11,2,2025-01-13,158.96
2025-01-11,3,2025-01-14,164.23
2025-01-11,4,2025-01-15,165.7
2025-01-11,5,2025-01-16,171.94
2025-01-11,6,2025-01-17,180.56
2025-01-11,7,2025-01-18,183.33
2025-01-11,8,2025-01-19,187.96
2025-01-11,9,2025-01-20,193.76
2025-01-11,10,2025-01-21,199.27
2025-01-11,11,2025-01-22,200.95
2025-01-11,12,2025-01-23,202.4
2025-01-11,13,2025-01-24,201.7
2025-01-11,14,2025-01-25,198.87
2025-01-11,15,2025-01-26,198.92
2025-01-11,16,2025-01-27,193.9
2025-01-11,17,2025-01-28,194.0
2025-01-11,18,2025-01-29,193.03
2025-01-11,19,2025-01-30,189.64
2025-01-11,20,2025-01-31,188.77
2025-01-11,21,2025-02-01,186.38
2025-01-11,22,2025-02-02,179.91
2025-01-11,23,2025-02-03,177.78
2025-01-11,24,2025-02-04,174.87
2025-01-11,25,2025-02-05,172.28
2025-01-11,26,2025-02-06,175.46
2025-01-11,27,2025-02-07,176.34
2025-01-11,28,2025-02-08,175.89
2025-01-11,29,2025-02-09,175.37
2025-01-11,30,2025-02-10,177.03
2025-01-12,1,2025-01-13,159.08
2025-01-12,2,2025-01-14,160.09
2025-01-12,3,2025-01-15,165.08
2025-01-12,4,2025-01-16,169.97
2025-01-12,5,2025-01-17,179.94
2025-01-12,6,2025-01-18,188.66
2025-01-12,7,2025-01-19,191.46
2025-01-12,8,2025-01-20,201.59
2025-01-12,9,2025-01-21,196.44
2025-01-12,10,2025-01-22,199.81
2025-01-12,11,2025-01-23,200.15
2025-01-12,12,2025-01-24,199.24
2025-01-12,13,2025-01-25,199.82
2025-01-12,14,2025-01-26,198.57
2025-01-12,15,2025-01-27,193.6
2025-01-12,16,2025-01-28,191.15
2025-01-12,17,2025-01-29,190.65
2025-01-12,18,2025-01-30,190.88
2025-01-12,19,2025-01-31,186.95
2025-01-12,20,2025-02-01,187.06
2025-01-12,21,2025-02-02,178.61
2025-01-12,22,2025-02-03,177.67
2025-01-12,23,2025-02-04,174.76
2025-01-12,24,2025-02-05,175.07
2025-01-12,25,2025-02-06,172.53
2025-01-12,26,2025-02-07,174.53
2025-01-12,27,2025-02-08,176.9
2025-01-12,28,2025-02-09,175.87
2025-01-12,29,2025-02-10,175.71
2025-01-12,30,2025-02-11,178.81
2025-01-13,1,2025-01-14,162.28
2025-01-13,2,2025-01-15,161.07
2025-01-13,3,2025-01-16,168.54
2025-01-13,4,2025-01-17,177.32
2025-01-13,5,2025-01-18,189.33
2025-01-13,6,2025-01-19,194.95
2025-01-13,7,2025-01-20,202.84
2025-01-13,8,2025-01-21,205.07
2025-01-13,9,2025-01-22,200.19
2025-01-13,10,2025-01-23,199.47
2025-01-13,11,2025-01-24,201.54
2025-01-13,12,2025-01-25,198.1
2025-01-13,13,2025-01-26,198.74
2025-01-13,14,2025-01-27,194.57
2025-01-13,15,2025-01-28,193.32
2025-01-13,16,2025-01-29,189.97
2025-01-13,17,2025-01-30,190.49
2025-01-13,18,2025-01-31,189.55
2025-01-13,19,2025-02-01,185.7
2025-01-13,20,2025-02-02,180.0
2025-01-13,21,2025-02-03,177.6
2025-01-13,22,2025-02-04,174.91
2025-01-13,23,2025-02-05,173.06
2025-01-13,24,2025-02-06,174.25
2025-01-13,25,2025-02-07,172.17
2025-01-13,26,2025-02-08,175.94
2025-01-13,27,2025-02-09,177.7
2025-01-13,28,2025-02-10,177.49
2025-01-13,29,2025-02-11,176.45
2025-01-13,30,2025-02-12,179.74
2025-01-14,1,2025-01-15,160.86
2025-01-14,2,2025-01-16,166.34
2025-01-14,3,2025-01-17,177.2
2025-01-14,4,2025-01-18,188.16
2025-01-14,5,2025-01-19,198.35
2025-01-14,6,2025-01-20,203.35
2025-01-14,7,2025-01-21,202.93
2025-01-14,8,2025-01-22,205.32
2025-01-14,9,2025-01-23,201.99
2025-01-14,10,2025-01-24,201.31
2025-01-14,11,2025-01-25,199.7
2025-01-14,12,2025-01-26,198.32
2025-01-14,13,2025-01-27,195.84
2025-01-14,14,2025-01-28,193.41
2025-01-14,15,2025-01-29,189.59
2025-01-14,16,2025-01-30,188.67
2025-01-14,17,2025-01-31,187.57
2025-01-14,18,2025-02-01,188.63
2025-01-14,19,2025-02-02,179.1
2025-01-14,20,2025-02-03,177.54
2025-01-14,21,2025-02-04,176.25
2025-01-14,22,2025-02-05,173.64
2025-01-14,23,2025-02-06,172.08
2025-01-14,24,2025-02-07,172.98
2025-01-14,25,2025-02-08,174.38
2025-01-14,26,2025-02-09,177.38
2025-01-14,27,2025-02-10,178.42
2025-01-14,28,2025-02-11,177.17
2025-01-14,29,2025-02-12,179.2
2025-01-14,30,2025-02-13,180.03
2025-01-15,1,2025-01-16,170.63
2025-01-15,2,2025-01-17,178.28
2025-01-15,3,2025-01-18,186.17
2025-01-15,4,2025-01-19,201.03
2025-01-15,5,2025-01-20,209.16
2025-01-15,6,2025-01-21,205.69
2025-01-15,7,2025-01-22,203.51
2025-01-15,8,2025-01-23,203.34
2025-01-15,9,2025-01-24,199.22
2025-01-15,10,2025-01-25,198.18
2025-01-15,11,2025-01-26,197.16
2025-01-15,12,2025-01-27,194.35
2025-01-15,13,2025-01-28,191.79
2025-01-15,14,2025-01-29,190.95
2025-01-15,15,2025-01-30,187.5
2025-01-15,16,2025-01-31,185.68
2025-01-15,17,2025-02-01,185.73
2025-01-15,18,2025-02-02,179.72
2025-01-15,19,2025-02-03,175.12
2025-01-15,20,2025-02-04,176.15
2025-01-15,21,2025-02-05,174.91
2025-01-15,22,2025-02-06,172.23
2025-01-15,23,2025-02-07,172.97
2025-01-15,24,2025-02-08,174.92
2025-01-15,25,2025-02-09,177.5
2025-01-15,26,2025-02-10,180.65
2025-01-15,27,2025-02-11,180.08
2025-01-15,28,2025-02-12,180.28
2025-01-15,29,2025-02-13,182.14
2025-01-15,30,2025-02-14,182.12
2025-01-16,1,2025-01-17,184.48
2025-01-16,2,2025-01-18,192.49
2025-01-16,3,2025-01-19,201.28
2025-01-16,4,2025-01-20,207.13
2025-01-16,5,2025-01-21,211.4
2025-01-16,6,2025-01-22,208.99
2025-01-16,7,2025-01-23,205.91
2025-01-16,8,2025-01-24,203.27
2025-01-16,9,2025-01-25,200.58
2025-01-16,10,2025-01-26,198.45
2025-01-16,11,2025-01-27,195.24
2025-01-16,12,2025-01-28,195.45
2025-01-16,13,2025-01-29,192.38
2025-01-16,14,2025-01-30,191.05
2025-01-16,15,2025-01-31,186.58
2025-01-16,16,2025-02-01,184.76
2025-01-16,17,2025-02-02,181.63
2025-01-16,18,2025-02-03,178.64
2025-01-16,19,2025-02-04,175.03
2025-01-16,20,2025-02-05,174.46
2025-01-16,21,2025-02-06,173.68
2025-01-16,22,2025-02-07,174.2
2025-01-16,23,2025-02-08,174.89
2025-01-16,24,2025-02-09,177.03
2025-01-16,25,2025-02-10,178.51
2025-01-16,26,2025-02-11,182.71
2025-01-16,27,2025-02-12,185.67
2025-01-16,28,2025-02-13,184.46
2025-01-16,29,2025-02-14,187.55
2025-01-16,30,2025-02-15,187.64
2025-01-17,1,2025-01-18,217.27
2025-01-17,2,2025-01-19,219.78
2025-01-17,3,2025-01-20,225.95
2025-01-17,4,2025-01-21,225.77
2025-01-17,5,2025-01-22,231.05
2025-01-17,6,2025-01-23,224.88
2025-01-17,7,2025-01-24,223.27
2025-01-17,8,2025-01-25,219.31
2025-01-17,9,2025-01-26,211.28
2025-01-17,10,2025-01-27,202.81
2025-01-17,11,2025-01-28,201.21
2025-01-17,12,2025-01-29,198.23
2025-01-17,13,2025-01-30,193.31
2025-01-17,14,2025-01-31,188.06
2025-01-17,15,2025-02-01,186.09
2025-01-17,16,2025-02-02,180.32
2025-01-17,17,2025-02-03,179.19
2025-01-17,18,2025-02-04,179.41
2025-01-17,19,2025-02-05,176.85
2025-01-17,20,2025-02-06,179.08
2025-01-17,21,2025-02-07,179.85
2025-01-17,22,2025-02-08,180.65
2025-01-17,23,2025-02-09,181.87
2025-01-17,24,2025-02-10,184.31
2025-01-17,25,2025-02-11,183.86
2025-01-17,26,2025-02-12,189.13
2025-01-17,27,2025-02-13,195.85
2025-01-17,28,2025-02-14,194.72
2025-01-17,29,2025-02-15,195.48
2025-01-17,30,2025-02-16,194.35
2025-01-18,1,2025-01-19,228.36
2025-01-18,2,2025-01-20,225.91
2025-01-18,3,2025-01-21,231.78
2025-01-18,4,2025-01-22,223.7
2025-01-18,5,2025-01-23,224.16
2025-01-18,6,2025-01-24,222.45
2025-01-18,7,2025-01-25,224.08
2025-01-18,8,2025-01-26,215.27
2025-01-18,9,2025-01-27,206.94
2025-01-18,10,2025-01-28,202.95
2025-01-18,11,2025-01-29,198.9
2025-01-18,12,2025-01-30,198.7
2025-01-18,13,2025-01-31,192.56
2025-01-18,14,2025-02-01,189.55
2025-01-18,15,2025-02-02,180.96
2025-01-18,16,2025-02-03,177.81
2025-01-18,17,2025-02-04,180.41
2025-01-18,18,2025-02-05,178.05
2025-01-18,19,2025-02-06,178.56
2025-01-18,20,2025-02-07,179.53
2025-01-18,21,2025-02-08,181.4
2025-01-18,22,2025-02-09,183.72
2025-01-18,23,2025-02-10,185.1
2025-01-18,24,2025-02-11,186.71
2025-01-18,25,2025-02-12,186.7
2025-01-18,26,2025-02-13,194.43
2025-01-18,27,2025-02-14,200.3
2025-01-18,28,2025-02-15,199.71
2025-01-18,29,2025-02-16,202.47
2025-01-18,30,2025-02-17,197.72
2025-01-19,1,2025-01-20,226.57
2025-01-19,2,2025-01-21,223.65
2025-01-19,3,2025-01-22,225.89
2025-01-19,4,2025-01-23,218.43
2025-01-19,5,2025-01-24,220.65
2025-01-19,6,2025-01-25,219.52
2025-01-19,7,2025-01-26,215.11
2025-01-19,8,2025-01-27,211.3
2025-01-19,9,2025-01-28,204.99
2025-01-19,10,2025-01-29,202.89
2025-01-19,11,2025-01-30,199.84
2025-01-19,12,2025-01-31,196.76
2025-01-19,13,2025-02-01,193.26
2025-01-19,14,2025-02-02,183.76
2025-01-19,15,2025-02-03,179.08
2025-01-19,16,2025-02-04,176.89
2025-01-19,17,2025-02-05,177.23
2025-01-19,18,2025-02-06,176.91
2025-01-19,19,2025-02-07,176.63
2025-01-19,20,2025-02-08,179.8
2025-01-19,21,2025-02-09,182.17
2025-01-19,22,2025-02-10,183.66
2025-01-19,23,2025-02-11,184.68
2025-01-19,24,2025-02-12,186.96
2025-01-19,25,2025-02-13,189.8
2025-01-19,26,2025-02-14,197.58
2025-01-19,27,2025-02-15,200.06
2025-01-19,28,2025-02-16,198.73
2025-01-19,29,2025-02-17,199.69
2025-01-19,30,2025-02-18,196.21
2025-01-20,1,2025-01-21,239.0
2025-01-20,2,2025-01-22,234.21
2025-01-20,3,2025-01-23,233.08
2025-01-20,4,2025-01-24,224.84
2025-01-20,5,2025-01-25,229.23
2025-01-20,6,2025-01-26,220.69
2025-01-20,7,2025-01-27,218.16
2025-01-20,8,2025-01-28,209.17
2025-01-20,9,2025-01-29,203.92
2025-01-20,10,2025-01-30,202.83
2025-01-20,11,2025-01-31,195.53
2025-01-20,12,2025-02-01,197.46
2025-01-20,13,2025-02-02,188.1
2025-01-20,14,2025-02-03,180.32
2025-01-20,15,2025-02-04,179.5
2025-01-20,16,2025-02-05,175.24
2025-01-20,17,2025-02-06,179.76
2025-01-20,18,2025-02-07,176.4
2025-01-20,19,2025-02-08,177.24
2025-01-20,20,2025-02-09,181.67
2025-01-20,21,2025-02-10,183.66
2025-01-20,22,2025-02-11,186.52
2025-01-20,23,2025-02-12,188.9
2025-01-20,24,2025-02-13,192.41
2025-01-20,25,2025-02-14,195.98
2025-01-20,26,2025-02-15,199.01
2025-01-20,27,2025-02-16,201.86
2025-01-20,28,2025-02-17,197.63
2025-01-20,29,2025-02-18,199.84
2025-01-20,30,2025-02-19,197.02
2025-01-21,1,2025-01-22,228.85
2025-01-21,2,2025-01-23,222.24
2025-01-21,3,2025-01-24,214.03
2025-01-21,4,2025-01-25,209.36
2025-01-21,5,2025-01-26,213.02
2025-01-21,6,2025-01-27,212.54
2025-01-21,7,2025-01-28,207.74
2025-01-21,8,2025-01-29,203.68
2025-01-21,9,2025-01-30,203.25
2025-01-21,10,2025-01-31,197.81
2025-01-21,11,2025-02-01,194.34
2025-01-21,12,2025-02-02,191.23
2025-01-21,13,2025-02-03,183.85
2025-01-21,14,2025-02-04,181.02
2025-01-21,15,2025-02-05,175.74
2025-01-21,16,2025-02-06,174.26
2025-01-21,17,2025-02-07,178.47
2025-01-21,18,2025-02-08,175.18
2025-01-21,19,2025-02-09,178.84
2025-01-21,20,2025-02-10,181.24
2025-01-21,21,2025-02-11,182.72
2025-01-21,22,2025-02-12,186.87
2025-01-21,23,2025-02-13,190.04
2025-01-21,24,2025-02-14,197.59
2025-01-21,25,2025-02-15,195.06
2025-01-21,26,2025-02-16,200.28
2025-01-21,27,2025-02-17,199.41
2025-01-21,28,2025-02-18,195.84
2025-01-21,29,2025-02-19,194.85
2025-01-21,30,2025-02-20,196.21
2025-01-22,1,2025-01-23,221.4
2025-01-22,2,2025-01-24,218.62
2025-01-22,3,2025-01-25,209.59
2025-01-22,4,2025-01-26,205.85
2025-01-22,5,2025-01-27,210.22
2025-01-22,6,2025-01-28,205.7
2025-01-22,7,2025-01-29,203.67
2025-01-22,8,2025-01-30,200.86
2025-01-22,9,2025-01-31,197.63
2025-01-22,10,2025-02-01,196.06
2025-01-22,11,2025-02-02,192.05
2025-01-22,12,2025-02-03,187.4
2025-01-22,13,2025-02-04,183.71
2025-01-22,14,2025-02-05,176.98
2025-01-22,15,2025-02-06,177.89
2025-01-22,16,2025-02-07,174.52
2025-01-22,17,2025-02-08,177.6
2025-01-22,18,2025-02-09,177.97
2025-01-22,19,2025-02-10,180.45
2025-01-22,20,2025-02-11,183.51
2025-01-22,21,2025-02-12,185.76
2025-01-22,22,2025-02-13,191.99
2025-01-22,23,2025-02-14,193.97
2025-01-22,24,2025-02-15,197.74
2025-01-22,25,2025-02-16,196.91
2025-01-22,26,2025-02-17,197.93
2025-01-22,27,2025-02-18,196.59
2025-01-22,28,2025-02-19,194.02
2025-01-22,29,2025-02-20,195.18
2025-01-22,30,2025-02-21,194.66
2025-01-23,1,2025-01-24,208.99
2025-01-23,2,2025-01-25,204.81
2025-01-23,3,2025-01-26,204.24
2025-01-23,4,2025-01-27,199.69
2025-01-23,5,2025-01-28,197.81
2025-01-23,6,2025-01-29,195.39
2025-01-23,7,2025-01-30,195.99
2025-01-23,8,2025-01-31,188.64
2025-01-23,9,2025-02-01,190.65
2025-01-23,10,2025-02-02,189.99
2025-01-23,11,2025-02-03,183.67
2025-01-23,12,2025-02-04,183.52
2025-01-23,13,2025-02-05,175.74
2025-01-23,14,2025-02-06,176.76
2025-01-23,15,2025-02-07,176.18
2025-01-23,16,2025-02-08,174.92
2025-01-23,17,2025-02-09,179.0
2025-01-23,18,2025-02-10,180.02
2025-01-23,19,2025-02-11,180.48
2025-01-23,20,2025-02-12,183.31
2025-01-23,21,2025-02-13,189.05
2025-01-23,22,2025-02-14,193.5
2025-01-23,23,2025-02-15,193.65
2025-01-23,24,2025-02-16,197.14
2025-01-23,25,2025-02-17,192.43
2025-01-23,26,2025-02-18,194.57
2025-01-23,27,2025-02-19,193.65
2025-01-23,28,2025-02-20,192.79
2025-01-23,29,2025-02-21,194.57
2025-01-23,30,2025-02-22,191.67
2025-01-24,1,2025-01-25,204.59
2025-01-24,2,2025-01-26,200.85
2025-01-24,3,2025-01-27,199.32
2025-01-24,4,2025-01-28,192.11
2025-01-24,5,2025-01-29,190.25
2025-01-24,6,2025-01-30,189.63
2025-01-24,7,2025-01-31,184.58
2025-01-24,8,2025-02-01,182.93
2025-01-24,9,2025-02-02,184.84
2025-01-24,10,2025-02-03,183.82
2025-01-24,11,2025-02-04,184.18
2025-01-24,12,2025-02-05,181.81
2025-01-24,13,2025-02-06,176.08
2025-01-24,14,2025-02-07,177.38
2025-01-24,15,2025-02-08,175.1
2025-01-24,16,2025-02-09,178.1
2025-01-24,17,2025-02-10,181.28
2025-01-24,18,2025-02-11,181.36
2025-01-24,19,2025-02-12,182.39
2025-01-24,20,2025-02-13,187.47
2025-01-24,21,2025-02-14,192.0
2025-01-24,22,2025-02-15,193.62
2025-01-24,23,2025-02-16,194.56
2025-01-24,24,2025-02-17,195.32
2025-01-24,25,2025-02-18,193.01
2025-01-24,26,2025-02-19,192.86
2025-01-24,27,2025-02-20,193.35
2025-01-24,28,2025-02-21,191.34
2025-01-24,29,2025-02-22,193.24
2025-01-24,30,2025-02-23,190.65
2025-01-25,1,2025-01-26,198.02
2025-01-25,2,2025-01-27,193.3
2025-01-25,3,2025-01-28,189.5
2025-01-25,4,2025-01-29,181.72
2025-01-25,5,2025-01-30,180.77
2025-01-25,6,2025-01-31,175.62
2025-01-25,7,2025-02-01,175.62
2025-01-25,8,2025-02-02,173.72
2025-01-25,9,2025-02-03,176.74
2025-01-25,10,2025-02-04,179.01
2025-01-25,11,2025-02-05,176.37
2025-01-25,12,2025-02-06,175.23
2025-01-25,13,2025-02-07,175.14
2025-01-25,14,2025-02-08,178.57
2025-01-25,15,2025-02-09,178.51
2025-01-25,16,2025-02-10,178.06
2025-01-25,17,2025-02-11,182.73
2025-01-25,18,2025-02-12,183.37
2025-01-25,19,2025-02-13,186.41
2025-01-25,20,2025-02-14,190.15
2025-01-25,21,2025-02-15,191.92
2025-01-25,22,2025-02-16,194.25
2025-01-25,23,2025-02-17,194.16
2025-01-25,24,2025-02-18,195.49
2025-01-25,25,2025-02-19,190.65
2025-01-25,26,2025-02-20,193.71
2025-01-25,27,2025-02-21,193.32
2025-01-25,28,2025-02-22,190.62
2025-01-25,29,2025-02-23,191.43
2025-01-25,30,2025-02-24,190.19
2025-01-26,1,2025-01-27,181.5
2025-01-26,2,2025-01-28,173.79
2025-01-26,3,2025-01-29,166.84
2025-01-26,4,2025-01-30,168.52
2025-01-26,5,2025-01-31,168.34
2025-01-26,6,2025-02-01,168.71
2025-01-26,7,2025-02-02,167.99
2025-01-26,8,2025-02-03,166.14
2025-01-26,9,2025-02-04,171.72
2025-01-26,10,2025-02-05,170.79
2025-01-26,11,2025-02-06,170.09
2025-01-26,12,2025-02-07,172.33
2025-01-26,13,2025-02-08,172.93
2025-01-26,14,2025-02-09,178.43
2025-01-26,15,2025-02-10,177.22
2025-01-26,16,2025-02-11,178.24
2025-01-26,17,2025-02-12,182.45
2025-01-26,18,2025-02-13,186.99
2025-01-26,19,2025-02-14,188.57
2025-01-26,20,2025-02-15,190.22
2025-01-26,21,2025-02-16,192.17
2025-01-26,22,2025-02-17,189.19
2025-01-26,23,2025-02-18,190.66
2025-01-26,24,2025-02-19,190.5
2025-01-26,25,2025-02-20,186.77
2025-01-26,26,2025-02-21,187.31
2025-01-26,27,2025-02-22,187.67
2025-01-26,28,2025-02-23,185.53
2025-01-26,29,2025-02-24,187.74
2025-01-26,30,2025-02-25,188.04
2025-01-27,1,2025-01-28,169.21
2025-01-27,2,2025-01-29,159.07
2025-01-27,3,2025-01-30,159.29
2025-01-27,4,2025-01-31,161.19
2025-01-27,5,2025-02-01,168.03
2025-01-27,6,2025-02-02,171.99
2025-01-27,7,2025-02-03,166.79
2025-01-27,8,2025-02-04,169.39
2025-01-27,9,2025-02-05,168.94
2025-01-27,10,2025-02-06,168.35
2025-01-27,11,2025-02-07,169.5
2025-01-27,12,2025-02-08,171.55
2025-01-27,13,2025-02-09,174.46
2025-01-27,14,2025-02-10,178.57
2025-01-27,15,2025-02-11,177.61
2025-01-27,16,2025-02-12,181.26
2025-01-27,17,2025-02-13,187.63
2025-01-27,18,2025-02-14,189.07
2025-01-27,19,2025-02-15,188.64
2025-01-27,20,2025-02-16,190.81
2025-01-27,21,2025-02-17,189.0
2025-01-27,22,2025-02-18,187.03
2025-01-27,23,2025-02-19,186.93
2025-01-27,24,2025-02-20,186.5
2025-01-27,25,2025-02-21,184.8
2025-01-27,26,2025-02-22,183.06
2025-01-27,27,2025-02-23,183.85
2025-01-27,28,2025-02-24,182.19
2025-01-27,29,2025-02-25,186.74
2025-01-27,30,2025-02-26,186.61
2025-01-28,1,2025-01-29,157.35
2025-01-28,2,2025-01-30,159.94
2025-01-28,3,2025-01-31,159.26
2025-01-28,4,2025-02-01,159.18
2025-01-28,5,2025-02-02,164.42
2025-01-28,6,2025-02-03,169.08
2025-01-28,7,2025-02-04,172.81
2025-01-28,8,2025-02-05,169.38
2025-01-28,9,2025-02-06,169.49
2025-01-28,10,2025-02-07,169.19
2025-01-28,11,2025-02-08,171.79
2025-01-28,12,2025-02-09,174.54
2025-01-28,13,2025-02-10,176.6
2025-01-28,14,2025-02-11,180.61
2025-01-28,15,2025-02-12,180.23
2025-01-28,16,2025-02-13,187.37
2025-01-28,17,2025-02-14,191.2
2025-01-28,18,2025-02-15,188.82
2025-01-28,19,2025-02-16,189.23
2025-01-28,20,2025-02-17,187.27
2025-01-28,21,2025-02-18,187.94
2025-01-28,22,2025-02-19,184.07
2025-01-28,23,2025-02-20,183.03
2025-01-28,24,2025-02-21,183.22
2025-01-28,25,2025-02-22,181.61
2025-01-28,26,2025-02-23,179.26
2025-01-28,27,2025-02-24,180.0
2025-01-28,28,2025-02-25,177.07
2025-01-28,29,2025-02-26,177.14
2025-01-28,30,2025-02-27,176.67
2025-01-29,1,2025-01-30,171.33
2025-01-29,2,2025-01-31,169.59
2025-01-29,3,2025-02-01,168.63
2025-01-29,4,2025-02-02,169.78
2025-01-29,5,2025-02-03,168.0
2025-01-29,6,2025-02-04,176.4
2025-01-29,7,2025-02-05,169.62
2025-01-29,8,2025-02-06,171.15
2025-01-29,9,2025-02-07,169.6
2025-01-29,10,2025-02-08,171.48
2025-01-29,11,2025-02-09,174.14
2025-01-29,12,2025-02-10,176.36
2025-01-29,13,2025-02-11,179.67
2025-01-29,14,2025-02-12,184.14
2025-01-29,15,2025-02-13,186.69
2025-01-29,16,2025-02-14,190.94
2025-01-29,17,2025-02-15,193.08
2025-01-29,18,2025-02-16,191.81
2025-01-29,19,2025-02-17,187.15
2025-01-29,20,2025-02-18,185.87
2025-01-29,21,2025-02-19,185.01
2025-01-29,22,2025-02-20,181.54
2025-01-29,23,2025-02-21,181.91
2025-01-29,24,2025-02-22,181.7
2025-01-29,25,2025-02-23,180.8
2025-01-29,26,2025-02-24,179.34
2025-01-29,27,2025-02-25,182.87
2025-01-29,28,2025-02-26,180.87
2025-01-29,29,2025-02-27,180.68
2025-01-29,30,2025-02-28,181.34
2025-01-30,1,2025-01-31,171.78
2025-01-30,2,2025-02-01,174.27
2025-01-30,3,2025-02-02,174.6
2025-01-30,4,2025-02-03,176.72
2025-01-30,5,2025-02-04,180.01
2025-01-30,6,2025-02-05,175.14
2025-01-30,7,2025-02-06,178.51
2025-01-30,8,2025-02-07,176.68
2025-01-30,9,2025-02-08,171.95
2025-01-30,10,2025-02-09,174.9
2025-01-30,11,2025-02-10,177.95
2025-01-30,12,2025-02-11,179.39
2025-01-30,13,2025-02-12,181.71
2025-01-30,14,2025-02-13,187.83
2025-01-30,15,2025-02-14,188.88
2025-01-30,16,2025-02-15,189.54
2025-01-30,17,2025-02-16,192.84
2025-01-30,18,2025-02-17,188.23
2025-01-30,19,2025-02-18,185.56
2025-01-30,20,2025-02-19,184.6
2025-01-30,21,2025-02-20,184.26
2025-01-30,22,2025-02-21,181.53
2025-01-30,23,2025-02-22,182.88
2025-01-30,24,2025-02-23,181.28
2025-01-30,25,2025-02-24,179.52
2025-01-30,26,2025-02-25,180.37
2025-01-30,27,2025-02-26,181.2
2025-01-30,28,2025-02-27,180.08
2025-01-30,29,2025-02-28,182.23
2025-01-30,30,2025-03-01,180.21
2025-01-31,1,2025-02-01,185.57
2025-01-31,2,2025-02-02,186.26
2025-01-31,3,2025-02-03,185.72
2025-01-31,4,2025-02-04,186.6
2025-01-31,5,2025-02-05,184.45
2025-01-31,6,2025-02-06,181.71
2025-01-31,7,2025-02-07,183.36
2025-01-31,8,2025-02-08,175.79
2025-01-31,9,2025-02-09,175.58
2025-01-31,10,2025-02-10,176.2
2025-01-31,11,2025-02-11,179.63
2025-01-31,12,2025-02-12,181.08
2025-01-31,13,2025-02-13,187.06
2025-01-31,14,2025-02-14,191.42
2025-01-31,15,2025-02-15,189.77
2025-01-31,16,2025-02-16,190.34
2025-01-31,17,2025-02-17,190.14
2025-01-31,18,2025-02-18,189.35
2025-01-31,19,2025-02-19,182.64
2025-01-31,20,2025-02-20,184.77
2025-01-31,21,2025-02-21,184.79
2025-01-31,22,2025-02-22,181.38
2025-01-31,23,2025-02-23,182.35
2025-01-31,24,2025-02-24,181.06
2025-01-31,25,2025-02-25,181.34
2025-01-31,26,2025-02-26,181.19
2025-01-31,27,2025-02-27,184.26
2025-01-31,28,2025-02-28,180.54
2025-01-31,29,2025-03-01,181.48
2025-01-31,30,2025-03-02,179.27
2025-02-01,1,2025-02-02,201.68
2025-02-01,2,2025-02-03,197.88
2025-02-01,3,2025-02-04,197.45
2025-02-01,4,2025-02-05,190.12
2025-02-01,5,2025-02-06,186.34
2025-02-01,6,2025-02-07,186.47
2025-02-01,7,2025-02-08,182.37
2025-02-01,8,2025-02-09,183.19
2025-02-01,9,2025-02-10,185.63
2025-02-01,10,2025-02-11,188.55
2025-02-01,11,2025-02-12,189.74
2025-02-01,12,2025-02-13,192.68
2025-02-01,13,2025-02-14,192.51
2025-02-01,14,2025-02-15,195.14
2025-02-01,15,2025-02-16,192.77
2025-02-01,16,2025-02-17,187.84
2025-02-01,17,2025-02-18,190.49
2025-02-01,18,2025-02-19,187.53
2025-02-01,19,2025-02-20,182.84
2025-02-01,20,2025-02-21,185.99
2025-02-01,21,2025-02-22,186.73
2025-02-01,22,2025-02-23,183.32
2025-02-01,23,2025-02-24,184.82
2025-02-01,24,2025-02-25,186.67
2025-02-01,25,2025-02-26,184.23
2025-02-01,26,2025-02-27,187.3
2025-02-01,27,2025-02-28,189.17
2025-02-01,28,2025-03-01,185.82
2025-02-01,29,2025-03-02,188.9
2025-02-01,30,2025-03-03,182.33
2025-02-02,1,2025-02-03,192.09
2025-02-02,2,2025-02-04,189.9
2025-02-02,3,2025-02-05,188.59
2025-02-02,4,2025-02-06,186.6
2025-02-02,5,2025-02-07,188.93
2025-02-02,6,2025-02-08,182.63
2025-02-02,7,2025-02-09,183.63
2025-02-02,8,2025-02-10,180.4
2025-02-02,9,2025-02-11,180.66
2025-02-02,10,2025-02-12,184.71
2025-02-02,11,2025-02-13,188.27
2025-02-02,12,2025-02-14,192.08
2025-02-02,13,2025-02-15,192.65
2025-02-02,14,2025-02-16,194.7
2025-02-02,15,2025-02-17,189.31
2025-02-02,16,2025-02-18,186.62
2025-02-02,17,2025-02-19,186.18
2025-02-02,18,2025-02-20,186.29
2025-02-02,19,2025-02-21,183.16
2025-02-02,20,2025-02-22,184.01
2025-02-02,21,2025-02-23,182.76
2025-02-02,22,2025-02-24,181.59
2025-02-02,23,2025-02-25,184.39
2025-02-02,24,2025-02-26,185.46
2025-02-02,25,2025-02-27,184.48
2025-02-02,26,2025-02-28,187.49
2025-02-02,27,2025-03-01,186.33
2025-02-02,28,2025-03-02,181.54
2025-02-02,29,2025-03-03,181.33
2025-02-02,30,2025-03-04,178.45
2025-02-03,1,2025-02-04,209.24
2025-02-03,2,2025-02-05,203.7
2025-02-03,3,2025-02-06,203.97
2025-02-03,4,2025-02-07,200.82
2025-02-03,5,2025-02-08,198.03
2025-02-03,6,2025-02-09,196.39
2025-02-03,7,2025-02-10,192.48
2025-02-03,8,2025-02-11,193.27
2025-02-03,9,2025-02-12,194.82
2025-02-03,10,2025-02-13,199.79
2025-02-03,11,2025-02-14,200.19
2025-02-03,12,2025-02-15,200.28
2025-02-03,13,2025-02-16,198.29
2025-02-03,14,2025-02-17,194.42
2025-02-03,15,2025-02-18,191.16
2025-02-03,16,2025-02-19,185.95
2025-02-03,17,2025-02-20,188.61
2025-02-03,18,2025-02-21,187.96
2025-02-03,19,2025-02-22,184.28
2025-02-03,20,2025-02-23,183.55
2025-02-03,21,2025-02-24,185.0
2025-02-03,22,2025-02-25,186.96
2025-02-03,23,2025-02-26,187.53
2025-02-03,24,2025-02-27,189.42
2025-02-03,25,2025-02-28,191.12
2025-02-03,26,2025-03-01,189.2
2025-02-03,27,2025-03-02,192.48
2025-02-03,28,2025-03-03,186.75
2025-02-03,29,2025-03-04,185.79
2025-02-03,30,2025-03-05,182.45
2025-02-04,1,2025-02-05,213.82
2025-02-04,2,2025-02-06,210.53
2025-02-04,3,2025-02-07,205.64
2025-02-04,4,2025-02-08,199.94
2025-02-04,5,2025-02-09,205.67
2025-02-04,6,2025-02-10,200.73
2025-02-04,7,2025-02-11,204.1
2025-02-04,8,2025-02-12,203.7
2025-02-04,9,2025-02-13,204.0
2025-02-04,10,2025-02-14,207.59
2025-02-04,11,2025-02-15,204.47
2025-02-04,12,2025-02-16,204.49
2025-02-04,13,2025-02-17,197.47
2025-02-04,14,2025-02-18,196.19
2025-02-04,15,2025-02-19,188.82
2025-02-04,16,2025-02-20,187.58
2025-02-04,17,2025-02-21,188.7
2025-02-04,18,2025-02-22,188.24
2025-02-04,19,2025-02-23,183.74
2025-02-04,20,2025-02-24,182.88
2025-02-04,21,2025-02-25,188.23
2025-02-04,22,2025-02-26,188.13
2025-02-04,23,2025-02-27,191.07
2025-02-04,24,2025-02-28,194.96
2025-02-04,25,2025-03-01,190.94
2025-02-04,26,2025-03-02,193.27
2025-02-04,27,2025-03-03,191.35
2025-02-04,28,2025-03-04,187.96
2025-02-04,29,2025-03-05,187.52
2025-02-04,30,2025-03-06,184.92
2025-02-05,1,2025-02-06,203.88
2025-02-05,2,2025-02-07,202.57
2025-02-05,3,2025-02-08,205.74
2025-02-05,4,2025-02-09,198.76
2025-02-05,5,2025-02-10,203.8
2025-02-05,6,2025-02-11,200.83
2025-02-05,7,2025-02-12,204.34
2025-02-05,8,2025-02-13,205.75
2025-02-05,9,2025-02-14,208.71
2025-02-05,10,2025-02-15,209.23
2025-02-05,11,2025-02-16,205.82
2025-02-05,12,2025-02-17,200.86
2025-02-05,13,2025-02-18,193.66
2025-02-05,14,2025-02-19,191.68
2025-02-05,15,2025-02-20,190.6
2025-02-05,16,2025-02-21,186.74
2025-02-05,17,2025-02-22,186.78
2025-02-05,18,2025-02-23,186.76
2025-02-05,19,2025-02-24,183.52
2025-02-05,20,2025-02-25,186.6
2025-02-05,21,2025-02-26,188.05
2025-02-05,22,2025-02-27,189.3
2025-02-05,23,2025-02-28,194.18
2025-02-05,24,2025-03-01,193.31
2025-02-05,25,2025-03-02,190.77
2025-02-05,26,2025-03-03,191.33
2025-02-05,27,2025-03-04,190.48
2025-02-05,28,2025-03-05,186.76
2025-02-05,29,2025-03-06,185.44
2025-02-05,30,2025-03-07,184.3
2025-02-06,1,2025-02-07,193.62
2025-02-06,2,2025-02-08,192.69
2025-02-06,3,2025-02-09,188.38
2025-02-06,4,2025-02-10,191.55
2025-02-06,5,2025-02-11,195.01
2025-02-06,6,2025-02-12,194.86
2025-02-06,7,2025-02-13,197.23
2025-02-06,8,2025-02-14,199.58
2025-02-06,9,2025-02-15,198.47
2025-02-06,10,2025-02-16,199.46
2025-02-06,11,2025-02-17,193.36
2025-02-06,12,2025-02-18,194.06
2025-02-06,13,2025-02-19,191.23
2025-02-06,14,2025-02-20,191.32
2025-02-06,15,2025-02-21,188.74
2025-02-06,16,2025-02-22,185.27
2025-02-06,17,2025-02-23,186.41
2025-02-06,18,2025-02-24,185.31
2025-02-06,19,2025-02-25,186.53
2025-02-06,20,2025-02-26,186.55
2025-02-06,21,2025-02-27,189.27
2025-02-06,22,2025-02-28,191.18
2025-02-06,23,2025-03-01,189.83
2025-02-06,24,2025-03-02,190.21
2025-02-06,25,2025-03-03,188.51
2025-02-06,26,2025-03-04,187.71
2025-02-06,27,2025-03-05,185.45
2025-02-06,28,2025-03-06,182.95
2025-02-06,29,2025-03-07,182.13
2025-02-06,30,2025-03-08,183.44
2025-02-07,1,2025-02-08,188.04
2025-02-07,2,2025-02-09,187.12
2025-02-07,3,2025-02-10,185.96
2025-02-07,4,2025-02-11,187.81
2025-02-07,5,2025-02-12,191.46
2025-02-07,6,2025-02-13,191.51
2025-02-07,7,2025-02-14,194.2
2025-02-07,8,2025-02-15,192.36
2025-02-07,9,2025-02-16,193.16
2025-02-07,10,2025-02-17,191.26
2025-02-07,11,2025-02-18,190.86
2025-02-07,12,2025-02-19,188.61
2025-02-07,13,2025-02-20,187.56
2025-02-07,14,2025-02-21,189.5
2025-02-07,15,2025-02-22,184.16
2025-02-07,16,2025-02-23,182.24
2025-02-07,17,2025-02-24,182.2
2025-02-07,18,2025-02-25,187.14
2025-02-07,19,2025-02-26,186.42
2025-02-07,20,2025-02-27,188.61
2025-02-07,21,2025-02-28,193.62
2025-02-07,22,2025-03-01,189.61
2025-02-07,23,2025-03-02,190.94
2025-02-07,24,2025-03-03,189.63
2025-02-07,25,2025-03-04,186.79
2025-02-07,26,2025-03-05,186.24
2025-02-07,27,2025-03-06,187.03
2025-02-07,28,2025-03-07,182.54
2025-02-07,29,2025-03-08,180.16
2025-02-07,30,2025-03-09,180.96
2025-02-08,1,2025-02-09,183.28
2025-02-08,2,2025-02-10,178.79
2025-02-08,3,2025-02-11,177.77
2025-02-08,4,2025-02-12,176.17
2025-02-08,5,2025-02-13,177.44
2025-02-08,6,2025-02-14,182.55
2025-02-08,7,2025-02-15,184.4
2025-02-08,8,2025-02-16,182.62
2025-02-08,9,2025-02-17,184.33
2025-02-08,10,2025-02-18,185.6
2025-02-08,11,2025-02-19,183.45
2025-02-08,12,2025-02-20,184.85
2025-02-08,13,2025-02-21,184.42
2025-02-08,14,2025-02-22,185.63
2025-02-08,15,2025-02-23,181.23
2025-02-08,16,2025-02-24,180.25
2025-02-08,17,2025-02-25,184.46
2025-02-08,18,2025-02-26,186.16
2025-02-08,19,2025-02-27,187.87
2025-02-08,20,2025-02-28,191.68
2025-02-08,21,2025-03-01,189.49
2025-02-08,22,2025-03-02,189.38
2025-02-08,23,2025-03-03,188.27
2025-02-08,24,2025-03-04,188.32
2025-02-08,25,2025-03-05,183.34
2025-02-08,26,2025-03-06,183.88
2025-02-08,27,2025-03-07,184.31
2025-02-08,28,2025-03-08,182.36
2025-02-08,29,2025-03-09,181.3
2025-02-08,30,2025-03-10,181.7
2025-02-09,1,2025-02-10,173.26
2025-02-09,2,2025-02-11,172.27
2025-02-09,3,2025-02-12,173.85
2025-02-09,4,2025-02-13,174.54
2025-02-09,5,2025-02-14,178.12
2025-02-09,6,2025-02-15,176.91
2025-02-09,7,2025-02-16,180.66
2025-02-09,8,2025-02-17,177.93
2025-02-09,9,2025-02-18,181.79
2025-02-09,10,2025-02-19,181.14
2025-02-09,11,2025-02-20,181.97
2025-02-09,12,2025-02-21,181.23
2025-02-09,13,2025-02-22,182.26
2025-02-09,14,2025-02-23,182.36
2025-02-09,15,2025-02-24,179.15
2025-02-09,16,2025-02-25,183.74
2025-02-09,17,2025-02-26,186.81
2025-02-09,18,2025-02-27,188.68
2025-02-09,19,2025-02-28,189.42
2025-02-09,20,2025-03-01,187.82
2025-02-09,21,2025-03-02,188.78
2025-02-09,22,2025-03-03,186.3
2025-02-09,23,2025-03-04,185.39
2025-02-09,24,2025-03-05,184.04
2025-02-09,25,2025-03-06,179.53
2025-02-09,26,2025-03-07,180.37
2025-02-09,27,2025-03-08,180.86
2025-02-09,28,2025-03-09,179.53
2025-02-09,29,2025-03-10,180.85
2025-02-09,30,2025-03-11,180.14
2025-02-10,1,2025-02-11,162.82
2025-02-10,2,2025-02-12,164.71
2025-02-10,3,2025-02-13,172.83
2025-02-10,4,2025-02-14,173.39
2025-02-10,5,2025-02-15,174.84
2025-02-10,6,2025-02-16,180.44
2025-02-10,7,2025-02-17,178.37
2025-02-10,8,2025-02-18,178.95
2025-02-10,9,2025-02-19,178.04
2025-02-10,10,2025-02-20,178.69
2025-02-10,11,2025-02-21,179.31
2025-02-10,12,2025-02-22,179.08
2025-02-10,13,2025-02-23,179.35
2025-02-10,14,2025-02-24,178.8
2025-02-10,15,2025-02-25,180.85
2025-02-10,16,2025-02-26,183.86
2025-02-10,17,2025-02-27,188.41
2025-02-10,18,2025-02-28,190.66
2025-02-10,19,2025-03-01,185.6
2025-02-10,20,2025-03-02,189.21
2025-02-10,21,2025-03-03,187.1
2025-02-10,22,2025-03-04,183.87
2025-02-10,23,2025-03-05,180.35
2025-02-10,24,2025-03-06,180.85
2025-02-10,25,2025-03-07,177.54
2025-02-10,26,2025-03-08,177.61
2025-02-10,27,2025-03-09,176.98
2025-02-10,28,2025-03-10,176.18
2025-02-10,29,2025-03-11,175.09
2025-02-10,30,2025-03-12,176.4
2025-02-11,1,2025-02-12,160.49
2025-02-11,2,2025-02-13,165.93
2025-02-11,3,2025-02-14,169.44
2025-02-11,4,2025-02-15,170.23
2025-02-11,5,2025-02-16,174.57
2025-02-11,6,2025-02-17,177.31
2025-02-11,7,2025-02-18,177.44
2025-02-11,8,2025-02-19,175.76
2025-02-11,9,2025-02-20,178.25
2025-02-11,10,2025-02-21,179.36
2025-02-11,11,2025-02-22,179.92
2025-02-11,12,2025-02-23,182.37
2025-02-11,13,2025-02-24,179.81
2025-02-11,14,2025-02-25,183.26
2025-02-11,15,2025-02-26,185.58
2025-02-11,16,2025-02-27,187.02
2025-02-11,17,2025-02-28,192.37
2025-02-11,18,2025-03-01,188.31
2025-02-11,19,2025-03-02,185.45
2025-02-11,20,2025-03-03,186.33
2025-02-11,21,2025-03-04,184.26
2025-02-11,22,2025-03-05,179.75
2025-02-11,23,2025-03-06,179.1
2025-02-11,24,2025-03-07,179.36
2025-02-11,25,2025-03-08,175.05
2025-02-11,26,2025-03-09,173.68
2025-02-11,27,2025-03-10,173.19
2025-02-11,28,2025-03-11,170.88
2025-02-11,29,2025-03-12,171.88
2025-02-11,30,2025-03-13,173.5
2025-02-12,1,2025-02-13,158.07
2025-02-12,2,2025-02-14,160.46
2025-02-12,3,2025-02-15,164.63
2025-02-12,4,2025-02-16,166.83
2025-02-12,5,2025-02-17,170.46
2025-02-12,6,2025-02-18,174.59
2025-02-12,7,2025-02-19,173.23
2025-02-12,8,2025-02-20,176.0
2025-02-12,9,2025-02-21,174.96
2025-02-12,10,2025-02-22,177.5
2025-02-12,11,2025-02-23,180.85
2025-02-12,12,2025-02-24,180.82
2025-02-12,13,2025-02-25,185.68
2025-02-12,14,2025-02-26,189.13
2025-02-12,15,2025-02-27,186.31
2025-02-12,16,2025-02-28,190.56
2025-02-12,17,2025-03-01,187.43
2025-02-12,18,2025-03-02,188.67
2025-02-12,19,2025-03-03,183.96
2025-02-12,20,2025-03-04,183.11
2025-02-12,21,2025-03-05,180.36
2025-02-12,22,2025-03-06,178.34
2025-02-12,23,2025-03-07,175.87
2025-02-12,24,2025-03-08,174.49
2025-02-12,25,2025-03-09,170.32
2025-02-12,26,2025-03-10,168.85
2025-02-12,27,2025-03-11,168.35
2025-02-12,28,2025-03-12,168.19
2025-02-12,29,2025-03-13,170.8
2025-02-12,30,2025-03-14,174.4
2025-02-13,1,2025-02-14,174.12
2025-02-13,2,2025-02-15,174.86
2025-02-13,3,2025-02-16,179.38
2025-02-13,4,2025-02-17,176.14
2025-02-13,5,2025-02-18,177.86
2025-02-13,6,2025-02-19,179.26
2025-02-13,7,2025-02-20,180.05
2025-02-13,8,2025-02-21,181.55
2025-02-13,9,2025-02-22,181.19
2025-02-13,10,2025-02-23,183.61
2025-02-13,11,2025-02-24,180.59
2025-02-13,12,2025-02-25,185.19
2025-02-13,13,2025-02-26,187.48
2025-02-13,14,2025-02-27,188.31
2025-02-13,15,2025-02-28,190.37
2025-02-13,16,2025-03-01,185.87
2025-02-13,17,2025-03-02,189.13
2025-02-13,18,2025-03-03,186.97
2025-02-13,19,2025-03-04,182.43
2025-02-13,20,2025-03-05,182.19
2025-02-13,21,2025-03-06,178.76
2025-02-13,22,2025-03-07,178.46
2025-02-13,23,2025-03-08,175.9
2025-02-13,24,2025-03-09,175.0
2025-02-13,25,2025-03-10,174.42
2025-02-13,26,2025-03-11,173.76
2025-02-13,27,2025-03-12,178.82
2025-02-13,28,2025-03-13,176.37
2025-02-13,29,2025-03-14,181.36
2025-02-13,30,2025-03-15,180.5
2025-02-14,1,2025-02-15,181.3
2025-02-14,2,2025-02-16,183.74
2025-02-14,3,2025-02-17,185.54
2025-02-14,4,2025-02-18,184.82
2025-02-14,5,2025-02-19,184.28
2025-02-14,6,2025-02-20,180.68
2025-02-14,7,2025-02-21,185.45
2025-02-14,8,2025-02-22,183.73
2025-02-14,9,2025-02-23,183.98
2025-02-14,10,2025-02-24,182.02
2025-02-14,11,2025-02-25,184.79
2025-02-14,12,2025-02-26,187.58
2025-02-14,13,2025-02-27,188.84
2025-02-14,14,2025-02-28,194.34
2025-02-14,15,2025-03-01,186.15
2025-02-14,16,2025-03-02,187.08
2025-02-14,17,2025-03-03,186.79
2025-02-14,18,2025-03-04,185.27
2025-02-14,19,2025-03-05,179.92
2025-02-14,20,2025-03-06,177.31
2025-02-14,21,2025-03-07,178.0
2025-02-14,22,2025-03-08,175.99
2025-02-14,23,2025-03-09,173.67
2025-02-14,24,2025-03-10,176.16
2025-02-14,25,2025-03-11,177.3
2025-02-14,26,2025-03-12,179.15
2025-02-14,27,2025-03-13,180.54
2025-02-14,28,2025-03-14,179.78
2025-02-14,29,2025-03-15,182.38
2025-02-14,30,2025-03-16,182.51
2025-02-15,1,2025-02-16,186.75
2025-02-15,2,2025-02-17,186.17
2025-02-15,3,2025-02-18,186.14
2025-02-15,4,2025-02-19,188.18
2025-02-15,5,2025-02-20,188.36
2025-02-15,6,2025-02-21,184.91
2025-02-15,7,2025-02-22,184.67
2025-02-15,8,2025-02-23,189.98
2025-02-15,9,2025-02-24,184.33
2025-02-15,10,2025-02-25,186.37
2025-02-15,11,2025-02-26,187.53
2025-02-15,12,2025-02-27,188.4
2025-02-15,13,2025-02-28,191.38
2025-02-15,14,2025-03-01,186.91
2025-02-15,15,2025-03-02,187.82
2025-02-15,16,2025-03-03,185.61
2025-02-15,17,2025-03-04,184.92
2025-02-15,18,2025-03-05,181.26
2025-02-15,19,2025-03-06,175.97
2025-02-15,20,2025-03-07,175.62
2025-02-15,21,2025-03-08,176.58
2025-02-15,22,2025-03-09,176.54
2025-02-15,23,2025-03-10,176.78
2025-02-15,24,2025-03-11,178.76
2025-02-15,25,2025-03-12,178.16
2025-02-15,26,2025-03-13,180.91
2025-02-15,27,2025-03-14,184.05
2025-02-15,28,2025-03-15,181.01
2025-02-15,29,2025-03-16,183.48
2025-02-15,30,2025-03-17,182.05
2025-02-16,1,2025-02-17,193.21
2025-02-16,2,2025-02-18,191.96
2025-02-16,3,2025-02-19,197.19
2025-02-16,4,2025-02-20,193.15
2025-02-16,5,2025-02-21,197.54
2025-02-16,6,2025-02-22,193.73
2025-02-16,7,2025-02-23,192.4
2025-02-16,8,2025-02-24,192.15
2025-02-16,9,2025-02-25,190.06
2025-02-16,10,2025-02-26,191.08
2025-02-16,11,2025-02-27,189.78
2025-02-16,12,2025-02-28,189.17
2025-02-16,13,2025-03-01,187.81
2025-02-16,14,2025-03-02,190.62
2025-02-16,15,2025-03-03,187.14
2025-02-16,16,2025-03-04,183.99
2025-02-16,17,2025-03-05,181.77
2025-02-16,18,2025-03-06,179.14
2025-02-16,19,2025-03-07,176.14
2025-02-16,20,2025-03-08,174.43
2025-02-16,21,2025-03-09,174.52
2025-02-16,22,2025-03-10,177.5
2025-02-16,23,2025-03-11,177.84
2025-02-16,24,2025-03-12,180.34
2025-02-16,25,2025-03-13,180.7
2025-02-16,26,2025-03-14,182.9
2025-02-16,27,2025-03-15,185.31
2025-02-16,28,2025-03-16,183.66
2025-02-16,29,2025-03-17,185.25
2025-02-16,30,2025-03-18,182.86
2025-02-17,1,2025-02-18,193.1
2025-02-17,2,2025-02-19,188.76
2025-02-17,3,2025-02-20,191.23
2025-02-17,4,2025-02-21,190.31
2025-02-17,5,2025-02-22,197.09
2025-02-17,6,2025-02-23,195.3
2025-02-17,7,2025-02-24,192.13
2025-02-17,8,2025-02-25,193.8
2025-02-17,9,2025-02-26,193.82
2025-02-17,10,2025-02-27,192.55
2025-02-17,11,2025-02-28,194.75
2025-02-17,12,2025-03-01,188.01
2025-02-17,13,2025-03-02,189.19
2025-02-17,14,2025-03-03,189.58
2025-02-17,15,2025-03-04,185.4
2025-02-17,16,2025-03-05,179.57
2025-02-17,17,2025-03-06,179.1
2025-02-17,18,2025-03-07,179.06
2025-02-17,19,2025-03-08,174.5
2025-02-17,20,2025-03-09,174.79
2025-02-17,21,2025-03-10,175.49
2025-02-17,22,2025-03-11,177.3
2025-02-17,23,2025-03-12,180.38
2025-02-17,24,2025-03-13,180.29
2025-02-17,25,2025-03-14,181.07
2025-02-17,26,2025-03-15,183.44
2025-02-17,27,2025-03-16,184.3
2025-02-17,28,2025-03-17,182.51
2025-02-17,29,2025-03-18,182.53
2025-02-17,30,2025-03-19,182.49
2025-02-18,1,2025-02-19,185.85
2025-02-18,2,2025-02-20,181.3
2025-02-18,3,2025-02-21,181.72
2025-02-18,4,2025-02-22,179.29
2025-02-18,5,2025-02-23,187.05
2025-02-18,6,2025-02-24,177.79
2025-02-18,7,2025-02-25,186.09
2025-02-18,8,2025-02-26,190.99
2025-02-18,9,2025-02-27,189.33
2025-02-18,10,2025-02-28,193.17
2025-02-18,11,2025-03-01,189.88
2025-02-18,12,2025-03-02,189.41
2025-02-18,13,2025-03-03,188.1
2025-02-18,14,2025-03-04,187.18
2025-02-18,15,2025-03-05,180.53
2025-02-18,16,2025-03-06,178.02
2025-02-18,17,2025-03-07,179.82
2025-02-18,18,2025-03-08,174.63
2025-02-18,19,2025-03-09,173.1
2025-02-18,20,2025-03-10,175.31
2025-02-18,21,2025-03-11,175.78
2025-02-18,22,2025-03-12,178.71
2025-02-18,23,2025-03-13,181.95
2025-02-18,24,2025-03-14,181.3
2025-02-18,25,2025-03-15,180.85
2025-02-18,26,2025-03-16,181.61
2025-02-18,27,2025-03-17,184.63
2025-02-18,28,2025-03-18,182.51
2025-02-18,29,2025-03-19,184.35
2025-02-18,30,2025-03-20,182.14
2025-02-19,1,2025-02-20,177.67
2025-02-19,2,2025-02-21,175.35
2025-02-19,3,2025-02-22,172.24
2025-02-19,4,2025-02-23,173.78
2025-02-19,5,2025-02-24,170.02
2025-02-19,6,2025-02-25,178.14
2025-02-19,7,2025-02-26,184.8
2025-02-19,8,2025-02-27,186.26
2025-02-19,9,2025-02-28,190.11
2025-02-19,10,2025-03-01,186.85
2025-02-19,11,2025-03-02,189.73
2025-02-19,12,2025-03-03,184.85
2025-02-19,13,2025-03-04,184.83
2025-02-19,14,2025-03-05,181.75
2025-02-19,15,2025-03-06,177.39
2025-02-19,16,2025-03-07,177.68
2025-02-19,17,2025-03-08,176.49
2025-02-19,18,2025-03-09,172.24
2025-02-19,19,2025-03-10,175.13
2025-02-19,20,2025-03-11,175.0
2025-02-19,21,2025-03-12,177.89
2025-02-19,22,2025-03-13,179.09
2025-02-19,23,2025-03-14,181.47
2025-02-19,24,2025-03-15,181.61
2025-02-19,25,2025-03-16,179.99
2025-02-19,26,2025-03-17,181.79
2025-02-19,27,2025-03-18,183.42
2025-02-19,28,2025-03-19,181.92
2025-02-19,29,2025-03-20,183.82
2025-02-19,30,2025-03-21,180.24
2025-02-20,1,2025-02-21,178.05
2025-02-20,2,2025-02-22,173.51
2025-02-20,3,2025-02-23,173.36
2025-02-20,4,2025-02-24,171.64
2025-02-20,5,2025-02-25,177.23
2025-02-20,6,2025-02-26,181.34
2025-02-20,7,2025-02-27,182.95
2025-02-20,8,2025-02-28,189.5
2025-02-20,9,2025-03-01,183.52
2025-02-20,10,2025-03-02,188.02
2025-02-20,11,2025-03-03,186.39
2025-02-20,12,2025-03-04,183.73
2025-02-20,13,2025-03-05,180.35
2025-02-20,14,2025-03-06,181.66
2025-02-20,15,2025-03-07,177.78
2025-02-20,16,2025-03-08,175.93
2025-02-20,17,2025-03-09,177.41
2025-02-20,18,2025-03-10,174.69
2025-02-20,19,2025-03-11,173.15
2025-02-20,20,2025-03-12,178.25
2025-02-20,21,2025-03-13,178.97
2025-02-20,22,2025-03-14,180.75
2025-02-20,23,2025-03-15,183.74
2025-02-20,24,2025-03-16,182.21
2025-02-20,25,2025-03-17,180.12
2025-02-20,26,2025-03-18,182.28
2025-02-20,27,2025-03-19,183.89
2025-02-20,28,2025-03-20,180.52
2025-02-20,29,2025-03-21,181.36
2025-02-20,30,2025-03-22,179.58
2025-02-21,1,2025-02-22,187.41
2025-02-21,2,2025-02-23,188.55
2025-02-21,3,2025-02-24,184.86
2025-02-21,4,2025-02-25,189.01
2025-02-21,5,2025-02-26,193.96
2025-02-21,6,2025-02-27,184.71
2025-02-21,7,2025-02-28,189.8
2025-02-21,8,2025-03-01,185.8
2025-02-21,9,2025-03-02,184.77
2025-02-21,10,2025-03-03,185.1
2025-02-21,11,2025-03-04,182.93
2025-02-21,12,2025-03-05,181.14
2025-02-21,13,2025-03-06,180.11
2025-02-21,14,2025-03-07,182.27
2025-02-21,15,2025-03-08,175.4
2025-02-21,16,2025-03-09,174.12
2025-02-21,17,2025-03-10,177.08
2025-02-21,18,2025-03-11,174.1
2025-02-21,19,2025-03-12,176.57
2025-02-21,20,2025-03-13,180.72
2025-02-21,21,2025-03-14,181.29
2025-02-21,22,2025-03-15,182.38
2025-02-21,23,2025-03-16,181.61
2025-02-21,24,2025-03-17,182.84
2025-02-21,25,2025-03-18,180.4
2025-02-21,26,2025-03-19,183.02
2025-02-21,27,2025-03-20,185.54
2025-02-21,28,2025-03-21,183.69
2025-02-21,29,2025-03-22,185.03
2025-02-21,30,2025-03-23,179.8
2025-02-22,1,2025-02-23,205.94
2025-02-22,2,2025-02-24,198.83
2025-02-22,3,2025-02-25,205.11
2025-02-22,4,2025-02-26,207.7
2025-02-22,5,2025-02-27,209.83
2025-02-22,6,2025-02-28,199.91
2025-02-22,7,2025-03-01,191.78
2025-02-22,8,2025-03-02,194.16
2025-02-22,9,2025-03-03,187.23
2025-02-22,10,2025-03-04,186.33
2025-02-22,11,2025-03-05,182.23
2025-02-22,12,2025-03-06,179.69
2025-02-22,13,2025-03-07,178.92
2025-02-22,14,2025-03-08,179.19
2025-02-22,15,2025-03-09,174.41
2025-02-22,16,2025-03-10,174.77
2025-02-22,17,2025-03-11,176.56
2025-02-22,18,2025-03-12,176.79
2025-02-22,19,2025-03-13,179.43
2025-02-22,20,2025-03-14,181.96
2025-02-22,21,2025-03-15,182.87
2025-02-22,22,2025-03-16,182.35
2025-02-22,23,2025-03-17,184.91
2025-02-22,24,2025-03-18,184.9
2025-02-22,25,2025-03-19,183.83
2025-02-22,26,2025-03-20,185.81
2025-02-22,27,2025-03-21,187.47
2025-02-22,28,2025-03-22,186.36
2025-02-22,29,2025-03-23,186.32
2025-02-22,30,2025-03-24,183.71
2025-02-23,1,2025-02-24,203.21
2025-02-23,2,2025-02-25,204.17
2025-02-23,3,2025-02-26,208.59
2025-02-23,4,2025-02-27,204.9
2025-02-23,5,2025-02-28,211.37
2025-02-23,6,2025-03-01,194.08
2025-02-23,7,2025-03-02,193.44
2025-02-23,8,2025-03-03,190.79
2025-02-23,9,2025-03-04,188.01
2025-02-23,10,2025-03-05,181.68
2025-02-23,11,2025-03-06,177.57
2025-02-23,12,2025-03-07,178.86
2025-02-23,13,2025-03-08,176.57
2025-02-23,14,2025-03-09,177.62
2025-02-23,15,2025-03-10,177.36
2025-02-23,16,2025-03-11,174.18
2025-02-23,17,2025-03-12,177.42
2025-02-23,18,2025-03-13,179.17
2025-02-23,19,2025-03-14,181.6
2025-02-23,20,2025-03-15,182.59
2025-02-23,21,2025-03-16,183.23
2025-02-23,22,2025-03-17,182.94
2025-02-23,23,2025-03-18,184.37
2025-02-23,24,2025-03-19,186.3
2025-02-23,25,2025-03-20,184.06
2025-02-23,26,2025-03-21,187.21
2025-02-23,27,2025-03-22,188.79
2025-02-23,28,2025-03-23,187.96
2025-02-23,29,2025-03-24,185.83
2025-02-23,30,2025-03-25,184.99
2025-02-24,1,2025-02-25,226.31
2025-02-24,2,2025-02-26,226.5
2025-02-24,3,2025-02-27,230.3
2025-02-24,4,2025-02-28,225.35
2025-02-24,5,2025-03-01,221.55
2025-02-24,6,2025-03-02,220.81
2025-02-24,7,2025-03-03,211.93
2025-02-24,8,2025-03-04,206.25
2025-02-24,9,2025-03-05,199.85
2025-02-24,10,2025-03-06,193.15
2025-02-24,11,2025-03-07,188.65
2025-02-24,12,2025-03-08,183.98
2025-02-24,13,2025-03-09,177.63
2025-02-24,14,2025-03-10,182.12
2025-02-24,15,2025-03-11,176.96
2025-02-24,16,2025-03-12,178.0
2025-02-24,17,2025-03-13,182.39
2025-02-24,18,2025-03-14,185.08
2025-02-24,19,2025-03-15,184.72
2025-02-24,20,2025-03-16,186.13
2025-02-24,21,2025-03-17,188.54
2025-02-24,22,2025-03-18,187.87
2025-02-24,23,2025-03-19,189.93
2025-02-24,24,2025-03-20,192.74
2025-02-24,25,2025-03-21,191.67
2025-02-24,26,2025-03-22,194.38
2025-02-24,27,2025-03-23,194.19
2025-02-24,28,2025-03-24,189.99
2025-02-24,29,2025-03-25,190.2
2025-02-24,30,2025-03-26,189.75
2025-02-25,1,2025-02-26,207.87
2025-02-25,2,2025-02-27,200.65
2025-02-25,3,2025-02-28,197.4
2025-02-25,4,2025-03-01,193.05
2025-02-25,5,2025-03-02,194.41
2025-02-25,6,2025-03-03,187.87
2025-02-25,7,2025-03-04,189.33
2025-02-25,8,2025-03-05,189.43
2025-02-25,9,2025-03-06,183.3
2025-02-25,10,2025-03-07,181.7
2025-02-25,11,2025-03-08,177.3
2025-02-25,12,2025-03-09,176.52
2025-02-25,13,2025-03-10,178.64
2025-02-25,14,2025-03-11,177.72
2025-02-25,15,2025-03-12,177.67
2025-02-25,16,2025-03-13,179.52
2025-02-25,17,2025-03-14,182.76
2025-02-25,18,2025-03-15,184.56
2025-02-25,19,2025-03-16,183.84
2025-02-25,20,2025-03-17,185.58
2025-02-25,21,2025-03-18,186.75
2025-02-25,22,2025-03-19,186.07
2025-02-25,23,2025-03-20,189.0
2025-02-25,24,2025-03-21,188.56
2025-02-25,25,2025-03-22,186.34
2025-02-25,26,2025-03-23,191.56
2025-02-25,27,2025-03-24,188.77
2025-02-25,28,2025-03-25,185.82
2025-02-25,29,2025-03-26,186.98
2025-02-25,30,2025-03-27,185.59
2025-02-26,1,2025-02-27,190.07
2025-02-26,2,2025-02-28,184.86
2025-02-26,3,2025-03-01,176.18
2025-02-26,4,2025-03-02,171.44
2025-02-26,5,2025-03-03,161.77
2025-02-26,6,2025-03-04,169.4
2025-02-26,7,2025-03-05,170.44
2025-02-26,8,2025-03-06,170.24
2025-02-26,9,2025-03-07,172.09
2025-02-26,10,2025-03-08,171.26
2025-02-26,11,2025-03-09,172.56
2025-02-26,12,2025-03-10,176.07
2025-02-26,13,2025-03-11,174.45
2025-02-26,14,2025-03-12,178.17
2025-02-26,15,2025-03-13,179.4
2025-02-26,16,2025-03-14,182.59
2025-02-26,17,2025-03-15,183.92
2025-02-26,18,2025-03-16,184.07
2025-02-26,19,2025-03-17,183.14
2025-02-26,20,2025-03-18,184.47
2025-02-26,21,2025-03-19,185.19
2025-02-26,22,2025-03-20,185.66
2025-02-26,23,2025-03-21,186.05
2025-02-26,24,2025-03-22,185.45
2025-02-26,25,2025-03-23,185.76
2025-02-26,26,2025-03-24,185.81
2025-02-26,27,2025-03-25,184.6
2025-02-26,28,2025-03-26,184.16
2025-02-26,29,2025-03-27,184.52
2025-02-26,30,2025-03-28,183.24
2025-02-27,1,2025-02-28,183.71
2025-02-27,2,2025-03-01,174.27
2025-02-27,3,2025-03-02,169.36
2025-02-27,4,2025-03-03,163.28
2025-02-27,5,2025-03-04,161.94
2025-02-27,6,2025-03-05,162.73
2025-02-27,7,2025-03-06,162.32
2025-02-27,8,2025-03-07,167.33
2025-02-27,9,2025-03-08,169.47
2025-02-27,10,2025-03-09,172.08
2025-02-27,11,2025-03-10,176.18
2025-02-27,12,2025-03-11,176.88
2025-02-27,13,2025-03-12,175.7
2025-02-27,14,2025-03-13,180.2
2025-02-27,15,2025-03-14,181.66
2025-02-27,16,2025-03-15,182.95
2025-02-27,17,2025-03-16,183.49
2025-02-27,18,2025-03-17,183.56
2025-02-27,19,2025-03-18,183.16
2025-02-27,20,2025-03-19,183.42
2025-02-27,21,2025-03-20,184.57
2025-02-27,22,2025-03-21,183.53
2025-02-27,23,2025-03-22,183.27
2025-02-27,24,2025-03-23,185.68
2025-02-27,25,2025-03-24,180.89
2025-02-27,26,2025-03-25,181.3
2025-02-27,27,2025-03-26,183.8
2025-02-27,28,2025-03-27,178.47
2025-02-27,29,2025-03-28,182.88
2025-02-27,30,2025-03-29,180.98
2025-02-28,1,2025-03-01,163.17
2025-02-28,2,2025-03-02,160.19
2025-02-28,3,2025-03-03,156.85
2025-02-28,4,2025-03-04,156.42
2025-02-28,5,2025-03-05,157.05
2025-02-28,6,2025-03-06,158.3
2025-02-28,7,2025-03-07,158.83
2025-02-28,8,2025-03-08,162.92
2025-02-28,9,2025-03-09,166.97
2025-02-28,10,2025-03-10,173.74
2025-02-28,11,2025-03-11,176.18
2025-02-28,12,2025-03-12,176.22
2025-02-28,13,2025-03-13,177.21
2025-02-28,14,2025-03-14,182.11
2025-02-28,15,2025-03-15,183.74
2025-02-28,16,2025-03-16,181.92
2025-02-28,17,2025-03-17,185.33
2025-02-28,18,2025-03-18,182.55
2025-02-28,19,2025-03-19,181.21
2025-02-28,20,2025-03-20,181.83
2025-02-28,21,2025-03-21,181.99
2025-02-28,22,2025-03-22,180.62
2025-02-28,23,2025-03-23,181.98
2025-02-28,24,2025-03-24,179.07
2025-02-28,25,2025-03-25,176.53
2025-02-28,26,2025-03-26,177.76
2025-02-28,27,2025-03-27,177.31
2025-02-28,28,2025-03-28,174.17
2025-02-28,29,2025-03-29,176.2
2025-02-28,30,2025-03-30,175.98
2025-03-01,1,2025-03-02,157.21
2025-03-01,2,2025-03-03,149.04
2025-03-01,3,2025-03-04,156.09
2025-03-01,4,2025-03-05,150.32
2025-03-01,5,2025-03-06,152.14
2025-03-01,6,2025-03-07,156.34
2025-03-01,7,2025-03-08,159.53
2025-03-01,8,2025-03-09,166.04
2025-03-01,9,2025-03-10,169.89
2025-03-01,10,2025-03-11,171.4
2025-03-01,11,2025-03-12,176.33
2025-03-01,12,2025-03-13,178.61
2025-03-01,13,2025-03-14,179.63
2025-03-01,14,2025-03-15,184.01
2025-03-01,15,2025-03-16,183.08
2025-03-01,16,2025-03-17,183.73
2025-03-01,17,2025-03-18,182.86
2025-03-01,18,2025-03-19,181.95
2025-03-01,19,2025-03-20,181.48
2025-03-01,20,2025-03-21,182.58
2025-03-01,21,2025-03-22,180.93
2025-03-01,22,2025-03-23,182.25
2025-03-01,23,2025-03-24,177.8
2025-03-01,24,2025-03-25,176.0
2025-03-01,25,2025-03-26,173.93
2025-03-01,26,2025-03-27,173.52
2025-03-01,27,2025-03-28,175.5
2025-03-01,28,2025-03-29,173.14
2025-03-01,29,2025-03-30,170.27
2025-03-01,30,2025-03-31,172.15
2025-03-02,1,2025-03-03,156.99
2025-03-02,2,2025-03-04,159.21
2025-03-02,3,2025-03-05,158.66
2025-03-02,4,2025-03-06,155.78
2025-03-02,5,2025-03-07,159.48
2025-03-02,6,2025-03-08,157.4
2025-03-02,7,2025-03-09,161.26
2025-03-02,8,2025-03-10,170.18
2025-03-02,9,2025-03-11,169.7
2025-03-02,10,2025-03-12,175.44
2025-03-02,11,2025-03-13,178.27
2025-03-02,12,2025-03-14,180.84
2025-03-02,13,2025-03-15,181.84
2025-03-02,14,2025-03-16,182.9
2025-03-02,15,2025-03-17,183.68
2025-03-02,16,2025-03-18,179.72
2025-03-02,17,2025-03-19,180.67
2025-03-02,18,2025-03-20,180.98
2025-03-02,19,2025-03-21,179.8
2025-03-02,20,2025-03-22,179.68
2025-03-02,21,2025-03-23,182.09
2025-03-02,22,2025-03-24,177.71
2025-03-02,23,2025-03-25,174.46
2025-03-02,24,2025-03-26,172.56
2025-03-02,25,2025-03-27,171.55
2025-03-02,26,2025-03-28,172.62
2025-03-02,27,2025-03-29,172.64
2025-03-02,28,2025-03-30,170.72
2025-03-02,29,2025-03-31,169.48
2025-03-02,30,2025-04-01,169.59
2025-03-03,1,2025-03-04,154.62
2025-03-03,2,2025-03-05,151.81
2025-03-03,3,2025-03-06,156.06
2025-03-03,4,2025-03-07,157.03
2025-03-03,5,2025-03-08,163.33
2025-03-03,6,2025-03-09,164.06
2025-03-03,7,2025-03-10,169.46
2025-03-03,8,2025-03-11,170.58
2025-03-03,9,2025-03-12,170.96
2025-03-03,10,2025-03-13,178.62
2025-03-03,11,2025-03-14,180.54
2025-03-03,12,2025-03-15,183.27
2025-03-03,13,2025-03-16,183.83
2025-03-03,14,2025-03-17,184.36
2025-03-03,15,2025-03-18,181.12
2025-03-03,16,2025-03-19,178.06
2025-03-03,17,2025-03-20,181.04
2025-03-03,18,2025-03-21,181.67
2025-03-03,19,2025-03-22,178.84
2025-03-03,20,2025-03-23,181.95
2025-03-03,21,2025-03-24,177.54
2025-03-03,22,2025-03-25,174.38
2025-03-03,23,2025-03-26,172.99
2025-03-03,24,2025-03-27,171.41
2025-03-03,25,2025-03-28,173.62
2025-03-03,26,2025-03-29,171.62
2025-03-03,27,2025-03-30,172.07
2025-03-03,28,2025-03-31,170.11
2025-03-03,29,2025-04-01,167.38
2025-03-03,30,2025-04-02,169.26
2025-03-04,1,2025-03-05,166.44
2025-03-04,2,2025-03-06,167.78
2025-03-04,3,2025-03-07,171.6
2025-03-04,4,2025-03-08,173.8
2025-03-04,5,2025-03-09,179.5
2025-03-04,6,2025-03-10,178.17
2025-03-04,7,2025-03-11,174.24
2025-03-04,8,2025-03-12,171.77
2025-03-04,9,2025-03-13,176.68
2025-03-04,10,2025-03-14,181.18
2025-03-04,11,2025-03-15,182.82
2025-03-04,12,2025-03-16,182.94
2025-03-04,13,2025-03-17,185.27
2025-03-04,14,2025-03-18,179.82
2025-03-04,15,2025-03-19,177.63
2025-03-04,16,2025-03-20,178.22
2025-03-04,17,2025-03-21,181.27
2025-03-04,18,2025-03-22,179.72
2025-03-04,19,2025-03-23,181.55
2025-03-04,20,2025-03-24,178.36
2025-03-04,21,2025-03-25,176.89
2025-03-04,22,2025-03-26,174.53
2025-03-04,23,2025-03-27,172.57
2025-03-04,24,2025-03-28,172.98
2025-03-04,25,2025-03-29,173.11
2025-03-04,26,2025-03-30,172.68
2025-03-04,27,2025-03-31,174.23
2025-03-04,28,2025-04-01,171.51
2025-03-04,29,2025-04-02,169.49
2025-03-04,30,2025-04-03,169.89
2025-03-05,1,2025-03-06,164.15
2025-03-05,2,2025-03-07,164.14
2025-03-05,3,2025-03-08,168.56
2025-03-05,4,2025-03-09,170.03
2025-03-05,5,2025-03-10,178.76
2025-03-05,6,2025-03-11,172.6
2025-03-05,7,2025-03-12,171.01
2025-03-05,8,2025-03-13,172.91
2025-03-05,9,2025-03-14,178.08
2025-03-05,10,2025-03-15,180.31
2025-03-05,11,2025-03-16,183.56
2025-03-05,12,2025-03-17,184.84
2025-03-05,13,2025-03-18,182.77
2025-03-05,14,2025-03-19,180.39
2025-03-05,15,2025-03-20,179.39
2025-03-05,16,2025-03-21,180.58
2025-03-05,17,2025-03-22,180.16
2025-03-05,18,2025-03-23,182.15
2025-03-05,19,2025-03-24,175.94
2025-03-05,20,2025-03-25,175.98
2025-03-05,21,2025-03-26,174.04
2025-03-05,22,2025-03-27,170.98
2025-03-05,23,2025-03-28,171.88
2025-03-05,24,2025-03-29,171.08
2025-03-05,25,2025-03-30,170.95
2025-03-05,26,2025-03-31,173.18
2025-03-05,27,2025-04-01,172.89
2025-03-05,28,2025-04-02,169.43
2025-03-05,29,2025-04-03,168.56
2025-03-05,30,2025-04-04,169.14
2025-03-06,1,2025-03-07,160.42
2025-03-06,2,2025-03-08,162.95
2025-03-06,3,2025-03-09,166.93
2025-03-06,4,2025-03-10,167.54
2025-03-06,5,2025-03-11,169.61
2025-03-06,6,2025-03-12,165.86
2025-03-06,7,2025-03-13,170.67
2025-03-06,8,2025-03-14,175.3
2025-03-06,9,2025-03-15,179.57
2025-03-06,10,2025-03-16,179.85
2025-03-06,11,2025-03-17,183.93
2025-03-06,12,2025-03-18,182.97
2025-03-06,13,2025-03-19,180.93
2025-03-06,14,2025-03-20,180.12
2025-03-06,15,2025-03-21,179.35
2025-03-06,16,2025-03-22,177.08
2025-03-06,17,2025-03-23,182.4
2025-03-06,18,2025-03-24,176.85
2025-03-06,19,2025-03-25,173.88
2025-03-06,20,2025-03-26,172.56
2025-03-06,21,2025-03-27,169.27
2025-03-06,22,2025-03-28,168.93
2025-03-06,23,2025-03-29,169.7
2025-03-06,24,2025-03-30,170.41
2025-03-06,25,2025-03-31,169.07
2025-03-06,26,2025-04-01,170.59
2025-03-06,27,2025-04-02,168.99
2025-03-06,28,2025-04-03,167.39
2025-03-06,29,2025-04-04,167.6
2025-03-06,30,2025-04-05,168.83
2025-03-07,1,2025-03-08,151.81
2025-03-07,2,2025-03-09,151.41
2025-03-07,3,2025-03-10,159.36
2025-03-07,4,2025-03-11,161.44
2025-03-07,5,2025-03-12,166.02
2025-03-07,6,2025-03-13,167.79
2025-03-07,7,2025-03-14,174.54
2025-03-07,8,2025-03-15,179.39
2025-03-07,9,2025-03-16,180.17
2025-03-07,10,2025-03-17,183.49
2025-03-07,11,2025-03-18,181.91
2025-03-07,12,2025-03-19,180.67
2025-03-07,13,2025-03-20,180.64
2025-03-07,14,2025-03-21,181.13
2025-03-07,15,2025-03-22,177.84
2025-03-07,16,2025-03-23,180.78
2025-03-07,17,2025-03-24,176.69
2025-03-07,18,2025-03-25,174.34
2025-03-07,19,2025-03-26,172.31
2025-03-07,20,2025-03-27,168.66
2025-03-07,21,2025-03-28,167.46
2025-03-07,22,2025-03-29,167.44
2025-03-07,23,2025-03-30,167.72
2025-03-07,24,2025-03-31,167.48
2025-03-07,25,2025-04-01,164.61
2025-03-07,26,2025-04-02,164.99
2025-03-07,27,2025-04-03,166.32
2025-03-07,28,2025-04-04,165.12
2025-03-07,29,2025-04-05,166.01
2025-03-07,30,2025-04-06,168.78
2025-03-08,1,2025-03-09,149.45
2025-03-08,2,2025-03-10,150.81
2025-03-08,3,2025-03-11,156.45
2025-03-08,4,2025-03-12,158.79
2025-03-08,5,2025-03-13,167.36
2025-03-08,6,2025-03-14,173.89
2025-03-08,7,2025-03-15,178.51
2025-03-08,8,2025-03-16,179.94
2025-03-08,9,2025-03-17,180.07
2025-03-08,10,2025-03-18,181.53
2025-03-08,11,2025-03-19,182.63
2025-03-08,12,2025-03-20,182.13
2025-03-08,13,2025-03-21,182.02
2025-03-08,14,2025-03-22,179.0
2025-03-08,15,2025-03-23,179.83
2025-03-08,16,2025-03-24,174.37
2025-03-08,17,2025-03-25,173.12
2025-03-08,18,2025-03-26,171.47
2025-03-08,19,2025-03-27,166.52
2025-03-08,20,2025-03-28,166.18
2025-03-08,21,2025-03-29,166.27
2025-03-08,22,2025-03-30,167.53
2025-03-08,23,2025-03-31,166.33
2025-03-08,24,2025-04-01,164.81
2025-03-08,25,2025-04-02,161.61
2025-03-08,26,2025-04-03,163.33
2025-03-08,27,2025-04-04,164.66
2025-03-08,28,2025-04-05,165.44
2025-03-08,29,2025-04-06,167.33
2025-03-08,30,2025-04-07,168.23
2025-03-09,1,2025-03-10,150.38
2025-03-09,2,2025-03-11,150.01
2025-03-09,3,2025-03-12,152.47
2025-03-09,4,2025-03-13,156.45
2025-03-09,5,2025-03-14,166.38
2025-03-09,6,2025-03-15,173.94
2025-03-09,7,2025-03-16,178.28
2025-03-09,8,2025-03-17,179.71
2025-03-09,9,2025-03-18,180.9
2025-03-09,10,2025-03-19,181.29
2025-03-09,11,2025-03-20,181.1
2025-03-09,12,2025-03-21,182.83
2025-03-09,13,2025-03-22,179.27
2025-03-09,14,2025-03-23,181.47
2025-03-09,15,2025-03-24,173.54
2025-03-09,16,2025-03-25,171.17
2025-03-09,17,2025-03-26,170.58
2025-03-09,18,2025-03-27,167.02
2025-03-09,19,2025-03-28,164.69
2025-03-09,20,2025-03-29,167.17
2025-03-09,21,2025-03-30,166.03
2025-03-09,22,2025-03-31,167.34
2025-03-09,23,2025-04-01,164.62
2025-03-09,24,2025-04-02,162.43
2025-03-09,25,2025-04-03,161.96
2025-03-09,26,2025-04-04,163.5
2025-03-09,27,2025-04-05,164.37
2025-03-09,28,2025-04-06,164.21
2025-03-09,29,2025-04-07,168.46
2025-03-09,30,2025-04-08,167.31
2025-03-10,1,2025-03-11,151.85
2025-03-10,2,2025-03-12,149.69
2025-03-10,3,2025-03-13,154.95
2025-03-10,4,2025-03-14,163.01
2025-03-10,5,2025-03-15,174.7
2025-03-10,6,2025-03-16,180.77
2025-03-10,7,2025-03-17,183.49
2025-03-10,8,2025-03-18,182.21
2025-03-10,9,2025-03-19,182.56
2025-03-10,10,2025-03-20,181.06
2025-03-10,11,2025-03-21,182.93
2025-03-10,12,2025-03-22,180.49
2025-03-10,13,2025-03-23,181.78
2025-03-10,14,2025-03-24,176.36
2025-03-10,15,2025-03-25,171.13
2025-03-10,16,2025-03-26,170.05
2025-03-10,17,2025-03-27,168.72
2025-03-10,18,2025-03-28,166.62
2025-03-10,19,2025-03-29,166.96
2025-03-10,20,2025-03-30,166.84
2025-03-10,21,2025-03-31,167.15
2025-03-10,22,2025-04-01,166.29
2025-03-10,23,2025-04-02,163.09
2025-03-10,24,2025-04-03,161.28
2025-03-10,25,2025-04-04,160.56
2025-03-10,26,2025-04-05,162.63
2025-03-10,27,2025-04-06,163.86
2025-03-10,28,2025-04-07,162.92
2025-03-10,29,2025-04-08,167.72
2025-03-10,30,2025-04-09,166.95
2025-03-11,1,2025-03-12,156.56
2025-03-11,2,2025-03-13,161.72
2025-03-11,3,2025-03-14,170.44
2025-03-11,4,2025-03-15,171.12
2025-03-11,5,2025-03-16,180.0
2025-03-11,6,2025-03-17,179.61
2025-03-11,7,2025-03-18,179.77
2025-03-11,8,2025-03-19,181.95
2025-03-11,9,2025-03-20,179.3
2025-03-11,10,2025-03-21,180.8
2025-03-11,11,2025-03-22,179.61
2025-03-11,12,2025-03-23,181.3
2025-03-11,13,2025-03-24,176.07
2025-03-11,14,2025-03-25,173.95
2025-03-11,15,2025-03-26,170.83
2025-03-11,16,2025-03-27,165.47
2025-03-11,17,2025-03-28,167.46
2025-03-11,18,2025-03-29,165.3
2025-03-11,19,2025-03-30,165.92
2025-03-11,20,2025-03-31,168.36
2025-03-11,21,2025-04-01,164.24
2025-03-11,22,2025-04-02,164.33
2025-03-11,23,2025-04-03,163.46
2025-03-11,24,2025-04-04,161.63
2025-03-11,25,2025-04-05,160.9
2025-03-11,26,2025-04-06,163.34
2025-03-11,27,2025-04-07,166.31
2025-03-11,28,2025-04-08,163.88
2025-03-11,29,2025-04-09,168.31
2025-03-11,30,2025-04-10,169.92
2025-03-12,1,2025-03-13,170.03
2025-03-12,2,2025-03-14,174.58
2025-03-12,3,2025-03-15,181.52
2025-03-12,4,2025-03-16,183.93
2025-03-12,5,2025-03-17,185.95
2025-03-12,6,2025-03-18,184.67
2025-03-12,7,2025-03-19,181.62
2025-03-12,8,2025-03-20,182.47
2025-03-12,9,2025-03-21,180.48
2025-03-12,10,2025-03-22,177.82
2025-03-12,11,2025-03-23,180.73
2025-03-12,12,2025-03-24,177.11
2025-03-12,13,2025-03-25,174.51
2025-03-12,14,2025-03-26,173.16
2025-03-12,15,2025-03-27,168.8
2025-03-12,16,2025-03-28,165.47
2025-03-12,17,2025-03-29,167.58
2025-03-12,18,2025-03-30,166.34
2025-03-12,19,2025-03-31,167.68
2025-03-12,20,2025-04-01,166.72
2025-03-12,21,2025-04-02,165.07
2025-03-12,22,2025-04-03,164.14
2025-03-12,23,2025-04-04,164.09
2025-03-12,24,2025-04-05,165.23
2025-03-12,25,2025-04-06,166.04
2025-03-12,26,2025-04-07,168.62
2025-03-12,27,2025-04-08,172.95
2025-03-12,28,2025-04-09,172.58
2025-03-12,29,2025-04-10,172.44
2025-03-12,30,2025-04-11,170.92
2025-03-13,1,2025-03-14,171.4
2025-03-13,2,2025-03-15,174.94
2025-03-13,3,2025-03-16,179.97
2025-03-13,4,2025-03-17,180.41
2025-03-13,5,2025-03-18,179.7
2025-03-13,6,2025-03-19,179.29
2025-03-13,7,2025-03-20,177.89
2025-03-13,8,2025-03-21,180.47
2025-03-13,9,2025-03-22,178.99
2025-03-13,10,2025-03-23,181.68
2025-03-13,11,2025-03-24,175.52
2025-03-13,12,2025-03-25,174.22
2025-03-13,13,2025-03-26,172.98
2025-03-13,14,2025-03-27,167.68
2025-03-13,15,2025-03-28,167.95
2025-03-13,16,2025-03-29,166.5
2025-03-13,17,2025-03-30,167.34
2025-03-13,18,2025-03-31,168.58
2025-03-13,19,2025-04-01,166.46
2025-03-13,20,2025-04-02,164.51
2025-03-13,21,2025-04-03,163.76
2025-03-13,22,2025-04-04,162.92
2025-03-13,23,2025-04-05,164.57
2025-03-13,24,2025-04-06,166.77
2025-03-13,25,2025-04-07,169.72
2025-03-13,26,2025-04-08,170.79
2025-03-13,27,2025-04-09,174.01
2025-03-13,28,2025-04-10,172.59
2025-03-13,29,2025-04-11,172.23
2025-03-13,30,2025-04-12,170.69
2025-03-14,1,2025-03-15,180.8
2025-03-14,2,2025-03-16,183.03
2025-03-14,3,2025-03-17,186.8
2025-03-14,4,2025-03-18,184.03
2025-03-14,5,2025-03-19,185.45
2025-03-14,6,2025-03-20,177.91
2025-03-14,7,2025-03-21,177.51
2025-03-14,8,2025-03-22,177.91
2025-03-14,9,2025-03-23,178.4
2025-03-14,10,2025-03-24,175.54
2025-03-14,11,2025-03-25,173.54
2025-03-14,12,2025-03-26,173.03
2025-03-14,13,2025-03-27,168.68
2025-03-14,14,2025-03-28,168.13
2025-03-14,15,2025-03-29,168.41
2025-03-14,16,2025-03-30,165.73
2025-03-14,17,2025-03-31,168.48
2025-03-14,18,2025-04-01,166.9
2025-03-14,19,2025-04-02,164.67
2025-03-14,20,2025-04-03,163.29
2025-03-14,21,2025-04-04,164.06
2025-03-14,22,2025-04-05,164.75
2025-03-14,23,2025-04-06,167.98
2025-03-14,24,2025-04-07,170.98
2025-03-14,25,2025-04-08,174.16
2025-03-14,26,2025-04-09,174.39
2025-03-14,27,2025-04-10,179.09
2025-03-14,28,2025-04-11,177.02
2025-03-14,29,2025-04-12,178.17
2025-03-14,30,2025-04-13,179.07
2025-03-15,1,2025-03-16,187.47
2025-03-15,2,2025-03-17,187.18
2025-03-15,3,2025-03-18,189.25
2025-03-15,4,2025-03-19,187.85
2025-03-15,5,2025-03-20,182.95
2025-03-15,6,2025-03-21,184.97
2025-03-15,7,2025-03-22,181.45
2025-03-15,8,2025-03-23,178.92
2025-03-15,9,2025-03-24,177.78
2025-03-15,10,2025-03-25,175.38
2025-03-15,11,2025-03-26,173.42
2025-03-15,12,2025-03-27,168.57
2025-03-15,13,2025-03-28,168.29
2025-03-15,14,2025-03-29,170.81
2025-03-15,15,2025-03-30,167.67
2025-03-15,16,2025-03-31,167.26
2025-03-15,17,2025-04-01,167.18
2025-03-15,18,2025-04-02,166.45
2025-03-15,19,2025-04-03,163.15
2025-03-15,20,2025-04-04,163.49
2025-03-15,21,2025-04-05,165.61
2025-03-15,22,2025-04-06,167.56
2025-03-15,23,2025-04-07,171.99
2025-03-15,24,2025-04-08,174.09
2025-03-15,25,2025-04-09,175.28
2025-03-15,26,2025-04-10,177.28
2025-03-15,27,2025-04-11,178.49
2025-03-15,28,2025-04-12,177.43
2025-03-15,29,2025-04-13,178.67
2025-03-15,30,2025-04-14,177.76
2025-03-16,1,2025-03-17,182.92
2025-03-16,2,2025-03-18,182.16
2025-03-16,3,2025-03-19,182.37
2025-03-16,4,2025-03-20,178.07
2025-03-16,5,2025-03-21,176.7
2025-03-16,6,2025-03-22,173.93
2025-03-16,7,2025-03-23,171.69
2025-03-16,8,2025-03-24,169.21
2025-03-16,9,2025-03-25,171.54
2025-03-16,10,2025-03-26,173.21
2025-03-16,11,2025-03-27,168.96
2025-03-16,12,2025-03-28,166.65
2025-03-16,13,2025-03-29,168.5
2025-03-16,14,2025-03-30,170.35
2025-03-16,15,2025-03-31,168.7
2025-03-16,16,2025-04-01,166.7
2025-03-16,17,2025-04-02,165.9
2025-03-16,18,2025-04-03,164.44
2025-03-16,19,2025-04-04,161.21
2025-03-16,20,2025-04-05,165.2
2025-03-16,21,2025-04-06,167.32
2025-03-16,22,2025-04-07,169.8
2025-03-16,23,2025-04-08,172.64
2025-03-16,24,2025-04-09,176.08
2025-03-16,25,2025-04-10,176.71
2025-03-16,26,2025-04-11,177.23
2025-03-16,27,2025-04-12,179.11
2025-03-16,28,2025-04-13,178.03
2025-03-16,29,2025-04-14,181.82
2025-03-16,30,2025-04-15,177.03
2025-03-17,1,2025-03-18,188.89
2025-03-17,2,2025-03-19,188.54
2025-03-17,3,2025-03-20,189.54
2025-03-17,4,2025-03-21,184.23
2025-03-17,5,2025-03-22,177.62
2025-03-17,6,2025-03-23,175.76
2025-03-17,7,2025-03-24,166.06
2025-03-17,8,2025-03-25,166.0
2025-03-17,9,2025-03-26,169.4
2025-03-17,10,2025-03-27,167.64
2025-03-17,11,2025-03-28,169.02
2025-03-17,12,2025-03-29,167.85
2025-03-17,13,2025-03-30,169.83
2025-03-17,14,2025-03-31,171.81
2025-03-17,15,2025-04-01,167.21
2025-03-17,16,2025-04-02,165.37
2025-03-17,17,2025-04-03,165.37
2025-03-17,18,2025-04-04,165.4
2025-03-17,19,2025-04-05,164.24
2025-03-17,20,2025-04-06,167.4
2025-03-17,21,2025-04-07,169.56
2025-03-17,22,2025-04-08,172.46
2025-03-17,23,2025-04-09,175.48
2025-03-17,24,2025-04-10,177.6
2025-03-17,25,2025-04-11,177.91
2025-03-17,26,2025-04-12,176.7
2025-03-17,27,2025-04-13,180.33
2025-03-17,28,2025-04-14,180.07
2025-03-17,29,2025-04-15,180.57
2025-03-17,30,2025-04-16,178.63
2025-03-18,1,2025-03-19,203.19
2025-03-18,2,2025-03-20,197.83
2025-03-18,3,2025-03-21,194.22
2025-03-18,4,2025-03-22,187.81
2025-03-18,5,2025-03-23,183.1
2025-03-18,6,2025-03-24,169.76
2025-03-18,7,2025-03-25,163.47
2025-03-18,8,2025-03-26,162.5
2025-03-18,9,2025-03-27,168.73
2025-03-18,10,2025-03-28,168.74
2025-03-18,11,2025-03-29,172.67
2025-03-18,12,2025-03-30,169.54
2025-03-18,13,2025-03-31,169.18
2025-03-18,14,2025-04-01,168.94
2025-03-18,15,2025-04-02,165.81
2025-03-18,16,2025-04-03,162.95
2025-03-18,17,2025-04-04,164.31
2025-03-18,18,2025-04-05,167.64
2025-03-18,19,2025-04-06,166.29
2025-03-18,20,2025-04-07,171.49
2025-03-18,21,2025-04-08,173.19
2025-03-18,22,2025-04-09,175.63
2025-03-18,23,2025-04-10,178.43
2025-03-18,24,2025-04-11,179.71
2025-03-18,25,2025-04-12,179.47
2025-03-18,26,2025-04-13,179.18
2025-03-18,27,2025-04-14,182.58
2025-03-18,28,2025-04-15,179.0
2025-03-18,29,2025-04-16,180.64
2025-03-18,30,2025-04-17,178.39
2025-03-19,1,2025-03-20,184.45
2025-03-19,2,2025-03-21,179.99
2025-03-19,3,2025-03-22,177.81
2025-03-19,4,2025-03-23,169.75
2025-03-19,5,2025-03-24,162.28
2025-03-19,6,2025-03-25,157.39
2025-03-19,7,2025-03-26,157.38
2025-03-19,8,2025-03-27,155.76
2025-03-19,9,2025-03-28,162.45
2025-03-19,10,2025-03-29,166.88
2025-03-19,11,2025-03-30,167.95
2025-03-19,12,2025-03-31,167.32
2025-03-19,13,2025-04-01,166.38
2025-03-19,14,2025-04-02,166.7
2025-03-19,15,2025-04-03,163.18
2025-03-19,16,2025-04-04,162.31
2025-03-19,17,2025-04-05,167.56
2025-03-19,18,2025-04-06,167.7
2025-03-19,19,2025-04-07,167.68
2025-03-19,20,2025-04-08,171.83
2025-03-19,21,2025-04-09,174.04
2025-03-19,22,2025-04-10,175.76
2025-03-19,23,2025-04-11,176.04
2025-03-19,24,2025-04-12,176.22
2025-03-19,25,2025-04-13,175.57
2025-03-19,26,2025-04-14,179.9
2025-03-19,27,2025-04-15,177.65
2025-03-19,28,2025-04-16,177.49
2025-03-19,29,2025-04-17,180.0
2025-03-19,30,2025-04-18,176.5
2025-03-20,1,2025-03-21,177.97
2025-03-20,2,2025-03-22,173.72
2025-03-20,3,2025-03-23,172.26
2025-03-20,4,2025-03-24,162.08
2025-03-20,5,2025-03-25,157.9
2025-03-20,6,2025-03-26,156.13
2025-03-20,7,2025-03-27,156.15
2025-03-20,8,2025-03-28,157.27
2025-03-20,9,2025-03-29,165.95
2025-03-20,10,2025-03-30,166.48
2025-03-20,11,2025-03-31,167.72
2025-03-20,12,2025-04-01,167.28
2025-03-20,13,2025-04-02,165.45
2025-03-20,14,2025-04-03,166.46
2025-03-20,15,2025-04-04,163.97
2025-03-20,16,2025-04-05,166.5
2025-03-20,17,2025-04-06,166.99
2025-03-20,18,2025-04-07,169.74
2025-03-20,19,2025-04-08,169.83
2025-03-20,20,2025-04-09,172.97
2025-03-20,21,2025-04-10,174.44
2025-03-20,22,2025-04-11,175.52
2025-03-20,23,2025-04-12,174.19
2025-03-20,24,2025-04-13,176.92
2025-03-20,25,2025-04-14,176.34
2025-03-20,26,2025-04-15,176.55
2025-03-20,27,2025-04-16,179.04
2025-03-20,28,2025-04-17,179.15
2025-03-20,29,2025-04-18,180.8
2025-03-20,30,2025-04-19,174.63
2025-03-21,1,2025-03-22,170.22
2025-03-21,2,2025-03-23,165.49
2025-03-21,3,2025-03-24,160.52
2025-03-21,4,2025-03-25,154.37
2025-03-21,5,2025-03-26,153.79
2025-03-21,6,2025-03-27,149.95
2025-03-21,7,2025-03-28,153.86
2025-03-21,8,2025-03-29,160.3
2025-03-21,9,2025-03-30,165.16
2025-03-21,10,2025-03-31,165.23
2025-03-21,11,2025-04-01,167.2
2025-03-21,12,2025-04-02,165.72
2025-03-21,13,2025-04-03,165.41
2025-03-21,14,2025-04-04,164.58
2025-03-21,15,2025-04-05,166.98
2025-03-21,16,2025-04-06,166.06
2025-03-21,17,2025-04-07,167.15
2025-03-21,18,2025-04-08,170.06
2025-03-21,19,2025-04-09,171.08
2025-03-21,20,2025-04-10,173.7
2025-03-21,21,2025-04-11,174.36
2025-03-21,22,2025-04-12,173.3
2025-03-21,23,2025-04-13,174.22
2025-03-21,24,2025-04-14,177.71
2025-03-21,25,2025-04-15,173.56
2025-03-21,26,2025-04-16,175.31
2025-03-21,27,2025-04-17,176.8
2025-03-21,28,2025-04-18,175.03
2025-03-21,29,2025-04-19,178.19
2025-03-21,30,2025-04-20,170.39
2025-03-22,1,2025-03-23,168.09
2025-03-22,2,2025-03-24,163.86
2025-03-22,3,2025-03-25,160.14
2025-03-22,4,2025-03-26,157.43
2025-03-22,5,2025-03-27,153.66
2025-03-22,6,2025-03-28,155.08
2025-03-22,7,2025-03-29,157.17
2025-03-22,8,2025-03-30,160.24
2025-03-22,9,2025-03-31,164.29
2025-03-22,10,2025-04-01,164.94
2025-03-22,11,2025-04-02,166.19
2025-03-22,12,2025-04-03,164.36
2025-03-22,13,2025-04-04,164.83
2025-03-22,14,2025-04-05,168.72
2025-03-22,15,2025-04-06,166.11
2025-03-22,16,2025-04-07,165.1
2025-03-22,17,2025-04-08,170.29
2025-03-22,18,2025-04-09,170.83
2025-03-22,19,2025-04-10,172.19
2025-03-22,20,2025-04-11,173.08
2025-03-22,21,2025-04-12,171.79
2025-03-22,22,2025-04-13,174.01
2025-03-22,23,2025-04-14,175.19
2025-03-22,24,2025-04-15,174.49
2025-03-22,25,2025-04-16,174.39
2025-03-22,26,2025-04-17,174.57
2025-03-22,27,2025-04-18,174.06
2025-03-22,28,2025-04-19,170.55
2025-03-22,29,2025-04-20,169.48
2025-03-22,30,2025-04-21,167.53
2025-03-23,1,2025-03-24,168.95
2025-03-23,2,2025-03-25,169.35
2025-03-23,3,2025-03-26,160.07
2025-03-23,4,2025-03-27,157.05
2025-03-23,5,2025-03-28,154.93
2025-03-23,6,2025-03-29,156.0
2025-03-23,7,2025-03-30,156.9
2025-03-23,8,2025-03-31,160.47
2025-03-23,9,2025-04-01,162.11
2025-03-23,10,2025-04-02,164.15
2025-03-23,11,2025-04-03,164.77
2025-03-23,12,2025-04-04,162.94
2025-03-23,13,2025-04-05,167.51
2025-03-23,14,2025-04-06,165.58
2025-03-23,15,2025-04-07,165.95
2025-03-23,16,2025-04-08,168.87
2025-03-23,17,2025-04-09,171.98
2025-03-23,18,2025-04-10,172.69
2025-03-23,19,2025-04-11,173.87
2025-03-23,20,2025-04-12,174.59
2025-03-23,21,2025-04-13,174.34
2025-03-23,22,2025-04-14,175.63
2025-03-23,23,2025-04-15,175.57
2025-03-23,24,2025-04-16,178.39
2025-03-23,25,2025-04-17,175.92
2025-03-23,26,2025-04-18,174.12
2025-03-23,27,2025-04-19,174.68
2025-03-23,28,2025-04-20,172.88
2025-03-23,29,2025-04-21,173.55
2025-03-23,30,2025-04-22,169.75
2025-03-24,1,2025-03-25,158.59
2025-03-24,2,2025-03-26,151.28
2025-03-24,3,2025-03-27,149.04
2025-03-24,4,2025-03-28,149.24
2025-03-24,5,2025-03-29,152.92
2025-03-24,6,2025-03-30,156.29
2025-03-24,7,2025-03-31,156.87
2025-03-24,8,2025-04-01,161.41
2025-03-24,9,2025-04-02,163.67
2025-03-24,10,2025-04-03,163.95
2025-03-24,11,2025-04-04,163.07
2025-03-24,12,2025-04-05,166.02
2025-03-24,13,2025-04-06,166.7
2025-03-24,14,2025-04-07,166.52
2025-03-24,15,2025-04-08,169.1
2025-03-24,16,2025-04-09,170.69
2025-03-24,17,2025-04-10,173.56
2025-03-24,18,2025-04-11,175.09
2025-03-24,19,2025-04-12,173.06
2025-03-24,20,2025-04-13,175.12
2025-03-24,21,2025-04-14,174.95
2025-03-24,22,2025-04-15,173.27
2025-03-24,23,2025-04-16,175.58
2025-03-24,24,2025-04-17,177.13
2025-03-24,25,2025-04-18,173.92
2025-03-24,26,2025-04-19,171.31
2025-03-24,27,2025-04-20,171.44
2025-03-24,28,2025-04-21,168.64
2025-03-24,29,2025-04-22,171.36
2025-03-24,30,2025-04-23,166.62
2025-03-25,1,2025-03-26,148.03
2025-03-25,2,2025-03-27,144.77
2025-03-25,3,2025-03-28,143.72
2025-03-25,4,2025-03-29,145.94
2025-03-25,5,2025-03-30,142.98
2025-03-25,6,2025-03-31,149.74
2025-03-25,7,2025-04-01,153.71
2025-03-25,8,2025-04-02,162.31
2025-03-25,9,2025-04-03,162.74
2025-03-25,10,2025-04-04,162.14
2025-03-25,11,2025-04-05,165.73
2025-03-25,12,2025-04-06,165.22
2025-03-25,13,2025-04-07,165.98
2025-03-25,14,2025-04-08,170.1
2025-03-25,15,2025-04-09,169.02
2025-03-25,16,2025-04-10,172.25
2025-03-25,17,2025-04-11,174.93
2025-03-25,18,2025-04-12,174.01
2025-03-25,19,2025-04-13,173.94
2025-03-25,20,2025-04-14,176.7
2025-03-25,21,2025-04-15,173.81
2025-03-25,22,2025-04-16,173.57
2025-03-25,23,2025-04-17,172.78
2025-03-25,24,2025-04-18,173.45
2025-03-25,25,2025-04-19,169.69
2025-03-25,26,2025-04-20,166.37
2025-03-25,27,2025-04-21,164.4
2025-03-25,28,2025-04-22,162.59
2025-03-25,29,2025-04-23,160.81
2025-03-25,30,2025-04-24,160.96
2025-03-26,1,2025-03-27,145.33
2025-03-26,2,2025-03-28,144.45
2025-03-26,3,2025-03-29,141.06
2025-03-26,4,2025-03-30,142.15
2025-03-26,5,2025-03-31,139.66
2025-03-26,6,2025-04-01,151.25
2025-03-26,7,2025-04-02,157.93
2025-03-26,8,2025-04-03,163.53
2025-03-26,9,2025-04-04,161.66
2025-03-26,10,2025-04-05,166.62
2025-03-26,11,2025-04-06,166.38
2025-03-26,12,2025-04-07,167.3
2025-03-26,13,2025-04-08,170.29
2025-03-26,14,2025-04-09,171.88
2025-03-26,15,2025-04-10,171.25
2025-03-26,16,2025-04-11,173.5
2025-03-26,17,2025-04-12,174.45
2025-03-26,18,2025-04-13,173.19
2025-03-26,19,2025-04-14,175.56
2025-03-26,20,2025-04-15,173.47
2025-03-26,21,2025-04-16,173.12
2025-03-26,22,2025-04-17,172.85
2025-03-26,23,2025-04-18,171.25
2025-03-26,24,2025-04-19,171.32
2025-03-26,25,2025-04-20,167.49
2025-03-26,26,2025-04-21,163.94
2025-03-26,27,2025-04-22,163.39
2025-03-26,28,2025-04-23,160.36
2025-03-26,29,2025-04-24,160.48
2025-03-26,30,2025-04-25,161.18
2025-03-27,1,2025-03-28,150.54
2025-03-27,2,2025-03-29,147.4
2025-03-27,3,2025-03-30,144.77
2025-03-27,4,2025-03-31,147.55
2025-03-27,5,2025-04-01,150.75
2025-03-27,6,2025-04-02,157.38
2025-03-27,7,2025-04-03,162.0
2025-03-27,8,2025-04-04,161.11
2025-03-27,9,2025-04-05,163.95
2025-03-27,10,2025-04-06,165.38
2025-03-27,11,2025-04-07,166.68
2025-03-27,12,2025-04-08,170.73
2025-03-27,13,2025-04-09,170.95
2025-03-27,14,2025-04-10,174.07
2025-03-27,15,2025-04-11,172.52
2025-03-27,16,2025-04-12,172.67
2025-03-27,17,2025-04-13,174.56
2025-03-27,18,2025-04-14,173.36
2025-03-27,19,2025-04-15,171.08
2025-03-27,20,2025-04-16,171.82
2025-03-27,21,2025-04-17,170.27
2025-03-27,22,2025-04-18,170.47
2025-03-27,23,2025-04-19,167.9
2025-03-27,24,2025-04-20,166.29
2025-03-27,25,2025-04-21,160.92
2025-03-27,26,2025-04-22,160.65
2025-03-27,27,2025-04-23,160.04
2025-03-27,28,2025-04-24,159.76
2025-03-27,29,2025-04-25,160.36
2025-03-27,30,2025-04-26,160.92
2025-03-28,1,2025-03-29,151.91
2025-03-28,2,2025-03-30,151.48
2025-03-28,3,2025-03-31,151.47
2025-03-28,4,2025-04-01,157.43
2025-03-28,5,2025-04-02,164.01
2025-03-28,6,2025-04-03,167.8
2025-03-28,7,2025-04-04,170.39
2025-03-28,8,2025-04-05,175.04
2025-03-28,9,2025-04-06,165.72
2025-03-28,10,2025-04-07,166.49
2025-03-28,11,2025-04-08,169.44
2025-03-28,12,2025-04-09,172.56
2025-03-28,13,2025-04-10,173.85
2025-03-28,14,2025-04-11,175.24
2025-03-28,15,2025-04-12,173.66
2025-03-28,16,2025-04-13,173.78
2025-03-28,17,2025-04-14,174.7
2025-03-28,18,2025-04-15,171.44
2025-03-28,19,2025-04-16,170.0
2025-03-28,20,2025-04-17,168.83
2025-03-28,21,2025-04-18,169.49
2025-03-28,22,2025-04-19,168.71
2025-03-28,23,2025-04-20,164.93
2025-03-28,24,2025-04-21,163.51
2025-03-28,25,2025-04-22,159.61
2025-03-28,26,2025-04-23,160.17
2025-03-28,27,2025-04-24,160.51
2025-03-28,28,2025-04-25,159.98
2025-03-28,29,2025-04-26,162.4
2025-03-28,30,2025-04-27,162.11
2025-03-29,1,2025-03-30,162.19
2025-03-29,2,2025-03-31,163.13
2025-03-29,3,2025-04-01,167.77
2025-03-29,4,2025-04-02,175.13
2025-03-29,5,2025-04-03,179.79
2025-03-29,6,2025-04-04,177.29
2025-03-29,7,2025-04-05,185.33
2025-03-29,8,2025-04-06,176.95
2025-03-29,9,2025-04-07,169.79
2025-03-29,10,2025-04-08,171.19
2025-03-29,11,2025-04-09,172.6
2025-03-29,12,2025-04-10,174.31
2025-03-29,13,2025-04-11,175.37
2025-03-29,14,2025-04-12,175.48
2025-03-29,15,2025-04-13,173.44
2025-03-29,16,2025-04-14,173.95
2025-03-29,17,2025-04-15,171.45
2025-03-29,18,2025-04-16,172.67
2025-03-29,19,2025-04-17,168.14
2025-03-29,20,2025-04-18,168.28
2025-03-29,21,2025-04-19,169.39
2025-03-29,22,2025-04-20,167.15
2025-03-29,23,2025-04-21,164.55
2025-03-29,24,2025-04-22,163.51
2025-03-29,25,2025-04-23,163.92
2025-03-29,26,2025-04-24,165.12
2025-03-29,27,2025-04-25,167.05
2025-03-29,28,2025-04-26,167.94
2025-03-29,29,2025-04-27,168.93
2025-03-29,30,2025-04-28,167.12
2025-03-30,1,2025-03-31,163.48
2025-03-30,2,2025-04-01,168.83
2025-03-30,3,2025-04-02,178.53
2025-03-30,4,2025-04-03,183.06
2025-03-30,5,2025-04-04,182.98
2025-03-30,6,2025-04-05,184.54
2025-03-30,7,2025-04-06,182.03
2025-03-30,8,2025-04-07,175.08
2025-03-30,9,2025-04-08,174.12
2025-03-30,10,2025-04-09,175.15
2025-03-30,11,2025-04-10,176.57
2025-03-30,12,2025-04-11,176.87
2025-03-30,13,2025-04-12,175.87
2025-03-30,14,2025-04-13,176.58
2025-03-30,15,2025-04-14,174.25
2025-03-30,16,2025-04-15,171.28
2025-03-30,17,2025-04-16,171.96
2025-03-30,18,2025-04-17,170.45
2025-03-30,19,2025-04-18,166.45
2025-03-30,20,2025-04-19,169.08
2025-03-30,21,2025-04-20,167.77
2025-03-30,22,2025-04-21,166.29
2025-03-30,23,2025-04-22,163.55
2025-03-30,24,2025-04-23,165.69
2025-03-30,25,2025-04-24,164.23
2025-03-30,26,2025-04-25,166.38
2025-03-30,27,2025-04-26,164.6
2025-03-30,28,2025-04-27,164.22
2025-03-30,29,2025-04-28,167.49
2025-03-30,30,2025-04-29,166.27
2025-03-31,1,2025-04-01,177.67
2025-03-31,2,2025-04-02,182.98
2025-03-31,3,2025-04-03,192.42
2025-03-31,4,2025-04-04,190.92
2025-03-31,5,2025-04-05,200.29
2025-03-31,6,2025-04-06,191.82
2025-03-31,7,2025-04-07,188.91
2025-03-31,8,2025-04-08,185.33
2025-03-31,9,2025-04-09,182.1
2025-03-31,10,2025-04-10,180.13
2025-03-31,11,2025-04-11,179.69
2025-03-31,12,2025-04-12,176.43
2025-03-31,13,2025-04-13,176.21
2025-03-31,14,2025-04-14,174.76
2025-03-31,15,2025-04-15,173.19
2025-03-31,16,2025-04-16,173.5
2025-03-31,17,2025-04-17,170.01
2025-03-31,18,2025-04-18,170.1
2025-03-31,19,2025-04-19,168.57
2025-03-31,20,2025-04-20,168.22
2025-03-31,21,2025-04-21,165.9
2025-03-31,22,2025-04-22,166.71
2025-03-31,23,2025-04-23,166.91
2025-03-31,24,2025-04-24,169.05
2025-03-31,25,2025-04-25,169.98
2025-03-31,26,2025-04-26,169.43
2025-03-31,27,2025-04-27,171.94
2025-03-31,28,2025-04-28,172.4
2025-03-31,29,2025-04-29,173.94
2025-03-31,30,2025-04-30,168.91
2025-04-01,1,2025-04-02,178.94
2025-04-01,2,2025-04-03,182.66
2025-04-01,3,2025-04-04,182.93
2025-04-01,4,2025-04-05,186.47
2025-04-01,5,2025-04-06,191.39
2025-04-01,6,2025-04-07,189.29
2025-04-01,7,2025-04-08,188.63
2025-04-01,8,2025-04-09,187.41
2025-04-01,9,2025-04-10,183.2
2025-04-01,10,2025-04-11,180.62
2025-04-01,11,2025-04-12,179.84
2025-04-01,12,2025-04-13,177.89
2025-04-01,13,2025-04-14,176.92
2025-04-01,14,2025-04-15,174.06
2025-04-01,15,2025-04-16,173.13
2025-04-01,16,2025-04-17,170.83
2025-04-01,17,2025-04-18,169.19
2025-04-01,18,2025-04-19,170.78
2025-04-01,19,2025-04-20,169.41
2025-04-01,20,2025-04-21,167.29
2025-04-01,21,2025-04-22,166.07
2025-04-01,22,2025-04-23,167.02
2025-04-01,23,2025-04-24,169.81
2025-04-01,24,2025-04-25,170.81
2025-04-01,25,2025-04-26,169.03
2025-04-01,26,2025-04-27,171.25
2025-04-01,27,2025-04-28,174.53
2025-04-01,28,2025-04-29,173.63
2025-04-01,29,2025-04-30,172.54
2025-04-01,30,2025-05-01,168.14
2025-04-02,1,2025-04-03,184.31
2025-04-02,2,2025-04-04,180.96
2025-04-02,3,2025-04-05,183.93
2025-04-02,4,2025-04-06,181.42
2025-04-02,5,2025-04-07,183.24
2025-04-02,6,2025-04-08,179.24
2025-04-02,7,2025-04-09,180.81
2025-04-02,8,2025-04-10,179.69
2025-04-02,9,2025-04-11,178.1
2025-04-02,10,2025-04-12,177.18
2025-04-02,11,2025-04-13,178.84
2025-04-02,12,2025-04-14,176.46
2025-04-02,13,2025-04-15,174.96
2025-04-02,14,2025-04-16,174.88
2025-04-02,15,2025-04-17,171.69
2025-04-02,16,2025-04-18,169.73
2025-04-02,17,2025-04-19,168.48
2025-04-02,18,2025-04-20,169.29
2025-04-02,19,2025-04-21,165.41
2025-04-02,20,2025-04-22,166.61
2025-04-02,21,2025-04-23,167.73
2025-04-02,22,2025-04-24,169.55
2025-04-02,23,2025-04-25,170.49
2025-04-02,24,2025-04-26,170.43
2025-04-02,25,2025-04-27,170.35
2025-04-02,26,2025-04-28,171.66
2025-04-02,27,2025-04-29,173.11
2025-04-02,28,2025-04-30,172.95
2025-04-02,29,2025-05-01,172.01
2025-04-02,30,2025-05-02,169.83
2025-04-03,1,2025-04-04,179.78
2025-04-03,2,2025-04-05,182.76
2025-04-03,3,2025-04-06,181.51
2025-04-03,4,2025-04-07,180.14
2025-04-03,5,2025-04-08,182.12
2025-04-03,6,2025-04-09,177.56
2025-04-03,7,2025-04-10,177.17
2025-04-03,8,2025-04-11,173.86
2025-04-03,9,2025-04-12,172.76
2025-04-03,10,2025-04-13,175.61
2025-04-03,11,2025-04-14,176.8
2025-04-03,12,2025-04-15,172.38
2025-04-03,13,2025-04-16,171.99
2025-04-03,14,2025-04-17,172.23
2025-04-03,15,2025-04-18,169.7
2025-04-03,16,2025-04-19,168.14
2025-04-03,17,2025-04-20,169.09
2025-04-03,18,2025-04-21,167.02
2025-04-03,19,2025-04-22,163.28
2025-04-03,20,2025-04-23,166.6
2025-04-03,21,2025-04-24,168.71
2025-04-03,22,2025-04-25,171.44
2025-04-03,23,2025-04-26,169.84
2025-04-03,24,2025-04-27,171.02
2025-04-03,25,2025-04-28,170.1
2025-04-03,26,2025-04-29,172.84
2025-04-03,27,2025-04-30,172.84
2025-04-03,28,2025-05-01,172.23
2025-04-03,29,2025-05-02,172.63
2025-04-03,30,2025-05-03,168.58
2025-04-04,1,2025-04-05,184.18
2025-04-04,2,2025-04-06,181.01
2025-04-04,3,2025-04-07,181.39
2025-04-04,4,2025-04-08,183.37
2025-04-04,5,2025-04-09,182.95
2025-04-04,6,2025-04-10,176.59
2025-04-04,7,2025-04-11,175.03
2025-04-04,8,2025-04-12,173.16
2025-04-04,9,2025-04-13,173.81
2025-04-04,10,2025-04-14,173.64
2025-04-04,11,2025-04-15,173.22
2025-04-04,12,2025-04-16,172.48
2025-04-04,13,2025-04-17,169.85
2025-04-04,14,2025-04-18,171.48
2025-04-04,15,2025-04-19,168.6
2025-04-04,16,2025-04-20,167.11
2025-04-04,17,2025-04-21,167.07
2025-04-04,18,2025-04-22,165.03
2025-04-04,19,2025-04-23,164.88
2025-04-04,20,2025-04-24,169.42
2025-04-04,21,2025-04-25,170.18
2025-04-04,22,2025-04-26,170.18
2025-04-04,23,2025-04-27,169.36
2025-04-04,24,2025-04-28,171.23
2025-04-04,25,2025-04-29,171.07
2025-04-04,26,2025-04-30,172.72
2025-04-04,27,2025-05-01,173.62
2025-04-04,28,2025-05-02,171.18
2025-04-04,29,2025-05-03,171.21
2025-04-04,30,2025-05-04,169.87
2025-04-05,1,2025-04-06,180.93
2025-04-05,2,2025-04-07,179.74
2025-04-05,3,2025-04-08,178.46
2025-04-05,4,2025-04-09,178.28
2025-04-05,5,2025-04-10,177.74
2025-04-05,6,2025-04-11,176.07
2025-04-05,7,2025-04-12,173.86
2025-04-05,8,2025-04-13,175.22
2025-04-05,9,2025-04-14,173.23
2025-04-05,10,2025-04-15,173.63
2025-04-05,11,2025-04-16,172.94
2025-04-05,12,2025-04-17,169.45
2025-04-05,13,2025-04-18,169.47
2025-04-05,14,2025-04-19,169.87
2025-04-05,15,2025-04-20,166.63
2025-04-05,16,2025-04-21,164.51
2025-04-05,17,2025-04-22,167.1
2025-04-05,18,2025-04-23,166.73
2025-04-05,19,2025-04-24,169.31
2025-04-05,20,2025-04-25,170.36
2025-04-05,21,2025-04-26,169.63
2025-04-05,22,2025-04-27,171.83
2025-04-05,23,2025-04-28,170.7
2025-04-05,24,2025-04-29,172.46
2025-04-05,25,2025-04-30,171.65
2025-04-05,26,2025-05-01,172.1
2025-04-05,27,2025-05-02,172.04
2025-04-05,28,2025-05-03,171.65
2025-04-05,29,2025-05-04,172.12
2025-04-05,30,2025-05-05,169.31
2025-04-06,1,2025-04-07,182.64
2025-04-06,2,2025-04-08,180.72
2025-04-06,3,2025-04-09,181.62
2025-04-06,4,2025-04-10,177.58
2025-04-06,5,2025-04-11,179.02
2025-04-06,6,2025-04-12,176.89
2025-04-06,7,2025-04-13,178.14
2025-04-06,8,2025-04-14,172.57
2025-04-06,9,2025-04-15,172.7
2025-04-06,10,2025-04-16,172.46
2025-04-06,11,2025-04-17,169.95
2025-04-06,12,2025-04-18,168.88
2025-04-06,13,2025-04-19,169.86
2025-04-06,14,2025-04-20,169.94
2025-04-06,15,2025-04-21,164.12
2025-04-06,16,2025-04-22,163.36
2025-04-06,17,2025-04-23,166.61
2025-04-06,18,2025-04-24,169.63
2025-04-06,19,2025-04-25,169.49
2025-04-06,20,2025-04-26,171.3
2025-04-06,21,2025-04-27,171.6
2025-04-06,22,2025-04-28,172.44
2025-04-06,23,2025-04-29,172.38
2025-04-06,24,2025-04-30,174.14
2025-04-06,25,2025-05-01,173.09
2025-04-06,26,2025-05-02,173.25
2025-04-06,27,2025-05-03,173.25
2025-04-06,28,2025-05-04,170.35
2025-04-06,29,2025-05-05,170.99
2025-04-06,30,2025-05-06,172.43
2025-04-07,1,2025-04-08,166.34
2025-04-07,2,2025-04-09,165.7
2025-04-07,3,2025-04-10,164.13
2025-04-07,4,2025-04-11,159.38
2025-04-07,5,2025-04-12,159.75
2025-04-07,6,2025-04-13,162.84
2025-04-07,7,2025-04-14,163.31
2025-04-07,8,2025-04-15,166.51
2025-04-07,9,2025-04-16,168.48
2025-04-07,10,2025-04-17,168.56
2025-04-07,11,2025-04-18,169.26
2025-04-07,12,2025-04-19,168.28
2025-04-07,13,2025-04-20,167.79
2025-04-07,14,2025-04-21,166.4
2025-04-07,15,2025-04-22,163.92
2025-04-07,16,2025-04-23,163.86
2025-04-07,17,2025-04-24,168.13
2025-04-07,18,2025-04-25,169.94
2025-04-07,19,2025-04-26,169.66
2025-04-07,20,2025-04-27,171.26
2025-04-07,21,2025-04-28,170.38
2025-04-07,22,2025-04-29,172.52
2025-04-07,23,2025-04-30,172.06
2025-04-07,24,2025-05-01,173.13
2025-04-07,25,2025-05-02,171.1
2025-04-07,26,2025-05-03,170.05
2025-04-07,27,2025-05-04,171.26
2025-04-07,28,2025-05-05,169.04
2025-04-07,29,2025-05-06,170.83
2025-04-07,30,2025-05-07,170.65
2025-04-08,1,2025-04-09,157.79
2025-04-08,2,2025-04-10,159.53
2025-04-08,3,2025-04-11,153.93
2025-04-08,4,2025-04-12,150.74
2025-04-08,5,2025-04-13,156.6
2025-04-08,6,2025-04-14,154.52
2025-04-08,7,2025-04-15,160.84
2025-04-08,8,2025-04-16,162.58
2025-04-08,9,2025-04-17,164.54
2025-04-08,10,2025-04-18,167.07
2025-04-08,11,2025-04-19,168.11
2025-04-08,12,2025-04-20,167.92
2025-04-08,13,2025-04-21,165.23
2025-04-08,14,2025-04-22,166.49
2025-04-08,15,2025-04-23,165.65
2025-04-08,16,2025-04-24,168.16
2025-04-08,17,2025-04-25,168.98
2025-04-08,18,2025-04-26,169.98
2025-04-08,19,2025-04-27,169.78
2025-04-08,20,2025-04-28,171.29
2025-04-08,21,2025-04-29,171.67
2025-04-08,22,2025-04-30,170.65
2025-04-08,23,2025-05-01,169.98
2025-04-08,24,2025-05-02,171.77
2025-04-08,25,2025-05-03,172.02
2025-04-08,26,2025-05-04,168.68
2025-04-08,27,2025-05-05,169.39
2025-04-08,28,2025-05-06,165.91
2025-04-08,29,2025-05-07,168.58
2025-04-08,30,2025-05-08,167.82
2025-04-09,1,2025-04-10,156.5
2025-04-09,2,2025-04-11,152.33
2025-04-09,3,2025-04-12,151.74
2025-04-09,4,2025-04-13,153.45
2025-04-09,5,2025-04-14,150.7
2025-04-09,6,2025-04-15,155.18
2025-04-09,7,2025-04-16,158.39
2025-04-09,8,2025-04-17,161.25
2025-04-09,9,2025-04-18,161.89
2025-04-09,10,2025-04-19,167.18
2025-04-09,11,2025-04-20,165.65
2025-04-09,12,2025-04-21,165.4
2025-04-09,13,2025-04-22,167.24
2025-04-09,14,2025-04-23,167.69
2025-04-09,15,2025-04-24,166.81
2025-04-09,16,2025-04-25,167.27
2025-04-09,17,2025-04-26,169.76
2025-04-09,18,2025-04-27,169.48
2025-04-09,19,2025-04-28,169.92
2025-04-09,20,2025-04-29,172.51
2025-04-09,21,2025-04-30,169.01
2025-04-09,22,2025-05-01,169.55
2025-04-09,23,2025-05-02,169.85
2025-04-09,24,2025-05-03,171.61
2025-04-09,25,2025-05-04,169.39
2025-04-09,26,2025-05-05,167.24
2025-04-09,27,2025-05-06,167.64
2025-04-09,28,2025-05-07,164.46
2025-04-09,29,2025-05-08,167.25
2025-04-09,30,2025-05-09,166.4
2025-04-10,1,2025-04-11,162.78
2025-04-10,2,2025-04-12,158.68
2025-04-10,3,2025-04-13,159.65
2025-04-10,4,2025-04-14,154.91
2025-04-10,5,2025-04-15,156.09
2025-04-10,6,2025-04-16,155.87
2025-04-10,7,2025-04-17,157.19
2025-04-10,8,2025-04-18,161.35
2025-04-10,9,2025-04-19,164.55
2025-04-10,10,2025-04-20,167.21
2025-04-10,11,2025-04-21,165.06
2025-04-10,12,2025-04-22,166.25
2025-04-10,13,2025-04-23,167.95
2025-04-10,14,2025-04-24,168.2
2025-04-10,15,2025-04-25,167.61
2025-04-10,16,2025-04-26,168.04
2025-04-10,17,2025-04-27,169.73
2025-04-10,18,2025-04-28,170.57
2025-04-10,19,2025-04-29,172.88
2025-04-10,20,2025-04-30,169.84
2025-04-10,21,2025-05-01,169.37
2025-04-10,22,2025-05-02,169.14
2025-04-10,23,2025-05-03,170.37
2025-04-10,24,2025-05-04,170.26
2025-04-10,25,2025-05-05,170.8
2025-04-10,26,2025-05-06,167.96
2025-04-10,27,2025-05-07,169.27
2025-04-10,28,2025-05-08,167.5
2025-04-10,29,2025-05-09,169.68
2025-04-10,30,2025-05-10,169.38
2025-04-11,1,2025-04-12,151.5
2025-04-11,2,2025-04-13,155.23
2025-04-11,3,2025-04-14,150.59
2025-04-11,4,2025-04-15,152.3
2025-04-11,5,2025-04-16,154.21
2025-04-11,6,2025-04-17,155.28
2025-04-11,7,2025-04-18,156.85
2025-04-11,8,2025-04-19,157.42
2025-04-11,9,2025-04-20,162.48
2025-04-11,10,2025-04-21,163.38
2025-04-11,11,2025-04-22,164.79
2025-04-11,12,2025-04-23,167.33
2025-04-11,13,2025-04-24,168.62
2025-04-11,14,2025-04-25,168.81
2025-04-11,15,2025-04-26,167.71
2025-04-11,16,2025-04-27,169.0
2025-04-11,17,2025-04-28,170.94
2025-04-11,18,2025-04-29,173.01
2025-04-11,19,2025-04-30,171.27
2025-04-11,20,2025-05-01,168.36
2025-04-11,21,2025-05-02,168.16
2025-04-11,22,2025-05-03,167.87
2025-04-11,23,2025-05-04,167.39
2025-04-11,24,2025-05-05,168.39
2025-04-11,25,2025-05-06,165.57
2025-04-11,26,2025-05-07,166.21
2025-04-11,27,2025-05-08,165.77
2025-04-11,28,2025-05-09,164.5
2025-04-11,29,2025-05-10,165.2
2025-04-11,30,2025-05-11,165.39
2025-04-12,1,2025-04-13,168.64
2025-04-12,2,2025-04-14,159.6
2025-04-12,3,2025-04-15,162.9
2025-04-12,4,2025-04-16,160.62
2025-04-12,5,2025-04-17,157.54
2025-04-12,6,2025-04-18,159.24
2025-04-12,7,2025-04-19,156.41
2025-04-12,8,2025-04-20,159.26
2025-04-12,9,2025-04-21,164.09
2025-04-12,10,2025-04-22,166.09
2025-04-12,11,2025-04-23,168.44
2025-04-12,12,2025-04-24,171.24
2025-04-12,13,2025-04-25,169.37
2025-04-12,14,2025-04-26,172.34
2025-04-12,15,2025-04-27,169.52
2025-04-12,16,2025-04-28,171.59
2025-04-12,17,2025-04-29,175.37
2025-04-12,18,2025-04-30,172.39
2025-04-12,19,2025-05-01,169.92
2025-04-12,20,2025-05-02,170.17
2025-04-12,21,2025-05-03,170.56
2025-04-12,22,2025-05-04,169.25
2025-04-12,23,2025-05-05,168.87
2025-04-12,24,2025-05-06,169.83
2025-04-12,25,2025-05-07,170.06
2025-04-12,26,2025-05-08,168.73
2025-04-12,27,2025-05-09,168.98
2025-04-12,28,2025-05-10,168.98
2025-04-12,29,2025-05-11,167.92
2025-04-12,30,2025-05-12,166.66
2025-04-13,1,2025-04-14,157.62
2025-04-13,2,2025-04-15,156.09
2025-04-13,3,2025-04-16,153.02
2025-04-13,4,2025-04-17,153.14
2025-04-13,5,2025-04-18,151.91
2025-04-13,6,2025-04-19,156.0
2025-04-13,7,2025-04-20,157.66
2025-04-13,8,2025-04-21,161.99
2025-04-13,9,2025-04-22,164.67
2025-04-13,10,2025-04-23,168.15
2025-04-13,11,2025-04-24,172.2
2025-04-13,12,2025-04-25,170.95
2025-04-13,13,2025-04-26,170.92
2025-04-13,14,2025-04-27,174.04
2025-04-13,15,2025-04-28,172.19
2025-04-13,16,2025-04-29,174.0
2025-04-13,17,2025-04-30,173.32
2025-04-13,18,2025-05-01,170.54
2025-04-13,19,2025-05-02,170.63
2025-04-13,20,2025-05-03,171.05
2025-04-13,21,2025-05-04,170.57
2025-04-13,22,2025-05-05,170.73
2025-04-13,23,2025-05-06,169.82
2025-04-13,24,2025-05-07,170.42
2025-04-13,25,2025-05-08,168.58
2025-04-13,26,2025-05-09,170.02
2025-04-13,27,2025-05-10,169.38
2025-04-13,28,2025-05-11,166.79
2025-04-13,29,2025-05-12,167.11
2025-04-13,30,2025-05-13,165.79
2025-04-14,1,2025-04-15,158.99
2025-04-14,2,2025-04-16,150.47
2025-04-14,3,2025-04-17,146.61
2025-04-14,4,2025-04-18,146.89
2025-04-14,5,2025-04-19,149.13
2025-04-14,6,2025-04-20,154.23
2025-04-14,7,2025-04-21,157.98
2025-04-14,8,2025-04-22,162.38
2025-04-14,9,2025-04-23,167.6
2025-04-14,10,2025-04-24,170.16
2025-04-14,11,2025-04-25,172.21
2025-04-14,12,2025-04-26,173.84
2025-04-14,13,2025-04-27,173.23
2025-04-14,14,2025-04-28,175.94
2025-04-14,15,2025-04-29,174.36
2025-04-14,16,2025-04-30,170.93
2025-04-14,17,2025-05-01,172.19
2025-04-14,18,2025-05-02,171.75
2025-04-14,19,2025-05-03,171.8
2025-04-14,20,2025-05-04,170.69
2025-04-14,21,2025-05-05,171.63
2025-04-14,22,2025-05-06,171.47
2025-04-14,23,2025-05-07,172.35
2025-04-14,24,2025-05-08,170.68
2025-04-14,25,2025-05-09,170.68
2025-04-14,26,2025-05-10,169.54
2025-04-14,27,2025-05-11,169.87
2025-04-14,28,2025-05-12,167.18
2025-04-14,29,2025-05-13,167.18
2025-04-14,30,2025-05-14,166.9
2025-04-15,1,2025-04-16,148.49
2025-04-15,2,2025-04-17,142.76
2025-04-15,3,2025-04-18,142.3
2025-04-15,4,2025-04-19,147.56
2025-04-15,5,2025-04-20,154.45
2025-04-15,6,2025-04-21,160.0
2025-04-15,7,2025-04-22,161.78
2025-04-15,8,2025-04-23,167.63
2025-04-15,9,2025-04-24,171.56
2025-04-15,10,2025-04-25,171.04
2025-04-15,11,2025-04-26,173.73
2025-04-15,12,2025-04-27,172.72
2025-04-15,13,2025-04-28,175.48
2025-04-15,14,2025-04-29,175.91
2025-04-15,15,2025-04-30,171.99
2025-04-15,16,2025-05-01,169.78
2025-04-15,17,2025-05-02,173.1
2025-04-15,18,2025-05-03,171.28
2025-04-15,19,2025-05-04,170.69
2025-04-15,20,2025-05-05,169.96
2025-04-15,21,2025-05-06,170.46
2025-04-15,22,2025-05-07,170.78
2025-04-15,23,2025-05-08,169.38
2025-04-15,24,2025-05-09,172.17
2025-04-15,25,2025-05-10,168.48
2025-04-15,26,2025-05-11,166.99
2025-04-15,27,2025-05-12,165.88
2025-04-15,28,2025-05-13,164.14
2025-04-15,29,2025-05-14,162.88
2025-04-15,30,2025-05-15,163.8
2025-04-16,1,2025-04-17,151.04
2025-04-16,2,2025-04-18,147.9
2025-04-16,3,2025-04-19,151.75
2025-04-16,4,2025-04-20,156.66
2025-04-16,5,2025-04-21,161.5
2025-04-16,6,2025-04-22,165.71
2025-04-16,7,2025-04-23,167.07
2025-04-16,8,2025-04-24,175.71
2025-04-16,9,2025-04-25,172.26
2025-04-16,10,2025-04-26,174.32
2025-04-16,11,2025-04-27,174.54
2025-04-16,12,2025-04-28,176.49
2025-04-16,13,2025-04-29,175.39
2025-04-16,14,2025-04-30,174.87
2025-04-16,15,2025-05-01,172.05
2025-04-16,16,2025-05-02,172.22
2025-04-16,17,2025-05-03,174.84
2025-04-16,18,2025-05-04,170.66
2025-04-16,19,2025-05-05,169.17
2025-04-16,20,2025-05-06,169.95
2025-04-16,21,2025-05-07,171.51
2025-04-16,22,2025-05-08,169.26
2025-04-16,23,2025-05-09,171.59
2025-04-16,24,2025-05-10,169.97
2025-04-16,25,2025-05-11,167.33
2025-04-16,26,2025-05-12,164.56
2025-04-16,27,2025-05-13,164.59
2025-04-16,28,2025-05-14,162.49
2025-04-16,29,2025-05-15,164.21
2025-04-16,30,2025-05-16,163.79
2025-04-17,1,2025-04-18,152.91
2025-04-17,2,2025-04-19,153.32
2025-04-17,3,2025-04-20,160.17
2025-04-17,4,2025-04-21,167.54
2025-04-17,5,2025-04-22,177.49
2025-04-17,6,2025-04-23,178.18
2025-04-17,7,2025-04-24,177.09
2025-04-17,8,2025-04-25,179.1
2025-04-17,9,2025-04-26,178.07
2025-04-17,10,2025-04-27,178.28
2025-04-17,11,2025-04-28,176.24
2025-04-17,12,2025-04-29,176.64
2025-04-17,13,2025-04-30,172.95
2025-04-17,14,2025-05-01,175.05
2025-04-17,15,2025-05-02,172.19
2025-04-17,16,2025-05-03,172.16
2025-04-17,17,2025-05-04,170.61
2025-04-17,18,2025-05-05,169.18
2025-04-17,19,2025-05-06,167.08
2025-04-17,20,2025-05-07,170.88
2025-04-17,21,2025-05-08,169.99
2025-04-17,22,2025-05-09,170.32
2025-04-17,23,2025-05-10,168.83
2025-04-17,24,2025-05-11,166.46
2025-04-17,25,2025-05-12,162.23
2025-04-17,26,2025-05-13,160.33
2025-04-17,27,2025-05-14,160.41
2025-04-17,28,2025-05-15,159.56
2025-04-17,29,2025-05-16,160.28
2025-04-17,30,2025-05-17,160.93
2025-04-18,1,2025-04-19,157.84
2025-04-18,2,2025-04-20,158.55
2025-04-18,3,2025-04-21,164.75
2025-04-18,4,2025-04-22,169.55
2025-04-18,5,2025-04-23,175.97
2025-04-18,6,2025-04-24,182.62
2025-04-18,7,2025-04-25,177.84
2025-04-18,8,2025-04-26,181.38
2025-04-18,9,2025-04-27,177.37
2025-04-18,10,2025-04-28,174.77
2025-04-18,11,2025-04-29,176.57
2025-04-18,12,2025-04-30,176.97
2025-04-18,13,2025-05-01,173.42
2025-04-18,14,2025-05-02,173.43
2025-04-18,15,2025-05-03,172.8
2025-04-18,16,2025-05-04,170.09
2025-04-18,17,2025-05-05,169.33
2025-04-18,18,2025-05-06,167.83
2025-04-18,19,2025-05-07,168.49
2025-04-18,20,2025-05-08,168.99
2025-04-18,21,2025-05-09,169.22
2025-04-18,22,2025-05-10,167.36
2025-04-18,23,2025-05-11,167.53
2025-04-18,24,2025-05-12,160.73
2025-04-18,25,2025-05-13,158.93
2025-04-18,26,2025-05-14,157.07
2025-04-18,27,2025-05-15,158.05
2025-04-18,28,2025-05-16,158.24
2025-04-18,29,2025-05-17,159.84
2025-04-18,30,2025-05-18,157.87
2025-04-19,1,2025-04-20,161.47
2025-04-19,2,2025-04-21,164.73
2025-04-19,3,2025-04-22,172.59
2025-04-19,4,2025-04-23,175.59
2025-04-19,5,2025-04-24,187.32
2025-04-19,6,2025-04-25,184.81
2025-04-19,7,2025-04-26,183.1
2025-04-19,8,2025-04-27,179.43
2025-04-19,9,2025-04-28,178.69
2025-04-19,10,2025-04-29,175.82
2025-04-19,11,2025-04-30,176.41
2025-04-19,12,2025-05-01,175.46
2025-04-19,13,2025-05-02,174.29
2025-04-19,14,2025-05-03,174.98
2025-04-19,15,2025-05-04,170.99
2025-04-19,16,2025-05-05,170.85
2025-04-19,17,2025-05-06,169.02
2025-04-19,18,2025-05-07,170.44
2025-04-19,19,2025-05-08,168.19
2025-04-19,20,2025-05-09,170.15
2025-04-19,21,2025-05-10,167.44
2025-04-19,22,2025-05-11,164.42
2025-04-19,23,2025-05-12,163.94
2025-04-19,24,2025-05-13,159.78
2025-04-19,25,2025-05-14,158.26
2025-04-19,26,2025-05-15,159.82
2025-04-19,27,2025-05-16,163.42
2025-04-19,28,2025-05-17,159.93
2025-04-19,29,2025-05-18,159.15
2025-04-19,30,2025-05-19,157.33
2025-04-20,1,2025-04-21,162.24
2025-04-20,2,2025-04-22,166.14
2025-04-20,3,2025-04-23,168.31
2025-04-20,4,2025-04-24,172.0
2025-04-20,5,2025-04-25,172.88
2025-04-20,6,2025-04-26,171.08
2025-04-20,7,2025-04-27,172.71
2025-04-20,8,2025-04-28,172.53
2025-04-20,9,2025-04-29,173.58
2025-04-20,10,2025-04-30,175.28
2025-04-20,11,2025-05-01,174.53
2025-04-20,12,2025-05-02,173.96
2025-04-20,13,2025-05-03,174.03
2025-04-20,14,2025-05-04,172.66
2025-04-20,15,2025-05-05,170.53
2025-04-20,16,2025-05-06,170.46
2025-04-20,17,2025-05-07,171.28
2025-04-20,18,2025-05-08,169.77
2025-04-20,19,2025-05-09,168.97
2025-04-20,20,2025-05-10,168.46
2025-04-20,21,2025-05-11,165.77
2025-04-20,22,2025-05-12,162.49
2025-04-20,23,2025-05-13,161.01
2025-04-20,24,2025-05-14,161.71
2025-04-20,25,2025-05-15,162.26
2025-04-20,26,2025-05-16,161.47
2025-04-20,27,2025-05-17,164.28
2025-04-20,28,2025-05-18,160.3
2025-04-20,29,2025-05-19,158.22
2025-04-20,30,2025-05-20,156.37
2025-04-21,1,2025-04-22,162.96
2025-04-21,2,2025-04-23,165.13
2025-04-21,3,2025-04-24,170.43
2025-04-21,4,2025-04-25,166.53
2025-04-21,5,2025-04-26,173.34
2025-04-21,6,2025-04-27,167.63
2025-04-21,7,2025-04-28,169.33
2025-04-21,8,2025-04-29,172.66
2025-04-21,9,2025-04-30,171.41
2025-04-21,10,2025-05-01,174.19
2025-04-21,11,2025-05-02,172.96
2025-04-21,12,2025-05-03,174.52
2025-04-21,13,2025-05-04,172.06
2025-04-21,14,2025-05-05,172.45
2025-04-21,15,2025-05-06,170.02
2025-04-21,16,2025-05-07,172.73
2025-04-21,17,2025-05-08,169.41
2025-04-21,18,2025-05-09,169.53
2025-04-21,19,2025-05-10,167.23
2025-04-21,20,2025-05-11,166.46
2025-04-21,21,2025-05-12,161.43
2025-04-21,22,2025-05-13,162.78
2025-04-21,23,2025-05-14,161.49
2025-04-21,24,2025-05-15,162.27
2025-04-21,25,2025-05-16,161.78
2025-04-21,26,2025-05-17,162.5
2025-04-21,27,2025-05-18,162.78
2025-04-21,28,2025-05-19,159.45
2025-04-21,29,2025-05-20,158.21
2025-04-21,30,2025-05-21,157.04
2025-04-22,1,2025-04-23,172.65
2025-04-22,2,2025-04-24,174.73
2025-04-22,3,2025-04-25,174.49
2025-04-22,4,2025-04-26,176.01
2025-04-22,5,2025-04-27,178.56
2025-04-22,6,2025-04-28,171.66
2025-04-22,7,2025-04-29,170.76
2025-04-22,8,2025-04-30,169.35
2025-04-22,9,2025-05-01,172.23
2025-04-22,10,2025-05-02,174.36
2025-04-22,11,2025-05-03,173.86
2025-04-22,12,2025-05-04,173.68
2025-04-22,13,2025-05-05,172.45
2025-04-22,14,2025-05-06,171.2
2025-04-22,15,2025-05-07,172.31
2025-04-22,16,2025-05-08,169.41
2025-04-22,17,2025-05-09,170.63
2025-04-22,18,2025-05-10,169.13
2025-04-22,19,2025-05-11,166.72
2025-04-22,20,2025-05-12,163.76
2025-04-22,21,2025-05-13,163.22
2025-04-22,22,2025-05-14,163.42
2025-04-22,23,2025-05-15,163.86
2025-04-22,24,2025-05-16,163.41
2025-04-22,25,2025-05-17,161.37
2025-04-22,26,2025-05-18,162.24
2025-04-22,27,2025-05-19,162.84
2025-04-22,28,2025-05-20,161.83
2025-04-22,29,2025-05-21,161.3
2025-04-22,30,2025-05-22,162.05
2025-04-23,1,2025-04-24,174.7
2025-04-23,2,2025-04-25,167.61
2025-04-23,3,2025-04-26,171.43
2025-04-23,4,2025-04-27,167.36
2025-04-23,5,2025-04-28,169.1
2025-04-23,6,2025-04-29,167.12
2025-04-23,7,2025-04-30,167.37
2025-04-23,8,2025-05-01,171.87
2025-04-23,9,2025-05-02,172.12
2025-04-23,10,2025-05-03,172.92
2025-04-23,11,2025-05-04,172.69
2025-04-23,12,2025-05-05,173.06
2025-04-23,13,2025-05-06,171.81
2025-04-23,14,2025-05-07,172.74
2025-04-23,15,2025-05-08,171.5
2025-04-23,16,2025-05-09,170.87
2025-04-23,17,2025-05-10,169.54
2025-04-23,18,2025-05-11,166.88
2025-04-23,19,2025-05-12,162.1
2025-04-23,20,2025-05-13,162.69
2025-04-23,21,2025-05-14,161.16
2025-04-23,22,2025-05-15,163.22
2025-04-23,23,2025-05-16,162.38
2025-04-23,24,2025-05-17,163.11
2025-04-23,25,2025-05-18,159.83
2025-04-23,26,2025-05-19,161.7
2025-04-23,27,2025-05-20,161.59
2025-04-23,28,2025-05-21,160.64
2025-04-23,29,2025-05-22,161.13
2025-04-23,30,2025-05-23,160.98
2025-04-24,1,2025-04-25,174.16
2025-04-24,2,2025-04-26,173.8
2025-04-24,3,2025-04-27,173.95
2025-04-24,4,2025-04-28,172.18
2025-04-24,5,2025-04-29,169.79
2025-04-24,6,2025-04-30,168.34
2025-04-24,7,2025-05-01,168.13
2025-04-24,8,2025-05-02,168.41
2025-04-24,9,2025-05-03,171.91
2025-04-24,10,2025-05-04,171.34
2025-04-24,11,2025-05-05,172.2
2025-04-24,12,2025-05-06,171.25
2025-04-24,13,2025-05-07,172.46
2025-04-24,14,2025-05-08,171.92
2025-04-24,15,2025-05-09,172.52
2025-04-24,16,2025-05-10,170.16
2025-04-24,17,2025-05-11,169.19
2025-04-24,18,2025-05-12,164.12
2025-04-24,19,2025-05-13,161.25
2025-04-24,20,2025-05-14,162.33
2025-04-24,21,2025-05-15,161.8
2025-04-24,22,2025-05-16,163.61
2025-04-24,23,2025-05-17,164.17
2025-04-24,24,2025-05-18,162.28
2025-04-24,25,2025-05-19,159.81
2025-04-24,26,2025-05-20,162.19
2025-04-24,27,2025-05-21,162.41
2025-04-24,28,2025-05-22,161.96
2025-04-24,29,2025-05-23,163.78
2025-04-24,30,2025-05-24,162.67
2025-04-25,1,2025-04-26,176.21
2025-04-25,2,2025-04-27,173.58
2025-04-25,3,2025-04-28,173.08
2025-04-25,4,2025-04-29,170.21
2025-04-25,5,2025-04-30,172.31
2025-04-25,6,2025-05-01,170.89
2025-04-25,7,2025-05-02,168.4
2025-04-25,8,2025-05-03,169.6
2025-04-25,9,2025-05-04,170.92
2025-04-25,10,2025-05-05,172.03
2025-04-25,11,2025-05-06,172.65
2025-04-25,12,2025-05-07,172.7
2025-04-25,13,2025-05-08,172.47
2025-04-25,14,2025-05-09,170.58
2025-04-25,15,2025-05-10,170.02
2025-04-25,16,2025-05-11,167.73
2025-04-25,17,2025-05-12,164.56
2025-04-25,18,2025-05-13,161.96
2025-04-25,19,2025-05-14,161.37
2025-04-25,20,2025-05-15,164.12
2025-04-25,21,2025-05-16,164.83
2025-04-25,22,2025-05-17,164.4
2025-04-25,23,2025-05-18,164.4
2025-04-25,24,2025-05-19,162.92
2025-04-25,25,2025-05-20,161.27
2025-04-25,26,2025-05-21,162.04
2025-04-25,27,2025-05-22,162.68
2025-04-25,28,2025-05-23,163.26
2025-04-25,29,2025-05-24,165.45
2025-04-25,30,2025-05-25,162.25
2025-04-26,1,2025-04-27,167.7
2025-04-26,2,2025-04-28,164.29
2025-04-26,3,2025-04-29,162.01
2025-04-26,4,2025-04-30,158.09
2025-04-26,5,2025-05-01,160.54
2025-04-26,6,2025-05-02,157.81
2025-04-26,7,2025-05-03,160.13
2025-04-26,8,2025-05-04,165.46
2025-04-26,9,2025-05-05,168.74
2025-04-26,10,2025-05-06,170.15
2025-04-26,11,2025-05-07,170.44
2025-04-26,12,2025-05-08,171.8
2025-04-26,13,2025-05-09,171.82
2025-04-26,14,2025-05-10,168.67
2025-04-26,15,2025-05-11,167.31
2025-04-26,16,2025-05-12,162.08
2025-04-26,17,2025-05-13,161.85
2025-04-26,18,2025-05-14,162.19
2025-04-26,19,2025-05-15,162.01
2025-04-26,20,2025-05-16,164.46
2025-04-26,21,2025-05-17,163.54
2025-04-26,22,2025-05-18,162.84
2025-04-26,23,2025-05-19,161.67
2025-04-26,24,2025-05-20,161.0
2025-04-26,25,2025-05-21,160.3
2025-04-26,26,2025-05-22,162.27
2025-04-26,27,2025-05-23,162.28
2025-04-26,28,2025-05-24,162.43
2025-04-26,29,2025-05-25,164.3
2025-04-26,30,2025-05-26,159.98
2025-04-27,1,2025-04-28,154.41
2025-04-27,2,2025-04-29,151.88
2025-04-27,3,2025-04-30,151.48
2025-04-27,4,2025-05-01,152.76
2025-04-27,5,2025-05-02,154.43
2025-04-27,6,2025-05-03,155.92
2025-04-27,7,2025-05-04,159.28
2025-04-27,8,2025-05-05,161.21
2025-04-27,9,2025-05-06,166.42
2025-04-27,10,2025-05-07,169.95
2025-04-27,11,2025-05-08,168.75
2025-04-27,12,2025-05-09,172.44
2025-04-27,13,2025-05-10,168.17
2025-04-27,14,2025-05-11,166.34
2025-04-27,15,2025-05-12,161.42
2025-04-27,16,2025-05-13,159.1
2025-04-27,17,2025-05-14,161.78
2025-04-27,18,2025-05-15,160.98
2025-04-27,19,2025-05-16,161.04
2025-04-27,20,2025-05-17,162.66
2025-04-27,21,2025-05-18,160.44
2025-04-27,22,2025-05-19,159.93
2025-04-27,23,2025-05-20,158.42
2025-04-27,24,2025-05-21,159.05
2025-04-27,25,2025-05-22,158.11
2025-04-27,26,2025-05-23,159.38
2025-04-27,27,2025-05-24,162.01
2025-04-27,28,2025-05-25,157.71
2025-04-27,29,2025-05-26,155.74
2025-04-27,30,2025-05-27,155.79
2025-04-28,1,2025-04-29,152.78
2025-04-28,2,2025-04-30,150.45
2025-04-28,3,2025-05-01,155.71
2025-04-28,4,2025-05-02,150.87
2025-04-28,5,2025-05-03,154.75
2025-04-28,6,2025-05-04,156.2
2025-04-28,7,2025-05-05,157.46
2025-04-28,8,2025-05-06,161.57
2025-04-28,9,2025-05-07,166.18
2025-04-28,10,2025-05-08,167.87
2025-04-28,11,2025-05-09,169.54
2025-04-28,12,2025-05-10,168.91
2025-04-28,13,2025-05-11,165.5
2025-04-28,14,2025-05-12,160.48
2025-04-28,15,2025-05-13,159.86
2025-04-28,16,2025-05-14,160.22
2025-04-28,17,2025-05-15,161.46
2025-04-28,18,2025-05-16,162.05
2025-04-28,19,2025-05-17,160.69
2025-04-28,20,2025-05-18,159.09
2025-04-28,21,2025-05-19,159.52
2025-04-28,22,2025-05-20,157.66
2025-04-28,23,2025-05-21,158.5
2025-04-28,24,2025-05-22,158.54
2025-04-28,25,2025-05-23,158.01
2025-04-28,26,2025-05-24,159.32
2025-04-28,27,2025-05-25,158.99
2025-04-28,28,2025-05-26,155.54
2025-04-28,29,2025-05-27,155.2
2025-04-28,30,2025-05-28,156.2
2025-04-29,1,2025-04-30,152.83
2025-04-29,2,2025-05-01,156.46
2025-04-29,3,2025-05-02,154.88
2025-04-29,4,2025-05-03,162.38
2025-04-29,5,2025-05-04,168.84
2025-04-29,6,2025-05-05,168.96
2025-04-29,7,2025-05-06,169.25
2025-04-29,8,2025-05-07,171.24
2025-04-29,9,2025-05-08,168.68
2025-04-29,10,2025-05-09,169.6
2025-04-29,11,2025-05-10,170.14
2025-04-29,12,2025-05-11,166.04
2025-04-29,13,2025-05-12,159.8
2025-04-29,14,2025-05-13,158.46
2025-04-29,15,2025-05-14,158.7
2025-04-29,16,2025-05-15,159.63
2025-04-29,17,2025-05-16,161.87
2025-04-29,18,2025-05-17,160.3
2025-04-29,19,2025-05-18,158.6
2025-04-29,20,2025-05-19,157.64
2025-04-29,21,2025-05-20,159.38
2025-04-29,22,2025-05-21,157.67
2025-04-29,23,2025-05-22,158.35
2025-04-29,24,2025-05-23,159.57
2025-04-29,25,2025-05-24,160.15
2025-04-29,26,2025-05-25,157.98
2025-04-29,27,2025-05-26,156.4
2025-04-29,28,2025-05-27,154.85
2025-04-29,29,2025-05-28,154.51
2025-04-29,30,2025-05-29,156.36
2025-04-30,1,2025-05-01,157.25
2025-04-30,2,2025-05-02,155.95
2025-04-30,3,2025-05-03,163.81
2025-04-30,4,2025-05-04,169.99
2025-04-30,5,2025-05-05,171.57
2025-04-30,6,2025-05-06,176.55
2025-04-30,7,2025-05-07,177.55
2025-04-30,8,2025-05-08,174.26
2025-04-30,9,2025-05-09,171.12
2025-04-30,10,2025-05-10,170.19
2025-04-30,11,2025-05-11,164.66
2025-04-30,12,2025-05-12,161.5
2025-04-30,13,2025-05-13,159.81
2025-04-30,14,2025-05-14,161.2
2025-04-30,15,2025-05-15,157.39
2025-04-30,16,2025-05-16,158.63
2025-04-30,17,2025-05-17,160.49
2025-04-30,18,2025-05-18,156.27
2025-04-30,19,2025-05-19,156.62
2025-04-30,20,2025-05-20,157.48
2025-04-30,21,2025-05-21,158.23
2025-04-30,22,2025-05-22,157.14
2025-04-30,23,2025-05-23,157.86
2025-04-30,24,2025-05-24,158.48
2025-04-30,25,2025-05-25,156.56
2025-04-30,26,2025-05-26,153.58
2025-04-30,27,2025-05-27,155.29
2025-04-30,28,2025-05-28,154.93
2025-04-30,29,2025-05-29,152.88
2025-04-30,30,2025-05-30,156.7
2025-05-01,1,2025-05-02,161.21
2025-05-01,2,2025-05-03,156.67
2025-05-01,3,2025-05-04,163.36
2025-05-01,4,2025-05-05,172.75
2025-05-01,5,2025-05-06,177.95
2025-05-01,6,2025-05-07,178.6
2025-05-01,7,2025-05-08,174.96
2025-05-01,8,2025-05-09,175.99
2025-05-01,9,2025-05-10,169.44
2025-05-01,10,2025-05-11,165.32
2025-05-01,11,2025-05-12,162.01
2025-05-01,12,2025-05-13,161.31
2025-05-01,13,2025-05-14,164.5
2025-05-01,14,2025-05-15,159.35
2025-05-01,15,2025-05-16,158.76
2025-05-01,16,2025-05-17,158.07
2025-05-01,17,2025-05-18,158.97
2025-05-01,18,2025-05-19,156.87
2025-05-01,19,2025-05-20,155.97
2025-05-01,20,2025-05-21,156.77
2025-05-01,21,2025-05-22,157.77
2025-05-01,22,2025-05-23,157.56
2025-05-01,23,2025-05-24,157.33
2025-05-01,24,2025-05-25,156.73
2025-05-01,25,2025-05-26,152.35
2025-05-01,26,2025-05-27,152.91
2025-05-01,27,2025-05-28,154.13
2025-05-01,28,2025-05-29,154.37
2025-05-01,29,2025-05-30,153.52
2025-05-01,30,2025-05-31,155.47
2025-05-02,1,2025-05-03,150.63
2025-05-02,2,2025-05-04,153.05
2025-05-02,3,2025-05-05,158.11
2025-05-02,4,2025-05-06,156.45
2025-05-02,5,2025-05-07,161.14
2025-05-02,6,2025-05-08,159.5
2025-05-02,7,2025-05-09,161.91
2025-05-02,8,2025-05-10,164.18
2025-05-02,9,2025-05-11,161.66
2025-05-02,10,2025-05-12,158.48
2025-05-02,11,2025-05-13,160.26
2025-05-02,12,2025-05-14,163.21
2025-05-02,13,2025-05-15,160.83
2025-05-02,14,2025-05-16,160.86
2025-05-02,15,2025-05-17,159.67
2025-05-02,16,2025-05-18,157.1
2025-05-02,17,2025-05-19,157.4
2025-05-02,18,2025-05-20,156.42
2025-05-02,19,2025-05-21,156.92
2025-05-02,20,2025-05-22,159.56
2025-05-02,21,2025-05-23,159.66
2025-05-02,22,2025-05-24,157.94
2025-05-02,23,2025-05-25,157.52
2025-05-02,24,2025-05-26,154.9
2025-05-02,25,2025-05-27,154.64
2025-05-02,26,2025-05-28,153.36
2025-05-02,27,2025-05-29,156.07
2025-05-02,28,2025-05-30,154.82
2025-05-02,29,2025-05-31,155.53
2025-05-02,30,2025-06-01,156.85
2025-05-03,1,2025-05-04,158.32
2025-05-03,2,2025-05-05,152.16
2025-05-03,3,2025-05-06,156.79
2025-05-03,4,2025-05-07,154.75
2025-05-03,5,2025-05-08,156.18
2025-05-03,6,2025-05-09,164.01
2025-05-03,7,2025-05-10,163.77
2025-05-03,8,2025-05-11,162.83
2025-05-03,9,2025-05-12,156.17
2025-05-03,10,2025-05-13,157.1
2025-05-03,11,2025-05-14,161.11
2025-05-03,12,2025-05-15,160.18
2025-05-03,13,2025-05-16,159.75
2025-05-03,14,2025-05-17,159.47
2025-05-03,15,2025-05-18,156.25
2025-05-03,16,2025-05-19,155.79
2025-05-03,17,2025-05-20,158.18
2025-05-03,18,2025-05-21,156.71
2025-05-03,19,2025-05-22,158.0
2025-05-03,20,2025-05-23,158.56
2025-05-03,21,2025-05-24,158.14
2025-05-03,22,2025-05-25,155.92
2025-05-03,23,2025-05-26,154.99
2025-05-03,24,2025-05-27,155.92
2025-05-03,25,2025-05-28,154.03
2025-05-03,26,2025-05-29,153.2
2025-05-03,27,2025-05-30,154.53
2025-05-03,28,2025-05-31,154.34
2025-05-03,29,2025-06-01,155.94
2025-05-03,30,2025-06-02,155.94
2025-05-04,1,2025-05-05,156.8
2025-05-04,2,2025-05-06,155.93
2025-05-04,3,2025-05-07,158.34
2025-05-04,4,2025-05-08,157.13
2025-05-04,5,2025-05-09,165.67
2025-05-04,6,2025-05-10,170.69
2025-05-04,7,2025-05-11,165.0
2025-05-04,8,2025-05-12,158.51
2025-05-04,9,2025-05-13,156.19
2025-05-04,10,2025-05-14,158.0
2025-05-04,11,2025-05-15,159.35
2025-05-04,12,2025-05-16,160.49
2025-05-04,13,2025-05-17,160.32
2025-05-04,14,2025-05-18,157.69
2025-05-04,15,2025-05-19,156.6
2025-05-04,16,2025-05-20,155.35
2025-05-04,17,2025-05-21,156.79
2025-05-04,18,2025-05-22,157.66
2025-05-04,19,2025-05-23,157.37
2025-05-04,20,2025-05-24,156.28
2025-05-04,21,2025-05-25,156.92
2025-05-04,22,2025-05-26,153.65
2025-05-04,23,2025-05-27,155.14
2025-05-04,24,2025-05-28,155.7
2025-05-04,25,2025-05-29,152.65
2025-05-04,26,2025-05-30,153.78
2025-05-04,27,2025-05-31,154.45
2025-05-04,28,2025-06-01,155.46
2025-05-04,29,2025-06-02,154.85
2025-05-04,30,2025-06-03,158.12
2025-05-05,1,2025-05-06,164.61
2025-05-05,2,2025-05-07,164.71
2025-05-05,3,2025-05-08,164.0
2025-05-05,4,2025-05-09,166.51
2025-05-05,5,2025-05-10,175.71
2025-05-05,6,2025-05-11,171.52
2025-05-05,7,2025-05-12,165.75
2025-05-05,8,2025-05-13,162.75
2025-05-05,9,2025-05-14,160.57
2025-05-05,10,2025-05-15,159.24
2025-05-05,11,2025-05-16,162.22
2025-05-05,12,2025-05-17,162.3
2025-05-05,13,2025-05-18,158.81
2025-05-05,14,2025-05-19,158.34
2025-05-05,15,2025-05-20,156.63
2025-05-05,16,2025-05-21,156.93
2025-05-05,17,2025-05-22,158.09
2025-05-05,18,2025-05-23,156.29
2025-05-05,19,2025-05-24,156.88
2025-05-05,20,2025-05-25,155.6
2025-05-05,21,2025-05-26,155.12
2025-05-05,22,2025-05-27,154.51
2025-05-05,23,2025-05-28,155.68
2025-05-05,24,2025-05-29,156.1
2025-05-05,25,2025-05-30,154.45
2025-05-05,26,2025-05-31,155.9
2025-05-05,27,2025-06-01,159.67
2025-05-05,28,2025-06-02,160.14
2025-05-05,29,2025-06-03,163.48
2025-05-05,30,2025-06-04,160.69
2025-05-06,1,2025-05-07,161.72
2025-05-06,2,2025-05-08,163.25
2025-05-06,3,2025-05-09,163.12
2025-05-06,4,2025-05-10,170.9
2025-05-06,5,2025-05-11,169.66
2025-05-06,6,2025-05-12,166.14
2025-05-06,7,2025-05-13,166.01
2025-05-06,8,2025-05-14,164.97
2025-05-06,9,2025-05-15,157.02
2025-05-06,10,2025-05-16,160.43
2025-05-06,11,2025-05-17,160.54
2025-05-06,12,2025-05-18,156.82
2025-05-06,13,2025-05-19,157.0
2025-05-06,14,2025-05-20,156.32
2025-05-06,15,2025-05-21,155.78
2025-05-06,16,2025-05-22,157.35
2025-05-06,17,2025-05-23,156.53
2025-05-06,18,2025-05-24,154.87
2025-05-06,19,2025-05-25,154.86
2025-05-06,20,2025-05-26,153.88
2025-05-06,21,2025-05-27,153.77
2025-05-06,22,2025-05-28,154.83
2025-05-06,23,2025-05-29,154.92
2025-05-06,24,2025-05-30,154.78
2025-05-06,25,2025-05-31,155.33
2025-05-06,26,2025-06-01,158.26
2025-05-06,27,2025-06-02,160.31
2025-05-06,28,2025-06-03,162.76
2025-05-06,29,2025-06-04,165.24
2025-05-06,30,2025-06-05,161.31
2025-05-07,1,2025-05-08,159.24
2025-05-07,2,2025-05-09,158.46
2025-05-07,3,2025-05-10,156.42
2025-05-07,4,2025-05-11,155.47
2025-05-07,5,2025-05-12,152.28
2025-05-07,6,2025-05-13,153.54
2025-05-07,7,2025-05-14,165.61
2025-05-07,8,2025-05-15,157.6
2025-05-07,9,2025-05-16,158.11
2025-05-07,10,2025-05-17,158.91
2025-05-07,11,2025-05-18,157.09
2025-05-07,12,2025-05-19,159.09
2025-05-07,13,2025-05-20,157.15
2025-05-07,14,2025-05-21,157.59
2025-05-07,15,2025-05-22,156.74
2025-05-07,16,2025-05-23,157.51
2025-05-07,17,2025-05-24,156.71
2025-05-07,18,2025-05-25,155.34
2025-05-07,19,2025-05-26,153.91
2025-05-07,20,2025-05-27,154.09
2025-05-07,21,2025-05-28,155.08
2025-05-07,22,2025-05-29,155.23
2025-05-07,23,2025-05-30,154.25
2025-05-07,24,2025-05-31,156.67
2025-05-07,25,2025-06-01,157.9
2025-05-07,26,2025-06-02,159.6
2025-05-07,27,2025-06-03,164.09
2025-05-07,28,2025-06-04,162.05
2025-05-07,29,2025-06-05,162.11
2025-05-07,30,2025-06-06,160.02
2025-05-08,1,2025-05-09,155.01
2025-05-08,2,2025-05-10,154.35
2025-05-08,3,2025-05-11,145.45
2025-05-08,4,2025-05-12,143.56
2025-05-08,5,2025-05-13,141.88
2025-05-08,6,2025-05-14,155.57
2025-05-08,7,2025-05-15,157.4
2025-05-08,8,2025-05-16,159.13
2025-05-08,9,2025-05-17,157.59
2025-05-08,10,2025-05-18,156.46
2025-05-08,11,2025-05-19,159.32
2025-05-08,12,2025-05-20,158.53
2025-05-08,13,2025-05-21,159.32
2025-05-08,14,2025-05-22,157.83
2025-05-08,15,2025-05-23,157.08
2025-05-08,16,2025-05-24,156.87
2025-05-08,17,2025-05-25,155.27
2025-05-08,18,2025-05-26,154.18
2025-05-08,19,2025-05-27,155.24
2025-05-08,20,2025-05-28,156.39
2025-05-08,21,2025-05-29,156.08
2025-05-08,22,2025-05-30,155.31
2025-05-08,23,2025-05-31,156.16
2025-05-08,24,2025-06-01,159.39
2025-05-08,25,2025-06-02,159.38
2025-05-08,26,2025-06-03,160.39
2025-05-08,27,2025-06-04,162.74
2025-05-08,28,2025-06-05,162.13
2025-05-08,29,2025-06-06,160.62
2025-05-08,30,2025-06-07,159.26
2025-05-09,1,2025-05-10,156.85
2025-05-09,2,2025-05-11,143.98
2025-05-09,3,2025-05-12,133.77
2025-05-09,4,2025-05-13,135.61
2025-05-09,5,2025-05-14,142.72
2025-05-09,6,2025-05-15,146.87
2025-05-09,7,2025-05-16,158.94
2025-05-09,8,2025-05-17,159.39
2025-05-09,9,2025-05-18,155.57
2025-05-09,10,2025-05-19,157.28
2025-05-09,11,2025-05-20,158.2
2025-05-09,12,2025-05-21,159.6
2025-05-09,13,2025-05-22,158.82
2025-05-09,14,2025-05-23,156.01
2025-05-09,15,2025-05-24,157.19
2025-05-09,16,2025-05-25,155.88
2025-05-09,17,2025-05-26,155.3
2025-05-09,18,2025-05-27,154.35
2025-05-09,19,2025-05-28,157.53
2025-05-09,20,2025-05-29,157.91
2025-05-09,21,2025-05-30,156.45
2025-05-09,22,2025-05-31,157.78
2025-05-09,23,2025-06-01,157.66
2025-05-09,24,2025-06-02,159.85
2025-05-09,25,2025-06-03,156.69
2025-05-09,26,2025-06-04,155.27
2025-05-09,27,2025-06-05,158.46
2025-05-09,28,2025-06-06,160.52
2025-05-09,29,2025-06-07,159.45
2025-05-09,30,2025-06-08,158.88
2025-05-10,1,2025-05-11,133.29
2025-05-10,2,2025-05-12,134.23
2025-05-10,3,2025-05-13,131.31
2025-05-10,4,2025-05-14,137.17
2025-05-10,5,2025-05-15,140.64
2025-05-10,6,2025-05-16,154.94
2025-05-10,7,2025-05-17,161.96
2025-05-10,8,2025-05-18,151.96
2025-05-10,9,2025-05-19,153.72
2025-05-10,10,2025-05-20,154.15
2025-05-10,11,2025-05-21,156.16
2025-05-10,12,2025-05-22,156.93
2025-05-10,13,2025-05-23,156.57
2025-05-10,14,2025-05-24,155.35
2025-05-10,15,2025-05-25,154.91
2025-05-10,16,2025-05-26,153.54
2025-05-10,17,2025-05-27,156.84
2025-05-10,18,2025-05-28,156.18
2025-05-10,19,2025-05-29,157.83
2025-05-10,20,2025-05-30,158.73
2025-05-10,21,2025-05-31,157.73
2025-05-10,22,2025-06-01,158.74
2025-05-10,23,2025-06-02,157.5
2025-05-10,24,2025-06-03,155.93
2025-05-10,25,2025-06-04,152.24
2025-05-10,26,2025-06-05,154.26
2025-05-10,27,2025-06-06,155.52
2025-05-10,28,2025-06-07,156.01
2025-05-10,29,2025-06-08,158.12
2025-05-10,30,2025-06-09,156.21
2025-05-11,1,2025-05-12,132.71
2025-05-11,2,2025-05-13,132.04
2025-05-11,3,2025-05-14,132.89
2025-05-11,4,2025-05-15,136.88
2025-05-11,5,2025-05-16,148.97
2025-05-11,6,2025-05-17,160.74
2025-05-11,7,2025-05-18,151.65
2025-05-11,8,2025-05-19,154.47
2025-05-11,9,2025-05-20,155.2
2025-05-11,10,2025-05-21,155.48
2025-05-11,11,2025-05-22,156.2
2025-05-11,12,2025-05-23,154.51
2025-05-11,13,2025-05-24,154.9
2025-05-11,14,2025-05-25,154.48
2025-05-11,15,2025-05-26,154.96
2025-05-11,16,2025-05-27,155.58
2025-05-11,17,2025-05-28,157.42
2025-05-11,18,2025-05-29,157.1
2025-05-11,19,2025-05-30,156.45
2025-05-11,20,2025-05-31,156.45
2025-05-11,21,2025-06-01,158.21
2025-05-11,22,2025-06-02,157.15
2025-05-11,23,2025-06-03,154.86
2025-05-11,24,2025-06-04,154.84
2025-05-11,25,2025-06-05,154.27
2025-05-11,26,2025-06-06,152.95
2025-05-11,27,2025-06-07,153.62
2025-05-11,28,2025-06-08,154.89
2025-05-11,29,2025-06-09,154.59
2025-05-11,30,2025-06-10,153.61
2025-05-12,1,2025-05-13,123.15
2025-05-12,2,2025-05-14,124.92
2025-05-12,3,2025-05-15,128.52
2025-05-12,4,2025-05-16,135.54
2025-05-12,5,2025-05-17,152.73
2025-05-12,6,2025-05-18,147.01
2025-05-12,7,2025-05-19,152.66
2025-05-12,8,2025-05-20,156.78
2025-05-12,9,2025-05-21,155.39
2025-05-12,10,2025-05-22,155.82
2025-05-12,11,2025-05-23,155.86
2025-05-12,12,2025-05-24,156.11
2025-05-12,13,2025-05-25,154.32
2025-05-12,14,2025-05-26,155.66
2025-05-12,15,2025-05-27,156.55
2025-05-12,16,2025-05-28,156.45
2025-05-12,17,2025-05-29,160.0
2025-05-12,18,2025-05-30,158.67
2025-05-12,19,2025-05-31,159.13
2025-05-12,20,2025-06-01,156.12
2025-05-12,21,2025-06-02,156.55
2025-05-12,22,2025-06-03,154.37
2025-05-12,23,2025-06-04,154.02
2025-05-12,24,2025-06-05,153.29
2025-05-12,25,2025-06-06,149.2
2025-05-12,26,2025-06-07,148.97
2025-05-12,27,2025-06-08,150.29
2025-05-12,28,2025-06-09,149.77
2025-05-12,29,2025-06-10,151.62
2025-05-12,30,2025-06-11,152.86
2025-05-13,1,2025-05-14,117.98
2025-05-13,2,2025-05-15,119.71
2025-05-13,3,2025-05-16,127.24
2025-05-13,4,2025-05-17,137.43
2025-05-13,5,2025-05-18,140.46
2025-05-13,6,2025-05-19,146.65
2025-05-13,7,2025-05-20,158.62
2025-05-13,8,2025-05-21,156.81
2025-05-13,9,2025-05-22,156.78
2025-05-13,10,2025-05-23,155.36
2025-05-13,11,2025-05-24,156.37
2025-05-13,12,2025-05-25,155.08
2025-05-13,13,2025-05-26,155.11
2025-05-13,14,2025-05-27,155.89
2025-05-13,15,2025-05-28,157.37
2025-05-13,16,2025-05-29,158.33
2025-05-13,17,2025-05-30,156.65
2025-05-13,18,2025-05-31,156.64
2025-05-13,19,2025-06-01,157.26
2025-05-13,20,2025-06-02,154.94
2025-05-13,21,2025-06-03,152.15
2025-05-13,22,2025-06-04,150.17
2025-05-13,23,2025-06-05,149.97
2025-05-13,24,2025-06-06,147.61
2025-05-13,25,2025-06-07,144.16
2025-05-13,26,2025-06-08,141.93
2025-05-13,27,2025-06-09,141.15
2025-05-13,28,2025-06-10,140.53
2025-05-13,29,2025-06-11,142.64
2025-05-13,30,2025-06-12,144.42
2025-05-14,1,2025-05-15,117.7
2025-05-14,2,2025-05-16,124.15
2025-05-14,3,2025-05-17,131.3
2025-05-14,4,2025-05-18,135.46
2025-05-14,5,2025-05-19,145.64
2025-05-14,6,2025-05-20,153.2
2025-05-14,7,2025-05-21,157.43
2025-05-14,8,2025-05-22,158.16
2025-05-14,9,2025-05-23,156.23
2025-05-14,10,2025-05-24,155.52
2025-05-14,11,2025-05-25,154.67
2025-05-14,12,2025-05-26,156.44
2025-05-14,13,2025-05-27,158.0
2025-05-14,14,2025-05-28,157.0
2025-05-14,15,2025-05-29,158.99
2025-05-14,16,2025-05-30,156.2
2025-05-14,17,2025-05-31,156.39
2025-05-14,18,2025-06-01,156.27
2025-05-14,19,2025-06-02,154.85
2025-05-14,20,2025-06-03,151.26
2025-05-14,21,2025-06-04,149.12
2025-05-14,22,2025-06-05,148.22
2025-05-14,23,2025-06-06,147.2
2025-05-14,24,2025-06-07,144.47
2025-05-14,25,2025-06-08,140.56
2025-05-14,26,2025-06-09,138.63
2025-05-14,27,2025-06-10,139.1
2025-05-14,28,2025-06-11,140.63
2025-05-14,29,2025-06-12,140.36
2025-05-14,30,2025-06-13,142.56
2025-05-15,1,2025-05-16,125.97
2025-05-15,2,2025-05-17,129.64
2025-05-15,3,2025-05-18,134.04
2025-05-15,4,2025-05-19,137.41
2025-05-15,5,2025-05-20,151.74
2025-05-15,6,2025-05-21,152.98
2025-05-15,7,2025-05-22,156.44
2025-05-15,8,2025-05-23,157.33
2025-05-15,9,2025-05-24,155.8
2025-05-15,10,2025-05-25,153.52
2025-05-15,11,2025-05-26,154.71
2025-05-15,12,2025-05-27,157.51
2025-05-15,13,2025-05-28,157.44
2025-05-15,14,2025-05-29,157.66
2025-05-15,15,2025-05-30,157.87
2025-05-15,16,2025-05-31,155.6
2025-05-15,17,2025-06-01,156.52
2025-05-15,18,2025-06-02,155.09
2025-05-15,19,2025-06-03,150.87
2025-05-15,20,2025-06-04,148.5
2025-05-15,21,2025-06-05,147.1
2025-05-15,22,2025-06-06,145.65
2025-05-15,23,2025-06-07,143.45
2025-05-15,24,2025-06-08,139.82
2025-05-15,25,2025-06-09,137.6
2025-05-15,26,2025-06-10,139.32
2025-05-15,27,2025-06-11,142.21
2025-05-15,28,2025-06-12,144.37
2025-05-15,29,2025-06-13,144.78
2025-05-15,30,2025-06-14,146.52
2025-05-16,1,2025-05-17,128.97
2025-05-16,2,2025-05-18,127.8
2025-05-16,3,2025-05-19,132.62
2025-05-16,4,2025-05-20,139.03
2025-05-16,5,2025-05-21,147.76
2025-05-16,6,2025-05-22,152.7
2025-05-16,7,2025-05-23,151.07
2025-05-16,8,2025-05-24,152.96
2025-05-16,9,2025-05-25,152.53
2025-05-16,10,2025-05-26,152.73
2025-05-16,11,2025-05-27,155.81
2025-05-16,12,2025-05-28,157.03
2025-05-16,13,2025-05-29,157.26
2025-05-16,14,2025-05-30,155.94
2025-05-16,15,2025-05-31,157.02
2025-05-16,16,2025-06-01,155.95
2025-05-16,17,2025-06-02,154.94
2025-05-16,18,2025-06-03,150.43
2025-05-16,19,2025-06-04,146.39
2025-05-16,20,2025-06-05,144.2
2025-05-16,21,2025-06-06,143.17
2025-05-16,22,2025-06-07,140.42
2025-05-16,23,2025-06-08,137.92
2025-05-16,24,2025-06-09,134.71
2025-05-16,25,2025-06-10,134.68
2025-05-16,26,2025-06-11,139.09
2025-05-16,27,2025-06-12,139.5
2025-05-16,28,2025-06-13,139.92
2025-05-16,29,2025-06-14,139.75
2025-05-16,30,2025-06-15,143.53
2025-05-17,1,2025-05-18,122.19
2025-05-17,2,2025-05-19,127.73
2025-05-17,3,2025-05-20,134.13
2025-05-17,4,2025-05-21,139.52
2025-05-17,5,2025-05-22,152.68
2025-05-17,6,2025-05-23,151.86
2025-05-17,7,2025-05-24,150.03
2025-05-17,8,2025-05-25,149.75
2025-05-17,9,2025-05-26,151.79
2025-05-17,10,2025-05-27,152.62
2025-05-17,11,2025-05-28,156.23
2025-05-17,12,2025-05-29,156.88
2025-05-17,13,2025-05-30,156.91
2025-05-17,14,2025-05-31,155.45
2025-05-17,15,2025-06-01,156.0
2025-05-17,16,2025-06-02,152.4
2025-05-17,17,2025-06-03,148.84
2025-05-17,18,2025-06-04,144.91
2025-05-17,19,2025-06-05,143.38
2025-05-17,20,2025-06-06,141.7
2025-05-17,21,2025-06-07,140.25
2025-05-17,22,2025-06-08,135.95
2025-05-17,23,2025-06-09,133.33
2025-05-17,24,2025-06-10,132.72
2025-05-17,25,2025-06-11,134.17
2025-05-17,26,2025-06-12,137.04
2025-05-17,27,2025-06-13,137.52
2025-05-17,28,2025-06-14,138.92
2025-05-17,29,2025-06-15,140.05
2025-05-17,30,2025-06-16,143.63
2025-05-18,1,2025-05-19,122.11
2025-05-18,2,2025-05-20,125.63
2025-05-18,3,2025-05-21,133.15
2025-05-18,4,2025-05-22,136.99
2025-05-18,5,2025-05-23,144.02
2025-05-18,6,2025-05-24,146.94
2025-05-18,7,2025-05-25,145.21
2025-05-18,8,2025-05-26,149.48
2025-05-18,9,2025-05-27,152.03
2025-05-18,10,2025-05-28,153.87
2025-05-18,11,2025-05-29,156.48
2025-05-18,12,2025-05-30,155.29
2025-05-18,13,2025-05-31,156.82
2025-05-18,14,2025-06-01,155.81
2025-05-18,15,2025-06-02,152.1
2025-05-18,16,2025-06-03,147.62
2025-05-18,17,2025-06-04,145.46
2025-05-18,18,2025-06-05,141.97
2025-05-18,19,2025-06-06,139.09
2025-05-18,20,2025-06-07,139.55
2025-05-18,21,2025-06-08,135.68
2025-05-18,22,2025-06-09,132.43
2025-05-18,23,2025-06-10,132.26
2025-05-18,24,2025-06-11,133.2
2025-05-18,25,2025-06-12,132.69
2025-05-18,26,2025-06-13,135.59
2025-05-18,27,2025-06-14,137.48
2025-05-18,28,2025-06-15,138.65
2025-05-18,29,2025-06-16,139.98
2025-05-18,30,2025-06-17,140.85
2025-05-19,1,2025-05-20,124.64
2025-05-19,2,2025-05-21,127.08
2025-05-19,3,2025-05-22,131.51
2025-05-19,4,2025-05-23,131.89
2025-05-19,5,2025-05-24,139.23
2025-05-19,6,2025-05-25,141.5
2025-05-19,7,2025-05-26,145.42
2025-05-19,8,2025-05-27,152.84
2025-05-19,9,2025-05-28,154.26
2025-05-19,10,2025-05-29,155.7
2025-05-19,11,2025-05-30,155.36
2025-05-19,12,2025-05-31,154.22
2025-05-19,13,2025-06-01,155.24
2025-05-19,14,2025-06-02,153.51
2025-05-19,15,2025-06-03,148.46
2025-05-19,16,2025-06-04,145.54
2025-05-19,17,2025-06-05,145.74
2025-05-19,18,2025-06-06,139.37
2025-05-19,19,2025-06-07,138.2
2025-05-19,20,2025-06-08,135.28
2025-05-19,21,2025-06-09,132.62
2025-05-19,22,2025-06-10,132.59
2025-05-19,23,2025-06-11,132.84
2025-05-19,24,2025-06-12,133.09
2025-05-19,25,2025-06-13,132.27
2025-05-19,26,2025-06-14,134.35
2025-05-19,27,2025-06-15,136.3
2025-05-19,28,2025-06-16,137.46
2025-05-19,29,2025-06-17,137.63
2025-05-19,30,2025-06-18,140.94
2025-05-20,1,2025-05-21,124.08
2025-05-20,2,2025-05-22,125.81
2025-05-20,3,2025-05-23,129.79
2025-05-20,4,2025-05-24,131.5
2025-05-20,5,2025-05-25,138.34
2025-05-20,6,2025-05-26,143.81
2025-05-20,7,2025-05-27,150.54
2025-05-20,8,2025-05-28,156.78
2025-05-20,9,2025-05-29,156.22
2025-05-20,10,2025-05-30,155.49
2025-05-20,11,2025-05-31,155.65
2025-05-20,12,2025-06-01,154.25
2025-05-20,13,2025-06-02,152.72
2025-05-20,14,2025-06-03,148.5
2025-05-20,15,2025-06-04,145.75
2025-05-20,16,2025-06-05,143.37
2025-05-20,17,2025-06-06,142.35
2025-05-20,18,2025-06-07,138.84
2025-05-20,19,2025-06-08,134.88
2025-05-20,20,2025-06-09,132.56
2025-05-20,21,2025-06-10,132.3
2025-05-20,22,2025-06-11,132.88
2025-05-20,23,2025-06-12,132.63
2025-05-20,24,2025-06-13,132.08
2025-05-20,25,2025-06-14,131.62
2025-05-20,26,2025-06-15,133.99
2025-05-20,27,2025-06-16,137.56
2025-05-20,28,2025-06-17,135.45
2025-05-20,29,2025-06-18,137.6
2025-05-20,30,2025-06-19,140.57
2025-05-21,1,2025-05-22,125.28
2025-05-21,2,2025-05-23,125.91
2025-05-21,3,2025-05-24,130.02
2025-05-21,4,2025-05-25,132.74
2025-05-21,5,2025-05-26,140.53
2025-05-21,6,2025-05-27,149.1
2025-05-21,7,2025-05-28,152.2
2025-05-21,8,2025-05-29,155.39
2025-05-21,9,2025-05-30,154.59
2025-05-21,10,2025-05-31,155.42
2025-05-21,11,2025-06-01,153.92
2025-05-21,12,2025-06-02,151.79
2025-05-21,13,2025-06-03,147.71
2025-05-21,14,2025-06-04,147.64
2025-05-21,15,2025-06-05,143.46
2025-05-21,16,2025-06-06,139.4
2025-05-21,17,2025-06-07,141.2
2025-05-21,18,2025-06-08,134.55
2025-05-21,19,2025-06-09,132.51
2025-05-21,20,2025-06-10,131.79
2025-05-21,21,2025-06-11,132.6
2025-05-21,22,2025-06-12,132.59
2025-05-21,23,2025-06-13,131.45
2025-05-21,24,2025-06-14,131.25
2025-05-21,25,2025-06-15,132.02
2025-05-21,26,2025-06-16,134.97
2025-05-21,27,2025-06-17,135.07
2025-05-21,28,2025-06-18,135.67
2025-05-21,29,2025-06-19,137.93
2025-05-21,30,2025-06-20,138.74
2025-05-22,1,2025-05-23,125.03
2025-05-22,2,2025-05-24,127.12
2025-05-22,3,2025-05-25,131.55
2025-05-22,4,2025-05-26,134.98
2025-05-22,5,2025-05-27,143.83
2025-05-22,6,2025-05-28,146.5
2025-05-22,7,2025-05-29,151.63
2025-05-22,8,2025-05-30,151.27
2025-05-22,9,2025-05-31,151.94
2025-05-22,10,2025-06-01,153.28
2025-05-22,11,2025-06-02,150.56
2025-05-22,12,2025-06-03,147.97
2025-05-22,13,2025-06-04,144.72
2025-05-22,14,2025-06-05,143.97
2025-05-22,15,2025-06-06,140.2
2025-05-22,16,2025-06-07,139.35
2025-05-22,17,2025-06-08,136.01
2025-05-22,18,2025-06-09,131.34
2025-05-22,19,2025-06-10,130.92
2025-05-22,20,2025-06-11,132.74
2025-05-22,21,2025-06-12,132.47
2025-05-22,22,2025-06-13,132.58
2025-05-22,23,2025-06-14,131.22
2025-05-22,24,2025-06-15,131.57
2025-05-22,25,2025-06-16,130.9
2025-05-22,26,2025-06-17,133.78
2025-05-22,27,2025-06-18,134.15
2025-05-22,28,2025-06-19,136.03
2025-05-22,29,2025-06-20,136.68
2025-05-22,30,2025-06-21,138.42
2025-05-23,1,2025-05-24,128.17
2025-05-23,2,2025-05-25,129.82
2025-05-23,3,2025-05-26,139.11
2025-05-23,4,2025-05-27,143.02
2025-05-23,5,2025-05-28,145.62
2025-05-23,6,2025-05-29,147.96
2025-05-23,7,2025-05-30,148.21
2025-05-23,8,2025-05-31,150.52
2025-05-23,9,2025-06-01,150.66
2025-05-23,10,2025-06-02,148.82
2025-05-23,11,2025-06-03,146.46
2025-05-23,12,2025-06-04,144.27
2025-05-23,13,2025-06-05,142.29
2025-05-23,14,2025-06-06,142.67
2025-05-23,15,2025-06-07,139.83
2025-05-23,16,2025-06-08,133.54
2025-05-23,17,2025-06-09,132.12
2025-05-23,18,2025-06-10,130.19
2025-05-23,19,2025-06-11,132.79
2025-05-23,20,2025-06-12,131.75
2025-05-23,21,2025-06-13,131.84
2025-05-23,22,2025-06-14,131.36
2025-05-23,23,2025-06-15,131.17
2025-05-23,24,2025-06-16,132.3
2025-05-23,25,2025-06-17,131.34
2025-05-23,26,2025-06-18,133.31
2025-05-23,27,2025-06-19,135.45
2025-05-23,28,2025-06-20,134.61
2025-05-23,29,2025-06-21,137.33
2025-05-23,30,2025-06-22,138.75
2025-05-24,1,2025-05-25,126.06
2025-05-24,2,2025-05-26,130.32
2025-05-24,3,2025-05-27,137.47
2025-05-24,4,2025-05-28,139.03
2025-05-24,5,2025-05-29,141.16
2025-05-24,6,2025-05-30,144.42
2025-05-24,7,2025-05-31,149.22
2025-05-24,8,2025-06-01,150.51
2025-05-24,9,2025-06-02,148.82
2025-05-24,10,2025-06-03,145.78
2025-05-24,11,2025-06-04,145.56
2025-05-24,12,2025-06-05,142.59
2025-05-24,13,2025-06-06,141.69
2025-05-24,14,2025-06-07,143.12
2025-05-24,15,2025-06-08,134.91
2025-05-24,16,2025-06-09,131.23
2025-05-24,17,2025-06-10,131.07
2025-05-24,18,2025-06-11,132.24
2025-05-24,19,2025-06-12,131.56
2025-05-24,20,2025-06-13,131.76
2025-05-24,21,2025-06-14,131.22
2025-05-24,22,2025-06-15,131.51
2025-05-24,23,2025-06-16,131.74
2025-05-24,24,2025-06-17,131.84
2025-05-24,25,2025-06-18,131.22
2025-05-24,26,2025-06-19,134.52
2025-05-24,27,2025-06-20,135.93
2025-05-24,28,2025-06-21,136.95
2025-05-24,29,2025-06-22,140.26
2025-05-24,30,2025-06-23,139.92
2025-05-25,1,2025-05-26,131.96
2025-05-25,2,2025-05-27,139.45
2025-05-25,3,2025-05-28,140.41
2025-05-25,4,2025-05-29,141.46
2025-05-25,5,2025-05-30,140.55
2025-05-25,6,2025-05-31,146.78
2025-05-25,7,2025-06-01,145.23
2025-05-25,8,2025-06-02,145.07
2025-05-25,9,2025-06-03,142.21
2025-05-25,10,2025-06-04,144.09
2025-05-25,11,2025-06-05,141.71
2025-05-25,12,2025-06-06,139.68
2025-05-25,13,2025-06-07,139.49
2025-05-25,14,2025-06-08,136.15
2025-05-25,15,2025-06-09,132.43
2025-05-25,16,2025-06-10,129.83
2025-05-25,17,2025-06-11,134.35
2025-05-25,18,2025-06-12,130.5
2025-05-25,19,2025-06-13,132.31
2025-05-25,20,2025-06-14,131.1
2025-05-25,21,2025-06-15,131.78
2025-05-25,22,2025-06-16,133.15
2025-05-25,23,2025-06-17,132.84
2025-05-25,24,2025-06-18,134.15
2025-05-25,25,2025-06-19,134.38
2025-05-25,26,2025-06-20,137.42
2025-05-25,27,2025-06-21,139.76
2025-05-25,28,2025-06-22,140.73
2025-05-25,29,2025-06-23,143.69
2025-05-25,30,2025-06-24,144.29
2025-05-26,1,2025-05-27,137.37
2025-05-26,2,2025-05-28,142.0
2025-05-26,3,2025-05-29,141.49
2025-05-26,4,2025-05-30,142.91
2025-05-26,5,2025-05-31,141.0
2025-05-26,6,2025-06-01,145.96
2025-05-26,7,2025-06-02,141.76
2025-05-26,8,2025-06-03,140.38
2025-05-26,9,2025-06-04,142.17
2025-05-26,10,2025-06-05,141.14
2025-05-26,11,2025-06-06,140.0
2025-05-26,12,2025-06-07,137.63
2025-05-26,13,2025-06-08,134.18
2025-05-26,14,2025-06-09,132.26
2025-05-26,15,2025-06-10,131.88
2025-05-26,16,2025-06-11,132.3
2025-05-26,17,2025-06-12,132.29
2025-05-26,18,2025-06-13,130.44
2025-05-26,19,2025-06-14,130.79
2025-05-26,20,2025-06-15,131.16
2025-05-26,21,2025-06-16,132.99
2025-05-26,22,2025-06-17,133.2
2025-05-26,23,2025-06-18,133.39
2025-05-26,24,2025-06-19,135.56
2025-05-26,25,2025-06-20,136.42
2025-05-26,26,2025-06-21,140.45
2025-05-26,27,2025-06-22,141.86
2025-05-26,28,2025-06-23,141.88
2025-05-26,29,2025-06-24,144.15
2025-05-26,30,2025-06-25,145.11
2025-05-27,1,2025-05-28,139.02
2025-05-27,2,2025-05-29,139.66
2025-05-27,3,2025-05-30,138.95
2025-05-27,4,2025-05-31,142.59
2025-05-27,5,2025-06-01,141.08
2025-05-27,6,2025-06-02,140.45
2025-05-27,7,2025-06-03,137.45
2025-05-27,8,2025-06-04,142.93
2025-05-27,9,2025-06-05,141.26
2025-05-27,10,2025-06-06,139.91
2025-05-27,11,2025-06-07,138.72
2025-05-27,12,2025-06-08,132.82
2025-05-27,13,2025-06-09,132.74
2025-05-27,14,2025-06-10,131.3
2025-05-27,15,2025-06-11,134.34
2025-05-27,16,2025-06-12,130.94
2025-05-27,17,2025-06-13,132.49
2025-05-27,18,2025-06-14,130.61
2025-05-27,19,2025-06-15,131.22
2025-05-27,20,2025-06-16,132.84
2025-05-27,21,2025-06-17,132.63
2025-05-27,22,2025-06-18,133.91
2025-05-27,23,2025-06-19,134.92
2025-05-27,24,2025-06-20,137.11
2025-05-27,25,2025-06-21,138.71
2025-05-27,26,2025-06-22,140.05
2025-05-27,27,2025-06-23,141.56
2025-05-27,28,2025-06-24,142.34
2025-05-27,29,2025-06-25,144.04
2025-05-27,30,2025-06-26,143.83
2025-05-28,1,2025-05-29,141.05
2025-05-28,2,2025-05-30,141.91
2025-05-28,3,2025-05-31,141.73
2025-05-28,4,2025-06-01,139.59
2025-05-28,5,2025-06-02,138.29
2025-05-28,6,2025-06-03,136.79
2025-05-28,7,2025-06-04,141.73
2025-05-28,8,2025-06-05,139.09
2025-05-28,9,2025-06-06,140.08
2025-05-28,10,2025-06-07,138.88
2025-05-28,11,2025-06-08,132.99
2025-05-28,12,2025-06-09,130.54
2025-05-28,13,2025-06-10,130.52
2025-05-28,14,2025-06-11,134.91
2025-05-28,15,2025-06-12,132.47
2025-05-28,16,2025-06-13,131.75
2025-05-28,17,2025-06-14,131.99
2025-05-28,18,2025-06-15,131.86
2025-05-28,19,2025-06-16,132.52
2025-05-28,20,2025-06-17,132.92
2025-05-28,21,2025-06-18,134.43
2025-05-28,22,2025-06-19,136.55
2025-05-28,23,2025-06-20,136.7
2025-05-28,24,2025-06-21,139.54
2025-05-28,25,2025-06-22,139.49
2025-05-28,26,2025-06-23,140.64
2025-05-28,27,2025-06-24,141.53
2025-05-28,28,2025-06-25,141.53
2025-05-28,29,2025-06-26,144.68
2025-05-28,30,2025-06-27,144.44
2025-05-29,1,2025-05-30,144.03
2025-05-29,2,2025-05-31,143.67
2025-05-29,3,2025-06-01,142.03
2025-05-29,4,2025-06-02,138.53
2025-05-29,5,2025-06-03,133.39
2025-05-29,6,2025-06-04,135.32
2025-05-29,7,2025-06-05,136.25
2025-05-29,8,2025-06-06,133.86
2025-05-29,9,2025-06-07,134.58
2025-05-29,10,2025-06-08,131.54
2025-05-29,11,2025-06-09,130.1
2025-05-29,12,2025-06-10,129.35
2025-05-29,13,2025-06-11,132.9
2025-05-29,14,2025-06-12,133.28
2025-05-29,15,2025-06-13,131.39
2025-05-29,16,2025-06-14,129.24
2025-05-29,17,2025-06-15,131.44
2025-05-29,18,2025-06-16,133.1
2025-05-29,19,2025-06-17,132.42
2025-05-29,20,2025-06-18,133.88
2025-05-29,21,2025-06-19,135.83
2025-05-29,22,2025-06-20,137.93
2025-05-29,23,2025-06-21,139.94
2025-05-29,24,2025-06-22,140.81
2025-05-29,25,2025-06-23,140.3
2025-05-29,26,2025-06-24,142.91
2025-05-29,27,2025-06-25,142.94
2025-05-29,28,2025-06-26,144.05
2025-05-29,29,2025-06-27,144.39
2025-05-29,30,2025-06-28,144.34
2025-05-30,1,2025-05-31,145.54
2025-05-30,2,2025-06-01,144.06
2025-05-30,3,2025-06-02,141.93
2025-05-30,4,2025-06-03,136.99
2025-05-30,5,2025-06-04,136.26
2025-05-30,6,2025-06-05,134.19
2025-05-30,7,2025-06-06,136.88
2025-05-30,8,2025-06-07,133.19
2025-05-30,9,2025-06-08,129.02
2025-05-30,10,2025-06-09,131.92
2025-05-30,11,2025-06-10,129.49
2025-05-30,12,2025-06-11,133.18
2025-05-30,13,2025-06-12,132.85
2025-05-30,14,2025-06-13,133.13
2025-05-30,15,2025-06-14,131.62
2025-05-30,16,2025-06-15,131.34
2025-05-30,17,2025-06-16,135.39
2025-05-30,18,2025-06-17,133.67
2025-05-30,19,2025-06-18,132.85
2025-05-30,20,2025-06-19,136.78
2025-05-30,21,2025-06-20,136.67
2025-05-30,22,2025-06-21,140.66
2025-05-30,23,2025-06-22,140.94
2025-05-30,24,2025-06-23,141.75
2025-05-30,25,2025-06-24,142.22
2025-05-30,26,2025-06-25,144.45
2025-05-30,27,2025-06-26,146.07
2025-05-30,28,2025-06-27,145.49
2025-05-30,29,2025-06-28,143.01
2025-05-30,30,2025-06-29,143.24
2025-05-31,1,2025-06-01,152.29
2025-05-31,2,2025-06-02,147.89
2025-05-31,3,2025-06-03,145.72
2025-05-31,4,2025-06-04,144.36
2025-05-31,5,2025-06-05,138.63
2025-05-31,6,2025-06-06,138.15
2025-05-31,7,2025-06-07,134.3
2025-05-31,8,2025-06-08,128.16
2025-05-31,9,2025-06-09,128.73
2025-05-31,10,2025-06-10,128.9
2025-05-31,11,2025-06-11,132.72
2025-05-31,12,2025-06-12,130.89
2025-05-31,13,2025-06-13,132.43
2025-05-31,14,2025-06-14,132.37
2025-05-31,15,2025-06-15,133.02
2025-05-31,16,2025-06-16,134.19
2025-05-31,17,2025-06-17,135.21
2025-05-31,18,2025-06-18,134.65
2025-05-31,19,2025-06-19,136.16
2025-05-31,20,2025-06-20,137.69
2025-05-31,21,2025-06-21,141.41
2025-05-31,22,2025-06-22,143.21
2025-05-31,23,2025-06-23,143.42
2025-05-31,24,2025-06-24,143.78
2025-05-31,25,2025-06-25,149.12
2025-05-31,26,2025-06-26,150.49
2025-05-31,27,2025-06-27,155.14
2025-05-31,28,2025-06-28,153.59
2025-05-31,29,2025-06-29,153.95
2025-05-31,30,2025-06-30,148.9
2025-06-01,1,2025-06-02,155.76
2025-06-01,2,2025-06-03,152.7
2025-06-01,3,2025-06-04,155.27
2025-06-01,4,2025-06-05,149.03
2025-06-01,5,2025-06-06,143.29
2025-06-01,6,2025-06-07,135.45
2025-06-01,7,2025-06-08,128.49
2025-06-01,8,2025-06-09,125.95
2025-06-01,9,2025-06-10,126.68
2025-06-01,10,2025-06-11,132.11
2025-06-01,11,2025-06-12,128.89
2025-06-01,12,2025-06-13,129.45
2025-06-01,13,2025-06-14,129.65
2025-06-01,14,2025-06-15,130.18
2025-06-01,15,2025-06-16,133.94
2025-06-01,16,2025-06-17,131.98
2025-06-01,17,2025-06-18,134.14
2025-06-01,18,2025-06-19,137.6
2025-06-01,19,2025-06-20,137.49
2025-06-01,20,2025-06-21,140.71
2025-06-01,21,2025-06-22,142.89
2025-06-01,22,2025-06-23,143.87
2025-06-01,23,2025-06-24,145.55
2025-06-01,24,2025-06-25,149.14
2025-06-01,25,2025-06-26,152.07
2025-06-01,26,2025-06-27,153.91
2025-06-01,27,2025-06-28,155.4
2025-06-01,28,2025-06-29,155.85
2025-06-01,29,2025-06-30,159.29
2025-06-01,30,2025-07-01,151.78
2025-06-02,1,2025-06-03,142.33
2025-06-02,2,2025-06-04,140.2
2025-06-02,3,2025-06-05,134.98
2025-06-02,4,2025-06-06,133.63
2025-06-02,5,2025-06-07,133.18
2025-06-02,6,2025-06-08,123.94
2025-06-02,7,2025-06-09,121.75
2025-06-02,8,2025-06-10,120.53
2025-06-02,9,2025-06-11,131.34
2025-06-02,10,2025-06-12,129.32
2025-06-02,11,2025-06-13,130.11
2025-06-02,12,2025-06-14,128.99
2025-06-02,13,2025-06-15,131.59
2025-06-02,14,2025-06-16,137.34
2025-06-02,15,2025-06-17,134.47
2025-06-02,16,2025-06-18,133.91
2025-06-02,17,2025-06-19,139.83
2025-06-02,18,2025-06-20,137.55
2025-06-02,19,2025-06-21,141.31
2025-06-02,20,2025-06-22,140.67
2025-06-02,21,2025-06-23,143.17
2025-06-02,22,2025-06-24,144.77
2025-06-02,23,2025-06-25,148.83
2025-06-02,24,2025-06-26,149.82
2025-06-02,25,2025-06-27,154.64
2025-06-02,26,2025-06-28,154.14
2025-06-02,27,2025-06-29,151.14
2025-06-02,28,2025-06-30,151.21
2025-06-02,29,2025-07-01,147.34
2025-06-02,30,2025-07-02,146.67
2025-06-03,1,2025-06-04,137.23
2025-06-03,2,2025-06-05,131.56
2025-06-03,3,2025-06-06,129.32
2025-06-03,4,2025-06-07,126.5
2025-06-03,5,2025-06-08,120.16
2025-06-03,6,2025-06-09,119.74
2025-06-03,7,2025-06-10,120.76
2025-06-03,8,2025-06-11,128.81
2025-06-03,9,2025-06-12,129.26
2025-06-03,10,2025-06-13,131.53
2025-06-03,11,2025-06-14,131.24
2025-06-03,12,2025-06-15,131.24
2025-06-03,13,2025-06-16,134.75
2025-06-03,14,2025-06-17,134.53
2025-06-03,15,2025-06-18,135.36
2025-06-03,16,2025-06-19,137.38
2025-06-03,17,2025-06-20,138.33
2025-06-03,18,2025-06-21,140.81
2025-06-03,19,2025-06-22,141.62
2025-06-03,20,2025-06-23,142.06
2025-06-03,21,2025-06-24,142.8
2025-06-03,22,2025-06-25,144.53
2025-06-03,23,2025-06-26,149.32
2025-06-03,24,2025-06-27,152.81
2025-06-03,25,2025-06-28,151.39
2025-06-03,26,2025-06-29,146.22
2025-06-03,27,2025-06-30,146.78
2025-06-03,28,2025-07-01,144.26
2025-06-03,29,2025-07-02,142.21
2025-06-03,30,2025-07-03,141.32
2025-06-04,1,2025-06-05,131.84
2025-06-04,2,2025-06-06,129.75
2025-06-04,3,2025-06-07,126.97
2025-06-04,4,2025-06-08,122.19
2025-06-04,5,2025-06-09,117.89
2025-06-04,6,2025-06-10,122.71
2025-06-04,7,2025-06-11,129.2
2025-06-04,8,2025-06-12,128.56
2025-06-04,9,2025-06-13,130.05
2025-06-04,10,2025-06-14,128.31
2025-06-04,11,2025-06-15,130.5
2025-06-04,12,2025-06-16,135.0
2025-06-04,13,2025-06-17,134.21
2025-06-04,14,2025-06-18,136.21
2025-06-04,15,2025-06-19,138.69
2025-06-04,16,2025-06-20,137.45
2025-06-04,17,2025-06-21,140.78
2025-06-04,18,2025-06-22,141.34
2025-06-04,19,2025-06-23,141.5
2025-06-04,20,2025-06-24,143.09
2025-06-04,21,2025-06-25,143.38
2025-06-04,22,2025-06-26,146.13
2025-06-04,23,2025-06-27,150.04
2025-06-04,24,2025-06-28,148.73
2025-06-04,25,2025-06-29,145.87
2025-06-04,26,2025-06-30,143.84
2025-06-04,27,2025-07-01,143.69
2025-06-04,28,2025-07-02,141.4
2025-06-04,29,2025-07-03,140.91
2025-06-04,30,2025-07-04,140.17
2025-06-05,1,2025-06-06,128.61
2025-06-05,2,2025-06-07,126.97
2025-06-05,3,2025-06-08,120.78
2025-06-05,4,2025-06-09,119.68
2025-06-05,5,2025-06-10,118.34
2025-06-05,6,2025-06-11,127.89
2025-06-05,7,2025-06-12,128.15
2025-06-05,8,2025-06-13,128.5
2025-06-05,9,2025-06-14,128.3
2025-06-05,10,2025-06-15,129.96
2025-06-05,11,2025-06-16,132.71
2025-06-05,12,2025-06-17,132.56
2025-06-05,13,2025-06-18,134.51
2025-06-05,14,2025-06-19,139.84
2025-06-05,15,2025-06-20,136.18
2025-06-05,16,2025-06-21,139.29
2025-06-05,17,2025-06-22,140.94
2025-06-05,18,2025-06-23,140.54
2025-06-05,19,2025-06-24,140.69
2025-06-05,20,2025-06-25,142.28
2025-06-05,21,2025-06-26,144.59
2025-06-05,22,2025-06-27,145.87
2025-06-05,23,2025-06-28,146.0
2025-06-05,24,2025-06-29,143.18
2025-06-05,25,2025-06-30,143.35
2025-06-05,26,2025-07-01,140.89
2025-06-05,27,2025-07-02,141.99
2025-06-05,28,2025-07-03,139.04
2025-06-05,29,2025-07-04,139.42
2025-06-05,30,2025-07-05,137.66
2025-06-06,1,2025-06-07,127.52
2025-06-06,2,2025-06-08,123.04
2025-06-06,3,2025-06-09,120.86
2025-06-06,4,2025-06-10,120.45
2025-06-06,5,2025-06-11,124.87
2025-06-06,6,2025-06-12,126.22
2025-06-06,7,2025-06-13,127.34
2025-06-06,8,2025-06-14,124.48
2025-06-06,9,2025-06-15,126.67
2025-06-06,10,2025-06-16,132.15
2025-06-06,11,2025-06-17,128.87
2025-06-06,12,2025-06-18,131.73
2025-06-06,13,2025-06-19,136.49
2025-06-06,14,2025-06-20,136.35
2025-06-06,15,2025-06-21,138.76
2025-06-06,16,2025-06-22,138.72
2025-06-06,17,2025-06-23,138.63
2025-06-06,18,2025-06-24,139.42
2025-06-06,19,2025-06-25,139.89
2025-06-06,20,2025-06-26,142.96
2025-06-06,21,2025-06-27,145.18
2025-06-06,22,2025-06-28,143.2
2025-06-06,23,2025-06-29,141.95
2025-06-06,24,2025-06-30,140.73
2025-06-06,25,2025-07-01,138.95
2025-06-06,26,2025-07-02,139.07
2025-06-06,27,2025-07-03,139.59
2025-06-06,28,2025-07-04,138.04
2025-06-06,29,2025-07-05,137.77
2025-06-06,30,2025-07-06,137.59
2025-06-07,1,2025-06-08,122.43
2025-06-07,2,2025-06-09,119.46
2025-06-07,3,2025-06-10,119.15
2025-06-07,4,2025-06-11,121.08
2025-06-07,5,2025-06-12,124.24
2025-06-07,6,2025-06-13,122.08
2025-06-07,7,2025-06-14,122.28
2025-06-07,8,2025-06-15,124.19
2025-06-07,9,2025-06-16,131.37
2025-06-07,10,2025-06-17,130.77
2025-06-07,11,2025-06-18,130.84
2025-06-07,12,2025-06-19,136.28
2025-06-07,13,2025-06-20,136.03
2025-06-07,14,2025-06-21,140.2
2025-06-07,15,2025-06-22,139.1
2025-06-07,16,2025-06-23,138.11
2025-06-07,17,2025-06-24,139.2
2025-06-07,18,2025-06-25,140.26
2025-06-07,19,2025-06-26,142.14
2025-06-07,20,2025-06-27,144.1
2025-06-07,21,2025-06-28,142.24
2025-06-07,22,2025-06-29,139.13
2025-06-07,23,2025-06-30,141.06
2025-06-07,24,2025-07-01,138.73
2025-06-07,25,2025-07-02,138.84
2025-06-07,26,2025-07-03,137.43
2025-06-07,27,2025-07-04,138.13
2025-06-07,28,2025-07-05,136.2
2025-06-07,29,2025-07-06,135.3
2025-06-07,30,2025-07-07,135.81
2025-06-08,1,2025-06-09,118.33
2025-06-08,2,2025-06-10,116.79
2025-06-08,3,2025-06-11,118.73
2025-06-08,4,2025-06-12,116.97
2025-06-08,5,2025-06-13,118.07
2025-06-08,6,2025-06-14,118.67
2025-06-08,7,2025-06-15,120.01
2025-06-08,8,2025-06-16,129.59
2025-06-08,9,2025-06-17,128.95
2025-06-08,10,2025-06-18,132.77
2025-06-08,11,2025-06-19,136.93
2025-06-08,12,2025-06-20,136.9
2025-06-08,13,2025-06-21,140.35
2025-06-08,14,2025-06-22,141.15
2025-06-08,15,2025-06-23,139.29
2025-06-08,16,2025-06-24,138.64
2025-06-08,17,2025-06-25,139.75
2025-06-08,18,2025-06-26,141.4
2025-06-08,19,2025-06-27,143.14
2025-06-08,20,2025-06-28,141.75
2025-06-08,21,2025-06-29,138.76
2025-06-08,22,2025-06-30,138.61
2025-06-08,23,2025-07-01,137.14
2025-06-08,24,2025-07-02,136.97
2025-06-08,25,2025-07-03,136.93
2025-06-08,26,2025-07-04,135.86
2025-06-08,27,2025-07-05,134.63
2025-06-08,28,2025-07-06,135.13
2025-06-08,29,2025-07-07,133.71
2025-06-08,30,2025-07-08,134.42
2025-06-09,1,2025-06-10,117.13
2025-06-09,2,2025-06-11,119.36
2025-06-09,3,2025-06-12,120.24
2025-06-09,4,2025-06-13,122.07
2025-06-09,5,2025-06-14,123.35
2025-06-09,6,2025-06-15,122.55
2025-06-09,7,2025-06-16,128.47
2025-06-09,8,2025-06-17,124.31
2025-06-09,9,2025-06-18,129.93
2025-06-09,10,2025-06-19,136.83
2025-06-09,11,2025-06-20,133.44
2025-06-09,12,2025-06-21,136.59
2025-06-09,13,2025-06-22,138.69
2025-06-09,14,2025-06-23,138.56
2025-06-09,15,2025-06-24,137.17
2025-06-09,16,2025-06-25,137.66
2025-06-09,17,2025-06-26,140.71
2025-06-09,18,2025-06-27,142.59
2025-06-09,19,2025-06-28,141.24
2025-06-09,20,2025-06-29,137.51
2025-06-09,21,2025-06-30,137.14
2025-06-09,22,2025-07-01,136.2
2025-06-09,23,2025-07-02,136.29
2025-06-09,24,2025-07-03,134.99
2025-06-09,25,2025-07-04,135.25
2025-06-09,26,2025-07-05,133.44
2025-06-09,27,2025-07-06,131.77
2025-06-09,28,2025-07-07,132.59
2025-06-09,29,2025-07-08,132.54
2025-06-09,30,2025-07-09,133.05
2025-06-10,1,2025-06-11,125.47
2025-06-10,2,2025-06-12,124.98
2025-06-10,3,2025-06-13,128.53
2025-06-10,4,2025-06-14,128.02
2025-06-10,5,2025-06-15,127.44
2025-06-10,6,2025-06-16,133.48
2025-06-10,7,2025-06-17,126.78
2025-06-10,8,2025-06-18,128.42
2025-06-10,9,2025-06-19,137.96
2025-06-10,10,2025-06-20,133.51
2025-06-10,11,2025-06-21,137.2
2025-06-10,12,2025-06-22,139.19
2025-06-10,13,2025-06-23,138.2
2025-06-10,14,2025-06-24,138.73
2025-06-10,15,2025-06-25,140.06
2025-06-10,16,2025-06-26,142.22
2025-06-10,17,2025-06-27,143.67
2025-06-10,18,2025-06-28,142.51
2025-06-10,19,2025-06-29,138.11
2025-06-10,20,2025-06-30,137.52
2025-06-10,21,2025-07-01,136.89
2025-06-10,22,2025-07-02,137.35
2025-06-10,23,2025-07-03,135.81
2025-06-10,24,2025-07-04,134.33
2025-06-10,25,2025-07-05,133.45
2025-06-10,26,2025-07-06,133.49
2025-06-10,27,2025-07-07,134.21
2025-06-10,28,2025-07-08,135.1
2025-06-10,29,2025-07-09,134.28
2025-06-10,30,2025-07-10,134.73
2025-06-11,1,2025-06-12,136.48
2025-06-11,2,2025-06-13,142.71
2025-06-11,3,2025-06-14,139.1
2025-06-11,4,2025-06-15,139.24
2025-06-11,5,2025-06-16,142.7
2025-06-11,6,2025-06-17,137.79
2025-06-11,7,2025-06-18,132.85
2025-06-11,8,2025-06-19,138.21
2025-06-11,9,2025-06-20,133.33
2025-06-11,10,2025-06-21,135.75
2025-06-11,11,2025-06-22,136.76
2025-06-11,12,2025-06-23,135.92
2025-06-11,13,2025-06-24,136.23
2025-06-11,14,2025-06-25,139.18
2025-06-11,15,2025-06-26,140.65
2025-06-11,16,2025-06-27,142.13
2025-06-11,17,2025-06-28,141.15
2025-06-11,18,2025-06-29,140.97
2025-06-11,19,2025-06-30,140.6
2025-06-11,20,2025-07-01,138.96
2025-06-11,21,2025-07-02,138.63
2025-06-11,22,2025-07-03,137.18
2025-06-11,23,2025-07-04,135.62
2025-06-11,24,2025-07-05,133.73
2025-06-11,25,2025-07-06,134.3
2025-06-11,26,2025-07-07,136.4
2025-06-11,27,2025-07-08,138.28
2025-06-11,28,2025-07-09,137.54
2025-06-11,29,2025-07-10,138.22
2025-06-11,30,2025-07-11,138.29
2025-06-12,1,2025-06-13,145.6
2025-06-12,2,2025-06-14,148.5
2025-06-12,3,2025-06-15,147.52
2025-06-12,4,2025-06-16,151.03
2025-06-12,5,2025-06-17,142.69
2025-06-12,6,2025-06-18,137.42
2025-06-12,7,2025-06-19,140.69
2025-06-12,8,2025-06-20,136.24
2025-06-12,9,2025-06-21,136.84
2025-06-12,10,2025-06-22,134.44
2025-06-12,11,2025-06-23,134.32
2025-06-12,12,2025-06-24,134.98
2025-06-12,13,2025-06-25,137.54
2025-06-12,14,2025-06-26,138.99
2025-06-12,15,2025-06-27,141.9
2025-06-12,16,2025-06-28,139.93
2025-06-12,17,2025-06-29,141.16
2025-06-12,18,2025-06-30,142.51
2025-06-12,19,2025-07-01,141.69
2025-06-12,20,2025-07-02,140.43
2025-06-12,21,2025-07-03,141.53
2025-06-12,22,2025-07-04,139.25
2025-06-12,23,2025-07-05,136.66
2025-06-12,24,2025-07-06,136.79
2025-06-12,25,2025-07-07,138.31
2025-06-12,26,2025-07-08,140.67
2025-06-12,27,2025-07-09,141.8
2025-06-12,28,2025-07-10,140.8
2025-06-12,29,2025-07-11,141.0
2025-06-12,30,2025-07-12,141.12
2025-06-13,1,2025-06-14,145.02
2025-06-13,2,2025-06-15,145.73
2025-06-13,3,2025-06-16,146.38
2025-06-13,4,2025-06-17,143.2
2025-06-13,5,2025-06-18,137.47
2025-06-13,6,2025-06-19,140.57
2025-06-13,7,2025-06-20,138.06
2025-06-13,8,2025-06-21,138.18
2025-06-13,9,2025-06-22,136.12
2025-06-13,10,2025-06-23,135.18
2025-06-13,11,2025-06-24,135.66
2025-06-13,12,2025-06-25,136.65
2025-06-13,13,2025-06-26,138.23
2025-06-13,14,2025-06-27,139.75
2025-06-13,15,2025-06-28,138.94
2025-06-13,16,2025-06-29,138.65
2025-06-13,17,2025-06-30,142.41
2025-06-13,18,2025-07-01,142.45
2025-06-13,19,2025-07-02,142.93
2025-06-13,20,2025-07-03,141.29
2025-06-13,21,2025-07-04,140.1
2025-06-13,22,2025-07-05,137.9
2025-06-13,23,2025-07-06,137.94
2025-06-13,24,2025-07-07,138.47
2025-06-13,25,2025-07-08,139.85
2025-06-13,26,2025-07-09,140.47
2025-06-13,27,2025-07-10,140.96
2025-06-13,28,2025-07-11,141.41
2025-06-13,29,2025-07-12,142.68
2025-06-13,30,2025-07-13,141.23
2025-06-14,1,2025-06-15,144.18
2025-06-14,2,2025-06-16,147.21
2025-06-14,3,2025-06-17,142.16
2025-06-14,4,2025-06-18,140.29
2025-06-14,5,2025-06-19,143.73
2025-06-14,6,2025-06-20,133.32
2025-06-14,7,2025-06-21,139.12
2025-06-14,8,2025-06-22,134.53
2025-06-14,9,2025-06-23,134.27
2025-06-14,10,2025-06-24,134.4
2025-06-14,11,2025-06-25,135.54
2025-06-14,12,2025-06-26,137.81
2025-06-14,13,2025-06-27,138.87
2025-06-14,14,2025-06-28,139.62
2025-06-14,15,2025-06-29,138.78
2025-06-14,16,2025-06-30,140.57
2025-06-14,17,2025-07-01,142.78
2025-06-14,18,2025-07-02,143.35
2025-06-14,19,2025-07-03,143.33
2025-06-14,20,2025-07-04,139.82
2025-06-14,21,2025-07-05,138.39
2025-06-14,22,2025-07-06,138.79
2025-06-14,23,2025-07-07,140.16
2025-06-14,24,2025-07-08,140.49
2025-06-14,25,2025-07-09,141.08
2025-06-14,26,2025-07-10,140.64
2025-06-14,27,2025-07-11,141.57
2025-06-14,28,2025-07-12,142.96
2025-06-14,29,2025-07-13,143.86
2025-06-14,30,2025-07-14,143.78
2025-06-15,1,2025-06-16,151.84
2025-06-15,2,2025-06-17,147.37
2025-06-15,3,2025-06-18,142.89
2025-06-15,4,2025-06-19,141.44
2025-06-15,5,2025-06-20,132.03
2025-06-15,6,2025-06-21,135.19
2025-06-15,7,2025-06-22,135.23
2025-06-15,8,2025-06-23,132.7
2025-06-15,9,2025-06-24,134.75
2025-06-15,10,2025-06-25,134.96
2025-06-15,11,2025-06-26,136.65
2025-06-15,12,2025-06-27,138.16
2025-06-15,13,2025-06-28,136.94
2025-06-15,14,2025-06-29,138.93
2025-06-15,15,2025-06-30,140.26
2025-06-15,16,2025-07-01,141.33
2025-06-15,17,2025-07-02,144.17
2025-06-15,18,2025-07-03,142.71
2025-06-15,19,2025-07-04,140.61
2025-06-15,20,2025-07-05,138.4
2025-06-15,21,2025-07-06,138.83
2025-06-15,22,2025-07-07,140.76
2025-06-15,23,2025-07-08,143.85
2025-06-15,24,2025-07-09,144.19
2025-06-15,25,2025-07-10,146.0
2025-06-15,26,2025-07-11,146.7
2025-06-15,27,2025-07-12,145.33
2025-06-15,28,2025-07-13,144.81
2025-06-15,29,2025-07-14,149.2
2025-06-15,30,2025-07-15,147.61
2025-06-16,1,2025-06-17,153.03
2025-06-16,2,2025-06-18,151.04
2025-06-16,3,2025-06-19,150.93
2025-06-16,4,2025-06-20,142.49
2025-06-16,5,2025-06-21,142.22
2025-06-16,6,2025-06-22,137.1
2025-06-16,7,2025-06-23,136.2
2025-06-16,8,2025-06-24,133.85
2025-06-16,9,2025-06-25,136.58
2025-06-16,10,2025-06-26,136.92
2025-06-16,11,2025-06-27,139.49
2025-06-16,12,2025-06-28,137.82
2025-06-16,13,2025-06-29,137.5
2025-06-16,14,2025-06-30,141.58
2025-06-16,15,2025-07-01,141.87
2025-06-16,16,2025-07-02,144.14
2025-06-16,17,2025-07-03,144.35
2025-06-16,18,2025-07-04,140.13
2025-06-16,19,2025-07-05,139.73
2025-06-16,20,2025-07-06,139.61
2025-06-16,21,2025-07-07,142.0
2025-06-16,22,2025-07-08,143.61
2025-06-16,23,2025-07-09,146.19
2025-06-16,24,2025-07-10,149.72
2025-06-16,25,2025-07-11,150.32
2025-06-16,26,2025-07-12,149.73
2025-06-16,27,2025-07-13,151.97
2025-06-16,28,2025-07-14,152.78
2025-06-16,29,2025-07-15,160.97
2025-06-16,30,2025-07-16,153.08
2025-06-17,1,2025-06-18,142.16
2025-06-17,2,2025-06-19,142.7
2025-06-17,3,2025-06-20,141.26
2025-06-17,4,2025-06-21,139.09
2025-06-17,5,2025-06-22,134.95
2025-06-17,6,2025-06-23,135.62
2025-06-17,7,2025-06-24,133.71
2025-06-17,8,2025-06-25,133.06
2025-06-17,9,2025-06-26,135.34
2025-06-17,10,2025-06-27,136.06
2025-06-17,11,2025-06-28,138.27
2025-06-17,12,2025-06-29,137.71
2025-06-17,13,2025-06-30,141.59
2025-06-17,14,2025-07-01,141.41
2025-06-17,15,2025-07-02,144.18
2025-06-17,16,2025-07-03,143.13
2025-06-17,17,2025-07-04,141.81
2025-06-17,18,2025-07-05,138.61
2025-06-17,19,2025-07-06,139.29
2025-06-17,20,2025-07-07,139.84
2025-06-17,21,2025-07-08,142.08
2025-06-17,22,2025-07-09,144.58
2025-06-17,23,2025-07-10,147.31
2025-06-17,24,2025-07-11,148.82
2025-06-17,25,2025-07-12,147.28
2025-06-17,26,2025-07-13,148.41
2025-06-17,27,2025-07-14,148.56
2025-06-17,28,2025-07-15,149.3
2025-06-17,29,2025-07-16,153.17
2025-06-17,30,2025-07-17,149.43
2025-06-18,1,2025-06-19,145.67
2025-06-18,2,2025-06-20,140.88
2025-06-18,3,2025-06-21,142.66
2025-06-18,4,2025-06-22,139.32
2025-06-18,5,2025-06-23,137.5
2025-06-18,6,2025-06-24,136.89
2025-06-18,7,2025-06-25,132.97
2025-06-18,8,2025-06-26,132.88
2025-06-18,9,2025-06-27,134.19
2025-06-18,10,2025-06-28,135.05
2025-06-18,11,2025-06-29,136.72
2025-06-18,12,2025-06-30,140.63
2025-06-18,13,2025-07-01,141.54
2025-06-18,14,2025-07-02,143.54
2025-06-18,15,2025-07-03,143.72
2025-06-18,16,2025-07-04,141.48
2025-06-18,17,2025-07-05,139.08
2025-06-18,18,2025-07-06,138.97
2025-06-18,19,2025-07-07,139.97
2025-06-18,20,2025-07-08,141.27
2025-06-18,21,2025-07-09,144.04
2025-06-18,22,2025-07-10,144.41
2025-06-18,23,2025-07-11,147.0
2025-06-18,24,2025-07-12,146.46
2025-06-18,25,2025-07-13,144.49
2025-06-18,26,2025-07-14,144.2
2025-06-18,27,2025-07-15,144.14
2025-06-18,28,2025-07-16,146.52
2025-06-18,29,2025-07-17,145.88
2025-06-18,30,2025-07-18,144.52
2025-06-19,1,2025-06-20,139.34
2025-06-19,2,2025-06-21,141.07
2025-06-19,3,2025-06-22,140.44
2025-06-19,4,2025-06-23,139.45
2025-06-19,5,2025-06-24,137.58
2025-06-19,6,2025-06-25,134.52
2025-06-19,7,2025-06-26,135.34
2025-06-19,8,2025-06-27,136.1
2025-06-19,9,2025-06-28,135.08
2025-06-19,10,2025-06-29,139.25
2025-06-19,11,2025-06-30,139.52
2025-06-19,12,2025-07-01,143.38
2025-06-19,13,2025-07-02,145.25
2025-06-19,14,2025-07-03,142.83
2025-06-19,15,2025-07-04,142.04
2025-06-19,16,2025-07-05,138.68
2025-06-19,17,2025-07-06,138.41
2025-06-19,18,2025-07-07,139.54
2025-06-19,19,2025-07-08,139.97
2025-06-19,20,2025-07-09,143.17
2025-06-19,21,2025-07-10,144.48
2025-06-19,22,2025-07-11,144.6
2025-06-19,23,2025-07-12,146.38
2025-06-19,24,2025-07-13,145.64
2025-06-19,25,2025-07-14,143.61
2025-06-19,26,2025-07-15,141.24
2025-06-19,27,2025-07-16,142.91
2025-06-19,28,2025-07-17,144.08
2025-06-19,29,2025-07-18,143.73
2025-06-19,30,2025-07-19,140.94
2025-06-20,1,2025-06-21,135.53
2025-06-20,2,2025-06-22,132.49
2025-06-20,3,2025-06-23,132.48
2025-06-20,4,2025-06-24,132.88
2025-06-20,5,2025-06-25,130.37
2025-06-20,6,2025-06-26,133.2
2025-06-20,7,2025-06-27,136.6
2025-06-20,8,2025-06-28,132.58
2025-06-20,9,2025-06-29,133.69
2025-06-20,10,2025-06-30,138.44
2025-06-20,11,2025-07-01,141.28
2025-06-20,12,2025-07-02,144.99
2025-06-20,13,2025-07-03,145.34
2025-06-20,14,2025-07-04,141.97
2025-06-20,15,2025-07-05,138.57
2025-06-20,16,2025-07-06,137.84
2025-06-20,17,2025-07-07,138.9
2025-06-20,18,2025-07-08,141.42
2025-06-20,19,2025-07-09,142.99
2025-06-20,20,2025-07-10,143.17
2025-06-20,21,2025-07-11,145.52
2025-06-20,22,2025-07-12,144.86
2025-06-20,23,2025-07-13,145.49
2025-06-20,24,2025-07-14,144.13
2025-06-20,25,2025-07-15,142.78
2025-06-20,26,2025-07-16,142.23
2025-06-20,27,2025-07-17,142.35
2025-06-20,28,2025-07-18,142.76
2025-06-20,29,2025-07-19,141.21
2025-06-20,30,2025-07-20,137.78
2025-06-21,1,2025-06-22,128.35
2025-06-21,2,2025-06-23,131.17
2025-06-21,3,2025-06-24,129.52
2025-06-21,4,2025-06-25,128.08
2025-06-21,5,2025-06-26,130.17
2025-06-21,6,2025-06-27,135.15
2025-06-21,7,2025-06-28,131.11
2025-06-21,8,2025-06-29,131.33
2025-06-21,9,2025-06-30,136.39
2025-06-21,10,2025-07-01,139.99
2025-06-21,11,2025-07-02,142.26
2025-06-21,12,2025-07-03,145.12
2025-06-21,13,2025-07-04,143.77
2025-06-21,14,2025-07-05,140.08
2025-06-21,15,2025-07-06,138.86
2025-06-21,16,2025-07-07,139.65
2025-06-21,17,2025-07-08,140.96
2025-06-21,18,2025-07-09,142.48
2025-06-21,19,2025-07-10,142.85
2025-06-21,20,2025-07-11,145.91
2025-06-21,21,2025-07-12,144.01
2025-06-21,22,2025-07-13,143.09
2025-06-21,23,2025-07-14,144.04
2025-06-21,24,2025-07-15,141.87
2025-06-21,25,2025-07-16,142.45
2025-06-21,26,2025-07-17,141.27
2025-06-21,27,2025-07-18,141.39
2025-06-21,28,2025-07-19,140.29
2025-06-21,29,2025-07-20,137.85
2025-06-21,30,2025-07-21,136.93
2025-06-22,1,2025-06-23,122.52
2025-06-22,2,2025-06-24,123.63
2025-06-22,3,2025-06-25,125.43
2025-06-22,4,2025-06-26,125.88
2025-06-22,5,2025-06-27,129.67
2025-06-22,6,2025-06-28,126.17
2025-06-22,7,2025-06-29,128.83
2025-06-22,8,2025-06-30,133.51
2025-06-22,9,2025-07-01,138.11
2025-06-22,10,2025-07-02,141.1
2025-06-22,11,2025-07-03,142.19
2025-06-22,12,2025-07-04,142.25
2025-06-22,13,2025-07-05,139.52
2025-06-22,14,2025-07-06,138.62
2025-06-22,15,2025-07-07,139.87
2025-06-22,16,2025-07-08,140.49
2025-06-22,17,2025-07-09,140.4
2025-06-22,18,2025-07-10,141.64
2025-06-22,19,2025-07-11,144.71
2025-06-22,20,2025-07-12,144.4
2025-06-22,21,2025-07-13,141.46
2025-06-22,22,2025-07-14,140.89
2025-06-22,23,2025-07-15,142.78
2025-06-22,24,2025-07-16,139.73
2025-06-22,25,2025-07-17,138.78
2025-06-22,26,2025-07-18,136.68
2025-06-22,27,2025-07-19,135.84
2025-06-22,28,2025-07-20,134.13
2025-06-22,29,2025-07-21,133.59
2025-06-22,30,2025-07-22,134.29
2025-06-23,1,2025-06-24,124.27
2025-06-23,2,2025-06-25,124.26
2025-06-23,3,2025-06-26,124.27
2025-06-23,4,2025-06-27,125.41
2025-06-23,5,2025-06-28,125.48
2025-06-23,6,2025-06-29,125.18
2025-06-23,7,2025-06-30,132.26
2025-06-23,8,2025-07-01,136.17
2025-06-23,9,2025-07-02,140.08
2025-06-23,10,2025-07-03,141.58
2025-06-23,11,2025-07-04,142.09
2025-06-23,12,2025-07-05,140.85
2025-06-23,13,2025-07-06,139.79
2025-06-23,14,2025-07-07,138.59
2025-06-23,15,2025-07-08,139.81
2025-06-23,16,2025-07-09,139.8
2025-06-23,17,2025-07-10,140.79
2025-06-23,18,2025-07-11,141.71
2025-06-23,19,2025-07-12,142.77
2025-06-23,20,2025-07-13,141.58
2025-06-23,21,2025-07-14,139.2
2025-06-23,22,2025-07-15,138.4
2025-06-23,23,2025-07-16,141.84
2025-06-23,24,2025-07-17,139.47
2025-06-23,25,2025-07-18,136.98
2025-06-23,26,2025-07-19,135.75
2025-06-23,27,2025-07-20,136.38
2025-06-23,28,2025-07-21,135.46
2025-06-23,29,2025-07-22,134.45
2025-06-23,30,2025-07-23,134.47
2025-06-24,1,2025-06-25,120.71
2025-06-24,2,2025-06-26,120.07
2025-06-24,3,2025-06-27,119.38
2025-06-24,4,2025-06-28,123.01
2025-06-24,5,2025-06-29,125.73
2025-06-24,6,2025-06-30,126.75
2025-06-24,7,2025-07-01,134.66
2025-06-24,8,2025-07-02,138.92
2025-06-24,9,2025-07-03,142.04
2025-06-24,10,2025-07-04,140.87
2025-06-24,11,2025-07-05,139.89
2025-06-24,12,2025-07-06,139.86
2025-06-24,13,2025-07-07,140.73
2025-06-24,14,2025-07-08,140.72
2025-06-24,15,2025-07-09,140.1
2025-06-24,16,2025-07-10,140.07
2025-06-24,17,2025-07-11,141.5
2025-06-24,18,2025-07-12,141.22
2025-06-24,19,2025-07-13,140.16
2025-06-24,20,2025-07-14,138.82
2025-06-24,21,2025-07-15,135.97
2025-06-24,22,2025-07-16,134.86
2025-06-24,23,2025-07-17,134.41
2025-06-24,24,2025-07-18,133.21
2025-06-24,25,2025-07-19,131.36
2025-06-24,26,2025-07-20,132.16
2025-06-24,27,2025-07-21,132.63
2025-06-24,28,2025-07-22,133.48
2025-06-24,29,2025-07-23,132.02
2025-06-24,30,2025-07-24,134.0
2025-06-25,1,2025-06-26,120.39
2025-06-25,2,2025-06-27,120.44
2025-06-25,3,2025-06-28,123.77
2025-06-25,4,2025-06-29,125.54
2025-06-25,5,2025-06-30,131.9
2025-06-25,6,2025-07-01,134.06
2025-06-25,7,2025-07-02,137.64
2025-06-25,8,2025-07-03,137.59
2025-06-25,9,2025-07-04,142.62
2025-06-25,10,2025-07-05,136.82
2025-06-25,11,2025-07-06,139.23
2025-06-25,12,2025-07-07,139.57
2025-06-25,13,2025-07-08,140.15
2025-06-25,14,2025-07-09,140.09
2025-06-25,15,2025-07-10,138.37
2025-06-25,16,2025-07-11,140.27
2025-06-25,17,2025-07-12,140.07
2025-06-25,18,2025-07-13,138.42
2025-06-25,19,2025-07-14,135.66
2025-06-25,20,2025-07-15,134.46
2025-06-25,21,2025-07-16,132.79
2025-06-25,22,2025-07-17,133.21
2025-06-25,23,2025-07-18,131.24
2025-06-25,24,2025-07-19,130.35
2025-06-25,25,2025-07-20,129.76
2025-06-25,26,2025-07-21,130.62
2025-06-25,27,2025-07-22,132.14
2025-06-25,28,2025-07-23,132.14
2025-06-25,29,2025-07-24,133.0
2025-06-25,30,2025-07-25,135.1
2025-06-26,1,2025-06-27,119.89
2025-06-26,2,2025-06-28,120.41
2025-06-26,3,2025-06-29,122.32
2025-06-26,4,2025-06-30,127.51
2025-06-26,5,2025-07-01,138.13
2025-06-26,6,2025-07-02,138.65
2025-06-26,7,2025-07-03,139.66
2025-06-26,8,2025-07-04,137.15
2025-06-26,9,2025-07-05,136.75
2025-06-26,10,2025-07-06,139.14
2025-06-26,11,2025-07-07,141.08
2025-06-26,12,2025-07-08,139.83
2025-06-26,13,2025-07-09,140.85
2025-06-26,14,2025-07-10,140.2
2025-06-26,15,2025-07-11,139.61
2025-06-26,16,2025-07-12,138.63
2025-06-26,17,2025-07-13,137.38
2025-06-26,18,2025-07-14,136.03
2025-06-26,19,2025-07-15,134.32
2025-06-26,20,2025-07-16,131.8
2025-06-26,21,2025-07-17,132.3
2025-06-26,22,2025-07-18,131.47
2025-06-26,23,2025-07-19,129.14
2025-06-26,24,2025-07-20,129.2
2025-06-26,25,2025-07-21,128.64
2025-06-26,26,2025-07-22,129.47
2025-06-26,27,2025-07-23,130.83
2025-06-26,28,2025-07-24,130.58
2025-06-26,29,2025-07-25,131.26
2025-06-26,30,2025-07-26,132.6
2025-06-27,1,2025-06-28,119.41
2025-06-27,2,2025-06-29,121.89
2025-06-27,3,2025-06-30,127.84
2025-06-27,4,2025-07-01,131.0
2025-06-27,5,2025-07-02,139.94
2025-06-27,6,2025-07-03,136.08
2025-06-27,7,2025-07-04,136.2
2025-06-27,8,2025-07-05,134.98
2025-06-27,9,2025-07-06,136.22
2025-06-27,10,2025-07-07,138.31
2025-06-27,11,2025-07-08,138.56
2025-06-27,12,2025-07-09,138.36
2025-06-27,13,2025-07-10,137.46
2025-06-27,14,2025-07-11,138.58
2025-06-27,15,2025-07-12,136.02
2025-06-27,16,2025-07-13,135.37
2025-06-27,17,2025-07-14,134.72
2025-06-27,18,2025-07-15,133.9
2025-06-27,19,2025-07-16,131.66
2025-06-27,20,2025-07-17,131.98
2025-06-27,21,2025-07-18,130.76
2025-06-27,22,2025-07-19,129.21
2025-06-27,23,2025-07-20,128.56
2025-06-27,24,2025-07-21,127.58
2025-06-27,25,2025-07-22,127.86
2025-06-27,26,2025-07-23,129.09
2025-06-27,27,2025-07-24,129.75
2025-06-27,28,2025-07-25,130.53
2025-06-27,29,2025-07-26,130.17
2025-06-27,30,2025-07-27,131.91
2025-06-28,1,2025-06-29,123.31
2025-06-28,2,2025-06-30,127.08
2025-06-28,3,2025-07-01,131.54
2025-06-28,4,2025-07-02,134.3
2025-06-28,5,2025-07-03,139.06
2025-06-28,6,2025-07-04,133.99
2025-06-28,7,2025-07-05,132.09
2025-06-28,8,2025-07-06,134.74
2025-06-28,9,2025-07-07,136.74
2025-06-28,10,2025-07-08,138.59
2025-06-28,11,2025-07-09,135.47
2025-06-28,12,2025-07-10,136.09
2025-06-28,13,2025-07-11,136.17
2025-06-28,14,2025-07-12,136.83
2025-06-28,15,2025-07-13,134.86
2025-06-28,16,2025-07-14,133.13
2025-06-28,17,2025-07-15,132.53
2025-06-28,18,2025-07-16,130.47
2025-06-28,19,2025-07-17,131.8
2025-06-28,20,2025-07-18,130.57
2025-06-28,21,2025-07-19,129.36
2025-06-28,22,2025-07-20,128.67
2025-06-28,23,2025-07-21,128.24
2025-06-28,24,2025-07-22,127.58
2025-06-28,25,2025-07-23,127.42
2025-06-28,26,2025-07-24,128.77
2025-06-28,27,2025-07-25,129.74
2025-06-28,28,2025-07-26,131.07
2025-06-28,29,2025-07-27,130.65
2025-06-28,30,2025-07-28,132.38
2025-06-29,1,2025-06-30,126.57
2025-06-29,2,2025-07-01,129.21
2025-06-29,3,2025-07-02,132.21
2025-06-29,4,2025-07-03,133.66
2025-06-29,5,2025-07-04,136.34
2025-06-29,6,2025-07-05,132.71
2025-06-29,7,2025-07-06,133.73
2025-06-29,8,2025-07-07,135.82
2025-06-29,9,2025-07-08,136.96
2025-06-29,10,2025-07-09,135.21
2025-06-29,11,2025-07-10,135.73
2025-06-29,12,2025-07-11,136.86
2025-06-29,13,2025-07-12,135.14
2025-06-29,14,2025-07-13,134.03
2025-06-29,15,2025-07-14,133.41
2025-06-29,16,2025-07-15,131.95
2025-06-29,17,2025-07-16,129.97
2025-06-29,18,2025-07-17,130.83
2025-06-29,19,2025-07-18,129.65
2025-06-29,20,2025-07-19,129.72
2025-06-29,21,2025-07-20,128.59
2025-06-29,22,2025-07-21,128.74
2025-06-29,23,2025-07-22,129.12
2025-06-29,24,2025-07-23,128.47
2025-06-29,25,2025-07-24,127.73
2025-06-29,26,2025-07-25,130.07
2025-06-29,27,2025-07-26,132.72
2025-06-29,28,2025-07-27,132.8
2025-06-29,29,2025-07-28,132.53
2025-06-29,30,2025-07-29,134.28
2025-06-30,1,2025-07-01,130.81
2025-06-30,2,2025-07-02,133.44
2025-06-30,3,2025-07-03,132.62
2025-06-30,4,2025-07-04,132.46
2025-06-30,5,2025-07-05,133.04
2025-06-30,6,2025-07-06,133.76
2025-06-30,7,2025-07-07,134.5
2025-06-30,8,2025-07-08,136.01
2025-06-30,9,2025-07-09,133.17
2025-06-30,10,2025-07-10,133.99
2025-06-30,11,2025-07-11,134.39
2025-06-30,12,2025-07-12,134.58
2025-06-30,13,2025-07-13,133.53
2025-06-30,14,2025-07-14,132.85
2025-06-30,15,2025-07-15,131.72
2025-06-30,16,2025-07-16,129.0
2025-06-30,17,2025-07-17,131.7
2025-06-30,18,2025-07-18,129.53
2025-06-30,19,2025-07-19,129.37
2025-06-30,20,2025-07-20,129.05
2025-06-30,21,2025-07-21,129.6
2025-06-30,22,2025-07-22,130.74
2025-06-30,23,2025-07-23,130.77
2025-06-30,24,2025-07-24,130.68
2025-06-30,25,2025-07-25,130.55
2025-06-30,26,2025-07-26,133.6
2025-06-30,27,2025-07-27,136.36
2025-06-30,28,2025-07-28,134.87
2025-06-30,29,2025-07-29,134.74
2025-06-30,30,2025-07-30,135.89
2025-07-01,1,2025-07-02,130.38
2025-07-01,2,2025-07-03,131.18
2025-07-01,3,2025-07-04,130.78
2025-07-01,4,2025-07-05,130.48
2025-07-01,5,2025-07-06,131.06
2025-07-01,6,2025-07-07,131.24
2025-07-01,7,2025-07-08,135.31
2025-07-01,8,2025-07-09,131.83
2025-07-01,9,2025-07-10,133.12
2025-07-01,10,2025-07-11,133.09
2025-07-01,11,2025-07-12,133.98
2025-07-01,12,2025-07-13,132.13
2025-07-01,13,2025-07-14,132.0
2025-07-01,14,2025-07-15,130.86
2025-07-01,15,2025-07-16,129.8
2025-07-01,16,2025-07-17,130.88
2025-07-01,17,2025-07-18,130.76
2025-07-01,18,2025-07-19,128.82
2025-07-01,19,2025-07-20,127.68
2025-07-01,20,2025-07-21,128.42
2025-07-01,21,2025-07-22,129.7
2025-07-01,22,2025-07-23,129.94
2025-07-01,23,2025-07-24,131.07
2025-07-01,24,2025-07-25,131.96
2025-07-01,25,2025-07-26,132.87
2025-07-01,26,2025-07-27,134.54
2025-07-01,27,2025-07-28,135.28
2025-07-01,28,2025-07-29,134.28
2025-07-01,29,2025-07-30,134.19
2025-07-01,30,2025-07-31,135.64
2025-07-02,1,2025-07-03,127.4
2025-07-02,2,2025-07-04,128.99
2025-07-02,3,2025-07-05,127.16
2025-07-02,4,2025-07-06,127.87
2025-07-02,5,2025-07-07,127.45
2025-07-02,6,2025-07-08,130.8
2025-07-02,7,2025-07-09,131.34
2025-07-02,8,2025-07-10,130.3
2025-07-02,9,2025-07-11,133.12
2025-07-02,10,2025-07-12,133.35
2025-07-02,11,2025-07-13,132.18
2025-07-02,12,2025-07-14,133.05
2025-07-02,13,2025-07-15,132.41
2025-07-02,14,2025-07-16,129.77
2025-07-02,15,2025-07-17,132.28
2025-07-02,16,2025-07-18,130.66
2025-07-02,17,2025-07-19,130.24
2025-07-02,18,2025-07-20,128.32
2025-07-02,19,2025-07-21,128.18
2025-07-02,20,2025-07-22,128.94
2025-07-02,21,2025-07-23,129.18
2025-07-02,22,2025-07-24,129.95
2025-07-02,23,2025-07-25,131.39
2025-07-02,24,2025-07-26,132.75
2025-07-02,25,2025-07-27,132.14
2025-07-02,26,2025-07-28,133.94
2025-07-02,27,2025-07-29,133.06
2025-07-02,28,2025-07-30,132.28
2025-07-02,29,2025-07-31,132.61
2025-07-02,30,2025-08-01,134.11
2025-07-03,1,2025-07-04,128.01
2025-07-03,2,2025-07-05,128.45
2025-07-03,3,2025-07-06,129.91
2025-07-03,4,2025-07-07,129.39
2025-07-03,5,2025-07-08,134.56
2025-07-03,6,2025-07-09,130.54
2025-07-03,7,2025-07-10,130.82
2025-07-03,8,2025-07-11,131.45
2025-07-03,9,2025-07-12,133.81
2025-07-03,10,2025-07-13,131.64
2025-07-03,11,2025-07-14,131.96
2025-07-03,12,2025-07-15,132.11
2025-07-03,13,2025-07-16,131.43
2025-07-03,14,2025-07-17,134.58
2025-07-03,15,2025-07-18,131.11
2025-07-03,16,2025-07-19,129.15
2025-07-03,17,2025-07-20,129.16
2025-07-03,18,2025-07-21,128.47
2025-07-03,19,2025-07-22,130.23
2025-07-03,20,2025-07-23,129.28
2025-07-03,21,2025-07-24,129.93
2025-07-03,22,2025-07-25,130.48
2025-07-03,23,2025-07-26,132.83
2025-07-03,24,2025-07-27,134.21
2025-07-03,25,2025-07-28,134.15
2025-07-03,26,2025-07-29,134.02
2025-07-03,27,2025-07-30,134.42
2025-07-03,28,2025-07-31,133.62
2025-07-03,29,2025-08-01,133.27
2025-07-03,30,2025-08-02,134.36
2025-07-04,1,2025-07-05,125.16
2025-07-04,2,2025-07-06,125.23
2025-07-04,3,2025-07-07,126.69
2025-07-04,4,2025-07-08,130.53
2025-07-04,5,2025-07-09,126.53
2025-07-04,6,2025-07-10,129.54
2025-07-04,7,2025-07-11,130.04
2025-07-04,8,2025-07-12,133.37
2025-07-04,9,2025-07-13,130.72
2025-07-04,10,2025-07-14,131.29
2025-07-04,11,2025-07-15,131.56
2025-07-04,12,2025-07-16,131.46
2025-07-04,13,2025-07-17,133.71
2025-07-04,14,2025-07-18,132.71
2025-07-04,15,2025-07-19,130.06
2025-07-04,16,2025-07-20,127.48
2025-07-04,17,2025-07-21,129.15
2025-07-04,18,2025-07-22,129.2
2025-07-04,19,2025-07-23,129.13
2025-07-04,20,2025-07-24,129.63
2025-07-04,21,2025-07-25,130.15
2025-07-04,22,2025-07-26,130.92
2025-07-04,23,2025-07-27,133.19
2025-07-04,24,2025-07-28,134.41
2025-07-04,25,2025-07-29,131.81
2025-07-04,26,2025-07-30,132.24
2025-07-04,27,2025-07-31,131.62
2025-07-04,28,2025-08-01,131.86
2025-07-04,29,2025-08-02,131.83
2025-07-04,30,2025-08-03,131.92
2025-07-05,1,2025-07-06,117.36
2025-07-05,2,2025-07-07,118.59
2025-07-05,3,2025-07-08,121.77
2025-07-05,4,2025-07-09,119.76
2025-07-05,5,2025-07-10,119.91
2025-07-05,6,2025-07-11,124.48
2025-07-05,7,2025-07-12,132.33
2025-07-05,8,2025-07-13,126.93
2025-07-05,9,2025-07-14,131.46
2025-07-05,10,2025-07-15,130.49
2025-07-05,11,2025-07-16,129.87
2025-07-05,12,2025-07-17,132.88
2025-07-05,13,2025-07-18,132.08
2025-07-05,14,2025-07-19,131.48
2025-07-05,15,2025-07-20,128.93
2025-07-05,16,2025-07-21,128.15
2025-07-05,17,2025-07-22,130.29
2025-07-05,18,2025-07-23,128.34
2025-07-05,19,2025-07-24,129.79
2025-07-05,20,2025-07-25,130.99
2025-07-05,21,2025-07-26,130.02
2025-07-05,22,2025-07-27,131.59
2025-07-05,23,2025-07-28,132.43
2025-07-05,24,2025-07-29,131.56
2025-07-05,25,2025-07-30,128.69
2025-07-05,26,2025-07-31,128.54
2025-07-05,27,2025-08-01,127.85
2025-07-05,28,2025-08-02,128.85
2025-07-05,29,2025-08-03,129.2
2025-07-05,30,2025-08-04,130.08
2025-07-06,1,2025-07-07,116.51
2025-07-06,2,2025-07-08,119.86
2025-07-06,3,2025-07-09,120.35
2025-07-06,4,2025-07-10,123.49
2025-07-06,5,2025-07-11,123.61
2025-07-06,6,2025-07-12,129.19
2025-07-06,7,2025-07-13,125.79
2025-07-06,8,2025-07-14,129.91
2025-07-06,9,2025-07-15,127.91
2025-07-06,10,2025-07-16,128.58
2025-07-06,11,2025-07-17,130.98
2025-07-06,12,2025-07-18,131.79
2025-07-06,13,2025-07-19,130.01
2025-07-06,14,2025-07-20,130.62
2025-07-06,15,2025-07-21,129.49
2025-07-06,16,2025-07-22,128.99
2025-07-06,17,2025-07-23,127.95
2025-07-06,18,2025-07-24,129.37
2025-07-06,19,2025-07-25,128.96
2025-07-06,20,2025-07-26,130.33
2025-07-06,21,2025-07-27,129.97
2025-07-06,22,2025-07-28,131.19
2025-07-06,23,2025-07-29,130.24
2025-07-06,24,2025-07-30,129.2
2025-07-06,25,2025-07-31,126.47
2025-07-06,26,2025-08-01,126.74
2025-07-06,27,2025-08-02,127.76
2025-07-06,28,2025-08-03,128.43
2025-07-06,29,2025-08-04,129.5
2025-07-06,30,2025-08-05,129.45
2025-07-07,1,2025-07-08,122.14
2025-07-07,2,2025-07-09,120.17
2025-07-07,3,2025-07-10,123.25
2025-07-07,4,2025-07-11,125.49
2025-07-07,5,2025-07-12,129.04
2025-07-07,6,2025-07-13,123.9
2025-07-07,7,2025-07-14,130.45
2025-07-07,8,2025-07-15,129.08
2025-07-07,9,2025-07-16,128.14
2025-07-07,10,2025-07-17,132.42
2025-07-07,11,2025-07-18,129.84
2025-07-07,12,2025-07-19,130.95
2025-07-07,13,2025-07-20,131.03
2025-07-07,14,2025-07-21,131.03
2025-07-07,15,2025-07-22,130.29
2025-07-07,16,2025-07-23,129.23
2025-07-07,17,2025-07-24,129.27
2025-07-07,18,2025-07-25,130.43
2025-07-07,19,2025-07-26,130.43
2025-07-07,20,2025-07-27,130.3
2025-07-07,21,2025-07-28,130.36
2025-07-07,22,2025-07-29,129.13
2025-07-07,23,2025-07-30,128.36
2025-07-07,24,2025-07-31,127.98
2025-07-07,25,2025-08-01,125.78
2025-07-07,26,2025-08-02,126.56
2025-07-07,27,2025-08-03,127.89
2025-07-07,28,2025-08-04,128.78
2025-07-07,29,2025-08-05,128.33
2025-07-07,30,2025-08-06,130.13
2025-07-08,1,2025-07-09,118.51
2025-07-08,2,2025-07-10,120.04
2025-07-08,3,2025-07-11,119.51
2025-07-08,4,2025-07-12,125.37
2025-07-08,5,2025-07-13,123.37
2025-07-08,6,2025-07-14,127.84
2025-07-08,7,2025-07-15,127.31
2025-07-08,8,2025-07-16,128.82
2025-07-08,9,2025-07-17,130.39
2025-07-08,10,2025-07-18,131.36
2025-07-08,11,2025-07-19,131.51
2025-07-08,12,2025-07-20,130.98
2025-07-08,13,2025-07-21,131.07
2025-07-08,14,2025-07-22,131.53
2025-07-08,15,2025-07-23,130.1
2025-07-08,16,2025-07-24,129.51
2025-07-08,17,2025-07-25,130.5
2025-07-08,18,2025-07-26,128.77
2025-07-08,19,2025-07-27,129.71
2025-07-08,20,2025-07-28,129.42
2025-07-08,21,2025-07-29,128.38
2025-07-08,22,2025-07-30,127.28
2025-07-08,23,2025-07-31,126.36
2025-07-08,24,2025-08-01,125.4
2025-07-08,25,2025-08-02,124.9
2025-07-08,26,2025-08-03,126.48
2025-07-08,27,2025-08-04,126.93
2025-07-08,28,2025-08-05,128.21
2025-07-08,29,2025-08-06,128.36
2025-07-08,30,2025-08-07,129.53
2025-07-09,1,2025-07-10,116.86
2025-07-09,2,2025-07-11,119.01
2025-07-09,3,2025-07-12,121.4
2025-07-09,4,2025-07-13,122.94
2025-07-09,5,2025-07-14,129.13
2025-07-09,6,2025-07-15,127.94
2025-07-09,7,2025-07-16,129.22
2025-07-09,8,2025-07-17,133.09
2025-07-09,9,2025-07-18,130.89
2025-07-09,10,2025-07-19,129.62
2025-07-09,11,2025-07-20,130.15
2025-07-09,12,2025-07-21,131.14
2025-07-09,13,2025-07-22,131.74
2025-07-09,14,2025-07-23,131.0
2025-07-09,15,2025-07-24,129.79
2025-07-09,16,2025-07-25,129.6
2025-07-09,17,2025-07-26,129.85
2025-07-09,18,2025-07-27,128.82
2025-07-09,19,2025-07-28,129.03
2025-07-09,20,2025-07-29,128.23
2025-07-09,21,2025-07-30,127.39
2025-07-09,22,2025-07-31,126.82
2025-07-09,23,2025-08-01,125.19
2025-07-09,24,2025-08-02,125.44
2025-07-09,25,2025-08-03,124.75
2025-07-09,26,2025-08-04,126.09
2025-07-09,27,2025-08-05,126.71
2025-07-09,28,2025-08-06,127.74
2025-07-09,29,2025-08-07,127.92
2025-07-09,30,2025-08-08,128.88
2025-07-10,1,2025-07-11,120.33
2025-07-10,2,2025-07-12,120.9
2025-07-10,3,2025-07-13,122.3
2025-07-10,4,2025-07-14,122.83
2025-07-10,5,2025-07-15,124.97
2025-07-10,6,2025-07-16,124.89
2025-07-10,7,2025-07-17,131.38
2025-07-10,8,2025-07-18,132.32
2025-07-10,9,2025-07-19,130.51
2025-07-10,10,2025-07-20,128.74
2025-07-10,11,2025-07-21,130.2
2025-07-10,12,2025-07-22,130.7
2025-07-10,13,2025-07-23,129.42
2025-07-10,14,2025-07-24,130.32
2025-07-10,15,2025-07-25,130.06
2025-07-10,16,2025-07-26,129.47
2025-07-10,17,2025-07-27,129.45
2025-07-10,18,2025-07-28,129.14
2025-07-10,19,2025-07-29,128.66
2025-07-10,20,2025-07-30,127.81
2025-07-10,21,2025-07-31,126.12
2025-07-10,22,2025-08-01,125.51
2025-07-10,23,2025-08-02,125.18
2025-07-10,24,2025-08-03,124.84
2025-07-10,25,2025-08-04,125.11
2025-07-10,26,2025-08-05,126.19
2025-07-10,27,2025-08-06,127.86
2025-07-10,28,2025-08-07,128.71
2025-07-10,29,2025-08-08,128.94
2025-07-10,30,2025-08-09,130.58
2025-07-11,1,2025-07-12,130.44
2025-07-11,2,2025-07-13,130.8
2025-07-11,3,2025-07-14,134.64
2025-07-11,4,2025-07-15,132.08
2025-07-11,5,2025-07-16,135.36
2025-07-11,6,2025-07-17,136.89
2025-07-11,7,2025-07-18,136.03
2025-07-11,8,2025-07-19,134.82
2025-07-11,9,2025-07-20,130.29
2025-07-11,10,2025-07-21,129.18
2025-07-11,11,2025-07-22,130.72
2025-07-11,12,2025-07-23,128.94
2025-07-11,13,2025-07-24,129.54
2025-07-11,14,2025-07-25,131.25
2025-07-11,15,2025-07-26,129.56
2025-07-11,16,2025-07-27,130.41
2025-07-11,17,2025-07-28,129.32
2025-07-11,18,2025-07-29,128.38
2025-07-11,19,2025-07-30,128.52
2025-07-11,20,2025-07-31,127.3
2025-07-11,21,2025-08-01,126.37
2025-07-11,22,2025-08-02,127.43
2025-07-11,23,2025-08-03,126.66
2025-07-11,24,2025-08-04,127.69
2025-07-11,25,2025-08-05,128.03
2025-07-11,26,2025-08-06,130.32
2025-07-11,27,2025-08-07,130.71
2025-07-11,28,2025-08-08,132.14
2025-07-11,29,2025-08-09,130.91
2025-07-11,30,2025-08-10,131.99
2025-07-12,1,2025-07-13,132.78
2025-07-12,2,2025-07-14,137.3
2025-07-12,3,2025-07-15,137.81
2025-07-12,4,2025-07-16,137.99
2025-07-12,5,2025-07-17,142.9
2025-07-12,6,2025-07-18,139.35
2025-07-12,7,2025-07-19,134.26
2025-07-12,8,2025-07-20,131.33
2025-07-12,9,2025-07-21,128.44
2025-07-12,10,2025-07-22,129.57
2025-07-12,11,2025-07-23,130.13
2025-07-12,12,2025-07-24,130.68
2025-07-12,13,2025-07-25,131.4
2025-07-12,14,2025-07-26,133.34
2025-07-12,15,2025-07-27,131.22
2025-07-12,16,2025-07-28,131.74
2025-07-12,17,2025-07-29,131.03
2025-07-12,18,2025-07-30,129.03
2025-07-12,19,2025-07-31,128.04
2025-07-12,20,2025-08-01,126.75
2025-07-12,21,2025-08-02,127.1
2025-07-12,22,2025-08-03,128.44
2025-07-12,23,2025-08-04,127.8
2025-07-12,24,2025-08-05,129.47
2025-07-12,25,2025-08-06,129.63
2025-07-12,26,2025-08-07,131.64
2025-07-12,27,2025-08-08,131.23
2025-07-12,28,2025-08-09,131.98
2025-07-12,29,2025-08-10,131.21
2025-07-12,30,2025-08-11,132.45
2025-07-13,1,2025-07-14,141.33
2025-07-13,2,2025-07-15,143.37
2025-07-13,3,2025-07-16,144.02
2025-07-13,4,2025-07-17,145.49
2025-07-13,5,2025-07-18,145.61
2025-07-13,6,2025-07-19,139.85
2025-07-13,7,2025-07-20,135.15
2025-07-13,8,2025-07-21,133.06
2025-07-13,9,2025-07-22,131.35
2025-07-13,10,2025-07-23,130.01
2025-07-13,11,2025-07-24,131.83
2025-07-13,12,2025-07-25,131.57
2025-07-13,13,2025-07-26,133.02
2025-07-13,14,2025-07-27,133.72
2025-07-13,15,2025-07-28,132.58
2025-07-13,16,2025-07-29,130.99
2025-07-13,17,2025-07-30,131.09
2025-07-13,18,2025-07-31,128.86
2025-07-13,19,2025-08-01,128.7
2025-07-13,20,2025-08-02,128.52
2025-07-13,21,2025-08-03,128.03
2025-07-13,22,2025-08-04,129.2
2025-07-13,23,2025-08-05,129.12
2025-07-13,24,2025-08-06,130.18
2025-07-13,25,2025-08-07,130.85
2025-07-13,26,2025-08-08,132.29
2025-07-13,27,2025-08-09,132.35
2025-07-13,28,2025-08-10,132.57
2025-07-13,29,2025-08-11,132.74
2025-07-13,30,2025-08-12,133.15
2025-07-14,1,2025-07-15,132.14
2025-07-14,2,2025-07-16,134.62
2025-07-14,3,2025-07-17,136.13
2025-07-14,4,2025-07-18,135.95
2025-07-14,5,2025-07-19,138.27
2025-07-14,6,2025-07-20,133.08
2025-07-14,7,2025-07-21,132.18
2025-07-14,8,2025-07-22,132.53
2025-07-14,9,2025-07-23,130.3
2025-07-14,10,2025-07-24,131.13
2025-07-14,11,2025-07-25,131.55
2025-07-14,12,2025-07-26,131.37
2025-07-14,13,2025-07-27,132.84
2025-07-14,14,2025-07-28,133.87
2025-07-14,15,2025-07-29,131.34
2025-07-14,16,2025-07-30,130.47
2025-07-14,17,2025-07-31,129.22
2025-07-14,18,2025-08-01,127.81
2025-07-14,19,2025-08-02,128.99
2025-07-14,20,2025-08-03,127.53
2025-07-14,21,2025-08-04,126.61
2025-07-14,22,2025-08-05,128.45
2025-07-14,23,2025-08-06,127.82
2025-07-14,24,2025-08-07,130.38
2025-07-14,25,2025-08-08,129.65
2025-07-14,26,2025-08-09,130.73
2025-07-14,27,2025-08-10,129.74
2025-07-14,28,2025-08-11,131.08
2025-07-14,29,2025-08-12,131.54
2025-07-14,30,2025-08-13,132.41
2025-07-15,1,2025-07-16,131.58
2025-07-15,2,2025-07-17,136.45
2025-07-15,3,2025-07-18,137.61
2025-07-15,4,2025-07-19,135.67
2025-07-15,5,2025-07-20,133.21
2025-07-15,6,2025-07-21,131.83
2025-07-15,7,2025-07-22,132.89
2025-07-15,8,2025-07-23,130.63
2025-07-15,9,2025-07-24,130.91
2025-07-15,10,2025-07-25,130.88
2025-07-15,11,2025-07-26,131.81
2025-07-15,12,2025-07-27,132.72
2025-07-15,13,2025-07-28,132.47
2025-07-15,14,2025-07-29,132.0
2025-07-15,15,2025-07-30,129.4
2025-07-15,16,2025-07-31,128.41
2025-07-15,17,2025-08-01,127.24
2025-07-15,18,2025-08-02,128.59
2025-07-15,19,2025-08-03,127.51
2025-07-15,20,2025-08-04,127.48
2025-07-15,21,2025-08-05,127.13
2025-07-15,22,2025-08-06,128.23
2025-07-15,23,2025-08-07,129.93
2025-07-15,24,2025-08-08,131.64
2025-07-15,25,2025-08-09,130.43
2025-07-15,26,2025-08-10,131.49
2025-07-15,27,2025-08-11,131.35
2025-07-15,28,2025-08-12,132.5
2025-07-15,29,2025-08-13,133.07
2025-07-15,30,2025-08-14,134.12
2025-07-16,1,2025-07-17,143.99
2025-07-16,2,2025-07-18,144.84
2025-07-16,3,2025-07-19,146.28
2025-07-16,4,2025-07-20,143.54
2025-07-16,5,2025-07-21,140.35
2025-07-16,6,2025-07-22,137.07
2025-07-16,7,2025-07-23,133.43
2025-07-16,8,2025-07-24,131.45
2025-07-16,9,2025-07-25,130.21
2025-07-16,10,2025-07-26,131.04
2025-07-16,11,2025-07-27,131.65
2025-07-16,12,2025-07-28,131.83
2025-07-16,13,2025-07-29,131.49
2025-07-16,14,2025-07-30,131.6
2025-07-16,15,2025-07-31,128.3
2025-07-16,16,2025-08-01,128.06
2025-07-16,17,2025-08-02,129.42
2025-07-16,18,2025-08-03,129.15
2025-07-16,19,2025-08-04,129.61
2025-07-16,20,2025-08-05,128.9
2025-07-16,21,2025-08-06,129.85
2025-07-16,22,2025-08-07,132.06
2025-07-16,23,2025-08-08,133.06
2025-07-16,24,2025-08-09,134.66
2025-07-16,25,2025-08-10,133.12
2025-07-16,26,2025-08-11,134.71
2025-07-16,27,2025-08-12,135.42
2025-07-16,28,2025-08-13,136.23
2025-07-16,29,2025-08-14,136.29
2025-07-16,30,2025-08-15,137.11
2025-07-17,1,2025-07-18,153.82
2025-07-17,2,2025-07-19,155.04
2025-07-17,3,2025-07-20,149.57
2025-07-17,4,2025-07-21,147.51
2025-07-17,5,2025-07-22,142.83
2025-07-17,6,2025-07-23,136.27
2025-07-17,7,2025-07-24,130.88
2025-07-17,8,2025-07-25,131.69
2025-07-17,9,2025-07-26,133.24
2025-07-17,10,2025-07-27,132.75
2025-07-17,11,2025-07-28,133.15
2025-07-17,12,2025-07-29,133.12
2025-07-17,13,2025-07-30,132.67
2025-07-17,14,2025-07-31,131.72
2025-07-17,15,2025-08-01,129.61
2025-07-17,16,2025-08-02,130.83
2025-07-17,17,2025-08-03,131.75
2025-07-17,18,2025-08-04,131.88
2025-07-17,19,2025-08-05,131.62
2025-07-17,20,2025-08-06,133.49
2025-07-17,21,2025-08-07,135.05
2025-07-17,22,2025-08-08,136.25
2025-07-17,23,2025-08-09,137.4
2025-07-17,24,2025-08-10,137.75
2025-07-17,25,2025-08-11,136.67
2025-07-17,26,2025-08-12,138.88
2025-07-17,27,2025-08-13,140.1
2025-07-17,28,2025-08-14,140.08
2025-07-17,29,2025-08-15,139.21
2025-07-17,30,2025-08-16,139.24
2025-07-18,1,2025-07-19,154.86
2025-07-18,2,2025-07-20,149.47
2025-07-18,3,2025-07-21,148.75
2025-07-18,4,2025-07-22,142.99
2025-07-18,5,2025-07-23,134.22
2025-07-18,6,2025-07-24,134.5
2025-07-18,7,2025-07-25,129.27
2025-07-18,8,2025-07-26,131.66
2025-07-18,9,2025-07-27,132.53
2025-07-18,10,2025-07-28,133.31
2025-07-18,11,2025-07-29,132.66
2025-07-18,12,2025-07-30,133.26
2025-07-18,13,2025-07-31,132.2
2025-07-18,14,2025-08-01,130.17
2025-07-18,15,2025-08-02,131.18
2025-07-18,16,2025-08-03,131.33
2025-07-18,17,2025-08-04,132.94
2025-07-18,18,2025-08-05,134.37
2025-07-18,19,2025-08-06,134.78
2025-07-18,20,2025-08-07,138.32
2025-07-18,21,2025-08-08,138.15
2025-07-18,22,2025-08-09,139.91
2025-07-18,23,2025-08-10,137.18
2025-07-18,24,2025-08-11,139.1
2025-07-18,25,2025-08-12,137.7
2025-07-18,26,2025-08-13,140.61
2025-07-18,27,2025-08-14,140.86
2025-07-18,28,2025-08-15,139.65
2025-07-18,29,2025-08-16,141.52
2025-07-18,30,2025-08-17,140.46
2025-07-19,1,2025-07-20,150.18
2025-07-19,2,2025-07-21,147.23
2025-07-19,3,2025-07-22,142.91
2025-07-19,4,2025-07-23,141.55
2025-07-19,5,2025-07-24,138.95
2025-07-19,6,2025-07-25,136.37
2025-07-19,7,2025-07-26,131.02
2025-07-19,8,2025-07-27,131.81
2025-07-19,9,2025-07-28,136.18
2025-07-19,10,2025-07-29,135.28
2025-07-19,11,2025-07-30,133.26
2025-07-19,12,2025-07-31,131.96
2025-07-19,13,2025-08-01,130.44
2025-07-19,14,2025-08-02,132.38
2025-07-19,15,2025-08-03,130.16
2025-07-19,16,2025-08-04,131.65
2025-07-19,17,2025-08-05,135.1
2025-07-19,18,2025-08-06,136.74
2025-07-19,19,2025-08-07,138.46
2025-07-19,20,2025-08-08,140.17
2025-07-19,21,2025-08-09,139.22
2025-07-19,22,2025-08-10,139.26
2025-07-19,23,2025-08-11,138.07
2025-07-19,24,2025-08-12,139.28
2025-07-19,25,2025-08-13,139.41
2025-07-19,26,2025-08-14,141.29
2025-07-19,27,2025-08-15,141.3
2025-07-19,28,2025-08-16,140.79
2025-07-19,29,2025-08-17,142.85
2025-07-19,30,2025-08-18,140.98
2025-07-20,1,2025-07-21,146.05
2025-07-20,2,2025-07-22,143.4
2025-07-20,3,2025-07-23,141.63
2025-07-20,4,2025-07-24,136.64
2025-07-20,5,2025-07-25,135.26
2025-07-20,6,2025-07-26,135.21
2025-07-20,7,2025-07-27,131.56
2025-07-20,8,2025-07-28,134.27
2025-07-20,9,2025-07-29,137.84
2025-07-20,10,2025-07-30,135.34
2025-07-20,11,2025-07-31,131.91
2025-07-20,12,2025-08-01,131.53
2025-07-20,13,2025-08-02,131.92
2025-07-20,14,2025-08-03,132.19
2025-07-20,15,2025-08-04,131.75
2025-07-20,16,2025-08-05,134.77
2025-07-20,17,2025-08-06,137.99
2025-07-20,18,2025-08-07,140.51
2025-07-20,19,2025-08-08,140.24
2025-07-20,20,2025-08-09,142.08
2025-07-20,21,2025-08-10,138.63
2025-07-20,22,2025-08-11,139.04
2025-07-20,23,2025-08-12,139.83
2025-07-20,24,2025-08-13,140.91
2025-07-20,25,2025-08-14,140.11
2025-07-20,26,2025-08-15,141.87
2025-07-20,27,2025-08-16,141.05
2025-07-20,28,2025-08-17,141.61
2025-07-20,29,2025-08-18,142.74
2025-07-20,30,2025-08-19,141.2
2025-07-21,1,2025-07-22,143.33
2025-07-21,2,2025-07-23,141.68
2025-07-21,3,2025-07-24,139.39
2025-07-21,4,2025-07-25,135.32
2025-07-21,5,2025-07-26,135.31
2025-07-21,6,2025-07-27,132.5
2025-07-21,7,2025-07-28,131.6
2025-07-21,8,2025-07-29,133.36
2025-07-21,9,2025-07-30,135.23
2025-07-21,10,2025-07-31,134.28
2025-07-21,11,2025-08-01,129.99
2025-07-21,12,2025-08-02,132.35
2025-07-21,13,2025-08-03,132.01
2025-07-21,14,2025-08-04,132.29
2025-07-21,15,2025-08-05,134.68
2025-07-21,16,2025-08-06,138.17
2025-07-21,17,2025-08-07,142.85
2025-07-21,18,2025-08-08,142.37
2025-07-21,19,2025-08-09,141.84
2025-07-21,20,2025-08-10,140.86
2025-07-21,21,2025-08-11,138.98
2025-07-21,22,2025-08-12,140.96
2025-07-21,23,2025-08-13,141.3
2025-07-21,24,2025-08-14,142.1
2025-07-21,25,2025-08-15,140.48
2025-07-21,26,2025-08-16,142.53
2025-07-21,27,2025-08-17,141.68
2025-07-21,28,2025-08-18,141.97
2025-07-21,29,2025-08-19,142.28
2025-07-21,30,2025-08-20,141.5
2025-07-22,1,2025-07-23,137.26
2025-07-22,2,2025-07-24,132.61
2025-07-22,3,2025-07-25,132.75
2025-07-22,4,2025-07-26,132.11
2025-07-22,5,2025-07-27,134.43
2025-07-22,6,2025-07-28,132.46
2025-07-22,7,2025-07-29,133.19
2025-07-22,8,2025-07-30,133.31
2025-07-22,9,2025-07-31,133.87
2025-07-22,10,2025-08-01,132.36
2025-07-22,11,2025-08-02,131.01
2025-07-22,12,2025-08-03,132.46
2025-07-22,13,2025-08-04,133.13
2025-07-22,14,2025-08-05,135.71
2025-07-22,15,2025-08-06,138.44
2025-07-22,16,2025-08-07,141.16
2025-07-22,17,2025-08-08,142.88
2025-07-22,18,2025-08-09,142.42
2025-07-22,19,2025-08-10,140.57
2025-07-22,20,2025-08-11,141.14
2025-07-22,21,2025-08-12,139.71
2025-07-22,22,2025-08-13,140.89
2025-07-22,23,2025-08-14,140.94
2025-07-22,24,2025-08-15,140.73
2025-07-22,25,2025-08-16,138.64
2025-07-22,26,2025-08-17,140.2
2025-07-22,27,2025-08-18,140.24
2025-07-22,28,2025-08-19,138.98
2025-07-22,29,2025-08-20,138.66
2025-07-22,30,2025-08-21,138.11
2025-07-23,1,2025-07-24,138.95
2025-07-23,2,2025-07-25,135.99
2025-07-23,3,2025-07-26,136.1
2025-07-23,4,2025-07-27,134.9
2025-07-23,5,2025-07-28,136.07
2025-07-23,6,2025-07-29,133.98
2025-07-23,7,2025-07-30,132.68
2025-07-23,8,2025-07-31,132.54
2025-07-23,9,2025-08-01,132.2
2025-07-23,10,2025-08-02,133.62
2025-07-23,11,2025-08-03,133.59
2025-07-23,12,2025-08-04,133.76
2025-07-23,13,2025-08-05,135.83
2025-07-23,14,2025-08-06,138.76
2025-07-23,15,2025-08-07,142.48
2025-07-23,16,2025-08-08,144.5
2025-07-23,17,2025-08-09,145.38
2025-07-23,18,2025-08-10,143.71
2025-07-23,19,2025-08-11,142.71
2025-07-23,20,2025-08-12,143.41
2025-07-23,21,2025-08-13,141.95
2025-07-23,22,2025-08-14,142.28
2025-07-23,23,2025-08-15,140.68
2025-07-23,24,2025-08-16,141.62
2025-07-23,25,2025-08-17,139.44
2025-07-23,26,2025-08-18,140.2
2025-07-23,27,2025-08-19,141.54
2025-07-23,28,2025-08-20,139.85
2025-07-23,29,2025-08-21,140.35
2025-07-23,30,2025-08-22,138.56
2025-07-24,1,2025-07-25,144.62
2025-07-24,2,2025-07-26,143.11
2025-07-24,3,2025-07-27,141.31
2025-07-24,4,2025-07-28,137.74
2025-07-24,5,2025-07-29,138.9
2025-07-24,6,2025-07-30,135.04
2025-07-24,7,2025-07-31,132.76
2025-07-24,8,2025-08-01,134.06
2025-07-24,9,2025-08-02,132.86
2025-07-24,10,2025-08-03,131.43
2025-07-24,11,2025-08-04,132.3
2025-07-24,12,2025-08-05,133.45
2025-07-24,13,2025-08-06,135.44
2025-07-24,14,2025-08-07,140.1
2025-07-24,15,2025-08-08,141.35
2025-07-24,16,2025-08-09,143.51
2025-07-24,17,2025-08-10,144.18
2025-07-24,18,2025-08-11,145.89
2025-07-24,19,2025-08-12,145.92
2025-07-24,20,2025-08-13,146.42
2025-07-24,21,2025-08-14,143.71
2025-07-24,22,2025-08-15,143.55
2025-07-24,23,2025-08-16,142.32
2025-07-24,24,2025-08-17,143.17
2025-07-24,25,2025-08-18,142.16
2025-07-24,26,2025-08-19,142.77
2025-07-24,27,2025-08-20,142.34
2025-07-24,28,2025-08-21,142.23
2025-07-24,29,2025-08-22,141.04
2025-07-24,30,2025-08-23,137.45
2025-07-25,1,2025-07-26,156.88
2025-07-25,2,2025-07-27,155.63
2025-07-25,3,2025-07-28,151.34
2025-07-25,4,2025-07-29,148.99
2025-07-25,5,2025-07-30,145.3
2025-07-25,6,2025-07-31,137.11
2025-07-25,7,2025-08-01,136.93
2025-07-25,8,2025-08-02,132.02
2025-07-25,9,2025-08-03,132.23
2025-07-25,10,2025-08-04,132.66
2025-07-25,11,2025-08-05,133.77
2025-07-25,12,2025-08-06,138.66
2025-07-25,13,2025-08-07,141.97
2025-07-25,14,2025-08-08,143.64
2025-07-25,15,2025-08-09,142.76
2025-07-25,16,2025-08-10,145.38
2025-07-25,17,2025-08-11,147.63
2025-07-25,18,2025-08-12,148.02
2025-07-25,19,2025-08-13,146.02
2025-07-25,20,2025-08-14,146.71
2025-07-25,21,2025-08-15,145.41
2025-07-25,22,2025-08-16,145.8
2025-07-25,23,2025-08-17,145.22
2025-07-25,24,2025-08-18,147.22
2025-07-25,25,2025-08-19,146.98
2025-07-25,26,2025-08-20,146.93
2025-07-25,27,2025-08-21,149.62
2025-07-25,28,2025-08-22,144.89
2025-07-25,29,2025-08-23,141.11
2025-07-25,30,2025-08-24,138.5
2025-07-26,1,2025-07-27,149.6
2025-07-26,2,2025-07-28,147.05
2025-07-26,3,2025-07-29,144.82
2025-07-26,4,2025-07-30,139.44
2025-07-26,5,2025-07-31,138.15
2025-07-26,6,2025-08-01,132.66
2025-07-26,7,2025-08-02,132.45
2025-07-26,8,2025-08-03,132.97
2025-07-26,9,2025-08-04,131.22
2025-07-26,10,2025-08-05,134.47
2025-07-26,11,2025-08-06,138.06
2025-07-26,12,2025-08-07,143.3
2025-07-26,13,2025-08-08,146.24
2025-07-26,14,2025-08-09,145.25
2025-07-26,15,2025-08-10,145.4
2025-07-26,16,2025-08-11,149.31
2025-07-26,17,2025-08-12,148.78
2025-07-26,18,2025-08-13,148.96
2025-07-26,19,2025-08-14,148.04
2025-07-26,20,2025-08-15,146.1
2025-07-26,21,2025-08-16,144.79
2025-07-26,22,2025-08-17,146.0
2025-07-26,23,2025-08-18,145.8
2025-07-26,24,2025-08-19,147.57
2025-07-26,25,2025-08-20,145.77
2025-07-26,26,2025-08-21,144.74
2025-07-26,27,2025-08-22,142.26
2025-07-26,28,2025-08-23,138.74
2025-07-26,29,2025-08-24,137.8
2025-07-26,30,2025-08-25,136.29
2025-07-27,1,2025-07-28,140.43
2025-07-27,2,2025-07-29,140.07
2025-07-27,3,2025-07-30,136.78
2025-07-27,4,2025-07-31,135.24
2025-07-27,5,2025-08-01,135.98
2025-07-27,6,2025-08-02,134.71
2025-07-27,7,2025-08-03,133.15
2025-07-27,8,2025-08-04,135.7
2025-07-27,9,2025-08-05,136.62
2025-07-27,10,2025-08-06,140.09
2025-07-27,11,2025-08-07,145.21
2025-07-27,12,2025-08-08,146.9
2025-07-27,13,2025-08-09,147.23
2025-07-27,14,2025-08-10,144.52
2025-07-27,15,2025-08-11,149.32
2025-07-27,16,2025-08-12,150.22
2025-07-27,17,2025-08-13,148.67
2025-07-27,18,2025-08-14,150.27
2025-07-27,19,2025-08-15,147.54
2025-07-27,20,2025-08-16,146.83
2025-07-27,21,2025-08-17,145.74
2025-07-27,22,2025-08-18,146.23
2025-07-27,23,2025-08-19,146.96
2025-07-27,24,2025-08-20,145.24
2025-07-27,25,2025-08-21,141.3
2025-07-27,26,2025-08-22,138.78
2025-07-27,27,2025-08-23,138.36
2025-07-27,28,2025-08-24,136.76
2025-07-27,29,2025-08-25,135.47
2025-07-27,30,2025-08-26,134.89
2025-07-28,1,2025-07-29,142.07
2025-07-28,2,2025-07-30,139.68
2025-07-28,3,2025-07-31,137.02
2025-07-28,4,2025-08-01,135.89
2025-07-28,5,2025-08-02,136.51
2025-07-28,6,2025-08-03,135.29
2025-07-28,7,2025-08-04,134.71
2025-07-28,8,2025-08-05,136.72
2025-07-28,9,2025-08-06,140.98
2025-07-28,10,2025-08-07,146.07
2025-07-28,11,2025-08-08,149.46
2025-07-28,12,2025-08-09,149.53
2025-07-28,13,2025-08-10,150.4
2025-07-28,14,2025-08-11,148.62
2025-07-28,15,2025-08-12,149.22
2025-07-28,16,2025-08-13,151.72
2025-07-28,17,2025-08-14,149.6
2025-07-28,18,2025-08-15,147.65
2025-07-28,19,2025-08-16,145.73
2025-07-28,20,2025-08-17,146.74
2025-07-28,21,2025-08-18,147.41
2025-07-28,22,2025-08-19,147.93
2025-07-28,23,2025-08-20,146.79
2025-07-28,24,2025-08-21,142.96
2025-07-28,25,2025-08-22,138.62
2025-07-28,26,2025-08-23,138.43
2025-07-28,27,2025-08-24,137.33
2025-07-28,28,2025-08-25,135.83
2025-07-28,29,2025-08-26,135.24
2025-07-28,30,2025-08-27,136.15
2025-07-29,1,2025-07-30,140.6
2025-07-29,2,2025-07-31,137.29
2025-07-29,3,2025-08-01,137.6
2025-07-29,4,2025-08-02,136.71
2025-07-29,5,2025-08-03,138.43
2025-07-29,6,2025-08-04,136.3
2025-07-29,7,2025-08-05,138.57
2025-07-29,8,2025-08-06,141.75
2025-07-29,9,2025-08-07,147.74
2025-07-29,10,2025-08-08,151.89
2025-07-29,11,2025-08-09,150.35
2025-07-29,12,2025-08-10,151.09
2025-07-29,13,2025-08-11,152.58
2025-07-29,14,2025-08-12,150.81
2025-07-29,15,2025-08-13,152.97
2025-07-29,16,2025-08-14,152.99
2025-07-29,17,2025-08-15,150.25
2025-07-29,18,2025-08-16,150.46
2025-07-29,19,2025-08-17,148.83
2025-07-29,20,2025-08-18,148.95
2025-07-29,21,2025-08-19,150.39
2025-07-29,22,2025-08-20,148.32
2025-07-29,23,2025-08-21,144.52
2025-07-29,24,2025-08-22,140.54
2025-07-29,25,2025-08-23,137.74
2025-07-29,26,2025-08-24,137.96
2025-07-29,27,2025-08-25,136.33
2025-07-29,28,2025-08-26,135.12
2025-07-29,29,2025-08-27,136.74
2025-07-29,30,2025-08-28,135.87
2025-07-30,1,2025-07-31,147.67
2025-07-30,2,2025-08-01,147.67
2025-07-30,3,2025-08-02,147.13
2025-07-30,4,2025-08-03,146.25
2025-07-30,5,2025-08-04,147.49
2025-07-30,6,2025-08-05,147.19
2025-07-30,7,2025-08-06,152.56
2025-07-30,8,2025-08-07,154.06
2025-07-30,9,2025-08-08,153.75
2025-07-30,10,2025-08-09,154.19
2025-07-30,11,2025-08-10,151.48
2025-07-30,12,2025-08-11,154.4
2025-07-30,13,2025-08-12,154.44
2025-07-30,14,2025-08-13,153.28
2025-07-30,15,2025-08-14,152.69
2025-07-30,16,2025-08-15,152.2
2025-07-30,17,2025-08-16,149.68
2025-07-30,18,2025-08-17,151.52
2025-07-30,19,2025-08-18,149.8
2025-07-30,20,2025-08-19,150.65
2025-07-30,21,2025-08-20,150.05
2025-07-30,22,2025-08-21,147.4
2025-07-30,23,2025-08-22,143.72
2025-07-30,24,2025-08-23,141.08
2025-07-30,25,2025-08-24,139.95
2025-07-30,26,2025-08-25,140.38
2025-07-30,27,2025-08-26,141.11
2025-07-30,28,2025-08-27,138.66
2025-07-30,29,2025-08-28,139.49
2025-07-30,30,2025-08-29,137.4
2025-07-31,1,2025-08-01,147.05
2025-07-31,2,2025-08-02,147.82
2025-07-31,3,2025-08-03,143.88
2025-07-31,4,2025-08-04,144.01
2025-07-31,5,2025-08-05,143.97
2025-07-31,6,2025-08-06,147.16
2025-07-31,7,2025-08-07,154.26
2025-07-31,8,2025-08-08,154.55
2025-07-31,9,2025-08-09,154.07
2025-07-31,10,2025-08-10,154.09
2025-07-31,11,2025-08-11,155.3
2025-07-31,12,2025-08-12,154.09
2025-07-31,13,2025-08-13,154.09
2025-07-31,14,2025-08-14,153.05
2025-07-31,15,2025-08-15,151.19
2025-07-31,16,2025-08-16,149.55
2025-07-31,17,2025-08-17,148.9
2025-07-31,18,2025-08-18,150.51
2025-07-31,19,2025-08-19,150.88
2025-07-31,20,2025-08-20,149.4
2025-07-31,21,2025-08-21,148.19
2025-07-31,22,2025-08-22,144.43
2025-07-31,23,2025-08-23,142.33
2025-07-31,24,2025-08-24,141.44
2025-07-31,25,2025-08-25,140.65
2025-07-31,26,2025-08-26,140.62
2025-07-31,27,2025-08-27,140.42
2025-07-31,28,2025-08-28,138.23
2025-07-31,29,2025-08-29,138.69
2025-07-31,30,2025-08-30,139.38
2025-08-01,1,2025-08-02,144.14
2025-08-01,2,2025-08-03,141.92
2025-08-01,3,2025-08-04,140.45
2025-08-01,4,2025-08-05,142.65
2025-08-01,5,2025-08-06,144.76
2025-08-01,6,2025-08-07,148.48
2025-08-01,7,2025-08-08,155.42
2025-08-01,8,2025-08-09,154.44
2025-08-01,9,2025-08-10,152.76
2025-08-01,10,2025-08-11,155.24
2025-08-01,11,2025-08-12,154.42
2025-08-01,12,2025-08-13,152.24
2025-08-01,13,2025-08-14,151.09
2025-08-01,14,2025-08-15,148.74
2025-08-01,15,2025-08-16,147.67
2025-08-01,16,2025-08-17,147.24
2025-08-01,17,2025-08-18,146.37
2025-08-01,18,2025-08-19,148.4
2025-08-01,19,2025-08-20,145.65
2025-08-01,20,2025-08-21,144.38
2025-08-01,21,2025-08-22,142.15
2025-08-01,22,2025-08-23,140.47
2025-08-01,23,2025-08-24,140.08
2025-08-01,24,2025-08-25,138.82
2025-08-01,25,2025-08-26,139.67
2025-08-01,26,2025-08-27,139.07
2025-08-01,27,2025-08-28,139.26
2025-08-01,28,2025-08-29,137.62
2025-08-01,29,2025-08-30,138.95
2025-08-01,30,2025-08-31,139.37
2025-08-02,1,2025-08-03,145.04
2025-08-02,2,2025-08-04,145.65
2025-08-02,3,2025-08-05,145.69
2025-08-02,4,2025-08-06,150.1
2025-08-02,5,2025-08-07,161.07
2025-08-02,6,2025-08-08,158.75
2025-08-02,7,2025-08-09,158.17
2025-08-02,8,2025-08-10,154.52
2025-08-02,9,2025-08-11,156.29
2025-08-02,10,2025-08-12,153.31
2025-08-02,11,2025-08-13,153.76
2025-08-02,12,2025-08-14,151.1
2025-08-02,13,2025-08-15,149.39
2025-08-02,14,2025-08-16,147.53
2025-08-02,15,2025-08-17,145.89
2025-08-02,16,2025-08-18,145.45
2025-08-02,17,2025-08-19,147.57
2025-08-02,18,2025-08-20,145.65
2025-08-02,19,2025-08-21,144.65
2025-08-02,20,2025-08-22,143.52
2025-08-02,21,2025-08-23,141.95
2025-08-02,22,2025-08-24,140.58
2025-08-02,23,2025-08-25,139.83
2025-08-02,24,2025-08-26,140.13
2025-08-02,25,2025-08-27,138.87
2025-08-02,26,2025-08-28,138.63
2025-08-02,27,2025-08-29,139.6
2025-08-02,28,2025-08-30,140.11
2025-08-02,29,2025-08-31,140.98
2025-08-02,30,2025-09-01,140.11
2025-08-03,1,2025-08-04,146.49
2025-08-03,2,2025-08-05,147.09
2025-08-03,3,2025-08-06,148.79
2025-08-03,4,2025-08-07,150.83
2025-08-03,5,2025-08-08,154.09
2025-08-03,6,2025-08-09,151.2
2025-08-03,7,2025-08-10,150.91
2025-08-03,8,2025-08-11,153.21
2025-08-03,9,2025-08-12,154.9
2025-08-03,10,2025-08-13,153.46
2025-08-03,11,2025-08-14,152.94
2025-08-03,12,2025-08-15,150.73
2025-08-03,13,2025-08-16,147.57
2025-08-03,14,2025-08-17,148.18
2025-08-03,15,2025-08-18,144.04
2025-08-03,16,2025-08-19,146.38
2025-08-03,17,2025-08-20,145.82
2025-08-03,18,2025-08-21,145.78
2025-08-03,19,2025-08-22,144.59
2025-08-03,20,2025-08-23,142.91
2025-08-03,21,2025-08-24,143.18
2025-08-03,22,2025-08-25,142.53
2025-08-03,23,2025-08-26,141.48
2025-08-03,24,2025-08-27,140.07
2025-08-03,25,2025-08-28,139.04
2025-08-03,26,2025-08-29,139.55
2025-08-03,27,2025-08-30,140.38
2025-08-03,28,2025-08-31,141.55
2025-08-03,29,2025-09-01,141.69
2025-08-03,30,2025-09-02,142.11
2025-08-04,1,2025-08-05,143.23
2025-08-04,2,2025-08-06,142.49
2025-08-04,3,2025-08-07,145.31
2025-08-04,4,2025-08-08,149.41
2025-08-04,5,2025-08-09,151.01
2025-08-04,6,2025-08-10,149.68
2025-08-04,7,2025-08-11,151.71
2025-08-04,8,2025-08-12,152.73
2025-08-04,9,2025-08-13,152.04
2025-08-04,10,2025-08-14,151.68
2025-08-04,11,2025-08-15,149.95
2025-08-04,12,2025-08-16,148.73
2025-08-04,13,2025-08-17,147.51
2025-08-04,14,2025-08-18,147.0
2025-08-04,15,2025-08-19,145.9
2025-08-04,16,2025-08-20,145.69
2025-08-04,17,2025-08-21,146.56
2025-08-04,18,2025-08-22,145.49
2025-08-04,19,2025-08-23,143.15
2025-08-04,20,2025-08-24,143.16
2025-08-04,21,2025-08-25,143.14
2025-08-04,22,2025-08-26,142.97
2025-08-04,23,2025-08-27,140.67
2025-08-04,24,2025-08-28,139.47
2025-08-04,25,2025-08-29,139.7
2025-08-04,26,2025-08-30,139.75
2025-08-04,27,2025-08-31,140.4
2025-08-04,28,2025-09-01,141.16
2025-08-04,29,2025-09-02,141.98
2025-08-04,30,2025-09-03,143.43
2025-08-05,1,2025-08-06,142.81
2025-08-05,2,2025-08-07,141.3
2025-08-05,3,2025-08-08,145.96
2025-08-05,4,2025-08-09,143.16
2025-08-05,5,2025-08-10,144.96
2025-08-05,6,2025-08-11,146.95
2025-08-05,7,2025-08-12,147.34
2025-08-05,8,2025-08-13,149.64
2025-08-05,9,2025-08-14,149.64
2025-08-05,10,2025-08-15,148.01
2025-08-05,11,2025-08-16,147.12
2025-08-05,12,2025-08-17,147.79
2025-08-05,13,2025-08-18,147.32
2025-08-05,14,2025-08-19,145.3
2025-08-05,15,2025-08-20,144.57
2025-08-05,16,2025-08-21,144.42
2025-08-05,17,2025-08-22,146.98
2025-08-05,18,2025-08-23,145.11
2025-08-05,19,2025-08-24,144.89
2025-08-05,20,2025-08-25,144.46
2025-08-05,21,2025-08-26,141.52
2025-08-05,22,2025-08-27,140.81
2025-08-05,23,2025-08-28,140.09
2025-08-05,24,2025-08-29,139.17
2025-08-05,25,2025-08-30,138.65
2025-08-05,26,2025-08-31,139.55
2025-08-05,27,2025-09-01,140.0
2025-08-05,28,2025-09-02,140.57
2025-08-05,29,2025-09-03,142.25
2025-08-05,30,2025-09-04,142.44
2025-08-06,1,2025-08-07,159.83
2025-08-06,2,2025-08-08,157.49
2025-08-06,3,2025-08-09,158.5
2025-08-06,4,2025-08-10,156.25
2025-08-06,5,2025-08-11,155.24
2025-08-06,6,2025-08-12,148.6
2025-08-06,7,2025-08-13,147.98
2025-08-06,8,2025-08-14,148.84
2025-08-06,9,2025-08-15,148.5
2025-08-06,10,2025-08-16,148.16
2025-08-06,11,2025-08-17,147.81
2025-08-06,12,2025-08-18,146.71
2025-08-06,13,2025-08-19,147.12
2025-08-06,14,2025-08-20,146.19
2025-08-06,15,2025-08-21,147.71
2025-08-06,16,2025-08-22,145.85
2025-08-06,17,2025-08-23,145.24
2025-08-06,18,2025-08-24,146.2
2025-08-06,19,2025-08-25,145.48
2025-08-06,20,2025-08-26,144.66
2025-08-06,21,2025-08-27,143.54
2025-08-06,22,2025-08-28,142.7
2025-08-06,23,2025-08-29,143.05
2025-08-06,24,2025-08-30,143.28
2025-08-06,25,2025-08-31,142.43
2025-08-06,26,2025-09-01,143.59
2025-08-06,27,2025-09-02,145.06
2025-08-06,28,2025-09-03,146.59
2025-08-06,29,2025-09-04,149.38
2025-08-06,30,2025-09-05,145.92
2025-08-07,1,2025-08-08,159.63
2025-08-07,2,2025-08-09,161.66
2025-08-07,3,2025-08-10,161.24
2025-08-07,4,2025-08-11,159.15
2025-08-07,5,2025-08-12,156.96
2025-08-07,6,2025-08-13,152.72
2025-08-07,7,2025-08-14,151.22
2025-08-07,8,2025-08-15,148.25
2025-08-07,9,2025-08-16,151.98
2025-08-07,10,2025-08-17,151.42
2025-08-07,11,2025-08-18,147.87
2025-08-07,12,2025-08-19,148.9
2025-08-07,13,2025-08-20,147.64
2025-08-07,14,2025-08-21,146.89
2025-08-07,15,2025-08-22,148.1
2025-08-07,16,2025-08-23,145.28
2025-08-07,17,2025-08-24,148.22
2025-08-07,18,2025-08-25,147.48
2025-08-07,19,2025-08-26,145.22
2025-08-07,20,2025-08-27,145.25
2025-08-07,21,2025-08-28,143.61
2025-08-07,22,2025-08-29,144.66
2025-08-07,23,2025-08-30,145.08
2025-08-07,24,2025-08-31,145.36
2025-08-07,25,2025-09-01,144.16
2025-08-07,26,2025-09-02,146.67
2025-08-07,27,2025-09-03,148.17
2025-08-07,28,2025-09-04,149.67
2025-08-07,29,2025-09-05,149.65
2025-08-07,30,2025-09-06,148.19
2025-08-08,1,2025-08-09,152.46
2025-08-08,2,2025-08-10,154.62
2025-08-08,3,2025-08-11,154.63
2025-08-08,4,2025-08-12,150.97
2025-08-08,5,2025-08-13,149.89
2025-08-08,6,2025-08-14,146.36
2025-08-08,7,2025-08-15,145.77
2025-08-08,8,2025-08-16,148.52
2025-08-08,9,2025-08-17,150.15
2025-08-08,10,2025-08-18,148.7
2025-08-08,11,2025-08-19,149.54
2025-08-08,12,2025-08-20,149.77
2025-08-08,13,2025-08-21,148.76
2025-08-08,14,2025-08-22,148.36
2025-08-08,15,2025-08-23,147.11
2025-08-08,16,2025-08-24,150.16
2025-08-08,17,2025-08-25,150.97
2025-08-08,18,2025-08-26,148.75
2025-08-08,19,2025-08-27,145.79
2025-08-08,20,2025-08-28,145.57
2025-08-08,21,2025-08-29,143.57
2025-08-08,22,2025-08-30,145.59
2025-08-08,23,2025-08-31,145.6
2025-08-08,24,2025-09-01,145.36
2025-08-08,25,2025-09-02,145.77
2025-08-08,26,2025-09-03,148.49
2025-08-08,27,2025-09-04,147.36
2025-08-08,28,2025-09-05,148.84
2025-08-08,29,2025-09-06,147.8
2025-08-08,30,2025-09-07,147.05
2025-08-09,1,2025-08-10,147.89
2025-08-09,2,2025-08-11,145.36
2025-08-09,3,2025-08-12,143.18
2025-08-09,4,2025-08-13,141.73
2025-08-09,5,2025-08-14,142.49
2025-08-09,6,2025-08-15,140.8
2025-08-09,7,2025-08-16,147.81
2025-08-09,8,2025-08-17,149.01
2025-08-09,9,2025-08-18,148.07
2025-08-09,10,2025-08-19,148.54
2025-08-09,11,2025-08-20,151.31
2025-08-09,12,2025-08-21,150.27
2025-08-09,13,2025-08-22,150.32
2025-08-09,14,2025-08-23,146.83
2025-08-09,15,2025-08-24,149.24
2025-08-09,16,2025-08-25,149.05
2025-08-09,17,2025-08-26,148.99
2025-08-09,18,2025-08-27,147.54
2025-08-09,19,2025-08-28,146.06
2025-08-09,20,2025-08-29,144.55
2025-08-09,21,2025-08-30,144.49
2025-08-09,22,2025-08-31,146.3
2025-08-09,23,2025-09-01,145.18
2025-08-09,24,2025-09-02,146.58
2025-08-09,25,2025-09-03,144.14
2025-08-09,26,2025-09-04,143.79
2025-08-09,27,2025-09-05,144.23
2025-08-09,28,2025-09-06,144.82
2025-08-09,29,2025-09-07,143.85
2025-08-09,30,2025-09-08,142.97
2025-08-10,1,2025-08-11,142.45
2025-08-10,2,2025-08-12,141.59
2025-08-10,3,2025-08-13,141.81
2025-08-10,4,2025-08-14,139.77
2025-08-10,5,2025-08-15,143.02
2025-08-10,6,2025-08-16,144.33
2025-08-10,7,2025-08-17,146.56
2025-08-10,8,2025-08-18,148.14
2025-08-10,9,2025-08-19,150.25
2025-08-10,10,2025-08-20,149.97
2025-08-10,11,2025-08-21,150.56
2025-08-10,12,2025-08-22,149.75
2025-08-10,13,2025-08-23,149.87
2025-08-10,14,2025-08-24,147.82
2025-08-10,15,2025-08-25,148.59
2025-08-10,16,2025-08-26,146.97
2025-08-10,17,2025-08-27,148.94
2025-08-10,18,2025-08-28,147.05
2025-08-10,19,2025-08-29,145.94
2025-08-10,20,2025-08-30,145.83
2025-08-10,21,2025-08-31,146.22
2025-08-10,22,2025-09-01,145.06
2025-08-10,23,2025-09-02,144.26
2025-08-10,24,2025-09-03,145.46
2025-08-10,25,2025-09-04,141.61
2025-08-10,26,2025-09-05,142.05
2025-08-10,27,2025-09-06,141.84
2025-08-10,28,2025-09-07,140.88
2025-08-10,29,2025-09-08,140.42
2025-08-10,30,2025-09-09,141.84
2025-08-11,1,2025-08-12,151.19
2025-08-11,2,2025-08-13,147.92
2025-08-11,3,2025-08-14,147.98
2025-08-11,4,2025-08-15,145.49
2025-08-11,5,2025-08-16,149.08
2025-08-11,6,2025-08-17,147.72
2025-08-11,7,2025-08-18,148.36
2025-08-11,8,2025-08-19,149.55
2025-08-11,9,2025-08-20,149.33
2025-08-11,10,2025-08-21,148.7
2025-08-11,11,2025-08-22,151.12
2025-08-11,12,2025-08-23,149.5
2025-08-11,13,2025-08-24,150.67
2025-08-11,14,2025-08-25,150.81
2025-08-11,15,2025-08-26,148.18
2025-08-11,16,2025-08-27,147.54
2025-08-11,17,2025-08-28,149.53
2025-08-11,18,2025-08-29,147.53
2025-08-11,19,2025-08-30,147.3
2025-08-11,20,2025-08-31,149.2
2025-08-11,21,2025-09-01,147.02
2025-08-11,22,2025-09-02,149.44
2025-08-11,23,2025-09-03,147.67
2025-08-11,24,2025-09-04,148.03
2025-08-11,25,2025-09-05,146.67
2025-08-11,26,2025-09-06,147.19
2025-08-11,27,2025-09-07,147.09
2025-08-11,28,2025-09-08,144.99
2025-08-11,29,2025-09-09,143.93
2025-08-11,30,2025-09-10,144.07
2025-08-12,1,2025-08-13,147.78
2025-08-12,2,2025-08-14,145.43
2025-08-12,3,2025-08-15,145.97
2025-08-12,4,2025-08-16,146.72
2025-08-12,5,2025-08-17,148.32
2025-08-12,6,2025-08-18,145.21
2025-08-12,7,2025-08-19,147.23
2025-08-12,8,2025-08-20,147.38
2025-08-12,9,2025-08-21,150.21
2025-08-12,10,2025-08-22,152.89
2025-08-12,11,2025-08-23,151.67
2025-08-12,12,2025-08-24,151.71
2025-08-12,13,2025-08-25,153.48
2025-08-12,14,2025-08-26,149.69
2025-08-12,15,2025-08-27,147.49
2025-08-12,16,2025-08-28,149.0
2025-08-12,17,2025-08-29,149.38
2025-08-12,18,2025-08-30,149.44
2025-08-12,19,2025-08-31,150.0
2025-08-12,20,2025-09-01,149.85
2025-08-12,21,2025-09-02,149.46
2025-08-12,22,2025-09-03,148.98
2025-08-12,23,2025-09-04,145.35
2025-08-12,24,2025-09-05,146.82
2025-08-12,25,2025-09-06,143.17
2025-08-12,26,2025-09-07,144.87
2025-08-12,27,2025-09-08,143.7
2025-08-12,28,2025-09-09,141.73
2025-08-12,29,2025-09-10,142.16
2025-08-12,30,2025-09-11,142.9
2025-08-13,1,2025-08-14,151.2
2025-08-13,2,2025-08-15,149.63
2025-08-13,3,2025-08-16,150.83
2025-08-13,4,2025-08-17,152.19
2025-08-13,5,2025-08-18,151.48
2025-08-13,6,2025-08-19,148.32
2025-08-13,7,2025-08-20,149.63
2025-08-13,8,2025-08-21,149.99
2025-08-13,9,2025-08-22,153.81
2025-08-13,10,2025-08-23,151.75
2025-08-13,11,2025-08-24,154.05
2025-08-13,12,2025-08-25,155.22
2025-08-13,13,2025-08-26,152.41
2025-08-13,14,2025-08-27,151.32
2025-08-13,15,2025-08-28,150.77
2025-08-13,16,2025-08-29,147.93
2025-08-13,17,2025-08-30,150.68
2025-08-13,18,2025-08-31,152.45
2025-08-13,19,2025-09-01,151.81
2025-08-13,20,2025-09-02,154.02
2025-08-13,21,2025-09-03,150.75
2025-08-13,22,2025-09-04,150.27
2025-08-13,23,2025-09-05,148.26
2025-08-13,24,2025-09-06,146.73
2025-08-13,25,2025-09-07,146.43
2025-08-13,26,2025-09-08,146.67
2025-08-13,27,2025-09-09,148.44
2025-08-13,28,2025-09-10,145.67
2025-08-13,29,2025-09-11,144.62
2025-08-13,30,2025-09-12,144.46
2025-08-14,1,2025-08-15,142.63
2025-08-14,2,2025-08-16,140.98
2025-08-14,3,2025-08-17,142.37
2025-08-14,4,2025-08-18,145.44
2025-08-14,5,2025-08-19,148.62
2025-08-14,6,2025-08-20,149.21
2025-08-14,7,2025-08-21,153.85
2025-08-14,8,2025-08-22,157.21
2025-08-14,9,2025-08-23,157.05
2025-08-14,10,2025-08-24,154.75
2025-08-14,11,2025-08-25,156.11
2025-08-14,12,2025-08-26,154.85
2025-08-14,13,2025-08-27,152.73
2025-08-14,14,2025-08-28,150.92
2025-08-14,15,2025-08-29,148.23
2025-08-14,16,2025-08-30,147.77
2025-08-14,17,2025-08-31,152.43
2025-08-14,18,2025-09-01,151.54
2025-08-14,19,2025-09-02,153.63
2025-08-14,20,2025-09-03,150.81
2025-08-14,21,2025-09-04,146.28
2025-08-14,22,2025-09-05,146.76
2025-08-14,23,2025-09-06,145.28
2025-08-14,24,2025-09-07,144.13
2025-08-14,25,2025-09-08,141.71
2025-08-14,26,2025-09-09,142.43
2025-08-14,27,2025-09-10,141.57
2025-08-14,28,2025-09-11,140.2
2025-08-14,29,2025-09-12,141.04
2025-08-14,30,2025-09-13,141.86
2025-08-15,1,2025-08-16,133.02
2025-08-15,2,2025-08-17,135.0
2025-08-15,3,2025-08-18,135.9
2025-08-15,4,2025-08-19,137.84
2025-08-15,5,2025-08-20,143.89
2025-08-15,6,2025-08-21,146.84
2025-08-15,7,2025-08-22,157.38
2025-08-15,8,2025-08-23,155.5
2025-08-15,9,2025-08-24,155.93
2025-08-15,10,2025-08-25,157.77
2025-08-15,11,2025-08-26,154.72
2025-08-15,12,2025-08-27,153.49
2025-08-15,13,2025-08-28,151.84
2025-08-15,14,2025-08-29,149.8
2025-08-15,15,2025-08-30,148.84
2025-08-15,16,2025-08-31,149.02
2025-08-15,17,2025-09-01,151.39
2025-08-15,18,2025-09-02,151.39
2025-08-15,19,2025-09-03,150.9
2025-08-15,20,2025-09-04,147.56
2025-08-15,21,2025-09-05,144.97
2025-08-15,22,2025-09-06,142.87
2025-08-15,23,2025-09-07,142.77
2025-08-15,24,2025-09-08,139.74
2025-08-15,25,2025-09-09,138.31
2025-08-15,26,2025-09-10,137.89
2025-08-15,27,2025-09-11,137.78
2025-08-15,28,2025-09-12,137.1
2025-08-15,29,2025-09-13,136.26
2025-08-15,30,2025-09-14,139.12
2025-08-16,1,2025-08-17,125.51
2025-08-16,2,2025-08-18,125.74
2025-08-16,3,2025-08-19,130.8
2025-08-16,4,2025-08-20,132.79
2025-08-16,5,2025-08-21,141.87
2025-08-16,6,2025-08-22,148.42
2025-08-16,7,2025-08-23,152.51
2025-08-16,8,2025-08-24,154.02
2025-08-16,9,2025-08-25,157.05
2025-08-16,10,2025-08-26,155.83
2025-08-16,11,2025-08-27,153.07
2025-08-16,12,2025-08-28,153.16
2025-08-16,13,2025-08-29,150.36
2025-08-16,14,2025-08-30,150.53
2025-08-16,15,2025-08-31,149.6
2025-08-16,16,2025-09-01,149.11
2025-08-16,17,2025-09-02,154.32
2025-08-16,18,2025-09-03,150.21
2025-08-16,19,2025-09-04,145.09
2025-08-16,20,2025-09-05,144.57
2025-08-16,21,2025-09-06,140.59
2025-08-16,22,2025-09-07,141.2
2025-08-16,23,2025-09-08,137.6
2025-08-16,24,2025-09-09,137.23
2025-08-16,25,2025-09-10,133.85
2025-08-16,26,2025-09-11,134.25
2025-08-16,27,2025-09-12,133.19
2025-08-16,28,2025-09-13,134.64
2025-08-16,29,2025-09-14,136.42
2025-08-16,30,2025-09-15,138.36
2025-08-17,1,2025-08-18,121.6
2025-08-17,2,2025-08-19,122.51
2025-08-17,3,2025-08-20,125.9
2025-08-17,4,2025-08-21,126.85
2025-08-17,5,2025-08-22,143.46
2025-08-17,6,2025-08-23,144.38
2025-08-17,7,2025-08-24,147.9
2025-08-17,8,2025-08-25,156.15
2025-08-17,9,2025-08-26,155.85
2025-08-17,10,2025-08-27,155.88
2025-08-17,11,2025-08-28,154.3
2025-08-17,12,2025-08-29,153.35
2025-08-17,13,2025-08-30,152.68
2025-08-17,14,2025-08-31,153.41
2025-08-17,15,2025-09-01,150.39
2025-08-17,16,2025-09-02,151.74
2025-08-17,17,2025-09-03,150.8
2025-08-17,18,2025-09-04,146.99
2025-08-17,19,2025-09-05,145.34
2025-08-17,20,2025-09-06,142.98
2025-08-17,21,2025-09-07,140.28
2025-08-17,22,2025-09-08,139.07
2025-08-17,23,2025-09-09,135.92
2025-08-17,24,2025-09-10,134.73
2025-08-17,25,2025-09-11,131.66
2025-08-17,26,2025-09-12,132.25
2025-08-17,27,2025-09-13,133.21
2025-08-17,28,2025-09-14,134.98
2025-08-17,29,2025-09-15,136.24
2025-08-17,30,2025-09-16,138.23
2025-08-18,1,2025-08-19,118.54
2025-08-18,2,2025-08-20,120.2
2025-08-18,3,2025-08-21,123.1
2025-08-18,4,2025-08-22,131.74
2025-08-18,5,2025-08-23,138.73
2025-08-18,6,2025-08-24,144.53
2025-08-18,7,2025-08-25,148.82
2025-08-18,8,2025-08-26,154.39
2025-08-18,9,2025-08-27,157.27
2025-08-18,10,2025-08-28,157.0
2025-08-18,11,2025-08-29,154.61
2025-08-18,12,2025-08-30,155.25
2025-08-18,13,2025-08-31,155.34
2025-08-18,14,2025-09-01,155.07
2025-08-18,15,2025-09-02,152.23
2025-08-18,16,2025-09-03,149.11
2025-08-18,17,2025-09-04,149.07
2025-08-18,18,2025-09-05,145.25
2025-08-18,19,2025-09-06,144.26
2025-08-18,20,2025-09-07,143.16
2025-08-18,21,2025-09-08,138.77
2025-08-18,22,2025-09-09,136.03
2025-08-18,23,2025-09-10,132.4
2025-08-18,24,2025-09-11,131.3
2025-08-18,25,2025-09-12,129.12
2025-08-18,26,2025-09-13,129.75
2025-08-18,27,2025-09-14,130.9
2025-08-18,28,2025-09-15,133.8
2025-08-18,29,2025-09-16,134.09
2025-08-18,30,2025-09-17,136.43
2025-08-19,1,2025-08-20,113.36
2025-08-19,2,2025-08-21,115.73
2025-08-19,3,2025-08-22,122.44
2025-08-19,4,2025-08-23,124.31
2025-08-19,5,2025-08-24,136.87
2025-08-19,6,2025-08-25,141.65
2025-08-19,7,2025-08-26,146.55
2025-08-19,8,2025-08-27,157.89
2025-08-19,9,2025-08-28,156.13
2025-08-19,10,2025-08-29,157.16
2025-08-19,11,2025-08-30,156.46
2025-08-19,12,2025-08-31,157.07
2025-08-19,13,2025-09-01,155.68
2025-08-19,14,2025-09-02,154.98
2025-08-19,15,2025-09-03,150.97
2025-08-19,16,2025-09-04,148.32
2025-08-19,17,2025-09-05,148.1
2025-08-19,18,2025-09-06,143.83
2025-08-19,19,2025-09-07,143.89
2025-08-19,20,2025-09-08,140.02
2025-08-19,21,2025-09-09,136.76
2025-08-19,22,2025-09-10,132.77
2025-08-19,23,2025-09-11,129.21
2025-08-19,24,2025-09-12,128.02
2025-08-19,25,2025-09-13,127.56
2025-08-19,26,2025-09-14,128.06
2025-08-19,27,2025-09-15,130.21
2025-08-19,28,2025-09-16,130.17
2025-08-19,29,2025-09-17,134.88
2025-08-19,30,2025-09-18,134.96
2025-08-20,1,2025-08-21,116.91
2025-08-20,2,2025-08-22,123.14
2025-08-20,3,2025-08-23,125.59
2025-08-20,4,2025-08-24,131.74
2025-08-20,5,2025-08-25,142.79
2025-08-20,6,2025-08-26,146.64
2025-08-20,7,2025-08-27,156.84
2025-08-20,8,2025-08-28,159.22
2025-08-20,9,2025-08-29,158.31
2025-08-20,10,2025-08-30,158.77
2025-08-20,11,2025-08-31,159.05
2025-08-20,12,2025-09-01,158.81
2025-08-20,13,2025-09-02,157.48
2025-08-20,14,2025-09-03,153.09
2025-08-20,15,2025-09-04,148.47
2025-08-20,16,2025-09-05,147.29
2025-08-20,17,2025-09-06,147.58
2025-08-20,18,2025-09-07,145.58
2025-08-20,19,2025-09-08,140.42
2025-08-20,20,2025-09-09,137.75
2025-08-20,21,2025-09-10,133.66
2025-08-20,22,2025-09-11,130.37
2025-08-20,23,2025-09-12,128.29
2025-08-20,24,2025-09-13,128.32
2025-08-20,25,2025-09-14,127.85
2025-08-20,26,2025-09-15,128.95
2025-08-20,27,2025-09-16,128.42
2025-08-20,28,2025-09-17,132.73
2025-08-20,29,2025-09-18,132.77
2025-08-20,30,2025-09-19,136.22
2025-08-21,1,2025-08-22,127.57
2025-08-21,2,2025-08-23,129.92
2025-08-21,3,2025-08-24,136.0
2025-08-21,4,2025-08-25,140.96
2025-08-21,5,2025-08-26,153.89
2025-08-21,6,2025-08-27,160.35
2025-08-21,7,2025-08-28,163.6
2025-08-21,8,2025-08-29,165.85
2025-08-21,9,2025-08-30,160.86
2025-08-21,10,2025-08-31,161.72
2025-08-21,11,2025-09-01,158.5
2025-08-21,12,2025-09-02,158.86
2025-08-21,13,2025-09-03,155.23
2025-08-21,14,2025-09-04,151.04
2025-08-21,15,2025-09-05,147.0
2025-08-21,16,2025-09-06,145.24
2025-08-21,17,2025-09-07,147.95
2025-08-21,18,2025-09-08,140.75
2025-08-21,19,2025-09-09,138.61
2025-08-21,20,2025-09-10,134.93
2025-08-21,21,2025-09-11,131.71
2025-08-21,22,2025-09-12,129.97
2025-08-21,23,2025-09-13,128.82
2025-08-21,24,2025-09-14,128.28
2025-08-21,25,2025-09-15,127.73
2025-08-21,26,2025-09-16,128.59
2025-08-21,27,2025-09-17,131.3
2025-08-21,28,2025-09-18,133.08
2025-08-21,29,2025-09-19,134.06
2025-08-21,30,2025-09-20,137.51
2025-08-22,1,2025-08-23,124.75
2025-08-22,2,2025-08-24,129.8
2025-08-22,3,2025-08-25,138.8
2025-08-22,4,2025-08-26,142.7
2025-08-22,5,2025-08-27,156.33
2025-08-22,6,2025-08-28,157.75
2025-08-22,7,2025-08-29,163.24
2025-08-22,8,2025-08-30,161.6
2025-08-22,9,2025-08-31,161.64
2025-08-22,10,2025-09-01,157.3
2025-08-22,11,2025-09-02,157.92
2025-08-22,12,2025-09-03,151.03
2025-08-22,13,2025-09-04,147.23
2025-08-22,14,2025-09-05,143.1
2025-08-22,15,2025-09-06,143.47
2025-08-22,16,2025-09-07,143.71
2025-08-22,17,2025-09-08,142.5
2025-08-22,18,2025-09-09,137.56
2025-08-22,19,2025-09-10,135.15
2025-08-22,20,2025-09-11,134.11
2025-08-22,21,2025-09-12,130.29
2025-08-22,22,2025-09-13,129.0
2025-08-22,23,2025-09-14,128.5
2025-08-22,24,2025-09-15,128.54
2025-08-22,25,2025-09-16,127.64
2025-08-22,26,2025-09-17,131.07
2025-08-22,27,2025-09-18,132.94
2025-08-22,28,2025-09-19,134.13
2025-08-22,29,2025-09-20,137.61
2025-08-22,30,2025-09-21,139.81
2025-08-23,1,2025-08-24,138.04
2025-08-23,2,2025-08-25,147.19
2025-08-23,3,2025-08-26,149.04
2025-08-23,4,2025-08-27,157.99
2025-08-23,5,2025-08-28,170.19
2025-08-23,6,2025-08-29,168.93
2025-08-23,7,2025-08-30,168.62
2025-08-23,8,2025-08-31,167.19
2025-08-23,9,2025-09-01,159.41
2025-08-23,10,2025-09-02,157.49
2025-08-23,11,2025-09-03,149.76
2025-08-23,12,2025-09-04,146.16
2025-08-23,13,2025-09-05,142.24
2025-08-23,14,2025-09-06,141.49
2025-08-23,15,2025-09-07,143.05
2025-08-23,16,2025-09-08,139.84
2025-08-23,17,2025-09-09,139.37
2025-08-23,18,2025-09-10,135.75
2025-08-23,19,2025-09-11,133.96
2025-08-23,20,2025-09-12,133.41
2025-08-23,21,2025-09-13,131.81
2025-08-23,22,2025-09-14,131.55
2025-08-23,23,2025-09-15,130.64
2025-08-23,24,2025-09-16,131.0
2025-08-23,25,2025-09-17,133.01
2025-08-23,26,2025-09-18,136.46
2025-08-23,27,2025-09-19,139.58
2025-08-23,28,2025-09-20,139.9
2025-08-23,29,2025-09-21,140.86
2025-08-23,30,2025-09-22,141.71
2025-08-24,1,2025-08-25,146.8
2025-08-24,2,2025-08-26,150.33
2025-08-24,3,2025-08-27,161.56
2025-08-24,4,2025-08-28,170.82
2025-08-24,5,2025-08-29,169.32
2025-08-24,6,2025-08-30,165.41
2025-08-24,7,2025-08-31,162.44
2025-08-24,8,2025-09-01,160.05
2025-08-24,9,2025-09-02,153.75
2025-08-24,10,2025-09-03,148.24
2025-08-24,11,2025-09-04,143.49
2025-08-24,12,2025-09-05,140.24
2025-08-24,13,2025-09-06,141.3
2025-08-24,14,2025-09-07,143.61
2025-08-24,15,2025-09-08,138.7
2025-08-24,16,2025-09-09,136.96
2025-08-24,17,2025-09-10,136.72
2025-08-24,18,2025-09-11,134.34
2025-08-24,19,2025-09-12,134.64
2025-08-24,20,2025-09-13,133.99
2025-08-24,21,2025-09-14,132.13
2025-08-24,22,2025-09-15,133.23
2025-08-24,23,2025-09-16,132.43
2025-08-24,24,2025-09-17,135.32
2025-08-24,25,2025-09-18,135.76
2025-08-24,26,2025-09-19,140.32
2025-08-24,27,2025-09-20,142.21
2025-08-24,28,2025-09-21,141.58
2025-08-24,29,2025-09-22,141.97
2025-08-24,30,2025-09-23,143.16
2025-08-25,1,2025-08-26,156.13
2025-08-25,2,2025-08-27,168.33
2025-08-25,3,2025-08-28,174.72
2025-08-25,4,2025-08-29,179.1
2025-08-25,5,2025-08-30,184.46
2025-08-25,6,2025-08-31,179.92
2025-08-25,7,2025-09-01,175.19
2025-08-25,8,2025-09-02,165.43
2025-08-25,9,2025-09-03,152.34
2025-08-25,10,2025-09-04,148.8
2025-08-25,11,2025-09-05,143.81
2025-08-25,12,2025-09-06,144.92
2025-08-25,13,2025-09-07,144.22
2025-08-25,14,2025-09-08,143.37
2025-08-25,15,2025-09-09,138.6
2025-08-25,16,2025-09-10,137.57
2025-08-25,17,2025-09-11,138.11
2025-08-25,18,2025-09-12,136.0
2025-08-25,19,2025-09-13,135.87
2025-08-25,20,2025-09-14,134.36
2025-08-25,21,2025-09-15,134.11
2025-08-25,22,2025-09-16,135.62
2025-08-25,23,2025-09-17,137.73
2025-08-25,24,2025-09-18,138.19
2025-08-25,25,2025-09-19,139.71
2025-08-25,26,2025-09-20,143.87
2025-08-25,27,2025-09-21,145.56
2025-08-25,28,2025-09-22,143.96
2025-08-25,29,2025-09-23,144.34
2025-08-25,30,2025-09-24,145.15
2025-08-26,1,2025-08-27,185.3
2025-08-26,2,2025-08-28,192.19
2025-08-26,3,2025-08-29,203.02
2025-08-26,4,2025-08-30,203.04
2025-08-26,5,2025-08-31,209.06
2025-08-26,6,2025-09-01,198.4
2025-08-26,7,2025-09-02,188.91
2025-08-26,8,2025-09-03,176.28
2025-08-26,9,2025-09-04,161.97
2025-08-26,10,2025-09-05,156.02
2025-08-26,11,2025-09-06,151.1
2025-08-26,12,2025-09-07,151.35
2025-08-26,13,2025-09-08,146.44
2025-08-26,14,2025-09-09,142.1
2025-08-26,15,2025-09-10,138.27
2025-08-26,16,2025-09-11,138.57
2025-08-26,17,2025-09-12,138.79
2025-08-26,18,2025-09-13,137.85
2025-08-26,19,2025-09-14,137.3
2025-08-26,20,2025-09-15,137.72
2025-08-26,21,2025-09-16,137.64
2025-08-26,22,2025-09-17,140.82
2025-08-26,23,2025-09-18,141.43
2025-08-26,24,2025-09-19,146.33
2025-08-26,25,2025-09-20,148.17
2025-08-26,26,2025-09-21,151.96
2025-08-26,27,2025-09-22,157.17
2025-08-26,28,2025-09-23,153.96
2025-08-26,29,2025-09-24,154.29
2025-08-26,30,2025-09-25,154.67
2025-08-27,1,2025-08-28,208.66
2025-08-27,2,2025-08-29,219.41
2025-08-27,3,2025-08-30,216.79
2025-08-27,4,2025-08-31,217.33
2025-08-27,5,2025-09-01,216.04
2025-08-27,6,2025-09-02,207.45
2025-08-27,7,2025-09-03,196.18
2025-08-27,8,2025-09-04,178.7
2025-08-27,9,2025-09-05,170.36
2025-08-27,10,2025-09-06,161.46
2025-08-27,11,2025-09-07,157.52
2025-08-27,12,2025-09-08,152.67
2025-08-27,13,2025-09-09,144.31
2025-08-27,14,2025-09-10,141.81
2025-08-27,15,2025-09-11,139.76
2025-08-27,16,2025-09-12,138.17
2025-08-27,17,2025-09-13,139.94
2025-08-27,18,2025-09-14,138.13
2025-08-27,19,2025-09-15,138.65
2025-08-27,20,2025-09-16,141.76
2025-08-27,21,2025-09-17,143.71
2025-08-27,22,2025-09-18,146.67
2025-08-27,23,2025-09-19,149.78
2025-08-27,24,2025-09-20,153.11
2025-08-27,25,2025-09-21,154.61
2025-08-27,26,2025-09-22,159.94
2025-08-27,27,2025-09-23,163.18
2025-08-27,28,2025-09-24,163.02
2025-08-27,29,2025-09-25,162.88
2025-08-27,30,2025-09-26,164.0
2025-08-28,1,2025-08-29,229.96
2025-08-28,2,2025-08-30,229.59
2025-08-28,3,2025-08-31,224.09
2025-08-28,4,2025-09-01,218.06
2025-08-28,5,2025-09-02,221.12
2025-08-28,6,2025-09-03,210.13
2025-08-28,7,2025-09-04,199.07
2025-08-28,8,2025-09-05,186.08
2025-08-28,9,2025-09-06,173.97
2025-08-28,10,2025-09-07,168.48
2025-08-28,11,2025-09-08,159.71
2025-08-28,12,2025-09-09,149.6
2025-08-28,13,2025-09-10,143.87
2025-08-28,14,2025-09-11,144.34
2025-08-28,15,2025-09-12,141.47
2025-08-28,16,2025-09-13,141.15
2025-08-28,17,2025-09-14,141.47
2025-08-28,18,2025-09-15,140.88
2025-08-28,19,2025-09-16,142.12
2025-08-28,20,2025-09-17,147.75
2025-08-28,21,2025-09-18,147.31
2025-08-28,22,2025-09-19,152.04
2025-08-28,23,2025-09-20,155.72
2025-08-28,24,2025-09-21,158.4
2025-08-28,25,2025-09-22,161.76
2025-08-28,26,2025-09-23,165.69
2025-08-28,27,2025-09-24,167.83
2025-08-28,28,2025-09-25,167.69
2025-08-28,29,2025-09-26,167.34
2025-08-28,30,2025-09-27,165.32
2025-08-29,1,2025-08-30,227.64
2025-08-29,2,2025-08-31,221.45
2025-08-29,3,2025-09-01,216.62
2025-08-29,4,2025-09-02,204.64
2025-08-29,5,2025-09-03,201.57
2025-08-29,6,2025-09-04,191.37
2025-08-29,7,2025-09-05,185.74
2025-08-29,8,2025-09-06,169.46
2025-08-29,9,2025-09-07,165.73
2025-08-29,10,2025-09-08,154.64
2025-08-29,11,2025-09-09,148.19
2025-08-29,12,2025-09-10,145.85
2025-08-29,13,2025-09-11,140.61
2025-08-29,14,2025-09-12,143.29
2025-08-29,15,2025-09-13,141.67
2025-08-29,16,2025-09-14,140.71
2025-08-29,17,2025-09-15,142.85
2025-08-29,18,2025-09-16,143.06
2025-08-29,19,2025-09-17,146.81
2025-08-29,20,2025-09-18,149.13
2025-08-29,21,2025-09-19,152.13
2025-08-29,22,2025-09-20,157.09
2025-08-29,23,2025-09-21,158.7
2025-08-29,24,2025-09-22,164.23
2025-08-29,25,2025-09-23,166.59
2025-08-29,26,2025-09-24,171.11
2025-08-29,27,2025-09-25,170.19
2025-08-29,28,2025-09-26,167.76
2025-08-29,29,2025-09-27,167.83
2025-08-29,30,2025-09-28,166.06
2025-08-30,1,2025-08-31,212.09
2025-08-30,2,2025-09-01,210.79
2025-08-30,3,2025-09-02,206.26
2025-08-30,4,2025-09-03,192.86
2025-08-30,5,2025-09-04,186.68
2025-08-30,6,2025-09-05,180.88
2025-08-30,7,2025-09-06,172.96
2025-08-30,8,2025-09-07,169.88
2025-08-30,9,2025-09-08,161.85
2025-08-30,10,2025-09-09,149.12
2025-08-30,11,2025-09-10,145.31
2025-08-30,12,2025-09-11,143.04
2025-08-30,13,2025-09-12,140.6
2025-08-30,14,2025-09-13,143.18
2025-08-30,15,2025-09-14,140.37
2025-08-30,16,2025-09-15,141.55
2025-08-30,17,2025-09-16,146.55
2025-08-30,18,2025-09-17,148.27
2025-08-30,19,2025-09-18,148.26
2025-08-30,20,2025-09-19,151.76
2025-08-30,21,2025-09-20,154.97
2025-08-30,22,2025-09-21,159.35
2025-08-30,23,2025-09-22,162.09
2025-08-30,24,2025-09-23,166.2
2025-08-30,25,2025-09-24,167.8
2025-08-30,26,2025-09-25,171.06
2025-08-30,27,2025-09-26,169.47
2025-08-30,28,2025-09-27,167.75
2025-08-30,29,2025-09-28,165.91
2025-08-30,30,2025-09-29,164.29
2025-08-31,1,2025-09-01,231.06
2025-08-31,2,2025-09-02,211.46
2025-08-31,3,2025-09-03,213.81
2025-08-31,4,2025-09-04,205.57
2025-08-31,5,2025-09-05,193.79
2025-08-31,6,2025-09-06,186.5
2025-08-31,7,2025-09-07,181.82
2025-08-31,8,2025-09-08,169.33
2025-08-31,9,2025-09-09,160.74
2025-08-31,10,2025-09-10,150.78
2025-08-31,11,2025-09-11,144.93
2025-08-31,12,2025-09-12,143.97
2025-08-31,13,2025-09-13,142.69
2025-08-31,14,2025-09-14,144.86
2025-08-31,15,2025-09-15,144.61
2025-08-31,16,2025-09-16,145.95
2025-08-31,17,2025-09-17,155.11
2025-08-31,18,2025-09-18,153.97
2025-08-31,19,2025-09-19,155.81
2025-08-31,20,2025-09-20,161.35
2025-08-31,21,2025-09-21,165.97
2025-08-31,22,2025-09-22,171.5
2025-08-31,23,2025-09-23,174.42
2025-08-31,24,2025-09-24,180.04
2025-08-31,25,2025-09-25,180.06
2025-08-31,26,2025-09-26,181.93
2025-08-31,27,2025-09-27,182.86
2025-08-31,28,2025-09-28,176.5
2025-08-31,29,2025-09-29,172.71
2025-08-31,30,2025-09-30,171.81
2025-09-01,1,2025-09-02,205.31
2025-09-01,2,2025-09-03,200.08
2025-09-01,3,2025-09-04,194.63
2025-09-01,4,2025-09-05,183.61
2025-09-01,5,2025-09-06,174.36
2025-09-01,6,2025-09-07,168.25
2025-09-01,7,2025-09-08,163.97
2025-09-01,8,2025-09-09,152.13
2025-09-01,9,2025-09-10,148.97
2025-09-01,10,2025-09-11,144.24
2025-09-01,11,2025-09-12,142.26
2025-09-01,12,2025-09-13,143.4
2025-09-01,13,2025-09-14,142.79
2025-09-01,14,2025-09-15,143.83
2025-09-01,15,2025-09-16,145.08
2025-09-01,16,2025-09-17,148.91
2025-09-01,17,2025-09-18,151.89
2025-09-01,18,2025-09-19,152.35
2025-09-01,19,2025-09-20,155.11
2025-09-01,20,2025-09-21,159.5
2025-09-01,21,2025-09-22,162.82
2025-09-01,22,2025-09-23,166.74
2025-09-01,23,2025-09-24,168.82
2025-09-01,24,2025-09-25,170.81
2025-09-01,25,2025-09-26,170.27
2025-09-01,26,2025-09-27,179.23
2025-09-01,27,2025-09-28,169.01
2025-09-01,28,2025-09-29,163.48
2025-09-01,29,2025-09-30,161.86
2025-09-01,30,2025-10-01,159.04
2025-09-02,1,2025-09-03,195.67
2025-09-02,2,2025-09-04,189.65
2025-09-02,3,2025-09-05,181.16
2025-09-02,4,2025-09-06,165.88
2025-09-02,5,2025-09-07,152.17
2025-09-02,6,2025-09-08,149.39
2025-09-02,7,2025-09-09,151.45
2025-09-02,8,2025-09-10,146.7
2025-09-02,9,2025-09-11,144.56
2025-09-02,10,2025-09-12,141.94
2025-09-02,11,2025-09-13,141.18
2025-09-02,12,2025-09-14,141.67
2025-09-02,13,2025-09-15,141.14
2025-09-02,14,2025-09-16,144.5
2025-09-02,15,2025-09-17,146.54
2025-09-02,16,2025-09-18,149.4
2025-09-02,17,2025-09-19,153.65
2025-09-02,18,2025-09-20,155.37
2025-09-02,19,2025-09-21,158.44
2025-09-02,20,2025-09-22,161.8
2025-09-02,21,2025-09-23,164.86
2025-09-02,22,2025-09-24,169.3
2025-09-02,23,2025-09-25,169.35
2025-09-02,24,2025-09-26,169.09
2025-09-02,25,2025-09-27,174.95
2025-09-02,26,2025-09-28,167.98
2025-09-02,27,2025-09-29,165.04
2025-09-02,28,2025-09-30,160.5
2025-09-02,29,2025-10-01,160.27
2025-09-02,30,2025-10-02,156.97
2025-09-03,1,2025-09-04,178.97
2025-09-03,2,2025-09-05,175.06
2025-09-03,3,2025-09-06,161.39
2025-09-03,4,2025-09-07,154.62
2025-09-03,5,2025-09-08,147.51
2025-09-03,6,2025-09-09,145.07
2025-09-03,7,2025-09-10,145.52
2025-09-03,8,2025-09-11,140.36
2025-09-03,9,2025-09-12,140.78
2025-09-03,10,2025-09-13,141.18
2025-09-03,11,2025-09-14,140.85
2025-09-03,12,2025-09-15,142.12
2025-09-03,13,2025-09-16,142.57
2025-09-03,14,2025-09-17,149.69
2025-09-03,15,2025-09-18,149.66
2025-09-03,16,2025-09-19,152.4
2025-09-03,17,2025-09-20,156.58
2025-09-03,18,2025-09-21,158.94
2025-09-03,19,2025-09-22,161.68
2025-09-03,20,2025-09-23,164.33
2025-09-03,21,2025-09-24,167.67
2025-09-03,22,2025-09-25,169.73
2025-09-03,23,2025-09-26,167.4
2025-09-03,24,2025-09-27,174.8
2025-09-03,25,2025-09-28,164.74
2025-09-03,26,2025-09-29,164.87
2025-09-03,27,2025-09-30,162.13
2025-09-03,28,2025-10-01,158.6
2025-09-03,29,2025-10-02,160.32
2025-09-03,30,2025-10-03,156.24
2025-09-04,1,2025-09-05,173.29
2025-09-04,2,2025-09-06,166.48
2025-09-04,3,2025-09-07,153.03
2025-09-04,4,2025-09-08,149.12
2025-09-04,5,2025-09-09,140.93
2025-09-04,6,2025-09-10,138.39
2025-09-04,7,2025-09-11,135.5
2025-09-04,8,2025-09-12,136.13
2025-09-04,9,2025-09-13,141.28
2025-09-04,10,2025-09-14,140.69
2025-09-04,11,2025-09-15,142.27
2025-09-04,12,2025-09-16,144.45
2025-09-04,13,2025-09-17,149.62
2025-09-04,14,2025-09-18,150.98
2025-09-04,15,2025-09-19,152.81
2025-09-04,16,2025-09-20,154.83
2025-09-04,17,2025-09-21,160.78
2025-09-04,18,2025-09-22,161.71
2025-09-04,19,2025-09-23,164.78
2025-09-04,20,2025-09-24,169.13
2025-09-04,21,2025-09-25,168.32
2025-09-04,22,2025-09-26,168.0
2025-09-04,23,2025-09-27,174.6
2025-09-04,24,2025-09-28,165.36
2025-09-04,25,2025-09-29,161.66
2025-09-04,26,2025-09-30,161.72
2025-09-04,27,2025-10-01,158.37
2025-09-04,28,2025-10-02,157.34
2025-09-04,29,2025-10-03,157.76
2025-09-04,30,2025-10-04,157.26
2025-09-05,1,2025-09-06,165.47
2025-09-05,2,2025-09-07,152.75
2025-09-05,3,2025-09-08,147.2
2025-09-05,4,2025-09-09,141.29
2025-09-05,5,2025-09-10,136.31
2025-09-05,6,2025-09-11,135.31
2025-09-05,7,2025-09-12,133.01
2025-09-05,8,2025-09-13,137.92
2025-09-05,9,2025-09-14,140.4
2025-09-05,10,2025-09-15,139.81
2025-09-05,11,2025-09-16,143.15
2025-09-05,12,2025-09-17,149.01
2025-09-05,13,2025-09-18,149.99
2025-09-05,14,2025-09-19,150.19
2025-09-05,15,2025-09-20,154.69
2025-09-05,16,2025-09-21,159.46
2025-09-05,17,2025-09-22,163.04
2025-09-05,18,2025-09-23,164.68
2025-09-05,19,2025-09-24,168.66
2025-09-05,20,2025-09-25,169.33
2025-09-05,21,2025-09-26,166.6
2025-09-05,22,2025-09-27,174.32
2025-09-05,23,2025-09-28,163.2
2025-09-05,24,2025-09-29,161.76
2025-09-05,25,2025-09-30,158.75
2025-09-05,26,2025-10-01,159.26
2025-09-05,27,2025-10-02,156.46
2025-09-05,28,2025-10-03,154.3
2025-09-05,29,2025-10-04,157.41
2025-09-05,30,2025-10-05,157.17
2025-09-06,1,2025-09-07,141.33
2025-09-06,2,2025-09-08,134.96
2025-09-06,3,2025-09-09,130.68
2025-09-06,4,2025-09-10,129.06
2025-09-06,5,2025-09-11,129.16
2025-09-06,6,2025-09-12,130.15
2025-09-06,7,2025-09-13,134.09
2025-09-06,8,2025-09-14,130.6
2025-09-06,9,2025-09-15,139.3
2025-09-06,10,2025-09-16,142.76
2025-09-06,11,2025-09-17,149.63
2025-09-06,12,2025-09-18,151.43
2025-09-06,13,2025-09-19,152.92
2025-09-06,14,2025-09-20,156.36
2025-09-06,15,2025-09-21,159.05
2025-09-06,16,2025-09-22,160.85
2025-09-06,17,2025-09-23,164.57
2025-09-06,18,2025-09-24,167.16
2025-09-06,19,2025-09-25,167.73
2025-09-06,20,2025-09-26,165.98
2025-09-06,21,2025-09-27,172.49
2025-09-06,22,2025-09-28,161.63
2025-09-06,23,2025-09-29,158.29
2025-09-06,24,2025-09-30,155.58
2025-09-06,25,2025-10-01,152.74
2025-09-06,26,2025-10-02,152.36
2025-09-06,27,2025-10-03,150.94
2025-09-06,28,2025-10-04,149.47
2025-09-06,29,2025-10-05,149.87
2025-09-06,30,2025-10-06,149.16
2025-09-07,1,2025-09-08,138.93
2025-09-07,2,2025-09-09,132.73
2025-09-07,3,2025-09-10,130.15
2025-09-07,4,2025-09-11,127.49
2025-09-07,5,2025-09-12,129.05
2025-09-07,6,2025-09-13,130.57
2025-09-07,7,2025-09-14,128.51
2025-09-07,8,2025-09-15,133.74
2025-09-07,9,2025-09-16,139.17
2025-09-07,10,2025-09-17,148.49
2025-09-07,11,2025-09-18,150.22
2025-09-07,12,2025-09-19,154.47
2025-09-07,13,2025-09-20,157.03
2025-09-07,14,2025-09-21,161.57
2025-09-07,15,2025-09-22,161.86
2025-09-07,16,2025-09-23,164.74
2025-09-07,17,2025-09-24,168.95
2025-09-07,18,2025-09-25,167.94
2025-09-07,19,2025-09-26,167.48
2025-09-07,20,2025-09-27,174.5
2025-09-07,21,2025-09-28,162.43
2025-09-07,22,2025-09-29,158.78
2025-09-07,23,2025-09-30,155.08
2025-09-07,24,2025-10-01,153.89
2025-09-07,25,2025-10-02,150.21
2025-09-07,26,2025-10-03,148.98
2025-09-07,27,2025-10-04,148.49
2025-09-07,28,2025-10-05,147.83
2025-09-07,29,2025-10-06,148.2
2025-09-07,30,2025-10-07,148.79
2025-09-08,1,2025-09-09,130.18
2025-09-08,2,2025-09-10,128.34
2025-09-08,3,2025-09-11,129.04
2025-09-08,4,2025-09-12,127.45
2025-09-08,5,2025-09-13,132.81
2025-09-08,6,2025-09-14,129.14
2025-09-08,7,2025-09-15,130.44
2025-09-08,8,2025-09-16,136.44
2025-09-08,9,2025-09-17,146.57
2025-09-08,10,2025-09-18,151.18
2025-09-08,11,2025-09-19,152.84
2025-09-08,12,2025-09-20,156.95
2025-09-08,13,2025-09-21,159.23
2025-09-08,14,2025-09-22,162.11
2025-09-08,15,2025-09-23,162.81
2025-09-08,16,2025-09-24,166.56
2025-09-08,17,2025-09-25,169.69
2025-09-08,18,2025-09-26,166.1
2025-09-08,19,2025-09-27,173.24
2025-09-08,20,2025-09-28,161.94
2025-09-08,21,2025-09-29,158.22
2025-09-08,22,2025-09-30,155.24
2025-09-08,23,2025-10-01,151.78
2025-09-08,24,2025-10-02,149.57
2025-09-08,25,2025-10-03,145.58
2025-09-08,26,2025-10-04,145.73
2025-09-08,27,2025-10-05,144.65
2025-09-08,28,2025-10-06,146.34
2025-09-08,29,2025-10-07,146.26
2025-09-08,30,2025-10-08,148.56
2025-09-09,1,2025-09-10,124.87
2025-09-09,2,2025-09-11,123.46
2025-09-09,3,2025-09-12,124.06
2025-09-09,4,2025-09-13,128.37
2025-09-09,5,2025-09-14,126.15
2025-09-09,6,2025-09-15,127.06
2025-09-09,7,2025-09-16,133.12
2025-09-09,8,2025-09-17,145.36
2025-09-09,9,2025-09-18,149.87
2025-09-09,10,2025-09-19,153.29
2025-09-09,11,2025-09-20,156.11
2025-09-09,12,2025-09-21,161.52
2025-09-09,13,2025-09-22,162.07
2025-09-09,14,2025-09-23,167.19
2025-09-09,15,2025-09-24,167.11
2025-09-09,16,2025-09-25,169.11
2025-09-09,17,2025-09-26,169.53
2025-09-09,18,2025-09-27,173.45
2025-09-09,19,2025-09-28,162.53
2025-09-09,20,2025-09-29,159.8
2025-09-09,21,2025-09-30,155.93
2025-09-09,22,2025-10-01,151.16
2025-09-09,23,2025-10-02,147.25
2025-09-09,24,2025-10-03,144.7
2025-09-09,25,2025-10-04,143.02
2025-09-09,26,2025-10-05,141.9
2025-09-09,27,2025-10-06,142.32
2025-09-09,28,2025-10-07,141.66
2025-09-09,29,2025-10-08,143.08
2025-09-09,30,2025-10-09,147.9
2025-09-10,1,2025-09-11,119.43
2025-09-10,2,2025-09-12,120.19
2025-09-10,3,2025-09-13,120.42
2025-09-10,4,2025-09-14,122.53
2025-09-10,5,2025-09-15,125.71
2025-09-10,6,2025-09-16,132.69
2025-09-10,7,2025-09-17,141.13
2025-09-10,8,2025-09-18,148.87
2025-09-10,9,2025-09-19,153.67
2025-09-10,10,2025-09-20,156.92
2025-09-10,11,2025-09-21,161.48
2025-09-10,12,2025-09-22,161.93
2025-09-10,13,2025-09-23,166.5
2025-09-10,14,2025-09-24,169.9
2025-09-10,15,2025-09-25,167.33
2025-09-10,16,2025-09-26,167.32
2025-09-10,17,2025-09-27,175.88
2025-09-10,18,2025-09-28,162.29
2025-09-10,19,2025-09-29,158.73
2025-09-10,20,2025-09-30,156.76
2025-09-10,21,2025-10-01,152.78
2025-09-10,22,2025-10-02,148.02
2025-09-10,23,2025-10-03,143.88
2025-09-10,24,2025-10-04,144.27
2025-09-10,25,2025-10-05,140.55
2025-09-10,26,2025-10-06,140.04
2025-09-10,27,2025-10-07,142.65
2025-09-10,28,2025-10-08,142.61
2025-09-10,29,2025-10-09,144.41
2025-09-10,30,2025-10-10,146.62
2025-09-11,1,2025-09-12,119.47
2025-09-11,2,2025-09-13,120.48
2025-09-11,3,2025-09-14,121.01
2025-09-11,4,2025-09-15,127.71
2025-09-11,5,2025-09-16,133.22
2025-09-11,6,2025-09-17,142.41
2025-09-11,7,2025-09-18,147.38
2025-09-11,8,2025-09-19,153.18
2025-09-11,9,2025-09-20,158.16
2025-09-11,10,2025-09-21,162.12
2025-09-11,11,2025-09-22,164.76
2025-09-11,12,2025-09-23,167.01
2025-09-11,13,2025-09-24,168.1
2025-09-11,14,2025-09-25,169.53
2025-09-11,15,2025-09-26,167.92
2025-09-11,16,2025-09-27,173.45
2025-09-11,17,2025-09-28,164.63
2025-09-11,18,2025-09-29,161.27
2025-09-11,19,2025-09-30,157.51
2025-09-11,20,2025-10-01,153.21
2025-09-11,21,2025-10-02,150.05
2025-09-11,22,2025-10-03,145.1
2025-09-11,23,2025-10-04,143.06
2025-09-11,24,2025-10-05,142.27
2025-09-11,25,2025-10-06,139.17
2025-09-11,26,2025-10-07,139.93
2025-09-11,27,2025-10-08,142.14
2025-09-11,28,2025-10-09,141.14
2025-09-11,29,2025-10-10,141.03
2025-09-11,30,2025-10-11,142.59
2025-09-12,1,2025-09-13,118.72
2025-09-12,2,2025-09-14,116.49
2025-09-12,3,2025-09-15,121.63
2025-09-12,4,2025-09-16,123.99
2025-09-12,5,2025-09-17,138.66
2025-09-12,6,2025-09-18,146.05
2025-09-12,7,2025-09-19,150.55
2025-09-12,8,2025-09-20,160.67
2025-09-12,9,2025-09-21,165.54
2025-09-12,10,2025-09-22,164.5
2025-09-12,11,2025-09-23,168.61
2025-09-12,12,2025-09-24,167.97
2025-09-12,13,2025-09-25,169.73
2025-09-12,14,2025-09-26,168.88
2025-09-12,15,2025-09-27,176.25
2025-09-12,16,2025-09-28,162.82
2025-09-12,17,2025-09-29,161.12
2025-09-12,18,2025-09-30,157.64
2025-09-12,19,2025-10-01,153.62
2025-09-12,20,2025-10-02,149.75
2025-09-12,21,2025-10-03,145.44
2025-09-12,22,2025-10-04,142.8
2025-09-12,23,2025-10-05,140.45
2025-09-12,24,2025-10-06,139.39
2025-09-12,25,2025-10-07,138.6
2025-09-12,26,2025-10-08,139.94
2025-09-12,27,2025-10-09,141.34
2025-09-12,28,2025-10-10,139.08
2025-09-12,29,2025-10-11,139.55
2025-09-12,30,2025-10-12,141.83
2025-09-13,1,2025-09-14,115.33
2025-09-13,2,2025-09-15,116.18
2025-09-13,3,2025-09-16,119.11
2025-09-13,4,2025-09-17,126.58
2025-09-13,5,2025-09-18,139.44
2025-09-13,6,2025-09-19,147.19
2025-09-13,7,2025-09-20,158.24
2025-09-13,8,2025-09-21,168.06
2025-09-13,9,2025-09-22,167.3
2025-09-13,10,2025-09-23,169.26
2025-09-13,11,2025-09-24,169.92
2025-09-13,12,2025-09-25,170.39
2025-09-13,13,2025-09-26,168.99
2025-09-13,14,2025-09-27,175.95
2025-09-13,15,2025-09-28,164.92
2025-09-13,16,2025-09-29,161.26
2025-09-13,17,2025-09-30,157.12
2025-09-13,18,2025-10-01,155.09
2025-09-13,19,2025-10-02,151.42
2025-09-13,20,2025-10-03,146.05
2025-09-13,21,2025-10-04,142.79
2025-09-13,22,2025-10-05,140.24
2025-09-13,23,2025-10-06,137.4
2025-09-13,24,2025-10-07,138.94
2025-09-13,25,2025-10-08,138.88
2025-09-13,26,2025-10-09,139.06
2025-09-13,27,2025-10-10,139.5
2025-09-13,28,2025-10-11,136.56
2025-09-13,29,2025-10-12,136.13
2025-09-13,30,2025-10-13,138.91
2025-09-14,1,2025-09-15,119.46
2025-09-14,2,2025-09-16,125.31
2025-09-14,3,2025-09-17,130.73
2025-09-14,4,2025-09-18,140.26
2025-09-14,5,2025-09-19,144.7
2025-09-14,6,2025-09-20,160.47
2025-09-14,7,2025-09-21,169.38
2025-09-14,8,2025-09-22,169.59
2025-09-14,9,2025-09-23,170.4
2025-09-14,10,2025-09-24,171.66
2025-09-14,11,2025-09-25,170.95
2025-09-14,12,2025-09-26,170.34
2025-09-14,13,2025-09-27,177.23
2025-09-14,14,2025-09-28,165.75
2025-09-14,15,2025-09-29,161.84
2025-09-14,16,2025-09-30,158.27
2025-09-14,17,2025-10-01,154.83
2025-09-14,18,2025-10-02,152.08
2025-09-14,19,2025-10-03,147.38
2025-09-14,20,2025-10-04,145.5
2025-09-14,21,2025-10-05,140.73
2025-09-14,22,2025-10-06,138.38
2025-09-14,23,2025-10-07,138.37
2025-09-14,24,2025-10-08,139.57
2025-09-14,25,2025-10-09,139.14
2025-09-14,26,2025-10-10,139.59
2025-09-14,27,2025-10-11,139.88
2025-09-14,28,2025-10-12,138.54
2025-09-14,29,2025-10-13,139.44
2025-09-14,30,2025-10-14,140.19
2025-09-15,1,2025-09-16,127.09
2025-09-15,2,2025-09-17,133.6
2025-09-15,3,2025-09-18,139.95
2025-09-15,4,2025-09-19,149.27
2025-09-15,5,2025-09-20,161.34
2025-09-15,6,2025-09-21,168.57
2025-09-15,7,2025-09-22,167.41
2025-09-15,8,2025-09-23,174.65
2025-09-15,9,2025-09-24,171.91
2025-09-15,10,2025-09-25,172.4
2025-09-15,11,2025-09-26,171.56
2025-09-15,12,2025-09-27,176.35
2025-09-15,13,2025-09-28,166.32
2025-09-15,14,2025-09-29,162.67
2025-09-15,15,2025-09-30,158.11
2025-09-15,16,2025-10-01,155.83
2025-09-15,17,2025-10-02,153.56
2025-09-15,18,2025-10-03,147.82
2025-09-15,19,2025-10-04,145.34
2025-09-15,20,2025-10-05,142.48
2025-09-15,21,2025-10-06,138.99
2025-09-15,22,2025-10-07,139.16
2025-09-15,23,2025-10-08,139.26
2025-09-15,24,2025-10-09,139.61
2025-09-15,25,2025-10-10,138.7
2025-09-15,26,2025-10-11,139.91
2025-09-15,27,2025-10-12,141.78
2025-09-15,28,2025-10-13,141.7
2025-09-15,29,2025-10-14,142.99
2025-09-15,30,2025-10-15,143.09
2025-09-16,1,2025-09-17,137.75
2025-09-16,2,2025-09-18,141.44
2025-09-16,3,2025-09-19,154.19
2025-09-16,4,2025-09-20,160.81
2025-09-16,5,2025-09-21,170.4
2025-09-16,6,2025-09-22,169.88
2025-09-16,7,2025-09-23,176.24
2025-09-16,8,2025-09-24,173.58
2025-09-16,9,2025-09-25,172.36
2025-09-16,10,2025-09-26,171.31
2025-09-16,11,2025-09-27,176.62
2025-09-16,12,2025-09-28,167.04
2025-09-16,13,2025-09-29,162.83
2025-09-16,14,2025-09-30,159.46
2025-09-16,15,2025-10-01,155.83
2025-09-16,16,2025-10-02,151.7
2025-09-16,17,2025-10-03,148.91
2025-09-16,18,2025-10-04,146.09
2025-09-16,19,2025-10-05,141.63
2025-09-16,20,2025-10-06,140.02
2025-09-16,21,2025-10-07,138.6
2025-09-16,22,2025-10-08,139.89
2025-09-16,23,2025-10-09,140.99
2025-09-16,24,2025-10-10,140.96
2025-09-16,25,2025-10-11,139.89
2025-09-16,26,2025-10-12,142.74
2025-09-16,27,2025-10-13,146.62
2025-09-16,28,2025-10-14,144.85
2025-09-16,29,2025-10-15,145.8
2025-09-16,30,2025-10-16,144.82
2025-09-17,1,2025-09-18,145.37
2025-09-17,2,2025-09-19,159.7
2025-09-17,3,2025-09-20,161.14
2025-09-17,4,2025-09-21,170.44
2025-09-17,5,2025-09-22,173.29
2025-09-17,6,2025-09-23,177.36
2025-09-17,7,2025-09-24,172.82
2025-09-17,8,2025-09-25,171.65
2025-09-17,9,2025-09-26,170.43
2025-09-17,10,2025-09-27,178.85
2025-09-17,11,2025-09-28,167.02
2025-09-17,12,2025-09-29,162.71
2025-09-17,13,2025-09-30,157.9
2025-09-17,14,2025-10-01,153.84
2025-09-17,15,2025-10-02,152.01
2025-09-17,16,2025-10-03,146.99
2025-09-17,17,2025-10-04,147.62
2025-09-17,18,2025-10-05,143.04
2025-09-17,19,2025-10-06,139.44
2025-09-17,20,2025-10-07,138.36
2025-09-17,21,2025-10-08,139.41
2025-09-17,22,2025-10-09,140.75
2025-09-17,23,2025-10-10,142.59
2025-09-17,24,2025-10-11,141.62
2025-09-17,25,2025-10-12,141.5
2025-09-17,26,2025-10-13,145.29
2025-09-17,27,2025-10-14,148.47
2025-09-17,28,2025-10-15,147.28
2025-09-17,29,2025-10-16,148.69
2025-09-17,30,2025-10-17,149.0
2025-09-18,1,2025-09-19,157.26
2025-09-18,2,2025-09-20,165.21
2025-09-18,3,2025-09-21,176.76
2025-09-18,4,2025-09-22,177.72
2025-09-18,5,2025-09-23,180.36
2025-09-18,6,2025-09-24,177.24
2025-09-18,7,2025-09-25,174.9
2025-09-18,8,2025-09-26,173.4
2025-09-18,9,2025-09-27,174.58
2025-09-18,10,2025-09-28,167.01
2025-09-18,11,2025-09-29,162.88
2025-09-18,12,2025-09-30,158.4
2025-09-18,13,2025-10-01,155.02
2025-09-18,14,2025-10-02,153.4
2025-09-18,15,2025-10-03,146.89
2025-09-18,16,2025-10-04,145.63
2025-09-18,17,2025-10-05,145.04
2025-09-18,18,2025-10-06,139.95
2025-09-18,19,2025-10-07,139.22
2025-09-18,20,2025-10-08,139.67
2025-09-18,21,2025-10-09,141.89
2025-09-18,22,2025-10-10,142.71
2025-09-18,23,2025-10-11,142.97
2025-09-18,24,2025-10-12,143.52
2025-09-18,25,2025-10-13,145.16
2025-09-18,26,2025-10-14,148.7
2025-09-18,27,2025-10-15,150.32
2025-09-18,28,2025-10-16,149.54
2025-09-18,29,2025-10-17,149.82
2025-09-18,30,2025-10-18,151.63
2025-09-19,1,2025-09-20,160.12
2025-09-19,2,2025-09-21,168.6
2025-09-19,3,2025-09-22,173.28
2025-09-19,4,2025-09-23,172.5
2025-09-19,5,2025-09-24,175.04
2025-09-19,6,2025-09-25,172.47
2025-09-19,7,2025-09-26,171.0
2025-09-19,8,2025-09-27,171.12
2025-09-19,9,2025-09-28,165.9
2025-09-19,10,2025-09-29,162.12
2025-09-19,11,2025-09-30,157.02
2025-09-19,12,2025-10-01,154.25
2025-09-19,13,2025-10-02,150.45
2025-09-19,14,2025-10-03,147.67
2025-09-19,15,2025-10-04,145.61
2025-09-19,16,2025-10-05,142.28
2025-09-19,17,2025-10-06,141.56
2025-09-19,18,2025-10-07,139.3
2025-09-19,19,2025-10-08,140.34
2025-09-19,20,2025-10-09,140.45
2025-09-19,21,2025-10-10,141.1
2025-09-19,22,2025-10-11,142.74
2025-09-19,23,2025-10-12,144.57
2025-09-19,24,2025-10-13,146.65
2025-09-19,25,2025-10-14,147.69
2025-09-19,26,2025-10-15,149.13
2025-09-19,27,2025-10-16,150.9
2025-09-19,28,2025-10-17,151.28
2025-09-19,29,2025-10-18,152.68
2025-09-19,30,2025-10-19,152.64
2025-09-20,1,2025-09-21,168.02
2025-09-20,2,2025-09-22,171.54
2025-09-20,3,2025-09-23,170.89
2025-09-20,4,2025-09-24,168.27
2025-09-20,5,2025-09-25,170.26
2025-09-20,6,2025-09-26,168.23
2025-09-20,7,2025-09-27,164.24
2025-09-20,8,2025-09-28,165.33
2025-09-20,9,2025-09-29,158.96
2025-09-20,10,2025-09-30,156.49
2025-09-20,11,2025-10-01,151.58
2025-09-20,12,2025-10-02,149.39
2025-09-20,13,2025-10-03,146.86
2025-09-20,14,2025-10-04,145.31
2025-09-20,15,2025-10-05,142.7
2025-09-20,16,2025-10-06,140.33
2025-09-20,17,2025-10-07,139.22
2025-09-20,18,2025-10-08,139.8
2025-09-20,19,2025-10-09,141.51
2025-09-20,20,2025-10-10,142.53
2025-09-20,21,2025-10-11,143.21
2025-09-20,22,2025-10-12,145.68
2025-09-20,23,2025-10-13,148.74
2025-09-20,24,2025-10-14,148.95
2025-09-20,25,2025-10-15,150.52
2025-09-20,26,2025-10-16,153.39
2025-09-20,27,2025-10-17,153.1
2025-09-20,28,2025-10-18,155.77
2025-09-20,29,2025-10-19,158.1
2025-09-20,30,2025-10-20,155.6
2025-09-21,1,2025-09-22,174.65
2025-09-21,2,2025-09-23,174.24
2025-09-21,3,2025-09-24,171.09
2025-09-21,4,2025-09-25,167.66
2025-09-21,5,2025-09-26,167.56
2025-09-21,6,2025-09-27,163.69
2025-09-21,7,2025-09-28,163.89
2025-09-21,8,2025-09-29,156.84
2025-09-21,9,2025-09-30,156.4
2025-09-21,10,2025-10-01,152.08
2025-09-21,11,2025-10-02,148.36
2025-09-21,12,2025-10-03,145.89
2025-09-21,13,2025-10-04,144.9
2025-09-21,14,2025-10-05,143.09
2025-09-21,15,2025-10-06,140.0
2025-09-21,16,2025-10-07,139.15
2025-09-21,17,2025-10-08,141.17
2025-09-21,18,2025-10-09,142.39
2025-09-21,19,2025-10-10,141.31
2025-09-21,20,2025-10-11,143.51
2025-09-21,21,2025-10-12,145.81
2025-09-21,22,2025-10-13,149.52
2025-09-21,23,2025-10-14,150.54
2025-09-21,24,2025-10-15,152.41
2025-09-21,25,2025-10-16,153.89
2025-09-21,26,2025-10-17,155.5
2025-09-21,27,2025-10-18,157.33
2025-09-21,28,2025-10-19,157.09
2025-09-21,29,2025-10-20,160.04
2025-09-21,30,2025-10-21,159.53
2025-09-22,1,2025-09-23,183.37
2025-09-22,2,2025-09-24,179.72
2025-09-22,3,2025-09-25,173.05
2025-09-22,4,2025-09-26,172.86
2025-09-22,5,2025-09-27,169.23
2025-09-22,6,2025-09-28,166.43
2025-09-22,7,2025-09-29,161.69
2025-09-22,8,2025-09-30,156.66
2025-09-22,9,2025-10-01,154.82
2025-09-22,10,2025-10-02,152.48
2025-09-22,11,2025-10-03,146.4
2025-09-22,12,2025-10-04,145.58
2025-09-22,13,2025-10-05,143.15
2025-09-22,14,2025-10-06,141.1
2025-09-22,15,2025-10-07,139.62
2025-09-22,16,2025-10-08,140.62
2025-09-22,17,2025-10-09,142.95
2025-09-22,18,2025-10-10,142.21
2025-09-22,19,2025-10-11,142.47
2025-09-22,20,2025-10-12,147.32
2025-09-22,21,2025-10-13,150.06
2025-09-22,22,2025-10-14,151.38
2025-09-22,23,2025-10-15,153.51
2025-09-22,24,2025-10-16,154.85
2025-09-22,25,2025-10-17,155.08
2025-09-22,26,2025-10-18,158.2
2025-09-22,27,2025-10-19,162.13
2025-09-22,28,2025-10-20,161.42
2025-09-22,29,2025-10-21,161.4
2025-09-22,30,2025-10-22,162.01
2025-09-23,1,2025-09-24,177.64
2025-09-23,2,2025-09-25,172.58
2025-09-23,3,2025-09-26,170.86
2025-09-23,4,2025-09-27,165.9
2025-09-23,5,2025-09-28,168.91
2025-09-23,6,2025-09-29,157.93
2025-09-23,7,2025-09-30,159.04
2025-09-23,8,2025-10-01,153.05
2025-09-23,9,2025-10-02,151.49
2025-09-23,10,2025-10-03,148.31
2025-09-23,11,2025-10-04,144.53
2025-09-23,12,2025-10-05,143.06
2025-09-23,13,2025-10-06,139.49
2025-09-23,14,2025-10-07,140.35
2025-09-23,15,2025-10-08,140.97
2025-09-23,16,2025-10-09,142.7
2025-09-23,17,2025-10-10,144.1
2025-09-23,18,2025-10-11,144.3
2025-09-23,19,2025-10-12,146.24
2025-09-23,20,2025-10-13,149.24
2025-09-23,21,2025-10-14,151.2
2025-09-23,22,2025-10-15,154.17
2025-09-23,23,2025-10-16,155.01
2025-09-23,24,2025-10-17,157.31
2025-09-23,25,2025-10-18,158.03
2025-09-23,26,2025-10-19,161.19
2025-09-23,27,2025-10-20,162.9
2025-09-23,28,2025-10-21,161.88
2025-09-23,29,2025-10-22,164.15
2025-09-23,30,2025-10-23,161.85
2025-09-24,1,2025-09-25,168.32
2025-09-24,2,2025-09-26,165.49
2025-09-24,3,2025-09-27,159.05
2025-09-24,4,2025-09-28,155.98
2025-09-24,5,2025-09-29,151.31
2025-09-24,6,2025-09-30,146.61
2025-09-24,7,2025-10-01,147.47
2025-09-24,8,2025-10-02,146.39
2025-09-24,9,2025-10-03,146.9
2025-09-24,10,2025-10-04,144.11
2025-09-24,11,2025-10-05,141.82
2025-09-24,12,2025-10-06,139.97
2025-09-24,13,2025-10-07,139.18
2025-09-24,14,2025-10-08,142.62
2025-09-24,15,2025-10-09,142.89
2025-09-24,16,2025-10-10,143.21
2025-09-24,17,2025-10-11,146.53
2025-09-24,18,2025-10-12,146.73
2025-09-24,19,2025-10-13,149.32
2025-09-24,20,2025-10-14,150.02
2025-09-24,21,2025-10-15,152.69
2025-09-24,22,2025-10-16,153.62
2025-09-24,23,2025-10-17,154.39
2025-09-24,24,2025-10-18,157.98
2025-09-24,25,2025-10-19,160.36
2025-09-24,26,2025-10-20,161.59
2025-09-24,27,2025-10-21,162.92
2025-09-24,28,2025-10-22,162.04
2025-09-24,29,2025-10-23,163.56
2025-09-24,30,2025-10-24,163.88
2025-09-25,1,2025-09-26,179.1
2025-09-25,2,2025-09-27,176.32
2025-09-25,3,2025-09-28,173.96
2025-09-25,4,2025-09-29,164.92
2025-09-25,5,2025-09-30,160.29
2025-09-25,6,2025-10-01,154.1
2025-09-25,7,2025-10-02,152.8
2025-09-25,8,2025-10-03,146.02
2025-09-25,9,2025-10-04,144.69
2025-09-25,10,2025-10-05,142.08
2025-09-25,11,2025-10-06,139.52
2025-09-25,12,2025-10-07,140.58
2025-09-25,13,2025-10-08,140.5
2025-09-25,14,2025-10-09,145.81
2025-09-25,15,2025-10-10,143.78
2025-09-25,16,2025-10-11,144.35
2025-09-25,17,2025-10-12,149.53
2025-09-25,18,2025-10-13,150.11
2025-09-25,19,2025-10-14,152.04
2025-09-25,20,2025-10-15,153.88
2025-09-25,21,2025-10-16,155.52
2025-09-25,22,2025-10-17,158.18
2025-09-25,23,2025-10-18,159.97
2025-09-25,24,2025-10-19,163.17
2025-09-25,25,2025-10-20,165.11
2025-09-25,26,2025-10-21,164.63
2025-09-25,27,2025-10-22,164.84
2025-09-25,28,2025-10-23,162.81
2025-09-25,29,2025-10-24,163.66
2025-09-25,30,2025-10-25,159.97
2025-09-26,1,2025-09-27,168.38
2025-09-26,2,2025-09-28,165.04
2025-09-26,3,2025-09-29,159.84
2025-09-26,4,2025-09-30,150.68
2025-09-26,5,2025-10-01,145.76
2025-09-26,6,2025-10-02,142.74
2025-09-26,7,2025-10-03,141.21
2025-09-26,8,2025-10-04,139.57
2025-09-26,9,2025-10-05,140.77
2025-09-26,10,2025-10-06,137.96
2025-09-26,11,2025-10-07,138.74
2025-09-26,12,2025-10-08,141.27
2025-09-26,13,2025-10-09,144.02
2025-09-26,14,2025-10-10,144.02
2025-09-26,15,2025-10-11,144.74
2025-09-26,16,2025-10-12,147.01
2025-09-26,17,2025-10-13,150.69
2025-09-26,18,2025-10-14,151.18
2025-09-26,19,2025-10-15,153.2
2025-09-26,20,2025-10-16,154.95
2025-09-26,21,2025-10-17,156.42
2025-09-26,22,2025-10-18,159.0
2025-09-26,23,2025-10-19,160.19
2025-09-26,24,2025-10-20,162.89
2025-09-26,25,2025-10-21,162.55
2025-09-26,26,2025-10-22,163.21
2025-09-26,27,2025-10-23,162.55
2025-09-26,28,2025-10-24,161.9
2025-09-26,29,2025-10-25,162.87
2025-09-26,30,2025-10-26,159.87
2025-09-27,1,2025-09-28,166.19
2025-09-27,2,2025-09-29,158.22
2025-09-27,3,2025-09-30,150.53
2025-09-27,4,2025-10-01,145.65
2025-09-27,5,2025-10-02,142.44
2025-09-27,6,2025-10-03,140.16
2025-09-27,7,2025-10-04,137.54
2025-09-27,8,2025-10-05,136.81
2025-09-27,9,2025-10-06,139.51
2025-09-27,10,2025-10-07,138.38
2025-09-27,11,2025-10-08,139.64
2025-09-27,12,2025-10-09,144.06
2025-09-27,13,2025-10-10,144.81
2025-09-27,14,2025-10-11,146.38
2025-09-27,15,2025-10-12,147.65
2025-09-27,16,2025-10-13,150.3
2025-09-27,17,2025-10-14,151.64
2025-09-27,18,2025-10-15,152.57
2025-09-27,19,2025-10-16,154.79
2025-09-27,20,2025-10-17,156.7
2025-09-27,21,2025-10-18,159.67
2025-09-27,22,2025-10-19,160.97
2025-09-27,23,2025-10-20,162.35
2025-09-27,24,2025-10-21,163.18
2025-09-27,25,2025-10-22,162.56
2025-09-27,26,2025-10-23,162.28
2025-09-27,27,2025-10-24,161.59
2025-09-27,28,2025-10-25,160.42
2025-09-27,29,2025-10-26,161.51
2025-09-27,30,2025-10-27,157.53
2025-09-28,1,2025-09-29,164.2
2025-09-28,2,2025-09-30,156.71
2025-09-28,3,2025-10-01,154.01
2025-09-28,4,2025-10-02,149.57
2025-09-28,5,2025-10-03,148.76
2025-09-28,6,2025-10-04,143.49
2025-09-28,7,2025-10-05,139.53
2025-09-28,8,2025-10-06,138.7
2025-09-28,9,2025-10-07,138.85
2025-09-28,10,2025-10-08,140.01
2025-09-28,11,2025-10-09,142.07
2025-09-28,12,2025-10-10,143.94
2025-09-28,13,2025-10-11,145.94
2025-09-28,14,2025-10-12,149.65
2025-09-28,15,2025-10-13,149.12
2025-09-28,16,2025-10-14,150.0
2025-09-28,17,2025-10-15,154.24
2025-09-28,18,2025-10-16,153.52
2025-09-28,19,2025-10-17,156.93
2025-09-28,20,2025-10-18,158.26
2025-09-28,21,2025-10-19,160.65
2025-09-28,22,2025-10-20,162.47
2025-09-28,23,2025-10-21,161.73
2025-09-28,24,2025-10-22,163.79
2025-09-28,25,2025-10-23,161.51
2025-09-28,26,2025-10-24,160.86
2025-09-28,27,2025-10-25,161.77
2025-09-28,28,2025-10-26,161.24
2025-09-28,29,2025-10-27,161.35
2025-09-28,30,2025-10-28,157.06
2025-09-29,1,2025-09-30,169.36
2025-09-29,2,2025-10-01,166.95
2025-09-29,3,2025-10-02,163.69
2025-09-29,4,2025-10-03,159.35
2025-09-29,5,2025-10-04,152.61
2025-09-29,6,2025-10-05,146.77
2025-09-29,7,2025-10-06,145.97
2025-09-29,8,2025-10-07,143.52
2025-09-29,9,2025-10-08,142.31
2025-09-29,10,2025-10-09,144.28
2025-09-29,11,2025-10-10,145.37
2025-09-29,12,2025-10-11,146.5
2025-09-29,13,2025-10-12,148.22
2025-09-29,14,2025-10-13,150.94
2025-09-29,15,2025-10-14,150.01
2025-09-29,16,2025-10-15,151.25
2025-09-29,17,2025-10-16,154.53
2025-09-29,18,2025-10-17,155.51
2025-09-29,19,2025-10-18,159.02
2025-09-29,20,2025-10-19,160.47
2025-09-29,21,2025-10-20,161.84
2025-09-29,22,2025-10-21,164.44
2025-09-29,23,2025-10-22,164.04
2025-09-29,24,2025-10-23,165.34
2025-09-29,25,2025-10-24,163.31
2025-09-29,26,2025-10-25,162.78
2025-09-29,27,2025-10-26,163.86
2025-09-29,28,2025-10-27,163.0
2025-09-29,29,2025-10-28,160.09
2025-09-29,30,2025-10-29,158.86
2025-09-30,1,2025-10-01,181.1
2025-09-30,2,2025-10-02,178.89
2025-09-30,3,2025-10-03,171.56
2025-09-30,4,2025-10-04,161.59
2025-09-30,5,2025-10-05,154.44
2025-09-30,6,2025-10-06,147.58
2025-09-30,7,2025-10-07,145.09
2025-09-30,8,2025-10-08,140.16
2025-09-30,9,2025-10-09,142.5
2025-09-30,10,2025-10-10,143.32
2025-09-30,11,2025-10-11,144.71
2025-09-30,12,2025-10-12,148.63
2025-09-30,13,2025-10-13,150.57
2025-09-30,14,2025-10-14,151.83
2025-09-30,15,2025-10-15,152.67
2025-09-30,16,2025-10-16,155.26
2025-09-30,17,2025-10-17,159.53
2025-09-30,18,2025-10-18,158.28
2025-09-30,19,2025-10-19,162.94
2025-09-30,20,2025-10-20,165.09
2025-09-30,21,2025-10-21,165.98
2025-09-30,22,2025-10-22,167.27
2025-09-30,23,2025-10-23,166.72
2025-09-30,24,2025-10-24,167.44
2025-09-30,25,2025-10-25,164.88
2025-09-30,26,2025-10-26,165.13
2025-09-30,27,2025-10-27,164.6
2025-09-30,28,2025-10-28,163.21
2025-09-30,29,2025-10-29,161.32
2025-09-30,30,2025-10-30,159.91
2025-10-01,1,2025-10-02,182.85
2025-10-01,2,2025-10-03,181.04
2025-10-01,3,2025-10-04,170.87
2025-10-01,4,2025-10-05,159.75
2025-10-01,5,2025-10-06,156.02
2025-10-01,6,2025-10-07,144.57
2025-10-01,7,2025-10-08,140.35
2025-10-01,8,2025-10-09,142.06
2025-10-01,9,2025-10-10,144.38
2025-10-01,10,2025-10-11,145.75
2025-10-01,11,2025-10-12,148.29
2025-10-01,12,2025-10-13,152.25
2025-10-01,13,2025-10-14,150.76
2025-10-01,14,2025-10-15,155.56
2025-10-01,15,2025-10-16,155.58
2025-10-01,16,2025-10-17,157.34
2025-10-01,17,2025-10-18,160.35
2025-10-01,18,2025-10-19,161.7
2025-10-01,19,2025-10-20,167.66
2025-10-01,20,2025-10-21,170.17
2025-10-01,21,2025-10-22,167.36
2025-10-01,22,2025-10-23,167.55
2025-10-01,23,2025-10-24,166.16
2025-10-01,24,2025-10-25,166.45
2025-10-01,25,2025-10-26,163.98
2025-10-01,26,2025-10-27,165.24
2025-10-01,27,2025-10-28,163.62
2025-10-01,28,2025-10-29,162.11
2025-10-01,29,2025-10-30,161.14
2025-10-01,30,2025-10-31,160.22
2025-10-02,1,2025-10-03,180.96
2025-10-02,2,2025-10-04,173.88
2025-10-02,3,2025-10-05,168.53
2025-10-02,4,2025-10-06,154.9
2025-10-02,5,2025-10-07,150.46
2025-10-02,6,2025-10-08,141.32
2025-10-02,7,2025-10-09,139.43
2025-10-02,8,2025-10-10,143.14
2025-10-02,9,2025-10-11,143.89
2025-10-02,10,2025-10-12,147.58
2025-10-02,11,2025-10-13,149.92
2025-10-02,12,2025-10-14,151.71
2025-10-02,13,2025-10-15,152.65
2025-10-02,14,2025-10-16,155.64
2025-10-02,15,2025-10-17,156.73
2025-10-02,16,2025-10-18,158.95
2025-10-02,17,2025-10-19,163.42
2025-10-02,18,2025-10-20,167.98
2025-10-02,19,2025-10-21,172.29
2025-10-02,20,2025-10-22,170.94
2025-10-02,21,2025-10-23,165.65
2025-10-02,22,2025-10-24,165.03
2025-10-02,23,2025-10-25,165.83
2025-10-02,24,2025-10-26,166.63
2025-10-02,25,2025-10-27,164.41
2025-10-02,26,2025-10-28,165.75
2025-10-02,27,2025-10-29,164.02
2025-10-02,28,2025-10-30,162.58
2025-10-02,29,2025-10-31,161.49
2025-10-02,30,2025-11-01,161.12
2025-10-03,1,2025-10-04,163.7
2025-10-03,2,2025-10-05,161.41
2025-10-03,3,2025-10-06,154.18
2025-10-03,4,2025-10-07,148.21
2025-10-03,5,2025-10-08,144.11
2025-10-03,6,2025-10-09,141.11
2025-10-03,7,2025-10-10,140.89
2025-10-03,8,2025-10-11,141.28
2025-10-03,9,2025-10-12,146.63
2025-10-03,10,2025-10-13,150.39
2025-10-03,11,2025-10-14,151.14
2025-10-03,12,2025-10-15,155.51
2025-10-03,13,2025-10-16,155.97
2025-10-03,14,2025-10-17,157.91
2025-10-03,15,2025-10-18,159.03
2025-10-03,16,2025-10-19,162.18
2025-10-03,17,2025-10-20,169.13
2025-10-03,18,2025-10-21,168.35
2025-10-03,19,2025-10-22,169.47
2025-10-03,20,2025-10-23,166.58
2025-10-03,21,2025-10-24,164.28
2025-10-03,22,2025-10-25,165.69
2025-10-03,23,2025-10-26,163.7
2025-10-03,24,2025-10-27,163.7
2025-10-03,25,2025-10-28,162.66
2025-10-03,26,2025-10-29,164.42
2025-10-03,27,2025-10-30,164.39
2025-10-03,28,2025-10-31,163.08
2025-10-03,29,2025-11-01,162.45
2025-10-03,30,2025-11-02,157.14
2025-10-04,1,2025-10-05,161.86
2025-10-04,2,2025-10-06,155.8
2025-10-04,3,2025-10-07,147.55
2025-10-04,4,2025-10-08,143.42
2025-10-04,5,2025-10-09,143.75
2025-10-04,6,2025-10-10,140.73
2025-10-04,7,2025-10-11,139.42
2025-10-04,8,2025-10-12,144.27
2025-10-04,9,2025-10-13,149.55
2025-10-04,10,2025-10-14,153.93
2025-10-04,11,2025-10-15,156.48
2025-10-04,12,2025-10-16,157.15
2025-10-04,13,2025-10-17,160.14
2025-10-04,14,2025-10-18,161.97
2025-10-04,15,2025-10-19,163.64
2025-10-04,16,2025-10-20,168.69
2025-10-04,17,2025-10-21,172.13
2025-10-04,18,2025-10-22,169.67
2025-10-04,19,2025-10-23,168.43
2025-10-04,20,2025-10-24,166.83
2025-10-04,21,2025-10-25,166.44
2025-10-04,22,2025-10-26,167.76
2025-10-04,23,2025-10-27,164.83
2025-10-04,24,2025-10-28,164.62
2025-10-04,25,2025-10-29,164.11
2025-10-04,26,2025-10-30,164.65
2025-10-04,27,2025-10-31,165.25
2025-10-04,28,2025-11-01,162.78
2025-10-04,29,2025-11-02,157.84
2025-10-04,30,2025-11-03,154.29
2025-10-05,1,2025-10-06,152.13
2025-10-05,2,2025-10-07,145.88
2025-10-05,3,2025-10-08,143.64
2025-10-05,4,2025-10-09,141.08
2025-10-05,5,2025-10-10,141.03
2025-10-05,6,2025-10-11,139.65
2025-10-05,7,2025-10-12,142.14
2025-10-05,8,2025-10-13,147.08
2025-10-05,9,2025-10-14,150.57
2025-10-05,10,2025-10-15,153.53
2025-10-05,11,2025-10-16,154.01
2025-10-05,12,2025-10-17,156.53
2025-10-05,13,2025-10-18,160.08
2025-10-05,14,2025-10-19,163.93
2025-10-05,15,2025-10-20,168.21
2025-10-05,16,2025-10-21,171.98
2025-10-05,17,2025-10-22,171.02
2025-10-05,18,2025-10-23,168.53
2025-10-05,19,2025-10-24,166.92
2025-10-05,20,2025-10-25,166.25
2025-10-05,21,2025-10-26,165.62
2025-10-05,22,2025-10-27,166.13
2025-10-05,23,2025-10-28,164.58
2025-10-05,24,2025-10-29,164.28
2025-10-05,25,2025-10-30,163.05
2025-10-05,26,2025-10-31,163.85
2025-10-05,27,2025-11-01,161.74
2025-10-05,28,2025-11-02,157.35
2025-10-05,29,2025-11-03,152.27
2025-10-05,30,2025-11-04,151.75
2025-10-06,1,2025-10-07,144.49
2025-10-06,2,2025-10-08,143.76
2025-10-06,3,2025-10-09,143.36
2025-10-06,4,2025-10-10,142.94
2025-10-06,5,2025-10-11,139.53
2025-10-06,6,2025-10-12,144.47
2025-10-06,7,2025-10-13,148.89
2025-10-06,8,2025-10-14,148.01
2025-10-06,9,2025-10-15,153.55
2025-10-06,10,2025-10-16,155.43
2025-10-06,11,2025-10-17,157.02
2025-10-06,12,2025-10-18,159.78
2025-10-06,13,2025-10-19,163.31
2025-10-06,14,2025-10-20,171.62
2025-10-06,15,2025-10-21,172.21
2025-10-06,16,2025-10-22,169.69
2025-10-06,17,2025-10-23,172.32
2025-10-06,18,2025-10-24,168.85
2025-10-06,19,2025-10-25,167.61
2025-10-06,20,2025-10-26,167.47
2025-10-06,21,2025-10-27,165.11
2025-10-06,22,2025-10-28,164.2
2025-10-06,23,2025-10-29,163.91
2025-10-06,24,2025-10-30,162.8
2025-10-06,25,2025-10-31,159.69
2025-10-06,26,2025-11-01,158.48
2025-10-06,27,2025-11-02,155.6
2025-10-06,28,2025-11-03,152.83
2025-10-06,29,2025-11-04,151.71
2025-10-06,30,2025-11-05,151.69
2025-10-07,1,2025-10-08,134.93
2025-10-07,2,2025-10-09,135.75
2025-10-07,3,2025-10-10,138.63
2025-10-07,4,2025-10-11,135.54
2025-10-07,5,2025-10-12,137.31
2025-10-07,6,2025-10-13,141.64
2025-10-07,7,2025-10-14,145.05
2025-10-07,8,2025-10-15,150.17
2025-10-07,9,2025-10-16,152.63
2025-10-07,10,2025-10-17,156.05
2025-10-07,11,2025-10-18,158.37
2025-10-07,12,2025-10-19,161.26
2025-10-07,13,2025-10-20,167.14
2025-10-07,14,2025-10-21,173.89
2025-10-07,15,2025-10-22,169.82
2025-10-07,16,2025-10-23,168.38
2025-10-07,17,2025-10-24,169.65
2025-10-07,18,2025-10-25,166.32
2025-10-07,19,2025-10-26,166.8
2025-10-07,20,2025-10-27,165.17
2025-10-07,21,2025-10-28,161.79
2025-10-07,22,2025-10-29,160.95
2025-10-07,23,2025-10-30,159.13
2025-10-07,24,2025-10-31,155.96
2025-10-07,25,2025-11-01,151.42
2025-10-07,26,2025-11-02,151.9
2025-10-07,27,2025-11-03,150.46
2025-10-07,28,2025-11-04,149.14
2025-10-07,29,2025-11-05,151.15
2025-10-07,30,2025-11-06,151.77
2025-10-08,1,2025-10-09,128.66
2025-10-08,2,2025-10-10,127.75
2025-10-08,3,2025-10-11,128.19
2025-10-08,4,2025-10-12,128.03
2025-10-08,5,2025-10-13,136.16
2025-10-08,6,2025-10-14,139.54
2025-10-08,7,2025-10-15,150.2
2025-10-08,8,2025-10-16,147.91
2025-10-08,9,2025-10-17,153.34
2025-10-08,10,2025-10-18,158.44
2025-10-08,11,2025-10-19,162.01
2025-10-08,12,2025-10-20,166.34
2025-10-08,13,2025-10-21,171.13
2025-10-08,14,2025-10-22,171.39
2025-10-08,15,2025-10-23,169.86
2025-10-08,16,2025-10-24,169.2
2025-10-08,17,2025-10-25,169.32
2025-10-08,18,2025-10-26,166.5
2025-10-08,19,2025-10-27,166.49
2025-10-08,20,2025-10-28,163.03
2025-10-08,21,2025-10-29,159.62
2025-10-08,22,2025-10-30,156.62
2025-10-08,23,2025-10-31,154.95
2025-10-08,24,2025-11-01,152.45
2025-10-08,25,2025-11-02,150.61
2025-10-08,26,2025-11-03,147.58
2025-10-08,27,2025-11-04,147.87
2025-10-08,28,2025-11-05,149.18
2025-10-08,29,2025-11-06,149.6
2025-10-08,30,2025-11-07,150.53
2025-10-09,1,2025-10-10,122.9
2025-10-09,2,2025-10-11,121.62
2025-10-09,3,2025-10-12,122.46
2025-10-09,4,2025-10-13,131.38
2025-10-09,5,2025-10-14,131.97
2025-10-09,6,2025-10-15,143.44
2025-10-09,7,2025-10-16,146.32
2025-10-09,8,2025-10-17,150.82
2025-10-09,9,2025-10-18,156.91
2025-10-09,10,2025-10-19,164.6
2025-10-09,11,2025-10-20,166.55
2025-10-09,12,2025-10-21,170.21
2025-10-09,13,2025-10-22,170.32
2025-10-09,14,2025-10-23,172.15
2025-10-09,15,2025-10-24,169.09
2025-10-09,16,2025-10-25,167.7
2025-10-09,17,2025-10-26,168.06
2025-10-09,18,2025-10-27,164.81
2025-10-09,19,2025-10-28,163.94
2025-10-09,20,2025-10-29,161.46
2025-10-09,21,2025-10-30,159.72
2025-10-09,22,2025-10-31,153.18
2025-10-09,23,2025-11-01,151.04
2025-10-09,24,2025-11-02,148.9
2025-10-09,25,2025-11-03,144.9
2025-10-09,26,2025-11-04,144.18
2025-10-09,27,2025-11-05,144.17
2025-10-09,28,2025-11-06,143.46
2025-10-09,29,2025-11-07,144.72
2025-10-09,30,2025-11-08,144.55
2025-10-10,1,2025-10-11,122.93
2025-10-10,2,2025-10-12,124.48
2025-10-10,3,2025-10-13,131.75
2025-10-10,4,2025-10-14,133.28
2025-10-10,5,2025-10-15,147.33
2025-10-10,6,2025-10-16,142.22
2025-10-10,7,2025-10-17,146.7
2025-10-10,8,2025-10-18,152.74
2025-10-10,9,2025-10-19,161.98
2025-10-10,10,2025-10-20,165.33
2025-10-10,11,2025-10-21,170.08
2025-10-10,12,2025-10-22,167.0
2025-10-10,13,2025-10-23,168.97
2025-10-10,14,2025-10-24,168.34
2025-10-10,15,2025-10-25,168.24
2025-10-10,16,2025-10-26,166.1
2025-10-10,17,2025-10-27,166.45
2025-10-10,18,2025-10-28,163.86
2025-10-10,19,2025-10-29,162.97
2025-10-10,20,2025-10-30,158.65
2025-10-10,21,2025-10-31,154.98
2025-10-10,22,2025-11-01,149.67
2025-10-10,23,2025-11-02,148.87
2025-10-10,24,2025-11-03,145.69
2025-10-10,25,2025-11-04,142.76
2025-10-10,26,2025-11-05,143.49
2025-10-10,27,2025-11-06,144.45
2025-10-10,28,2025-11-07,143.28
2025-10-10,29,2025-11-08,143.42
2025-10-10,30,2025-11-09,144.05
2025-10-11,1,2025-10-12,125.63
2025-10-11,2,2025-10-13,131.48
2025-10-11,3,2025-10-14,138.49
2025-10-11,4,2025-10-15,150.14
2025-10-11,5,2025-10-16,146.49
2025-10-11,6,2025-10-17,144.9
2025-10-11,7,2025-10-18,154.48
2025-10-11,8,2025-10-19,158.57
2025-10-11,9,2025-10-20,164.86
2025-10-11,10,2025-10-21,170.16
2025-10-11,11,2025-10-22,169.47
2025-10-11,12,2025-10-23,170.27
2025-10-11,13,2025-10-24,170.08
2025-10-11,14,2025-10-25,169.89
2025-10-11,15,2025-10-26,168.07
2025-10-11,16,2025-10-27,165.65
2025-10-11,17,2025-10-28,167.02
2025-10-11,18,2025-10-29,163.07
2025-10-11,19,2025-10-30,161.3
2025-10-11,20,2025-10-31,155.01
2025-10-11,21,2025-11-01,151.08
2025-10-11,22,2025-11-02,147.16
2025-10-11,23,2025-11-03,145.11
2025-10-11,24,2025-11-04,143.57
2025-10-11,25,2025-11-05,141.77
2025-10-11,26,2025-11-06,143.79
2025-10-11,27,2025-11-07,145.24
2025-10-11,28,2025-11-08,144.28
2025-10-11,29,2025-11-09,143.63
2025-10-11,30,2025-11-10,144.64
2025-10-12,1,2025-10-13,139.2
2025-10-12,2,2025-10-14,144.5
2025-10-12,3,2025-10-15,153.81
2025-10-12,4,2025-10-16,156.14
2025-10-12,5,2025-10-17,159.09
2025-10-12,6,2025-10-18,159.48
2025-10-12,7,2025-10-19,166.5
2025-10-12,8,2025-10-20,165.9
2025-10-12,9,2025-10-21,169.28
2025-10-12,10,2025-10-22,168.03
2025-10-12,11,2025-10-23,172.01
2025-10-12,12,2025-10-24,169.02
2025-10-12,13,2025-10-25,170.4
2025-10-12,14,2025-10-26,171.05
2025-10-12,15,2025-10-27,165.8
2025-10-12,16,2025-10-28,164.34
2025-10-12,17,2025-10-29,162.63
2025-10-12,18,2025-10-30,158.62
2025-10-12,19,2025-10-31,154.69
2025-10-12,20,2025-11-01,151.12
2025-10-12,21,2025-11-02,149.07
2025-10-12,22,2025-11-03,145.6
2025-10-12,23,2025-11-04,144.76
2025-10-12,24,2025-11-05,144.95
2025-10-12,25,2025-11-06,143.28
2025-10-12,26,2025-11-07,146.21
2025-10-12,27,2025-11-08,148.98
2025-10-12,28,2025-11-09,148.55
2025-10-12,29,2025-11-10,150.17
2025-10-12,30,2025-11-11,151.42
2025-10-13,1,2025-10-14,149.46
2025-10-13,2,2025-10-15,156.01
2025-10-13,3,2025-10-16,162.19
2025-10-13,4,2025-10-17,164.62
2025-10-13,5,2025-10-18,167.64
2025-10-13,6,2025-10-19,170.89
2025-10-13,7,2025-10-20,166.37
2025-10-13,8,2025-10-21,171.74
2025-10-13,9,2025-10-22,168.21
2025-10-13,10,2025-10-23,172.57
2025-10-13,11,2025-10-24,175.41
2025-10-13,12,2025-10-25,173.6
2025-10-13,13,2025-10-26,169.69
2025-10-13,14,2025-10-27,170.07
2025-10-13,15,2025-10-28,166.1
2025-10-13,16,2025-10-29,163.74
2025-10-13,17,2025-10-30,162.3
2025-10-13,18,2025-10-31,155.38
2025-10-13,19,2025-11-01,151.54
2025-10-13,20,2025-11-02,151.5
2025-10-13,21,2025-11-03,147.64
2025-10-13,22,2025-11-04,146.76
2025-10-13,23,2025-11-05,143.54
2025-10-13,24,2025-11-06,146.32
2025-10-13,25,2025-11-07,146.03
2025-10-13,26,2025-11-08,149.75
2025-10-13,27,2025-11-09,152.89
2025-10-13,28,2025-11-10,152.35
2025-10-13,29,2025-11-11,152.3
2025-10-13,30,2025-11-12,156.27
2025-10-14,1,2025-10-15,150.98
2025-10-14,2,2025-10-16,150.94
2025-10-14,3,2025-10-17,156.33
2025-10-14,4,2025-10-18,160.5
2025-10-14,5,2025-10-19,172.0
2025-10-14,6,2025-10-20,168.95
2025-10-14,7,2025-10-21,171.13
2025-10-14,8,2025-10-22,170.31
2025-10-14,9,2025-10-23,170.16
2025-10-14,10,2025-10-24,174.13
2025-10-14,11,2025-10-25,172.3
2025-10-14,12,2025-10-26,172.16
2025-10-14,13,2025-10-27,169.34
2025-10-14,14,2025-10-28,165.53
2025-10-14,15,2025-10-29,161.38
2025-10-14,16,2025-10-30,158.41
2025-10-14,17,2025-10-31,155.1
2025-10-14,18,2025-11-01,150.13
2025-10-14,19,2025-11-02,148.62
2025-10-14,20,2025-11-03,147.05
2025-10-14,21,2025-11-04,146.05
2025-10-14,22,2025-11-05,144.66
2025-10-14,23,2025-11-06,143.56
2025-10-14,24,2025-11-07,146.57
2025-10-14,25,2025-11-08,146.56
2025-10-14,26,2025-11-09,149.92
2025-10-14,27,2025-11-10,152.2
2025-10-14,28,2025-11-11,152.17
2025-10-14,29,2025-11-12,154.18
2025-10-14,30,2025-11-13,157.9
2025-10-15,1,2025-10-16,155.35
2025-10-15,2,2025-10-17,158.35
2025-10-15,3,2025-10-18,164.86
2025-10-15,4,2025-10-19,168.44
2025-10-15,5,2025-10-20,170.99
2025-10-15,6,2025-10-21,173.29
2025-10-15,7,2025-10-22,171.97
2025-10-15,8,2025-10-23,174.95
2025-10-15,9,2025-10-24,175.42
2025-10-15,10,2025-10-25,173.23
2025-10-15,11,2025-10-26,171.25
2025-10-15,12,2025-10-27,170.06
2025-10-15,13,2025-10-28,166.64
2025-10-15,14,2025-10-29,163.7
2025-10-15,15,2025-10-30,160.24
2025-10-15,16,2025-10-31,154.68
2025-10-15,17,2025-11-01,152.79
2025-10-15,18,2025-11-02,151.71
2025-10-15,19,2025-11-03,148.81
2025-10-15,20,2025-11-04,148.76
2025-10-15,21,2025-11-05,145.52
2025-10-15,22,2025-11-06,147.13
2025-10-15,23,2025-11-07,146.76
2025-10-15,24,2025-11-08,149.08
2025-10-15,25,2025-11-09,149.9
2025-10-15,26,2025-11-10,153.47
2025-10-15,27,2025-11-11,156.47
2025-10-15,28,2025-11-12,156.11
2025-10-15,29,2025-11-13,159.15
2025-10-15,30,2025-11-14,161.4
2025-10-16,1,2025-10-17,172.12
2025-10-16,2,2025-10-18,171.34
2025-10-16,3,2025-10-19,170.94
2025-10-16,4,2025-10-20,165.7
2025-10-16,5,2025-10-21,172.26
2025-10-16,6,2025-10-22,171.63
2025-10-16,7,2025-10-23,175.59
2025-10-16,8,2025-10-24,179.66
2025-10-16,9,2025-10-25,173.76
2025-10-16,10,2025-10-26,175.58
2025-10-16,11,2025-10-27,172.17
2025-10-16,12,2025-10-28,169.42
2025-10-16,13,2025-10-29,165.71
2025-10-16,14,2025-10-30,161.18
2025-10-16,15,2025-10-31,155.85
2025-10-16,16,2025-11-01,151.56
2025-10-16,17,2025-11-02,154.01
2025-10-16,18,2025-11-03,150.41
2025-10-16,19,2025-11-04,149.44
2025-10-16,20,2025-11-05,148.74
2025-10-16,21,2025-11-06,147.95
2025-10-16,22,2025-11-07,148.27
2025-10-16,23,2025-11-08,149.45
2025-10-16,24,2025-11-09,152.35
2025-10-16,25,2025-11-10,152.77
2025-10-16,26,2025-11-11,156.69
2025-10-16,27,2025-11-12,158.0
2025-10-16,28,2025-11-13,160.31
2025-10-16,29,2025-11-14,164.64
2025-10-16,30,2025-11-15,166.32
2025-10-17,1,2025-10-18,162.84
2025-10-17,2,2025-10-19,163.43
2025-10-17,3,2025-10-20,163.79
2025-10-17,4,2025-10-21,168.29
2025-10-17,5,2025-10-22,174.86
2025-10-17,6,2025-10-23,178.78
2025-10-17,7,2025-10-24,180.21
2025-10-17,8,2025-10-25,174.31
2025-10-17,9,2025-10-26,172.95
2025-10-17,10,2025-10-27,171.77
2025-10-17,11,2025-10-28,168.42
2025-10-17,12,2025-10-29,164.89
2025-10-17,13,2025-10-30,160.04
2025-10-17,14,2025-10-31,154.86
2025-10-17,15,2025-11-01,152.34
2025-10-17,16,2025-11-02,151.23
2025-10-17,17,2025-11-03,153.51
2025-10-17,18,2025-11-04,150.04
2025-10-17,19,2025-11-05,147.54
2025-10-17,20,2025-11-06,149.54
2025-10-17,21,2025-11-07,148.59
2025-10-17,22,2025-11-08,151.01
2025-10-17,23,2025-11-09,150.72
2025-10-17,24,2025-11-10,152.81
2025-10-17,25,2025-11-11,153.97
2025-10-17,26,2025-11-12,157.34
2025-10-17,27,2025-11-13,160.0
2025-10-17,28,2025-11-14,162.48
2025-10-17,29,2025-11-15,166.15
2025-10-17,30,2025-11-16,168.23
2025-10-18,1,2025-10-19,162.84
2025-10-18,2,2025-10-20,160.13
2025-10-18,3,2025-10-21,166.32
2025-10-18,4,2025-10-22,166.51
2025-10-18,5,2025-10-23,175.89
2025-10-18,6,2025-10-24,181.05
2025-10-18,7,2025-10-25,178.95
2025-10-18,8,2025-10-26,174.53
2025-10-18,9,2025-10-27,170.83
2025-10-18,10,2025-10-28,170.33
2025-10-18,11,2025-10-29,165.72
2025-10-18,12,2025-10-30,159.34
2025-10-18,13,2025-10-31,155.62
2025-10-18,14,2025-11-01,153.78
2025-10-18,15,2025-11-02,152.61
2025-10-18,16,2025-11-03,150.71
2025-10-18,17,2025-11-04,152.82
2025-10-18,18,2025-11-05,149.18
2025-10-18,19,2025-11-06,149.51
2025-10-18,20,2025-11-07,151.77
2025-10-18,21,2025-11-08,150.4
2025-10-18,22,2025-11-09,152.43
2025-10-18,23,2025-11-10,152.63
2025-10-18,24,2025-11-11,155.52
2025-10-18,25,2025-11-12,154.6
2025-10-18,26,2025-11-13,159.39
2025-10-18,27,2025-11-14,162.37
2025-10-18,28,2025-11-15,165.41
2025-10-18,29,2025-11-16,169.76
2025-10-18,30,2025-11-17,169.32
2025-10-19,1,2025-10-20,151.96
2025-10-19,2,2025-10-21,154.27
2025-10-19,3,2025-10-22,158.43
2025-10-19,4,2025-10-23,165.98
2025-10-19,5,2025-10-24,180.81
2025-10-19,6,2025-10-25,175.33
2025-10-19,7,2025-10-26,174.84
2025-10-19,8,2025-10-27,172.08
2025-10-19,9,2025-10-28,165.19
2025-10-19,10,2025-10-29,163.74
2025-10-19,11,2025-10-30,161.34
2025-10-19,12,2025-10-31,155.01
2025-10-19,13,2025-11-01,152.9
2025-10-19,14,2025-11-02,154.7
2025-10-19,15,2025-11-03,152.27
2025-10-19,16,2025-11-04,151.39
2025-10-19,17,2025-11-05,151.95
2025-10-19,18,2025-11-06,150.81
2025-10-19,19,2025-11-07,150.99
2025-10-19,20,2025-11-08,153.4
2025-10-19,21,2025-11-09,152.0
2025-10-19,22,2025-11-10,153.9
2025-10-19,23,2025-11-11,155.24
2025-10-19,24,2025-11-12,155.81
2025-10-19,25,2025-11-13,155.22
2025-10-19,26,2025-11-14,160.84
2025-10-19,27,2025-11-15,162.62
2025-10-19,28,2025-11-16,165.55
2025-10-19,29,2025-11-17,168.22
2025-10-19,30,2025-11-18,168.75
2025-10-20,1,2025-10-21,151.26
2025-10-20,2,2025-10-22,148.23
2025-10-20,3,2025-10-23,158.39
2025-10-20,4,2025-10-24,165.83
2025-10-20,5,2025-10-25,165.69
2025-10-20,6,2025-10-26,170.36
2025-10-20,7,2025-10-27,168.23
2025-10-20,8,2025-10-28,165.15
2025-10-20,9,2025-10-29,162.88
2025-10-20,10,2025-10-30,161.3
2025-10-20,11,2025-10-31,158.08
2025-10-20,12,2025-11-01,153.81
2025-10-20,13,2025-11-02,154.55
2025-10-20,14,2025-11-03,154.91
2025-10-20,15,2025-11-04,152.39
2025-10-20,16,2025-11-05,150.15
2025-10-20,17,2025-11-06,153.09
2025-10-20,18,2025-11-07,150.25
2025-10-20,19,2025-11-08,151.34
2025-10-20,20,2025-11-09,154.03
2025-10-20,21,2025-11-10,152.53
2025-10-20,22,2025-11-11,154.59
2025-10-20,23,2025-11-12,154.1
2025-10-20,24,2025-11-13,155.14
2025-10-20,25,2025-11-14,155.49
2025-10-20,26,2025-11-15,158.33
2025-10-20,27,2025-11-16,161.58
2025-10-20,28,2025-11-17,162.7
2025-10-20,29,2025-11-18,165.67
2025-10-20,30,2025-11-19,163.25
2025-10-21,1,2025-10-22,143.43
2025-10-21,2,2025-10-23,147.42
2025-10-21,3,2025-10-24,156.52
2025-10-21,4,2025-10-25,155.29
2025-10-21,5,2025-10-26,161.48
2025-10-21,6,2025-10-27,160.91
2025-10-21,7,2025-10-28,158.13
2025-10-21,8,2025-10-29,159.62
2025-10-21,9,2025-10-30,157.46
2025-10-21,10,2025-10-31,154.58
2025-10-21,11,2025-11-01,152.35
2025-10-21,12,2025-11-02,154.38
2025-10-21,13,2025-11-03,155.0
2025-10-21,14,2025-11-04,156.04
2025-10-21,15,2025-11-05,153.21
2025-10-21,16,2025-11-06,151.94
2025-10-21,17,2025-11-07,154.22
2025-10-21,18,2025-11-08,150.39
2025-10-21,19,2025-11-09,153.47
2025-10-21,20,2025-11-10,155.24
2025-10-21,21,2025-11-11,153.95
2025-10-21,22,2025-11-12,153.64
2025-10-21,23,2025-11-13,154.35
2025-10-21,24,2025-11-14,154.85
2025-10-21,25,2025-11-15,153.36
2025-10-21,26,2025-11-16,158.3
2025-10-21,27,2025-11-17,157.98
2025-10-21,28,2025-11-18,161.61
2025-10-21,29,2025-11-19,159.14
2025-10-21,30,2025-11-20,160.92
2025-10-22,1,2025-10-23,137.0
2025-10-22,2,2025-10-24,141.49
2025-10-22,3,2025-10-25,144.24
2025-10-22,4,2025-10-26,146.74
2025-10-22,5,2025-10-27,151.56
2025-10-22,6,2025-10-28,152.36
2025-10-22,7,2025-10-29,154.47
2025-10-22,8,2025-10-30,157.2
2025-10-22,9,2025-10-31,152.08
2025-10-22,10,2025-11-01,151.79
2025-10-22,11,2025-11-02,152.43
2025-10-22,12,2025-11-03,155.59
2025-10-22,13,2025-11-04,153.14
2025-10-22,14,2025-11-05,153.02
2025-10-22,15,2025-11-06,152.18
2025-10-22,16,2025-11-07,151.65
2025-10-22,17,2025-11-08,155.01
2025-10-22,18,2025-11-09,152.64
2025-10-22,19,2025-11-10,154.39
2025-10-22,20,2025-11-11,157.46
2025-10-22,21,2025-11-12,155.12
2025-10-22,22,2025-11-13,154.13
2025-10-22,23,2025-11-14,153.55
2025-10-22,24,2025-11-15,152.72
2025-10-22,25,2025-11-16,151.99
2025-10-22,26,2025-11-17,152.7
2025-10-22,27,2025-11-18,154.88
2025-10-22,28,2025-11-19,154.16
2025-10-22,29,2025-11-20,157.23
2025-10-22,30,2025-11-21,160.37
2025-10-23,1,2025-10-24,140.05
2025-10-23,2,2025-10-25,137.08
2025-10-23,3,2025-10-26,141.37
2025-10-23,4,2025-10-27,144.06
2025-10-23,5,2025-10-28,148.36
2025-10-23,6,2025-10-29,150.27
2025-10-23,7,2025-10-30,153.85
2025-10-23,8,2025-10-31,148.12
2025-10-23,9,2025-11-01,148.6
2025-10-23,10,2025-11-02,152.15
2025-10-23,11,2025-11-03,153.69
2025-10-23,12,2025-11-04,154.73
2025-10-23,13,2025-11-05,151.26
2025-10-23,14,2025-11-06,155.49
2025-10-23,15,2025-11-07,154.51
2025-10-23,16,2025-11-08,153.37
2025-10-23,17,2025-11-09,156.4
2025-10-23,18,2025-11-10,156.36
2025-10-23,19,2025-11-11,159.32
2025-10-23,20,2025-11-12,159.77
2025-10-23,21,2025-11-13,157.07
2025-10-23,22,2025-11-14,155.01
2025-10-23,23,2025-11-15,154.35
2025-10-23,24,2025-11-16,153.92
2025-10-23,25,2025-11-17,151.61
2025-10-23,26,2025-11-18,153.75
2025-10-23,27,2025-11-19,156.13
2025-10-23,28,2025-11-20,155.6
2025-10-23,29,2025-11-21,160.88
2025-10-23,30,2025-11-22,159.57
2025-10-24,1,2025-10-25,134.5
2025-10-24,2,2025-10-26,136.76
2025-10-24,3,2025-10-27,140.71
2025-10-24,4,2025-10-28,140.86
2025-10-24,5,2025-10-29,144.56
2025-10-24,6,2025-10-30,149.01
2025-10-24,7,2025-10-31,145.09
2025-10-24,8,2025-11-01,145.04
2025-10-24,9,2025-11-02,151.08
2025-10-24,10,2025-11-03,154.62
2025-10-24,11,2025-11-04,156.03
2025-10-24,12,2025-11-05,153.91
2025-10-24,13,2025-11-06,155.51
2025-10-24,14,2025-11-07,155.54
2025-10-24,15,2025-11-08,155.97
2025-10-24,16,2025-11-09,155.61
2025-10-24,17,2025-11-10,161.02
2025-10-24,18,2025-11-11,161.86
2025-10-24,19,2025-11-12,161.74
2025-10-24,20,2025-11-13,160.27
2025-10-24,21,2025-11-14,156.42
2025-10-24,22,2025-11-15,154.59
2025-10-24,23,2025-11-16,156.64
2025-10-24,24,2025-11-17,157.24
2025-10-24,25,2025-11-18,154.14
2025-10-24,26,2025-11-19,155.23
2025-10-24,27,2025-11-20,158.3
2025-10-24,28,2025-11-21,158.09
2025-10-24,29,2025-11-22,156.74
2025-10-24,30,2025-11-23,157.29
2025-10-25,1,2025-10-26,136.99
2025-10-25,2,2025-10-27,139.47
2025-10-25,3,2025-10-28,139.17
2025-10-25,4,2025-10-29,141.65
2025-10-25,5,2025-10-30,153.22
2025-10-25,6,2025-10-31,143.18
2025-10-25,7,2025-11-01,143.06
2025-10-25,8,2025-11-02,149.97
2025-10-25,9,2025-11-03,156.06
2025-10-25,10,2025-11-04,157.76
2025-10-25,11,2025-11-05,155.36
2025-10-25,12,2025-11-06,156.25
2025-10-25,13,2025-11-07,158.07
2025-10-25,14,2025-11-08,159.2
2025-10-25,15,2025-11-09,157.76
2025-10-25,16,2025-11-10,160.57
2025-10-25,17,2025-11-11,164.03
2025-10-25,18,2025-11-12,162.87
2025-10-25,19,2025-11-13,162.32
2025-10-25,20,2025-11-14,159.14
2025-10-25,21,2025-11-15,154.28
2025-10-25,22,2025-11-16,156.1
2025-10-25,23,2025-11-17,157.89
2025-10-25,24,2025-11-18,158.95
2025-10-25,25,2025-11-19,156.5
2025-10-25,26,2025-11-20,154.59
2025-10-25,27,2025-11-21,161.31
2025-10-25,28,2025-11-22,157.09
2025-10-25,29,2025-11-23,159.2
2025-10-25,30,2025-11-24,157.08
2025-10-26,1,2025-10-27,131.8
2025-10-26,2,2025-10-28,131.05
2025-10-26,3,2025-10-29,136.24
2025-10-26,4,2025-10-30,137.94
2025-10-26,5,2025-10-31,140.42
2025-10-26,6,2025-11-01,141.14
2025-10-26,7,2025-11-02,151.22
2025-10-26,8,2025-11-03,153.22
2025-10-26,9,2025-11-04,157.13
2025-10-26,10,2025-11-05,158.51
2025-10-26,11,2025-11-06,160.6
2025-10-26,12,2025-11-07,159.15
2025-10-26,13,2025-11-08,156.4
2025-10-26,14,2025-11-09,158.66
2025-10-26,15,2025-11-10,160.5
2025-10-26,16,2025-11-11,161.98
2025-10-26,17,2025-11-12,162.92
2025-10-26,18,2025-11-13,160.45
2025-10-26,19,2025-11-14,158.7
2025-10-26,20,2025-11-15,154.55
2025-10-26,21,2025-11-16,152.36
2025-10-26,22,2025-11-17,152.85
2025-10-26,23,2025-11-18,156.21
2025-10-26,24,2025-11-19,154.03
2025-10-26,25,2025-11-20,150.9
2025-10-26,26,2025-11-21,152.14
2025-10-26,27,2025-11-22,153.29
2025-10-26,28,2025-11-23,153.31
2025-10-26,29,2025-11-24,154.15
2025-10-26,30,2025-11-25,151.09
2025-10-27,1,2025-10-28,127.01
2025-10-27,2,2025-10-29,127.6
2025-10-27,3,2025-10-30,132.33
2025-10-27,4,2025-10-31,133.6
2025-10-27,5,2025-11-01,138.9
2025-10-27,6,2025-11-02,143.74
2025-10-27,7,2025-11-03,149.61
2025-10-27,8,2025-11-04,151.72
2025-10-27,9,2025-11-05,156.66
2025-10-27,10,2025-11-06,160.79
2025-10-27,11,2025-11-07,160.86
2025-10-27,12,2025-11-08,159.91
2025-10-27,13,2025-11-09,159.56
2025-10-27,14,2025-11-10,161.4
2025-10-27,15,2025-11-11,160.6
2025-10-27,16,2025-11-12,161.25
2025-10-27,17,2025-11-13,160.82
2025-10-27,18,2025-11-14,157.87
2025-10-27,19,2025-11-15,152.4
2025-10-27,20,2025-11-16,150.68
2025-10-27,21,2025-11-17,149.29
2025-10-27,22,2025-11-18,151.31
2025-10-27,23,2025-11-19,151.65
2025-10-27,24,2025-11-20,148.92
2025-10-27,25,2025-11-21,147.66
2025-10-27,26,2025-11-22,148.34
2025-10-27,27,2025-11-23,149.71
2025-10-27,28,2025-11-24,148.09
2025-10-27,29,2025-11-25,148.71
2025-10-27,30,2025-11-26,147.14
2025-10-28,1,2025-10-29,127.15
2025-10-28,2,2025-10-30,128.3
2025-10-28,3,2025-10-31,131.07
2025-10-28,4,2025-11-01,133.16
2025-10-28,5,2025-11-02,140.2
2025-10-28,6,2025-11-03,143.55
2025-10-28,7,2025-11-04,144.93
2025-10-28,8,2025-11-05,152.99
2025-10-28,9,2025-11-06,157.57
2025-10-28,10,2025-11-07,159.04
2025-10-28,11,2025-11-08,161.0
2025-10-28,12,2025-11-09,160.56
2025-10-28,13,2025-11-10,161.69
2025-10-28,14,2025-11-11,164.09
2025-10-28,15,2025-11-12,161.72
2025-10-28,16,2025-11-13,159.71
2025-10-28,17,2025-11-14,159.63
2025-10-28,18,2025-11-15,153.29
2025-10-28,19,2025-11-16,151.01
2025-10-28,20,2025-11-17,150.56
2025-10-28,21,2025-11-18,148.87
2025-10-28,22,2025-11-19,149.63
2025-10-28,23,2025-11-20,147.94
2025-10-28,24,2025-11-21,146.64
2025-10-28,25,2025-11-22,144.11
2025-10-28,26,2025-11-23,146.43
2025-10-28,27,2025-11-24,146.8
2025-10-28,28,2025-11-25,146.25
2025-10-28,29,2025-11-26,147.22
2025-10-28,30,2025-11-27,146.12
2025-10-29,1,2025-10-30,129.19
2025-10-29,2,2025-10-31,126.55
2025-10-29,3,2025-11-01,127.76
2025-10-29,4,2025-11-02,135.56
2025-10-29,5,2025-11-03,141.07
2025-10-29,6,2025-11-04,141.88
2025-10-29,7,2025-11-05,147.09
2025-10-29,8,2025-11-06,157.07
2025-10-29,9,2025-11-07,158.41
2025-10-29,10,2025-11-08,158.85
2025-10-29,11,2025-11-09,161.83
2025-10-29,12,2025-11-10,161.13
2025-10-29,13,2025-11-11,163.16
2025-10-29,14,2025-11-12,163.04
2025-10-29,15,2025-11-13,160.45
2025-10-29,16,2025-11-14,156.63
2025-10-29,17,2025-11-15,154.78
2025-10-29,18,2025-11-16,150.12
2025-10-29,19,2025-11-17,148.8
2025-10-29,20,2025-11-18,150.71
2025-10-29,21,2025-11-19,147.41
2025-10-29,22,2025-11-20,148.98
2025-10-29,23,2025-11-21,146.97
2025-10-29,24,2025-11-22,145.17
2025-10-29,25,2025-11-23,143.26
2025-10-29,26,2025-11-24,145.02
2025-10-29,27,2025-11-25,145.52
2025-10-29,28,2025-11-26,145.51
2025-10-29,29,2025-11-27,147.86
2025-10-29,30,2025-11-28,146.78
2025-10-30,1,2025-10-31,120.59
2025-10-30,2,2025-11-01,116.67
2025-10-30,3,2025-11-02,120.68
2025-10-30,4,2025-11-03,124.14
2025-10-30,5,2025-11-04,133.0
2025-10-30,6,2025-11-05,143.11
2025-10-30,7,2025-11-06,150.54
2025-10-30,8,2025-11-07,154.53
2025-10-30,9,2025-11-08,158.12
2025-10-30,10,2025-11-09,159.16
2025-10-30,11,2025-11-10,163.16
2025-10-30,12,2025-11-11,162.84
2025-10-30,13,2025-11-12,160.38
2025-10-30,14,2025-11-13,161.98
2025-10-30,15,2025-11-14,156.56
2025-10-30,16,2025-11-15,152.82
2025-10-30,17,2025-11-16,152.02
2025-10-30,18,2025-11-17,149.29
2025-10-30,19,2025-11-18,148.52
2025-10-30,20,2025-11-19,148.12
2025-10-30,21,2025-11-20,146.97
2025-10-30,22,2025-11-21,146.99
2025-10-30,23,2025-11-22,142.17
2025-10-30,24,2025-11-23,142.1
2025-10-30,25,2025-11-24,140.56
2025-10-30,26,2025-11-25,142.1
2025-10-30,27,2025-11-26,143.88
2025-10-30,28,2025-11-27,144.4
2025-10-30,29,2025-11-28,144.72
2025-10-30,30,2025-11-29,147.77
2025-10-31,1,2025-11-01,118.18
2025-10-31,2,2025-11-02,119.23
2025-10-31,3,2025-11-03,125.77
2025-10-31,4,2025-11-04,130.37
2025-10-31,5,2025-11-05,142.92
2025-10-31,6,2025-11-06,147.99
2025-10-31,7,2025-11-07,147.79
2025-10-31,8,2025-11-08,155.84
2025-10-31,9,2025-11-09,157.46
2025-10-31,10,2025-11-10,161.27
2025-10-31,11,2025-11-11,164.48
2025-10-31,12,2025-11-12,162.81
2025-10-31,13,2025-11-13,159.66
2025-10-31,14,2025-11-14,158.85
2025-10-31,15,2025-11-15,154.53
2025-10-31,16,2025-11-16,152.52
2025-10-31,17,2025-11-17,150.96
2025-10-31,18,2025-11-18,149.4
2025-10-31,19,2025-11-19,147.4
2025-10-31,20,2025-11-20,146.43
2025-10-31,21,2025-11-21,145.49
2025-10-31,22,2025-11-22,142.25
2025-10-31,23,2025-11-23,140.3
2025-10-31,24,2025-11-24,139.76
2025-10-31,25,2025-11-25,139.17
2025-10-31,26,2025-11-26,141.58
2025-10-31,27,2025-11-27,142.46
2025-10-31,28,2025-11-28,143.42
2025-10-31,29,2025-11-29,144.97
2025-10-31,30,2025-11-30,144.57
2025-11-01,1,2025-11-02,122.85
2025-11-01,2,2025-11-03,125.73
2025-11-01,3,2025-11-04,131.67
2025-11-01,4,2025-11-05,137.18
2025-11-01,5,2025-11-06,153.85
2025-11-01,6,2025-11-07,146.59
2025-11-01,7,2025-11-08,152.36
2025-11-01,8,2025-11-09,156.06
2025-11-01,9,2025-11-10,160.87
2025-11-01,10,2025-11-11,163.42
2025-11-01,11,2025-11-12,164.78
2025-11-01,12,2025-11-13,162.18
2025-11-01,13,2025-11-14,158.71
2025-11-01,14,2025-11-15,154.43
2025-11-01,15,2025-11-16,152.19
2025-11-01,16,2025-11-17,151.07
2025-11-01,17,2025-11-18,149.91
2025-11-01,18,2025-11-19,146.26
2025-11-01,19,2025-11-20,147.48
2025-11-01,20,2025-11-21,145.64
2025-11-01,21,2025-11-22,142.15
2025-11-01,22,2025-11-23,141.32
2025-11-01,23,2025-11-24,139.99
2025-11-01,24,2025-11-25,140.66
2025-11-01,25,2025-11-26,140.23
2025-11-01,26,2025-11-27,142.17
2025-11-01,27,2025-11-28,144.3
2025-11-01,28,2025-11-29,144.45
2025-11-01,29,2025-11-30,147.5
2025-11-01,30,2025-12-01,145.14
2025-11-02,1,2025-11-03,117.16
2025-11-02,2,2025-11-04,121.17
2025-11-02,3,2025-11-05,128.54
2025-11-02,4,2025-11-06,143.82
2025-11-02,5,2025-11-07,144.51
2025-11-02,6,2025-11-08,149.48
2025-11-02,7,2025-11-09,147.7
2025-11-02,8,2025-11-10,157.06
2025-11-02,9,2025-11-11,159.99
2025-11-02,10,2025-11-12,163.26
2025-11-02,11,2025-11-13,161.99
2025-11-02,12,2025-11-14,159.46
2025-11-02,13,2025-11-15,155.05
2025-11-02,14,2025-11-16,152.77
2025-11-02,15,2025-11-17,149.5
2025-11-02,16,2025-11-18,149.83
2025-11-02,17,2025-11-19,146.23
2025-11-02,18,2025-11-20,146.35
2025-11-02,19,2025-11-21,145.56
2025-11-02,20,2025-11-22,142.27
2025-11-02,21,2025-11-23,140.54
2025-11-02,22,2025-11-24,138.36
2025-11-02,23,2025-11-25,138.92
2025-11-02,24,2025-11-26,137.89
2025-11-02,25,2025-11-27,138.72
2025-11-02,26,2025-11-28,140.32
2025-11-02,27,2025-11-29,141.71
2025-11-02,28,2025-11-30,141.27
2025-11-02,29,2025-12-01,140.38
2025-11-02,30,2025-12-02,141.94
2025-11-03,1,2025-11-04,129.95
2025-11-03,2,2025-11-05,142.78
2025-11-03,3,2025-11-06,151.43
2025-11-03,4,2025-11-07,160.99
2025-11-03,5,2025-11-08,166.19
2025-11-03,6,2025-11-09,166.97
2025-11-03,7,2025-11-10,166.26
2025-11-03,8,2025-11-11,164.01
2025-11-03,9,2025-11-12,164.64
2025-11-03,10,2025-11-13,164.15
2025-11-03,11,2025-11-14,160.21
2025-11-03,12,2025-11-15,153.62
2025-11-03,13,2025-11-16,151.61
2025-11-03,14,2025-11-17,150.28
2025-11-03,15,2025-11-18,149.4
2025-11-03,16,2025-11-19,146.09
2025-11-03,17,2025-11-20,145.92
2025-11-03,18,2025-11-21,144.89
2025-11-03,19,2025-11-22,143.29
2025-11-03,20,2025-11-23,141.23
2025-11-03,21,2025-11-24,138.66
2025-11-03,22,2025-11-25,138.34
2025-11-03,23,2025-11-26,139.0
2025-11-03,24,2025-11-27,138.78
2025-11-03,25,2025-11-28,139.84
2025-11-03,26,2025-11-29,142.1
2025-11-03,27,2025-11-30,142.31
2025-11-03,28,2025-12-01,140.41
2025-11-03,29,2025-12-02,141.21
2025-11-03,30,2025-12-03,142.64
2025-11-04,1,2025-11-05,142.48
2025-11-04,2,2025-11-06,150.37
2025-11-04,3,2025-11-07,158.7
2025-11-04,4,2025-11-08,163.55
2025-11-04,5,2025-11-09,173.62
2025-11-04,6,2025-11-10,177.53
2025-11-04,7,2025-11-11,172.53
2025-11-04,8,2025-11-12,162.6
2025-11-04,9,2025-11-13,163.69
2025-11-04,10,2025-11-14,162.49
2025-11-04,11,2025-11-15,155.33
2025-11-04,12,2025-11-16,152.81
2025-11-04,13,2025-11-17,150.83
2025-11-04,14,2025-11-18,152.41
2025-11-04,15,2025-11-19,144.85
2025-11-04,16,2025-11-20,146.1
2025-11-04,17,2025-11-21,146.64
2025-11-04,18,2025-11-22,142.69
2025-11-04,19,2025-11-23,142.63
2025-11-04,20,2025-11-24,139.47
2025-11-04,21,2025-11-25,139.25
2025-11-04,22,2025-11-26,138.63
2025-11-04,23,2025-11-27,139.78
2025-11-04,24,2025-11-28,141.37
2025-11-04,25,2025-11-29,141.05
2025-11-04,26,2025-11-30,143.54
2025-11-04,27,2025-12-01,145.92
2025-11-04,28,2025-12-02,146.01
2025-11-04,29,2025-12-03,146.43
2025-11-04,30,2025-12-04,147.27
2025-11-05,1,2025-11-06,160.75
2025-11-05,2,2025-11-07,166.08
2025-11-05,3,2025-11-08,175.67
2025-11-05,4,2025-11-09,182.99
2025-11-05,5,2025-11-10,188.14
2025-11-05,6,2025-11-11,185.01
2025-11-05,7,2025-11-12,181.11
2025-11-05,8,2025-11-13,173.06
2025-11-05,9,2025-11-14,165.44
2025-11-05,10,2025-11-15,158.93
2025-11-05,11,2025-11-16,155.54
2025-11-05,12,2025-11-17,149.36
2025-11-05,13,2025-11-18,150.32
2025-11-05,14,2025-11-19,148.53
2025-11-05,15,2025-11-20,146.34
2025-11-05,16,2025-11-21,146.27
2025-11-05,17,2025-11-22,146.48
2025-11-05,18,2025-11-23,143.94
2025-11-05,19,2025-11-24,142.69
2025-11-05,20,2025-11-25,142.02
2025-11-05,21,2025-11-26,140.84
2025-11-05,22,2025-11-27,142.05
2025-11-05,23,2025-11-28,144.02
2025-11-05,24,2025-11-29,144.19
2025-11-05,25,2025-11-30,147.46
2025-11-05,26,2025-12-01,150.32
2025-11-05,27,2025-12-02,153.72
2025-11-05,28,2025-12-03,152.62
2025-11-05,29,2025-12-04,152.13
2025-11-05,30,2025-12-05,152.84
2025-11-06,1,2025-11-07,154.19
2025-11-06,2,2025-11-08,161.51
2025-11-06,3,2025-11-09,166.97
2025-11-06,4,2025-11-10,168.99
2025-11-06,5,2025-11-11,169.2
2025-11-06,6,2025-11-12,164.83
2025-11-06,7,2025-11-13,159.24
2025-11-06,8,2025-11-14,157.39
2025-11-06,9,2025-11-15,155.32
2025-11-06,10,2025-11-16,152.71
2025-11-06,11,2025-11-17,149.25
2025-11-06,12,2025-11-18,150.79
2025-11-06,13,2025-11-19,146.79
2025-11-06,14,2025-11-20,148.78
2025-11-06,15,2025-11-21,147.23
2025-11-06,16,2025-11-22,144.56
2025-11-06,17,2025-11-23,145.19
2025-11-06,18,2025-11-24,141.02
2025-11-06,19,2025-11-25,141.05
2025-11-06,20,2025-11-26,141.02
2025-11-06,21,2025-11-27,140.81
2025-11-06,22,2025-11-28,143.35
2025-11-06,23,2025-11-29,144.31
2025-11-06,24,2025-11-30,145.99
2025-11-06,25,2025-12-01,148.61
2025-11-06,26,2025-12-02,151.27
2025-11-06,27,2025-12-03,151.43
2025-11-06,28,2025-12-04,150.97
2025-11-06,29,2025-12-05,151.49
2025-11-06,30,2025-12-06,151.92
2025-11-07,1,2025-11-08,168.7
2025-11-07,2,2025-11-09,176.94
2025-11-07,3,2025-11-10,177.21
2025-11-07,4,2025-11-11,179.55
2025-11-07,5,2025-11-12,175.13
2025-11-07,6,2025-11-13,172.53
2025-11-07,7,2025-11-14,166.66
2025-11-07,8,2025-11-15,161.64
2025-11-07,9,2025-11-16,156.67
2025-11-07,10,2025-11-17,151.04
2025-11-07,11,2025-11-18,151.15
2025-11-07,12,2025-11-19,146.19
2025-11-07,13,2025-11-20,148.03
2025-11-07,14,2025-11-21,149.78
2025-11-07,15,2025-11-22,145.56
2025-11-07,16,2025-11-23,144.31
2025-11-07,17,2025-11-24,143.21
2025-11-07,18,2025-11-25,141.65
2025-11-07,19,2025-11-26,140.76
2025-11-07,20,2025-11-27,142.58
2025-11-07,21,2025-11-28,143.59
2025-11-07,22,2025-11-29,146.25
2025-11-07,23,2025-11-30,147.32
2025-11-07,24,2025-12-01,150.4
2025-11-07,25,2025-12-02,152.81
2025-11-07,26,2025-12-03,153.48
2025-11-07,27,2025-12-04,155.15
2025-11-07,28,2025-12-05,154.17
2025-11-07,29,2025-12-06,156.99
2025-11-07,30,2025-12-07,156.11
2025-11-08,1,2025-11-09,170.9
2025-11-08,2,2025-11-10,175.5
2025-11-08,3,2025-11-11,175.33
2025-11-08,4,2025-11-12,171.78
2025-11-08,5,2025-11-13,168.13
2025-11-08,6,2025-11-14,165.45
2025-11-08,7,2025-11-15,162.14
2025-11-08,8,2025-11-16,159.32
2025-11-08,9,2025-11-17,152.16
2025-11-08,10,2025-11-18,152.59
2025-11-08,11,2025-11-19,148.62
2025-11-08,12,2025-11-20,148.45
2025-11-08,13,2025-11-21,147.81
2025-11-08,14,2025-11-22,148.18
2025-11-08,15,2025-11-23,146.88
2025-11-08,16,2025-11-24,143.42
2025-11-08,17,2025-11-25,142.96
2025-11-08,18,2025-11-26,142.23
2025-11-08,19,2025-11-27,142.62
2025-11-08,20,2025-11-28,144.28
2025-11-08,21,2025-11-29,145.87
2025-11-08,22,2025-11-30,149.12
2025-11-08,23,2025-12-01,150.32
2025-11-08,24,2025-12-02,152.69
2025-11-08,25,2025-12-03,152.49
2025-11-08,26,2025-12-04,155.31
2025-11-08,27,2025-12-05,156.06
2025-11-08,28,2025-12-06,155.99
2025-11-08,29,2025-12-07,159.22
2025-11-08,30,2025-12-08,158.42
2025-11-09,1,2025-11-10,174.19
2025-11-09,2,2025-11-11,172.56
2025-11-09,3,2025-11-12,170.59
2025-11-09,4,2025-11-13,167.46
2025-11-09,5,2025-11-14,162.44
2025-11-09,6,2025-11-15,158.94
2025-11-09,7,2025-11-16,156.95
2025-11-09,8,2025-11-17,150.32
2025-11-09,9,2025-11-18,154.64
2025-11-09,10,2025-11-19,147.06
2025-11-09,11,2025-11-20,147.64
2025-11-09,12,2025-11-21,150.77
2025-11-09,13,2025-11-22,146.6
2025-11-09,14,2025-11-23,149.99
2025-11-09,15,2025-11-24,143.21
2025-11-09,16,2025-11-25,143.66
2025-11-09,17,2025-11-26,143.78
2025-11-09,18,2025-11-27,143.29
2025-11-09,19,2025-11-28,144.26
2025-11-09,20,2025-11-29,147.15
2025-11-09,21,2025-11-30,148.93
2025-11-09,22,2025-12-01,151.68
2025-11-09,23,2025-12-02,153.53
2025-11-09,24,2025-12-03,152.9
2025-11-09,25,2025-12-04,153.52
2025-11-09,26,2025-12-05,156.31
2025-11-09,27,2025-12-06,157.94
2025-11-09,28,2025-12-07,159.56
2025-11-09,29,2025-12-08,165.26
2025-11-09,30,2025-12-09,164.03
2025-11-10,1,2025-11-11,173.27
2025-11-10,2,2025-11-12,170.88
2025-11-10,3,2025-11-13,167.48
2025-11-10,4,2025-11-14,161.53
2025-11-10,5,2025-11-15,154.64
2025-11-10,6,2025-11-16,153.27
2025-11-10,7,2025-11-17,151.55
2025-11-10,8,2025-11-18,154.03
2025-11-10,9,2025-11-19,149.06
2025-11-10,10,2025-11-20,148.96
2025-11-10,11,2025-11-21,149.05
2025-11-10,12,2025-11-22,148.92
2025-11-10,13,2025-11-23,146.26
2025-11-10,14,2025-11-24,144.48
2025-11-10,15,2025-11-25,144.96
2025-11-10,16,2025-11-26,143.29
2025-11-10,17,2025-11-27,145.38
2025-11-10,18,2025-11-28,145.07
2025-11-10,19,2025-11-29,146.31
2025-11-10,20,2025-11-30,149.93
2025-11-10,21,2025-12-01,151.64
2025-11-10,22,2025-12-02,155.22
2025-11-10,23,2025-12-03,154.15
2025-11-10,24,2025-12-04,155.41
2025-11-10,25,2025-12-05,155.27
2025-11-10,26,2025-12-06,158.92
2025-11-10,27,2025-12-07,160.25
2025-11-10,28,2025-12-08,164.29
2025-11-10,29,2025-12-09,168.23
2025-11-10,30,2025-12-10,165.36
2025-11-11,1,2025-11-12,178.95
2025-11-11,2,2025-11-13,172.39
2025-11-11,3,2025-11-14,163.07
2025-11-11,4,2025-11-15,156.26
2025-11-11,5,2025-11-16,150.51
2025-11-11,6,2025-11-17,144.19
2025-11-11,7,2025-11-18,147.82
2025-11-11,8,2025-11-19,147.8
2025-11-11,9,2025-11-20,150.35
2025-11-11,10,2025-11-21,153.13
2025-11-11,11,2025-11-22,148.48
2025-11-11,12,2025-11-23,148.71
2025-11-11,13,2025-11-24,143.86
2025-11-11,14,2025-11-25,145.83
2025-11-11,15,2025-11-26,144.13
2025-11-11,16,2025-11-27,145.35
2025-11-11,17,2025-11-28,146.89
2025-11-11,18,2025-11-29,148.17
2025-11-11,19,2025-11-30,149.33
2025-11-11,20,2025-12-01,152.45
2025-11-11,21,2025-12-02,155.55
2025-11-11,22,2025-12-03,156.04
2025-11-11,23,2025-12-04,156.25
2025-11-11,24,2025-12-05,157.58
2025-11-11,25,2025-12-06,157.39
2025-11-11,26,2025-12-07,161.51
2025-11-11,27,2025-12-08,165.0
2025-11-11,28,2025-12-09,168.31
2025-11-11,29,2025-12-10,171.56
2025-11-11,30,2025-12-11,167.25
2025-11-12,1,2025-11-13,166.71
2025-11-12,2,2025-11-14,162.26
2025-11-12,3,2025-11-15,145.62
2025-11-12,4,2025-11-16,142.08
2025-11-12,5,2025-11-17,134.54
2025-11-12,6,2025-11-18,142.32
2025-11-12,7,2025-11-19,139.7
2025-11-12,8,2025-11-20,143.11
2025-11-12,9,2025-11-21,149.36
2025-11-12,10,2025-11-22,149.97
2025-11-12,11,2025-11-23,148.92
2025-11-12,12,2025-11-24,146.18
2025-11-12,13,2025-11-25,144.0
2025-11-12,14,2025-11-26,144.1
2025-11-12,15,2025-11-27,145.34
2025-11-12,16,2025-11-28,146.43
2025-11-12,17,2025-11-29,149.13
2025-11-12,18,2025-11-30,150.83
2025-11-12,19,2025-12-01,152.04
2025-11-12,20,2025-12-02,154.33
2025-11-12,21,2025-12-03,154.05
2025-11-12,22,2025-12-04,156.31
2025-11-12,23,2025-12-05,155.93
2025-11-12,24,2025-12-06,157.58
2025-11-12,25,2025-12-07,156.41
2025-11-12,26,2025-12-08,162.67
2025-11-12,27,2025-12-09,165.37
2025-11-12,28,2025-12-10,167.58
2025-11-12,29,2025-12-11,171.09
2025-11-12,30,2025-12-12,165.31
2025-11-13,1,2025-11-14,152.85
2025-11-13,2,2025-11-15,152.79
2025-11-13,3,2025-11-16,143.83
2025-11-13,4,2025-11-17,135.46
2025-11-13,5,2025-11-18,146.87
2025-11-13,6,2025-11-19,136.06
2025-11-13,7,2025-11-20,136.61
2025-11-13,8,2025-11-21,140.42
2025-11-13,9,2025-11-22,142.75
2025-11-13,10,2025-11-23,143.68
2025-11-13,11,2025-11-24,141.48
2025-11-13,12,2025-11-25,142.92
2025-11-13,13,2025-11-26,142.84
2025-11-13,14,2025-11-27,145.85
2025-11-13,15,2025-11-28,144.9
2025-11-13,16,2025-11-29,147.39
2025-11-13,17,2025-11-30,151.22
2025-11-13,18,2025-12-01,152.32
2025-11-13,19,2025-12-02,153.99
2025-11-13,20,2025-12-03,153.79
2025-11-13,21,2025-12-04,156.09
2025-11-13,22,2025-12-05,156.82
2025-11-13,23,2025-12-06,157.16
2025-11-13,24,2025-12-07,158.4
2025-11-13,25,2025-12-08,163.31
2025-11-13,26,2025-12-09,164.05
2025-11-13,27,2025-12-10,167.52
2025-11-13,28,2025-12-11,166.33
2025-11-13,29,2025-12-12,166.38
2025-11-13,30,2025-12-13,160.86
2025-11-14,1,2025-11-15,143.14
2025-11-14,2,2025-11-16,139.96
2025-11-14,3,2025-11-17,134.4
2025-11-14,4,2025-11-18,137.05
2025-11-14,5,2025-11-19,129.2
2025-11-14,6,2025-11-20,133.58
2025-11-14,7,2025-11-21,136.6
2025-11-14,8,2025-11-22,135.77
2025-11-14,9,2025-11-23,141.2
2025-11-14,10,2025-11-24,140.27
2025-11-14,11,2025-11-25,140.66
2025-11-14,12,2025-11-26,143.27
2025-11-14,13,2025-11-27,144.12
2025-11-14,14,2025-11-28,146.57
2025-11-14,15,2025-11-29,149.35
2025-11-14,16,2025-11-30,150.5
2025-11-14,17,2025-12-01,152.93
2025-11-14,18,2025-12-02,155.0
2025-11-14,19,2025-12-03,155.23
2025-11-14,20,2025-12-04,157.21
2025-11-14,21,2025-12-05,157.03
2025-11-14,22,2025-12-06,157.75
2025-11-14,23,2025-12-07,159.59
2025-11-14,24,2025-12-08,162.25
2025-11-14,25,2025-12-09,163.4
2025-11-14,26,2025-12-10,162.56
2025-11-14,27,2025-12-11,161.74
2025-11-14,28,2025-12-12,160.23
2025-11-14,29,2025-12-13,157.77
2025-11-14,30,2025-12-14,159.18
2025-11-15,1,2025-11-16,142.72
2025-11-15,2,2025-11-17,134.54
2025-11-15,3,2025-11-18,137.18
2025-11-15,4,2025-11-19,132.65
2025-11-15,5,2025-11-20,130.1
2025-11-15,6,2025-11-21,135.93
2025-11-15,7,2025-11-22,133.95
2025-11-15,8,2025-11-23,136.49
2025-11-15,9,2025-11-24,139.09
2025-11-15,10,2025-11-25,141.24
2025-11-15,11,2025-11-26,143.08
2025-11-15,12,2025-11-27,143.97
2025-11-15,13,2025-11-28,146.24
2025-11-15,14,2025-11-29,150.87
2025-11-15,15,2025-11-30,151.28
2025-11-15,16,2025-12-01,152.33
2025-11-15,17,2025-12-02,155.36
2025-11-15,18,2025-12-03,156.86
2025-11-15,19,2025-12-04,156.71
2025-11-15,20,2025-12-05,157.75
2025-11-15,21,2025-12-06,157.28
2025-11-15,22,2025-12-07,156.71
2025-11-15,23,2025-12-08,159.94
2025-11-15,24,2025-12-09,161.28
2025-11-15,25,2025-12-10,157.44
2025-11-15,26,2025-12-11,155.81
2025-11-15,27,2025-12-12,157.41
2025-11-15,28,2025-12-13,154.26
2025-11-15,29,2025-12-14,156.22
2025-11-15,30,2025-12-15,153.17
2025-11-16,1,2025-11-17,127.41
2025-11-16,2,2025-11-18,127.26
2025-11-16,3,2025-11-19,121.54
2025-11-16,4,2025-11-20,122.38
2025-11-16,5,2025-11-21,133.9
2025-11-16,6,2025-11-22,129.9
2025-11-16,7,2025-11-23,134.21
2025-11-16,8,2025-11-24,133.38
2025-11-16,9,2025-11-25,137.79
2025-11-16,10,2025-11-26,142.42
2025-11-16,11,2025-11-27,143.94
2025-11-16,12,2025-11-28,146.05
2025-11-16,13,2025-11-29,150.88
2025-11-16,14,2025-11-30,153.15
2025-11-16,15,2025-12-01,152.94
2025-11-16,16,2025-12-02,155.32
2025-11-16,17,2025-12-03,155.89
2025-11-16,18,2025-12-04,158.77
2025-11-16,19,2025-12-05,159.42
2025-11-16,20,2025-12-06,159.77
2025-11-16,21,2025-12-07,159.25
2025-11-16,22,2025-12-08,158.73
2025-11-16,23,2025-12-09,161.4
2025-11-16,24,2025-12-10,155.3
2025-11-16,25,2025-12-11,151.85
2025-11-16,26,2025-12-12,151.4
2025-11-16,27,2025-12-13,151.01
2025-11-16,28,2025-12-14,151.45
2025-11-16,29,2025-12-15,149.63
2025-11-16,30,2025-12-16,150.68
2025-11-17,1,2025-11-18,133.3
2025-11-17,2,2025-11-19,121.85
2025-11-17,3,2025-11-20,121.28
2025-11-17,4,2025-11-21,125.97
2025-11-17,5,2025-11-22,127.38
2025-11-17,6,2025-11-23,132.73
2025-11-17,7,2025-11-24,129.48
2025-11-17,8,2025-11-25,136.47
2025-11-17,9,2025-11-26,138.55
2025-11-17,10,2025-11-27,143.5
2025-11-17,11,2025-11-28,148.64
2025-11-17,12,2025-11-29,152.03
2025-11-17,13,2025-11-30,154.54
2025-11-17,14,2025-12-01,155.05
2025-11-17,15,2025-12-02,158.35
2025-11-17,16,2025-12-03,156.34
2025-11-17,17,2025-12-04,159.8
2025-11-17,18,2025-12-05,158.24
2025-11-17,19,2025-12-06,160.72
2025-11-17,20,2025-12-07,160.08
2025-11-17,21,2025-12-08,163.15
2025-11-17,22,2025-12-09,157.65
2025-11-17,23,2025-12-10,157.06
2025-11-17,24,2025-12-11,152.1
2025-11-17,25,2025-12-12,151.19
2025-11-17,26,2025-12-13,148.97
2025-11-17,27,2025-12-14,152.06
2025-11-17,28,2025-12-15,149.44
2025-11-17,29,2025-12-16,149.23
2025-11-17,30,2025-12-17,149.34
2025-11-18,1,2025-11-19,121.49
2025-11-18,2,2025-11-20,121.19
2025-11-18,3,2025-11-21,121.65
2025-11-18,4,2025-11-22,122.69
2025-11-18,5,2025-11-23,126.31
2025-11-18,6,2025-11-24,124.53
2025-11-18,7,2025-11-25,132.16
2025-11-18,8,2025-11-26,134.6
2025-11-18,9,2025-11-27,139.89
2025-11-18,10,2025-11-28,145.02
2025-11-18,11,2025-11-29,152.42
2025-11-18,12,2025-11-30,154.53
2025-11-18,13,2025-12-01,156.06
2025-11-18,14,2025-12-02,158.66
2025-11-18,15,2025-12-03,157.74
2025-11-18,16,2025-12-04,158.81
2025-11-18,17,2025-12-05,159.77
2025-11-18,18,2025-12-06,159.71
2025-11-18,19,2025-12-07,160.37
2025-11-18,20,2025-12-08,160.49
2025-11-18,21,2025-12-09,159.97
2025-11-18,22,2025-12-10,153.48
2025-11-18,23,2025-12-11,150.1
2025-11-18,24,2025-12-12,148.71
2025-11-18,25,2025-12-13,145.79
2025-11-18,26,2025-12-14,145.41
2025-11-18,27,2025-12-15,146.26
2025-11-18,28,2025-12-16,144.93
2025-11-18,29,2025-12-17,143.68
2025-11-18,30,2025-12-18,143.71
2025-11-19,1,2025-11-20,120.6
2025-11-19,2,2025-11-21,119.91
2025-11-19,3,2025-11-22,121.09
2025-11-19,4,2025-11-23,122.26
2025-11-19,5,2025-11-24,121.84
2025-11-19,6,2025-11-25,133.21
2025-11-19,7,2025-11-26,133.94
2025-11-19,8,2025-11-27,137.42
2025-11-19,9,2025-11-28,142.0
2025-11-19,10,2025-11-29,150.77
2025-11-19,11,2025-11-30,155.86
2025-11-19,12,2025-12-01,156.08
2025-11-19,13,2025-12-02,160.53
2025-11-19,14,2025-12-03,158.95
2025-11-19,15,2025-12-04,159.42
2025-11-19,16,2025-12-05,157.79
2025-11-19,17,2025-12-06,160.17
2025-11-19,18,2025-12-07,161.53
2025-11-19,19,2025-12-08,161.41
2025-11-19,20,2025-12-09,157.3
2025-11-19,21,2025-12-10,153.34
2025-11-19,22,2025-12-11,150.26
2025-11-19,23,2025-12-12,148.11
2025-11-19,24,2025-12-13,145.85
2025-11-19,25,2025-12-14,143.05
2025-11-19,26,2025-12-15,141.83
2025-11-19,27,2025-12-16,143.38
2025-11-19,28,2025-12-17,141.64
2025-11-19,29,2025-12-18,142.64
2025-11-19,30,2025-12-19,143.29
2025-11-20,1,2025-11-21,128.44
2025-11-20,2,2025-11-22,122.18
2025-11-20,3,2025-11-23,123.16
2025-11-20,4,2025-11-24,124.05
2025-11-20,5,2025-11-25,132.54
2025-11-20,6,2025-11-26,134.5
2025-11-20,7,2025-11-27,137.82
2025-11-20,8,2025-11-28,142.62
2025-11-20,9,2025-11-29,151.1
2025-11-20,10,2025-11-30,154.3
2025-11-20,11,2025-12-01,156.11
2025-11-20,12,2025-12-02,159.22
2025-11-20,13,2025-12-03,158.31
2025-11-20,14,2025-12-04,161.54
2025-11-20,15,2025-12-05,157.85
2025-11-20,16,2025-12-06,158.04
2025-11-20,17,2025-12-07,160.88
2025-11-20,18,2025-12-08,163.1
2025-11-20,19,2025-12-09,158.63
2025-11-20,20,2025-12-10,153.87
2025-11-20,21,2025-12-11,149.88
2025-11-20,22,2025-12-12,149.15
2025-11-20,23,2025-12-13,144.31
2025-11-20,24,2025-12-14,143.65
2025-11-20,25,2025-12-15,140.89
2025-11-20,26,2025-12-16,141.56
2025-11-20,27,2025-12-17,142.86
2025-11-20,28,2025-12-18,142.22
2025-11-20,29,2025-12-19,144.09
2025-11-20,30,2025-12-20,140.61
2025-11-21,1,2025-11-22,123.59
2025-11-21,2,2025-11-23,124.27
2025-11-21,3,2025-11-24,124.96
2025-11-21,4,2025-11-25,129.65
2025-11-21,5,2025-11-26,133.01
2025-11-21,6,2025-11-27,136.39
2025-11-21,7,2025-11-28,138.67
2025-11-21,8,2025-11-29,150.26
2025-11-21,9,2025-11-30,153.23
2025-11-21,10,2025-12-01,155.01
2025-11-21,11,2025-12-02,158.12
2025-11-21,12,2025-12-03,159.5
2025-11-21,13,2025-12-04,160.68
2025-11-21,14,2025-12-05,159.29
2025-11-21,15,2025-12-06,157.4
2025-11-21,16,2025-12-07,158.93
2025-11-21,17,2025-12-08,162.46
2025-11-21,18,2025-12-09,158.72
2025-11-21,19,2025-12-10,153.91
2025-11-21,20,2025-12-11,149.9
2025-11-21,21,2025-12-12,146.54
2025-11-21,22,2025-12-13,144.3
2025-11-21,23,2025-12-14,141.74
2025-11-21,24,2025-12-15,139.88
2025-11-21,25,2025-12-16,138.23
2025-11-21,26,2025-12-17,139.97
2025-11-21,27,2025-12-18,141.56
2025-11-21,28,2025-12-19,142.71
2025-11-21,29,2025-12-20,140.58
2025-11-21,30,2025-12-21,141.19
2025-11-22,1,2025-11-23,125.11
2025-11-22,2,2025-11-24,123.87
2025-11-22,3,2025-11-25,128.95
2025-11-22,4,2025-11-26,132.79
2025-11-22,5,2025-11-27,139.55
2025-11-22,6,2025-11-28,146.77
2025-11-22,7,2025-11-29,155.05
2025-11-22,8,2025-11-30,158.36
2025-11-22,9,2025-12-01,156.64
2025-11-22,10,2025-12-02,160.8
2025-11-22,11,2025-12-03,156.49
2025-11-22,12,2025-12-04,160.44
2025-11-22,13,2025-12-05,158.33
2025-11-22,14,2025-12-06,159.15
2025-11-22,15,2025-12-07,156.52
2025-11-22,16,2025-12-08,160.09
2025-11-22,17,2025-12-09,156.32
2025-11-22,18,2025-12-10,153.65
2025-11-22,19,2025-12-11,149.54
2025-11-22,20,2025-12-12,145.92
2025-11-22,21,2025-12-13,142.59
2025-11-22,22,2025-12-14,140.8
2025-11-22,23,2025-12-15,137.61
2025-11-22,24,2025-12-16,137.81
2025-11-22,25,2025-12-17,136.86
2025-11-22,26,2025-12-18,138.58
2025-11-22,27,2025-12-19,140.35
2025-11-22,28,2025-12-20,138.5
2025-11-22,29,2025-12-21,139.01
2025-11-22,30,2025-12-22,141.45
2025-11-23,1,2025-11-24,122.08
2025-11-23,2,2025-11-25,124.94
2025-11-23,3,2025-11-26,130.06
2025-11-23,4,2025-11-27,135.25
2025-11-23,5,2025-11-28,145.39
2025-11-23,6,2025-11-29,153.83
2025-11-23,7,2025-11-30,155.54
2025-11-23,8,2025-12-01,160.34
2025-11-23,9,2025-12-02,159.3
2025-11-23,10,2025-12-03,158.85
2025-11-23,11,2025-12-04,160.13
2025-11-23,12,2025-12-05,159.81
2025-11-23,13,2025-12-06,158.3
2025-11-23,14,2025-12-07,158.67
2025-11-23,15,2025-12-08,156.72
2025-11-23,16,2025-12-09,154.95
2025-11-23,17,2025-12-10,151.81
2025-11-23,18,2025-12-11,149.61
2025-11-23,19,2025-12-12,145.46
2025-11-23,20,2025-12-13,143.44
2025-11-23,21,2025-12-14,140.04
2025-11-23,22,2025-12-15,137.87
2025-11-23,23,2025-12-16,137.37
2025-11-23,24,2025-12-17,136.43
2025-11-23,25,2025-12-18,136.41
2025-11-23,26,2025-12-19,138.03
2025-11-23,27,2025-12-20,138.09
2025-11-23,28,2025-12-21,138.48
2025-11-23,29,2025-12-22,138.58
2025-11-23,30,2025-12-23,140.46
2025-11-24,1,2025-11-25,124.05
2025-11-24,2,2025-11-26,128.32
2025-11-24,3,2025-11-27,136.98
2025-11-24,4,2025-11-28,142.58
2025-11-24,5,2025-11-29,151.14
2025-11-24,6,2025-11-30,152.35
2025-11-24,7,2025-12-01,152.31
2025-11-24,8,2025-12-02,159.34
2025-11-24,9,2025-12-03,155.38
2025-11-24,10,2025-12-04,161.43
2025-11-24,11,2025-12-05,158.36
2025-11-24,12,2025-12-06,158.61
2025-11-24,13,2025-12-07,158.05
2025-11-24,14,2025-12-08,158.14
2025-11-24,15,2025-12-09,153.27
2025-11-24,16,2025-12-10,152.16
2025-11-24,17,2025-12-11,149.92
2025-11-24,18,2025-12-12,144.97
2025-11-24,19,2025-12-13,142.46
2025-11-24,20,2025-12-14,140.77
2025-11-24,21,2025-12-15,136.35
2025-11-24,22,2025-12-16,136.58
2025-11-24,23,2025-12-17,136.47
2025-11-24,24,2025-12-18,135.64
2025-11-24,25,2025-12-19,136.66
2025-11-24,26,2025-12-20,137.42
2025-11-24,27,2025-12-21,137.78
2025-11-24,28,2025-12-22,138.04
2025-11-24,29,2025-12-23,139.18
2025-11-24,30,2025-12-24,140.77
2025-11-25,1,2025-11-26,122.75
2025-11-25,2,2025-11-27,127.95
2025-11-25,3,2025-11-28,132.96
2025-11-25,4,2025-11-29,141.17
2025-11-25,5,2025-11-30,145.43
2025-11-25,6,2025-12-01,152.54
2025-11-25,7,2025-12-02,155.84
2025-11-25,8,2025-12-03,156.79
2025-11-25,9,2025-12-04,161.17
2025-11-25,10,2025-12-05,159.12
2025-11-25,11,2025-12-06,157.65
2025-11-25,12,2025-12-07,158.49
2025-11-25,13,2025-12-08,157.29
2025-11-25,14,2025-12-09,156.04
2025-11-25,15,2025-12-10,151.97
2025-11-25,16,2025-12-11,147.71
2025-11-25,17,2025-12-12,145.67
2025-11-25,18,2025-12-13,142.25
2025-11-25,19,2025-12-14,139.29
2025-11-25,20,2025-12-15,135.44
2025-11-25,21,2025-12-16,136.77
2025-11-25,22,2025-12-17,136.07
2025-11-25,23,2025-12-18,135.42
2025-11-25,24,2025-12-19,135.58
2025-11-25,25,2025-12-20,135.95
2025-11-25,26,2025-12-21,136.35
2025-11-25,27,2025-12-22,138.33
2025-11-25,28,2025-12-23,137.87
2025-11-25,29,2025-12-24,138.13
2025-11-25,30,2025-12-25,138.55
2025-11-26,1,2025-11-27,122.3
2025-11-26,2,2025-11-28,125.48
2025-11-26,3,2025-11-29,130.91
2025-11-26,4,2025-11-30,134.18
2025-11-26,5,2025-12-01,143.15
2025-11-26,6,2025-12-02,149.43
2025-11-26,7,2025-12-03,152.11
2025-11-26,8,2025-12-04,160.05
2025-11-26,9,2025-12-05,156.21
2025-11-26,10,2025-12-06,158.37
2025-11-26,11,2025-12-07,156.59
2025-11-26,12,2025-12-08,156.96
2025-11-26,13,2025-12-09,153.78
2025-11-26,14,2025-12-10,151.95
2025-11-26,15,2025-12-11,147.63
2025-11-26,16,2025-12-12,143.71
2025-11-26,17,2025-12-13,143.81
2025-11-26,18,2025-12-14,140.47
2025-11-26,19,2025-12-15,135.47
2025-11-26,20,2025-12-16,136.56
2025-11-26,21,2025-12-17,135.77
2025-11-26,22,2025-12-18,134.65
2025-11-26,23,2025-12-19,135.54
2025-11-26,24,2025-12-20,134.34
2025-11-26,25,2025-12-21,136.52
2025-11-26,26,2025-12-22,136.5
2025-11-26,27,2025-12-23,138.16
2025-11-26,28,2025-12-24,137.02
2025-11-26,29,2025-12-25,138.0
2025-11-26,30,2025-12-26,138.2
2025-11-27,1,2025-11-28,124.75
2025-11-27,2,2025-11-29,129.91
2025-11-27,3,2025-11-30,137.46
2025-11-27,4,2025-12-01,142.82
2025-11-27,5,2025-12-02,151.27
2025-11-27,6,2025-12-03,148.78
2025-11-27,7,2025-12-04,160.64
2025-11-27,8,2025-12-05,155.67
2025-11-27,9,2025-12-06,154.38
2025-11-27,10,2025-12-07,156.79
2025-11-27,11,2025-12-08,155.98
2025-11-27,12,2025-12-09,154.31
2025-11-27,13,2025-12-10,149.56
2025-11-27,14,2025-12-11,147.95
2025-11-27,15,2025-12-12,145.23
2025-11-27,16,2025-12-13,142.23
2025-11-27,17,2025-12-14,141.7
2025-11-27,18,2025-12-15,135.81
2025-11-27,19,2025-12-16,137.45
2025-11-27,20,2025-12-17,135.09
2025-11-27,21,2025-12-18,134.81
2025-11-27,22,2025-12-19,135.33
2025-11-27,23,2025-12-20,135.22
2025-11-27,24,2025-12-21,134.97
2025-11-27,25,2025-12-22,136.62
2025-11-27,26,2025-12-23,137.19
2025-11-27,27,2025-12-24,138.17
2025-11-27,28,2025-12-25,138.2
2025-11-27,29,2025-12-26,139.78
2025-11-27,30,2025-12-27,138.71
2025-11-28,1,2025-11-29,126.18
2025-11-28,2,2025-11-30,129.06
2025-11-28,3,2025-12-01,137.11
2025-11-28,4,2025-12-02,149.76
2025-11-28,5,2025-12-03,148.07
2025-11-28,6,2025-12-04,156.27
2025-11-28,7,2025-12-05,158.25
2025-11-28,8,2025-12-06,156.94
2025-11-28,9,2025-12-07,156.3
2025-11-28,10,2025-12-08,157.38
2025-11-28,11,2025-12-09,154.7
2025-11-28,12,2025-12-10,151.06
2025-11-28,13,2025-12-11,148.23
2025-11-28,14,2025-12-12,146.33
2025-11-28,15,2025-12-13,143.98
2025-11-28,16,2025-12-14,141.18
2025-11-28,17,2025-12-15,136.11
2025-11-28,18,2025-12-16,136.52
2025-11-28,19,2025-12-17,136.27
2025-11-28,20,2025-12-18,135.18
2025-11-28,21,2025-12-19,136.18
2025-11-28,22,2025-12-20,135.78
2025-11-28,23,2025-12-21,135.12
2025-11-28,24,2025-12-22,135.3
2025-11-28,25,2025-12-23,136.76
2025-11-28,26,2025-12-24,136.36
2025-11-28,27,2025-12-25,137.55
2025-11-28,28,2025-12-26,138.47
2025-11-28,29,2025-12-27,139.13
2025-11-28,30,2025-12-28,138.95
2025-11-29,1,2025-11-30,146.82
2025-11-29,2,2025-12-01,153.23
2025-11-29,3,2025-12-02,162.97
2025-11-29,4,2025-12-03,168.64
2025-11-29,5,2025-12-04,176.4
2025-11-29,6,2025-12-05,174.8
2025-11-29,7,2025-12-06,171.12
2025-11-29,8,2025-12-07,167.07
2025-11-29,9,2025-12-08,163.31
2025-11-29,10,2025-12-09,159.74
2025-11-29,11,2025-12-10,153.81
2025-11-29,12,2025-12-11,151.47
2025-11-29,13,2025-12-12,146.15
2025-11-29,14,2025-12-13,146.07
2025-11-29,15,2025-12-14,142.15
2025-11-29,16,2025-12-15,136.44
2025-11-29,17,2025-12-16,138.66
2025-11-29,18,2025-12-17,137.06
2025-11-29,19,2025-12-18,135.71
2025-11-29,20,2025-12-19,137.4
2025-11-29,21,2025-12-20,135.61
2025-11-29,22,2025-12-21,137.42
2025-11-29,23,2025-12-22,137.22
2025-11-29,24,2025-12-23,137.57
2025-11-29,25,2025-12-24,138.81
2025-11-29,26,2025-12-25,139.0
2025-11-29,27,2025-12-26,140.61
2025-11-29,28,2025-12-27,143.35
2025-11-29,29,2025-12-28,143.56
2025-11-29,30,2025-12-29,143.94
2025-11-30,1,2025-12-01,185.46
2025-11-30,2,2025-12-02,183.47
2025-11-30,3,2025-12-03,189.23
2025-11-30,4,2025-12-04,192.28
2025-11-30,5,2025-12-05,192.44
2025-11-30,6,2025-12-06,189.46
2025-11-30,7,2025-12-07,180.63
2025-11-30,8,2025-12-08,177.37
2025-11-30,9,2025-12-09,166.37
2025-11-30,10,2025-12-10,161.38
2025-11-30,11,2025-12-11,156.04
2025-11-30,12,2025-12-12,151.29
2025-11-30,13,2025-12-13,148.79
2025-11-30,14,2025-12-14,145.37
2025-11-30,15,2025-12-15,139.51
2025-11-30,16,2025-12-16,139.35
2025-11-30,17,2025-12-17,140.24
2025-11-30,18,2025-12-18,138.35
2025-11-30,19,2025-12-19,138.62
2025-11-30,20,2025-12-20,137.3
2025-11-30,21,2025-12-21,139.26
2025-11-30,22,2025-12-22,141.08
2025-11-30,23,2025-12-23,141.87
2025-11-30,24,2025-12-24,142.07
2025-11-30,25,2025-12-25,145.3
2025-11-30,26,2025-12-26,148.41
2025-11-30,27,2025-12-27,151.34
2025-11-30,28,2025-12-28,153.34
2025-11-30,29,2025-12-29,155.36
2025-11-30,30,2025-12-30,153.9
2025-12-01,1,2025-12-02,207.39
2025-12-01,2,2025-12-03,200.42
2025-12-01,3,2025-12-04,209.11
2025-12-01,4,2025-12-05,208.29
2025-12-01,5,2025-12-06,211.86
2025-12-01,6,2025-12-07,196.99
2025-12-01,7,2025-12-08,188.0
2025-12-01,8,2025-12-09,183.61
2025-12-01,9,2025-12-10,170.01
2025-12-01,10,2025-12-11,164.53
2025-12-01,11,2025-12-12,156.91
2025-12-01,12,2025-12-13,152.76
2025-12-01,13,2025-12-14,148.23
2025-12-01,14,2025-12-15,141.01
2025-12-01,15,2025-12-16,142.59
2025-12-01,16,2025-12-17,139.76
2025-12-01,17,2025-12-18,140.23
2025-12-01,18,2025-12-19,138.74
2025-12-01,19,2025-12-20,136.69
2025-12-01,20,2025-12-21,138.38
2025-12-01,21,2025-12-22,139.72
2025-12-01,22,2025-12-23,142.55
2025-12-01,23,2025-12-24,142.77
2025-12-01,24,2025-12-25,146.55
2025-12-01,25,2025-12-26,148.5
2025-12-01,26,2025-12-27,154.15
2025-12-01,27,2025-12-28,156.08
2025-12-01,28,2025-12-29,156.83
2025-12-01,29,2025-12-30,158.44
2025-12-01,30,2025-12-31,156.89
2025-12-02,1,2025-12-03,215.02
2025-12-02,2,2025-12-04,211.56
2025-12-02,3,2025-12-05,218.59
2025-12-02,4,2025-12-06,223.48
2025-12-02,5,2025-12-07,218.58
2025-12-02,6,2025-12-08,202.57
2025-12-02,7,2025-12-09,195.09
2025-12-02,8,2025-12-10,181.96
2025-12-02,9,2025-12-11,170.82
2025-12-02,10,2025-12-12,161.76
2025-12-02,11,2025-12-13,155.73
2025-12-02,12,2025-12-14,149.0
2025-12-02,13,2025-12-15,143.31
2025-12-02,14,2025-12-16,144.61
2025-12-02,15,2025-12-17,140.61
2025-12-02,16,2025-12-18,138.47
2025-12-02,17,2025-12-19,140.46
2025-12-02,18,2025-12-20,138.2
2025-12-02,19,2025-12-21,138.36
2025-12-02,20,2025-12-22,140.81
2025-12-02,21,2025-12-23,141.43
2025-12-02,22,2025-12-24,144.05
2025-12-02,23,2025-12-25,147.49
2025-12-02,24,2025-12-26,153.49
2025-12-02,25,2025-12-27,156.17
2025-12-02,26,2025-12-28,160.18
2025-12-02,27,2025-12-29,161.27
2025-12-02,28,2025-12-30,159.83
2025-12-02,29,2025-12-31,160.15
2025-12-02,30,2026-01-01,159.42
2025-12-03,1,2025-12-04,215.0
2025-12-03,2,2025-12-05,214.98
2025-12-03,3,2025-12-06,219.68
2025-12-03,4,2025-12-07,220.77
2025-12-03,5,2025-12-08,209.02
2025-12-03,6,2025-12-09,199.77
2025-12-03,7,2025-12-10,190.07
2025-12-03,8,2025-12-11,178.52
2025-12-03,9,2025-12-12,167.64
2025-12-03,10,2025-12-13,159.52
2025-12-03,11,2025-12-14,152.32
2025-12-03,12,2025-12-15,145.88
2025-12-03,13,2025-12-16,143.51
2025-12-03,14,2025-12-17,142.47
2025-12-03,15,2025-12-18,140.21
2025-12-03,16,2025-12-19,141.56
2025-12-03,17,2025-12-20,141.27
2025-12-03,18,2025-12-21,139.04
2025-12-03,19,2025-12-22,138.85
2025-12-03,20,2025-12-23,141.99
2025-12-03,21,2025-12-24,143.45
2025-12-03,22,2025-12-25,146.91
2025-12-03,23,2025-12-26,152.73
2025-12-03,24,2025-12-27,158.68
2025-12-03,25,2025-12-28,158.75
2025-12-03,26,2025-12-29,162.17
2025-12-03,27,2025-12-30,161.24
2025-12-03,28,2025-12-31,159.67
2025-12-03,29,2026-01-01,158.89
2025-12-03,30,2026-01-02,158.81
2025-12-04,1,2025-12-05,213.98
2025-12-04,2,2025-12-06,217.19
2025-12-04,3,2025-12-07,219.06
2025-12-04,4,2025-12-08,204.66
2025-12-04,5,2025-12-09,185.19
2025-12-04,6,2025-12-10,176.57
2025-12-04,7,2025-12-11,169.0
2025-12-04,8,2025-12-12,157.19
2025-12-04,9,2025-12-13,152.37
2025-12-04,10,2025-12-14,146.65
2025-12-04,11,2025-12-15,141.53
2025-12-04,12,2025-12-16,144.4
2025-12-04,13,2025-12-17,142.67
2025-12-04,14,2025-12-18,143.06
2025-12-04,15,2025-12-19,143.45
2025-12-04,16,2025-12-20,139.88
2025-12-04,17,2025-12-21,141.16
2025-12-04,18,2025-12-22,139.82
2025-12-04,19,2025-12-23,140.07
2025-12-04,20,2025-12-24,142.27
2025-12-04,21,2025-12-25,146.56
2025-12-04,22,2025-12-26,151.37
2025-12-04,23,2025-12-27,157.85
2025-12-04,24,2025-12-28,162.21
2025-12-04,25,2025-12-29,162.87
2025-12-04,26,2025-12-30,164.28
2025-12-04,27,2025-12-31,162.07
2025-12-04,28,2026-01-01,161.52
2025-12-04,29,2026-01-02,159.94
2025-12-04,30,2026-01-03,159.76
2025-12-05,1,2025-12-06,218.71
2025-12-05,2,2025-12-07,213.09
2025-12-05,3,2025-12-08,214.28
2025-12-05,4,2025-12-09,184.46
2025-12-05,5,2025-12-10,165.38
2025-12-05,6,2025-12-11,163.5
2025-12-05,7,2025-12-12,155.48
2025-12-05,8,2025-12-13,147.57
2025-12-05,9,2025-12-14,145.52
2025-12-05,10,2025-12-15,140.15
2025-12-05,11,2025-12-16,142.36
2025-12-05,12,2025-12-17,142.45
2025-12-05,13,2025-12-18,142.81
2025-12-05,14,2025-12-19,145.46
2025-12-05,15,2025-12-20,141.01
2025-12-05,16,2025-12-21,140.59
2025-12-05,17,2025-12-22,141.36
2025-12-05,18,2025-12-23,141.1
2025-12-05,19,2025-12-24,141.5
2025-12-05,20,2025-12-25,145.4
2025-12-05,21,2025-12-26,151.06
2025-12-05,22,2025-12-27,159.32
2025-12-05,23,2025-12-28,161.67
2025-12-05,24,2025-12-29,165.89
2025-12-05,25,2025-12-30,164.4
2025-12-05,26,2025-12-31,167.01
2025-12-05,27,2026-01-01,165.05
2025-12-05,28,2026-01-02,164.05
2025-12-05,29,2026-01-03,161.15
2025-12-05,30,2026-01-04,159.52
2025-12-06,1,2025-12-07,206.88
2025-12-06,2,2025-12-08,202.73
2025-12-06,3,2025-12-09,188.29
2025-12-06,4,2025-12-10,169.5
2025-12-06,5,2025-12-11,158.55
2025-12-06,6,2025-12-12,151.57
2025-12-06,7,2025-12-13,145.77
2025-12-06,8,2025-12-14,137.74
2025-12-06,9,2025-12-15,137.78
2025-12-06,10,2025-12-16,136.45
2025-12-06,11,2025-12-17,138.83
2025-12-06,12,2025-12-18,140.76
2025-12-06,13,2025-12-19,143.66
2025-12-06,14,2025-12-20,142.25
2025-12-06,15,2025-12-21,142.02
2025-12-06,16,2025-12-22,140.44
2025-12-06,17,2025-12-23,142.13
2025-12-06,18,2025-12-24,141.08
2025-12-06,19,2025-12-25,142.87
2025-12-06,20,2025-12-26,149.43
2025-12-06,21,2025-12-27,156.82
2025-12-06,22,2025-12-28,161.48
2025-12-06,23,2025-12-29,164.64
2025-12-06,24,2025-12-30,165.42
2025-12-06,25,2025-12-31,163.78
2025-12-06,26,2026-01-01,165.63
2025-12-06,27,2026-01-02,162.39
2025-12-06,28,2026-01-03,161.37
2025-12-06,29,2026-01-04,160.56
2025-12-06,30,2026-01-05,159.28
2025-12-07,1,2025-12-08,198.04
2025-12-07,2,2025-12-09,192.26
2025-12-07,3,2025-12-10,174.62
2025-12-07,4,2025-12-11,162.21
2025-12-07,5,2025-12-12,146.56
2025-12-07,6,2025-12-13,143.12
2025-12-07,7,2025-12-14,138.1
2025-12-07,8,2025-12-15,132.38
2025-12-07,9,2025-12-16,138.81
2025-12-07,10,2025-12-17,136.09
2025-12-07,11,2025-12-18,139.38
2025-12-07,12,2025-12-19,141.1
2025-12-07,13,2025-12-20,141.91
2025-12-07,14,2025-12-21,141.7
2025-12-07,15,2025-12-22,141.08
2025-12-07,16,2025-12-23,140.24
2025-12-07,17,2025-12-24,141.29
2025-12-07,18,2025-12-25,143.23
2025-12-07,19,2025-12-26,148.12
2025-12-07,20,2025-12-27,156.81
2025-12-07,21,2025-12-28,160.98
2025-12-07,22,2025-12-29,164.32
2025-12-07,23,2025-12-30,165.19
2025-12-07,24,2025-12-31,165.43
2025-12-07,25,2026-01-01,164.47
2025-12-07,26,2026-01-02,165.17
2025-12-07,27,2026-01-03,161.09
2025-12-07,28,2026-01-04,159.99
2025-12-07,29,2026-01-05,157.27
2025-12-07,30,2026-01-06,157.87
2025-12-08,1,2025-12-09,192.12
2025-12-08,2,2025-12-10,180.6
2025-12-08,3,2025-12-11,163.14
2025-12-08,4,2025-12-12,150.35
2025-12-08,5,2025-12-13,140.78
2025-12-08,6,2025-12-14,130.82
2025-12-08,7,2025-12-15,131.03
2025-12-08,8,2025-12-16,133.34
2025-12-08,9,2025-12-17,136.84
2025-12-08,10,2025-12-18,137.36
2025-12-08,11,2025-12-19,140.44
2025-12-08,12,2025-12-20,139.86
2025-12-08,13,2025-12-21,141.61
2025-12-08,14,2025-12-22,141.33
2025-12-08,15,2025-12-23,142.33
2025-12-08,16,2025-12-24,140.19
2025-12-08,17,2025-12-25,143.74
2025-12-08,18,2025-12-26,149.56
2025-12-08,19,2025-12-27,154.83
2025-12-08,20,2025-12-28,160.08
2025-12-08,21,2025-12-29,163.94
2025-12-08,22,2025-12-30,165.26
2025-12-08,23,2025-12-31,165.85
2025-12-08,24,2026-01-01,165.47
2025-12-08,25,2026-01-02,162.79
2025-12-08,26,2026-01-03,164.64
2025-12-08,27,2026-01-04,161.58
2025-12-08,28,2026-01-05,160.53
2025-12-08,29,2026-01-06,156.91
2025-12-08,30,2026-01-07,156.86
2025-12-09,1,2025-12-10,182.57
2025-12-09,2,2025-12-11,167.24
2025-12-09,3,2025-12-12,153.38
2025-12-09,4,2025-12-13,140.66
2025-12-09,5,2025-12-14,125.97
2025-12-09,6,2025-12-15,123.71
2025-12-09,7,2025-12-16,128.77
2025-12-09,8,2025-12-17,131.28
2025-12-09,9,2025-12-18,134.68
2025-12-09,10,2025-12-19,137.72
2025-12-09,11,2025-12-20,136.16
2025-12-09,12,2025-12-21,139.87
2025-12-09,13,2025-12-22,140.32
2025-12-09,14,2025-12-23,141.71
2025-12-09,15,2025-12-24,140.86
2025-12-09,16,2025-12-25,143.5
2025-12-09,17,2025-12-26,149.1
2025-12-09,18,2025-12-27,156.26
2025-12-09,19,2025-12-28,158.42
2025-12-09,20,2025-12-29,163.31
2025-12-09,21,2025-12-30,164.76
2025-12-09,22,2025-12-31,165.7
2025-12-09,23,2026-01-01,165.92
2025-12-09,24,2026-01-02,164.11
2025-12-09,25,2026-01-03,161.96
2025-12-09,26,2026-01-04,163.7
2025-12-09,27,2026-01-05,160.83
2025-12-09,28,2026-01-06,159.0
2025-12-09,29,2026-01-07,158.93
2025-12-09,30,2026-01-08,155.41
2025-12-10,1,2025-12-11,169.9
2025-12-10,2,2025-12-12,158.39
2025-12-10,3,2025-12-13,146.63
2025-12-10,4,2025-12-14,130.5
2025-12-10,5,2025-12-15,117.91
2025-12-10,6,2025-12-16,123.4
2025-12-10,7,2025-12-17,126.35
2025-12-10,8,2025-12-18,128.64
2025-12-10,9,2025-12-19,132.97
2025-12-10,10,2025-12-20,134.2
2025-12-10,11,2025-12-21,137.62
2025-12-10,12,2025-12-22,139.55
2025-12-10,13,2025-12-23,141.0
2025-12-10,14,2025-12-24,140.89
2025-12-10,15,2025-12-25,142.94
2025-12-10,16,2025-12-26,148.39
2025-12-10,17,2025-12-27,156.31
2025-12-10,18,2025-12-28,159.3
2025-12-10,19,2025-12-29,161.93
2025-12-10,20,2025-12-30,164.61
2025-12-10,21,2025-12-31,165.95
2025-12-10,22,2026-01-01,167.49
2025-12-10,23,2026-01-02,163.56
2025-12-10,24,2026-01-03,164.18
2025-12-10,25,2026-01-04,161.74
2025-12-10,26,2026-01-05,164.08
2025-12-10,27,2026-01-06,162.45
2025-12-10,28,2026-01-07,161.13
2025-12-10,29,2026-01-08,157.79
2025-12-10,30,2026-01-09,154.03
2025-12-11,1,2025-12-12,158.51
2025-12-11,2,2025-12-13,149.3
2025-12-11,3,2025-12-14,132.89
2025-12-11,4,2025-12-15,123.9
2025-12-11,5,2025-12-16,119.02
2025-12-11,6,2025-12-17,119.5
2025-12-11,7,2025-12-18,124.3
2025-12-11,8,2025-12-19,130.12
2025-12-11,9,2025-12-20,132.46
2025-12-11,10,2025-12-21,136.73
2025-12-11,11,2025-12-22,138.42
2025-12-11,12,2025-12-23,140.76
2025-12-11,13,2025-12-24,141.69
2025-12-11,14,2025-12-25,145.18
2025-12-11,15,2025-12-26,147.96
2025-12-11,16,2025-12-27,155.5
2025-12-11,17,2025-12-28,160.03
2025-12-11,18,2025-12-29,163.72
2025-12-11,19,2025-12-30,164.07
2025-12-11,20,2025-12-31,165.73
2025-12-11,21,2026-01-01,164.87
2025-12-11,22,2026-01-02,164.53
2025-12-11,23,2026-01-03,161.99
2025-12-11,24,2026-01-04,162.24
2025-12-11,25,2026-01-05,163.01
2025-12-11,26,2026-01-06,163.87
2025-12-11,27,2026-01-07,159.51
2025-12-11,28,2026-01-08,156.59
2025-12-11,29,2026-01-09,152.59
2025-12-11,30,2026-01-10,150.01
2025-12-12,1,2025-12-13,152.97
2025-12-12,2,2025-12-14,136.33
2025-12-12,3,2025-12-15,123.64
2025-12-12,4,2025-12-16,123.28
2025-12-12,5,2025-12-17,115.17
2025-12-12,6,2025-12-18,122.93
2025-12-12,7,2025-12-19,129.11
2025-12-12,8,2025-12-20,129.03
2025-12-12,9,2025-12-21,135.39
2025-12-12,10,2025-12-22,138.04
2025-12-12,11,2025-12-23,140.2
2025-12-12,12,2025-12-24,141.15
2025-12-12,13,2025-12-25,143.89
2025-12-12,14,2025-12-26,149.31
2025-12-12,15,2025-12-27,155.72
2025-12-12,16,2025-12-28,158.37
2025-12-12,17,2025-12-29,161.49
2025-12-12,18,2025-12-30,163.87
2025-12-12,19,2025-12-31,164.91
2025-12-12,20,2026-01-01,164.75
2025-12-12,21,2026-01-02,161.41
2025-12-12,22,2026-01-03,161.19
2025-12-12,23,2026-01-04,159.06
2025-12-12,24,2026-01-05,160.36
2025-12-12,25,2026-01-06,156.74
2025-12-12,26,2026-01-07,153.19
2025-12-12,27,2026-01-08,148.86
2025-12-12,28,2026-01-09,147.27
2025-12-12,29,2026-01-10,145.77
2025-12-12,30,2026-01-11,146.63
2025-12-13,1,2025-12-14,123.19
2025-12-13,2,2025-12-15,122.15
2025-12-13,3,2025-12-16,116.24
2025-12-13,4,2025-12-17,116.0
2025-12-13,5,2025-12-18,116.2
2025-12-13,6,2025-12-19,124.76
2025-12-13,7,2025-12-20,127.48
2025-12-13,8,2025-12-21,132.29
2025-12-13,9,2025-12-22,137.64
2025-12-13,10,2025-12-23,140.8
2025-12-13,11,2025-12-24,141.17
2025-12-13,12,2025-12-25,143.63
2025-12-13,13,2025-12-26,148.47
2025-12-13,14,2025-12-27,156.18
2025-12-13,15,2025-12-28,158.93
2025-12-13,16,2025-12-29,161.69
2025-12-13,17,2025-12-30,163.39
2025-12-13,18,2025-12-31,165.28
2025-12-13,19,2026-01-01,164.48
2025-12-13,20,2026-01-02,162.62
2025-12-13,21,2026-01-03,159.05
2025-12-13,22,2026-01-04,158.99
2025-12-13,23,2026-01-05,157.61
2025-12-13,24,2026-01-06,155.29
2025-12-13,25,2026-01-07,149.58
2025-12-13,26,2026-01-08,146.16
2025-12-13,27,2026-01-09,145.14
2025-12-13,28,2026-01-10,142.71
2025-12-13,29,2026-01-11,142.43
2025-12-13,30,2026-01-12,143.1
2025-12-14,1,2025-12-15,115.86
2025-12-14,2,2025-12-16,115.52
2025-12-14,3,2025-12-17,112.09
2025-12-14,4,2025-12-18,115.52
2025-12-14,5,2025-12-19,118.89
2025-12-14,6,2025-12-20,119.05
2025-12-14,7,2025-12-21,128.55
2025-12-14,8,2025-12-22,133.95
2025-12-14,9,2025-12-23,138.64
2025-12-14,10,2025-12-24,140.96
2025-12-14,11,2025-12-25,144.58
2025-12-14,12,2025-12-26,148.95
2025-12-14,13,2025-12-27,156.67
2025-12-14,14,2025-12-28,158.88
2025-12-14,15,2025-12-29,161.32
2025-12-14,16,2025-12-30,163.03
2025-12-14,17,2025-12-31,165.35
2025-12-14,18,2026-01-01,165.29
2025-12-14,19,2026-01-02,162.25
2025-12-14,20,2026-01-03,162.28
2025-12-14,21,2026-01-04,157.04
2025-12-14,22,2026-01-05,157.43
2025-12-14,23,2026-01-06,154.47
2025-12-14,24,2026-01-07,149.76
2025-12-14,25,2026-01-08,143.95
2025-12-14,26,2026-01-09,142.08
2025-12-14,27,2026-01-10,141.74
2025-12-14,28,2026-01-11,138.5
2025-12-14,29,2026-01-12,138.67
2025-12-14,30,2026-01-13,141.24
2025-12-15,1,2025-12-16,119.0
2025-12-15,2,2025-12-17,115.12
2025-12-15,3,2025-12-18,113.75
2025-12-15,4,2025-12-19,115.99
2025-12-15,5,2025-12-20,117.4
2025-12-15,6,2025-12-21,124.29
2025-12-15,7,2025-12-22,127.89
2025-12-15,8,2025-12-23,135.78
2025-12-15,9,2025-12-24,137.79
2025-12-15,10,2025-12-25,144.63
2025-12-15,11,2025-12-26,149.29
2025-12-15,12,2025-12-27,157.27
2025-12-15,13,2025-12-28,158.27
2025-12-15,14,2025-12-29,160.97
2025-12-15,15,2025-12-30,163.22
2025-12-15,16,2025-12-31,166.04
2025-12-15,17,2026-01-01,167.62
2025-12-15,18,2026-01-02,163.66
2025-12-15,19,2026-01-03,162.53
2025-12-15,20,2026-01-04,160.25
2025-12-15,21,2026-01-05,155.57
2025-12-15,22,2026-01-06,152.78
2025-12-15,23,2026-01-07,148.26
2025-12-15,24,2026-01-08,143.56
2025-12-15,25,2026-01-09,141.12
2025-12-15,26,2026-01-10,139.05
2025-12-15,27,2026-01-11,137.52
2025-12-15,28,2026-01-12,137.29
2025-12-15,29,2026-01-13,138.03
2025-12-15,30,2026-01-14,138.42
2025-12-16,1,2025-12-17,118.47
2025-12-16,2,2025-12-18,116.25
2025-12-16,3,2025-12-19,115.31
2025-12-16,4,2025-12-20,116.84
2025-12-16,5,2025-12-21,122.67
2025-12-16,6,2025-12-22,126.64
2025-12-16,7,2025-12-23,133.76
2025-12-16,8,2025-12-24,137.06
2025-12-16,9,2025-12-25,141.25
2025-12-16,10,2025-12-26,149.82
2025-12-16,11,2025-12-27,157.04
2025-12-16,12,2025-12-28,160.95
2025-12-16,13,2025-12-29,161.24
2025-12-16,14,2025-12-30,164.03
2025-12-16,15,2025-12-31,164.61
2025-12-16,16,2026-01-01,167.36
2025-12-16,17,2026-01-02,166.51
2025-12-16,18,2026-01-03,162.0
2025-12-16,19,2026-01-04,161.02
2025-12-16,20,2026-01-05,157.74
2025-12-16,21,2026-01-06,154.0
2025-12-16,22,2026-01-07,148.1
2025-12-16,23,2026-01-08,143.56
2025-12-16,24,2026-01-09,141.31
2025-12-16,25,2026-01-10,138.14
2025-12-16,26,2026-01-11,136.8
2025-12-16,27,2026-01-12,137.08
2025-12-16,28,2026-01-13,137.43
2025-12-16,29,2026-01-14,135.31
2025-12-16,30,2026-01-15,137.16
2025-12-17,1,2025-12-18,119.35
2025-12-17,2,2025-12-19,116.33
2025-12-17,3,2025-12-20,118.7
2025-12-17,4,2025-12-21,119.78
2025-12-17,5,2025-12-22,125.73
2025-12-17,6,2025-12-23,130.81
2025-12-17,7,2025-12-24,131.23
2025-12-17,8,2025-12-25,140.29
2025-12-17,9,2025-12-26,148.81
2025-12-17,10,2025-12-27,157.22
2025-12-17,11,2025-12-28,158.48
2025-12-17,12,2025-12-29,160.07
2025-12-17,13,2025-12-30,162.13
2025-12-17,14,2025-12-31,163.38
2025-12-17,15,2026-01-01,167.48
2025-12-17,16,2026-01-02,164.08
2025-12-17,17,2026-01-03,164.8
2025-12-17,18,2026-01-04,161.04
2025-12-17,19,2026-01-05,158.82
2025-12-17,20,2026-01-06,153.76
2025-12-17,21,2026-01-07,148.86
2025-12-17,22,2026-01-08,142.58
2025-12-17,23,2026-01-09,139.72
2025-12-17,24,2026-01-10,137.57
2025-12-17,25,2026-01-11,133.67
2025-12-17,26,2026-01-12,135.21
2025-12-17,27,2026-01-13,137.28
2025-12-17,28,2026-01-14,135.08
2025-12-17,29,2026-01-15,134.47
2025-12-17,30,2026-01-16,135.87
2025-12-18,1,2025-12-19,118.98
2025-12-18,2,2025-12-20,119.15
2025-12-18,3,2025-12-21,121.4
2025-12-18,4,2025-12-22,124.42
2025-12-18,5,2025-12-23,131.3
2025-12-18,6,2025-12-24,135.9
2025-12-18,7,2025-12-25,140.48
2025-12-18,8,2025-12-26,149.84
2025-12-18,9,2025-12-27,156.76
2025-12-18,10,2025-12-28,160.07
2025-12-18,11,2025-12-29,161.52
2025-12-18,12,2025-12-30,163.24
2025-12-18,13,2025-12-31,165.13
2025-12-18,14,2026-01-01,168.33
2025-12-18,15,2026-01-02,165.89
2025-12-18,16,2026-01-03,164.71
2025-12-18,17,2026-01-04,163.54
2025-12-18,18,2026-01-05,158.64
2025-12-18,19,2026-01-06,155.74
2025-12-18,20,2026-01-07,148.49
2025-12-18,21,2026-01-08,143.48
2025-12-18,22,2026-01-09,141.28
2025-12-18,23,2026-01-10,136.38
2025-12-18,24,2026-01-11,135.93
2025-12-18,25,2026-01-12,135.24
2025-12-18,26,2026-01-13,135.73
2025-12-18,27,2026-01-14,134.72
2025-12-18,28,2026-01-15,134.59
2025-12-18,29,2026-01-16,133.9
2025-12-18,30,2026-01-17,135.18
2025-12-19,1,2025-12-20,116.9
2025-12-19,2,2025-12-21,116.16
2025-12-19,3,2025-12-22,117.92
2025-12-19,4,2025-12-23,122.85
2025-12-19,5,2025-12-24,127.68
2025-12-19,6,2025-12-25,137.83
2025-12-19,7,2025-12-26,146.97
2025-12-19,8,2025-12-27,157.77
2025-12-19,9,2025-12-28,158.23
2025-12-19,10,2025-12-29,160.55
2025-12-19,11,2025-12-30,164.76
2025-12-19,12,2025-12-31,165.68
2025-12-19,13,2026-01-01,166.74
2025-12-19,14,2026-01-02,165.21
2025-12-19,15,2026-01-03,163.95
2025-12-19,16,2026-01-04,160.28
2025-12-19,17,2026-01-05,158.42
2025-12-19,18,2026-01-06,153.01
2025-12-19,19,2026-01-07,148.51
2025-12-19,20,2026-01-08,143.21
2025-12-19,21,2026-01-09,139.95
2025-12-19,22,2026-01-10,137.02
2025-12-19,23,2026-01-11,134.02
2025-12-19,24,2026-01-12,134.2
2025-12-19,25,2026-01-13,133.19
2025-12-19,26,2026-01-14,134.21
2025-12-19,27,2026-01-15,133.57
2025-12-19,28,2026-01-16,132.54
2025-12-19,29,2026-01-17,132.25
2025-12-19,30,2026-01-18,134.06
2025-12-20,1,2025-12-21,119.32
2025-12-20,2,2025-12-22,122.76
2025-12-20,3,2025-12-23,125.7
2025-12-20,4,2025-12-24,130.25
2025-12-20,5,2025-12-25,140.45
2025-12-20,6,2025-12-26,149.32
2025-12-20,7,2025-12-27,158.23
2025-12-20,8,2025-12-28,161.08
2025-12-20,9,2025-12-29,160.04
2025-12-20,10,2025-12-30,164.08
2025-12-20,11,2025-12-31,165.54
2025-12-20,12,2026-01-01,167.35
2025-12-20,13,2026-01-02,166.39
2025-12-20,14,2026-01-03,166.77
2025-12-20,15,2026-01-04,162.94
2025-12-20,16,2026-01-05,158.61
2025-12-20,17,2026-01-06,155.93
2025-12-20,18,2026-01-07,149.02
2025-12-20,19,2026-01-08,143.29
2025-12-20,20,2026-01-09,141.11
2025-12-20,21,2026-01-10,136.23
2025-12-20,22,2026-01-11,134.69
2025-12-20,23,2026-01-12,133.38
2025-12-20,24,2026-01-13,132.0
2025-12-20,25,2026-01-14,133.78
2025-12-20,26,2026-01-15,132.89
2025-12-20,27,2026-01-16,131.92
2025-12-20,28,2026-01-17,132.75
2025-12-20,29,2026-01-18,132.93
2025-12-20,30,2026-01-19,135.59
2025-12-21,1,2025-12-22,122.32
2025-12-21,2,2025-12-23,126.17
2025-12-21,3,2025-12-24,131.65
2025-12-21,4,2025-12-25,138.65
2025-12-21,5,2025-12-26,149.09
2025-12-21,6,2025-12-27,158.01
2025-12-21,7,2025-12-28,163.54
2025-12-21,8,2025-12-29,161.33
2025-12-21,9,2025-12-30,164.83
2025-12-21,10,2025-12-31,164.64
2025-12-21,11,2026-01-01,167.55
2025-12-21,12,2026-01-02,165.97
2025-12-21,13,2026-01-03,168.02
2025-12-21,14,2026-01-04,164.65
2025-12-21,15,2026-01-05,159.62
2025-12-21,16,2026-01-06,155.39
2025-12-21,17,2026-01-07,149.89
2025-12-21,18,2026-01-08,144.71
2025-12-21,19,2026-01-09,140.47
2025-12-21,20,2026-01-10,136.2
2025-12-21,21,2026-01-11,134.33
2025-12-21,22,2026-01-12,132.85
2025-12-21,23,2026-01-13,132.3
2025-12-21,24,2026-01-14,131.99
2025-12-21,25,2026-01-15,131.05
2025-12-21,26,2026-01-16,132.1
2025-12-21,27,2026-01-17,132.05
2025-12-21,28,2026-01-18,133.83
2025-12-21,29,2026-01-19,133.98
2025-12-21,30,2026-01-20,136.96
2025-12-22,1,2025-12-23,131.11
2025-12-22,2,2025-12-24,137.32
2025-12-22,3,2025-12-25,145.48
2025-12-22,4,2025-12-26,155.36
2025-12-22,5,2025-12-27,163.43
2025-12-22,6,2025-12-28,163.35
2025-12-22,7,2025-12-29,169.02
2025-12-22,8,2025-12-30,170.34
2025-12-22,9,2025-12-31,166.1
2025-12-22,10,2026-01-01,169.01
2025-12-22,11,2026-01-02,166.86
2025-12-22,12,2026-01-03,166.34
2025-12-22,13,2026-01-04,165.69
2025-12-22,14,2026-01-05,160.46
2025-12-22,15,2026-01-06,155.11
2025-12-22,16,2026-01-07,148.45
2025-12-22,17,2026-01-08,146.26
2025-12-22,18,2026-01-09,140.84
2025-12-22,19,2026-01-10,136.15
2025-12-22,20,2026-01-11,134.22
2025-12-22,21,2026-01-12,132.72
2025-12-22,22,2026-01-13,133.3
2025-12-22,23,2026-01-14,132.27
2025-12-22,24,2026-01-15,131.88
2025-12-22,25,2026-01-16,131.38
2025-12-22,26,2026-01-17,132.99
2025-12-22,27,2026-01-18,133.43
2025-12-22,28,2026-01-19,135.72
2025-12-22,29,2026-01-20,137.52
2025-12-22,30,2026-01-21,137.77
2025-12-23,1,2025-12-24,139.51
2025-12-23,2,2025-12-25,147.09
2025-12-23,3,2025-12-26,155.66
2025-12-23,4,2025-12-27,161.99
2025-12-23,5,2025-12-28,169.2
2025-12-23,6,2025-12-29,169.49
2025-12-23,7,2025-12-30,176.66
2025-12-23,8,2025-12-31,168.27
2025-12-23,9,2026-01-01,171.42
2025-12-23,10,2026-01-02,168.56
2025-12-23,11,2026-01-03,167.43
2025-12-23,12,2026-01-04,164.39
2025-12-23,13,2026-01-05,161.9
2025-12-23,14,2026-01-06,156.82
2025-12-23,15,2026-01-07,150.22
2025-12-23,16,2026-01-08,145.55
2025-12-23,17,2026-01-09,143.95
2025-12-23,18,2026-01-10,136.56
2025-12-23,19,2026-01-11,136.02
2025-12-23,20,2026-01-12,133.36
2025-12-23,21,2026-01-13,134.63
2025-12-23,22,2026-01-14,133.26
2025-12-23,23,2026-01-15,133.4
2025-12-23,24,2026-01-16,134.29
2025-12-23,25,2026-01-17,134.58
2025-12-23,26,2026-01-18,136.42
2025-12-23,27,2026-01-19,137.65
2025-12-23,28,2026-01-20,140.36
2025-12-23,29,2026-01-21,139.48
2025-12-23,30,2026-01-22,142.28
2025-12-24,1,2025-12-25,149.86
2025-12-24,2,2025-12-26,158.63
2025-12-24,3,2025-12-27,164.65
2025-12-24,4,2025-12-28,168.3
2025-12-24,5,2025-12-29,176.77
2025-12-24,6,2025-12-30,175.38
2025-12-24,7,2025-12-31,171.74
2025-12-24,8,2026-01-01,171.52
2025-12-24,9,2026-01-02,167.75
2025-12-24,10,2026-01-03,168.1
2025-12-24,11,2026-01-04,164.7
2025-12-24,12,2026-01-05,160.55
2025-12-24,13,2026-01-06,156.73
2025-12-24,14,2026-01-07,149.99
2025-12-24,15,2026-01-08,145.57
2025-12-24,16,2026-01-09,142.81
2025-12-24,17,2026-01-10,137.69
2025-12-24,18,2026-01-11,135.19
2025-12-24,19,2026-01-12,134.4
2025-12-24,20,2026-01-13,134.63
2025-12-24,21,2026-01-14,132.88
2025-12-24,22,2026-01-15,133.72
2025-12-24,23,2026-01-16,133.85
2025-12-24,24,2026-01-17,135.44
2025-12-24,25,2026-01-18,137.42
2025-12-24,26,2026-01-19,139.84
2025-12-24,27,2026-01-20,140.83
2025-12-24,28,2026-01-21,142.72
2025-12-24,29,2026-01-22,142.14
2025-12-24,30,2026-01-23,146.88
2025-12-25,1,2025-12-26,142.3
2025-12-25,2,2025-12-27,152.22
2025-12-25,3,2025-12-28,156.19
2025-12-25,4,2025-12-29,156.58
2025-12-25,5,2025-12-30,168.45
2025-12-25,6,2025-12-31,163.94
2025-12-25,7,2026-01-01,172.19
2025-12-25,8,2026-01-02,167.7
2025-12-25,9,2026-01-03,168.04
2025-12-25,10,2026-01-04,167.47
2025-12-25,11,2026-01-05,161.45
2025-12-25,12,2026-01-06,154.97
2025-12-25,13,2026-01-07,150.73
2025-12-25,14,2026-01-08,146.98
2025-12-25,15,2026-01-09,143.14
2025-12-25,16,2026-01-10,136.22
2025-12-25,17,2026-01-11,136.94
2025-12-25,18,2026-01-12,133.77
2025-12-25,19,2026-01-13,134.24
2025-12-25,20,2026-01-14,132.54
2025-12-25,21,2026-01-15,132.34
2025-12-25,22,2026-01-16,132.46
2025-12-25,23,2026-01-17,133.62
2025-12-25,24,2026-01-18,135.03
2025-12-25,25,2026-01-19,137.02
2025-12-25,26,2026-01-20,138.18
2025-12-25,27,2026-01-21,138.06
2025-12-25,28,2026-01-22,141.24
2025-12-25,29,2026-01-23,142.91
2025-12-25,30,2026-01-24,145.78
2025-12-26,1,2025-12-27,162.27
2025-12-26,2,2025-12-28,172.71
2025-12-26,3,2025-12-29,173.86
2025-12-26,4,2025-12-30,174.97
2025-12-26,5,2025-12-31,171.56
2025-12-26,6,2026-01-01,172.55
2025-12-26,7,2026-01-02,167.97
2025-12-26,8,2026-01-03,166.36
2025-12-26,9,2026-01-04,164.03
2025-12-26,10,2026-01-05,161.46
2025-12-26,11,2026-01-06,155.52
2025-12-26,12,2026-01-07,150.1
2025-12-26,13,2026-01-08,146.19
2025-12-26,14,2026-01-09,145.14
2025-12-26,15,2026-01-10,137.28
2025-12-26,16,2026-01-11,135.52
2025-12-26,17,2026-01-12,135.56
2025-12-26,18,2026-01-13,136.23
2025-12-26,19,2026-01-14,133.28
2025-12-26,20,2026-01-15,134.23
2025-12-26,21,2026-01-16,135.53
2025-12-26,22,2026-01-17,136.6
2025-12-26,23,2026-01-18,138.0
2025-12-26,24,2026-01-19,140.76
2025-12-26,25,2026-01-20,142.66
2025-12-26,26,2026-01-21,143.88
2025-12-26,27,2026-01-22,147.75
2025-12-26,28,2026-01-23,149.39
2025-12-26,29,2026-01-24,153.07
2025-12-26,30,2026-01-25,153.12
2025-12-27,1,2025-12-28,174.05
2025-12-27,2,2025-12-29,174.88
2025-12-27,3,2025-12-30,176.99
2025-12-27,4,2025-12-31,173.94
2025-12-27,5,2026-01-01,174.48
2025-12-27,6,2026-01-02,169.56
2025-12-27,7,2026-01-03,163.73
2025-12-27,8,2026-01-04,160.57
2025-12-27,9,2026-01-05,159.0
2025-12-27,10,2026-01-06,155.55
2025-12-27,11,2026-01-07,149.36
2025-12-27,12,2026-01-08,145.18
2025-12-27,13,2026-01-09,142.91
2025-12-27,14,2026-01-10,137.1
2025-12-27,15,2026-01-11,135.51
2025-12-27,16,2026-01-12,134.58
2025-12-27,17,2026-01-13,138.5
2025-12-27,18,2026-01-14,135.83
2025-12-27,19,2026-01-15,133.64
2025-12-27,20,2026-01-16,135.51
2025-12-27,21,2026-01-17,137.0
2025-12-27,22,2026-01-18,139.03
2025-12-27,23,2026-01-19,140.55
2025-12-27,24,2026-01-20,143.68
2025-12-27,25,2026-01-21,144.87
2025-12-27,26,2026-01-22,148.65
2025-12-27,27,2026-01-23,150.21
2025-12-27,28,2026-01-24,152.87
2025-12-27,29,2026-01-25,153.37
2025-12-27,30,2026-01-26,154.69
2025-12-28,1,2025-12-29,181.35
2025-12-28,2,2025-12-30,182.11
2025-12-28,3,2025-12-31,177.85
2025-12-28,4,2026-01-01,175.51
2025-12-28,5,2026-01-02,168.33
2025-12-28,6,2026-01-03,161.51
2025-12-28,7,2026-01-04,161.25
2025-12-28,8,2026-01-05,159.57
2025-12-28,9,2026-01-06,155.34
2025-12-28,10,2026-01-07,149.18
2025-12-28,11,2026-01-08,144.3
2025-12-28,12,2026-01-09,142.54
2025-12-28,13,2026-01-10,137.58
2025-12-28,14,2026-01-11,136.72
2025-12-28,15,2026-01-12,133.67
2025-12-28,16,2026-01-13,136.43
2025-12-28,17,2026-01-14,135.82
2025-12-28,18,2026-01-15,134.7
2025-12-28,19,2026-01-16,134.65
2025-12-28,20,2026-01-17,138.54
2025-12-28,21,2026-01-18,140.15
2025-12-28,22,2026-01-19,142.83
2025-12-28,23,2026-01-20,143.71
2025-12-28,24,2026-01-21,145.8
2025-12-28,25,2026-01-22,148.87
2025-12-28,26,2026-01-23,151.68
2025-12-28,27,2026-01-24,154.82
2025-12-28,28,2026-01-25,154.92
2025-12-28,29,2026-01-26,159.19
2025-12-28,30,2026-01-27,159.62
2025-12-29,1,2025-12-30,193.2
2025-12-29,2,2025-12-31,185.01
2025-12-29,3,2026-01-01,186.56
2025-12-29,4,2026-01-02,177.59
2025-12-29,5,2026-01-03,172.41
2025-12-29,6,2026-01-04,166.29
2025-12-29,7,2026-01-05,164.8
2025-12-29,8,2026-01-06,159.62
2025-12-29,9,2026-01-07,153.08
2025-12-29,10,2026-01-08,144.9
2025-12-29,11,2026-01-09,143.49
2025-12-29,12,2026-01-10,137.61
2025-12-29,13,2026-01-11,136.18
2025-12-29,14,2026-01-12,134.5
2025-12-29,15,2026-01-13,138.08
2025-12-29,16,2026-01-14,135.33
2025-12-29,17,2026-01-15,136.03
2025-12-29,18,2026-01-16,136.37
2025-12-29,19,2026-01-17,138.23
2025-12-29,20,2026-01-18,140.39
2025-12-29,21,2026-01-19,142.83
2025-12-29,22,2026-01-20,146.17
2025-12-29,23,2026-01-21,147.2
2025-12-29,24,2026-01-22,151.27
2025-12-29,25,2026-01-23,152.47
2025-12-29,26,2026-01-24,157.36
2025-12-29,27,2026-01-25,159.13
2025-12-29,28,2026-01-26,158.4
2025-12-29,29,2026-01-27,159.82
2025-12-29,30,2026-01-28,158.58
2025-12-30,1,2025-12-31,194.79
2025-12-30,2,2026-01-01,192.56
2025-12-30,3,2026-01-02,184.18
2025-12-30,4,2026-01-03,176.99
2025-12-30,5,2026-01-04,168.56
2025-12-30,6,2026-01-05,160.26
2025-12-30,7,2026-01-06,156.07
2025-12-30,8,2026-01-07,149.56
2025-12-30,9,2026-01-08,144.85
2025-12-30,10,2026-01-09,144.7
2025-12-30,11,2026-01-10,136.61
2025-12-30,12,2026-01-11,136.51
2025-12-30,13,2026-01-12,136.74
2025-12-30,14,2026-01-13,139.87
2025-12-30,15,2026-01-14,135.61
2025-12-30,16,2026-01-15,136.1
2025-12-30,17,2026-01-16,137.31
2025-12-30,18,2026-01-17,139.39
2025-12-30,19,2026-01-18,140.68
2025-12-30,20,2026-01-19,143.81
2025-12-30,21,2026-01-20,146.64
2025-12-30,22,2026-01-21,148.65
2025-12-30,23,2026-01-22,152.9
2025-12-30,24,2026-01-23,155.47
2025-12-30,25,2026-01-24,157.9
2025-12-30,26,2026-01-25,161.42
2025-12-30,27,2026-01-26,162.33
2025-12-30,28,2026-01-27,159.45
2025-12-30,29,2026-01-28,161.58
2025-12-30,30,2026-01-29,158.48
2025-12-31,1,2026-01-01,180.48
2025-12-31,2,2026-01-02,174.55
2025-12-31,3,2026-01-03,169.62
2025-12-31,4,2026-01-04,160.47
2025-12-31,5,2026-01-05,151.0
2025-12-31,6,2026-01-06,149.27
2025-12-31,7,2026-01-07,144.55
2025-12-31,8,2026-01-08,139.72
2025-12-31,9,2026-01-09,142.06
2025-12-31,10,2026-01-10,135.73
2025-12-31,11,2026-01-11,136.47
2025-12-31,12,2026-01-12,135.35
2025-12-31,13,2026-01-13,138.98
2025-12-31,14,2026-01-14,136.84
2025-12-31,15,2026-01-15,135.52
2025-12-31,16,2026-01-16,136.54
2025-12-31,17,2026-01-17,141.08
2025-12-31,18,2026-01-18,141.11
2025-12-31,19,2026-01-19,142.1
2025-12-31,20,2026-01-20,145.52
2025-12-31,21,2026-01-21,146.73
2025-12-31,22,2026-01-22,152.01
2025-12-31,23,2026-01-23,153.86
2025-12-31,24,2026-01-24,157.33
2025-12-31,25,2026-01-25,159.03
2025-12-31,26,2026-01-26,161.75
2025-12-31,27,2026-01-27,161.02
2025-12-31,28,2026-01-28,159.09
2025-12-31,29,2026-01-29,161.23
2025-12-31,30,2026-01-30,159.57
2026-01-01,1,2026-01-02,166.74
2026-01-01,2,2026-01-03,160.78
2026-01-01,3,2026-01-04,154.03
2026-01-01,4,2026-01-05,149.0
2026-01-01,5,2026-01-06,146.1
2026-01-01,6,2026-01-07,140.07
2026-01-01,7,2026-01-08,134.34
2026-01-01,8,2026-01-09,135.87
2026-01-01,9,2026-01-10,132.78
2026-01-01,10,2026-01-11,133.27
2026-01-01,11,2026-01-12,132.0
2026-01-01,12,2026-01-13,136.81
2026-01-01,13,2026-01-14,136.16
2026-01-01,14,2026-01-15,135.97
2026-01-01,15,2026-01-16,135.9
2026-01-01,16,2026-01-17,138.53
2026-01-01,17,2026-01-18,141.88
2026-01-01,18,2026-01-19,141.58
2026-01-01,19,2026-01-20,143.8
2026-01-01,20,2026-01-21,146.27
2026-01-01,21,2026-01-22,150.89
2026-01-01,22,2026-01-23,153.3
2026-01-01,23,2026-01-24,155.72
2026-01-01,24,2026-01-25,157.0
2026-01-01,25,2026-01-26,158.62
2026-01-01,26,2026-01-27,159.24
2026-01-01,27,2026-01-28,157.67
2026-01-01,28,2026-01-29,158.67
2026-01-01,29,2026-01-30,161.35
2026-01-01,30,2026-01-31,159.5
2026-01-02,1,2026-01-03,163.31
2026-01-02,2,2026-01-04,154.25
2026-01-02,3,2026-01-05,150.44
2026-01-02,4,2026-01-06,145.66
2026-01-02,5,2026-01-07,139.52
2026-01-02,6,2026-01-08,132.38
2026-01-02,7,2026-01-09,136.6
2026-01-02,8,2026-01-10,130.68
2026-01-02,9,2026-01-11,133.79
2026-01-02,10,2026-01-12,134.59
2026-01-02,11,2026-01-13,138.06
2026-01-02,12,2026-01-14,136.2
2026-01-02,13,2026-01-15,135.5
2026-01-02,14,2026-01-16,138.88
2026-01-02,15,2026-01-17,140.95
2026-01-02,16,2026-01-18,142.48
2026-01-02,17,2026-01-19,143.1
2026-01-02,18,2026-01-20,145.88
2026-01-02,19,2026-01-21,146.09
2026-01-02,20,2026-01-22,150.82
2026-01-02,21,2026-01-23,152.64
2026-01-02,22,2026-01-24,156.36
2026-01-02,23,2026-01-25,157.81
2026-01-02,24,2026-01-26,160.23
2026-01-02,25,2026-01-27,157.71
2026-01-02,26,2026-01-28,158.73
2026-01-02,27,2026-01-29,157.51
2026-01-02,28,2026-01-30,158.91
2026-01-02,29,2026-01-31,158.31
2026-01-02,30,2026-02-01,154.6
2026-01-03,1,2026-01-04,158.06
2026-01-03,2,2026-01-05,151.66
2026-01-03,3,2026-01-06,151.92
2026-01-03,4,2026-01-07,143.28
2026-01-03,5,2026-01-08,137.17
2026-01-03,6,2026-01-09,134.78
2026-01-03,7,2026-01-10,130.22
2026-01-03,8,2026-01-11,132.26
2026-01-03,9,2026-01-12,133.77
2026-01-03,10,2026-01-13,139.82
2026-01-03,11,2026-01-14,137.64
2026-01-03,12,2026-01-15,136.0
2026-01-03,13,2026-01-16,138.7
2026-01-03,14,2026-01-17,144.09
2026-01-03,15,2026-01-18,144.7
2026-01-03,16,2026-01-19,143.87
2026-01-03,17,2026-01-20,146.07
2026-01-03,18,2026-01-21,147.71
2026-01-03,19,2026-01-22,150.98
2026-01-03,20,2026-01-23,154.77
2026-01-03,21,2026-01-24,157.61
2026-01-03,22,2026-01-25,159.98
2026-01-03,23,2026-01-26,161.22
2026-01-03,24,2026-01-27,159.64
2026-01-03,25,2026-01-28,158.48
2026-01-03,26,2026-01-29,156.95
2026-01-03,27,2026-01-30,158.21
2026-01-03,28,2026-01-31,157.14
2026-01-03,29,2026-02-01,154.92
2026-01-03,30,2026-02-02,151.14
2026-01-04,1,2026-01-05,157.3
2026-01-04,2,2026-01-06,152.27
2026-01-04,3,2026-01-07,151.27
2026-01-04,4,2026-01-08,143.81
2026-01-04,5,2026-01-09,146.86
2026-01-04,6,2026-01-10,130.26
2026-01-04,7,2026-01-11,133.82
2026-01-04,8,2026-01-12,138.71
2026-01-04,9,2026-01-13,142.3
2026-01-04,10,2026-01-14,139.47
2026-01-04,11,2026-01-15,138.14
2026-01-04,12,2026-01-16,139.73
2026-01-04,13,2026-01-17,143.39
2026-01-04,14,2026-01-18,146.01
2026-01-04,15,2026-01-19,144.5
2026-01-04,16,2026-01-20,145.02
2026-01-04,17,2026-01-21,147.48
2026-01-04,18,2026-01-22,152.47
2026-01-04,19,2026-01-23,154.04
2026-01-04,20,2026-01-24,157.52
2026-01-04,21,2026-01-25,158.3
2026-01-04,22,2026-01-26,161.46
2026-01-04,23,2026-01-27,160.08
2026-01-04,24,2026-01-28,159.65
2026-01-04,25,2026-01-29,159.28
2026-01-04,26,2026-01-30,158.51
2026-01-04,27,2026-01-31,158.92
2026-01-04,28,2026-02-01,156.9
2026-01-04,29,2026-02-02,152.83
2026-01-04,30,2026-02-03,150.41
2026-01-05,1,2026-01-06,150.31
2026-01-05,2,2026-01-07,144.81
2026-01-05,3,2026-01-08,141.91
2026-01-05,4,2026-01-09,143.07
2026-01-05,5,2026-01-10,132.8
2026-01-05,6,2026-01-11,130.52
2026-01-05,7,2026-01-12,137.69
2026-01-05,8,2026-01-13,143.37
2026-01-05,9,2026-01-14,141.22
2026-01-05,10,2026-01-15,137.95
2026-01-05,11,2026-01-16,143.25
2026-01-05,12,2026-01-17,142.96
2026-01-05,13,2026-01-18,143.01
2026-01-05,14,2026-01-19,145.1
2026-01-05,15,2026-01-20,145.33
2026-01-05,16,2026-01-21,145.62
2026-01-05,17,2026-01-22,152.0
2026-01-05,18,2026-01-23,154.42
2026-01-05,19,2026-01-24,155.98
2026-01-05,20,2026-01-25,159.51
2026-01-05,21,2026-01-26,162.25
2026-01-05,22,2026-01-27,161.2
2026-01-05,23,2026-01-28,160.84
2026-01-05,24,2026-01-29,160.09
2026-01-05,25,2026-01-30,157.87
2026-01-05,26,2026-01-31,157.53
2026-01-05,27,2026-02-01,153.17
2026-01-05,28,2026-02-02,150.93
2026-01-05,29,2026-02-03,148.01
2026-01-05,30,2026-02-04,147.01
2026-01-06,1,2026-01-07,149.49
2026-01-06,2,2026-01-08,143.99
2026-01-06,3,2026-01-09,147.42
2026-01-06,4,2026-01-10,136.04
2026-01-06,5,2026-01-11,135.44
2026-01-06,6,2026-01-12,134.58
2026-01-06,7,2026-01-13,144.01
2026-01-06,8,2026-01-14,140.97
2026-01-06,9,2026-01-15,140.96
2026-01-06,10,2026-01-16,145.52
2026-01-06,11,2026-01-17,145.63
2026-01-06,12,2026-01-18,145.58
2026-01-06,13,2026-01-19,144.74
2026-01-06,14,2026-01-20,146.5
2026-01-06,15,2026-01-21,146.62
2026-01-06,16,2026-01-22,150.48
2026-01-06,17,2026-01-23,155.19
2026-01-06,18,2026-01-24,157.03
2026-01-06,19,2026-01-25,158.23
2026-01-06,20,2026-01-26,162.26
2026-01-06,21,2026-01-27,161.84
2026-01-06,22,2026-01-28,159.22
2026-01-06,23,2026-01-29,159.63
2026-01-06,24,2026-01-30,158.57
2026-01-06,25,2026-01-31,154.6
2026-01-06,26,2026-02-01,150.87
2026-01-06,27,2026-02-02,149.27
2026-01-06,28,2026-02-03,146.6
2026-01-06,29,2026-02-04,146.22
2026-01-06,30,2026-02-05,146.13
2026-01-07,1,2026-01-08,143.14
2026-01-07,2,2026-01-09,144.14
2026-01-07,3,2026-01-10,140.76
2026-01-07,4,2026-01-11,136.55
2026-01-07,5,2026-01-12,143.89
2026-01-07,6,2026-01-13,145.44
2026-01-07,7,2026-01-14,141.57
2026-01-07,8,2026-01-15,142.99
2026-01-07,9,2026-01-16,145.14
2026-01-07,10,2026-01-17,145.18
2026-01-07,11,2026-01-18,146.48
2026-01-07,12,2026-01-19,145.91
2026-01-07,13,2026-01-20,145.53
2026-01-07,14,2026-01-21,147.76
2026-01-07,15,2026-01-22,151.45
2026-01-07,16,2026-01-23,154.27
2026-01-07,17,2026-01-24,157.61
2026-01-07,18,2026-01-25,158.96
2026-01-07,19,2026-01-26,163.59
2026-01-07,20,2026-01-27,161.98
2026-01-07,21,2026-01-28,159.0
2026-01-07,22,2026-01-29,157.64
2026-01-07,23,2026-01-30,158.12
2026-01-07,24,2026-01-31,154.01
2026-01-07,25,2026-02-01,149.31
2026-01-07,26,2026-02-02,147.74
2026-01-07,27,2026-02-03,145.99
2026-01-07,28,2026-02-04,143.75
2026-01-07,29,2026-02-05,145.06
2026-01-07,30,2026-02-06,144.2
2026-01-08,1,2026-01-09,136.79
2026-01-08,2,2026-01-10,127.09
2026-01-08,3,2026-01-11,124.19
2026-01-08,4,2026-01-12,125.78
2026-01-08,5,2026-01-13,140.03
2026-01-08,6,2026-01-14,129.01
2026-01-08,7,2026-01-15,131.5
2026-01-08,8,2026-01-16,141.87
2026-01-08,9,2026-01-17,141.94
2026-01-08,10,2026-01-18,145.22
2026-01-08,11,2026-01-19,144.26
2026-01-08,12,2026-01-20,145.88
2026-01-08,13,2026-01-21,147.41
2026-01-08,14,2026-01-22,151.91
2026-01-08,15,2026-01-23,153.81
2026-01-08,16,2026-01-24,158.46
2026-01-08,17,2026-01-25,158.93
2026-01-08,18,2026-01-26,162.46
2026-01-08,19,2026-01-27,160.67
2026-01-08,20,2026-01-28,157.5
2026-01-08,21,2026-01-29,156.68
2026-01-08,22,2026-01-30,155.1
2026-01-08,23,2026-01-31,153.56
2026-01-08,24,2026-02-01,149.17
2026-01-08,25,2026-02-02,145.89
2026-01-08,26,2026-02-03,144.61
2026-01-08,27,2026-02-04,143.16
2026-01-08,28,2026-02-05,141.8
2026-01-08,29,2026-02-06,140.29
2026-01-08,30,2026-02-07,141.45
2026-01-09,1,2026-01-10,132.23
2026-01-09,2,2026-01-11,128.47
2026-01-09,3,2026-01-12,128.9
2026-01-09,4,2026-01-13,131.12
2026-01-09,5,2026-01-14,126.12
2026-01-09,6,2026-01-15,130.33
2026-01-09,7,2026-01-16,139.57
2026-01-09,8,2026-01-17,140.82
2026-01-09,9,2026-01-18,142.8
2026-01-09,10,2026-01-19,147.06
2026-01-09,11,2026-01-20,146.18
2026-01-09,12,2026-01-21,147.3
2026-01-09,13,2026-01-22,152.67
2026-01-09,14,2026-01-23,155.39
2026-01-09,15,2026-01-24,157.48
2026-01-09,16,2026-01-25,158.67
2026-01-09,17,2026-01-26,162.52
2026-01-09,18,2026-01-27,160.73
2026-01-09,19,2026-01-28,157.56
2026-01-09,20,2026-01-29,156.11
2026-01-09,21,2026-01-30,155.15
2026-01-09,22,2026-01-31,153.36
2026-01-09,23,2026-02-01,150.68
2026-01-09,24,2026-02-02,148.39
2026-01-09,25,2026-02-03,144.5
2026-01-09,26,2026-02-04,142.56
2026-01-09,27,2026-02-05,143.95
2026-01-09,28,2026-02-06,142.47
2026-01-09,29,2026-02-07,141.36
2026-01-09,30,2026-02-08,142.36
2026-01-10,1,2026-01-11,116.67
2026-01-10,2,2026-01-12,115.5
2026-01-10,3,2026-01-13,119.78
2026-01-10,4,2026-01-14,116.83
2026-01-10,5,2026-01-15,121.13
2026-01-10,6,2026-01-16,127.93
2026-01-10,7,2026-01-17,133.3
2026-01-10,8,2026-01-18,137.15
2026-01-10,9,2026-01-19,141.87
2026-01-10,10,2026-01-20,145.5
2026-01-10,11,2026-01-21,147.25
2026-01-10,12,2026-01-22,151.28
2026-01-10,13,2026-01-23,155.07
2026-01-10,14,2026-01-24,157.73
2026-01-10,15,2026-01-25,158.39
2026-01-10,16,2026-01-26,159.73
2026-01-10,17,2026-01-27,158.05
2026-01-10,18,2026-01-28,155.56
2026-01-10,19,2026-01-29,152.02
2026-01-10,20,2026-01-30,150.17
2026-01-10,21,2026-01-31,149.01
2026-01-10,22,2026-02-01,145.65
2026-01-10,23,2026-02-02,143.99
2026-01-10,24,2026-02-03,141.57
2026-01-10,25,2026-02-04,138.28
2026-01-10,26,2026-02-05,137.97
2026-01-10,27,2026-02-06,136.14
2026-01-10,28,2026-02-07,135.13
2026-01-10,29,2026-02-08,136.81
2026-01-10,30,2026-02-09,135.21
2026-01-11,1,2026-01-12,113.38
2026-01-11,2,2026-01-13,115.79
2026-01-11,3,2026-01-14,115.57
2026-01-11,4,2026-01-15,118.4
2026-01-11,5,2026-01-16,129.45
2026-01-11,6,2026-01-17,133.33
2026-01-11,7,2026-01-18,134.15
2026-01-11,8,2026-01-19,137.41
2026-01-11,9,2026-01-20,142.6
2026-01-11,10,2026-01-21,146.36
2026-01-11,11,2026-01-22,149.43
2026-01-11,12,2026-01-23,153.13
2026-01-11,13,2026-01-24,156.78
2026-01-11,14,2026-01-25,156.49
2026-01-11,15,2026-01-26,160.71
2026-01-11,16,2026-01-27,158.67
2026-01-11,17,2026-01-28,154.08
2026-01-11,18,2026-01-29,152.97
2026-01-11,19,2026-01-30,152.02
2026-01-11,20,2026-01-31,148.6
2026-01-11,21,2026-02-01,144.74
2026-01-11,22,2026-02-02,143.93
2026-01-11,23,2026-02-03,140.76
2026-01-11,24,2026-02-04,138.83
2026-01-11,25,2026-02-05,136.7
2026-01-11,26,2026-02-06,133.8
2026-01-11,27,2026-02-07,132.7
2026-01-11,28,2026-02-08,132.9
2026-01-11,29,2026-02-09,131.7
2026-01-11,30,2026-02-10,133.3
2026-01-12,1,2026-01-13,116.66
2026-01-12,2,2026-01-14,111.1
2026-01-12,3,2026-01-15,117.79
2026-01-12,4,2026-01-16,126.09
2026-01-12,5,2026-01-17,130.55
2026-01-12,6,2026-01-18,133.11
2026-01-12,7,2026-01-19,131.92
2026-01-12,8,2026-01-20,141.54
2026-01-12,9,2026-01-21,145.65
2026-01-12,10,2026-01-22,149.1
2026-01-12,11,2026-01-23,152.83
2026-01-12,12,2026-01-24,154.64
2026-01-12,13,2026-01-25,158.12
2026-01-12,14,2026-01-26,158.16
2026-01-12,15,2026-01-27,156.24
2026-01-12,16,2026-01-28,155.25
2026-01-12,17,2026-01-29,152.58
2026-01-12,18,2026-01-30,150.36
2026-01-12,19,2026-01-31,149.87
2026-01-12,20,2026-02-01,145.46
2026-01-12,21,2026-02-02,142.05
2026-01-12,22,2026-02-03,140.73
2026-01-12,23,2026-02-04,136.82
2026-01-12,24,2026-02-05,135.64
2026-01-12,25,2026-02-06,131.35
2026-01-12,26,2026-02-07,130.0
2026-01-12,27,2026-02-08,133.72
2026-01-12,28,2026-02-09,130.42
2026-01-12,29,2026-02-10,130.09
2026-01-12,30,2026-02-11,131.35
2026-01-13,1,2026-01-14,112.58
2026-01-13,2,2026-01-15,114.91
2026-01-13,3,2026-01-16,118.87
2026-01-13,4,2026-01-17,126.0
2026-01-13,5,2026-01-18,130.37
2026-01-13,6,2026-01-19,130.66
2026-01-13,7,2026-01-20,136.03
2026-01-13,8,2026-01-21,144.22
2026-01-13,9,2026-01-22,148.16
2026-01-13,10,2026-01-23,152.44
2026-01-13,11,2026-01-24,155.82
2026-01-13,12,2026-01-25,156.71
2026-01-13,13,2026-01-26,159.3
2026-01-13,14,2026-01-27,155.98
2026-01-13,15,2026-01-28,153.13
2026-01-13,16,2026-01-29,152.59
2026-01-13,17,2026-01-30,148.22
2026-01-13,18,2026-01-31,147.87
2026-01-13,19,2026-02-01,145.42
2026-01-13,20,2026-02-02,142.1
2026-01-13,21,2026-02-03,139.14
2026-01-13,22,2026-02-04,136.48
2026-01-13,23,2026-02-05,134.54
2026-01-13,24,2026-02-06,131.83
2026-01-13,25,2026-02-07,129.74
2026-01-13,26,2026-02-08,131.17
2026-01-13,27,2026-02-09,130.47
2026-01-13,28,2026-02-10,130.57
2026-01-13,29,2026-02-11,129.47
2026-01-13,30,2026-02-12,131.5
2026-01-14,1,2026-01-15,121.43
2026-01-14,2,2026-01-16,125.23
2026-01-14,3,2026-01-17,131.77
2026-01-14,4,2026-01-18,140.87
2026-01-14,5,2026-01-19,141.63
2026-01-14,6,2026-01-20,148.87
2026-01-14,7,2026-01-21,150.26
2026-01-14,8,2026-01-22,151.02
2026-01-14,9,2026-01-23,154.22
2026-01-14,10,2026-01-24,156.91
2026-01-14,11,2026-01-25,159.1
2026-01-14,12,2026-01-26,157.17
2026-01-14,13,2026-01-27,155.39
2026-01-14,14,2026-01-28,151.66
2026-01-14,15,2026-01-29,150.92
2026-01-14,16,2026-01-30,147.82
2026-01-14,17,2026-01-31,146.11
2026-01-14,18,2026-02-01,144.02
2026-01-14,19,2026-02-02,142.57
2026-01-14,20,2026-02-03,139.99
2026-01-14,21,2026-02-04,138.08
2026-01-14,22,2026-02-05,135.94
2026-01-14,23,2026-02-06,130.52
2026-01-14,24,2026-02-07,130.26
2026-01-14,25,2026-02-08,129.97
2026-01-14,26,2026-02-09,130.93
2026-01-14,27,2026-02-10,131.14
2026-01-14,28,2026-02-11,132.31
2026-01-14,29,2026-02-12,132.02
2026-01-14,30,2026-02-13,134.85
2026-01-15,1,2026-01-16,138.78
2026-01-15,2,2026-01-17,144.63
2026-01-15,3,2026-01-18,153.99
2026-01-15,4,2026-01-19,157.71
2026-01-15,5,2026-01-20,163.42
2026-01-15,6,2026-01-21,162.92
2026-01-15,7,2026-01-22,157.94
2026-01-15,8,2026-01-23,158.49
2026-01-15,9,2026-01-24,159.02
2026-01-15,10,2026-01-25,159.2
2026-01-15,11,2026-01-26,158.81
2026-01-15,12,2026-01-27,155.27
2026-01-15,13,2026-01-28,153.11
2026-01-15,14,2026-01-29,151.77
2026-01-15,15,2026-01-30,148.89
2026-01-15,16,2026-01-31,148.43
2026-01-15,17,2026-02-01,146.85
2026-01-15,18,2026-02-02,143.66
2026-01-15,19,2026-02-03,141.12
2026-01-15,20,2026-02-04,139.54
2026-01-15,21,2026-02-05,137.09
2026-01-15,22,2026-02-06,133.69
2026-01-15,23,2026-02-07,132.1
2026-01-15,24,2026-02-08,133.38
2026-01-15,25,2026-02-09,131.67
2026-01-15,26,2026-02-10,134.29
2026-01-15,27,2026-02-11,134.77
2026-01-15,28,2026-02-12,135.41
2026-01-15,29,2026-02-13,135.9
2026-01-15,30,2026-02-14,136.54
2026-01-16,1,2026-01-17,155.41
2026-01-16,2,2026-01-18,162.36
2026-01-16,3,2026-01-19,179.46
2026-01-16,4,2026-01-20,171.57
2026-01-16,5,2026-01-21,181.7
2026-01-16,6,2026-01-22,179.08
2026-01-16,7,2026-01-23,171.38
2026-01-16,8,2026-01-24,167.02
2026-01-16,9,2026-01-25,163.35
2026-01-16,10,2026-01-26,163.63
2026-01-16,11,2026-01-27,161.38
2026-01-16,12,2026-01-28,154.85
2026-01-16,13,2026-01-29,155.56
2026-01-16,14,2026-01-30,149.65
2026-01-16,15,2026-01-31,150.31
2026-01-16,16,2026-02-01,147.41
2026-01-16,17,2026-02-02,146.47
2026-01-16,18,2026-02-03,142.76
2026-01-16,19,2026-02-04,140.11
2026-01-16,20,2026-02-05,138.31
2026-01-16,21,2026-02-06,135.07
2026-01-16,22,2026-02-07,135.49
2026-01-16,23,2026-02-08,135.17
2026-01-16,24,2026-02-09,135.51
2026-01-16,25,2026-02-10,135.66
2026-01-16,26,2026-02-11,139.01
2026-01-16,27,2026-02-12,140.96
2026-01-16,28,2026-02-13,140.77
2026-01-16,29,2026-02-14,141.19
2026-01-16,30,2026-02-15,142.24
2026-01-17,1,2026-01-18,153.92
2026-01-17,2,2026-01-19,169.67
2026-01-17,3,2026-01-20,169.25
2026-01-17,4,2026-01-21,176.96
2026-01-17,5,2026-01-22,180.35
2026-01-17,6,2026-01-23,179.61
2026-01-17,7,2026-01-24,168.99
2026-01-17,8,2026-01-25,169.33
2026-01-17,9,2026-01-26,163.73
2026-01-17,10,2026-01-27,158.94
2026-01-17,11,2026-01-28,156.9
2026-01-17,12,2026-01-29,151.72
2026-01-17,13,2026-01-30,148.66
2026-01-17,14,2026-01-31,148.7
2026-01-17,15,2026-02-01,148.66
2026-01-17,16,2026-02-02,145.55
2026-01-17,17,2026-02-03,145.47
2026-01-17,18,2026-02-04,141.14
2026-01-17,19,2026-02-05,139.74
2026-01-17,20,2026-02-06,136.03
2026-01-17,21,2026-02-07,134.77
2026-01-17,22,2026-02-08,137.8
2026-01-17,23,2026-02-09,136.36
2026-01-17,24,2026-02-10,138.51
2026-01-17,25,2026-02-11,140.17
2026-01-17,26,2026-02-12,141.23
2026-01-17,27,2026-02-13,143.52
2026-01-17,28,2026-02-14,142.74
2026-01-17,29,2026-02-15,144.0
2026-01-17,30,2026-02-16,145.09
2026-01-18,1,2026-01-19,164.75
2026-01-18,2,2026-01-20,166.81
2026-01-18,3,2026-01-21,173.37
2026-01-18,4,2026-01-22,172.54
2026-01-18,5,2026-01-23,172.29
2026-01-18,6,2026-01-24,169.66
2026-01-18,7,2026-01-25,167.85
2026-01-18,8,2026-01-26,163.18
2026-01-18,9,2026-01-27,159.06
2026-01-18,10,2026-01-28,154.06
2026-01-18,11,2026-01-29,152.66
2026-01-18,12,2026-01-30,148.52
2026-01-18,13,2026-01-31,148.56
2026-01-18,14,2026-02-01,147.46
2026-01-18,15,2026-02-02,146.34
2026-01-18,16,2026-02-03,142.97
2026-01-18,17,2026-02-04,142.39
2026-01-18,18,2026-02-05,140.88
2026-01-18,19,2026-02-06,136.76
2026-01-18,20,2026-02-07,135.86
2026-01-18,21,2026-02-08,137.55
2026-01-18,22,2026-02-09,137.84
2026-01-18,23,2026-02-10,139.41
2026-01-18,24,2026-02-11,141.62
2026-01-18,25,2026-02-12,142.79
2026-01-18,26,2026-02-13,145.34
2026-01-18,27,2026-02-14,145.48
2026-01-18,28,2026-02-15,145.6
2026-01-18,29,2026-02-16,146.17
2026-01-18,30,2026-02-17,148.34
2026-01-19,1,2026-01-20,204.6
2026-01-19,2,2026-01-21,208.58
2026-01-19,3,2026-01-22,212.38
2026-01-19,4,2026-01-23,208.1
2026-01-19,5,2026-01-24,206.88
2026-01-19,6,2026-01-25,203.19
2026-01-19,7,2026-01-26,194.22
2026-01-19,8,2026-01-27,190.18
2026-01-19,9,2026-01-28,179.88
2026-01-19,10,2026-01-29,173.01
2026-01-19,11,2026-01-30,163.08
2026-01-19,12,2026-01-31,154.59
2026-01-19,13,2026-02-01,149.21
2026-01-19,14,2026-02-02,148.12
2026-01-19,15,2026-02-03,146.19
2026-01-19,16,2026-02-04,144.0
2026-01-19,17,2026-02-05,145.22
2026-01-19,18,2026-02-06,140.68
2026-01-19,19,2026-02-07,138.25
2026-01-19,20,2026-02-08,141.98
2026-01-19,21,2026-02-09,143.07
2026-01-19,22,2026-02-10,146.74
2026-01-19,23,2026-02-11,149.26
2026-01-19,24,2026-02-12,153.11
2026-01-19,25,2026-02-13,156.4
2026-01-19,26,2026-02-14,158.32
2026-01-19,27,2026-02-15,167.29
2026-01-19,28,2026-02-16,167.35
2026-01-19,29,2026-02-17,169.69
2026-01-19,30,2026-02-18,167.24
2026-01-20,1,2026-01-21,178.98
2026-01-20,2,2026-01-22,179.68
2026-01-20,3,2026-01-23,178.77
2026-01-20,4,2026-01-24,176.79
2026-01-20,5,2026-01-25,174.22
2026-01-20,6,2026-01-26,169.23
2026-01-20,7,2026-01-27,167.09
2026-01-20,8,2026-01-28,161.52
2026-01-20,9,2026-01-29,160.0
2026-01-20,10,2026-01-30,154.91
2026-01-20,11,2026-01-31,151.72
2026-01-20,12,2026-02-01,149.38
2026-01-20,13,2026-02-02,145.87
2026-01-20,14,2026-02-03,145.57
2026-01-20,15,2026-02-04,143.18
2026-01-20,16,2026-02-05,141.51
2026-01-20,17,2026-02-06,138.64
2026-01-20,18,2026-02-07,136.85
2026-01-20,19,2026-02-08,136.28
2026-01-20,20,2026-02-09,138.24
2026-01-20,21,2026-02-10,140.7
2026-01-20,22,2026-02-11,143.78
2026-01-20,23,2026-02-12,145.47
2026-01-20,24,2026-02-13,149.6
2026-01-20,25,2026-02-14,152.87
2026-01-20,26,2026-02-15,161.39
2026-01-20,27,2026-02-16,154.87
2026-01-20,28,2026-02-17,156.04
2026-01-20,29,2026-02-18,163.18
2026-01-20,30,2026-02-19,160.76
2026-01-21,1,2026-01-22,177.89
2026-01-21,2,2026-01-23,175.66
2026-01-21,3,2026-01-24,173.43
2026-01-21,4,2026-01-25,173.47
2026-01-21,5,2026-01-26,165.67
2026-01-21,6,2026-01-27,163.64
2026-01-21,7,2026-01-28,156.36
2026-01-21,8,2026-01-29,156.13
2026-01-21,9,2026-01-30,153.61
2026-01-21,10,2026-01-31,151.37
2026-01-21,11,2026-02-01,147.62
2026-01-21,12,2026-02-02,147.7
2026-01-21,13,2026-02-03,145.04
2026-01-21,14,2026-02-04,144.16
2026-01-21,15,2026-02-05,142.52
2026-01-21,16,2026-02-06,137.7
2026-01-21,17,2026-02-07,136.24
2026-01-21,18,2026-02-08,138.17
2026-01-21,19,2026-02-09,137.01
2026-01-21,20,2026-02-10,140.61
2026-01-21,21,2026-02-11,143.45
2026-01-21,22,2026-02-12,146.69
2026-01-21,23,2026-02-13,149.94
2026-01-21,24,2026-02-14,153.93
2026-01-21,25,2026-02-15,158.65
2026-01-21,26,2026-02-16,154.8
2026-01-21,27,2026-02-17,157.54
2026-01-21,28,2026-02-18,158.56
2026-01-21,29,2026-02-19,162.92
2026-01-21,30,2026-02-20,161.74
2026-01-22,1,2026-01-23,185.68
2026-01-22,2,2026-01-24,189.18
2026-01-22,3,2026-01-25,186.95
2026-01-22,4,2026-01-26,178.18
2026-01-22,5,2026-01-27,170.06
2026-01-22,6,2026-01-28,164.74
2026-01-22,7,2026-01-29,161.48
2026-01-22,8,2026-01-30,156.71
2026-01-22,9,2026-01-31,157.56
2026-01-22,10,2026-02-01,149.88
2026-01-22,11,2026-02-02,150.02
2026-01-22,12,2026-02-03,146.17
2026-01-22,13,2026-02-04,145.0
2026-01-22,14,2026-02-05,143.37
2026-01-22,15,2026-02-06,139.1
2026-01-22,16,2026-02-07,137.07
2026-01-22,17,2026-02-08,140.57
2026-01-22,18,2026-02-09,139.38
2026-01-22,19,2026-02-10,140.97
2026-01-22,20,2026-02-11,144.9
2026-01-22,21,2026-02-12,147.87
2026-01-22,22,2026-02-13,150.86
2026-01-22,23,2026-02-14,154.25
2026-01-22,24,2026-02-15,162.71
2026-01-22,25,2026-02-16,155.76
2026-01-22,26,2026-02-17,160.4
2026-01-22,27,2026-02-18,165.46
2026-01-22,28,2026-02-19,164.01
2026-01-22,29,2026-02-20,166.11
2026-01-22,30,2026-02-21,163.5
2026-01-23,1,2026-01-24,195.22
2026-01-23,2,2026-01-25,193.0
2026-01-23,3,2026-01-26,184.11
2026-01-23,4,2026-01-27,175.33
2026-01-23,5,2026-01-28,165.32
2026-01-23,6,2026-01-29,158.6
2026-01-23,7,2026-01-30,157.89
2026-01-23,8,2026-01-31,153.71
2026-01-23,9,2026-02-01,151.55
2026-01-23,10,2026-02-02,148.04
2026-01-23,11,2026-02-03,146.17
2026-01-23,12,2026-02-04,145.9
2026-01-23,13,2026-02-05,144.12
2026-01-23,14,2026-02-06,140.5
2026-01-23,15,2026-02-07,137.77
2026-01-23,16,2026-02-08,138.63
2026-01-23,17,2026-02-09,140.43
2026-01-23,18,2026-02-10,141.72
2026-01-23,19,2026-02-11,144.29
2026-01-23,20,2026-02-12,147.99
2026-01-23,21,2026-02-13,151.04
2026-01-23,22,2026-02-14,154.99
2026-01-23,23,2026-02-15,163.01
2026-01-23,24,2026-02-16,157.4
2026-01-23,25,2026-02-17,161.4
2026-01-23,26,2026-02-18,165.72
2026-01-23,27,2026-02-19,167.92
2026-01-23,28,2026-02-20,164.65
2026-01-23,29,2026-02-21,166.17
2026-01-23,30,2026-02-22,162.5
2026-01-24,1,2026-01-25,179.5
2026-01-24,2,2026-01-26,168.49
2026-01-24,3,2026-01-27,166.26
2026-01-24,4,2026-01-28,156.35
2026-01-24,5,2026-01-29,150.21
2026-01-24,6,2026-01-30,142.6
2026-01-24,7,2026-01-31,145.85
2026-01-24,8,2026-02-01,143.72
2026-01-24,9,2026-02-02,148.05
2026-01-24,10,2026-02-03,144.83
2026-01-24,11,2026-02-04,142.92
2026-01-24,12,2026-02-05,141.5
2026-01-24,13,2026-02-06,138.94
2026-01-24,14,2026-02-07,136.8
2026-01-24,15,2026-02-08,137.62
2026-01-24,16,2026-02-09,137.6
2026-01-24,17,2026-02-10,140.73
2026-01-24,18,2026-02-11,144.12
2026-01-24,19,2026-02-12,146.14
2026-01-24,20,2026-02-13,150.8
2026-01-24,21,2026-02-14,153.75
2026-01-24,22,2026-02-15,161.87
2026-01-24,23,2026-02-16,155.82
2026-01-24,24,2026-02-17,159.16
2026-01-24,25,2026-02-18,161.74
2026-01-24,26,2026-02-19,163.54
2026-01-24,27,2026-02-20,164.3
2026-01-24,28,2026-02-21,161.81
2026-01-24,29,2026-02-22,164.73
2026-01-24,30,2026-02-23,160.87
2026-01-25,1,2026-01-26,166.17
2026-01-25,2,2026-01-27,162.85
2026-01-25,3,2026-01-28,155.7
2026-01-25,4,2026-01-29,153.26
2026-01-25,5,2026-01-30,143.04
2026-01-25,6,2026-01-31,142.13
2026-01-25,7,2026-02-01,138.25
2026-01-25,8,2026-02-02,144.7
2026-01-25,9,2026-02-03,142.67
2026-01-25,10,2026-02-04,140.84
2026-01-25,11,2026-02-05,141.24
2026-01-25,12,2026-02-06,138.75
2026-01-25,13,2026-02-07,137.24
2026-01-25,14,2026-02-08,140.0
2026-01-25,15,2026-02-09,138.31
2026-01-25,16,2026-02-10,140.8
2026-01-25,17,2026-02-11,144.19
2026-01-25,18,2026-02-12,146.59
2026-01-25,19,2026-02-13,150.03
2026-01-25,20,2026-02-14,154.18
2026-01-25,21,2026-02-15,161.86
2026-01-25,22,2026-02-16,156.89
2026-01-25,23,2026-02-17,159.11
2026-01-25,24,2026-02-18,165.28
2026-01-25,25,2026-02-19,163.74
2026-01-25,26,2026-02-20,162.59
2026-01-25,27,2026-02-21,163.44
2026-01-25,28,2026-02-22,160.61
2026-01-25,29,2026-02-23,161.22
2026-01-25,30,2026-02-24,158.35
2026-01-26,1,2026-01-27,159.83
2026-01-26,2,2026-01-28,153.14
2026-01-26,3,2026-01-29,149.0
2026-01-26,4,2026-01-30,143.05
2026-01-26,5,2026-01-31,140.95
2026-01-26,6,2026-02-01,139.17
2026-01-26,7,2026-02-02,138.12
2026-01-26,8,2026-02-03,138.04
2026-01-26,9,2026-02-04,140.22
2026-01-26,10,2026-02-05,140.58
2026-01-26,11,2026-02-06,138.63
2026-01-26,12,2026-02-07,137.22
2026-01-26,13,2026-02-08,140.58
2026-01-26,14,2026-02-09,140.44
2026-01-26,15,2026-02-10,142.0
2026-01-26,16,2026-02-11,143.82
2026-01-26,17,2026-02-12,147.14
2026-01-26,18,2026-02-13,149.39
2026-01-26,19,2026-02-14,153.21
2026-01-26,20,2026-02-15,162.73
2026-01-26,21,2026-02-16,155.43
2026-01-26,22,2026-02-17,160.49
2026-01-26,23,2026-02-18,163.17
2026-01-26,24,2026-02-19,164.92
2026-01-26,25,2026-02-20,162.13
2026-01-26,26,2026-02-21,160.95
2026-01-26,27,2026-02-22,160.8
2026-01-26,28,2026-02-23,157.73
2026-01-26,29,2026-02-24,154.8
2026-01-26,30,2026-02-25,153.05
2026-01-27,1,2026-01-28,145.01
2026-01-27,2,2026-01-29,143.71
2026-01-27,3,2026-01-30,137.97
2026-01-27,4,2026-01-31,134.76
2026-01-27,5,2026-02-01,133.28
2026-01-27,6,2026-02-02,138.98
2026-01-27,7,2026-02-03,136.27
2026-01-27,8,2026-02-04,135.52
2026-01-27,9,2026-02-05,139.34
2026-01-27,10,2026-02-06,137.63
2026-01-27,11,2026-02-07,135.72
2026-01-27,12,2026-02-08,139.29
2026-01-27,13,2026-02-09,139.21
2026-01-27,14,2026-02-10,143.31
2026-01-27,15,2026-02-11,145.28
2026-01-27,16,2026-02-12,146.63
2026-01-27,17,2026-02-13,150.68
2026-01-27,18,2026-02-14,154.77
2026-01-27,19,2026-02-15,160.55
2026-01-27,20,2026-02-16,155.4
2026-01-27,21,2026-02-17,158.48
2026-01-27,22,2026-02-18,161.44
2026-01-27,23,2026-02-19,161.53
2026-01-27,24,2026-02-20,159.78
2026-01-27,25,2026-02-21,154.61
2026-01-27,26,2026-02-22,153.38
2026-01-27,27,2026-02-23,150.98
2026-01-27,28,2026-02-24,149.76
2026-01-27,29,2026-02-25,148.6
2026-01-27,30,2026-02-26,148.74
2026-01-28,1,2026-01-29,144.16
2026-01-28,2,2026-01-30,140.02
2026-01-28,3,2026-01-31,139.35
2026-01-28,4,2026-02-01,136.68
2026-01-28,5,2026-02-02,144.82
2026-01-28,6,2026-02-03,138.28
2026-01-28,7,2026-02-04,135.34
2026-01-28,8,2026-02-05,134.16
2026-01-28,9,2026-02-06,136.84
2026-01-28,10,2026-02-07,135.95
2026-01-28,11,2026-02-08,138.7
2026-01-28,12,2026-02-09,138.4
2026-01-28,13,2026-02-10,141.12
2026-01-28,14,2026-02-11,146.3
2026-01-28,15,2026-02-12,147.57
2026-01-28,16,2026-02-13,151.64
2026-01-28,17,2026-02-14,154.5
2026-01-28,18,2026-02-15,164.13
2026-01-28,19,2026-02-16,157.9
2026-01-28,20,2026-02-17,160.57
2026-01-28,21,2026-02-18,163.17
2026-01-28,22,2026-02-19,163.49
2026-01-28,23,2026-02-20,158.87
2026-01-28,24,2026-02-21,155.55
2026-01-28,25,2026-02-22,151.03
2026-01-28,26,2026-02-23,148.97
2026-01-28,27,2026-02-24,148.14
2026-01-28,28,2026-02-25,147.64
2026-01-28,29,2026-02-26,147.23
2026-01-28,30,2026-02-27,147.07
2026-01-29,1,2026-01-30,132.11
2026-01-29,2,2026-01-31,131.18
2026-01-29,3,2026-02-01,130.7
2026-01-29,4,2026-02-02,134.57
2026-01-29,5,2026-02-03,133.4
2026-01-29,6,2026-02-04,128.24
2026-01-29,7,2026-02-05,131.29
2026-01-29,8,2026-02-06,133.13
2026-01-29,9,2026-02-07,135.6
2026-01-29,10,2026-02-08,138.23
2026-01-29,11,2026-02-09,139.87
2026-01-29,12,2026-02-10,142.09
2026-01-29,13,2026-02-11,143.93
2026-01-29,14,2026-02-12,147.79
2026-01-29,15,2026-02-13,150.41
2026-01-29,16,2026-02-14,154.47
2026-01-29,17,2026-02-15,162.93
2026-01-29,18,2026-02-16,158.11
2026-01-29,19,2026-02-17,162.33
2026-01-29,20,2026-02-18,161.57
2026-01-29,21,2026-02-19,163.56
2026-01-29,22,2026-02-20,157.78
2026-01-29,23,2026-02-21,155.92
2026-01-29,24,2026-02-22,150.56
2026-01-29,25,2026-02-23,147.44
2026-01-29,26,2026-02-24,145.47
2026-01-29,27,2026-02-25,146.43
2026-01-29,28,2026-02-26,144.68
2026-01-29,29,2026-02-27,145.03
2026-01-29,30,2026-02-28,145.04
2026-01-30,1,2026-01-31,127.19
2026-01-30,2,2026-02-01,124.85
2026-01-30,3,2026-02-02,128.58
2026-01-30,4,2026-02-03,123.56
2026-01-30,5,2026-02-04,123.7
2026-01-30,6,2026-02-05,126.62
2026-01-30,7,2026-02-06,129.72
2026-01-30,8,2026-02-07,132.23
2026-01-30,9,2026-02-08,138.26
2026-01-30,10,2026-02-09,140.76
2026-01-30,11,2026-02-10,141.96
2026-01-30,12,2026-02-11,144.23
2026-01-30,13,2026-02-12,145.91
2026-01-30,14,2026-02-13,151.33
2026-01-30,15,2026-02-14,151.77
2026-01-30,16,2026-02-15,161.51
2026-01-30,17,2026-02-16,155.71
2026-01-30,18,2026-02-17,162.28
2026-01-30,19,2026-02-18,161.86
2026-01-30,20,2026-02-19,161.12
2026-01-30,21,2026-02-20,158.61
2026-01-30,22,2026-02-21,154.35
2026-01-30,23,2026-02-22,150.23
2026-01-30,24,2026-02-23,145.76
2026-01-30,25,2026-02-24,144.24
2026-01-30,26,2026-02-25,142.75
2026-01-30,27,2026-02-26,144.36
2026-01-30,28,2026-02-27,143.63
2026-01-30,29,2026-02-28,142.82
2026-01-30,30,2026-03-01,142.65
2026-01-31,1,2026-02-01,128.13
2026-01-31,2,2026-02-02,129.76
2026-01-31,3,2026-02-03,130.93
2026-01-31,4,2026-02-04,129.89
2026-01-31,5,2026-02-05,132.98
2026-01-31,6,2026-02-06,132.96
2026-01-31,7,2026-02-07,137.07
2026-01-31,8,2026-02-08,140.93
2026-01-31,9,2026-02-09,140.64
2026-01-31,10,2026-02-10,145.94
2026-01-31,11,2026-02-11,146.02
2026-01-31,12,2026-02-12,147.5
2026-01-31,13,2026-02-13,151.58
2026-01-31,14,2026-02-14,152.3
2026-01-31,15,2026-02-15,160.23
2026-01-31,16,2026-02-16,155.38
2026-01-31,17,2026-02-17,157.31
2026-01-31,18,2026-02-18,162.88
2026-01-31,19,2026-02-19,161.85
2026-01-31,20,2026-02-20,156.76
2026-01-31,21,2026-02-21,153.92
2026-01-31,22,2026-02-22,149.11
2026-01-31,23,2026-02-23,146.13
2026-01-31,24,2026-02-24,142.97
2026-01-31,25,2026-02-25,140.28
2026-01-31,26,2026-02-26,141.18
2026-01-31,27,2026-02-27,143.75
2026-01-31,28,2026-02-28,144.08
2026-01-31,29,2026-03-01,142.44
2026-01-31,30,2026-03-02,140.89
2026-02-01,1,2026-02-02,147.09
2026-02-01,2,2026-02-03,142.88
2026-02-01,3,2026-02-04,151.01
2026-02-01,4,2026-02-05,145.72
2026-02-01,5,2026-02-06,151.62
2026-02-01,6,2026-02-07,150.51
2026-02-01,7,2026-02-08,150.1
2026-02-01,8,2026-02-09,145.29
2026-02-01,9,2026-02-10,147.63
2026-02-01,10,2026-02-11,148.04
2026-02-01,11,2026-02-12,150.45
2026-02-01,12,2026-02-13,151.17
2026-02-01,13,2026-02-14,153.63
2026-02-01,14,2026-02-15,160.29
2026-02-01,15,2026-02-16,154.15
2026-02-01,16,2026-02-17,160.52
2026-02-01,17,2026-02-18,161.9
2026-02-01,18,2026-02-19,164.29
2026-02-01,19,2026-02-20,159.1
2026-02-01,20,2026-02-21,155.28
2026-02-01,21,2026-02-22,150.85
2026-02-01,22,2026-02-23,149.16
2026-02-01,23,2026-02-24,145.9
2026-02-01,24,2026-02-25,144.66
2026-02-01,25,2026-02-26,144.09
2026-02-01,26,2026-02-27,146.03
2026-02-01,27,2026-02-28,147.92
2026-02-01,28,2026-03-01,146.47
2026-02-01,29,2026-03-02,143.28
2026-02-01,30,2026-03-03,142.57
2026-02-02,1,2026-02-03,160.75
2026-02-02,2,2026-02-04,169.9
2026-02-02,3,2026-02-05,166.19
2026-02-02,4,2026-02-06,164.03
2026-02-02,5,2026-02-07,159.07
2026-02-02,6,2026-02-08,157.97
2026-02-02,7,2026-02-09,152.78
2026-02-02,8,2026-02-10,153.18
2026-02-02,9,2026-02-11,152.18
2026-02-02,10,2026-02-12,149.84
2026-02-02,11,2026-02-13,151.72
2026-02-02,12,2026-02-14,153.28
2026-02-02,13,2026-02-15,159.02
2026-02-02,14,2026-02-16,152.79
2026-02-02,15,2026-02-17,157.44
2026-02-02,16,2026-02-18,162.8
2026-02-02,17,2026-02-19,163.0
2026-02-02,18,2026-02-20,161.89
2026-02-02,19,2026-02-21,155.07
2026-02-02,20,2026-02-22,153.71
2026-02-02,21,2026-02-23,151.76
2026-02-02,22,2026-02-24,150.92
2026-02-02,23,2026-02-25,147.62
2026-02-02,24,2026-02-26,147.18
2026-02-02,25,2026-02-27,151.51
2026-02-02,26,2026-02-28,154.09
2026-02-02,27,2026-03-01,155.6
2026-02-02,28,2026-03-02,150.49
2026-02-02,29,2026-03-03,146.85
2026-02-02,30,2026-03-04,146.91
2026-02-03,1,2026-02-04,174.23
2026-02-03,2,2026-02-05,178.26
2026-02-03,3,2026-02-06,176.08
2026-02-03,4,2026-02-07,172.18
2026-02-03,5,2026-02-08,172.59
2026-02-03,6,2026-02-09,164.55
2026-02-03,7,2026-02-10,158.13
2026-02-03,8,2026-02-11,155.52
2026-02-03,9,2026-02-12,155.95
2026-02-03,10,2026-02-13,153.71
2026-02-03,11,2026-02-14,156.12
2026-02-03,12,2026-02-15,161.99
2026-02-03,13,2026-02-16,156.21
2026-02-03,14,2026-02-17,156.66
2026-02-03,15,2026-02-18,161.4
2026-02-03,16,2026-02-19,164.2
2026-02-03,17,2026-02-20,159.29
2026-02-03,18,2026-02-21,156.62
2026-02-03,19,2026-02-22,151.25
2026-02-03,20,2026-02-23,152.48
2026-02-03,21,2026-02-24,151.25
2026-02-03,22,2026-02-25,149.51
2026-02-03,23,2026-02-26,149.8
2026-02-03,24,2026-02-27,152.84
2026-02-03,25,2026-02-28,156.55
2026-02-03,26,2026-03-01,157.62
2026-02-03,27,2026-03-02,157.27
2026-02-03,28,2026-03-03,152.53
2026-02-03,29,2026-03-04,150.5
2026-02-03,30,2026-03-05,149.98
2026-02-04,1,2026-02-05,173.17
2026-02-04,2,2026-02-06,175.03
2026-02-04,3,2026-02-07,167.0
2026-02-04,4,2026-02-08,167.98
2026-02-04,5,2026-02-09,162.38
2026-02-04,6,2026-02-10,157.23
2026-02-04,7,2026-02-11,154.46
2026-02-04,8,2026-02-12,150.38
2026-02-04,9,2026-02-13,155.64
2026-02-04,10,2026-02-14,155.39
2026-02-04,11,2026-02-15,162.66
2026-02-04,12,2026-02-16,155.11
2026-02-04,13,2026-02-17,159.51
2026-02-04,14,2026-02-18,163.19
2026-02-04,15,2026-02-19,162.1
2026-02-04,16,2026-02-20,160.3
2026-02-04,17,2026-02-21,155.71
2026-02-04,18,2026-02-22,152.94
2026-02-04,19,2026-02-23,152.38
2026-02-04,20,2026-02-24,152.35
2026-02-04,21,2026-02-25,150.44
2026-02-04,22,2026-02-26,150.12
2026-02-04,23,2026-02-27,153.04
2026-02-04,24,2026-02-28,157.35
2026-02-04,25,2026-03-01,159.38
2026-02-04,26,2026-03-02,159.21
2026-02-04,27,2026-03-03,154.53
2026-02-04,28,2026-03-04,152.67
2026-02-04,29,2026-03-05,150.41
2026-02-04,30,2026-03-06,148.79
2026-02-05,1,2026-02-06,164.44
2026-02-05,2,2026-02-07,162.6
2026-02-05,3,2026-02-08,163.79
2026-02-05,4,2026-02-09,158.14
2026-02-05,5,2026-02-10,154.72
2026-02-05,6,2026-02-11,155.28
2026-02-05,7,2026-02-12,154.16
2026-02-05,8,2026-02-13,152.85
2026-02-05,9,2026-02-14,154.15
2026-02-05,10,2026-02-15,157.58
2026-02-05,11,2026-02-16,154.38
2026-02-05,12,2026-02-17,157.44
2026-02-05,13,2026-02-18,160.44
2026-02-05,14,2026-02-19,160.83
2026-02-05,15,2026-02-20,159.1
2026-02-05,16,2026-02-21,155.06
2026-02-05,17,2026-02-22,152.22
2026-02-05,18,2026-02-23,152.13
2026-02-05,19,2026-02-24,149.74
2026-02-05,20,2026-02-25,147.85
2026-02-05,21,2026-02-26,147.76
2026-02-05,22,2026-02-27,151.83
2026-02-05,23,2026-02-28,156.63
2026-02-05,24,2026-03-01,158.89
2026-02-05,25,2026-03-02,157.05
2026-02-05,26,2026-03-03,154.63
2026-02-05,27,2026-03-04,150.03
2026-02-05,28,2026-03-05,148.66
2026-02-05,29,2026-03-06,146.23
2026-02-05,30,2026-03-07,145.87
2026-02-06,1,2026-02-07,171.08
2026-02-06,2,2026-02-08,166.72
2026-02-06,3,2026-02-09,160.34
2026-02-06,4,2026-02-10,152.5
2026-02-06,5,2026-02-11,142.9
2026-02-06,6,2026-02-12,151.03
2026-02-06,7,2026-02-13,153.46
2026-02-06,8,2026-02-14,153.49
2026-02-06,9,2026-02-15,159.49
2026-02-06,10,2026-02-16,155.16
2026-02-06,11,2026-02-17,159.57
2026-02-06,12,2026-02-18,161.68
2026-02-06,13,2026-02-19,162.59
2026-02-06,14,2026-02-20,159.22
2026-02-06,15,2026-02-21,154.61
2026-02-06,16,2026-02-22,152.81
2026-02-06,17,2026-02-23,151.46
2026-02-06,18,2026-02-24,151.76
2026-02-06,19,2026-02-25,148.26
2026-02-06,20,2026-02-26,150.32
2026-02-06,21,2026-02-27,152.39
2026-02-06,22,2026-02-28,157.15
2026-02-06,23,2026-03-01,158.93
2026-02-06,24,2026-03-02,158.53
2026-02-06,25,2026-03-03,154.93
2026-02-06,26,2026-03-04,153.32
2026-02-06,27,2026-03-05,151.2
2026-02-06,28,2026-03-06,148.7
2026-02-06,29,2026-03-07,148.38
2026-02-06,30,2026-03-08,147.54
2026-02-07,1,2026-02-08,167.17
2026-02-07,2,2026-02-09,157.07
2026-02-07,3,2026-02-10,150.51
2026-02-07,4,2026-02-11,148.64
2026-02-07,5,2026-02-12,147.2
2026-02-07,6,2026-02-13,153.49
2026-02-07,7,2026-02-14,153.02
2026-02-07,8,2026-02-15,154.22
2026-02-07,9,2026-02-16,152.65
2026-02-07,10,2026-02-17,157.13
2026-02-07,11,2026-02-18,162.02
2026-02-07,12,2026-02-19,162.39
2026-02-07,13,2026-02-20,160.49
2026-02-07,14,2026-02-21,154.7
2026-02-07,15,2026-02-22,151.6
2026-02-07,16,2026-02-23,151.74
2026-02-07,17,2026-02-24,151.03
2026-02-07,18,2026-02-25,149.45
2026-02-07,19,2026-02-26,148.07
2026-02-07,20,2026-02-27,152.08
2026-02-07,21,2026-02-28,155.67
2026-02-07,22,2026-03-01,160.04
2026-02-07,23,2026-03-02,157.57
2026-02-07,24,2026-03-03,155.82
2026-02-07,25,2026-03-04,150.58
2026-02-07,26,2026-03-05,151.35
2026-02-07,27,2026-03-06,147.53
2026-02-07,28,2026-03-07,146.89
2026-02-07,29,2026-03-08,144.27
2026-02-07,30,2026-03-09,145.37
2026-02-08,1,2026-02-09,164.42
2026-02-08,2,2026-02-10,156.76
2026-02-08,3,2026-02-11,152.92
2026-02-08,4,2026-02-12,148.95
2026-02-08,5,2026-02-13,151.9
2026-02-08,6,2026-02-14,151.85
2026-02-08,7,2026-02-15,152.56
2026-02-08,8,2026-02-16,153.12
2026-02-08,9,2026-02-17,157.62
2026-02-08,10,2026-02-18,159.59
2026-02-08,11,2026-02-19,162.48
2026-02-08,12,2026-02-20,160.0
2026-02-08,13,2026-02-21,154.08
2026-02-08,14,2026-02-22,151.38
2026-02-08,15,2026-02-23,151.68
2026-02-08,16,2026-02-24,150.54
2026-02-08,17,2026-02-25,149.08
2026-02-08,18,2026-02-26,150.53
2026-02-08,19,2026-02-27,152.06
2026-02-08,20,2026-02-28,156.98
2026-02-08,21,2026-03-01,159.68
2026-02-08,22,2026-03-02,160.05
2026-02-08,23,2026-03-03,156.08
2026-02-08,24,2026-03-04,153.42
2026-02-08,25,2026-03-05,151.5
2026-02-08,26,2026-03-06,149.55
2026-02-08,27,2026-03-07,149.52
2026-02-08,28,2026-03-08,148.87
2026-02-08,29,2026-03-09,149.83
2026-02-08,30,2026-03-10,150.24
2026-02-09,1,2026-02-10,162.11
2026-02-09,2,2026-02-11,154.19
2026-02-09,3,2026-02-12,149.78
2026-02-09,4,2026-02-13,147.86
2026-02-09,5,2026-02-14,146.24
2026-02-09,6,2026-02-15,148.51
2026-02-09,7,2026-02-16,149.91
2026-02-09,8,2026-02-17,154.44
2026-02-09,9,2026-02-18,160.13
2026-02-09,10,2026-02-19,160.07
2026-02-09,11,2026-02-20,157.53
2026-02-09,12,2026-02-21,153.69
2026-02-09,13,2026-02-22,153.08
2026-02-09,14,2026-02-23,152.51
2026-02-09,15,2026-02-24,151.15
2026-02-09,16,2026-02-25,149.11
2026-02-09,17,2026-02-26,150.52
2026-02-09,18,2026-02-27,152.93
2026-02-09,19,2026-02-28,154.38
2026-02-09,20,2026-03-01,157.28
2026-02-09,21,2026-03-02,156.01
2026-02-09,22,2026-03-03,154.31
2026-02-09,23,2026-03-04,152.34
2026-02-09,24,2026-03-05,152.9
2026-02-09,25,2026-03-06,149.5
2026-02-09,26,2026-03-07,150.08
2026-02-09,27,2026-03-08,147.42
2026-02-09,28,2026-03-09,148.39
2026-02-09,29,2026-03-10,146.52
2026-02-09,30,2026-03-11,148.37
2026-02-10,1,2026-02-11,150.97
2026-02-10,2,2026-02-12,144.06
2026-02-10,3,2026-02-13,142.55
2026-02-10,4,2026-02-14,144.99
2026-02-10,5,2026-02-15,145.43
2026-02-10,6,2026-02-16,155.87
2026-02-10,7,2026-02-17,154.47
2026-02-10,8,2026-02-18,155.18
2026-02-10,9,2026-02-19,157.97
2026-02-10,10,2026-02-20,155.75
2026-02-10,11,2026-02-21,153.86
2026-02-10,12,2026-02-22,152.89
2026-02-10,13,2026-02-23,154.76
2026-02-10,14,2026-02-24,153.11
2026-02-10,15,2026-02-25,149.5
2026-02-10,16,2026-02-26,150.08
2026-02-10,17,2026-02-27,151.32
2026-02-10,18,2026-02-28,154.37
2026-02-10,19,2026-03-01,152.54
2026-02-10,20,2026-03-02,154.95
2026-02-10,21,2026-03-03,152.26
2026-02-10,22,2026-03-04,150.65
2026-02-10,23,2026-03-05,148.75
2026-02-10,24,2026-03-06,146.82
2026-02-10,25,2026-03-07,145.9
2026-02-10,26,2026-03-08,144.74
2026-02-10,27,2026-03-09,143.83
2026-02-10,28,2026-03-10,143.52
2026-02-10,29,2026-03-11,142.97
2026-02-10,30,2026-03-12,144.56
2026-02-11,1,2026-02-12,136.47
2026-02-11,2,2026-02-13,139.77
2026-02-11,3,2026-02-14,140.93
2026-02-11,4,2026-02-15,142.59
2026-02-11,5,2026-02-16,148.5
2026-02-11,6,2026-02-17,153.54
2026-02-11,7,2026-02-18,155.95
2026-02-11,8,2026-02-19,155.12
2026-02-11,9,2026-02-20,152.92
2026-02-11,10,2026-02-21,152.89
2026-02-11,11,2026-02-22,154.16
2026-02-11,12,2026-02-23,153.57
2026-02-11,13,2026-02-24,154.37
2026-02-11,14,2026-02-25,151.89
2026-02-11,15,2026-02-26,149.93
2026-02-11,16,2026-02-27,151.36
2026-02-11,17,2026-02-28,154.03
2026-02-11,18,2026-03-01,155.83
2026-02-11,19,2026-03-02,153.56
2026-02-11,20,2026-03-03,152.3
2026-02-11,21,2026-03-04,150.0
2026-02-11,22,2026-03-05,149.62
2026-02-11,23,2026-03-06,145.11
2026-02-11,24,2026-03-07,146.04
2026-02-11,25,2026-03-08,143.68
2026-02-11,26,2026-03-09,143.35
2026-02-11,27,2026-03-10,143.08
2026-02-11,28,2026-03-11,143.53
2026-02-11,29,2026-03-12,142.83
2026-02-11,30,2026-03-13,145.38
2026-02-12,1,2026-02-13,127.09
2026-02-12,2,2026-02-14,131.12
2026-02-12,3,2026-02-15,135.77
2026-02-12,4,2026-02-16,138.16
2026-02-12,5,2026-02-17,142.62
2026-02-12,6,2026-02-18,147.6
2026-02-12,7,2026-02-19,149.82
2026-02-12,8,2026-02-20,150.26
2026-02-12,9,2026-02-21,150.36
2026-02-12,10,2026-02-22,149.34
2026-02-12,11,2026-02-23,152.86
2026-02-12,12,2026-02-24,152.38
2026-02-12,13,2026-02-25,151.86
2026-02-12,14,2026-02-26,151.57
2026-02-12,15,2026-02-27,151.77
2026-02-12,16,2026-02-28,153.63
2026-02-12,17,2026-03-01,156.25
2026-02-12,18,2026-03-02,155.02
2026-02-12,19,2026-03-03,151.58
2026-02-12,20,2026-03-04,150.28
2026-02-12,21,2026-03-05,148.2
2026-02-12,22,2026-03-06,145.15
2026-02-12,23,2026-03-07,144.81
2026-02-12,24,2026-03-08,142.3
2026-02-12,25,2026-03-09,140.31
2026-02-12,26,2026-03-10,139.01
2026-02-12,27,2026-03-11,138.14
2026-02-12,28,2026-03-12,140.64
2026-02-12,29,2026-03-13,141.8
2026-02-12,30,2026-03-14,145.45
2026-02-13,1,2026-02-14,127.89
2026-02-13,2,2026-02-15,130.44
2026-02-13,3,2026-02-16,134.79
2026-02-13,4,2026-02-17,136.99
2026-02-13,5,2026-02-18,139.39
2026-02-13,6,2026-02-19,143.99
2026-02-13,7,2026-02-20,145.39
2026-02-13,8,2026-02-21,147.22
2026-02-13,9,2026-02-22,147.82
2026-02-13,10,2026-02-23,151.87
2026-02-13,11,2026-02-24,151.27
2026-02-13,12,2026-02-25,152.56
2026-02-13,13,2026-02-26,152.95
2026-02-13,14,2026-02-27,153.11
2026-02-13,15,2026-02-28,153.73
2026-02-13,16,2026-03-01,156.55
2026-02-13,17,2026-03-02,157.59
2026-02-13,18,2026-03-03,154.53
2026-02-13,19,2026-03-04,151.73
2026-02-13,20,2026-03-05,149.89
2026-02-13,21,2026-03-06,145.8
2026-02-13,22,2026-03-07,144.01
2026-02-13,23,2026-03-08,141.84
2026-02-13,24,2026-03-09,139.68
2026-02-13,25,2026-03-10,137.0
2026-02-13,26,2026-03-11,136.81
2026-02-13,27,2026-03-12,138.33
2026-02-13,28,2026-03-13,140.42
2026-02-13,29,2026-03-14,142.26
2026-02-13,30,2026-03-15,144.62
2026-02-14,1,2026-02-15,121.12
2026-02-14,2,2026-02-16,126.33
2026-02-14,3,2026-02-17,128.2
2026-02-14,4,2026-02-18,132.94
2026-02-14,5,2026-02-19,140.18
2026-02-14,6,2026-02-20,140.89
2026-02-14,7,2026-02-21,142.92
2026-02-14,8,2026-02-22,144.8
2026-02-14,9,2026-02-23,148.45
2026-02-14,10,2026-02-24,150.07
2026-02-14,11,2026-02-25,150.33
2026-02-14,12,2026-02-26,151.03
2026-02-14,13,2026-02-27,154.18
2026-02-14,14,2026-02-28,156.12
2026-02-14,15,2026-03-01,156.15
2026-02-14,16,2026-03-02,158.16
2026-02-14,17,2026-03-03,157.42
2026-02-14,18,2026-03-04,151.41
2026-02-14,19,2026-03-05,150.89
2026-02-14,20,2026-03-06,146.03
2026-02-14,21,2026-03-07,144.58
2026-02-14,22,2026-03-08,140.9
2026-02-14,23,2026-03-09,137.94
2026-02-14,24,2026-03-10,137.46
2026-02-14,25,2026-03-11,133.63
2026-02-14,26,2026-03-12,134.97
2026-02-14,27,2026-03-13,136.35
2026-02-14,28,2026-03-14,138.27
2026-02-14,29,2026-03-15,139.37
2026-02-14,30,2026-03-16,141.64
2026-02-15,1,2026-02-16,119.82
2026-02-15,2,2026-02-17,123.64
2026-02-15,3,2026-02-18,128.87
2026-02-15,4,2026-02-19,133.23
2026-02-15,5,2026-02-20,137.32
2026-02-15,6,2026-02-21,137.2
2026-02-15,7,2026-02-22,140.13
2026-02-15,8,2026-02-23,143.53
2026-02-15,9,2026-02-24,148.12
2026-02-15,10,2026-02-25,147.78
2026-02-15,11,2026-02-26,151.72
2026-02-15,12,2026-02-27,152.78
2026-02-15,13,2026-02-28,157.21
2026-02-15,14,2026-03-01,155.48
2026-02-15,15,2026-03-02,156.94
2026-02-15,16,2026-03-03,155.83
2026-02-15,17,2026-03-04,153.67
2026-02-15,18,2026-03-05,150.63
2026-02-15,19,2026-03-06,146.95
2026-02-15,20,2026-03-07,144.32
2026-02-15,21,2026-03-08,141.91
2026-02-15,22,2026-03-09,138.18
2026-02-15,23,2026-03-10,136.74
2026-02-15,24,2026-03-11,134.21
2026-02-15,25,2026-03-12,133.21
2026-02-15,26,2026-03-13,134.1
2026-02-15,27,2026-03-14,135.15
2026-02-15,28,2026-03-15,137.59
2026-02-15,29,2026-03-16,140.14
2026-02-15,30,2026-03-17,141.55
2026-02-16,1,2026-02-17,120.24
2026-02-16,2,2026-02-18,124.32
2026-02-16,3,2026-02-19,129.06
2026-02-16,4,2026-02-20,131.58
2026-02-16,5,2026-02-21,135.58
2026-02-16,6,2026-02-22,136.79
2026-02-16,7,2026-02-23,140.42
2026-02-16,8,2026-02-24,143.6
2026-02-16,9,2026-02-25,146.83
2026-02-16,10,2026-02-26,149.13
2026-02-16,11,2026-02-27,155.49
2026-02-16,12,2026-02-28,157.13
2026-02-16,13,2026-03-01,158.78
2026-02-16,14,2026-03-02,158.87
2026-02-16,15,2026-03-03,154.91
2026-02-16,16,2026-03-04,151.9
2026-02-16,17,2026-03-05,152.67
2026-02-16,18,2026-03-06,147.78
2026-02-16,19,2026-03-07,144.91
2026-02-16,20,2026-03-08,142.27
2026-02-16,21,2026-03-09,137.98
2026-02-16,22,2026-03-10,136.26
2026-02-16,23,2026-03-11,133.96
2026-02-16,24,2026-03-12,133.55
2026-02-16,25,2026-03-13,132.16
2026-02-16,26,2026-03-14,133.72
2026-02-16,27,2026-03-15,134.81
2026-02-16,28,2026-03-16,137.03
2026-02-16,29,2026-03-17,139.75
2026-02-16,30,2026-03-18,141.12
2026-02-17,1,2026-02-18,119.66
2026-02-17,2,2026-02-19,122.34
2026-02-17,3,2026-02-20,124.98
2026-02-17,4,2026-02-21,126.39
2026-02-17,5,2026-02-22,128.39
2026-02-17,6,2026-02-23,134.33
2026-02-17,7,2026-02-24,139.8
2026-02-17,8,2026-02-25,143.89
2026-02-17,9,2026-02-26,149.2
2026-02-17,10,2026-02-27,154.09
2026-02-17,11,2026-02-28,157.68
2026-02-17,12,2026-03-01,158.8
2026-02-17,13,2026-03-02,157.19
2026-02-17,14,2026-03-03,155.82
2026-02-17,15,2026-03-04,152.13
2026-02-17,16,2026-03-05,151.69
2026-02-17,17,2026-03-06,148.98
2026-02-17,18,2026-03-07,145.52
2026-02-17,19,2026-03-08,142.19
2026-02-17,20,2026-03-09,138.83
2026-02-17,21,2026-03-10,136.76
2026-02-17,22,2026-03-11,134.04
2026-02-17,23,2026-03-12,133.38
2026-02-17,24,2026-03-13,132.07
2026-02-17,25,2026-03-14,132.67
2026-02-17,26,2026-03-15,133.59
2026-02-17,27,2026-03-16,135.38
2026-02-17,28,2026-03-17,137.18
2026-02-17,29,2026-03-18,139.41
2026-02-17,30,2026-03-19,140.87
2026-02-18,1,2026-02-19,120.86
2026-02-18,2,2026-02-20,124.16
2026-02-18,3,2026-02-21,123.43
2026-02-18,4,2026-02-22,126.81
2026-02-18,5,2026-02-23,130.22
2026-02-18,6,2026-02-24,136.25
2026-02-18,7,2026-02-25,139.86
2026-02-18,8,2026-02-26,146.25
2026-02-18,9,2026-02-27,151.87
2026-02-18,10,2026-02-28,155.62
2026-02-18,11,2026-03-01,157.74
2026-02-18,12,2026-03-02,157.89
2026-02-18,13,2026-03-03,154.88
2026-02-18,14,2026-03-04,152.16
2026-02-18,15,2026-03-05,150.72
2026-02-18,16,2026-03-06,147.65
2026-02-18,17,2026-03-07,147.01
2026-02-18,18,2026-03-08,143.12
2026-02-18,19,2026-03-09,139.08
2026-02-18,20,2026-03-10,137.59
2026-02-18,21,2026-03-11,135.2
2026-02-18,22,2026-03-12,133.88
2026-02-18,23,2026-03-13,132.12
2026-02-18,24,2026-03-14,132.37
2026-02-18,25,2026-03-15,133.33
2026-02-18,26,2026-03-16,135.14
2026-02-18,27,2026-03-17,136.43
2026-02-18,28,2026-03-18,138.15
2026-02-18,29,2026-03-19,139.2
2026-02-18,30,2026-03-20,139.89
2026-02-19,1,2026-02-20,119.12
2026-02-19,2,2026-02-21,118.4
2026-02-19,3,2026-02-22,120.6
2026-02-19,4,2026-02-23,123.06
2026-02-19,5,2026-02-24,129.75
2026-02-19,6,2026-02-25,135.16
2026-02-19,7,2026-02-26,142.49
2026-02-19,8,2026-02-27,152.3
2026-02-19,9,2026-02-28,154.96
2026-02-19,10,2026-03-01,158.07
2026-02-19,11,2026-03-02,158.33
2026-02-19,12,2026-03-03,158.11
2026-02-19,13,2026-03-04,153.36
2026-02-19,14,2026-03-05,154.49
2026-02-19,15,2026-03-06,150.58
2026-02-19,16,2026-03-07,147.84
2026-02-19,17,2026-03-08,145.6
2026-02-19,18,2026-03-09,139.14
2026-02-19,19,2026-03-10,137.71
2026-02-19,20,2026-03-11,135.19
2026-02-19,21,2026-03-12,133.56
2026-02-19,22,2026-03-13,131.85
2026-02-19,23,2026-03-14,131.25
2026-02-19,24,2026-03-15,131.73
2026-02-19,25,2026-03-16,132.55
2026-02-19,26,2026-03-17,133.9
2026-02-19,27,2026-03-18,137.08
2026-02-19,28,2026-03-19,136.99
2026-02-19,29,2026-03-20,137.1
2026-02-19,30,2026-03-21,139.97
2026-02-20,1,2026-02-21,116.25
2026-02-20,2,2026-02-22,115.75
2026-02-20,3,2026-02-23,120.77
2026-02-20,4,2026-02-24,123.63
2026-02-20,5,2026-02-25,131.87
2026-02-20,6,2026-02-26,143.11
2026-02-20,7,2026-02-27,150.51
2026-02-20,8,2026-02-28,156.99
2026-02-20,9,2026-03-01,157.73
2026-02-20,10,2026-03-02,157.53
2026-02-20,11,2026-03-03,157.16
2026-02-20,12,2026-03-04,153.77
2026-02-20,13,2026-03-05,152.86
2026-02-20,14,2026-03-06,154.13
2026-02-20,15,2026-03-07,149.61
2026-02-20,16,2026-03-08,146.28
2026-02-20,17,2026-03-09,142.55
2026-02-20,18,2026-03-10,137.32
2026-02-20,19,2026-03-11,135.64
2026-02-20,20,2026-03-12,134.12
2026-02-20,21,2026-03-13,132.22
2026-02-20,22,2026-03-14,131.79
2026-02-20,23,2026-03-15,131.58
2026-02-20,24,2026-03-16,131.74
2026-02-20,25,2026-03-17,132.77
2026-02-20,26,2026-03-18,134.57
2026-02-20,27,2026-03-19,136.42
2026-02-20,28,2026-03-20,135.98
2026-02-20,29,2026-03-21,136.74
2026-02-20,30,2026-03-22,139.54
2026-02-21,1,2026-02-22,111.59
2026-02-21,2,2026-02-23,112.21
2026-02-21,3,2026-02-24,118.37
2026-02-21,4,2026-02-25,126.62
2026-02-21,5,2026-02-26,138.01
2026-02-21,6,2026-02-27,145.48
2026-02-21,7,2026-02-28,152.25
2026-02-21,8,2026-03-01,156.52
2026-02-21,9,2026-03-02,157.14
2026-02-21,10,2026-03-03,153.44
2026-02-21,11,2026-03-04,154.96
2026-02-21,12,2026-03-05,153.57
2026-02-21,13,2026-03-06,151.92
2026-02-21,14,2026-03-07,152.18
2026-02-21,15,2026-03-08,149.32
2026-02-21,16,2026-03-09,143.41
2026-02-21,17,2026-03-10,141.34
2026-02-21,18,2026-03-11,135.79
2026-02-21,19,2026-03-12,134.48
2026-02-21,20,2026-03-13,132.43
2026-02-21,21,2026-03-14,131.33
2026-02-21,22,2026-03-15,131.62
2026-02-21,23,2026-03-16,131.64
2026-02-21,24,2026-03-17,130.73
2026-02-21,25,2026-03-18,130.95
2026-02-21,26,2026-03-19,132.42
2026-02-21,27,2026-03-20,133.29
2026-02-21,28,2026-03-21,132.65
2026-02-21,29,2026-03-22,134.48
2026-02-21,30,2026-03-23,136.63
2026-02-22,1,2026-02-23,110.32
2026-02-22,2,2026-02-24,115.29
2026-02-22,3,2026-02-25,123.77
2026-02-22,4,2026-02-26,129.98
2026-02-22,5,2026-02-27,149.02
2026-02-22,6,2026-02-28,149.08
2026-02-22,7,2026-03-01,156.15
2026-02-22,8,2026-03-02,156.43
2026-02-22,9,2026-03-03,154.68
2026-02-22,10,2026-03-04,153.49
2026-02-22,11,2026-03-05,153.55
2026-02-22,12,2026-03-06,152.01
2026-02-22,13,2026-03-07,151.94
2026-02-22,14,2026-03-08,150.7
2026-02-22,15,2026-03-09,144.92
2026-02-22,16,2026-03-10,141.66
2026-02-22,17,2026-03-11,138.22
2026-02-22,18,2026-03-12,133.96
2026-02-22,19,2026-03-13,131.99
2026-02-22,20,2026-03-14,131.95
2026-02-22,21,2026-03-15,130.06
2026-02-22,22,2026-03-16,131.15
2026-02-22,23,2026-03-17,130.49
2026-02-22,24,2026-03-18,129.97
2026-02-22,25,2026-03-19,130.2
2026-02-22,26,2026-03-20,129.98
2026-02-22,27,2026-03-21,132.1
2026-02-22,28,2026-03-22,132.03
2026-02-22,29,2026-03-23,133.6
2026-02-22,30,2026-03-24,134.31
2026-02-23,1,2026-02-24,112.55
2026-02-23,2,2026-02-25,118.86
2026-02-23,3,2026-02-26,126.91
2026-02-23,4,2026-02-27,140.1
2026-02-23,5,2026-02-28,149.71
2026-02-23,6,2026-03-01,149.13
2026-02-23,7,2026-03-02,158.51
2026-02-23,8,2026-03-03,155.88
2026-02-23,9,2026-03-04,153.0
2026-02-23,10,2026-03-05,155.54
2026-02-23,11,2026-03-06,153.51
2026-02-23,12,2026-03-07,151.64
2026-02-23,13,2026-03-08,151.18
2026-02-23,14,2026-03-09,148.49
2026-02-23,15,2026-03-10,144.87
2026-02-23,16,2026-03-11,139.12
2026-02-23,17,2026-03-12,136.74
2026-02-23,18,2026-03-13,132.99
2026-02-23,19,2026-03-14,132.73
2026-02-23,20,2026-03-15,131.01
2026-02-23,21,2026-03-16,130.56
2026-02-23,22,2026-03-17,130.08
2026-02-23,23,2026-03-18,130.17
2026-02-23,24,2026-03-19,129.04
2026-02-23,25,2026-03-20,128.58
2026-02-23,26,2026-03-21,129.17
2026-02-23,27,2026-03-22,131.55
2026-02-23,28,2026-03-23,130.29
2026-02-23,29,2026-03-24,132.13
2026-02-23,30,2026-03-25,134.06
2026-02-24,1,2026-02-25,112.93
2026-02-24,2,2026-02-26,117.86
2026-02-24,3,2026-02-27,130.0
2026-02-24,4,2026-02-28,138.89
2026-02-24,5,2026-03-01,141.53
2026-02-24,6,2026-03-02,148.67
2026-02-24,7,2026-03-03,154.5
2026-02-24,8,2026-03-04,152.21
2026-02-24,9,2026-03-05,154.15
2026-02-24,10,2026-03-06,153.17
2026-02-24,11,2026-03-07,151.15
2026-02-24,12,2026-03-08,151.9
2026-02-24,13,2026-03-09,148.94
2026-02-24,14,2026-03-10,148.2
2026-02-24,15,2026-03-11,140.68
2026-02-24,16,2026-03-12,137.95
2026-02-24,17,2026-03-13,134.8
2026-02-24,18,2026-03-14,131.42
2026-02-24,19,2026-03-15,130.74
2026-02-24,20,2026-03-16,130.76
2026-02-24,21,2026-03-17,129.7
2026-02-24,22,2026-03-18,129.09
2026-02-24,23,2026-03-19,128.54
2026-02-24,24,2026-03-20,127.37
2026-02-24,25,2026-03-21,127.18
2026-02-24,26,2026-03-22,128.29
2026-02-24,27,2026-03-23,129.24
2026-02-24,28,2026-03-24,128.03
2026-02-24,29,2026-03-25,129.97
2026-02-24,30,2026-03-26,131.44
2026-02-25,1,2026-02-26,121.67
2026-02-25,2,2026-02-27,132.97
2026-02-25,3,2026-02-28,141.91
2026-02-25,4,2026-03-01,148.66
2026-02-25,5,2026-03-02,152.47
2026-02-25,6,2026-03-03,157.37
2026-02-25,7,2026-03-04,159.23
2026-02-25,8,2026-03-05,152.17
2026-02-25,9,2026-03-06,151.52
2026-02-25,10,2026-03-07,152.57
2026-02-25,11,2026-03-08,151.16
2026-02-25,12,2026-03-09,148.47
2026-02-25,13,2026-03-10,145.83
2026-02-25,14,2026-03-11,141.04
2026-02-25,15,2026-03-12,137.5
2026-02-25,16,2026-03-13,134.67
2026-02-25,17,2026-03-14,134.33
2026-02-25,18,2026-03-15,131.23
2026-02-25,19,2026-03-16,131.22
2026-02-25,20,2026-03-17,129.17
2026-02-25,21,2026-03-18,129.66
2026-02-25,22,2026-03-19,129.32
2026-02-25,23,2026-03-20,128.32
2026-02-25,24,2026-03-21,128.77
2026-02-25,25,2026-03-22,129.04
2026-02-25,26,2026-03-23,130.43
2026-02-25,27,2026-03-24,131.02
2026-02-25,28,2026-03-25,130.5
2026-02-25,29,2026-03-26,131.97
2026-02-25,30,2026-03-27,135.27
2026-02-26,1,2026-02-27,131.03
2026-02-26,2,2026-02-28,145.65
2026-02-26,3,2026-03-01,149.79
2026-02-26,4,2026-03-02,152.34
2026-02-26,5,2026-03-03,160.52
2026-02-26,6,2026-03-04,160.84
2026-02-26,7,2026-03-05,161.89
2026-02-26,8,2026-03-06,156.86
2026-02-26,9,2026-03-07,151.67
2026-02-26,10,2026-03-08,152.33
2026-02-26,11,2026-03-09,147.3
2026-02-26,12,2026-03-10,144.78
2026-02-26,13,2026-03-11,137.51
2026-02-26,14,2026-03-12,136.08
2026-02-26,15,2026-03-13,131.9
2026-02-26,16,2026-03-14,132.08
2026-02-26,17,2026-03-15,131.2
2026-02-26,18,2026-03-16,130.82
2026-02-26,19,2026-03-17,130.01
2026-02-26,20,2026-03-18,129.35
2026-02-26,21,2026-03-19,128.7
2026-02-26,22,2026-03-20,128.17
2026-02-26,23,2026-03-21,128.08
2026-02-26,24,2026-03-22,129.48
2026-02-26,25,2026-03-23,129.42
2026-02-26,26,2026-03-24,132.25
2026-02-26,27,2026-03-25,131.05
2026-02-26,28,2026-03-26,132.1
2026-02-26,29,2026-03-27,132.77
2026-02-26,30,2026-03-28,135.46
2026-02-27,1,2026-02-28,133.83
2026-02-27,2,2026-03-01,148.04
2026-02-27,3,2026-03-02,151.4
2026-02-27,4,2026-03-03,158.61
2026-02-27,5,2026-03-04,163.65
2026-02-27,6,2026-03-05,163.94
2026-02-27,7,2026-03-06,159.67
2026-02-27,8,2026-03-07,153.57
2026-02-27,9,2026-03-08,150.39
2026-02-27,10,2026-03-09,148.13
2026-02-27,11,2026-03-10,144.4
2026-02-27,12,2026-03-11,137.52
2026-02-27,13,2026-03-12,135.52
2026-02-27,14,2026-03-13,133.28
2026-02-27,15,2026-03-14,131.77
2026-02-27,16,2026-03-15,130.89
2026-02-27,17,2026-03-16,130.57
2026-02-27,18,2026-03-17,129.49
2026-02-27,19,2026-03-18,129.55
2026-02-27,20,2026-03-19,128.71
2026-02-27,21,2026-03-20,129.02
2026-02-27,22,2026-03-21,128.83
2026-02-27,23,2026-03-22,129.23
2026-02-27,24,2026-03-23,129.63
2026-02-27,25,2026-03-24,130.49
2026-02-27,26,2026-03-25,132.58
2026-02-27,27,2026-03-26,134.42
2026-02-27,28,2026-03-27,135.27
2026-02-27,29,2026-03-28,137.69
2026-02-27,30,2026-03-29,137.72
2026-02-28,1,2026-03-01,142.41
2026-02-28,2,2026-03-02,155.24
2026-02-28,3,2026-03-03,161.77
2026-02-28,4,2026-03-04,162.76
2026-02-28,5,2026-03-05,175.37
2026-02-28,6,2026-03-06,166.86
2026-02-28,7,2026-03-07,163.07
2026-02-28,8,2026-03-08,153.57
2026-02-28,9,2026-03-09,148.5
2026-02-28,10,2026-03-10,144.88
2026-02-28,11,2026-03-11,139.09
2026-02-28,12,2026-03-12,134.72
2026-02-28,13,2026-03-13,132.21
2026-02-28,14,2026-03-14,132.54
2026-02-28,15,2026-03-15,131.15
2026-02-28,16,2026-03-16,131.15
2026-02-28,17,2026-03-17,129.69
2026-02-28,18,2026-03-18,129.24
2026-02-28,19,2026-03-19,129.69
2026-02-28,20,2026-03-20,128.51
2026-02-28,21,2026-03-21,129.89
2026-02-28,22,2026-03-22,129.94
2026-02-28,23,2026-03-23,129.71
2026-02-28,24,2026-03-24,132.22
2026-02-28,25,2026-03-25,133.42
2026-02-28,26,2026-03-26,136.08
2026-02-28,27,2026-03-27,139.34
2026-02-28,28,2026-03-28,138.49
2026-02-28,29,2026-03-29,139.33
2026-02-28,30,2026-03-30,138.25
2026-03-01,1,2026-03-02,144.88
2026-03-01,2,2026-03-03,156.41
2026-03-01,3,2026-03-04,153.3
2026-03-01,4,2026-03-05,161.43
2026-03-01,5,2026-03-06,169.05
2026-03-01,6,2026-03-07,165.08
2026-03-01,7,2026-03-08,160.85
2026-03-01,8,2026-03-09,150.8
2026-03-01,9,2026-03-10,146.16
2026-03-01,10,2026-03-11,138.96
2026-03-01,11,2026-03-12,134.88
2026-03-01,12,2026-03-13,132.92
2026-03-01,13,2026-03-14,131.01
2026-03-01,14,2026-03-15,131.27
2026-03-01,15,2026-03-16,130.23
2026-03-01,16,2026-03-17,129.27
2026-03-01,17,2026-03-18,130.11
2026-03-01,18,2026-03-19,130.01
2026-03-01,19,2026-03-20,129.21
2026-03-01,20,2026-03-21,128.51
2026-03-01,21,2026-03-22,130.1
2026-03-01,22,2026-03-23,129.99
2026-03-01,23,2026-03-24,131.64
2026-03-01,24,2026-03-25,133.12
2026-03-01,25,2026-03-26,135.18
2026-03-01,26,2026-03-27,138.87
2026-03-01,27,2026-03-28,140.63
2026-03-01,28,2026-03-29,138.84
2026-03-01,29,2026-03-30,138.88
2026-03-01,30,2026-03-31,138.56
2026-03-02,1,2026-03-03,150.87
2026-03-02,2,2026-03-04,155.27
2026-03-02,3,2026-03-05,155.32
2026-03-02,4,2026-03-06,159.76
2026-03-02,5,2026-03-07,167.57
2026-03-02,6,2026-03-08,162.88
2026-03-02,7,2026-03-09,157.7
2026-03-02,8,2026-03-10,147.9
2026-03-02,9,2026-03-11,140.33
2026-03-02,10,2026-03-12,135.44
2026-03-02,11,2026-03-13,133.21
2026-03-02,12,2026-03-14,131.08
2026-03-02,13,2026-03-15,129.71
2026-03-02,14,2026-03-16,130.66
2026-03-02,15,2026-03-17,130.13
2026-03-02,16,2026-03-18,130.66
2026-03-02,17,2026-03-19,129.5
2026-03-02,18,2026-03-20,128.49
2026-03-02,19,2026-03-21,128.87
2026-03-02,20,2026-03-22,129.29
2026-03-02,21,2026-03-23,130.09
2026-03-02,22,2026-03-24,132.1
2026-03-02,23,2026-03-25,133.27
2026-03-02,24,2026-03-26,134.92
2026-03-02,25,2026-03-27,138.01
2026-03-02,26,2026-03-28,139.24
2026-03-02,27,2026-03-29,139.72
2026-03-02,28,2026-03-30,138.46
2026-03-02,29,2026-03-31,138.62
2026-03-02,30,2026-04-01,139.19
2026-03-03,1,2026-03-04,149.51
2026-03-03,2,2026-03-05,154.01
2026-03-03,3,2026-03-06,151.59
2026-03-03,4,2026-03-07,158.92
2026-03-03,5,2026-03-08,168.5
2026-03-03,6,2026-03-09,158.76
2026-03-03,7,2026-03-10,148.83
2026-03-03,8,2026-03-11,141.24
2026-03-03,9,2026-03-12,137.75
2026-03-03,10,2026-03-13,133.39
2026-03-03,11,2026-03-14,131.09
2026-03-03,12,2026-03-15,128.19
2026-03-03,13,2026-03-16,129.35
2026-03-03,14,2026-03-17,128.56
2026-03-03,15,2026-03-18,128.69
2026-03-03,16,2026-03-19,128.69
2026-03-03,17,2026-03-20,127.72
2026-03-03,18,2026-03-21,128.36
2026-03-03,19,2026-03-22,129.07
2026-03-03,20,2026-03-23,129.77
2026-03-03,21,2026-03-24,131.28
2026-03-03,22,2026-03-25,133.67
2026-03-03,23,2026-03-26,135.52
2026-03-03,24,2026-03-27,137.23
2026-03-03,25,2026-03-28,137.77
2026-03-03,26,2026-03-29,139.25
2026-03-03,27,2026-03-30,138.35
2026-03-03,28,2026-03-31,138.37
2026-03-03,29,2026-04-01,139.17
2026-03-03,30,2026-04-02,138.56
2026-03-04,1,2026-03-05,146.51
2026-03-04,2,2026-03-06,144.68
2026-03-04,3,2026-03-07,142.86
2026-03-04,4,2026-03-08,148.57
2026-03-04,5,2026-03-09,150.33
2026-03-04,6,2026-03-10,143.17
2026-03-04,7,2026-03-11,140.35
2026-03-04,8,2026-03-12,134.72
2026-03-04,9,2026-03-13,133.15
2026-03-04,10,2026-03-14,129.5
2026-03-04,11,2026-03-15,127.94
2026-03-04,12,2026-03-16,128.55
2026-03-04,13,2026-03-17,127.78
2026-03-04,14,2026-03-18,128.97
2026-03-04,15,2026-03-19,128.37
2026-03-04,16,2026-03-20,127.62
2026-03-04,17,2026-03-21,127.5
2026-03-04,18,2026-03-22,128.54
2026-03-04,19,2026-03-23,128.65
2026-03-04,20,2026-03-24,131.12
2026-03-04,21,2026-03-25,132.16
2026-03-04,22,2026-03-26,134.49
2026-03-04,23,2026-03-27,136.47
2026-03-04,24,2026-03-28,137.1
2026-03-04,25,2026-03-29,137.56
2026-03-04,26,2026-03-30,138.36
2026-03-04,27,2026-03-31,136.98
2026-03-04,28,2026-04-01,137.54
2026-03-04,29,2026-04-02,138.01
2026-03-04,30,2026-04-03,136.74
2026-03-05,1,2026-03-06,140.7
2026-03-05,2,2026-03-07,142.41
2026-03-05,3,2026-03-08,140.7
2026-03-05,4,2026-03-09,141.79
2026-03-05,5,2026-03-10,136.35
2026-03-05,6,2026-03-11,131.54
2026-03-05,7,2026-03-12,132.41
2026-03-05,8,2026-03-13,128.72
2026-03-05,9,2026-03-14,126.88
2026-03-05,10,2026-03-15,125.32
2026-03-05,11,2026-03-16,128.07
2026-03-05,12,2026-03-17,126.6
2026-03-05,13,2026-03-18,128.14
2026-03-05,14,2026-03-19,128.27
2026-03-05,15,2026-03-20,127.77
2026-03-05,16,2026-03-21,126.42
2026-03-05,17,2026-03-22,127.99
2026-03-05,18,2026-03-23,128.88
2026-03-05,19,2026-03-24,130.39
2026-03-05,20,2026-03-25,133.46
2026-03-05,21,2026-03-26,133.43
2026-03-05,22,2026-03-27,136.09
2026-03-05,23,2026-03-28,137.19
2026-03-05,24,2026-03-29,137.38
2026-03-05,25,2026-03-30,136.91
2026-03-05,26,2026-03-31,137.68
2026-03-05,27,2026-04-01,136.81
2026-03-05,28,2026-04-02,137.17
2026-03-05,29,2026-04-03,136.95
2026-03-05,30,2026-04-04,136.42
2026-03-06,1,2026-03-07,144.52
2026-03-06,2,2026-03-08,143.1
2026-03-06,3,2026-03-09,139.12
2026-03-06,4,2026-03-10,135.11
2026-03-06,5,2026-03-11,130.27
2026-03-06,6,2026-03-12,129.77
2026-03-06,7,2026-03-13,129.16
2026-03-06,8,2026-03-14,126.5
2026-03-06,9,2026-03-15,124.85
2026-03-06,10,2026-03-16,125.66
2026-03-06,11,2026-03-17,127.78
2026-03-06,12,2026-03-18,126.49
2026-03-06,13,2026-03-19,129.08
2026-03-06,14,2026-03-20,128.28
2026-03-06,15,2026-03-21,128.57
2026-03-06,16,2026-03-22,128.19
2026-03-06,17,2026-03-23,128.97
2026-03-06,18,2026-03-24,131.71
2026-03-06,19,2026-03-25,133.15
2026-03-06,20,2026-03-26,134.85
2026-03-06,21,2026-03-27,136.18
2026-03-06,22,2026-03-28,137.23
2026-03-06,23,2026-03-29,138.4
2026-03-06,24,2026-03-30,138.61
2026-03-06,25,2026-03-31,137.23
2026-03-06,26,2026-04-01,138.51
2026-03-06,27,2026-04-02,137.24
2026-03-06,28,2026-04-03,137.44
2026-03-06,29,2026-04-04,137.76
2026-03-06,30,2026-04-05,136.75
2026-03-07,1,2026-03-08,144.5
2026-03-07,2,2026-03-09,139.04
2026-03-07,3,2026-03-10,134.8
2026-03-07,4,2026-03-11,131.15
2026-03-07,5,2026-03-12,129.03
2026-03-07,6,2026-03-13,129.27
2026-03-07,7,2026-03-14,124.64
2026-03-07,8,2026-03-15,122.57
2026-03-07,9,2026-03-16,125.34
2026-03-07,10,2026-03-17,125.09
2026-03-07,11,2026-03-18,127.92
2026-03-07,12,2026-03-19,127.18
2026-03-07,13,2026-03-20,126.48
2026-03-07,14,2026-03-21,126.86
2026-03-07,15,2026-03-22,126.61
2026-03-07,16,2026-03-23,126.96
2026-03-07,17,2026-03-24,130.86
2026-03-07,18,2026-03-25,133.21
2026-03-07,19,2026-03-26,134.19
2026-03-07,20,2026-03-27,136.84
2026-03-07,21,2026-03-28,136.92
2026-03-07,22,2026-03-29,136.74
2026-03-07,23,2026-03-30,137.08
2026-03-07,24,2026-03-31,138.15
2026-03-07,25,2026-04-01,136.65
2026-03-07,26,2026-04-02,137.3
2026-03-07,27,2026-04-03,137.17
2026-03-07,28,2026-04-04,136.76
2026-03-07,29,2026-04-05,137.87
2026-03-07,30,2026-04-06,136.42
2026-03-08,1,2026-03-09,138.84
2026-03-08,2,2026-03-10,131.13
2026-03-08,3,2026-03-11,126.0
2026-03-08,4,2026-03-12,124.09
2026-03-08,5,2026-03-13,123.36
2026-03-08,6,2026-03-14,122.18
2026-03-08,7,2026-03-15,121.01
2026-03-08,8,2026-03-16,123.02
2026-03-08,9,2026-03-17,124.28
2026-03-08,10,2026-03-18,125.03
2026-03-08,11,2026-03-19,126.92
2026-03-08,12,2026-03-20,126.61
2026-03-08,13,2026-03-21,126.49
2026-03-08,14,2026-03-22,126.01
2026-03-08,15,2026-03-23,126.86
2026-03-08,16,2026-03-24,128.64
2026-03-08,17,2026-03-25,131.82
2026-03-08,18,2026-03-26,133.08
2026-03-08,19,2026-03-27,135.52
2026-03-08,20,2026-03-28,136.08
2026-03-08,21,2026-03-29,135.94
2026-03-08,22,2026-03-30,135.59
2026-03-08,23,2026-03-31,135.47
2026-03-08,24,2026-04-01,136.29
2026-03-08,25,2026-04-02,136.24
2026-03-08,26,2026-04-03,137.06
2026-03-08,27,2026-04-04,136.52
2026-03-08,28,2026-04-05,136.83
2026-03-08,29,2026-04-06,136.31
2026-03-08,30,2026-04-07,136.05
2026-03-09,1,2026-03-10,130.55
2026-03-09,2,2026-03-11,127.93
2026-03-09,3,2026-03-12,123.16
2026-03-09,4,2026-03-13,123.06
2026-03-09,5,2026-03-14,123.03
2026-03-09,6,2026-03-15,121.72
2026-03-09,7,2026-03-16,122.26
2026-03-09,8,2026-03-17,122.34
2026-03-09,9,2026-03-18,124.03
2026-03-09,10,2026-03-19,125.55
2026-03-09,11,2026-03-20,125.53
2026-03-09,12,2026-03-21,125.3
2026-03-09,13,2026-03-22,125.5
2026-03-09,14,2026-03-23,127.33
2026-03-09,15,2026-03-24,129.27
2026-03-09,16,2026-03-25,131.07
2026-03-09,17,2026-03-26,134.02
2026-03-09,18,2026-03-27,135.28
2026-03-09,19,2026-03-28,135.26
2026-03-09,20,2026-03-29,135.61
2026-03-09,21,2026-03-30,135.12
2026-03-09,22,2026-03-31,134.98
2026-03-09,23,2026-04-01,134.28
2026-03-09,24,2026-04-02,136.86
2026-03-09,25,2026-04-03,135.75
2026-03-09,26,2026-04-04,135.94
2026-03-09,27,2026-04-05,136.92
2026-03-09,28,2026-04-06,137.7
2026-03-09,29,2026-04-07,137.26
2026-03-09,30,2026-04-08,136.86
2026-03-10,1,2026-03-11,125.8
2026-03-10,2,2026-03-12,122.89
2026-03-10,3,2026-03-13,121.78
2026-03-10,4,2026-03-14,119.65
2026-03-10,5,2026-03-15,118.29
2026-03-10,6,2026-03-16,119.74
2026-03-10,7,2026-03-17,119.87
2026-03-10,8,2026-03-18,123.67
2026-03-10,9,2026-03-19,122.67
2026-03-10,10,2026-03-20,123.67
2026-03-10,11,2026-03-21,123.74
2026-03-10,12,2026-03-22,124.46
2026-03-10,13,2026-03-23,125.98
2026-03-10,14,2026-03-24,130.01
2026-03-10,15,2026-03-25,131.45
2026-03-10,16,2026-03-26,132.5
2026-03-10,17,2026-03-27,135.61
2026-03-10,18,2026-03-28,134.23
2026-03-10,19,2026-03-29,134.89
2026-03-10,20,2026-03-30,134.65
2026-03-10,21,2026-03-31,133.3
2026-03-10,22,2026-04-01,133.18
2026-03-10,23,2026-04-02,134.5
2026-03-10,24,2026-04-03,135.25
2026-03-10,25,2026-04-04,133.6
2026-03-10,26,2026-04-05,133.83
2026-03-10,27,2026-04-06,134.39
2026-03-10,28,2026-04-07,134.14
2026-03-10,29,2026-04-08,136.07
2026-03-10,30,2026-04-09,135.47
2026-03-11,1,2026-03-12,127.18
2026-03-11,2,2026-03-13,126.47
2026-03-11,3,2026-03-14,125.48
2026-03-11,4,2026-03-15,124.05
2026-03-11,5,2026-03-16,123.28
2026-03-11,6,2026-03-17,122.04
2026-03-11,7,2026-03-18,123.9
2026-03-11,8,2026-03-19,125.22
2026-03-11,9,2026-03-20,124.95
2026-03-11,10,2026-03-21,123.53
2026-03-11,11,2026-03-22,123.89
2026-03-11,12,2026-03-23,125.81
2026-03-11,13,2026-03-24,130.39
2026-03-11,14,2026-03-25,132.06
2026-03-11,15,2026-03-26,133.16
2026-03-11,16,2026-03-27,134.94
2026-03-11,17,2026-03-28,135.74
2026-03-11,18,2026-03-29,133.72
2026-03-11,19,2026-03-30,133.0
2026-03-11,20,2026-03-31,133.58
2026-03-11,21,2026-04-01,132.28
2026-03-11,22,2026-04-02,133.83
2026-03-11,23,2026-04-03,133.8
2026-03-11,24,2026-04-04,133.63
2026-03-11,25,2026-04-05,131.99
2026-03-11,26,2026-04-06,132.8
2026-03-11,27,2026-04-07,134.46
2026-03-11,28,2026-04-08,134.74
2026-03-11,29,2026-04-09,135.1
2026-03-11,30,2026-04-10,135.43
2026-03-12,1,2026-03-13,123.38
2026-03-12,2,2026-03-14,123.0
2026-03-12,3,2026-03-15,121.48
2026-03-12,4,2026-03-16,123.27
2026-03-12,5,2026-03-17,120.43
2026-03-12,6,2026-03-18,122.63
2026-03-12,7,2026-03-19,122.95
2026-03-12,8,2026-03-20,124.1
2026-03-12,9,2026-03-21,124.12
2026-03-12,10,2026-03-22,124.66
2026-03-12,11,2026-03-23,125.79
2026-03-12,12,2026-03-24,128.66
2026-03-12,13,2026-03-25,131.83
2026-03-12,14,2026-03-26,133.66
2026-03-12,15,2026-03-27,135.35
2026-03-12,16,2026-03-28,135.52
2026-03-12,17,2026-03-29,134.6
2026-03-12,18,2026-03-30,133.02
2026-03-12,19,2026-03-31,133.71
2026-03-12,20,2026-04-01,133.02
2026-03-12,21,2026-04-02,133.45
2026-03-12,22,2026-04-03,134.16
2026-03-12,23,2026-04-04,132.69
2026-03-12,24,2026-04-05,131.96
2026-03-12,25,2026-04-06,130.35
2026-03-12,26,2026-04-07,132.47
2026-03-12,27,2026-04-08,132.87
2026-03-12,28,2026-04-09,133.13
2026-03-12,29,2026-04-10,132.01
2026-03-12,30,2026-04-11,134.97
2026-03-13,1,2026-03-14,119.54
2026-03-13,2,2026-03-15,119.44
2026-03-13,3,2026-03-16,117.76
2026-03-13,4,2026-03-17,116.27
2026-03-13,5,2026-03-18,116.71
2026-03-13,6,2026-03-19,119.42
2026-03-13,7,2026-03-20,121.57
2026-03-13,8,2026-03-21,122.75
2026-03-13,9,2026-03-22,123.98
2026-03-13,10,2026-03-23,126.07
2026-03-13,11,2026-03-24,128.26
2026-03-13,12,2026-03-25,131.88
2026-03-13,13,2026-03-26,134.27
2026-03-13,14,2026-03-27,137.42
2026-03-13,15,2026-03-28,135.73
2026-03-13,16,2026-03-29,135.27
2026-03-13,17,2026-03-30,134.82
2026-03-13,18,2026-03-31,133.03
2026-03-13,19,2026-04-01,132.77
2026-03-13,20,2026-04-02,133.44
2026-03-13,21,2026-04-03,133.16
2026-03-13,22,2026-04-04,132.34
2026-03-13,23,2026-04-05,131.47
2026-03-13,24,2026-04-06,129.86
2026-03-13,25,2026-04-07,130.48
2026-03-13,26,2026-04-08,131.24
2026-03-13,27,2026-04-09,132.03
2026-03-13,28,2026-04-10,132.05
2026-03-13,29,2026-04-11,131.97
2026-03-13,30,2026-04-12,133.79
2026-03-14,1,2026-03-15,117.24
2026-03-14,2,2026-03-16,116.91
2026-03-14,3,2026-03-17,113.65
2026-03-14,4,2026-03-18,114.59
2026-03-14,5,2026-03-19,114.42
2026-03-14,6,2026-03-20,117.67
2026-03-14,7,2026-03-21,120.44
2026-03-14,8,2026-03-22,122.81
2026-03-14,9,2026-03-23,124.44
2026-03-14,10,2026-03-24,128.52
2026-03-14,11,2026-03-25,130.46
2026-03-14,12,2026-03-26,133.2
2026-03-14,13,2026-03-27,135.72
2026-03-14,14,2026-03-28,135.6
2026-03-14,15,2026-03-29,136.41
2026-03-14,16,2026-03-30,135.16
2026-03-14,17,2026-03-31,135.12
2026-03-14,18,2026-04-01,132.82
2026-03-14,19,2026-04-02,134.83
2026-03-14,20,2026-04-03,133.91
2026-03-14,21,2026-04-04,133.06
2026-03-14,22,2026-04-05,132.22
2026-03-14,23,2026-04-06,129.75
2026-03-14,24,2026-04-07,129.76
2026-03-14,25,2026-04-08,129.51
2026-03-14,26,2026-04-09,130.85
2026-03-14,27,2026-04-10,130.66
2026-03-14,28,2026-04-11,131.95
2026-03-14,29,2026-04-12,135.55
2026-03-14,30,2026-04-13,134.8
2026-03-15,1,2026-03-16,111.56
2026-03-15,2,2026-03-17,110.74
2026-03-15,3,2026-03-18,110.73
2026-03-15,4,2026-03-19,111.44
2026-03-15,5,2026-03-20,116.32
2026-03-15,6,2026-03-21,117.85
2026-03-15,7,2026-03-22,120.09
2026-03-15,8,2026-03-23,123.72
2026-03-15,9,2026-03-24,126.68
2026-03-15,10,2026-03-25,131.47
2026-03-15,11,2026-03-26,132.91
2026-03-15,12,2026-03-27,137.22
2026-03-15,13,2026-03-28,135.48
2026-03-15,14,2026-03-29,136.13
2026-03-15,15,2026-03-30,134.88
2026-03-15,16,2026-03-31,133.99
2026-03-15,17,2026-04-01,134.36
2026-03-15,18,2026-04-02,133.92
2026-03-15,19,2026-04-03,135.04
2026-03-15,20,2026-04-04,133.73
2026-03-15,21,2026-04-05,131.91
2026-03-15,22,2026-04-06,129.94
2026-03-15,23,2026-04-07,128.45
2026-03-15,24,2026-04-08,127.89
2026-03-15,25,2026-04-09,126.98
2026-03-15,26,2026-04-10,127.35
2026-03-15,27,2026-04-11,127.98
2026-03-15,28,2026-04-12,130.51
2026-03-15,29,2026-04-13,132.23
2026-03-15,30,2026-04-14,131.72
2026-03-16,1,2026-03-17,109.88
2026-03-16,2,2026-03-18,109.41
2026-03-16,3,2026-03-19,110.96
2026-03-16,4,2026-03-20,113.42
2026-03-16,5,2026-03-21,114.13
2026-03-16,6,2026-03-22,118.43
2026-03-16,7,2026-03-23,122.79
2026-03-16,8,2026-03-24,125.51
2026-03-16,9,2026-03-25,130.16
2026-03-16,10,2026-03-26,135.45
2026-03-16,11,2026-03-27,136.58
2026-03-16,12,2026-03-28,135.7
2026-03-16,13,2026-03-29,137.01
2026-03-16,14,2026-03-30,135.61
2026-03-16,15,2026-03-31,136.13
2026-03-16,16,2026-04-01,136.33
2026-03-16,17,2026-04-02,136.68
2026-03-16,18,2026-04-03,135.01
2026-03-16,19,2026-04-04,135.96
2026-03-16,20,2026-04-05,133.64
2026-03-16,21,2026-04-06,130.88
2026-03-16,22,2026-04-07,129.05
2026-03-16,23,2026-04-08,129.4
2026-03-16,24,2026-04-09,128.2
2026-03-16,25,2026-04-10,126.53
2026-03-16,26,2026-04-11,126.03
2026-03-16,27,2026-04-12,128.36
2026-03-16,28,2026-04-13,129.56
2026-03-16,29,2026-04-14,132.62
2026-03-16,30,2026-04-15,129.9
2026-03-17,1,2026-03-18,111.22
2026-03-17,2,2026-03-19,111.07
2026-03-17,3,2026-03-20,110.98
2026-03-17,4,2026-03-21,113.87
2026-03-17,5,2026-03-22,114.15
2026-03-17,6,2026-03-23,117.28
2026-03-17,7,2026-03-24,121.32
2026-03-17,8,2026-03-25,125.29
2026-03-17,9,2026-03-26,132.01
2026-03-17,10,2026-03-27,136.4
2026-03-17,11,2026-03-28,134.11
2026-03-17,12,2026-03-29,135.12
2026-03-17,13,2026-03-30,135.77
2026-03-17,14,2026-03-31,135.22
2026-03-17,15,2026-04-01,135.49
2026-03-17,16,2026-04-02,137.83
2026-03-17,17,2026-04-03,136.52
2026-03-17,18,2026-04-04,135.4
2026-03-17,19,2026-04-05,133.91
2026-03-17,20,2026-04-06,131.78
2026-03-17,21,2026-04-07,130.79
2026-03-17,22,2026-04-08,128.65
2026-03-17,23,2026-04-09,127.79
2026-03-17,24,2026-04-10,127.67
2026-03-17,25,2026-04-11,126.4
2026-03-17,26,2026-04-12,128.02
2026-03-17,27,2026-04-13,128.93
2026-03-17,28,2026-04-14,130.15
2026-03-17,29,2026-04-15,132.11
2026-03-17,30,2026-04-16,129.68
2026-03-18,1,2026-03-19,112.46
2026-03-18,2,2026-03-20,112.95
2026-03-18,3,2026-03-21,113.81
2026-03-18,4,2026-03-22,115.8
2026-03-18,5,2026-03-23,117.43
2026-03-18,6,2026-03-24,121.66
2026-03-18,7,2026-03-25,125.88
2026-03-18,8,2026-03-26,130.35
2026-03-18,9,2026-03-27,135.8
2026-03-18,10,2026-03-28,136.37
2026-03-18,11,2026-03-29,134.81
2026-03-18,12,2026-03-30,133.64
2026-03-18,13,2026-03-31,136.1
2026-03-18,14,2026-04-01,135.1
2026-03-18,15,2026-04-02,137.63
2026-03-18,16,2026-04-03,136.78
2026-03-18,17,2026-04-04,136.03
2026-03-18,18,2026-04-05,134.58
2026-03-18,19,2026-04-06,132.52
2026-03-18,20,2026-04-07,131.08
2026-03-18,21,2026-04-08,129.02
2026-03-18,22,2026-04-09,127.42
2026-03-18,23,2026-04-10,125.65
2026-03-18,24,2026-04-11,125.9
2026-03-18,25,2026-04-12,128.37
2026-03-18,26,2026-04-13,127.77
2026-03-18,27,2026-04-14,130.02
2026-03-18,28,2026-04-15,129.56
2026-03-18,29,2026-04-16,132.02
2026-03-18,30,2026-04-17,131.31
2026-03-19,1,2026-03-20,113.07
2026-03-19,2,2026-03-21,113.06
2026-03-19,3,2026-03-22,113.58
2026-03-19,4,2026-03-23,115.73
2026-03-19,5,2026-03-24,118.79
2026-03-19,6,2026-03-25,121.21
2026-03-19,7,2026-03-26,127.54
2026-03-19,8,2026-03-27,136.87
2026-03-19,9,2026-03-28,134.57
2026-03-19,10,2026-03-29,135.59
2026-03-19,11,2026-03-30,134.57
2026-03-19,12,2026-03-31,134.78
2026-03-19,13,2026-04-01,136.42
2026-03-19,14,2026-04-02,137.48
2026-03-19,15,2026-04-03,137.93
2026-03-19,16,2026-04-04,136.07
2026-03-19,17,2026-04-05,135.82
2026-03-19,18,2026-04-06,133.0
2026-03-19,19,2026-04-07,131.37
2026-03-19,20,2026-04-08,129.53
2026-03-19,21,2026-04-09,128.43
2026-03-19,22,2026-04-10,125.43
2026-03-19,23,2026-04-11,126.49
2026-03-19,24,2026-04-12,128.03
2026-03-19,25,2026-04-13,130.14
2026-03-19,26,2026-04-14,129.4
2026-03-19,27,2026-04-15,132.29
2026-03-19,28,2026-04-16,132.34
2026-03-19,29,2026-04-17,134.56
2026-03-19,30,2026-04-18,130.88
2026-03-20,1,2026-03-21,107.37
2026-03-20,2,2026-03-22,107.05
2026-03-20,3,2026-03-23,108.45
2026-03-20,4,2026-03-24,111.5
2026-03-20,5,2026-03-25,115.99
2026-03-20,6,2026-03-26,120.81
2026-03-20,7,2026-03-27,131.76
2026-03-20,8,2026-03-28,133.28
2026-03-20,9,2026-03-29,133.57
2026-03-20,10,2026-03-30,134.64
2026-03-20,11,2026-03-31,134.96
2026-03-20,12,2026-04-01,135.38
2026-03-20,13,2026-04-02,137.51
2026-03-20,14,2026-04-03,138.22
2026-03-20,15,2026-04-04,136.55
2026-03-20,16,2026-04-05,136.11
2026-03-20,17,2026-04-06,133.92
2026-03-20,18,2026-04-07,131.12
2026-03-20,19,2026-04-08,129.32
2026-03-20,20,2026-04-09,128.25
2026-03-20,21,2026-04-10,124.4
2026-03-20,22,2026-04-11,123.66
2026-03-20,23,2026-04-12,126.85
2026-03-20,24,2026-04-13,126.67
2026-03-20,25,2026-04-14,127.55
2026-03-20,26,2026-04-15,126.58
2026-03-20,27,2026-04-16,128.28
2026-03-20,28,2026-04-17,129.14
2026-03-20,29,2026-04-18,129.91
2026-03-20,30,2026-04-19,127.65
2026-03-21,1,2026-03-22,104.89
2026-03-21,2,2026-03-23,104.82
2026-03-21,3,2026-03-24,108.37
2026-03-21,4,2026-03-25,112.57
2026-03-21,5,2026-03-26,119.88
2026-03-21,6,2026-03-27,127.54
2026-03-21,7,2026-03-28,135.18
2026-03-21,8,2026-03-29,132.8
2026-03-21,9,2026-03-30,133.7
2026-03-21,10,2026-03-31,134.37
2026-03-21,11,2026-04-01,135.96
2026-03-21,12,2026-04-02,136.97
2026-03-21,13,2026-04-03,138.82
2026-03-21,14,2026-04-04,136.58
2026-03-21,15,2026-04-05,135.74
2026-03-21,16,2026-04-06,132.95
2026-03-21,17,2026-04-07,131.68
2026-03-21,18,2026-04-08,128.68
2026-03-21,19,2026-04-09,127.62
2026-03-21,20,2026-04-10,124.39
2026-03-21,21,2026-04-11,123.48
2026-03-21,22,2026-04-12,125.86
2026-03-21,23,2026-04-13,125.43
2026-03-21,24,2026-04-14,125.14
2026-03-21,25,2026-04-15,124.25
2026-03-21,26,2026-04-16,123.2
2026-03-21,27,2026-04-17,127.22
2026-03-21,28,2026-04-18,127.58
2026-03-21,29,2026-04-19,127.33
2026-03-21,30,2026-04-20,125.51
2026-03-22,1,2026-03-23,116.25
2026-03-22,2,2026-03-24,118.87
2026-03-22,3,2026-03-25,125.64
2026-03-22,4,2026-03-26,134.83
2026-03-22,5,2026-03-27,141.64
2026-03-22,6,2026-03-28,140.58
2026-03-22,7,2026-03-29,143.14
2026-03-22,8,2026-03-30,143.28
2026-03-22,9,2026-03-31,139.47
2026-03-22,10,2026-04-01,139.92
2026-03-22,11,2026-04-02,139.15
2026-03-22,12,2026-04-03,138.97
2026-03-22,13,2026-04-04,139.27
2026-03-22,14,2026-04-05,137.3
2026-03-22,15,2026-04-06,132.68
2026-03-22,16,2026-04-07,129.98
2026-03-22,17,2026-04-08,129.13
2026-03-22,18,2026-04-09,126.76
2026-03-22,19,2026-04-10,124.36
2026-03-22,20,2026-04-11,123.8
2026-03-22,21,2026-04-12,126.59
2026-03-22,22,2026-04-13,125.92
2026-03-22,23,2026-04-14,125.4
2026-03-22,24,2026-04-15,125.98
2026-03-22,25,2026-04-16,125.54
2026-03-22,26,2026-04-17,125.86
2026-03-22,27,2026-04-18,130.02
2026-03-22,28,2026-04-19,128.39
2026-03-22,29,2026-04-20,126.85
2026-03-22,30,2026-04-21,126.15
2026-03-23,1,2026-03-24,129.19
2026-03-23,2,2026-03-25,136.19
2026-03-23,3,2026-03-26,138.45
2026-03-23,4,2026-03-27,151.01
2026-03-23,5,2026-03-28,153.01
2026-03-23,6,2026-03-29,150.25
2026-03-23,7,2026-03-30,152.26
2026-03-23,8,2026-03-31,147.43
2026-03-23,9,2026-04-01,144.17
2026-03-23,10,2026-04-02,143.14
2026-03-23,11,2026-04-03,141.41
2026-03-23,12,2026-04-04,139.0
2026-03-23,13,2026-04-05,136.44
2026-03-23,14,2026-04-06,133.88
2026-03-23,15,2026-04-07,131.49
2026-03-23,16,2026-04-08,128.72
2026-03-23,17,2026-04-09,128.14
2026-03-23,18,2026-04-10,125.22
2026-03-23,19,2026-04-11,123.8
2026-03-23,20,2026-04-12,126.09
2026-03-23,21,2026-04-13,126.69
2026-03-23,22,2026-04-14,125.56
2026-03-23,23,2026-04-15,126.58
2026-03-23,24,2026-04-16,126.26
2026-03-23,25,2026-04-17,126.13
2026-03-23,26,2026-04-18,127.86
2026-03-23,27,2026-04-19,130.29
2026-03-23,28,2026-04-20,128.42
2026-03-23,29,2026-04-21,128.43
2026-03-23,30,2026-04-22,128.26
2026-03-24,1,2026-03-25,131.45
2026-03-24,2,2026-03-26,138.85
2026-03-24,3,2026-03-27,147.11
2026-03-24,4,2026-03-28,146.47
2026-03-24,5,2026-03-29,147.42
2026-03-24,6,2026-03-30,148.07
2026-03-24,7,2026-03-31,148.88
2026-03-24,8,2026-04-01,146.95
2026-03-24,9,2026-04-02,144.36
2026-03-24,10,2026-04-03,140.98
2026-03-24,11,2026-04-04,136.62
2026-03-24,12,2026-04-05,135.23
2026-03-24,13,2026-04-06,132.08
2026-03-24,14,2026-04-07,131.4
2026-03-24,15,2026-04-08,126.98
2026-03-24,16,2026-04-09,126.04
2026-03-24,17,2026-04-10,124.7
2026-03-24,18,2026-04-11,123.65
2026-03-24,19,2026-04-12,125.07
2026-03-24,20,2026-04-13,125.79
2026-03-24,21,2026-04-14,126.64
2026-03-24,22,2026-04-15,126.54
2026-03-24,23,2026-04-16,124.83
2026-03-24,24,2026-04-17,126.05
2026-03-24,25,2026-04-18,125.28
2026-03-24,26,2026-04-19,128.46
2026-03-24,27,2026-04-20,129.22
2026-03-24,28,2026-04-21,129.12
2026-03-24,29,2026-04-22,130.3
2026-03-24,30,2026-04-23,130.26
2026-03-25,1,2026-03-26,134.14
2026-03-25,2,2026-03-27,137.94
2026-03-25,3,2026-03-28,139.14
2026-03-25,4,2026-03-29,136.96
2026-03-25,5,2026-03-30,141.04
2026-03-25,6,2026-03-31,141.33
2026-03-25,7,2026-04-01,142.67
2026-03-25,8,2026-04-02,144.45
2026-03-25,9,2026-04-03,141.29
2026-03-25,10,2026-04-04,136.56
2026-03-25,11,2026-04-05,134.91
2026-03-25,12,2026-04-06,133.77
2026-03-25,13,2026-04-07,130.14
2026-03-25,14,2026-04-08,129.09
2026-03-25,15,2026-04-09,127.96
2026-03-25,16,2026-04-10,124.17
2026-03-25,17,2026-04-11,123.63
2026-03-25,18,2026-04-12,125.64
2026-03-25,19,2026-04-13,124.59
2026-03-25,20,2026-04-14,125.44
2026-03-25,21,2026-04-15,127.07
2026-03-25,22,2026-04-16,125.84
2026-03-25,23,2026-04-17,127.06
2026-03-25,24,2026-04-18,125.65
2026-03-25,25,2026-04-19,126.4
2026-03-25,26,2026-04-20,127.12
2026-03-25,27,2026-04-21,127.34
2026-03-25,28,2026-04-22,128.95
2026-03-25,29,2026-04-23,131.26
2026-03-25,30,2026-04-24,130.88
2026-03-26,1,2026-03-27,141.19
2026-03-26,2,2026-03-28,143.94
2026-03-26,3,2026-03-29,140.06
2026-03-26,4,2026-03-30,141.39
2026-03-26,5,2026-03-31,142.54
2026-03-26,6,2026-04-01,140.83
2026-03-26,7,2026-04-02,142.02
2026-03-26,8,2026-04-03,141.05
2026-03-26,9,2026-04-04,137.1
2026-03-26,10,2026-04-05,133.0
2026-03-26,11,2026-04-06,132.01
2026-03-26,12,2026-04-07,131.42
2026-03-26,13,2026-04-08,128.37
2026-03-26,14,2026-04-09,126.99
2026-03-26,15,2026-04-10,123.3
2026-03-26,16,2026-04-11,123.6
2026-03-26,17,2026-04-12,125.63
2026-03-26,18,2026-04-13,125.47
2026-03-26,19,2026-04-14,125.22
2026-03-26,20,2026-04-15,126.63
2026-03-26,21,2026-04-16,127.4
2026-03-26,22,2026-04-17,129.45
2026-03-26,23,2026-04-18,126.33
2026-03-26,24,2026-04-19,128.31
2026-03-26,25,2026-04-20,128.54
2026-03-26,26,2026-04-21,129.83
2026-03-26,27,2026-04-22,130.6
2026-03-26,28,2026-04-23,133.26
2026-03-26,29,2026-04-24,133.91
2026-03-26,30,2026-04-25,133.95
2026-03-27,1,2026-03-28,155.4
2026-03-27,2,2026-03-29,163.15
2026-03-27,3,2026-03-30,163.04
2026-03-27,4,2026-03-31,166.32
2026-03-27,5,2026-04-01,157.63
2026-03-27,6,2026-04-02,152.95
2026-03-27,7,2026-04-03,146.02
2026-03-27,8,2026-04-04,141.45
2026-03-27,9,2026-04-05,139.5
2026-03-27,10,2026-04-06,135.14
2026-03-27,11,2026-04-07,131.07
2026-03-27,12,2026-04-08,128.03
2026-03-27,13,2026-04-09,127.82
2026-03-27,14,2026-04-10,123.41
2026-03-27,15,2026-04-11,121.89
2026-03-27,16,2026-04-12,125.66
2026-03-27,17,2026-04-13,124.54
2026-03-27,18,2026-04-14,125.51
2026-03-27,19,2026-04-15,127.46
2026-03-27,20,2026-04-16,128.99
2026-03-27,21,2026-04-17,130.4
2026-03-27,22,2026-04-18,130.8
2026-03-27,23,2026-04-19,130.06
2026-03-27,24,2026-04-20,129.34
2026-03-27,25,2026-04-21,132.06
2026-03-27,26,2026-04-22,134.46
2026-03-27,27,2026-04-23,136.12
2026-03-27,28,2026-04-24,136.76
2026-03-27,29,2026-04-25,138.37
2026-03-27,30,2026-04-26,136.95
2026-03-28,1,2026-03-29,155.82
2026-03-28,2,2026-03-30,165.06
2026-03-28,3,2026-03-31,164.51
2026-03-28,4,2026-04-01,159.54
2026-03-28,5,2026-04-02,156.2
2026-03-28,6,2026-04-03,149.18
2026-03-28,7,2026-04-04,143.87
2026-03-28,8,2026-04-05,139.18
2026-03-28,9,2026-04-06,135.87
2026-03-28,10,2026-04-07,134.41
2026-03-28,11,2026-04-08,131.24
2026-03-28,12,2026-04-09,128.22
2026-03-28,13,2026-04-10,125.53
2026-03-28,14,2026-04-11,123.77
2026-03-28,15,2026-04-12,127.25
2026-03-28,16,2026-04-13,126.46
2026-03-28,17,2026-04-14,125.62
2026-03-28,18,2026-04-15,127.0
2026-03-28,19,2026-04-16,129.8
2026-03-28,20,2026-04-17,132.17
2026-03-28,21,2026-04-18,131.25
2026-03-28,22,2026-04-19,131.61
2026-03-28,23,2026-04-20,129.8
2026-03-28,24,2026-04-21,131.95
2026-03-28,25,2026-04-22,134.36
2026-03-28,26,2026-04-23,138.24
2026-03-28,27,2026-04-24,138.43
2026-03-28,28,2026-04-25,138.39
2026-03-28,29,2026-04-26,140.16
2026-03-28,30,2026-04-27,139.37
2026-03-29,1,2026-03-30,161.49
2026-03-29,2,2026-03-31,166.55
2026-03-29,3,2026-04-01,160.44
2026-03-29,4,2026-04-02,154.95
2026-03-29,5,2026-04-03,150.7
2026-03-29,6,2026-04-04,142.91
2026-03-29,7,2026-04-05,139.36
2026-03-29,8,2026-04-06,133.95
2026-03-29,9,2026-04-07,132.57
2026-03-29,10,2026-04-08,129.45
2026-03-29,11,2026-04-09,126.52
2026-03-29,12,2026-04-10,122.64
2026-03-29,13,2026-04-11,120.73
2026-03-29,14,2026-04-12,123.45
2026-03-29,15,2026-04-13,123.05
2026-03-29,16,2026-04-14,125.02
2026-03-29,17,2026-04-15,126.63
2026-03-29,18,2026-04-16,128.41
2026-03-29,19,2026-04-17,131.92
2026-03-29,20,2026-04-18,131.97
2026-03-29,21,2026-04-19,129.9
2026-03-29,22,2026-04-20,130.68
2026-03-29,23,2026-04-21,131.2
2026-03-29,24,2026-04-22,136.36
2026-03-29,25,2026-04-23,139.57
2026-03-29,26,2026-04-24,141.76
2026-03-29,27,2026-04-25,143.09
2026-03-29,28,2026-04-26,144.26
2026-03-29,29,2026-04-27,146.6
2026-03-29,30,2026-04-28,142.05
2026-03-30,1,2026-03-31,158.35
2026-03-30,2,2026-04-01,160.39
2026-03-30,3,2026-04-02,155.5
2026-03-30,4,2026-04-03,148.63
2026-03-30,5,2026-04-04,141.35
2026-03-30,6,2026-04-05,138.23
2026-03-30,7,2026-04-06,130.9
2026-03-30,8,2026-04-07,130.1
2026-03-30,9,2026-04-08,129.61
2026-03-30,10,2026-04-09,123.64
2026-03-30,11,2026-04-10,121.86
2026-03-30,12,2026-04-11,119.92
2026-03-30,13,2026-04-12,120.88
2026-03-30,14,2026-04-13,121.75
2026-03-30,15,2026-04-14,123.78
2026-03-30,16,2026-04-15,125.29
2026-03-30,17,2026-04-16,129.87
2026-03-30,18,2026-04-17,130.73
2026-03-30,19,2026-04-18,131.48
2026-03-30,20,2026-04-19,130.26
2026-03-30,21,2026-04-20,128.84
2026-03-30,22,2026-04-21,131.09
2026-03-30,23,2026-04-22,134.39
2026-03-30,24,2026-04-23,139.47
2026-03-30,25,2026-04-24,141.86
2026-03-30,26,2026-04-25,144.19
2026-03-30,27,2026-04-26,144.63
2026-03-30,28,2026-04-27,143.32
2026-03-30,29,2026-04-28,143.96
2026-03-30,30,2026-04-29,140.34
2026-03-31,1,2026-04-01,152.17
2026-03-31,2,2026-04-02,150.53
2026-03-31,3,2026-04-03,146.24
2026-03-31,4,2026-04-04,140.75
2026-03-31,5,2026-04-05,136.68
2026-03-31,6,2026-04-06,131.15
2026-03-31,7,2026-04-07,125.07
2026-03-31,8,2026-04-08,123.83
2026-03-31,9,2026-04-09,122.17
2026-03-31,10,2026-04-10,120.65
2026-03-31,11,2026-04-11,118.67
2026-03-31,12,2026-04-12,120.97
2026-03-31,13,2026-04-13,118.46
2026-03-31,14,2026-04-14,122.0
2026-03-31,15,2026-04-15,124.81
2026-03-31,16,2026-04-16,128.73
2026-03-31,17,2026-04-17,132.35
2026-03-31,18,2026-04-18,130.03
2026-03-31,19,2026-04-19,128.62
2026-03-31,20,2026-04-20,128.92
2026-03-31,21,2026-04-21,130.42
2026-03-31,22,2026-04-22,135.09
2026-03-31,23,2026-04-23,138.49
2026-03-31,24,2026-04-24,139.48
2026-03-31,25,2026-04-25,141.12
2026-03-31,26,2026-04-26,141.05
2026-03-31,27,2026-04-27,140.76
2026-03-31,28,2026-04-28,138.74
2026-03-31,29,2026-04-29,138.03
2026-03-31,30,2026-04-30,136.79
2026-04-01,1,2026-04-02,140.92
2026-04-01,2,2026-04-03,139.49
2026-04-01,3,2026-04-04,135.54
2026-04-01,4,2026-04-05,134.13
2026-04-01,5,2026-04-06,129.84
2026-04-01,6,2026-04-07,123.85
2026-04-01,7,2026-04-08,123.62
2026-04-01,8,2026-04-09,119.7
2026-04-01,9,2026-04-10,117.5
2026-04-01,10,2026-04-11,116.45
2026-04-01,11,2026-04-12,119.15
2026-04-01,12,2026-04-13,118.49
2026-04-01,13,2026-04-14,120.44
2026-04-01,14,2026-04-15,123.69
2026-04-01,15,2026-04-16,128.04
2026-04-01,16,2026-04-17,131.63
2026-04-01,17,2026-04-18,131.05
2026-04-01,18,2026-04-19,127.57
2026-04-01,19,2026-04-20,127.47
2026-04-01,20,2026-04-21,129.18
2026-04-01,21,2026-04-22,132.78
2026-04-01,22,2026-04-23,136.58
2026-04-01,23,2026-04-24,138.99
2026-04-01,24,2026-04-25,137.86
2026-04-01,25,2026-04-26,138.11
2026-04-01,26,2026-04-27,137.5
2026-04-01,27,2026-04-28,135.84
2026-04-01,28,2026-04-29,135.8
2026-04-01,29,2026-04-30,134.96
2026-04-01,30,2026-05-01,134.25
2026-04-02,1,2026-04-03,139.13
2026-04-02,2,2026-04-04,138.61
2026-04-02,3,2026-04-05,136.04
2026-04-02,4,2026-04-06,133.65
2026-04-02,5,2026-04-07,127.84
2026-04-02,6,2026-04-08,127.22
2026-04-02,7,2026-04-09,121.2
2026-04-02,8,2026-04-10,118.78
2026-04-02,9,2026-04-11,119.82
2026-04-02,10,2026-04-12,120.1
2026-04-02,11,2026-04-13,121.07
2026-04-02,12,2026-04-14,124.52
2026-04-02,13,2026-04-15,125.77
2026-04-02,14,2026-04-16,130.77
2026-04-02,15,2026-04-17,134.3
2026-04-02,16,2026-04-18,133.31
2026-04-02,17,2026-04-19,131.75
2026-04-02,18,2026-04-20,129.01
2026-04-02,19,2026-04-21,131.18
2026-04-02,20,2026-04-22,136.47
2026-04-02,21,2026-04-23,139.96
2026-04-02,22,2026-04-24,140.92
2026-04-02,23,2026-04-25,140.82
2026-04-02,24,2026-04-26,139.06
2026-04-02,25,2026-04-27,138.47
2026-04-02,26,2026-04-28,137.0
2026-04-02,27,2026-04-29,136.74
2026-04-02,28,2026-04-30,135.71
2026-04-02,29,2026-05-01,134.59
2026-04-02,30,2026-05-02,133.39
2026-04-03,1,2026-04-04,137.34
2026-04-03,2,2026-04-05,133.95
2026-04-03,3,2026-04-06,133.99
2026-04-03,4,2026-04-07,127.98
2026-04-03,5,2026-04-08,128.65
2026-04-03,6,2026-04-09,119.23
2026-04-03,7,2026-04-10,118.51
2026-04-03,8,2026-04-11,119.16
2026-04-03,9,2026-04-12,121.31
2026-04-03,10,2026-04-13,121.57
2026-04-03,11,2026-04-14,124.31
2026-04-03,12,2026-04-15,127.77
2026-04-03,13,2026-04-16,131.77
2026-04-03,14,2026-04-17,137.11
2026-04-03,15,2026-04-18,134.67
2026-04-03,16,2026-04-19,131.25
2026-04-03,17,2026-04-20,131.55
2026-04-03,18,2026-04-21,131.23
2026-04-03,19,2026-04-22,136.17
2026-04-03,20,2026-04-23,140.52
2026-04-03,21,2026-04-24,141.58
2026-04-03,22,2026-04-25,141.97
2026-04-03,23,2026-04-26,140.58
2026-04-03,24,2026-04-27,139.16
2026-04-03,25,2026-04-28,138.23
2026-04-03,26,2026-04-29,137.56
2026-04-03,27,2026-04-30,137.31
2026-04-03,28,2026-05-01,133.44
2026-04-03,29,2026-05-02,132.72
2026-04-03,30,2026-05-03,132.45
2026-04-04,1,2026-04-05,132.0
2026-04-04,2,2026-04-06,129.35
2026-04-04,3,2026-04-07,123.34
2026-04-04,4,2026-04-08,124.03
2026-04-04,5,2026-04-09,114.48
2026-04-04,6,2026-04-10,114.22
2026-04-04,7,2026-04-11,115.34
2026-04-04,8,2026-04-12,115.79
2026-04-04,9,2026-04-13,119.69
2026-04-04,10,2026-04-14,121.21
2026-04-04,11,2026-04-15,125.05
2026-04-04,12,2026-04-16,129.69
2026-04-04,13,2026-04-17,133.91
2026-04-04,14,2026-04-18,135.41
2026-04-04,15,2026-04-19,131.04
2026-04-04,16,2026-04-20,127.56
2026-04-04,17,2026-04-21,129.52
2026-04-04,18,2026-04-22,135.19
2026-04-04,19,2026-04-23,140.06
2026-04-04,20,2026-04-24,140.5
2026-04-04,21,2026-04-25,140.88
2026-04-04,22,2026-04-26,138.64
2026-04-04,23,2026-04-27,139.71
2026-04-04,24,2026-04-28,138.42
2026-04-04,25,2026-04-29,135.78
2026-04-04,26,2026-04-30,134.87
2026-04-04,27,2026-05-01,132.95
2026-04-04,28,2026-05-02,132.56
2026-04-04,29,2026-05-03,132.48
2026-04-04,30,2026-05-04,130.71
2026-04-05,1,2026-04-06,125.55
2026-04-05,2,2026-04-07,119.94
2026-04-05,3,2026-04-08,117.55
2026-04-05,4,2026-04-09,112.87
2026-04-05,5,2026-04-10,106.76
2026-04-05,6,2026-04-11,109.08
2026-04-05,7,2026-04-12,112.06
2026-04-05,8,2026-04-13,114.17
2026-04-05,9,2026-04-14,119.69
2026-04-05,10,2026-04-15,123.88
2026-04-05,11,2026-04-16,127.96
2026-04-05,12,2026-04-17,134.31
2026-04-05,13,2026-04-18,132.45
2026-04-05,14,2026-04-19,131.15
2026-04-05,15,2026-04-20,127.09
2026-04-05,16,2026-04-21,127.53
2026-04-05,17,2026-04-22,132.32
2026-04-05,18,2026-04-23,136.42
2026-04-05,19,2026-04-24,137.59
2026-04-05,20,2026-04-25,136.32
2026-04-05,21,2026-04-26,135.78
2026-04-05,22,2026-04-27,134.02
2026-04-05,23,2026-04-28,135.2
2026-04-05,24,2026-04-29,135.09
2026-04-05,25,2026-04-30,134.11
2026-04-05,26,2026-05-01,132.83
2026-04-05,27,2026-05-02,130.41
2026-04-05,28,2026-05-03,128.92
2026-04-05,29,2026-05-04,127.3
2026-04-05,30,2026-05-05,126.83
2026-04-06,1,2026-04-07,117.69
2026-04-06,2,2026-04-08,117.72
2026-04-06,3,2026-04-09,113.58
2026-04-06,4,2026-04-10,114.21
2026-04-06,5,2026-04-11,107.62
2026-04-06,6,2026-04-12,110.04
2026-04-06,7,2026-04-13,111.18
2026-04-06,8,2026-04-14,114.53
2026-04-06,9,2026-04-15,121.64
2026-04-06,10,2026-04-16,125.76
2026-04-06,11,2026-04-17,132.18
2026-04-06,12,2026-04-18,131.16
2026-04-06,13,2026-04-19,128.68
2026-04-06,14,2026-04-20,126.51
2026-04-06,15,2026-04-21,128.15
2026-04-06,16,2026-04-22,132.22
2026-04-06,17,2026-04-23,135.29
2026-04-06,18,2026-04-24,137.68
2026-04-06,19,2026-04-25,136.61
2026-04-06,20,2026-04-26,134.4
2026-04-06,21,2026-04-27,134.2
2026-04-06,22,2026-04-28,132.71
2026-04-06,23,2026-04-29,135.05
2026-04-06,24,2026-04-30,133.18
2026-04-06,25,2026-05-01,130.64
2026-04-06,26,2026-05-02,129.35
2026-04-06,27,2026-05-03,126.62
2026-04-06,28,2026-05-04,125.97
2026-04-06,29,2026-05-05,124.98
2026-04-06,30,2026-05-06,125.5
2026-04-07,1,2026-04-08,117.02
2026-04-07,2,2026-04-09,112.16
2026-04-07,3,2026-04-10,110.34
2026-04-07,4,2026-04-11,110.34
2026-04-07,5,2026-04-12,110.33
2026-04-07,6,2026-04-13,110.77
2026-04-07,7,2026-04-14,117.69
2026-04-07,8,2026-04-15,120.25
2026-04-07,9,2026-04-16,124.52
2026-04-07,10,2026-04-17,130.33
2026-04-07,11,2026-04-18,130.26
2026-04-07,12,2026-04-19,127.85
2026-04-07,13,2026-04-20,124.62
2026-04-07,14,2026-04-21,125.75
2026-04-07,15,2026-04-22,130.32
2026-04-07,16,2026-04-23,133.1
2026-04-07,17,2026-04-24,135.5
2026-04-07,18,2026-04-25,136.12
2026-04-07,19,2026-04-26,134.09
2026-04-07,20,2026-04-27,133.28
2026-04-07,21,2026-04-28,132.11
2026-04-07,22,2026-04-29,131.73
2026-04-07,23,2026-04-30,131.93
2026-04-07,24,2026-05-01,130.67
2026-04-07,25,2026-05-02,127.24
2026-04-07,26,2026-05-03,125.87
2026-04-07,27,2026-05-04,124.04
2026-04-07,28,2026-05-05,124.11
2026-04-07,29,2026-05-06,123.2
2026-04-07,30,2026-05-07,124.89
2026-04-08,1,2026-04-09,106.66
2026-04-08,2,2026-04-10,105.66
2026-04-08,3,2026-04-11,104.33
2026-04-08,4,2026-04-12,103.89
2026-04-08,5,2026-04-13,103.38
2026-04-08,6,2026-04-14,110.54
2026-04-08,7,2026-04-15,118.98
2026-04-08,8,2026-04-16,120.99
2026-04-08,9,2026-04-17,130.06
2026-04-08,10,2026-04-18,129.6
2026-04-08,11,2026-04-19,126.82
2026-04-08,12,2026-04-20,124.13
2026-04-08,13,2026-04-21,125.25
2026-04-08,14,2026-04-22,130.02
2026-04-08,15,2026-04-23,133.35
2026-04-08,16,2026-04-24,135.13
2026-04-08,17,2026-04-25,135.09
2026-04-08,18,2026-04-26,135.61
2026-04-08,19,2026-04-27,132.97
2026-04-08,20,2026-04-28,132.44
2026-04-08,21,2026-04-29,130.63
2026-04-08,22,2026-04-30,129.86
2026-04-08,23,2026-05-01,128.56
2026-04-08,24,2026-05-02,126.21
2026-04-08,25,2026-05-03,123.62
2026-04-08,26,2026-05-04,121.86
2026-04-08,27,2026-05-05,121.07
2026-04-08,28,2026-05-06,121.47
2026-04-08,29,2026-05-07,121.09
2026-04-08,30,2026-05-08,121.48
2026-04-09,1,2026-04-10,106.14
2026-04-09,2,2026-04-11,104.63
2026-04-09,3,2026-04-12,104.14
2026-04-09,4,2026-04-13,103.7
2026-04-09,5,2026-04-14,107.58
2026-04-09,6,2026-04-15,116.66
2026-04-09,7,2026-04-16,118.83
2026-04-09,8,2026-04-17,129.18
2026-04-09,9,2026-04-18,128.71
2026-04-09,10,2026-04-19,125.48
2026-04-09,11,2026-04-20,124.28
2026-04-09,12,2026-04-21,124.39
2026-04-09,13,2026-04-22,129.66
2026-04-09,14,2026-04-23,132.75
2026-04-09,15,2026-04-24,135.0
2026-04-09,16,2026-04-25,134.34
2026-04-09,17,2026-04-26,132.91
2026-04-09,18,2026-04-27,133.15
2026-04-09,19,2026-04-28,131.03
2026-04-09,20,2026-04-29,129.98
2026-04-09,21,2026-04-30,128.86
2026-04-09,22,2026-05-01,126.44
2026-04-09,23,2026-05-02,124.76
2026-04-09,24,2026-05-03,122.38
2026-04-09,25,2026-05-04,121.41
2026-04-09,26,2026-05-05,120.76
2026-04-09,27,2026-05-06,121.1
2026-04-09,28,2026-05-07,120.5
2026-04-09,29,2026-05-08,120.33
2026-04-09,30,2026-05-09,123.03
2026-04-10,1,2026-04-11,96.66
2026-04-10,2,2026-04-12,96.41
2026-04-10,3,2026-04-13,99.16
2026-04-10,4,2026-04-14,102.45
2026-04-10,5,2026-04-15,111.43
2026-04-10,6,2026-04-16,117.43
2026-04-10,7,2026-04-17,127.41
2026-04-10,8,2026-04-18,129.92
2026-04-10,9,2026-04-19,123.63
2026-04-10,10,2026-04-20,122.84
2026-04-10,11,2026-04-21,124.02
2026-04-10,12,2026-04-22,129.02
2026-04-10,13,2026-04-23,132.61
2026-04-10,14,2026-04-24,135.0
2026-04-10,15,2026-04-25,133.44
2026-04-10,16,2026-04-26,130.81
2026-04-10,17,2026-04-27,131.01
2026-04-10,18,2026-04-28,130.14
2026-04-10,19,2026-04-29,128.06
2026-04-10,20,2026-04-30,126.09
2026-04-10,21,2026-05-01,124.69
2026-04-10,22,2026-05-02,121.98
2026-04-10,23,2026-05-03,119.93
2026-04-10,24,2026-05-04,117.87
2026-04-10,25,2026-05-05,117.71
2026-04-10,26,2026-05-06,116.36
2026-04-10,27,2026-05-07,116.17
2026-04-10,28,2026-05-08,115.2
2026-04-10,29,2026-05-09,116.28
2026-04-10,30,2026-05-10,117.87
2026-04-11,1,2026-04-12,94.65
2026-04-11,2,2026-04-13,96.13
2026-04-11,3,2026-04-14,100.92
2026-04-11,4,2026-04-15,106.53
2026-04-11,5,2026-04-16,111.87
2026-04-11,6,2026-04-17,121.82
2026-04-11,7,2026-04-18,129.24
2026-04-11,8,2026-04-19,122.41
2026-04-11,9,2026-04-20,121.7
2026-04-11,10,2026-04-21,122.89
2026-04-11,11,2026-04-22,128.65
2026-04-11,12,2026-04-23,132.2
2026-04-11,13,2026-04-24,133.03
2026-04-11,14,2026-04-25,131.88
2026-04-11,15,2026-04-26,130.38
2026-04-11,16,2026-04-27,130.35
2026-04-11,17,2026-04-28,128.37
2026-04-11,18,2026-04-29,128.09
2026-04-11,19,2026-04-30,126.05
2026-04-11,20,2026-05-01,123.88
2026-04-11,21,2026-05-02,121.4
2026-04-11,22,2026-05-03,118.62
2026-04-11,23,2026-05-04,117.05
2026-04-11,24,2026-05-05,116.77
2026-04-11,25,2026-05-06,114.69
2026-04-11,26,2026-05-07,113.96
2026-04-11,27,2026-05-08,112.89
2026-04-11,28,2026-05-09,113.62
2026-04-11,29,2026-05-10,115.11
2026-04-11,30,2026-05-11,116.5
2026-04-12,1,2026-04-13,95.49
2026-04-12,2,2026-04-14,96.51
2026-04-12,3,2026-04-15,103.11
2026-04-12,4,2026-04-16,107.16
2026-04-12,5,2026-04-17,117.12
2026-04-12,6,2026-04-18,121.81
2026-04-12,7,2026-04-19,116.71
2026-04-12,8,2026-04-20,118.59
2026-04-12,9,2026-04-21,120.84
2026-04-12,10,2026-04-22,125.8
2026-04-12,11,2026-04-23,130.13
2026-04-12,12,2026-04-24,132.75
2026-04-12,13,2026-04-25,130.63
2026-04-12,14,2026-04-26,129.97
2026-04-12,15,2026-04-27,128.31
2026-04-12,16,2026-04-28,127.07
2026-04-12,17,2026-04-29,126.19
2026-04-12,18,2026-04-30,126.48
2026-04-12,19,2026-05-01,123.05
2026-04-12,20,2026-05-02,120.63
2026-04-12,21,2026-05-03,118.07
2026-04-12,22,2026-05-04,117.02
2026-04-12,23,2026-05-05,115.42
2026-04-12,24,2026-05-06,114.49
2026-04-12,25,2026-05-07,112.42
2026-04-12,26,2026-05-08,112.05
2026-04-12,27,2026-05-09,113.18
2026-04-12,28,2026-05-10,113.09
2026-04-12,29,2026-05-11,113.04
2026-04-12,30,2026-05-12,116.8
2026-04-13,1,2026-04-14,103.44
2026-04-13,2,2026-04-15,103.51
2026-04-13,3,2026-04-16,110.04
2026-04-13,4,2026-04-17,116.45
2026-04-13,5,2026-04-18,125.16
2026-04-13,6,2026-04-19,117.17
2026-04-13,7,2026-04-20,117.62
2026-04-13,8,2026-04-21,120.83
2026-04-13,9,2026-04-22,125.44
2026-04-13,10,2026-04-23,130.12
2026-04-13,11,2026-04-24,132.29
2026-04-13,12,2026-04-25,131.94
2026-04-13,13,2026-04-26,129.54
2026-04-13,14,2026-04-27,128.06
2026-04-13,15,2026-04-28,126.93
2026-04-13,16,2026-04-29,126.45
2026-04-13,17,2026-04-30,126.22
2026-04-13,18,2026-05-01,123.6
2026-04-13,19,2026-05-02,120.62
2026-04-13,20,2026-05-03,118.41
2026-04-13,21,2026-05-04,116.56
2026-04-13,22,2026-05-05,115.42
2026-04-13,23,2026-05-06,114.69
2026-04-13,24,2026-05-07,112.73
2026-04-13,25,2026-05-08,111.81
2026-04-13,26,2026-05-09,112.97
2026-04-13,27,2026-05-10,113.24
2026-04-13,28,2026-05-11,114.43
2026-04-13,29,2026-05-12,115.76
2026-04-13,30,2026-05-13,114.27
2026-04-14,1,2026-04-15,104.8
2026-04-14,2,2026-04-16,106.4
2026-04-14,3,2026-04-17,115.28
2026-04-14,4,2026-04-18,118.06
2026-04-14,5,2026-04-19,117.74
2026-04-14,6,2026-04-20,116.43
2026-04-14,7,2026-04-21,116.46
2026-04-14,8,2026-04-22,121.85
2026-04-14,9,2026-04-23,127.1
2026-04-14,10,2026-04-24,129.63
2026-04-14,11,2026-04-25,128.92
2026-04-14,12,2026-04-26,127.99
2026-04-14,13,2026-04-27,127.73
2026-04-14,14,2026-04-28,125.26
2026-04-14,15,2026-04-29,124.96
2026-04-14,16,2026-04-30,124.6
2026-04-14,17,2026-05-01,123.91
2026-04-14,18,2026-05-02,121.21
2026-04-14,19,2026-05-03,118.57
2026-04-14,20,2026-05-04,117.25
2026-04-14,21,2026-05-05,114.55
2026-04-14,22,2026-05-06,113.55
2026-04-14,23,2026-05-07,111.8
2026-04-14,24,2026-05-08,111.0
2026-04-14,25,2026-05-09,111.7
2026-04-14,26,2026-05-10,112.85
2026-04-14,27,2026-05-11,113.09
2026-04-14,28,2026-05-12,113.96
2026-04-14,29,2026-05-13,111.7
2026-04-14,30,2026-05-14,114.14
2026-04-15,1,2026-04-16,106.44
2026-04-15,2,2026-04-17,111.49
2026-04-15,3,2026-04-18,119.16
2026-04-15,4,2026-04-19,117.32
2026-04-15,5,2026-04-20,122.07
2026-04-15,6,2026-04-21,121.56
2026-04-15,7,2026-04-22,120.72
2026-04-15,8,2026-04-23,124.53
2026-04-15,9,2026-04-24,128.3
2026-04-15,10,2026-04-25,127.71
2026-04-15,11,2026-04-26,126.98
2026-04-15,12,2026-04-27,125.82
2026-04-15,13,2026-04-28,124.78
2026-04-15,14,2026-04-29,124.66
2026-04-15,15,2026-04-30,124.65
2026-04-15,16,2026-05-01,123.11
2026-04-15,17,2026-05-02,121.66
2026-04-15,18,2026-05-03,118.16
2026-04-15,19,2026-05-04,115.93
2026-04-15,20,2026-05-05,114.21
2026-04-15,21,2026-05-06,113.81
2026-04-15,22,2026-05-07,112.45
2026-04-15,23,2026-05-08,110.83
2026-04-15,24,2026-05-09,111.94
2026-04-15,25,2026-05-10,112.21
2026-04-15,26,2026-05-11,113.31
2026-04-15,27,2026-05-12,116.13
2026-04-15,28,2026-05-13,113.36
2026-04-15,29,2026-05-14,113.73
2026-04-15,30,2026-05-15,114.94
2026-04-16,1,2026-04-17,112.92
2026-04-16,2,2026-04-18,117.79
2026-04-16,3,2026-04-19,121.32
2026-04-16,4,2026-04-20,120.32
2026-04-16,5,2026-04-21,120.31
2026-04-16,6,2026-04-22,125.16
2026-04-16,7,2026-04-23,124.83
2026-04-16,8,2026-04-24,125.92
2026-04-16,9,2026-04-25,126.96
2026-04-16,10,2026-04-26,126.25
2026-04-16,11,2026-04-27,125.51
2026-04-16,12,2026-04-28,124.95
2026-04-16,13,2026-04-29,123.94
2026-04-16,14,2026-04-30,124.07
2026-04-16,15,2026-05-01,122.33
2026-04-16,16,2026-05-02,119.35
2026-04-16,17,2026-05-03,117.71
2026-04-16,18,2026-05-04,116.41
2026-04-16,19,2026-05-05,114.25
2026-04-16,20,2026-05-06,113.89
2026-04-16,21,2026-05-07,112.75
2026-04-16,22,2026-05-08,110.81
2026-04-16,23,2026-05-09,112.22
2026-04-16,24,2026-05-10,112.86
2026-04-16,25,2026-05-11,114.39
2026-04-16,26,2026-05-12,115.95
2026-04-16,27,2026-05-13,113.56
2026-04-16,28,2026-05-14,114.85
2026-04-16,29,2026-05-15,115.29
2026-04-16,30,2026-05-16,116.36
2026-04-17,1,2026-04-18,118.83
2026-04-17,2,2026-04-19,118.24
2026-04-17,3,2026-04-20,115.84
2026-04-17,4,2026-04-21,116.92
2026-04-17,5,2026-04-22,115.71
2026-04-17,6,2026-04-23,121.86
2026-04-17,7,2026-04-24,122.24
2026-04-17,8,2026-04-25,124.16
2026-04-17,9,2026-04-26,123.35
2026-04-17,10,2026-04-27,124.57
2026-04-17,11,2026-04-28,123.59
2026-04-17,12,2026-04-29,124.4
2026-04-17,13,2026-04-30,123.5
2026-04-17,14,2026-05-01,123.67
2026-04-17,15,2026-05-02,119.95
2026-04-17,16,2026-05-03,117.48
2026-04-17,17,2026-05-04,117.58
2026-04-17,18,2026-05-05,115.17
2026-04-17,19,2026-05-06,113.44
2026-04-17,20,2026-05-07,111.87
2026-04-17,21,2026-05-08,111.87
2026-04-17,22,2026-05-09,111.95
2026-04-17,23,2026-05-10,112.84
2026-04-17,24,2026-05-11,113.24
2026-04-17,25,2026-05-12,114.83
2026-04-17,26,2026-05-13,114.85
2026-04-17,27,2026-05-14,114.67
2026-04-17,28,2026-05-15,116.08
2026-04-17,29,2026-05-16,116.8
2026-04-17,30,2026-05-17,118.7
2026-04-18,1,2026-04-19,115.12
2026-04-18,2,2026-04-20,114.07
2026-04-18,3,2026-04-21,113.46
2026-04-18,4,2026-04-22,116.53
2026-04-18,5,2026-04-23,118.35
2026-04-18,6,2026-04-24,119.55
2026-04-18,7,2026-04-25,119.82
2026-04-18,8,2026-04-26,120.68
2026-04-18,9,2026-04-27,123.07
2026-04-18,10,2026-04-28,122.69
2026-04-18,11,2026-04-29,123.94
2026-04-18,12,2026-04-30,123.95
2026-04-18,13,2026-05-01,122.12
2026-04-18,14,2026-05-02,120.68
2026-04-18,15,2026-05-03,116.88
2026-04-18,16,2026-05-04,116.2
2026-04-18,17,2026-05-05,115.5
2026-04-18,18,2026-05-06,114.18
2026-04-18,19,2026-05-07,112.83
2026-04-18,20,2026-05-08,111.66
2026-04-18,21,2026-05-09,111.07
2026-04-18,22,2026-05-10,112.2
2026-04-18,23,2026-05-11,113.03
2026-04-18,24,2026-05-12,114.47
2026-04-18,25,2026-05-13,114.66
2026-04-18,26,2026-05-14,114.74
2026-04-18,27,2026-05-15,114.47
2026-04-18,28,2026-05-16,116.08
2026-04-18,29,2026-05-17,117.27
2026-04-18,30,2026-05-18,118.76
2026-04-19,1,2026-04-20,109.11
2026-04-19,2,2026-04-21,107.89
2026-04-19,3,2026-04-22,110.29
2026-04-19,4,2026-04-23,114.89
2026-04-19,5,2026-04-24,118.35
2026-04-19,6,2026-04-25,118.1
2026-04-19,7,2026-04-26,116.81
2026-04-19,8,2026-04-27,121.15
2026-04-19,9,2026-04-28,121.91
2026-04-19,10,2026-04-29,124.03
2026-04-19,11,2026-04-30,123.0
2026-04-19,12,2026-05-01,122.02
2026-04-19,13,2026-05-02,120.08
2026-04-19,14,2026-05-03,119.33
2026-04-19,15,2026-05-04,116.41
2026-04-19,16,2026-05-05,115.43
2026-04-19,17,2026-05-06,114.7
2026-04-19,18,2026-05-07,112.58
2026-04-19,19,2026-05-08,111.42
2026-04-19,20,2026-05-09,110.44
2026-04-19,21,2026-05-10,112.14
2026-04-19,22,2026-05-11,111.65
2026-04-19,23,2026-05-12,113.33
2026-04-19,24,2026-05-13,113.6
2026-04-19,25,2026-05-14,114.03
2026-04-19,26,2026-05-15,114.54
2026-04-19,27,2026-05-16,113.87
2026-04-19,28,2026-05-17,116.56
2026-04-19,29,2026-05-18,116.51
2026-04-19,30,2026-05-19,118.17
2026-04-20,1,2026-04-21,106.03
2026-04-20,2,2026-04-22,108.18
2026-04-20,3,2026-04-23,110.94
2026-04-20,4,2026-04-24,113.58
2026-04-20,5,2026-04-25,116.57
2026-04-20,6,2026-04-26,113.93
2026-04-20,7,2026-04-27,115.63
2026-04-20,8,2026-04-28,119.37
2026-04-20,9,2026-04-29,122.24
2026-04-20,10,2026-04-30,120.79
2026-04-20,11,2026-05-01,121.61
2026-04-20,12,2026-05-02,119.44
2026-04-20,13,2026-05-03,117.81
2026-04-20,14,2026-05-04,116.37
2026-04-20,15,2026-05-05,113.91
2026-04-20,16,2026-05-06,113.54
2026-04-20,17,2026-05-07,112.37
2026-04-20,18,2026-05-08,110.69
2026-04-20,19,2026-05-09,110.02
2026-04-20,20,2026-05-10,111.33
2026-04-20,21,2026-05-11,111.09
2026-04-20,22,2026-05-12,113.25
2026-04-20,23,2026-05-13,112.46
2026-04-20,24,2026-05-14,113.55
2026-04-20,25,2026-05-15,113.87
2026-04-20,26,2026-05-16,113.87
2026-04-20,27,2026-05-17,115.97
2026-04-20,28,2026-05-18,115.72
2026-04-20,29,2026-05-19,116.42
2026-04-20,30,2026-05-20,117.23
2026-04-21,1,2026-04-22,109.07
2026-04-21,2,2026-04-23,110.01
2026-04-21,3,2026-04-24,114.23
2026-04-21,4,2026-04-25,114.44
2026-04-21,5,2026-04-26,114.48
2026-04-21,6,2026-04-27,116.81
2026-04-21,7,2026-04-28,116.5
2026-04-21,8,2026-04-29,123.36
2026-04-21,9,2026-04-30,120.78
2026-04-21,10,2026-05-01,120.66
2026-04-21,11,2026-05-02,120.11
2026-04-21,12,2026-05-03,118.05
2026-04-21,13,2026-05-04,116.19
2026-04-21,14,2026-05-05,116.0
2026-04-21,15,2026-05-06,113.49
2026-04-21,16,2026-05-07,112.17
2026-04-21,17,2026-05-08,111.24
2026-04-21,18,2026-05-09,109.97
2026-04-21,19,2026-05-10,111.23
2026-04-21,20,2026-05-11,111.76
2026-04-21,21,2026-05-12,112.64
2026-04-21,22,2026-05-13,112.54
2026-04-21,23,2026-05-14,113.59
2026-04-21,24,2026-05-15,113.68
2026-04-21,25,2026-05-16,114.15
2026-04-21,26,2026-05-17,114.46
2026-04-21,27,2026-05-18,114.44
2026-04-21,28,2026-05-19,116.13
2026-04-21,29,2026-05-20,116.71
2026-04-21,30,2026-05-21,118.58
2026-04-22,1,2026-04-23,116.27
2026-04-22,2,2026-04-24,118.66
2026-04-22,3,2026-04-25,121.91
2026-04-22,4,2026-04-26,119.64
2026-04-22,5,2026-04-27,122.5
2026-04-22,6,2026-04-28,124.38
2026-04-22,7,2026-04-29,125.49
2026-04-22,8,2026-04-30,121.67
2026-04-22,9,2026-05-01,119.52
2026-04-22,10,2026-05-02,119.61
2026-04-22,11,2026-05-03,118.01
2026-04-22,12,2026-05-04,116.98
2026-04-22,13,2026-05-05,115.7
2026-04-22,14,2026-05-06,115.38
2026-04-22,15,2026-05-07,113.04
2026-04-22,16,2026-05-08,111.96
2026-04-22,17,2026-05-09,111.62
2026-04-22,18,2026-05-10,111.97
2026-04-22,19,2026-05-11,112.37
2026-04-22,20,2026-05-12,113.06
2026-04-22,21,2026-05-13,112.99
2026-04-22,22,2026-05-14,114.42
2026-04-22,23,2026-05-15,114.3
2026-04-22,24,2026-05-16,114.47
2026-04-22,25,2026-05-17,115.36
2026-04-22,26,2026-05-18,115.13
2026-04-22,27,2026-05-19,116.14
2026-04-22,28,2026-05-20,117.64
2026-04-22,29,2026-05-21,118.82
2026-04-22,30,2026-05-22,121.43
2026-04-23,1,2026-04-24,117.23
2026-04-23,2,2026-04-25,119.31
2026-04-23,3,2026-04-26,123.47
2026-04-23,4,2026-04-27,124.96
2026-04-23,5,2026-04-28,120.38
2026-04-23,6,2026-04-29,125.32
2026-04-23,7,2026-04-30,119.95
2026-04-23,8,2026-05-01,119.59
2026-04-23,9,2026-05-02,117.5
2026-04-23,10,2026-05-03,117.42
2026-04-23,11,2026-05-04,117.65
2026-04-23,12,2026-05-05,115.94
2026-04-23,13,2026-05-06,114.95
2026-04-23,14,2026-05-07,113.84
2026-04-23,15,2026-05-08,111.92
2026-04-23,16,2026-05-09,111.7
2026-04-23,17,2026-05-10,112.85
2026-04-23,18,2026-05-11,112.37
2026-04-23,19,2026-05-12,112.03
2026-04-23,20,2026-05-13,112.69
2026-04-23,21,2026-05-14,113.8
2026-04-23,22,2026-05-15,114.85
2026-04-23,23,2026-05-16,114.08
2026-04-23,24,2026-05-17,115.34
2026-04-23,25,2026-05-18,115.61
2026-04-23,26,2026-05-19,116.48
2026-04-23,27,2026-05-20,117.2
2026-04-23,28,2026-05-21,118.84
2026-04-23,29,2026-05-22,120.9
2026-04-23,30,2026-05-23,121.08
2026-04-24,1,2026-04-25,129.42
2026-04-24,2,2026-04-26,131.5
2026-04-24,3,2026-04-27,134.05
2026-04-24,4,2026-04-28,134.38
2026-04-24,5,2026-04-29,140.07
2026-04-24,6,2026-04-30,131.37
2026-04-24,7,2026-05-01,128.63
2026-04-24,8,2026-05-02,125.94
2026-04-24,9,2026-05-03,119.76
2026-04-24,10,2026-05-04,117.77
2026-04-24,11,2026-05-05,115.68
2026-04-24,12,2026-05-06,114.2
2026-04-24,13,2026-05-07,112.86
2026-04-24,14,2026-05-08,111.08
2026-04-24,15,2026-05-09,110.99
2026-04-24,16,2026-05-10,112.17
2026-04-24,17,2026-05-11,112.02
2026-04-24,18,2026-05-12,113.23
2026-04-24,19,2026-05-13,113.07
2026-04-24,20,2026-05-14,113.68
2026-04-24,21,2026-05-15,115.29
2026-04-24,22,2026-05-16,116.0
2026-04-24,23,2026-05-17,117.29
2026-04-24,24,2026-05-18,117.34
2026-04-24,25,2026-05-19,119.08
2026-04-24,26,2026-05-20,120.39
2026-04-24,27,2026-05-21,122.26
2026-04-24,28,2026-05-22,123.58
2026-04-24,29,2026-05-23,125.29
2026-04-24,30,2026-05-24,125.96
2026-04-25,1,2026-04-26,146.23
2026-04-25,2,2026-04-27,148.4
2026-04-25,3,2026-04-28,145.7
2026-04-25,4,2026-04-29,151.45
2026-04-25,5,2026-04-30,141.92
2026-04-25,6,2026-05-01,134.45
2026-04-25,7,2026-05-02,134.72
2026-04-25,8,2026-05-03,126.82
2026-04-25,9,2026-05-04,121.31
2026-04-25,10,2026-05-05,116.42
2026-04-25,11,2026-05-06,115.4
2026-04-25,12,2026-05-07,111.98
2026-04-25,13,2026-05-08,111.14
2026-04-25,14,2026-05-09,110.43
2026-04-25,15,2026-05-10,111.26
2026-04-25,16,2026-05-11,110.69
2026-04-25,17,2026-05-12,114.03
2026-04-25,18,2026-05-13,113.3
2026-04-25,19,2026-05-14,114.91
2026-04-25,20,2026-05-15,114.34
2026-04-25,21,2026-05-16,116.25
2026-04-25,22,2026-05-17,118.82
2026-04-25,23,2026-05-18,118.97
2026-04-25,24,2026-05-19,121.5
2026-04-25,25,2026-05-20,123.67
2026-04-25,26,2026-05-21,125.95
2026-04-25,27,2026-05-22,128.69
2026-04-25,28,2026-05-23,129.15
2026-04-25,29,2026-05-24,129.73
2026-04-25,30,2026-05-25,128.71
2026-04-26,1,2026-04-27,147.6
2026-04-26,2,2026-04-28,147.1
2026-04-26,3,2026-04-29,146.78
2026-04-26,4,2026-04-30,145.68
2026-04-26,5,2026-05-01,142.06
2026-04-26,6,2026-05-02,135.23
2026-04-26,7,2026-05-03,132.16
2026-04-26,8,2026-05-04,122.87
2026-04-26,9,2026-05-05,119.69
2026-04-26,10,2026-05-06,116.02
2026-04-26,11,2026-05-07,113.52
2026-04-26,12,2026-05-08,110.75
2026-04-26,13,2026-05-09,111.76
2026-04-26,14,2026-05-10,112.0
2026-04-26,15,2026-05-11,111.56
2026-04-26,16,2026-05-12,113.42
2026-04-26,17,2026-05-13,114.3
2026-04-26,18,2026-05-14,114.71
2026-04-26,19,2026-05-15,114.81
2026-04-26,20,2026-05-16,115.45
2026-04-26,21,2026-05-17,118.23
2026-04-26,22,2026-05-18,118.4
2026-04-26,23,2026-05-19,121.44
2026-04-26,24,2026-05-20,123.84
2026-04-26,25,2026-05-21,126.22
2026-04-26,26,2026-05-22,128.53
2026-04-26,27,2026-05-23,130.39
2026-04-26,28,2026-05-24,129.68
2026-04-26,29,2026-05-25,130.38
2026-04-26,30,2026-05-26,128.05
2026-04-27,1,2026-04-28,151.49
2026-04-27,2,2026-04-29,152.6
2026-04-27,3,2026-04-30,152.35
2026-04-27,4,2026-05-01,149.58
2026-04-27,5,2026-05-02,148.61
2026-04-27,6,2026-05-03,136.29
2026-04-27,7,2026-05-04,133.94
2026-04-27,8,2026-05-05,125.43
2026-04-27,9,2026-05-06,119.3
2026-04-27,10,2026-05-07,115.66
2026-04-27,11,2026-05-08,112.49
2026-04-27,12,2026-05-09,110.42
2026-04-27,13,2026-05-10,112.31
2026-04-27,14,2026-05-11,111.66
2026-04-27,15,2026-05-12,113.21
2026-04-27,16,2026-05-13,113.35
2026-04-27,17,2026-05-14,114.7
2026-04-27,18,2026-05-15,114.81
2026-04-27,19,2026-05-16,114.95
2026-04-27,20,2026-05-17,117.47
2026-04-27,21,2026-05-18,118.89
2026-04-27,22,2026-05-19,121.48
2026-04-27,23,2026-05-20,124.09
2026-04-27,24,2026-05-21,128.34
2026-04-27,25,2026-05-22,130.08
2026-04-27,26,2026-05-23,132.03
2026-04-27,27,2026-05-24,133.37
2026-04-27,28,2026-05-25,131.99
2026-04-27,29,2026-05-26,131.32
2026-04-27,30,2026-05-27,129.82
2026-04-28,1,2026-04-29,144.72
2026-04-28,2,2026-04-30,141.23
2026-04-28,3,2026-05-01,139.1
2026-04-28,4,2026-05-02,135.48
2026-04-28,5,2026-05-03,130.48
2026-04-28,6,2026-05-04,126.43
2026-04-28,7,2026-05-05,120.7
2026-04-28,8,2026-05-06,115.2
2026-04-28,9,2026-05-07,113.17
2026-04-28,10,2026-05-08,110.74
2026-04-28,11,2026-05-09,109.6
2026-04-28,12,2026-05-10,111.08
2026-04-28,13,2026-05-11,111.0
2026-04-28,14,2026-05-12,112.08
2026-04-28,15,2026-05-13,112.16
2026-04-28,16,2026-05-14,113.44
2026-04-28,17,2026-05-15,114.94
2026-04-28,18,2026-05-16,114.41
2026-04-28,19,2026-05-17,115.85
2026-04-28,20,2026-05-18,116.78
2026-04-28,21,2026-05-19,119.71
2026-04-28,22,2026-05-20,121.86
2026-04-28,23,2026-05-21,124.33
2026-04-28,24,2026-05-22,128.2
2026-04-28,25,2026-05-23,128.75
2026-04-28,26,2026-05-24,128.97
2026-04-28,27,2026-05-25,128.0
2026-04-28,28,2026-05-26,126.48
2026-04-28,29,2026-05-27,126.23
2026-04-28,30,2026-05-28,126.55
2026-04-29,1,2026-04-30,140.0
2026-04-29,2,2026-05-01,141.8
2026-04-29,3,2026-05-02,138.58
2026-04-29,4,2026-05-03,133.9
2026-04-29,5,2026-05-04,130.67
2026-04-29,6,2026-05-05,121.57
2026-04-29,7,2026-05-06,116.01
2026-04-29,8,2026-05-07,111.58
2026-04-29,9,2026-05-08,110.83
2026-04-29,10,2026-05-09,109.17
2026-04-29,11,2026-05-10,109.63
2026-04-29,12,2026-05-11,110.03
2026-04-29,13,2026-05-12,112.36
2026-04-29,14,2026-05-13,111.7
2026-04-29,15,2026-05-14,112.35
2026-04-29,16,2026-05-15,113.55
2026-04-29,17,2026-05-16,115.06
2026-04-29,18,2026-05-17,116.51
2026-04-29,19,2026-05-18,116.0
2026-04-29,20,2026-05-19,119.22
2026-04-29,21,2026-05-20,122.25
2026-04-29,22,2026-05-21,126.32
2026-04-29,23,2026-05-22,128.9
2026-04-29,24,2026-05-23,130.0
2026-04-29,25,2026-05-24,129.69
2026-04-29,26,2026-05-25,129.39
2026-04-29,27,2026-05-26,129.32
2026-04-29,28,2026-05-27,128.24
2026-04-29,29,2026-05-28,127.45
2026-04-29,30,2026-05-29,126.8
2026-04-30,1,2026-05-01,140.43
2026-04-30,2,2026-05-02,139.3
2026-04-30,3,2026-05-03,135.68
2026-04-30,4,2026-05-04,130.77
2026-04-30,5,2026-05-05,122.81
2026-04-30,6,2026-05-06,118.02
2026-04-30,7,2026-05-07,113.93
2026-04-30,8,2026-05-08,109.51
2026-04-30,9,2026-05-09,109.86
2026-04-30,10,2026-05-10,110.16
2026-04-30,11,2026-05-11,110.22
2026-04-30,12,2026-05-12,111.15
2026-04-30,13,2026-05-13,111.32
2026-04-30,14,2026-05-14,111.94
2026-04-30,15,2026-05-15,112.75
2026-04-30,16,2026-05-16,113.35
2026-04-30,17,2026-05-17,117.32
2026-04-30,18,2026-05-18,116.1
2026-04-30,19,2026-05-19,118.07
2026-04-30,20,2026-05-20,121.7
2026-04-30,21,2026-05-21,124.97
2026-04-30,22,2026-05-22,129.08
2026-04-30,23,2026-05-23,129.06
2026-04-30,24,2026-05-24,129.88
2026-04-30,25,2026-05-25,127.29
2026-04-30,26,2026-05-26,128.35
2026-04-30,27,2026-05-27,127.6
2026-04-30,28,2026-05-28,126.66
2026-04-30,29,2026-05-29,126.61
2026-04-30,30,2026-05-30,125.46
2026-05-01,1,2026-05-02,142.12
2026-05-01,2,2026-05-03,139.29
2026-05-01,3,2026-05-04,137.33
2026-05-01,4,2026-05-05,133.45
2026-05-01,5,2026-05-06,125.6
2026-05-01,6,2026-05-07,119.69
2026-05-01,7,2026-05-08,116.43
2026-05-01,8,2026-05-09,111.99
2026-05-01,9,2026-05-10,113.14
2026-05-01,10,2026-05-11,112.1
2026-05-01,11,2026-05-12,113.8
2026-05-01,12,2026-05-13,113.58
2026-05-01,13,2026-05-14,113.91
2026-05-01,14,2026-05-15,114.04
2026-05-01,15,2026-05-16,115.5
2026-05-01,16,2026-05-17,116.53
2026-05-01,17,2026-05-18,117.14
2026-05-01,18,2026-05-19,118.59
2026-05-01,19,2026-05-20,122.19
2026-05-01,20,2026-05-21,125.9
2026-05-01,21,2026-05-22,129.17
2026-05-01,22,2026-05-23,130.75
2026-05-01,23,2026-05-24,129.97
2026-05-01,24,2026-05-25,128.79
2026-05-01,25,2026-05-26,127.98
2026-05-01,26,2026-05-27,128.2
2026-05-01,27,2026-05-28,127.87
2026-05-01,28,2026-05-29,126.78
2026-05-01,29,2026-05-30,126.51
2026-05-01,30,2026-05-31,124.31
2026-05-02,1,2026-05-03,143.73
2026-05-02,2,2026-05-04,138.59
2026-05-02,3,2026-05-05,135.75
2026-05-02,4,2026-05-06,129.07
2026-05-02,5,2026-05-07,123.39
2026-05-02,6,2026-05-08,118.31
2026-05-02,7,2026-05-09,115.73
2026-05-02,8,2026-05-10,113.22
2026-05-02,9,2026-05-11,114.5
2026-05-02,10,2026-05-12,114.89
2026-05-02,11,2026-05-13,113.81
2026-05-02,12,2026-05-14,114.46
2026-05-02,13,2026-05-15,115.07
2026-05-02,14,2026-05-16,114.66
2026-05-02,15,2026-05-17,117.8
2026-05-02,16,2026-05-18,117.42
2026-05-02,17,2026-05-19,119.73
2026-05-02,18,2026-05-20,123.04
2026-05-02,19,2026-05-21,126.71
2026-05-02,20,2026-05-22,130.38
2026-05-02,21,2026-05-23,130.97
2026-05-02,22,2026-05-24,133.5
2026-05-02,23,2026-05-25,131.18
2026-05-02,24,2026-05-26,129.86
2026-05-02,25,2026-05-27,128.62
2026-05-02,26,2026-05-28,129.3
2026-05-02,27,2026-05-29,129.0
2026-05-02,28,2026-05-30,126.28
2026-05-02,29,2026-05-31,126.13
2026-05-02,30,2026-06-01,123.54
2026-05-03,1,2026-05-04,147.85
2026-05-03,2,2026-05-05,140.76
2026-05-03,3,2026-05-06,135.8
2026-05-03,4,2026-05-07,129.31
2026-05-03,5,2026-05-08,119.84
2026-05-03,6,2026-05-09,116.86
2026-05-03,7,2026-05-10,115.28
2026-05-03,8,2026-05-11,115.43
2026-05-03,9,2026-05-12,117.87
2026-05-03,10,2026-05-13,116.88
2026-05-03,11,2026-05-14,117.81
2026-05-03,12,2026-05-15,118.09
2026-05-03,13,2026-05-16,117.19
2026-05-03,14,2026-05-17,118.78
2026-05-03,15,2026-05-18,117.71
2026-05-03,16,2026-05-19,119.82
2026-05-03,17,2026-05-20,123.4
2026-05-03,18,2026-05-21,128.69
2026-05-03,19,2026-05-22,133.03
2026-05-03,20,2026-05-23,134.18
2026-05-03,21,2026-05-24,134.97
2026-05-03,22,2026-05-25,133.62
2026-05-03,23,2026-05-26,133.95
2026-05-03,24,2026-05-27,132.42
2026-05-03,25,2026-05-28,132.24
2026-05-03,26,2026-05-29,132.28
2026-05-03,27,2026-05-30,132.48
2026-05-03,28,2026-05-31,129.26
2026-05-03,29,2026-06-01,128.43
2026-05-03,30,2026-06-02,125.5
2026-05-04,1,2026-05-05,138.53
2026-05-04,2,2026-05-06,133.35
2026-05-04,3,2026-05-07,129.89
2026-05-04,4,2026-05-08,126.09
2026-05-04,5,2026-05-09,121.73
2026-05-04,6,2026-05-10,118.37
2026-05-04,7,2026-05-11,118.03
2026-05-04,8,2026-05-12,122.75
2026-05-04,9,2026-05-13,119.56
2026-05-04,10,2026-05-14,119.43
2026-05-04,11,2026-05-15,120.3
2026-05-04,12,2026-05-16,119.16
2026-05-04,13,2026-05-17,119.4
2026-05-04,14,2026-05-18,117.94
2026-05-04,15,2026-05-19,120.39
2026-05-04,16,2026-05-20,123.79
2026-05-04,17,2026-05-21,128.69
2026-05-04,18,2026-05-22,132.77
2026-05-04,19,2026-05-23,133.66
2026-05-04,20,2026-05-24,136.47
2026-05-04,21,2026-05-25,130.9
2026-05-04,22,2026-05-26,131.25
2026-05-04,23,2026-05-27,129.74
2026-05-04,24,2026-05-28,130.77
2026-05-04,25,2026-05-29,129.83
2026-05-04,26,2026-05-30,130.2
2026-05-04,27,2026-05-31,128.68
2026-05-04,28,2026-06-01,126.16
2026-05-04,29,2026-06-02,126.14
2026-05-04,30,2026-06-03,121.54
2026-05-05,1,2026-05-06,136.33
2026-05-05,2,2026-05-07,133.92
2026-05-05,3,2026-05-08,130.76
2026-05-05,4,2026-05-09,127.54
2026-05-05,5,2026-05-10,125.36
2026-05-05,6,2026-05-11,123.18
2026-05-05,7,2026-05-12,125.78
2026-05-05,8,2026-05-13,123.33
2026-05-05,9,2026-05-14,122.42
2026-05-05,10,2026-05-15,121.7
2026-05-05,11,2026-05-16,119.58
2026-05-05,12,2026-05-17,122.14
2026-05-05,13,2026-05-18,120.67
2026-05-05,14,2026-05-19,120.64
2026-05-05,15,2026-05-20,125.0
2026-05-05,16,2026-05-21,128.74
2026-05-05,17,2026-05-22,133.52
2026-05-05,18,2026-05-23,135.8
2026-05-05,19,2026-05-24,136.49
2026-05-05,20,2026-05-25,133.88
2026-05-05,21,2026-05-26,130.69
2026-05-05,22,2026-05-27,131.43
2026-05-05,23,2026-05-28,129.93
2026-05-05,24,2026-05-29,129.95
2026-05-05,25,2026-05-30,129.56
2026-05-05,26,2026-05-31,127.69
2026-05-05,27,2026-06-01,127.03
2026-05-05,28,2026-06-02,123.85
2026-05-05,29,2026-06-03,121.81
2026-05-05,30,2026-06-04,117.66
2026-05-06,1,2026-05-07,122.66
2026-05-06,2,2026-05-08,120.51
2026-05-06,3,2026-05-09,115.84
2026-05-06,4,2026-05-10,115.67
2026-05-06,5,2026-05-11,114.3
2026-05-06,6,2026-05-12,121.54
2026-05-06,7,2026-05-13,116.33
2026-05-06,8,2026-05-14,122.4
2026-05-06,9,2026-05-15,122.35
2026-05-06,10,2026-05-16,121.72
2026-05-06,11,2026-05-17,123.35
2026-05-06,12,2026-05-18,120.62
2026-05-06,13,2026-05-19,122.54
2026-05-06,14,2026-05-20,124.58
2026-05-06,15,2026-05-21,128.64
2026-05-06,16,2026-05-22,133.13
2026-05-06,17,2026-05-23,134.17
2026-05-06,18,2026-05-24,134.67
2026-05-06,19,2026-05-25,132.52
2026-05-06,20,2026-05-26,130.43
2026-05-06,21,2026-05-27,128.33
2026-05-06,22,2026-05-28,127.87
2026-05-06,23,2026-05-29,128.48
2026-05-06,24,2026-05-30,128.85
2026-05-06,25,2026-05-31,125.09
2026-05-06,26,2026-06-01,123.5
2026-05-06,27,2026-06-02,120.52
2026-05-06,28,2026-06-03,119.24
2026-05-06,29,2026-06-04,118.23
2026-05-06,30,2026-06-05,116.36
2026-05-07,1,2026-05-08,113.79
2026-05-07,2,2026-05-09,110.27
2026-05-07,3,2026-05-10,107.27
2026-05-07,4,2026-05-11,106.41
2026-05-07,5,2026-05-12,108.1
2026-05-07,6,2026-05-13,106.8
2026-05-07,7,2026-05-14,112.54
2026-05-07,8,2026-05-15,116.43
2026-05-07,9,2026-05-16,116.43
2026-05-07,10,2026-05-17,119.29
2026-05-07,11,2026-05-18,118.87
2026-05-07,12,2026-05-19,122.97
2026-05-07,13,2026-05-20,125.26
2026-05-07,14,2026-05-21,128.57
2026-05-07,15,2026-05-22,133.02
2026-05-07,16,2026-05-23,133.81
2026-05-07,17,2026-05-24,135.25
2026-05-07,18,2026-05-25,132.44
2026-05-07,19,2026-05-26,131.2
2026-05-07,20,2026-05-27,129.35
2026-05-07,21,2026-05-28,127.58
2026-05-07,22,2026-05-29,127.02
2026-05-07,23,2026-05-30,126.7
2026-05-07,24,2026-05-31,124.73
2026-05-07,25,2026-06-01,122.52
2026-05-07,26,2026-06-02,119.58
2026-05-07,27,2026-06-03,118.7
2026-05-07,28,2026-06-04,116.62
2026-05-07,29,2026-06-05,117.3
2026-05-07,30,2026-06-06,116.99
2026-05-08,1,2026-05-09,111.51
2026-05-08,2,2026-05-10,110.76
2026-05-08,3,2026-05-11,107.99
2026-05-08,4,2026-05-12,110.73
2026-05-08,5,2026-05-13,106.06
2026-05-08,6,2026-05-14,111.72
2026-05-08,7,2026-05-15,114.21
2026-05-08,8,2026-05-16,113.9
2026-05-08,9,2026-05-17,119.74
2026-05-08,10,2026-05-18,117.99
2026-05-08,11,2026-05-19,122.9
2026-05-08,12,2026-05-20,124.38
2026-05-08,13,2026-05-21,129.85
2026-05-08,14,2026-05-22,132.48
2026-05-08,15,2026-05-23,135.14
2026-05-08,16,2026-05-24,135.24
2026-05-08,17,2026-05-25,133.48
2026-05-08,18,2026-05-26,130.65
2026-05-08,19,2026-05-27,130.9
2026-05-08,20,2026-05-28,129.82
2026-05-08,21,2026-05-29,127.57
2026-05-08,22,2026-05-30,127.15
2026-05-08,23,2026-05-31,124.7
2026-05-08,24,2026-06-01,122.82
2026-05-08,25,2026-06-02,119.65
2026-05-08,26,2026-06-03,118.16
2026-05-08,27,2026-06-04,118.29
2026-05-08,28,2026-06-05,116.75
2026-05-08,29,2026-06-06,116.94
2026-05-08,30,2026-06-07,118.5
2026-05-09,1,2026-05-10,116.63
2026-05-09,2,2026-05-11,116.13
2026-05-09,3,2026-05-12,114.46
2026-05-09,4,2026-05-13,115.7
2026-05-09,5,2026-05-14,122.39
2026-05-09,6,2026-05-15,120.52
2026-05-09,7,2026-05-16,118.11
2026-05-09,8,2026-05-17,119.54
2026-05-09,9,2026-05-18,117.89
2026-05-09,10,2026-05-19,121.85
2026-05-09,11,2026-05-20,122.31
2026-05-09,12,2026-05-21,127.58
2026-05-09,13,2026-05-22,132.19
2026-05-09,14,2026-05-23,134.18
2026-05-09,15,2026-05-24,135.34
2026-05-09,16,2026-05-25,132.58
2026-05-09,17,2026-05-26,132.63
2026-05-09,18,2026-05-27,129.96
2026-05-09,19,2026-05-28,131.89
2026-05-09,20,2026-05-29,128.66
2026-05-09,21,2026-05-30,128.5
2026-05-09,22,2026-05-31,125.43
2026-05-09,23,2026-06-01,123.47
2026-05-09,24,2026-06-02,120.94
2026-05-09,25,2026-06-03,119.29
2026-05-09,26,2026-06-04,119.08
2026-05-09,27,2026-06-05,119.19
2026-05-09,28,2026-06-06,117.02
2026-05-09,29,2026-06-07,117.27
2026-05-09,30,2026-06-08,117.37
2026-05-10,1,2026-05-11,118.5
2026-05-10,2,2026-05-12,117.57
2026-05-10,3,2026-05-13,114.98
2026-05-10,4,2026-05-14,117.81
2026-05-10,5,2026-05-15,121.92
2026-05-10,6,2026-05-16,116.27
2026-05-10,7,2026-05-17,118.85
2026-05-10,8,2026-05-18,117.53
2026-05-10,9,2026-05-19,121.01
2026-05-10,10,2026-05-20,120.84
2026-05-10,11,2026-05-21,124.81
2026-05-10,12,2026-05-22,129.82
2026-05-10,13,2026-05-23,131.96
2026-05-10,14,2026-05-24,132.0
2026-05-10,15,2026-05-25,130.34
2026-05-10,16,2026-05-26,130.24
2026-05-10,17,2026-05-27,131.52
2026-05-10,18,2026-05-28,131.3
2026-05-10,19,2026-05-29,129.64
2026-05-10,20,2026-05-30,127.91
2026-05-10,21,2026-05-31,125.22
2026-05-10,22,2026-06-01,122.74
2026-05-10,23,2026-06-02,121.2
2026-05-10,24,2026-06-03,119.83
2026-05-10,25,2026-06-04,119.23
2026-05-10,26,2026-06-05,119.31
2026-05-10,27,2026-06-06,118.09
2026-05-10,28,2026-06-07,118.68
2026-05-10,29,2026-06-08,117.43
2026-05-10,30,2026-06-09,118.83
2026-05-11,1,2026-05-12,123.28
2026-05-11,2,2026-05-13,118.53
2026-05-11,3,2026-05-14,120.17
2026-05-11,4,2026-05-15,117.39
2026-05-11,5,2026-05-16,116.06
2026-05-11,6,2026-05-17,119.24
2026-05-11,7,2026-05-18,118.21
2026-05-11,8,2026-05-19,119.89
2026-05-11,9,2026-05-20,122.38
2026-05-11,10,2026-05-21,126.13
2026-05-11,11,2026-05-22,130.45
2026-05-11,12,2026-05-23,132.91
2026-05-11,13,2026-05-24,132.49
2026-05-11,14,2026-05-25,130.87
2026-05-11,15,2026-05-26,130.28
2026-05-11,16,2026-05-27,131.07
2026-05-11,17,2026-05-28,133.02
2026-05-11,18,2026-05-29,129.88
2026-05-11,19,2026-05-30,129.59
2026-05-11,20,2026-05-31,127.48
2026-05-11,21,2026-06-01,123.66
2026-05-11,22,2026-06-02,121.5
2026-05-11,23,2026-06-03,120.29
2026-05-11,24,2026-06-04,119.63
2026-05-11,25,2026-06-05,120.28
2026-05-11,26,2026-06-06,120.12
2026-05-11,27,2026-06-07,120.65
2026-05-11,28,2026-06-08,119.32
2026-05-11,29,2026-06-09,118.28
2026-05-11,30,2026-06-10,119.84
2026-05-12,1,2026-05-13,112.36
2026-05-12,2,2026-05-14,112.07
2026-05-12,3,2026-05-15,110.21
2026-05-12,4,2026-05-16,107.84
2026-05-12,5,2026-05-17,106.78
2026-05-12,6,2026-05-18,113.1
2026-05-12,7,2026-05-19,113.21
2026-05-12,8,2026-05-20,119.35
2026-05-12,9,2026-05-21,123.98
2026-05-12,10,2026-05-22,129.31
2026-05-12,11,2026-05-23,133.72
2026-05-12,12,2026-05-24,132.14
2026-05-12,13,2026-05-25,131.4
2026-05-12,14,2026-05-26,131.35
2026-05-12,15,2026-05-27,130.57
2026-05-12,16,2026-05-28,131.72
2026-05-12,17,2026-05-29,131.4
2026-05-12,18,2026-05-30,129.11
2026-05-12,19,2026-05-31,126.57
2026-05-12,20,2026-06-01,124.69
2026-05-12,21,2026-06-02,121.24
2026-05-12,22,2026-06-03,119.3
2026-05-12,23,2026-06-04,117.83
2026-05-12,24,2026-06-05,119.86
2026-05-12,25,2026-06-06,118.97
2026-05-12,26,2026-06-07,118.66
2026-05-12,27,2026-06-08,117.04
2026-05-12,28,2026-06-09,116.97
2026-05-12,29,2026-06-10,117.99
2026-05-12,30,2026-06-11,117.95
2026-05-13,1,2026-05-14,110.59
2026-05-13,2,2026-05-15,107.6
2026-05-13,3,2026-05-16,104.95
2026-05-13,4,2026-05-17,106.39
2026-05-13,5,2026-05-18,109.64
2026-05-13,6,2026-05-19,113.8
2026-05-13,7,2026-05-20,118.64
2026-05-13,8,2026-05-21,123.96
2026-05-13,9,2026-05-22,128.38
2026-05-13,10,2026-05-23,133.65
2026-05-13,11,2026-05-24,133.93
2026-05-13,12,2026-05-25,131.95
2026-05-13,13,2026-05-26,131.72
2026-05-13,14,2026-05-27,131.74
2026-05-13,15,2026-05-28,132.7
2026-05-13,16,2026-05-29,130.21
2026-05-13,17,2026-05-30,130.3
2026-05-13,18,2026-05-31,126.34
2026-05-13,19,2026-06-01,123.91
2026-05-13,20,2026-06-02,120.93
2026-05-13,21,2026-06-03,118.99
2026-05-13,22,2026-06-04,117.47
2026-05-13,23,2026-06-05,118.19
2026-05-13,24,2026-06-06,118.55
2026-05-13,25,2026-06-07,117.3
2026-05-13,26,2026-06-08,115.34
2026-05-13,27,2026-06-09,115.62
2026-05-13,28,2026-06-10,115.8
2026-05-13,29,2026-06-11,117.15
2026-05-13,30,2026-06-12,117.99
2026-05-14,1,2026-05-15,104.18
2026-05-14,2,2026-05-16,101.36
2026-05-14,3,2026-05-17,103.37
2026-05-14,4,2026-05-18,106.65
2026-05-14,5,2026-05-19,108.87
2026-05-14,6,2026-05-20,114.0
2026-05-14,7,2026-05-21,119.79
2026-05-14,8,2026-05-22,130.0
2026-05-14,9,2026-05-23,133.05
2026-05-14,10,2026-05-24,135.48
2026-05-14,11,2026-05-25,135.49
2026-05-14,12,2026-05-26,134.92
2026-05-14,13,2026-05-27,132.35
2026-05-14,14,2026-05-28,134.05
2026-05-14,15,2026-05-29,130.2
2026-05-14,16,2026-05-30,130.63
2026-05-14,17,2026-05-31,128.01
2026-05-14,18,2026-06-01,123.65
2026-05-14,19,2026-06-02,120.83
2026-05-14,20,2026-06-03,117.33
2026-05-14,21,2026-06-04,117.15
2026-05-14,22,2026-06-05,117.5
2026-05-14,23,2026-06-06,117.57
2026-05-14,24,2026-06-07,116.96
2026-05-14,25,2026-06-08,113.91
2026-05-14,26,2026-06-09,113.35
2026-05-14,27,2026-06-10,113.21
2026-05-14,28,2026-06-11,113.74
2026-05-14,29,2026-06-12,114.93
2026-05-14,30,2026-06-13,115.24
2026-05-15,1,2026-05-16,103.34
2026-05-15,2,2026-05-17,106.15
2026-05-15,3,2026-05-18,108.28
2026-05-15,4,2026-05-19,111.25
2026-05-15,5,2026-05-20,115.68
2026-05-15,6,2026-05-21,122.38
2026-05-15,7,2026-05-22,128.63
2026-05-15,8,2026-05-23,134.23
2026-05-15,9,2026-05-24,134.18
2026-05-15,10,2026-05-25,134.68
2026-05-15,11,2026-05-26,135.67
2026-05-15,12,2026-05-27,135.55
2026-05-15,13,2026-05-28,134.33
2026-05-15,14,2026-05-29,133.41
2026-05-15,15,2026-05-30,132.87
2026-05-15,16,2026-05-31,129.52
2026-05-15,17,2026-06-01,125.59
2026-05-15,18,2026-06-02,122.64
2026-05-15,19,2026-06-03,119.52
2026-05-15,20,2026-06-04,116.57
2026-05-15,21,2026-06-05,119.09
2026-05-15,22,2026-06-06,117.43
2026-05-15,23,2026-06-07,117.6
2026-05-15,24,2026-06-08,113.88
2026-05-15,25,2026-06-09,113.67
2026-05-15,26,2026-06-10,112.36
2026-05-15,27,2026-06-11,113.59
2026-05-15,28,2026-06-12,114.73
2026-05-15,29,2026-06-13,115.55
2026-05-15,30,2026-06-14,117.04
2026-05-16,1,2026-05-17,101.74
2026-05-16,2,2026-05-18,104.22
2026-05-16,3,2026-05-19,107.88
2026-05-16,4,2026-05-20,113.63
2026-05-16,5,2026-05-21,121.02
2026-05-16,6,2026-05-22,125.98
2026-05-16,7,2026-05-23,133.2
2026-05-16,8,2026-05-24,135.1
2026-05-16,9,2026-05-25,137.82
2026-05-16,10,2026-05-26,136.41
2026-05-16,11,2026-05-27,137.52
2026-05-16,12,2026-05-28,136.45
2026-05-16,13,2026-05-29,134.82
2026-05-16,14,2026-05-30,134.96
2026-05-16,15,2026-05-31,130.6
2026-05-16,16,2026-06-01,127.52
2026-05-16,17,2026-06-02,124.36
2026-05-16,18,2026-06-03,120.6
2026-05-16,19,2026-06-04,117.93
2026-05-16,20,2026-06-05,117.05
2026-05-16,21,2026-06-06,117.64
2026-05-16,22,2026-06-07,115.82
2026-05-16,23,2026-06-08,113.83
2026-05-16,24,2026-06-09,112.13
2026-05-16,25,2026-06-10,112.86
2026-05-16,26,2026-06-11,112.06
2026-05-16,27,2026-06-12,112.73
2026-05-16,28,2026-06-13,113.02
2026-05-16,29,2026-06-14,113.39
2026-05-16,30,2026-06-15,115.86
2026-05-17,1,2026-05-18,112.97
2026-05-17,2,2026-05-19,118.72
2026-05-17,3,2026-05-20,121.29
2026-05-17,4,2026-05-21,127.42
2026-05-17,5,2026-05-22,134.61
2026-05-17,6,2026-05-23,137.68
2026-05-17,7,2026-05-24,135.62
2026-05-17,8,2026-05-25,140.6
2026-05-17,9,2026-05-26,138.17
2026-05-17,10,2026-05-27,137.67
2026-05-17,11,2026-05-28,138.36
2026-05-17,12,2026-05-29,136.62
2026-05-17,13,2026-05-30,135.69
2026-05-17,14,2026-05-31,133.38
2026-05-17,15,2026-06-01,128.42
2026-05-17,16,2026-06-02,124.32
2026-05-17,17,2026-06-03,121.17
2026-05-17,18,2026-06-04,119.31
2026-05-17,19,2026-06-05,118.75
2026-05-17,20,2026-06-06,117.78
2026-05-17,21,2026-06-07,117.38
2026-05-17,22,2026-06-08,114.55
2026-05-17,23,2026-06-09,113.19
2026-05-17,24,2026-06-10,112.68
2026-05-17,25,2026-06-11,113.65
2026-05-17,26,2026-06-12,114.2
2026-05-17,27,2026-06-13,115.29
2026-05-17,28,2026-06-14,116.95
2026-05-17,29,2026-06-15,118.34
2026-05-17,30,2026-06-16,119.43
2026-05-18,1,2026-05-19,108.95
2026-05-18,2,2026-05-20,111.61
2026-05-18,3,2026-05-21,118.65
2026-05-18,4,2026-05-22,125.44
2026-05-18,5,2026-05-23,135.8
2026-05-18,6,2026-05-24,132.39
2026-05-18,7,2026-05-25,136.2
2026-05-18,8,2026-05-26,140.04
2026-05-18,9,2026-05-27,138.28
2026-05-18,10,2026-05-28,138.52
2026-05-18,11,2026-05-29,136.81
2026-05-18,12,2026-05-30,137.34
2026-05-18,13,2026-05-31,133.15
2026-05-18,14,2026-06-01,129.34
2026-05-18,15,2026-06-02,125.93
2026-05-18,16,2026-06-03,122.07
2026-05-18,17,2026-06-04,118.89
2026-05-18,18,2026-06-05,120.15
2026-05-18,19,2026-06-06,118.3
2026-05-18,20,2026-06-07,117.62
2026-05-18,21,2026-06-08,113.87
2026-05-18,22,2026-06-09,112.3
2026-05-18,23,2026-06-10,112.77
2026-05-18,24,2026-06-11,112.4
2026-05-18,25,2026-06-12,112.54
2026-05-18,26,2026-06-13,113.54
2026-05-18,27,2026-06-14,114.28
2026-05-18,28,2026-06-15,115.6
2026-05-18,29,2026-06-16,117.13
2026-05-18,30,2026-06-17,118.46
2026-05-19,1,2026-05-20,110.05
2026-05-19,2,2026-05-21,112.62
2026-05-19,3,2026-05-22,118.69
2026-05-19,4,2026-05-23,123.78
2026-05-19,5,2026-05-24,126.03
2026-05-19,6,2026-05-25,130.96
2026-05-19,7,2026-05-26,134.85
2026-05-19,8,2026-05-27,141.75
2026-05-19,9,2026-05-28,138.48
2026-05-19,10,2026-05-29,135.68
2026-05-19,11,2026-05-30,135.87
2026-05-19,12,2026-05-31,132.75
2026-05-19,13,2026-06-01,130.32
2026-05-19,14,2026-06-02,126.55
2026-05-19,15,2026-06-03,122.7
2026-05-19,16,2026-06-04,120.37
2026-05-19,17,2026-06-05,118.19
2026-05-19,18,2026-06-06,118.87
2026-05-19,19,2026-06-07,118.61
2026-05-19,20,2026-06-08,113.71
2026-05-19,21,2026-06-09,111.83
2026-05-19,22,2026-06-10,110.96
2026-05-19,23,2026-06-11,112.76
2026-05-19,24,2026-06-12,111.82
2026-05-19,25,2026-06-13,113.96
2026-05-19,26,2026-06-14,113.47
2026-05-19,27,2026-06-15,115.23
2026-05-19,28,2026-06-16,115.73
2026-05-19,29,2026-06-17,117.14
2026-05-19,30,2026-06-18,118.87
2026-05-20,1,2026-05-21,109.19
2026-05-20,2,2026-05-22,112.0
2026-05-20,3,2026-05-23,116.5
2026-05-20,4,2026-05-24,119.11
2026-05-20,5,2026-05-25,120.27
2026-05-20,6,2026-05-26,125.81
2026-05-20,7,2026-05-27,131.72
2026-05-20,8,2026-05-28,136.82
2026-05-20,9,2026-05-29,136.37
2026-05-20,10,2026-05-30,133.89
2026-05-20,11,2026-05-31,131.87
2026-05-20,12,2026-06-01,129.23
2026-05-20,13,2026-06-02,126.75
2026-05-20,14,2026-06-03,122.97
2026-05-20,15,2026-06-04,119.31
2026-05-20,16,2026-06-05,119.63
2026-05-20,17,2026-06-06,117.96
2026-05-20,18,2026-06-07,118.78
2026-05-20,19,2026-06-08,115.05
2026-05-20,20,2026-06-09,112.04
2026-05-20,21,2026-06-10,111.45
2026-05-20,22,2026-06-11,112.48
2026-05-20,23,2026-06-12,112.26
2026-05-20,24,2026-06-13,112.95
2026-05-20,25,2026-06-14,113.29
2026-05-20,26,2026-06-15,114.07
2026-05-20,27,2026-06-16,113.76
2026-05-20,28,2026-06-17,115.87
2026-05-20,29,2026-06-18,117.04
2026-05-20,30,2026-06-19,119.16
2026-05-21,1,2026-05-22,117.16
2026-05-21,2,2026-05-23,119.95
2026-05-21,3,2026-05-24,122.7
2026-05-21,4,2026-05-25,125.6
2026-05-21,5,2026-05-26,133.41
2026-05-21,6,2026-05-27,136.62
2026-05-21,7,2026-05-28,132.84
2026-05-21,8,2026-05-29,137.48
2026-05-21,9,2026-05-30,135.54
2026-05-21,10,2026-05-31,131.04
2026-05-21,11,2026-06-01,127.92
2026-05-21,12,2026-06-02,124.5
2026-05-21,13,2026-06-03,122.7
2026-05-21,14,2026-06-04,120.31
2026-05-21,15,2026-06-05,120.04
2026-05-21,16,2026-06-06,119.2
2026-05-21,17,2026-06-07,118.73
2026-05-21,18,2026-06-08,114.96
2026-05-21,19,2026-06-09,112.53
2026-05-21,20,2026-06-10,111.38
2026-05-21,21,2026-06-11,113.23
2026-05-21,22,2026-06-12,111.85
2026-05-21,23,2026-06-13,113.31
2026-05-21,24,2026-06-14,113.19
2026-05-21,25,2026-06-15,115.64
2026-05-21,26,2026-06-16,115.17
2026-05-21,27,2026-06-17,117.37
2026-05-21,28,2026-06-18,118.87
2026-05-21,29,2026-06-19,119.98
2026-05-21,30,2026-06-20,121.65
2026-05-22,1,2026-05-23,121.61
2026-05-22,2,2026-05-24,125.89
2026-05-22,3,2026-05-25,130.31
2026-05-22,4,2026-05-26,136.52
2026-05-22,5,2026-05-27,138.97
2026-05-22,6,2026-05-28,137.57
2026-05-22,7,2026-05-29,139.11
2026-05-22,8,2026-05-30,135.93
2026-05-22,9,2026-05-31,129.5
2026-05-22,10,2026-06-01,128.78
2026-05-22,11,2026-06-02,122.75
2026-05-22,12,2026-06-03,121.84
2026-05-22,13,2026-06-04,120.44
2026-05-22,14,2026-06-05,120.26
2026-05-22,15,2026-06-06,120.18
2026-05-22,16,2026-06-07,119.59
2026-05-22,17,2026-06-08,114.51
2026-05-22,18,2026-06-09,112.7
2026-05-22,19,2026-06-10,111.34
2026-05-22,20,2026-06-11,113.22
2026-05-22,21,2026-06-12,113.01
2026-05-22,22,2026-06-13,114.03
2026-05-22,23,2026-06-14,115.03
2026-05-22,24,2026-06-15,115.41
2026-05-22,25,2026-06-16,116.17
2026-05-22,26,2026-06-17,117.29
2026-05-22,27,2026-06-18,118.62
2026-05-22,28,2026-06-19,120.39
2026-05-22,29,2026-06-20,120.93
2026-05-22,30,2026-06-21,122.05
2026-05-23,1,2026-05-24,128.78
2026-05-23,2,2026-05-25,132.1
2026-05-23,3,2026-05-26,136.75
2026-05-23,4,2026-05-27,139.34
2026-05-23,5,2026-05-28,142.46
2026-05-23,6,2026-05-29,139.25
2026-05-23,7,2026-05-30,137.83
2026-05-23,8,2026-05-31,135.31
2026-05-23,9,2026-06-01,130.27
2026-05-23,10,2026-06-02,126.93
2026-05-23,11,2026-06-03,123.58
2026-05-23,12,2026-06-04,120.67
2026-05-23,13,2026-06-05,121.16
2026-05-23,14,2026-06-06,120.99
2026-05-23,15,2026-06-07,120.88
2026-05-23,16,2026-06-08,114.47
2026-05-23,17,2026-06-09,115.01
2026-05-23,18,2026-06-10,111.95
2026-05-23,19,2026-06-11,112.87
2026-05-23,20,2026-06-12,113.54
2026-05-23,21,2026-06-13,114.91
2026-05-23,22,2026-06-14,114.85
2026-05-23,23,2026-06-15,116.94
2026-05-23,24,2026-06-16,116.68
2026-05-23,25,2026-06-17,118.15
2026-05-23,26,2026-06-18,119.43
2026-05-23,27,2026-06-19,121.68
2026-05-23,28,2026-06-20,122.91
2026-05-23,29,2026-06-21,122.92
2026-05-23,30,2026-06-22,124.15
2026-05-24,1,2026-05-25,138.98
2026-05-24,2,2026-05-26,139.46
2026-05-24,3,2026-05-27,141.99
2026-05-24,4,2026-05-28,143.03
2026-05-24,5,2026-05-29,149.08
2026-05-24,6,2026-05-30,140.99
2026-05-24,7,2026-05-31,138.13
2026-05-24,8,2026-06-01,134.86
2026-05-24,9,2026-06-02,127.22
2026-05-24,10,2026-06-03,124.18
2026-05-24,11,2026-06-04,121.4
2026-05-24,12,2026-06-05,120.49
2026-05-24,13,2026-06-06,121.15
2026-05-24,14,2026-06-07,122.68
2026-05-24,15,2026-06-08,116.61
2026-05-24,16,2026-06-09,113.84
2026-05-24,17,2026-06-10,114.06
2026-05-24,18,2026-06-11,114.98
2026-05-24,19,2026-06-12,113.35
2026-05-24,20,2026-06-13,114.8
2026-05-24,21,2026-06-14,116.32
2026-05-24,22,2026-06-15,118.04
2026-05-24,23,2026-06-16,118.28
2026-05-24,24,2026-06-17,120.25
2026-05-24,25,2026-06-18,122.42
2026-05-24,26,2026-06-19,124.46
2026-05-24,27,2026-06-20,125.77
2026-05-24,28,2026-06-21,125.05
2026-05-24,29,2026-06-22,125.8
2026-05-24,30,2026-06-23,124.71
2026-05-25,1,2026-05-26,133.83
2026-05-25,2,2026-05-27,134.02
2026-05-25,3,2026-05-28,135.65
2026-05-25,4,2026-05-29,136.37
2026-05-25,5,2026-05-30,141.91
2026-05-25,6,2026-05-31,137.57
2026-05-25,7,2026-06-01,136.73
2026-05-25,8,2026-06-02,129.26
2026-05-25,9,2026-06-03,126.59
2026-05-25,10,2026-06-04,121.17
2026-05-25,11,2026-06-05,122.37
2026-05-25,12,2026-06-06,121.46
2026-05-25,13,2026-06-07,120.44
2026-05-25,14,2026-06-08,116.27
2026-05-25,15,2026-06-09,115.14
2026-05-25,16,2026-06-10,113.06
2026-05-25,17,2026-06-11,116.17
2026-05-25,18,2026-06-12,113.99
2026-05-25,19,2026-06-13,114.55
2026-05-25,20,2026-06-14,114.85
2026-05-25,21,2026-06-15,116.66
2026-05-25,22,2026-06-16,118.02
2026-05-25,23,2026-06-17,119.83
2026-05-25,24,2026-06-18,122.2
2026-05-25,25,2026-06-19,123.75
2026-05-25,26,2026-06-20,125.32
2026-05-25,27,2026-06-21,125.42
2026-05-25,28,2026-06-22,124.67
2026-05-25,29,2026-06-23,124.88
2026-05-25,30,2026-06-24,124.43
2026-05-26,1,2026-05-27,144.18
2026-05-26,2,2026-05-28,143.35
2026-05-26,3,2026-05-29,144.58
2026-05-26,4,2026-05-30,148.51
2026-05-26,5,2026-05-31,150.52
2026-05-26,6,2026-06-01,143.07
2026-05-26,7,2026-06-02,135.22
2026-05-26,8,2026-06-03,133.04
2026-05-26,9,2026-06-04,126.74
2026-05-26,10,2026-06-05,124.23
2026-05-26,11,2026-06-06,122.79
2026-05-26,12,2026-06-07,123.39
2026-05-26,13,2026-06-08,118.31
2026-05-26,14,2026-06-09,116.42
2026-05-26,15,2026-06-10,114.4
2026-05-26,16,2026-06-11,115.91
2026-05-26,17,2026-06-12,114.1
2026-05-26,18,2026-06-13,115.13
2026-05-26,19,2026-06-14,115.22
2026-05-26,20,2026-06-15,116.91
2026-05-26,21,2026-06-16,117.74
2026-05-26,22,2026-06-17,120.21
2026-05-26,23,2026-06-18,122.45
2026-05-26,24,2026-06-19,125.2
2026-05-26,25,2026-06-20,125.24
2026-05-26,26,2026-06-21,126.13
2026-05-26,27,2026-06-22,126.39
2026-05-26,28,2026-06-23,125.89
2026-05-26,29,2026-06-24,126.11
2026-05-26,30,2026-06-25,125.22
2026-05-27,1,2026-05-28,148.11
2026-05-27,2,2026-05-29,150.78
2026-05-27,3,2026-05-30,159.07
2026-05-27,4,2026-05-31,153.24
2026-05-27,5,2026-06-01,154.97
2026-05-27,6,2026-06-02,145.22
2026-05-27,7,2026-06-03,140.81
2026-05-27,8,2026-06-04,134.86
2026-05-27,9,2026-06-05,130.99
2026-05-27,10,2026-06-06,128.38
2026-05-27,11,2026-06-07,125.43
2026-05-27,12,2026-06-08,117.95
2026-05-27,13,2026-06-09,116.35
2026-05-27,14,2026-06-10,115.82
2026-05-27,15,2026-06-11,117.1
2026-05-27,16,2026-06-12,114.38
2026-05-27,17,2026-06-13,115.58
2026-05-27,18,2026-06-14,115.49
2026-05-27,19,2026-06-15,117.12
2026-05-27,20,2026-06-16,118.41
2026-05-27,21,2026-06-17,120.71
2026-05-27,22,2026-06-18,123.29
2026-05-27,23,2026-06-19,126.16
2026-05-27,24,2026-06-20,127.9
2026-05-27,25,2026-06-21,127.75
2026-05-27,26,2026-06-22,128.75
2026-05-27,27,2026-06-23,128.33
2026-05-27,28,2026-06-24,128.3
2026-05-27,29,2026-06-25,128.73
2026-05-27,30,2026-06-26,127.81
2026-05-28,1,2026-05-29,142.65
2026-05-28,2,2026-05-30,147.61
2026-05-28,3,2026-05-31,139.34
2026-05-28,4,2026-06-01,140.1
2026-05-28,5,2026-06-02,137.86
2026-05-28,6,2026-06-03,135.12
2026-05-28,7,2026-06-04,132.02
2026-05-28,8,2026-06-05,129.88
2026-05-28,9,2026-06-06,128.45
2026-05-28,10,2026-06-07,122.86
2026-05-28,11,2026-06-08,119.12
2026-05-28,12,2026-06-09,116.2
2026-05-28,13,2026-06-10,114.39
2026-05-28,14,2026-06-11,118.01
2026-05-28,15,2026-06-12,114.62
2026-05-28,16,2026-06-13,116.14
2026-05-28,17,2026-06-14,115.49
2026-05-28,18,2026-06-15,117.06
2026-05-28,19,2026-06-16,117.67
2026-05-28,20,2026-06-17,121.18
2026-05-28,21,2026-06-18,122.68
2026-05-28,22,2026-06-19,126.08
2026-05-28,23,2026-06-20,128.42
2026-05-28,24,2026-06-21,127.26
2026-05-28,25,2026-06-22,126.14
2026-05-28,26,2026-06-23,127.67
2026-05-28,27,2026-06-24,127.2
2026-05-28,28,2026-06-25,126.78
2026-05-28,29,2026-06-26,126.2
2026-05-28,30,2026-06-27,125.14
2026-05-29,1,2026-05-30,144.54
2026-05-29,2,2026-05-31,141.68
2026-05-29,3,2026-06-01,138.46
2026-05-29,4,2026-06-02,134.53
2026-05-29,5,2026-06-03,133.85
2026-05-29,6,2026-06-04,132.76
2026-05-29,7,2026-06-05,127.66
2026-05-29,8,2026-06-06,125.52
2026-05-29,9,2026-06-07,125.04
2026-05-29,10,2026-06-08,117.23
2026-05-29,11,2026-06-09,114.52
2026-05-29,12,2026-06-10,111.72
2026-05-29,13,2026-06-11,114.7
2026-05-29,14,2026-06-12,113.19
2026-05-29,15,2026-06-13,114.02
2026-05-29,16,2026-06-14,114.39
2026-05-29,17,2026-06-15,115.2
2026-05-29,18,2026-06-16,116.58
2026-05-29,19,2026-06-17,120.5
2026-05-29,20,2026-06-18,123.71
2026-05-29,21,2026-06-19,126.04
2026-05-29,22,2026-06-20,127.78
2026-05-29,23,2026-06-21,129.05
2026-05-29,24,2026-06-22,128.28
2026-05-29,25,2026-06-23,126.59
2026-05-29,26,2026-06-24,129.09
2026-05-29,27,2026-06-25,129.51
2026-05-29,28,2026-06-26,128.63
2026-05-29,29,2026-06-27,126.24
2026-05-29,30,2026-06-28,125.95
2026-05-30,1,2026-05-31,141.81
2026-05-30,2,2026-06-01,142.35
2026-05-30,3,2026-06-02,137.62
2026-05-30,4,2026-06-03,136.46
2026-05-30,5,2026-06-04,134.69
2026-05-30,6,2026-06-05,128.48
2026-05-30,7,2026-06-06,124.84
2026-05-30,8,2026-06-07,123.17
2026-05-30,9,2026-06-08,121.15
2026-05-30,10,2026-06-09,116.45
2026-05-30,11,2026-06-10,112.94
2026-05-30,12,2026-06-11,116.9
2026-05-30,13,2026-06-12,114.76
2026-05-30,14,2026-06-13,116.78
2026-05-30,15,2026-06-14,115.92
2026-05-30,16,2026-06-15,117.89
2026-05-30,17,2026-06-16,118.58
2026-05-30,18,2026-06-17,121.38
2026-05-30,19,2026-06-18,124.36
2026-05-30,20,2026-06-19,127.69
2026-05-30,21,2026-06-20,128.45
2026-05-30,22,2026-06-21,128.74
2026-05-30,23,2026-06-22,129.17
2026-05-30,24,2026-06-23,129.85
2026-05-30,25,2026-06-24,128.45
2026-05-30,26,2026-06-25,130.29
2026-05-30,27,2026-06-26,130.18
2026-05-30,28,2026-06-27,129.18
2026-05-30,29,2026-06-28,128.13
2026-05-30,30,2026-06-29,126.51
2026-05-31,1,2026-06-01,135.39
2026-05-31,2,2026-06-02,131.28
2026-05-31,3,2026-06-03,128.96
2026-05-31,4,2026-06-04,126.27
2026-05-31,5,2026-06-05,121.5
2026-05-31,6,2026-06-06,117.58
2026-05-31,7,2026-06-07,116.31
2026-05-31,8,2026-06-08,117.73
2026-05-31,9,2026-06-09,115.73
2026-05-31,10,2026-06-10,111.65
2026-05-31,11,2026-06-11,117.07
2026-05-31,12,2026-06-12,114.84
2026-05-31,13,2026-06-13,118.38
2026-05-31,14,2026-06-14,115.61
2026-05-31,15,2026-06-15,117.27
2026-05-31,16,2026-06-16,118.35
2026-05-31,17,2026-06-17,121.6
2026-05-31,18,2026-06-18,124.45
2026-05-31,19,2026-06-19,127.38
2026-05-31,20,2026-06-20,129.47
2026-05-31,21,2026-06-21,127.84
2026-05-31,22,2026-06-22,127.09
2026-05-31,23,2026-06-23,126.79
2026-05-31,24,2026-06-24,128.9
2026-05-31,25,2026-06-25,126.63
2026-05-31,26,2026-06-26,128.42
2026-05-31,27,2026-06-27,126.79
2026-05-31,28,2026-06-28,125.44
2026-05-31,29,2026-06-29,126.13
2026-05-31,30,2026-06-30,124.12
