t_date,lead,target_date,pred_obs
2024-01-01,1,2024-01-02,128.59
2024-01-01,2,2024-01-03,133.26
2024-01-01,3,2024-01-04,135.84
2024-01-01,4,2024-01-05,137.78
2024-01-01,5,2024-01-06,135.67
2024-01-01,6,2024-01-07,136.39
2024-01-01,7,2024-01-08,138.68
2024-01-01,8,2024-01-09,142.5
2024-01-01,9,2024-01-10,143.21
2024-01-01,10,2024-01-11,147.27
2024-01-01,11,2024-01-12,151.73
2024-01-01,12,2024-01-13,157.01
2024-01-01,13,2024-01-14,159.0
2024-01-01,14,2024-01-15,161.12
2024-01-01,15,2024-01-16,162.83
2024-01-01,16,2024-01-17,166.27
2024-01-01,17,2024-01-18,164.61
2024-01-01,18,2024-01-19,155.73
2024-01-01,19,2024-01-20,154.72
2024-01-01,20,2024-01-21,152.46
2024-01-01,21,2024-01-22,151.42
2024-01-01,22,2024-01-23,149.01
2024-01-01,23,2024-01-24,147.86
2024-01-01,24,2024-01-25,144.8
2024-01-01,25,2024-01-26,139.95
2024-01-01,26,2024-01-27,138.62
2024-01-01,27,2024-01-28,139.11
2024-01-01,28,2024-01-29,138.22
2024-01-01,29,2024-01-30,137.93
2024-01-01,30,2024-01-31,141.23
2024-01-02,1,2024-01-03,135.99
2024-01-02,2,2024-01-04,142.18
2024-01-02,3,2024-01-05,143.68
2024-01-02,4,2024-01-06,144.56
2024-01-02,5,2024-01-07,141.91
2024-01-02,6,2024-01-08,141.26
2024-01-02,7,2024-01-09,145.28
2024-01-02,8,2024-01-10,146.2
2024-01-02,9,2024-01-11,149.29
2024-01-02,10,2024-01-12,153.28
2024-01-02,11,2024-01-13,155.05
2024-01-02,12,2024-01-14,159.6
2024-01-02,13,2024-01-15,158.9
2024-01-02,14,2024-01-16,162.74
2024-01-02,15,2024-01-17,163.68
2024-01-02,16,2024-01-18,160.06
2024-01-02,17,2024-01-19,160.11
2024-01-02,18,2024-01-20,155.21
2024-01-02,19,2024-01-21,153.33
2024-01-02,20,2024-01-22,151.89
2024-01-02,21,2024-01-23,150.05
2024-01-02,22,2024-01-24,148.3
2024-01-02,23,2024-01-25,144.42
2024-01-02,24,2024-01-26,141.65
2024-01-02,25,2024-01-27,138.32
2024-01-02,26,2024-01-28,136.9
2024-01-02,27,2024-01-29,137.61
2024-01-02,28,2024-01-30,137.92
2024-01-02,29,2024-01-31,138.0
2024-01-02,30,2024-02-01,141.71
2024-01-03,1,2024-01-04,136.18
2024-01-03,2,2024-01-05,138.14
2024-01-03,3,2024-01-06,142.86
2024-01-03,4,2024-01-07,143.16
2024-01-03,5,2024-01-08,139.13
2024-01-03,6,2024-01-09,139.3
2024-01-03,7,2024-01-10,144.66
2024-01-03,8,2024-01-11,147.94
2024-01-03,9,2024-01-12,149.73
2024-01-03,10,2024-01-13,155.17
2024-01-03,11,2024-01-14,155.9
2024-01-03,12,2024-01-15,159.94
2024-01-03,13,2024-01-16,158.64
2024-01-03,14,2024-01-17,157.03
2024-01-03,15,2024-01-18,157.38
2024-01-03,16,2024-01-19,159.08
2024-01-03,17,2024-01-20,157.54
2024-01-03,18,2024-01-21,153.62
2024-01-03,19,2024-01-22,150.64
2024-01-03,20,2024-01-23,149.75
2024-01-03,21,2024-01-24,148.03
2024-01-03,22,2024-01-25,143.5
2024-01-03,23,2024-01-26,140.38
2024-01-03,24,2024-01-27,139.19
2024-01-03,25,2024-01-28,137.41
2024-01-03,26,2024-01-29,136.57
2024-01-03,27,2024-01-30,137.96
2024-01-03,28,2024-01-31,138.12
2024-01-03,29,2024-02-01,138.95
2024-01-03,30,2024-02-02,142.12
2024-01-04,1,2024-01-05,143.24
2024-01-04,2,2024-01-06,146.97
2024-01-04,3,2024-01-07,148.26
2024-01-04,4,2024-01-08,142.4
2024-01-04,5,2024-01-09,140.5
2024-01-04,6,2024-01-10,139.8
2024-01-04,7,2024-01-11,145.73
2024-01-04,8,2024-01-12,146.83
2024-01-04,9,2024-01-13,153.42
2024-01-04,10,2024-01-14,154.48
2024-01-04,11,2024-01-15,161.31
2024-01-04,12,2024-01-16,165.33
2024-01-04,13,2024-01-17,160.62
2024-01-04,14,2024-01-18,159.17
2024-01-04,15,2024-01-19,157.25
2024-01-04,16,2024-01-20,159.12
2024-01-04,17,2024-01-21,154.71
2024-01-04,18,2024-01-22,150.7
2024-01-04,19,2024-01-23,149.63
2024-01-04,20,2024-01-24,147.17
2024-01-04,21,2024-01-25,144.55
2024-01-04,22,2024-01-26,140.36
2024-01-04,23,2024-01-27,138.41
2024-01-04,24,2024-01-28,137.47
2024-01-04,25,2024-01-29,137.57
2024-01-04,26,2024-01-30,137.14
2024-01-04,27,2024-01-31,139.72
2024-01-04,28,2024-02-01,140.66
2024-01-04,29,2024-02-02,141.16
2024-01-04,30,2024-02-03,143.31
2024-01-05,1,2024-01-06,148.33
2024-01-05,2,2024-01-07,153.59
2024-01-05,3,2024-01-08,152.07
2024-01-05,4,2024-01-09,147.51
2024-01-05,5,2024-01-10,147.21
2024-01-05,6,2024-01-11,146.85
2024-01-05,7,2024-01-12,149.17
2024-01-05,8,2024-01-13,150.52
2024-01-05,9,2024-01-14,158.27
2024-01-05,10,2024-01-15,156.95
2024-01-05,11,2024-01-16,160.78
2024-01-05,12,2024-01-17,162.46
2024-01-05,13,2024-01-18,157.86
2024-01-05,14,2024-01-19,155.06
2024-01-05,15,2024-01-20,153.09
2024-01-05,16,2024-01-21,150.71
2024-01-05,17,2024-01-22,147.98
2024-01-05,18,2024-01-23,151.37
2024-01-05,19,2024-01-24,147.22
2024-01-05,20,2024-01-25,143.13
2024-01-05,21,2024-01-26,140.79
2024-01-05,22,2024-01-27,139.9
2024-01-05,23,2024-01-28,138.43
2024-01-05,24,2024-01-29,138.8
2024-01-05,25,2024-01-30,138.74
2024-01-05,26,2024-01-31,138.22
2024-01-05,27,2024-02-01,140.3
2024-01-05,28,2024-02-02,141.34
2024-01-05,29,2024-02-03,143.14
2024-01-05,30,2024-02-04,145.62
2024-01-06,1,2024-01-07,158.67
2024-01-06,2,2024-01-08,162.39
2024-01-06,3,2024-01-09,160.82
2024-01-06,4,2024-01-10,156.73
2024-01-06,5,2024-01-11,161.08
2024-01-06,6,2024-01-12,163.91
2024-01-06,7,2024-01-13,165.82
2024-01-06,8,2024-01-14,163.71
2024-01-06,9,2024-01-15,166.37
2024-01-06,10,2024-01-16,164.66
2024-01-06,11,2024-01-17,164.69
2024-01-06,12,2024-01-18,158.47
2024-01-06,13,2024-01-19,151.83
2024-01-06,14,2024-01-20,149.89
2024-01-06,15,2024-01-21,154.07
2024-01-06,16,2024-01-22,149.57
2024-01-06,17,2024-01-23,148.78
2024-01-06,18,2024-01-24,147.3
2024-01-06,19,2024-01-25,141.4
2024-01-06,20,2024-01-26,140.13
2024-01-06,21,2024-01-27,138.58
2024-01-06,22,2024-01-28,139.27
2024-01-06,23,2024-01-29,139.62
2024-01-06,24,2024-01-30,139.77
2024-01-06,25,2024-01-31,142.2
2024-01-06,26,2024-02-01,142.2
2024-01-06,27,2024-02-02,143.53
2024-01-06,28,2024-02-03,145.18
2024-01-06,29,2024-02-04,146.51
2024-01-06,30,2024-02-05,149.27
2024-01-07,1,2024-01-08,167.99
2024-01-07,2,2024-01-09,168.53
2024-01-07,3,2024-01-10,167.87
2024-01-07,4,2024-01-11,161.95
2024-01-07,5,2024-01-12,166.4
2024-01-07,6,2024-01-13,169.93
2024-01-07,7,2024-01-14,168.63
2024-01-07,8,2024-01-15,166.21
2024-01-07,9,2024-01-16,169.48
2024-01-07,10,2024-01-17,164.6
2024-01-07,11,2024-01-18,160.35
2024-01-07,12,2024-01-19,151.16
2024-01-07,13,2024-01-20,149.47
2024-01-07,14,2024-01-21,152.68
2024-01-07,15,2024-01-22,150.19
2024-01-07,16,2024-01-23,147.77
2024-01-07,17,2024-01-24,148.7
2024-01-07,18,2024-01-25,142.7
2024-01-07,19,2024-01-26,138.91
2024-01-07,20,2024-01-27,138.35
2024-01-07,21,2024-01-28,139.51
2024-01-07,22,2024-01-29,139.41
2024-01-07,23,2024-01-30,140.93
2024-01-07,24,2024-01-31,142.96
2024-01-07,25,2024-02-01,144.89
2024-01-07,26,2024-02-02,146.99
2024-01-07,27,2024-02-03,148.18
2024-01-07,28,2024-02-04,148.57
2024-01-07,29,2024-02-05,151.53
2024-01-07,30,2024-02-06,154.12
2024-01-08,1,2024-01-09,169.54
2024-01-08,2,2024-01-10,167.91
2024-01-08,3,2024-01-11,171.69
2024-01-08,4,2024-01-12,166.99
2024-01-08,5,2024-01-13,167.91
2024-01-08,6,2024-01-14,171.19
2024-01-08,7,2024-01-15,167.09
2024-01-08,8,2024-01-16,167.5
2024-01-08,9,2024-01-17,165.33
2024-01-08,10,2024-01-18,160.33
2024-01-08,11,2024-01-19,159.63
2024-01-08,12,2024-01-20,156.41
2024-01-08,13,2024-01-21,154.99
2024-01-08,14,2024-01-22,155.1
2024-01-08,15,2024-01-23,152.98
2024-01-08,16,2024-01-24,145.9
2024-01-08,17,2024-01-25,142.93
2024-01-08,18,2024-01-26,138.69
2024-01-08,19,2024-01-27,138.58
2024-01-08,20,2024-01-28,138.87
2024-01-08,21,2024-01-29,140.06
2024-01-08,22,2024-01-30,140.49
2024-01-08,23,2024-01-31,143.94
2024-01-08,24,2024-02-01,144.73
2024-01-08,25,2024-02-02,146.71
2024-01-08,26,2024-02-03,149.43
2024-01-08,27,2024-02-04,150.81
2024-01-08,28,2024-02-05,154.89
2024-01-08,29,2024-02-06,156.6
2024-01-08,30,2024-02-07,159.63
2024-01-09,1,2024-01-10,170.46
2024-01-09,2,2024-01-11,164.66
2024-01-09,3,2024-01-12,166.59
2024-01-09,4,2024-01-13,161.79
2024-01-09,5,2024-01-14,163.92
2024-01-09,6,2024-01-15,165.64
2024-01-09,7,2024-01-16,163.76
2024-01-09,8,2024-01-17,159.39
2024-01-09,9,2024-01-18,155.62
2024-01-09,10,2024-01-19,156.11
2024-01-09,11,2024-01-20,153.48
2024-01-09,12,2024-01-21,152.32
2024-01-09,13,2024-01-22,151.09
2024-01-09,14,2024-01-23,148.18
2024-01-09,15,2024-01-24,147.86
2024-01-09,16,2024-01-25,140.98
2024-01-09,17,2024-01-26,141.07
2024-01-09,18,2024-01-27,138.29
2024-01-09,19,2024-01-28,139.74
2024-01-09,20,2024-01-29,140.33
2024-01-09,21,2024-01-30,142.37
2024-01-09,22,2024-01-31,142.87
2024-01-09,23,2024-02-01,146.84
2024-01-09,24,2024-02-02,146.64
2024-01-09,25,2024-02-03,147.78
2024-01-09,26,2024-02-04,150.18
2024-01-09,27,2024-02-05,153.24
2024-01-09,28,2024-02-06,156.66
2024-01-09,29,2024-02-07,160.6
2024-01-09,30,2024-02-08,160.19
2024-01-10,1,2024-01-11,174.32
2024-01-10,2,2024-01-12,171.82
2024-01-10,3,2024-01-13,173.01
2024-01-10,4,2024-01-14,167.9
2024-01-10,5,2024-01-15,166.39
2024-01-10,6,2024-01-16,165.67
2024-01-10,7,2024-01-17,159.8
2024-01-10,8,2024-01-18,158.44
2024-01-10,9,2024-01-19,154.15
2024-01-10,10,2024-01-20,151.23
2024-01-10,11,2024-01-21,150.67
2024-01-10,12,2024-01-22,147.49
2024-01-10,13,2024-01-23,147.17
2024-01-10,14,2024-01-24,142.43
2024-01-10,15,2024-01-25,142.33
2024-01-10,16,2024-01-26,138.19
2024-01-10,17,2024-01-27,140.88
2024-01-10,18,2024-01-28,139.72
2024-01-10,19,2024-01-29,142.65
2024-01-10,20,2024-01-30,142.86
2024-01-10,21,2024-01-31,145.6
2024-01-10,22,2024-02-01,146.62
2024-01-10,23,2024-02-02,149.62
2024-01-10,24,2024-02-03,150.2
2024-01-10,25,2024-02-04,152.61
2024-01-10,26,2024-02-05,154.04
2024-01-10,27,2024-02-06,160.07
2024-01-10,28,2024-02-07,162.75
2024-01-10,29,2024-02-08,167.34
2024-01-10,30,2024-02-09,164.24
2024-01-11,1,2024-01-12,181.47
2024-01-11,2,2024-01-13,179.84
2024-01-11,3,2024-01-14,178.88
2024-01-11,4,2024-01-15,171.01
2024-01-11,5,2024-01-16,168.76
2024-01-11,6,2024-01-17,162.13
2024-01-11,7,2024-01-18,160.75
2024-01-11,8,2024-01-19,158.42
2024-01-11,9,2024-01-20,151.95
2024-01-11,10,2024-01-21,151.29
2024-01-11,11,2024-01-22,150.63
2024-01-11,12,2024-01-23,148.75
2024-01-11,13,2024-01-24,147.36
2024-01-11,14,2024-01-25,144.0
2024-01-11,15,2024-01-26,140.48
2024-01-11,16,2024-01-27,141.81
2024-01-11,17,2024-01-28,143.49
2024-01-11,18,2024-01-29,140.16
2024-01-11,19,2024-01-30,143.83
2024-01-11,20,2024-01-31,145.98
2024-01-11,21,2024-02-01,146.8
2024-01-11,22,2024-02-02,149.06
2024-01-11,23,2024-02-03,151.29
2024-01-11,24,2024-02-04,150.74
2024-01-11,25,2024-02-05,157.38
2024-01-11,26,2024-02-06,158.76
2024-01-11,27,2024-02-07,166.06
2024-01-11,28,2024-02-08,168.29
2024-01-11,29,2024-02-09,169.13
2024-01-11,30,2024-02-10,167.39
2024-01-12,1,2024-01-13,178.58
2024-01-12,2,2024-01-14,176.74
2024-01-12,3,2024-01-15,174.43
2024-01-12,4,2024-01-16,172.5
2024-01-12,5,2024-01-17,175.05
2024-01-12,6,2024-01-18,173.66
2024-01-12,7,2024-01-19,168.3
2024-01-12,8,2024-01-20,159.15
2024-01-12,9,2024-01-21,160.42
2024-01-12,10,2024-01-22,159.96
2024-01-12,11,2024-01-23,155.57
2024-01-12,12,2024-01-24,151.03
2024-01-12,13,2024-01-25,145.58
2024-01-12,14,2024-01-26,144.14
2024-01-12,15,2024-01-27,144.73
2024-01-12,16,2024-01-28,144.16
2024-01-12,17,2024-01-29,148.74
2024-01-12,18,2024-01-30,143.29
2024-01-12,19,2024-01-31,145.35
2024-01-12,20,2024-02-01,147.07
2024-01-12,21,2024-02-02,148.31
2024-01-12,22,2024-02-03,150.9
2024-01-12,23,2024-02-04,153.16
2024-01-12,24,2024-02-05,155.31
2024-01-12,25,2024-02-06,162.07
2024-01-12,26,2024-02-07,166.01
2024-01-12,27,2024-02-08,169.42
2024-01-12,28,2024-02-09,170.58
2024-01-12,29,2024-02-10,170.87
2024-01-12,30,2024-02-11,167.93
2024-01-13,1,2024-01-14,174.82
2024-01-13,2,2024-01-15,170.42
2024-01-13,3,2024-01-16,173.25
2024-01-13,4,2024-01-17,169.97
2024-01-13,5,2024-01-18,167.63
2024-01-13,6,2024-01-19,164.8
2024-01-13,7,2024-01-20,162.7
2024-01-13,8,2024-01-21,158.69
2024-01-13,9,2024-01-22,160.82
2024-01-13,10,2024-01-23,161.69
2024-01-13,11,2024-01-24,159.63
2024-01-13,12,2024-01-25,153.69
2024-01-13,13,2024-01-26,146.72
2024-01-13,14,2024-01-27,145.5
2024-01-13,15,2024-01-28,145.95
2024-01-13,16,2024-01-29,149.05
2024-01-13,17,2024-01-30,152.21
2024-01-13,18,2024-01-31,146.91
2024-01-13,19,2024-02-01,146.93
2024-01-13,20,2024-02-02,148.0
2024-01-13,21,2024-02-03,151.65
2024-01-13,22,2024-02-04,154.27
2024-01-13,23,2024-02-05,159.24
2024-01-13,24,2024-02-06,161.29
2024-01-13,25,2024-02-07,166.15
2024-01-13,26,2024-02-08,168.2
2024-01-13,27,2024-02-09,170.4
2024-01-13,28,2024-02-10,171.78
2024-01-13,29,2024-02-11,170.56
2024-01-13,30,2024-02-12,167.78
2024-01-14,1,2024-01-15,175.47
2024-01-14,2,2024-01-16,170.55
2024-01-14,3,2024-01-17,171.24
2024-01-14,4,2024-01-18,164.83
2024-01-14,5,2024-01-19,165.51
2024-01-14,6,2024-01-20,165.27
2024-01-14,7,2024-01-21,165.77
2024-01-14,8,2024-01-22,161.95
2024-01-14,9,2024-01-23,164.2
2024-01-14,10,2024-01-24,165.39
2024-01-14,11,2024-01-25,155.21
2024-01-14,12,2024-01-26,151.71
2024-01-14,13,2024-01-27,147.17
2024-01-14,14,2024-01-28,150.77
2024-01-14,15,2024-01-29,146.83
2024-01-14,16,2024-01-30,151.31
2024-01-14,17,2024-01-31,153.72
2024-01-14,18,2024-02-01,148.47
2024-01-14,19,2024-02-02,149.14
2024-01-14,20,2024-02-03,150.84
2024-01-14,21,2024-02-04,154.77
2024-01-14,22,2024-02-05,157.48
2024-01-14,23,2024-02-06,162.16
2024-01-14,24,2024-02-07,165.28
2024-01-14,25,2024-02-08,166.22
2024-01-14,26,2024-02-09,169.29
2024-01-14,27,2024-02-10,169.03
2024-01-14,28,2024-02-11,167.46
2024-01-14,29,2024-02-12,165.03
2024-01-14,30,2024-02-13,163.16
2024-01-15,1,2024-01-16,170.25
2024-01-15,2,2024-01-17,166.97
2024-01-15,3,2024-01-18,163.89
2024-01-15,4,2024-01-19,158.83
2024-01-15,5,2024-01-20,157.82
2024-01-15,6,2024-01-21,158.84
2024-01-15,7,2024-01-22,161.08
2024-01-15,8,2024-01-23,160.92
2024-01-15,9,2024-01-24,161.27
2024-01-15,10,2024-01-25,160.27
2024-01-15,11,2024-01-26,157.42
2024-01-15,12,2024-01-27,151.41
2024-01-15,13,2024-01-28,151.96
2024-01-15,14,2024-01-29,152.3
2024-01-15,15,2024-01-30,150.59
2024-01-15,16,2024-01-31,154.6
2024-01-15,17,2024-02-01,157.91
2024-01-15,18,2024-02-02,150.15
2024-01-15,19,2024-02-03,151.17
2024-01-15,20,2024-02-04,152.49
2024-01-15,21,2024-02-05,157.79
2024-01-15,22,2024-02-06,162.11
2024-01-15,23,2024-02-07,167.93
2024-01-15,24,2024-02-08,169.75
2024-01-15,25,2024-02-09,167.38
2024-01-15,26,2024-02-10,167.11
2024-01-15,27,2024-02-11,167.2
2024-01-15,28,2024-02-12,166.49
2024-01-15,29,2024-02-13,164.03
2024-01-15,30,2024-02-14,161.34
2024-01-16,1,2024-01-17,170.35
2024-01-16,2,2024-01-18,162.93
2024-01-16,3,2024-01-19,155.75
2024-01-16,4,2024-01-20,152.83
2024-01-16,5,2024-01-21,154.56
2024-01-16,6,2024-01-22,156.04
2024-01-16,7,2024-01-23,157.93
2024-01-16,8,2024-01-24,157.63
2024-01-16,9,2024-01-25,152.22
2024-01-16,10,2024-01-26,154.81
2024-01-16,11,2024-01-27,160.52
2024-01-16,12,2024-01-28,154.17
2024-01-16,13,2024-01-29,151.94
2024-01-16,14,2024-01-30,154.63
2024-01-16,15,2024-01-31,152.23
2024-01-16,16,2024-02-01,154.86
2024-01-16,17,2024-02-02,156.31
2024-01-16,18,2024-02-03,152.55
2024-01-16,19,2024-02-04,153.77
2024-01-16,20,2024-02-05,156.88
2024-01-16,21,2024-02-06,166.43
2024-01-16,22,2024-02-07,165.97
2024-01-16,23,2024-02-08,168.91
2024-01-16,24,2024-02-09,169.57
2024-01-16,25,2024-02-10,166.83
2024-01-16,26,2024-02-11,167.47
2024-01-16,27,2024-02-12,165.95
2024-01-16,28,2024-02-13,164.12
2024-01-16,29,2024-02-14,166.4
2024-01-16,30,2024-02-15,162.33
2024-01-17,1,2024-01-18,165.83
2024-01-17,2,2024-01-19,161.85
2024-01-17,3,2024-01-20,154.24
2024-01-17,4,2024-01-21,150.9
2024-01-17,5,2024-01-22,150.64
2024-01-17,6,2024-01-23,152.24
2024-01-17,7,2024-01-24,154.52
2024-01-17,8,2024-01-25,150.71
2024-01-17,9,2024-01-26,147.76
2024-01-17,10,2024-01-27,150.27
2024-01-17,11,2024-01-28,156.26
2024-01-17,12,2024-01-29,154.32
2024-01-17,13,2024-01-30,151.19
2024-01-17,14,2024-01-31,151.57
2024-01-17,15,2024-02-01,150.16
2024-01-17,16,2024-02-02,155.16
2024-01-17,17,2024-02-03,154.62
2024-01-17,18,2024-02-04,153.76
2024-01-17,19,2024-02-05,157.92
2024-01-17,20,2024-02-06,162.95
2024-01-17,21,2024-02-07,169.76
2024-01-17,22,2024-02-08,169.13
2024-01-17,23,2024-02-09,170.4
2024-01-17,24,2024-02-10,168.99
2024-01-17,25,2024-02-11,166.04
2024-01-17,26,2024-02-12,167.19
2024-01-17,27,2024-02-13,165.57
2024-01-17,28,2024-02-14,163.5
2024-01-17,29,2024-02-15,162.74
2024-01-17,30,2024-02-16,159.88
2024-01-18,1,2024-01-19,159.76
2024-01-18,2,2024-01-20,157.58
2024-01-18,3,2024-01-21,154.74
2024-01-18,4,2024-01-22,154.52
2024-01-18,5,2024-01-23,158.65
2024-01-18,6,2024-01-24,159.64
2024-01-18,7,2024-01-25,156.41
2024-01-18,8,2024-01-26,154.94
2024-01-18,9,2024-01-27,155.51
2024-01-18,10,2024-01-28,153.42
2024-01-18,11,2024-01-29,157.11
2024-01-18,12,2024-01-30,151.25
2024-01-18,13,2024-01-31,152.51
2024-01-18,14,2024-02-01,151.68
2024-01-18,15,2024-02-02,150.11
2024-01-18,16,2024-02-03,154.15
2024-01-18,17,2024-02-04,156.82
2024-01-18,18,2024-02-05,157.26
2024-01-18,19,2024-02-06,161.59
2024-01-18,20,2024-02-07,165.75
2024-01-18,21,2024-02-08,170.18
2024-01-18,22,2024-02-09,169.01
2024-01-18,23,2024-02-10,169.05
2024-01-18,24,2024-02-11,167.36
2024-01-18,25,2024-02-12,167.27
2024-01-18,26,2024-02-13,164.98
2024-01-18,27,2024-02-14,163.3
2024-01-18,28,2024-02-15,159.76
2024-01-18,29,2024-02-16,160.41
2024-01-18,30,2024-02-17,157.29
2024-01-19,1,2024-01-20,153.35
2024-01-19,2,2024-01-21,150.67
2024-01-19,3,2024-01-22,146.91
2024-01-19,4,2024-01-23,146.5
2024-01-19,5,2024-01-24,145.95
2024-01-19,6,2024-01-25,147.08
2024-01-19,7,2024-01-26,149.21
2024-01-19,8,2024-01-27,151.79
2024-01-19,9,2024-01-28,153.39
2024-01-19,10,2024-01-29,153.26
2024-01-19,11,2024-01-30,154.83
2024-01-19,12,2024-01-31,150.54
2024-01-19,13,2024-02-01,153.03
2024-01-19,14,2024-02-02,150.46
2024-01-19,15,2024-02-03,154.52
2024-01-19,16,2024-02-04,157.14
2024-01-19,17,2024-02-05,165.52
2024-01-19,18,2024-02-06,161.9
2024-01-19,19,2024-02-07,165.93
2024-01-19,20,2024-02-08,168.05
2024-01-19,21,2024-02-09,169.99
2024-01-19,22,2024-02-10,171.83
2024-01-19,23,2024-02-11,169.15
2024-01-19,24,2024-02-12,167.85
2024-01-19,25,2024-02-13,167.24
2024-01-19,26,2024-02-14,166.17
2024-01-19,27,2024-02-15,164.17
2024-01-19,28,2024-02-16,158.84
2024-01-19,29,2024-02-17,158.86
2024-01-19,30,2024-02-18,156.86
2024-01-20,1,2024-01-21,159.58
2024-01-20,2,2024-01-22,157.11
2024-01-20,3,2024-01-23,154.48
2024-01-20,4,2024-01-24,154.2
2024-01-20,5,2024-01-25,150.39
2024-01-20,6,2024-01-26,150.45
2024-01-20,7,2024-01-27,152.19
2024-01-20,8,2024-01-28,153.17
2024-01-20,9,2024-01-29,156.79
2024-01-20,10,2024-01-30,158.58
2024-01-20,11,2024-01-31,161.38
2024-01-20,12,2024-02-01,157.1
2024-01-20,13,2024-02-02,153.0
2024-01-20,14,2024-02-03,151.53
2024-01-20,15,2024-02-04,155.37
2024-01-20,16,2024-02-05,163.46
2024-01-20,17,2024-02-06,167.32
2024-01-20,18,2024-02-07,167.4
2024-01-20,19,2024-02-08,169.7
2024-01-20,20,2024-02-09,167.63
2024-01-20,21,2024-02-10,170.01
2024-01-20,22,2024-02-11,171.92
2024-01-20,23,2024-02-12,168.6
2024-01-20,24,2024-02-13,169.06
2024-01-20,25,2024-02-14,166.29
2024-01-20,26,2024-02-15,165.85
2024-01-20,27,2024-02-16,160.91
2024-01-20,28,2024-02-17,158.73
2024-01-20,29,2024-02-18,158.19
2024-01-20,30,2024-02-19,155.61
2024-01-21,1,2024-01-22,168.28
2024-01-21,2,2024-01-23,170.32
2024-01-21,3,2024-01-24,166.44
2024-01-21,4,2024-01-25,162.35
2024-01-21,5,2024-01-26,157.91
2024-01-21,6,2024-01-27,153.66
2024-01-21,7,2024-01-28,154.08
2024-01-21,8,2024-01-29,152.95
2024-01-21,9,2024-01-30,153.19
2024-01-21,10,2024-01-31,155.91
2024-01-21,11,2024-02-01,160.09
2024-01-21,12,2024-02-02,156.85
2024-01-21,13,2024-02-03,158.03
2024-01-21,14,2024-02-04,158.72
2024-01-21,15,2024-02-05,164.07
2024-01-21,16,2024-02-06,173.0
2024-01-21,17,2024-02-07,174.36
2024-01-21,18,2024-02-08,169.5
2024-01-21,19,2024-02-09,171.18
2024-01-21,20,2024-02-10,167.5
2024-01-21,21,2024-02-11,170.38
2024-01-21,22,2024-02-12,171.37
2024-01-21,23,2024-02-13,169.12
2024-01-21,24,2024-02-14,168.74
2024-01-21,25,2024-02-15,167.09
2024-01-21,26,2024-02-16,165.14
2024-01-21,27,2024-02-17,160.08
2024-01-21,28,2024-02-18,159.59
2024-01-21,29,2024-02-19,157.88
2024-01-21,30,2024-02-20,156.55
2024-01-22,1,2024-01-23,185.28
2024-01-22,2,2024-01-24,187.37
2024-01-22,3,2024-01-25,181.3
2024-01-22,4,2024-01-26,176.24
2024-01-22,5,2024-01-27,168.62
2024-01-22,6,2024-01-28,163.2
2024-01-22,7,2024-01-29,158.25
2024-01-22,8,2024-01-30,158.85
2024-01-22,9,2024-01-31,157.5
2024-01-22,10,2024-02-01,156.97
2024-01-22,11,2024-02-02,159.99
2024-01-22,12,2024-02-03,156.1
2024-01-22,13,2024-02-04,158.08
2024-01-22,14,2024-02-05,162.81
2024-01-22,15,2024-02-06,170.69
2024-01-22,16,2024-02-07,173.46
2024-01-22,17,2024-02-08,177.0
2024-01-22,18,2024-02-09,170.51
2024-01-22,19,2024-02-10,171.83
2024-01-22,20,2024-02-11,168.09
2024-01-22,21,2024-02-12,171.08
2024-01-22,22,2024-02-13,174.21
2024-01-22,23,2024-02-14,171.44
2024-01-22,24,2024-02-15,167.52
2024-01-22,25,2024-02-16,168.12
2024-01-22,26,2024-02-17,164.1
2024-01-22,27,2024-02-18,163.92
2024-01-22,28,2024-02-19,163.56
2024-01-22,29,2024-02-20,161.3
2024-01-22,30,2024-02-21,159.19
2024-01-23,1,2024-01-24,174.76
2024-01-23,2,2024-01-25,172.61
2024-01-23,3,2024-01-26,167.27
2024-01-23,4,2024-01-27,165.12
2024-01-23,5,2024-01-28,160.75
2024-01-23,6,2024-01-29,156.21
2024-01-23,7,2024-01-30,157.95
2024-01-23,8,2024-01-31,160.08
2024-01-23,9,2024-02-01,157.47
2024-01-23,10,2024-02-02,157.03
2024-01-23,11,2024-02-03,159.54
2024-01-23,12,2024-02-04,158.72
2024-01-23,13,2024-02-05,160.56
2024-01-23,14,2024-02-06,170.58
2024-01-23,15,2024-02-07,175.36
2024-01-23,16,2024-02-08,180.03
2024-01-23,17,2024-02-09,178.37
2024-01-23,18,2024-02-10,168.85
2024-01-23,19,2024-02-11,172.44
2024-01-23,20,2024-02-12,170.88
2024-01-23,21,2024-02-13,172.74
2024-01-23,22,2024-02-14,171.49
2024-01-23,23,2024-02-15,170.23
2024-01-23,24,2024-02-16,167.2
2024-01-23,25,2024-02-17,164.56
2024-01-23,26,2024-02-18,163.5
2024-01-23,27,2024-02-19,159.44
2024-01-23,28,2024-02-20,159.65
2024-01-23,29,2024-02-21,158.26
2024-01-23,30,2024-02-22,156.16
2024-01-24,1,2024-01-25,163.23
2024-01-24,2,2024-01-26,160.6
2024-01-24,3,2024-01-27,161.96
2024-01-24,4,2024-01-28,158.53
2024-01-24,5,2024-01-29,155.32
2024-01-24,6,2024-01-30,156.67
2024-01-24,7,2024-01-31,157.94
2024-01-24,8,2024-02-01,157.19
2024-01-24,9,2024-02-02,155.58
2024-01-24,10,2024-02-03,159.55
2024-01-24,11,2024-02-04,164.18
2024-01-24,12,2024-02-05,166.7
2024-01-24,13,2024-02-06,169.16
2024-01-24,14,2024-02-07,173.61
2024-01-24,15,2024-02-08,176.99
2024-01-24,16,2024-02-09,183.55
2024-01-24,17,2024-02-10,182.64
2024-01-24,18,2024-02-11,169.85
2024-01-24,19,2024-02-12,170.78
2024-01-24,20,2024-02-13,170.97
2024-01-24,21,2024-02-14,172.59
2024-01-24,22,2024-02-15,167.34
2024-01-24,23,2024-02-16,166.34
2024-01-24,24,2024-02-17,163.35
2024-01-24,25,2024-02-18,163.47
2024-01-24,26,2024-02-19,159.75
2024-01-24,27,2024-02-20,157.86
2024-01-24,28,2024-02-21,158.42
2024-01-24,29,2024-02-22,156.33
2024-01-24,30,2024-02-23,154.82
2024-01-25,1,2024-01-26,149.84
2024-01-25,2,2024-01-27,151.74
2024-01-25,3,2024-01-28,149.24
2024-01-25,4,2024-01-29,147.74
2024-01-25,5,2024-01-30,145.26
2024-01-25,6,2024-01-31,149.2
2024-01-25,7,2024-02-01,154.86
2024-01-25,8,2024-02-02,156.1
2024-01-25,9,2024-02-03,161.29
2024-01-25,10,2024-02-04,161.95
2024-01-25,11,2024-02-05,173.14
2024-01-25,12,2024-02-06,176.15
2024-01-25,13,2024-02-07,174.8
2024-01-25,14,2024-02-08,182.3
2024-01-25,15,2024-02-09,185.1
2024-01-25,16,2024-02-10,188.44
2024-01-25,17,2024-02-11,185.76
2024-01-25,18,2024-02-12,171.33
2024-01-25,19,2024-02-13,172.07
2024-01-25,20,2024-02-14,170.34
2024-01-25,21,2024-02-15,170.84
2024-01-25,22,2024-02-16,166.1
2024-01-25,23,2024-02-17,165.01
2024-01-25,24,2024-02-18,162.0
2024-01-25,25,2024-02-19,157.7
2024-01-25,26,2024-02-20,153.7
2024-01-25,27,2024-02-21,153.86
2024-01-25,28,2024-02-22,152.1
2024-01-25,29,2024-02-23,151.38
2024-01-25,30,2024-02-24,151.57
2024-01-26,1,2024-01-27,148.12
2024-01-26,2,2024-01-28,147.08
2024-01-26,3,2024-01-29,142.55
2024-01-26,4,2024-01-30,149.09
2024-01-26,5,2024-01-31,145.72
2024-01-26,6,2024-02-01,149.12
2024-01-26,7,2024-02-02,156.4
2024-01-26,8,2024-02-03,160.21
2024-01-26,9,2024-02-04,163.94
2024-01-26,10,2024-02-05,168.31
2024-01-26,11,2024-02-06,179.48
2024-01-26,12,2024-02-07,182.31
2024-01-26,13,2024-02-08,177.21
2024-01-26,14,2024-02-09,183.96
2024-01-26,15,2024-02-10,185.28
2024-01-26,16,2024-02-11,186.31
2024-01-26,17,2024-02-12,187.17
2024-01-26,18,2024-02-13,170.7
2024-01-26,19,2024-02-14,172.4
2024-01-26,20,2024-02-15,169.29
2024-01-26,21,2024-02-16,169.0
2024-01-26,22,2024-02-17,163.18
2024-01-26,23,2024-02-18,161.11
2024-01-26,24,2024-02-19,158.96
2024-01-26,25,2024-02-20,152.91
2024-01-26,26,2024-02-21,151.25
2024-01-26,27,2024-02-22,151.38
2024-01-26,28,2024-02-23,150.35
2024-01-26,29,2024-02-24,148.7
2024-01-26,30,2024-02-25,150.5
2024-01-27,1,2024-01-28,138.8
2024-01-27,2,2024-01-29,135.84
2024-01-27,3,2024-01-30,137.32
2024-01-27,4,2024-01-31,144.47
2024-01-27,5,2024-02-01,145.69
2024-01-27,6,2024-02-02,148.04
2024-01-27,7,2024-02-03,154.17
2024-01-27,8,2024-02-04,157.32
2024-01-27,9,2024-02-05,163.6
2024-01-27,10,2024-02-06,174.32
2024-01-27,11,2024-02-07,182.98
2024-01-27,12,2024-02-08,181.89
2024-01-27,13,2024-02-09,177.6
2024-01-27,14,2024-02-10,184.48
2024-01-27,15,2024-02-11,183.05
2024-01-27,16,2024-02-12,186.33
2024-01-27,17,2024-02-13,185.45
2024-01-27,18,2024-02-14,171.44
2024-01-27,19,2024-02-15,171.03
2024-01-27,20,2024-02-16,167.43
2024-01-27,21,2024-02-17,163.83
2024-01-27,22,2024-02-18,159.82
2024-01-27,23,2024-02-19,156.24
2024-01-27,24,2024-02-20,153.15
2024-01-27,25,2024-02-21,148.54
2024-01-27,26,2024-02-22,145.85
2024-01-27,27,2024-02-23,145.64
2024-01-27,28,2024-02-24,145.89
2024-01-27,29,2024-02-25,146.17
2024-01-27,30,2024-02-26,148.83
2024-01-28,1,2024-01-29,136.63
2024-01-28,2,2024-01-30,138.27
2024-01-28,3,2024-01-31,141.97
2024-01-28,4,2024-02-01,147.96
2024-01-28,5,2024-02-02,152.64
2024-01-28,6,2024-02-03,152.8
2024-01-28,7,2024-02-04,161.45
2024-01-28,8,2024-02-05,164.14
2024-01-28,9,2024-02-06,174.75
2024-01-28,10,2024-02-07,177.69
2024-01-28,11,2024-02-08,186.41
2024-01-28,12,2024-02-09,181.98
2024-01-28,13,2024-02-10,182.83
2024-01-28,14,2024-02-11,183.35
2024-01-28,15,2024-02-12,183.98
2024-01-28,16,2024-02-13,186.42
2024-01-28,17,2024-02-14,182.7
2024-01-28,18,2024-02-15,170.95
2024-01-28,19,2024-02-16,169.69
2024-01-28,20,2024-02-17,162.65
2024-01-28,21,2024-02-18,159.89
2024-01-28,22,2024-02-19,155.1
2024-01-28,23,2024-02-20,152.23
2024-01-28,24,2024-02-21,148.19
2024-01-28,25,2024-02-22,145.91
2024-01-28,26,2024-02-23,144.22
2024-01-28,27,2024-02-24,145.29
2024-01-28,28,2024-02-25,145.74
2024-01-28,29,2024-02-26,146.14
2024-01-28,30,2024-02-27,148.48
2024-01-29,1,2024-01-30,138.47
2024-01-29,2,2024-01-31,143.77
2024-01-29,3,2024-02-01,146.95
2024-01-29,4,2024-02-02,149.66
2024-01-29,5,2024-02-03,153.65
2024-01-29,6,2024-02-04,156.22
2024-01-29,7,2024-02-05,170.11
2024-01-29,8,2024-02-06,169.4
2024-01-29,9,2024-02-07,180.56
2024-01-29,10,2024-02-08,179.17
2024-01-29,11,2024-02-09,184.74
2024-01-29,12,2024-02-10,181.64
2024-01-29,13,2024-02-11,179.2
2024-01-29,14,2024-02-12,184.0
2024-01-29,15,2024-02-13,184.58
2024-01-29,16,2024-02-14,181.76
2024-01-29,17,2024-02-15,176.08
2024-01-29,18,2024-02-16,166.43
2024-01-29,19,2024-02-17,165.74
2024-01-29,20,2024-02-18,159.49
2024-01-29,21,2024-02-19,156.02
2024-01-29,22,2024-02-20,151.39
2024-01-29,23,2024-02-21,148.32
2024-01-29,24,2024-02-22,146.61
2024-01-29,25,2024-02-23,145.21
2024-01-29,26,2024-02-24,146.48
2024-01-29,27,2024-02-25,146.49
2024-01-29,28,2024-02-26,146.59
2024-01-29,29,2024-02-27,146.22
2024-01-29,30,2024-02-28,149.01
2024-01-30,1,2024-01-31,138.35
2024-01-30,2,2024-02-01,144.99
2024-01-30,3,2024-02-02,146.3
2024-01-30,4,2024-02-03,154.24
2024-01-30,5,2024-02-04,158.75
2024-01-30,6,2024-02-05,167.46
2024-01-30,7,2024-02-06,176.38
2024-01-30,8,2024-02-07,179.72
2024-01-30,9,2024-02-08,185.58
2024-01-30,10,2024-02-09,182.03
2024-01-30,11,2024-02-10,187.37
2024-01-30,12,2024-02-11,181.0
2024-01-30,13,2024-02-12,182.56
2024-01-30,14,2024-02-13,186.01
2024-01-30,15,2024-02-14,186.3
2024-01-30,16,2024-02-15,175.71
2024-01-30,17,2024-02-16,166.7
2024-01-30,18,2024-02-17,161.35
2024-01-30,19,2024-02-18,159.16
2024-01-30,20,2024-02-19,154.43
2024-01-30,21,2024-02-20,150.0
2024-01-30,22,2024-02-21,148.02
2024-01-30,23,2024-02-22,146.47
2024-01-30,24,2024-02-23,145.36
2024-01-30,25,2024-02-24,145.41
2024-01-30,26,2024-02-25,145.46
2024-01-30,27,2024-02-26,146.14
2024-01-30,28,2024-02-27,147.05
2024-01-30,29,2024-02-28,146.41
2024-01-30,30,2024-02-29,151.21
2024-01-31,1,2024-02-01,142.37
2024-01-31,2,2024-02-02,144.01
2024-01-31,3,2024-02-03,149.52
2024-01-31,4,2024-02-04,159.19
2024-01-31,5,2024-02-05,163.9
2024-01-31,6,2024-02-06,169.85
2024-01-31,7,2024-02-07,176.65
2024-01-31,8,2024-02-08,183.94
2024-01-31,9,2024-02-09,184.67
2024-01-31,10,2024-02-10,182.8
2024-01-31,11,2024-02-11,187.05
2024-01-31,12,2024-02-12,186.78
2024-01-31,13,2024-02-13,181.97
2024-01-31,14,2024-02-14,183.09
2024-01-31,15,2024-02-15,179.57
2024-01-31,16,2024-02-16,171.35
2024-01-31,17,2024-02-17,157.23
2024-01-31,18,2024-02-18,158.77
2024-01-31,19,2024-02-19,154.26
2024-01-31,20,2024-02-20,150.58
2024-01-31,21,2024-02-21,149.16
2024-01-31,22,2024-02-22,145.02
2024-01-31,23,2024-02-23,146.19
2024-01-31,24,2024-02-24,145.57
2024-01-31,25,2024-02-25,145.21
2024-01-31,26,2024-02-26,145.49
2024-01-31,27,2024-02-27,147.08
2024-01-31,28,2024-02-28,147.93
2024-01-31,29,2024-02-29,148.18
2024-01-31,30,2024-03-01,152.14
2024-02-01,1,2024-02-02,146.62
2024-02-01,2,2024-02-03,152.7
2024-02-01,3,2024-02-04,160.38
2024-02-01,4,2024-02-05,170.4
2024-02-01,5,2024-02-06,173.44
2024-02-01,6,2024-02-07,177.88
2024-02-01,7,2024-02-08,180.0
2024-02-01,8,2024-02-09,182.94
2024-02-01,9,2024-02-10,180.32
2024-02-01,10,2024-02-11,184.77
2024-02-01,11,2024-02-12,185.12
2024-02-01,12,2024-02-13,185.3
2024-02-01,13,2024-02-14,183.27
2024-02-01,14,2024-02-15,177.12
2024-02-01,15,2024-02-16,171.11
2024-02-01,16,2024-02-17,162.89
2024-02-01,17,2024-02-18,150.69
2024-02-01,18,2024-02-19,153.51
2024-02-01,19,2024-02-20,149.57
2024-02-01,20,2024-02-21,146.9
2024-02-01,21,2024-02-22,147.15
2024-02-01,22,2024-02-23,145.0
2024-02-01,23,2024-02-24,146.7
2024-02-01,24,2024-02-25,145.17
2024-02-01,25,2024-02-26,145.26
2024-02-01,26,2024-02-27,145.25
2024-02-01,27,2024-02-28,147.57
2024-02-01,28,2024-02-29,148.31
2024-02-01,29,2024-03-01,148.81
2024-02-01,30,2024-03-02,153.56
2024-02-02,1,2024-02-03,148.8
2024-02-02,2,2024-02-04,152.64
2024-02-02,3,2024-02-05,160.16
2024-02-02,4,2024-02-06,168.54
2024-02-02,5,2024-02-07,170.66
2024-02-02,6,2024-02-08,171.82
2024-02-02,7,2024-02-09,174.4
2024-02-02,8,2024-02-10,180.02
2024-02-02,9,2024-02-11,179.56
2024-02-02,10,2024-02-12,182.7
2024-02-02,11,2024-02-13,184.11
2024-02-02,12,2024-02-14,184.94
2024-02-02,13,2024-02-15,179.42
2024-02-02,14,2024-02-16,170.85
2024-02-02,15,2024-02-17,160.77
2024-02-02,16,2024-02-18,154.29
2024-02-02,17,2024-02-19,144.52
2024-02-02,18,2024-02-20,149.87
2024-02-02,19,2024-02-21,147.36
2024-02-02,20,2024-02-22,146.53
2024-02-02,21,2024-02-23,145.08
2024-02-02,22,2024-02-24,145.56
2024-02-02,23,2024-02-25,146.26
2024-02-02,24,2024-02-26,145.51
2024-02-02,25,2024-02-27,145.81
2024-02-02,26,2024-02-28,145.36
2024-02-02,27,2024-02-29,148.27
2024-02-02,28,2024-03-01,149.02
2024-02-02,29,2024-03-02,151.18
2024-02-02,30,2024-03-03,154.03
2024-02-03,1,2024-02-04,161.4
2024-02-03,2,2024-02-05,170.1
2024-02-03,3,2024-02-06,177.51
2024-02-03,4,2024-02-07,181.67
2024-02-03,5,2024-02-08,185.81
2024-02-03,6,2024-02-09,187.82
2024-02-03,7,2024-02-10,187.28
2024-02-03,8,2024-02-11,189.14
2024-02-03,9,2024-02-12,188.94
2024-02-03,10,2024-02-13,187.2
2024-02-03,11,2024-02-14,181.95
2024-02-03,12,2024-02-15,185.3
2024-02-03,13,2024-02-16,174.51
2024-02-03,14,2024-02-17,163.08
2024-02-03,15,2024-02-18,155.7
2024-02-03,16,2024-02-19,149.4
2024-02-03,17,2024-02-20,145.75
2024-02-03,18,2024-02-21,148.6
2024-02-03,19,2024-02-22,146.75
2024-02-03,20,2024-02-23,146.09
2024-02-03,21,2024-02-24,147.21
2024-02-03,22,2024-02-25,146.4
2024-02-03,23,2024-02-26,146.16
2024-02-03,24,2024-02-27,145.61
2024-02-03,25,2024-02-28,147.22
2024-02-03,26,2024-02-29,148.74
2024-02-03,27,2024-03-01,153.39
2024-02-03,28,2024-03-02,154.43
2024-02-03,29,2024-03-03,154.89
2024-02-03,30,2024-03-04,157.29
2024-02-04,1,2024-02-05,175.98
2024-02-04,2,2024-02-06,188.32
2024-02-04,3,2024-02-07,193.25
2024-02-04,4,2024-02-08,191.83
2024-02-04,5,2024-02-09,196.76
2024-02-04,6,2024-02-10,200.53
2024-02-04,7,2024-02-11,197.41
2024-02-04,8,2024-02-12,193.91
2024-02-04,9,2024-02-13,187.93
2024-02-04,10,2024-02-14,187.3
2024-02-04,11,2024-02-15,179.26
2024-02-04,12,2024-02-16,177.53
2024-02-04,13,2024-02-17,169.11
2024-02-04,14,2024-02-18,157.65
2024-02-04,15,2024-02-19,152.73
2024-02-04,16,2024-02-20,145.49
2024-02-04,17,2024-02-21,144.57
2024-02-04,18,2024-02-22,146.55
2024-02-04,19,2024-02-23,145.7
2024-02-04,20,2024-02-24,146.62
2024-02-04,21,2024-02-25,147.39
2024-02-04,22,2024-02-26,147.01
2024-02-04,23,2024-02-27,146.57
2024-02-04,24,2024-02-28,149.0
2024-02-04,25,2024-02-29,151.78
2024-02-04,26,2024-03-01,155.76
2024-02-04,27,2024-03-02,158.13
2024-02-04,28,2024-03-03,161.98
2024-02-04,29,2024-03-04,163.9
2024-02-04,30,2024-03-05,164.09
2024-02-05,1,2024-02-06,184.83
2024-02-05,2,2024-02-07,184.73
2024-02-05,3,2024-02-08,193.36
2024-02-05,4,2024-02-09,187.14
2024-02-05,5,2024-02-10,196.37
2024-02-05,6,2024-02-11,197.66
2024-02-05,7,2024-02-12,194.91
2024-02-05,8,2024-02-13,191.74
2024-02-05,9,2024-02-14,185.28
2024-02-05,10,2024-02-15,182.4
2024-02-05,11,2024-02-16,174.82
2024-02-05,12,2024-02-17,169.65
2024-02-05,13,2024-02-18,159.61
2024-02-05,14,2024-02-19,149.95
2024-02-05,15,2024-02-20,149.79
2024-02-05,16,2024-02-21,146.23
2024-02-05,17,2024-02-22,143.58
2024-02-05,18,2024-02-23,146.81
2024-02-05,19,2024-02-24,149.05
2024-02-05,20,2024-02-25,148.03
2024-02-05,21,2024-02-26,147.76
2024-02-05,22,2024-02-27,147.95
2024-02-05,23,2024-02-28,148.91
2024-02-05,24,2024-02-29,152.89
2024-02-05,25,2024-03-01,156.16
2024-02-05,26,2024-03-02,158.57
2024-02-05,27,2024-03-03,162.53
2024-02-05,28,2024-03-04,164.51
2024-02-05,29,2024-03-05,166.11
2024-02-05,30,2024-03-06,165.32
2024-02-06,1,2024-02-07,190.11
2024-02-06,2,2024-02-08,194.69
2024-02-06,3,2024-02-09,199.59
2024-02-06,4,2024-02-10,202.27
2024-02-06,5,2024-02-11,204.29
2024-02-06,6,2024-02-12,202.47
2024-02-06,7,2024-02-13,198.03
2024-02-06,8,2024-02-14,193.23
2024-02-06,9,2024-02-15,189.82
2024-02-06,10,2024-02-16,181.82
2024-02-06,11,2024-02-17,168.48
2024-02-06,12,2024-02-18,162.3
2024-02-06,13,2024-02-19,156.07
2024-02-06,14,2024-02-20,147.14
2024-02-06,15,2024-02-21,149.28
2024-02-06,16,2024-02-22,147.7
2024-02-06,17,2024-02-23,150.45
2024-02-06,18,2024-02-24,148.2
2024-02-06,19,2024-02-25,148.34
2024-02-06,20,2024-02-26,147.18
2024-02-06,21,2024-02-27,148.86
2024-02-06,22,2024-02-28,149.87
2024-02-06,23,2024-02-29,153.63
2024-02-06,24,2024-03-01,156.08
2024-02-06,25,2024-03-02,159.79
2024-02-06,26,2024-03-03,163.38
2024-02-06,27,2024-03-04,166.44
2024-02-06,28,2024-03-05,167.03
2024-02-06,29,2024-03-06,168.6
2024-02-06,30,2024-03-07,165.34
2024-02-07,1,2024-02-08,190.86
2024-02-07,2,2024-02-09,197.62
2024-02-07,3,2024-02-10,199.73
2024-02-07,4,2024-02-11,202.45
2024-02-07,5,2024-02-12,207.53
2024-02-07,6,2024-02-13,205.75
2024-02-07,7,2024-02-14,198.57
2024-02-07,8,2024-02-15,191.86
2024-02-07,9,2024-02-16,187.25
2024-02-07,10,2024-02-17,178.82
2024-02-07,11,2024-02-18,163.02
2024-02-07,12,2024-02-19,159.39
2024-02-07,13,2024-02-20,155.2
2024-02-07,14,2024-02-21,151.95
2024-02-07,15,2024-02-22,153.99
2024-02-07,16,2024-02-23,151.32
2024-02-07,17,2024-02-24,154.51
2024-02-07,18,2024-02-25,148.73
2024-02-07,19,2024-02-26,147.91
2024-02-07,20,2024-02-27,149.18
2024-02-07,21,2024-02-28,150.9
2024-02-07,22,2024-02-29,153.4
2024-02-07,23,2024-03-01,158.07
2024-02-07,24,2024-03-02,159.49
2024-02-07,25,2024-03-03,162.17
2024-02-07,26,2024-03-04,164.62
2024-02-07,27,2024-03-05,167.97
2024-02-07,28,2024-03-06,169.39
2024-02-07,29,2024-03-07,168.84
2024-02-07,30,2024-03-08,165.57
2024-02-08,1,2024-02-09,185.07
2024-02-08,2,2024-02-10,187.3
2024-02-08,3,2024-02-11,189.96
2024-02-08,4,2024-02-12,189.71
2024-02-08,5,2024-02-13,191.47
2024-02-08,6,2024-02-14,188.01
2024-02-08,7,2024-02-15,185.61
2024-02-08,8,2024-02-16,178.58
2024-02-08,9,2024-02-17,170.89
2024-02-08,10,2024-02-18,166.42
2024-02-08,11,2024-02-19,155.46
2024-02-08,12,2024-02-20,154.37
2024-02-08,13,2024-02-21,153.45
2024-02-08,14,2024-02-22,148.61
2024-02-08,15,2024-02-23,151.43
2024-02-08,16,2024-02-24,149.27
2024-02-08,17,2024-02-25,150.75
2024-02-08,18,2024-02-26,148.78
2024-02-08,19,2024-02-27,147.97
2024-02-08,20,2024-02-28,151.26
2024-02-08,21,2024-02-29,154.11
2024-02-08,22,2024-03-01,157.81
2024-02-08,23,2024-03-02,163.11
2024-02-08,24,2024-03-03,163.14
2024-02-08,25,2024-03-04,164.27
2024-02-08,26,2024-03-05,166.52
2024-02-08,27,2024-03-06,168.48
2024-02-08,28,2024-03-07,169.34
2024-02-08,29,2024-03-08,167.87
2024-02-08,30,2024-03-09,165.62
2024-02-09,1,2024-02-10,184.29
2024-02-09,2,2024-02-11,184.74
2024-02-09,3,2024-02-12,184.64
2024-02-09,4,2024-02-13,185.56
2024-02-09,5,2024-02-14,180.02
2024-02-09,6,2024-02-15,182.35
2024-02-09,7,2024-02-16,177.51
2024-02-09,8,2024-02-17,172.82
2024-02-09,9,2024-02-18,162.76
2024-02-09,10,2024-02-19,161.79
2024-02-09,11,2024-02-20,154.11
2024-02-09,12,2024-02-21,154.78
2024-02-09,13,2024-02-22,150.74
2024-02-09,14,2024-02-23,151.31
2024-02-09,15,2024-02-24,152.05
2024-02-09,16,2024-02-25,153.2
2024-02-09,17,2024-02-26,153.23
2024-02-09,18,2024-02-27,149.1
2024-02-09,19,2024-02-28,148.29
2024-02-09,20,2024-02-29,153.64
2024-02-09,21,2024-03-01,158.66
2024-02-09,22,2024-03-02,159.82
2024-02-09,23,2024-03-03,164.24
2024-02-09,24,2024-03-04,163.47
2024-02-09,25,2024-03-05,163.76
2024-02-09,26,2024-03-06,166.64
2024-02-09,27,2024-03-07,167.65
2024-02-09,28,2024-03-08,170.38
2024-02-09,29,2024-03-09,167.87
2024-02-09,30,2024-03-10,164.22
2024-02-10,1,2024-02-11,194.0
2024-02-10,2,2024-02-12,193.12
2024-02-10,3,2024-02-13,190.87
2024-02-10,4,2024-02-14,181.83
2024-02-10,5,2024-02-15,177.94
2024-02-10,6,2024-02-16,173.34
2024-02-10,7,2024-02-17,162.27
2024-02-10,8,2024-02-18,159.08
2024-02-10,9,2024-02-19,154.63
2024-02-10,10,2024-02-20,151.9
2024-02-10,11,2024-02-21,144.13
2024-02-10,12,2024-02-22,145.99
2024-02-10,13,2024-02-23,145.8
2024-02-10,14,2024-02-24,143.62
2024-02-10,15,2024-02-25,145.79
2024-02-10,16,2024-02-26,142.69
2024-02-10,17,2024-02-27,148.0
2024-02-10,18,2024-02-28,150.36
2024-02-10,19,2024-02-29,153.31
2024-02-10,20,2024-03-01,157.53
2024-02-10,21,2024-03-02,162.03
2024-02-10,22,2024-03-03,163.21
2024-02-10,23,2024-03-04,165.15
2024-02-10,24,2024-03-05,165.26
2024-02-10,25,2024-03-06,167.56
2024-02-10,26,2024-03-07,168.03
2024-02-10,27,2024-03-08,166.17
2024-02-10,28,2024-03-09,169.82
2024-02-10,29,2024-03-10,167.23
2024-02-10,30,2024-03-11,164.59
2024-02-11,1,2024-02-12,178.94
2024-02-11,2,2024-02-13,178.97
2024-02-11,3,2024-02-14,174.14
2024-02-11,4,2024-02-15,166.99
2024-02-11,5,2024-02-16,165.54
2024-02-11,6,2024-02-17,159.49
2024-02-11,7,2024-02-18,152.37
2024-02-11,8,2024-02-19,150.19
2024-02-11,9,2024-02-20,149.78
2024-02-11,10,2024-02-21,148.06
2024-02-11,11,2024-02-22,147.86
2024-02-11,12,2024-02-23,144.09
2024-02-11,13,2024-02-24,146.51
2024-02-11,14,2024-02-25,148.35
2024-02-11,15,2024-02-26,144.81
2024-02-11,16,2024-02-27,143.94
2024-02-11,17,2024-02-28,145.74
2024-02-11,18,2024-02-29,151.48
2024-02-11,19,2024-03-01,157.06
2024-02-11,20,2024-03-02,160.82
2024-02-11,21,2024-03-03,163.9
2024-02-11,22,2024-03-04,164.98
2024-02-11,23,2024-03-05,167.02
2024-02-11,24,2024-03-06,166.46
2024-02-11,25,2024-03-07,167.2
2024-02-11,26,2024-03-08,167.46
2024-02-11,27,2024-03-09,165.57
2024-02-11,28,2024-03-10,166.28
2024-02-11,29,2024-03-11,164.76
2024-02-11,30,2024-03-12,162.49
2024-02-12,1,2024-02-13,196.6
2024-02-12,2,2024-02-14,196.47
2024-02-12,3,2024-02-15,189.26
2024-02-12,4,2024-02-16,177.38
2024-02-12,5,2024-02-17,173.28
2024-02-12,6,2024-02-18,165.07
2024-02-12,7,2024-02-19,157.98
2024-02-12,8,2024-02-20,150.99
2024-02-12,9,2024-02-21,146.37
2024-02-12,10,2024-02-22,147.65
2024-02-12,11,2024-02-23,150.87
2024-02-12,12,2024-02-24,145.01
2024-02-12,13,2024-02-25,146.97
2024-02-12,14,2024-02-26,143.79
2024-02-12,15,2024-02-27,144.28
2024-02-12,16,2024-02-28,147.86
2024-02-12,17,2024-02-29,153.43
2024-02-12,18,2024-03-01,156.16
2024-02-12,19,2024-03-02,160.03
2024-02-12,20,2024-03-03,162.46
2024-02-12,21,2024-03-04,165.82
2024-02-12,22,2024-03-05,166.32
2024-02-12,23,2024-03-06,168.25
2024-02-12,24,2024-03-07,167.88
2024-02-12,25,2024-03-08,167.53
2024-02-12,26,2024-03-09,168.57
2024-02-12,27,2024-03-10,168.73
2024-02-12,28,2024-03-11,167.7
2024-02-12,29,2024-03-12,165.1
2024-02-12,30,2024-03-13,162.67
2024-02-13,1,2024-02-14,183.64
2024-02-13,2,2024-02-15,179.72
2024-02-13,3,2024-02-16,170.52
2024-02-13,4,2024-02-17,159.86
2024-02-13,5,2024-02-18,157.8
2024-02-13,6,2024-02-19,153.5
2024-02-13,7,2024-02-20,152.57
2024-02-13,8,2024-02-21,150.83
2024-02-13,9,2024-02-22,149.01
2024-02-13,10,2024-02-23,150.55
2024-02-13,11,2024-02-24,154.27
2024-02-13,12,2024-02-25,146.39
2024-02-13,13,2024-02-26,149.18
2024-02-13,14,2024-02-27,149.51
2024-02-13,15,2024-02-28,148.75
2024-02-13,16,2024-02-29,154.07
2024-02-13,17,2024-03-01,160.97
2024-02-13,18,2024-03-02,161.2
2024-02-13,19,2024-03-03,163.08
2024-02-13,20,2024-03-04,165.41
2024-02-13,21,2024-03-05,166.78
2024-02-13,22,2024-03-06,167.98
2024-02-13,23,2024-03-07,169.58
2024-02-13,24,2024-03-08,168.28
2024-02-13,25,2024-03-09,166.84
2024-02-13,26,2024-03-10,165.23
2024-02-13,27,2024-03-11,165.99
2024-02-13,28,2024-03-12,164.71
2024-02-13,29,2024-03-13,162.69
2024-02-13,30,2024-03-14,163.0
2024-02-14,1,2024-02-15,172.01
2024-02-14,2,2024-02-16,162.46
2024-02-14,3,2024-02-17,155.81
2024-02-14,4,2024-02-18,150.16
2024-02-14,5,2024-02-19,147.79
2024-02-14,6,2024-02-20,147.41
2024-02-14,7,2024-02-21,150.62
2024-02-14,8,2024-02-22,149.84
2024-02-14,9,2024-02-23,147.85
2024-02-14,10,2024-02-24,150.08
2024-02-14,11,2024-02-25,154.74
2024-02-14,12,2024-02-26,151.98
2024-02-14,13,2024-02-27,154.88
2024-02-14,14,2024-02-28,154.73
2024-02-14,15,2024-02-29,158.99
2024-02-14,16,2024-03-01,168.16
2024-02-14,17,2024-03-02,171.87
2024-02-14,18,2024-03-03,164.08
2024-02-14,19,2024-03-04,164.79
2024-02-14,20,2024-03-05,166.1
2024-02-14,21,2024-03-06,166.38
2024-02-14,22,2024-03-07,168.01
2024-02-14,23,2024-03-08,168.71
2024-02-14,24,2024-03-09,165.52
2024-02-14,25,2024-03-10,164.77
2024-02-14,26,2024-03-11,164.21
2024-02-14,27,2024-03-12,165.03
2024-02-14,28,2024-03-13,161.25
2024-02-14,29,2024-03-14,161.21
2024-02-14,30,2024-03-15,161.17
2024-02-15,1,2024-02-16,162.24
2024-02-15,2,2024-02-17,154.25
2024-02-15,3,2024-02-18,148.6
2024-02-15,4,2024-02-19,144.73
2024-02-15,5,2024-02-20,145.31
2024-02-15,6,2024-02-21,146.92
2024-02-15,7,2024-02-22,151.27
2024-02-15,8,2024-02-23,151.7
2024-02-15,9,2024-02-24,147.7
2024-02-15,10,2024-02-25,153.19
2024-02-15,11,2024-02-26,152.09
2024-02-15,12,2024-02-27,149.9
2024-02-15,13,2024-02-28,151.71
2024-02-15,14,2024-02-29,158.35
2024-02-15,15,2024-03-01,167.88
2024-02-15,16,2024-03-02,169.65
2024-02-15,17,2024-03-03,174.41
2024-02-15,18,2024-03-04,166.67
2024-02-15,19,2024-03-05,168.48
2024-02-15,20,2024-03-06,167.29
2024-02-15,21,2024-03-07,168.93
2024-02-15,22,2024-03-08,169.35
2024-02-15,23,2024-03-09,168.14
2024-02-15,24,2024-03-10,164.95
2024-02-15,25,2024-03-11,163.6
2024-02-15,26,2024-03-12,161.82
2024-02-15,27,2024-03-13,162.84
2024-02-15,28,2024-03-14,158.85
2024-02-15,29,2024-03-15,159.28
2024-02-15,30,2024-03-16,158.2
2024-02-16,1,2024-02-17,153.83
2024-02-16,2,2024-02-18,150.4
2024-02-16,3,2024-02-19,150.2
2024-02-16,4,2024-02-20,149.85
2024-02-16,5,2024-02-21,147.74
2024-02-16,6,2024-02-22,149.62
2024-02-16,7,2024-02-23,149.87
2024-02-16,8,2024-02-24,152.44
2024-02-16,9,2024-02-25,150.72
2024-02-16,10,2024-02-26,151.12
2024-02-16,11,2024-02-27,153.26
2024-02-16,12,2024-02-28,150.37
2024-02-16,13,2024-02-29,157.67
2024-02-16,14,2024-03-01,164.8
2024-02-16,15,2024-03-02,169.57
2024-02-16,16,2024-03-03,175.3
2024-02-16,17,2024-03-04,174.88
2024-02-16,18,2024-03-05,165.98
2024-02-16,19,2024-03-06,167.62
2024-02-16,20,2024-03-07,167.51
2024-02-16,21,2024-03-08,168.86
2024-02-16,22,2024-03-09,168.18
2024-02-16,23,2024-03-10,166.76
2024-02-16,24,2024-03-11,160.44
2024-02-16,25,2024-03-12,161.11
2024-02-16,26,2024-03-13,160.42
2024-02-16,27,2024-03-14,158.4
2024-02-16,28,2024-03-15,157.22
2024-02-16,29,2024-03-16,155.11
2024-02-16,30,2024-03-17,155.34
2024-02-17,1,2024-02-18,151.01
2024-02-17,2,2024-02-19,151.38
2024-02-17,3,2024-02-20,151.18
2024-02-17,4,2024-02-21,152.5
2024-02-17,5,2024-02-22,149.03
2024-02-17,6,2024-02-23,147.72
2024-02-17,7,2024-02-24,150.27
2024-02-17,8,2024-02-25,153.43
2024-02-17,9,2024-02-26,152.22
2024-02-17,10,2024-02-27,155.18
2024-02-17,11,2024-02-28,155.62
2024-02-17,12,2024-02-29,157.76
2024-02-17,13,2024-03-01,165.56
2024-02-17,14,2024-03-02,168.43
2024-02-17,15,2024-03-03,174.44
2024-02-17,16,2024-03-04,177.27
2024-02-17,17,2024-03-05,178.35
2024-02-17,18,2024-03-06,167.52
2024-02-17,19,2024-03-07,167.98
2024-02-17,20,2024-03-08,168.12
2024-02-17,21,2024-03-09,168.82
2024-02-17,22,2024-03-10,165.25
2024-02-17,23,2024-03-11,162.95
2024-02-17,24,2024-03-12,159.84
2024-02-17,25,2024-03-13,157.28
2024-02-17,26,2024-03-14,156.55
2024-02-17,27,2024-03-15,155.61
2024-02-17,28,2024-03-16,153.22
2024-02-17,29,2024-03-17,151.98
2024-02-17,30,2024-03-18,153.17
2024-02-18,1,2024-02-19,143.09
2024-02-18,2,2024-02-20,145.31
2024-02-18,3,2024-02-21,144.63
2024-02-18,4,2024-02-22,147.27
2024-02-18,5,2024-02-23,147.31
2024-02-18,6,2024-02-24,149.6
2024-02-18,7,2024-02-25,153.65
2024-02-18,8,2024-02-26,156.74
2024-02-18,9,2024-02-27,153.27
2024-02-18,10,2024-02-28,154.59
2024-02-18,11,2024-02-29,160.03
2024-02-18,12,2024-03-01,166.41
2024-02-18,13,2024-03-02,167.41
2024-02-18,14,2024-03-03,172.16
2024-02-18,15,2024-03-04,173.46
2024-02-18,16,2024-03-05,175.47
2024-02-18,17,2024-03-06,180.4
2024-02-18,18,2024-03-07,169.48
2024-02-18,19,2024-03-08,167.78
2024-02-18,20,2024-03-09,166.42
2024-02-18,21,2024-03-10,165.46
2024-02-18,22,2024-03-11,163.17
2024-02-18,23,2024-03-12,161.09
2024-02-18,24,2024-03-13,157.77
2024-02-18,25,2024-03-14,154.85
2024-02-18,26,2024-03-15,153.07
2024-02-18,27,2024-03-16,151.55
2024-02-18,28,2024-03-17,149.65
2024-02-18,29,2024-03-18,149.61
2024-02-18,30,2024-03-19,151.14
2024-02-19,1,2024-02-20,146.77
2024-02-19,2,2024-02-21,150.36
2024-02-19,3,2024-02-22,149.8
2024-02-19,4,2024-02-23,152.03
2024-02-19,5,2024-02-24,154.7
2024-02-19,6,2024-02-25,153.71
2024-02-19,7,2024-02-26,156.23
2024-02-19,8,2024-02-27,154.62
2024-02-19,9,2024-02-28,155.89
2024-02-19,10,2024-02-29,156.26
2024-02-19,11,2024-03-01,159.7
2024-02-19,12,2024-03-02,165.94
2024-02-19,13,2024-03-03,164.6
2024-02-19,14,2024-03-04,164.92
2024-02-19,15,2024-03-05,169.57
2024-02-19,16,2024-03-06,172.85
2024-02-19,17,2024-03-07,176.51
2024-02-19,18,2024-03-08,167.28
2024-02-19,19,2024-03-09,166.26
2024-02-19,20,2024-03-10,164.18
2024-02-19,21,2024-03-11,163.31
2024-02-19,22,2024-03-12,160.82
2024-02-19,23,2024-03-13,158.08
2024-02-19,24,2024-03-14,154.64
2024-02-19,25,2024-03-15,151.37
2024-02-19,26,2024-03-16,149.39
2024-02-19,27,2024-03-17,148.01
2024-02-19,28,2024-03-18,147.42
2024-02-19,29,2024-03-19,146.29
2024-02-19,30,2024-03-20,150.27
2024-02-20,1,2024-02-21,152.05
2024-02-20,2,2024-02-22,156.0
2024-02-20,3,2024-02-23,160.39
2024-02-20,4,2024-02-24,159.86
2024-02-20,5,2024-02-25,169.07
2024-02-20,6,2024-02-26,169.33
2024-02-20,7,2024-02-27,171.47
2024-02-20,8,2024-02-28,164.65
2024-02-20,9,2024-02-29,167.34
2024-02-20,10,2024-03-01,165.91
2024-02-20,11,2024-03-02,166.85
2024-02-20,12,2024-03-03,169.18
2024-02-20,13,2024-03-04,171.57
2024-02-20,14,2024-03-05,171.22
2024-02-20,15,2024-03-06,176.26
2024-02-20,16,2024-03-07,177.4
2024-02-20,17,2024-03-08,177.02
2024-02-20,18,2024-03-09,163.57
2024-02-20,19,2024-03-10,164.05
2024-02-20,20,2024-03-11,162.04
2024-02-20,21,2024-03-12,160.01
2024-02-20,22,2024-03-13,155.77
2024-02-20,23,2024-03-14,153.06
2024-02-20,24,2024-03-15,151.58
2024-02-20,25,2024-03-16,149.55
2024-02-20,26,2024-03-17,146.69
2024-02-20,27,2024-03-18,145.76
2024-02-20,28,2024-03-19,146.54
2024-02-20,29,2024-03-20,146.37
2024-02-20,30,2024-03-21,149.54
2024-02-21,1,2024-02-22,164.61
2024-02-21,2,2024-02-23,170.32
2024-02-21,3,2024-02-24,174.14
2024-02-21,4,2024-02-25,173.22
2024-02-21,5,2024-02-26,178.04
2024-02-21,6,2024-02-27,175.27
2024-02-21,7,2024-02-28,174.14
2024-02-21,8,2024-02-29,170.9
2024-02-21,9,2024-03-01,172.78
2024-02-21,10,2024-03-02,173.04
2024-02-21,11,2024-03-03,173.94
2024-02-21,12,2024-03-04,173.21
2024-02-21,13,2024-03-05,177.79
2024-02-21,14,2024-03-06,177.28
2024-02-21,15,2024-03-07,175.11
2024-02-21,16,2024-03-08,176.74
2024-02-21,17,2024-03-09,173.15
2024-02-21,18,2024-03-10,163.57
2024-02-21,19,2024-03-11,162.41
2024-02-21,20,2024-03-12,160.7
2024-02-21,21,2024-03-13,156.27
2024-02-21,22,2024-03-14,152.46
2024-02-21,23,2024-03-15,151.69
2024-02-21,24,2024-03-16,149.41
2024-02-21,25,2024-03-17,148.36
2024-02-21,26,2024-03-18,148.2
2024-02-21,27,2024-03-19,148.17
2024-02-21,28,2024-03-20,148.51
2024-02-21,29,2024-03-21,147.53
2024-02-21,30,2024-03-22,150.67
2024-02-22,1,2024-02-23,162.99
2024-02-22,2,2024-02-24,161.82
2024-02-22,3,2024-02-25,164.58
2024-02-22,4,2024-02-26,165.47
2024-02-22,5,2024-02-27,166.76
2024-02-22,6,2024-02-28,167.41
2024-02-22,7,2024-02-29,166.54
2024-02-22,8,2024-03-01,167.87
2024-02-22,9,2024-03-02,164.1
2024-02-22,10,2024-03-03,171.25
2024-02-22,11,2024-03-04,173.61
2024-02-22,12,2024-03-05,173.34
2024-02-22,13,2024-03-06,176.32
2024-02-22,14,2024-03-07,175.98
2024-02-22,15,2024-03-08,173.67
2024-02-22,16,2024-03-09,171.59
2024-02-22,17,2024-03-10,168.55
2024-02-22,18,2024-03-11,161.32
2024-02-22,19,2024-03-12,160.78
2024-02-22,20,2024-03-13,158.03
2024-02-22,21,2024-03-14,154.6
2024-02-22,22,2024-03-15,152.02
2024-02-22,23,2024-03-16,150.36
2024-02-22,24,2024-03-17,149.65
2024-02-22,25,2024-03-18,149.54
2024-02-22,26,2024-03-19,149.51
2024-02-22,27,2024-03-20,149.22
2024-02-22,28,2024-03-21,149.72
2024-02-22,29,2024-03-22,148.56
2024-02-22,30,2024-03-23,152.0
2024-02-23,1,2024-02-24,161.47
2024-02-23,2,2024-02-25,164.56
2024-02-23,3,2024-02-26,163.91
2024-02-23,4,2024-02-27,166.87
2024-02-23,5,2024-02-28,166.99
2024-02-23,6,2024-02-29,172.04
2024-02-23,7,2024-03-01,166.83
2024-02-23,8,2024-03-02,167.22
2024-02-23,9,2024-03-03,167.37
2024-02-23,10,2024-03-04,169.92
2024-02-23,11,2024-03-05,174.38
2024-02-23,12,2024-03-06,172.78
2024-02-23,13,2024-03-07,169.16
2024-02-23,14,2024-03-08,166.8
2024-02-23,15,2024-03-09,168.02
2024-02-23,16,2024-03-10,161.76
2024-02-23,17,2024-03-11,161.22
2024-02-23,18,2024-03-12,160.04
2024-02-23,19,2024-03-13,157.96
2024-02-23,20,2024-03-14,155.21
2024-02-23,21,2024-03-15,152.11
2024-02-23,22,2024-03-16,150.02
2024-02-23,23,2024-03-17,150.87
2024-02-23,24,2024-03-18,149.69
2024-02-23,25,2024-03-19,150.79
2024-02-23,26,2024-03-20,150.66
2024-02-23,27,2024-03-21,151.96
2024-02-23,28,2024-03-22,152.17
2024-02-23,29,2024-03-23,152.48
2024-02-23,30,2024-03-24,154.19
2024-02-24,1,2024-02-25,170.95
2024-02-24,2,2024-02-26,174.68
2024-02-24,3,2024-02-27,172.86
2024-02-24,4,2024-02-28,172.4
2024-02-24,5,2024-02-29,175.97
2024-02-24,6,2024-03-01,173.44
2024-02-24,7,2024-03-02,171.43
2024-02-24,8,2024-03-03,170.03
2024-02-24,9,2024-03-04,171.04
2024-02-24,10,2024-03-05,172.4
2024-02-24,11,2024-03-06,172.46
2024-02-24,12,2024-03-07,165.53
2024-02-24,13,2024-03-08,164.14
2024-02-24,14,2024-03-09,164.71
2024-02-24,15,2024-03-10,161.94
2024-02-24,16,2024-03-11,158.12
2024-02-24,17,2024-03-12,158.33
2024-02-24,18,2024-03-13,158.41
2024-02-24,19,2024-03-14,154.21
2024-02-24,20,2024-03-15,153.56
2024-02-24,21,2024-03-16,151.58
2024-02-24,22,2024-03-17,149.57
2024-02-24,23,2024-03-18,150.45
2024-02-24,24,2024-03-19,150.3
2024-02-24,25,2024-03-20,152.43
2024-02-24,26,2024-03-21,153.64
2024-02-24,27,2024-03-22,154.75
2024-02-24,28,2024-03-23,154.51
2024-02-24,29,2024-03-24,155.57
2024-02-24,30,2024-03-25,157.91
2024-02-25,1,2024-02-26,168.74
2024-02-25,2,2024-02-27,172.58
2024-02-25,3,2024-02-28,174.55
2024-02-25,4,2024-02-29,172.69
2024-02-25,5,2024-03-01,170.61
2024-02-25,6,2024-03-02,170.99
2024-02-25,7,2024-03-03,171.6
2024-02-25,8,2024-03-04,170.18
2024-02-25,9,2024-03-05,169.83
2024-02-25,10,2024-03-06,169.59
2024-02-25,11,2024-03-07,167.88
2024-02-25,12,2024-03-08,162.37
2024-02-25,13,2024-03-09,160.41
2024-02-25,14,2024-03-10,160.11
2024-02-25,15,2024-03-11,157.04
2024-02-25,16,2024-03-12,155.18
2024-02-25,17,2024-03-13,149.46
2024-02-25,18,2024-03-14,155.64
2024-02-25,19,2024-03-15,152.3
2024-02-25,20,2024-03-16,151.66
2024-02-25,21,2024-03-17,150.59
2024-02-25,22,2024-03-18,150.28
2024-02-25,23,2024-03-19,151.65
2024-02-25,24,2024-03-20,151.77
2024-02-25,25,2024-03-21,155.86
2024-02-25,26,2024-03-22,155.49
2024-02-25,27,2024-03-23,155.32
2024-02-25,28,2024-03-24,155.41
2024-02-25,29,2024-03-25,158.8
2024-02-25,30,2024-03-26,161.24
2024-02-26,1,2024-02-27,160.45
2024-02-26,2,2024-02-28,163.26
2024-02-26,3,2024-02-29,161.66
2024-02-26,4,2024-03-01,159.2
2024-02-26,5,2024-03-02,159.94
2024-02-26,6,2024-03-03,158.38
2024-02-26,7,2024-03-04,159.96
2024-02-26,8,2024-03-05,162.84
2024-02-26,9,2024-03-06,162.66
2024-02-26,10,2024-03-07,161.39
2024-02-26,11,2024-03-08,157.38
2024-02-26,12,2024-03-09,156.02
2024-02-26,13,2024-03-10,156.35
2024-02-26,14,2024-03-11,153.26
2024-02-26,15,2024-03-12,152.16
2024-02-26,16,2024-03-13,150.39
2024-02-26,17,2024-03-14,149.1
2024-02-26,18,2024-03-15,154.68
2024-02-26,19,2024-03-16,153.22
2024-02-26,20,2024-03-17,152.05
2024-02-26,21,2024-03-18,152.48
2024-02-26,22,2024-03-19,151.25
2024-02-26,23,2024-03-20,152.29
2024-02-26,24,2024-03-21,154.24
2024-02-26,25,2024-03-22,156.8
2024-02-26,26,2024-03-23,156.75
2024-02-26,27,2024-03-24,155.68
2024-02-26,28,2024-03-25,158.7
2024-02-26,29,2024-03-26,163.23
2024-02-26,30,2024-03-27,163.99
2024-02-27,1,2024-02-28,155.74
2024-02-27,2,2024-02-29,154.74
2024-02-27,3,2024-03-01,155.58
2024-02-27,4,2024-03-02,154.26
2024-02-27,5,2024-03-03,155.71
2024-02-27,6,2024-03-04,157.55
2024-02-27,7,2024-03-05,157.96
2024-02-27,8,2024-03-06,163.72
2024-02-27,9,2024-03-07,161.8
2024-02-27,10,2024-03-08,162.65
2024-02-27,11,2024-03-09,160.04
2024-02-27,12,2024-03-10,156.66
2024-02-27,13,2024-03-11,157.62
2024-02-27,14,2024-03-12,156.58
2024-02-27,15,2024-03-13,153.41
2024-02-27,16,2024-03-14,155.86
2024-02-27,17,2024-03-15,153.76
2024-02-27,18,2024-03-16,152.71
2024-02-27,19,2024-03-17,152.36
2024-02-27,20,2024-03-18,151.96
2024-02-27,21,2024-03-19,153.86
2024-02-27,22,2024-03-20,152.28
2024-02-27,23,2024-03-21,154.66
2024-02-27,24,2024-03-22,153.33
2024-02-27,25,2024-03-23,154.91
2024-02-27,26,2024-03-24,155.59
2024-02-27,27,2024-03-25,156.25
2024-02-27,28,2024-03-26,158.77
2024-02-27,29,2024-03-27,163.78
2024-02-27,30,2024-03-28,163.52
2024-02-28,1,2024-02-29,169.13
2024-02-28,2,2024-03-01,164.66
2024-02-28,3,2024-03-02,165.2
2024-02-28,4,2024-03-03,164.23
2024-02-28,5,2024-03-04,168.94
2024-02-28,6,2024-03-05,170.43
2024-02-28,7,2024-03-06,169.96
2024-02-28,8,2024-03-07,170.86
2024-02-28,9,2024-03-08,168.35
2024-02-28,10,2024-03-09,168.63
2024-02-28,11,2024-03-10,161.42
2024-02-28,12,2024-03-11,163.14
2024-02-28,13,2024-03-12,160.46
2024-02-28,14,2024-03-13,163.16
2024-02-28,15,2024-03-14,156.23
2024-02-28,16,2024-03-15,160.64
2024-02-28,17,2024-03-16,159.61
2024-02-28,18,2024-03-17,151.27
2024-02-28,19,2024-03-18,152.79
2024-02-28,20,2024-03-19,152.97
2024-02-28,21,2024-03-20,154.61
2024-02-28,22,2024-03-21,155.14
2024-02-28,23,2024-03-22,156.49
2024-02-28,24,2024-03-23,155.6
2024-02-28,25,2024-03-24,156.85
2024-02-28,26,2024-03-25,160.16
2024-02-28,27,2024-03-26,160.66
2024-02-28,28,2024-03-27,163.36
2024-02-28,29,2024-03-28,165.59
2024-02-28,30,2024-03-29,166.36
2024-02-29,1,2024-03-01,161.24
2024-02-29,2,2024-03-02,154.3
2024-02-29,3,2024-03-03,151.79
2024-02-29,4,2024-03-04,154.93
2024-02-29,5,2024-03-05,155.86
2024-02-29,6,2024-03-06,162.59
2024-02-29,7,2024-03-07,161.27
2024-02-29,8,2024-03-08,163.24
2024-02-29,9,2024-03-09,160.28
2024-02-29,10,2024-03-10,162.3
2024-02-29,11,2024-03-11,158.42
2024-02-29,12,2024-03-12,160.61
2024-02-29,13,2024-03-13,160.65
2024-02-29,14,2024-03-14,159.85
2024-02-29,15,2024-03-15,159.04
2024-02-29,16,2024-03-16,159.77
2024-02-29,17,2024-03-17,162.88
2024-02-29,18,2024-03-18,152.54
2024-02-29,19,2024-03-19,153.92
2024-02-29,20,2024-03-20,154.64
2024-02-29,21,2024-03-21,156.1
2024-02-29,22,2024-03-22,155.82
2024-02-29,23,2024-03-23,157.21
2024-02-29,24,2024-03-24,154.58
2024-02-29,25,2024-03-25,155.39
2024-02-29,26,2024-03-26,158.4
2024-02-29,27,2024-03-27,161.91
2024-02-29,28,2024-03-28,164.2
2024-02-29,29,2024-03-29,164.7
2024-02-29,30,2024-03-30,160.57
2024-03-01,1,2024-03-02,149.11
2024-03-01,2,2024-03-03,146.55
2024-03-01,3,2024-03-04,145.43
2024-03-01,4,2024-03-05,150.74
2024-03-01,5,2024-03-06,152.14
2024-03-01,6,2024-03-07,153.32
2024-03-01,7,2024-03-08,153.52
2024-03-01,8,2024-03-09,162.43
2024-03-01,9,2024-03-10,160.52
2024-03-01,10,2024-03-11,162.09
2024-03-01,11,2024-03-12,158.02
2024-03-01,12,2024-03-13,160.08
2024-03-01,13,2024-03-14,158.96
2024-03-01,14,2024-03-15,161.12
2024-03-01,15,2024-03-16,162.97
2024-03-01,16,2024-03-17,164.15
2024-03-01,17,2024-03-18,167.43
2024-03-01,18,2024-03-19,153.0
2024-03-01,19,2024-03-20,154.59
2024-03-01,20,2024-03-21,156.27
2024-03-01,21,2024-03-22,157.41
2024-03-01,22,2024-03-23,157.05
2024-03-01,23,2024-03-24,156.34
2024-03-01,24,2024-03-25,153.95
2024-03-01,25,2024-03-26,155.98
2024-03-01,26,2024-03-27,156.42
2024-03-01,27,2024-03-28,157.8
2024-03-01,28,2024-03-29,158.81
2024-03-01,29,2024-03-30,159.69
2024-03-01,30,2024-03-31,158.16
2024-03-02,1,2024-03-03,147.04
2024-03-02,2,2024-03-04,146.71
2024-03-02,3,2024-03-05,149.1
2024-03-02,4,2024-03-06,153.77
2024-03-02,5,2024-03-07,156.4
2024-03-02,6,2024-03-08,154.5
2024-03-02,7,2024-03-09,158.23
2024-03-02,8,2024-03-10,161.31
2024-03-02,9,2024-03-11,161.27
2024-03-02,10,2024-03-12,161.75
2024-03-02,11,2024-03-13,159.59
2024-03-02,12,2024-03-14,159.12
2024-03-02,13,2024-03-15,161.29
2024-03-02,14,2024-03-16,159.41
2024-03-02,15,2024-03-17,159.75
2024-03-02,16,2024-03-18,160.18
2024-03-02,17,2024-03-19,168.16
2024-03-02,18,2024-03-20,154.71
2024-03-02,19,2024-03-21,155.92
2024-03-02,20,2024-03-22,157.44
2024-03-02,21,2024-03-23,156.11
2024-03-02,22,2024-03-24,156.3
2024-03-02,23,2024-03-25,156.97
2024-03-02,24,2024-03-26,155.16
2024-03-02,25,2024-03-27,155.19
2024-03-02,26,2024-03-28,154.9
2024-03-02,27,2024-03-29,157.08
2024-03-02,28,2024-03-30,158.2
2024-03-02,29,2024-03-31,157.37
2024-03-02,30,2024-04-01,159.51
2024-03-03,1,2024-03-04,139.88
2024-03-03,2,2024-03-05,142.39
2024-03-03,3,2024-03-06,144.5
2024-03-03,4,2024-03-07,145.88
2024-03-03,5,2024-03-08,146.6
2024-03-03,6,2024-03-09,150.65
2024-03-03,7,2024-03-10,151.29
2024-03-03,8,2024-03-11,153.85
2024-03-03,9,2024-03-12,154.1
2024-03-03,10,2024-03-13,156.06
2024-03-03,11,2024-03-14,153.01
2024-03-03,12,2024-03-15,155.64
2024-03-03,13,2024-03-16,154.34
2024-03-03,14,2024-03-17,155.37
2024-03-03,15,2024-03-18,159.45
2024-03-03,16,2024-03-19,160.87
2024-03-03,17,2024-03-20,166.91
2024-03-03,18,2024-03-21,155.77
2024-03-03,19,2024-03-22,155.06
2024-03-03,20,2024-03-23,154.96
2024-03-03,21,2024-03-24,156.07
2024-03-03,22,2024-03-25,154.55
2024-03-03,23,2024-03-26,155.12
2024-03-03,24,2024-03-27,154.86
2024-03-03,25,2024-03-28,154.44
2024-03-03,26,2024-03-29,153.45
2024-03-03,27,2024-03-30,155.86
2024-03-03,28,2024-03-31,157.05
2024-03-03,29,2024-04-01,157.65
2024-03-03,30,2024-04-02,157.99
2024-03-04,1,2024-03-05,137.1
2024-03-04,2,2024-03-06,140.57
2024-03-04,3,2024-03-07,138.72
2024-03-04,4,2024-03-08,141.79
2024-03-04,5,2024-03-09,144.01
2024-03-04,6,2024-03-10,147.29
2024-03-04,7,2024-03-11,150.59
2024-03-04,8,2024-03-12,147.6
2024-03-04,9,2024-03-13,154.87
2024-03-04,10,2024-03-14,154.01
2024-03-04,11,2024-03-15,153.89
2024-03-04,12,2024-03-16,154.58
2024-03-04,13,2024-03-17,151.21
2024-03-04,14,2024-03-18,155.04
2024-03-04,15,2024-03-19,160.05
2024-03-04,16,2024-03-20,164.35
2024-03-04,17,2024-03-21,166.79
2024-03-04,18,2024-03-22,155.73
2024-03-04,19,2024-03-23,155.14
2024-03-04,20,2024-03-24,154.94
2024-03-04,21,2024-03-25,155.64
2024-03-04,22,2024-03-26,154.71
2024-03-04,23,2024-03-27,155.49
2024-03-04,24,2024-03-28,155.35
2024-03-04,25,2024-03-29,154.12
2024-03-04,26,2024-03-30,154.54
2024-03-04,27,2024-03-31,156.75
2024-03-04,28,2024-04-01,157.06
2024-03-04,29,2024-04-02,157.78
2024-03-04,30,2024-04-03,157.16
2024-03-05,1,2024-03-06,138.55
2024-03-05,2,2024-03-07,140.19
2024-03-05,3,2024-03-08,142.91
2024-03-05,4,2024-03-09,146.63
2024-03-05,5,2024-03-10,145.46
2024-03-05,6,2024-03-11,143.76
2024-03-05,7,2024-03-12,145.71
2024-03-05,8,2024-03-13,146.05
2024-03-05,9,2024-03-14,150.02
2024-03-05,10,2024-03-15,153.79
2024-03-05,11,2024-03-16,155.22
2024-03-05,12,2024-03-17,156.82
2024-03-05,13,2024-03-18,157.98
2024-03-05,14,2024-03-19,161.2
2024-03-05,15,2024-03-20,165.81
2024-03-05,16,2024-03-21,164.52
2024-03-05,17,2024-03-22,162.24
2024-03-05,18,2024-03-23,154.22
2024-03-05,19,2024-03-24,154.37
2024-03-05,20,2024-03-25,154.44
2024-03-05,21,2024-03-26,155.55
2024-03-05,22,2024-03-27,155.82
2024-03-05,23,2024-03-28,156.5
2024-03-05,24,2024-03-29,154.86
2024-03-05,25,2024-03-30,154.82
2024-03-05,26,2024-03-31,154.99
2024-03-05,27,2024-04-01,155.85
2024-03-05,28,2024-04-02,157.05
2024-03-05,29,2024-04-03,156.72
2024-03-05,30,2024-04-04,158.11
2024-03-06,1,2024-03-07,134.76
2024-03-06,2,2024-03-08,137.31
2024-03-06,3,2024-03-09,137.44
2024-03-06,4,2024-03-10,138.12
2024-03-06,5,2024-03-11,141.91
2024-03-06,6,2024-03-12,142.06
2024-03-06,7,2024-03-13,141.69
2024-03-06,8,2024-03-14,143.3
2024-03-06,9,2024-03-15,148.99
2024-03-06,10,2024-03-16,150.21
2024-03-06,11,2024-03-17,156.28
2024-03-06,12,2024-03-18,157.1
2024-03-06,13,2024-03-19,159.79
2024-03-06,14,2024-03-20,161.56
2024-03-06,15,2024-03-21,161.65
2024-03-06,16,2024-03-22,160.08
2024-03-06,17,2024-03-23,154.25
2024-03-06,18,2024-03-24,153.6
2024-03-06,19,2024-03-25,153.37
2024-03-06,20,2024-03-26,154.48
2024-03-06,21,2024-03-27,153.78
2024-03-06,22,2024-03-28,154.98
2024-03-06,23,2024-03-29,154.98
2024-03-06,24,2024-03-30,155.68
2024-03-06,25,2024-03-31,155.76
2024-03-06,26,2024-04-01,155.57
2024-03-06,27,2024-04-02,154.08
2024-03-06,28,2024-04-03,157.33
2024-03-06,29,2024-04-04,156.05
2024-03-06,30,2024-04-05,157.02
2024-03-07,1,2024-03-08,133.7
2024-03-07,2,2024-03-09,137.17
2024-03-07,3,2024-03-10,136.41
2024-03-07,4,2024-03-11,139.45
2024-03-07,5,2024-03-12,140.98
2024-03-07,6,2024-03-13,140.06
2024-03-07,7,2024-03-14,141.24
2024-03-07,8,2024-03-15,145.51
2024-03-07,9,2024-03-16,150.97
2024-03-07,10,2024-03-17,153.22
2024-03-07,11,2024-03-18,162.18
2024-03-07,12,2024-03-19,159.59
2024-03-07,13,2024-03-20,160.97
2024-03-07,14,2024-03-21,161.03
2024-03-07,15,2024-03-22,157.2
2024-03-07,16,2024-03-23,154.54
2024-03-07,17,2024-03-24,149.84
2024-03-07,18,2024-03-25,153.25
2024-03-07,19,2024-03-26,153.09
2024-03-07,20,2024-03-27,152.99
2024-03-07,21,2024-03-28,155.07
2024-03-07,22,2024-03-29,154.18
2024-03-07,23,2024-03-30,154.55
2024-03-07,24,2024-03-31,156.15
2024-03-07,25,2024-04-01,155.61
2024-03-07,26,2024-04-02,156.04
2024-03-07,27,2024-04-03,155.04
2024-03-07,28,2024-04-04,156.85
2024-03-07,29,2024-04-05,156.19
2024-03-07,30,2024-04-06,156.76
2024-03-08,1,2024-03-09,133.3
2024-03-08,2,2024-03-10,132.71
2024-03-08,3,2024-03-11,132.8
2024-03-08,4,2024-03-12,131.38
2024-03-08,5,2024-03-13,137.12
2024-03-08,6,2024-03-14,136.91
2024-03-08,7,2024-03-15,140.36
2024-03-08,8,2024-03-16,148.08
2024-03-08,9,2024-03-17,152.45
2024-03-08,10,2024-03-18,159.55
2024-03-08,11,2024-03-19,165.97
2024-03-08,12,2024-03-20,163.02
2024-03-08,13,2024-03-21,164.13
2024-03-08,14,2024-03-22,157.84
2024-03-08,15,2024-03-23,151.99
2024-03-08,16,2024-03-24,148.34
2024-03-08,17,2024-03-25,145.08
2024-03-08,18,2024-03-26,151.34
2024-03-08,19,2024-03-27,153.1
2024-03-08,20,2024-03-28,155.12
2024-03-08,21,2024-03-29,154.88
2024-03-08,22,2024-03-30,153.72
2024-03-08,23,2024-03-31,154.75
2024-03-08,24,2024-04-01,155.3
2024-03-08,25,2024-04-02,155.35
2024-03-08,26,2024-04-03,154.78
2024-03-08,27,2024-04-04,154.48
2024-03-08,28,2024-04-05,154.79
2024-03-08,29,2024-04-06,154.58
2024-03-08,30,2024-04-07,156.42
2024-03-09,1,2024-03-10,131.69
2024-03-09,2,2024-03-11,132.02
2024-03-09,3,2024-03-12,132.87
2024-03-09,4,2024-03-13,135.91
2024-03-09,5,2024-03-14,136.62
2024-03-09,6,2024-03-15,142.23
2024-03-09,7,2024-03-16,146.76
2024-03-09,8,2024-03-17,152.99
2024-03-09,9,2024-03-18,160.03
2024-03-09,10,2024-03-19,163.34
2024-03-09,11,2024-03-20,163.64
2024-03-09,12,2024-03-21,162.51
2024-03-09,13,2024-03-22,159.05
2024-03-09,14,2024-03-23,151.3
2024-03-09,15,2024-03-24,150.74
2024-03-09,16,2024-03-25,145.42
2024-03-09,17,2024-03-26,143.38
2024-03-09,18,2024-03-27,150.56
2024-03-09,19,2024-03-28,151.94
2024-03-09,20,2024-03-29,153.26
2024-03-09,21,2024-03-30,152.74
2024-03-09,22,2024-03-31,153.9
2024-03-09,23,2024-04-01,155.99
2024-03-09,24,2024-04-02,155.61
2024-03-09,25,2024-04-03,154.92
2024-03-09,26,2024-04-04,154.07
2024-03-09,27,2024-04-05,154.6
2024-03-09,28,2024-04-06,155.57
2024-03-09,29,2024-04-07,154.07
2024-03-09,30,2024-04-08,156.05
2024-03-10,1,2024-03-11,125.98
2024-03-10,2,2024-03-12,127.17
2024-03-10,3,2024-03-13,126.62
2024-03-10,4,2024-03-14,130.76
2024-03-10,5,2024-03-15,134.61
2024-03-10,6,2024-03-16,143.48
2024-03-10,7,2024-03-17,150.7
2024-03-10,8,2024-03-18,157.55
2024-03-10,9,2024-03-19,162.88
2024-03-10,10,2024-03-20,164.16
2024-03-10,11,2024-03-21,164.75
2024-03-10,12,2024-03-22,159.43
2024-03-10,13,2024-03-23,155.09
2024-03-10,14,2024-03-24,150.99
2024-03-10,15,2024-03-25,150.08
2024-03-10,16,2024-03-26,146.46
2024-03-10,17,2024-03-27,146.08
2024-03-10,18,2024-03-28,150.78
2024-03-10,19,2024-03-29,151.25
2024-03-10,20,2024-03-30,152.62
2024-03-10,21,2024-03-31,152.42
2024-03-10,22,2024-04-01,154.25
2024-03-10,23,2024-04-02,154.82
2024-03-10,24,2024-04-03,155.42
2024-03-10,25,2024-04-04,155.2
2024-03-10,26,2024-04-05,152.37
2024-03-10,27,2024-04-06,153.27
2024-03-10,28,2024-04-07,153.36
2024-03-10,29,2024-04-08,150.07
2024-03-10,30,2024-04-09,154.35
2024-03-11,1,2024-03-12,126.35
2024-03-11,2,2024-03-13,128.31
2024-03-11,3,2024-03-14,129.17
2024-03-11,4,2024-03-15,136.01
2024-03-11,5,2024-03-16,140.45
2024-03-11,6,2024-03-17,149.37
2024-03-11,7,2024-03-18,157.2
2024-03-11,8,2024-03-19,161.82
2024-03-11,9,2024-03-20,164.9
2024-03-11,10,2024-03-21,164.54
2024-03-11,11,2024-03-22,161.78
2024-03-11,12,2024-03-23,151.5
2024-03-11,13,2024-03-24,151.95
2024-03-11,14,2024-03-25,146.7
2024-03-11,15,2024-03-26,148.8
2024-03-11,16,2024-03-27,145.43
2024-03-11,17,2024-03-28,145.57
2024-03-11,18,2024-03-29,149.82
2024-03-11,19,2024-03-30,150.02
2024-03-11,20,2024-03-31,153.36
2024-03-11,21,2024-04-01,151.51
2024-03-11,22,2024-04-02,152.09
2024-03-11,23,2024-04-03,153.88
2024-03-11,24,2024-04-04,153.12
2024-03-11,25,2024-04-05,152.34
2024-03-11,26,2024-04-06,151.02
2024-03-11,27,2024-04-07,152.06
2024-03-11,28,2024-04-08,151.47
2024-03-11,29,2024-04-09,149.97
2024-03-11,30,2024-04-10,153.27
2024-03-12,1,2024-03-13,129.32
2024-03-12,2,2024-03-14,133.58
2024-03-12,3,2024-03-15,140.09
2024-03-12,4,2024-03-16,147.68
2024-03-12,5,2024-03-17,151.02
2024-03-12,6,2024-03-18,155.21
2024-03-12,7,2024-03-19,162.09
2024-03-12,8,2024-03-20,166.38
2024-03-12,9,2024-03-21,166.79
2024-03-12,10,2024-03-22,159.88
2024-03-12,11,2024-03-23,158.95
2024-03-12,12,2024-03-24,149.09
2024-03-12,13,2024-03-25,147.27
2024-03-12,14,2024-03-26,145.47
2024-03-12,15,2024-03-27,145.74
2024-03-12,16,2024-03-28,142.52
2024-03-12,17,2024-03-29,145.19
2024-03-12,18,2024-03-30,149.9
2024-03-12,19,2024-03-31,151.17
2024-03-12,20,2024-04-01,152.45
2024-03-12,21,2024-04-02,151.07
2024-03-12,22,2024-04-03,152.13
2024-03-12,23,2024-04-04,152.41
2024-03-12,24,2024-04-05,152.21
2024-03-12,25,2024-04-06,152.0
2024-03-12,26,2024-04-07,150.42
2024-03-12,27,2024-04-08,152.4
2024-03-12,28,2024-04-09,152.91
2024-03-12,29,2024-04-10,151.08
2024-03-12,30,2024-04-11,155.37
2024-03-13,1,2024-03-14,131.48
2024-03-13,2,2024-03-15,139.04
2024-03-13,3,2024-03-16,144.02
2024-03-13,4,2024-03-17,150.45
2024-03-13,5,2024-03-18,152.18
2024-03-13,6,2024-03-19,159.96
2024-03-13,7,2024-03-20,164.28
2024-03-13,8,2024-03-21,167.93
2024-03-13,9,2024-03-22,167.49
2024-03-13,10,2024-03-23,158.9
2024-03-13,11,2024-03-24,153.73
2024-03-13,12,2024-03-25,145.9
2024-03-13,13,2024-03-26,146.47
2024-03-13,14,2024-03-27,143.75
2024-03-13,15,2024-03-28,142.66
2024-03-13,16,2024-03-29,141.54
2024-03-13,17,2024-03-30,144.98
2024-03-13,18,2024-03-31,149.99
2024-03-13,19,2024-04-01,151.07
2024-03-13,20,2024-04-02,152.06
2024-03-13,21,2024-04-03,150.57
2024-03-13,22,2024-04-04,150.44
2024-03-13,23,2024-04-05,150.9
2024-03-13,24,2024-04-06,150.92
2024-03-13,25,2024-04-07,151.22
2024-03-13,26,2024-04-08,150.13
2024-03-13,27,2024-04-09,149.9
2024-03-13,28,2024-04-10,152.51
2024-03-13,29,2024-04-11,150.69
2024-03-13,30,2024-04-12,155.03
2024-03-14,1,2024-03-15,131.28
2024-03-14,2,2024-03-16,137.2
2024-03-14,3,2024-03-17,143.96
2024-03-14,4,2024-03-18,150.87
2024-03-14,5,2024-03-19,151.11
2024-03-14,6,2024-03-20,157.26
2024-03-14,7,2024-03-21,163.1
2024-03-14,8,2024-03-22,162.04
2024-03-14,9,2024-03-23,160.18
2024-03-14,10,2024-03-24,154.31
2024-03-14,11,2024-03-25,151.62
2024-03-14,12,2024-03-26,145.49
2024-03-14,13,2024-03-27,146.28
2024-03-14,14,2024-03-28,146.13
2024-03-14,15,2024-03-29,146.86
2024-03-14,16,2024-03-30,147.58
2024-03-14,17,2024-03-31,148.03
2024-03-14,18,2024-04-01,150.09
2024-03-14,19,2024-04-02,152.13
2024-03-14,20,2024-04-03,151.23
2024-03-14,21,2024-04-04,149.18
2024-03-14,22,2024-04-05,150.16
2024-03-14,23,2024-04-06,150.13
2024-03-14,24,2024-04-07,148.42
2024-03-14,25,2024-04-08,148.75
2024-03-14,26,2024-04-09,146.07
2024-03-14,27,2024-04-10,146.75
2024-03-14,28,2024-04-11,149.99
2024-03-14,29,2024-04-12,149.6
2024-03-14,30,2024-04-13,152.88
2024-03-15,1,2024-03-16,133.33
2024-03-15,2,2024-03-17,139.46
2024-03-15,3,2024-03-18,144.89
2024-03-15,4,2024-03-19,149.67
2024-03-15,5,2024-03-20,150.81
2024-03-15,6,2024-03-21,155.77
2024-03-15,7,2024-03-22,158.81
2024-03-15,8,2024-03-23,159.33
2024-03-15,9,2024-03-24,157.74
2024-03-15,10,2024-03-25,150.5
2024-03-15,11,2024-03-26,149.61
2024-03-15,12,2024-03-27,146.28
2024-03-15,13,2024-03-28,149.72
2024-03-15,14,2024-03-29,152.16
2024-03-15,15,2024-03-30,150.97
2024-03-15,16,2024-03-31,148.23
2024-03-15,17,2024-04-01,150.01
2024-03-15,18,2024-04-02,150.03
2024-03-15,19,2024-04-03,150.97
2024-03-15,20,2024-04-04,149.64
2024-03-15,21,2024-04-05,149.55
2024-03-15,22,2024-04-06,149.5
2024-03-15,23,2024-04-07,149.44
2024-03-15,24,2024-04-08,146.17
2024-03-15,25,2024-04-09,146.2
2024-03-15,26,2024-04-10,145.27
2024-03-15,27,2024-04-11,146.54
2024-03-15,28,2024-04-12,149.66
2024-03-15,29,2024-04-13,148.22
2024-03-15,30,2024-04-14,152.18
2024-03-16,1,2024-03-17,144.42
2024-03-16,2,2024-03-18,150.21
2024-03-16,3,2024-03-19,154.37
2024-03-16,4,2024-03-20,156.85
2024-03-16,5,2024-03-21,156.2
2024-03-16,6,2024-03-22,157.35
2024-03-16,7,2024-03-23,156.35
2024-03-16,8,2024-03-24,156.39
2024-03-16,9,2024-03-25,157.17
2024-03-16,10,2024-03-26,151.62
2024-03-16,11,2024-03-27,152.07
2024-03-16,12,2024-03-28,149.81
2024-03-16,13,2024-03-29,150.79
2024-03-16,14,2024-03-30,151.45
2024-03-16,15,2024-03-31,148.98
2024-03-16,16,2024-04-01,146.0
2024-03-16,17,2024-04-02,149.07
2024-03-16,18,2024-04-03,150.38
2024-03-16,19,2024-04-04,148.85
2024-03-16,20,2024-04-05,149.93
2024-03-16,21,2024-04-06,148.88
2024-03-16,22,2024-04-07,148.7
2024-03-16,23,2024-04-08,148.16
2024-03-16,24,2024-04-09,145.99
2024-03-16,25,2024-04-10,143.88
2024-03-16,26,2024-04-11,144.79
2024-03-16,27,2024-04-12,147.32
2024-03-16,28,2024-04-13,149.82
2024-03-16,29,2024-04-14,148.12
2024-03-16,30,2024-04-15,151.37
2024-03-17,1,2024-03-18,151.2
2024-03-17,2,2024-03-19,159.87
2024-03-17,3,2024-03-20,164.45
2024-03-17,4,2024-03-21,163.92
2024-03-17,5,2024-03-22,161.39
2024-03-17,6,2024-03-23,165.79
2024-03-17,7,2024-03-24,161.04
2024-03-17,8,2024-03-25,157.53
2024-03-17,9,2024-03-26,155.19
2024-03-17,10,2024-03-27,149.13
2024-03-17,11,2024-03-28,152.74
2024-03-17,12,2024-03-29,150.11
2024-03-17,13,2024-03-30,148.84
2024-03-17,14,2024-03-31,147.17
2024-03-17,15,2024-04-01,143.76
2024-03-17,16,2024-04-02,146.43
2024-03-17,17,2024-04-03,145.8
2024-03-17,18,2024-04-04,149.43
2024-03-17,19,2024-04-05,148.26
2024-03-17,20,2024-04-06,148.41
2024-03-17,21,2024-04-07,148.44
2024-03-17,22,2024-04-08,147.87
2024-03-17,23,2024-04-09,146.41
2024-03-17,24,2024-04-10,146.62
2024-03-17,25,2024-04-11,147.36
2024-03-17,26,2024-04-12,148.95
2024-03-17,27,2024-04-13,151.07
2024-03-17,28,2024-04-14,150.33
2024-03-17,29,2024-04-15,150.29
2024-03-17,30,2024-04-16,151.93
2024-03-18,1,2024-03-19,182.08
2024-03-18,2,2024-03-20,189.04
2024-03-18,3,2024-03-21,190.87
2024-03-18,4,2024-03-22,190.66
2024-03-18,5,2024-03-23,183.0
2024-03-18,6,2024-03-24,179.8
2024-03-18,7,2024-03-25,169.11
2024-03-18,8,2024-03-26,165.26
2024-03-18,9,2024-03-27,162.42
2024-03-18,10,2024-03-28,154.42
2024-03-18,11,2024-03-29,154.67
2024-03-18,12,2024-03-30,148.21
2024-03-18,13,2024-03-31,150.35
2024-03-18,14,2024-04-01,149.01
2024-03-18,15,2024-04-02,145.65
2024-03-18,16,2024-04-03,144.36
2024-03-18,17,2024-04-04,147.16
2024-03-18,18,2024-04-05,147.95
2024-03-18,19,2024-04-06,148.93
2024-03-18,20,2024-04-07,148.53
2024-03-18,21,2024-04-08,147.27
2024-03-18,22,2024-04-09,147.69
2024-03-18,23,2024-04-10,146.92
2024-03-18,24,2024-04-11,148.99
2024-03-18,25,2024-04-12,151.6
2024-03-18,26,2024-04-13,151.23
2024-03-18,27,2024-04-14,154.96
2024-03-18,28,2024-04-15,154.52
2024-03-18,29,2024-04-16,156.24
2024-03-18,30,2024-04-17,155.79
2024-03-19,1,2024-03-20,175.63
2024-03-19,2,2024-03-21,174.95
2024-03-19,3,2024-03-22,178.83
2024-03-19,4,2024-03-23,179.43
2024-03-19,5,2024-03-24,172.47
2024-03-19,6,2024-03-25,173.31
2024-03-19,7,2024-03-26,164.44
2024-03-19,8,2024-03-27,161.06
2024-03-19,9,2024-03-28,158.6
2024-03-19,10,2024-03-29,155.6
2024-03-19,11,2024-03-30,155.86
2024-03-19,12,2024-03-31,150.02
2024-03-19,13,2024-04-01,150.55
2024-03-19,14,2024-04-02,151.97
2024-03-19,15,2024-04-03,148.73
2024-03-19,16,2024-04-04,145.81
2024-03-19,17,2024-04-05,145.11
2024-03-19,18,2024-04-06,147.84
2024-03-19,19,2024-04-07,147.97
2024-03-19,20,2024-04-08,148.49
2024-03-19,21,2024-04-09,147.43
2024-03-19,22,2024-04-10,147.38
2024-03-19,23,2024-04-11,149.26
2024-03-19,24,2024-04-12,153.15
2024-03-19,25,2024-04-13,154.12
2024-03-19,26,2024-04-14,155.0
2024-03-19,27,2024-04-15,154.67
2024-03-19,28,2024-04-16,155.39
2024-03-19,29,2024-04-17,155.12
2024-03-19,30,2024-04-18,154.43
2024-03-20,1,2024-03-21,179.75
2024-03-20,2,2024-03-22,179.98
2024-03-20,3,2024-03-23,180.63
2024-03-20,4,2024-03-24,181.73
2024-03-20,5,2024-03-25,174.74
2024-03-20,6,2024-03-26,170.93
2024-03-20,7,2024-03-27,166.81
2024-03-20,8,2024-03-28,162.81
2024-03-20,9,2024-03-29,158.12
2024-03-20,10,2024-03-30,156.28
2024-03-20,11,2024-03-31,152.21
2024-03-20,12,2024-04-01,156.33
2024-03-20,13,2024-04-02,149.01
2024-03-20,14,2024-04-03,146.11
2024-03-20,15,2024-04-04,144.75
2024-03-20,16,2024-04-05,143.67
2024-03-20,17,2024-04-06,143.44
2024-03-20,18,2024-04-07,148.67
2024-03-20,19,2024-04-08,149.48
2024-03-20,20,2024-04-09,147.35
2024-03-20,21,2024-04-10,146.86
2024-03-20,22,2024-04-11,149.38
2024-03-20,23,2024-04-12,153.37
2024-03-20,24,2024-04-13,153.42
2024-03-20,25,2024-04-14,153.65
2024-03-20,26,2024-04-15,153.91
2024-03-20,27,2024-04-16,155.44
2024-03-20,28,2024-04-17,155.39
2024-03-20,29,2024-04-18,156.47
2024-03-20,30,2024-04-19,155.51
2024-03-21,1,2024-03-22,192.85
2024-03-21,2,2024-03-23,192.29
2024-03-21,3,2024-03-24,192.16
2024-03-21,4,2024-03-25,184.52
2024-03-21,5,2024-03-26,179.81
2024-03-21,6,2024-03-27,171.05
2024-03-21,7,2024-03-28,165.58
2024-03-21,8,2024-03-29,159.02
2024-03-21,9,2024-03-30,156.41
2024-03-21,10,2024-03-31,153.58
2024-03-21,11,2024-04-01,151.01
2024-03-21,12,2024-04-02,154.58
2024-03-21,13,2024-04-03,149.33
2024-03-21,14,2024-04-04,144.44
2024-03-21,15,2024-04-05,145.63
2024-03-21,16,2024-04-06,145.49
2024-03-21,17,2024-04-07,147.38
2024-03-21,18,2024-04-08,147.37
2024-03-21,19,2024-04-09,146.03
2024-03-21,20,2024-04-10,148.15
2024-03-21,21,2024-04-11,148.62
2024-03-21,22,2024-04-12,153.53
2024-03-21,23,2024-04-13,156.9
2024-03-21,24,2024-04-14,155.49
2024-03-21,25,2024-04-15,158.54
2024-03-21,26,2024-04-16,157.63
2024-03-21,27,2024-04-17,158.04
2024-03-21,28,2024-04-18,156.55
2024-03-21,29,2024-04-19,157.58
2024-03-21,30,2024-04-20,156.98
2024-03-22,1,2024-03-23,191.86
2024-03-22,2,2024-03-24,191.32
2024-03-22,3,2024-03-25,188.53
2024-03-22,4,2024-03-26,181.63
2024-03-22,5,2024-03-27,179.64
2024-03-22,6,2024-03-28,172.21
2024-03-22,7,2024-03-29,163.54
2024-03-22,8,2024-03-30,155.56
2024-03-22,9,2024-03-31,151.47
2024-03-22,10,2024-04-01,150.15
2024-03-22,11,2024-04-02,151.26
2024-03-22,12,2024-04-03,152.5
2024-03-22,13,2024-04-04,149.84
2024-03-22,14,2024-04-05,148.44
2024-03-22,15,2024-04-06,143.52
2024-03-22,16,2024-04-07,149.2
2024-03-22,17,2024-04-08,149.95
2024-03-22,18,2024-04-09,147.4
2024-03-22,19,2024-04-10,147.68
2024-03-22,20,2024-04-11,150.45
2024-03-22,21,2024-04-12,152.03
2024-03-22,22,2024-04-13,155.42
2024-03-22,23,2024-04-14,157.83
2024-03-22,24,2024-04-15,157.75
2024-03-22,25,2024-04-16,158.58
2024-03-22,26,2024-04-17,157.93
2024-03-22,27,2024-04-18,158.67
2024-03-22,28,2024-04-19,158.15
2024-03-22,29,2024-04-20,159.82
2024-03-22,30,2024-04-21,157.01
2024-03-23,1,2024-03-24,203.01
2024-03-23,2,2024-03-25,201.98
2024-03-23,3,2024-03-26,199.48
2024-03-23,4,2024-03-27,188.5
2024-03-23,5,2024-03-28,185.02
2024-03-23,6,2024-03-29,177.73
2024-03-23,7,2024-03-30,168.03
2024-03-23,8,2024-03-31,154.24
2024-03-23,9,2024-04-01,151.65
2024-03-23,10,2024-04-02,148.78
2024-03-23,11,2024-04-03,149.14
2024-03-23,12,2024-04-04,147.19
2024-03-23,13,2024-04-05,146.99
2024-03-23,14,2024-04-06,144.19
2024-03-23,15,2024-04-07,145.64
2024-03-23,16,2024-04-08,145.9
2024-03-23,17,2024-04-09,150.34
2024-03-23,18,2024-04-10,148.89
2024-03-23,19,2024-04-11,150.05
2024-03-23,20,2024-04-12,154.02
2024-03-23,21,2024-04-13,155.83
2024-03-23,22,2024-04-14,157.85
2024-03-23,23,2024-04-15,159.67
2024-03-23,24,2024-04-16,159.83
2024-03-23,25,2024-04-17,161.12
2024-03-23,26,2024-04-18,161.88
2024-03-23,27,2024-04-19,161.51
2024-03-23,28,2024-04-20,159.9
2024-03-23,29,2024-04-21,162.52
2024-03-23,30,2024-04-22,161.04
2024-03-24,1,2024-03-25,185.62
2024-03-24,2,2024-03-26,182.5
2024-03-24,3,2024-03-27,181.62
2024-03-24,4,2024-03-28,175.92
2024-03-24,5,2024-03-29,173.44
2024-03-24,6,2024-03-30,162.68
2024-03-24,7,2024-03-31,158.64
2024-03-24,8,2024-04-01,149.78
2024-03-24,9,2024-04-02,152.03
2024-03-24,10,2024-04-03,144.46
2024-03-24,11,2024-04-04,146.39
2024-03-24,12,2024-04-05,148.13
2024-03-24,13,2024-04-06,143.96
2024-03-24,14,2024-04-07,145.99
2024-03-24,15,2024-04-08,146.18
2024-03-24,16,2024-04-09,146.44
2024-03-24,17,2024-04-10,150.14
2024-03-24,18,2024-04-11,151.52
2024-03-24,19,2024-04-12,153.82
2024-03-24,20,2024-04-13,155.8
2024-03-24,21,2024-04-14,157.77
2024-03-24,22,2024-04-15,159.34
2024-03-24,23,2024-04-16,161.72
2024-03-24,24,2024-04-17,160.81
2024-03-24,25,2024-04-18,161.36
2024-03-24,26,2024-04-19,160.88
2024-03-24,27,2024-04-20,160.95
2024-03-24,28,2024-04-21,161.43
2024-03-24,29,2024-04-22,164.03
2024-03-24,30,2024-04-23,163.66
2024-03-25,1,2024-03-26,176.99
2024-03-25,2,2024-03-27,175.31
2024-03-25,3,2024-03-28,171.48
2024-03-25,4,2024-03-29,169.11
2024-03-25,5,2024-03-30,165.25
2024-03-25,6,2024-03-31,156.67
2024-03-25,7,2024-04-01,156.14
2024-03-25,8,2024-04-02,150.95
2024-03-25,9,2024-04-03,147.16
2024-03-25,10,2024-04-04,146.78
2024-03-25,11,2024-04-05,152.75
2024-03-25,12,2024-04-06,150.85
2024-03-25,13,2024-04-07,150.09
2024-03-25,14,2024-04-08,149.68
2024-03-25,15,2024-04-09,144.77
2024-03-25,16,2024-04-10,148.39
2024-03-25,17,2024-04-11,153.72
2024-03-25,18,2024-04-12,153.14
2024-03-25,19,2024-04-13,155.49
2024-03-25,20,2024-04-14,157.56
2024-03-25,21,2024-04-15,159.66
2024-03-25,22,2024-04-16,163.11
2024-03-25,23,2024-04-17,162.51
2024-03-25,24,2024-04-18,160.46
2024-03-25,25,2024-04-19,163.49
2024-03-25,26,2024-04-20,161.9
2024-03-25,27,2024-04-21,162.8
2024-03-25,28,2024-04-22,163.2
2024-03-25,29,2024-04-23,165.04
2024-03-25,30,2024-04-24,166.59
2024-03-26,1,2024-03-27,161.79
2024-03-26,2,2024-03-28,155.27
2024-03-26,3,2024-03-29,150.67
2024-03-26,4,2024-03-30,149.45
2024-03-26,5,2024-03-31,149.33
2024-03-26,6,2024-04-01,145.97
2024-03-26,7,2024-04-02,146.74
2024-03-26,8,2024-04-03,146.2
2024-03-26,9,2024-04-04,144.63
2024-03-26,10,2024-04-05,148.74
2024-03-26,11,2024-04-06,149.88
2024-03-26,12,2024-04-07,149.31
2024-03-26,13,2024-04-08,148.77
2024-03-26,14,2024-04-09,148.59
2024-03-26,15,2024-04-10,146.65
2024-03-26,16,2024-04-11,152.73
2024-03-26,17,2024-04-12,157.47
2024-03-26,18,2024-04-13,156.23
2024-03-26,19,2024-04-14,157.41
2024-03-26,20,2024-04-15,159.67
2024-03-26,21,2024-04-16,163.83
2024-03-26,22,2024-04-17,163.38
2024-03-26,23,2024-04-18,162.91
2024-03-26,24,2024-04-19,162.13
2024-03-26,25,2024-04-20,160.56
2024-03-26,26,2024-04-21,163.29
2024-03-26,27,2024-04-22,163.86
2024-03-26,28,2024-04-23,165.49
2024-03-26,29,2024-04-24,167.94
2024-03-26,30,2024-04-25,168.55
2024-03-27,1,2024-03-28,155.95
2024-03-27,2,2024-03-29,152.35
2024-03-27,3,2024-03-30,147.76
2024-03-27,4,2024-03-31,145.68
2024-03-27,5,2024-04-01,142.76
2024-03-27,6,2024-04-02,141.26
2024-03-27,7,2024-04-03,144.74
2024-03-27,8,2024-04-04,143.11
2024-03-27,9,2024-04-05,143.04
2024-03-27,10,2024-04-06,147.07
2024-03-27,11,2024-04-07,148.6
2024-03-27,12,2024-04-08,147.62
2024-03-27,13,2024-04-09,145.29
2024-03-27,14,2024-04-10,146.76
2024-03-27,15,2024-04-11,148.88
2024-03-27,16,2024-04-12,154.07
2024-03-27,17,2024-04-13,159.45
2024-03-27,18,2024-04-14,158.92
2024-03-27,19,2024-04-15,160.28
2024-03-27,20,2024-04-16,162.6
2024-03-27,21,2024-04-17,163.89
2024-03-27,22,2024-04-18,162.37
2024-03-27,23,2024-04-19,163.83
2024-03-27,24,2024-04-20,161.26
2024-03-27,25,2024-04-21,161.2
2024-03-27,26,2024-04-22,162.63
2024-03-27,27,2024-04-23,166.33
2024-03-27,28,2024-04-24,165.74
2024-03-27,29,2024-04-25,168.39
2024-03-27,30,2024-04-26,165.05
2024-03-28,1,2024-03-29,156.65
2024-03-28,2,2024-03-30,156.15
2024-03-28,3,2024-03-31,148.0
2024-03-28,4,2024-04-01,145.87
2024-03-28,5,2024-04-02,142.08
2024-03-28,6,2024-04-03,143.53
2024-03-28,7,2024-04-04,144.4
2024-03-28,8,2024-04-05,145.65
2024-03-28,9,2024-04-06,146.31
2024-03-28,10,2024-04-07,150.55
2024-03-28,11,2024-04-08,154.24
2024-03-28,12,2024-04-09,149.51
2024-03-28,13,2024-04-10,147.91
2024-03-28,14,2024-04-11,149.97
2024-03-28,15,2024-04-12,154.94
2024-03-28,16,2024-04-13,159.54
2024-03-28,17,2024-04-14,160.59
2024-03-28,18,2024-04-15,161.38
2024-03-28,19,2024-04-16,163.62
2024-03-28,20,2024-04-17,163.7
2024-03-28,21,2024-04-18,162.52
2024-03-28,22,2024-04-19,162.22
2024-03-28,23,2024-04-20,163.07
2024-03-28,24,2024-04-21,162.31
2024-03-28,25,2024-04-22,161.94
2024-03-28,26,2024-04-23,163.32
2024-03-28,27,2024-04-24,165.4
2024-03-28,28,2024-04-25,165.07
2024-03-28,29,2024-04-26,167.74
2024-03-28,30,2024-04-27,163.45
2024-03-29,1,2024-03-30,150.92
2024-03-29,2,2024-03-31,145.53
2024-03-29,3,2024-04-01,143.67
2024-03-29,4,2024-04-02,144.91
2024-03-29,5,2024-04-03,144.86
2024-03-29,6,2024-04-04,144.46
2024-03-29,7,2024-04-05,145.52
2024-03-29,8,2024-04-06,149.11
2024-03-29,9,2024-04-07,150.34
2024-03-29,10,2024-04-08,151.48
2024-03-29,11,2024-04-09,154.89
2024-03-29,12,2024-04-10,150.27
2024-03-29,13,2024-04-11,150.52
2024-03-29,14,2024-04-12,156.06
2024-03-29,15,2024-04-13,159.75
2024-03-29,16,2024-04-14,161.8
2024-03-29,17,2024-04-15,166.54
2024-03-29,18,2024-04-16,163.01
2024-03-29,19,2024-04-17,164.1
2024-03-29,20,2024-04-18,164.51
2024-03-29,21,2024-04-19,162.41
2024-03-29,22,2024-04-20,161.37
2024-03-29,23,2024-04-21,161.5
2024-03-29,24,2024-04-22,161.53
2024-03-29,25,2024-04-23,161.88
2024-03-29,26,2024-04-24,164.04
2024-03-29,27,2024-04-25,163.62
2024-03-29,28,2024-04-26,160.65
2024-03-29,29,2024-04-27,161.8
2024-03-29,30,2024-04-28,158.91
2024-03-30,1,2024-03-31,145.64
2024-03-30,2,2024-04-01,142.33
2024-03-30,3,2024-04-02,142.37
2024-03-30,4,2024-04-03,142.29
2024-03-30,5,2024-04-04,144.44
2024-03-30,6,2024-04-05,145.42
2024-03-30,7,2024-04-06,147.86
2024-03-30,8,2024-04-07,152.61
2024-03-30,9,2024-04-08,154.33
2024-03-30,10,2024-04-09,154.29
2024-03-30,11,2024-04-10,159.08
2024-03-30,12,2024-04-11,155.64
2024-03-30,13,2024-04-12,155.87
2024-03-30,14,2024-04-13,161.65
2024-03-30,15,2024-04-14,162.86
2024-03-30,16,2024-04-15,169.81
2024-03-30,17,2024-04-16,169.18
2024-03-30,18,2024-04-17,165.49
2024-03-30,19,2024-04-18,163.94
2024-03-30,20,2024-04-19,163.91
2024-03-30,21,2024-04-20,162.92
2024-03-30,22,2024-04-21,161.07
2024-03-30,23,2024-04-22,161.13
2024-03-30,24,2024-04-23,161.47
2024-03-30,25,2024-04-24,160.16
2024-03-30,26,2024-04-25,161.93
2024-03-30,27,2024-04-26,161.2
2024-03-30,28,2024-04-27,157.51
2024-03-30,29,2024-04-28,157.81
2024-03-30,30,2024-04-29,154.73
2024-03-31,1,2024-04-01,125.02
2024-03-31,2,2024-04-02,127.66
2024-03-31,3,2024-04-03,129.86
2024-03-31,4,2024-04-04,133.28
2024-03-31,5,2024-04-05,138.44
2024-03-31,6,2024-04-06,141.69
2024-03-31,7,2024-04-07,150.69
2024-03-31,8,2024-04-08,152.03
2024-03-31,9,2024-04-09,153.75
2024-03-31,10,2024-04-10,154.54
2024-03-31,11,2024-04-11,160.63
2024-03-31,12,2024-04-12,158.0
2024-03-31,13,2024-04-13,158.95
2024-03-31,14,2024-04-14,163.27
2024-03-31,15,2024-04-15,163.9
2024-03-31,16,2024-04-16,168.97
2024-03-31,17,2024-04-17,167.93
2024-03-31,18,2024-04-18,164.97
2024-03-31,19,2024-04-19,163.53
2024-03-31,20,2024-04-20,163.74
2024-03-31,21,2024-04-21,162.22
2024-03-31,22,2024-04-22,159.38
2024-03-31,23,2024-04-23,159.48
2024-03-31,24,2024-04-24,159.37
2024-03-31,25,2024-04-25,155.41
2024-03-31,26,2024-04-26,154.36
2024-03-31,27,2024-04-27,151.53
2024-03-31,28,2024-04-28,149.27
2024-03-31,29,2024-04-29,148.86
2024-03-31,30,2024-04-30,151.48
2024-04-01,1,2024-04-02,119.95
2024-04-01,2,2024-04-03,122.99
2024-04-01,3,2024-04-04,127.33
2024-04-01,4,2024-04-05,131.28
2024-04-01,5,2024-04-06,137.7
2024-04-01,6,2024-04-07,141.62
2024-04-01,7,2024-04-08,146.4
2024-04-01,8,2024-04-09,148.73
2024-04-01,9,2024-04-10,153.18
2024-04-01,10,2024-04-11,156.5
2024-04-01,11,2024-04-12,163.74
2024-04-01,12,2024-04-13,162.64
2024-04-01,13,2024-04-14,163.7
2024-04-01,14,2024-04-15,170.47
2024-04-01,15,2024-04-16,169.13
2024-04-01,16,2024-04-17,174.54
2024-04-01,17,2024-04-18,170.36
2024-04-01,18,2024-04-19,162.66
2024-04-01,19,2024-04-20,159.2
2024-04-01,20,2024-04-21,158.5
2024-04-01,21,2024-04-22,161.81
2024-04-01,22,2024-04-23,156.09
2024-04-01,23,2024-04-24,154.64
2024-04-01,24,2024-04-25,152.25
2024-04-01,25,2024-04-26,150.39
2024-04-01,26,2024-04-27,148.82
2024-04-01,27,2024-04-28,145.2
2024-04-01,28,2024-04-29,144.74
2024-04-01,29,2024-04-30,146.57
2024-04-01,30,2024-05-01,149.54
2024-04-02,1,2024-04-03,117.74
2024-04-02,2,2024-04-04,121.52
2024-04-02,3,2024-04-05,125.92
2024-04-02,4,2024-04-06,133.14
2024-04-02,5,2024-04-07,137.89
2024-04-02,6,2024-04-08,140.52
2024-04-02,7,2024-04-09,143.08
2024-04-02,8,2024-04-10,148.98
2024-04-02,9,2024-04-11,152.44
2024-04-02,10,2024-04-12,160.91
2024-04-02,11,2024-04-13,166.17
2024-04-02,12,2024-04-14,165.43
2024-04-02,13,2024-04-15,167.24
2024-04-02,14,2024-04-16,172.87
2024-04-02,15,2024-04-17,169.72
2024-04-02,16,2024-04-18,168.74
2024-04-02,17,2024-04-19,168.91
2024-04-02,18,2024-04-20,157.98
2024-04-02,19,2024-04-21,156.78
2024-04-02,20,2024-04-22,157.25
2024-04-02,21,2024-04-23,157.89
2024-04-02,22,2024-04-24,156.19
2024-04-02,23,2024-04-25,152.34
2024-04-02,24,2024-04-26,148.74
2024-04-02,25,2024-04-27,145.44
2024-04-02,26,2024-04-28,144.23
2024-04-02,27,2024-04-29,142.79
2024-04-02,28,2024-04-30,142.49
2024-04-02,29,2024-05-01,144.42
2024-04-02,30,2024-05-02,148.38
2024-04-03,1,2024-04-04,116.61
2024-04-03,2,2024-04-05,121.11
2024-04-03,3,2024-04-06,126.68
2024-04-03,4,2024-04-07,135.37
2024-04-03,5,2024-04-08,137.17
2024-04-03,6,2024-04-09,139.78
2024-04-03,7,2024-04-10,145.5
2024-04-03,8,2024-04-11,146.15
2024-04-03,9,2024-04-12,151.89
2024-04-03,10,2024-04-13,160.83
2024-04-03,11,2024-04-14,169.91
2024-04-03,12,2024-04-15,167.18
2024-04-03,13,2024-04-16,167.6
2024-04-03,14,2024-04-17,171.03
2024-04-03,15,2024-04-18,166.17
2024-04-03,16,2024-04-19,167.18
2024-04-03,17,2024-04-20,162.83
2024-04-03,18,2024-04-21,155.58
2024-04-03,19,2024-04-22,155.67
2024-04-03,20,2024-04-23,156.65
2024-04-03,21,2024-04-24,155.21
2024-04-03,22,2024-04-25,151.88
2024-04-03,23,2024-04-26,148.73
2024-04-03,24,2024-04-27,144.85
2024-04-03,25,2024-04-28,142.48
2024-04-03,26,2024-04-29,141.36
2024-04-03,27,2024-04-30,142.32
2024-04-03,28,2024-05-01,141.68
2024-04-03,29,2024-05-02,143.97
2024-04-03,30,2024-05-03,147.59
2024-04-04,1,2024-04-05,118.77
2024-04-04,2,2024-04-06,124.23
2024-04-04,3,2024-04-07,128.58
2024-04-04,4,2024-04-08,136.64
2024-04-04,5,2024-04-09,137.51
2024-04-04,6,2024-04-10,141.43
2024-04-04,7,2024-04-11,144.39
2024-04-04,8,2024-04-12,150.91
2024-04-04,9,2024-04-13,156.31
2024-04-04,10,2024-04-14,164.52
2024-04-04,11,2024-04-15,171.98
2024-04-04,12,2024-04-16,168.31
2024-04-04,13,2024-04-17,169.76
2024-04-04,14,2024-04-18,170.11
2024-04-04,15,2024-04-19,162.56
2024-04-04,16,2024-04-20,165.19
2024-04-04,17,2024-04-21,165.38
2024-04-04,18,2024-04-22,152.73
2024-04-04,19,2024-04-23,153.6
2024-04-04,20,2024-04-24,154.42
2024-04-04,21,2024-04-25,153.5
2024-04-04,22,2024-04-26,147.98
2024-04-04,23,2024-04-27,144.73
2024-04-04,24,2024-04-28,142.06
2024-04-04,25,2024-04-29,140.77
2024-04-04,26,2024-04-30,140.17
2024-04-04,27,2024-05-01,140.54
2024-04-04,28,2024-05-02,140.8
2024-04-04,29,2024-05-03,143.28
2024-04-04,30,2024-05-04,146.73
2024-04-05,1,2024-04-06,125.75
2024-04-05,2,2024-04-07,132.85
2024-04-05,3,2024-04-08,138.01
2024-04-05,4,2024-04-09,145.07
2024-04-05,5,2024-04-10,145.17
2024-04-05,6,2024-04-11,147.38
2024-04-05,7,2024-04-12,151.75
2024-04-05,8,2024-04-13,159.48
2024-04-05,9,2024-04-14,159.81
2024-04-05,10,2024-04-15,169.69
2024-04-05,11,2024-04-16,172.88
2024-04-05,12,2024-04-17,170.05
2024-04-05,13,2024-04-18,168.49
2024-04-05,14,2024-04-19,167.69
2024-04-05,15,2024-04-20,161.74
2024-04-05,16,2024-04-21,164.59
2024-04-05,17,2024-04-22,162.29
2024-04-05,18,2024-04-23,153.35
2024-04-05,19,2024-04-24,151.26
2024-04-05,20,2024-04-25,150.08
2024-04-05,21,2024-04-26,147.95
2024-04-05,22,2024-04-27,144.32
2024-04-05,23,2024-04-28,141.93
2024-04-05,24,2024-04-29,142.14
2024-04-05,25,2024-04-30,141.54
2024-04-05,26,2024-05-01,141.61
2024-04-05,27,2024-05-02,141.98
2024-04-05,28,2024-05-03,143.18
2024-04-05,29,2024-05-04,143.84
2024-04-05,30,2024-05-05,147.05
2024-04-06,1,2024-04-07,127.57
2024-04-06,2,2024-04-08,132.22
2024-04-06,3,2024-04-09,135.95
2024-04-06,4,2024-04-10,142.54
2024-04-06,5,2024-04-11,142.32
2024-04-06,6,2024-04-12,148.32
2024-04-06,7,2024-04-13,151.01
2024-04-06,8,2024-04-14,160.56
2024-04-06,9,2024-04-15,163.17
2024-04-06,10,2024-04-16,168.66
2024-04-06,11,2024-04-17,173.3
2024-04-06,12,2024-04-18,170.72
2024-04-06,13,2024-04-19,168.63
2024-04-06,14,2024-04-20,164.42
2024-04-06,15,2024-04-21,159.06
2024-04-06,16,2024-04-22,157.75
2024-04-06,17,2024-04-23,156.56
2024-04-06,18,2024-04-24,152.95
2024-04-06,19,2024-04-25,148.28
2024-04-06,20,2024-04-26,147.11
2024-04-06,21,2024-04-27,144.79
2024-04-06,22,2024-04-28,140.48
2024-04-06,23,2024-04-29,139.73
2024-04-06,24,2024-04-30,141.32
2024-04-06,25,2024-05-01,142.33
2024-04-06,26,2024-05-02,143.32
2024-04-06,27,2024-05-03,142.84
2024-04-06,28,2024-05-04,143.47
2024-04-06,29,2024-05-05,143.9
2024-04-06,30,2024-05-06,146.39
2024-04-07,1,2024-04-08,128.03
2024-04-07,2,2024-04-09,132.34
2024-04-07,3,2024-04-10,137.97
2024-04-07,4,2024-04-11,144.13
2024-04-07,5,2024-04-12,146.08
2024-04-07,6,2024-04-13,150.55
2024-04-07,7,2024-04-14,156.65
2024-04-07,8,2024-04-15,161.95
2024-04-07,9,2024-04-16,164.91
2024-04-07,10,2024-04-17,170.84
2024-04-07,11,2024-04-18,170.76
2024-04-07,12,2024-04-19,169.33
2024-04-07,13,2024-04-20,165.23
2024-04-07,14,2024-04-21,160.98
2024-04-07,15,2024-04-22,155.58
2024-04-07,16,2024-04-23,156.73
2024-04-07,17,2024-04-24,158.31
2024-04-07,18,2024-04-25,147.61
2024-04-07,19,2024-04-26,144.63
2024-04-07,20,2024-04-27,141.13
2024-04-07,21,2024-04-28,140.2
2024-04-07,22,2024-04-29,139.49
2024-04-07,23,2024-04-30,139.68
2024-04-07,24,2024-05-01,141.69
2024-04-07,25,2024-05-02,142.64
2024-04-07,26,2024-05-03,143.61
2024-04-07,27,2024-05-04,144.54
2024-04-07,28,2024-05-05,146.21
2024-04-07,29,2024-05-06,145.61
2024-04-07,30,2024-05-07,149.7
2024-04-08,1,2024-04-09,130.86
2024-04-08,2,2024-04-10,135.33
2024-04-08,3,2024-04-11,139.32
2024-04-08,4,2024-04-12,147.29
2024-04-08,5,2024-04-13,148.43
2024-04-08,6,2024-04-14,155.64
2024-04-08,7,2024-04-15,159.6
2024-04-08,8,2024-04-16,166.2
2024-04-08,9,2024-04-17,167.79
2024-04-08,10,2024-04-18,170.27
2024-04-08,11,2024-04-19,164.63
2024-04-08,12,2024-04-20,167.65
2024-04-08,13,2024-04-21,161.55
2024-04-08,14,2024-04-22,158.55
2024-04-08,15,2024-04-23,157.82
2024-04-08,16,2024-04-24,153.95
2024-04-08,17,2024-04-25,152.51
2024-04-08,18,2024-04-26,145.93
2024-04-08,19,2024-04-27,141.58
2024-04-08,20,2024-04-28,138.46
2024-04-08,21,2024-04-29,139.38
2024-04-08,22,2024-04-30,139.26
2024-04-08,23,2024-05-01,139.95
2024-04-08,24,2024-05-02,141.74
2024-04-08,25,2024-05-03,142.14
2024-04-08,26,2024-05-04,143.63
2024-04-08,27,2024-05-05,144.8
2024-04-08,28,2024-05-06,147.34
2024-04-08,29,2024-05-07,148.13
2024-04-08,30,2024-05-08,151.47
2024-04-09,1,2024-04-10,132.58
2024-04-09,2,2024-04-11,138.31
2024-04-09,3,2024-04-12,142.38
2024-04-09,4,2024-04-13,148.19
2024-04-09,5,2024-04-14,153.13
2024-04-09,6,2024-04-15,161.58
2024-04-09,7,2024-04-16,165.48
2024-04-09,8,2024-04-17,169.41
2024-04-09,9,2024-04-18,168.49
2024-04-09,10,2024-04-19,169.59
2024-04-09,11,2024-04-20,165.83
2024-04-09,12,2024-04-21,164.65
2024-04-09,13,2024-04-22,157.65
2024-04-09,14,2024-04-23,158.03
2024-04-09,15,2024-04-24,155.15
2024-04-09,16,2024-04-25,151.54
2024-04-09,17,2024-04-26,148.74
2024-04-09,18,2024-04-27,140.96
2024-04-09,19,2024-04-28,138.5
2024-04-09,20,2024-04-29,138.33
2024-04-09,21,2024-04-30,138.63
2024-04-09,22,2024-05-01,140.17
2024-04-09,23,2024-05-02,140.81
2024-04-09,24,2024-05-03,141.16
2024-04-09,25,2024-05-04,141.42
2024-04-09,26,2024-05-05,142.4
2024-04-09,27,2024-05-06,142.6
2024-04-09,28,2024-05-07,146.21
2024-04-09,29,2024-05-08,147.74
2024-04-09,30,2024-05-09,150.81
2024-04-10,1,2024-04-11,136.45
2024-04-10,2,2024-04-12,142.11
2024-04-10,3,2024-04-13,147.93
2024-04-10,4,2024-04-14,151.66
2024-04-10,5,2024-04-15,156.93
2024-04-10,6,2024-04-16,163.41
2024-04-10,7,2024-04-17,169.29
2024-04-10,8,2024-04-18,169.6
2024-04-10,9,2024-04-19,170.16
2024-04-10,10,2024-04-20,167.12
2024-04-10,11,2024-04-21,164.13
2024-04-10,12,2024-04-22,159.64
2024-04-10,13,2024-04-23,155.13
2024-04-10,14,2024-04-24,154.97
2024-04-10,15,2024-04-25,149.38
2024-04-10,16,2024-04-26,148.9
2024-04-10,17,2024-04-27,148.03
2024-04-10,18,2024-04-28,138.62
2024-04-10,19,2024-04-29,137.92
2024-04-10,20,2024-04-30,138.39
2024-04-10,21,2024-05-01,139.72
2024-04-10,22,2024-05-02,139.96
2024-04-10,23,2024-05-03,141.0
2024-04-10,24,2024-05-04,140.38
2024-04-10,25,2024-05-05,140.94
2024-04-10,26,2024-05-06,142.14
2024-04-10,27,2024-05-07,143.14
2024-04-10,28,2024-05-08,147.43
2024-04-10,29,2024-05-09,148.89
2024-04-10,30,2024-05-10,150.31
2024-04-11,1,2024-04-12,150.16
2024-04-11,2,2024-04-13,157.18
2024-04-11,3,2024-04-14,162.07
2024-04-11,4,2024-04-15,164.43
2024-04-11,5,2024-04-16,167.21
2024-04-11,6,2024-04-17,170.49
2024-04-11,7,2024-04-18,171.43
2024-04-11,8,2024-04-19,173.42
2024-04-11,9,2024-04-20,170.28
2024-04-11,10,2024-04-21,162.73
2024-04-11,11,2024-04-22,164.75
2024-04-11,12,2024-04-23,156.5
2024-04-11,13,2024-04-24,152.54
2024-04-11,14,2024-04-25,153.67
2024-04-11,15,2024-04-26,146.69
2024-04-11,16,2024-04-27,146.41
2024-04-11,17,2024-04-28,145.75
2024-04-11,18,2024-04-29,138.08
2024-04-11,19,2024-04-30,136.62
2024-04-11,20,2024-05-01,138.66
2024-04-11,21,2024-05-02,139.98
2024-04-11,22,2024-05-03,140.14
2024-04-11,23,2024-05-04,140.61
2024-04-11,24,2024-05-05,141.08
2024-04-11,25,2024-05-06,142.42
2024-04-11,26,2024-05-07,144.74
2024-04-11,27,2024-05-08,146.36
2024-04-11,28,2024-05-09,149.66
2024-04-11,29,2024-05-10,149.66
2024-04-11,30,2024-05-11,150.37
2024-04-12,1,2024-04-13,155.96
2024-04-12,2,2024-04-14,163.86
2024-04-12,3,2024-04-15,169.93
2024-04-12,4,2024-04-16,173.65
2024-04-12,5,2024-04-17,177.29
2024-04-12,6,2024-04-18,175.79
2024-04-12,7,2024-04-19,174.85
2024-04-12,8,2024-04-20,170.61
2024-04-12,9,2024-04-21,162.93
2024-04-12,10,2024-04-22,160.48
2024-04-12,11,2024-04-23,157.68
2024-04-12,12,2024-04-24,156.4
2024-04-12,13,2024-04-25,150.65
2024-04-12,14,2024-04-26,150.23
2024-04-12,15,2024-04-27,142.28
2024-04-12,16,2024-04-28,145.78
2024-04-12,17,2024-04-29,143.01
2024-04-12,18,2024-04-30,137.16
2024-04-12,19,2024-05-01,137.32
2024-04-12,20,2024-05-02,138.97
2024-04-12,21,2024-05-03,140.2
2024-04-12,22,2024-05-04,139.96
2024-04-12,23,2024-05-05,140.72
2024-04-12,24,2024-05-06,141.05
2024-04-12,25,2024-05-07,144.91
2024-04-12,26,2024-05-08,148.19
2024-04-12,27,2024-05-09,150.09
2024-04-12,28,2024-05-10,152.98
2024-04-12,29,2024-05-11,152.35
2024-04-12,30,2024-05-12,152.9
2024-04-13,1,2024-04-14,168.91
2024-04-13,2,2024-04-15,177.87
2024-04-13,3,2024-04-16,183.33
2024-04-13,4,2024-04-17,184.45
2024-04-13,5,2024-04-18,182.45
2024-04-13,6,2024-04-19,177.78
2024-04-13,7,2024-04-20,176.08
2024-04-13,8,2024-04-21,172.08
2024-04-13,9,2024-04-22,163.26
2024-04-13,10,2024-04-23,159.92
2024-04-13,11,2024-04-24,159.41
2024-04-13,12,2024-04-25,152.17
2024-04-13,13,2024-04-26,148.19
2024-04-13,14,2024-04-27,142.65
2024-04-13,15,2024-04-28,139.02
2024-04-13,16,2024-04-29,142.76
2024-04-13,17,2024-04-30,140.8
2024-04-13,18,2024-05-01,137.29
2024-04-13,19,2024-05-02,138.85
2024-04-13,20,2024-05-03,140.29
2024-04-13,21,2024-05-04,139.39
2024-04-13,22,2024-05-05,140.32
2024-04-13,23,2024-05-06,142.54
2024-04-13,24,2024-05-07,146.83
2024-04-13,25,2024-05-08,148.24
2024-04-13,26,2024-05-09,151.13
2024-04-13,27,2024-05-10,153.15
2024-04-13,28,2024-05-11,155.07
2024-04-13,29,2024-05-12,156.63
2024-04-13,30,2024-05-13,155.06
2024-04-14,1,2024-04-15,182.17
2024-04-14,2,2024-04-16,185.55
2024-04-14,3,2024-04-17,190.39
2024-04-14,4,2024-04-18,189.28
2024-04-14,5,2024-04-19,186.63
2024-04-14,6,2024-04-20,174.84
2024-04-14,7,2024-04-21,174.47
2024-04-14,8,2024-04-22,167.6
2024-04-14,9,2024-04-23,161.02
2024-04-14,10,2024-04-24,156.65
2024-04-14,11,2024-04-25,153.61
2024-04-14,12,2024-04-26,149.05
2024-04-14,13,2024-04-27,140.42
2024-04-14,14,2024-04-28,134.99
2024-04-14,15,2024-04-29,133.16
2024-04-14,16,2024-04-30,138.79
2024-04-14,17,2024-05-01,138.77
2024-04-14,18,2024-05-02,138.93
2024-04-14,19,2024-05-03,139.28
2024-04-14,20,2024-05-04,141.16
2024-04-14,21,2024-05-05,141.14
2024-04-14,22,2024-05-06,142.86
2024-04-14,23,2024-05-07,146.47
2024-04-14,24,2024-05-08,150.95
2024-04-14,25,2024-05-09,156.27
2024-04-14,26,2024-05-10,155.14
2024-04-14,27,2024-05-11,158.97
2024-04-14,28,2024-05-12,160.32
2024-04-14,29,2024-05-13,161.26
2024-04-14,30,2024-05-14,159.98
2024-04-15,1,2024-04-16,192.13
2024-04-15,2,2024-04-17,198.18
2024-04-15,3,2024-04-18,198.57
2024-04-15,4,2024-04-19,195.91
2024-04-15,5,2024-04-20,191.33
2024-04-15,6,2024-04-21,182.15
2024-04-15,7,2024-04-22,174.37
2024-04-15,8,2024-04-23,171.75
2024-04-15,9,2024-04-24,166.7
2024-04-15,10,2024-04-25,156.33
2024-04-15,11,2024-04-26,155.05
2024-04-15,12,2024-04-27,145.77
2024-04-15,13,2024-04-28,138.92
2024-04-15,14,2024-04-29,136.46
2024-04-15,15,2024-04-30,136.12
2024-04-15,16,2024-05-01,140.33
2024-04-15,17,2024-05-02,143.18
2024-04-15,18,2024-05-03,139.72
2024-04-15,19,2024-05-04,141.3
2024-04-15,20,2024-05-05,142.38
2024-04-15,21,2024-05-06,141.54
2024-04-15,22,2024-05-07,144.9
2024-04-15,23,2024-05-08,152.15
2024-04-15,24,2024-05-09,157.83
2024-04-15,25,2024-05-10,158.65
2024-04-15,26,2024-05-11,160.77
2024-04-15,27,2024-05-12,164.21
2024-04-15,28,2024-05-13,166.12
2024-04-15,29,2024-05-14,167.39
2024-04-15,30,2024-05-15,165.44
2024-04-16,1,2024-04-17,199.94
2024-04-16,2,2024-04-18,198.17
2024-04-16,3,2024-04-19,198.18
2024-04-16,4,2024-04-20,192.57
2024-04-16,5,2024-04-21,189.47
2024-04-16,6,2024-04-22,181.44
2024-04-16,7,2024-04-23,174.22
2024-04-16,8,2024-04-24,161.99
2024-04-16,9,2024-04-25,157.34
2024-04-16,10,2024-04-26,150.69
2024-04-16,11,2024-04-27,145.1
2024-04-16,12,2024-04-28,140.65
2024-04-16,13,2024-04-29,138.37
2024-04-16,14,2024-04-30,137.51
2024-04-16,15,2024-05-01,136.95
2024-04-16,16,2024-05-02,140.14
2024-04-16,17,2024-05-03,143.13
2024-04-16,18,2024-05-04,140.22
2024-04-16,19,2024-05-05,141.7
2024-04-16,20,2024-05-06,143.71
2024-04-16,21,2024-05-07,146.52
2024-04-16,22,2024-05-08,149.34
2024-04-16,23,2024-05-09,155.69
2024-04-16,24,2024-05-10,160.62
2024-04-16,25,2024-05-11,161.6
2024-04-16,26,2024-05-12,167.41
2024-04-16,27,2024-05-13,169.1
2024-04-16,28,2024-05-14,169.78
2024-04-16,29,2024-05-15,171.39
2024-04-16,30,2024-05-16,168.53
2024-04-17,1,2024-04-18,215.66
2024-04-17,2,2024-04-19,214.93
2024-04-17,3,2024-04-20,214.11
2024-04-17,4,2024-04-21,206.24
2024-04-17,5,2024-04-22,195.84
2024-04-17,6,2024-04-23,182.76
2024-04-17,7,2024-04-24,172.95
2024-04-17,8,2024-04-25,161.41
2024-04-17,9,2024-04-26,150.81
2024-04-17,10,2024-04-27,144.47
2024-04-17,11,2024-04-28,140.21
2024-04-17,12,2024-04-29,135.69
2024-04-17,13,2024-04-30,137.32
2024-04-17,14,2024-05-01,137.36
2024-04-17,15,2024-05-02,138.41
2024-04-17,16,2024-05-03,142.06
2024-04-17,17,2024-05-04,143.55
2024-04-17,18,2024-05-05,142.82
2024-04-17,19,2024-05-06,143.65
2024-04-17,20,2024-05-07,146.79
2024-04-17,21,2024-05-08,151.27
2024-04-17,22,2024-05-09,156.74
2024-04-17,23,2024-05-10,161.33
2024-04-17,24,2024-05-11,163.64
2024-04-17,25,2024-05-12,166.74
2024-04-17,26,2024-05-13,170.65
2024-04-17,27,2024-05-14,172.21
2024-04-17,28,2024-05-15,171.61
2024-04-17,29,2024-05-16,171.27
2024-04-17,30,2024-05-17,166.66
2024-04-18,1,2024-04-19,229.4
2024-04-18,2,2024-04-20,224.33
2024-04-18,3,2024-04-21,220.33
2024-04-18,4,2024-04-22,212.82
2024-04-18,5,2024-04-23,195.27
2024-04-18,6,2024-04-24,181.37
2024-04-18,7,2024-04-25,168.3
2024-04-18,8,2024-04-26,154.78
2024-04-18,9,2024-04-27,145.92
2024-04-18,10,2024-04-28,136.93
2024-04-18,11,2024-04-29,139.72
2024-04-18,12,2024-04-30,137.95
2024-04-18,13,2024-05-01,139.92
2024-04-18,14,2024-05-02,142.55
2024-04-18,15,2024-05-03,140.11
2024-04-18,16,2024-05-04,141.77
2024-04-18,17,2024-05-05,141.15
2024-04-18,18,2024-05-06,144.84
2024-04-18,19,2024-05-07,146.21
2024-04-18,20,2024-05-08,152.2
2024-04-18,21,2024-05-09,158.18
2024-04-18,22,2024-05-10,162.35
2024-04-18,23,2024-05-11,165.39
2024-04-18,24,2024-05-12,169.85
2024-04-18,25,2024-05-13,172.17
2024-04-18,26,2024-05-14,170.74
2024-04-18,27,2024-05-15,172.14
2024-04-18,28,2024-05-16,171.02
2024-04-18,29,2024-05-17,171.72
2024-04-18,30,2024-05-18,165.26
2024-04-19,1,2024-04-20,216.14
2024-04-19,2,2024-04-21,212.16
2024-04-19,3,2024-04-22,206.17
2024-04-19,4,2024-04-23,199.06
2024-04-19,5,2024-04-24,180.46
2024-04-19,6,2024-04-25,170.04
2024-04-19,7,2024-04-26,158.86
2024-04-19,8,2024-04-27,150.94
2024-04-19,9,2024-04-28,138.69
2024-04-19,10,2024-04-29,135.47
2024-04-19,11,2024-04-30,134.76
2024-04-19,12,2024-05-01,136.44
2024-04-19,13,2024-05-02,141.28
2024-04-19,14,2024-05-03,138.83
2024-04-19,15,2024-05-04,140.0
2024-04-19,16,2024-05-05,139.63
2024-04-19,17,2024-05-06,141.24
2024-04-19,18,2024-05-07,148.16
2024-04-19,19,2024-05-08,151.73
2024-04-19,20,2024-05-09,156.62
2024-04-19,21,2024-05-10,160.94
2024-04-19,22,2024-05-11,166.26
2024-04-19,23,2024-05-12,169.02
2024-04-19,24,2024-05-13,173.48
2024-04-19,25,2024-05-14,173.58
2024-04-19,26,2024-05-15,173.46
2024-04-19,27,2024-05-16,172.7
2024-04-19,28,2024-05-17,172.09
2024-04-19,29,2024-05-18,170.92
2024-04-19,30,2024-05-19,165.89
2024-04-20,1,2024-04-21,209.27
2024-04-20,2,2024-04-22,203.01
2024-04-20,3,2024-04-23,194.96
2024-04-20,4,2024-04-24,188.63
2024-04-20,5,2024-04-25,175.05
2024-04-20,6,2024-04-26,164.18
2024-04-20,7,2024-04-27,152.99
2024-04-20,8,2024-04-28,144.62
2024-04-20,9,2024-04-29,138.26
2024-04-20,10,2024-04-30,135.25
2024-04-20,11,2024-05-01,136.05
2024-04-20,12,2024-05-02,138.93
2024-04-20,13,2024-05-03,140.45
2024-04-20,14,2024-05-04,139.24
2024-04-20,15,2024-05-05,138.93
2024-04-20,16,2024-05-06,145.1
2024-04-20,17,2024-05-07,143.87
2024-04-20,18,2024-05-08,150.93
2024-04-20,19,2024-05-09,154.91
2024-04-20,20,2024-05-10,161.01
2024-04-20,21,2024-05-11,165.22
2024-04-20,22,2024-05-12,169.48
2024-04-20,23,2024-05-13,172.19
2024-04-20,24,2024-05-14,175.73
2024-04-20,25,2024-05-15,173.79
2024-04-20,26,2024-05-16,175.16
2024-04-20,27,2024-05-17,173.42
2024-04-20,28,2024-05-18,172.58
2024-04-20,29,2024-05-19,170.86
2024-04-20,30,2024-05-20,166.31
2024-04-21,1,2024-04-22,214.13
2024-04-21,2,2024-04-23,205.31
2024-04-21,3,2024-04-24,196.93
2024-04-21,4,2024-04-25,187.32
2024-04-21,5,2024-04-26,175.44
2024-04-21,6,2024-04-27,163.34
2024-04-21,7,2024-04-28,149.27
2024-04-21,8,2024-04-29,145.48
2024-04-21,9,2024-04-30,140.1
2024-04-21,10,2024-05-01,140.31
2024-04-21,11,2024-05-02,141.53
2024-04-21,12,2024-05-03,144.29
2024-04-21,13,2024-05-04,143.98
2024-04-21,14,2024-05-05,145.88
2024-04-21,15,2024-05-06,141.06
2024-04-21,16,2024-05-07,146.48
2024-04-21,17,2024-05-08,148.84
2024-04-21,18,2024-05-09,156.49
2024-04-21,19,2024-05-10,159.58
2024-04-21,20,2024-05-11,165.32
2024-04-21,21,2024-05-12,170.39
2024-04-21,22,2024-05-13,172.11
2024-04-21,23,2024-05-14,174.05
2024-04-21,24,2024-05-15,177.57
2024-04-21,25,2024-05-16,176.44
2024-04-21,26,2024-05-17,176.06
2024-04-21,27,2024-05-18,173.34
2024-04-21,28,2024-05-19,171.7
2024-04-21,29,2024-05-20,171.67
2024-04-21,30,2024-05-21,167.03
2024-04-22,1,2024-04-23,225.26
2024-04-22,2,2024-04-24,216.7
2024-04-22,3,2024-04-25,202.99
2024-04-22,4,2024-04-26,189.67
2024-04-22,5,2024-04-27,171.34
2024-04-22,6,2024-04-28,162.79
2024-04-22,7,2024-04-29,152.0
2024-04-22,8,2024-04-30,148.42
2024-04-22,9,2024-05-01,143.54
2024-04-22,10,2024-05-02,141.96
2024-04-22,11,2024-05-03,142.34
2024-04-22,12,2024-05-04,145.98
2024-04-22,13,2024-05-05,147.28
2024-04-22,14,2024-05-06,146.26
2024-04-22,15,2024-05-07,144.16
2024-04-22,16,2024-05-08,149.45
2024-04-22,17,2024-05-09,151.3
2024-04-22,18,2024-05-10,161.93
2024-04-22,19,2024-05-11,166.23
2024-04-22,20,2024-05-12,172.15
2024-04-22,21,2024-05-13,174.91
2024-04-22,22,2024-05-14,176.44
2024-04-22,23,2024-05-15,177.94
2024-04-22,24,2024-05-16,177.43
2024-04-22,25,2024-05-17,177.09
2024-04-22,26,2024-05-18,177.21
2024-04-22,27,2024-05-19,175.65
2024-04-22,28,2024-05-20,172.94
2024-04-22,29,2024-05-21,173.29
2024-04-22,30,2024-05-22,168.03
2024-04-23,1,2024-04-24,222.55
2024-04-23,2,2024-04-25,211.21
2024-04-23,3,2024-04-26,197.54
2024-04-23,4,2024-04-27,189.33
2024-04-23,5,2024-04-28,172.12
2024-04-23,6,2024-04-29,165.03
2024-04-23,7,2024-04-30,157.97
2024-04-23,8,2024-05-01,152.56
2024-04-23,9,2024-05-02,148.88
2024-04-23,10,2024-05-03,148.26
2024-04-23,11,2024-05-04,147.66
2024-04-23,12,2024-05-05,149.23
2024-04-23,13,2024-05-06,147.39
2024-04-23,14,2024-05-07,151.15
2024-04-23,15,2024-05-08,148.01
2024-04-23,16,2024-05-09,153.68
2024-04-23,17,2024-05-10,159.44
2024-04-23,18,2024-05-11,165.31
2024-04-23,19,2024-05-12,171.55
2024-04-23,20,2024-05-13,173.97
2024-04-23,21,2024-05-14,174.92
2024-04-23,22,2024-05-15,178.81
2024-04-23,23,2024-05-16,178.9
2024-04-23,24,2024-05-17,178.05
2024-04-23,25,2024-05-18,179.29
2024-04-23,26,2024-05-19,178.48
2024-04-23,27,2024-05-20,177.0
2024-04-23,28,2024-05-21,174.36
2024-04-23,29,2024-05-22,172.5
2024-04-23,30,2024-05-23,167.57
2024-04-24,1,2024-04-25,196.63
2024-04-24,2,2024-04-26,183.28
2024-04-24,3,2024-04-27,170.72
2024-04-24,4,2024-04-28,158.78
2024-04-24,5,2024-04-29,154.02
2024-04-24,6,2024-04-30,146.52
2024-04-24,7,2024-05-01,146.41
2024-04-24,8,2024-05-02,143.33
2024-04-24,9,2024-05-03,143.11
2024-04-24,10,2024-05-04,146.5
2024-04-24,11,2024-05-05,150.77
2024-04-24,12,2024-05-06,147.13
2024-04-24,13,2024-05-07,149.13
2024-04-24,14,2024-05-08,155.55
2024-04-24,15,2024-05-09,158.9
2024-04-24,16,2024-05-10,162.23
2024-04-24,17,2024-05-11,164.04
2024-04-24,18,2024-05-12,172.12
2024-04-24,19,2024-05-13,175.02
2024-04-24,20,2024-05-14,177.55
2024-04-24,21,2024-05-15,177.39
2024-04-24,22,2024-05-16,178.17
2024-04-24,23,2024-05-17,179.5
2024-04-24,24,2024-05-18,178.03
2024-04-24,25,2024-05-19,178.16
2024-04-24,26,2024-05-20,178.09
2024-04-24,27,2024-05-21,177.34
2024-04-24,28,2024-05-22,173.97
2024-04-24,29,2024-05-23,172.73
2024-04-24,30,2024-05-24,166.81
2024-04-25,1,2024-04-26,166.09
2024-04-25,2,2024-04-27,154.44
2024-04-25,3,2024-04-28,147.5
2024-04-25,4,2024-04-29,139.94
2024-04-25,5,2024-04-30,138.03
2024-04-25,6,2024-05-01,136.12
2024-04-25,7,2024-05-02,138.89
2024-04-25,8,2024-05-03,142.03
2024-04-25,9,2024-05-04,143.99
2024-04-25,10,2024-05-05,144.01
2024-04-25,11,2024-05-06,148.03
2024-04-25,12,2024-05-07,148.6
2024-04-25,13,2024-05-08,152.69
2024-04-25,14,2024-05-09,157.78
2024-04-25,15,2024-05-10,160.54
2024-04-25,16,2024-05-11,162.0
2024-04-25,17,2024-05-12,165.67
2024-04-25,18,2024-05-13,175.82
2024-04-25,19,2024-05-14,178.74
2024-04-25,20,2024-05-15,177.42
2024-04-25,21,2024-05-16,177.16
2024-04-25,22,2024-05-17,176.05
2024-04-25,23,2024-05-18,177.65
2024-04-25,24,2024-05-19,175.57
2024-04-25,25,2024-05-20,174.5
2024-04-25,26,2024-05-21,174.1
2024-04-25,27,2024-05-22,172.34
2024-04-25,28,2024-05-23,171.48
2024-04-25,29,2024-05-24,169.65
2024-04-25,30,2024-05-25,163.88
2024-04-26,1,2024-04-27,146.65
2024-04-26,2,2024-04-28,140.38
2024-04-26,3,2024-04-29,135.08
2024-04-26,4,2024-04-30,130.24
2024-04-26,5,2024-05-01,133.99
2024-04-26,6,2024-05-02,139.5
2024-04-26,7,2024-05-03,141.6
2024-04-26,8,2024-05-04,146.53
2024-04-26,9,2024-05-05,145.56
2024-04-26,10,2024-05-06,148.27
2024-04-26,11,2024-05-07,152.35
2024-04-26,12,2024-05-08,155.77
2024-04-26,13,2024-05-09,158.7
2024-04-26,14,2024-05-10,163.08
2024-04-26,15,2024-05-11,165.21
2024-04-26,16,2024-05-12,168.01
2024-04-26,17,2024-05-13,168.69
2024-04-26,18,2024-05-14,178.12
2024-04-26,19,2024-05-15,180.14
2024-04-26,20,2024-05-16,176.51
2024-04-26,21,2024-05-17,175.33
2024-04-26,22,2024-05-18,174.84
2024-04-26,23,2024-05-19,174.56
2024-04-26,24,2024-05-20,170.3
2024-04-26,25,2024-05-21,167.4
2024-04-26,26,2024-05-22,167.07
2024-04-26,27,2024-05-23,160.99
2024-04-26,28,2024-05-24,157.59
2024-04-26,29,2024-05-25,153.93
2024-04-26,30,2024-05-26,153.44
2024-04-27,1,2024-04-28,146.43
2024-04-27,2,2024-04-29,141.46
2024-04-27,3,2024-04-30,137.55
2024-04-27,4,2024-05-01,134.93
2024-04-27,5,2024-05-02,137.42
2024-04-27,6,2024-05-03,141.91
2024-04-27,7,2024-05-04,146.08
2024-04-27,8,2024-05-05,149.12
2024-04-27,9,2024-05-06,148.89
2024-04-27,10,2024-05-07,151.39
2024-04-27,11,2024-05-08,155.19
2024-04-27,12,2024-05-09,158.94
2024-04-27,13,2024-05-10,163.96
2024-04-27,14,2024-05-11,168.65
2024-04-27,15,2024-05-12,168.19
2024-04-27,16,2024-05-13,174.42
2024-04-27,17,2024-05-14,174.32
2024-04-27,18,2024-05-15,177.59
2024-04-27,19,2024-05-16,178.19
2024-04-27,20,2024-05-17,176.01
2024-04-27,21,2024-05-18,173.36
2024-04-27,22,2024-05-19,172.01
2024-04-27,23,2024-05-20,171.71
2024-04-27,24,2024-05-21,168.38
2024-04-27,25,2024-05-22,165.7
2024-04-27,26,2024-05-23,163.72
2024-04-27,27,2024-05-24,157.8
2024-04-27,28,2024-05-25,154.52
2024-04-27,29,2024-05-26,151.49
2024-04-27,30,2024-05-27,151.92
2024-04-28,1,2024-04-29,137.27
2024-04-28,2,2024-04-30,132.86
2024-04-28,3,2024-05-01,130.71
2024-04-28,4,2024-05-02,133.64
2024-04-28,5,2024-05-03,135.24
2024-04-28,6,2024-05-04,138.64
2024-04-28,7,2024-05-05,145.34
2024-04-28,8,2024-05-06,145.57
2024-04-28,9,2024-05-07,147.87
2024-04-28,10,2024-05-08,151.08
2024-04-28,11,2024-05-09,160.37
2024-04-28,12,2024-05-10,161.73
2024-04-28,13,2024-05-11,165.65
2024-04-28,14,2024-05-12,174.44
2024-04-28,15,2024-05-13,175.25
2024-04-28,16,2024-05-14,178.74
2024-04-28,17,2024-05-15,180.78
2024-04-28,18,2024-05-16,175.64
2024-04-28,19,2024-05-17,177.49
2024-04-28,20,2024-05-18,174.54
2024-04-28,21,2024-05-19,171.24
2024-04-28,22,2024-05-20,169.04
2024-04-28,23,2024-05-21,164.57
2024-04-28,24,2024-05-22,162.31
2024-04-28,25,2024-05-23,157.52
2024-04-28,26,2024-05-24,153.41
2024-04-28,27,2024-05-25,150.85
2024-04-28,28,2024-05-26,149.42
2024-04-28,29,2024-05-27,148.69
2024-04-28,30,2024-05-28,150.87
2024-04-29,1,2024-04-30,135.99
2024-04-29,2,2024-05-01,133.48
2024-04-29,3,2024-05-02,131.74
2024-04-29,4,2024-05-03,136.37
2024-04-29,5,2024-05-04,135.72
2024-04-29,6,2024-05-05,140.15
2024-04-29,7,2024-05-06,142.81
2024-04-29,8,2024-05-07,145.65
2024-04-29,9,2024-05-08,153.49
2024-04-29,10,2024-05-09,157.98
2024-04-29,11,2024-05-10,162.2
2024-04-29,12,2024-05-11,165.37
2024-04-29,13,2024-05-12,175.13
2024-04-29,14,2024-05-13,181.06
2024-04-29,15,2024-05-14,179.05
2024-04-29,16,2024-05-15,182.25
2024-04-29,17,2024-05-16,185.02
2024-04-29,18,2024-05-17,176.13
2024-04-29,19,2024-05-18,175.86
2024-04-29,20,2024-05-19,173.09
2024-04-29,21,2024-05-20,167.92
2024-04-29,22,2024-05-21,164.25
2024-04-29,23,2024-05-22,159.45
2024-04-29,24,2024-05-23,156.39
2024-04-29,25,2024-05-24,152.79
2024-04-29,26,2024-05-25,151.11
2024-04-29,27,2024-05-26,148.27
2024-04-29,28,2024-05-27,148.64
2024-04-29,29,2024-05-28,147.31
2024-04-29,30,2024-05-29,150.71
2024-04-30,1,2024-05-01,129.68
2024-04-30,2,2024-05-02,129.37
2024-04-30,3,2024-05-03,131.44
2024-04-30,4,2024-05-04,134.61
2024-04-30,5,2024-05-05,135.07
2024-04-30,6,2024-05-06,137.5
2024-04-30,7,2024-05-07,144.27
2024-04-30,8,2024-05-08,152.07
2024-04-30,9,2024-05-09,158.35
2024-04-30,10,2024-05-10,163.96
2024-04-30,11,2024-05-11,167.97
2024-04-30,12,2024-05-12,174.08
2024-04-30,13,2024-05-13,181.48
2024-04-30,14,2024-05-14,184.93
2024-04-30,15,2024-05-15,186.01
2024-04-30,16,2024-05-16,186.46
2024-04-30,17,2024-05-17,187.76
2024-04-30,18,2024-05-18,174.77
2024-04-30,19,2024-05-19,172.91
2024-04-30,20,2024-05-20,170.05
2024-04-30,21,2024-05-21,165.69
2024-04-30,22,2024-05-22,160.63
2024-04-30,23,2024-05-23,157.01
2024-04-30,24,2024-05-24,152.57
2024-04-30,25,2024-05-25,149.25
2024-04-30,26,2024-05-26,148.24
2024-04-30,27,2024-05-27,146.9
2024-04-30,28,2024-05-28,147.4
2024-04-30,29,2024-05-29,146.91
2024-04-30,30,2024-05-30,149.95
2024-05-01,1,2024-05-02,138.73
2024-05-01,2,2024-05-03,137.99
2024-05-01,3,2024-05-04,137.26
2024-05-01,4,2024-05-05,140.75
2024-05-01,5,2024-05-06,142.63
2024-05-01,6,2024-05-07,145.19
2024-05-01,7,2024-05-08,150.5
2024-05-01,8,2024-05-09,154.65
2024-05-01,9,2024-05-10,161.59
2024-05-01,10,2024-05-11,169.39
2024-05-01,11,2024-05-12,173.0
2024-05-01,12,2024-05-13,176.89
2024-05-01,13,2024-05-14,182.74
2024-05-01,14,2024-05-15,187.02
2024-05-01,15,2024-05-16,187.94
2024-05-01,16,2024-05-17,190.56
2024-05-01,17,2024-05-18,190.47
2024-05-01,18,2024-05-19,172.87
2024-05-01,19,2024-05-20,170.42
2024-05-01,20,2024-05-21,164.27
2024-05-01,21,2024-05-22,162.26
2024-05-01,22,2024-05-23,155.27
2024-05-01,23,2024-05-24,152.68
2024-05-01,24,2024-05-25,149.21
2024-05-01,25,2024-05-26,147.76
2024-05-01,26,2024-05-27,146.34
2024-05-01,27,2024-05-28,145.78
2024-05-01,28,2024-05-29,146.79
2024-05-01,29,2024-05-30,146.58
2024-05-01,30,2024-05-31,150.19
2024-05-02,1,2024-05-03,147.84
2024-05-02,2,2024-05-04,146.19
2024-05-02,3,2024-05-05,150.95
2024-05-02,4,2024-05-06,149.84
2024-05-02,5,2024-05-07,146.98
2024-05-02,6,2024-05-08,148.88
2024-05-02,7,2024-05-09,157.19
2024-05-02,8,2024-05-10,159.64
2024-05-02,9,2024-05-11,167.38
2024-05-02,10,2024-05-12,174.58
2024-05-02,11,2024-05-13,176.41
2024-05-02,12,2024-05-14,181.59
2024-05-02,13,2024-05-15,184.31
2024-05-02,14,2024-05-16,186.9
2024-05-02,15,2024-05-17,187.56
2024-05-02,16,2024-05-18,186.96
2024-05-02,17,2024-05-19,187.63
2024-05-02,18,2024-05-20,169.64
2024-05-02,19,2024-05-21,165.88
2024-05-02,20,2024-05-22,160.38
2024-05-02,21,2024-05-23,156.27
2024-05-02,22,2024-05-24,153.54
2024-05-02,23,2024-05-25,150.41
2024-05-02,24,2024-05-26,149.2
2024-05-02,25,2024-05-27,148.39
2024-05-02,26,2024-05-28,146.53
2024-05-02,27,2024-05-29,146.69
2024-05-02,28,2024-05-30,148.48
2024-05-02,29,2024-05-31,148.68
2024-05-02,30,2024-06-01,151.31
2024-05-03,1,2024-05-04,161.66
2024-05-03,2,2024-05-05,163.99
2024-05-03,3,2024-05-06,163.58
2024-05-03,4,2024-05-07,163.69
2024-05-03,5,2024-05-08,163.32
2024-05-03,6,2024-05-09,168.52
2024-05-03,7,2024-05-10,168.23
2024-05-03,8,2024-05-11,171.75
2024-05-03,9,2024-05-12,174.24
2024-05-03,10,2024-05-13,181.67
2024-05-03,11,2024-05-14,180.38
2024-05-03,12,2024-05-15,182.86
2024-05-03,13,2024-05-16,186.36
2024-05-03,14,2024-05-17,185.81
2024-05-03,15,2024-05-18,187.35
2024-05-03,16,2024-05-19,183.49
2024-05-03,17,2024-05-20,181.23
2024-05-03,18,2024-05-21,166.16
2024-05-03,19,2024-05-22,160.22
2024-05-03,20,2024-05-23,155.41
2024-05-03,21,2024-05-24,152.37
2024-05-03,22,2024-05-25,149.89
2024-05-03,23,2024-05-26,149.19
2024-05-03,24,2024-05-27,148.7
2024-05-03,25,2024-05-28,148.68
2024-05-03,26,2024-05-29,146.98
2024-05-03,27,2024-05-30,147.21
2024-05-03,28,2024-05-31,150.69
2024-05-03,29,2024-06-01,149.79
2024-05-03,30,2024-06-02,153.99
2024-05-04,1,2024-05-05,168.53
2024-05-04,2,2024-05-06,175.51
2024-05-04,3,2024-05-07,171.2
2024-05-04,4,2024-05-08,168.67
2024-05-04,5,2024-05-09,171.12
2024-05-04,6,2024-05-10,172.26
2024-05-04,7,2024-05-11,170.93
2024-05-04,8,2024-05-12,175.08
2024-05-04,9,2024-05-13,177.76
2024-05-04,10,2024-05-14,179.23
2024-05-04,11,2024-05-15,178.95
2024-05-04,12,2024-05-16,183.66
2024-05-04,13,2024-05-17,184.38
2024-05-04,14,2024-05-18,187.08
2024-05-04,15,2024-05-19,188.82
2024-05-04,16,2024-05-20,180.77
2024-05-04,17,2024-05-21,178.92
2024-05-04,18,2024-05-22,160.66
2024-05-04,19,2024-05-23,155.22
2024-05-04,20,2024-05-24,152.95
2024-05-04,21,2024-05-25,152.11
2024-05-04,22,2024-05-26,149.1
2024-05-04,23,2024-05-27,150.8
2024-05-04,24,2024-05-28,150.16
2024-05-04,25,2024-05-29,150.83
2024-05-04,26,2024-05-30,152.65
2024-05-04,27,2024-05-31,154.16
2024-05-04,28,2024-06-01,157.61
2024-05-04,29,2024-06-02,160.06
2024-05-04,30,2024-06-03,163.5
2024-05-05,1,2024-05-06,165.35
2024-05-05,2,2024-05-07,163.46
2024-05-05,3,2024-05-08,160.93
2024-05-05,4,2024-05-09,158.67
2024-05-05,5,2024-05-10,167.59
2024-05-05,6,2024-05-11,170.31
2024-05-05,7,2024-05-12,171.87
2024-05-05,8,2024-05-13,178.71
2024-05-05,9,2024-05-14,177.51
2024-05-05,10,2024-05-15,180.68
2024-05-05,11,2024-05-16,177.83
2024-05-05,12,2024-05-17,185.78
2024-05-05,13,2024-05-18,183.81
2024-05-05,14,2024-05-19,182.44
2024-05-05,15,2024-05-20,178.84
2024-05-05,16,2024-05-21,176.17
2024-05-05,17,2024-05-22,173.52
2024-05-05,18,2024-05-23,155.69
2024-05-05,19,2024-05-24,152.92
2024-05-05,20,2024-05-25,151.65
2024-05-05,21,2024-05-26,151.3
2024-05-05,22,2024-05-27,150.2
2024-05-05,23,2024-05-28,150.63
2024-05-05,24,2024-05-29,150.62
2024-05-05,25,2024-05-30,152.53
2024-05-05,26,2024-05-31,152.82
2024-05-05,27,2024-06-01,155.36
2024-05-05,28,2024-06-02,159.47
2024-05-05,29,2024-06-03,162.93
2024-05-05,30,2024-06-04,163.99
2024-05-06,1,2024-05-07,169.34
2024-05-06,2,2024-05-08,166.79
2024-05-06,3,2024-05-09,165.18
2024-05-06,4,2024-05-10,165.37
2024-05-06,5,2024-05-11,172.25
2024-05-06,6,2024-05-12,175.64
2024-05-06,7,2024-05-13,173.93
2024-05-06,8,2024-05-14,179.19
2024-05-06,9,2024-05-15,178.87
2024-05-06,10,2024-05-16,181.42
2024-05-06,11,2024-05-17,181.13
2024-05-06,12,2024-05-18,189.53
2024-05-06,13,2024-05-19,183.4
2024-05-06,14,2024-05-20,181.82
2024-05-06,15,2024-05-21,178.99
2024-05-06,16,2024-05-22,170.85
2024-05-06,17,2024-05-23,169.97
2024-05-06,18,2024-05-24,153.39
2024-05-06,19,2024-05-25,150.47
2024-05-06,20,2024-05-26,149.6
2024-05-06,21,2024-05-27,149.55
2024-05-06,22,2024-05-28,151.19
2024-05-06,23,2024-05-29,150.53
2024-05-06,24,2024-05-30,152.91
2024-05-06,25,2024-05-31,154.75
2024-05-06,26,2024-06-01,157.1
2024-05-06,27,2024-06-02,160.49
2024-05-06,28,2024-06-03,163.59
2024-05-06,29,2024-06-04,165.44
2024-05-06,30,2024-06-05,167.59
2024-05-07,1,2024-05-08,193.8
2024-05-07,2,2024-05-09,193.01
2024-05-07,3,2024-05-10,199.03
2024-05-07,4,2024-05-11,192.8
2024-05-07,5,2024-05-12,197.49
2024-05-07,6,2024-05-13,195.13
2024-05-07,7,2024-05-14,192.26
2024-05-07,8,2024-05-15,188.76
2024-05-07,9,2024-05-16,186.59
2024-05-07,10,2024-05-17,186.25
2024-05-07,11,2024-05-18,183.33
2024-05-07,12,2024-05-19,183.89
2024-05-07,13,2024-05-20,181.09
2024-05-07,14,2024-05-21,179.74
2024-05-07,15,2024-05-22,174.14
2024-05-07,16,2024-05-23,170.39
2024-05-07,17,2024-05-24,167.49
2024-05-07,18,2024-05-25,150.97
2024-05-07,19,2024-05-26,151.84
2024-05-07,20,2024-05-27,151.4
2024-05-07,21,2024-05-28,150.97
2024-05-07,22,2024-05-29,151.88
2024-05-07,23,2024-05-30,152.77
2024-05-07,24,2024-05-31,157.03
2024-05-07,25,2024-06-01,159.4
2024-05-07,26,2024-06-02,161.74
2024-05-07,27,2024-06-03,167.44
2024-05-07,28,2024-06-04,167.65
2024-05-07,29,2024-06-05,171.97
2024-05-07,30,2024-06-06,170.54
2024-05-08,1,2024-05-09,202.62
2024-05-08,2,2024-05-10,201.57
2024-05-08,3,2024-05-11,201.16
2024-05-08,4,2024-05-12,196.97
2024-05-08,5,2024-05-13,197.52
2024-05-08,6,2024-05-14,194.63
2024-05-08,7,2024-05-15,194.18
2024-05-08,8,2024-05-16,191.24
2024-05-08,9,2024-05-17,189.8
2024-05-08,10,2024-05-18,188.84
2024-05-08,11,2024-05-19,186.95
2024-05-08,12,2024-05-20,184.59
2024-05-08,13,2024-05-21,177.24
2024-05-08,14,2024-05-22,174.73
2024-05-08,15,2024-05-23,170.78
2024-05-08,16,2024-05-24,169.51
2024-05-08,17,2024-05-25,172.51
2024-05-08,18,2024-05-26,151.88
2024-05-08,19,2024-05-27,151.17
2024-05-08,20,2024-05-28,152.36
2024-05-08,21,2024-05-29,152.74
2024-05-08,22,2024-05-30,156.49
2024-05-08,23,2024-05-31,157.28
2024-05-08,24,2024-06-01,159.37
2024-05-08,25,2024-06-02,161.65
2024-05-08,26,2024-06-03,164.72
2024-05-08,27,2024-06-04,167.61
2024-05-08,28,2024-06-05,166.94
2024-05-08,29,2024-06-06,173.09
2024-05-08,30,2024-06-07,169.26
2024-05-09,1,2024-05-10,224.64
2024-05-09,2,2024-05-11,220.67
2024-05-09,3,2024-05-12,220.46
2024-05-09,4,2024-05-13,215.09
2024-05-09,5,2024-05-14,214.63
2024-05-09,6,2024-05-15,205.59
2024-05-09,7,2024-05-16,199.52
2024-05-09,8,2024-05-17,197.07
2024-05-09,9,2024-05-18,195.61
2024-05-09,10,2024-05-19,186.9
2024-05-09,11,2024-05-20,187.69
2024-05-09,12,2024-05-21,182.14
2024-05-09,13,2024-05-22,172.28
2024-05-09,14,2024-05-23,172.77
2024-05-09,15,2024-05-24,167.93
2024-05-09,16,2024-05-25,170.41
2024-05-09,17,2024-05-26,173.85
2024-05-09,18,2024-05-27,152.61
2024-05-09,19,2024-05-28,153.33
2024-05-09,20,2024-05-29,152.67
2024-05-09,21,2024-05-30,156.69
2024-05-09,22,2024-05-31,157.95
2024-05-09,23,2024-06-01,160.6
2024-05-09,24,2024-06-02,161.87
2024-05-09,25,2024-06-03,163.85
2024-05-09,26,2024-06-04,169.38
2024-05-09,27,2024-06-05,171.46
2024-05-09,28,2024-06-06,171.55
2024-05-09,29,2024-06-07,176.3
2024-05-09,30,2024-06-08,170.93
2024-05-10,1,2024-05-11,221.26
2024-05-10,2,2024-05-12,215.3
2024-05-10,3,2024-05-13,213.43
2024-05-10,4,2024-05-14,210.66
2024-05-10,5,2024-05-15,206.19
2024-05-10,6,2024-05-16,203.08
2024-05-10,7,2024-05-17,198.61
2024-05-10,8,2024-05-18,196.05
2024-05-10,9,2024-05-19,193.56
2024-05-10,10,2024-05-20,186.17
2024-05-10,11,2024-05-21,180.69
2024-05-10,12,2024-05-22,177.83
2024-05-10,13,2024-05-23,170.17
2024-05-10,14,2024-05-24,166.97
2024-05-10,15,2024-05-25,168.26
2024-05-10,16,2024-05-26,172.5
2024-05-10,17,2024-05-27,173.42
2024-05-10,18,2024-05-28,153.55
2024-05-10,19,2024-05-29,155.31
2024-05-10,20,2024-05-30,156.06
2024-05-10,21,2024-05-31,158.27
2024-05-10,22,2024-06-01,160.23
2024-05-10,23,2024-06-02,162.88
2024-05-10,24,2024-06-03,163.81
2024-05-10,25,2024-06-04,167.34
2024-05-10,26,2024-06-05,173.25
2024-05-10,27,2024-06-06,175.38
2024-05-10,28,2024-06-07,172.63
2024-05-10,29,2024-06-08,173.2
2024-05-10,30,2024-06-09,169.27
2024-05-11,1,2024-05-12,214.89
2024-05-11,2,2024-05-13,210.01
2024-05-11,3,2024-05-14,204.62
2024-05-11,4,2024-05-15,201.39
2024-05-11,5,2024-05-16,199.83
2024-05-11,6,2024-05-17,200.53
2024-05-11,7,2024-05-18,195.65
2024-05-11,8,2024-05-19,194.17
2024-05-11,9,2024-05-20,188.59
2024-05-11,10,2024-05-21,183.86
2024-05-11,11,2024-05-22,179.63
2024-05-11,12,2024-05-23,174.94
2024-05-11,13,2024-05-24,169.23
2024-05-11,14,2024-05-25,164.72
2024-05-11,15,2024-05-26,168.39
2024-05-11,16,2024-05-27,170.68
2024-05-11,17,2024-05-28,171.4
2024-05-11,18,2024-05-29,156.16
2024-05-11,19,2024-05-30,158.82
2024-05-11,20,2024-05-31,162.17
2024-05-11,21,2024-06-01,164.63
2024-05-11,22,2024-06-02,165.69
2024-05-11,23,2024-06-03,165.49
2024-05-11,24,2024-06-04,168.51
2024-05-11,25,2024-06-05,170.9
2024-05-11,26,2024-06-06,175.63
2024-05-11,27,2024-06-07,176.98
2024-05-11,28,2024-06-08,173.65
2024-05-11,29,2024-06-09,173.04
2024-05-11,30,2024-06-10,169.86
2024-05-12,1,2024-05-13,217.97
2024-05-12,2,2024-05-14,212.4
2024-05-12,3,2024-05-15,209.1
2024-05-12,4,2024-05-16,203.58
2024-05-12,5,2024-05-17,203.76
2024-05-12,6,2024-05-18,201.38
2024-05-12,7,2024-05-19,195.4
2024-05-12,8,2024-05-20,190.7
2024-05-12,9,2024-05-21,185.21
2024-05-12,10,2024-05-22,179.91
2024-05-12,11,2024-05-23,175.43
2024-05-12,12,2024-05-24,172.12
2024-05-12,13,2024-05-25,164.65
2024-05-12,14,2024-05-26,165.07
2024-05-12,15,2024-05-27,163.71
2024-05-12,16,2024-05-28,167.04
2024-05-12,17,2024-05-29,170.88
2024-05-12,18,2024-05-30,159.09
2024-05-12,19,2024-05-31,160.96
2024-05-12,20,2024-06-01,165.14
2024-05-12,21,2024-06-02,167.31
2024-05-12,22,2024-06-03,169.01
2024-05-12,23,2024-06-04,171.31
2024-05-12,24,2024-06-05,173.47
2024-05-12,25,2024-06-06,174.89
2024-05-12,26,2024-06-07,178.7
2024-05-12,27,2024-06-08,178.64
2024-05-12,28,2024-06-09,175.19
2024-05-12,29,2024-06-10,176.1
2024-05-12,30,2024-06-11,171.25
2024-05-13,1,2024-05-14,212.78
2024-05-13,2,2024-05-15,205.94
2024-05-13,3,2024-05-16,204.14
2024-05-13,4,2024-05-17,202.85
2024-05-13,5,2024-05-18,199.86
2024-05-13,6,2024-05-19,193.62
2024-05-13,7,2024-05-20,189.8
2024-05-13,8,2024-05-21,187.27
2024-05-13,9,2024-05-22,176.49
2024-05-13,10,2024-05-23,172.34
2024-05-13,11,2024-05-24,170.4
2024-05-13,12,2024-05-25,170.02
2024-05-13,13,2024-05-26,165.8
2024-05-13,14,2024-05-27,163.59
2024-05-13,15,2024-05-28,162.53
2024-05-13,16,2024-05-29,166.72
2024-05-13,17,2024-05-30,176.87
2024-05-13,18,2024-05-31,162.01
2024-05-13,19,2024-06-01,164.31
2024-05-13,20,2024-06-02,167.03
2024-05-13,21,2024-06-03,170.32
2024-05-13,22,2024-06-04,171.19
2024-05-13,23,2024-06-05,173.27
2024-05-13,24,2024-06-06,175.99
2024-05-13,25,2024-06-07,179.8
2024-05-13,26,2024-06-08,181.06
2024-05-13,27,2024-06-09,179.86
2024-05-13,28,2024-06-10,176.92
2024-05-13,29,2024-06-11,175.93
2024-05-13,30,2024-06-12,170.88
2024-05-14,1,2024-05-15,205.36
2024-05-14,2,2024-05-16,204.99
2024-05-14,3,2024-05-17,205.39
2024-05-14,4,2024-05-18,207.69
2024-05-14,5,2024-05-19,202.32
2024-05-14,6,2024-05-20,196.53
2024-05-14,7,2024-05-21,187.89
2024-05-14,8,2024-05-22,184.18
2024-05-14,9,2024-05-23,176.26
2024-05-14,10,2024-05-24,169.94
2024-05-14,11,2024-05-25,168.48
2024-05-14,12,2024-05-26,166.23
2024-05-14,13,2024-05-27,161.52
2024-05-14,14,2024-05-28,164.95
2024-05-14,15,2024-05-29,166.41
2024-05-14,16,2024-05-30,173.84
2024-05-14,17,2024-05-31,181.99
2024-05-14,18,2024-06-01,165.07
2024-05-14,19,2024-06-02,168.29
2024-05-14,20,2024-06-03,168.48
2024-05-14,21,2024-06-04,171.52
2024-05-14,22,2024-06-05,173.09
2024-05-14,23,2024-06-06,177.06
2024-05-14,24,2024-06-07,179.72
2024-05-14,25,2024-06-08,180.6
2024-05-14,26,2024-06-09,181.12
2024-05-14,27,2024-06-10,179.93
2024-05-14,28,2024-06-11,177.32
2024-05-14,29,2024-06-12,176.33
2024-05-14,30,2024-06-13,170.58
2024-05-15,1,2024-05-16,203.86
2024-05-15,2,2024-05-17,203.31
2024-05-15,3,2024-05-18,204.87
2024-05-15,4,2024-05-19,200.44
2024-05-15,5,2024-05-20,191.96
2024-05-15,6,2024-05-21,184.49
2024-05-15,7,2024-05-22,177.13
2024-05-15,8,2024-05-23,177.33
2024-05-15,9,2024-05-24,168.58
2024-05-15,10,2024-05-25,165.19
2024-05-15,11,2024-05-26,167.49
2024-05-15,12,2024-05-27,166.96
2024-05-15,13,2024-05-28,162.06
2024-05-15,14,2024-05-29,162.71
2024-05-15,15,2024-05-30,172.31
2024-05-15,16,2024-05-31,175.83
2024-05-15,17,2024-06-01,180.69
2024-05-15,18,2024-06-02,167.36
2024-05-15,19,2024-06-03,169.16
2024-05-15,20,2024-06-04,170.68
2024-05-15,21,2024-06-05,175.12
2024-05-15,22,2024-06-06,176.89
2024-05-15,23,2024-06-07,179.15
2024-05-15,24,2024-06-08,182.49
2024-05-15,25,2024-06-09,180.25
2024-05-15,26,2024-06-10,182.11
2024-05-15,27,2024-06-11,179.47
2024-05-15,28,2024-06-12,177.57
2024-05-15,29,2024-06-13,175.45
2024-05-15,30,2024-06-14,169.92
2024-05-16,1,2024-05-17,194.3
2024-05-16,2,2024-05-18,191.82
2024-05-16,3,2024-05-19,190.83
2024-05-16,4,2024-05-20,185.97
2024-05-16,5,2024-05-21,176.96
2024-05-16,6,2024-05-22,171.3
2024-05-16,7,2024-05-23,164.93
2024-05-16,8,2024-05-24,167.44
2024-05-16,9,2024-05-25,165.8
2024-05-16,10,2024-05-26,162.96
2024-05-16,11,2024-05-27,167.31
2024-05-16,12,2024-05-28,165.29
2024-05-16,13,2024-05-29,161.91
2024-05-16,14,2024-05-30,168.69
2024-05-16,15,2024-05-31,174.97
2024-05-16,16,2024-06-01,175.42
2024-05-16,17,2024-06-02,182.68
2024-05-16,18,2024-06-03,169.85
2024-05-16,19,2024-06-04,173.3
2024-05-16,20,2024-06-05,171.53
2024-05-16,21,2024-06-06,177.33
2024-05-16,22,2024-06-07,180.86
2024-05-16,23,2024-06-08,181.77
2024-05-16,24,2024-06-09,182.35
2024-05-16,25,2024-06-10,180.54
2024-05-16,26,2024-06-11,183.37
2024-05-16,27,2024-06-12,179.37
2024-05-16,28,2024-06-13,176.82
2024-05-16,29,2024-06-14,175.0
2024-05-16,30,2024-06-15,166.97
2024-05-17,1,2024-05-18,193.48
2024-05-17,2,2024-05-19,191.28
2024-05-17,3,2024-05-20,184.21
2024-05-17,4,2024-05-21,185.02
2024-05-17,5,2024-05-22,172.96
2024-05-17,6,2024-05-23,169.63
2024-05-17,7,2024-05-24,168.34
2024-05-17,8,2024-05-25,169.03
2024-05-17,9,2024-05-26,166.23
2024-05-17,10,2024-05-27,162.57
2024-05-17,11,2024-05-28,168.38
2024-05-17,12,2024-05-29,167.77
2024-05-17,13,2024-05-30,169.65
2024-05-17,14,2024-05-31,173.0
2024-05-17,15,2024-06-01,177.58
2024-05-17,16,2024-06-02,180.7
2024-05-17,17,2024-06-03,186.67
2024-05-17,18,2024-06-04,171.76
2024-05-17,19,2024-06-05,174.56
2024-05-17,20,2024-06-06,176.26
2024-05-17,21,2024-06-07,180.84
2024-05-17,22,2024-06-08,183.34
2024-05-17,23,2024-06-09,182.56
2024-05-17,24,2024-06-10,182.91
2024-05-17,25,2024-06-11,181.83
2024-05-17,26,2024-06-12,183.58
2024-05-17,27,2024-06-13,177.56
2024-05-17,28,2024-06-14,176.3
2024-05-17,29,2024-06-15,174.12
2024-05-17,30,2024-06-16,167.13
2024-05-18,1,2024-05-19,182.93
2024-05-18,2,2024-05-20,181.43
2024-05-18,3,2024-05-21,176.24
2024-05-18,4,2024-05-22,172.41
2024-05-18,5,2024-05-23,169.38
2024-05-18,6,2024-05-24,168.33
2024-05-18,7,2024-05-25,169.12
2024-05-18,8,2024-05-26,168.09
2024-05-18,9,2024-05-27,164.73
2024-05-18,10,2024-05-28,163.86
2024-05-18,11,2024-05-29,165.59
2024-05-18,12,2024-05-30,173.81
2024-05-18,13,2024-05-31,171.22
2024-05-18,14,2024-06-01,176.4
2024-05-18,15,2024-06-02,181.1
2024-05-18,16,2024-06-03,180.91
2024-05-18,17,2024-06-04,189.1
2024-05-18,18,2024-06-05,173.02
2024-05-18,19,2024-06-06,175.17
2024-05-18,20,2024-06-07,178.67
2024-05-18,21,2024-06-08,184.02
2024-05-18,22,2024-06-09,182.57
2024-05-18,23,2024-06-10,182.3
2024-05-18,24,2024-06-11,181.51
2024-05-18,25,2024-06-12,179.52
2024-05-18,26,2024-06-13,180.61
2024-05-18,27,2024-06-14,174.17
2024-05-18,28,2024-06-15,174.64
2024-05-18,29,2024-06-16,171.77
2024-05-18,30,2024-06-17,167.02
2024-05-19,1,2024-05-20,189.65
2024-05-19,2,2024-05-21,183.91
2024-05-19,3,2024-05-22,177.72
2024-05-19,4,2024-05-23,170.04
2024-05-19,5,2024-05-24,163.28
2024-05-19,6,2024-05-25,161.31
2024-05-19,7,2024-05-26,161.77
2024-05-19,8,2024-05-27,161.61
2024-05-19,9,2024-05-28,160.07
2024-05-19,10,2024-05-29,163.63
2024-05-19,11,2024-05-30,168.69
2024-05-19,12,2024-05-31,173.9
2024-05-19,13,2024-06-01,175.06
2024-05-19,14,2024-06-02,176.53
2024-05-19,15,2024-06-03,182.43
2024-05-19,16,2024-06-04,182.88
2024-05-19,17,2024-06-05,185.86
2024-05-19,18,2024-06-06,174.96
2024-05-19,19,2024-06-07,179.64
2024-05-19,20,2024-06-08,181.07
2024-05-19,21,2024-06-09,183.5
2024-05-19,22,2024-06-10,182.31
2024-05-19,23,2024-06-11,181.41
2024-05-19,24,2024-06-12,179.04
2024-05-19,25,2024-06-13,176.05
2024-05-19,26,2024-06-14,176.66
2024-05-19,27,2024-06-15,171.22
2024-05-19,28,2024-06-16,171.49
2024-05-19,29,2024-06-17,168.81
2024-05-19,30,2024-06-18,164.67
2024-05-20,1,2024-05-21,189.04
2024-05-20,2,2024-05-22,183.83
2024-05-20,3,2024-05-23,175.92
2024-05-20,4,2024-05-24,168.27
2024-05-20,5,2024-05-25,162.5
2024-05-20,6,2024-05-26,160.09
2024-05-20,7,2024-05-27,160.26
2024-05-20,8,2024-05-28,161.91
2024-05-20,9,2024-05-29,159.74
2024-05-20,10,2024-05-30,167.65
2024-05-20,11,2024-05-31,171.03
2024-05-20,12,2024-06-01,177.81
2024-05-20,13,2024-06-02,178.18
2024-05-20,14,2024-06-03,180.43
2024-05-20,15,2024-06-04,180.13
2024-05-20,16,2024-06-05,184.06
2024-05-20,17,2024-06-06,189.12
2024-05-20,18,2024-06-07,179.93
2024-05-20,19,2024-06-08,182.74
2024-05-20,20,2024-06-09,183.32
2024-05-20,21,2024-06-10,182.93
2024-05-20,22,2024-06-11,181.61
2024-05-20,23,2024-06-12,181.62
2024-05-20,24,2024-06-13,176.52
2024-05-20,25,2024-06-14,173.41
2024-05-20,26,2024-06-15,173.01
2024-05-20,27,2024-06-16,167.32
2024-05-20,28,2024-06-17,166.24
2024-05-20,29,2024-06-18,165.07
2024-05-20,30,2024-06-19,162.02
2024-05-21,1,2024-05-22,183.53
2024-05-21,2,2024-05-23,177.52
2024-05-21,3,2024-05-24,169.15
2024-05-21,4,2024-05-25,160.98
2024-05-21,5,2024-05-26,159.21
2024-05-21,6,2024-05-27,157.26
2024-05-21,7,2024-05-28,161.18
2024-05-21,8,2024-05-29,163.68
2024-05-21,9,2024-05-30,163.37
2024-05-21,10,2024-05-31,170.47
2024-05-21,11,2024-06-01,174.6
2024-05-21,12,2024-06-02,180.19
2024-05-21,13,2024-06-03,180.76
2024-05-21,14,2024-06-04,180.68
2024-05-21,15,2024-06-05,185.15
2024-05-21,16,2024-06-06,192.11
2024-05-21,17,2024-06-07,193.1
2024-05-21,18,2024-06-08,184.26
2024-05-21,19,2024-06-09,185.16
2024-05-21,20,2024-06-10,184.04
2024-05-21,21,2024-06-11,182.05
2024-05-21,22,2024-06-12,181.59
2024-05-21,23,2024-06-13,179.6
2024-05-21,24,2024-06-14,176.84
2024-05-21,25,2024-06-15,172.07
2024-05-21,26,2024-06-16,174.84
2024-05-21,27,2024-06-17,170.54
2024-05-21,28,2024-06-18,166.84
2024-05-21,29,2024-06-19,165.31
2024-05-21,30,2024-06-20,164.39
2024-05-22,1,2024-05-23,183.2
2024-05-22,2,2024-05-24,175.09
2024-05-22,3,2024-05-25,166.3
2024-05-22,4,2024-05-26,156.65
2024-05-22,5,2024-05-27,156.3
2024-05-22,6,2024-05-28,154.54
2024-05-22,7,2024-05-29,159.69
2024-05-22,8,2024-05-30,167.58
2024-05-22,9,2024-05-31,168.21
2024-05-22,10,2024-06-01,174.02
2024-05-22,11,2024-06-02,181.25
2024-05-22,12,2024-06-03,179.66
2024-05-22,13,2024-06-04,179.51
2024-05-22,14,2024-06-05,184.77
2024-05-22,15,2024-06-06,186.77
2024-05-22,16,2024-06-07,194.93
2024-05-22,17,2024-06-08,192.65
2024-05-22,18,2024-06-09,183.78
2024-05-22,19,2024-06-10,186.37
2024-05-22,20,2024-06-11,182.97
2024-05-22,21,2024-06-12,183.88
2024-05-22,22,2024-06-13,178.59
2024-05-22,23,2024-06-14,179.78
2024-05-22,24,2024-06-15,175.69
2024-05-22,25,2024-06-16,171.78
2024-05-22,26,2024-06-17,171.73
2024-05-22,27,2024-06-18,169.07
2024-05-22,28,2024-06-19,168.41
2024-05-22,29,2024-06-20,165.6
2024-05-22,30,2024-06-21,163.57
2024-05-23,1,2024-05-24,169.77
2024-05-23,2,2024-05-25,159.31
2024-05-23,3,2024-05-26,154.49
2024-05-23,4,2024-05-27,148.83
2024-05-23,5,2024-05-28,153.69
2024-05-23,6,2024-05-29,158.37
2024-05-23,7,2024-05-30,166.91
2024-05-23,8,2024-05-31,171.45
2024-05-23,9,2024-06-01,171.34
2024-05-23,10,2024-06-02,176.2
2024-05-23,11,2024-06-03,182.69
2024-05-23,12,2024-06-04,178.34
2024-05-23,13,2024-06-05,182.97
2024-05-23,14,2024-06-06,188.68
2024-05-23,15,2024-06-07,190.12
2024-05-23,16,2024-06-08,197.99
2024-05-23,17,2024-06-09,193.37
2024-05-23,18,2024-06-10,184.74
2024-05-23,19,2024-06-11,187.08
2024-05-23,20,2024-06-12,183.64
2024-05-23,21,2024-06-13,179.97
2024-05-23,22,2024-06-14,177.41
2024-05-23,23,2024-06-15,175.23
2024-05-23,24,2024-06-16,171.42
2024-05-23,25,2024-06-17,169.5
2024-05-23,26,2024-06-18,167.81
2024-05-23,27,2024-06-19,165.67
2024-05-23,28,2024-06-20,164.14
2024-05-23,29,2024-06-21,162.88
2024-05-23,30,2024-06-22,161.34
2024-05-24,1,2024-05-25,151.6
2024-05-24,2,2024-05-26,147.91
2024-05-24,3,2024-05-27,145.5
2024-05-24,4,2024-05-28,145.03
2024-05-24,5,2024-05-29,148.63
2024-05-24,6,2024-05-30,155.71
2024-05-24,7,2024-05-31,164.14
2024-05-24,8,2024-06-01,173.99
2024-05-24,9,2024-06-02,175.98
2024-05-24,10,2024-06-03,177.69
2024-05-24,11,2024-06-04,184.27
2024-05-24,12,2024-06-05,180.77
2024-05-24,13,2024-06-06,187.45
2024-05-24,14,2024-06-07,193.3
2024-05-24,15,2024-06-08,197.33
2024-05-24,16,2024-06-09,198.43
2024-05-24,17,2024-06-10,197.85
2024-05-24,18,2024-06-11,185.47
2024-05-24,19,2024-06-12,186.38
2024-05-24,20,2024-06-13,182.0
2024-05-24,21,2024-06-14,176.13
2024-05-24,22,2024-06-15,175.35
2024-05-24,23,2024-06-16,172.8
2024-05-24,24,2024-06-17,170.38
2024-05-24,25,2024-06-18,167.52
2024-05-24,26,2024-06-19,164.77
2024-05-24,27,2024-06-20,163.08
2024-05-24,28,2024-06-21,161.49
2024-05-24,29,2024-06-22,159.1
2024-05-24,30,2024-06-23,159.17
2024-05-25,1,2024-05-26,144.54
2024-05-25,2,2024-05-27,145.81
2024-05-25,3,2024-05-28,149.77
2024-05-25,4,2024-05-29,156.16
2024-05-25,5,2024-05-30,164.89
2024-05-25,6,2024-05-31,173.31
2024-05-25,7,2024-06-01,179.25
2024-05-25,8,2024-06-02,182.64
2024-05-25,9,2024-06-03,180.85
2024-05-25,10,2024-06-04,180.79
2024-05-25,11,2024-06-05,187.69
2024-05-25,12,2024-06-06,188.28
2024-05-25,13,2024-06-07,191.48
2024-05-25,14,2024-06-08,194.99
2024-05-25,15,2024-06-09,199.39
2024-05-25,16,2024-06-10,198.35
2024-05-25,17,2024-06-11,197.37
2024-05-25,18,2024-06-12,183.07
2024-05-25,19,2024-06-13,183.21
2024-05-25,20,2024-06-14,177.46
2024-05-25,21,2024-06-15,172.9
2024-05-25,22,2024-06-16,171.45
2024-05-25,23,2024-06-17,168.89
2024-05-25,24,2024-06-18,164.19
2024-05-25,25,2024-06-19,160.44
2024-05-25,26,2024-06-20,157.17
2024-05-25,27,2024-06-21,156.73
2024-05-25,28,2024-06-22,155.51
2024-05-25,29,2024-06-23,154.69
2024-05-25,30,2024-06-24,157.68
2024-05-26,1,2024-05-27,162.04
2024-05-26,2,2024-05-28,161.56
2024-05-26,3,2024-05-29,164.9
2024-05-26,4,2024-05-30,171.93
2024-05-26,5,2024-05-31,176.17
2024-05-26,6,2024-06-01,181.54
2024-05-26,7,2024-06-02,186.64
2024-05-26,8,2024-06-03,190.27
2024-05-26,9,2024-06-04,187.53
2024-05-26,10,2024-06-05,188.36
2024-05-26,11,2024-06-06,196.56
2024-05-26,12,2024-06-07,192.69
2024-05-26,13,2024-06-08,196.32
2024-05-26,14,2024-06-09,200.96
2024-05-26,15,2024-06-10,199.96
2024-05-26,16,2024-06-11,199.54
2024-05-26,17,2024-06-12,197.36
2024-05-26,18,2024-06-13,181.74
2024-05-26,19,2024-06-14,179.82
2024-05-26,20,2024-06-15,174.35
2024-05-26,21,2024-06-16,172.29
2024-05-26,22,2024-06-17,168.55
2024-05-26,23,2024-06-18,167.2
2024-05-26,24,2024-06-19,162.63
2024-05-26,25,2024-06-20,161.42
2024-05-26,26,2024-06-21,157.99
2024-05-26,27,2024-06-22,157.33
2024-05-26,28,2024-06-23,157.8
2024-05-26,29,2024-06-24,154.93
2024-05-26,30,2024-06-25,158.33
2024-05-27,1,2024-05-28,178.5
2024-05-27,2,2024-05-29,178.15
2024-05-27,3,2024-05-30,184.24
2024-05-27,4,2024-05-31,185.44
2024-05-27,5,2024-06-01,185.14
2024-05-27,6,2024-06-02,186.04
2024-05-27,7,2024-06-03,185.81
2024-05-27,8,2024-06-04,189.65
2024-05-27,9,2024-06-05,189.93
2024-05-27,10,2024-06-06,192.78
2024-05-27,11,2024-06-07,202.14
2024-05-27,12,2024-06-08,199.63
2024-05-27,13,2024-06-09,199.9
2024-05-27,14,2024-06-10,202.44
2024-05-27,15,2024-06-11,200.21
2024-05-27,16,2024-06-12,195.23
2024-05-27,17,2024-06-13,187.77
2024-05-27,18,2024-06-14,178.25
2024-05-27,19,2024-06-15,175.44
2024-05-27,20,2024-06-16,171.77
2024-05-27,21,2024-06-17,170.61
2024-05-27,22,2024-06-18,166.59
2024-05-27,23,2024-06-19,163.26
2024-05-27,24,2024-06-20,162.26
2024-05-27,25,2024-06-21,162.59
2024-05-27,26,2024-06-22,160.9
2024-05-27,27,2024-06-23,160.71
2024-05-27,28,2024-06-24,160.4
2024-05-27,29,2024-06-25,159.97
2024-05-27,30,2024-06-26,160.62
2024-05-28,1,2024-05-29,166.99
2024-05-28,2,2024-05-30,173.47
2024-05-28,3,2024-05-31,172.34
2024-05-28,4,2024-06-01,174.06
2024-05-28,5,2024-06-02,176.1
2024-05-28,6,2024-06-03,181.34
2024-05-28,7,2024-06-04,183.68
2024-05-28,8,2024-06-05,185.3
2024-05-28,9,2024-06-06,186.57
2024-05-28,10,2024-06-07,195.35
2024-05-28,11,2024-06-08,203.87
2024-05-28,12,2024-06-09,202.12
2024-05-28,13,2024-06-10,199.87
2024-05-28,14,2024-06-11,200.28
2024-05-28,15,2024-06-12,192.25
2024-05-28,16,2024-06-13,189.77
2024-05-28,17,2024-06-14,183.94
2024-05-28,18,2024-06-15,174.3
2024-05-28,19,2024-06-16,171.33
2024-05-28,20,2024-06-17,169.02
2024-05-28,21,2024-06-18,166.42
2024-05-28,22,2024-06-19,161.24
2024-05-28,23,2024-06-20,163.79
2024-05-28,24,2024-06-21,161.09
2024-05-28,25,2024-06-22,160.88
2024-05-28,26,2024-06-23,159.88
2024-05-28,27,2024-06-24,158.29
2024-05-28,28,2024-06-25,159.64
2024-05-28,29,2024-06-26,158.33
2024-05-28,30,2024-06-27,160.11
2024-05-29,1,2024-05-30,173.31
2024-05-29,2,2024-05-31,176.43
2024-05-29,3,2024-06-01,174.7
2024-05-29,4,2024-06-02,180.13
2024-05-29,5,2024-06-03,182.44
2024-05-29,6,2024-06-04,183.42
2024-05-29,7,2024-06-05,189.67
2024-05-29,8,2024-06-06,194.49
2024-05-29,9,2024-06-07,201.18
2024-05-29,10,2024-06-08,203.64
2024-05-29,11,2024-06-09,205.39
2024-05-29,12,2024-06-10,204.8
2024-05-29,13,2024-06-11,199.65
2024-05-29,14,2024-06-12,198.27
2024-05-29,15,2024-06-13,192.55
2024-05-29,16,2024-06-14,190.98
2024-05-29,17,2024-06-15,182.18
2024-05-29,18,2024-06-16,172.18
2024-05-29,19,2024-06-17,167.87
2024-05-29,20,2024-06-18,167.27
2024-05-29,21,2024-06-19,165.56
2024-05-29,22,2024-06-20,162.31
2024-05-29,23,2024-06-21,161.1
2024-05-29,24,2024-06-22,162.03
2024-05-29,25,2024-06-23,160.29
2024-05-29,26,2024-06-24,159.12
2024-05-29,27,2024-06-25,158.27
2024-05-29,28,2024-06-26,159.5
2024-05-29,29,2024-06-27,159.18
2024-05-29,30,2024-06-28,161.89
2024-05-30,1,2024-05-31,178.64
2024-05-30,2,2024-06-01,180.0
2024-05-30,3,2024-06-02,183.8
2024-05-30,4,2024-06-03,186.86
2024-05-30,5,2024-06-04,186.08
2024-05-30,6,2024-06-05,185.65
2024-05-30,7,2024-06-06,195.89
2024-05-30,8,2024-06-07,199.4
2024-05-30,9,2024-06-08,204.55
2024-05-30,10,2024-06-09,206.94
2024-05-30,11,2024-06-10,205.6
2024-05-30,12,2024-06-11,202.57
2024-05-30,13,2024-06-12,197.32
2024-05-30,14,2024-06-13,196.95
2024-05-30,15,2024-06-14,186.09
2024-05-30,16,2024-06-15,181.9
2024-05-30,17,2024-06-16,173.47
2024-05-30,18,2024-06-17,170.88
2024-05-30,19,2024-06-18,168.28
2024-05-30,20,2024-06-19,165.31
2024-05-30,21,2024-06-20,162.76
2024-05-30,22,2024-06-21,160.33
2024-05-30,23,2024-06-22,160.15
2024-05-30,24,2024-06-23,160.03
2024-05-30,25,2024-06-24,160.23
2024-05-30,26,2024-06-25,160.72
2024-05-30,27,2024-06-26,159.51
2024-05-30,28,2024-06-27,161.05
2024-05-30,29,2024-06-28,162.6
2024-05-30,30,2024-06-29,167.02
2024-05-31,1,2024-06-01,179.13
2024-05-31,2,2024-06-02,178.73
2024-05-31,3,2024-06-03,180.21
2024-05-31,4,2024-06-04,186.48
2024-05-31,5,2024-06-05,188.31
2024-05-31,6,2024-06-06,190.63
2024-05-31,7,2024-06-07,199.78
2024-05-31,8,2024-06-08,202.36
2024-05-31,9,2024-06-09,207.21
2024-05-31,10,2024-06-10,208.14
2024-05-31,11,2024-06-11,205.43
2024-05-31,12,2024-06-12,201.08
2024-05-31,13,2024-06-13,195.06
2024-05-31,14,2024-06-14,187.15
2024-05-31,15,2024-06-15,176.29
2024-05-31,16,2024-06-16,177.25
2024-05-31,17,2024-06-17,171.52
2024-05-31,18,2024-06-18,169.1
2024-05-31,19,2024-06-19,165.13
2024-05-31,20,2024-06-20,163.6
2024-05-31,21,2024-06-21,161.71
2024-05-31,22,2024-06-22,161.78
2024-05-31,23,2024-06-23,162.02
2024-05-31,24,2024-06-24,159.64
2024-05-31,25,2024-06-25,160.94
2024-05-31,26,2024-06-26,161.34
2024-05-31,27,2024-06-27,162.45
2024-05-31,28,2024-06-28,163.19
2024-05-31,29,2024-06-29,166.19
2024-05-31,30,2024-06-30,169.82
2024-06-01,1,2024-06-02,182.61
2024-06-01,2,2024-06-03,186.78
2024-06-01,3,2024-06-04,188.04
2024-06-01,4,2024-06-05,191.01
2024-06-01,5,2024-06-06,193.38
2024-06-01,6,2024-06-07,189.53
2024-06-01,7,2024-06-08,196.85
2024-06-01,8,2024-06-09,198.39
2024-06-01,9,2024-06-10,200.81
2024-06-01,10,2024-06-11,205.87
2024-06-01,11,2024-06-12,200.19
2024-06-01,12,2024-06-13,197.6
2024-06-01,13,2024-06-14,187.31
2024-06-01,14,2024-06-15,186.32
2024-06-01,15,2024-06-16,178.05
2024-06-01,16,2024-06-17,178.32
2024-06-01,17,2024-06-18,176.22
2024-06-01,18,2024-06-19,164.02
2024-06-01,19,2024-06-20,161.68
2024-06-01,20,2024-06-21,163.16
2024-06-01,21,2024-06-22,161.37
2024-06-01,22,2024-06-23,162.77
2024-06-01,23,2024-06-24,161.45
2024-06-01,24,2024-06-25,161.85
2024-06-01,25,2024-06-26,164.63
2024-06-01,26,2024-06-27,163.95
2024-06-01,27,2024-06-28,164.62
2024-06-01,28,2024-06-29,168.03
2024-06-01,29,2024-06-30,169.95
2024-06-01,30,2024-07-01,172.81
2024-06-02,1,2024-06-03,182.2
2024-06-02,2,2024-06-04,186.82
2024-06-02,3,2024-06-05,188.1
2024-06-02,4,2024-06-06,188.98
2024-06-02,5,2024-06-07,191.18
2024-06-02,6,2024-06-08,190.34
2024-06-02,7,2024-06-09,196.72
2024-06-02,8,2024-06-10,195.07
2024-06-02,9,2024-06-11,199.93
2024-06-02,10,2024-06-12,202.31
2024-06-02,11,2024-06-13,195.87
2024-06-02,12,2024-06-14,193.11
2024-06-02,13,2024-06-15,184.77
2024-06-02,14,2024-06-16,179.84
2024-06-02,15,2024-06-17,175.79
2024-06-02,16,2024-06-18,173.59
2024-06-02,17,2024-06-19,174.17
2024-06-02,18,2024-06-20,162.97
2024-06-02,19,2024-06-21,162.06
2024-06-02,20,2024-06-22,163.88
2024-06-02,21,2024-06-23,163.18
2024-06-02,22,2024-06-24,161.57
2024-06-02,23,2024-06-25,162.42
2024-06-02,24,2024-06-26,164.33
2024-06-02,25,2024-06-27,168.48
2024-06-02,26,2024-06-28,167.4
2024-06-02,27,2024-06-29,167.87
2024-06-02,28,2024-06-30,170.26
2024-06-02,29,2024-07-01,171.56
2024-06-02,30,2024-07-02,174.26
2024-06-03,1,2024-06-04,186.58
2024-06-03,2,2024-06-05,190.72
2024-06-03,3,2024-06-06,191.08
2024-06-03,4,2024-06-07,193.66
2024-06-03,5,2024-06-08,194.58
2024-06-03,6,2024-06-09,193.27
2024-06-03,7,2024-06-10,197.07
2024-06-03,8,2024-06-11,195.26
2024-06-03,9,2024-06-12,196.24
2024-06-03,10,2024-06-13,194.67
2024-06-03,11,2024-06-14,190.74
2024-06-03,12,2024-06-15,184.32
2024-06-03,13,2024-06-16,178.77
2024-06-03,14,2024-06-17,176.99
2024-06-03,15,2024-06-18,168.86
2024-06-03,16,2024-06-19,169.6
2024-06-03,17,2024-06-20,168.59
2024-06-03,18,2024-06-21,162.3
2024-06-03,19,2024-06-22,163.4
2024-06-03,20,2024-06-23,162.5
2024-06-03,21,2024-06-24,162.03
2024-06-03,22,2024-06-25,162.01
2024-06-03,23,2024-06-26,163.64
2024-06-03,24,2024-06-27,166.65
2024-06-03,25,2024-06-28,168.94
2024-06-03,26,2024-06-29,168.93
2024-06-03,27,2024-06-30,172.65
2024-06-03,28,2024-07-01,172.54
2024-06-03,29,2024-07-02,173.51
2024-06-03,30,2024-07-03,177.54
2024-06-04,1,2024-06-05,192.22
2024-06-04,2,2024-06-06,197.27
2024-06-04,3,2024-06-07,192.78
2024-06-04,4,2024-06-08,193.38
2024-06-04,5,2024-06-09,196.31
2024-06-04,6,2024-06-10,196.08
2024-06-04,7,2024-06-11,197.1
2024-06-04,8,2024-06-12,195.92
2024-06-04,9,2024-06-13,191.36
2024-06-04,10,2024-06-14,189.58
2024-06-04,11,2024-06-15,183.82
2024-06-04,12,2024-06-16,182.14
2024-06-04,13,2024-06-17,177.38
2024-06-04,14,2024-06-18,176.23
2024-06-04,15,2024-06-19,172.68
2024-06-04,16,2024-06-20,171.24
2024-06-04,17,2024-06-21,171.19
2024-06-04,18,2024-06-22,162.33
2024-06-04,19,2024-06-23,162.04
2024-06-04,20,2024-06-24,160.3
2024-06-04,21,2024-06-25,163.12
2024-06-04,22,2024-06-26,164.53
2024-06-04,23,2024-06-27,167.1
2024-06-04,24,2024-06-28,169.55
2024-06-04,25,2024-06-29,170.73
2024-06-04,26,2024-06-30,171.09
2024-06-04,27,2024-07-01,175.05
2024-06-04,28,2024-07-02,175.95
2024-06-04,29,2024-07-03,179.6
2024-06-04,30,2024-07-04,180.95
2024-06-05,1,2024-06-06,189.13
2024-06-05,2,2024-06-07,192.38
2024-06-05,3,2024-06-08,190.8
2024-06-05,4,2024-06-09,194.49
2024-06-05,5,2024-06-10,192.82
2024-06-05,6,2024-06-11,193.76
2024-06-05,7,2024-06-12,197.74
2024-06-05,8,2024-06-13,195.32
2024-06-05,9,2024-06-14,187.92
2024-06-05,10,2024-06-15,182.75
2024-06-05,11,2024-06-16,180.84
2024-06-05,12,2024-06-17,181.92
2024-06-05,13,2024-06-18,175.14
2024-06-05,14,2024-06-19,177.63
2024-06-05,15,2024-06-20,171.01
2024-06-05,16,2024-06-21,168.45
2024-06-05,17,2024-06-22,170.17
2024-06-05,18,2024-06-23,161.97
2024-06-05,19,2024-06-24,161.02
2024-06-05,20,2024-06-25,162.26
2024-06-05,21,2024-06-26,165.66
2024-06-05,22,2024-06-27,169.62
2024-06-05,23,2024-06-28,171.65
2024-06-05,24,2024-06-29,169.02
2024-06-05,25,2024-06-30,170.45
2024-06-05,26,2024-07-01,172.04
2024-06-05,27,2024-07-02,177.32
2024-06-05,28,2024-07-03,178.84
2024-06-05,29,2024-07-04,183.16
2024-06-05,30,2024-07-05,183.06
2024-06-06,1,2024-06-07,184.67
2024-06-06,2,2024-06-08,186.32
2024-06-06,3,2024-06-09,188.81
2024-06-06,4,2024-06-10,189.72
2024-06-06,5,2024-06-11,190.44
2024-06-06,6,2024-06-12,192.72
2024-06-06,7,2024-06-13,193.64
2024-06-06,8,2024-06-14,188.16
2024-06-06,9,2024-06-15,184.1
2024-06-06,10,2024-06-16,179.85
2024-06-06,11,2024-06-17,182.74
2024-06-06,12,2024-06-18,181.88
2024-06-06,13,2024-06-19,173.16
2024-06-06,14,2024-06-20,171.99
2024-06-06,15,2024-06-21,168.26
2024-06-06,16,2024-06-22,166.47
2024-06-06,17,2024-06-23,163.95
2024-06-06,18,2024-06-24,160.43
2024-06-06,19,2024-06-25,162.58
2024-06-06,20,2024-06-26,165.15
2024-06-06,21,2024-06-27,168.2
2024-06-06,22,2024-06-28,170.13
2024-06-06,23,2024-06-29,172.38
2024-06-06,24,2024-06-30,168.49
2024-06-06,25,2024-07-01,172.93
2024-06-06,26,2024-07-02,172.03
2024-06-06,27,2024-07-03,176.19
2024-06-06,28,2024-07-04,179.72
2024-06-06,29,2024-07-05,180.01
2024-06-06,30,2024-07-06,178.11
2024-06-07,1,2024-06-08,180.44
2024-06-07,2,2024-06-09,180.86
2024-06-07,3,2024-06-10,184.73
2024-06-07,4,2024-06-11,184.07
2024-06-07,5,2024-06-12,185.48
2024-06-07,6,2024-06-13,186.06
2024-06-07,7,2024-06-14,178.09
2024-06-07,8,2024-06-15,183.27
2024-06-07,9,2024-06-16,179.69
2024-06-07,10,2024-06-17,179.85
2024-06-07,11,2024-06-18,180.22
2024-06-07,12,2024-06-19,176.15
2024-06-07,13,2024-06-20,167.64
2024-06-07,14,2024-06-21,165.12
2024-06-07,15,2024-06-22,163.65
2024-06-07,16,2024-06-23,162.07
2024-06-07,17,2024-06-24,165.0
2024-06-07,18,2024-06-25,161.93
2024-06-07,19,2024-06-26,164.71
2024-06-07,20,2024-06-27,167.8
2024-06-07,21,2024-06-28,172.21
2024-06-07,22,2024-06-29,170.82
2024-06-07,23,2024-06-30,170.96
2024-06-07,24,2024-07-01,171.56
2024-06-07,25,2024-07-02,174.94
2024-06-07,26,2024-07-03,177.05
2024-06-07,27,2024-07-04,179.44
2024-06-07,28,2024-07-05,180.68
2024-06-07,29,2024-07-06,178.16
2024-06-07,30,2024-07-07,177.31
2024-06-08,1,2024-06-09,186.75
2024-06-08,2,2024-06-10,184.55
2024-06-08,3,2024-06-11,185.25
2024-06-08,4,2024-06-12,184.26
2024-06-08,5,2024-06-13,182.66
2024-06-08,6,2024-06-14,184.34
2024-06-08,7,2024-06-15,179.71
2024-06-08,8,2024-06-16,177.94
2024-06-08,9,2024-06-17,179.24
2024-06-08,10,2024-06-18,174.69
2024-06-08,11,2024-06-19,175.04
2024-06-08,12,2024-06-20,171.76
2024-06-08,13,2024-06-21,163.29
2024-06-08,14,2024-06-22,162.96
2024-06-08,15,2024-06-23,162.87
2024-06-08,16,2024-06-24,161.26
2024-06-08,17,2024-06-25,167.48
2024-06-08,18,2024-06-26,163.46
2024-06-08,19,2024-06-27,167.06
2024-06-08,20,2024-06-28,170.32
2024-06-08,21,2024-06-29,172.82
2024-06-08,22,2024-06-30,171.39
2024-06-08,23,2024-07-01,171.19
2024-06-08,24,2024-07-02,172.98
2024-06-08,25,2024-07-03,177.06
2024-06-08,26,2024-07-04,180.55
2024-06-08,27,2024-07-05,182.9
2024-06-08,28,2024-07-06,182.35
2024-06-08,29,2024-07-07,179.99
2024-06-08,30,2024-07-08,178.71
2024-06-09,1,2024-06-10,176.28
2024-06-09,2,2024-06-11,175.92
2024-06-09,3,2024-06-12,177.43
2024-06-09,4,2024-06-13,176.98
2024-06-09,5,2024-06-14,176.65
2024-06-09,6,2024-06-15,174.7
2024-06-09,7,2024-06-16,172.42
2024-06-09,8,2024-06-17,170.2
2024-06-09,9,2024-06-18,173.09
2024-06-09,10,2024-06-19,170.63
2024-06-09,11,2024-06-20,169.04
2024-06-09,12,2024-06-21,165.85
2024-06-09,13,2024-06-22,165.63
2024-06-09,14,2024-06-23,162.78
2024-06-09,15,2024-06-24,163.08
2024-06-09,16,2024-06-25,166.31
2024-06-09,17,2024-06-26,172.68
2024-06-09,18,2024-06-27,166.04
2024-06-09,19,2024-06-28,169.5
2024-06-09,20,2024-06-29,169.71
2024-06-09,21,2024-06-30,169.98
2024-06-09,22,2024-07-01,170.44
2024-06-09,23,2024-07-02,174.32
2024-06-09,24,2024-07-03,175.89
2024-06-09,25,2024-07-04,179.59
2024-06-09,26,2024-07-05,178.0
2024-06-09,27,2024-07-06,177.54
2024-06-09,28,2024-07-07,177.54
2024-06-09,29,2024-07-08,176.48
2024-06-09,30,2024-07-09,177.34
2024-06-10,1,2024-06-11,173.56
2024-06-10,2,2024-06-12,170.37
2024-06-10,3,2024-06-13,170.03
2024-06-10,4,2024-06-14,171.9
2024-06-10,5,2024-06-15,166.95
2024-06-10,6,2024-06-16,166.78
2024-06-10,7,2024-06-17,169.43
2024-06-10,8,2024-06-18,165.83
2024-06-10,9,2024-06-19,167.12
2024-06-10,10,2024-06-20,165.43
2024-06-10,11,2024-06-21,166.79
2024-06-10,12,2024-06-22,164.78
2024-06-10,13,2024-06-23,165.21
2024-06-10,14,2024-06-24,160.07
2024-06-10,15,2024-06-25,162.49
2024-06-10,16,2024-06-26,164.82
2024-06-10,17,2024-06-27,173.18
2024-06-10,18,2024-06-28,167.11
2024-06-10,19,2024-06-29,169.96
2024-06-10,20,2024-06-30,169.81
2024-06-10,21,2024-07-01,171.9
2024-06-10,22,2024-07-02,173.61
2024-06-10,23,2024-07-03,177.45
2024-06-10,24,2024-07-04,177.27
2024-06-10,25,2024-07-05,174.76
2024-06-10,26,2024-07-06,173.84
2024-06-10,27,2024-07-07,175.59
2024-06-10,28,2024-07-08,175.74
2024-06-10,29,2024-07-09,176.13
2024-06-10,30,2024-07-10,174.19
2024-06-11,1,2024-06-12,158.26
2024-06-11,2,2024-06-13,158.43
2024-06-11,3,2024-06-14,155.75
2024-06-11,4,2024-06-15,155.91
2024-06-11,5,2024-06-16,155.69
2024-06-11,6,2024-06-17,158.09
2024-06-11,7,2024-06-18,159.31
2024-06-11,8,2024-06-19,159.67
2024-06-11,9,2024-06-20,159.97
2024-06-11,10,2024-06-21,159.83
2024-06-11,11,2024-06-22,162.41
2024-06-11,12,2024-06-23,165.2
2024-06-11,13,2024-06-24,162.3
2024-06-11,14,2024-06-25,163.16
2024-06-11,15,2024-06-26,165.34
2024-06-11,16,2024-06-27,167.2
2024-06-11,17,2024-06-28,177.7
2024-06-11,18,2024-06-29,170.14
2024-06-11,19,2024-06-30,172.09
2024-06-11,20,2024-07-01,169.93
2024-06-11,21,2024-07-02,173.74
2024-06-11,22,2024-07-03,175.27
2024-06-11,23,2024-07-04,175.3
2024-06-11,24,2024-07-05,174.32
2024-06-11,25,2024-07-06,171.72
2024-06-11,26,2024-07-07,169.57
2024-06-11,27,2024-07-08,170.63
2024-06-11,28,2024-07-09,169.88
2024-06-11,29,2024-07-10,169.91
2024-06-11,30,2024-07-11,170.1
2024-06-12,1,2024-06-13,158.43
2024-06-12,2,2024-06-14,161.31
2024-06-12,3,2024-06-15,160.87
2024-06-12,4,2024-06-16,162.45
2024-06-12,5,2024-06-17,162.31
2024-06-12,6,2024-06-18,164.25
2024-06-12,7,2024-06-19,166.8
2024-06-12,8,2024-06-20,165.98
2024-06-12,9,2024-06-21,163.32
2024-06-12,10,2024-06-22,164.98
2024-06-12,11,2024-06-23,161.35
2024-06-12,12,2024-06-24,162.15
2024-06-12,13,2024-06-25,164.42
2024-06-12,14,2024-06-26,159.8
2024-06-12,15,2024-06-27,165.43
2024-06-12,16,2024-06-28,167.62
2024-06-12,17,2024-06-29,172.52
2024-06-12,18,2024-06-30,168.66
2024-06-12,19,2024-07-01,170.82
2024-06-12,20,2024-07-02,170.21
2024-06-12,21,2024-07-03,174.35
2024-06-12,22,2024-07-04,173.47
2024-06-12,23,2024-07-05,173.5
2024-06-12,24,2024-07-06,172.71
2024-06-12,25,2024-07-07,169.48
2024-06-12,26,2024-07-08,169.63
2024-06-12,27,2024-07-09,170.99
2024-06-12,28,2024-07-10,169.47
2024-06-12,29,2024-07-11,168.91
2024-06-12,30,2024-07-12,168.6
2024-06-13,1,2024-06-14,166.89
2024-06-13,2,2024-06-15,170.06
2024-06-13,3,2024-06-16,168.66
2024-06-13,4,2024-06-17,173.24
2024-06-13,5,2024-06-18,169.87
2024-06-13,6,2024-06-19,169.64
2024-06-13,7,2024-06-20,168.67
2024-06-13,8,2024-06-21,168.9
2024-06-13,9,2024-06-22,167.43
2024-06-13,10,2024-06-23,165.42
2024-06-13,11,2024-06-24,165.19
2024-06-13,12,2024-06-25,164.98
2024-06-13,13,2024-06-26,165.11
2024-06-13,14,2024-06-27,166.67
2024-06-13,15,2024-06-28,169.15
2024-06-13,16,2024-06-29,173.4
2024-06-13,17,2024-06-30,170.89
2024-06-13,18,2024-07-01,167.53
2024-06-13,19,2024-07-02,168.35
2024-06-13,20,2024-07-03,171.99
2024-06-13,21,2024-07-04,172.2
2024-06-13,22,2024-07-05,173.09
2024-06-13,23,2024-07-06,172.03
2024-06-13,24,2024-07-07,171.05
2024-06-13,25,2024-07-08,172.9
2024-06-13,26,2024-07-09,172.49
2024-06-13,27,2024-07-10,170.73
2024-06-13,28,2024-07-11,170.33
2024-06-13,29,2024-07-12,168.42
2024-06-13,30,2024-07-13,169.05
2024-06-14,1,2024-06-15,165.56
2024-06-14,2,2024-06-16,165.04
2024-06-14,3,2024-06-17,162.99
2024-06-14,4,2024-06-18,165.19
2024-06-14,5,2024-06-19,164.05
2024-06-14,6,2024-06-20,165.41
2024-06-14,7,2024-06-21,167.6
2024-06-14,8,2024-06-22,167.57
2024-06-14,9,2024-06-23,163.23
2024-06-14,10,2024-06-24,165.5
2024-06-14,11,2024-06-25,165.69
2024-06-14,12,2024-06-26,165.47
2024-06-14,13,2024-06-27,165.55
2024-06-14,14,2024-06-28,166.36
2024-06-14,15,2024-06-29,168.22
2024-06-14,16,2024-06-30,169.83
2024-06-14,17,2024-07-01,168.0
2024-06-14,18,2024-07-02,170.7
2024-06-14,19,2024-07-03,173.16
2024-06-14,20,2024-07-04,171.45
2024-06-14,21,2024-07-05,173.45
2024-06-14,22,2024-07-06,170.95
2024-06-14,23,2024-07-07,172.22
2024-06-14,24,2024-07-08,171.41
2024-06-14,25,2024-07-09,173.04
2024-06-14,26,2024-07-10,170.98
2024-06-14,27,2024-07-11,170.87
2024-06-14,28,2024-07-12,167.44
2024-06-14,29,2024-07-13,167.39
2024-06-14,30,2024-07-14,168.79
2024-06-15,1,2024-06-16,167.09
2024-06-15,2,2024-06-17,164.54
2024-06-15,3,2024-06-18,160.08
2024-06-15,4,2024-06-19,162.45
2024-06-15,5,2024-06-20,162.95
2024-06-15,6,2024-06-21,162.37
2024-06-15,7,2024-06-22,164.82
2024-06-15,8,2024-06-23,166.08
2024-06-15,9,2024-06-24,163.43
2024-06-15,10,2024-06-25,167.13
2024-06-15,11,2024-06-26,165.84
2024-06-15,12,2024-06-27,168.37
2024-06-15,13,2024-06-28,170.02
2024-06-15,14,2024-06-29,170.62
2024-06-15,15,2024-06-30,169.05
2024-06-15,16,2024-07-01,168.39
2024-06-15,17,2024-07-02,169.78
2024-06-15,18,2024-07-03,172.8
2024-06-15,19,2024-07-04,171.28
2024-06-15,20,2024-07-05,170.15
2024-06-15,21,2024-07-06,170.56
2024-06-15,22,2024-07-07,171.86
2024-06-15,23,2024-07-08,171.38
2024-06-15,24,2024-07-09,172.25
2024-06-15,25,2024-07-10,173.15
2024-06-15,26,2024-07-11,170.81
2024-06-15,27,2024-07-12,168.31
2024-06-15,28,2024-07-13,166.98
2024-06-15,29,2024-07-14,165.53
2024-06-15,30,2024-07-15,167.68
2024-06-16,1,2024-06-17,164.1
2024-06-16,2,2024-06-18,163.53
2024-06-16,3,2024-06-19,156.62
2024-06-16,4,2024-06-20,156.91
2024-06-16,5,2024-06-21,160.25
2024-06-16,6,2024-06-22,160.18
2024-06-16,7,2024-06-23,163.62
2024-06-16,8,2024-06-24,164.58
2024-06-16,9,2024-06-25,164.86
2024-06-16,10,2024-06-26,167.6
2024-06-16,11,2024-06-27,166.48
2024-06-16,12,2024-06-28,170.52
2024-06-16,13,2024-06-29,171.37
2024-06-16,14,2024-06-30,166.25
2024-06-16,15,2024-07-01,165.92
2024-06-16,16,2024-07-02,167.42
2024-06-16,17,2024-07-03,168.44
2024-06-16,18,2024-07-04,171.02
2024-06-16,19,2024-07-05,171.14
2024-06-16,20,2024-07-06,168.89
2024-06-16,21,2024-07-07,170.9
2024-06-16,22,2024-07-08,172.78
2024-06-16,23,2024-07-09,171.5
2024-06-16,24,2024-07-10,170.63
2024-06-16,25,2024-07-11,171.91
2024-06-16,26,2024-07-12,168.33
2024-06-16,27,2024-07-13,167.85
2024-06-16,28,2024-07-14,164.61
2024-06-16,29,2024-07-15,163.28
2024-06-16,30,2024-07-16,166.87
2024-06-17,1,2024-06-18,174.73
2024-06-17,2,2024-06-19,174.86
2024-06-17,3,2024-06-20,170.98
2024-06-17,4,2024-06-21,168.82
2024-06-17,5,2024-06-22,167.63
2024-06-17,6,2024-06-23,164.91
2024-06-17,7,2024-06-24,168.37
2024-06-17,8,2024-06-25,167.02
2024-06-17,9,2024-06-26,166.85
2024-06-17,10,2024-06-27,169.48
2024-06-17,11,2024-06-28,173.35
2024-06-17,12,2024-06-29,170.42
2024-06-17,13,2024-06-30,169.13
2024-06-17,14,2024-07-01,169.94
2024-06-17,15,2024-07-02,170.39
2024-06-17,16,2024-07-03,171.08
2024-06-17,17,2024-07-04,173.53
2024-06-17,18,2024-07-05,171.13
2024-06-17,19,2024-07-06,170.44
2024-06-17,20,2024-07-07,171.7
2024-06-17,21,2024-07-08,173.22
2024-06-17,22,2024-07-09,174.03
2024-06-17,23,2024-07-10,172.7
2024-06-17,24,2024-07-11,170.57
2024-06-17,25,2024-07-12,171.31
2024-06-17,26,2024-07-13,169.0
2024-06-17,27,2024-07-14,168.85
2024-06-17,28,2024-07-15,166.43
2024-06-17,29,2024-07-16,166.64
2024-06-17,30,2024-07-17,168.53
2024-06-18,1,2024-06-19,185.19
2024-06-18,2,2024-06-20,184.51
2024-06-18,3,2024-06-21,178.97
2024-06-18,4,2024-06-22,178.37
2024-06-18,5,2024-06-23,174.65
2024-06-18,6,2024-06-24,169.71
2024-06-18,7,2024-06-25,173.04
2024-06-18,8,2024-06-26,172.02
2024-06-18,9,2024-06-27,168.96
2024-06-18,10,2024-06-28,176.67
2024-06-18,11,2024-06-29,178.51
2024-06-18,12,2024-06-30,173.8
2024-06-18,13,2024-07-01,170.2
2024-06-18,14,2024-07-02,172.79
2024-06-18,15,2024-07-03,170.53
2024-06-18,16,2024-07-04,169.39
2024-06-18,17,2024-07-05,166.65
2024-06-18,18,2024-07-06,168.53
2024-06-18,19,2024-07-07,168.86
2024-06-18,20,2024-07-08,173.45
2024-06-18,21,2024-07-09,175.2
2024-06-18,22,2024-07-10,174.63
2024-06-18,23,2024-07-11,173.24
2024-06-18,24,2024-07-12,172.31
2024-06-18,25,2024-07-13,172.18
2024-06-18,26,2024-07-14,168.85
2024-06-18,27,2024-07-15,168.61
2024-06-18,28,2024-07-16,168.37
2024-06-18,29,2024-07-17,167.92
2024-06-18,30,2024-07-18,168.65
2024-06-19,1,2024-06-20,188.94
2024-06-19,2,2024-06-21,183.16
2024-06-19,3,2024-06-22,180.69
2024-06-19,4,2024-06-23,177.19
2024-06-19,5,2024-06-24,173.38
2024-06-19,6,2024-06-25,172.44
2024-06-19,7,2024-06-26,175.21
2024-06-19,8,2024-06-27,177.56
2024-06-19,9,2024-06-28,177.55
2024-06-19,10,2024-06-29,178.42
2024-06-19,11,2024-06-30,175.66
2024-06-19,12,2024-07-01,173.33
2024-06-19,13,2024-07-02,172.79
2024-06-19,14,2024-07-03,174.6
2024-06-19,15,2024-07-04,173.98
2024-06-19,16,2024-07-05,167.35
2024-06-19,17,2024-07-06,163.86
2024-06-19,18,2024-07-07,170.14
2024-06-19,19,2024-07-08,171.14
2024-06-19,20,2024-07-09,173.88
2024-06-19,21,2024-07-10,175.13
2024-06-19,22,2024-07-11,174.28
2024-06-19,23,2024-07-12,173.33
2024-06-19,24,2024-07-13,171.87
2024-06-19,25,2024-07-14,172.39
2024-06-19,26,2024-07-15,168.21
2024-06-19,27,2024-07-16,168.34
2024-06-19,28,2024-07-17,168.12
2024-06-19,29,2024-07-18,167.77
2024-06-19,30,2024-07-19,168.65
2024-06-20,1,2024-06-21,194.75
2024-06-20,2,2024-06-22,188.34
2024-06-20,3,2024-06-23,188.01
2024-06-20,4,2024-06-24,182.91
2024-06-20,5,2024-06-25,181.68
2024-06-20,6,2024-06-26,185.14
2024-06-20,7,2024-06-27,181.88
2024-06-20,8,2024-06-28,181.55
2024-06-20,9,2024-06-29,181.98
2024-06-20,10,2024-06-30,177.56
2024-06-20,11,2024-07-01,181.67
2024-06-20,12,2024-07-02,174.87
2024-06-20,13,2024-07-03,174.99
2024-06-20,14,2024-07-04,172.47
2024-06-20,15,2024-07-05,172.04
2024-06-20,16,2024-07-06,165.11
2024-06-20,17,2024-07-07,168.68
2024-06-20,18,2024-07-08,172.78
2024-06-20,19,2024-07-09,177.05
2024-06-20,20,2024-07-10,177.23
2024-06-20,21,2024-07-11,175.73
2024-06-20,22,2024-07-12,172.78
2024-06-20,23,2024-07-13,173.02
2024-06-20,24,2024-07-14,171.47
2024-06-20,25,2024-07-15,170.1
2024-06-20,26,2024-07-16,168.87
2024-06-20,27,2024-07-17,171.1
2024-06-20,28,2024-07-18,170.37
2024-06-20,29,2024-07-19,168.3
2024-06-20,30,2024-07-20,169.57
2024-06-21,1,2024-06-22,185.7
2024-06-21,2,2024-06-23,183.78
2024-06-21,3,2024-06-24,183.93
2024-06-21,4,2024-06-25,178.82
2024-06-21,5,2024-06-26,181.7
2024-06-21,6,2024-06-27,181.92
2024-06-21,7,2024-06-28,185.27
2024-06-21,8,2024-06-29,184.25
2024-06-21,9,2024-06-30,184.57
2024-06-21,10,2024-07-01,177.5
2024-06-21,11,2024-07-02,180.58
2024-06-21,12,2024-07-03,175.29
2024-06-21,13,2024-07-04,173.38
2024-06-21,14,2024-07-05,171.41
2024-06-21,15,2024-07-06,167.05
2024-06-21,16,2024-07-07,171.29
2024-06-21,17,2024-07-08,176.75
2024-06-21,18,2024-07-09,176.76
2024-06-21,19,2024-07-10,179.01
2024-06-21,20,2024-07-11,177.42
2024-06-21,21,2024-07-12,175.46
2024-06-21,22,2024-07-13,172.55
2024-06-21,23,2024-07-14,171.38
2024-06-21,24,2024-07-15,170.03
2024-06-21,25,2024-07-16,170.13
2024-06-21,26,2024-07-17,169.04
2024-06-21,27,2024-07-18,169.76
2024-06-21,28,2024-07-19,171.25
2024-06-21,29,2024-07-20,170.16
2024-06-21,30,2024-07-21,170.76
2024-06-22,1,2024-06-23,183.14
2024-06-22,2,2024-06-24,178.29
2024-06-22,3,2024-06-25,181.49
2024-06-22,4,2024-06-26,182.8
2024-06-22,5,2024-06-27,184.9
2024-06-22,6,2024-06-28,188.1
2024-06-22,7,2024-06-29,185.92
2024-06-22,8,2024-06-30,186.83
2024-06-22,9,2024-07-01,184.51
2024-06-22,10,2024-07-02,182.3
2024-06-22,11,2024-07-03,179.59
2024-06-22,12,2024-07-04,175.36
2024-06-22,13,2024-07-05,172.82
2024-06-22,14,2024-07-06,171.69
2024-06-22,15,2024-07-07,172.07
2024-06-22,16,2024-07-08,176.11
2024-06-22,17,2024-07-09,180.88
2024-06-22,18,2024-07-10,179.52
2024-06-22,19,2024-07-11,180.03
2024-06-22,20,2024-07-12,178.95
2024-06-22,21,2024-07-13,174.55
2024-06-22,22,2024-07-14,171.5
2024-06-22,23,2024-07-15,170.26
2024-06-22,24,2024-07-16,171.0
2024-06-22,25,2024-07-17,171.92
2024-06-22,26,2024-07-18,171.75
2024-06-22,27,2024-07-19,170.28
2024-06-22,28,2024-07-20,172.52
2024-06-22,29,2024-07-21,172.21
2024-06-22,30,2024-07-22,171.99
2024-06-23,1,2024-06-24,183.86
2024-06-23,2,2024-06-25,183.36
2024-06-23,3,2024-06-26,184.83
2024-06-23,4,2024-06-27,188.66
2024-06-23,5,2024-06-28,189.87
2024-06-23,6,2024-06-29,189.8
2024-06-23,7,2024-06-30,186.9
2024-06-23,8,2024-07-01,188.93
2024-06-23,9,2024-07-02,187.74
2024-06-23,10,2024-07-03,185.65
2024-06-23,11,2024-07-04,182.73
2024-06-23,12,2024-07-05,174.16
2024-06-23,13,2024-07-06,171.99
2024-06-23,14,2024-07-07,173.24
2024-06-23,15,2024-07-08,178.93
2024-06-23,16,2024-07-09,177.84
2024-06-23,17,2024-07-10,187.92
2024-06-23,18,2024-07-11,179.99
2024-06-23,19,2024-07-12,178.86
2024-06-23,20,2024-07-13,176.34
2024-06-23,21,2024-07-14,174.46
2024-06-23,22,2024-07-15,170.89
2024-06-23,23,2024-07-16,170.74
2024-06-23,24,2024-07-17,172.7
2024-06-23,25,2024-07-18,172.4
2024-06-23,26,2024-07-19,172.63
2024-06-23,27,2024-07-20,172.01
2024-06-23,28,2024-07-21,174.79
2024-06-23,29,2024-07-22,174.61
2024-06-23,30,2024-07-23,174.8
2024-06-24,1,2024-06-25,192.54
2024-06-24,2,2024-06-26,193.37
2024-06-24,3,2024-06-27,197.38
2024-06-24,4,2024-06-28,202.48
2024-06-24,5,2024-06-29,196.18
2024-06-24,6,2024-06-30,190.76
2024-06-24,7,2024-07-01,188.87
2024-06-24,8,2024-07-02,189.12
2024-06-24,9,2024-07-03,187.75
2024-06-24,10,2024-07-04,181.68
2024-06-24,11,2024-07-05,177.53
2024-06-24,12,2024-07-06,170.85
2024-06-24,13,2024-07-07,176.67
2024-06-24,14,2024-07-08,174.57
2024-06-24,15,2024-07-09,181.79
2024-06-24,16,2024-07-10,186.84
2024-06-24,17,2024-07-11,189.09
2024-06-24,18,2024-07-12,179.25
2024-06-24,19,2024-07-13,177.91
2024-06-24,20,2024-07-14,175.61
2024-06-24,21,2024-07-15,174.79
2024-06-24,22,2024-07-16,171.25
2024-06-24,23,2024-07-17,173.07
2024-06-24,24,2024-07-18,171.95
2024-06-24,25,2024-07-19,173.87
2024-06-24,26,2024-07-20,176.22
2024-06-24,27,2024-07-21,174.19
2024-06-24,28,2024-07-22,176.88
2024-06-24,29,2024-07-23,176.97
2024-06-24,30,2024-07-24,179.36
2024-06-25,1,2024-06-26,186.58
2024-06-25,2,2024-06-27,189.05
2024-06-25,3,2024-06-28,187.69
2024-06-25,4,2024-06-29,190.27
2024-06-25,5,2024-06-30,187.73
2024-06-25,6,2024-07-01,184.46
2024-06-25,7,2024-07-02,182.71
2024-06-25,8,2024-07-03,184.37
2024-06-25,9,2024-07-04,180.75
2024-06-25,10,2024-07-05,179.48
2024-06-25,11,2024-07-06,176.17
2024-06-25,12,2024-07-07,175.99
2024-06-25,13,2024-07-08,181.18
2024-06-25,14,2024-07-09,181.96
2024-06-25,15,2024-07-10,183.58
2024-06-25,16,2024-07-11,187.4
2024-06-25,17,2024-07-12,184.55
2024-06-25,18,2024-07-13,177.52
2024-06-25,19,2024-07-14,177.29
2024-06-25,20,2024-07-15,173.68
2024-06-25,21,2024-07-16,172.49
2024-06-25,22,2024-07-17,171.85
2024-06-25,23,2024-07-18,171.7
2024-06-25,24,2024-07-19,173.74
2024-06-25,25,2024-07-20,174.39
2024-06-25,26,2024-07-21,174.78
2024-06-25,27,2024-07-22,172.48
2024-06-25,28,2024-07-23,175.87
2024-06-25,29,2024-07-24,178.59
2024-06-25,30,2024-07-25,180.01
2024-06-26,1,2024-06-27,179.38
2024-06-26,2,2024-06-28,178.88
2024-06-26,3,2024-06-29,179.06
2024-06-26,4,2024-06-30,181.01
2024-06-26,5,2024-07-01,180.96
2024-06-26,6,2024-07-02,179.22
2024-06-26,7,2024-07-03,177.01
2024-06-26,8,2024-07-04,178.51
2024-06-26,9,2024-07-05,175.96
2024-06-26,10,2024-07-06,175.76
2024-06-26,11,2024-07-07,173.89
2024-06-26,12,2024-07-08,179.77
2024-06-26,13,2024-07-09,181.39
2024-06-26,14,2024-07-10,184.26
2024-06-26,15,2024-07-11,182.76
2024-06-26,16,2024-07-12,184.34
2024-06-26,17,2024-07-13,181.38
2024-06-26,18,2024-07-14,175.35
2024-06-26,19,2024-07-15,174.62
2024-06-26,20,2024-07-16,173.64
2024-06-26,21,2024-07-17,174.07
2024-06-26,22,2024-07-18,172.37
2024-06-26,23,2024-07-19,173.52
2024-06-26,24,2024-07-20,173.43
2024-06-26,25,2024-07-21,176.5
2024-06-26,26,2024-07-22,176.66
2024-06-26,27,2024-07-23,175.5
2024-06-26,28,2024-07-24,177.09
2024-06-26,29,2024-07-25,178.82
2024-06-26,30,2024-07-26,180.49
2024-06-27,1,2024-06-28,179.31
2024-06-27,2,2024-06-29,176.09
2024-06-27,3,2024-06-30,178.79
2024-06-27,4,2024-07-01,177.21
2024-06-27,5,2024-07-02,177.55
2024-06-27,6,2024-07-03,172.95
2024-06-27,7,2024-07-04,171.57
2024-06-27,8,2024-07-05,170.24
2024-06-27,9,2024-07-06,171.94
2024-06-27,10,2024-07-07,175.95
2024-06-27,11,2024-07-08,175.79
2024-06-27,12,2024-07-09,182.86
2024-06-27,13,2024-07-10,182.77
2024-06-27,14,2024-07-11,187.34
2024-06-27,15,2024-07-12,183.0
2024-06-27,16,2024-07-13,181.7
2024-06-27,17,2024-07-14,183.9
2024-06-27,18,2024-07-15,173.04
2024-06-27,19,2024-07-16,174.0
2024-06-27,20,2024-07-17,173.34
2024-06-27,21,2024-07-18,173.73
2024-06-27,22,2024-07-19,172.52
2024-06-27,23,2024-07-20,175.05
2024-06-27,24,2024-07-21,174.39
2024-06-27,25,2024-07-22,175.37
2024-06-27,26,2024-07-23,175.23
2024-06-27,27,2024-07-24,174.27
2024-06-27,28,2024-07-25,177.1
2024-06-27,29,2024-07-26,178.43
2024-06-27,30,2024-07-27,181.45
2024-06-28,1,2024-06-29,178.03
2024-06-28,2,2024-06-30,174.66
2024-06-28,3,2024-07-01,175.78
2024-06-28,4,2024-07-02,172.45
2024-06-28,5,2024-07-03,172.77
2024-06-28,6,2024-07-04,171.92
2024-06-28,7,2024-07-05,171.49
2024-06-28,8,2024-07-06,169.44
2024-06-28,9,2024-07-07,175.79
2024-06-28,10,2024-07-08,178.96
2024-06-28,11,2024-07-09,182.15
2024-06-28,12,2024-07-10,187.99
2024-06-28,13,2024-07-11,188.59
2024-06-28,14,2024-07-12,188.18
2024-06-28,15,2024-07-13,186.76
2024-06-28,16,2024-07-14,184.74
2024-06-28,17,2024-07-15,186.82
2024-06-28,18,2024-07-16,172.76
2024-06-28,19,2024-07-17,172.78
2024-06-28,20,2024-07-18,172.96
2024-06-28,21,2024-07-19,173.48
2024-06-28,22,2024-07-20,175.35
2024-06-28,23,2024-07-21,177.42
2024-06-28,24,2024-07-22,177.41
2024-06-28,25,2024-07-23,177.54
2024-06-28,26,2024-07-24,178.04
2024-06-28,27,2024-07-25,177.21
2024-06-28,28,2024-07-26,179.06
2024-06-28,29,2024-07-27,179.82
2024-06-28,30,2024-07-28,183.43
2024-06-29,1,2024-06-30,184.76
2024-06-29,2,2024-07-01,183.31
2024-06-29,3,2024-07-02,186.55
2024-06-29,4,2024-07-03,179.15
2024-06-29,5,2024-07-04,179.55
2024-06-29,6,2024-07-05,173.74
2024-06-29,7,2024-07-06,171.6
2024-06-29,8,2024-07-07,175.69
2024-06-29,9,2024-07-08,180.76
2024-06-29,10,2024-07-09,186.78
2024-06-29,11,2024-07-10,186.88
2024-06-29,12,2024-07-11,188.72
2024-06-29,13,2024-07-12,189.4
2024-06-29,14,2024-07-13,188.26
2024-06-29,15,2024-07-14,185.93
2024-06-29,16,2024-07-15,183.41
2024-06-29,17,2024-07-16,185.74
2024-06-29,18,2024-07-17,174.86
2024-06-29,19,2024-07-18,174.14
2024-06-29,20,2024-07-19,175.32
2024-06-29,21,2024-07-20,176.43
2024-06-29,22,2024-07-21,177.08
2024-06-29,23,2024-07-22,177.71
2024-06-29,24,2024-07-23,178.59
2024-06-29,25,2024-07-24,180.78
2024-06-29,26,2024-07-25,180.78
2024-06-29,27,2024-07-26,180.67
2024-06-29,28,2024-07-27,182.66
2024-06-29,29,2024-07-28,182.73
2024-06-29,30,2024-07-29,185.08
2024-06-30,1,2024-07-01,171.83
2024-06-30,2,2024-07-02,171.99
2024-06-30,3,2024-07-03,173.35
2024-06-30,4,2024-07-04,167.85
2024-06-30,5,2024-07-05,171.93
2024-06-30,6,2024-07-06,169.29
2024-06-30,7,2024-07-07,172.09
2024-06-30,8,2024-07-08,176.39
2024-06-30,9,2024-07-09,181.44
2024-06-30,10,2024-07-10,186.74
2024-06-30,11,2024-07-11,186.49
2024-06-30,12,2024-07-12,187.99
2024-06-30,13,2024-07-13,185.68
2024-06-30,14,2024-07-14,184.52
2024-06-30,15,2024-07-15,181.85
2024-06-30,16,2024-07-16,181.8
2024-06-30,17,2024-07-17,186.23
2024-06-30,18,2024-07-18,175.65
2024-06-30,19,2024-07-19,174.84
2024-06-30,20,2024-07-20,177.2
2024-06-30,21,2024-07-21,177.73
2024-06-30,22,2024-07-22,179.03
2024-06-30,23,2024-07-23,179.26
2024-06-30,24,2024-07-24,180.52
2024-06-30,25,2024-07-25,182.82
2024-06-30,26,2024-07-26,182.41
2024-06-30,27,2024-07-27,182.74
2024-06-30,28,2024-07-28,182.58
2024-06-30,29,2024-07-29,182.39
2024-06-30,30,2024-07-30,186.43
2024-07-01,1,2024-07-02,168.0
2024-07-01,2,2024-07-03,164.24
2024-07-01,3,2024-07-04,165.72
2024-07-01,4,2024-07-05,161.6
2024-07-01,5,2024-07-06,166.75
2024-07-01,6,2024-07-07,172.3
2024-07-01,7,2024-07-08,176.69
2024-07-01,8,2024-07-09,183.49
2024-07-01,9,2024-07-10,184.36
2024-07-01,10,2024-07-11,188.02
2024-07-01,11,2024-07-12,183.45
2024-07-01,12,2024-07-13,188.74
2024-07-01,13,2024-07-14,184.4
2024-07-01,14,2024-07-15,182.21
2024-07-01,15,2024-07-16,177.57
2024-07-01,16,2024-07-17,182.37
2024-07-01,17,2024-07-18,183.91
2024-07-01,18,2024-07-19,176.2
2024-07-01,19,2024-07-20,178.39
2024-07-01,20,2024-07-21,178.56
2024-07-01,21,2024-07-22,178.73
2024-07-01,22,2024-07-23,178.14
2024-07-01,23,2024-07-24,181.27
2024-07-01,24,2024-07-25,181.33
2024-07-01,25,2024-07-26,180.41
2024-07-01,26,2024-07-27,180.88
2024-07-01,27,2024-07-28,183.07
2024-07-01,28,2024-07-29,183.43
2024-07-01,29,2024-07-30,182.77
2024-07-01,30,2024-07-31,187.59
2024-07-02,1,2024-07-03,158.23
2024-07-02,2,2024-07-04,155.47
2024-07-02,3,2024-07-05,158.71
2024-07-02,4,2024-07-06,158.54
2024-07-02,5,2024-07-07,164.37
2024-07-02,6,2024-07-08,173.33
2024-07-02,7,2024-07-09,178.67
2024-07-02,8,2024-07-10,183.42
2024-07-02,9,2024-07-11,187.52
2024-07-02,10,2024-07-12,185.99
2024-07-02,11,2024-07-13,186.57
2024-07-02,12,2024-07-14,185.71
2024-07-02,13,2024-07-15,181.16
2024-07-02,14,2024-07-16,178.74
2024-07-02,15,2024-07-17,179.23
2024-07-02,16,2024-07-18,183.57
2024-07-02,17,2024-07-19,183.47
2024-07-02,18,2024-07-20,177.4
2024-07-02,19,2024-07-21,176.46
2024-07-02,20,2024-07-22,177.3
2024-07-02,21,2024-07-23,176.88
2024-07-02,22,2024-07-24,181.31
2024-07-02,23,2024-07-25,181.96
2024-07-02,24,2024-07-26,179.17
2024-07-02,25,2024-07-27,179.57
2024-07-02,26,2024-07-28,178.89
2024-07-02,27,2024-07-29,182.08
2024-07-02,28,2024-07-30,182.23
2024-07-02,29,2024-07-31,182.92
2024-07-02,30,2024-08-01,184.6
2024-07-03,1,2024-07-04,162.39
2024-07-03,2,2024-07-05,159.65
2024-07-03,3,2024-07-06,164.94
2024-07-03,4,2024-07-07,167.88
2024-07-03,5,2024-07-08,173.4
2024-07-03,6,2024-07-09,179.15
2024-07-03,7,2024-07-10,182.88
2024-07-03,8,2024-07-11,185.19
2024-07-03,9,2024-07-12,185.44
2024-07-03,10,2024-07-13,182.99
2024-07-03,11,2024-07-14,187.49
2024-07-03,12,2024-07-15,185.56
2024-07-03,13,2024-07-16,176.92
2024-07-03,14,2024-07-17,178.95
2024-07-03,15,2024-07-18,183.33
2024-07-03,16,2024-07-19,183.12
2024-07-03,17,2024-07-20,182.6
2024-07-03,18,2024-07-21,176.23
2024-07-03,19,2024-07-22,177.43
2024-07-03,20,2024-07-23,178.41
2024-07-03,21,2024-07-24,179.29
2024-07-03,22,2024-07-25,181.47
2024-07-03,23,2024-07-26,180.9
2024-07-03,24,2024-07-27,178.05
2024-07-03,25,2024-07-28,178.57
2024-07-03,26,2024-07-29,181.88
2024-07-03,27,2024-07-30,182.64
2024-07-03,28,2024-07-31,186.42
2024-07-03,29,2024-08-01,186.84
2024-07-03,30,2024-08-02,187.55
2024-07-04,1,2024-07-05,165.03
2024-07-04,2,2024-07-06,166.44
2024-07-04,3,2024-07-07,169.13
2024-07-04,4,2024-07-08,174.22
2024-07-04,5,2024-07-09,174.41
2024-07-04,6,2024-07-10,179.31
2024-07-04,7,2024-07-11,184.33
2024-07-04,8,2024-07-12,182.27
2024-07-04,9,2024-07-13,185.9
2024-07-04,10,2024-07-14,184.61
2024-07-04,11,2024-07-15,191.3
2024-07-04,12,2024-07-16,185.57
2024-07-04,13,2024-07-17,178.47
2024-07-04,14,2024-07-18,181.71
2024-07-04,15,2024-07-19,184.35
2024-07-04,16,2024-07-20,181.86
2024-07-04,17,2024-07-21,180.9
2024-07-04,18,2024-07-22,176.85
2024-07-04,19,2024-07-23,177.17
2024-07-04,20,2024-07-24,179.99
2024-07-04,21,2024-07-25,181.78
2024-07-04,22,2024-07-26,181.04
2024-07-04,23,2024-07-27,179.79
2024-07-04,24,2024-07-28,178.75
2024-07-04,25,2024-07-29,180.19
2024-07-04,26,2024-07-30,182.4
2024-07-04,27,2024-07-31,182.51
2024-07-04,28,2024-08-01,180.91
2024-07-04,29,2024-08-02,183.9
2024-07-04,30,2024-08-03,181.98
2024-07-05,1,2024-07-06,160.72
2024-07-05,2,2024-07-07,165.6
2024-07-05,3,2024-07-08,165.63
2024-07-05,4,2024-07-09,171.56
2024-07-05,5,2024-07-10,172.79
2024-07-05,6,2024-07-11,177.03
2024-07-05,7,2024-07-12,179.96
2024-07-05,8,2024-07-13,181.23
2024-07-05,9,2024-07-14,182.13
2024-07-05,10,2024-07-15,179.57
2024-07-05,11,2024-07-16,186.2
2024-07-05,12,2024-07-17,182.43
2024-07-05,13,2024-07-18,179.96
2024-07-05,14,2024-07-19,174.01
2024-07-05,15,2024-07-20,180.56
2024-07-05,16,2024-07-21,175.14
2024-07-05,17,2024-07-22,178.36
2024-07-05,18,2024-07-23,177.08
2024-07-05,19,2024-07-24,177.68
2024-07-05,20,2024-07-25,180.85
2024-07-05,21,2024-07-26,183.44
2024-07-05,22,2024-07-27,179.97
2024-07-05,23,2024-07-28,179.89
2024-07-05,24,2024-07-29,181.18
2024-07-05,25,2024-07-30,179.93
2024-07-05,26,2024-07-31,180.66
2024-07-05,27,2024-08-01,180.65
2024-07-05,28,2024-08-02,179.18
2024-07-05,29,2024-08-03,178.71
2024-07-05,30,2024-08-04,178.55
2024-07-06,1,2024-07-07,163.92
2024-07-06,2,2024-07-08,165.09
2024-07-06,3,2024-07-09,167.91
2024-07-06,4,2024-07-10,174.06
2024-07-06,5,2024-07-11,176.22
2024-07-06,6,2024-07-12,179.62
2024-07-06,7,2024-07-13,180.92
2024-07-06,8,2024-07-14,180.79
2024-07-06,9,2024-07-15,180.4
2024-07-06,10,2024-07-16,180.62
2024-07-06,11,2024-07-17,188.87
2024-07-06,12,2024-07-18,182.44
2024-07-06,13,2024-07-19,182.57
2024-07-06,14,2024-07-20,178.04
2024-07-06,15,2024-07-21,176.82
2024-07-06,16,2024-07-22,176.29
2024-07-06,17,2024-07-23,180.59
2024-07-06,18,2024-07-24,180.89
2024-07-06,19,2024-07-25,180.91
2024-07-06,20,2024-07-26,180.57
2024-07-06,21,2024-07-27,181.36
2024-07-06,22,2024-07-28,178.6
2024-07-06,23,2024-07-29,179.55
2024-07-06,24,2024-07-30,181.08
2024-07-06,25,2024-07-31,179.75
2024-07-06,26,2024-08-01,179.89
2024-07-06,27,2024-08-02,180.38
2024-07-06,28,2024-08-03,178.56
2024-07-06,29,2024-08-04,177.53
2024-07-06,30,2024-08-05,178.23
2024-07-07,1,2024-07-08,168.37
2024-07-07,2,2024-07-09,170.5
2024-07-07,3,2024-07-10,171.17
2024-07-07,4,2024-07-11,180.4
2024-07-07,5,2024-07-12,179.52
2024-07-07,6,2024-07-13,181.36
2024-07-07,7,2024-07-14,180.53
2024-07-07,8,2024-07-15,179.89
2024-07-07,9,2024-07-16,180.55
2024-07-07,10,2024-07-17,183.11
2024-07-07,11,2024-07-18,190.32
2024-07-07,12,2024-07-19,185.28
2024-07-07,13,2024-07-20,181.73
2024-07-07,14,2024-07-21,177.25
2024-07-07,15,2024-07-22,177.28
2024-07-07,16,2024-07-23,180.11
2024-07-07,17,2024-07-24,181.02
2024-07-07,18,2024-07-25,179.9
2024-07-07,19,2024-07-26,181.04
2024-07-07,20,2024-07-27,176.32
2024-07-07,21,2024-07-28,179.76
2024-07-07,22,2024-07-29,177.88
2024-07-07,23,2024-07-30,178.95
2024-07-07,24,2024-07-31,180.59
2024-07-07,25,2024-08-01,177.5
2024-07-07,26,2024-08-02,177.19
2024-07-07,27,2024-08-03,176.45
2024-07-07,28,2024-08-04,175.56
2024-07-07,29,2024-08-05,175.07
2024-07-07,30,2024-08-06,177.84
2024-07-08,1,2024-07-09,166.17
2024-07-08,2,2024-07-10,170.45
2024-07-08,3,2024-07-11,176.14
2024-07-08,4,2024-07-12,183.51
2024-07-08,5,2024-07-13,181.18
2024-07-08,6,2024-07-14,182.79
2024-07-08,7,2024-07-15,182.86
2024-07-08,8,2024-07-16,182.02
2024-07-08,9,2024-07-17,183.12
2024-07-08,10,2024-07-18,183.41
2024-07-08,11,2024-07-19,186.02
2024-07-08,12,2024-07-20,181.82
2024-07-08,13,2024-07-21,177.43
2024-07-08,14,2024-07-22,174.94
2024-07-08,15,2024-07-23,177.0
2024-07-08,16,2024-07-24,178.83
2024-07-08,17,2024-07-25,182.97
2024-07-08,18,2024-07-26,179.81
2024-07-08,19,2024-07-27,179.08
2024-07-08,20,2024-07-28,175.36
2024-07-08,21,2024-07-29,179.04
2024-07-08,22,2024-07-30,180.04
2024-07-08,23,2024-07-31,178.32
2024-07-08,24,2024-08-01,178.25
2024-07-08,25,2024-08-02,175.96
2024-07-08,26,2024-08-03,175.13
2024-07-08,27,2024-08-04,173.7
2024-07-08,28,2024-08-05,174.24
2024-07-08,29,2024-08-06,174.15
2024-07-08,30,2024-08-07,177.63
2024-07-09,1,2024-07-10,178.46
2024-07-09,2,2024-07-11,182.39
2024-07-09,3,2024-07-12,184.26
2024-07-09,4,2024-07-13,187.54
2024-07-09,5,2024-07-14,184.75
2024-07-09,6,2024-07-15,180.82
2024-07-09,7,2024-07-16,185.3
2024-07-09,8,2024-07-17,183.06
2024-07-09,9,2024-07-18,186.5
2024-07-09,10,2024-07-19,184.48
2024-07-09,11,2024-07-20,186.49
2024-07-09,12,2024-07-21,180.06
2024-07-09,13,2024-07-22,180.67
2024-07-09,14,2024-07-23,181.7
2024-07-09,15,2024-07-24,176.57
2024-07-09,16,2024-07-25,180.86
2024-07-09,17,2024-07-26,180.77
2024-07-09,18,2024-07-27,176.98
2024-07-09,19,2024-07-28,175.8
2024-07-09,20,2024-07-29,176.23
2024-07-09,21,2024-07-30,177.77
2024-07-09,22,2024-07-31,179.13
2024-07-09,23,2024-08-01,177.65
2024-07-09,24,2024-08-02,176.55
2024-07-09,25,2024-08-03,177.07
2024-07-09,26,2024-08-04,177.43
2024-07-09,27,2024-08-05,176.07
2024-07-09,28,2024-08-06,176.07
2024-07-09,29,2024-08-07,175.49
2024-07-09,30,2024-08-08,178.25
2024-07-10,1,2024-07-11,212.05
2024-07-10,2,2024-07-12,219.91
2024-07-10,3,2024-07-13,221.42
2024-07-10,4,2024-07-14,226.5
2024-07-10,5,2024-07-15,215.04
2024-07-10,6,2024-07-16,203.32
2024-07-10,7,2024-07-17,200.57
2024-07-10,8,2024-07-18,196.12
2024-07-10,9,2024-07-19,191.15
2024-07-10,10,2024-07-20,187.04
2024-07-10,11,2024-07-21,186.09
2024-07-10,12,2024-07-22,181.41
2024-07-10,13,2024-07-23,181.98
2024-07-10,14,2024-07-24,181.9
2024-07-10,15,2024-07-25,180.52
2024-07-10,16,2024-07-26,182.61
2024-07-10,17,2024-07-27,179.21
2024-07-10,18,2024-07-28,175.25
2024-07-10,19,2024-07-29,177.11
2024-07-10,20,2024-07-30,178.87
2024-07-10,21,2024-07-31,178.48
2024-07-10,22,2024-08-01,178.18
2024-07-10,23,2024-08-02,178.31
2024-07-10,24,2024-08-03,178.39
2024-07-10,25,2024-08-04,180.31
2024-07-10,26,2024-08-05,178.93
2024-07-10,27,2024-08-06,179.58
2024-07-10,28,2024-08-07,178.07
2024-07-10,29,2024-08-08,178.78
2024-07-10,30,2024-08-09,180.27
2024-07-11,1,2024-07-12,208.98
2024-07-11,2,2024-07-13,209.27
2024-07-11,3,2024-07-14,214.31
2024-07-11,4,2024-07-15,215.66
2024-07-11,5,2024-07-16,206.14
2024-07-11,6,2024-07-17,197.42
2024-07-11,7,2024-07-18,198.48
2024-07-11,8,2024-07-19,190.36
2024-07-11,9,2024-07-20,187.73
2024-07-11,10,2024-07-21,186.96
2024-07-11,11,2024-07-22,185.39
2024-07-11,12,2024-07-23,183.97
2024-07-11,13,2024-07-24,181.32
2024-07-11,14,2024-07-25,181.94
2024-07-11,15,2024-07-26,176.69
2024-07-11,16,2024-07-27,174.75
2024-07-11,17,2024-07-28,171.38
2024-07-11,18,2024-07-29,175.62
2024-07-11,19,2024-07-30,177.55
2024-07-11,20,2024-07-31,177.53
2024-07-11,21,2024-08-01,177.06
2024-07-11,22,2024-08-02,178.71
2024-07-11,23,2024-08-03,179.78
2024-07-11,24,2024-08-04,178.68
2024-07-11,25,2024-08-05,178.41
2024-07-11,26,2024-08-06,176.22
2024-07-11,27,2024-08-07,176.59
2024-07-11,28,2024-08-08,176.77
2024-07-11,29,2024-08-09,176.86
2024-07-11,30,2024-08-10,178.17
2024-07-12,1,2024-07-13,208.53
2024-07-12,2,2024-07-14,214.19
2024-07-12,3,2024-07-15,216.16
2024-07-12,4,2024-07-16,211.19
2024-07-12,5,2024-07-17,203.94
2024-07-12,6,2024-07-18,199.08
2024-07-12,7,2024-07-19,196.42
2024-07-12,8,2024-07-20,191.5
2024-07-12,9,2024-07-21,191.11
2024-07-12,10,2024-07-22,189.06
2024-07-12,11,2024-07-23,188.43
2024-07-12,12,2024-07-24,181.06
2024-07-12,13,2024-07-25,182.4
2024-07-12,14,2024-07-26,184.89
2024-07-12,15,2024-07-27,174.62
2024-07-12,16,2024-07-28,171.48
2024-07-12,17,2024-07-29,172.11
2024-07-12,18,2024-07-30,176.58
2024-07-12,19,2024-07-31,178.79
2024-07-12,20,2024-08-01,176.55
2024-07-12,21,2024-08-02,180.05
2024-07-12,22,2024-08-03,177.13
2024-07-12,23,2024-08-04,179.19
2024-07-12,24,2024-08-05,177.28
2024-07-12,25,2024-08-06,178.03
2024-07-12,26,2024-08-07,175.81
2024-07-12,27,2024-08-08,177.18
2024-07-12,28,2024-08-09,177.13
2024-07-12,29,2024-08-10,176.65
2024-07-12,30,2024-08-11,178.6
2024-07-13,1,2024-07-14,230.99
2024-07-13,2,2024-07-15,234.81
2024-07-13,3,2024-07-16,229.73
2024-07-13,4,2024-07-17,225.35
2024-07-13,5,2024-07-18,215.07
2024-07-13,6,2024-07-19,208.74
2024-07-13,7,2024-07-20,198.02
2024-07-13,8,2024-07-21,192.86
2024-07-13,9,2024-07-22,188.98
2024-07-13,10,2024-07-23,190.17
2024-07-13,11,2024-07-24,186.24
2024-07-13,12,2024-07-25,185.26
2024-07-13,13,2024-07-26,182.07
2024-07-13,14,2024-07-27,176.92
2024-07-13,15,2024-07-28,169.99
2024-07-13,16,2024-07-29,167.85
2024-07-13,17,2024-07-30,172.02
2024-07-13,18,2024-07-31,176.83
2024-07-13,19,2024-08-01,177.45
2024-07-13,20,2024-08-02,177.31
2024-07-13,21,2024-08-03,180.64
2024-07-13,22,2024-08-04,178.94
2024-07-13,23,2024-08-05,179.53
2024-07-13,24,2024-08-06,178.63
2024-07-13,25,2024-08-07,177.54
2024-07-13,26,2024-08-08,176.67
2024-07-13,27,2024-08-09,177.32
2024-07-13,28,2024-08-10,177.48
2024-07-13,29,2024-08-11,177.18
2024-07-13,30,2024-08-12,177.73
2024-07-14,1,2024-07-15,228.5
2024-07-14,2,2024-07-16,225.64
2024-07-14,3,2024-07-17,223.63
2024-07-14,4,2024-07-18,216.53
2024-07-14,5,2024-07-19,214.86
2024-07-14,6,2024-07-20,207.05
2024-07-14,7,2024-07-21,204.78
2024-07-14,8,2024-07-22,196.82
2024-07-14,9,2024-07-23,191.56
2024-07-14,10,2024-07-24,192.26
2024-07-14,11,2024-07-25,191.39
2024-07-14,12,2024-07-26,184.97
2024-07-14,13,2024-07-27,178.07
2024-07-14,14,2024-07-28,175.84
2024-07-14,15,2024-07-29,171.11
2024-07-14,16,2024-07-30,176.62
2024-07-14,17,2024-07-31,181.26
2024-07-14,18,2024-08-01,177.66
2024-07-14,19,2024-08-02,179.35
2024-07-14,20,2024-08-03,177.82
2024-07-14,21,2024-08-04,180.53
2024-07-14,22,2024-08-05,177.77
2024-07-14,23,2024-08-06,178.59
2024-07-14,24,2024-08-07,180.28
2024-07-14,25,2024-08-08,181.51
2024-07-14,26,2024-08-09,180.3
2024-07-14,27,2024-08-10,182.59
2024-07-14,28,2024-08-11,180.62
2024-07-14,29,2024-08-12,180.42
2024-07-14,30,2024-08-13,180.94
2024-07-15,1,2024-07-16,225.49
2024-07-15,2,2024-07-17,220.52
2024-07-15,3,2024-07-18,222.06
2024-07-15,4,2024-07-19,214.37
2024-07-15,5,2024-07-20,212.82
2024-07-15,6,2024-07-21,205.98
2024-07-15,7,2024-07-22,203.79
2024-07-15,8,2024-07-23,195.57
2024-07-15,9,2024-07-24,193.03
2024-07-15,10,2024-07-25,190.8
2024-07-15,11,2024-07-26,188.28
2024-07-15,12,2024-07-27,179.94
2024-07-15,13,2024-07-28,176.49
2024-07-15,14,2024-07-29,175.32
2024-07-15,15,2024-07-30,172.14
2024-07-15,16,2024-07-31,176.69
2024-07-15,17,2024-08-01,179.38
2024-07-15,18,2024-08-02,176.96
2024-07-15,19,2024-08-03,181.24
2024-07-15,20,2024-08-04,179.18
2024-07-15,21,2024-08-05,180.03
2024-07-15,22,2024-08-06,178.2
2024-07-15,23,2024-08-07,178.91
2024-07-15,24,2024-08-08,181.75
2024-07-15,25,2024-08-09,185.2
2024-07-15,26,2024-08-10,185.1
2024-07-15,27,2024-08-11,186.62
2024-07-15,28,2024-08-12,184.49
2024-07-15,29,2024-08-13,184.13
2024-07-15,30,2024-08-14,183.62
2024-07-16,1,2024-07-17,230.53
2024-07-16,2,2024-07-18,224.58
2024-07-16,3,2024-07-19,224.3
2024-07-16,4,2024-07-20,216.13
2024-07-16,5,2024-07-21,211.37
2024-07-16,6,2024-07-22,205.23
2024-07-16,7,2024-07-23,201.78
2024-07-16,8,2024-07-24,197.65
2024-07-16,9,2024-07-25,193.07
2024-07-16,10,2024-07-26,187.76
2024-07-16,11,2024-07-27,182.36
2024-07-16,12,2024-07-28,177.42
2024-07-16,13,2024-07-29,174.87
2024-07-16,14,2024-07-30,175.1
2024-07-16,15,2024-07-31,174.39
2024-07-16,16,2024-08-01,174.47
2024-07-16,17,2024-08-02,182.25
2024-07-16,18,2024-08-03,179.88
2024-07-16,19,2024-08-04,182.12
2024-07-16,20,2024-08-05,180.14
2024-07-16,21,2024-08-06,181.16
2024-07-16,22,2024-08-07,181.16
2024-07-16,23,2024-08-08,181.6
2024-07-16,24,2024-08-09,185.48
2024-07-16,25,2024-08-10,187.06
2024-07-16,26,2024-08-11,187.05
2024-07-16,27,2024-08-12,189.52
2024-07-16,28,2024-08-13,187.85
2024-07-16,29,2024-08-14,186.06
2024-07-16,30,2024-08-15,186.64
2024-07-17,1,2024-07-18,209.5
2024-07-17,2,2024-07-19,204.44
2024-07-17,3,2024-07-20,204.56
2024-07-17,4,2024-07-21,202.06
2024-07-17,5,2024-07-22,200.32
2024-07-17,6,2024-07-23,198.23
2024-07-17,7,2024-07-24,197.65
2024-07-17,8,2024-07-25,196.36
2024-07-17,9,2024-07-26,191.96
2024-07-17,10,2024-07-27,181.36
2024-07-17,11,2024-07-28,174.38
2024-07-17,12,2024-07-29,173.56
2024-07-17,13,2024-07-30,175.33
2024-07-17,14,2024-07-31,176.0
2024-07-17,15,2024-08-01,179.02
2024-07-17,16,2024-08-02,176.54
2024-07-17,17,2024-08-03,181.1
2024-07-17,18,2024-08-04,181.58
2024-07-17,19,2024-08-05,181.15
2024-07-17,20,2024-08-06,182.28
2024-07-17,21,2024-08-07,182.22
2024-07-17,22,2024-08-08,184.83
2024-07-17,23,2024-08-09,185.72
2024-07-17,24,2024-08-10,189.02
2024-07-17,25,2024-08-11,189.7
2024-07-17,26,2024-08-12,190.23
2024-07-17,27,2024-08-13,191.6
2024-07-17,28,2024-08-14,189.97
2024-07-17,29,2024-08-15,187.57
2024-07-17,30,2024-08-16,187.35
2024-07-18,1,2024-07-19,197.41
2024-07-18,2,2024-07-20,191.11
2024-07-18,3,2024-07-21,198.58
2024-07-18,4,2024-07-22,197.01
2024-07-18,5,2024-07-23,193.3
2024-07-18,6,2024-07-24,193.72
2024-07-18,7,2024-07-25,192.97
2024-07-18,8,2024-07-26,191.29
2024-07-18,9,2024-07-27,185.9
2024-07-18,10,2024-07-28,176.82
2024-07-18,11,2024-07-29,176.3
2024-07-18,12,2024-07-30,176.79
2024-07-18,13,2024-07-31,177.69
2024-07-18,14,2024-08-01,181.77
2024-07-18,15,2024-08-02,182.68
2024-07-18,16,2024-08-03,187.16
2024-07-18,17,2024-08-04,184.92
2024-07-18,18,2024-08-05,182.98
2024-07-18,19,2024-08-06,181.97
2024-07-18,20,2024-08-07,183.16
2024-07-18,21,2024-08-08,183.86
2024-07-18,22,2024-08-09,186.94
2024-07-18,23,2024-08-10,189.81
2024-07-18,24,2024-08-11,190.09
2024-07-18,25,2024-08-12,192.0
2024-07-18,26,2024-08-13,190.26
2024-07-18,27,2024-08-14,192.39
2024-07-18,28,2024-08-15,191.07
2024-07-18,29,2024-08-16,188.03
2024-07-18,30,2024-08-17,188.66
2024-07-19,1,2024-07-20,189.09
2024-07-19,2,2024-07-21,185.64
2024-07-19,3,2024-07-22,186.47
2024-07-19,4,2024-07-23,189.94
2024-07-19,5,2024-07-24,188.93
2024-07-19,6,2024-07-25,185.87
2024-07-19,7,2024-07-26,180.68
2024-07-19,8,2024-07-27,176.74
2024-07-19,9,2024-07-28,174.03
2024-07-19,10,2024-07-29,173.67
2024-07-19,11,2024-07-30,174.56
2024-07-19,12,2024-07-31,176.65
2024-07-19,13,2024-08-01,181.66
2024-07-19,14,2024-08-02,183.31
2024-07-19,15,2024-08-03,188.53
2024-07-19,16,2024-08-04,187.42
2024-07-19,17,2024-08-05,183.08
2024-07-19,18,2024-08-06,184.19
2024-07-19,19,2024-08-07,183.14
2024-07-19,20,2024-08-08,183.29
2024-07-19,21,2024-08-09,189.4
2024-07-19,22,2024-08-10,187.99
2024-07-19,23,2024-08-11,189.98
2024-07-19,24,2024-08-12,192.1
2024-07-19,25,2024-08-13,192.76
2024-07-19,26,2024-08-14,191.82
2024-07-19,27,2024-08-15,193.4
2024-07-19,28,2024-08-16,191.21
2024-07-19,29,2024-08-17,189.39
2024-07-19,30,2024-08-18,189.69
2024-07-20,1,2024-07-21,191.49
2024-07-20,2,2024-07-22,186.76
2024-07-20,3,2024-07-23,186.8
2024-07-20,4,2024-07-24,188.52
2024-07-20,5,2024-07-25,188.96
2024-07-20,6,2024-07-26,180.57
2024-07-20,7,2024-07-27,173.83
2024-07-20,8,2024-07-28,174.05
2024-07-20,9,2024-07-29,172.78
2024-07-20,10,2024-07-30,174.1
2024-07-20,11,2024-07-31,175.57
2024-07-20,12,2024-08-01,180.47
2024-07-20,13,2024-08-02,185.21
2024-07-20,14,2024-08-03,189.82
2024-07-20,15,2024-08-04,188.68
2024-07-20,16,2024-08-05,186.12
2024-07-20,17,2024-08-06,178.2
2024-07-20,18,2024-08-07,184.17
2024-07-20,19,2024-08-08,185.12
2024-07-20,20,2024-08-09,185.53
2024-07-20,21,2024-08-10,191.85
2024-07-20,22,2024-08-11,191.56
2024-07-20,23,2024-08-12,192.18
2024-07-20,24,2024-08-13,191.72
2024-07-20,25,2024-08-14,192.76
2024-07-20,26,2024-08-15,190.63
2024-07-20,27,2024-08-16,193.6
2024-07-20,28,2024-08-17,190.48
2024-07-20,29,2024-08-18,189.88
2024-07-20,30,2024-08-19,188.5
2024-07-21,1,2024-07-22,187.42
2024-07-21,2,2024-07-23,185.3
2024-07-21,3,2024-07-24,183.12
2024-07-21,4,2024-07-25,183.92
2024-07-21,5,2024-07-26,180.67
2024-07-21,6,2024-07-27,173.7
2024-07-21,7,2024-07-28,170.31
2024-07-21,8,2024-07-29,172.15
2024-07-21,9,2024-07-30,174.7
2024-07-21,10,2024-07-31,177.99
2024-07-21,11,2024-08-01,179.49
2024-07-21,12,2024-08-02,182.6
2024-07-21,13,2024-08-03,186.16
2024-07-21,14,2024-08-04,190.06
2024-07-21,15,2024-08-05,188.77
2024-07-21,16,2024-08-06,183.75
2024-07-21,17,2024-08-07,179.38
2024-07-21,18,2024-08-08,186.18
2024-07-21,19,2024-08-09,187.7
2024-07-21,20,2024-08-10,189.57
2024-07-21,21,2024-08-11,194.79
2024-07-21,22,2024-08-12,192.62
2024-07-21,23,2024-08-13,193.32
2024-07-21,24,2024-08-14,192.81
2024-07-21,25,2024-08-15,191.74
2024-07-21,26,2024-08-16,191.77
2024-07-21,27,2024-08-17,193.95
2024-07-21,28,2024-08-18,191.36
2024-07-21,29,2024-08-19,189.84
2024-07-21,30,2024-08-20,189.86
2024-07-22,1,2024-07-23,175.36
2024-07-22,2,2024-07-24,175.86
2024-07-22,3,2024-07-25,172.71
2024-07-22,4,2024-07-26,175.13
2024-07-22,5,2024-07-27,173.7
2024-07-22,6,2024-07-28,170.91
2024-07-22,7,2024-07-29,174.52
2024-07-22,8,2024-07-30,177.64
2024-07-22,9,2024-07-31,178.93
2024-07-22,10,2024-08-01,182.78
2024-07-22,11,2024-08-02,186.12
2024-07-22,12,2024-08-03,189.88
2024-07-22,13,2024-08-04,188.29
2024-07-22,14,2024-08-05,186.03
2024-07-22,15,2024-08-06,182.95
2024-07-22,16,2024-08-07,179.14
2024-07-22,17,2024-08-08,182.74
2024-07-22,18,2024-08-09,187.67
2024-07-22,19,2024-08-10,190.45
2024-07-22,20,2024-08-11,190.78
2024-07-22,21,2024-08-12,194.0
2024-07-22,22,2024-08-13,193.57
2024-07-22,23,2024-08-14,194.1
2024-07-22,24,2024-08-15,191.1
2024-07-22,25,2024-08-16,189.88
2024-07-22,26,2024-08-17,187.35
2024-07-22,27,2024-08-18,188.73
2024-07-22,28,2024-08-19,186.9
2024-07-22,29,2024-08-20,186.6
2024-07-22,30,2024-08-21,189.88
2024-07-23,1,2024-07-24,173.47
2024-07-23,2,2024-07-25,174.38
2024-07-23,3,2024-07-26,167.64
2024-07-23,4,2024-07-27,169.8
2024-07-23,5,2024-07-28,167.46
2024-07-23,6,2024-07-29,166.44
2024-07-23,7,2024-07-30,170.14
2024-07-23,8,2024-07-31,171.78
2024-07-23,9,2024-08-01,171.49
2024-07-23,10,2024-08-02,177.72
2024-07-23,11,2024-08-03,178.16
2024-07-23,12,2024-08-04,183.27
2024-07-23,13,2024-08-05,180.71
2024-07-23,14,2024-08-06,175.5
2024-07-23,15,2024-08-07,173.3
2024-07-23,16,2024-08-08,177.53
2024-07-23,17,2024-08-09,184.73
2024-07-23,18,2024-08-10,189.81
2024-07-23,19,2024-08-11,190.96
2024-07-23,20,2024-08-12,191.89
2024-07-23,21,2024-08-13,195.06
2024-07-23,22,2024-08-14,193.61
2024-07-23,23,2024-08-15,192.37
2024-07-23,24,2024-08-16,188.87
2024-07-23,25,2024-08-17,189.47
2024-07-23,26,2024-08-18,186.78
2024-07-23,27,2024-08-19,186.74
2024-07-23,28,2024-08-20,186.15
2024-07-23,29,2024-08-21,188.31
2024-07-23,30,2024-08-22,190.3
2024-07-24,1,2024-07-25,170.32
2024-07-24,2,2024-07-26,170.36
2024-07-24,3,2024-07-27,164.05
2024-07-24,4,2024-07-28,162.91
2024-07-24,5,2024-07-29,165.23
2024-07-24,6,2024-07-30,165.54
2024-07-24,7,2024-07-31,169.67
2024-07-24,8,2024-08-01,169.83
2024-07-24,9,2024-08-02,171.97
2024-07-24,10,2024-08-03,174.75
2024-07-24,11,2024-08-04,172.66
2024-07-24,12,2024-08-05,175.65
2024-07-24,13,2024-08-06,175.84
2024-07-24,14,2024-08-07,172.95
2024-07-24,15,2024-08-08,174.04
2024-07-24,16,2024-08-09,177.11
2024-07-24,17,2024-08-10,178.73
2024-07-24,18,2024-08-11,189.72
2024-07-24,19,2024-08-12,191.44
2024-07-24,20,2024-08-13,191.45
2024-07-24,21,2024-08-14,193.86
2024-07-24,22,2024-08-15,191.43
2024-07-24,23,2024-08-16,189.51
2024-07-24,24,2024-08-17,187.13
2024-07-24,25,2024-08-18,187.42
2024-07-24,26,2024-08-19,184.32
2024-07-24,27,2024-08-20,184.87
2024-07-24,28,2024-08-21,185.41
2024-07-24,29,2024-08-22,187.79
2024-07-24,30,2024-08-23,189.98
2024-07-25,1,2024-07-26,167.51
2024-07-25,2,2024-07-27,164.66
2024-07-25,3,2024-07-28,158.66
2024-07-25,4,2024-07-29,159.54
2024-07-25,5,2024-07-30,162.91
2024-07-25,6,2024-07-31,165.69
2024-07-25,7,2024-08-01,168.75
2024-07-25,8,2024-08-02,173.32
2024-07-25,9,2024-08-03,174.04
2024-07-25,10,2024-08-04,180.23
2024-07-25,11,2024-08-05,174.47
2024-07-25,12,2024-08-06,175.54
2024-07-25,13,2024-08-07,180.66
2024-07-25,14,2024-08-08,179.32
2024-07-25,15,2024-08-09,176.08
2024-07-25,16,2024-08-10,181.03
2024-07-25,17,2024-08-11,184.96
2024-07-25,18,2024-08-12,191.43
2024-07-25,19,2024-08-13,191.66
2024-07-25,20,2024-08-14,191.84
2024-07-25,21,2024-08-15,191.9
2024-07-25,22,2024-08-16,188.84
2024-07-25,23,2024-08-17,187.49
2024-07-25,24,2024-08-18,186.21
2024-07-25,25,2024-08-19,187.63
2024-07-25,26,2024-08-20,186.21
2024-07-25,27,2024-08-21,185.09
2024-07-25,28,2024-08-22,186.19
2024-07-25,29,2024-08-23,185.68
2024-07-25,30,2024-08-24,188.14
2024-07-26,1,2024-07-27,179.51
2024-07-26,2,2024-07-28,178.59
2024-07-26,3,2024-07-29,173.0
2024-07-26,4,2024-07-30,177.84
2024-07-26,5,2024-07-31,178.52
2024-07-26,6,2024-08-01,177.28
2024-07-26,7,2024-08-02,181.68
2024-07-26,8,2024-08-03,188.83
2024-07-26,9,2024-08-04,181.24
2024-07-26,10,2024-08-05,183.03
2024-07-26,11,2024-08-06,177.55
2024-07-26,12,2024-08-07,180.49
2024-07-26,13,2024-08-08,182.17
2024-07-26,14,2024-08-09,183.48
2024-07-26,15,2024-08-10,182.68
2024-07-26,16,2024-08-11,183.95
2024-07-26,17,2024-08-12,183.03
2024-07-26,18,2024-08-13,190.7
2024-07-26,19,2024-08-14,190.21
2024-07-26,20,2024-08-15,188.95
2024-07-26,21,2024-08-16,188.27
2024-07-26,22,2024-08-17,188.47
2024-07-26,23,2024-08-18,187.97
2024-07-26,24,2024-08-19,185.77
2024-07-26,25,2024-08-20,187.13
2024-07-26,26,2024-08-21,187.0
2024-07-26,27,2024-08-22,188.66
2024-07-26,28,2024-08-23,189.14
2024-07-26,29,2024-08-24,191.9
2024-07-26,30,2024-08-25,190.5
2024-07-27,1,2024-07-28,181.5
2024-07-27,2,2024-07-29,181.08
2024-07-27,3,2024-07-30,180.97
2024-07-27,4,2024-07-31,184.1
2024-07-27,5,2024-08-01,183.92
2024-07-27,6,2024-08-02,184.83
2024-07-27,7,2024-08-03,184.88
2024-07-27,8,2024-08-04,191.31
2024-07-27,9,2024-08-05,184.94
2024-07-27,10,2024-08-06,181.69
2024-07-27,11,2024-08-07,180.88
2024-07-27,12,2024-08-08,183.54
2024-07-27,13,2024-08-09,186.46
2024-07-27,14,2024-08-10,186.79
2024-07-27,15,2024-08-11,184.12
2024-07-27,16,2024-08-12,184.7
2024-07-27,17,2024-08-13,183.65
2024-07-27,18,2024-08-14,191.0
2024-07-27,19,2024-08-15,189.79
2024-07-27,20,2024-08-16,188.65
2024-07-27,21,2024-08-17,187.89
2024-07-27,22,2024-08-18,187.81
2024-07-27,23,2024-08-19,187.59
2024-07-27,24,2024-08-20,186.99
2024-07-27,25,2024-08-21,187.63
2024-07-27,26,2024-08-22,187.41
2024-07-27,27,2024-08-23,190.06
2024-07-27,28,2024-08-24,190.83
2024-07-27,29,2024-08-25,190.39
2024-07-27,30,2024-08-26,189.71
2024-07-28,1,2024-07-29,218.94
2024-07-28,2,2024-07-30,217.63
2024-07-28,3,2024-07-31,217.93
2024-07-28,4,2024-08-01,215.95
2024-07-28,5,2024-08-02,217.3
2024-07-28,6,2024-08-03,208.32
2024-07-28,7,2024-08-04,198.11
2024-07-28,8,2024-08-05,198.63
2024-07-28,9,2024-08-06,188.17
2024-07-28,10,2024-08-07,186.46
2024-07-28,11,2024-08-08,186.42
2024-07-28,12,2024-08-09,185.94
2024-07-28,13,2024-08-10,190.5
2024-07-28,14,2024-08-11,185.1
2024-07-28,15,2024-08-12,188.98
2024-07-28,16,2024-08-13,189.33
2024-07-28,17,2024-08-14,184.16
2024-07-28,18,2024-08-15,191.0
2024-07-28,19,2024-08-16,188.48
2024-07-28,20,2024-08-17,188.11
2024-07-28,21,2024-08-18,187.99
2024-07-28,22,2024-08-19,186.3
2024-07-28,23,2024-08-20,186.23
2024-07-28,24,2024-08-21,188.28
2024-07-28,25,2024-08-22,187.93
2024-07-28,26,2024-08-23,187.29
2024-07-28,27,2024-08-24,191.22
2024-07-28,28,2024-08-25,191.37
2024-07-28,29,2024-08-26,189.23
2024-07-28,30,2024-08-27,190.21
2024-07-29,1,2024-07-30,226.0
2024-07-29,2,2024-07-31,230.31
2024-07-29,3,2024-08-01,227.74
2024-07-29,4,2024-08-02,225.6
2024-07-29,5,2024-08-03,220.18
2024-07-29,6,2024-08-04,210.58
2024-07-29,7,2024-08-05,203.72
2024-07-29,8,2024-08-06,196.84
2024-07-29,9,2024-08-07,190.56
2024-07-29,10,2024-08-08,191.97
2024-07-29,11,2024-08-09,189.65
2024-07-29,12,2024-08-10,192.8
2024-07-29,13,2024-08-11,192.05
2024-07-29,14,2024-08-12,193.3
2024-07-29,15,2024-08-13,193.18
2024-07-29,16,2024-08-14,190.66
2024-07-29,17,2024-08-15,182.4
2024-07-29,18,2024-08-16,187.81
2024-07-29,19,2024-08-17,187.79
2024-07-29,20,2024-08-18,187.49
2024-07-29,21,2024-08-19,187.04
2024-07-29,22,2024-08-20,186.33
2024-07-29,23,2024-08-21,187.74
2024-07-29,24,2024-08-22,189.95
2024-07-29,25,2024-08-23,189.66
2024-07-29,26,2024-08-24,189.0
2024-07-29,27,2024-08-25,193.21
2024-07-29,28,2024-08-26,189.95
2024-07-29,29,2024-08-27,191.92
2024-07-29,30,2024-08-28,191.47
2024-07-30,1,2024-07-31,226.61
2024-07-30,2,2024-08-01,227.82
2024-07-30,3,2024-08-02,231.52
2024-07-30,4,2024-08-03,226.57
2024-07-30,5,2024-08-04,222.03
2024-07-30,6,2024-08-05,213.33
2024-07-30,7,2024-08-06,204.1
2024-07-30,8,2024-08-07,198.76
2024-07-30,9,2024-08-08,193.29
2024-07-30,10,2024-08-09,197.5
2024-07-30,11,2024-08-10,192.82
2024-07-30,12,2024-08-11,197.27
2024-07-30,13,2024-08-12,194.94
2024-07-30,14,2024-08-13,194.5
2024-07-30,15,2024-08-14,189.77
2024-07-30,16,2024-08-15,187.14
2024-07-30,17,2024-08-16,182.06
2024-07-30,18,2024-08-17,186.98
2024-07-30,19,2024-08-18,187.19
2024-07-30,20,2024-08-19,187.42
2024-07-30,21,2024-08-20,186.82
2024-07-30,22,2024-08-21,187.13
2024-07-30,23,2024-08-22,188.61
2024-07-30,24,2024-08-23,191.67
2024-07-30,25,2024-08-24,193.91
2024-07-30,26,2024-08-25,193.28
2024-07-30,27,2024-08-26,194.54
2024-07-30,28,2024-08-27,195.55
2024-07-30,29,2024-08-28,194.54
2024-07-30,30,2024-08-29,193.02
2024-07-31,1,2024-08-01,239.2
2024-07-31,2,2024-08-02,242.22
2024-07-31,3,2024-08-03,239.71
2024-07-31,4,2024-08-04,227.32
2024-07-31,5,2024-08-05,221.89
2024-07-31,6,2024-08-06,212.95
2024-07-31,7,2024-08-07,210.14
2024-07-31,8,2024-08-08,208.68
2024-07-31,9,2024-08-09,204.19
2024-07-31,10,2024-08-10,206.76
2024-07-31,11,2024-08-11,198.53
2024-07-31,12,2024-08-12,199.84
2024-07-31,13,2024-08-13,195.23
2024-07-31,14,2024-08-14,191.4
2024-07-31,15,2024-08-15,189.94
2024-07-31,16,2024-08-16,185.35
2024-07-31,17,2024-08-17,180.6
2024-07-31,18,2024-08-18,184.66
2024-07-31,19,2024-08-19,187.39
2024-07-31,20,2024-08-20,187.01
2024-07-31,21,2024-08-21,186.89
2024-07-31,22,2024-08-22,187.99
2024-07-31,23,2024-08-23,190.24
2024-07-31,24,2024-08-24,192.07
2024-07-31,25,2024-08-25,195.9
2024-07-31,26,2024-08-26,197.52
2024-07-31,27,2024-08-27,200.27
2024-07-31,28,2024-08-28,198.44
2024-07-31,29,2024-08-29,195.85
2024-07-31,30,2024-08-30,195.68
2024-08-01,1,2024-08-02,233.73
2024-08-01,2,2024-08-03,232.64
2024-08-01,3,2024-08-04,228.47
2024-08-01,4,2024-08-05,216.3
2024-08-01,5,2024-08-06,212.91
2024-08-01,6,2024-08-07,207.08
2024-08-01,7,2024-08-08,204.57
2024-08-01,8,2024-08-09,203.8
2024-08-01,9,2024-08-10,203.79
2024-08-01,10,2024-08-11,202.07
2024-08-01,11,2024-08-12,190.22
2024-08-01,12,2024-08-13,192.3
2024-08-01,13,2024-08-14,183.95
2024-08-01,14,2024-08-15,180.88
2024-08-01,15,2024-08-16,180.54
2024-08-01,16,2024-08-17,176.93
2024-08-01,17,2024-08-18,176.63
2024-08-01,18,2024-08-19,184.98
2024-08-01,19,2024-08-20,188.96
2024-08-01,20,2024-08-21,187.5
2024-08-01,21,2024-08-22,189.46
2024-08-01,22,2024-08-23,190.07
2024-08-01,23,2024-08-24,193.3
2024-08-01,24,2024-08-25,193.91
2024-08-01,25,2024-08-26,196.4
2024-08-01,26,2024-08-27,196.73
2024-08-01,27,2024-08-28,198.75
2024-08-01,28,2024-08-29,197.71
2024-08-01,29,2024-08-30,195.73
2024-08-01,30,2024-08-31,195.87
2024-08-02,1,2024-08-03,236.68
2024-08-02,2,2024-08-04,228.71
2024-08-02,3,2024-08-05,225.77
2024-08-02,4,2024-08-06,218.47
2024-08-02,5,2024-08-07,212.68
2024-08-02,6,2024-08-08,208.92
2024-08-02,7,2024-08-09,204.16
2024-08-02,8,2024-08-10,198.82
2024-08-02,9,2024-08-11,194.73
2024-08-02,10,2024-08-12,191.96
2024-08-02,11,2024-08-13,182.36
2024-08-02,12,2024-08-14,181.55
2024-08-02,13,2024-08-15,176.49
2024-08-02,14,2024-08-16,174.98
2024-08-02,15,2024-08-17,173.38
2024-08-02,16,2024-08-18,173.91
2024-08-02,17,2024-08-19,178.44
2024-08-02,18,2024-08-20,186.95
2024-08-02,19,2024-08-21,188.27
2024-08-02,20,2024-08-22,188.67
2024-08-02,21,2024-08-23,192.73
2024-08-02,22,2024-08-24,192.75
2024-08-02,23,2024-08-25,195.57
2024-08-02,24,2024-08-26,193.75
2024-08-02,25,2024-08-27,197.05
2024-08-02,26,2024-08-28,194.92
2024-08-02,27,2024-08-29,197.72
2024-08-02,28,2024-08-30,195.19
2024-08-02,29,2024-08-31,194.18
2024-08-02,30,2024-09-01,195.36
2024-08-03,1,2024-08-04,232.24
2024-08-03,2,2024-08-05,220.38
2024-08-03,3,2024-08-06,220.04
2024-08-03,4,2024-08-07,217.76
2024-08-03,5,2024-08-08,213.21
2024-08-03,6,2024-08-09,205.16
2024-08-03,7,2024-08-10,199.05
2024-08-03,8,2024-08-11,192.45
2024-08-03,9,2024-08-12,187.5
2024-08-03,10,2024-08-13,191.65
2024-08-03,11,2024-08-14,183.22
2024-08-03,12,2024-08-15,182.78
2024-08-03,13,2024-08-16,183.74
2024-08-03,14,2024-08-17,181.15
2024-08-03,15,2024-08-18,180.64
2024-08-03,16,2024-08-19,181.21
2024-08-03,17,2024-08-20,183.39
2024-08-03,18,2024-08-21,187.66
2024-08-03,19,2024-08-22,188.79
2024-08-03,20,2024-08-23,190.72
2024-08-03,21,2024-08-24,196.26
2024-08-03,22,2024-08-25,196.05
2024-08-03,23,2024-08-26,198.19
2024-08-03,24,2024-08-27,197.13
2024-08-03,25,2024-08-28,199.34
2024-08-03,26,2024-08-29,195.77
2024-08-03,27,2024-08-30,198.36
2024-08-03,28,2024-08-31,195.03
2024-08-03,29,2024-09-01,194.42
2024-08-03,30,2024-09-02,192.76
2024-08-04,1,2024-08-05,228.02
2024-08-04,2,2024-08-06,224.19
2024-08-04,3,2024-08-07,222.95
2024-08-04,4,2024-08-08,217.54
2024-08-04,5,2024-08-09,216.04
2024-08-04,6,2024-08-10,205.17
2024-08-04,7,2024-08-11,199.01
2024-08-04,8,2024-08-12,192.27
2024-08-04,9,2024-08-13,192.63
2024-08-04,10,2024-08-14,188.48
2024-08-04,11,2024-08-15,184.99
2024-08-04,12,2024-08-16,185.36
2024-08-04,13,2024-08-17,187.17
2024-08-04,14,2024-08-18,185.63
2024-08-04,15,2024-08-19,186.12
2024-08-04,16,2024-08-20,185.83
2024-08-04,17,2024-08-21,187.53
2024-08-04,18,2024-08-22,189.34
2024-08-04,19,2024-08-23,192.78
2024-08-04,20,2024-08-24,191.58
2024-08-04,21,2024-08-25,195.41
2024-08-04,22,2024-08-26,195.05
2024-08-04,23,2024-08-27,196.5
2024-08-04,24,2024-08-28,197.82
2024-08-04,25,2024-08-29,197.82
2024-08-04,26,2024-08-30,196.22
2024-08-04,27,2024-08-31,198.14
2024-08-04,28,2024-09-01,196.64
2024-08-04,29,2024-09-02,193.98
2024-08-04,30,2024-09-03,193.83
2024-08-05,1,2024-08-06,235.75
2024-08-05,2,2024-08-07,235.04
2024-08-05,3,2024-08-08,228.89
2024-08-05,4,2024-08-09,221.47
2024-08-05,5,2024-08-10,214.98
2024-08-05,6,2024-08-11,211.2
2024-08-05,7,2024-08-12,211.24
2024-08-05,8,2024-08-13,207.82
2024-08-05,9,2024-08-14,202.93
2024-08-05,10,2024-08-15,193.82
2024-08-05,11,2024-08-16,181.88
2024-08-05,12,2024-08-17,184.79
2024-08-05,13,2024-08-18,185.8
2024-08-05,14,2024-08-19,189.97
2024-08-05,15,2024-08-20,186.31
2024-08-05,16,2024-08-21,181.57
2024-08-05,17,2024-08-22,184.47
2024-08-05,18,2024-08-23,191.51
2024-08-05,19,2024-08-24,194.59
2024-08-05,20,2024-08-25,194.36
2024-08-05,21,2024-08-26,196.56
2024-08-05,22,2024-08-27,196.34
2024-08-05,23,2024-08-28,198.62
2024-08-05,24,2024-08-29,198.05
2024-08-05,25,2024-08-30,198.78
2024-08-05,26,2024-08-31,194.34
2024-08-05,27,2024-09-01,195.87
2024-08-05,28,2024-09-02,195.01
2024-08-05,29,2024-09-03,192.72
2024-08-05,30,2024-09-04,192.86
2024-08-06,1,2024-08-07,258.56
2024-08-06,2,2024-08-08,253.86
2024-08-06,3,2024-08-09,246.15
2024-08-06,4,2024-08-10,236.06
2024-08-06,5,2024-08-11,223.71
2024-08-06,6,2024-08-12,216.01
2024-08-06,7,2024-08-13,211.45
2024-08-06,8,2024-08-14,209.82
2024-08-06,9,2024-08-15,201.55
2024-08-06,10,2024-08-16,194.16
2024-08-06,11,2024-08-17,183.88
2024-08-06,12,2024-08-18,187.9
2024-08-06,13,2024-08-19,187.83
2024-08-06,14,2024-08-20,191.16
2024-08-06,15,2024-08-21,187.41
2024-08-06,16,2024-08-22,184.44
2024-08-06,17,2024-08-23,182.92
2024-08-06,18,2024-08-24,192.8
2024-08-06,19,2024-08-25,194.14
2024-08-06,20,2024-08-26,194.74
2024-08-06,21,2024-08-27,198.39
2024-08-06,22,2024-08-28,197.22
2024-08-06,23,2024-08-29,198.69
2024-08-06,24,2024-08-30,197.22
2024-08-06,25,2024-08-31,197.88
2024-08-06,26,2024-09-01,194.74
2024-08-06,27,2024-09-02,197.88
2024-08-06,28,2024-09-03,198.22
2024-08-06,29,2024-09-04,195.3
2024-08-06,30,2024-09-05,195.64
2024-08-07,1,2024-08-08,264.52
2024-08-07,2,2024-08-09,260.28
2024-08-07,3,2024-08-10,251.86
2024-08-07,4,2024-08-11,238.12
2024-08-07,5,2024-08-12,225.6
2024-08-07,6,2024-08-13,211.52
2024-08-07,7,2024-08-14,202.68
2024-08-07,8,2024-08-15,199.6
2024-08-07,9,2024-08-16,191.04
2024-08-07,10,2024-08-17,187.93
2024-08-07,11,2024-08-18,182.2
2024-08-07,12,2024-08-19,187.84
2024-08-07,13,2024-08-20,189.33
2024-08-07,14,2024-08-21,192.27
2024-08-07,15,2024-08-22,190.54
2024-08-07,16,2024-08-23,191.27
2024-08-07,17,2024-08-24,190.56
2024-08-07,18,2024-08-25,195.24
2024-08-07,19,2024-08-26,197.06
2024-08-07,20,2024-08-27,198.21
2024-08-07,21,2024-08-28,201.95
2024-08-07,22,2024-08-29,198.51
2024-08-07,23,2024-08-30,199.81
2024-08-07,24,2024-08-31,198.11
2024-08-07,25,2024-09-01,199.47
2024-08-07,26,2024-09-02,198.39
2024-08-07,27,2024-09-03,199.02
2024-08-07,28,2024-09-04,199.87
2024-08-07,29,2024-09-05,198.47
2024-08-07,30,2024-09-06,198.61
2024-08-08,1,2024-08-09,266.14
2024-08-08,2,2024-08-10,262.83
2024-08-08,3,2024-08-11,252.55
2024-08-08,4,2024-08-12,233.44
2024-08-08,5,2024-08-13,225.66
2024-08-08,6,2024-08-14,212.37
2024-08-08,7,2024-08-15,201.71
2024-08-08,8,2024-08-16,197.49
2024-08-08,9,2024-08-17,193.45
2024-08-08,10,2024-08-18,188.6
2024-08-08,11,2024-08-19,184.93
2024-08-08,12,2024-08-20,189.08
2024-08-08,13,2024-08-21,192.44
2024-08-08,14,2024-08-22,191.57
2024-08-08,15,2024-08-23,194.73
2024-08-08,16,2024-08-24,196.42
2024-08-08,17,2024-08-25,193.54
2024-08-08,18,2024-08-26,196.48
2024-08-08,19,2024-08-27,199.18
2024-08-08,20,2024-08-28,200.26
2024-08-08,21,2024-08-29,203.84
2024-08-08,22,2024-08-30,200.97
2024-08-08,23,2024-08-31,200.75
2024-08-08,24,2024-09-01,199.53
2024-08-08,25,2024-09-02,199.19
2024-08-08,26,2024-09-03,198.63
2024-08-08,27,2024-09-04,200.11
2024-08-08,28,2024-09-05,199.32
2024-08-08,29,2024-09-06,199.83
2024-08-08,30,2024-09-07,199.82
2024-08-09,1,2024-08-10,264.78
2024-08-09,2,2024-08-11,255.84
2024-08-09,3,2024-08-12,241.9
2024-08-09,4,2024-08-13,225.19
2024-08-09,5,2024-08-14,214.04
2024-08-09,6,2024-08-15,209.55
2024-08-09,7,2024-08-16,202.29
2024-08-09,8,2024-08-17,204.8
2024-08-09,9,2024-08-18,199.66
2024-08-09,10,2024-08-19,191.25
2024-08-09,11,2024-08-20,189.36
2024-08-09,12,2024-08-21,191.68
2024-08-09,13,2024-08-22,196.34
2024-08-09,14,2024-08-23,200.08
2024-08-09,15,2024-08-24,197.72
2024-08-09,16,2024-08-25,196.64
2024-08-09,17,2024-08-26,201.98
2024-08-09,18,2024-08-27,199.72
2024-08-09,19,2024-08-28,203.56
2024-08-09,20,2024-08-29,203.54
2024-08-09,21,2024-08-30,204.16
2024-08-09,22,2024-08-31,202.71
2024-08-09,23,2024-09-01,201.77
2024-08-09,24,2024-09-02,200.68
2024-08-09,25,2024-09-03,200.59
2024-08-09,26,2024-09-04,200.6
2024-08-09,27,2024-09-05,201.63
2024-08-09,28,2024-09-06,200.8
2024-08-09,29,2024-09-07,201.8
2024-08-09,30,2024-09-08,201.19
2024-08-10,1,2024-08-11,263.97
2024-08-10,2,2024-08-12,252.61
2024-08-10,3,2024-08-13,240.03
2024-08-10,4,2024-08-14,221.81
2024-08-10,5,2024-08-15,213.53
2024-08-10,6,2024-08-16,206.63
2024-08-10,7,2024-08-17,198.68
2024-08-10,8,2024-08-18,201.03
2024-08-10,9,2024-08-19,192.69
2024-08-10,10,2024-08-20,191.33
2024-08-10,11,2024-08-21,187.43
2024-08-10,12,2024-08-22,190.86
2024-08-10,13,2024-08-23,198.76
2024-08-10,14,2024-08-24,194.99
2024-08-10,15,2024-08-25,192.13
2024-08-10,16,2024-08-26,194.37
2024-08-10,17,2024-08-27,200.14
2024-08-10,18,2024-08-28,201.01
2024-08-10,19,2024-08-29,204.92
2024-08-10,20,2024-08-30,202.83
2024-08-10,21,2024-08-31,204.32
2024-08-10,22,2024-09-01,205.35
2024-08-10,23,2024-09-02,203.18
2024-08-10,24,2024-09-03,201.6
2024-08-10,25,2024-09-04,201.23
2024-08-10,26,2024-09-05,200.72
2024-08-10,27,2024-09-06,202.34
2024-08-10,28,2024-09-07,201.81
2024-08-10,29,2024-09-08,202.15
2024-08-10,30,2024-09-09,202.03
2024-08-11,1,2024-08-12,262.39
2024-08-11,2,2024-08-13,253.35
2024-08-11,3,2024-08-14,243.2
2024-08-11,4,2024-08-15,223.94
2024-08-11,5,2024-08-16,211.88
2024-08-11,6,2024-08-17,204.62
2024-08-11,7,2024-08-18,200.71
2024-08-11,8,2024-08-19,201.2
2024-08-11,9,2024-08-20,195.89
2024-08-11,10,2024-08-21,192.56
2024-08-11,11,2024-08-22,187.08
2024-08-11,12,2024-08-23,194.7
2024-08-11,13,2024-08-24,197.25
2024-08-11,14,2024-08-25,191.18
2024-08-11,15,2024-08-26,196.06
2024-08-11,16,2024-08-27,194.68
2024-08-11,17,2024-08-28,197.56
2024-08-11,18,2024-08-29,203.02
2024-08-11,19,2024-08-30,205.01
2024-08-11,20,2024-08-31,202.19
2024-08-11,21,2024-09-01,202.9
2024-08-11,22,2024-09-02,204.59
2024-08-11,23,2024-09-03,203.69
2024-08-11,24,2024-09-04,202.58
2024-08-11,25,2024-09-05,202.01
2024-08-11,26,2024-09-06,202.72
2024-08-11,27,2024-09-07,203.19
2024-08-11,28,2024-09-08,203.59
2024-08-11,29,2024-09-09,202.8
2024-08-11,30,2024-09-10,202.14
2024-08-12,1,2024-08-13,262.07
2024-08-12,2,2024-08-14,248.64
2024-08-12,3,2024-08-15,235.29
2024-08-12,4,2024-08-16,220.13
2024-08-12,5,2024-08-17,213.28
2024-08-12,6,2024-08-18,203.48
2024-08-12,7,2024-08-19,195.5
2024-08-12,8,2024-08-20,199.65
2024-08-12,9,2024-08-21,193.43
2024-08-12,10,2024-08-22,192.27
2024-08-12,11,2024-08-23,193.13
2024-08-12,12,2024-08-24,196.86
2024-08-12,13,2024-08-25,195.55
2024-08-12,14,2024-08-26,193.75
2024-08-12,15,2024-08-27,198.29
2024-08-12,16,2024-08-28,194.39
2024-08-12,17,2024-08-29,199.23
2024-08-12,18,2024-08-30,205.26
2024-08-12,19,2024-08-31,202.49
2024-08-12,20,2024-09-01,204.0
2024-08-12,21,2024-09-02,204.35
2024-08-12,22,2024-09-03,204.17
2024-08-12,23,2024-09-04,203.65
2024-08-12,24,2024-09-05,203.2
2024-08-12,25,2024-09-06,203.16
2024-08-12,26,2024-09-07,202.86
2024-08-12,27,2024-09-08,202.52
2024-08-12,28,2024-09-09,203.98
2024-08-12,29,2024-09-10,203.62
2024-08-12,30,2024-09-11,202.48
2024-08-13,1,2024-08-14,240.88
2024-08-13,2,2024-08-15,225.69
2024-08-13,3,2024-08-16,219.06
2024-08-13,4,2024-08-17,210.72
2024-08-13,5,2024-08-18,209.59
2024-08-13,6,2024-08-19,204.22
2024-08-13,7,2024-08-20,198.94
2024-08-13,8,2024-08-21,197.33
2024-08-13,9,2024-08-22,196.23
2024-08-13,10,2024-08-23,191.69
2024-08-13,11,2024-08-24,194.83
2024-08-13,12,2024-08-25,195.64
2024-08-13,13,2024-08-26,198.19
2024-08-13,14,2024-08-27,200.29
2024-08-13,15,2024-08-28,203.62
2024-08-13,16,2024-08-29,202.53
2024-08-13,17,2024-08-30,204.21
2024-08-13,18,2024-08-31,203.62
2024-08-13,19,2024-09-01,204.09
2024-08-13,20,2024-09-02,205.32
2024-08-13,21,2024-09-03,205.18
2024-08-13,22,2024-09-04,205.27
2024-08-13,23,2024-09-05,204.52
2024-08-13,24,2024-09-06,204.71
2024-08-13,25,2024-09-07,203.39
2024-08-13,26,2024-09-08,201.25
2024-08-13,27,2024-09-09,202.59
2024-08-13,28,2024-09-10,203.69
2024-08-13,29,2024-09-11,200.43
2024-08-13,30,2024-09-12,202.39
2024-08-14,1,2024-08-15,230.51
2024-08-14,2,2024-08-16,218.96
2024-08-14,3,2024-08-17,210.83
2024-08-14,4,2024-08-18,202.69
2024-08-14,5,2024-08-19,200.58
2024-08-14,6,2024-08-20,201.58
2024-08-14,7,2024-08-21,195.24
2024-08-14,8,2024-08-22,196.46
2024-08-14,9,2024-08-23,197.54
2024-08-14,10,2024-08-24,192.75
2024-08-14,11,2024-08-25,194.87
2024-08-14,12,2024-08-26,197.49
2024-08-14,13,2024-08-27,201.22
2024-08-14,14,2024-08-28,202.92
2024-08-14,15,2024-08-29,206.31
2024-08-14,16,2024-08-30,202.69
2024-08-14,17,2024-08-31,203.7
2024-08-14,18,2024-09-01,205.41
2024-08-14,19,2024-09-02,205.84
2024-08-14,20,2024-09-03,205.0
2024-08-14,21,2024-09-04,206.92
2024-08-14,22,2024-09-05,208.03
2024-08-14,23,2024-09-06,205.04
2024-08-14,24,2024-09-07,205.13
2024-08-14,25,2024-09-08,202.44
2024-08-14,26,2024-09-09,200.51
2024-08-14,27,2024-09-10,201.96
2024-08-14,28,2024-09-11,201.51
2024-08-14,29,2024-09-12,201.58
2024-08-14,30,2024-09-13,202.68
2024-08-15,1,2024-08-16,201.58
2024-08-15,2,2024-08-17,196.07
2024-08-15,3,2024-08-18,192.74
2024-08-15,4,2024-08-19,190.78
2024-08-15,5,2024-08-20,190.65
2024-08-15,6,2024-08-21,194.82
2024-08-15,7,2024-08-22,193.5
2024-08-15,8,2024-08-23,201.5
2024-08-15,9,2024-08-24,200.14
2024-08-15,10,2024-08-25,197.16
2024-08-15,11,2024-08-26,199.1
2024-08-15,12,2024-08-27,201.48
2024-08-15,13,2024-08-28,205.42
2024-08-15,14,2024-08-29,206.69
2024-08-15,15,2024-08-30,207.34
2024-08-15,16,2024-08-31,205.62
2024-08-15,17,2024-09-01,209.39
2024-08-15,18,2024-09-02,207.34
2024-08-15,19,2024-09-03,205.12
2024-08-15,20,2024-09-04,205.13
2024-08-15,21,2024-09-05,207.61
2024-08-15,22,2024-09-06,206.66
2024-08-15,23,2024-09-07,204.91
2024-08-15,24,2024-09-08,203.61
2024-08-15,25,2024-09-09,202.05
2024-08-15,26,2024-09-10,200.52
2024-08-15,27,2024-09-11,201.61
2024-08-15,28,2024-09-12,200.51
2024-08-15,29,2024-09-13,197.95
2024-08-15,30,2024-09-14,202.13
2024-08-16,1,2024-08-17,198.28
2024-08-16,2,2024-08-18,195.61
2024-08-16,3,2024-08-19,190.64
2024-08-16,4,2024-08-20,187.9
2024-08-16,5,2024-08-21,193.84
2024-08-16,6,2024-08-22,197.2
2024-08-16,7,2024-08-23,196.69
2024-08-16,8,2024-08-24,202.13
2024-08-16,9,2024-08-25,200.68
2024-08-16,10,2024-08-26,204.65
2024-08-16,11,2024-08-27,206.19
2024-08-16,12,2024-08-28,208.24
2024-08-16,13,2024-08-29,207.66
2024-08-16,14,2024-08-30,208.23
2024-08-16,15,2024-08-31,209.13
2024-08-16,16,2024-09-01,205.15
2024-08-16,17,2024-09-02,209.93
2024-08-16,18,2024-09-03,207.86
2024-08-16,19,2024-09-04,205.23
2024-08-16,20,2024-09-05,206.19
2024-08-16,21,2024-09-06,207.92
2024-08-16,22,2024-09-07,205.9
2024-08-16,23,2024-09-08,204.75
2024-08-16,24,2024-09-09,204.59
2024-08-16,25,2024-09-10,204.98
2024-08-16,26,2024-09-11,203.49
2024-08-16,27,2024-09-12,203.35
2024-08-16,28,2024-09-13,201.4
2024-08-16,29,2024-09-14,201.16
2024-08-16,30,2024-09-15,200.6
2024-08-17,1,2024-08-18,207.56
2024-08-17,2,2024-08-19,200.13
2024-08-17,3,2024-08-20,196.27
2024-08-17,4,2024-08-21,197.84
2024-08-17,5,2024-08-22,206.62
2024-08-17,6,2024-08-23,210.37
2024-08-17,7,2024-08-24,204.54
2024-08-17,8,2024-08-25,207.75
2024-08-17,9,2024-08-26,209.35
2024-08-17,10,2024-08-27,214.95
2024-08-17,11,2024-08-28,209.36
2024-08-17,12,2024-08-29,212.73
2024-08-17,13,2024-08-30,208.17
2024-08-17,14,2024-08-31,210.1
2024-08-17,15,2024-09-01,209.16
2024-08-17,16,2024-09-02,209.24
2024-08-17,17,2024-09-03,209.49
2024-08-17,18,2024-09-04,206.97
2024-08-17,19,2024-09-05,206.56
2024-08-17,20,2024-09-06,206.45
2024-08-17,21,2024-09-07,207.7
2024-08-17,22,2024-09-08,204.82
2024-08-17,23,2024-09-09,204.15
2024-08-17,24,2024-09-10,205.86
2024-08-17,25,2024-09-11,207.23
2024-08-17,26,2024-09-12,204.61
2024-08-17,27,2024-09-13,202.56
2024-08-17,28,2024-09-14,201.28
2024-08-17,29,2024-09-15,201.0
2024-08-17,30,2024-09-16,200.92
2024-08-18,1,2024-08-19,210.39
2024-08-18,2,2024-08-20,206.78
2024-08-18,3,2024-08-21,204.14
2024-08-18,4,2024-08-22,202.89
2024-08-18,5,2024-08-23,209.81
2024-08-18,6,2024-08-24,209.33
2024-08-18,7,2024-08-25,204.41
2024-08-18,8,2024-08-26,213.06
2024-08-18,9,2024-08-27,213.88
2024-08-18,10,2024-08-28,212.05
2024-08-18,11,2024-08-29,213.08
2024-08-18,12,2024-08-30,213.23
2024-08-18,13,2024-08-31,208.92
2024-08-18,14,2024-09-01,208.04
2024-08-18,15,2024-09-02,205.71
2024-08-18,16,2024-09-03,203.28
2024-08-18,17,2024-09-04,207.23
2024-08-18,18,2024-09-05,205.85
2024-08-18,19,2024-09-06,207.18
2024-08-18,20,2024-09-07,206.15
2024-08-18,21,2024-09-08,206.88
2024-08-18,22,2024-09-09,204.69
2024-08-18,23,2024-09-10,206.25
2024-08-18,24,2024-09-11,207.12
2024-08-18,25,2024-09-12,207.97
2024-08-18,26,2024-09-13,204.81
2024-08-18,27,2024-09-14,202.37
2024-08-18,28,2024-09-15,200.64
2024-08-18,29,2024-09-16,199.67
2024-08-18,30,2024-09-17,199.97
2024-08-19,1,2024-08-20,225.99
2024-08-19,2,2024-08-21,218.93
2024-08-19,3,2024-08-22,212.67
2024-08-19,4,2024-08-23,206.08
2024-08-19,5,2024-08-24,215.95
2024-08-19,6,2024-08-25,212.6
2024-08-19,7,2024-08-26,208.16
2024-08-19,8,2024-08-27,214.03
2024-08-19,9,2024-08-28,213.85
2024-08-19,10,2024-08-29,213.96
2024-08-19,11,2024-08-30,216.22
2024-08-19,12,2024-08-31,213.66
2024-08-19,13,2024-09-01,206.21
2024-08-19,14,2024-09-02,207.35
2024-08-19,15,2024-09-03,201.55
2024-08-19,16,2024-09-04,200.55
2024-08-19,17,2024-09-05,206.06
2024-08-19,18,2024-09-06,205.95
2024-08-19,19,2024-09-07,207.74
2024-08-19,20,2024-09-08,207.75
2024-08-19,21,2024-09-09,206.39
2024-08-19,22,2024-09-10,204.46
2024-08-19,23,2024-09-11,207.63
2024-08-19,24,2024-09-12,209.72
2024-08-19,25,2024-09-13,209.32
2024-08-19,26,2024-09-14,206.36
2024-08-19,27,2024-09-15,203.09
2024-08-19,28,2024-09-16,201.92
2024-08-19,29,2024-09-17,201.53
2024-08-19,30,2024-09-18,201.04
2024-08-20,1,2024-08-21,226.21
2024-08-20,2,2024-08-22,217.75
2024-08-20,3,2024-08-23,214.58
2024-08-20,4,2024-08-24,213.94
2024-08-20,5,2024-08-25,218.98
2024-08-20,6,2024-08-26,217.37
2024-08-20,7,2024-08-27,209.22
2024-08-20,8,2024-08-28,210.91
2024-08-20,9,2024-08-29,211.11
2024-08-20,10,2024-08-30,211.92
2024-08-20,11,2024-08-31,212.29
2024-08-20,12,2024-09-01,212.81
2024-08-20,13,2024-09-02,209.5
2024-08-20,14,2024-09-03,206.88
2024-08-20,15,2024-09-04,204.16
2024-08-20,16,2024-09-05,200.89
2024-08-20,17,2024-09-06,203.01
2024-08-20,18,2024-09-07,206.71
2024-08-20,19,2024-09-08,205.84
2024-08-20,20,2024-09-09,207.7
2024-08-20,21,2024-09-10,206.72
2024-08-20,22,2024-09-11,206.56
2024-08-20,23,2024-09-12,208.03
2024-08-20,24,2024-09-13,209.71
2024-08-20,25,2024-09-14,209.44
2024-08-20,26,2024-09-15,203.5
2024-08-20,27,2024-09-16,202.89
2024-08-20,28,2024-09-17,201.52
2024-08-20,29,2024-09-18,199.61
2024-08-20,30,2024-09-19,201.76
2024-08-21,1,2024-08-22,227.72
2024-08-21,2,2024-08-23,221.66
2024-08-21,3,2024-08-24,219.87
2024-08-21,4,2024-08-25,220.07
2024-08-21,5,2024-08-26,223.33
2024-08-21,6,2024-08-27,218.25
2024-08-21,7,2024-08-28,208.95
2024-08-21,8,2024-08-29,212.95
2024-08-21,9,2024-08-30,210.96
2024-08-21,10,2024-08-31,212.28
2024-08-21,11,2024-09-01,209.93
2024-08-21,12,2024-09-02,211.13
2024-08-21,13,2024-09-03,207.48
2024-08-21,14,2024-09-04,209.95
2024-08-21,15,2024-09-05,209.36
2024-08-21,16,2024-09-06,210.04
2024-08-21,17,2024-09-07,202.0
2024-08-21,18,2024-09-08,206.02
2024-08-21,19,2024-09-09,205.05
2024-08-21,20,2024-09-10,204.62
2024-08-21,21,2024-09-11,207.18
2024-08-21,22,2024-09-12,206.11
2024-08-21,23,2024-09-13,208.28
2024-08-21,24,2024-09-14,207.86
2024-08-21,25,2024-09-15,206.96
2024-08-21,26,2024-09-16,203.66
2024-08-21,27,2024-09-17,202.64
2024-08-21,28,2024-09-18,202.41
2024-08-21,29,2024-09-19,200.05
2024-08-21,30,2024-09-20,203.18
2024-08-22,1,2024-08-23,220.89
2024-08-22,2,2024-08-24,217.02
2024-08-22,3,2024-08-25,215.79
2024-08-22,4,2024-08-26,217.09
2024-08-22,5,2024-08-27,218.27
2024-08-22,6,2024-08-28,215.84
2024-08-22,7,2024-08-29,211.31
2024-08-22,8,2024-08-30,214.39
2024-08-22,9,2024-08-31,213.93
2024-08-22,10,2024-09-01,213.69
2024-08-22,11,2024-09-02,208.24
2024-08-22,12,2024-09-03,211.07
2024-08-22,13,2024-09-04,209.42
2024-08-22,14,2024-09-05,211.31
2024-08-22,15,2024-09-06,211.28
2024-08-22,16,2024-09-07,210.03
2024-08-22,17,2024-09-08,200.1
2024-08-22,18,2024-09-09,204.66
2024-08-22,19,2024-09-10,205.43
2024-08-22,20,2024-09-11,205.86
2024-08-22,21,2024-09-12,209.44
2024-08-22,22,2024-09-13,205.73
2024-08-22,23,2024-09-14,205.92
2024-08-22,24,2024-09-15,206.05
2024-08-22,25,2024-09-16,206.05
2024-08-22,26,2024-09-17,203.49
2024-08-22,27,2024-09-18,203.8
2024-08-22,28,2024-09-19,204.06
2024-08-22,29,2024-09-20,201.96
2024-08-22,30,2024-09-21,203.62
2024-08-23,1,2024-08-24,236.11
2024-08-23,2,2024-08-25,233.22
2024-08-23,3,2024-08-26,230.0
2024-08-23,4,2024-08-27,226.49
2024-08-23,5,2024-08-28,223.64
2024-08-23,6,2024-08-29,217.65
2024-08-23,7,2024-08-30,213.89
2024-08-23,8,2024-08-31,217.63
2024-08-23,9,2024-09-01,215.55
2024-08-23,10,2024-09-02,215.09
2024-08-23,11,2024-09-03,210.19
2024-08-23,12,2024-09-04,211.09
2024-08-23,13,2024-09-05,212.25
2024-08-23,14,2024-09-06,210.98
2024-08-23,15,2024-09-07,208.59
2024-08-23,16,2024-09-08,205.65
2024-08-23,17,2024-09-09,202.87
2024-08-23,18,2024-09-10,205.04
2024-08-23,19,2024-09-11,208.18
2024-08-23,20,2024-09-12,207.59
2024-08-23,21,2024-09-13,209.94
2024-08-23,22,2024-09-14,206.69
2024-08-23,23,2024-09-15,206.22
2024-08-23,24,2024-09-16,206.4
2024-08-23,25,2024-09-17,207.2
2024-08-23,26,2024-09-18,204.38
2024-08-23,27,2024-09-19,206.48
2024-08-23,28,2024-09-20,204.84
2024-08-23,29,2024-09-21,201.91
2024-08-23,30,2024-09-22,204.48
2024-08-24,1,2024-08-25,228.53
2024-08-24,2,2024-08-26,220.22
2024-08-24,3,2024-08-27,218.25
2024-08-24,4,2024-08-28,213.4
2024-08-24,5,2024-08-29,219.81
2024-08-24,6,2024-08-30,215.98
2024-08-24,7,2024-08-31,209.45
2024-08-24,8,2024-09-01,213.57
2024-08-24,9,2024-09-02,214.18
2024-08-24,10,2024-09-03,211.5
2024-08-24,11,2024-09-04,208.11
2024-08-24,12,2024-09-05,210.71
2024-08-24,13,2024-09-06,213.73
2024-08-24,14,2024-09-07,211.21
2024-08-24,15,2024-09-08,209.0
2024-08-24,16,2024-09-09,203.87
2024-08-24,17,2024-09-10,205.77
2024-08-24,18,2024-09-11,209.03
2024-08-24,19,2024-09-12,207.18
2024-08-24,20,2024-09-13,208.16
2024-08-24,21,2024-09-14,209.9
2024-08-24,22,2024-09-15,206.89
2024-08-24,23,2024-09-16,205.86
2024-08-24,24,2024-09-17,205.78
2024-08-24,25,2024-09-18,209.95
2024-08-24,26,2024-09-19,208.38
2024-08-24,27,2024-09-20,210.0
2024-08-24,28,2024-09-21,207.63
2024-08-24,29,2024-09-22,206.74
2024-08-24,30,2024-09-23,206.7
2024-08-25,1,2024-08-26,222.18
2024-08-25,2,2024-08-27,215.18
2024-08-25,3,2024-08-28,214.88
2024-08-25,4,2024-08-29,211.85
2024-08-25,5,2024-08-30,214.3
2024-08-25,6,2024-08-31,211.21
2024-08-25,7,2024-09-01,208.6
2024-08-25,8,2024-09-02,212.88
2024-08-25,9,2024-09-03,211.06
2024-08-25,10,2024-09-04,211.46
2024-08-25,11,2024-09-05,209.78
2024-08-25,12,2024-09-06,211.29
2024-08-25,13,2024-09-07,212.69
2024-08-25,14,2024-09-08,209.86
2024-08-25,15,2024-09-09,208.38
2024-08-25,16,2024-09-10,204.58
2024-08-25,17,2024-09-11,207.39
2024-08-25,18,2024-09-12,206.73
2024-08-25,19,2024-09-13,207.34
2024-08-25,20,2024-09-14,207.39
2024-08-25,21,2024-09-15,209.21
2024-08-25,22,2024-09-16,205.64
2024-08-25,23,2024-09-17,206.69
2024-08-25,24,2024-09-18,206.4
2024-08-25,25,2024-09-19,208.11
2024-08-25,26,2024-09-20,208.73
2024-08-25,27,2024-09-21,209.35
2024-08-25,28,2024-09-22,207.82
2024-08-25,29,2024-09-23,204.07
2024-08-25,30,2024-09-24,207.81
2024-08-26,1,2024-08-27,218.35
2024-08-26,2,2024-08-28,211.48
2024-08-26,3,2024-08-29,206.8
2024-08-26,4,2024-08-30,205.9
2024-08-26,5,2024-08-31,209.27
2024-08-26,6,2024-09-01,210.17
2024-08-26,7,2024-09-02,210.67
2024-08-26,8,2024-09-03,215.04
2024-08-26,9,2024-09-04,213.06
2024-08-26,10,2024-09-05,213.89
2024-08-26,11,2024-09-06,209.98
2024-08-26,12,2024-09-07,211.05
2024-08-26,13,2024-09-08,210.94
2024-08-26,14,2024-09-09,208.77
2024-08-26,15,2024-09-10,206.73
2024-08-26,16,2024-09-11,209.53
2024-08-26,17,2024-09-12,209.52
2024-08-26,18,2024-09-13,208.36
2024-08-26,19,2024-09-14,206.4
2024-08-26,20,2024-09-15,206.59
2024-08-26,21,2024-09-16,206.57
2024-08-26,22,2024-09-17,206.76
2024-08-26,23,2024-09-18,206.06
2024-08-26,24,2024-09-19,208.15
2024-08-26,25,2024-09-20,212.04
2024-08-26,26,2024-09-21,208.13
2024-08-26,27,2024-09-22,210.48
2024-08-26,28,2024-09-23,210.34
2024-08-26,29,2024-09-24,208.5
2024-08-26,30,2024-09-25,210.28
2024-08-27,1,2024-08-28,205.39
2024-08-27,2,2024-08-29,198.64
2024-08-27,3,2024-08-30,196.76
2024-08-27,4,2024-08-31,198.96
2024-08-27,5,2024-09-01,202.41
2024-08-27,6,2024-09-02,205.76
2024-08-27,7,2024-09-03,207.07
2024-08-27,8,2024-09-04,213.0
2024-08-27,9,2024-09-05,214.57
2024-08-27,10,2024-09-06,215.69
2024-08-27,11,2024-09-07,209.93
2024-08-27,12,2024-09-08,212.0
2024-08-27,13,2024-09-09,211.54
2024-08-27,14,2024-09-10,208.64
2024-08-27,15,2024-09-11,209.78
2024-08-27,16,2024-09-12,209.93
2024-08-27,17,2024-09-13,211.38
2024-08-27,18,2024-09-14,208.54
2024-08-27,19,2024-09-15,207.78
2024-08-27,20,2024-09-16,205.41
2024-08-27,21,2024-09-17,206.78
2024-08-27,22,2024-09-18,206.9
2024-08-27,23,2024-09-19,206.85
2024-08-27,24,2024-09-20,206.69
2024-08-27,25,2024-09-21,208.7
2024-08-27,26,2024-09-22,207.05
2024-08-27,27,2024-09-23,206.65
2024-08-27,28,2024-09-24,206.04
2024-08-27,29,2024-09-25,204.06
2024-08-27,30,2024-09-26,209.08
2024-08-28,1,2024-08-29,200.02
2024-08-28,2,2024-08-30,197.22
2024-08-28,3,2024-08-31,194.97
2024-08-28,4,2024-09-01,199.11
2024-08-28,5,2024-09-02,205.52
2024-08-28,6,2024-09-03,209.42
2024-08-28,7,2024-09-04,211.97
2024-08-28,8,2024-09-05,217.9
2024-08-28,9,2024-09-06,216.4
2024-08-28,10,2024-09-07,215.12
2024-08-28,11,2024-09-08,213.26
2024-08-28,12,2024-09-09,213.05
2024-08-28,13,2024-09-10,213.43
2024-08-28,14,2024-09-11,209.28
2024-08-28,15,2024-09-12,215.08
2024-08-28,16,2024-09-13,217.15
2024-08-28,17,2024-09-14,214.37
2024-08-28,18,2024-09-15,207.41
2024-08-28,19,2024-09-16,207.68
2024-08-28,20,2024-09-17,204.83
2024-08-28,21,2024-09-18,206.52
2024-08-28,22,2024-09-19,207.63
2024-08-28,23,2024-09-20,208.39
2024-08-28,24,2024-09-21,206.64
2024-08-28,25,2024-09-22,206.83
2024-08-28,26,2024-09-23,206.59
2024-08-28,27,2024-09-24,209.15
2024-08-28,28,2024-09-25,206.4
2024-08-28,29,2024-09-26,206.27
2024-08-28,30,2024-09-27,210.63
2024-08-29,1,2024-08-30,198.91
2024-08-29,2,2024-08-31,198.93
2024-08-29,3,2024-09-01,194.13
2024-08-29,4,2024-09-02,203.05
2024-08-29,5,2024-09-03,206.96
2024-08-29,6,2024-09-04,206.6
2024-08-29,7,2024-09-05,210.99
2024-08-29,8,2024-09-06,219.34
2024-08-29,9,2024-09-07,219.73
2024-08-29,10,2024-09-08,216.24
2024-08-29,11,2024-09-09,216.38
2024-08-29,12,2024-09-10,214.1
2024-08-29,13,2024-09-11,214.54
2024-08-29,14,2024-09-12,212.56
2024-08-29,15,2024-09-13,219.58
2024-08-29,16,2024-09-14,219.68
2024-08-29,17,2024-09-15,219.68
2024-08-29,18,2024-09-16,205.87
2024-08-29,19,2024-09-17,207.31
2024-08-29,20,2024-09-18,206.52
2024-08-29,21,2024-09-19,206.55
2024-08-29,22,2024-09-20,206.42
2024-08-29,23,2024-09-21,206.86
2024-08-29,24,2024-09-22,204.62
2024-08-29,25,2024-09-23,205.99
2024-08-29,26,2024-09-24,203.15
2024-08-29,27,2024-09-25,203.83
2024-08-29,28,2024-09-26,203.86
2024-08-29,29,2024-09-27,203.49
2024-08-29,30,2024-09-28,209.09
2024-08-30,1,2024-08-31,205.19
2024-08-30,2,2024-09-01,207.28
2024-08-30,3,2024-09-02,210.08
2024-08-30,4,2024-09-03,207.93
2024-08-30,5,2024-09-04,214.69
2024-08-30,6,2024-09-05,214.56
2024-08-30,7,2024-09-06,215.56
2024-08-30,8,2024-09-07,222.01
2024-08-30,9,2024-09-08,222.3
2024-08-30,10,2024-09-09,215.87
2024-08-30,11,2024-09-10,216.86
2024-08-30,12,2024-09-11,215.52
2024-08-30,13,2024-09-12,216.22
2024-08-30,14,2024-09-13,216.33
2024-08-30,15,2024-09-14,216.15
2024-08-30,16,2024-09-15,218.21
2024-08-30,17,2024-09-16,220.36
2024-08-30,18,2024-09-17,205.21
2024-08-30,19,2024-09-18,207.36
2024-08-30,20,2024-09-19,205.58
2024-08-30,21,2024-09-20,206.13
2024-08-30,22,2024-09-21,208.95
2024-08-30,23,2024-09-22,204.98
2024-08-30,24,2024-09-23,204.4
2024-08-30,25,2024-09-24,205.44
2024-08-30,26,2024-09-25,201.65
2024-08-30,27,2024-09-26,205.19
2024-08-30,28,2024-09-27,205.0
2024-08-30,29,2024-09-28,206.81
2024-08-30,30,2024-09-29,211.91
2024-08-31,1,2024-09-01,230.31
2024-08-31,2,2024-09-02,227.88
2024-08-31,3,2024-09-03,229.3
2024-08-31,4,2024-09-04,225.31
2024-08-31,5,2024-09-05,227.63
2024-08-31,6,2024-09-06,229.07
2024-08-31,7,2024-09-07,229.09
2024-08-31,8,2024-09-08,230.63
2024-08-31,9,2024-09-09,224.71
2024-08-31,10,2024-09-10,220.3
2024-08-31,11,2024-09-11,222.92
2024-08-31,12,2024-09-12,218.69
2024-08-31,13,2024-09-13,216.05
2024-08-31,14,2024-09-14,213.53
2024-08-31,15,2024-09-15,214.14
2024-08-31,16,2024-09-16,217.85
2024-08-31,17,2024-09-17,220.53
2024-08-31,18,2024-09-18,205.11
2024-08-31,19,2024-09-19,207.35
2024-08-31,20,2024-09-20,207.96
2024-08-31,21,2024-09-21,208.47
2024-08-31,22,2024-09-22,209.49
2024-08-31,23,2024-09-23,205.91
2024-08-31,24,2024-09-24,205.63
2024-08-31,25,2024-09-25,207.3
2024-08-31,26,2024-09-26,209.0
2024-08-31,27,2024-09-27,210.27
2024-08-31,28,2024-09-28,211.27
2024-08-31,29,2024-09-29,212.42
2024-08-31,30,2024-09-30,214.8
2024-09-01,1,2024-09-02,213.64
2024-09-01,2,2024-09-03,216.8
2024-09-01,3,2024-09-04,218.33
2024-09-01,4,2024-09-05,218.96
2024-09-01,5,2024-09-06,222.55
2024-09-01,6,2024-09-07,223.71
2024-09-01,7,2024-09-08,223.44
2024-09-01,8,2024-09-09,221.36
2024-09-01,9,2024-09-10,219.92
2024-09-01,10,2024-09-11,217.39
2024-09-01,11,2024-09-12,228.19
2024-09-01,12,2024-09-13,220.88
2024-09-01,13,2024-09-14,215.91
2024-09-01,14,2024-09-15,214.28
2024-09-01,15,2024-09-16,216.22
2024-09-01,16,2024-09-17,223.67
2024-09-01,17,2024-09-18,222.21
2024-09-01,18,2024-09-19,206.44
2024-09-01,19,2024-09-20,208.19
2024-09-01,20,2024-09-21,207.01
2024-09-01,21,2024-09-22,208.07
2024-09-01,22,2024-09-23,206.55
2024-09-01,23,2024-09-24,205.02
2024-09-01,24,2024-09-25,204.57
2024-09-01,25,2024-09-26,206.55
2024-09-01,26,2024-09-27,206.3
2024-09-01,27,2024-09-28,207.77
2024-09-01,28,2024-09-29,208.85
2024-09-01,29,2024-09-30,208.52
2024-09-01,30,2024-10-01,214.1
2024-09-02,1,2024-09-03,234.65
2024-09-02,2,2024-09-04,232.07
2024-09-02,3,2024-09-05,232.15
2024-09-02,4,2024-09-06,234.76
2024-09-02,5,2024-09-07,231.59
2024-09-02,6,2024-09-08,231.19
2024-09-02,7,2024-09-09,228.22
2024-09-02,8,2024-09-10,228.87
2024-09-02,9,2024-09-11,227.74
2024-09-02,10,2024-09-12,222.42
2024-09-02,11,2024-09-13,230.06
2024-09-02,12,2024-09-14,218.09
2024-09-02,13,2024-09-15,214.21
2024-09-02,14,2024-09-16,212.75
2024-09-02,15,2024-09-17,215.5
2024-09-02,16,2024-09-18,221.14
2024-09-02,17,2024-09-19,222.03
2024-09-02,18,2024-09-20,207.43
2024-09-02,19,2024-09-21,207.94
2024-09-02,20,2024-09-22,209.82
2024-09-02,21,2024-09-23,209.55
2024-09-02,22,2024-09-24,206.07
2024-09-02,23,2024-09-25,206.09
2024-09-02,24,2024-09-26,208.11
2024-09-02,25,2024-09-27,210.21
2024-09-02,26,2024-09-28,211.59
2024-09-02,27,2024-09-29,214.22
2024-09-02,28,2024-09-30,213.02
2024-09-02,29,2024-10-01,214.55
2024-09-02,30,2024-10-02,215.48
2024-09-03,1,2024-09-04,239.08
2024-09-03,2,2024-09-05,236.48
2024-09-03,3,2024-09-06,238.57
2024-09-03,4,2024-09-07,240.67
2024-09-03,5,2024-09-08,237.71
2024-09-03,6,2024-09-09,233.75
2024-09-03,7,2024-09-10,226.19
2024-09-03,8,2024-09-11,226.85
2024-09-03,9,2024-09-12,224.45
2024-09-03,10,2024-09-13,222.21
2024-09-03,11,2024-09-14,227.08
2024-09-03,12,2024-09-15,217.46
2024-09-03,13,2024-09-16,212.05
2024-09-03,14,2024-09-17,212.24
2024-09-03,15,2024-09-18,212.92
2024-09-03,16,2024-09-19,219.62
2024-09-03,17,2024-09-20,221.43
2024-09-03,18,2024-09-21,207.15
2024-09-03,19,2024-09-22,207.16
2024-09-03,20,2024-09-23,207.36
2024-09-03,21,2024-09-24,207.48
2024-09-03,22,2024-09-25,205.78
2024-09-03,23,2024-09-26,205.69
2024-09-03,24,2024-09-27,209.48
2024-09-03,25,2024-09-28,210.73
2024-09-03,26,2024-09-29,210.45
2024-09-03,27,2024-09-30,212.27
2024-09-03,28,2024-10-01,213.54
2024-09-03,29,2024-10-02,211.95
2024-09-03,30,2024-10-03,215.27
2024-09-04,1,2024-09-05,252.89
2024-09-04,2,2024-09-06,253.0
2024-09-04,3,2024-09-07,255.67
2024-09-04,4,2024-09-08,251.4
2024-09-04,5,2024-09-09,244.78
2024-09-04,6,2024-09-10,238.59
2024-09-04,7,2024-09-11,232.1
2024-09-04,8,2024-09-12,230.43
2024-09-04,9,2024-09-13,228.06
2024-09-04,10,2024-09-14,224.02
2024-09-04,11,2024-09-15,226.83
2024-09-04,12,2024-09-16,216.39
2024-09-04,13,2024-09-17,210.59
2024-09-04,14,2024-09-18,208.43
2024-09-04,15,2024-09-19,213.78
2024-09-04,16,2024-09-20,221.58
2024-09-04,17,2024-09-21,222.61
2024-09-04,18,2024-09-22,208.23
2024-09-04,19,2024-09-23,208.06
2024-09-04,20,2024-09-24,207.29
2024-09-04,21,2024-09-25,206.37
2024-09-04,22,2024-09-26,208.5
2024-09-04,23,2024-09-27,207.31
2024-09-04,24,2024-09-28,211.17
2024-09-04,25,2024-09-29,213.73
2024-09-04,26,2024-09-30,212.16
2024-09-04,27,2024-10-01,214.51
2024-09-04,28,2024-10-02,214.3
2024-09-04,29,2024-10-03,212.84
2024-09-04,30,2024-10-04,215.56
2024-09-05,1,2024-09-06,236.39
2024-09-05,2,2024-09-07,236.65
2024-09-05,3,2024-09-08,239.18
2024-09-05,4,2024-09-09,238.7
2024-09-05,5,2024-09-10,232.5
2024-09-05,6,2024-09-11,230.11
2024-09-05,7,2024-09-12,225.42
2024-09-05,8,2024-09-13,224.77
2024-09-05,9,2024-09-14,218.19
2024-09-05,10,2024-09-15,217.13
2024-09-05,11,2024-09-16,224.47
2024-09-05,12,2024-09-17,216.7
2024-09-05,13,2024-09-18,210.9
2024-09-05,14,2024-09-19,210.72
2024-09-05,15,2024-09-20,214.55
2024-09-05,16,2024-09-21,219.23
2024-09-05,17,2024-09-22,220.43
2024-09-05,18,2024-09-23,208.36
2024-09-05,19,2024-09-24,206.06
2024-09-05,20,2024-09-25,207.48
2024-09-05,21,2024-09-26,210.1
2024-09-05,22,2024-09-27,209.49
2024-09-05,23,2024-09-28,210.6
2024-09-05,24,2024-09-29,213.38
2024-09-05,25,2024-09-30,213.83
2024-09-05,26,2024-10-01,213.19
2024-09-05,27,2024-10-02,214.29
2024-09-05,28,2024-10-03,213.7
2024-09-05,29,2024-10-04,212.76
2024-09-05,30,2024-10-05,216.11
2024-09-06,1,2024-09-07,238.91
2024-09-06,2,2024-09-08,239.53
2024-09-06,3,2024-09-09,244.77
2024-09-06,4,2024-09-10,244.09
2024-09-06,5,2024-09-11,237.76
2024-09-06,6,2024-09-12,235.2
2024-09-06,7,2024-09-13,226.98
2024-09-06,8,2024-09-14,222.19
2024-09-06,9,2024-09-15,216.82
2024-09-06,10,2024-09-16,214.27
2024-09-06,11,2024-09-17,219.86
2024-09-06,12,2024-09-18,214.72
2024-09-06,13,2024-09-19,212.47
2024-09-06,14,2024-09-20,211.68
2024-09-06,15,2024-09-21,211.84
2024-09-06,16,2024-09-22,212.63
2024-09-06,17,2024-09-23,217.12
2024-09-06,18,2024-09-24,206.3
2024-09-06,19,2024-09-25,205.03
2024-09-06,20,2024-09-26,207.38
2024-09-06,21,2024-09-27,210.06
2024-09-06,22,2024-09-28,210.19
2024-09-06,23,2024-09-29,211.99
2024-09-06,24,2024-09-30,214.49
2024-09-06,25,2024-10-01,214.0
2024-09-06,26,2024-10-02,213.84
2024-09-06,27,2024-10-03,213.45
2024-09-06,28,2024-10-04,212.67
2024-09-06,29,2024-10-05,211.84
2024-09-06,30,2024-10-06,216.43
2024-09-07,1,2024-09-08,215.31
2024-09-07,2,2024-09-09,213.09
2024-09-07,3,2024-09-10,219.02
2024-09-07,4,2024-09-11,221.04
2024-09-07,5,2024-09-12,215.14
2024-09-07,6,2024-09-13,217.03
2024-09-07,7,2024-09-14,216.87
2024-09-07,8,2024-09-15,218.4
2024-09-07,9,2024-09-16,216.87
2024-09-07,10,2024-09-17,216.08
2024-09-07,11,2024-09-18,219.23
2024-09-07,12,2024-09-19,213.99
2024-09-07,13,2024-09-20,210.05
2024-09-07,14,2024-09-21,210.82
2024-09-07,15,2024-09-22,211.06
2024-09-07,16,2024-09-23,212.09
2024-09-07,17,2024-09-24,217.05
2024-09-07,18,2024-09-25,205.82
2024-09-07,19,2024-09-26,207.89
2024-09-07,20,2024-09-27,209.37
2024-09-07,21,2024-09-28,211.99
2024-09-07,22,2024-09-29,211.46
2024-09-07,23,2024-09-30,212.26
2024-09-07,24,2024-10-01,214.2
2024-09-07,25,2024-10-02,213.18
2024-09-07,26,2024-10-03,212.55
2024-09-07,27,2024-10-04,212.41
2024-09-07,28,2024-10-05,212.01
2024-09-07,29,2024-10-06,211.07
2024-09-07,30,2024-10-07,214.92
2024-09-08,1,2024-09-09,214.88
2024-09-08,2,2024-09-10,217.65
2024-09-08,3,2024-09-11,217.34
2024-09-08,4,2024-09-12,215.72
2024-09-08,5,2024-09-13,210.2
2024-09-08,6,2024-09-14,209.89
2024-09-08,7,2024-09-15,213.54
2024-09-08,8,2024-09-16,215.16
2024-09-08,9,2024-09-17,212.98
2024-09-08,10,2024-09-18,213.5
2024-09-08,11,2024-09-19,217.57
2024-09-08,12,2024-09-20,214.49
2024-09-08,13,2024-09-21,210.93
2024-09-08,14,2024-09-22,209.35
2024-09-08,15,2024-09-23,213.58
2024-09-08,16,2024-09-24,207.75
2024-09-08,17,2024-09-25,210.54
2024-09-08,18,2024-09-26,209.08
2024-09-08,19,2024-09-27,206.87
2024-09-08,20,2024-09-28,210.45
2024-09-08,21,2024-09-29,212.52
2024-09-08,22,2024-09-30,212.31
2024-09-08,23,2024-10-01,213.51
2024-09-08,24,2024-10-02,214.01
2024-09-08,25,2024-10-03,212.54
2024-09-08,26,2024-10-04,212.05
2024-09-08,27,2024-10-05,213.58
2024-09-08,28,2024-10-06,212.52
2024-09-08,29,2024-10-07,211.06
2024-09-08,30,2024-10-08,215.45
2024-09-09,1,2024-09-10,212.95
2024-09-09,2,2024-09-11,209.53
2024-09-09,3,2024-09-12,210.72
2024-09-09,4,2024-09-13,212.03
2024-09-09,5,2024-09-14,207.26
2024-09-09,6,2024-09-15,207.95
2024-09-09,7,2024-09-16,209.58
2024-09-09,8,2024-09-17,211.92
2024-09-09,9,2024-09-18,210.53
2024-09-09,10,2024-09-19,211.39
2024-09-09,11,2024-09-20,213.34
2024-09-09,12,2024-09-21,213.32
2024-09-09,13,2024-09-22,208.82
2024-09-09,14,2024-09-23,203.5
2024-09-09,15,2024-09-24,203.09
2024-09-09,16,2024-09-25,202.52
2024-09-09,17,2024-09-26,215.05
2024-09-09,18,2024-09-27,210.62
2024-09-09,19,2024-09-28,209.18
2024-09-09,20,2024-09-29,212.23
2024-09-09,21,2024-09-30,213.04
2024-09-09,22,2024-10-01,212.91
2024-09-09,23,2024-10-02,214.12
2024-09-09,24,2024-10-03,212.82
2024-09-09,25,2024-10-04,211.55
2024-09-09,26,2024-10-05,211.51
2024-09-09,27,2024-10-06,212.58
2024-09-09,28,2024-10-07,211.94
2024-09-09,29,2024-10-08,211.99
2024-09-09,30,2024-10-09,213.4
2024-09-10,1,2024-09-11,202.48
2024-09-10,2,2024-09-12,198.43
2024-09-10,3,2024-09-13,198.02
2024-09-10,4,2024-09-14,199.61
2024-09-10,5,2024-09-15,197.5
2024-09-10,6,2024-09-16,200.12
2024-09-10,7,2024-09-17,206.81
2024-09-10,8,2024-09-18,211.59
2024-09-10,9,2024-09-19,208.6
2024-09-10,10,2024-09-20,210.62
2024-09-10,11,2024-09-21,213.1
2024-09-10,12,2024-09-22,208.9
2024-09-10,13,2024-09-23,210.53
2024-09-10,14,2024-09-24,204.93
2024-09-10,15,2024-09-25,205.71
2024-09-10,16,2024-09-26,205.59
2024-09-10,17,2024-09-27,211.32
2024-09-10,18,2024-09-28,212.21
2024-09-10,19,2024-09-29,210.89
2024-09-10,20,2024-09-30,212.79
2024-09-10,21,2024-10-01,214.01
2024-09-10,22,2024-10-02,213.13
2024-09-10,23,2024-10-03,212.8
2024-09-10,24,2024-10-04,211.66
2024-09-10,25,2024-10-05,209.89
2024-09-10,26,2024-10-06,209.81
2024-09-10,27,2024-10-07,211.64
2024-09-10,28,2024-10-08,211.95
2024-09-10,29,2024-10-09,209.43
2024-09-10,30,2024-10-10,212.41
2024-09-11,1,2024-09-12,204.47
2024-09-11,2,2024-09-13,199.8
2024-09-11,3,2024-09-14,198.95
2024-09-11,4,2024-09-15,202.99
2024-09-11,5,2024-09-16,201.94
2024-09-11,6,2024-09-17,203.87
2024-09-11,7,2024-09-18,208.2
2024-09-11,8,2024-09-19,210.68
2024-09-11,9,2024-09-20,212.13
2024-09-11,10,2024-09-21,217.58
2024-09-11,11,2024-09-22,213.16
2024-09-11,12,2024-09-23,212.23
2024-09-11,13,2024-09-24,208.01
2024-09-11,14,2024-09-25,204.27
2024-09-11,15,2024-09-26,206.06
2024-09-11,16,2024-09-27,206.31
2024-09-11,17,2024-09-28,209.65
2024-09-11,18,2024-09-29,211.94
2024-09-11,19,2024-09-30,210.97
2024-09-11,20,2024-10-01,213.53
2024-09-11,21,2024-10-02,214.44
2024-09-11,22,2024-10-03,212.39
2024-09-11,23,2024-10-04,211.5
2024-09-11,24,2024-10-05,208.81
2024-09-11,25,2024-10-06,209.3
2024-09-11,26,2024-10-07,208.92
2024-09-11,27,2024-10-08,210.29
2024-09-11,28,2024-10-09,212.13
2024-09-11,29,2024-10-10,209.23
2024-09-11,30,2024-10-11,211.93
2024-09-12,1,2024-09-13,196.18
2024-09-12,2,2024-09-14,193.81
2024-09-12,3,2024-09-15,194.39
2024-09-12,4,2024-09-16,200.12
2024-09-12,5,2024-09-17,199.17
2024-09-12,6,2024-09-18,201.79
2024-09-12,7,2024-09-19,206.96
2024-09-12,8,2024-09-20,207.69
2024-09-12,9,2024-09-21,208.66
2024-09-12,10,2024-09-22,209.75
2024-09-12,11,2024-09-23,211.56
2024-09-12,12,2024-09-24,210.8
2024-09-12,13,2024-09-25,206.98
2024-09-12,14,2024-09-26,207.83
2024-09-12,15,2024-09-27,210.21
2024-09-12,16,2024-09-28,211.66
2024-09-12,17,2024-09-29,212.88
2024-09-12,18,2024-09-30,214.08
2024-09-12,19,2024-10-01,212.92
2024-09-12,20,2024-10-02,212.96
2024-09-12,21,2024-10-03,210.39
2024-09-12,22,2024-10-04,209.07
2024-09-12,23,2024-10-05,209.66
2024-09-12,24,2024-10-06,208.63
2024-09-12,25,2024-10-07,210.13
2024-09-12,26,2024-10-08,208.25
2024-09-12,27,2024-10-09,209.51
2024-09-12,28,2024-10-10,210.45
2024-09-12,29,2024-10-11,208.98
2024-09-12,30,2024-10-12,212.04
2024-09-13,1,2024-09-14,179.73
2024-09-13,2,2024-09-15,186.86
2024-09-13,3,2024-09-16,190.04
2024-09-13,4,2024-09-17,202.85
2024-09-13,5,2024-09-18,199.98
2024-09-13,6,2024-09-19,205.73
2024-09-13,7,2024-09-20,209.21
2024-09-13,8,2024-09-21,215.42
2024-09-13,9,2024-09-22,210.6
2024-09-13,10,2024-09-23,211.93
2024-09-13,11,2024-09-24,216.03
2024-09-13,12,2024-09-25,213.48
2024-09-13,13,2024-09-26,212.8
2024-09-13,14,2024-09-27,210.56
2024-09-13,15,2024-09-28,210.44
2024-09-13,16,2024-09-29,211.11
2024-09-13,17,2024-09-30,210.74
2024-09-13,18,2024-10-01,213.41
2024-09-13,19,2024-10-02,211.74
2024-09-13,20,2024-10-03,210.95
2024-09-13,21,2024-10-04,209.29
2024-09-13,22,2024-10-05,207.21
2024-09-13,23,2024-10-06,208.31
2024-09-13,24,2024-10-07,209.18
2024-09-13,25,2024-10-08,208.27
2024-09-13,26,2024-10-09,206.34
2024-09-13,27,2024-10-10,206.91
2024-09-13,28,2024-10-11,209.4
2024-09-13,29,2024-10-12,208.55
2024-09-13,30,2024-10-13,211.86
2024-09-14,1,2024-09-15,192.32
2024-09-14,2,2024-09-16,198.21
2024-09-14,3,2024-09-17,197.86
2024-09-14,4,2024-09-18,208.39
2024-09-14,5,2024-09-19,203.13
2024-09-14,6,2024-09-20,204.87
2024-09-14,7,2024-09-21,210.47
2024-09-14,8,2024-09-22,212.12
2024-09-14,9,2024-09-23,213.79
2024-09-14,10,2024-09-24,215.04
2024-09-14,11,2024-09-25,214.91
2024-09-14,12,2024-09-26,215.92
2024-09-14,13,2024-09-27,211.91
2024-09-14,14,2024-09-28,214.07
2024-09-14,15,2024-09-29,211.7
2024-09-14,16,2024-09-30,212.49
2024-09-14,17,2024-10-01,216.25
2024-09-14,18,2024-10-02,213.84
2024-09-14,19,2024-10-03,210.05
2024-09-14,20,2024-10-04,208.39
2024-09-14,21,2024-10-05,207.41
2024-09-14,22,2024-10-06,206.89
2024-09-14,23,2024-10-07,207.07
2024-09-14,24,2024-10-08,208.09
2024-09-14,25,2024-10-09,206.42
2024-09-14,26,2024-10-10,206.47
2024-09-14,27,2024-10-11,207.89
2024-09-14,28,2024-10-12,209.13
2024-09-14,29,2024-10-13,209.15
2024-09-14,30,2024-10-14,211.73
2024-09-15,1,2024-09-16,172.43
2024-09-15,2,2024-09-17,181.09
2024-09-15,3,2024-09-18,186.38
2024-09-15,4,2024-09-19,197.41
2024-09-15,5,2024-09-20,194.3
2024-09-15,6,2024-09-21,201.83
2024-09-15,7,2024-09-22,208.41
2024-09-15,8,2024-09-23,213.15
2024-09-15,9,2024-09-24,209.96
2024-09-15,10,2024-09-25,212.41
2024-09-15,11,2024-09-26,219.37
2024-09-15,12,2024-09-27,214.81
2024-09-15,13,2024-09-28,214.08
2024-09-15,14,2024-09-29,214.94
2024-09-15,15,2024-09-30,214.73
2024-09-15,16,2024-10-01,213.97
2024-09-15,17,2024-10-02,212.11
2024-09-15,18,2024-10-03,209.15
2024-09-15,19,2024-10-04,207.87
2024-09-15,20,2024-10-05,207.38
2024-09-15,21,2024-10-06,207.6
2024-09-15,22,2024-10-07,206.45
2024-09-15,23,2024-10-08,206.1
2024-09-15,24,2024-10-09,206.41
2024-09-15,25,2024-10-10,206.15
2024-09-15,26,2024-10-11,205.26
2024-09-15,27,2024-10-12,205.15
2024-09-15,28,2024-10-13,208.35
2024-09-15,29,2024-10-14,208.27
2024-09-15,30,2024-10-15,211.63
2024-09-16,1,2024-09-17,172.14
2024-09-16,2,2024-09-18,180.62
2024-09-16,3,2024-09-19,180.89
2024-09-16,4,2024-09-20,194.12
2024-09-16,5,2024-09-21,193.22
2024-09-16,6,2024-09-22,201.33
2024-09-16,7,2024-09-23,208.66
2024-09-16,8,2024-09-24,214.2
2024-09-16,9,2024-09-25,211.51
2024-09-16,10,2024-09-26,214.4
2024-09-16,11,2024-09-27,217.44
2024-09-16,12,2024-09-28,216.57
2024-09-16,13,2024-09-29,216.35
2024-09-16,14,2024-09-30,216.47
2024-09-16,15,2024-10-01,213.14
2024-09-16,16,2024-10-02,212.14
2024-09-16,17,2024-10-03,208.89
2024-09-16,18,2024-10-04,206.59
2024-09-16,19,2024-10-05,204.25
2024-09-16,20,2024-10-06,207.41
2024-09-16,21,2024-10-07,206.65
2024-09-16,22,2024-10-08,204.94
2024-09-16,23,2024-10-09,205.7
2024-09-16,24,2024-10-10,206.3
2024-09-16,25,2024-10-11,207.0
2024-09-16,26,2024-10-12,205.77
2024-09-16,27,2024-10-13,205.62
2024-09-16,28,2024-10-14,208.11
2024-09-16,29,2024-10-15,206.87
2024-09-16,30,2024-10-16,212.08
2024-09-17,1,2024-09-18,168.82
2024-09-17,2,2024-09-19,176.74
2024-09-17,3,2024-09-20,178.39
2024-09-17,4,2024-09-21,194.63
2024-09-17,5,2024-09-22,193.99
2024-09-17,6,2024-09-23,202.01
2024-09-17,7,2024-09-24,206.52
2024-09-17,8,2024-09-25,215.11
2024-09-17,9,2024-09-26,213.58
2024-09-17,10,2024-09-27,213.36
2024-09-17,11,2024-09-28,214.39
2024-09-17,12,2024-09-29,217.57
2024-09-17,13,2024-09-30,214.24
2024-09-17,14,2024-10-01,215.91
2024-09-17,15,2024-10-02,209.14
2024-09-17,16,2024-10-03,203.51
2024-09-17,17,2024-10-04,205.53
2024-09-17,18,2024-10-05,205.67
2024-09-17,19,2024-10-06,203.39
2024-09-17,20,2024-10-07,205.38
2024-09-17,21,2024-10-08,205.09
2024-09-17,22,2024-10-09,204.08
2024-09-17,23,2024-10-10,204.34
2024-09-17,24,2024-10-11,205.24
2024-09-17,25,2024-10-12,207.35
2024-09-17,26,2024-10-13,204.13
2024-09-17,27,2024-10-14,205.56
2024-09-17,28,2024-10-15,208.54
2024-09-17,29,2024-10-16,207.31
2024-09-17,30,2024-10-17,212.08
2024-09-18,1,2024-09-19,168.15
2024-09-18,2,2024-09-20,174.94
2024-09-18,3,2024-09-21,178.84
2024-09-18,4,2024-09-22,187.44
2024-09-18,5,2024-09-23,189.94
2024-09-18,6,2024-09-24,195.31
2024-09-18,7,2024-09-25,203.97
2024-09-18,8,2024-09-26,210.63
2024-09-18,9,2024-09-27,207.6
2024-09-18,10,2024-09-28,205.94
2024-09-18,11,2024-09-29,203.71
2024-09-18,12,2024-09-30,208.51
2024-09-18,13,2024-10-01,206.77
2024-09-18,14,2024-10-02,201.36
2024-09-18,15,2024-10-03,198.37
2024-09-18,16,2024-10-04,197.71
2024-09-18,17,2024-10-05,201.41
2024-09-18,18,2024-10-06,204.39
2024-09-18,19,2024-10-07,203.1
2024-09-18,20,2024-10-08,203.85
2024-09-18,21,2024-10-09,204.27
2024-09-18,22,2024-10-10,203.45
2024-09-18,23,2024-10-11,204.73
2024-09-18,24,2024-10-12,204.5
2024-09-18,25,2024-10-13,205.71
2024-09-18,26,2024-10-14,203.71
2024-09-18,27,2024-10-15,204.6
2024-09-18,28,2024-10-16,207.92
2024-09-18,29,2024-10-17,207.41
2024-09-18,30,2024-10-18,211.71
2024-09-19,1,2024-09-20,168.94
2024-09-19,2,2024-09-21,175.32
2024-09-19,3,2024-09-22,177.83
2024-09-19,4,2024-09-23,183.49
2024-09-19,5,2024-09-24,187.73
2024-09-19,6,2024-09-25,191.36
2024-09-19,7,2024-09-26,198.8
2024-09-19,8,2024-09-27,200.41
2024-09-19,9,2024-09-28,200.83
2024-09-19,10,2024-09-29,200.66
2024-09-19,11,2024-09-30,200.13
2024-09-19,12,2024-10-01,202.15
2024-09-19,13,2024-10-02,199.56
2024-09-19,14,2024-10-03,194.55
2024-09-19,15,2024-10-04,193.0
2024-09-19,16,2024-10-05,197.4
2024-09-19,17,2024-10-06,200.45
2024-09-19,18,2024-10-07,202.4
2024-09-19,19,2024-10-08,201.88
2024-09-19,20,2024-10-09,203.13
2024-09-19,21,2024-10-10,204.91
2024-09-19,22,2024-10-11,203.58
2024-09-19,23,2024-10-12,204.45
2024-09-19,24,2024-10-13,203.57
2024-09-19,25,2024-10-14,204.73
2024-09-19,26,2024-10-15,203.24
2024-09-19,27,2024-10-16,204.14
2024-09-19,28,2024-10-17,207.2
2024-09-19,29,2024-10-18,206.86
2024-09-19,30,2024-10-19,213.26
2024-09-20,1,2024-09-21,164.91
2024-09-20,2,2024-09-22,170.01
2024-09-20,3,2024-09-23,172.43
2024-09-20,4,2024-09-24,174.03
2024-09-20,5,2024-09-25,181.55
2024-09-20,6,2024-09-26,188.29
2024-09-20,7,2024-09-27,190.7
2024-09-20,8,2024-09-28,193.22
2024-09-20,9,2024-09-29,196.74
2024-09-20,10,2024-09-30,196.33
2024-09-20,11,2024-10-01,197.23
2024-09-20,12,2024-10-02,200.79
2024-09-20,13,2024-10-03,196.67
2024-09-20,14,2024-10-04,194.34
2024-09-20,15,2024-10-05,189.96
2024-09-20,16,2024-10-06,195.42
2024-09-20,17,2024-10-07,201.26
2024-09-20,18,2024-10-08,201.33
2024-09-20,19,2024-10-09,201.38
2024-09-20,20,2024-10-10,203.7
2024-09-20,21,2024-10-11,204.03
2024-09-20,22,2024-10-12,202.88
2024-09-20,23,2024-10-13,202.98
2024-09-20,24,2024-10-14,201.99
2024-09-20,25,2024-10-15,202.35
2024-09-20,26,2024-10-16,201.46
2024-09-20,27,2024-10-17,203.54
2024-09-20,28,2024-10-18,205.91
2024-09-20,29,2024-10-19,206.32
2024-09-20,30,2024-10-20,213.6
2024-09-21,1,2024-09-22,168.57
2024-09-21,2,2024-09-23,172.3
2024-09-21,3,2024-09-24,177.0
2024-09-21,4,2024-09-25,179.72
2024-09-21,5,2024-09-26,190.5
2024-09-21,6,2024-09-27,192.54
2024-09-21,7,2024-09-28,194.65
2024-09-21,8,2024-09-29,193.56
2024-09-21,9,2024-09-30,195.7
2024-09-21,10,2024-10-01,193.42
2024-09-21,11,2024-10-02,191.51
2024-09-21,12,2024-10-03,195.44
2024-09-21,13,2024-10-04,192.13
2024-09-21,14,2024-10-05,192.54
2024-09-21,15,2024-10-06,188.97
2024-09-21,16,2024-10-07,192.46
2024-09-21,17,2024-10-08,201.08
2024-09-21,18,2024-10-09,199.52
2024-09-21,19,2024-10-10,201.24
2024-09-21,20,2024-10-11,202.29
2024-09-21,21,2024-10-12,203.27
2024-09-21,22,2024-10-13,202.73
2024-09-21,23,2024-10-14,201.61
2024-09-21,24,2024-10-15,202.12
2024-09-21,25,2024-10-16,203.22
2024-09-21,26,2024-10-17,202.09
2024-09-21,27,2024-10-18,204.06
2024-09-21,28,2024-10-19,206.0
2024-09-21,29,2024-10-20,206.66
2024-09-21,30,2024-10-21,213.9
2024-09-22,1,2024-09-23,174.56
2024-09-22,2,2024-09-24,179.22
2024-09-22,3,2024-09-25,184.75
2024-09-22,4,2024-09-26,187.66
2024-09-22,5,2024-09-27,189.44
2024-09-22,6,2024-09-28,189.98
2024-09-22,7,2024-09-29,191.69
2024-09-22,8,2024-09-30,193.36
2024-09-22,9,2024-10-01,196.2
2024-09-22,10,2024-10-02,190.39
2024-09-22,11,2024-10-03,186.82
2024-09-22,12,2024-10-04,190.84
2024-09-22,13,2024-10-05,190.86
2024-09-22,14,2024-10-06,190.61
2024-09-22,15,2024-10-07,190.28
2024-09-22,16,2024-10-08,194.06
2024-09-22,17,2024-10-09,200.45
2024-09-22,18,2024-10-10,199.89
2024-09-22,19,2024-10-11,201.13
2024-09-22,20,2024-10-12,202.01
2024-09-22,21,2024-10-13,203.41
2024-09-22,22,2024-10-14,201.44
2024-09-22,23,2024-10-15,201.51
2024-09-22,24,2024-10-16,203.92
2024-09-22,25,2024-10-17,204.69
2024-09-22,26,2024-10-18,203.93
2024-09-22,27,2024-10-19,205.46
2024-09-22,28,2024-10-20,207.62
2024-09-22,29,2024-10-21,210.56
2024-09-22,30,2024-10-22,215.83
2024-09-23,1,2024-09-24,176.7
2024-09-23,2,2024-09-25,182.32
2024-09-23,3,2024-09-26,187.13
2024-09-23,4,2024-09-27,188.07
2024-09-23,5,2024-09-28,191.24
2024-09-23,6,2024-09-29,190.35
2024-09-23,7,2024-09-30,194.12
2024-09-23,8,2024-10-01,193.92
2024-09-23,9,2024-10-02,191.73
2024-09-23,10,2024-10-03,185.67
2024-09-23,11,2024-10-04,185.23
2024-09-23,12,2024-10-05,190.02
2024-09-23,13,2024-10-06,191.26
2024-09-23,14,2024-10-07,187.69
2024-09-23,15,2024-10-08,189.63
2024-09-23,16,2024-10-09,192.31
2024-09-23,17,2024-10-10,197.71
2024-09-23,18,2024-10-11,200.1
2024-09-23,19,2024-10-12,200.89
2024-09-23,20,2024-10-13,201.55
2024-09-23,21,2024-10-14,202.1
2024-09-23,22,2024-10-15,201.17
2024-09-23,23,2024-10-16,203.18
2024-09-23,24,2024-10-17,203.31
2024-09-23,25,2024-10-18,203.96
2024-09-23,26,2024-10-19,203.19
2024-09-23,27,2024-10-20,205.29
2024-09-23,28,2024-10-21,207.86
2024-09-23,29,2024-10-22,211.05
2024-09-23,30,2024-10-23,216.53
2024-09-24,1,2024-09-25,182.88
2024-09-24,2,2024-09-26,188.35
2024-09-24,3,2024-09-27,191.67
2024-09-24,4,2024-09-28,192.48
2024-09-24,5,2024-09-29,190.79
2024-09-24,6,2024-09-30,192.36
2024-09-24,7,2024-10-01,194.85
2024-09-24,8,2024-10-02,192.88
2024-09-24,9,2024-10-03,190.73
2024-09-24,10,2024-10-04,185.11
2024-09-24,11,2024-10-05,186.4
2024-09-24,12,2024-10-06,189.43
2024-09-24,13,2024-10-07,189.98
2024-09-24,14,2024-10-08,189.38
2024-09-24,15,2024-10-09,187.46
2024-09-24,16,2024-10-10,191.93
2024-09-24,17,2024-10-11,202.85
2024-09-24,18,2024-10-12,200.43
2024-09-24,19,2024-10-13,200.62
2024-09-24,20,2024-10-14,201.77
2024-09-24,21,2024-10-15,201.41
2024-09-24,22,2024-10-16,203.11
2024-09-24,23,2024-10-17,204.17
2024-09-24,24,2024-10-18,204.93
2024-09-24,25,2024-10-19,206.35
2024-09-24,26,2024-10-20,205.69
2024-09-24,27,2024-10-21,207.4
2024-09-24,28,2024-10-22,210.33
2024-09-24,29,2024-10-23,213.34
2024-09-24,30,2024-10-24,217.67
2024-09-25,1,2024-09-26,182.0
2024-09-25,2,2024-09-27,183.85
2024-09-25,3,2024-09-28,187.03
2024-09-25,4,2024-09-29,190.94
2024-09-25,5,2024-09-30,190.87
2024-09-25,6,2024-10-01,192.95
2024-09-25,7,2024-10-02,191.31
2024-09-25,8,2024-10-03,185.93
2024-09-25,9,2024-10-04,187.19
2024-09-25,10,2024-10-05,184.01
2024-09-25,11,2024-10-06,183.77
2024-09-25,12,2024-10-07,190.37
2024-09-25,13,2024-10-08,190.35
2024-09-25,14,2024-10-09,187.79
2024-09-25,15,2024-10-10,187.32
2024-09-25,16,2024-10-11,193.58
2024-09-25,17,2024-10-12,200.57
2024-09-25,18,2024-10-13,199.15
2024-09-25,19,2024-10-14,199.4
2024-09-25,20,2024-10-15,202.19
2024-09-25,21,2024-10-16,203.49
2024-09-25,22,2024-10-17,203.35
2024-09-25,23,2024-10-18,203.62
2024-09-25,24,2024-10-19,205.27
2024-09-25,25,2024-10-20,206.93
2024-09-25,26,2024-10-21,207.09
2024-09-25,27,2024-10-22,207.52
2024-09-25,28,2024-10-23,211.07
2024-09-25,29,2024-10-24,212.77
2024-09-25,30,2024-10-25,217.38
2024-09-26,1,2024-09-27,186.63
2024-09-26,2,2024-09-28,190.78
2024-09-26,3,2024-09-29,193.15
2024-09-26,4,2024-09-30,193.49
2024-09-26,5,2024-10-01,191.67
2024-09-26,6,2024-10-02,191.61
2024-09-26,7,2024-10-03,189.57
2024-09-26,8,2024-10-04,189.35
2024-09-26,9,2024-10-05,185.87
2024-09-26,10,2024-10-06,183.72
2024-09-26,11,2024-10-07,185.15
2024-09-26,12,2024-10-08,189.43
2024-09-26,13,2024-10-09,189.26
2024-09-26,14,2024-10-10,187.18
2024-09-26,15,2024-10-11,189.93
2024-09-26,16,2024-10-12,194.29
2024-09-26,17,2024-10-13,197.63
2024-09-26,18,2024-10-14,199.88
2024-09-26,19,2024-10-15,199.48
2024-09-26,20,2024-10-16,202.09
2024-09-26,21,2024-10-17,203.44
2024-09-26,22,2024-10-18,203.96
2024-09-26,23,2024-10-19,205.63
2024-09-26,24,2024-10-20,207.02
2024-09-26,25,2024-10-21,207.66
2024-09-26,26,2024-10-22,208.05
2024-09-26,27,2024-10-23,209.66
2024-09-26,28,2024-10-24,214.57
2024-09-26,29,2024-10-25,213.28
2024-09-26,30,2024-10-26,217.03
2024-09-27,1,2024-09-28,190.44
2024-09-27,2,2024-09-29,193.82
2024-09-27,3,2024-09-30,197.29
2024-09-27,4,2024-10-01,197.64
2024-09-27,5,2024-10-02,194.93
2024-09-27,6,2024-10-03,191.56
2024-09-27,7,2024-10-04,189.69
2024-09-27,8,2024-10-05,186.53
2024-09-27,9,2024-10-06,187.23
2024-09-27,10,2024-10-07,184.39
2024-09-27,11,2024-10-08,183.88
2024-09-27,12,2024-10-09,185.34
2024-09-27,13,2024-10-10,188.94
2024-09-27,14,2024-10-11,188.51
2024-09-27,15,2024-10-12,190.91
2024-09-27,16,2024-10-13,193.79
2024-09-27,17,2024-10-14,193.97
2024-09-27,18,2024-10-15,199.25
2024-09-27,19,2024-10-16,199.74
2024-09-27,20,2024-10-17,203.08
2024-09-27,21,2024-10-18,205.09
2024-09-27,22,2024-10-19,204.99
2024-09-27,23,2024-10-20,206.91
2024-09-27,24,2024-10-21,208.26
2024-09-27,25,2024-10-22,208.67
2024-09-27,26,2024-10-23,209.28
2024-09-27,27,2024-10-24,211.54
2024-09-27,28,2024-10-25,215.47
2024-09-27,29,2024-10-26,215.48
2024-09-27,30,2024-10-27,218.17
2024-09-28,1,2024-09-29,196.76
2024-09-28,2,2024-09-30,202.75
2024-09-28,3,2024-10-01,206.74
2024-09-28,4,2024-10-02,205.53
2024-09-28,5,2024-10-03,197.58
2024-09-28,6,2024-10-04,192.77
2024-09-28,7,2024-10-05,191.47
2024-09-28,8,2024-10-06,188.51
2024-09-28,9,2024-10-07,191.18
2024-09-28,10,2024-10-08,190.18
2024-09-28,11,2024-10-09,186.36
2024-09-28,12,2024-10-10,186.58
2024-09-28,13,2024-10-11,189.12
2024-09-28,14,2024-10-12,189.6
2024-09-28,15,2024-10-13,190.64
2024-09-28,16,2024-10-14,187.81
2024-09-28,17,2024-10-15,190.62
2024-09-28,18,2024-10-16,198.76
2024-09-28,19,2024-10-17,200.97
2024-09-28,20,2024-10-18,203.29
2024-09-28,21,2024-10-19,206.3
2024-09-28,22,2024-10-20,205.64
2024-09-28,23,2024-10-21,207.17
2024-09-28,24,2024-10-22,210.01
2024-09-28,25,2024-10-23,209.69
2024-09-28,26,2024-10-24,211.34
2024-09-28,27,2024-10-25,212.94
2024-09-28,28,2024-10-26,216.12
2024-09-28,29,2024-10-27,216.2
2024-09-28,30,2024-10-28,218.37
2024-09-29,1,2024-09-30,198.44
2024-09-29,2,2024-10-01,201.95
2024-09-29,3,2024-10-02,204.79
2024-09-29,4,2024-10-03,200.05
2024-09-29,5,2024-10-04,192.17
2024-09-29,6,2024-10-05,189.32
2024-09-29,7,2024-10-06,189.16
2024-09-29,8,2024-10-07,186.5
2024-09-29,9,2024-10-08,185.63
2024-09-29,10,2024-10-09,187.8
2024-09-29,11,2024-10-10,188.43
2024-09-29,12,2024-10-11,189.05
2024-09-29,13,2024-10-12,188.3
2024-09-29,14,2024-10-13,186.36
2024-09-29,15,2024-10-14,185.42
2024-09-29,16,2024-10-15,185.9
2024-09-29,17,2024-10-16,193.26
2024-09-29,18,2024-10-17,200.71
2024-09-29,19,2024-10-18,201.31
2024-09-29,20,2024-10-19,203.86
2024-09-29,21,2024-10-20,207.1
2024-09-29,22,2024-10-21,206.4
2024-09-29,23,2024-10-22,207.85
2024-09-29,24,2024-10-23,210.29
2024-09-29,25,2024-10-24,210.6
2024-09-29,26,2024-10-25,212.42
2024-09-29,27,2024-10-26,212.87
2024-09-29,28,2024-10-27,215.12
2024-09-29,29,2024-10-28,216.25
2024-09-29,30,2024-10-29,218.04
2024-09-30,1,2024-10-01,213.41
2024-09-30,2,2024-10-02,220.16
2024-09-30,3,2024-10-03,221.46
2024-09-30,4,2024-10-04,214.3
2024-09-30,5,2024-10-05,207.69
2024-09-30,6,2024-10-06,200.45
2024-09-30,7,2024-10-07,194.9
2024-09-30,8,2024-10-08,186.67
2024-09-30,9,2024-10-09,186.64
2024-09-30,10,2024-10-10,186.64
2024-09-30,11,2024-10-11,190.04
2024-09-30,12,2024-10-12,188.43
2024-09-30,13,2024-10-13,186.28
2024-09-30,14,2024-10-14,185.97
2024-09-30,15,2024-10-15,183.74
2024-09-30,16,2024-10-16,185.67
2024-09-30,17,2024-10-17,191.98
2024-09-30,18,2024-10-18,200.76
2024-09-30,19,2024-10-19,201.31
2024-09-30,20,2024-10-20,205.0
2024-09-30,21,2024-10-21,207.5
2024-09-30,22,2024-10-22,208.52
2024-09-30,23,2024-10-23,208.18
2024-09-30,24,2024-10-24,211.23
2024-09-30,25,2024-10-25,211.54
2024-09-30,26,2024-10-26,214.25
2024-09-30,27,2024-10-27,215.45
2024-09-30,28,2024-10-28,217.69
2024-09-30,29,2024-10-29,217.95
2024-09-30,30,2024-10-30,219.08
2024-10-01,1,2024-10-02,237.02
2024-10-01,2,2024-10-03,247.06
2024-10-01,3,2024-10-04,242.85
2024-10-01,4,2024-10-05,239.82
2024-10-01,5,2024-10-06,234.46
2024-10-01,6,2024-10-07,217.25
2024-10-01,7,2024-10-08,200.23
2024-10-01,8,2024-10-09,187.96
2024-10-01,9,2024-10-10,187.81
2024-10-01,10,2024-10-11,187.74
2024-10-01,11,2024-10-12,187.12
2024-10-01,12,2024-10-13,186.15
2024-10-01,13,2024-10-14,184.57
2024-10-01,14,2024-10-15,183.13
2024-10-01,15,2024-10-16,181.42
2024-10-01,16,2024-10-17,185.51
2024-10-01,17,2024-10-18,192.19
2024-10-01,18,2024-10-19,201.84
2024-10-01,19,2024-10-20,202.84
2024-10-01,20,2024-10-21,205.84
2024-10-01,21,2024-10-22,209.34
2024-10-01,22,2024-10-23,209.86
2024-10-01,23,2024-10-24,211.22
2024-10-01,24,2024-10-25,216.2
2024-10-01,25,2024-10-26,218.38
2024-10-01,26,2024-10-27,219.46
2024-10-01,27,2024-10-28,220.58
2024-10-01,28,2024-10-29,220.36
2024-10-01,29,2024-10-30,219.6
2024-10-01,30,2024-10-31,221.7
2024-10-02,1,2024-10-03,274.72
2024-10-02,2,2024-10-04,272.63
2024-10-02,3,2024-10-05,263.0
2024-10-02,4,2024-10-06,250.64
2024-10-02,5,2024-10-07,237.22
2024-10-02,6,2024-10-08,220.83
2024-10-02,7,2024-10-09,205.33
2024-10-02,8,2024-10-10,192.78
2024-10-02,9,2024-10-11,193.95
2024-10-02,10,2024-10-12,189.84
2024-10-02,11,2024-10-13,185.9
2024-10-02,12,2024-10-14,181.94
2024-10-02,13,2024-10-15,181.94
2024-10-02,14,2024-10-16,181.98
2024-10-02,15,2024-10-17,181.1
2024-10-02,16,2024-10-18,184.76
2024-10-02,17,2024-10-19,191.35
2024-10-02,18,2024-10-20,203.1
2024-10-02,19,2024-10-21,204.95
2024-10-02,20,2024-10-22,209.3
2024-10-02,21,2024-10-23,211.0
2024-10-02,22,2024-10-24,211.97
2024-10-02,23,2024-10-25,215.63
2024-10-02,24,2024-10-26,218.72
2024-10-02,25,2024-10-27,221.1
2024-10-02,26,2024-10-28,220.14
2024-10-02,27,2024-10-29,221.19
2024-10-02,28,2024-10-30,221.49
2024-10-02,29,2024-10-31,220.43
2024-10-02,30,2024-11-01,221.41
2024-10-03,1,2024-10-04,276.95
2024-10-03,2,2024-10-05,275.19
2024-10-03,3,2024-10-06,260.08
2024-10-03,4,2024-10-07,248.25
2024-10-03,5,2024-10-08,231.29
2024-10-03,6,2024-10-09,215.99
2024-10-03,7,2024-10-10,207.54
2024-10-03,8,2024-10-11,195.91
2024-10-03,9,2024-10-12,195.93
2024-10-03,10,2024-10-13,187.13
2024-10-03,11,2024-10-14,182.83
2024-10-03,12,2024-10-15,179.25
2024-10-03,13,2024-10-16,181.0
2024-10-03,14,2024-10-17,179.6
2024-10-03,15,2024-10-18,183.42
2024-10-03,16,2024-10-19,187.41
2024-10-03,17,2024-10-20,193.94
2024-10-03,18,2024-10-21,205.74
2024-10-03,19,2024-10-22,206.42
2024-10-03,20,2024-10-23,211.38
2024-10-03,21,2024-10-24,213.9
2024-10-03,22,2024-10-25,214.79
2024-10-03,23,2024-10-26,219.24
2024-10-03,24,2024-10-27,220.99
2024-10-03,25,2024-10-28,221.7
2024-10-03,26,2024-10-29,222.06
2024-10-03,27,2024-10-30,222.84
2024-10-03,28,2024-10-31,222.92
2024-10-03,29,2024-11-01,221.65
2024-10-03,30,2024-11-02,222.54
2024-10-04,1,2024-10-05,278.43
2024-10-04,2,2024-10-06,269.27
2024-10-04,3,2024-10-07,255.77
2024-10-04,4,2024-10-08,236.7
2024-10-04,5,2024-10-09,224.9
2024-10-04,6,2024-10-10,213.66
2024-10-04,7,2024-10-11,206.75
2024-10-04,8,2024-10-12,202.36
2024-10-04,9,2024-10-13,197.4
2024-10-04,10,2024-10-14,188.21
2024-10-04,11,2024-10-15,185.08
2024-10-04,12,2024-10-16,181.25
2024-10-04,13,2024-10-17,182.84
2024-10-04,14,2024-10-18,179.51
2024-10-04,15,2024-10-19,186.77
2024-10-04,16,2024-10-20,189.34
2024-10-04,17,2024-10-21,197.96
2024-10-04,18,2024-10-22,207.92
2024-10-04,19,2024-10-23,209.7
2024-10-04,20,2024-10-24,214.78
2024-10-04,21,2024-10-25,216.06
2024-10-04,22,2024-10-26,219.25
2024-10-04,23,2024-10-27,222.0
2024-10-04,24,2024-10-28,222.56
2024-10-04,25,2024-10-29,223.66
2024-10-04,26,2024-10-30,223.09
2024-10-04,27,2024-10-31,223.28
2024-10-04,28,2024-11-01,223.39
2024-10-04,29,2024-11-02,222.61
2024-10-04,30,2024-11-03,222.74
2024-10-05,1,2024-10-06,274.95
2024-10-05,2,2024-10-07,265.0
2024-10-05,3,2024-10-08,250.12
2024-10-05,4,2024-10-09,228.49
2024-10-05,5,2024-10-10,219.39
2024-10-05,6,2024-10-11,211.38
2024-10-05,7,2024-10-12,205.38
2024-10-05,8,2024-10-13,195.0
2024-10-05,9,2024-10-14,190.46
2024-10-05,10,2024-10-15,185.34
2024-10-05,11,2024-10-16,178.87
2024-10-05,12,2024-10-17,178.47
2024-10-05,13,2024-10-18,181.7
2024-10-05,14,2024-10-19,182.32
2024-10-05,15,2024-10-20,186.37
2024-10-05,16,2024-10-21,195.26
2024-10-05,17,2024-10-22,207.95
2024-10-05,18,2024-10-23,209.84
2024-10-05,19,2024-10-24,212.13
2024-10-05,20,2024-10-25,217.64
2024-10-05,21,2024-10-26,220.51
2024-10-05,22,2024-10-27,222.23
2024-10-05,23,2024-10-28,223.83
2024-10-05,24,2024-10-29,223.72
2024-10-05,25,2024-10-30,221.18
2024-10-05,26,2024-10-31,222.44
2024-10-05,27,2024-11-01,223.06
2024-10-05,28,2024-11-02,222.03
2024-10-05,29,2024-11-03,222.15
2024-10-05,30,2024-11-04,223.44
2024-10-06,1,2024-10-07,252.39
2024-10-06,2,2024-10-08,237.35
2024-10-06,3,2024-10-09,229.28
2024-10-06,4,2024-10-10,214.55
2024-10-06,5,2024-10-11,213.98
2024-10-06,6,2024-10-12,211.22
2024-10-06,7,2024-10-13,206.37
2024-10-06,8,2024-10-14,195.63
2024-10-06,9,2024-10-15,190.1
2024-10-06,10,2024-10-16,183.86
2024-10-06,11,2024-10-17,182.66
2024-10-06,12,2024-10-18,181.46
2024-10-06,13,2024-10-19,182.56
2024-10-06,14,2024-10-20,185.0
2024-10-06,15,2024-10-21,191.29
2024-10-06,16,2024-10-22,203.43
2024-10-06,17,2024-10-23,213.02
2024-10-06,18,2024-10-24,213.1
2024-10-06,19,2024-10-25,216.93
2024-10-06,20,2024-10-26,222.63
2024-10-06,21,2024-10-27,224.61
2024-10-06,22,2024-10-28,225.52
2024-10-06,23,2024-10-29,224.14
2024-10-06,24,2024-10-30,222.24
2024-10-06,25,2024-10-31,219.13
2024-10-06,26,2024-11-01,219.0
2024-10-06,27,2024-11-02,220.02
2024-10-06,28,2024-11-03,220.38
2024-10-06,29,2024-11-04,221.45
2024-10-06,30,2024-11-05,221.27
2024-10-07,1,2024-10-08,237.07
2024-10-07,2,2024-10-09,228.86
2024-10-07,3,2024-10-10,220.14
2024-10-07,4,2024-10-11,211.04
2024-10-07,5,2024-10-12,212.07
2024-10-07,6,2024-10-13,209.09
2024-10-07,7,2024-10-14,200.45
2024-10-07,8,2024-10-15,190.02
2024-10-07,9,2024-10-16,186.21
2024-10-07,10,2024-10-17,184.56
2024-10-07,11,2024-10-18,184.08
2024-10-07,12,2024-10-19,190.18
2024-10-07,13,2024-10-20,194.8
2024-10-07,14,2024-10-21,199.09
2024-10-07,15,2024-10-22,201.71
2024-10-07,16,2024-10-23,211.99
2024-10-07,17,2024-10-24,224.63
2024-10-07,18,2024-10-25,217.68
2024-10-07,19,2024-10-26,222.04
2024-10-07,20,2024-10-27,224.55
2024-10-07,21,2024-10-28,226.17
2024-10-07,22,2024-10-29,225.66
2024-10-07,23,2024-10-30,223.56
2024-10-07,24,2024-10-31,222.01
2024-10-07,25,2024-11-01,220.2
2024-10-07,26,2024-11-02,218.89
2024-10-07,27,2024-11-03,219.12
2024-10-07,28,2024-11-04,220.45
2024-10-07,29,2024-11-05,220.74
2024-10-07,30,2024-11-06,221.12
2024-10-08,1,2024-10-09,216.03
2024-10-08,2,2024-10-10,204.47
2024-10-08,3,2024-10-11,199.74
2024-10-08,4,2024-10-12,199.26
2024-10-08,5,2024-10-13,202.36
2024-10-08,6,2024-10-14,203.45
2024-10-08,7,2024-10-15,201.26
2024-10-08,8,2024-10-16,195.57
2024-10-08,9,2024-10-17,193.49
2024-10-08,10,2024-10-18,191.98
2024-10-08,11,2024-10-19,193.74
2024-10-08,12,2024-10-20,199.33
2024-10-08,13,2024-10-21,203.7
2024-10-08,14,2024-10-22,209.47
2024-10-08,15,2024-10-23,217.02
2024-10-08,16,2024-10-24,224.66
2024-10-08,17,2024-10-25,232.27
2024-10-08,18,2024-10-26,222.16
2024-10-08,19,2024-10-27,225.3
2024-10-08,20,2024-10-28,226.7
2024-10-08,21,2024-10-29,227.18
2024-10-08,22,2024-10-30,224.72
2024-10-08,23,2024-10-31,221.57
2024-10-08,24,2024-11-01,219.34
2024-10-08,25,2024-11-02,220.97
2024-10-08,26,2024-11-03,220.09
2024-10-08,27,2024-11-04,219.55
2024-10-08,28,2024-11-05,221.23
2024-10-08,29,2024-11-06,219.8
2024-10-08,30,2024-11-07,220.72
2024-10-09,1,2024-10-10,211.67
2024-10-09,2,2024-10-11,204.3
2024-10-09,3,2024-10-12,203.69
2024-10-09,4,2024-10-13,199.35
2024-10-09,5,2024-10-14,200.23
2024-10-09,6,2024-10-15,202.93
2024-10-09,7,2024-10-16,202.3
2024-10-09,8,2024-10-17,204.95
2024-10-09,9,2024-10-18,198.25
2024-10-09,10,2024-10-19,197.86
2024-10-09,11,2024-10-20,201.33
2024-10-09,12,2024-10-21,204.8
2024-10-09,13,2024-10-22,210.5
2024-10-09,14,2024-10-23,215.79
2024-10-09,15,2024-10-24,223.07
2024-10-09,16,2024-10-25,231.53
2024-10-09,17,2024-10-26,236.72
2024-10-09,18,2024-10-27,226.69
2024-10-09,19,2024-10-28,226.79
2024-10-09,20,2024-10-29,227.31
2024-10-09,21,2024-10-30,225.64
2024-10-09,22,2024-10-31,223.0
2024-10-09,23,2024-11-01,221.2
2024-10-09,24,2024-11-02,220.03
2024-10-09,25,2024-11-03,221.17
2024-10-09,26,2024-11-04,219.12
2024-10-09,27,2024-11-05,219.34
2024-10-09,28,2024-11-06,220.61
2024-10-09,29,2024-11-07,218.15
2024-10-09,30,2024-11-08,219.38
2024-10-10,1,2024-10-11,208.59
2024-10-10,2,2024-10-12,202.28
2024-10-10,3,2024-10-13,200.4
2024-10-10,4,2024-10-14,191.35
2024-10-10,5,2024-10-15,194.7
2024-10-10,6,2024-10-16,195.25
2024-10-10,7,2024-10-17,195.62
2024-10-10,8,2024-10-18,200.72
2024-10-10,9,2024-10-19,199.91
2024-10-10,10,2024-10-20,200.1
2024-10-10,11,2024-10-21,206.18
2024-10-10,12,2024-10-22,212.91
2024-10-10,13,2024-10-23,217.01
2024-10-10,14,2024-10-24,225.58
2024-10-10,15,2024-10-25,228.07
2024-10-10,16,2024-10-26,236.09
2024-10-10,17,2024-10-27,244.43
2024-10-10,18,2024-10-28,227.95
2024-10-10,19,2024-10-29,226.89
2024-10-10,20,2024-10-30,225.66
2024-10-10,21,2024-10-31,223.76
2024-10-10,22,2024-11-01,222.17
2024-10-10,23,2024-11-02,220.93
2024-10-10,24,2024-11-03,220.04
2024-10-10,25,2024-11-04,220.06
2024-10-10,26,2024-11-05,218.46
2024-10-10,27,2024-11-06,218.3
2024-10-10,28,2024-11-07,218.67
2024-10-10,29,2024-11-08,216.91
2024-10-10,30,2024-11-09,218.31
2024-10-11,1,2024-10-12,209.01
2024-10-11,2,2024-10-13,201.0
2024-10-11,3,2024-10-14,194.18
2024-10-11,4,2024-10-15,186.63
2024-10-11,5,2024-10-16,190.11
2024-10-11,6,2024-10-17,190.98
2024-10-11,7,2024-10-18,195.08
2024-10-11,8,2024-10-19,198.23
2024-10-11,9,2024-10-20,199.24
2024-10-11,10,2024-10-21,205.55
2024-10-11,11,2024-10-22,214.27
2024-10-11,12,2024-10-23,220.71
2024-10-11,13,2024-10-24,222.86
2024-10-11,14,2024-10-25,230.25
2024-10-11,15,2024-10-26,235.41
2024-10-11,16,2024-10-27,240.81
2024-10-11,17,2024-10-28,245.36
2024-10-11,18,2024-10-29,227.67
2024-10-11,19,2024-10-30,224.94
2024-10-11,20,2024-10-31,224.66
2024-10-11,21,2024-11-01,222.11
2024-10-11,22,2024-11-02,221.96
2024-10-11,23,2024-11-03,220.21
2024-10-11,24,2024-11-04,219.6
2024-10-11,25,2024-11-05,220.17
2024-10-11,26,2024-11-06,218.22
2024-10-11,27,2024-11-07,218.79
2024-10-11,28,2024-11-08,218.88
2024-10-11,29,2024-11-09,216.26
2024-10-11,30,2024-11-10,217.02
2024-10-12,1,2024-10-13,209.21
2024-10-12,2,2024-10-14,202.04
2024-10-12,3,2024-10-15,197.47
2024-10-12,4,2024-10-16,195.81
2024-10-12,5,2024-10-17,192.14
2024-10-12,6,2024-10-18,193.41
2024-10-12,7,2024-10-19,195.11
2024-10-12,8,2024-10-20,202.58
2024-10-12,9,2024-10-21,204.34
2024-10-12,10,2024-10-22,209.76
2024-10-12,11,2024-10-23,220.51
2024-10-12,12,2024-10-24,228.84
2024-10-12,13,2024-10-25,230.11
2024-10-12,14,2024-10-26,234.07
2024-10-12,15,2024-10-27,238.71
2024-10-12,16,2024-10-28,238.54
2024-10-12,17,2024-10-29,245.4
2024-10-12,18,2024-10-30,225.84
2024-10-12,19,2024-10-31,222.76
2024-10-12,20,2024-11-01,224.26
2024-10-12,21,2024-11-02,221.12
2024-10-12,22,2024-11-03,220.82
2024-10-12,23,2024-11-04,218.05
2024-10-12,24,2024-11-05,218.81
2024-10-12,25,2024-11-06,218.75
2024-10-12,26,2024-11-07,216.46
2024-10-12,27,2024-11-08,217.91
2024-10-12,28,2024-11-09,216.98
2024-10-12,29,2024-11-10,215.83
2024-10-12,30,2024-11-11,217.5
2024-10-13,1,2024-10-14,193.44
2024-10-13,2,2024-10-15,186.66
2024-10-13,3,2024-10-16,183.83
2024-10-13,4,2024-10-17,184.97
2024-10-13,5,2024-10-18,181.89
2024-10-13,6,2024-10-19,183.52
2024-10-13,7,2024-10-20,188.91
2024-10-13,8,2024-10-21,200.82
2024-10-13,9,2024-10-22,210.64
2024-10-13,10,2024-10-23,218.69
2024-10-13,11,2024-10-24,231.43
2024-10-13,12,2024-10-25,234.24
2024-10-13,13,2024-10-26,237.72
2024-10-13,14,2024-10-27,239.78
2024-10-13,15,2024-10-28,239.68
2024-10-13,16,2024-10-29,242.26
2024-10-13,17,2024-10-30,241.27
2024-10-13,18,2024-10-31,226.85
2024-10-13,19,2024-11-01,222.74
2024-10-13,20,2024-11-02,223.65
2024-10-13,21,2024-11-03,221.42
2024-10-13,22,2024-11-04,221.06
2024-10-13,23,2024-11-05,216.99
2024-10-13,24,2024-11-06,218.87
2024-10-13,25,2024-11-07,218.01
2024-10-13,26,2024-11-08,214.85
2024-10-13,27,2024-11-09,214.62
2024-10-13,28,2024-11-10,215.17
2024-10-13,29,2024-11-11,215.5
2024-10-13,30,2024-11-12,217.88
2024-10-14,1,2024-10-15,185.96
2024-10-14,2,2024-10-16,180.47
2024-10-14,3,2024-10-17,177.74
2024-10-14,4,2024-10-18,181.65
2024-10-14,5,2024-10-19,180.89
2024-10-14,6,2024-10-20,185.65
2024-10-14,7,2024-10-21,192.85
2024-10-14,8,2024-10-22,207.48
2024-10-14,9,2024-10-23,217.22
2024-10-14,10,2024-10-24,223.7
2024-10-14,11,2024-10-25,236.13
2024-10-14,12,2024-10-26,241.0
2024-10-14,13,2024-10-27,241.21
2024-10-14,14,2024-10-28,240.38
2024-10-14,15,2024-10-29,237.18
2024-10-14,16,2024-10-30,239.84
2024-10-14,17,2024-10-31,242.64
2024-10-14,18,2024-11-01,224.81
2024-10-14,19,2024-11-02,223.27
2024-10-14,20,2024-11-03,223.71
2024-10-14,21,2024-11-04,221.94
2024-10-14,22,2024-11-05,220.2
2024-10-14,23,2024-11-06,216.5
2024-10-14,24,2024-11-07,217.6
2024-10-14,25,2024-11-08,218.72
2024-10-14,26,2024-11-09,213.77
2024-10-14,27,2024-11-10,214.11
2024-10-14,28,2024-11-11,213.64
2024-10-14,29,2024-11-12,213.18
2024-10-14,30,2024-11-13,216.82
2024-10-15,1,2024-10-16,177.6
2024-10-15,2,2024-10-17,169.44
2024-10-15,3,2024-10-18,166.54
2024-10-15,4,2024-10-19,172.9
2024-10-15,5,2024-10-20,177.99
2024-10-15,6,2024-10-21,188.08
2024-10-15,7,2024-10-22,200.36
2024-10-15,8,2024-10-23,211.18
2024-10-15,9,2024-10-24,218.32
2024-10-15,10,2024-10-25,228.63
2024-10-15,11,2024-10-26,235.91
2024-10-15,12,2024-10-27,244.21
2024-10-15,13,2024-10-28,240.46
2024-10-15,14,2024-10-29,241.46
2024-10-15,15,2024-10-30,238.27
2024-10-15,16,2024-10-31,238.68
2024-10-15,17,2024-11-01,241.69
2024-10-15,18,2024-11-02,226.04
2024-10-15,19,2024-11-03,223.95
2024-10-15,20,2024-11-04,222.77
2024-10-15,21,2024-11-05,220.3
2024-10-15,22,2024-11-06,219.1
2024-10-15,23,2024-11-07,217.26
2024-10-15,24,2024-11-08,215.55
2024-10-15,25,2024-11-09,214.81
2024-10-15,26,2024-11-10,211.48
2024-10-15,27,2024-11-11,210.79
2024-10-15,28,2024-11-12,211.99
2024-10-15,29,2024-11-13,212.2
2024-10-15,30,2024-11-14,216.49
2024-10-16,1,2024-10-17,176.59
2024-10-16,2,2024-10-18,175.33
2024-10-16,3,2024-10-19,174.29
2024-10-16,4,2024-10-20,182.53
2024-10-16,5,2024-10-21,185.99
2024-10-16,6,2024-10-22,191.94
2024-10-16,7,2024-10-23,205.71
2024-10-16,8,2024-10-24,219.25
2024-10-16,9,2024-10-25,224.78
2024-10-16,10,2024-10-26,233.47
2024-10-16,11,2024-10-27,244.73
2024-10-16,12,2024-10-28,245.02
2024-10-16,13,2024-10-29,243.57
2024-10-16,14,2024-10-30,240.83
2024-10-16,15,2024-10-31,237.03
2024-10-16,16,2024-11-01,238.39
2024-10-16,17,2024-11-02,238.28
2024-10-16,18,2024-11-03,225.34
2024-10-16,19,2024-11-04,221.31
2024-10-16,20,2024-11-05,221.63
2024-10-16,21,2024-11-06,220.47
2024-10-16,22,2024-11-07,218.89
2024-10-16,23,2024-11-08,215.85
2024-10-16,24,2024-11-09,213.6
2024-10-16,25,2024-11-10,213.38
2024-10-16,26,2024-11-11,210.01
2024-10-16,27,2024-11-12,209.81
2024-10-16,28,2024-11-13,212.09
2024-10-16,29,2024-11-14,211.35
2024-10-16,30,2024-11-15,216.86
2024-10-17,1,2024-10-18,183.7
2024-10-17,2,2024-10-19,184.46
2024-10-17,3,2024-10-20,181.64
2024-10-17,4,2024-10-21,188.98
2024-10-17,5,2024-10-22,194.77
2024-10-17,6,2024-10-23,200.04
2024-10-17,7,2024-10-24,210.65
2024-10-17,8,2024-10-25,221.08
2024-10-17,9,2024-10-26,227.3
2024-10-17,10,2024-10-27,234.82
2024-10-17,11,2024-10-28,240.48
2024-10-17,12,2024-10-29,242.8
2024-10-17,13,2024-10-30,241.31
2024-10-17,14,2024-10-31,241.38
2024-10-17,15,2024-11-01,234.13
2024-10-17,16,2024-11-02,234.94
2024-10-17,17,2024-11-03,231.43
2024-10-17,18,2024-11-04,222.25
2024-10-17,19,2024-11-05,219.88
2024-10-17,20,2024-11-06,219.55
2024-10-17,21,2024-11-07,217.49
2024-10-17,22,2024-11-08,214.55
2024-10-17,23,2024-11-09,213.38
2024-10-17,24,2024-11-10,211.94
2024-10-17,25,2024-11-11,212.85
2024-10-17,26,2024-11-12,210.36
2024-10-17,27,2024-11-13,209.82
2024-10-17,28,2024-11-14,212.52
2024-10-17,29,2024-11-15,212.51
2024-10-17,30,2024-11-16,217.97
2024-10-18,1,2024-10-19,173.75
2024-10-18,2,2024-10-20,176.12
2024-10-18,3,2024-10-21,177.91
2024-10-18,4,2024-10-22,190.09
2024-10-18,5,2024-10-23,197.37
2024-10-18,6,2024-10-24,203.64
2024-10-18,7,2024-10-25,216.2
2024-10-18,8,2024-10-26,226.68
2024-10-18,9,2024-10-27,231.42
2024-10-18,10,2024-10-28,235.61
2024-10-18,11,2024-10-29,244.5
2024-10-18,12,2024-10-30,238.65
2024-10-18,13,2024-10-31,239.37
2024-10-18,14,2024-11-01,238.54
2024-10-18,15,2024-11-02,235.72
2024-10-18,16,2024-11-03,235.31
2024-10-18,17,2024-11-04,228.24
2024-10-18,18,2024-11-05,220.18
2024-10-18,19,2024-11-06,218.97
2024-10-18,20,2024-11-07,216.84
2024-10-18,21,2024-11-08,215.03
2024-10-18,22,2024-11-09,212.25
2024-10-18,23,2024-11-10,210.56
2024-10-18,24,2024-11-11,209.69
2024-10-18,25,2024-11-12,211.08
2024-10-18,26,2024-11-13,209.3
2024-10-18,27,2024-11-14,209.63
2024-10-18,28,2024-11-15,211.42
2024-10-18,29,2024-11-16,211.69
2024-10-18,30,2024-11-17,217.63
2024-10-19,1,2024-10-20,171.39
2024-10-19,2,2024-10-21,175.32
2024-10-19,3,2024-10-22,182.67
2024-10-19,4,2024-10-23,189.1
2024-10-19,5,2024-10-24,199.54
2024-10-19,6,2024-10-25,212.91
2024-10-19,7,2024-10-26,219.75
2024-10-19,8,2024-10-27,226.36
2024-10-19,9,2024-10-28,230.48
2024-10-19,10,2024-10-29,236.17
2024-10-19,11,2024-10-30,243.01
2024-10-19,12,2024-10-31,242.86
2024-10-19,13,2024-11-01,240.76
2024-10-19,14,2024-11-02,238.28
2024-10-19,15,2024-11-03,234.53
2024-10-19,16,2024-11-04,231.35
2024-10-19,17,2024-11-05,224.39
2024-10-19,18,2024-11-06,215.93
2024-10-19,19,2024-11-07,215.98
2024-10-19,20,2024-11-08,213.41
2024-10-19,21,2024-11-09,209.6
2024-10-19,22,2024-11-10,209.45
2024-10-19,23,2024-11-11,211.08
2024-10-19,24,2024-11-12,210.09
2024-10-19,25,2024-11-13,210.4
2024-10-19,26,2024-11-14,208.23
2024-10-19,27,2024-11-15,209.07
2024-10-19,28,2024-11-16,211.16
2024-10-19,29,2024-11-17,212.09
2024-10-19,30,2024-11-18,217.23
2024-10-20,1,2024-10-21,174.43
2024-10-20,2,2024-10-22,179.63
2024-10-20,3,2024-10-23,187.93
2024-10-20,4,2024-10-24,196.71
2024-10-20,5,2024-10-25,208.22
2024-10-20,6,2024-10-26,218.94
2024-10-20,7,2024-10-27,228.5
2024-10-20,8,2024-10-28,232.76
2024-10-20,9,2024-10-29,234.42
2024-10-20,10,2024-10-30,237.48
2024-10-20,11,2024-10-31,248.95
2024-10-20,12,2024-11-01,240.4
2024-10-20,13,2024-11-02,237.57
2024-10-20,14,2024-11-03,235.88
2024-10-20,15,2024-11-04,230.09
2024-10-20,16,2024-11-05,230.14
2024-10-20,17,2024-11-06,225.48
2024-10-20,18,2024-11-07,214.15
2024-10-20,19,2024-11-08,210.45
2024-10-20,20,2024-11-09,209.76
2024-10-20,21,2024-11-10,208.51
2024-10-20,22,2024-11-11,208.13
2024-10-20,23,2024-11-12,208.86
2024-10-20,24,2024-11-13,208.34
2024-10-20,25,2024-11-14,209.78
2024-10-20,26,2024-11-15,209.25
2024-10-20,27,2024-11-16,209.13
2024-10-20,28,2024-11-17,211.21
2024-10-20,29,2024-11-18,212.26
2024-10-20,30,2024-11-19,216.53
2024-10-21,1,2024-10-22,185.89
2024-10-21,2,2024-10-23,194.61
2024-10-21,3,2024-10-24,202.36
2024-10-21,4,2024-10-25,210.47
2024-10-21,5,2024-10-26,220.96
2024-10-21,6,2024-10-27,228.04
2024-10-21,7,2024-10-28,231.66
2024-10-21,8,2024-10-29,237.41
2024-10-21,9,2024-10-30,236.88
2024-10-21,10,2024-10-31,236.82
2024-10-21,11,2024-11-01,245.14
2024-10-21,12,2024-11-02,243.17
2024-10-21,13,2024-11-03,239.48
2024-10-21,14,2024-11-04,234.46
2024-10-21,15,2024-11-05,229.53
2024-10-21,16,2024-11-06,223.74
2024-10-21,17,2024-11-07,224.85
2024-10-21,18,2024-11-08,209.86
2024-10-21,19,2024-11-09,208.19
2024-10-21,20,2024-11-10,208.0
2024-10-21,21,2024-11-11,207.99
2024-10-21,22,2024-11-12,207.75
2024-10-21,23,2024-11-13,208.16
2024-10-21,24,2024-11-14,208.55
2024-10-21,25,2024-11-15,209.32
2024-10-21,26,2024-11-16,209.01
2024-10-21,27,2024-11-17,209.91
2024-10-21,28,2024-11-18,210.72
2024-10-21,29,2024-11-19,213.22
2024-10-21,30,2024-11-20,215.63
2024-10-22,1,2024-10-23,185.89
2024-10-22,2,2024-10-24,195.58
2024-10-22,3,2024-10-25,200.91
2024-10-22,4,2024-10-26,210.31
2024-10-22,5,2024-10-27,216.14
2024-10-22,6,2024-10-28,223.12
2024-10-22,7,2024-10-29,227.43
2024-10-22,8,2024-10-30,231.59
2024-10-22,9,2024-10-31,234.31
2024-10-22,10,2024-11-01,237.7
2024-10-22,11,2024-11-02,242.25
2024-10-22,12,2024-11-03,237.01
2024-10-22,13,2024-11-04,234.23
2024-10-22,14,2024-11-05,229.7
2024-10-22,15,2024-11-06,225.36
2024-10-22,16,2024-11-07,219.6
2024-10-22,17,2024-11-08,220.59
2024-10-22,18,2024-11-09,204.83
2024-10-22,19,2024-11-10,205.64
2024-10-22,20,2024-11-11,205.43
2024-10-22,21,2024-11-12,206.11
2024-10-22,22,2024-11-13,206.28
2024-10-22,23,2024-11-14,207.29
2024-10-22,24,2024-11-15,208.32
2024-10-22,25,2024-11-16,209.0
2024-10-22,26,2024-11-17,209.82
2024-10-22,27,2024-11-18,209.77
2024-10-22,28,2024-11-19,212.19
2024-10-22,29,2024-11-20,214.76
2024-10-22,30,2024-11-21,218.17
2024-10-23,1,2024-10-24,197.61
2024-10-23,2,2024-10-25,208.35
2024-10-23,3,2024-10-26,215.55
2024-10-23,4,2024-10-27,224.53
2024-10-23,5,2024-10-28,225.59
2024-10-23,6,2024-10-29,232.83
2024-10-23,7,2024-10-30,233.8
2024-10-23,8,2024-10-31,238.3
2024-10-23,9,2024-11-01,240.27
2024-10-23,10,2024-11-02,237.74
2024-10-23,11,2024-11-03,238.69
2024-10-23,12,2024-11-04,238.87
2024-10-23,13,2024-11-05,230.41
2024-10-23,14,2024-11-06,226.8
2024-10-23,15,2024-11-07,217.81
2024-10-23,16,2024-11-08,212.48
2024-10-23,17,2024-11-09,211.98
2024-10-23,18,2024-11-10,202.88
2024-10-23,19,2024-11-11,203.13
2024-10-23,20,2024-11-12,204.4
2024-10-23,21,2024-11-13,205.54
2024-10-23,22,2024-11-14,206.99
2024-10-23,23,2024-11-15,207.67
2024-10-23,24,2024-11-16,208.49
2024-10-23,25,2024-11-17,209.17
2024-10-23,26,2024-11-18,209.94
2024-10-23,27,2024-11-19,212.1
2024-10-23,28,2024-11-20,212.25
2024-10-23,29,2024-11-21,214.61
2024-10-23,30,2024-11-22,218.43
2024-10-24,1,2024-10-25,216.98
2024-10-24,2,2024-10-26,227.2
2024-10-24,3,2024-10-27,234.38
2024-10-24,4,2024-10-28,242.72
2024-10-24,5,2024-10-29,243.82
2024-10-24,6,2024-10-30,246.94
2024-10-24,7,2024-10-31,247.67
2024-10-24,8,2024-11-01,247.15
2024-10-24,9,2024-11-02,239.7
2024-10-24,10,2024-11-03,236.03
2024-10-24,11,2024-11-04,235.95
2024-10-24,12,2024-11-05,231.19
2024-10-24,13,2024-11-06,226.0
2024-10-24,14,2024-11-07,217.06
2024-10-24,15,2024-11-08,210.77
2024-10-24,16,2024-11-09,202.1
2024-10-24,17,2024-11-10,198.61
2024-10-24,18,2024-11-11,201.72
2024-10-24,19,2024-11-12,201.73
2024-10-24,20,2024-11-13,203.54
2024-10-24,21,2024-11-14,206.1
2024-10-24,22,2024-11-15,206.29
2024-10-24,23,2024-11-16,205.86
2024-10-24,24,2024-11-17,210.15
2024-10-24,25,2024-11-18,209.76
2024-10-24,26,2024-11-19,210.99
2024-10-24,27,2024-11-20,211.92
2024-10-24,28,2024-11-21,214.41
2024-10-24,29,2024-11-22,215.27
2024-10-24,30,2024-11-23,221.53
2024-10-25,1,2024-10-26,232.81
2024-10-25,2,2024-10-27,241.91
2024-10-25,3,2024-10-28,249.0
2024-10-25,4,2024-10-29,252.37
2024-10-25,5,2024-10-30,254.33
2024-10-25,6,2024-10-31,253.36
2024-10-25,7,2024-11-01,254.89
2024-10-25,8,2024-11-02,246.89
2024-10-25,9,2024-11-03,238.29
2024-10-25,10,2024-11-04,234.28
2024-10-25,11,2024-11-05,233.86
2024-10-25,12,2024-11-06,227.68
2024-10-25,13,2024-11-07,218.66
2024-10-25,14,2024-11-08,208.08
2024-10-25,15,2024-11-09,202.15
2024-10-25,16,2024-11-10,199.7
2024-10-25,17,2024-11-11,203.5
2024-10-25,18,2024-11-12,201.37
2024-10-25,19,2024-11-13,200.83
2024-10-25,20,2024-11-14,205.02
2024-10-25,21,2024-11-15,206.49
2024-10-25,22,2024-11-16,205.37
2024-10-25,23,2024-11-17,207.29
2024-10-25,24,2024-11-18,211.99
2024-10-25,25,2024-11-19,212.98
2024-10-25,26,2024-11-20,215.17
2024-10-25,27,2024-11-21,218.8
2024-10-25,28,2024-11-22,218.29
2024-10-25,29,2024-11-23,219.07
2024-10-25,30,2024-11-24,221.35
2024-10-26,1,2024-10-27,255.34
2024-10-26,2,2024-10-28,262.23
2024-10-26,3,2024-10-29,271.49
2024-10-26,4,2024-10-30,269.44
2024-10-26,5,2024-10-31,268.87
2024-10-26,6,2024-11-01,258.84
2024-10-26,7,2024-11-02,255.65
2024-10-26,8,2024-11-03,242.65
2024-10-26,9,2024-11-04,237.16
2024-10-26,10,2024-11-05,231.27
2024-10-26,11,2024-11-06,231.35
2024-10-26,12,2024-11-07,220.42
2024-10-26,13,2024-11-08,210.43
2024-10-26,14,2024-11-09,203.15
2024-10-26,15,2024-11-10,198.15
2024-10-26,16,2024-11-11,194.2
2024-10-26,17,2024-11-12,196.24
2024-10-26,18,2024-11-13,202.18
2024-10-26,19,2024-11-14,202.25
2024-10-26,20,2024-11-15,205.12
2024-10-26,21,2024-11-16,206.8
2024-10-26,22,2024-11-17,207.16
2024-10-26,23,2024-11-18,208.44
2024-10-26,24,2024-11-19,213.2
2024-10-26,25,2024-11-20,217.24
2024-10-26,26,2024-11-21,217.4
2024-10-26,27,2024-11-22,221.91
2024-10-26,28,2024-11-23,221.76
2024-10-26,29,2024-11-24,222.89
2024-10-26,30,2024-11-25,223.35
2024-10-27,1,2024-10-28,260.74
2024-10-27,2,2024-10-29,271.04
2024-10-27,3,2024-10-30,280.76
2024-10-27,4,2024-10-31,277.91
2024-10-27,5,2024-11-01,275.49
2024-10-27,6,2024-11-02,263.41
2024-10-27,7,2024-11-03,252.76
2024-10-27,8,2024-11-04,241.34
2024-10-27,9,2024-11-05,233.36
2024-10-27,10,2024-11-06,227.62
2024-10-27,11,2024-11-07,223.61
2024-10-27,12,2024-11-08,212.66
2024-10-27,13,2024-11-09,205.06
2024-10-27,14,2024-11-10,200.88
2024-10-27,15,2024-11-11,196.39
2024-10-27,16,2024-11-12,191.46
2024-10-27,17,2024-11-13,192.27
2024-10-27,18,2024-11-14,199.98
2024-10-27,19,2024-11-15,201.25
2024-10-27,20,2024-11-16,205.47
2024-10-27,21,2024-11-17,207.73
2024-10-27,22,2024-11-18,208.4
2024-10-27,23,2024-11-19,211.16
2024-10-27,24,2024-11-20,214.47
2024-10-27,25,2024-11-21,218.58
2024-10-27,26,2024-11-22,220.8
2024-10-27,27,2024-11-23,223.9
2024-10-27,28,2024-11-24,223.54
2024-10-27,29,2024-11-25,222.88
2024-10-27,30,2024-11-26,222.66
2024-10-28,1,2024-10-29,270.36
2024-10-28,2,2024-10-30,275.25
2024-10-28,3,2024-10-31,277.93
2024-10-28,4,2024-11-01,275.61
2024-10-28,5,2024-11-02,267.11
2024-10-28,6,2024-11-03,259.13
2024-10-28,7,2024-11-04,246.95
2024-10-28,8,2024-11-05,232.6
2024-10-28,9,2024-11-06,224.75
2024-10-28,10,2024-11-07,223.67
2024-10-28,11,2024-11-08,216.3
2024-10-28,12,2024-11-09,203.24
2024-10-28,13,2024-11-10,199.94
2024-10-28,14,2024-11-11,196.56
2024-10-28,15,2024-11-12,191.12
2024-10-28,16,2024-11-13,188.8
2024-10-28,17,2024-11-14,191.02
2024-10-28,18,2024-11-15,201.58
2024-10-28,19,2024-11-16,202.64
2024-10-28,20,2024-11-17,205.29
2024-10-28,21,2024-11-18,209.77
2024-10-28,22,2024-11-19,209.85
2024-10-28,23,2024-11-20,214.7
2024-10-28,24,2024-11-21,217.03
2024-10-28,25,2024-11-22,222.16
2024-10-28,26,2024-11-23,221.14
2024-10-28,27,2024-11-24,222.69
2024-10-28,28,2024-11-25,222.52
2024-10-28,29,2024-11-26,221.44
2024-10-28,30,2024-11-27,221.94
2024-10-29,1,2024-10-30,270.89
2024-10-29,2,2024-10-31,278.13
2024-10-29,3,2024-11-01,270.19
2024-10-29,4,2024-11-02,262.42
2024-10-29,5,2024-11-03,261.97
2024-10-29,6,2024-11-04,258.91
2024-10-29,7,2024-11-05,248.03
2024-10-29,8,2024-11-06,238.57
2024-10-29,9,2024-11-07,226.81
2024-10-29,10,2024-11-08,218.16
2024-10-29,11,2024-11-09,209.76
2024-10-29,12,2024-11-10,199.91
2024-10-29,13,2024-11-11,196.66
2024-10-29,14,2024-11-12,194.63
2024-10-29,15,2024-11-13,189.26
2024-10-29,16,2024-11-14,187.55
2024-10-29,17,2024-11-15,190.79
2024-10-29,18,2024-11-16,202.99
2024-10-29,19,2024-11-17,202.81
2024-10-29,20,2024-11-18,207.36
2024-10-29,21,2024-11-19,210.02
2024-10-29,22,2024-11-20,213.05
2024-10-29,23,2024-11-21,216.09
2024-10-29,24,2024-11-22,217.97
2024-10-29,25,2024-11-23,221.05
2024-10-29,26,2024-11-24,221.32
2024-10-29,27,2024-11-25,222.54
2024-10-29,28,2024-11-26,222.24
2024-10-29,29,2024-11-27,220.83
2024-10-29,30,2024-11-28,221.68
2024-10-30,1,2024-10-31,273.54
2024-10-30,2,2024-11-01,270.08
2024-10-30,3,2024-11-02,264.95
2024-10-30,4,2024-11-03,254.89
2024-10-30,5,2024-11-04,252.27
2024-10-30,6,2024-11-05,249.03
2024-10-30,7,2024-11-06,239.91
2024-10-30,8,2024-11-07,236.59
2024-10-30,9,2024-11-08,214.69
2024-10-30,10,2024-11-09,206.21
2024-10-30,11,2024-11-10,199.46
2024-10-30,12,2024-11-11,191.1
2024-10-30,13,2024-11-12,190.45
2024-10-30,14,2024-11-13,187.46
2024-10-30,15,2024-11-14,187.11
2024-10-30,16,2024-11-15,184.0
2024-10-30,17,2024-11-16,185.01
2024-10-30,18,2024-11-17,204.51
2024-10-30,19,2024-11-18,205.75
2024-10-30,20,2024-11-19,211.07
2024-10-30,21,2024-11-20,214.07
2024-10-30,22,2024-11-21,216.82
2024-10-30,23,2024-11-22,218.66
2024-10-30,24,2024-11-23,219.71
2024-10-30,25,2024-11-24,220.48
2024-10-30,26,2024-11-25,221.3
2024-10-30,27,2024-11-26,220.11
2024-10-30,28,2024-11-27,221.11
2024-10-30,29,2024-11-28,219.76
2024-10-30,30,2024-11-29,220.42
2024-10-31,1,2024-11-01,267.0
2024-10-31,2,2024-11-02,259.83
2024-10-31,3,2024-11-03,251.93
2024-10-31,4,2024-11-04,245.58
2024-10-31,5,2024-11-05,243.69
2024-10-31,6,2024-11-06,235.79
2024-10-31,7,2024-11-07,231.57
2024-10-31,8,2024-11-08,222.65
2024-10-31,9,2024-11-09,205.8
2024-10-31,10,2024-11-10,200.7
2024-10-31,11,2024-11-11,193.07
2024-10-31,12,2024-11-12,192.51
2024-10-31,13,2024-11-13,189.93
2024-10-31,14,2024-11-14,189.83
2024-10-31,15,2024-11-15,188.29
2024-10-31,16,2024-11-16,185.92
2024-10-31,17,2024-11-17,187.92
2024-10-31,18,2024-11-18,205.27
2024-10-31,19,2024-11-19,206.78
2024-10-31,20,2024-11-20,212.79
2024-10-31,21,2024-11-21,215.85
2024-10-31,22,2024-11-22,219.92
2024-10-31,23,2024-11-23,219.18
2024-10-31,24,2024-11-24,219.74
2024-10-31,25,2024-11-25,221.32
2024-10-31,26,2024-11-26,220.1
2024-10-31,27,2024-11-27,221.35
2024-10-31,28,2024-11-28,221.44
2024-10-31,29,2024-11-29,219.88
2024-10-31,30,2024-11-30,220.51
2024-11-01,1,2024-11-02,256.6
2024-11-01,2,2024-11-03,245.74
2024-11-01,3,2024-11-04,241.73
2024-11-01,4,2024-11-05,235.88
2024-11-01,5,2024-11-06,230.97
2024-11-01,6,2024-11-07,228.77
2024-11-01,7,2024-11-08,223.14
2024-11-01,8,2024-11-09,216.03
2024-11-01,9,2024-11-10,203.18
2024-11-01,10,2024-11-11,198.24
2024-11-01,11,2024-11-12,195.43
2024-11-01,12,2024-11-13,192.68
2024-11-01,13,2024-11-14,195.8
2024-11-01,14,2024-11-15,191.16
2024-11-01,15,2024-11-16,194.56
2024-11-01,16,2024-11-17,194.61
2024-11-01,17,2024-11-18,195.63
2024-11-01,18,2024-11-19,208.1
2024-11-01,19,2024-11-20,210.35
2024-11-01,20,2024-11-21,214.53
2024-11-01,21,2024-11-22,219.66
2024-11-01,22,2024-11-23,220.5
2024-11-01,23,2024-11-24,219.38
2024-11-01,24,2024-11-25,222.13
2024-11-01,25,2024-11-26,221.58
2024-11-01,26,2024-11-27,223.1
2024-11-01,27,2024-11-28,223.37
2024-11-01,28,2024-11-29,222.01
2024-11-01,29,2024-11-30,221.82
2024-11-01,30,2024-12-01,221.12
2024-11-02,1,2024-11-03,249.42
2024-11-02,2,2024-11-04,238.6
2024-11-02,3,2024-11-05,233.9
2024-11-02,4,2024-11-06,223.96
2024-11-02,5,2024-11-07,220.02
2024-11-02,6,2024-11-08,217.12
2024-11-02,7,2024-11-09,203.88
2024-11-02,8,2024-11-10,202.27
2024-11-02,9,2024-11-11,194.9
2024-11-02,10,2024-11-12,192.21
2024-11-02,11,2024-11-13,191.18
2024-11-02,12,2024-11-14,196.28
2024-11-02,13,2024-11-15,198.9
2024-11-02,14,2024-11-16,195.05
2024-11-02,15,2024-11-17,197.46
2024-11-02,16,2024-11-18,195.04
2024-11-02,17,2024-11-19,197.93
2024-11-02,18,2024-11-20,210.53
2024-11-02,19,2024-11-21,214.48
2024-11-02,20,2024-11-22,217.63
2024-11-02,21,2024-11-23,221.08
2024-11-02,22,2024-11-24,222.4
2024-11-02,23,2024-11-25,219.66
2024-11-02,24,2024-11-26,223.21
2024-11-02,25,2024-11-27,222.28
2024-11-02,26,2024-11-28,222.68
2024-11-02,27,2024-11-29,224.09
2024-11-02,28,2024-11-30,221.86
2024-11-02,29,2024-12-01,219.81
2024-11-02,30,2024-12-02,220.5
2024-11-03,1,2024-11-04,239.95
2024-11-03,2,2024-11-05,227.03
2024-11-03,3,2024-11-06,219.58
2024-11-03,4,2024-11-07,213.49
2024-11-03,5,2024-11-08,214.52
2024-11-03,6,2024-11-09,216.49
2024-11-03,7,2024-11-10,206.99
2024-11-03,8,2024-11-11,207.76
2024-11-03,9,2024-11-12,199.9
2024-11-03,10,2024-11-13,195.97
2024-11-03,11,2024-11-14,192.85
2024-11-03,12,2024-11-15,194.56
2024-11-03,13,2024-11-16,200.29
2024-11-03,14,2024-11-17,196.07
2024-11-03,15,2024-11-18,196.4
2024-11-03,16,2024-11-19,196.32
2024-11-03,17,2024-11-20,203.37
2024-11-03,18,2024-11-21,215.16
2024-11-03,19,2024-11-22,217.2
2024-11-03,20,2024-11-23,218.28
2024-11-03,21,2024-11-24,220.78
2024-11-03,22,2024-11-25,223.14
2024-11-03,23,2024-11-26,220.85
2024-11-03,24,2024-11-27,223.06
2024-11-03,25,2024-11-28,223.04
2024-11-03,26,2024-11-29,221.46
2024-11-03,27,2024-11-30,221.24
2024-11-03,28,2024-12-01,220.26
2024-11-03,29,2024-12-02,217.82
2024-11-03,30,2024-12-03,219.24
2024-11-04,1,2024-11-05,232.06
2024-11-04,2,2024-11-06,225.62
2024-11-04,3,2024-11-07,218.19
2024-11-04,4,2024-11-08,217.24
2024-11-04,5,2024-11-09,213.12
2024-11-04,6,2024-11-10,218.66
2024-11-04,7,2024-11-11,209.69
2024-11-04,8,2024-11-12,210.67
2024-11-04,9,2024-11-13,204.47
2024-11-04,10,2024-11-14,200.62
2024-11-04,11,2024-11-15,200.08
2024-11-04,12,2024-11-16,195.4
2024-11-04,13,2024-11-17,199.0
2024-11-04,14,2024-11-18,196.88
2024-11-04,15,2024-11-19,201.94
2024-11-04,16,2024-11-20,202.93
2024-11-04,17,2024-11-21,211.28
2024-11-04,18,2024-11-22,217.56
2024-11-04,19,2024-11-23,218.89
2024-11-04,20,2024-11-24,219.36
2024-11-04,21,2024-11-25,221.25
2024-11-04,22,2024-11-26,223.09
2024-11-04,23,2024-11-27,221.48
2024-11-04,24,2024-11-28,223.48
2024-11-04,25,2024-11-29,223.08
2024-11-04,26,2024-11-30,221.46
2024-11-04,27,2024-12-01,219.9
2024-11-04,28,2024-12-02,218.37
2024-11-04,29,2024-12-03,217.2
2024-11-04,30,2024-12-04,216.72
2024-11-05,1,2024-11-06,236.64
2024-11-05,2,2024-11-07,228.09
2024-11-05,3,2024-11-08,220.99
2024-11-05,4,2024-11-09,219.99
2024-11-05,5,2024-11-10,218.44
2024-11-05,6,2024-11-11,216.48
2024-11-05,7,2024-11-12,205.47
2024-11-05,8,2024-11-13,206.99
2024-11-05,9,2024-11-14,205.49
2024-11-05,10,2024-11-15,200.81
2024-11-05,11,2024-11-16,198.51
2024-11-05,12,2024-11-17,199.31
2024-11-05,13,2024-11-18,201.78
2024-11-05,14,2024-11-19,203.84
2024-11-05,15,2024-11-20,213.27
2024-11-05,16,2024-11-21,215.26
2024-11-05,17,2024-11-22,214.15
2024-11-05,18,2024-11-23,219.04
2024-11-05,19,2024-11-24,219.49
2024-11-05,20,2024-11-25,218.6
2024-11-05,21,2024-11-26,222.64
2024-11-05,22,2024-11-27,223.09
2024-11-05,23,2024-11-28,221.72
2024-11-05,24,2024-11-29,222.38
2024-11-05,25,2024-11-30,222.89
2024-11-05,26,2024-12-01,220.12
2024-11-05,27,2024-12-02,219.06
2024-11-05,28,2024-12-03,218.56
2024-11-05,29,2024-12-04,215.27
2024-11-05,30,2024-12-05,215.29
2024-11-06,1,2024-11-07,243.99
2024-11-06,2,2024-11-08,236.93
2024-11-06,3,2024-11-09,228.41
2024-11-06,4,2024-11-10,224.71
2024-11-06,5,2024-11-11,220.97
2024-11-06,6,2024-11-12,223.31
2024-11-06,7,2024-11-13,213.64
2024-11-06,8,2024-11-14,213.71
2024-11-06,9,2024-11-15,206.05
2024-11-06,10,2024-11-16,204.06
2024-11-06,11,2024-11-17,200.46
2024-11-06,12,2024-11-18,202.87
2024-11-06,13,2024-11-19,205.14
2024-11-06,14,2024-11-20,212.52
2024-11-06,15,2024-11-21,218.34
2024-11-06,16,2024-11-22,220.34
2024-11-06,17,2024-11-23,220.52
2024-11-06,18,2024-11-24,218.93
2024-11-06,19,2024-11-25,219.85
2024-11-06,20,2024-11-26,220.88
2024-11-06,21,2024-11-27,224.58
2024-11-06,22,2024-11-28,222.87
2024-11-06,23,2024-11-29,220.25
2024-11-06,24,2024-11-30,222.82
2024-11-06,25,2024-12-01,222.14
2024-11-06,26,2024-12-02,220.97
2024-11-06,27,2024-12-03,218.46
2024-11-06,28,2024-12-04,217.36
2024-11-06,29,2024-12-05,213.58
2024-11-06,30,2024-12-06,212.68
2024-11-07,1,2024-11-08,229.95
2024-11-07,2,2024-11-09,222.94
2024-11-07,3,2024-11-10,218.03
2024-11-07,4,2024-11-11,214.59
2024-11-07,5,2024-11-12,213.14
2024-11-07,6,2024-11-13,211.44
2024-11-07,7,2024-11-14,203.72
2024-11-07,8,2024-11-15,208.12
2024-11-07,9,2024-11-16,201.28
2024-11-07,10,2024-11-17,202.35
2024-11-07,11,2024-11-18,202.33
2024-11-07,12,2024-11-19,206.27
2024-11-07,13,2024-11-20,211.49
2024-11-07,14,2024-11-21,217.1
2024-11-07,15,2024-11-22,218.09
2024-11-07,16,2024-11-23,224.25
2024-11-07,17,2024-11-24,225.04
2024-11-07,18,2024-11-25,218.78
2024-11-07,19,2024-11-26,220.21
2024-11-07,20,2024-11-27,221.44
2024-11-07,21,2024-11-28,223.9
2024-11-07,22,2024-11-29,222.14
2024-11-07,23,2024-11-30,222.52
2024-11-07,24,2024-12-01,223.32
2024-11-07,25,2024-12-02,222.82
2024-11-07,26,2024-12-03,219.89
2024-11-07,27,2024-12-04,217.86
2024-11-07,28,2024-12-05,214.82
2024-11-07,29,2024-12-06,210.75
2024-11-07,30,2024-12-07,212.07
2024-11-08,1,2024-11-09,215.71
2024-11-08,2,2024-11-10,213.86
2024-11-08,3,2024-11-11,207.43
2024-11-08,4,2024-11-12,204.56
2024-11-08,5,2024-11-13,205.31
2024-11-08,6,2024-11-14,211.66
2024-11-08,7,2024-11-15,208.27
2024-11-08,8,2024-11-16,215.58
2024-11-08,9,2024-11-17,212.21
2024-11-08,10,2024-11-18,211.02
2024-11-08,11,2024-11-19,209.5
2024-11-08,12,2024-11-20,215.24
2024-11-08,13,2024-11-21,215.82
2024-11-08,14,2024-11-22,221.39
2024-11-08,15,2024-11-23,221.17
2024-11-08,16,2024-11-24,222.64
2024-11-08,17,2024-11-25,222.53
2024-11-08,18,2024-11-26,217.9
2024-11-08,19,2024-11-27,221.43
2024-11-08,20,2024-11-28,222.79
2024-11-08,21,2024-11-29,224.17
2024-11-08,22,2024-11-30,221.41
2024-11-08,23,2024-12-01,221.51
2024-11-08,24,2024-12-02,222.76
2024-11-08,25,2024-12-03,220.28
2024-11-08,26,2024-12-04,218.19
2024-11-08,27,2024-12-05,215.4
2024-11-08,28,2024-12-06,211.98
2024-11-08,29,2024-12-07,208.47
2024-11-08,30,2024-12-08,211.62
2024-11-09,1,2024-11-10,203.83
2024-11-09,2,2024-11-11,200.14
2024-11-09,3,2024-11-12,199.36
2024-11-09,4,2024-11-13,194.21
2024-11-09,5,2024-11-14,206.2
2024-11-09,6,2024-11-15,207.57
2024-11-09,7,2024-11-16,207.81
2024-11-09,8,2024-11-17,216.25
2024-11-09,9,2024-11-18,213.84
2024-11-09,10,2024-11-19,213.43
2024-11-09,11,2024-11-20,212.52
2024-11-09,12,2024-11-21,217.26
2024-11-09,13,2024-11-22,218.58
2024-11-09,14,2024-11-23,222.6
2024-11-09,15,2024-11-24,223.67
2024-11-09,16,2024-11-25,222.51
2024-11-09,17,2024-11-26,227.31
2024-11-09,18,2024-11-27,220.31
2024-11-09,19,2024-11-28,221.74
2024-11-09,20,2024-11-29,221.96
2024-11-09,21,2024-11-30,223.99
2024-11-09,22,2024-12-01,220.38
2024-11-09,23,2024-12-02,220.31
2024-11-09,24,2024-12-03,220.85
2024-11-09,25,2024-12-04,217.68
2024-11-09,26,2024-12-05,214.0
2024-11-09,27,2024-12-06,212.05
2024-11-09,28,2024-12-07,210.13
2024-11-09,29,2024-12-08,206.78
2024-11-09,30,2024-12-09,210.37
2024-11-10,1,2024-11-11,207.71
2024-11-10,2,2024-11-12,205.3
2024-11-10,3,2024-11-13,198.38
2024-11-10,4,2024-11-14,199.48
2024-11-10,5,2024-11-15,199.2
2024-11-10,6,2024-11-16,200.62
2024-11-10,7,2024-11-17,197.47
2024-11-10,8,2024-11-18,203.07
2024-11-10,9,2024-11-19,203.85
2024-11-10,10,2024-11-20,209.32
2024-11-10,11,2024-11-21,216.59
2024-11-10,12,2024-11-22,219.91
2024-11-10,13,2024-11-23,220.69
2024-11-10,14,2024-11-24,222.16
2024-11-10,15,2024-11-25,222.18
2024-11-10,16,2024-11-26,220.33
2024-11-10,17,2024-11-27,223.41
2024-11-10,18,2024-11-28,221.18
2024-11-10,19,2024-11-29,220.88
2024-11-10,20,2024-11-30,219.98
2024-11-10,21,2024-12-01,222.51
2024-11-10,22,2024-12-02,220.99
2024-11-10,23,2024-12-03,216.86
2024-11-10,24,2024-12-04,216.26
2024-11-10,25,2024-12-05,215.21
2024-11-10,26,2024-12-06,211.32
2024-11-10,27,2024-12-07,209.87
2024-11-10,28,2024-12-08,209.77
2024-11-10,29,2024-12-09,206.41
2024-11-10,30,2024-12-10,209.76
2024-11-11,1,2024-11-12,180.77
2024-11-11,2,2024-11-13,176.36
2024-11-11,3,2024-11-14,176.69
2024-11-11,4,2024-11-15,181.85
2024-11-11,5,2024-11-16,181.73
2024-11-11,6,2024-11-17,186.29
2024-11-11,7,2024-11-18,191.21
2024-11-11,8,2024-11-19,200.71
2024-11-11,9,2024-11-20,202.9
2024-11-11,10,2024-11-21,207.51
2024-11-11,11,2024-11-22,215.44
2024-11-11,12,2024-11-23,218.99
2024-11-11,13,2024-11-24,216.46
2024-11-11,14,2024-11-25,220.67
2024-11-11,15,2024-11-26,217.37
2024-11-11,16,2024-11-27,218.57
2024-11-11,17,2024-11-28,220.98
2024-11-11,18,2024-11-29,220.19
2024-11-11,19,2024-11-30,218.93
2024-11-11,20,2024-12-01,219.75
2024-11-11,21,2024-12-02,220.3
2024-11-11,22,2024-12-03,218.58
2024-11-11,23,2024-12-04,214.78
2024-11-11,24,2024-12-05,212.72
2024-11-11,25,2024-12-06,211.74
2024-11-11,26,2024-12-07,206.96
2024-11-11,27,2024-12-08,206.65
2024-11-11,28,2024-12-09,206.12
2024-11-11,29,2024-12-10,204.19
2024-11-11,30,2024-12-11,208.53
2024-11-12,1,2024-11-13,169.84
2024-11-12,2,2024-11-14,167.52
2024-11-12,3,2024-11-15,168.41
2024-11-12,4,2024-11-16,177.81
2024-11-12,5,2024-11-17,178.94
2024-11-12,6,2024-11-18,188.02
2024-11-12,7,2024-11-19,193.25
2024-11-12,8,2024-11-20,203.03
2024-11-12,9,2024-11-21,206.96
2024-11-12,10,2024-11-22,208.93
2024-11-12,11,2024-11-23,221.18
2024-11-12,12,2024-11-24,220.64
2024-11-12,13,2024-11-25,219.69
2024-11-12,14,2024-11-26,222.38
2024-11-12,15,2024-11-27,224.95
2024-11-12,16,2024-11-28,224.38
2024-11-12,17,2024-11-29,221.54
2024-11-12,18,2024-11-30,219.0
2024-11-12,19,2024-12-01,217.44
2024-11-12,20,2024-12-02,218.04
2024-11-12,21,2024-12-03,216.97
2024-11-12,22,2024-12-04,214.3
2024-11-12,23,2024-12-05,211.81
2024-11-12,24,2024-12-06,207.18
2024-11-12,25,2024-12-07,205.48
2024-11-12,26,2024-12-08,201.27
2024-11-12,27,2024-12-09,201.56
2024-11-12,28,2024-12-10,201.67
2024-11-12,29,2024-12-11,201.01
2024-11-12,30,2024-12-12,205.19
2024-11-13,1,2024-11-14,160.61
2024-11-13,2,2024-11-15,160.98
2024-11-13,3,2024-11-16,165.99
2024-11-13,4,2024-11-17,174.38
2024-11-13,5,2024-11-18,181.63
2024-11-13,6,2024-11-19,186.63
2024-11-13,7,2024-11-20,196.78
2024-11-13,8,2024-11-21,209.25
2024-11-13,9,2024-11-22,212.23
2024-11-13,10,2024-11-23,214.14
2024-11-13,11,2024-11-24,224.11
2024-11-13,12,2024-11-25,224.24
2024-11-13,13,2024-11-26,224.11
2024-11-13,14,2024-11-27,225.77
2024-11-13,15,2024-11-28,226.08
2024-11-13,16,2024-11-29,218.9
2024-11-13,17,2024-11-30,218.85
2024-11-13,18,2024-12-01,217.81
2024-11-13,19,2024-12-02,214.98
2024-11-13,20,2024-12-03,215.22
2024-11-13,21,2024-12-04,212.95
2024-11-13,22,2024-12-05,208.93
2024-11-13,23,2024-12-06,206.14
2024-11-13,24,2024-12-07,201.04
2024-11-13,25,2024-12-08,199.02
2024-11-13,26,2024-12-09,196.7
2024-11-13,27,2024-12-10,198.22
2024-11-13,28,2024-12-11,198.53
2024-11-13,29,2024-12-12,198.37
2024-11-13,30,2024-12-13,203.95
2024-11-14,1,2024-11-15,158.33
2024-11-14,2,2024-11-16,159.33
2024-11-14,3,2024-11-17,169.39
2024-11-14,4,2024-11-18,175.05
2024-11-14,5,2024-11-19,183.67
2024-11-14,6,2024-11-20,189.79
2024-11-14,7,2024-11-21,202.39
2024-11-14,8,2024-11-22,208.82
2024-11-14,9,2024-11-23,212.68
2024-11-14,10,2024-11-24,215.16
2024-11-14,11,2024-11-25,222.98
2024-11-14,12,2024-11-26,223.68
2024-11-14,13,2024-11-27,221.34
2024-11-14,14,2024-11-28,222.29
2024-11-14,15,2024-11-29,218.11
2024-11-14,16,2024-11-30,210.88
2024-11-14,17,2024-12-01,214.08
2024-11-14,18,2024-12-02,215.22
2024-11-14,19,2024-12-03,212.14
2024-11-14,20,2024-12-04,211.42
2024-11-14,21,2024-12-05,208.58
2024-11-14,22,2024-12-06,203.88
2024-11-14,23,2024-12-07,199.75
2024-11-14,24,2024-12-08,196.44
2024-11-14,25,2024-12-09,196.45
2024-11-14,26,2024-12-10,195.47
2024-11-14,27,2024-12-11,196.67
2024-11-14,28,2024-12-12,197.39
2024-11-14,29,2024-12-13,196.89
2024-11-14,30,2024-12-14,202.88
2024-11-15,1,2024-11-16,159.83
2024-11-15,2,2024-11-17,160.11
2024-11-15,3,2024-11-18,166.78
2024-11-15,4,2024-11-19,173.15
2024-11-15,5,2024-11-20,184.63
2024-11-15,6,2024-11-21,189.49
2024-11-15,7,2024-11-22,198.53
2024-11-15,8,2024-11-23,209.9
2024-11-15,9,2024-11-24,210.69
2024-11-15,10,2024-11-25,216.19
2024-11-15,11,2024-11-26,219.76
2024-11-15,12,2024-11-27,226.09
2024-11-15,13,2024-11-28,221.98
2024-11-15,14,2024-11-29,216.75
2024-11-15,15,2024-11-30,215.41
2024-11-15,16,2024-12-01,208.57
2024-11-15,17,2024-12-02,210.2
2024-11-15,18,2024-12-03,212.38
2024-11-15,19,2024-12-04,208.51
2024-11-15,20,2024-12-05,209.17
2024-11-15,21,2024-12-06,204.4
2024-11-15,22,2024-12-07,200.06
2024-11-15,23,2024-12-08,195.08
2024-11-15,24,2024-12-09,194.07
2024-11-15,25,2024-12-10,194.89
2024-11-15,26,2024-12-11,193.69
2024-11-15,27,2024-12-12,195.15
2024-11-15,28,2024-12-13,195.63
2024-11-15,29,2024-12-14,196.34
2024-11-15,30,2024-12-15,202.58
2024-11-16,1,2024-11-17,151.33
2024-11-16,2,2024-11-18,153.93
2024-11-16,3,2024-11-19,162.12
2024-11-16,4,2024-11-20,166.4
2024-11-16,5,2024-11-21,182.39
2024-11-16,6,2024-11-22,190.93
2024-11-16,7,2024-11-23,200.33
2024-11-16,8,2024-11-24,208.7
2024-11-16,9,2024-11-25,213.96
2024-11-16,10,2024-11-26,219.84
2024-11-16,11,2024-11-27,221.08
2024-11-16,12,2024-11-28,225.55
2024-11-16,13,2024-11-29,219.76
2024-11-16,14,2024-11-30,217.85
2024-11-16,15,2024-12-01,211.2
2024-11-16,16,2024-12-02,205.29
2024-11-16,17,2024-12-03,208.0
2024-11-16,18,2024-12-04,207.85
2024-11-16,19,2024-12-05,206.74
2024-11-16,20,2024-12-06,203.32
2024-11-16,21,2024-12-07,199.12
2024-11-16,22,2024-12-08,195.54
2024-11-16,23,2024-12-09,192.92
2024-11-16,24,2024-12-10,192.61
2024-11-16,25,2024-12-11,194.14
2024-11-16,26,2024-12-12,192.71
2024-11-16,27,2024-12-13,193.94
2024-11-16,28,2024-12-14,195.31
2024-11-16,29,2024-12-15,195.04
2024-11-16,30,2024-12-16,201.77
2024-11-17,1,2024-11-18,155.47
2024-11-17,2,2024-11-19,157.7
2024-11-17,3,2024-11-20,167.04
2024-11-17,4,2024-11-21,171.71
2024-11-17,5,2024-11-22,185.97
2024-11-17,6,2024-11-23,193.64
2024-11-17,7,2024-11-24,202.91
2024-11-17,8,2024-11-25,212.31
2024-11-17,9,2024-11-26,213.54
2024-11-17,10,2024-11-27,225.29
2024-11-17,11,2024-11-28,220.94
2024-11-17,12,2024-11-29,223.29
2024-11-17,13,2024-11-30,216.84
2024-11-17,14,2024-12-01,214.4
2024-11-17,15,2024-12-02,207.96
2024-11-17,16,2024-12-03,205.03
2024-11-17,17,2024-12-04,207.8
2024-11-17,18,2024-12-05,202.17
2024-11-17,19,2024-12-06,201.62
2024-11-17,20,2024-12-07,196.86
2024-11-17,21,2024-12-08,193.32
2024-11-17,22,2024-12-09,191.95
2024-11-17,23,2024-12-10,191.54
2024-11-17,24,2024-12-11,192.0
2024-11-17,25,2024-12-12,192.96
2024-11-17,26,2024-12-13,191.66
2024-11-17,27,2024-12-14,193.54
2024-11-17,28,2024-12-15,195.56
2024-11-17,29,2024-12-16,194.64
2024-11-17,30,2024-12-17,201.74
2024-11-18,1,2024-11-19,155.75
2024-11-18,2,2024-11-20,163.39
2024-11-18,3,2024-11-21,170.13
2024-11-18,4,2024-11-22,179.89
2024-11-18,5,2024-11-23,190.74
2024-11-18,6,2024-11-24,201.04
2024-11-18,7,2024-11-25,209.31
2024-11-18,8,2024-11-26,217.03
2024-11-18,9,2024-11-27,220.99
2024-11-18,10,2024-11-28,224.48
2024-11-18,11,2024-11-29,220.83
2024-11-18,12,2024-11-30,223.01
2024-11-18,13,2024-12-01,215.42
2024-11-18,14,2024-12-02,208.82
2024-11-18,15,2024-12-03,204.18
2024-11-18,16,2024-12-04,202.78
2024-11-18,17,2024-12-05,206.79
2024-11-18,18,2024-12-06,199.47
2024-11-18,19,2024-12-07,197.63
2024-11-18,20,2024-12-08,194.18
2024-11-18,21,2024-12-09,190.37
2024-11-18,22,2024-12-10,190.89
2024-11-18,23,2024-12-11,191.13
2024-11-18,24,2024-12-12,191.09
2024-11-18,25,2024-12-13,192.19
2024-11-18,26,2024-12-14,191.41
2024-11-18,27,2024-12-15,193.06
2024-11-18,28,2024-12-16,195.67
2024-11-18,29,2024-12-17,196.29
2024-11-18,30,2024-12-18,204.41
2024-11-19,1,2024-11-20,160.56
2024-11-19,2,2024-11-21,167.99
2024-11-19,3,2024-11-22,177.36
2024-11-19,4,2024-11-23,187.31
2024-11-19,5,2024-11-24,199.03
2024-11-19,6,2024-11-25,208.26
2024-11-19,7,2024-11-26,213.84
2024-11-19,8,2024-11-27,221.04
2024-11-19,9,2024-11-28,221.85
2024-11-19,10,2024-11-29,223.7
2024-11-19,11,2024-11-30,220.08
2024-11-19,12,2024-12-01,218.19
2024-11-19,13,2024-12-02,215.61
2024-11-19,14,2024-12-03,207.48
2024-11-19,15,2024-12-04,203.37
2024-11-19,16,2024-12-05,200.36
2024-11-19,17,2024-12-06,203.72
2024-11-19,18,2024-12-07,193.9
2024-11-19,19,2024-12-08,192.17
2024-11-19,20,2024-12-09,191.05
2024-11-19,21,2024-12-10,188.83
2024-11-19,22,2024-12-11,190.09
2024-11-19,23,2024-12-12,190.73
2024-11-19,24,2024-12-13,191.45
2024-11-19,25,2024-12-14,192.2
2024-11-19,26,2024-12-15,191.17
2024-11-19,27,2024-12-16,192.44
2024-11-19,28,2024-12-17,195.36
2024-11-19,29,2024-12-18,196.55
2024-11-19,30,2024-12-19,203.36
2024-11-20,1,2024-11-21,161.68
2024-11-20,2,2024-11-22,169.18
2024-11-20,3,2024-11-23,182.29
2024-11-20,4,2024-11-24,192.18
2024-11-20,5,2024-11-25,200.15
2024-11-20,6,2024-11-26,208.55
2024-11-20,7,2024-11-27,215.1
2024-11-20,8,2024-11-28,217.93
2024-11-20,9,2024-11-29,219.6
2024-11-20,10,2024-11-30,218.02
2024-11-20,11,2024-12-01,213.86
2024-11-20,12,2024-12-02,214.56
2024-11-20,13,2024-12-03,209.89
2024-11-20,14,2024-12-04,201.74
2024-11-20,15,2024-12-05,197.09
2024-11-20,16,2024-12-06,197.39
2024-11-20,17,2024-12-07,193.96
2024-11-20,18,2024-12-08,190.33
2024-11-20,19,2024-12-09,187.73
2024-11-20,20,2024-12-10,190.46
2024-11-20,21,2024-12-11,188.89
2024-11-20,22,2024-12-12,189.72
2024-11-20,23,2024-12-13,190.3
2024-11-20,24,2024-12-14,191.71
2024-11-20,25,2024-12-15,191.68
2024-11-20,26,2024-12-16,190.79
2024-11-20,27,2024-12-17,192.47
2024-11-20,28,2024-12-18,195.61
2024-11-20,29,2024-12-19,197.02
2024-11-20,30,2024-12-20,201.97
2024-11-21,1,2024-11-22,168.96
2024-11-21,2,2024-11-23,179.82
2024-11-21,3,2024-11-24,190.52
2024-11-21,4,2024-11-25,201.52
2024-11-21,5,2024-11-26,207.85
2024-11-21,6,2024-11-27,214.66
2024-11-21,7,2024-11-28,216.58
2024-11-21,8,2024-11-29,218.0
2024-11-21,9,2024-11-30,218.39
2024-11-21,10,2024-12-01,218.65
2024-11-21,11,2024-12-02,210.79
2024-11-21,12,2024-12-03,209.23
2024-11-21,13,2024-12-04,206.1
2024-11-21,14,2024-12-05,202.13
2024-11-21,15,2024-12-06,194.54
2024-11-21,16,2024-12-07,186.93
2024-11-21,17,2024-12-08,191.45
2024-11-21,18,2024-12-09,185.95
2024-11-21,19,2024-12-10,186.4
2024-11-21,20,2024-12-11,189.15
2024-11-21,21,2024-12-12,187.73
2024-11-21,22,2024-12-13,189.15
2024-11-21,23,2024-12-14,190.02
2024-11-21,24,2024-12-15,192.63
2024-11-21,25,2024-12-16,191.79
2024-11-21,26,2024-12-17,192.39
2024-11-21,27,2024-12-18,194.31
2024-11-21,28,2024-12-19,196.24
2024-11-21,29,2024-12-20,198.21
2024-11-21,30,2024-12-21,202.93
2024-11-22,1,2024-11-23,188.95
2024-11-22,2,2024-11-24,195.77
2024-11-22,3,2024-11-25,207.04
2024-11-22,4,2024-11-26,215.66
2024-11-22,5,2024-11-27,222.53
2024-11-22,6,2024-11-28,222.55
2024-11-22,7,2024-11-29,225.96
2024-11-22,8,2024-11-30,222.37
2024-11-22,9,2024-12-01,221.01
2024-11-22,10,2024-12-02,217.22
2024-11-22,11,2024-12-03,211.55
2024-11-22,12,2024-12-04,208.59
2024-11-22,13,2024-12-05,200.39
2024-11-22,14,2024-12-06,199.26
2024-11-22,15,2024-12-07,191.42
2024-11-22,16,2024-12-08,186.42
2024-11-22,17,2024-12-09,190.29
2024-11-22,18,2024-12-10,183.84
2024-11-22,19,2024-12-11,185.1
2024-11-22,20,2024-12-12,187.88
2024-11-22,21,2024-12-13,187.75
2024-11-22,22,2024-12-14,189.37
2024-11-22,23,2024-12-15,189.22
2024-11-22,24,2024-12-16,193.62
2024-11-22,25,2024-12-17,193.32
2024-11-22,26,2024-12-18,194.73
2024-11-22,27,2024-12-19,196.56
2024-11-22,28,2024-12-20,200.55
2024-11-22,29,2024-12-21,200.77
2024-11-22,30,2024-12-22,206.49
2024-11-23,1,2024-11-24,202.56
2024-11-23,2,2024-11-25,210.32
2024-11-23,3,2024-11-26,222.51
2024-11-23,4,2024-11-27,232.06
2024-11-23,5,2024-11-28,231.81
2024-11-23,6,2024-11-29,227.43
2024-11-23,7,2024-11-30,228.78
2024-11-23,8,2024-12-01,224.78
2024-11-23,9,2024-12-02,219.95
2024-11-23,10,2024-12-03,214.72
2024-11-23,11,2024-12-04,209.63
2024-11-23,12,2024-12-05,206.03
2024-11-23,13,2024-12-06,201.53
2024-11-23,14,2024-12-07,193.32
2024-11-23,15,2024-12-08,187.31
2024-11-23,16,2024-12-09,180.73
2024-11-23,17,2024-12-10,187.6
2024-11-23,18,2024-12-11,183.27
2024-11-23,19,2024-12-12,185.29
2024-11-23,20,2024-12-13,187.63
2024-11-23,21,2024-12-14,188.09
2024-11-23,22,2024-12-15,188.54
2024-11-23,23,2024-12-16,189.63
2024-11-23,24,2024-12-17,194.38
2024-11-23,25,2024-12-18,194.84
2024-11-23,26,2024-12-19,196.25
2024-11-23,27,2024-12-20,198.23
2024-11-23,28,2024-12-21,201.79
2024-11-23,29,2024-12-22,203.55
2024-11-23,30,2024-12-23,207.66
2024-11-24,1,2024-11-25,210.91
2024-11-24,2,2024-11-26,219.22
2024-11-24,3,2024-11-27,223.59
2024-11-24,4,2024-11-28,231.99
2024-11-24,5,2024-11-29,231.33
2024-11-24,6,2024-11-30,234.6
2024-11-24,7,2024-12-01,234.05
2024-11-24,8,2024-12-02,229.42
2024-11-24,9,2024-12-03,219.49
2024-11-24,10,2024-12-04,209.97
2024-11-24,11,2024-12-05,204.64
2024-11-24,12,2024-12-06,201.99
2024-11-24,13,2024-12-07,191.59
2024-11-24,14,2024-12-08,186.24
2024-11-24,15,2024-12-09,179.86
2024-11-24,16,2024-12-10,176.56
2024-11-24,17,2024-12-11,185.06
2024-11-24,18,2024-12-12,183.61
2024-11-24,19,2024-12-13,184.91
2024-11-24,20,2024-12-14,188.38
2024-11-24,21,2024-12-15,188.55
2024-11-24,22,2024-12-16,189.62
2024-11-24,23,2024-12-17,191.83
2024-11-24,24,2024-12-18,195.47
2024-11-24,25,2024-12-19,196.0
2024-11-24,26,2024-12-20,197.35
2024-11-24,27,2024-12-21,199.14
2024-11-24,28,2024-12-22,201.5
2024-11-24,29,2024-12-23,204.12
2024-11-24,30,2024-12-24,207.03
2024-11-25,1,2024-11-26,223.19
2024-11-25,2,2024-11-27,233.22
2024-11-25,3,2024-11-28,236.32
2024-11-25,4,2024-11-29,233.59
2024-11-25,5,2024-11-30,231.68
2024-11-25,6,2024-12-01,231.95
2024-11-25,7,2024-12-02,227.84
2024-11-25,8,2024-12-03,223.82
2024-11-25,9,2024-12-04,213.85
2024-11-25,10,2024-12-05,207.15
2024-11-25,11,2024-12-06,203.74
2024-11-25,12,2024-12-07,199.28
2024-11-25,13,2024-12-08,186.52
2024-11-25,14,2024-12-09,182.33
2024-11-25,15,2024-12-10,178.45
2024-11-25,16,2024-12-11,178.27
2024-11-25,17,2024-12-12,181.88
2024-11-25,18,2024-12-13,183.34
2024-11-25,19,2024-12-14,185.21
2024-11-25,20,2024-12-15,189.7
2024-11-25,21,2024-12-16,190.37
2024-11-25,22,2024-12-17,191.64
2024-11-25,23,2024-12-18,192.97
2024-11-25,24,2024-12-19,195.07
2024-11-25,25,2024-12-20,197.45
2024-11-25,26,2024-12-21,199.43
2024-11-25,27,2024-12-22,201.37
2024-11-25,28,2024-12-23,202.72
2024-11-25,29,2024-12-24,205.4
2024-11-25,30,2024-12-25,207.81
2024-11-26,1,2024-11-27,222.3
2024-11-26,2,2024-11-28,232.46
2024-11-26,3,2024-11-29,229.37
2024-11-26,4,2024-11-30,222.54
2024-11-26,5,2024-12-01,223.71
2024-11-26,6,2024-12-02,220.85
2024-11-26,7,2024-12-03,221.58
2024-11-26,8,2024-12-04,210.32
2024-11-26,9,2024-12-05,201.42
2024-11-26,10,2024-12-06,200.88
2024-11-26,11,2024-12-07,193.21
2024-11-26,12,2024-12-08,186.2
2024-11-26,13,2024-12-09,181.44
2024-11-26,14,2024-12-10,180.31
2024-11-26,15,2024-12-11,177.16
2024-11-26,16,2024-12-12,176.71
2024-11-26,17,2024-12-13,181.02
2024-11-26,18,2024-12-14,184.59
2024-11-26,19,2024-12-15,185.81
2024-11-26,20,2024-12-16,190.94
2024-11-26,21,2024-12-17,191.9
2024-11-26,22,2024-12-18,192.22
2024-11-26,23,2024-12-19,194.82
2024-11-26,24,2024-12-20,197.44
2024-11-26,25,2024-12-21,199.98
2024-11-26,26,2024-12-22,199.52
2024-11-26,27,2024-12-23,202.39
2024-11-26,28,2024-12-24,204.38
2024-11-26,29,2024-12-25,206.2
2024-11-26,30,2024-12-26,207.99
2024-11-27,1,2024-11-28,227.86
2024-11-27,2,2024-11-29,230.99
2024-11-27,3,2024-11-30,227.73
2024-11-27,4,2024-12-01,224.75
2024-11-27,5,2024-12-02,222.71
2024-11-27,6,2024-12-03,218.88
2024-11-27,7,2024-12-04,218.69
2024-11-27,8,2024-12-05,207.21
2024-11-27,9,2024-12-06,197.65
2024-11-27,10,2024-12-07,192.76
2024-11-27,11,2024-12-08,191.47
2024-11-27,12,2024-12-09,184.95
2024-11-27,13,2024-12-10,180.83
2024-11-27,14,2024-12-11,182.08
2024-11-27,15,2024-12-12,177.72
2024-11-27,16,2024-12-13,175.43
2024-11-27,17,2024-12-14,180.12
2024-11-27,18,2024-12-15,185.39
2024-11-27,19,2024-12-16,186.55
2024-11-27,20,2024-12-17,190.68
2024-11-27,21,2024-12-18,193.09
2024-11-27,22,2024-12-19,193.6
2024-11-27,23,2024-12-20,196.67
2024-11-27,24,2024-12-21,198.44
2024-11-27,25,2024-12-22,201.67
2024-11-27,26,2024-12-23,201.53
2024-11-27,27,2024-12-24,204.37
2024-11-27,28,2024-12-25,204.96
2024-11-27,29,2024-12-26,204.76
2024-11-27,30,2024-12-27,206.57
2024-11-28,1,2024-11-29,214.15
2024-11-28,2,2024-11-30,210.48
2024-11-28,3,2024-12-01,217.03
2024-11-28,4,2024-12-02,212.91
2024-11-28,5,2024-12-03,207.93
2024-11-28,6,2024-12-04,208.05
2024-11-28,7,2024-12-05,210.57
2024-11-28,8,2024-12-06,206.16
2024-11-28,9,2024-12-07,191.39
2024-11-28,10,2024-12-08,189.97
2024-11-28,11,2024-12-09,188.8
2024-11-28,12,2024-12-10,182.98
2024-11-28,13,2024-12-11,181.6
2024-11-28,14,2024-12-12,181.0
2024-11-28,15,2024-12-13,179.64
2024-11-28,16,2024-12-14,177.65
2024-11-28,17,2024-12-15,180.07
2024-11-28,18,2024-12-16,187.52
2024-11-28,19,2024-12-17,188.3
2024-11-28,20,2024-12-18,192.1
2024-11-28,21,2024-12-19,195.09
2024-11-28,22,2024-12-20,195.74
2024-11-28,23,2024-12-21,197.96
2024-11-28,24,2024-12-22,200.18
2024-11-28,25,2024-12-23,202.04
2024-11-28,26,2024-12-24,202.91
2024-11-28,27,2024-12-25,204.02
2024-11-28,28,2024-12-26,205.41
2024-11-28,29,2024-12-27,205.9
2024-11-28,30,2024-12-28,205.48
2024-11-29,1,2024-11-30,209.02
2024-11-29,2,2024-12-01,207.87
2024-11-29,3,2024-12-02,211.16
2024-11-29,4,2024-12-03,208.57
2024-11-29,5,2024-12-04,205.29
2024-11-29,6,2024-12-05,207.92
2024-11-29,7,2024-12-06,203.38
2024-11-29,8,2024-12-07,196.92
2024-11-29,9,2024-12-08,188.01
2024-11-29,10,2024-12-09,187.18
2024-11-29,11,2024-12-10,187.18
2024-11-29,12,2024-12-11,181.34
2024-11-29,13,2024-12-12,181.5
2024-11-29,14,2024-12-13,180.83
2024-11-29,15,2024-12-14,176.21
2024-11-29,16,2024-12-15,177.81
2024-11-29,17,2024-12-16,179.59
2024-11-29,18,2024-12-17,188.6
2024-11-29,19,2024-12-18,192.36
2024-11-29,20,2024-12-19,196.34
2024-11-29,21,2024-12-20,196.84
2024-11-29,22,2024-12-21,198.3
2024-11-29,23,2024-12-22,199.9
2024-11-29,24,2024-12-23,202.48
2024-11-29,25,2024-12-24,203.4
2024-11-29,26,2024-12-25,205.96
2024-11-29,27,2024-12-26,208.17
2024-11-29,28,2024-12-27,206.8
2024-11-29,29,2024-12-28,205.47
2024-11-29,30,2024-12-29,204.83
2024-11-30,1,2024-12-01,196.69
2024-11-30,2,2024-12-02,189.89
2024-11-30,3,2024-12-03,189.94
2024-11-30,4,2024-12-04,188.68
2024-11-30,5,2024-12-05,187.9
2024-11-30,6,2024-12-06,191.15
2024-11-30,7,2024-12-07,193.83
2024-11-30,8,2024-12-08,189.78
2024-11-30,9,2024-12-09,184.01
2024-11-30,10,2024-12-10,185.77
2024-11-30,11,2024-12-11,184.15
2024-11-30,12,2024-12-12,177.55
2024-11-30,13,2024-12-13,177.71
2024-11-30,14,2024-12-14,177.61
2024-11-30,15,2024-12-15,175.99
2024-11-30,16,2024-12-16,179.57
2024-11-30,17,2024-12-17,181.76
2024-11-30,18,2024-12-18,191.79
2024-11-30,19,2024-12-19,194.58
2024-11-30,20,2024-12-20,198.78
2024-11-30,21,2024-12-21,199.74
2024-11-30,22,2024-12-22,201.09
2024-11-30,23,2024-12-23,201.61
2024-11-30,24,2024-12-24,201.96
2024-11-30,25,2024-12-25,203.04
2024-11-30,26,2024-12-26,206.16
2024-11-30,27,2024-12-27,207.63
2024-11-30,28,2024-12-28,205.08
2024-11-30,29,2024-12-29,203.62
2024-11-30,30,2024-12-30,205.07
2024-12-01,1,2024-12-02,180.56
2024-12-01,2,2024-12-03,179.7
2024-12-01,3,2024-12-04,175.08
2024-12-01,4,2024-12-05,176.39
2024-12-01,5,2024-12-06,178.29
2024-12-01,6,2024-12-07,182.47
2024-12-01,7,2024-12-08,182.47
2024-12-01,8,2024-12-09,180.87
2024-12-01,9,2024-12-10,180.61
2024-12-01,10,2024-12-11,181.61
2024-12-01,11,2024-12-12,178.81
2024-12-01,12,2024-12-13,176.63
2024-12-01,13,2024-12-14,178.01
2024-12-01,14,2024-12-15,175.87
2024-12-01,15,2024-12-16,176.03
2024-12-01,16,2024-12-17,184.22
2024-12-01,17,2024-12-18,181.0
2024-12-01,18,2024-12-19,195.18
2024-12-01,19,2024-12-20,196.61
2024-12-01,20,2024-12-21,199.45
2024-12-01,21,2024-12-22,200.28
2024-12-01,22,2024-12-23,202.1
2024-12-01,23,2024-12-24,201.96
2024-12-01,24,2024-12-25,202.95
2024-12-01,25,2024-12-26,203.9
2024-12-01,26,2024-12-27,204.93
2024-12-01,27,2024-12-28,206.03
2024-12-01,28,2024-12-29,202.84
2024-12-01,29,2024-12-30,202.0
2024-12-01,30,2024-12-31,203.37
2024-12-02,1,2024-12-03,178.7
2024-12-02,2,2024-12-04,177.74
2024-12-02,3,2024-12-05,174.86
2024-12-02,4,2024-12-06,178.77
2024-12-02,5,2024-12-07,176.93
2024-12-02,6,2024-12-08,178.21
2024-12-02,7,2024-12-09,177.97
2024-12-02,8,2024-12-10,181.9
2024-12-02,9,2024-12-11,180.53
2024-12-02,10,2024-12-12,180.11
2024-12-02,11,2024-12-13,179.58
2024-12-02,12,2024-12-14,177.69
2024-12-02,13,2024-12-15,179.07
2024-12-02,14,2024-12-16,177.88
2024-12-02,15,2024-12-17,179.2
2024-12-02,16,2024-12-18,184.28
2024-12-02,17,2024-12-19,184.5
2024-12-02,18,2024-12-20,196.79
2024-12-02,19,2024-12-21,197.81
2024-12-02,20,2024-12-22,200.28
2024-12-02,21,2024-12-23,201.74
2024-12-02,22,2024-12-24,201.02
2024-12-02,23,2024-12-25,201.82
2024-12-02,24,2024-12-26,204.15
2024-12-02,25,2024-12-27,205.38
2024-12-02,26,2024-12-28,204.95
2024-12-02,27,2024-12-29,204.55
2024-12-02,28,2024-12-30,201.71
2024-12-02,29,2024-12-31,200.85
2024-12-02,30,2025-01-01,201.08
2024-12-03,1,2024-12-04,168.58
2024-12-03,2,2024-12-05,169.57
2024-12-03,3,2024-12-06,165.92
2024-12-03,4,2024-12-07,170.9
2024-12-03,5,2024-12-08,171.25
2024-12-03,6,2024-12-09,175.1
2024-12-03,7,2024-12-10,177.55
2024-12-03,8,2024-12-11,182.52
2024-12-03,9,2024-12-12,180.96
2024-12-03,10,2024-12-13,182.91
2024-12-03,11,2024-12-14,187.85
2024-12-03,12,2024-12-15,184.03
2024-12-03,13,2024-12-16,182.69
2024-12-03,14,2024-12-17,185.99
2024-12-03,15,2024-12-18,184.16
2024-12-03,16,2024-12-19,187.83
2024-12-03,17,2024-12-20,189.7
2024-12-03,18,2024-12-21,198.27
2024-12-03,19,2024-12-22,199.91
2024-12-03,20,2024-12-23,199.92
2024-12-03,21,2024-12-24,202.51
2024-12-03,22,2024-12-25,202.31
2024-12-03,23,2024-12-26,204.77
2024-12-03,24,2024-12-27,203.94
2024-12-03,25,2024-12-28,203.25
2024-12-03,26,2024-12-29,200.97
2024-12-03,27,2024-12-30,201.36
2024-12-03,28,2024-12-31,198.45
2024-12-03,29,2025-01-01,197.93
2024-12-03,30,2025-01-02,200.23
2024-12-04,1,2024-12-05,166.98
2024-12-04,2,2024-12-06,168.43
2024-12-04,3,2024-12-07,165.15
2024-12-04,4,2024-12-08,165.71
2024-12-04,5,2024-12-09,168.83
2024-12-04,6,2024-12-10,170.37
2024-12-04,7,2024-12-11,173.45
2024-12-04,8,2024-12-12,176.52
2024-12-04,9,2024-12-13,180.87
2024-12-04,10,2024-12-14,180.23
2024-12-04,11,2024-12-15,185.07
2024-12-04,12,2024-12-16,182.43
2024-12-04,13,2024-12-17,185.21
2024-12-04,14,2024-12-18,185.98
2024-12-04,15,2024-12-19,189.66
2024-12-04,16,2024-12-20,193.46
2024-12-04,17,2024-12-21,190.72
2024-12-04,18,2024-12-22,199.09
2024-12-04,19,2024-12-23,199.74
2024-12-04,20,2024-12-24,199.22
2024-12-04,21,2024-12-25,201.54
2024-12-04,22,2024-12-26,204.1
2024-12-04,23,2024-12-27,205.6
2024-12-04,24,2024-12-28,202.18
2024-12-04,25,2024-12-29,201.59
2024-12-04,26,2024-12-30,199.18
2024-12-04,27,2024-12-31,200.38
2024-12-04,28,2025-01-01,196.61
2024-12-04,29,2025-01-02,194.15
2024-12-04,30,2025-01-03,197.5
2024-12-05,1,2024-12-06,168.26
2024-12-05,2,2024-12-07,169.18
2024-12-05,3,2024-12-08,168.71
2024-12-05,4,2024-12-09,171.09
2024-12-05,5,2024-12-10,172.87
2024-12-05,6,2024-12-11,176.24
2024-12-05,7,2024-12-12,178.92
2024-12-05,8,2024-12-13,182.34
2024-12-05,9,2024-12-14,186.12
2024-12-05,10,2024-12-15,185.64
2024-12-05,11,2024-12-16,188.08
2024-12-05,12,2024-12-17,189.11
2024-12-05,13,2024-12-18,191.46
2024-12-05,14,2024-12-19,190.85
2024-12-05,15,2024-12-20,191.26
2024-12-05,16,2024-12-21,190.4
2024-12-05,17,2024-12-22,193.64
2024-12-05,18,2024-12-23,198.64
2024-12-05,19,2024-12-24,198.66
2024-12-05,20,2024-12-25,199.95
2024-12-05,21,2024-12-26,201.7
2024-12-05,22,2024-12-27,204.67
2024-12-05,23,2024-12-28,204.03
2024-12-05,24,2024-12-29,199.27
2024-12-05,25,2024-12-30,198.77
2024-12-05,26,2024-12-31,197.82
2024-12-05,27,2025-01-01,198.64
2024-12-05,28,2025-01-02,195.04
2024-12-05,29,2025-01-03,191.8
2024-12-05,30,2025-01-04,196.03
2024-12-06,1,2024-12-07,168.19
2024-12-06,2,2024-12-08,171.41
2024-12-06,3,2024-12-09,171.12
2024-12-06,4,2024-12-10,176.31
2024-12-06,5,2024-12-11,176.03
2024-12-06,6,2024-12-12,179.23
2024-12-06,7,2024-12-13,184.07
2024-12-06,8,2024-12-14,183.84
2024-12-06,9,2024-12-15,184.78
2024-12-06,10,2024-12-16,189.27
2024-12-06,11,2024-12-17,192.26
2024-12-06,12,2024-12-18,196.05
2024-12-06,13,2024-12-19,196.65
2024-12-06,14,2024-12-20,199.98
2024-12-06,15,2024-12-21,199.68
2024-12-06,16,2024-12-22,199.18
2024-12-06,17,2024-12-23,200.77
2024-12-06,18,2024-12-24,199.75
2024-12-06,19,2024-12-25,199.38
2024-12-06,20,2024-12-26,204.09
2024-12-06,21,2024-12-27,203.94
2024-12-06,22,2024-12-28,203.05
2024-12-06,23,2024-12-29,201.82
2024-12-06,24,2024-12-30,198.54
2024-12-06,25,2024-12-31,197.84
2024-12-06,26,2025-01-01,196.56
2024-12-06,27,2025-01-02,196.44
2024-12-06,28,2025-01-03,193.73
2024-12-06,29,2025-01-04,191.67
2024-12-06,30,2025-01-05,194.59
2024-12-07,1,2024-12-08,179.18
2024-12-07,2,2024-12-09,181.61
2024-12-07,3,2024-12-10,181.16
2024-12-07,4,2024-12-11,185.64
2024-12-07,5,2024-12-12,190.46
2024-12-07,6,2024-12-13,186.55
2024-12-07,7,2024-12-14,188.64
2024-12-07,8,2024-12-15,187.55
2024-12-07,9,2024-12-16,188.27
2024-12-07,10,2024-12-17,193.97
2024-12-07,11,2024-12-18,194.66
2024-12-07,12,2024-12-19,198.25
2024-12-07,13,2024-12-20,200.67
2024-12-07,14,2024-12-21,204.76
2024-12-07,15,2024-12-22,202.5
2024-12-07,16,2024-12-23,201.82
2024-12-07,17,2024-12-24,202.24
2024-12-07,18,2024-12-25,200.62
2024-12-07,19,2024-12-26,203.28
2024-12-07,20,2024-12-27,203.87
2024-12-07,21,2024-12-28,204.71
2024-12-07,22,2024-12-29,202.14
2024-12-07,23,2024-12-30,200.06
2024-12-07,24,2024-12-31,199.2
2024-12-07,25,2025-01-01,197.35
2024-12-07,26,2025-01-02,196.67
2024-12-07,27,2025-01-03,196.11
2024-12-07,28,2025-01-04,193.88
2024-12-07,29,2025-01-05,191.8
2024-12-07,30,2025-01-06,196.33
2024-12-08,1,2024-12-09,174.03
2024-12-08,2,2024-12-10,173.28
2024-12-08,3,2024-12-11,175.98
2024-12-08,4,2024-12-12,181.16
2024-12-08,5,2024-12-13,185.14
2024-12-08,6,2024-12-14,184.06
2024-12-08,7,2024-12-15,185.88
2024-12-08,8,2024-12-16,187.6
2024-12-08,9,2024-12-17,192.56
2024-12-08,10,2024-12-18,194.25
2024-12-08,11,2024-12-19,196.91
2024-12-08,12,2024-12-20,201.63
2024-12-08,13,2024-12-21,200.09
2024-12-08,14,2024-12-22,197.68
2024-12-08,15,2024-12-23,197.99
2024-12-08,16,2024-12-24,196.23
2024-12-08,17,2024-12-25,202.0
2024-12-08,18,2024-12-26,203.78
2024-12-08,19,2024-12-27,205.07
2024-12-08,20,2024-12-28,203.23
2024-12-08,21,2024-12-29,203.0
2024-12-08,22,2024-12-30,200.48
2024-12-08,23,2024-12-31,199.0
2024-12-08,24,2025-01-01,198.45
2024-12-08,25,2025-01-02,198.02
2024-12-08,26,2025-01-03,195.45
2024-12-08,27,2025-01-04,193.93
2024-12-08,28,2025-01-05,192.9
2024-12-08,29,2025-01-06,190.78
2024-12-08,30,2025-01-07,196.01
2024-12-09,1,2024-12-10,163.4
2024-12-09,2,2024-12-11,166.36
2024-12-09,3,2024-12-12,169.19
2024-12-09,4,2024-12-13,176.25
2024-12-09,5,2024-12-14,181.35
2024-12-09,6,2024-12-15,183.21
2024-12-09,7,2024-12-16,185.77
2024-12-09,8,2024-12-17,191.12
2024-12-09,9,2024-12-18,194.1
2024-12-09,10,2024-12-19,196.51
2024-12-09,11,2024-12-20,200.48
2024-12-09,12,2024-12-21,201.03
2024-12-09,13,2024-12-22,198.29
2024-12-09,14,2024-12-23,199.74
2024-12-09,15,2024-12-24,195.04
2024-12-09,16,2024-12-25,196.89
2024-12-09,17,2024-12-26,197.31
2024-12-09,18,2024-12-27,204.37
2024-12-09,19,2024-12-28,202.98
2024-12-09,20,2024-12-29,202.22
2024-12-09,21,2024-12-30,200.42
2024-12-09,22,2024-12-31,197.5
2024-12-09,23,2025-01-01,198.33
2024-12-09,24,2025-01-02,195.43
2024-12-09,25,2025-01-03,195.55
2024-12-09,26,2025-01-04,190.8
2024-12-09,27,2025-01-05,191.18
2024-12-09,28,2025-01-06,191.04
2024-12-09,29,2025-01-07,191.39
2024-12-09,30,2025-01-08,196.18
2024-12-10,1,2024-12-11,166.74
2024-12-10,2,2024-12-12,171.56
2024-12-10,3,2024-12-13,177.11
2024-12-10,4,2024-12-14,183.43
2024-12-10,5,2024-12-15,183.92
2024-12-10,6,2024-12-16,186.19
2024-12-10,7,2024-12-17,191.58
2024-12-10,8,2024-12-18,196.21
2024-12-10,9,2024-12-19,198.76
2024-12-10,10,2024-12-20,202.92
2024-12-10,11,2024-12-21,205.52
2024-12-10,12,2024-12-22,205.33
2024-12-10,13,2024-12-23,202.8
2024-12-10,14,2024-12-24,203.04
2024-12-10,15,2024-12-25,202.05
2024-12-10,16,2024-12-26,199.18
2024-12-10,17,2024-12-27,202.35
2024-12-10,18,2024-12-28,200.91
2024-12-10,19,2024-12-29,200.87
2024-12-10,20,2024-12-30,201.09
2024-12-10,21,2024-12-31,199.92
2024-12-10,22,2025-01-01,201.27
2024-12-10,23,2025-01-02,198.12
2024-12-10,24,2025-01-03,194.47
2024-12-10,25,2025-01-04,195.14
2024-12-10,26,2025-01-05,190.35
2024-12-10,27,2025-01-06,190.52
2024-12-10,28,2025-01-07,191.89
2024-12-10,29,2025-01-08,193.64
2024-12-10,30,2025-01-09,196.63
2024-12-11,1,2024-12-12,164.95
2024-12-11,2,2024-12-13,168.72
2024-12-11,3,2024-12-14,169.84
2024-12-11,4,2024-12-15,175.47
2024-12-11,5,2024-12-16,181.76
2024-12-11,6,2024-12-17,185.73
2024-12-11,7,2024-12-18,193.65
2024-12-11,8,2024-12-19,193.15
2024-12-11,9,2024-12-20,201.53
2024-12-11,10,2024-12-21,201.49
2024-12-11,11,2024-12-22,205.05
2024-12-11,12,2024-12-23,206.1
2024-12-11,13,2024-12-24,202.21
2024-12-11,14,2024-12-25,204.15
2024-12-11,15,2024-12-26,203.88
2024-12-11,16,2024-12-27,200.25
2024-12-11,17,2024-12-28,200.73
2024-12-11,18,2024-12-29,200.33
2024-12-11,19,2024-12-30,198.48
2024-12-11,20,2024-12-31,199.39
2024-12-11,21,2025-01-01,199.62
2024-12-11,22,2025-01-02,197.54
2024-12-11,23,2025-01-03,195.48
2024-12-11,24,2025-01-04,190.7
2024-12-11,25,2025-01-05,188.73
2024-12-11,26,2025-01-06,188.06
2024-12-11,27,2025-01-07,188.13
2024-12-11,28,2025-01-08,189.41
2024-12-11,29,2025-01-09,192.53
2024-12-11,30,2025-01-10,197.24
2024-12-12,1,2024-12-13,165.48
2024-12-12,2,2024-12-14,169.94
2024-12-12,3,2024-12-15,169.87
2024-12-12,4,2024-12-16,178.04
2024-12-12,5,2024-12-17,181.18
2024-12-12,6,2024-12-18,186.45
2024-12-12,7,2024-12-19,194.84
2024-12-12,8,2024-12-20,196.61
2024-12-12,9,2024-12-21,206.78
2024-12-12,10,2024-12-22,204.41
2024-12-12,11,2024-12-23,209.28
2024-12-12,12,2024-12-24,205.68
2024-12-12,13,2024-12-25,204.05
2024-12-12,14,2024-12-26,204.52
2024-12-12,15,2024-12-27,204.61
2024-12-12,16,2024-12-28,201.25
2024-12-12,17,2024-12-29,204.51
2024-12-12,18,2024-12-30,199.74
2024-12-12,19,2024-12-31,199.27
2024-12-12,20,2025-01-01,196.74
2024-12-12,21,2025-01-02,197.86
2024-12-12,22,2025-01-03,193.95
2024-12-12,23,2025-01-04,192.47
2024-12-12,24,2025-01-05,188.55
2024-12-12,25,2025-01-06,188.6
2024-12-12,26,2025-01-07,187.81
2024-12-12,27,2025-01-08,188.7
2024-12-12,28,2025-01-09,190.36
2024-12-12,29,2025-01-10,192.94
2024-12-12,30,2025-01-11,197.67
2024-12-13,1,2024-12-14,168.18
2024-12-13,2,2024-12-15,175.48
2024-12-13,3,2024-12-16,177.96
2024-12-13,4,2024-12-17,180.97
2024-12-13,5,2024-12-18,187.83
2024-12-13,6,2024-12-19,191.14
2024-12-13,7,2024-12-20,197.38
2024-12-13,8,2024-12-21,200.74
2024-12-13,9,2024-12-22,206.81
2024-12-13,10,2024-12-23,204.05
2024-12-13,11,2024-12-24,203.53
2024-12-13,12,2024-12-25,204.32
2024-12-13,13,2024-12-26,205.38
2024-12-13,14,2024-12-27,204.14
2024-12-13,15,2024-12-28,203.84
2024-12-13,16,2024-12-29,195.46
2024-12-13,17,2024-12-30,200.07
2024-12-13,18,2024-12-31,197.68
2024-12-13,19,2025-01-01,196.49
2024-12-13,20,2025-01-02,196.42
2024-12-13,21,2025-01-03,195.21
2024-12-13,22,2025-01-04,190.48
2024-12-13,23,2025-01-05,187.96
2024-12-13,24,2025-01-06,187.41
2024-12-13,25,2025-01-07,187.19
2024-12-13,26,2025-01-08,188.19
2024-12-13,27,2025-01-09,190.5
2024-12-13,28,2025-01-10,191.67
2024-12-13,29,2025-01-11,194.05
2024-12-13,30,2025-01-12,199.6
2024-12-14,1,2024-12-15,175.14
2024-12-14,2,2024-12-16,180.51
2024-12-14,3,2024-12-17,183.61
2024-12-14,4,2024-12-18,188.14
2024-12-14,5,2024-12-19,196.37
2024-12-14,6,2024-12-20,198.07
2024-12-14,7,2024-12-21,201.55
2024-12-14,8,2024-12-22,204.78
2024-12-14,9,2024-12-23,206.49
2024-12-14,10,2024-12-24,204.91
2024-12-14,11,2024-12-25,209.05
2024-12-14,12,2024-12-26,206.53
2024-12-14,13,2024-12-27,204.77
2024-12-14,14,2024-12-28,204.12
2024-12-14,15,2024-12-29,203.84
2024-12-14,16,2024-12-30,201.27
2024-12-14,17,2024-12-31,202.73
2024-12-14,18,2025-01-01,195.64
2024-12-14,19,2025-01-02,193.48
2024-12-14,20,2025-01-03,193.69
2024-12-14,21,2025-01-04,190.23
2024-12-14,22,2025-01-05,187.87
2024-12-14,23,2025-01-06,186.64
2024-12-14,24,2025-01-07,188.73
2024-12-14,25,2025-01-08,189.28
2024-12-14,26,2025-01-09,190.05
2024-12-14,27,2025-01-10,192.13
2024-12-14,28,2025-01-11,193.74
2024-12-14,29,2025-01-12,194.56
2024-12-14,30,2025-01-13,199.65
2024-12-15,1,2024-12-16,175.67
2024-12-15,2,2024-12-17,180.01
2024-12-15,3,2024-12-18,182.15
2024-12-15,4,2024-12-19,185.22
2024-12-15,5,2024-12-20,191.92
2024-12-15,6,2024-12-21,193.06
2024-12-15,7,2024-12-22,196.96
2024-12-15,8,2024-12-23,199.6
2024-12-15,9,2024-12-24,202.36
2024-12-15,10,2024-12-25,198.77
2024-12-15,11,2024-12-26,199.24
2024-12-15,12,2024-12-27,202.31
2024-12-15,13,2024-12-28,194.63
2024-12-15,14,2024-12-29,191.03
2024-12-15,15,2024-12-30,194.66
2024-12-15,16,2024-12-31,193.75
2024-12-15,17,2025-01-01,198.14
2024-12-15,18,2025-01-02,194.46
2024-12-15,19,2025-01-03,191.54
2024-12-15,20,2025-01-04,190.42
2024-12-15,21,2025-01-05,187.05
2024-12-15,22,2025-01-06,186.46
2024-12-15,23,2025-01-07,187.61
2024-12-15,24,2025-01-08,189.44
2024-12-15,25,2025-01-09,190.28
2024-12-15,26,2025-01-10,190.99
2024-12-15,27,2025-01-11,193.16
2024-12-15,28,2025-01-12,193.68
2024-12-15,29,2025-01-13,194.84
2024-12-15,30,2025-01-14,199.3
2024-12-16,1,2024-12-17,172.68
2024-12-16,2,2024-12-18,172.71
2024-12-16,3,2024-12-19,180.43
2024-12-16,4,2024-12-20,182.61
2024-12-16,5,2024-12-21,192.22
2024-12-16,6,2024-12-22,190.32
2024-12-16,7,2024-12-23,196.0
2024-12-16,8,2024-12-24,202.07
2024-12-16,9,2024-12-25,201.75
2024-12-16,10,2024-12-26,203.34
2024-12-16,11,2024-12-27,206.57
2024-12-16,12,2024-12-28,203.25
2024-12-16,13,2024-12-29,198.94
2024-12-16,14,2024-12-30,199.17
2024-12-16,15,2024-12-31,199.1
2024-12-16,16,2025-01-01,201.52
2024-12-16,17,2025-01-02,203.78
2024-12-16,18,2025-01-03,191.6
2024-12-16,19,2025-01-04,189.19
2024-12-16,20,2025-01-05,189.96
2024-12-16,21,2025-01-06,189.37
2024-12-16,22,2025-01-07,187.96
2024-12-16,23,2025-01-08,189.43
2024-12-16,24,2025-01-09,190.06
2024-12-16,25,2025-01-10,190.84
2024-12-16,26,2025-01-11,191.26
2024-12-16,27,2025-01-12,192.18
2024-12-16,28,2025-01-13,191.69
2024-12-16,29,2025-01-14,192.63
2024-12-16,30,2025-01-15,199.24
2024-12-17,1,2024-12-18,174.99
2024-12-17,2,2024-12-19,175.92
2024-12-17,3,2024-12-20,184.47
2024-12-17,4,2024-12-21,192.19
2024-12-17,5,2024-12-22,193.78
2024-12-17,6,2024-12-23,196.46
2024-12-17,7,2024-12-24,199.9
2024-12-17,8,2024-12-25,204.97
2024-12-17,9,2024-12-26,202.36
2024-12-17,10,2024-12-27,207.51
2024-12-17,11,2024-12-28,208.05
2024-12-17,12,2024-12-29,199.03
2024-12-17,13,2024-12-30,202.95
2024-12-17,14,2024-12-31,199.46
2024-12-17,15,2025-01-01,199.79
2024-12-17,16,2025-01-02,202.9
2024-12-17,17,2025-01-03,204.94
2024-12-17,18,2025-01-04,188.37
2024-12-17,19,2025-01-05,186.02
2024-12-17,20,2025-01-06,187.58
2024-12-17,21,2025-01-07,188.36
2024-12-17,22,2025-01-08,188.22
2024-12-17,23,2025-01-09,189.1
2024-12-17,24,2025-01-10,190.39
2024-12-17,25,2025-01-11,190.51
2024-12-17,26,2025-01-12,190.75
2024-12-17,27,2025-01-13,192.43
2024-12-17,28,2025-01-14,192.86
2024-12-17,29,2025-01-15,194.16
2024-12-17,30,2025-01-16,200.24
2024-12-18,1,2024-12-19,175.19
2024-12-18,2,2024-12-20,180.53
2024-12-18,3,2024-12-21,189.04
2024-12-18,4,2024-12-22,192.8
2024-12-18,5,2024-12-23,199.29
2024-12-18,6,2024-12-24,196.77
2024-12-18,7,2024-12-25,203.56
2024-12-18,8,2024-12-26,203.43
2024-12-18,9,2024-12-27,207.47
2024-12-18,10,2024-12-28,208.76
2024-12-18,11,2024-12-29,208.11
2024-12-18,12,2024-12-30,199.95
2024-12-18,13,2024-12-31,201.93
2024-12-18,14,2025-01-01,201.79
2024-12-18,15,2025-01-02,197.16
2024-12-18,16,2025-01-03,201.58
2024-12-18,17,2025-01-04,204.25
2024-12-18,18,2025-01-05,186.08
2024-12-18,19,2025-01-06,187.08
2024-12-18,20,2025-01-07,190.62
2024-12-18,21,2025-01-08,190.8
2024-12-18,22,2025-01-09,190.02
2024-12-18,23,2025-01-10,190.08
2024-12-18,24,2025-01-11,189.71
2024-12-18,25,2025-01-12,190.7
2024-12-18,26,2025-01-13,190.73
2024-12-18,27,2025-01-14,192.63
2024-12-18,28,2025-01-15,193.13
2024-12-18,29,2025-01-16,195.71
2024-12-18,30,2025-01-17,199.98
2024-12-19,1,2024-12-20,178.53
2024-12-19,2,2024-12-21,183.14
2024-12-19,3,2024-12-22,190.33
2024-12-19,4,2024-12-23,198.94
2024-12-19,5,2024-12-24,199.74
2024-12-19,6,2024-12-25,199.81
2024-12-19,7,2024-12-26,205.39
2024-12-19,8,2024-12-27,205.73
2024-12-19,9,2024-12-28,208.94
2024-12-19,10,2024-12-29,206.5
2024-12-19,11,2024-12-30,208.19
2024-12-19,12,2024-12-31,204.4
2024-12-19,13,2025-01-01,204.74
2024-12-19,14,2025-01-02,198.63
2024-12-19,15,2025-01-03,194.59
2024-12-19,16,2025-01-04,197.46
2024-12-19,17,2025-01-05,207.64
2024-12-19,18,2025-01-06,185.51
2024-12-19,19,2025-01-07,187.1
2024-12-19,20,2025-01-08,189.44
2024-12-19,21,2025-01-09,191.59
2024-12-19,22,2025-01-10,190.04
2024-12-19,23,2025-01-11,189.76
2024-12-19,24,2025-01-12,191.65
2024-12-19,25,2025-01-13,191.51
2024-12-19,26,2025-01-14,191.71
2024-12-19,27,2025-01-15,193.3
2024-12-19,28,2025-01-16,195.0
2024-12-19,29,2025-01-17,195.25
2024-12-19,30,2025-01-18,200.57
2024-12-20,1,2024-12-21,196.25
2024-12-20,2,2024-12-22,203.25
2024-12-20,3,2024-12-23,212.08
2024-12-20,4,2024-12-24,215.53
2024-12-20,5,2024-12-25,214.29
2024-12-20,6,2024-12-26,217.39
2024-12-20,7,2024-12-27,218.5
2024-12-20,8,2024-12-28,214.31
2024-12-20,9,2024-12-29,212.46
2024-12-20,10,2024-12-30,208.24
2024-12-20,11,2024-12-31,208.92
2024-12-20,12,2025-01-01,206.56
2024-12-20,13,2025-01-02,200.6
2024-12-20,14,2025-01-03,196.8
2024-12-20,15,2025-01-04,193.27
2024-12-20,16,2025-01-05,201.09
2024-12-20,17,2025-01-06,212.47
2024-12-20,18,2025-01-07,184.85
2024-12-20,19,2025-01-08,188.35
2024-12-20,20,2025-01-09,190.76
2024-12-20,21,2025-01-10,191.09
2024-12-20,22,2025-01-11,190.3
2024-12-20,23,2025-01-12,190.17
2024-12-20,24,2025-01-13,191.77
2024-12-20,25,2025-01-14,192.92
2024-12-20,26,2025-01-15,191.91
2024-12-20,27,2025-01-16,193.97
2024-12-20,28,2025-01-17,196.08
2024-12-20,29,2025-01-18,199.26
2024-12-20,30,2025-01-19,204.81
2024-12-21,1,2024-12-22,209.73
2024-12-21,2,2024-12-23,219.86
2024-12-21,3,2024-12-24,229.26
2024-12-21,4,2024-12-25,227.85
2024-12-21,5,2024-12-26,232.39
2024-12-21,6,2024-12-27,234.18
2024-12-21,7,2024-12-28,225.99
2024-12-21,8,2024-12-29,221.7
2024-12-21,9,2024-12-30,211.67
2024-12-21,10,2024-12-31,209.29
2024-12-21,11,2025-01-01,209.81
2024-12-21,12,2025-01-02,202.53
2024-12-21,13,2025-01-03,198.8
2024-12-21,14,2025-01-04,195.4
2024-12-21,15,2025-01-05,192.29
2024-12-21,16,2025-01-06,205.06
2024-12-21,17,2025-01-07,213.27
2024-12-21,18,2025-01-08,186.44
2024-12-21,19,2025-01-09,187.69
2024-12-21,20,2025-01-10,189.81
2024-12-21,21,2025-01-11,191.04
2024-12-21,22,2025-01-12,189.99
2024-12-21,23,2025-01-13,191.2
2024-12-21,24,2025-01-14,192.92
2024-12-21,25,2025-01-15,192.51
2024-12-21,26,2025-01-16,192.8
2024-12-21,27,2025-01-17,196.36
2024-12-21,28,2025-01-18,197.85
2024-12-21,29,2025-01-19,200.54
2024-12-21,30,2025-01-20,205.85
2024-12-22,1,2024-12-23,229.06
2024-12-22,2,2024-12-24,239.82
2024-12-22,3,2024-12-25,244.91
2024-12-22,4,2024-12-26,239.62
2024-12-22,5,2024-12-27,241.3
2024-12-22,6,2024-12-28,239.32
2024-12-22,7,2024-12-29,227.23
2024-12-22,8,2024-12-30,220.47
2024-12-22,9,2024-12-31,209.98
2024-12-22,10,2025-01-01,204.59
2024-12-22,11,2025-01-02,198.62
2024-12-22,12,2025-01-03,192.97
2024-12-22,13,2025-01-04,185.67
2024-12-22,14,2025-01-05,186.03
2024-12-22,15,2025-01-06,186.63
2024-12-22,16,2025-01-07,199.81
2024-12-22,17,2025-01-08,204.42
2024-12-22,18,2025-01-09,186.52
2024-12-22,19,2025-01-10,186.29
2024-12-22,20,2025-01-11,188.84
2024-12-22,21,2025-01-12,191.06
2024-12-22,22,2025-01-13,191.57
2024-12-22,23,2025-01-14,192.02
2024-12-22,24,2025-01-15,193.95
2024-12-22,25,2025-01-16,195.31
2024-12-22,26,2025-01-17,196.7
2024-12-22,27,2025-01-18,201.3
2024-12-22,28,2025-01-19,201.51
2024-12-22,29,2025-01-20,202.84
2024-12-22,30,2025-01-21,204.59
2024-12-23,1,2024-12-24,247.48
2024-12-23,2,2024-12-25,248.47
2024-12-23,3,2024-12-26,244.45
2024-12-23,4,2024-12-27,241.13
2024-12-23,5,2024-12-28,233.31
2024-12-23,6,2024-12-29,227.6
2024-12-23,7,2024-12-30,217.99
2024-12-23,8,2024-12-31,208.43
2024-12-23,9,2025-01-01,199.87
2024-12-23,10,2025-01-02,196.07
2024-12-23,11,2025-01-03,191.12
2024-12-23,12,2025-01-04,184.89
2024-12-23,13,2025-01-05,182.42
2024-12-23,14,2025-01-06,183.88
2024-12-23,15,2025-01-07,184.56
2024-12-23,16,2025-01-08,193.61
2024-12-23,17,2025-01-09,195.21
2024-12-23,18,2025-01-10,185.34
2024-12-23,19,2025-01-11,185.83
2024-12-23,20,2025-01-12,188.33
2024-12-23,21,2025-01-13,190.49
2024-12-23,22,2025-01-14,190.21
2024-12-23,23,2025-01-15,190.98
2024-12-23,24,2025-01-16,195.27
2024-12-23,25,2025-01-17,199.1
2024-12-23,26,2025-01-18,199.73
2024-12-23,27,2025-01-19,201.97
2024-12-23,28,2025-01-20,203.01
2024-12-23,29,2025-01-21,203.1
2024-12-23,30,2025-01-22,202.84
2024-12-24,1,2024-12-25,259.7
2024-12-24,2,2024-12-26,257.44
2024-12-24,3,2024-12-27,258.87
2024-12-24,4,2024-12-28,254.45
2024-12-24,5,2024-12-29,239.23
2024-12-24,6,2024-12-30,227.29
2024-12-24,7,2024-12-31,215.82
2024-12-24,8,2025-01-01,203.2
2024-12-24,9,2025-01-02,196.56
2024-12-24,10,2025-01-03,192.08
2024-12-24,11,2025-01-04,193.55
2024-12-24,12,2025-01-05,185.99
2024-12-24,13,2025-01-06,189.8
2024-12-24,14,2025-01-07,189.03
2024-12-24,15,2025-01-08,189.05
2024-12-24,16,2025-01-09,186.84
2024-12-24,17,2025-01-10,192.21
2024-12-24,18,2025-01-11,183.76
2024-12-24,19,2025-01-12,187.14
2024-12-24,20,2025-01-13,189.2
2024-12-24,21,2025-01-14,190.66
2024-12-24,22,2025-01-15,190.75
2024-12-24,23,2025-01-16,191.68
2024-12-24,24,2025-01-17,196.67
2024-12-24,25,2025-01-18,201.28
2024-12-24,26,2025-01-19,201.27
2024-12-24,27,2025-01-20,202.83
2024-12-24,28,2025-01-21,203.75
2024-12-24,29,2025-01-22,202.34
2024-12-24,30,2025-01-23,202.73
2024-12-25,1,2024-12-26,256.89
2024-12-25,2,2024-12-27,255.72
2024-12-25,3,2024-12-28,253.87
2024-12-25,4,2024-12-29,245.59
2024-12-25,5,2024-12-30,233.9
2024-12-25,6,2024-12-31,222.61
2024-12-25,7,2025-01-01,210.13
2024-12-25,8,2025-01-02,197.53
2024-12-25,9,2025-01-03,188.13
2024-12-25,10,2025-01-04,186.37
2024-12-25,11,2025-01-05,194.07
2024-12-25,12,2025-01-06,192.31
2024-12-25,13,2025-01-07,191.93
2024-12-25,14,2025-01-08,189.63
2024-12-25,15,2025-01-09,189.36
2024-12-25,16,2025-01-10,189.42
2024-12-25,17,2025-01-11,184.76
2024-12-25,18,2025-01-12,185.48
2024-12-25,19,2025-01-13,188.12
2024-12-25,20,2025-01-14,190.84
2024-12-25,21,2025-01-15,191.37
2024-12-25,22,2025-01-16,193.49
2024-12-25,23,2025-01-17,195.2
2024-12-25,24,2025-01-18,199.37
2024-12-25,25,2025-01-19,202.3
2024-12-25,26,2025-01-20,203.29
2024-12-25,27,2025-01-21,202.97
2024-12-25,28,2025-01-22,204.49
2024-12-25,29,2025-01-23,202.65
2024-12-25,30,2025-01-24,202.67
2024-12-26,1,2024-12-27,257.1
2024-12-26,2,2024-12-28,258.1
2024-12-26,3,2024-12-29,253.45
2024-12-26,4,2024-12-30,241.28
2024-12-26,5,2024-12-31,228.53
2024-12-26,6,2025-01-01,219.48
2024-12-26,7,2025-01-02,206.32
2024-12-26,8,2025-01-03,197.17
2024-12-26,9,2025-01-04,191.29
2024-12-26,10,2025-01-05,191.0
2024-12-26,11,2025-01-06,200.78
2024-12-26,12,2025-01-07,191.94
2024-12-26,13,2025-01-08,187.83
2024-12-26,14,2025-01-09,183.46
2024-12-26,15,2025-01-10,182.88
2024-12-26,16,2025-01-11,185.34
2024-12-26,17,2025-01-12,187.37
2024-12-26,18,2025-01-13,188.31
2024-12-26,19,2025-01-14,188.66
2024-12-26,20,2025-01-15,192.68
2024-12-26,21,2025-01-16,194.19
2024-12-26,22,2025-01-17,196.02
2024-12-26,23,2025-01-18,199.15
2024-12-26,24,2025-01-19,200.68
2024-12-26,25,2025-01-20,202.83
2024-12-26,26,2025-01-21,204.07
2024-12-26,27,2025-01-22,204.91
2024-12-26,28,2025-01-23,203.6
2024-12-26,29,2025-01-24,203.58
2024-12-26,30,2025-01-25,203.15
2024-12-27,1,2024-12-28,255.59
2024-12-27,2,2024-12-29,249.38
2024-12-27,3,2024-12-30,242.27
2024-12-27,4,2024-12-31,230.49
2024-12-27,5,2025-01-01,220.85
2024-12-27,6,2025-01-02,211.8
2024-12-27,7,2025-01-03,201.08
2024-12-27,8,2025-01-04,193.46
2024-12-27,9,2025-01-05,191.62
2024-12-27,10,2025-01-06,191.68
2024-12-27,11,2025-01-07,193.84
2024-12-27,12,2025-01-08,188.66
2024-12-27,13,2025-01-09,188.75
2024-12-27,14,2025-01-10,181.92
2024-12-27,15,2025-01-11,184.05
2024-12-27,16,2025-01-12,185.45
2024-12-27,17,2025-01-13,187.86
2024-12-27,18,2025-01-14,190.35
2024-12-27,19,2025-01-15,190.51
2024-12-27,20,2025-01-16,195.27
2024-12-27,21,2025-01-17,195.94
2024-12-27,22,2025-01-18,197.94
2024-12-27,23,2025-01-19,201.29
2024-12-27,24,2025-01-20,201.54
2024-12-27,25,2025-01-21,205.16
2024-12-27,26,2025-01-22,204.8
2024-12-27,27,2025-01-23,205.93
2024-12-27,28,2025-01-24,205.14
2024-12-27,29,2025-01-25,203.44
2024-12-27,30,2025-01-26,203.09
2024-12-28,1,2024-12-29,254.97
2024-12-28,2,2024-12-30,248.14
2024-12-28,3,2024-12-31,236.14
2024-12-28,4,2025-01-01,225.03
2024-12-28,5,2025-01-02,214.26
2024-12-28,6,2025-01-03,205.29
2024-12-28,7,2025-01-04,198.68
2024-12-28,8,2025-01-05,194.28
2024-12-28,9,2025-01-06,192.68
2024-12-28,10,2025-01-07,188.17
2024-12-28,11,2025-01-08,191.52
2024-12-28,12,2025-01-09,184.68
2024-12-28,13,2025-01-10,184.5
2024-12-28,14,2025-01-11,182.79
2024-12-28,15,2025-01-12,185.44
2024-12-28,16,2025-01-13,187.65
2024-12-28,17,2025-01-14,186.69
2024-12-28,18,2025-01-15,191.48
2024-12-28,19,2025-01-16,192.97
2024-12-28,20,2025-01-17,196.91
2024-12-28,21,2025-01-18,198.5
2024-12-28,22,2025-01-19,201.36
2024-12-28,23,2025-01-20,203.93
2024-12-28,24,2025-01-21,205.79
2024-12-28,25,2025-01-22,207.49
2024-12-28,26,2025-01-23,205.31
2024-12-28,27,2025-01-24,207.27
2024-12-28,28,2025-01-25,205.91
2024-12-28,29,2025-01-26,204.5
2024-12-28,30,2025-01-27,202.61
2024-12-29,1,2024-12-30,248.52
2024-12-29,2,2024-12-31,237.62
2024-12-29,3,2025-01-01,226.61
2024-12-29,4,2025-01-02,207.57
2024-12-29,5,2025-01-03,200.56
2024-12-29,6,2025-01-04,200.96
2024-12-29,7,2025-01-05,193.79
2024-12-29,8,2025-01-06,193.01
2024-12-29,9,2025-01-07,186.93
2024-12-29,10,2025-01-08,187.0
2024-12-29,11,2025-01-09,186.29
2024-12-29,12,2025-01-10,184.03
2024-12-29,13,2025-01-11,183.56
2024-12-29,14,2025-01-12,182.72
2024-12-29,15,2025-01-13,183.37
2024-12-29,16,2025-01-14,179.94
2024-12-29,17,2025-01-15,178.96
2024-12-29,18,2025-01-16,193.67
2024-12-29,19,2025-01-17,196.78
2024-12-29,20,2025-01-18,201.34
2024-12-29,21,2025-01-19,202.65
2024-12-29,22,2025-01-20,205.73
2024-12-29,23,2025-01-21,206.22
2024-12-29,24,2025-01-22,207.28
2024-12-29,25,2025-01-23,208.14
2024-12-29,26,2025-01-24,206.42
2024-12-29,27,2025-01-25,209.38
2024-12-29,28,2025-01-26,205.27
2024-12-29,29,2025-01-27,203.89
2024-12-29,30,2025-01-28,201.51
2024-12-30,1,2024-12-31,212.33
2024-12-30,2,2025-01-01,199.19
2024-12-30,3,2025-01-02,190.13
2024-12-30,4,2025-01-03,180.2
2024-12-30,5,2025-01-04,178.05
2024-12-30,6,2025-01-05,184.37
2024-12-30,7,2025-01-06,182.58
2024-12-30,8,2025-01-07,187.69
2024-12-30,9,2025-01-08,185.43
2024-12-30,10,2025-01-09,184.79
2024-12-30,11,2025-01-10,186.08
2024-12-30,12,2025-01-11,183.54
2024-12-30,13,2025-01-12,185.36
2024-12-30,14,2025-01-13,182.14
2024-12-30,15,2025-01-14,177.93
2024-12-30,16,2025-01-15,183.46
2024-12-30,17,2025-01-16,181.89
2024-12-30,18,2025-01-17,196.54
2024-12-30,19,2025-01-18,201.3
2024-12-30,20,2025-01-19,202.15
2024-12-30,21,2025-01-20,205.41
2024-12-30,22,2025-01-21,206.77
2024-12-30,23,2025-01-22,207.46
2024-12-30,24,2025-01-23,208.37
2024-12-30,25,2025-01-24,209.1
2024-12-30,26,2025-01-25,206.72
2024-12-30,27,2025-01-26,208.36
2024-12-30,28,2025-01-27,204.42
2024-12-30,29,2025-01-28,203.12
2024-12-30,30,2025-01-29,200.62
2024-12-31,1,2025-01-01,201.41
2024-12-31,2,2025-01-02,190.0
2024-12-31,3,2025-01-03,184.41
2024-12-31,4,2025-01-04,184.95
2024-12-31,5,2025-01-05,179.56
2024-12-31,6,2025-01-06,188.55
2024-12-31,7,2025-01-07,186.22
2024-12-31,8,2025-01-08,187.4
2024-12-31,9,2025-01-09,186.51
2024-12-31,10,2025-01-10,185.0
2024-12-31,11,2025-01-11,186.35
2024-12-31,12,2025-01-12,184.49
2024-12-31,13,2025-01-13,183.68
2024-12-31,14,2025-01-14,180.49
2024-12-31,15,2025-01-15,179.72
2024-12-31,16,2025-01-16,184.15
2024-12-31,17,2025-01-17,188.66
2024-12-31,18,2025-01-18,199.36
2024-12-31,19,2025-01-19,203.44
2024-12-31,20,2025-01-20,203.94
2024-12-31,21,2025-01-21,208.71
2024-12-31,22,2025-01-22,208.64
2024-12-31,23,2025-01-23,208.2
2024-12-31,24,2025-01-24,208.21
2024-12-31,25,2025-01-25,207.3
2024-12-31,26,2025-01-26,206.25
2024-12-31,27,2025-01-27,204.53
2024-12-31,28,2025-01-28,202.36
2024-12-31,29,2025-01-29,199.68
2024-12-31,30,2025-01-30,196.99
2025-01-01,1,2025-01-02,203.93
2025-01-01,2,2025-01-03,193.19
2025-01-01,3,2025-01-04,190.1
2025-01-01,4,2025-01-05,190.81
2025-01-01,5,2025-01-06,184.85
2025-01-01,6,2025-01-07,190.74
2025-01-01,7,2025-01-08,188.73
2025-01-01,8,2025-01-09,189.7
2025-01-01,9,2025-01-10,185.7
2025-01-01,10,2025-01-11,184.52
2025-01-01,11,2025-01-12,188.41
2025-01-01,12,2025-01-13,182.98
2025-01-01,13,2025-01-14,185.91
2025-01-01,14,2025-01-15,183.43
2025-01-01,15,2025-01-16,184.81
2025-01-01,16,2025-01-17,187.04
2025-01-01,17,2025-01-18,192.54
2025-01-01,18,2025-01-19,204.35
2025-01-01,19,2025-01-20,206.87
2025-01-01,20,2025-01-21,206.55
2025-01-01,21,2025-01-22,208.77
2025-01-01,22,2025-01-23,209.0
2025-01-01,23,2025-01-24,209.15
2025-01-01,24,2025-01-25,208.49
2025-01-01,25,2025-01-26,205.46
2025-01-01,26,2025-01-27,204.8
2025-01-01,27,2025-01-28,203.14
2025-01-01,28,2025-01-29,199.89
2025-01-01,29,2025-01-30,198.87
2025-01-01,30,2025-01-31,194.96
2025-01-02,1,2025-01-03,200.84
2025-01-02,2,2025-01-04,198.98
2025-01-02,3,2025-01-05,194.55
2025-01-02,4,2025-01-06,203.24
2025-01-02,5,2025-01-07,195.96
2025-01-02,6,2025-01-08,199.07
2025-01-02,7,2025-01-09,196.9
2025-01-02,8,2025-01-10,195.87
2025-01-02,9,2025-01-11,188.08
2025-01-02,10,2025-01-12,190.14
2025-01-02,11,2025-01-13,191.64
2025-01-02,12,2025-01-14,186.1
2025-01-02,13,2025-01-15,188.71
2025-01-02,14,2025-01-16,187.77
2025-01-02,15,2025-01-17,187.87
2025-01-02,16,2025-01-18,190.36
2025-01-02,17,2025-01-19,199.54
2025-01-02,18,2025-01-20,205.91
2025-01-02,19,2025-01-21,208.19
2025-01-02,20,2025-01-22,206.89
2025-01-02,21,2025-01-23,208.76
2025-01-02,22,2025-01-24,208.54
2025-01-02,23,2025-01-25,207.31
2025-01-02,24,2025-01-26,206.03
2025-01-02,25,2025-01-27,203.28
2025-01-02,26,2025-01-28,203.73
2025-01-02,27,2025-01-29,200.86
2025-01-02,28,2025-01-30,197.43
2025-01-02,29,2025-01-31,194.87
2025-01-02,30,2025-02-01,193.11
2025-01-03,1,2025-01-04,195.0
2025-01-03,2,2025-01-05,192.8
2025-01-03,3,2025-01-06,193.43
2025-01-03,4,2025-01-07,196.7
2025-01-03,5,2025-01-08,194.34
2025-01-03,6,2025-01-09,197.19
2025-01-03,7,2025-01-10,192.66
2025-01-03,8,2025-01-11,194.91
2025-01-03,9,2025-01-12,189.66
2025-01-03,10,2025-01-13,192.03
2025-01-03,11,2025-01-14,189.19
2025-01-03,12,2025-01-15,192.11
2025-01-03,13,2025-01-16,193.91
2025-01-03,14,2025-01-17,194.05
2025-01-03,15,2025-01-18,196.16
2025-01-03,16,2025-01-19,197.69
2025-01-03,17,2025-01-20,202.67
2025-01-03,18,2025-01-21,207.36
2025-01-03,19,2025-01-22,209.37
2025-01-03,20,2025-01-23,207.69
2025-01-03,21,2025-01-24,210.05
2025-01-03,22,2025-01-25,206.42
2025-01-03,23,2025-01-26,204.9
2025-01-03,24,2025-01-27,204.32
2025-01-03,25,2025-01-28,203.7
2025-01-03,26,2025-01-29,203.88
2025-01-03,27,2025-01-30,199.61
2025-01-03,28,2025-01-31,198.26
2025-01-03,29,2025-02-01,193.85
2025-01-03,30,2025-02-02,193.17
2025-01-04,1,2025-01-05,200.28
2025-01-04,2,2025-01-06,199.52
2025-01-04,3,2025-01-07,199.16
2025-01-04,4,2025-01-08,202.05
2025-01-04,5,2025-01-09,194.71
2025-01-04,6,2025-01-10,193.78
2025-01-04,7,2025-01-11,188.57
2025-01-04,8,2025-01-12,189.83
2025-01-04,9,2025-01-13,188.12
2025-01-04,10,2025-01-14,193.86
2025-01-04,11,2025-01-15,190.37
2025-01-04,12,2025-01-16,193.31
2025-01-04,13,2025-01-17,198.71
2025-01-04,14,2025-01-18,202.02
2025-01-04,15,2025-01-19,200.08
2025-01-04,16,2025-01-20,205.37
2025-01-04,17,2025-01-21,209.28
2025-01-04,18,2025-01-22,208.25
2025-01-04,19,2025-01-23,209.31
2025-01-04,20,2025-01-24,209.89
2025-01-04,21,2025-01-25,211.02
2025-01-04,22,2025-01-26,205.75
2025-01-04,23,2025-01-27,205.64
2025-01-04,24,2025-01-28,206.08
2025-01-04,25,2025-01-29,205.15
2025-01-04,26,2025-01-30,202.9
2025-01-04,27,2025-01-31,199.6
2025-01-04,28,2025-02-01,197.67
2025-01-04,29,2025-02-02,194.01
2025-01-04,30,2025-02-03,194.29
2025-01-05,1,2025-01-06,164.84
2025-01-05,2,2025-01-07,163.22
2025-01-05,3,2025-01-08,164.21
2025-01-05,4,2025-01-09,166.21
2025-01-05,5,2025-01-10,165.93
2025-01-05,6,2025-01-11,170.2
2025-01-05,7,2025-01-12,168.65
2025-01-05,8,2025-01-13,177.35
2025-01-05,9,2025-01-14,182.85
2025-01-05,10,2025-01-15,188.57
2025-01-05,11,2025-01-16,192.8
2025-01-05,12,2025-01-17,196.05
2025-01-05,13,2025-01-18,202.82
2025-01-05,14,2025-01-19,206.39
2025-01-05,15,2025-01-20,206.33
2025-01-05,16,2025-01-21,207.71
2025-01-05,17,2025-01-22,208.68
2025-01-05,18,2025-01-23,209.05
2025-01-05,19,2025-01-24,210.11
2025-01-05,20,2025-01-25,206.37
2025-01-05,21,2025-01-26,206.43
2025-01-05,22,2025-01-27,202.93
2025-01-05,23,2025-01-28,200.32
2025-01-05,24,2025-01-29,201.98
2025-01-05,25,2025-01-30,198.71
2025-01-05,26,2025-01-31,196.64
2025-01-05,27,2025-02-01,191.07
2025-01-05,28,2025-02-02,190.09
2025-01-05,29,2025-02-03,188.26
2025-01-05,30,2025-02-04,192.57
2025-01-06,1,2025-01-07,165.48
2025-01-06,2,2025-01-08,164.45
2025-01-06,3,2025-01-09,163.54
2025-01-06,4,2025-01-10,161.22
2025-01-06,5,2025-01-11,164.93
2025-01-06,6,2025-01-12,169.34
2025-01-06,7,2025-01-13,173.09
2025-01-06,8,2025-01-14,183.65
2025-01-06,9,2025-01-15,183.44
2025-01-06,10,2025-01-16,192.34
2025-01-06,11,2025-01-17,197.9
2025-01-06,12,2025-01-18,202.77
2025-01-06,13,2025-01-19,209.94
2025-01-06,14,2025-01-20,211.43
2025-01-06,15,2025-01-21,213.17
2025-01-06,16,2025-01-22,209.93
2025-01-06,17,2025-01-23,206.01
2025-01-06,18,2025-01-24,208.34
2025-01-06,19,2025-01-25,208.5
2025-01-06,20,2025-01-26,204.33
2025-01-06,21,2025-01-27,203.0
2025-01-06,22,2025-01-28,201.83
2025-01-06,23,2025-01-29,201.45
2025-01-06,24,2025-01-30,198.69
2025-01-06,25,2025-01-31,192.91
2025-01-06,26,2025-02-01,189.67
2025-01-06,27,2025-02-02,187.1
2025-01-06,28,2025-02-03,187.54
2025-01-06,29,2025-02-04,184.17
2025-01-06,30,2025-02-05,189.33
2025-01-07,1,2025-01-08,165.02
2025-01-07,2,2025-01-09,161.23
2025-01-07,3,2025-01-10,158.85
2025-01-07,4,2025-01-11,158.42
2025-01-07,5,2025-01-12,162.87
2025-01-07,6,2025-01-13,172.36
2025-01-07,7,2025-01-14,179.25
2025-01-07,8,2025-01-15,184.23
2025-01-07,9,2025-01-16,189.66
2025-01-07,10,2025-01-17,195.28
2025-01-07,11,2025-01-18,197.64
2025-01-07,12,2025-01-19,208.45
2025-01-07,13,2025-01-20,213.43
2025-01-07,14,2025-01-21,210.89
2025-01-07,15,2025-01-22,211.6
2025-01-07,16,2025-01-23,206.08
2025-01-07,17,2025-01-24,204.21
2025-01-07,18,2025-01-25,208.27
2025-01-07,19,2025-01-26,205.04
2025-01-07,20,2025-01-27,201.7
2025-01-07,21,2025-01-28,201.87
2025-01-07,22,2025-01-29,198.99
2025-01-07,23,2025-01-30,198.76
2025-01-07,24,2025-01-31,195.86
2025-01-07,25,2025-02-01,190.38
2025-01-07,26,2025-02-02,188.17
2025-01-07,27,2025-02-03,185.09
2025-01-07,28,2025-02-04,186.17
2025-01-07,29,2025-02-05,185.5
2025-01-07,30,2025-02-06,190.13
2025-01-08,1,2025-01-09,159.72
2025-01-08,2,2025-01-10,157.73
2025-01-08,3,2025-01-11,156.52
2025-01-08,4,2025-01-12,157.93
2025-01-08,5,2025-01-13,164.67
2025-01-08,6,2025-01-14,177.62
2025-01-08,7,2025-01-15,183.21
2025-01-08,8,2025-01-16,186.97
2025-01-08,9,2025-01-17,192.46
2025-01-08,10,2025-01-18,201.79
2025-01-08,11,2025-01-19,206.37
2025-01-08,12,2025-01-20,214.32
2025-01-08,13,2025-01-21,213.82
2025-01-08,14,2025-01-22,208.7
2025-01-08,15,2025-01-23,212.42
2025-01-08,16,2025-01-24,203.79
2025-01-08,17,2025-01-25,198.03
2025-01-08,18,2025-01-26,205.23
2025-01-08,19,2025-01-27,201.08
2025-01-08,20,2025-01-28,201.57
2025-01-08,21,2025-01-29,199.98
2025-01-08,22,2025-01-30,198.55
2025-01-08,23,2025-01-31,195.98
2025-01-08,24,2025-02-01,191.52
2025-01-08,25,2025-02-02,185.22
2025-01-08,26,2025-02-03,183.99
2025-01-08,27,2025-02-04,182.72
2025-01-08,28,2025-02-05,185.17
2025-01-08,29,2025-02-06,184.72
2025-01-08,30,2025-02-07,189.24
2025-01-09,1,2025-01-10,169.17
2025-01-09,2,2025-01-11,170.77
2025-01-09,3,2025-01-12,169.95
2025-01-09,4,2025-01-13,169.78
2025-01-09,5,2025-01-14,175.73
2025-01-09,6,2025-01-15,184.21
2025-01-09,7,2025-01-16,188.72
2025-01-09,8,2025-01-17,191.5
2025-01-09,9,2025-01-18,200.84
2025-01-09,10,2025-01-19,206.24
2025-01-09,11,2025-01-20,210.16
2025-01-09,12,2025-01-21,217.68
2025-01-09,13,2025-01-22,213.93
2025-01-09,14,2025-01-23,208.96
2025-01-09,15,2025-01-24,210.93
2025-01-09,16,2025-01-25,197.44
2025-01-09,17,2025-01-26,199.5
2025-01-09,18,2025-01-27,200.68
2025-01-09,19,2025-01-28,201.83
2025-01-09,20,2025-01-29,199.92
2025-01-09,21,2025-01-30,197.95
2025-01-09,22,2025-01-31,194.8
2025-01-09,23,2025-02-01,189.75
2025-01-09,24,2025-02-02,187.09
2025-01-09,25,2025-02-03,185.18
2025-01-09,26,2025-02-04,184.53
2025-01-09,27,2025-02-05,184.79
2025-01-09,28,2025-02-06,186.39
2025-01-09,29,2025-02-07,186.98
2025-01-09,30,2025-02-08,190.82
2025-01-10,1,2025-01-11,165.62
2025-01-10,2,2025-01-12,167.82
2025-01-10,3,2025-01-13,168.17
2025-01-10,4,2025-01-14,168.5
2025-01-10,5,2025-01-15,176.95
2025-01-10,6,2025-01-16,184.85
2025-01-10,7,2025-01-17,197.49
2025-01-10,8,2025-01-18,198.59
2025-01-10,9,2025-01-19,207.11
2025-01-10,10,2025-01-20,209.15
2025-01-10,11,2025-01-21,212.83
2025-01-10,12,2025-01-22,220.51
2025-01-10,13,2025-01-23,214.81
2025-01-10,14,2025-01-24,214.51
2025-01-10,15,2025-01-25,209.0
2025-01-10,16,2025-01-26,204.12
2025-01-10,17,2025-01-27,198.89
2025-01-10,18,2025-01-28,200.51
2025-01-10,19,2025-01-29,201.56
2025-01-10,20,2025-01-30,198.66
2025-01-10,21,2025-01-31,196.61
2025-01-10,22,2025-02-01,190.59
2025-01-10,23,2025-02-02,186.87
2025-01-10,24,2025-02-03,185.94
2025-01-10,25,2025-02-04,183.99
2025-01-10,26,2025-02-05,185.04
2025-01-10,27,2025-02-06,185.0
2025-01-10,28,2025-02-07,186.81
2025-01-10,29,2025-02-08,187.8
2025-01-10,30,2025-02-09,191.41
2025-01-11,1,2025-01-12,166.01
2025-01-11,2,2025-01-13,170.88
2025-01-11,3,2025-01-14,172.52
2025-01-11,4,2025-01-15,175.71
2025-01-11,5,2025-01-16,184.3
2025-01-11,6,2025-01-17,196.72
2025-01-11,7,2025-01-18,204.88
2025-01-11,8,2025-01-19,205.13
2025-01-11,9,2025-01-20,210.11
2025-01-11,10,2025-01-21,213.08
2025-01-11,11,2025-01-22,215.0
2025-01-11,12,2025-01-23,220.14
2025-01-11,13,2025-01-24,216.78
2025-01-11,14,2025-01-25,212.95
2025-01-11,15,2025-01-26,206.73
2025-01-11,16,2025-01-27,203.23
2025-01-11,17,2025-01-28,200.58
2025-01-11,18,2025-01-29,198.96
2025-01-11,19,2025-01-30,199.37
2025-01-11,20,2025-01-31,196.57
2025-01-11,21,2025-02-01,189.92
2025-01-11,22,2025-02-02,185.04
2025-01-11,23,2025-02-03,183.17
2025-01-11,24,2025-02-04,182.87
2025-01-11,25,2025-02-05,182.41
2025-01-11,26,2025-02-06,183.82
2025-01-11,27,2025-02-07,184.34
2025-01-11,28,2025-02-08,187.36
2025-01-11,29,2025-02-09,186.87
2025-01-11,30,2025-02-10,191.78
2025-01-12,1,2025-01-13,170.72
2025-01-12,2,2025-01-14,173.81
2025-01-12,3,2025-01-15,176.47
2025-01-12,4,2025-01-16,183.43
2025-01-12,5,2025-01-17,194.79
2025-01-12,6,2025-01-18,204.69
2025-01-12,7,2025-01-19,210.75
2025-01-12,8,2025-01-20,213.14
2025-01-12,9,2025-01-21,215.53
2025-01-12,10,2025-01-22,217.93
2025-01-12,11,2025-01-23,213.44
2025-01-12,12,2025-01-24,218.99
2025-01-12,13,2025-01-25,216.78
2025-01-12,14,2025-01-26,208.6
2025-01-12,15,2025-01-27,201.65
2025-01-12,16,2025-01-28,203.36
2025-01-12,17,2025-01-29,199.74
2025-01-12,18,2025-01-30,195.69
2025-01-12,19,2025-01-31,195.24
2025-01-12,20,2025-02-01,189.67
2025-01-12,21,2025-02-02,185.99
2025-01-12,22,2025-02-03,183.53
2025-01-12,23,2025-02-04,182.35
2025-01-12,24,2025-02-05,184.09
2025-01-12,25,2025-02-06,184.49
2025-01-12,26,2025-02-07,185.67
2025-01-12,27,2025-02-08,184.77
2025-01-12,28,2025-02-09,186.97
2025-01-12,29,2025-02-10,187.47
2025-01-12,30,2025-02-11,193.64
2025-01-13,1,2025-01-14,170.62
2025-01-13,2,2025-01-15,172.77
2025-01-13,3,2025-01-16,179.35
2025-01-13,4,2025-01-17,190.12
2025-01-13,5,2025-01-18,202.1
2025-01-13,6,2025-01-19,212.18
2025-01-13,7,2025-01-20,212.64
2025-01-13,8,2025-01-21,214.53
2025-01-13,9,2025-01-22,215.69
2025-01-13,10,2025-01-23,219.28
2025-01-13,11,2025-01-24,212.86
2025-01-13,12,2025-01-25,213.5
2025-01-13,13,2025-01-26,211.46
2025-01-13,14,2025-01-27,206.09
2025-01-13,15,2025-01-28,201.78
2025-01-13,16,2025-01-29,203.56
2025-01-13,17,2025-01-30,200.31
2025-01-13,18,2025-01-31,194.82
2025-01-13,19,2025-02-01,189.8
2025-01-13,20,2025-02-02,185.35
2025-01-13,21,2025-02-03,182.12
2025-01-13,22,2025-02-04,182.94
2025-01-13,23,2025-02-05,181.56
2025-01-13,24,2025-02-06,184.2
2025-01-13,25,2025-02-07,186.1
2025-01-13,26,2025-02-08,185.11
2025-01-13,27,2025-02-09,184.65
2025-01-13,28,2025-02-10,187.48
2025-01-13,29,2025-02-11,187.9
2025-01-13,30,2025-02-12,194.49
2025-01-14,1,2025-01-15,178.81
2025-01-14,2,2025-01-16,186.76
2025-01-14,3,2025-01-17,197.35
2025-01-14,4,2025-01-18,207.11
2025-01-14,5,2025-01-19,214.41
2025-01-14,6,2025-01-20,221.49
2025-01-14,7,2025-01-21,218.54
2025-01-14,8,2025-01-22,221.66
2025-01-14,9,2025-01-23,220.14
2025-01-14,10,2025-01-24,219.13
2025-01-14,11,2025-01-25,205.86
2025-01-14,12,2025-01-26,210.15
2025-01-14,13,2025-01-27,208.5
2025-01-14,14,2025-01-28,202.81
2025-01-14,15,2025-01-29,198.38
2025-01-14,16,2025-01-30,195.88
2025-01-14,17,2025-01-31,195.75
2025-01-14,18,2025-02-01,188.03
2025-01-14,19,2025-02-02,184.77
2025-01-14,20,2025-02-03,182.74
2025-01-14,21,2025-02-04,179.49
2025-01-14,22,2025-02-05,182.66
2025-01-14,23,2025-02-06,182.95
2025-01-14,24,2025-02-07,185.32
2025-01-14,25,2025-02-08,187.57
2025-01-14,26,2025-02-09,186.87
2025-01-14,27,2025-02-10,186.54
2025-01-14,28,2025-02-11,188.42
2025-01-14,29,2025-02-12,188.77
2025-01-14,30,2025-02-13,193.82
2025-01-15,1,2025-01-16,183.29
2025-01-15,2,2025-01-17,192.26
2025-01-15,3,2025-01-18,203.73
2025-01-15,4,2025-01-19,212.73
2025-01-15,5,2025-01-20,218.53
2025-01-15,6,2025-01-21,217.33
2025-01-15,7,2025-01-22,219.27
2025-01-15,8,2025-01-23,215.85
2025-01-15,9,2025-01-24,211.11
2025-01-15,10,2025-01-25,206.53
2025-01-15,11,2025-01-26,196.2
2025-01-15,12,2025-01-27,197.09
2025-01-15,13,2025-01-28,198.8
2025-01-15,14,2025-01-29,188.88
2025-01-15,15,2025-01-30,189.69
2025-01-15,16,2025-01-31,187.63
2025-01-15,17,2025-02-01,184.57
2025-01-15,18,2025-02-02,183.69
2025-01-15,19,2025-02-03,182.51
2025-01-15,20,2025-02-04,181.81
2025-01-15,21,2025-02-05,179.81
2025-01-15,22,2025-02-06,181.88
2025-01-15,23,2025-02-07,183.23
2025-01-15,24,2025-02-08,185.86
2025-01-15,25,2025-02-09,188.34
2025-01-15,26,2025-02-10,187.04
2025-01-15,27,2025-02-11,187.78
2025-01-15,28,2025-02-12,190.25
2025-01-15,29,2025-02-13,189.99
2025-01-15,30,2025-02-14,194.98
2025-01-16,1,2025-01-17,215.59
2025-01-16,2,2025-01-18,227.29
2025-01-16,3,2025-01-19,234.37
2025-01-16,4,2025-01-20,242.98
2025-01-16,5,2025-01-21,243.91
2025-01-16,6,2025-01-22,230.46
2025-01-16,7,2025-01-23,229.94
2025-01-16,8,2025-01-24,219.13
2025-01-16,9,2025-01-25,216.94
2025-01-16,10,2025-01-26,211.91
2025-01-16,11,2025-01-27,205.43
2025-01-16,12,2025-01-28,195.89
2025-01-16,13,2025-01-29,198.75
2025-01-16,14,2025-01-30,195.17
2025-01-16,15,2025-01-31,192.8
2025-01-16,16,2025-02-01,181.94
2025-01-16,17,2025-02-02,181.19
2025-01-16,18,2025-02-03,179.55
2025-01-16,19,2025-02-04,179.27
2025-01-16,20,2025-02-05,182.07
2025-01-16,21,2025-02-06,181.37
2025-01-16,22,2025-02-07,182.3
2025-01-16,23,2025-02-08,184.25
2025-01-16,24,2025-02-09,187.01
2025-01-16,25,2025-02-10,189.66
2025-01-16,26,2025-02-11,189.93
2025-01-16,27,2025-02-12,193.71
2025-01-16,28,2025-02-13,193.3
2025-01-16,29,2025-02-14,195.37
2025-01-16,30,2025-02-15,200.34
2025-01-17,1,2025-01-18,235.05
2025-01-17,2,2025-01-19,246.97
2025-01-17,3,2025-01-20,254.17
2025-01-17,4,2025-01-21,254.46
2025-01-17,5,2025-01-22,250.93
2025-01-17,6,2025-01-23,238.46
2025-01-17,7,2025-01-24,227.97
2025-01-17,8,2025-01-25,220.2
2025-01-17,9,2025-01-26,209.9
2025-01-17,10,2025-01-27,204.79
2025-01-17,11,2025-01-28,190.08
2025-01-17,12,2025-01-29,190.98
2025-01-17,13,2025-01-30,192.35
2025-01-17,14,2025-01-31,186.23
2025-01-17,15,2025-02-01,178.46
2025-01-17,16,2025-02-02,170.59
2025-01-17,17,2025-02-03,175.21
2025-01-17,18,2025-02-04,178.33
2025-01-17,19,2025-02-05,179.13
2025-01-17,20,2025-02-06,183.44
2025-01-17,21,2025-02-07,183.69
2025-01-17,22,2025-02-08,183.92
2025-01-17,23,2025-02-09,185.93
2025-01-17,24,2025-02-10,187.6
2025-01-17,25,2025-02-11,189.46
2025-01-17,26,2025-02-12,188.74
2025-01-17,27,2025-02-13,193.64
2025-01-17,28,2025-02-14,193.7
2025-01-17,29,2025-02-15,195.76
2025-01-17,30,2025-02-16,198.59
2025-01-18,1,2025-01-19,229.27
2025-01-18,2,2025-01-20,236.03
2025-01-18,3,2025-01-21,242.02
2025-01-18,4,2025-01-22,239.58
2025-01-18,5,2025-01-23,236.0
2025-01-18,6,2025-01-24,230.2
2025-01-18,7,2025-01-25,218.58
2025-01-18,8,2025-01-26,212.62
2025-01-18,9,2025-01-27,207.7
2025-01-18,10,2025-01-28,200.15
2025-01-18,11,2025-01-29,198.64
2025-01-18,12,2025-01-30,196.01
2025-01-18,13,2025-01-31,193.59
2025-01-18,14,2025-02-01,183.97
2025-01-18,15,2025-02-02,174.9
2025-01-18,16,2025-02-03,172.61
2025-01-18,17,2025-02-04,177.85
2025-01-18,18,2025-02-05,179.27
2025-01-18,19,2025-02-06,182.0
2025-01-18,20,2025-02-07,184.73
2025-01-18,21,2025-02-08,183.6
2025-01-18,22,2025-02-09,184.68
2025-01-18,23,2025-02-10,185.82
2025-01-18,24,2025-02-11,187.84
2025-01-18,25,2025-02-12,188.75
2025-01-18,26,2025-02-13,188.35
2025-01-18,27,2025-02-14,192.05
2025-01-18,28,2025-02-15,193.74
2025-01-18,29,2025-02-16,195.05
2025-01-18,30,2025-02-17,197.65
2025-01-19,1,2025-01-20,239.6
2025-01-19,2,2025-01-21,245.74
2025-01-19,3,2025-01-22,243.9
2025-01-19,4,2025-01-23,239.99
2025-01-19,5,2025-01-24,237.0
2025-01-19,6,2025-01-25,229.22
2025-01-19,7,2025-01-26,216.55
2025-01-19,8,2025-01-27,215.52
2025-01-19,9,2025-01-28,205.08
2025-01-19,10,2025-01-29,200.08
2025-01-19,11,2025-01-30,197.18
2025-01-19,12,2025-01-31,189.78
2025-01-19,13,2025-02-01,185.28
2025-01-19,14,2025-02-02,180.65
2025-01-19,15,2025-02-03,169.75
2025-01-19,16,2025-02-04,172.72
2025-01-19,17,2025-02-05,181.85
2025-01-19,18,2025-02-06,182.22
2025-01-19,19,2025-02-07,182.32
2025-01-19,20,2025-02-08,183.85
2025-01-19,21,2025-02-09,184.4
2025-01-19,22,2025-02-10,184.99
2025-01-19,23,2025-02-11,187.08
2025-01-19,24,2025-02-12,187.62
2025-01-19,25,2025-02-13,188.28
2025-01-19,26,2025-02-14,188.78
2025-01-19,27,2025-02-15,192.66
2025-01-19,28,2025-02-16,193.63
2025-01-19,29,2025-02-17,195.16
2025-01-19,30,2025-02-18,196.93
2025-01-20,1,2025-01-21,232.98
2025-01-20,2,2025-01-22,234.35
2025-01-20,3,2025-01-23,229.86
2025-01-20,4,2025-01-24,220.42
2025-01-20,5,2025-01-25,221.14
2025-01-20,6,2025-01-26,219.85
2025-01-20,7,2025-01-27,213.58
2025-01-20,8,2025-01-28,207.56
2025-01-20,9,2025-01-29,203.02
2025-01-20,10,2025-01-30,196.84
2025-01-20,11,2025-01-31,188.42
2025-01-20,12,2025-02-01,182.12
2025-01-20,13,2025-02-02,178.07
2025-01-20,14,2025-02-03,174.24
2025-01-20,15,2025-02-04,171.83
2025-01-20,16,2025-02-05,175.87
2025-01-20,17,2025-02-06,179.57
2025-01-20,18,2025-02-07,182.62
2025-01-20,19,2025-02-08,184.26
2025-01-20,20,2025-02-09,184.93
2025-01-20,21,2025-02-10,186.45
2025-01-20,22,2025-02-11,186.94
2025-01-20,23,2025-02-12,187.32
2025-01-20,24,2025-02-13,188.05
2025-01-20,25,2025-02-14,190.24
2025-01-20,26,2025-02-15,191.21
2025-01-20,27,2025-02-16,193.92
2025-01-20,28,2025-02-17,194.53
2025-01-20,29,2025-02-18,196.16
2025-01-20,30,2025-02-19,195.34
2025-01-21,1,2025-01-22,227.76
2025-01-21,2,2025-01-23,225.62
2025-01-21,3,2025-01-24,224.51
2025-01-21,4,2025-01-25,217.4
2025-01-21,5,2025-01-26,209.88
2025-01-21,6,2025-01-27,214.12
2025-01-21,7,2025-01-28,209.68
2025-01-21,8,2025-01-29,205.16
2025-01-21,9,2025-01-30,196.9
2025-01-21,10,2025-01-31,190.86
2025-01-21,11,2025-02-01,183.1
2025-01-21,12,2025-02-02,178.97
2025-01-21,13,2025-02-03,177.71
2025-01-21,14,2025-02-04,172.72
2025-01-21,15,2025-02-05,172.97
2025-01-21,16,2025-02-06,177.33
2025-01-21,17,2025-02-07,185.84
2025-01-21,18,2025-02-08,183.13
2025-01-21,19,2025-02-09,184.53
2025-01-21,20,2025-02-10,186.6
2025-01-21,21,2025-02-11,186.8
2025-01-21,22,2025-02-12,187.63
2025-01-21,23,2025-02-13,188.35
2025-01-21,24,2025-02-14,188.67
2025-01-21,25,2025-02-15,190.33
2025-01-21,26,2025-02-16,190.23
2025-01-21,27,2025-02-17,194.15
2025-01-21,28,2025-02-18,192.45
2025-01-21,29,2025-02-19,192.59
2025-01-21,30,2025-02-20,192.96
2025-01-22,1,2025-01-23,210.71
2025-01-22,2,2025-01-24,198.34
2025-01-22,3,2025-01-25,197.33
2025-01-22,4,2025-01-26,195.1
2025-01-22,5,2025-01-27,195.71
2025-01-22,6,2025-01-28,192.79
2025-01-22,7,2025-01-29,194.49
2025-01-22,8,2025-01-30,191.23
2025-01-22,9,2025-01-31,182.09
2025-01-22,10,2025-02-01,178.41
2025-01-22,11,2025-02-02,177.89
2025-01-22,12,2025-02-03,176.82
2025-01-22,13,2025-02-04,174.9
2025-01-22,14,2025-02-05,176.28
2025-01-22,15,2025-02-06,184.43
2025-01-22,16,2025-02-07,182.59
2025-01-22,17,2025-02-08,187.17
2025-01-22,18,2025-02-09,183.47
2025-01-22,19,2025-02-10,185.62
2025-01-22,20,2025-02-11,185.67
2025-01-22,21,2025-02-12,187.65
2025-01-22,22,2025-02-13,187.5
2025-01-22,23,2025-02-14,187.15
2025-01-22,24,2025-02-15,189.48
2025-01-22,25,2025-02-16,190.56
2025-01-22,26,2025-02-17,192.09
2025-01-22,27,2025-02-18,194.71
2025-01-22,28,2025-02-19,193.45
2025-01-22,29,2025-02-20,191.47
2025-01-22,30,2025-02-21,193.06
2025-01-23,1,2025-01-24,204.16
2025-01-23,2,2025-01-25,196.92
2025-01-23,3,2025-01-26,194.13
2025-01-23,4,2025-01-27,192.35
2025-01-23,5,2025-01-28,189.29
2025-01-23,6,2025-01-29,188.25
2025-01-23,7,2025-01-30,192.05
2025-01-23,8,2025-01-31,186.55
2025-01-23,9,2025-02-01,174.81
2025-01-23,10,2025-02-02,175.05
2025-01-23,11,2025-02-03,173.75
2025-01-23,12,2025-02-04,173.91
2025-01-23,13,2025-02-05,178.04
2025-01-23,14,2025-02-06,179.46
2025-01-23,15,2025-02-07,182.9
2025-01-23,16,2025-02-08,183.92
2025-01-23,17,2025-02-09,189.64
2025-01-23,18,2025-02-10,183.65
2025-01-23,19,2025-02-11,186.57
2025-01-23,20,2025-02-12,186.73
2025-01-23,21,2025-02-13,188.09
2025-01-23,22,2025-02-14,188.31
2025-01-23,23,2025-02-15,187.47
2025-01-23,24,2025-02-16,189.36
2025-01-23,25,2025-02-17,192.0
2025-01-23,26,2025-02-18,192.35
2025-01-23,27,2025-02-19,193.11
2025-01-23,28,2025-02-20,191.21
2025-01-23,29,2025-02-21,190.85
2025-01-23,30,2025-02-22,193.12
2025-01-24,1,2025-01-25,188.86
2025-01-24,2,2025-01-26,180.51
2025-01-24,3,2025-01-27,177.75
2025-01-24,4,2025-01-28,178.99
2025-01-24,5,2025-01-29,180.11
2025-01-24,6,2025-01-30,176.85
2025-01-24,7,2025-01-31,176.82
2025-01-24,8,2025-02-01,176.76
2025-01-24,9,2025-02-02,168.57
2025-01-24,10,2025-02-03,173.93
2025-01-24,11,2025-02-04,172.1
2025-01-24,12,2025-02-05,177.27
2025-01-24,13,2025-02-06,180.0
2025-01-24,14,2025-02-07,185.67
2025-01-24,15,2025-02-08,185.58
2025-01-24,16,2025-02-09,184.84
2025-01-24,17,2025-02-10,194.35
2025-01-24,18,2025-02-11,185.67
2025-01-24,19,2025-02-12,188.03
2025-01-24,20,2025-02-13,188.17
2025-01-24,21,2025-02-14,188.38
2025-01-24,22,2025-02-15,189.79
2025-01-24,23,2025-02-16,187.75
2025-01-24,24,2025-02-17,189.82
2025-01-24,25,2025-02-18,193.92
2025-01-24,26,2025-02-19,192.44
2025-01-24,27,2025-02-20,191.94
2025-01-24,28,2025-02-21,190.79
2025-01-24,29,2025-02-22,189.06
2025-01-24,30,2025-02-23,190.07
2025-01-25,1,2025-01-26,168.42
2025-01-25,2,2025-01-27,164.36
2025-01-25,3,2025-01-28,167.26
2025-01-25,4,2025-01-29,171.97
2025-01-25,5,2025-01-30,167.92
2025-01-25,6,2025-01-31,170.87
2025-01-25,7,2025-02-01,167.27
2025-01-25,8,2025-02-02,170.32
2025-01-25,9,2025-02-03,168.26
2025-01-25,10,2025-02-04,171.35
2025-01-25,11,2025-02-05,170.02
2025-01-25,12,2025-02-06,178.71
2025-01-25,13,2025-02-07,182.17
2025-01-25,14,2025-02-08,181.4
2025-01-25,15,2025-02-09,184.94
2025-01-25,16,2025-02-10,188.82
2025-01-25,17,2025-02-11,195.49
2025-01-25,18,2025-02-12,188.2
2025-01-25,19,2025-02-13,186.86
2025-01-25,20,2025-02-14,187.65
2025-01-25,21,2025-02-15,187.67
2025-01-25,22,2025-02-16,187.34
2025-01-25,23,2025-02-17,188.1
2025-01-25,24,2025-02-18,186.86
2025-01-25,25,2025-02-19,188.99
2025-01-25,26,2025-02-20,188.62
2025-01-25,27,2025-02-21,190.19
2025-01-25,28,2025-02-22,188.52
2025-01-25,29,2025-02-23,188.9
2025-01-25,30,2025-02-24,188.92
2025-01-26,1,2025-01-27,163.28
2025-01-26,2,2025-01-28,161.42
2025-01-26,3,2025-01-29,161.73
2025-01-26,4,2025-01-30,164.24
2025-01-26,5,2025-01-31,159.03
2025-01-26,6,2025-02-01,162.63
2025-01-26,7,2025-02-02,158.26
2025-01-26,8,2025-02-03,164.54
2025-01-26,9,2025-02-04,163.15
2025-01-26,10,2025-02-05,167.4
2025-01-26,11,2025-02-06,168.82
2025-01-26,12,2025-02-07,179.59
2025-01-26,13,2025-02-08,174.12
2025-01-26,14,2025-02-09,175.65
2025-01-26,15,2025-02-10,184.48
2025-01-26,16,2025-02-11,188.88
2025-01-26,17,2025-02-12,192.33
2025-01-26,18,2025-02-13,189.07
2025-01-26,19,2025-02-14,187.1
2025-01-26,20,2025-02-15,188.57
2025-01-26,21,2025-02-16,186.69
2025-01-26,22,2025-02-17,186.19
2025-01-26,23,2025-02-18,186.81
2025-01-26,24,2025-02-19,186.51
2025-01-26,25,2025-02-20,187.71
2025-01-26,26,2025-02-21,185.03
2025-01-26,27,2025-02-22,188.42
2025-01-26,28,2025-02-23,185.95
2025-01-26,29,2025-02-24,184.91
2025-01-26,30,2025-02-25,184.85
2025-01-27,1,2025-01-28,152.25
2025-01-27,2,2025-01-29,154.62
2025-01-27,3,2025-01-30,158.41
2025-01-27,4,2025-01-31,163.52
2025-01-27,5,2025-02-01,155.87
2025-01-27,6,2025-02-02,159.96
2025-01-27,7,2025-02-03,159.86
2025-01-27,8,2025-02-04,160.49
2025-01-27,9,2025-02-05,164.13
2025-01-27,10,2025-02-06,168.07
2025-01-27,11,2025-02-07,171.4
2025-01-27,12,2025-02-08,171.0
2025-01-27,13,2025-02-09,174.18
2025-01-27,14,2025-02-10,174.29
2025-01-27,15,2025-02-11,180.37
2025-01-27,16,2025-02-12,187.28
2025-01-27,17,2025-02-13,184.69
2025-01-27,18,2025-02-14,186.1
2025-01-27,19,2025-02-15,185.14
2025-01-27,20,2025-02-16,188.24
2025-01-27,21,2025-02-17,185.96
2025-01-27,22,2025-02-18,185.75
2025-01-27,23,2025-02-19,184.63
2025-01-27,24,2025-02-20,183.52
2025-01-27,25,2025-02-21,182.62
2025-01-27,26,2025-02-22,180.71
2025-01-27,27,2025-02-23,181.01
2025-01-27,28,2025-02-24,179.26
2025-01-27,29,2025-02-25,178.09
2025-01-27,30,2025-02-26,180.41
2025-01-28,1,2025-01-29,162.15
2025-01-28,2,2025-01-30,169.53
2025-01-28,3,2025-01-31,167.96
2025-01-28,4,2025-02-01,169.55
2025-01-28,5,2025-02-02,168.31
2025-01-28,6,2025-02-03,170.45
2025-01-28,7,2025-02-04,171.54
2025-01-28,8,2025-02-05,173.22
2025-01-28,9,2025-02-06,179.0
2025-01-28,10,2025-02-07,177.11
2025-01-28,11,2025-02-08,178.72
2025-01-28,12,2025-02-09,176.67
2025-01-28,13,2025-02-10,181.36
2025-01-28,14,2025-02-11,183.16
2025-01-28,15,2025-02-12,182.87
2025-01-28,16,2025-02-13,185.03
2025-01-28,17,2025-02-14,183.64
2025-01-28,18,2025-02-15,184.87
2025-01-28,19,2025-02-16,182.96
2025-01-28,20,2025-02-17,184.03
2025-01-28,21,2025-02-18,186.83
2025-01-28,22,2025-02-19,185.06
2025-01-28,23,2025-02-20,185.3
2025-01-28,24,2025-02-21,184.14
2025-01-28,25,2025-02-22,182.19
2025-01-28,26,2025-02-23,182.57
2025-01-28,27,2025-02-24,182.0
2025-01-28,28,2025-02-25,179.87
2025-01-28,29,2025-02-26,178.67
2025-01-28,30,2025-02-27,180.14
2025-01-29,1,2025-01-30,164.5
2025-01-29,2,2025-01-31,172.51
2025-01-29,3,2025-02-01,171.83
2025-01-29,4,2025-02-02,169.93
2025-01-29,5,2025-02-03,172.39
2025-01-29,6,2025-02-04,173.81
2025-01-29,7,2025-02-05,176.75
2025-01-29,8,2025-02-06,179.89
2025-01-29,9,2025-02-07,179.81
2025-01-29,10,2025-02-08,177.97
2025-01-29,11,2025-02-09,184.11
2025-01-29,12,2025-02-10,184.33
2025-01-29,13,2025-02-11,187.48
2025-01-29,14,2025-02-12,185.57
2025-01-29,15,2025-02-13,188.21
2025-01-29,16,2025-02-14,187.36
2025-01-29,17,2025-02-15,178.44
2025-01-29,18,2025-02-16,182.02
2025-01-29,19,2025-02-17,182.94
2025-01-29,20,2025-02-18,183.44
2025-01-29,21,2025-02-19,186.74
2025-01-29,22,2025-02-20,182.52
2025-01-29,23,2025-02-21,182.96
2025-01-29,24,2025-02-22,184.1
2025-01-29,25,2025-02-23,182.37
2025-01-29,26,2025-02-24,181.66
2025-01-29,27,2025-02-25,181.22
2025-01-29,28,2025-02-26,179.26
2025-01-29,29,2025-02-27,176.62
2025-01-29,30,2025-02-28,180.46
2025-01-30,1,2025-01-31,176.0
2025-01-30,2,2025-02-01,180.68
2025-01-30,3,2025-02-02,180.7
2025-01-30,4,2025-02-03,187.82
2025-01-30,5,2025-02-04,188.99
2025-01-30,6,2025-02-05,183.05
2025-01-30,7,2025-02-06,188.81
2025-01-30,8,2025-02-07,187.51
2025-01-30,9,2025-02-08,184.76
2025-01-30,10,2025-02-09,185.73
2025-01-30,11,2025-02-10,190.23
2025-01-30,12,2025-02-11,190.79
2025-01-30,13,2025-02-12,190.97
2025-01-30,14,2025-02-13,188.42
2025-01-30,15,2025-02-14,188.33
2025-01-30,16,2025-02-15,183.03
2025-01-30,17,2025-02-16,179.37
2025-01-30,18,2025-02-17,181.34
2025-01-30,19,2025-02-18,182.35
2025-01-30,20,2025-02-19,181.59
2025-01-30,21,2025-02-20,182.89
2025-01-30,22,2025-02-21,183.96
2025-01-30,23,2025-02-22,181.89
2025-01-30,24,2025-02-23,183.09
2025-01-30,25,2025-02-24,183.4
2025-01-30,26,2025-02-25,181.28
2025-01-30,27,2025-02-26,181.11
2025-01-30,28,2025-02-27,178.76
2025-01-30,29,2025-02-28,176.98
2025-01-30,30,2025-03-01,179.76
2025-01-31,1,2025-02-01,199.64
2025-01-31,2,2025-02-02,200.3
2025-01-31,3,2025-02-03,201.76
2025-01-31,4,2025-02-04,201.43
2025-01-31,5,2025-02-05,201.47
2025-01-31,6,2025-02-06,193.88
2025-01-31,7,2025-02-07,189.72
2025-01-31,8,2025-02-08,184.2
2025-01-31,9,2025-02-09,183.21
2025-01-31,10,2025-02-10,187.05
2025-01-31,11,2025-02-11,195.67
2025-01-31,12,2025-02-12,194.06
2025-01-31,13,2025-02-13,194.47
2025-01-31,14,2025-02-14,190.48
2025-01-31,15,2025-02-15,186.82
2025-01-31,16,2025-02-16,179.41
2025-01-31,17,2025-02-17,178.54
2025-01-31,18,2025-02-18,181.03
2025-01-31,19,2025-02-19,182.1
2025-01-31,20,2025-02-20,184.54
2025-01-31,21,2025-02-21,183.65
2025-01-31,22,2025-02-22,183.57
2025-01-31,23,2025-02-23,183.9
2025-01-31,24,2025-02-24,184.21
2025-01-31,25,2025-02-25,187.53
2025-01-31,26,2025-02-26,185.06
2025-01-31,27,2025-02-27,183.56
2025-01-31,28,2025-02-28,182.08
2025-01-31,29,2025-03-01,178.96
2025-01-31,30,2025-03-02,180.94
2025-02-01,1,2025-02-02,186.18
2025-02-01,2,2025-02-03,186.73
2025-02-01,3,2025-02-04,186.67
2025-02-01,4,2025-02-05,190.44
2025-02-01,5,2025-02-06,195.13
2025-02-01,6,2025-02-07,184.87
2025-02-01,7,2025-02-08,184.82
2025-02-01,8,2025-02-09,185.5
2025-02-01,9,2025-02-10,185.04
2025-02-01,10,2025-02-11,190.72
2025-02-01,11,2025-02-12,196.94
2025-02-01,12,2025-02-13,193.04
2025-02-01,13,2025-02-14,190.6
2025-02-01,14,2025-02-15,186.83
2025-02-01,15,2025-02-16,182.69
2025-02-01,16,2025-02-17,180.7
2025-02-01,17,2025-02-18,178.98
2025-02-01,18,2025-02-19,182.59
2025-02-01,19,2025-02-20,182.41
2025-02-01,20,2025-02-21,182.95
2025-02-01,21,2025-02-22,181.27
2025-02-01,22,2025-02-23,184.45
2025-02-01,23,2025-02-24,184.55
2025-02-01,24,2025-02-25,184.38
2025-02-01,25,2025-02-26,185.09
2025-02-01,26,2025-02-27,181.72
2025-02-01,27,2025-02-28,179.46
2025-02-01,28,2025-03-01,180.04
2025-02-01,29,2025-03-02,178.02
2025-02-01,30,2025-03-03,180.74
2025-02-02,1,2025-02-03,212.72
2025-02-02,2,2025-02-04,216.03
2025-02-02,3,2025-02-05,216.03
2025-02-02,4,2025-02-06,211.4
2025-02-02,5,2025-02-07,204.89
2025-02-02,6,2025-02-08,196.55
2025-02-02,7,2025-02-09,191.91
2025-02-02,8,2025-02-10,192.26
2025-02-02,9,2025-02-11,188.15
2025-02-02,10,2025-02-12,196.05
2025-02-02,11,2025-02-13,198.79
2025-02-02,12,2025-02-14,188.97
2025-02-02,13,2025-02-15,188.18
2025-02-02,14,2025-02-16,186.09
2025-02-02,15,2025-02-17,180.58
2025-02-02,16,2025-02-18,180.65
2025-02-02,17,2025-02-19,179.23
2025-02-02,18,2025-02-20,183.57
2025-02-02,19,2025-02-21,182.43
2025-02-02,20,2025-02-22,183.18
2025-02-02,21,2025-02-23,182.92
2025-02-02,22,2025-02-24,185.2
2025-02-02,23,2025-02-25,186.34
2025-02-02,24,2025-02-26,185.92
2025-02-02,25,2025-02-27,186.58
2025-02-02,26,2025-02-28,184.46
2025-02-02,27,2025-03-01,181.63
2025-02-02,28,2025-03-02,182.4
2025-02-02,29,2025-03-03,181.56
2025-02-02,30,2025-03-04,185.24
2025-02-03,1,2025-02-04,220.97
2025-02-03,2,2025-02-05,222.73
2025-02-03,3,2025-02-06,222.04
2025-02-03,4,2025-02-07,214.54
2025-02-03,5,2025-02-08,209.69
2025-02-03,6,2025-02-09,204.29
2025-02-03,7,2025-02-10,197.81
2025-02-03,8,2025-02-11,198.16
2025-02-03,9,2025-02-12,194.71
2025-02-03,10,2025-02-13,197.23
2025-02-03,11,2025-02-14,194.16
2025-02-03,12,2025-02-15,188.97
2025-02-03,13,2025-02-16,186.64
2025-02-03,14,2025-02-17,186.33
2025-02-03,15,2025-02-18,183.01
2025-02-03,16,2025-02-19,182.11
2025-02-03,17,2025-02-20,182.84
2025-02-03,18,2025-02-21,184.77
2025-02-03,19,2025-02-22,182.23
2025-02-03,20,2025-02-23,184.64
2025-02-03,21,2025-02-24,186.46
2025-02-03,22,2025-02-25,187.33
2025-02-03,23,2025-02-26,187.67
2025-02-03,24,2025-02-27,186.61
2025-02-03,25,2025-02-28,185.99
2025-02-03,26,2025-03-01,184.29
2025-02-03,27,2025-03-02,183.63
2025-02-03,28,2025-03-03,184.55
2025-02-03,29,2025-03-04,185.28
2025-02-03,30,2025-03-05,186.73
2025-02-04,1,2025-02-05,214.32
2025-02-04,2,2025-02-06,211.76
2025-02-04,3,2025-02-07,211.08
2025-02-04,4,2025-02-08,207.54
2025-02-04,5,2025-02-09,200.94
2025-02-04,6,2025-02-10,200.42
2025-02-04,7,2025-02-11,196.9
2025-02-04,8,2025-02-12,196.92
2025-02-04,9,2025-02-13,195.04
2025-02-04,10,2025-02-14,195.06
2025-02-04,11,2025-02-15,189.19
2025-02-04,12,2025-02-16,184.94
2025-02-04,13,2025-02-17,184.08
2025-02-04,14,2025-02-18,186.79
2025-02-04,15,2025-02-19,185.07
2025-02-04,16,2025-02-20,183.99
2025-02-04,17,2025-02-21,182.93
2025-02-04,18,2025-02-22,182.95
2025-02-04,19,2025-02-23,183.05
2025-02-04,20,2025-02-24,186.46
2025-02-04,21,2025-02-25,187.77
2025-02-04,22,2025-02-26,187.8
2025-02-04,23,2025-02-27,185.82
2025-02-04,24,2025-02-28,185.44
2025-02-04,25,2025-03-01,185.52
2025-02-04,26,2025-03-02,183.86
2025-02-04,27,2025-03-03,185.53
2025-02-04,28,2025-03-04,184.59
2025-02-04,29,2025-03-05,187.11
2025-02-04,30,2025-03-06,186.97
2025-02-05,1,2025-02-06,188.68
2025-02-05,2,2025-02-07,185.77
2025-02-05,3,2025-02-08,182.77
2025-02-05,4,2025-02-09,184.88
2025-02-05,5,2025-02-10,184.91
2025-02-05,6,2025-02-11,186.61
2025-02-05,7,2025-02-12,190.01
2025-02-05,8,2025-02-13,192.11
2025-02-05,9,2025-02-14,190.11
2025-02-05,10,2025-02-15,188.75
2025-02-05,11,2025-02-16,187.28
2025-02-05,12,2025-02-17,185.64
2025-02-05,13,2025-02-18,188.4
2025-02-05,14,2025-02-19,187.33
2025-02-05,15,2025-02-20,189.08
2025-02-05,16,2025-02-21,184.86
2025-02-05,17,2025-02-22,182.78
2025-02-05,18,2025-02-23,185.66
2025-02-05,19,2025-02-24,186.4
2025-02-05,20,2025-02-25,187.69
2025-02-05,21,2025-02-26,188.66
2025-02-05,22,2025-02-27,186.28
2025-02-05,23,2025-02-28,184.02
2025-02-05,24,2025-03-01,182.39
2025-02-05,25,2025-03-02,184.3
2025-02-05,26,2025-03-03,180.03
2025-02-05,27,2025-03-04,181.68
2025-02-05,28,2025-03-05,183.82
2025-02-05,29,2025-03-06,186.69
2025-02-05,30,2025-03-07,185.78
2025-02-06,1,2025-02-07,184.73
2025-02-06,2,2025-02-08,181.32
2025-02-06,3,2025-02-09,177.57
2025-02-06,4,2025-02-10,176.8
2025-02-06,5,2025-02-11,176.11
2025-02-06,6,2025-02-12,181.73
2025-02-06,7,2025-02-13,191.43
2025-02-06,8,2025-02-14,187.78
2025-02-06,9,2025-02-15,190.17
2025-02-06,10,2025-02-16,185.4
2025-02-06,11,2025-02-17,181.89
2025-02-06,12,2025-02-18,188.18
2025-02-06,13,2025-02-19,191.0
2025-02-06,14,2025-02-20,189.88
2025-02-06,15,2025-02-21,192.56
2025-02-06,16,2025-02-22,190.42
2025-02-06,17,2025-02-23,190.1
2025-02-06,18,2025-02-24,187.48
2025-02-06,19,2025-02-25,185.92
2025-02-06,20,2025-02-26,188.05
2025-02-06,21,2025-02-27,188.1
2025-02-06,22,2025-02-28,186.28
2025-02-06,23,2025-03-01,184.77
2025-02-06,24,2025-03-02,183.78
2025-02-06,25,2025-03-03,185.2
2025-02-06,26,2025-03-04,184.03
2025-02-06,27,2025-03-05,185.07
2025-02-06,28,2025-03-06,185.51
2025-02-06,29,2025-03-07,185.44
2025-02-06,30,2025-03-08,186.65
2025-02-07,1,2025-02-08,178.19
2025-02-07,2,2025-02-09,170.61
2025-02-07,3,2025-02-10,165.85
2025-02-07,4,2025-02-11,169.24
2025-02-07,5,2025-02-12,171.27
2025-02-07,6,2025-02-13,178.78
2025-02-07,7,2025-02-14,181.5
2025-02-07,8,2025-02-15,182.27
2025-02-07,9,2025-02-16,180.46
2025-02-07,10,2025-02-17,176.26
2025-02-07,11,2025-02-18,177.11
2025-02-07,12,2025-02-19,185.58
2025-02-07,13,2025-02-20,184.89
2025-02-07,14,2025-02-21,181.38
2025-02-07,15,2025-02-22,182.0
2025-02-07,16,2025-02-23,181.32
2025-02-07,17,2025-02-24,187.1
2025-02-07,18,2025-02-25,189.25
2025-02-07,19,2025-02-26,189.36
2025-02-07,20,2025-02-27,186.68
2025-02-07,21,2025-02-28,186.43
2025-02-07,22,2025-03-01,184.47
2025-02-07,23,2025-03-02,182.68
2025-02-07,24,2025-03-03,181.51
2025-02-07,25,2025-03-04,182.36
2025-02-07,26,2025-03-05,182.36
2025-02-07,27,2025-03-06,181.27
2025-02-07,28,2025-03-07,182.05
2025-02-07,29,2025-03-08,184.17
2025-02-07,30,2025-03-09,185.86
2025-02-08,1,2025-02-09,163.68
2025-02-08,2,2025-02-10,159.97
2025-02-08,3,2025-02-11,158.18
2025-02-08,4,2025-02-12,157.18
2025-02-08,5,2025-02-13,165.54
2025-02-08,6,2025-02-14,163.52
2025-02-08,7,2025-02-15,172.06
2025-02-08,8,2025-02-16,171.02
2025-02-08,9,2025-02-17,172.49
2025-02-08,10,2025-02-18,174.35
2025-02-08,11,2025-02-19,172.54
2025-02-08,12,2025-02-20,175.44
2025-02-08,13,2025-02-21,174.77
2025-02-08,14,2025-02-22,174.93
2025-02-08,15,2025-02-23,180.24
2025-02-08,16,2025-02-24,185.05
2025-02-08,17,2025-02-25,193.58
2025-02-08,18,2025-02-26,188.43
2025-02-08,19,2025-02-27,187.55
2025-02-08,20,2025-02-28,184.95
2025-02-08,21,2025-03-01,184.0
2025-02-08,22,2025-03-02,182.84
2025-02-08,23,2025-03-03,183.29
2025-02-08,24,2025-03-04,182.83
2025-02-08,25,2025-03-05,180.93
2025-02-08,26,2025-03-06,178.79
2025-02-08,27,2025-03-07,179.48
2025-02-08,28,2025-03-08,181.3
2025-02-08,29,2025-03-09,182.44
2025-02-08,30,2025-03-10,185.66
2025-02-09,1,2025-02-10,156.86
2025-02-09,2,2025-02-11,152.46
2025-02-09,3,2025-02-12,155.56
2025-02-09,4,2025-02-13,159.05
2025-02-09,5,2025-02-14,162.12
2025-02-09,6,2025-02-15,161.5
2025-02-09,7,2025-02-16,163.46
2025-02-09,8,2025-02-17,164.74
2025-02-09,9,2025-02-18,169.84
2025-02-09,10,2025-02-19,171.67
2025-02-09,11,2025-02-20,172.16
2025-02-09,12,2025-02-21,174.99
2025-02-09,13,2025-02-22,173.91
2025-02-09,14,2025-02-23,174.45
2025-02-09,15,2025-02-24,181.13
2025-02-09,16,2025-02-25,191.05
2025-02-09,17,2025-02-26,200.48
2025-02-09,18,2025-02-27,185.8
2025-02-09,19,2025-02-28,184.51
2025-02-09,20,2025-03-01,183.69
2025-02-09,21,2025-03-02,183.72
2025-02-09,22,2025-03-03,180.52
2025-02-09,23,2025-03-04,182.07
2025-02-09,24,2025-03-05,178.92
2025-02-09,25,2025-03-06,177.74
2025-02-09,26,2025-03-07,176.04
2025-02-09,27,2025-03-08,178.07
2025-02-09,28,2025-03-09,178.81
2025-02-09,29,2025-03-10,181.12
2025-02-09,30,2025-03-11,184.97
2025-02-10,1,2025-02-11,151.84
2025-02-10,2,2025-02-12,156.65
2025-02-10,3,2025-02-13,159.34
2025-02-10,4,2025-02-14,158.04
2025-02-10,5,2025-02-15,166.25
2025-02-10,6,2025-02-16,167.78
2025-02-10,7,2025-02-17,168.5
2025-02-10,8,2025-02-18,171.73
2025-02-10,9,2025-02-19,176.88
2025-02-10,10,2025-02-20,176.69
2025-02-10,11,2025-02-21,171.05
2025-02-10,12,2025-02-22,172.93
2025-02-10,13,2025-02-23,174.84
2025-02-10,14,2025-02-24,179.47
2025-02-10,15,2025-02-25,186.76
2025-02-10,16,2025-02-26,187.89
2025-02-10,17,2025-02-27,195.03
2025-02-10,18,2025-02-28,186.01
2025-02-10,19,2025-03-01,183.56
2025-02-10,20,2025-03-02,181.69
2025-02-10,21,2025-03-03,182.07
2025-02-10,22,2025-03-04,179.0
2025-02-10,23,2025-03-05,180.55
2025-02-10,24,2025-03-06,175.87
2025-02-10,25,2025-03-07,176.06
2025-02-10,26,2025-03-08,174.46
2025-02-10,27,2025-03-09,176.63
2025-02-10,28,2025-03-10,177.4
2025-02-10,29,2025-03-11,180.56
2025-02-10,30,2025-03-12,183.31
2025-02-11,1,2025-02-12,154.36
2025-02-11,2,2025-02-13,158.78
2025-02-11,3,2025-02-14,165.04
2025-02-11,4,2025-02-15,161.09
2025-02-11,5,2025-02-16,168.44
2025-02-11,6,2025-02-17,169.88
2025-02-11,7,2025-02-18,175.35
2025-02-11,8,2025-02-19,180.63
2025-02-11,9,2025-02-20,182.69
2025-02-11,10,2025-02-21,177.95
2025-02-11,11,2025-02-22,177.32
2025-02-11,12,2025-02-23,177.4
2025-02-11,13,2025-02-24,188.08
2025-02-11,14,2025-02-25,189.14
2025-02-11,15,2025-02-26,188.25
2025-02-11,16,2025-02-27,190.21
2025-02-11,17,2025-02-28,194.82
2025-02-11,18,2025-03-01,181.9
2025-02-11,19,2025-03-02,181.37
2025-02-11,20,2025-03-03,180.93
2025-02-11,21,2025-03-04,181.54
2025-02-11,22,2025-03-05,177.62
2025-02-11,23,2025-03-06,174.87
2025-02-11,24,2025-03-07,174.18
2025-02-11,25,2025-03-08,174.68
2025-02-11,26,2025-03-09,175.03
2025-02-11,27,2025-03-10,176.38
2025-02-11,28,2025-03-11,176.8
2025-02-11,29,2025-03-12,178.04
2025-02-11,30,2025-03-13,184.15
2025-02-12,1,2025-02-13,168.09
2025-02-12,2,2025-02-14,166.01
2025-02-12,3,2025-02-15,166.75
2025-02-12,4,2025-02-16,164.34
2025-02-12,5,2025-02-17,168.46
2025-02-12,6,2025-02-18,174.03
2025-02-12,7,2025-02-19,177.34
2025-02-12,8,2025-02-20,179.65
2025-02-12,9,2025-02-21,177.41
2025-02-12,10,2025-02-22,181.52
2025-02-12,11,2025-02-23,186.98
2025-02-12,12,2025-02-24,187.97
2025-02-12,13,2025-02-25,195.59
2025-02-12,14,2025-02-26,194.58
2025-02-12,15,2025-02-27,189.39
2025-02-12,16,2025-02-28,188.73
2025-02-12,17,2025-03-01,190.11
2025-02-12,18,2025-03-02,180.68
2025-02-12,19,2025-03-03,179.22
2025-02-12,20,2025-03-04,180.04
2025-02-12,21,2025-03-05,179.68
2025-02-12,22,2025-03-06,175.02
2025-02-12,23,2025-03-07,174.2
2025-02-12,24,2025-03-08,176.54
2025-02-12,25,2025-03-09,175.83
2025-02-12,26,2025-03-10,177.7
2025-02-12,27,2025-03-11,179.33
2025-02-12,28,2025-03-12,179.85
2025-02-12,29,2025-03-13,180.42
2025-02-12,30,2025-03-14,185.3
2025-02-13,1,2025-02-14,168.86
2025-02-13,2,2025-02-15,167.86
2025-02-13,3,2025-02-16,166.63
2025-02-13,4,2025-02-17,174.1
2025-02-13,5,2025-02-18,178.69
2025-02-13,6,2025-02-19,182.89
2025-02-13,7,2025-02-20,185.1
2025-02-13,8,2025-02-21,188.7
2025-02-13,9,2025-02-22,187.82
2025-02-13,10,2025-02-23,188.98
2025-02-13,11,2025-02-24,195.1
2025-02-13,12,2025-02-25,196.8
2025-02-13,13,2025-02-26,194.06
2025-02-13,14,2025-02-27,191.96
2025-02-13,15,2025-02-28,187.23
2025-02-13,16,2025-03-01,187.26
2025-02-13,17,2025-03-02,186.61
2025-02-13,18,2025-03-03,177.85
2025-02-13,19,2025-03-04,178.07
2025-02-13,20,2025-03-05,179.14
2025-02-13,21,2025-03-06,175.72
2025-02-13,22,2025-03-07,174.63
2025-02-13,23,2025-03-08,176.01
2025-02-13,24,2025-03-09,177.55
2025-02-13,25,2025-03-10,177.78
2025-02-13,26,2025-03-11,177.8
2025-02-13,27,2025-03-12,178.41
2025-02-13,28,2025-03-13,180.6
2025-02-13,29,2025-03-14,181.18
2025-02-13,30,2025-03-15,185.97
2025-02-14,1,2025-02-15,180.05
2025-02-14,2,2025-02-16,182.92
2025-02-14,3,2025-02-17,183.11
2025-02-14,4,2025-02-18,184.03
2025-02-14,5,2025-02-19,191.82
2025-02-14,6,2025-02-20,190.12
2025-02-14,7,2025-02-21,190.48
2025-02-14,8,2025-02-22,187.21
2025-02-14,9,2025-02-23,186.58
2025-02-14,10,2025-02-24,192.4
2025-02-14,11,2025-02-25,201.16
2025-02-14,12,2025-02-26,197.77
2025-02-14,13,2025-02-27,189.71
2025-02-14,14,2025-02-28,189.02
2025-02-14,15,2025-03-01,184.17
2025-02-14,16,2025-03-02,183.92
2025-02-14,17,2025-03-03,184.49
2025-02-14,18,2025-03-04,176.62
2025-02-14,19,2025-03-05,175.4
2025-02-14,20,2025-03-06,174.94
2025-02-14,21,2025-03-07,173.97
2025-02-14,22,2025-03-08,174.69
2025-02-14,23,2025-03-09,176.8
2025-02-14,24,2025-03-10,178.9
2025-02-14,25,2025-03-11,179.97
2025-02-14,26,2025-03-12,179.0
2025-02-14,27,2025-03-13,181.94
2025-02-14,28,2025-03-14,182.84
2025-02-14,29,2025-03-15,185.12
2025-02-14,30,2025-03-16,189.0
2025-02-15,1,2025-02-16,178.51
2025-02-15,2,2025-02-17,182.53
2025-02-15,3,2025-02-18,191.3
2025-02-15,4,2025-02-19,191.43
2025-02-15,5,2025-02-20,197.95
2025-02-15,6,2025-02-21,195.97
2025-02-15,7,2025-02-22,193.75
2025-02-15,8,2025-02-23,192.28
2025-02-15,9,2025-02-24,193.01
2025-02-15,10,2025-02-25,195.86
2025-02-15,11,2025-02-26,202.83
2025-02-15,12,2025-02-27,193.58
2025-02-15,13,2025-02-28,189.8
2025-02-15,14,2025-03-01,184.51
2025-02-15,15,2025-03-02,178.74
2025-02-15,16,2025-03-03,178.28
2025-02-15,17,2025-03-04,182.26
2025-02-15,18,2025-03-05,174.39
2025-02-15,19,2025-03-06,172.17
2025-02-15,20,2025-03-07,174.76
2025-02-15,21,2025-03-08,174.85
2025-02-15,22,2025-03-09,176.34
2025-02-15,23,2025-03-10,177.32
2025-02-15,24,2025-03-11,180.02
2025-02-15,25,2025-03-12,180.22
2025-02-15,26,2025-03-13,179.59
2025-02-15,27,2025-03-14,182.56
2025-02-15,28,2025-03-15,184.7
2025-02-15,29,2025-03-16,187.02
2025-02-15,30,2025-03-17,189.25
2025-02-16,1,2025-02-17,186.23
2025-02-16,2,2025-02-18,187.08
2025-02-16,3,2025-02-19,192.54
2025-02-16,4,2025-02-20,196.54
2025-02-16,5,2025-02-21,197.65
2025-02-16,6,2025-02-22,199.11
2025-02-16,7,2025-02-23,195.18
2025-02-16,8,2025-02-24,196.67
2025-02-16,9,2025-02-25,201.29
2025-02-16,10,2025-02-26,196.73
2025-02-16,11,2025-02-27,196.21
2025-02-16,12,2025-02-28,190.6
2025-02-16,13,2025-03-01,184.54
2025-02-16,14,2025-03-02,181.85
2025-02-16,15,2025-03-03,177.13
2025-02-16,16,2025-03-04,177.78
2025-02-16,17,2025-03-05,179.55
2025-02-16,18,2025-03-06,172.34
2025-02-16,19,2025-03-07,170.28
2025-02-16,20,2025-03-08,174.78
2025-02-16,21,2025-03-09,177.44
2025-02-16,22,2025-03-10,178.09
2025-02-16,23,2025-03-11,179.0
2025-02-16,24,2025-03-12,180.57
2025-02-16,25,2025-03-13,182.03
2025-02-16,26,2025-03-14,184.21
2025-02-16,27,2025-03-15,186.11
2025-02-16,28,2025-03-16,186.12
2025-02-16,29,2025-03-17,187.94
2025-02-16,30,2025-03-18,188.52
2025-02-17,1,2025-02-18,181.83
2025-02-17,2,2025-02-19,184.32
2025-02-17,3,2025-02-20,188.91
2025-02-17,4,2025-02-21,192.39
2025-02-17,5,2025-02-22,192.0
2025-02-17,6,2025-02-23,196.28
2025-02-17,7,2025-02-24,198.33
2025-02-17,8,2025-02-25,200.47
2025-02-17,9,2025-02-26,203.89
2025-02-17,10,2025-02-27,192.78
2025-02-17,11,2025-02-28,190.92
2025-02-17,12,2025-03-01,186.86
2025-02-17,13,2025-03-02,179.18
2025-02-17,14,2025-03-03,180.14
2025-02-17,15,2025-03-04,178.35
2025-02-17,16,2025-03-05,176.63
2025-02-17,17,2025-03-06,176.86
2025-02-17,18,2025-03-07,173.43
2025-02-17,19,2025-03-08,173.01
2025-02-17,20,2025-03-09,177.03
2025-02-17,21,2025-03-10,177.99
2025-02-17,22,2025-03-11,178.07
2025-02-17,23,2025-03-12,178.66
2025-02-17,24,2025-03-13,181.71
2025-02-17,25,2025-03-14,183.59
2025-02-17,26,2025-03-15,183.39
2025-02-17,27,2025-03-16,186.43
2025-02-17,28,2025-03-17,186.04
2025-02-17,29,2025-03-18,185.01
2025-02-17,30,2025-03-19,187.2
2025-02-18,1,2025-02-19,177.77
2025-02-18,2,2025-02-20,178.35
2025-02-18,3,2025-02-21,180.9
2025-02-18,4,2025-02-22,180.84
2025-02-18,5,2025-02-23,179.85
2025-02-18,6,2025-02-24,186.44
2025-02-18,7,2025-02-25,189.83
2025-02-18,8,2025-02-26,190.27
2025-02-18,9,2025-02-27,191.48
2025-02-18,10,2025-02-28,187.05
2025-02-18,11,2025-03-01,185.65
2025-02-18,12,2025-03-02,181.19
2025-02-18,13,2025-03-03,181.54
2025-02-18,14,2025-03-04,179.13
2025-02-18,15,2025-03-05,177.58
2025-02-18,16,2025-03-06,173.48
2025-02-18,17,2025-03-07,173.56
2025-02-18,18,2025-03-08,175.06
2025-02-18,19,2025-03-09,175.96
2025-02-18,20,2025-03-10,179.07
2025-02-18,21,2025-03-11,179.03
2025-02-18,22,2025-03-12,179.3
2025-02-18,23,2025-03-13,179.84
2025-02-18,24,2025-03-14,182.2
2025-02-18,25,2025-03-15,183.21
2025-02-18,26,2025-03-16,183.38
2025-02-18,27,2025-03-17,184.47
2025-02-18,28,2025-03-18,183.39
2025-02-18,29,2025-03-19,184.03
2025-02-18,30,2025-03-20,187.53
2025-02-19,1,2025-02-20,175.89
2025-02-19,2,2025-02-21,176.11
2025-02-19,3,2025-02-22,179.18
2025-02-19,4,2025-02-23,180.09
2025-02-19,5,2025-02-24,177.86
2025-02-19,6,2025-02-25,182.8
2025-02-19,7,2025-02-26,186.22
2025-02-19,8,2025-02-27,185.86
2025-02-19,9,2025-02-28,180.75
2025-02-19,10,2025-03-01,180.08
2025-02-19,11,2025-03-02,178.52
2025-02-19,12,2025-03-03,178.17
2025-02-19,13,2025-03-04,178.97
2025-02-19,14,2025-03-05,171.21
2025-02-19,15,2025-03-06,170.66
2025-02-19,16,2025-03-07,168.33
2025-02-19,17,2025-03-08,169.94
2025-02-19,18,2025-03-09,178.87
2025-02-19,19,2025-03-10,178.8
2025-02-19,20,2025-03-11,178.32
2025-02-19,21,2025-03-12,180.05
2025-02-19,22,2025-03-13,178.94
2025-02-19,23,2025-03-14,181.34
2025-02-19,24,2025-03-15,183.34
2025-02-19,25,2025-03-16,182.45
2025-02-19,26,2025-03-17,184.07
2025-02-19,27,2025-03-18,184.33
2025-02-19,28,2025-03-19,184.51
2025-02-19,29,2025-03-20,184.5
2025-02-19,30,2025-03-21,186.22
2025-02-20,1,2025-02-21,179.92
2025-02-20,2,2025-02-22,181.78
2025-02-20,3,2025-02-23,182.93
2025-02-20,4,2025-02-24,188.03
2025-02-20,5,2025-02-25,178.45
2025-02-20,6,2025-02-26,182.6
2025-02-20,7,2025-02-27,184.48
2025-02-20,8,2025-02-28,182.1
2025-02-20,9,2025-03-01,176.58
2025-02-20,10,2025-03-02,179.11
2025-02-20,11,2025-03-03,176.56
2025-02-20,12,2025-03-04,176.52
2025-02-20,13,2025-03-05,170.27
2025-02-20,14,2025-03-06,168.55
2025-02-20,15,2025-03-07,169.98
2025-02-20,16,2025-03-08,170.68
2025-02-20,17,2025-03-09,172.32
2025-02-20,18,2025-03-10,179.29
2025-02-20,19,2025-03-11,179.13
2025-02-20,20,2025-03-12,179.56
2025-02-20,21,2025-03-13,180.59
2025-02-20,22,2025-03-14,182.22
2025-02-20,23,2025-03-15,182.31
2025-02-20,24,2025-03-16,182.23
2025-02-20,25,2025-03-17,182.98
2025-02-20,26,2025-03-18,183.94
2025-02-20,27,2025-03-19,184.97
2025-02-20,28,2025-03-20,184.2
2025-02-20,29,2025-03-21,184.78
2025-02-20,30,2025-03-22,185.98
2025-02-21,1,2025-02-22,192.83
2025-02-21,2,2025-02-23,195.45
2025-02-21,3,2025-02-24,196.98
2025-02-21,4,2025-02-25,196.15
2025-02-21,5,2025-02-26,190.52
2025-02-21,6,2025-02-27,184.46
2025-02-21,7,2025-02-28,185.05
2025-02-21,8,2025-03-01,180.14
2025-02-21,9,2025-03-02,173.27
2025-02-21,10,2025-03-03,177.01
2025-02-21,11,2025-03-04,182.54
2025-02-21,12,2025-03-05,175.35
2025-02-21,13,2025-03-06,168.21
2025-02-21,14,2025-03-07,165.56
2025-02-21,15,2025-03-08,169.83
2025-02-21,16,2025-03-09,170.03
2025-02-21,17,2025-03-10,173.25
2025-02-21,18,2025-03-11,180.02
2025-02-21,19,2025-03-12,180.95
2025-02-21,20,2025-03-13,181.05
2025-02-21,21,2025-03-14,181.87
2025-02-21,22,2025-03-15,182.12
2025-02-21,23,2025-03-16,182.97
2025-02-21,24,2025-03-17,184.49
2025-02-21,25,2025-03-18,184.01
2025-02-21,26,2025-03-19,184.17
2025-02-21,27,2025-03-20,186.55
2025-02-21,28,2025-03-21,185.79
2025-02-21,29,2025-03-22,185.97
2025-02-21,30,2025-03-23,184.82
2025-02-22,1,2025-02-23,200.84
2025-02-22,2,2025-02-24,203.06
2025-02-22,3,2025-02-25,199.53
2025-02-22,4,2025-02-26,198.64
2025-02-22,5,2025-02-27,192.39
2025-02-22,6,2025-02-28,187.89
2025-02-22,7,2025-03-01,187.53
2025-02-22,8,2025-03-02,182.07
2025-02-22,9,2025-03-03,178.36
2025-02-22,10,2025-03-04,178.5
2025-02-22,11,2025-03-05,181.47
2025-02-22,12,2025-03-06,176.44
2025-02-22,13,2025-03-07,172.01
2025-02-22,14,2025-03-08,172.02
2025-02-22,15,2025-03-09,171.85
2025-02-22,16,2025-03-10,169.43
2025-02-22,17,2025-03-11,177.51
2025-02-22,18,2025-03-12,179.84
2025-02-22,19,2025-03-13,180.76
2025-02-22,20,2025-03-14,184.17
2025-02-22,21,2025-03-15,183.93
2025-02-22,22,2025-03-16,182.98
2025-02-22,23,2025-03-17,185.22
2025-02-22,24,2025-03-18,185.53
2025-02-22,25,2025-03-19,185.68
2025-02-22,26,2025-03-20,185.82
2025-02-22,27,2025-03-21,188.94
2025-02-22,28,2025-03-22,187.91
2025-02-22,29,2025-03-23,186.59
2025-02-22,30,2025-03-24,185.97
2025-02-23,1,2025-02-24,213.73
2025-02-23,2,2025-02-25,209.21
2025-02-23,3,2025-02-26,210.98
2025-02-23,4,2025-02-27,207.8
2025-02-23,5,2025-02-28,200.79
2025-02-23,6,2025-03-01,193.74
2025-02-23,7,2025-03-02,185.24
2025-02-23,8,2025-03-03,185.52
2025-02-23,9,2025-03-04,184.23
2025-02-23,10,2025-03-05,179.29
2025-02-23,11,2025-03-06,176.95
2025-02-23,12,2025-03-07,169.82
2025-02-23,13,2025-03-08,172.06
2025-02-23,14,2025-03-09,171.35
2025-02-23,15,2025-03-10,170.25
2025-02-23,16,2025-03-11,172.36
2025-02-23,17,2025-03-12,170.69
2025-02-23,18,2025-03-13,181.08
2025-02-23,19,2025-03-14,184.12
2025-02-23,20,2025-03-15,184.74
2025-02-23,21,2025-03-16,185.27
2025-02-23,22,2025-03-17,185.09
2025-02-23,23,2025-03-18,185.22
2025-02-23,24,2025-03-19,187.44
2025-02-23,25,2025-03-20,187.85
2025-02-23,26,2025-03-21,190.5
2025-02-23,27,2025-03-22,192.82
2025-02-23,28,2025-03-23,190.27
2025-02-23,29,2025-03-24,187.56
2025-02-23,30,2025-03-25,184.44
2025-02-24,1,2025-02-25,203.61
2025-02-24,2,2025-02-26,196.1
2025-02-24,3,2025-02-27,192.27
2025-02-24,4,2025-02-28,191.83
2025-02-24,5,2025-03-01,190.55
2025-02-24,6,2025-03-02,183.61
2025-02-24,7,2025-03-03,182.05
2025-02-24,8,2025-03-04,183.93
2025-02-24,9,2025-03-05,180.7
2025-02-24,10,2025-03-06,179.74
2025-02-24,11,2025-03-07,174.9
2025-02-24,12,2025-03-08,171.18
2025-02-24,13,2025-03-09,174.52
2025-02-24,14,2025-03-10,174.28
2025-02-24,15,2025-03-11,173.0
2025-02-24,16,2025-03-12,172.76
2025-02-24,17,2025-03-13,173.54
2025-02-24,18,2025-03-14,184.59
2025-02-24,19,2025-03-15,185.39
2025-02-24,20,2025-03-16,186.34
2025-02-24,21,2025-03-17,187.0
2025-02-24,22,2025-03-18,187.75
2025-02-24,23,2025-03-19,188.06
2025-02-24,24,2025-03-20,190.44
2025-02-24,25,2025-03-21,190.84
2025-02-24,26,2025-03-22,192.63
2025-02-24,27,2025-03-23,188.47
2025-02-24,28,2025-03-24,185.61
2025-02-24,29,2025-03-25,185.2
2025-02-24,30,2025-03-26,183.54
2025-02-25,1,2025-02-26,184.99
2025-02-25,2,2025-02-27,180.47
2025-02-25,3,2025-02-28,177.12
2025-02-25,4,2025-03-01,177.65
2025-02-25,5,2025-03-02,179.35
2025-02-25,6,2025-03-03,179.92
2025-02-25,7,2025-03-04,180.75
2025-02-25,8,2025-03-05,182.83
2025-02-25,9,2025-03-06,177.77
2025-02-25,10,2025-03-07,176.91
2025-02-25,11,2025-03-08,175.68
2025-02-25,12,2025-03-09,176.65
2025-02-25,13,2025-03-10,178.57
2025-02-25,14,2025-03-11,178.64
2025-02-25,15,2025-03-12,175.06
2025-02-25,16,2025-03-13,174.91
2025-02-25,17,2025-03-14,179.84
2025-02-25,18,2025-03-15,184.09
2025-02-25,19,2025-03-16,187.78
2025-02-25,20,2025-03-17,187.78
2025-02-25,21,2025-03-18,188.08
2025-02-25,22,2025-03-19,189.41
2025-02-25,23,2025-03-20,190.91
2025-02-25,24,2025-03-21,192.83
2025-02-25,25,2025-03-22,191.64
2025-02-25,26,2025-03-23,191.29
2025-02-25,27,2025-03-24,187.77
2025-02-25,28,2025-03-25,184.07
2025-02-25,29,2025-03-26,185.11
2025-02-25,30,2025-03-27,183.69
2025-02-26,1,2025-02-27,168.28
2025-02-26,2,2025-02-28,164.29
2025-02-26,3,2025-03-01,162.03
2025-02-26,4,2025-03-02,163.99
2025-02-26,5,2025-03-03,169.24
2025-02-26,6,2025-03-04,168.65
2025-02-26,7,2025-03-05,171.54
2025-02-26,8,2025-03-06,169.96
2025-02-26,9,2025-03-07,169.54
2025-02-26,10,2025-03-08,172.52
2025-02-26,11,2025-03-09,173.42
2025-02-26,12,2025-03-10,178.0
2025-02-26,13,2025-03-11,180.72
2025-02-26,14,2025-03-12,176.63
2025-02-26,15,2025-03-13,177.49
2025-02-26,16,2025-03-14,184.66
2025-02-26,17,2025-03-15,184.87
2025-02-26,18,2025-03-16,186.21
2025-02-26,19,2025-03-17,188.92
2025-02-26,20,2025-03-18,188.68
2025-02-26,21,2025-03-19,188.94
2025-02-26,22,2025-03-20,188.76
2025-02-26,23,2025-03-21,188.46
2025-02-26,24,2025-03-22,188.17
2025-02-26,25,2025-03-23,187.15
2025-02-26,26,2025-03-24,185.61
2025-02-26,27,2025-03-25,184.88
2025-02-26,28,2025-03-26,180.85
2025-02-26,29,2025-03-27,180.12
2025-02-26,30,2025-03-28,182.07
2025-02-27,1,2025-02-28,156.69
2025-02-27,2,2025-03-01,152.27
2025-02-27,3,2025-03-02,153.84
2025-02-27,4,2025-03-03,161.35
2025-02-27,5,2025-03-04,163.95
2025-02-27,6,2025-03-05,168.29
2025-02-27,7,2025-03-06,167.91
2025-02-27,8,2025-03-07,170.87
2025-02-27,9,2025-03-08,170.84
2025-02-27,10,2025-03-09,177.61
2025-02-27,11,2025-03-10,180.79
2025-02-27,12,2025-03-11,182.9
2025-02-27,13,2025-03-12,183.74
2025-02-27,14,2025-03-13,181.8
2025-02-27,15,2025-03-14,184.67
2025-02-27,16,2025-03-15,193.97
2025-02-27,17,2025-03-16,193.75
2025-02-27,18,2025-03-17,189.66
2025-02-27,19,2025-03-18,188.26
2025-02-27,20,2025-03-19,187.07
2025-02-27,21,2025-03-20,191.09
2025-02-27,22,2025-03-21,188.74
2025-02-27,23,2025-03-22,189.17
2025-02-27,24,2025-03-23,185.74
2025-02-27,25,2025-03-24,184.9
2025-02-27,26,2025-03-25,181.3
2025-02-27,27,2025-03-26,180.06
2025-02-27,28,2025-03-27,177.09
2025-02-27,29,2025-03-28,176.33
2025-02-27,30,2025-03-29,181.34
2025-02-28,1,2025-03-01,148.46
2025-02-28,2,2025-03-02,152.15
2025-02-28,3,2025-03-03,154.75
2025-02-28,4,2025-03-04,159.44
2025-02-28,5,2025-03-05,160.27
2025-02-28,6,2025-03-06,164.86
2025-02-28,7,2025-03-07,166.11
2025-02-28,8,2025-03-08,166.73
2025-02-28,9,2025-03-09,175.67
2025-02-28,10,2025-03-10,180.63
2025-02-28,11,2025-03-11,181.0
2025-02-28,12,2025-03-12,183.25
2025-02-28,13,2025-03-13,185.79
2025-02-28,14,2025-03-14,187.11
2025-02-28,15,2025-03-15,190.22
2025-02-28,16,2025-03-16,193.51
2025-02-28,17,2025-03-17,194.13
2025-02-28,18,2025-03-18,189.33
2025-02-28,19,2025-03-19,188.81
2025-02-28,20,2025-03-20,188.54
2025-02-28,21,2025-03-21,190.85
2025-02-28,22,2025-03-22,187.54
2025-02-28,23,2025-03-23,185.75
2025-02-28,24,2025-03-24,182.23
2025-02-28,25,2025-03-25,179.38
2025-02-28,26,2025-03-26,177.55
2025-02-28,27,2025-03-27,175.59
2025-02-28,28,2025-03-28,175.49
2025-02-28,29,2025-03-29,175.51
2025-02-28,30,2025-03-30,179.8
2025-03-01,1,2025-03-02,149.1
2025-03-01,2,2025-03-03,153.04
2025-03-01,3,2025-03-04,154.37
2025-03-01,4,2025-03-05,158.41
2025-03-01,5,2025-03-06,157.28
2025-03-01,6,2025-03-07,160.19
2025-03-01,7,2025-03-08,166.09
2025-03-01,8,2025-03-09,169.42
2025-03-01,9,2025-03-10,173.83
2025-03-01,10,2025-03-11,180.64
2025-03-01,11,2025-03-12,181.6
2025-03-01,12,2025-03-13,183.17
2025-03-01,13,2025-03-14,189.66
2025-03-01,14,2025-03-15,189.66
2025-03-01,15,2025-03-16,191.4
2025-03-01,16,2025-03-17,190.64
2025-03-01,17,2025-03-18,188.24
2025-03-01,18,2025-03-19,188.22
2025-03-01,19,2025-03-20,188.99
2025-03-01,20,2025-03-21,188.19
2025-03-01,21,2025-03-22,188.23
2025-03-01,22,2025-03-23,186.02
2025-03-01,23,2025-03-24,183.72
2025-03-01,24,2025-03-25,178.71
2025-03-01,25,2025-03-26,176.37
2025-03-01,26,2025-03-27,174.5
2025-03-01,27,2025-03-28,174.93
2025-03-01,28,2025-03-29,173.8
2025-03-01,29,2025-03-30,174.04
2025-03-01,30,2025-03-31,178.69
2025-03-02,1,2025-03-03,155.22
2025-03-02,2,2025-03-04,154.75
2025-03-02,3,2025-03-05,158.51
2025-03-02,4,2025-03-06,159.72
2025-03-02,5,2025-03-07,156.53
2025-03-02,6,2025-03-08,161.21
2025-03-02,7,2025-03-09,168.29
2025-03-02,8,2025-03-10,172.14
2025-03-02,9,2025-03-11,182.37
2025-03-02,10,2025-03-12,184.06
2025-03-02,11,2025-03-13,182.88
2025-03-02,12,2025-03-14,190.14
2025-03-02,13,2025-03-15,193.53
2025-03-02,14,2025-03-16,190.75
2025-03-02,15,2025-03-17,187.59
2025-03-02,16,2025-03-18,191.31
2025-03-02,17,2025-03-19,186.94
2025-03-02,18,2025-03-20,186.57
2025-03-02,19,2025-03-21,186.27
2025-03-02,20,2025-03-22,186.73
2025-03-02,21,2025-03-23,186.36
2025-03-02,22,2025-03-24,183.8
2025-03-02,23,2025-03-25,177.72
2025-03-02,24,2025-03-26,176.16
2025-03-02,25,2025-03-27,175.09
2025-03-02,26,2025-03-28,174.26
2025-03-02,27,2025-03-29,175.01
2025-03-02,28,2025-03-30,173.63
2025-03-02,29,2025-03-31,174.57
2025-03-02,30,2025-04-01,178.92
2025-03-03,1,2025-03-04,162.07
2025-03-03,2,2025-03-05,161.77
2025-03-03,3,2025-03-06,167.26
2025-03-03,4,2025-03-07,166.74
2025-03-03,5,2025-03-08,171.04
2025-03-03,6,2025-03-09,174.46
2025-03-03,7,2025-03-10,177.35
2025-03-03,8,2025-03-11,183.46
2025-03-03,9,2025-03-12,184.95
2025-03-03,10,2025-03-13,188.51
2025-03-03,11,2025-03-14,190.11
2025-03-03,12,2025-03-15,193.78
2025-03-03,13,2025-03-16,193.7
2025-03-03,14,2025-03-17,189.3
2025-03-03,15,2025-03-18,188.13
2025-03-03,16,2025-03-19,187.03
2025-03-03,17,2025-03-20,187.21
2025-03-03,18,2025-03-21,186.3
2025-03-03,19,2025-03-22,185.54
2025-03-03,20,2025-03-23,185.41
2025-03-03,21,2025-03-24,183.01
2025-03-03,22,2025-03-25,177.66
2025-03-03,23,2025-03-26,175.2
2025-03-03,24,2025-03-27,174.91
2025-03-03,25,2025-03-28,174.58
2025-03-03,26,2025-03-29,173.31
2025-03-03,27,2025-03-30,173.43
2025-03-03,28,2025-03-31,172.81
2025-03-03,29,2025-04-01,174.53
2025-03-03,30,2025-04-02,178.39
2025-03-04,1,2025-03-05,163.6
2025-03-04,2,2025-03-06,162.3
2025-03-04,3,2025-03-07,165.6
2025-03-04,4,2025-03-08,168.94
2025-03-04,5,2025-03-09,172.3
2025-03-04,6,2025-03-10,177.75
2025-03-04,7,2025-03-11,184.03
2025-03-04,8,2025-03-12,188.07
2025-03-04,9,2025-03-13,187.12
2025-03-04,10,2025-03-14,192.05
2025-03-04,11,2025-03-15,194.25
2025-03-04,12,2025-03-16,194.95
2025-03-04,13,2025-03-17,191.68
2025-03-04,14,2025-03-18,185.96
2025-03-04,15,2025-03-19,186.97
2025-03-04,16,2025-03-20,183.35
2025-03-04,17,2025-03-21,186.15
2025-03-04,18,2025-03-22,186.37
2025-03-04,19,2025-03-23,184.38
2025-03-04,20,2025-03-24,181.07
2025-03-04,21,2025-03-25,177.0
2025-03-04,22,2025-03-26,176.59
2025-03-04,23,2025-03-27,175.44
2025-03-04,24,2025-03-28,176.39
2025-03-04,25,2025-03-29,174.37
2025-03-04,26,2025-03-30,174.4
2025-03-04,27,2025-03-31,174.01
2025-03-04,28,2025-04-01,174.21
2025-03-04,29,2025-04-02,174.71
2025-03-04,30,2025-04-03,178.59
2025-03-05,1,2025-03-06,161.3
2025-03-05,2,2025-03-07,161.24
2025-03-05,3,2025-03-08,162.54
2025-03-05,4,2025-03-09,168.13
2025-03-05,5,2025-03-10,172.96
2025-03-05,6,2025-03-11,183.84
2025-03-05,7,2025-03-12,187.34
2025-03-05,8,2025-03-13,188.36
2025-03-05,9,2025-03-14,187.31
2025-03-05,10,2025-03-15,190.91
2025-03-05,11,2025-03-16,193.6
2025-03-05,12,2025-03-17,193.66
2025-03-05,13,2025-03-18,193.18
2025-03-05,14,2025-03-19,188.23
2025-03-05,15,2025-03-20,190.43
2025-03-05,16,2025-03-21,189.29
2025-03-05,17,2025-03-22,183.32
2025-03-05,18,2025-03-23,184.34
2025-03-05,19,2025-03-24,180.2
2025-03-05,20,2025-03-25,178.63
2025-03-05,21,2025-03-26,175.08
2025-03-05,22,2025-03-27,172.91
2025-03-05,23,2025-03-28,173.94
2025-03-05,24,2025-03-29,174.71
2025-03-05,25,2025-03-30,173.65
2025-03-05,26,2025-03-31,173.21
2025-03-05,27,2025-04-01,172.1
2025-03-05,28,2025-04-02,173.41
2025-03-05,29,2025-04-03,175.68
2025-03-05,30,2025-04-04,179.42
2025-03-06,1,2025-03-07,153.68
2025-03-06,2,2025-03-08,155.53
2025-03-06,3,2025-03-09,157.18
2025-03-06,4,2025-03-10,164.01
2025-03-06,5,2025-03-11,171.54
2025-03-06,6,2025-03-12,176.81
2025-03-06,7,2025-03-13,184.55
2025-03-06,8,2025-03-14,188.92
2025-03-06,9,2025-03-15,188.24
2025-03-06,10,2025-03-16,191.46
2025-03-06,11,2025-03-17,195.8
2025-03-06,12,2025-03-18,192.85
2025-03-06,13,2025-03-19,191.87
2025-03-06,14,2025-03-20,186.87
2025-03-06,15,2025-03-21,189.64
2025-03-06,16,2025-03-22,183.74
2025-03-06,17,2025-03-23,176.76
2025-03-06,18,2025-03-24,179.74
2025-03-06,19,2025-03-25,176.66
2025-03-06,20,2025-03-26,173.41
2025-03-06,21,2025-03-27,173.93
2025-03-06,22,2025-03-28,173.25
2025-03-06,23,2025-03-29,172.55
2025-03-06,24,2025-03-30,172.84
2025-03-06,25,2025-03-31,172.94
2025-03-06,26,2025-04-01,172.06
2025-03-06,27,2025-04-02,172.89
2025-03-06,28,2025-04-03,174.12
2025-03-06,29,2025-04-04,174.6
2025-03-06,30,2025-04-05,179.28
2025-03-07,1,2025-03-08,151.73
2025-03-07,2,2025-03-09,155.38
2025-03-07,3,2025-03-10,158.91
2025-03-07,4,2025-03-11,164.79
2025-03-07,5,2025-03-12,171.35
2025-03-07,6,2025-03-13,179.5
2025-03-07,7,2025-03-14,186.14
2025-03-07,8,2025-03-15,193.12
2025-03-07,9,2025-03-16,190.84
2025-03-07,10,2025-03-17,194.65
2025-03-07,11,2025-03-18,195.18
2025-03-07,12,2025-03-19,197.33
2025-03-07,13,2025-03-20,190.63
2025-03-07,14,2025-03-21,190.3
2025-03-07,15,2025-03-22,187.71
2025-03-07,16,2025-03-23,182.33
2025-03-07,17,2025-03-24,175.99
2025-03-07,18,2025-03-25,176.15
2025-03-07,19,2025-03-26,173.37
2025-03-07,20,2025-03-27,173.96
2025-03-07,21,2025-03-28,174.42
2025-03-07,22,2025-03-29,172.78
2025-03-07,23,2025-03-30,171.35
2025-03-07,24,2025-03-31,171.79
2025-03-07,25,2025-04-01,171.16
2025-03-07,26,2025-04-02,170.89
2025-03-07,27,2025-04-03,172.42
2025-03-07,28,2025-04-04,174.22
2025-03-07,29,2025-04-05,173.86
2025-03-07,30,2025-04-06,178.11
2025-03-08,1,2025-03-09,153.28
2025-03-08,2,2025-03-10,155.53
2025-03-08,3,2025-03-11,161.45
2025-03-08,4,2025-03-12,167.8
2025-03-08,5,2025-03-13,175.06
2025-03-08,6,2025-03-14,181.64
2025-03-08,7,2025-03-15,188.36
2025-03-08,8,2025-03-16,193.82
2025-03-08,9,2025-03-17,192.86
2025-03-08,10,2025-03-18,192.57
2025-03-08,11,2025-03-19,195.88
2025-03-08,12,2025-03-20,193.03
2025-03-08,13,2025-03-21,189.65
2025-03-08,14,2025-03-22,187.29
2025-03-08,15,2025-03-23,182.84
2025-03-08,16,2025-03-24,177.79
2025-03-08,17,2025-03-25,170.28
2025-03-08,18,2025-03-26,173.81
2025-03-08,19,2025-03-27,170.7
2025-03-08,20,2025-03-28,172.73
2025-03-08,21,2025-03-29,171.12
2025-03-08,22,2025-03-30,171.25
2025-03-08,23,2025-03-31,170.6
2025-03-08,24,2025-04-01,172.11
2025-03-08,25,2025-04-02,171.46
2025-03-08,26,2025-04-03,169.99
2025-03-08,27,2025-04-04,172.6
2025-03-08,28,2025-04-05,174.74
2025-03-08,29,2025-04-06,173.73
2025-03-08,30,2025-04-07,178.29
2025-03-09,1,2025-03-10,152.33
2025-03-09,2,2025-03-11,154.61
2025-03-09,3,2025-03-12,163.02
2025-03-09,4,2025-03-13,165.83
2025-03-09,5,2025-03-14,173.43
2025-03-09,6,2025-03-15,182.29
2025-03-09,7,2025-03-16,187.96
2025-03-09,8,2025-03-17,191.35
2025-03-09,9,2025-03-18,190.32
2025-03-09,10,2025-03-19,192.84
2025-03-09,11,2025-03-20,190.32
2025-03-09,12,2025-03-21,188.87
2025-03-09,13,2025-03-22,184.31
2025-03-09,14,2025-03-23,179.72
2025-03-09,15,2025-03-24,175.77
2025-03-09,16,2025-03-25,171.92
2025-03-09,17,2025-03-26,171.52
2025-03-09,18,2025-03-27,170.62
2025-03-09,19,2025-03-28,170.8
2025-03-09,20,2025-03-29,171.94
2025-03-09,21,2025-03-30,169.83
2025-03-09,22,2025-03-31,170.4
2025-03-09,23,2025-04-01,168.87
2025-03-09,24,2025-04-02,170.94
2025-03-09,25,2025-04-03,171.59
2025-03-09,26,2025-04-04,171.79
2025-03-09,27,2025-04-05,174.27
2025-03-09,28,2025-04-06,175.39
2025-03-09,29,2025-04-07,174.32
2025-03-09,30,2025-04-08,179.1
2025-03-10,1,2025-03-11,155.88
2025-03-10,2,2025-03-12,161.19
2025-03-10,3,2025-03-13,165.34
2025-03-10,4,2025-03-14,175.47
2025-03-10,5,2025-03-15,178.45
2025-03-10,6,2025-03-16,186.67
2025-03-10,7,2025-03-17,190.06
2025-03-10,8,2025-03-18,190.01
2025-03-10,9,2025-03-19,189.58
2025-03-10,10,2025-03-20,190.71
2025-03-10,11,2025-03-21,189.83
2025-03-10,12,2025-03-22,184.56
2025-03-10,13,2025-03-23,183.16
2025-03-10,14,2025-03-24,177.14
2025-03-10,15,2025-03-25,171.91
2025-03-10,16,2025-03-26,170.48
2025-03-10,17,2025-03-27,169.37
2025-03-10,18,2025-03-28,171.24
2025-03-10,19,2025-03-29,170.33
2025-03-10,20,2025-03-30,170.99
2025-03-10,21,2025-03-31,169.04
2025-03-10,22,2025-04-01,169.6
2025-03-10,23,2025-04-02,170.08
2025-03-10,24,2025-04-03,171.38
2025-03-10,25,2025-04-04,172.32
2025-03-10,26,2025-04-05,172.96
2025-03-10,27,2025-04-06,174.35
2025-03-10,28,2025-04-07,175.53
2025-03-10,29,2025-04-08,176.01
2025-03-10,30,2025-04-09,179.87
2025-03-11,1,2025-03-12,170.73
2025-03-11,2,2025-03-13,176.29
2025-03-11,3,2025-03-14,182.71
2025-03-11,4,2025-03-15,193.83
2025-03-11,5,2025-03-16,191.0
2025-03-11,6,2025-03-17,197.65
2025-03-11,7,2025-03-18,195.36
2025-03-11,8,2025-03-19,192.88
2025-03-11,9,2025-03-20,192.27
2025-03-11,10,2025-03-21,188.02
2025-03-11,11,2025-03-22,185.86
2025-03-11,12,2025-03-23,181.81
2025-03-11,13,2025-03-24,180.05
2025-03-11,14,2025-03-25,173.99
2025-03-11,15,2025-03-26,168.36
2025-03-11,16,2025-03-27,168.37
2025-03-11,17,2025-03-28,165.77
2025-03-11,18,2025-03-29,170.46
2025-03-11,19,2025-03-30,169.51
2025-03-11,20,2025-03-31,170.69
2025-03-11,21,2025-04-01,169.96
2025-03-11,22,2025-04-02,170.35
2025-03-11,23,2025-04-03,172.03
2025-03-11,24,2025-04-04,174.9
2025-03-11,25,2025-04-05,175.87
2025-03-11,26,2025-04-06,175.2
2025-03-11,27,2025-04-07,176.41
2025-03-11,28,2025-04-08,179.41
2025-03-11,29,2025-04-09,179.34
2025-03-11,30,2025-04-10,182.0
2025-03-12,1,2025-03-13,172.74
2025-03-12,2,2025-03-14,176.71
2025-03-12,3,2025-03-15,182.56
2025-03-12,4,2025-03-16,191.04
2025-03-12,5,2025-03-17,188.86
2025-03-12,6,2025-03-18,189.93
2025-03-12,7,2025-03-19,190.74
2025-03-12,8,2025-03-20,190.11
2025-03-12,9,2025-03-21,189.89
2025-03-12,10,2025-03-22,184.67
2025-03-12,11,2025-03-23,182.19
2025-03-12,12,2025-03-24,179.97
2025-03-12,13,2025-03-25,177.49
2025-03-12,14,2025-03-26,168.76
2025-03-12,15,2025-03-27,164.9
2025-03-12,16,2025-03-28,163.41
2025-03-12,17,2025-03-29,165.04
2025-03-12,18,2025-03-30,170.98
2025-03-12,19,2025-03-31,168.91
2025-03-12,20,2025-04-01,170.53
2025-03-12,21,2025-04-02,169.17
2025-03-12,22,2025-04-03,172.52
2025-03-12,23,2025-04-04,174.68
2025-03-12,24,2025-04-05,177.37
2025-03-12,25,2025-04-06,176.65
2025-03-12,26,2025-04-07,173.63
2025-03-12,27,2025-04-08,175.64
2025-03-12,28,2025-04-09,178.83
2025-03-12,29,2025-04-10,179.23
2025-03-12,30,2025-04-11,181.93
2025-03-13,1,2025-03-14,165.61
2025-03-13,2,2025-03-15,169.71
2025-03-13,3,2025-03-16,174.85
2025-03-13,4,2025-03-17,178.01
2025-03-13,5,2025-03-18,178.7
2025-03-13,6,2025-03-19,181.72
2025-03-13,7,2025-03-20,184.7
2025-03-13,8,2025-03-21,183.36
2025-03-13,9,2025-03-22,186.96
2025-03-13,10,2025-03-23,182.04
2025-03-13,11,2025-03-24,174.62
2025-03-13,12,2025-03-25,171.3
2025-03-13,13,2025-03-26,169.69
2025-03-13,14,2025-03-27,163.59
2025-03-13,15,2025-03-28,159.7
2025-03-13,16,2025-03-29,159.94
2025-03-13,17,2025-03-30,161.74
2025-03-13,18,2025-03-31,169.41
2025-03-13,19,2025-04-01,168.49
2025-03-13,20,2025-04-02,170.7
2025-03-13,21,2025-04-03,169.98
2025-03-13,22,2025-04-04,172.69
2025-03-13,23,2025-04-05,175.4
2025-03-13,24,2025-04-06,177.14
2025-03-13,25,2025-04-07,175.46
2025-03-13,26,2025-04-08,174.26
2025-03-13,27,2025-04-09,176.75
2025-03-13,28,2025-04-10,177.49
2025-03-13,29,2025-04-11,175.23
2025-03-13,30,2025-04-12,180.11
2025-03-14,1,2025-03-15,184.67
2025-03-14,2,2025-03-16,184.96
2025-03-14,3,2025-03-17,192.17
2025-03-14,4,2025-03-18,190.72
2025-03-14,5,2025-03-19,193.5
2025-03-14,6,2025-03-20,191.39
2025-03-14,7,2025-03-21,191.24
2025-03-14,8,2025-03-22,188.86
2025-03-14,9,2025-03-23,186.86
2025-03-14,10,2025-03-24,182.47
2025-03-14,11,2025-03-25,174.19
2025-03-14,12,2025-03-26,168.51
2025-03-14,13,2025-03-27,168.22
2025-03-14,14,2025-03-28,166.2
2025-03-14,15,2025-03-29,163.58
2025-03-14,16,2025-03-30,162.56
2025-03-14,17,2025-03-31,168.88
2025-03-14,18,2025-04-01,167.47
2025-03-14,19,2025-04-02,168.71
2025-03-14,20,2025-04-03,171.13
2025-03-14,21,2025-04-04,172.88
2025-03-14,22,2025-04-05,173.07
2025-03-14,23,2025-04-06,174.08
2025-03-14,24,2025-04-07,176.38
2025-03-14,25,2025-04-08,179.3
2025-03-14,26,2025-04-09,179.59
2025-03-14,27,2025-04-10,179.63
2025-03-14,28,2025-04-11,179.74
2025-03-14,29,2025-04-12,180.23
2025-03-14,30,2025-04-13,183.24
2025-03-15,1,2025-03-16,182.28
2025-03-15,2,2025-03-17,180.79
2025-03-15,3,2025-03-18,181.49
2025-03-15,4,2025-03-19,182.12
2025-03-15,5,2025-03-20,184.72
2025-03-15,6,2025-03-21,189.0
2025-03-15,7,2025-03-22,191.37
2025-03-15,8,2025-03-23,184.1
2025-03-15,9,2025-03-24,181.95
2025-03-15,10,2025-03-25,173.11
2025-03-15,11,2025-03-26,168.44
2025-03-15,12,2025-03-27,164.51
2025-03-15,13,2025-03-28,162.05
2025-03-15,14,2025-03-29,161.51
2025-03-15,15,2025-03-30,162.65
2025-03-15,16,2025-03-31,163.8
2025-03-15,17,2025-04-01,167.21
2025-03-15,18,2025-04-02,167.89
2025-03-15,19,2025-04-03,169.5
2025-03-15,20,2025-04-04,172.16
2025-03-15,21,2025-04-05,172.9
2025-03-15,22,2025-04-06,173.7
2025-03-15,23,2025-04-07,173.9
2025-03-15,24,2025-04-08,175.04
2025-03-15,25,2025-04-09,176.66
2025-03-15,26,2025-04-10,178.83
2025-03-15,27,2025-04-11,178.92
2025-03-15,28,2025-04-12,180.25
2025-03-15,29,2025-04-13,180.18
2025-03-15,30,2025-04-14,182.77
2025-03-16,1,2025-03-17,184.48
2025-03-16,2,2025-03-18,182.06
2025-03-16,3,2025-03-19,181.57
2025-03-16,4,2025-03-20,183.33
2025-03-16,5,2025-03-21,186.37
2025-03-16,6,2025-03-22,186.11
2025-03-16,7,2025-03-23,184.05
2025-03-16,8,2025-03-24,181.91
2025-03-16,9,2025-03-25,173.64
2025-03-16,10,2025-03-26,170.47
2025-03-16,11,2025-03-27,170.08
2025-03-16,12,2025-03-28,168.52
2025-03-16,13,2025-03-29,164.6
2025-03-16,14,2025-03-30,163.97
2025-03-16,15,2025-03-31,166.66
2025-03-16,16,2025-04-01,168.25
2025-03-16,17,2025-04-02,171.91
2025-03-16,18,2025-04-03,168.26
2025-03-16,19,2025-04-04,169.75
2025-03-16,20,2025-04-05,171.34
2025-03-16,21,2025-04-06,172.24
2025-03-16,22,2025-04-07,172.65
2025-03-16,23,2025-04-08,173.53
2025-03-16,24,2025-04-09,176.73
2025-03-16,25,2025-04-10,177.85
2025-03-16,26,2025-04-11,178.67
2025-03-16,27,2025-04-12,180.78
2025-03-16,28,2025-04-13,180.89
2025-03-16,29,2025-04-14,177.75
2025-03-16,30,2025-04-15,179.6
2025-03-17,1,2025-03-18,194.16
2025-03-17,2,2025-03-19,195.19
2025-03-17,3,2025-03-20,198.46
2025-03-17,4,2025-03-21,197.77
2025-03-17,5,2025-03-22,193.1
2025-03-17,6,2025-03-23,191.35
2025-03-17,7,2025-03-24,187.64
2025-03-17,8,2025-03-25,179.94
2025-03-17,9,2025-03-26,173.71
2025-03-17,10,2025-03-27,169.83
2025-03-17,11,2025-03-28,169.33
2025-03-17,12,2025-03-29,166.56
2025-03-17,13,2025-03-30,166.6
2025-03-17,14,2025-03-31,167.04
2025-03-17,15,2025-04-01,168.0
2025-03-17,16,2025-04-02,169.53
2025-03-17,17,2025-04-03,173.09
2025-03-17,18,2025-04-04,169.46
2025-03-17,19,2025-04-05,170.41
2025-03-17,20,2025-04-06,171.04
2025-03-17,21,2025-04-07,172.39
2025-03-17,22,2025-04-08,175.53
2025-03-17,23,2025-04-09,175.34
2025-03-17,24,2025-04-10,178.68
2025-03-17,25,2025-04-11,180.39
2025-03-17,26,2025-04-12,179.0
2025-03-17,27,2025-04-13,181.92
2025-03-17,28,2025-04-14,179.18
2025-03-17,29,2025-04-15,178.65
2025-03-17,30,2025-04-16,179.77
2025-03-18,1,2025-03-19,176.0
2025-03-18,2,2025-03-20,174.33
2025-03-18,3,2025-03-21,177.2
2025-03-18,4,2025-03-22,174.95
2025-03-18,5,2025-03-23,176.85
2025-03-18,6,2025-03-24,178.31
2025-03-18,7,2025-03-25,172.65
2025-03-18,8,2025-03-26,168.54
2025-03-18,9,2025-03-27,168.08
2025-03-18,10,2025-03-28,164.9
2025-03-18,11,2025-03-29,167.12
2025-03-18,12,2025-03-30,166.18
2025-03-18,13,2025-03-31,164.01
2025-03-18,14,2025-04-01,162.97
2025-03-18,15,2025-04-02,163.77
2025-03-18,16,2025-04-03,166.69
2025-03-18,17,2025-04-04,172.51
2025-03-18,18,2025-04-05,168.96
2025-03-18,19,2025-04-06,171.03
2025-03-18,20,2025-04-07,171.32
2025-03-18,21,2025-04-08,173.74
2025-03-18,22,2025-04-09,175.6
2025-03-18,23,2025-04-10,176.47
2025-03-18,24,2025-04-11,178.21
2025-03-18,25,2025-04-12,178.49
2025-03-18,26,2025-04-13,178.69
2025-03-18,27,2025-04-14,179.05
2025-03-18,28,2025-04-15,178.32
2025-03-18,29,2025-04-16,177.54
2025-03-18,30,2025-04-17,178.25
2025-03-19,1,2025-03-20,166.34
2025-03-19,2,2025-03-21,166.7
2025-03-19,3,2025-03-22,167.65
2025-03-19,4,2025-03-23,165.61
2025-03-19,5,2025-03-24,166.08
2025-03-19,6,2025-03-25,167.99
2025-03-19,7,2025-03-26,166.34
2025-03-19,8,2025-03-27,164.52
2025-03-19,9,2025-03-28,166.1
2025-03-19,10,2025-03-29,165.51
2025-03-19,11,2025-03-30,166.64
2025-03-19,12,2025-03-31,164.53
2025-03-19,13,2025-04-01,163.77
2025-03-19,14,2025-04-02,163.86
2025-03-19,15,2025-04-03,163.89
2025-03-19,16,2025-04-04,168.79
2025-03-19,17,2025-04-05,175.84
2025-03-19,18,2025-04-06,168.51
2025-03-19,19,2025-04-07,171.35
2025-03-19,20,2025-04-08,172.04
2025-03-19,21,2025-04-09,174.95
2025-03-19,22,2025-04-10,176.29
2025-03-19,23,2025-04-11,177.67
2025-03-19,24,2025-04-12,176.29
2025-03-19,25,2025-04-13,176.36
2025-03-19,26,2025-04-14,175.43
2025-03-19,27,2025-04-15,176.34
2025-03-19,28,2025-04-16,176.07
2025-03-19,29,2025-04-17,174.42
2025-03-19,30,2025-04-18,176.74
2025-03-20,1,2025-03-21,163.43
2025-03-20,2,2025-03-22,161.72
2025-03-20,3,2025-03-23,162.3
2025-03-20,4,2025-03-24,162.38
2025-03-20,5,2025-03-25,164.94
2025-03-20,6,2025-03-26,164.94
2025-03-20,7,2025-03-27,167.39
2025-03-20,8,2025-03-28,165.1
2025-03-20,9,2025-03-29,163.03
2025-03-20,10,2025-03-30,167.22
2025-03-20,11,2025-03-31,172.11
2025-03-20,12,2025-04-01,167.92
2025-03-20,13,2025-04-02,166.28
2025-03-20,14,2025-04-03,164.86
2025-03-20,15,2025-04-04,170.06
2025-03-20,16,2025-04-05,174.23
2025-03-20,17,2025-04-06,181.62
2025-03-20,18,2025-04-07,169.71
2025-03-20,19,2025-04-08,170.95
2025-03-20,20,2025-04-09,171.27
2025-03-20,21,2025-04-10,175.59
2025-03-20,22,2025-04-11,176.48
2025-03-20,23,2025-04-12,176.97
2025-03-20,24,2025-04-13,175.22
2025-03-20,25,2025-04-14,174.44
2025-03-20,26,2025-04-15,175.03
2025-03-20,27,2025-04-16,175.49
2025-03-20,28,2025-04-17,176.14
2025-03-20,29,2025-04-18,173.93
2025-03-20,30,2025-04-19,176.36
2025-03-21,1,2025-03-22,159.62
2025-03-21,2,2025-03-23,156.23
2025-03-21,3,2025-03-24,158.29
2025-03-21,4,2025-03-25,158.81
2025-03-21,5,2025-03-26,162.01
2025-03-21,6,2025-03-27,161.26
2025-03-21,7,2025-03-28,164.72
2025-03-21,8,2025-03-29,165.13
2025-03-21,9,2025-03-30,165.38
2025-03-21,10,2025-03-31,169.81
2025-03-21,11,2025-04-01,169.85
2025-03-21,12,2025-04-02,169.93
2025-03-21,13,2025-04-03,169.27
2025-03-21,14,2025-04-04,171.0
2025-03-21,15,2025-04-05,172.72
2025-03-21,16,2025-04-06,176.3
2025-03-21,17,2025-04-07,178.69
2025-03-21,18,2025-04-08,171.59
2025-03-21,19,2025-04-09,172.76
2025-03-21,20,2025-04-10,174.37
2025-03-21,21,2025-04-11,176.45
2025-03-21,22,2025-04-12,177.31
2025-03-21,23,2025-04-13,176.9
2025-03-21,24,2025-04-14,174.62
2025-03-21,25,2025-04-15,176.72
2025-03-21,26,2025-04-16,175.41
2025-03-21,27,2025-04-17,174.19
2025-03-21,28,2025-04-18,174.73
2025-03-21,29,2025-04-19,173.94
2025-03-21,30,2025-04-20,172.76
2025-03-22,1,2025-03-23,178.2
2025-03-22,2,2025-03-24,174.67
2025-03-22,3,2025-03-25,171.92
2025-03-22,4,2025-03-26,168.7
2025-03-22,5,2025-03-27,165.71
2025-03-22,6,2025-03-28,164.23
2025-03-22,7,2025-03-29,166.32
2025-03-22,8,2025-03-30,168.36
2025-03-22,9,2025-03-31,169.06
2025-03-22,10,2025-04-01,171.58
2025-03-22,11,2025-04-02,174.21
2025-03-22,12,2025-04-03,172.55
2025-03-22,13,2025-04-04,171.88
2025-03-22,14,2025-04-05,171.88
2025-03-22,15,2025-04-06,172.41
2025-03-22,16,2025-04-07,173.98
2025-03-22,17,2025-04-08,177.73
2025-03-22,18,2025-04-09,172.94
2025-03-22,19,2025-04-10,175.07
2025-03-22,20,2025-04-11,176.55
2025-03-22,21,2025-04-12,176.39
2025-03-22,22,2025-04-13,176.91
2025-03-22,23,2025-04-14,176.85
2025-03-22,24,2025-04-15,174.99
2025-03-22,25,2025-04-16,176.42
2025-03-22,26,2025-04-17,177.79
2025-03-22,27,2025-04-18,176.14
2025-03-22,28,2025-04-19,175.43
2025-03-22,29,2025-04-20,174.6
2025-03-22,30,2025-04-21,175.33
2025-03-23,1,2025-03-24,165.67
2025-03-23,2,2025-03-25,161.34
2025-03-23,3,2025-03-26,162.92
2025-03-23,4,2025-03-27,161.96
2025-03-23,5,2025-03-28,160.15
2025-03-23,6,2025-03-29,160.55
2025-03-23,7,2025-03-30,162.49
2025-03-23,8,2025-03-31,169.07
2025-03-23,9,2025-04-01,168.82
2025-03-23,10,2025-04-02,171.16
2025-03-23,11,2025-04-03,173.91
2025-03-23,12,2025-04-04,169.84
2025-03-23,13,2025-04-05,167.22
2025-03-23,14,2025-04-06,168.32
2025-03-23,15,2025-04-07,172.88
2025-03-23,16,2025-04-08,172.32
2025-03-23,17,2025-04-09,172.81
2025-03-23,18,2025-04-10,175.85
2025-03-23,19,2025-04-11,177.34
2025-03-23,20,2025-04-12,177.19
2025-03-23,21,2025-04-13,178.35
2025-03-23,22,2025-04-14,175.16
2025-03-23,23,2025-04-15,174.93
2025-03-23,24,2025-04-16,172.86
2025-03-23,25,2025-04-17,174.05
2025-03-23,26,2025-04-18,172.9
2025-03-23,27,2025-04-19,173.36
2025-03-23,28,2025-04-20,171.22
2025-03-23,29,2025-04-21,171.84
2025-03-23,30,2025-04-22,171.52
2025-03-24,1,2025-03-25,150.41
2025-03-24,2,2025-03-26,150.19
2025-03-24,3,2025-03-27,149.01
2025-03-24,4,2025-03-28,151.43
2025-03-24,5,2025-03-29,154.17
2025-03-24,6,2025-03-30,159.42
2025-03-24,7,2025-03-31,163.61
2025-03-24,8,2025-04-01,169.91
2025-03-24,9,2025-04-02,171.03
2025-03-24,10,2025-04-03,168.85
2025-03-24,11,2025-04-04,175.6
2025-03-24,12,2025-04-05,170.59
2025-03-24,13,2025-04-06,172.57
2025-03-24,14,2025-04-07,170.03
2025-03-24,15,2025-04-08,175.52
2025-03-24,16,2025-04-09,176.11
2025-03-24,17,2025-04-10,176.04
2025-03-24,18,2025-04-11,176.73
2025-03-24,19,2025-04-12,175.9
2025-03-24,20,2025-04-13,175.11
2025-03-24,21,2025-04-14,176.05
2025-03-24,22,2025-04-15,173.3
2025-03-24,23,2025-04-16,174.01
2025-03-24,24,2025-04-17,174.58
2025-03-24,25,2025-04-18,172.38
2025-03-24,26,2025-04-19,170.69
2025-03-24,27,2025-04-20,169.04
2025-03-24,28,2025-04-21,166.97
2025-03-24,29,2025-04-22,163.72
2025-03-24,30,2025-04-23,167.33
2025-03-25,1,2025-03-26,150.88
2025-03-25,2,2025-03-27,149.37
2025-03-25,3,2025-03-28,147.27
2025-03-25,4,2025-03-29,151.85
2025-03-25,5,2025-03-30,155.52
2025-03-25,6,2025-03-31,160.81
2025-03-25,7,2025-04-01,166.7
2025-03-25,8,2025-04-02,169.86
2025-03-25,9,2025-04-03,169.97
2025-03-25,10,2025-04-04,170.63
2025-03-25,11,2025-04-05,177.76
2025-03-25,12,2025-04-06,172.42
2025-03-25,13,2025-04-07,174.03
2025-03-25,14,2025-04-08,176.1
2025-03-25,15,2025-04-09,179.17
2025-03-25,16,2025-04-10,177.79
2025-03-25,17,2025-04-11,182.24
2025-03-25,18,2025-04-12,177.78
2025-03-25,19,2025-04-13,178.78
2025-03-25,20,2025-04-14,175.74
2025-03-25,21,2025-04-15,177.09
2025-03-25,22,2025-04-16,173.68
2025-03-25,23,2025-04-17,174.52
2025-03-25,24,2025-04-18,171.31
2025-03-25,25,2025-04-19,170.48
2025-03-25,26,2025-04-20,169.72
2025-03-25,27,2025-04-21,167.69
2025-03-25,28,2025-04-22,164.91
2025-03-25,29,2025-04-23,162.08
2025-03-25,30,2025-04-24,166.15
2025-03-26,1,2025-03-27,148.72
2025-03-26,2,2025-03-28,148.6
2025-03-26,3,2025-03-29,149.99
2025-03-26,4,2025-03-30,156.77
2025-03-26,5,2025-03-31,158.16
2025-03-26,6,2025-04-01,163.99
2025-03-26,7,2025-04-02,168.77
2025-03-26,8,2025-04-03,171.24
2025-03-26,9,2025-04-04,170.44
2025-03-26,10,2025-04-05,174.03
2025-03-26,11,2025-04-06,180.0
2025-03-26,12,2025-04-07,174.03
2025-03-26,13,2025-04-08,173.34
2025-03-26,14,2025-04-09,177.85
2025-03-26,15,2025-04-10,175.49
2025-03-26,16,2025-04-11,180.77
2025-03-26,17,2025-04-12,187.67
2025-03-26,18,2025-04-13,174.44
2025-03-26,19,2025-04-14,174.32
2025-03-26,20,2025-04-15,173.71
2025-03-26,21,2025-04-16,173.61
2025-03-26,22,2025-04-17,171.41
2025-03-26,23,2025-04-18,171.05
2025-03-26,24,2025-04-19,168.74
2025-03-26,25,2025-04-20,166.02
2025-03-26,26,2025-04-21,164.51
2025-03-26,27,2025-04-22,164.97
2025-03-26,28,2025-04-23,162.19
2025-03-26,29,2025-04-24,161.16
2025-03-26,30,2025-04-25,165.2
2025-03-27,1,2025-03-28,150.92
2025-03-27,2,2025-03-29,154.01
2025-03-27,3,2025-03-30,158.38
2025-03-27,4,2025-03-31,164.37
2025-03-27,5,2025-04-01,164.24
2025-03-27,6,2025-04-02,167.07
2025-03-27,7,2025-04-03,169.12
2025-03-27,8,2025-04-04,173.51
2025-03-27,9,2025-04-05,176.85
2025-03-27,10,2025-04-06,175.29
2025-03-27,11,2025-04-07,182.27
2025-03-27,12,2025-04-08,178.23
2025-03-27,13,2025-04-09,180.19
2025-03-27,14,2025-04-10,181.83
2025-03-27,15,2025-04-11,180.94
2025-03-27,16,2025-04-12,184.78
2025-03-27,17,2025-04-13,185.9
2025-03-27,18,2025-04-14,174.1
2025-03-27,19,2025-04-15,174.41
2025-03-27,20,2025-04-16,173.29
2025-03-27,21,2025-04-17,171.64
2025-03-27,22,2025-04-18,171.84
2025-03-27,23,2025-04-19,170.8
2025-03-27,24,2025-04-20,168.6
2025-03-27,25,2025-04-21,166.42
2025-03-27,26,2025-04-22,164.95
2025-03-27,27,2025-04-23,165.58
2025-03-27,28,2025-04-24,164.37
2025-03-27,29,2025-04-25,162.51
2025-03-27,30,2025-04-26,166.6
2025-03-28,1,2025-03-29,159.03
2025-03-28,2,2025-03-30,163.14
2025-03-28,3,2025-03-31,173.84
2025-03-28,4,2025-04-01,181.75
2025-03-28,5,2025-04-02,180.93
2025-03-28,6,2025-04-03,178.87
2025-03-28,7,2025-04-04,179.63
2025-03-28,8,2025-04-05,179.35
2025-03-28,9,2025-04-06,178.92
2025-03-28,10,2025-04-07,178.72
2025-03-28,11,2025-04-08,182.02
2025-03-28,12,2025-04-09,179.59
2025-03-28,13,2025-04-10,181.55
2025-03-28,14,2025-04-11,184.03
2025-03-28,15,2025-04-12,185.85
2025-03-28,16,2025-04-13,181.9
2025-03-28,17,2025-04-14,181.35
2025-03-28,18,2025-04-15,173.82
2025-03-28,19,2025-04-16,172.57
2025-03-28,20,2025-04-17,172.41
2025-03-28,21,2025-04-18,171.02
2025-03-28,22,2025-04-19,168.33
2025-03-28,23,2025-04-20,167.12
2025-03-28,24,2025-04-21,164.84
2025-03-28,25,2025-04-22,165.36
2025-03-28,26,2025-04-23,163.76
2025-03-28,27,2025-04-24,163.01
2025-03-28,28,2025-04-25,164.52
2025-03-28,29,2025-04-26,162.87
2025-03-28,30,2025-04-27,166.83
2025-03-29,1,2025-03-30,157.91
2025-03-29,2,2025-03-31,165.24
2025-03-29,3,2025-04-01,171.45
2025-03-29,4,2025-04-02,179.62
2025-03-29,5,2025-04-03,176.97
2025-03-29,6,2025-04-04,176.49
2025-03-29,7,2025-04-05,181.62
2025-03-29,8,2025-04-06,180.29
2025-03-29,9,2025-04-07,177.84
2025-03-29,10,2025-04-08,180.74
2025-03-29,11,2025-04-09,183.69
2025-03-29,12,2025-04-10,185.27
2025-03-29,13,2025-04-11,182.95
2025-03-29,14,2025-04-12,184.7
2025-03-29,15,2025-04-13,180.79
2025-03-29,16,2025-04-14,175.61
2025-03-29,17,2025-04-15,182.06
2025-03-29,18,2025-04-16,171.79
2025-03-29,19,2025-04-17,172.72
2025-03-29,20,2025-04-18,170.37
2025-03-29,21,2025-04-19,167.8
2025-03-29,22,2025-04-20,165.47
2025-03-29,23,2025-04-21,165.51
2025-03-29,24,2025-04-22,162.57
2025-03-29,25,2025-04-23,163.98
2025-03-29,26,2025-04-24,164.11
2025-03-29,27,2025-04-25,162.96
2025-03-29,28,2025-04-26,163.4
2025-03-29,29,2025-04-27,163.57
2025-03-29,30,2025-04-28,166.75
2025-03-30,1,2025-03-31,176.27
2025-03-30,2,2025-04-01,189.44
2025-03-30,3,2025-04-02,189.28
2025-03-30,4,2025-04-03,190.94
2025-03-30,5,2025-04-04,187.1
2025-03-30,6,2025-04-05,183.77
2025-03-30,7,2025-04-06,189.16
2025-03-30,8,2025-04-07,183.73
2025-03-30,9,2025-04-08,184.46
2025-03-30,10,2025-04-09,182.83
2025-03-30,11,2025-04-10,186.04
2025-03-30,12,2025-04-11,187.57
2025-03-30,13,2025-04-12,181.22
2025-03-30,14,2025-04-13,181.14
2025-03-30,15,2025-04-14,180.49
2025-03-30,16,2025-04-15,175.67
2025-03-30,17,2025-04-16,177.04
2025-03-30,18,2025-04-17,171.53
2025-03-30,19,2025-04-18,168.45
2025-03-30,20,2025-04-19,169.38
2025-03-30,21,2025-04-20,167.82
2025-03-30,22,2025-04-21,166.22
2025-03-30,23,2025-04-22,165.38
2025-03-30,24,2025-04-23,164.31
2025-03-30,25,2025-04-24,166.93
2025-03-30,26,2025-04-25,166.76
2025-03-30,27,2025-04-26,166.93
2025-03-30,28,2025-04-27,166.73
2025-03-30,29,2025-04-28,165.83
2025-03-30,30,2025-04-29,168.67
2025-03-31,1,2025-04-01,180.34
2025-03-31,2,2025-04-02,188.47
2025-03-31,3,2025-04-03,189.16
2025-03-31,4,2025-04-04,189.27
2025-03-31,5,2025-04-05,190.47
2025-03-31,6,2025-04-06,191.59
2025-03-31,7,2025-04-07,190.98
2025-03-31,8,2025-04-08,188.06
2025-03-31,9,2025-04-09,184.92
2025-03-31,10,2025-04-10,183.64
2025-03-31,11,2025-04-11,183.68
2025-03-31,12,2025-04-12,185.16
2025-03-31,13,2025-04-13,179.81
2025-03-31,14,2025-04-14,178.14
2025-03-31,15,2025-04-15,175.2
2025-03-31,16,2025-04-16,170.38
2025-03-31,17,2025-04-17,168.3
2025-03-31,18,2025-04-18,173.43
2025-03-31,19,2025-04-19,168.96
2025-03-31,20,2025-04-20,166.32
2025-03-31,21,2025-04-21,167.23
2025-03-31,22,2025-04-22,164.09
2025-03-31,23,2025-04-23,165.47
2025-03-31,24,2025-04-24,166.43
2025-03-31,25,2025-04-25,168.18
2025-03-31,26,2025-04-26,167.3
2025-03-31,27,2025-04-27,167.38
2025-03-31,28,2025-04-28,166.02
2025-03-31,29,2025-04-29,166.2
2025-03-31,30,2025-04-30,167.88
2025-04-01,1,2025-04-02,191.55
2025-04-01,2,2025-04-03,192.58
2025-04-01,3,2025-04-04,190.65
2025-04-01,4,2025-04-05,189.01
2025-04-01,5,2025-04-06,191.65
2025-04-01,6,2025-04-07,187.99
2025-04-01,7,2025-04-08,187.25
2025-04-01,8,2025-04-09,188.43
2025-04-01,9,2025-04-10,192.4
2025-04-01,10,2025-04-11,184.78
2025-04-01,11,2025-04-12,186.08
2025-04-01,12,2025-04-13,186.26
2025-04-01,13,2025-04-14,177.45
2025-04-01,14,2025-04-15,173.5
2025-04-01,15,2025-04-16,173.02
2025-04-01,16,2025-04-17,167.34
2025-04-01,17,2025-04-18,164.8
2025-04-01,18,2025-04-19,169.12
2025-04-01,19,2025-04-20,166.2
2025-04-01,20,2025-04-21,165.78
2025-04-01,21,2025-04-22,166.52
2025-04-01,22,2025-04-23,164.72
2025-04-01,23,2025-04-24,167.33
2025-04-01,24,2025-04-25,167.06
2025-04-01,25,2025-04-26,169.04
2025-04-01,26,2025-04-27,168.11
2025-04-01,27,2025-04-28,170.32
2025-04-01,28,2025-04-29,167.95
2025-04-01,29,2025-04-30,168.47
2025-04-01,30,2025-05-01,168.77
2025-04-02,1,2025-04-03,180.11
2025-04-02,2,2025-04-04,179.7
2025-04-02,3,2025-04-05,178.73
2025-04-02,4,2025-04-06,176.48
2025-04-02,5,2025-04-07,181.82
2025-04-02,6,2025-04-08,178.4
2025-04-02,7,2025-04-09,186.28
2025-04-02,8,2025-04-10,183.66
2025-04-02,9,2025-04-11,184.76
2025-04-02,10,2025-04-12,180.35
2025-04-02,11,2025-04-13,177.95
2025-04-02,12,2025-04-14,182.44
2025-04-02,13,2025-04-15,177.21
2025-04-02,14,2025-04-16,170.16
2025-04-02,15,2025-04-17,168.82
2025-04-02,16,2025-04-18,167.3
2025-04-02,17,2025-04-19,165.81
2025-04-02,18,2025-04-20,166.72
2025-04-02,19,2025-04-21,164.39
2025-04-02,20,2025-04-22,164.08
2025-04-02,21,2025-04-23,167.22
2025-04-02,22,2025-04-24,167.52
2025-04-02,23,2025-04-25,168.61
2025-04-02,24,2025-04-26,167.7
2025-04-02,25,2025-04-27,170.77
2025-04-02,26,2025-04-28,170.59
2025-04-02,27,2025-04-29,170.62
2025-04-02,28,2025-04-30,168.6
2025-04-02,29,2025-05-01,167.95
2025-04-02,30,2025-05-02,167.44
2025-04-03,1,2025-04-04,180.27
2025-04-03,2,2025-04-05,177.05
2025-04-03,3,2025-04-06,176.14
2025-04-03,4,2025-04-07,175.56
2025-04-03,5,2025-04-08,178.97
2025-04-03,6,2025-04-09,180.07
2025-04-03,7,2025-04-10,179.54
2025-04-03,8,2025-04-11,177.04
2025-04-03,9,2025-04-12,174.77
2025-04-03,10,2025-04-13,177.57
2025-04-03,11,2025-04-14,172.53
2025-04-03,12,2025-04-15,173.69
2025-04-03,13,2025-04-16,169.04
2025-04-03,14,2025-04-17,162.77
2025-04-03,15,2025-04-18,161.85
2025-04-03,16,2025-04-19,164.14
2025-04-03,17,2025-04-20,161.56
2025-04-03,18,2025-04-21,164.94
2025-04-03,19,2025-04-22,164.35
2025-04-03,20,2025-04-23,165.36
2025-04-03,21,2025-04-24,168.29
2025-04-03,22,2025-04-25,167.63
2025-04-03,23,2025-04-26,168.67
2025-04-03,24,2025-04-27,168.86
2025-04-03,25,2025-04-28,171.06
2025-04-03,26,2025-04-29,170.46
2025-04-03,27,2025-04-30,170.4
2025-04-03,28,2025-05-01,168.32
2025-04-03,29,2025-05-02,167.91
2025-04-03,30,2025-05-03,167.79
2025-04-04,1,2025-04-05,184.34
2025-04-04,2,2025-04-06,185.1
2025-04-04,3,2025-04-07,184.94
2025-04-04,4,2025-04-08,179.83
2025-04-04,5,2025-04-09,181.08
2025-04-04,6,2025-04-10,179.62
2025-04-04,7,2025-04-11,180.38
2025-04-04,8,2025-04-12,174.88
2025-04-04,9,2025-04-13,174.56
2025-04-04,10,2025-04-14,176.19
2025-04-04,11,2025-04-15,169.01
2025-04-04,12,2025-04-16,170.68
2025-04-04,13,2025-04-17,168.3
2025-04-04,14,2025-04-18,165.28
2025-04-04,15,2025-04-19,164.98
2025-04-04,16,2025-04-20,164.72
2025-04-04,17,2025-04-21,165.13
2025-04-04,18,2025-04-22,165.48
2025-04-04,19,2025-04-23,165.87
2025-04-04,20,2025-04-24,166.56
2025-04-04,21,2025-04-25,169.38
2025-04-04,22,2025-04-26,168.68
2025-04-04,23,2025-04-27,170.51
2025-04-04,24,2025-04-28,169.66
2025-04-04,25,2025-04-29,171.64
2025-04-04,26,2025-04-30,172.22
2025-04-04,27,2025-05-01,172.67
2025-04-04,28,2025-05-02,170.12
2025-04-04,29,2025-05-03,170.08
2025-04-04,30,2025-05-04,171.11
2025-04-05,1,2025-04-06,185.33
2025-04-05,2,2025-04-07,185.8
2025-04-05,3,2025-04-08,181.6
2025-04-05,4,2025-04-09,180.86
2025-04-05,5,2025-04-10,182.34
2025-04-05,6,2025-04-11,177.94
2025-04-05,7,2025-04-12,176.97
2025-04-05,8,2025-04-13,178.18
2025-04-05,9,2025-04-14,179.27
2025-04-05,10,2025-04-15,174.79
2025-04-05,11,2025-04-16,173.9
2025-04-05,12,2025-04-17,169.6
2025-04-05,13,2025-04-18,167.71
2025-04-05,14,2025-04-19,167.55
2025-04-05,15,2025-04-20,165.44
2025-04-05,16,2025-04-21,165.67
2025-04-05,17,2025-04-22,168.81
2025-04-05,18,2025-04-23,167.39
2025-04-05,19,2025-04-24,167.96
2025-04-05,20,2025-04-25,169.58
2025-04-05,21,2025-04-26,170.7
2025-04-05,22,2025-04-27,170.12
2025-04-05,23,2025-04-28,172.58
2025-04-05,24,2025-04-29,171.27
2025-04-05,25,2025-04-30,172.7
2025-04-05,26,2025-05-01,172.75
2025-04-05,27,2025-05-02,174.54
2025-04-05,28,2025-05-03,171.37
2025-04-05,29,2025-05-04,170.81
2025-04-05,30,2025-05-05,172.6
2025-04-06,1,2025-04-07,168.43
2025-04-06,2,2025-04-08,167.96
2025-04-06,3,2025-04-09,164.88
2025-04-06,4,2025-04-10,164.45
2025-04-06,5,2025-04-11,165.11
2025-04-06,6,2025-04-12,165.19
2025-04-06,7,2025-04-13,168.85
2025-04-06,8,2025-04-14,170.56
2025-04-06,9,2025-04-15,174.05
2025-04-06,10,2025-04-16,172.2
2025-04-06,11,2025-04-17,168.06
2025-04-06,12,2025-04-18,170.28
2025-04-06,13,2025-04-19,171.42
2025-04-06,14,2025-04-20,168.08
2025-04-06,15,2025-04-21,165.02
2025-04-06,16,2025-04-22,166.49
2025-04-06,17,2025-04-23,175.56
2025-04-06,18,2025-04-24,168.24
2025-04-06,19,2025-04-25,169.13
2025-04-06,20,2025-04-26,169.91
2025-04-06,21,2025-04-27,170.94
2025-04-06,22,2025-04-28,171.07
2025-04-06,23,2025-04-29,170.67
2025-04-06,24,2025-04-30,171.65
2025-04-06,25,2025-05-01,171.3
2025-04-06,26,2025-05-02,170.31
2025-04-06,27,2025-05-03,171.29
2025-04-06,28,2025-05-04,170.41
2025-04-06,29,2025-05-05,171.73
2025-04-06,30,2025-05-06,176.48
2025-04-07,1,2025-04-08,162.86
2025-04-07,2,2025-04-09,162.01
2025-04-07,3,2025-04-10,157.02
2025-04-07,4,2025-04-11,156.06
2025-04-07,5,2025-04-12,157.67
2025-04-07,6,2025-04-13,161.53
2025-04-07,7,2025-04-14,167.22
2025-04-07,8,2025-04-15,168.88
2025-04-07,9,2025-04-16,171.19
2025-04-07,10,2025-04-17,170.71
2025-04-07,11,2025-04-18,170.21
2025-04-07,12,2025-04-19,169.12
2025-04-07,13,2025-04-20,167.71
2025-04-07,14,2025-04-21,166.16
2025-04-07,15,2025-04-22,168.38
2025-04-07,16,2025-04-23,177.04
2025-04-07,17,2025-04-24,182.9
2025-04-07,18,2025-04-25,171.28
2025-04-07,19,2025-04-26,169.16
2025-04-07,20,2025-04-27,170.83
2025-04-07,21,2025-04-28,171.73
2025-04-07,22,2025-04-29,170.79
2025-04-07,23,2025-04-30,170.87
2025-04-07,24,2025-05-01,169.62
2025-04-07,25,2025-05-02,168.16
2025-04-07,26,2025-05-03,168.0
2025-04-07,27,2025-05-04,167.32
2025-04-07,28,2025-05-05,168.72
2025-04-07,29,2025-05-06,170.77
2025-04-07,30,2025-05-07,174.27
2025-04-08,1,2025-04-09,157.93
2025-04-08,2,2025-04-10,152.75
2025-04-08,3,2025-04-11,152.49
2025-04-08,4,2025-04-12,153.66
2025-04-08,5,2025-04-13,158.71
2025-04-08,6,2025-04-14,157.89
2025-04-08,7,2025-04-15,164.11
2025-04-08,8,2025-04-16,168.33
2025-04-08,9,2025-04-17,168.97
2025-04-08,10,2025-04-18,169.95
2025-04-08,11,2025-04-19,168.96
2025-04-08,12,2025-04-20,169.86
2025-04-08,13,2025-04-21,167.52
2025-04-08,14,2025-04-22,168.35
2025-04-08,15,2025-04-23,174.61
2025-04-08,16,2025-04-24,183.17
2025-04-08,17,2025-04-25,189.94
2025-04-08,18,2025-04-26,169.14
2025-04-08,19,2025-04-27,170.1
2025-04-08,20,2025-04-28,171.03
2025-04-08,21,2025-04-29,172.36
2025-04-08,22,2025-04-30,170.0
2025-04-08,23,2025-05-01,170.96
2025-04-08,24,2025-05-02,167.16
2025-04-08,25,2025-05-03,166.62
2025-04-08,26,2025-05-04,165.39
2025-04-08,27,2025-05-05,167.92
2025-04-08,28,2025-05-06,169.82
2025-04-08,29,2025-05-07,173.27
2025-04-08,30,2025-05-08,173.86
2025-04-09,1,2025-04-10,163.83
2025-04-09,2,2025-04-11,164.03
2025-04-09,3,2025-04-12,165.11
2025-04-09,4,2025-04-13,163.78
2025-04-09,5,2025-04-14,165.74
2025-04-09,6,2025-04-15,164.81
2025-04-09,7,2025-04-16,168.84
2025-04-09,8,2025-04-17,169.48
2025-04-09,9,2025-04-18,170.28
2025-04-09,10,2025-04-19,171.14
2025-04-09,11,2025-04-20,169.04
2025-04-09,12,2025-04-21,170.94
2025-04-09,13,2025-04-22,169.01
2025-04-09,14,2025-04-23,171.97
2025-04-09,15,2025-04-24,177.17
2025-04-09,16,2025-04-25,186.35
2025-04-09,17,2025-04-26,185.4
2025-04-09,18,2025-04-27,169.0
2025-04-09,19,2025-04-28,169.1
2025-04-09,20,2025-04-29,169.48
2025-04-09,21,2025-04-30,170.58
2025-04-09,22,2025-05-01,167.93
2025-04-09,23,2025-05-02,167.68
2025-04-09,24,2025-05-03,165.96
2025-04-09,25,2025-05-04,167.79
2025-04-09,26,2025-05-05,167.99
2025-04-09,27,2025-05-06,170.42
2025-04-09,28,2025-05-07,172.82
2025-04-09,29,2025-05-08,175.09
2025-04-09,30,2025-05-09,174.35
2025-04-10,1,2025-04-11,157.32
2025-04-10,2,2025-04-12,154.66
2025-04-10,3,2025-04-13,154.58
2025-04-10,4,2025-04-14,158.41
2025-04-10,5,2025-04-15,157.43
2025-04-10,6,2025-04-16,158.24
2025-04-10,7,2025-04-17,162.32
2025-04-10,8,2025-04-18,165.52
2025-04-10,9,2025-04-19,166.76
2025-04-10,10,2025-04-20,168.49
2025-04-10,11,2025-04-21,169.05
2025-04-10,12,2025-04-22,170.45
2025-04-10,13,2025-04-23,172.41
2025-04-10,14,2025-04-24,174.85
2025-04-10,15,2025-04-25,178.93
2025-04-10,16,2025-04-26,185.78
2025-04-10,17,2025-04-27,185.93
2025-04-10,18,2025-04-28,169.79
2025-04-10,19,2025-04-29,169.1
2025-04-10,20,2025-04-30,169.1
2025-04-10,21,2025-05-01,168.38
2025-04-10,22,2025-05-02,166.2
2025-04-10,23,2025-05-03,165.29
2025-04-10,24,2025-05-04,164.06
2025-04-10,25,2025-05-05,165.94
2025-04-10,26,2025-05-06,169.33
2025-04-10,27,2025-05-07,170.28
2025-04-10,28,2025-05-08,170.42
2025-04-10,29,2025-05-09,169.03
2025-04-10,30,2025-05-10,169.6
2025-04-11,1,2025-04-12,172.01
2025-04-11,2,2025-04-13,169.94
2025-04-11,3,2025-04-14,169.03
2025-04-11,4,2025-04-15,169.96
2025-04-11,5,2025-04-16,168.18
2025-04-11,6,2025-04-17,162.33
2025-04-11,7,2025-04-18,163.74
2025-04-11,8,2025-04-19,165.8
2025-04-11,9,2025-04-20,164.87
2025-04-11,10,2025-04-21,171.22
2025-04-11,11,2025-04-22,172.94
2025-04-11,12,2025-04-23,176.42
2025-04-11,13,2025-04-24,174.47
2025-04-11,14,2025-04-25,178.39
2025-04-11,15,2025-04-26,179.16
2025-04-11,16,2025-04-27,188.03
2025-04-11,17,2025-04-28,188.09
2025-04-11,18,2025-04-29,170.06
2025-04-11,19,2025-04-30,167.73
2025-04-11,20,2025-05-01,166.35
2025-04-11,21,2025-05-02,165.45
2025-04-11,22,2025-05-03,163.31
2025-04-11,23,2025-05-04,164.18
2025-04-11,24,2025-05-05,166.53
2025-04-11,25,2025-05-06,168.37
2025-04-11,26,2025-05-07,170.0
2025-04-11,27,2025-05-08,171.55
2025-04-11,28,2025-05-09,173.03
2025-04-11,29,2025-05-10,171.65
2025-04-11,30,2025-05-11,172.36
2025-04-12,1,2025-04-13,165.26
2025-04-12,2,2025-04-14,164.67
2025-04-12,3,2025-04-15,161.19
2025-04-12,4,2025-04-16,157.26
2025-04-12,5,2025-04-17,155.74
2025-04-12,6,2025-04-18,157.8
2025-04-12,7,2025-04-19,161.4
2025-04-12,8,2025-04-20,164.45
2025-04-12,9,2025-04-21,170.2
2025-04-12,10,2025-04-22,173.12
2025-04-12,11,2025-04-23,180.58
2025-04-12,12,2025-04-24,179.45
2025-04-12,13,2025-04-25,178.4
2025-04-12,14,2025-04-26,176.79
2025-04-12,15,2025-04-27,179.0
2025-04-12,16,2025-04-28,185.86
2025-04-12,17,2025-04-29,188.67
2025-04-12,18,2025-04-30,168.51
2025-04-12,19,2025-05-01,165.39
2025-04-12,20,2025-05-02,166.17
2025-04-12,21,2025-05-03,165.89
2025-04-12,22,2025-05-04,164.24
2025-04-12,23,2025-05-05,165.18
2025-04-12,24,2025-05-06,167.97
2025-04-12,25,2025-05-07,167.66
2025-04-12,26,2025-05-08,169.72
2025-04-12,27,2025-05-09,172.11
2025-04-12,28,2025-05-10,171.12
2025-04-12,29,2025-05-11,170.07
2025-04-12,30,2025-05-12,171.21
2025-04-13,1,2025-04-14,158.66
2025-04-13,2,2025-04-15,157.49
2025-04-13,3,2025-04-16,154.02
2025-04-13,4,2025-04-17,149.91
2025-04-13,5,2025-04-18,151.68
2025-04-13,6,2025-04-19,151.09
2025-04-13,7,2025-04-20,157.91
2025-04-13,8,2025-04-21,164.27
2025-04-13,9,2025-04-22,170.2
2025-04-13,10,2025-04-23,176.51
2025-04-13,11,2025-04-24,183.08
2025-04-13,12,2025-04-25,180.6
2025-04-13,13,2025-04-26,176.62
2025-04-13,14,2025-04-27,176.12
2025-04-13,15,2025-04-28,178.7
2025-04-13,16,2025-04-29,185.39
2025-04-13,17,2025-04-30,187.48
2025-04-13,18,2025-05-01,167.6
2025-04-13,19,2025-05-02,164.84
2025-04-13,20,2025-05-03,165.98
2025-04-13,21,2025-05-04,165.86
2025-04-13,22,2025-05-05,165.77
2025-04-13,23,2025-05-06,168.64
2025-04-13,24,2025-05-07,168.1
2025-04-13,25,2025-05-08,167.31
2025-04-13,26,2025-05-09,166.99
2025-04-13,27,2025-05-10,168.15
2025-04-13,28,2025-05-11,168.37
2025-04-13,29,2025-05-12,168.92
2025-04-13,30,2025-05-13,167.58
2025-04-14,1,2025-04-15,146.24
2025-04-14,2,2025-04-16,143.79
2025-04-14,3,2025-04-17,140.06
2025-04-14,4,2025-04-18,142.69
2025-04-14,5,2025-04-19,145.93
2025-04-14,6,2025-04-20,151.67
2025-04-14,7,2025-04-21,158.21
2025-04-14,8,2025-04-22,167.22
2025-04-14,9,2025-04-23,172.09
2025-04-14,10,2025-04-24,174.41
2025-04-14,11,2025-04-25,182.94
2025-04-14,12,2025-04-26,180.54
2025-04-14,13,2025-04-27,177.8
2025-04-14,14,2025-04-28,178.43
2025-04-14,15,2025-04-29,177.27
2025-04-14,16,2025-04-30,182.49
2025-04-14,17,2025-05-01,184.05
2025-04-14,18,2025-05-02,167.1
2025-04-14,19,2025-05-03,163.03
2025-04-14,20,2025-05-04,163.42
2025-04-14,21,2025-05-05,164.36
2025-04-14,22,2025-05-06,167.21
2025-04-14,23,2025-05-07,168.03
2025-04-14,24,2025-05-08,165.0
2025-04-14,25,2025-05-09,164.89
2025-04-14,26,2025-05-10,164.09
2025-04-14,27,2025-05-11,164.25
2025-04-14,28,2025-05-12,163.58
2025-04-14,29,2025-05-13,161.64
2025-04-14,30,2025-05-14,161.89
2025-04-15,1,2025-04-16,145.49
2025-04-15,2,2025-04-17,145.61
2025-04-15,3,2025-04-18,150.45
2025-04-15,4,2025-04-19,158.52
2025-04-15,5,2025-04-20,158.39
2025-04-15,6,2025-04-21,163.92
2025-04-15,7,2025-04-22,170.77
2025-04-15,8,2025-04-23,172.7
2025-04-15,9,2025-04-24,176.67
2025-04-15,10,2025-04-25,178.83
2025-04-15,11,2025-04-26,182.33
2025-04-15,12,2025-04-27,179.62
2025-04-15,13,2025-04-28,177.55
2025-04-15,14,2025-04-29,175.91
2025-04-15,15,2025-04-30,179.09
2025-04-15,16,2025-05-01,177.75
2025-04-15,17,2025-05-02,176.73
2025-04-15,18,2025-05-03,164.29
2025-04-15,19,2025-05-04,164.35
2025-04-15,20,2025-05-05,164.63
2025-04-15,21,2025-05-06,164.24
2025-04-15,22,2025-05-07,167.77
2025-04-15,23,2025-05-08,166.46
2025-04-15,24,2025-05-09,164.71
2025-04-15,25,2025-05-10,162.48
2025-04-15,26,2025-05-11,161.84
2025-04-15,27,2025-05-12,161.65
2025-04-15,28,2025-05-13,161.06
2025-04-15,29,2025-05-14,159.45
2025-04-15,30,2025-05-15,161.29
2025-04-16,1,2025-04-17,149.11
2025-04-16,2,2025-04-18,155.81
2025-04-16,3,2025-04-19,161.81
2025-04-16,4,2025-04-20,169.83
2025-04-16,5,2025-04-21,168.5
2025-04-16,6,2025-04-22,172.17
2025-04-16,7,2025-04-23,177.86
2025-04-16,8,2025-04-24,177.24
2025-04-16,9,2025-04-25,178.18
2025-04-16,10,2025-04-26,177.19
2025-04-16,11,2025-04-27,179.7
2025-04-16,12,2025-04-28,179.74
2025-04-16,13,2025-04-29,174.56
2025-04-16,14,2025-04-30,174.37
2025-04-16,15,2025-05-01,177.32
2025-04-16,16,2025-05-02,177.02
2025-04-16,17,2025-05-03,173.26
2025-04-16,18,2025-05-04,166.35
2025-04-16,19,2025-05-05,163.96
2025-04-16,20,2025-05-06,164.06
2025-04-16,21,2025-05-07,164.99
2025-04-16,22,2025-05-08,165.14
2025-04-16,23,2025-05-09,164.18
2025-04-16,24,2025-05-10,163.37
2025-04-16,25,2025-05-11,162.93
2025-04-16,26,2025-05-12,160.95
2025-04-16,27,2025-05-13,161.34
2025-04-16,28,2025-05-14,161.61
2025-04-16,29,2025-05-15,160.43
2025-04-16,30,2025-05-16,161.62
2025-04-17,1,2025-04-18,159.62
2025-04-17,2,2025-04-19,164.21
2025-04-17,3,2025-04-20,168.88
2025-04-17,4,2025-04-21,178.28
2025-04-17,5,2025-04-22,178.66
2025-04-17,6,2025-04-23,178.83
2025-04-17,7,2025-04-24,183.67
2025-04-17,8,2025-04-25,182.35
2025-04-17,9,2025-04-26,178.33
2025-04-17,10,2025-04-27,179.77
2025-04-17,11,2025-04-28,183.09
2025-04-17,12,2025-04-29,178.46
2025-04-17,13,2025-04-30,175.52
2025-04-17,14,2025-05-01,174.57
2025-04-17,15,2025-05-02,178.62
2025-04-17,16,2025-05-03,170.83
2025-04-17,17,2025-05-04,168.88
2025-04-17,18,2025-05-05,165.37
2025-04-17,19,2025-05-06,165.17
2025-04-17,20,2025-05-07,165.31
2025-04-17,21,2025-05-08,166.25
2025-04-17,22,2025-05-09,163.44
2025-04-17,23,2025-05-10,163.32
2025-04-17,24,2025-05-11,162.14
2025-04-17,25,2025-05-12,160.77
2025-04-17,26,2025-05-13,161.54
2025-04-17,27,2025-05-14,163.39
2025-04-17,28,2025-05-15,161.95
2025-04-17,29,2025-05-16,161.79
2025-04-17,30,2025-05-17,161.7
2025-04-18,1,2025-04-19,164.84
2025-04-18,2,2025-04-20,169.38
2025-04-18,3,2025-04-21,173.15
2025-04-18,4,2025-04-22,179.78
2025-04-18,5,2025-04-23,181.38
2025-04-18,6,2025-04-24,180.23
2025-04-18,7,2025-04-25,183.44
2025-04-18,8,2025-04-26,182.19
2025-04-18,9,2025-04-27,178.09
2025-04-18,10,2025-04-28,180.59
2025-04-18,11,2025-04-29,183.3
2025-04-18,12,2025-04-30,177.25
2025-04-18,13,2025-05-01,173.52
2025-04-18,14,2025-05-02,175.29
2025-04-18,15,2025-05-03,174.67
2025-04-18,16,2025-05-04,171.68
2025-04-18,17,2025-05-05,173.65
2025-04-18,18,2025-05-06,162.6
2025-04-18,19,2025-05-07,166.69
2025-04-18,20,2025-05-08,164.93
2025-04-18,21,2025-05-09,166.4
2025-04-18,22,2025-05-10,162.59
2025-04-18,23,2025-05-11,162.17
2025-04-18,24,2025-05-12,161.61
2025-04-18,25,2025-05-13,160.46
2025-04-18,26,2025-05-14,160.71
2025-04-18,27,2025-05-15,161.89
2025-04-18,28,2025-05-16,161.89
2025-04-18,29,2025-05-17,161.36
2025-04-18,30,2025-05-18,161.78
2025-04-19,1,2025-04-20,165.24
2025-04-19,2,2025-04-21,170.71
2025-04-19,3,2025-04-22,173.45
2025-04-19,4,2025-04-23,178.47
2025-04-19,5,2025-04-24,182.33
2025-04-19,6,2025-04-25,184.83
2025-04-19,7,2025-04-26,183.39
2025-04-19,8,2025-04-27,183.39
2025-04-19,9,2025-04-28,178.85
2025-04-19,10,2025-04-29,177.77
2025-04-19,11,2025-04-30,183.68
2025-04-19,12,2025-05-01,178.5
2025-04-19,13,2025-05-02,176.36
2025-04-19,14,2025-05-03,175.41
2025-04-19,15,2025-05-04,172.45
2025-04-19,16,2025-05-05,172.64
2025-04-19,17,2025-05-06,173.65
2025-04-19,18,2025-05-07,161.59
2025-04-19,19,2025-05-08,164.52
2025-04-19,20,2025-05-09,163.67
2025-04-19,21,2025-05-10,163.66
2025-04-19,22,2025-05-11,161.12
2025-04-19,23,2025-05-12,159.97
2025-04-19,24,2025-05-13,160.61
2025-04-19,25,2025-05-14,160.19
2025-04-19,26,2025-05-15,161.13
2025-04-19,27,2025-05-16,161.46
2025-04-19,28,2025-05-17,162.32
2025-04-19,29,2025-05-18,160.55
2025-04-19,30,2025-05-19,161.97
2025-04-20,1,2025-04-21,161.6
2025-04-20,2,2025-04-22,167.04
2025-04-20,3,2025-04-23,167.28
2025-04-20,4,2025-04-24,166.21
2025-04-20,5,2025-04-25,171.08
2025-04-20,6,2025-04-26,173.42
2025-04-20,7,2025-04-27,177.97
2025-04-20,8,2025-04-28,178.87
2025-04-20,9,2025-04-29,175.61
2025-04-20,10,2025-04-30,178.04
2025-04-20,11,2025-05-01,184.32
2025-04-20,12,2025-05-02,175.32
2025-04-20,13,2025-05-03,176.16
2025-04-20,14,2025-05-04,176.11
2025-04-20,15,2025-05-05,173.12
2025-04-20,16,2025-05-06,172.42
2025-04-20,17,2025-05-07,170.51
2025-04-20,18,2025-05-08,162.58
2025-04-20,19,2025-05-09,164.31
2025-04-20,20,2025-05-10,163.33
2025-04-20,21,2025-05-11,163.39
2025-04-20,22,2025-05-12,159.78
2025-04-20,23,2025-05-13,160.81
2025-04-20,24,2025-05-14,161.5
2025-04-20,25,2025-05-15,162.91
2025-04-20,26,2025-05-16,162.61
2025-04-20,27,2025-05-17,162.83
2025-04-20,28,2025-05-18,163.27
2025-04-20,29,2025-05-19,162.18
2025-04-20,30,2025-05-20,161.23
2025-04-21,1,2025-04-22,167.9
2025-04-21,2,2025-04-23,172.5
2025-04-21,3,2025-04-24,176.13
2025-04-21,4,2025-04-25,181.21
2025-04-21,5,2025-04-26,181.09
2025-04-21,6,2025-04-27,180.71
2025-04-21,7,2025-04-28,182.67
2025-04-21,8,2025-04-29,179.71
2025-04-21,9,2025-04-30,177.22
2025-04-21,10,2025-05-01,177.9
2025-04-21,11,2025-05-02,180.93
2025-04-21,12,2025-05-03,176.16
2025-04-21,13,2025-05-04,173.28
2025-04-21,14,2025-05-05,174.35
2025-04-21,15,2025-05-06,170.16
2025-04-21,16,2025-05-07,167.35
2025-04-21,17,2025-05-08,166.01
2025-04-21,18,2025-05-09,162.26
2025-04-21,19,2025-05-10,162.39
2025-04-21,20,2025-05-11,161.2
2025-04-21,21,2025-05-12,162.38
2025-04-21,22,2025-05-13,161.46
2025-04-21,23,2025-05-14,161.66
2025-04-21,24,2025-05-15,162.41
2025-04-21,25,2025-05-16,163.43
2025-04-21,26,2025-05-17,164.83
2025-04-21,27,2025-05-18,164.82
2025-04-21,28,2025-05-19,163.79
2025-04-21,29,2025-05-20,162.17
2025-04-21,30,2025-05-21,161.75
2025-04-22,1,2025-04-23,170.91
2025-04-22,2,2025-04-24,171.28
2025-04-22,3,2025-04-25,175.36
2025-04-22,4,2025-04-26,177.41
2025-04-22,5,2025-04-27,178.61
2025-04-22,6,2025-04-28,177.64
2025-04-22,7,2025-04-29,177.6
2025-04-22,8,2025-04-30,181.53
2025-04-22,9,2025-05-01,178.09
2025-04-22,10,2025-05-02,175.14
2025-04-22,11,2025-05-03,178.68
2025-04-22,12,2025-05-04,176.22
2025-04-22,13,2025-05-05,173.03
2025-04-22,14,2025-05-06,172.57
2025-04-22,15,2025-05-07,168.95
2025-04-22,16,2025-05-08,167.48
2025-04-22,17,2025-05-09,161.56
2025-04-22,18,2025-05-10,160.47
2025-04-22,19,2025-05-11,160.87
2025-04-22,20,2025-05-12,159.2
2025-04-22,21,2025-05-13,161.64
2025-04-22,22,2025-05-14,161.66
2025-04-22,23,2025-05-15,163.93
2025-04-22,24,2025-05-16,165.45
2025-04-22,25,2025-05-17,166.58
2025-04-22,26,2025-05-18,166.43
2025-04-22,27,2025-05-19,165.84
2025-04-22,28,2025-05-20,164.31
2025-04-22,29,2025-05-21,162.94
2025-04-22,30,2025-05-22,164.24
2025-04-23,1,2025-04-24,169.63
2025-04-23,2,2025-04-25,167.45
2025-04-23,3,2025-04-26,171.21
2025-04-23,4,2025-04-27,174.58
2025-04-23,5,2025-04-28,174.22
2025-04-23,6,2025-04-29,175.79
2025-04-23,7,2025-04-30,178.01
2025-04-23,8,2025-05-01,179.63
2025-04-23,9,2025-05-02,176.65
2025-04-23,10,2025-05-03,176.08
2025-04-23,11,2025-05-04,174.52
2025-04-23,12,2025-05-05,175.11
2025-04-23,13,2025-05-06,169.19
2025-04-23,14,2025-05-07,172.24
2025-04-23,15,2025-05-08,167.1
2025-04-23,16,2025-05-09,168.75
2025-04-23,17,2025-05-10,161.69
2025-04-23,18,2025-05-11,158.81
2025-04-23,19,2025-05-12,159.27
2025-04-23,20,2025-05-13,158.84
2025-04-23,21,2025-05-14,161.66
2025-04-23,22,2025-05-15,163.18
2025-04-23,23,2025-05-16,165.63
2025-04-23,24,2025-05-17,164.85
2025-04-23,25,2025-05-18,163.14
2025-04-23,26,2025-05-19,164.44
2025-04-23,27,2025-05-20,163.32
2025-04-23,28,2025-05-21,161.99
2025-04-23,29,2025-05-22,160.54
2025-04-23,30,2025-05-23,161.32
2025-04-24,1,2025-04-25,173.33
2025-04-24,2,2025-04-26,173.05
2025-04-24,3,2025-04-27,176.71
2025-04-24,4,2025-04-28,174.58
2025-04-24,5,2025-04-29,175.89
2025-04-24,6,2025-04-30,173.38
2025-04-24,7,2025-05-01,175.25
2025-04-24,8,2025-05-02,175.67
2025-04-24,9,2025-05-03,176.89
2025-04-24,10,2025-05-04,175.21
2025-04-24,11,2025-05-05,175.43
2025-04-24,12,2025-05-06,172.27
2025-04-24,13,2025-05-07,166.09
2025-04-24,14,2025-05-08,169.37
2025-04-24,15,2025-05-09,166.44
2025-04-24,16,2025-05-10,166.96
2025-04-24,17,2025-05-11,160.3
2025-04-24,18,2025-05-12,158.1
2025-04-24,19,2025-05-13,159.5
2025-04-24,20,2025-05-14,160.44
2025-04-24,21,2025-05-15,162.56
2025-04-24,22,2025-05-16,165.44
2025-04-24,23,2025-05-17,167.47
2025-04-24,24,2025-05-18,164.7
2025-04-24,25,2025-05-19,164.66
2025-04-24,26,2025-05-20,161.52
2025-04-24,27,2025-05-21,163.5
2025-04-24,28,2025-05-22,164.28
2025-04-24,29,2025-05-23,164.32
2025-04-24,30,2025-05-24,163.34
2025-04-25,1,2025-04-26,165.83
2025-04-25,2,2025-04-27,168.71
2025-04-25,3,2025-04-28,169.05
2025-04-25,4,2025-04-29,172.69
2025-04-25,5,2025-04-30,171.78
2025-04-25,6,2025-05-01,175.72
2025-04-25,7,2025-05-02,175.41
2025-04-25,8,2025-05-03,175.16
2025-04-25,9,2025-05-04,175.89
2025-04-25,10,2025-05-05,176.39
2025-04-25,11,2025-05-06,170.74
2025-04-25,12,2025-05-07,170.16
2025-04-25,13,2025-05-08,167.73
2025-04-25,14,2025-05-09,170.86
2025-04-25,15,2025-05-10,163.84
2025-04-25,16,2025-05-11,163.81
2025-04-25,17,2025-05-12,160.65
2025-04-25,18,2025-05-13,157.84
2025-04-25,19,2025-05-14,159.81
2025-04-25,20,2025-05-15,161.37
2025-04-25,21,2025-05-16,163.65
2025-04-25,22,2025-05-17,164.8
2025-04-25,23,2025-05-18,164.78
2025-04-25,24,2025-05-19,163.83
2025-04-25,25,2025-05-20,163.38
2025-04-25,26,2025-05-21,161.41
2025-04-25,27,2025-05-22,163.66
2025-04-25,28,2025-05-23,163.63
2025-04-25,29,2025-05-24,162.85
2025-04-25,30,2025-05-25,162.65
2025-04-26,1,2025-04-27,156.56
2025-04-26,2,2025-04-28,156.77
2025-04-26,3,2025-04-29,156.34
2025-04-26,4,2025-04-30,160.17
2025-04-26,5,2025-05-01,161.91
2025-04-26,6,2025-05-02,163.36
2025-04-26,7,2025-05-03,165.62
2025-04-26,8,2025-05-04,168.21
2025-04-26,9,2025-05-05,171.4
2025-04-26,10,2025-05-06,172.22
2025-04-26,11,2025-05-07,171.24
2025-04-26,12,2025-05-08,166.15
2025-04-26,13,2025-05-09,165.18
2025-04-26,14,2025-05-10,164.95
2025-04-26,15,2025-05-11,163.88
2025-04-26,16,2025-05-12,161.05
2025-04-26,17,2025-05-13,161.43
2025-04-26,18,2025-05-14,158.58
2025-04-26,19,2025-05-15,160.25
2025-04-26,20,2025-05-16,163.01
2025-04-26,21,2025-05-17,163.3
2025-04-26,22,2025-05-18,165.98
2025-04-26,23,2025-05-19,163.01
2025-04-26,24,2025-05-20,161.59
2025-04-26,25,2025-05-21,160.47
2025-04-26,26,2025-05-22,159.0
2025-04-26,27,2025-05-23,159.19
2025-04-26,28,2025-05-24,158.96
2025-04-26,29,2025-05-25,159.17
2025-04-26,30,2025-05-26,160.56
2025-04-27,1,2025-04-28,150.7
2025-04-27,2,2025-04-29,151.43
2025-04-27,3,2025-04-30,152.91
2025-04-27,4,2025-05-01,153.77
2025-04-27,5,2025-05-02,158.28
2025-04-27,6,2025-05-03,161.38
2025-04-27,7,2025-05-04,162.96
2025-04-27,8,2025-05-05,165.34
2025-04-27,9,2025-05-06,168.97
2025-04-27,10,2025-05-07,167.45
2025-04-27,11,2025-05-08,171.29
2025-04-27,12,2025-05-09,165.58
2025-04-27,13,2025-05-10,163.12
2025-04-27,14,2025-05-11,161.87
2025-04-27,15,2025-05-12,161.69
2025-04-27,16,2025-05-13,163.33
2025-04-27,17,2025-05-14,164.01
2025-04-27,18,2025-05-15,158.61
2025-04-27,19,2025-05-16,159.8
2025-04-27,20,2025-05-17,162.11
2025-04-27,21,2025-05-18,161.43
2025-04-27,22,2025-05-19,162.17
2025-04-27,23,2025-05-20,162.32
2025-04-27,24,2025-05-21,159.18
2025-04-27,25,2025-05-22,156.47
2025-04-27,26,2025-05-23,155.82
2025-04-27,27,2025-05-24,156.65
2025-04-27,28,2025-05-25,159.13
2025-04-27,29,2025-05-26,157.8
2025-04-27,30,2025-05-27,160.92
2025-04-28,1,2025-04-29,151.79
2025-04-28,2,2025-04-30,152.38
2025-04-28,3,2025-05-01,153.43
2025-04-28,4,2025-05-02,155.12
2025-04-28,5,2025-05-03,154.82
2025-04-28,6,2025-05-04,158.62
2025-04-28,7,2025-05-05,164.03
2025-04-28,8,2025-05-06,162.98
2025-04-28,9,2025-05-07,163.23
2025-04-28,10,2025-05-08,164.56
2025-04-28,11,2025-05-09,169.79
2025-04-28,12,2025-05-10,161.89
2025-04-28,13,2025-05-11,162.89
2025-04-28,14,2025-05-12,163.16
2025-04-28,15,2025-05-13,159.5
2025-04-28,16,2025-05-14,163.29
2025-04-28,17,2025-05-15,161.46
2025-04-28,18,2025-05-16,158.46
2025-04-28,19,2025-05-17,160.08
2025-04-28,20,2025-05-18,162.0
2025-04-28,21,2025-05-19,162.37
2025-04-28,22,2025-05-20,160.82
2025-04-28,23,2025-05-21,159.34
2025-04-28,24,2025-05-22,157.06
2025-04-28,25,2025-05-23,154.19
2025-04-28,26,2025-05-24,154.0
2025-04-28,27,2025-05-25,156.45
2025-04-28,28,2025-05-26,157.15
2025-04-28,29,2025-05-27,158.12
2025-04-28,30,2025-05-28,160.89
2025-04-29,1,2025-04-30,151.47
2025-04-29,2,2025-05-01,153.88
2025-04-29,3,2025-05-02,154.91
2025-04-29,4,2025-05-03,162.12
2025-04-29,5,2025-05-04,165.76
2025-04-29,6,2025-05-05,165.23
2025-04-29,7,2025-05-06,166.72
2025-04-29,8,2025-05-07,166.13
2025-04-29,9,2025-05-08,166.63
2025-04-29,10,2025-05-09,163.17
2025-04-29,11,2025-05-10,164.69
2025-04-29,12,2025-05-11,160.83
2025-04-29,13,2025-05-12,157.08
2025-04-29,14,2025-05-13,157.8
2025-04-29,15,2025-05-14,156.24
2025-04-29,16,2025-05-15,160.32
2025-04-29,17,2025-05-16,159.12
2025-04-29,18,2025-05-17,157.68
2025-04-29,19,2025-05-18,160.77
2025-04-29,20,2025-05-19,161.01
2025-04-29,21,2025-05-20,161.16
2025-04-29,22,2025-05-21,158.84
2025-04-29,23,2025-05-22,155.95
2025-04-29,24,2025-05-23,155.7
2025-04-29,25,2025-05-24,153.54
2025-04-29,26,2025-05-25,154.37
2025-04-29,27,2025-05-26,154.51
2025-04-29,28,2025-05-27,155.62
2025-04-29,29,2025-05-28,156.88
2025-04-29,30,2025-05-29,158.02
2025-04-30,1,2025-05-01,153.75
2025-04-30,2,2025-05-02,159.07
2025-04-30,3,2025-05-03,159.96
2025-04-30,4,2025-05-04,167.3
2025-04-30,5,2025-05-05,169.49
2025-04-30,6,2025-05-06,172.31
2025-04-30,7,2025-05-07,171.23
2025-04-30,8,2025-05-08,167.67
2025-04-30,9,2025-05-09,164.06
2025-04-30,10,2025-05-10,160.52
2025-04-30,11,2025-05-11,159.93
2025-04-30,12,2025-05-12,151.79
2025-04-30,13,2025-05-13,153.59
2025-04-30,14,2025-05-14,152.52
2025-04-30,15,2025-05-15,155.98
2025-04-30,16,2025-05-16,156.63
2025-04-30,17,2025-05-17,152.99
2025-04-30,18,2025-05-18,158.26
2025-04-30,19,2025-05-19,158.76
2025-04-30,20,2025-05-20,157.74
2025-04-30,21,2025-05-21,159.78
2025-04-30,22,2025-05-22,155.58
2025-04-30,23,2025-05-23,153.48
2025-04-30,24,2025-05-24,154.51
2025-04-30,25,2025-05-25,153.66
2025-04-30,26,2025-05-26,154.56
2025-04-30,27,2025-05-27,154.99
2025-04-30,28,2025-05-28,154.71
2025-04-30,29,2025-05-29,155.53
2025-04-30,30,2025-05-30,157.48
2025-05-01,1,2025-05-02,155.17
2025-05-01,2,2025-05-03,159.13
2025-05-01,3,2025-05-04,162.83
2025-05-01,4,2025-05-05,166.75
2025-05-01,5,2025-05-06,169.52
2025-05-01,6,2025-05-07,173.43
2025-05-01,7,2025-05-08,170.58
2025-05-01,8,2025-05-09,168.91
2025-05-01,9,2025-05-10,164.52
2025-05-01,10,2025-05-11,157.4
2025-05-01,11,2025-05-12,155.38
2025-05-01,12,2025-05-13,152.7
2025-05-01,13,2025-05-14,151.42
2025-05-01,14,2025-05-15,152.03
2025-05-01,15,2025-05-16,152.92
2025-05-01,16,2025-05-17,154.84
2025-05-01,17,2025-05-18,148.75
2025-05-01,18,2025-05-19,157.06
2025-05-01,19,2025-05-20,158.36
2025-05-01,20,2025-05-21,159.45
2025-05-01,21,2025-05-22,156.18
2025-05-01,22,2025-05-23,154.76
2025-05-01,23,2025-05-24,151.29
2025-05-01,24,2025-05-25,152.9
2025-05-01,25,2025-05-26,152.97
2025-05-01,26,2025-05-27,153.84
2025-05-01,27,2025-05-28,154.51
2025-05-01,28,2025-05-29,152.77
2025-05-01,29,2025-05-30,152.12
2025-05-01,30,2025-05-31,156.23
2025-05-02,1,2025-05-03,150.03
2025-05-02,2,2025-05-04,149.5
2025-05-02,3,2025-05-05,151.75
2025-05-02,4,2025-05-06,152.72
2025-05-02,5,2025-05-07,152.18
2025-05-02,6,2025-05-08,155.37
2025-05-02,7,2025-05-09,157.54
2025-05-02,8,2025-05-10,157.22
2025-05-02,9,2025-05-11,153.59
2025-05-02,10,2025-05-12,153.1
2025-05-02,11,2025-05-13,158.93
2025-05-02,12,2025-05-14,153.28
2025-05-02,13,2025-05-15,152.24
2025-05-02,14,2025-05-16,155.38
2025-05-02,15,2025-05-17,153.22
2025-05-02,16,2025-05-18,153.83
2025-05-02,17,2025-05-19,149.58
2025-05-02,18,2025-05-20,156.68
2025-05-02,19,2025-05-21,157.32
2025-05-02,20,2025-05-22,156.64
2025-05-02,21,2025-05-23,154.47
2025-05-02,22,2025-05-24,153.16
2025-05-02,23,2025-05-25,152.8
2025-05-02,24,2025-05-26,151.51
2025-05-02,25,2025-05-27,153.98
2025-05-02,26,2025-05-28,154.1
2025-05-02,27,2025-05-29,151.69
2025-05-02,28,2025-05-30,151.81
2025-05-02,29,2025-05-31,151.32
2025-05-02,30,2025-06-01,156.65
2025-05-03,1,2025-05-04,153.07
2025-05-03,2,2025-05-05,152.3
2025-05-03,3,2025-05-06,151.46
2025-05-03,4,2025-05-07,153.18
2025-05-03,5,2025-05-08,152.86
2025-05-03,6,2025-05-09,158.06
2025-05-03,7,2025-05-10,158.17
2025-05-03,8,2025-05-11,154.14
2025-05-03,9,2025-05-12,152.71
2025-05-03,10,2025-05-13,154.62
2025-05-03,11,2025-05-14,157.96
2025-05-03,12,2025-05-15,154.0
2025-05-03,13,2025-05-16,155.83
2025-05-03,14,2025-05-17,155.63
2025-05-03,15,2025-05-18,152.13
2025-05-03,16,2025-05-19,152.28
2025-05-03,17,2025-05-20,147.9
2025-05-03,18,2025-05-21,158.01
2025-05-03,19,2025-05-22,155.21
2025-05-03,20,2025-05-23,154.69
2025-05-03,21,2025-05-24,153.15
2025-05-03,22,2025-05-25,152.83
2025-05-03,23,2025-05-26,152.19
2025-05-03,24,2025-05-27,151.67
2025-05-03,25,2025-05-28,150.72
2025-05-03,26,2025-05-29,152.5
2025-05-03,27,2025-05-30,152.12
2025-05-03,28,2025-05-31,152.02
2025-05-03,29,2025-06-01,152.98
2025-05-03,30,2025-06-02,157.27
2025-05-04,1,2025-05-05,159.98
2025-05-04,2,2025-05-06,159.75
2025-05-04,3,2025-05-07,161.24
2025-05-04,4,2025-05-08,162.96
2025-05-04,5,2025-05-09,163.54
2025-05-04,6,2025-05-10,164.87
2025-05-04,7,2025-05-11,159.26
2025-05-04,8,2025-05-12,154.16
2025-05-04,9,2025-05-13,154.24
2025-05-04,10,2025-05-14,154.36
2025-05-04,11,2025-05-15,156.82
2025-05-04,12,2025-05-16,151.08
2025-05-04,13,2025-05-17,154.74
2025-05-04,14,2025-05-18,152.98
2025-05-04,15,2025-05-19,151.62
2025-05-04,16,2025-05-20,149.5
2025-05-04,17,2025-05-21,146.56
2025-05-04,18,2025-05-22,154.66
2025-05-04,19,2025-05-23,154.85
2025-05-04,20,2025-05-24,153.26
2025-05-04,21,2025-05-25,152.25
2025-05-04,22,2025-05-26,153.91
2025-05-04,23,2025-05-27,153.75
2025-05-04,24,2025-05-28,153.04
2025-05-04,25,2025-05-29,152.61
2025-05-04,26,2025-05-30,155.55
2025-05-04,27,2025-05-31,156.73
2025-05-04,28,2025-06-01,157.17
2025-05-04,29,2025-06-02,155.1
2025-05-04,30,2025-06-03,157.64
2025-05-05,1,2025-05-06,161.79
2025-05-05,2,2025-05-07,165.53
2025-05-05,3,2025-05-08,165.11
2025-05-05,4,2025-05-09,162.81
2025-05-05,5,2025-05-10,161.85
2025-05-05,6,2025-05-11,164.61
2025-05-05,7,2025-05-12,157.83
2025-05-05,8,2025-05-13,160.4
2025-05-05,9,2025-05-14,161.0
2025-05-05,10,2025-05-15,159.3
2025-05-05,11,2025-05-16,159.01
2025-05-05,12,2025-05-17,153.78
2025-05-05,13,2025-05-18,155.47
2025-05-05,14,2025-05-19,153.59
2025-05-05,15,2025-05-20,151.36
2025-05-05,16,2025-05-21,150.06
2025-05-05,17,2025-05-22,146.62
2025-05-05,18,2025-05-23,152.29
2025-05-05,19,2025-05-24,150.59
2025-05-05,20,2025-05-25,152.53
2025-05-05,21,2025-05-26,151.45
2025-05-05,22,2025-05-27,152.67
2025-05-05,23,2025-05-28,152.85
2025-05-05,24,2025-05-29,152.46
2025-05-05,25,2025-05-30,155.04
2025-05-05,26,2025-05-31,157.07
2025-05-05,27,2025-06-01,158.62
2025-05-05,28,2025-06-02,159.32
2025-05-05,29,2025-06-03,158.17
2025-05-05,30,2025-06-04,159.25
2025-05-06,1,2025-05-07,155.52
2025-05-06,2,2025-05-08,161.13
2025-05-06,3,2025-05-09,158.92
2025-05-06,4,2025-05-10,156.07
2025-05-06,5,2025-05-11,155.53
2025-05-06,6,2025-05-12,158.38
2025-05-06,7,2025-05-13,155.68
2025-05-06,8,2025-05-14,155.58
2025-05-06,9,2025-05-15,154.9
2025-05-06,10,2025-05-16,153.36
2025-05-06,11,2025-05-17,151.36
2025-05-06,12,2025-05-18,150.73
2025-05-06,13,2025-05-19,148.75
2025-05-06,14,2025-05-20,147.2
2025-05-06,15,2025-05-21,145.45
2025-05-06,16,2025-05-22,144.59
2025-05-06,17,2025-05-23,143.3
2025-05-06,18,2025-05-24,152.67
2025-05-06,19,2025-05-25,150.04
2025-05-06,20,2025-05-26,152.89
2025-05-06,21,2025-05-27,153.35
2025-05-06,22,2025-05-28,152.71
2025-05-06,23,2025-05-29,152.92
2025-05-06,24,2025-05-30,153.7
2025-05-06,25,2025-05-31,154.83
2025-05-06,26,2025-06-01,156.97
2025-05-06,27,2025-06-02,156.9
2025-05-06,28,2025-06-03,156.82
2025-05-06,29,2025-06-04,155.05
2025-05-06,30,2025-06-05,157.59
2025-05-07,1,2025-05-08,148.82
2025-05-07,2,2025-05-09,149.88
2025-05-07,3,2025-05-10,143.91
2025-05-07,4,2025-05-11,143.74
2025-05-07,5,2025-05-12,143.35
2025-05-07,6,2025-05-13,148.19
2025-05-07,7,2025-05-14,151.7
2025-05-07,8,2025-05-15,151.88
2025-05-07,9,2025-05-16,155.21
2025-05-07,10,2025-05-17,155.1
2025-05-07,11,2025-05-18,153.28
2025-05-07,12,2025-05-19,149.18
2025-05-07,13,2025-05-20,148.59
2025-05-07,14,2025-05-21,151.72
2025-05-07,15,2025-05-22,147.02
2025-05-07,16,2025-05-23,144.3
2025-05-07,17,2025-05-24,143.43
2025-05-07,18,2025-05-25,151.12
2025-05-07,19,2025-05-26,151.29
2025-05-07,20,2025-05-27,153.85
2025-05-07,21,2025-05-28,153.95
2025-05-07,22,2025-05-29,151.93
2025-05-07,23,2025-05-30,153.66
2025-05-07,24,2025-05-31,155.79
2025-05-07,25,2025-06-01,155.43
2025-05-07,26,2025-06-02,156.15
2025-05-07,27,2025-06-03,156.48
2025-05-07,28,2025-06-04,155.12
2025-05-07,29,2025-06-05,156.09
2025-05-07,30,2025-06-06,156.58
2025-05-08,1,2025-05-09,144.47
2025-05-08,2,2025-05-10,138.35
2025-05-08,3,2025-05-11,136.85
2025-05-08,4,2025-05-12,138.52
2025-05-08,5,2025-05-13,140.59
2025-05-08,6,2025-05-14,148.02
2025-05-08,7,2025-05-15,150.05
2025-05-08,8,2025-05-16,152.75
2025-05-08,9,2025-05-17,153.03
2025-05-08,10,2025-05-18,154.66
2025-05-08,11,2025-05-19,151.95
2025-05-08,12,2025-05-20,151.68
2025-05-08,13,2025-05-21,154.41
2025-05-08,14,2025-05-22,151.26
2025-05-08,15,2025-05-23,145.25
2025-05-08,16,2025-05-24,145.84
2025-05-08,17,2025-05-25,151.63
2025-05-08,18,2025-05-26,152.7
2025-05-08,19,2025-05-27,153.65
2025-05-08,20,2025-05-28,154.62
2025-05-08,21,2025-05-29,153.92
2025-05-08,22,2025-05-30,152.5
2025-05-08,23,2025-05-31,154.07
2025-05-08,24,2025-06-01,156.17
2025-05-08,25,2025-06-02,154.71
2025-05-08,26,2025-06-03,153.44
2025-05-08,27,2025-06-04,155.75
2025-05-08,28,2025-06-05,155.12
2025-05-08,29,2025-06-06,153.03
2025-05-08,30,2025-06-07,153.89
2025-05-09,1,2025-05-10,130.7
2025-05-09,2,2025-05-11,126.0
2025-05-09,3,2025-05-12,126.18
2025-05-09,4,2025-05-13,129.72
2025-05-09,5,2025-05-14,136.37
2025-05-09,6,2025-05-15,142.56
2025-05-09,7,2025-05-16,143.91
2025-05-09,8,2025-05-17,148.12
2025-05-09,9,2025-05-18,155.23
2025-05-09,10,2025-05-19,153.44
2025-05-09,11,2025-05-20,149.4
2025-05-09,12,2025-05-21,151.08
2025-05-09,13,2025-05-22,151.74
2025-05-09,14,2025-05-23,150.76
2025-05-09,15,2025-05-24,147.31
2025-05-09,16,2025-05-25,150.4
2025-05-09,17,2025-05-26,155.51
2025-05-09,18,2025-05-27,152.83
2025-05-09,19,2025-05-28,152.88
2025-05-09,20,2025-05-29,153.64
2025-05-09,21,2025-05-30,153.27
2025-05-09,22,2025-05-31,152.1
2025-05-09,23,2025-06-01,153.19
2025-05-09,24,2025-06-02,154.68
2025-05-09,25,2025-06-03,152.57
2025-05-09,26,2025-06-04,152.61
2025-05-09,27,2025-06-05,150.32
2025-05-09,28,2025-06-06,150.61
2025-05-09,29,2025-06-07,149.9
2025-05-09,30,2025-06-08,152.08
2025-05-10,1,2025-05-11,123.68
2025-05-10,2,2025-05-12,126.02
2025-05-10,3,2025-05-13,128.55
2025-05-10,4,2025-05-14,131.36
2025-05-10,5,2025-05-15,132.46
2025-05-10,6,2025-05-16,136.07
2025-05-10,7,2025-05-17,139.48
2025-05-10,8,2025-05-18,144.23
2025-05-10,9,2025-05-19,146.78
2025-05-10,10,2025-05-20,145.5
2025-05-10,11,2025-05-21,145.82
2025-05-10,12,2025-05-22,146.47
2025-05-10,13,2025-05-23,146.88
2025-05-10,14,2025-05-24,146.03
2025-05-10,15,2025-05-25,146.61
2025-05-10,16,2025-05-26,151.11
2025-05-10,17,2025-05-27,157.36
2025-05-10,18,2025-05-28,152.96
2025-05-10,19,2025-05-29,151.75
2025-05-10,20,2025-05-30,152.94
2025-05-10,21,2025-05-31,153.68
2025-05-10,22,2025-06-01,153.44
2025-05-10,23,2025-06-02,152.52
2025-05-10,24,2025-06-03,151.47
2025-05-10,25,2025-06-04,151.25
2025-05-10,26,2025-06-05,149.05
2025-05-10,27,2025-06-06,148.57
2025-05-10,28,2025-06-07,148.36
2025-05-10,29,2025-06-08,149.16
2025-05-10,30,2025-06-09,152.13
2025-05-11,1,2025-05-12,120.81
2025-05-11,2,2025-05-13,125.12
2025-05-11,3,2025-05-14,128.29
2025-05-11,4,2025-05-15,131.25
2025-05-11,5,2025-05-16,137.25
2025-05-11,6,2025-05-17,138.73
2025-05-11,7,2025-05-18,145.83
2025-05-11,8,2025-05-19,146.44
2025-05-11,9,2025-05-20,145.59
2025-05-11,10,2025-05-21,148.12
2025-05-11,11,2025-05-22,144.16
2025-05-11,12,2025-05-23,148.42
2025-05-11,13,2025-05-24,147.7
2025-05-11,14,2025-05-25,150.6
2025-05-11,15,2025-05-26,152.86
2025-05-11,16,2025-05-27,156.94
2025-05-11,17,2025-05-28,160.48
2025-05-11,18,2025-05-29,152.3
2025-05-11,19,2025-05-30,151.37
2025-05-11,20,2025-05-31,151.32
2025-05-11,21,2025-06-01,151.24
2025-05-11,22,2025-06-02,150.22
2025-05-11,23,2025-06-03,150.74
2025-05-11,24,2025-06-04,149.55
2025-05-11,25,2025-06-05,147.74
2025-05-11,26,2025-06-06,147.21
2025-05-11,27,2025-06-07,148.25
2025-05-11,28,2025-06-08,146.59
2025-05-11,29,2025-06-09,148.14
2025-05-11,30,2025-06-10,150.86
2025-05-12,1,2025-05-13,117.12
2025-05-12,2,2025-05-14,122.58
2025-05-12,3,2025-05-15,126.79
2025-05-12,4,2025-05-16,134.04
2025-05-12,5,2025-05-17,137.17
2025-05-12,6,2025-05-18,141.83
2025-05-12,7,2025-05-19,147.22
2025-05-12,8,2025-05-20,148.82
2025-05-12,9,2025-05-21,148.78
2025-05-12,10,2025-05-22,151.35
2025-05-12,11,2025-05-23,149.32
2025-05-12,12,2025-05-24,150.96
2025-05-12,13,2025-05-25,155.73
2025-05-12,14,2025-05-26,156.75
2025-05-12,15,2025-05-27,158.56
2025-05-12,16,2025-05-28,159.78
2025-05-12,17,2025-05-29,157.59
2025-05-12,18,2025-05-30,151.53
2025-05-12,19,2025-05-31,150.56
2025-05-12,20,2025-06-01,149.96
2025-05-12,21,2025-06-02,150.49
2025-05-12,22,2025-06-03,148.38
2025-05-12,23,2025-06-04,148.18
2025-05-12,24,2025-06-05,145.78
2025-05-12,25,2025-06-06,145.14
2025-05-12,26,2025-06-07,143.76
2025-05-12,27,2025-06-08,142.6
2025-05-12,28,2025-06-09,143.38
2025-05-12,29,2025-06-10,145.09
2025-05-12,30,2025-06-11,148.91
2025-05-13,1,2025-05-14,119.15
2025-05-13,2,2025-05-15,122.95
2025-05-13,3,2025-05-16,128.08
2025-05-13,4,2025-05-17,132.72
2025-05-13,5,2025-05-18,139.63
2025-05-13,6,2025-05-19,139.95
2025-05-13,7,2025-05-20,144.42
2025-05-13,8,2025-05-21,147.87
2025-05-13,9,2025-05-22,151.69
2025-05-13,10,2025-05-23,151.43
2025-05-13,11,2025-05-24,148.4
2025-05-13,12,2025-05-25,151.21
2025-05-13,13,2025-05-26,155.66
2025-05-13,14,2025-05-27,154.53
2025-05-13,15,2025-05-28,154.16
2025-05-13,16,2025-05-29,155.77
2025-05-13,17,2025-05-30,153.02
2025-05-13,18,2025-05-31,151.39
2025-05-13,19,2025-06-01,149.6
2025-05-13,20,2025-06-02,148.11
2025-05-13,21,2025-06-03,148.39
2025-05-13,22,2025-06-04,146.86
2025-05-13,23,2025-06-05,145.78
2025-05-13,24,2025-06-06,143.45
2025-05-13,25,2025-06-07,143.09
2025-05-13,26,2025-06-08,141.75
2025-05-13,27,2025-06-09,141.56
2025-05-13,28,2025-06-10,142.55
2025-05-13,29,2025-06-11,143.69
2025-05-13,30,2025-06-12,147.79
2025-05-14,1,2025-05-15,120.71
2025-05-14,2,2025-05-16,123.46
2025-05-14,3,2025-05-17,129.46
2025-05-14,4,2025-05-18,136.83
2025-05-14,5,2025-05-19,141.56
2025-05-14,6,2025-05-20,143.97
2025-05-14,7,2025-05-21,146.32
2025-05-14,8,2025-05-22,153.55
2025-05-14,9,2025-05-23,154.8
2025-05-14,10,2025-05-24,150.73
2025-05-14,11,2025-05-25,153.67
2025-05-14,12,2025-05-26,153.33
2025-05-14,13,2025-05-27,156.99
2025-05-14,14,2025-05-28,153.45
2025-05-14,15,2025-05-29,149.77
2025-05-14,16,2025-05-30,152.6
2025-05-14,17,2025-05-31,150.1
2025-05-14,18,2025-06-01,148.2
2025-05-14,19,2025-06-02,147.52
2025-05-14,20,2025-06-03,146.56
2025-05-14,21,2025-06-04,146.87
2025-05-14,22,2025-06-05,144.92
2025-05-14,23,2025-06-06,142.43
2025-05-14,24,2025-06-07,142.02
2025-05-14,25,2025-06-08,141.65
2025-05-14,26,2025-06-09,143.21
2025-05-14,27,2025-06-10,145.05
2025-05-14,28,2025-06-11,145.52
2025-05-14,29,2025-06-12,144.53
2025-05-14,30,2025-06-13,149.1
2025-05-15,1,2025-05-16,121.12
2025-05-15,2,2025-05-17,125.35
2025-05-15,3,2025-05-18,131.25
2025-05-15,4,2025-05-19,135.89
2025-05-15,5,2025-05-20,140.23
2025-05-15,6,2025-05-21,141.75
2025-05-15,7,2025-05-22,143.52
2025-05-15,8,2025-05-23,149.92
2025-05-15,9,2025-05-24,151.78
2025-05-15,10,2025-05-25,150.18
2025-05-15,11,2025-05-26,152.49
2025-05-15,12,2025-05-27,152.69
2025-05-15,13,2025-05-28,154.59
2025-05-15,14,2025-05-29,151.65
2025-05-15,15,2025-05-30,148.84
2025-05-15,16,2025-05-31,148.32
2025-05-15,17,2025-06-01,143.85
2025-05-15,18,2025-06-02,146.1
2025-05-15,19,2025-06-03,145.38
2025-05-15,20,2025-06-04,143.81
2025-05-15,21,2025-06-05,142.68
2025-05-15,22,2025-06-06,142.19
2025-05-15,23,2025-06-07,140.72
2025-05-15,24,2025-06-08,141.18
2025-05-15,25,2025-06-09,141.15
2025-05-15,26,2025-06-10,141.66
2025-05-15,27,2025-06-11,140.01
2025-05-15,28,2025-06-12,141.32
2025-05-15,29,2025-06-13,143.75
2025-05-15,30,2025-06-14,146.8
2025-05-16,1,2025-05-17,119.55
2025-05-16,2,2025-05-18,123.18
2025-05-16,3,2025-05-19,127.75
2025-05-16,4,2025-05-20,131.53
2025-05-16,5,2025-05-21,135.06
2025-05-16,6,2025-05-22,139.67
2025-05-16,7,2025-05-23,142.79
2025-05-16,8,2025-05-24,148.97
2025-05-16,9,2025-05-25,149.81
2025-05-16,10,2025-05-26,151.66
2025-05-16,11,2025-05-27,152.79
2025-05-16,12,2025-05-28,154.34
2025-05-16,13,2025-05-29,153.6
2025-05-16,14,2025-05-30,151.26
2025-05-16,15,2025-05-31,147.62
2025-05-16,16,2025-06-01,145.67
2025-05-16,17,2025-06-02,141.11
2025-05-16,18,2025-06-03,144.33
2025-05-16,19,2025-06-04,143.18
2025-05-16,20,2025-06-05,141.61
2025-05-16,21,2025-06-06,141.14
2025-05-16,22,2025-06-07,140.75
2025-05-16,23,2025-06-08,139.81
2025-05-16,24,2025-06-09,139.65
2025-05-16,25,2025-06-10,140.34
2025-05-16,26,2025-06-11,138.8
2025-05-16,27,2025-06-12,138.81
2025-05-16,28,2025-06-13,140.51
2025-05-16,29,2025-06-14,142.17
2025-05-16,30,2025-06-15,145.89
2025-05-17,1,2025-05-18,121.17
2025-05-17,2,2025-05-19,124.56
2025-05-17,3,2025-05-20,127.17
2025-05-17,4,2025-05-21,133.06
2025-05-17,5,2025-05-22,134.07
2025-05-17,6,2025-05-23,137.76
2025-05-17,7,2025-05-24,143.02
2025-05-17,8,2025-05-25,146.7
2025-05-17,9,2025-05-26,150.51
2025-05-17,10,2025-05-27,152.84
2025-05-17,11,2025-05-28,152.78
2025-05-17,12,2025-05-29,148.29
2025-05-17,13,2025-05-30,150.53
2025-05-17,14,2025-05-31,145.71
2025-05-17,15,2025-06-01,145.32
2025-05-17,16,2025-06-02,138.59
2025-05-17,17,2025-06-03,133.84
2025-05-17,18,2025-06-04,142.46
2025-05-17,19,2025-06-05,139.76
2025-05-17,20,2025-06-06,139.44
2025-05-17,21,2025-06-07,139.22
2025-05-17,22,2025-06-08,138.93
2025-05-17,23,2025-06-09,139.19
2025-05-17,24,2025-06-10,138.65
2025-05-17,25,2025-06-11,139.35
2025-05-17,26,2025-06-12,137.83
2025-05-17,27,2025-06-13,137.99
2025-05-17,28,2025-06-14,139.54
2025-05-17,29,2025-06-15,141.02
2025-05-17,30,2025-06-16,145.61
2025-05-18,1,2025-05-19,122.35
2025-05-18,2,2025-05-20,125.66
2025-05-18,3,2025-05-21,127.9
2025-05-18,4,2025-05-22,130.13
2025-05-18,5,2025-05-23,134.75
2025-05-18,6,2025-05-24,136.69
2025-05-18,7,2025-05-25,144.96
2025-05-18,8,2025-05-26,149.43
2025-05-18,9,2025-05-27,154.28
2025-05-18,10,2025-05-28,157.86
2025-05-18,11,2025-05-29,154.52
2025-05-18,12,2025-05-30,149.41
2025-05-18,13,2025-05-31,148.31
2025-05-18,14,2025-06-01,142.36
2025-05-18,15,2025-06-02,139.89
2025-05-18,16,2025-06-03,134.34
2025-05-18,17,2025-06-04,131.56
2025-05-18,18,2025-06-05,139.95
2025-05-18,19,2025-06-06,138.03
2025-05-18,20,2025-06-07,137.13
2025-05-18,21,2025-06-08,137.66
2025-05-18,22,2025-06-09,138.85
2025-05-18,23,2025-06-10,139.59
2025-05-18,24,2025-06-11,138.13
2025-05-18,25,2025-06-12,137.8
2025-05-18,26,2025-06-13,138.14
2025-05-18,27,2025-06-14,137.34
2025-05-18,28,2025-06-15,140.35
2025-05-18,29,2025-06-16,140.12
2025-05-18,30,2025-06-17,146.15
2025-05-19,1,2025-05-20,122.65
2025-05-19,2,2025-05-21,126.0
2025-05-19,3,2025-05-22,126.51
2025-05-19,4,2025-05-23,132.08
2025-05-19,5,2025-05-24,135.54
2025-05-19,6,2025-05-25,140.04
2025-05-19,7,2025-05-26,147.38
2025-05-19,8,2025-05-27,151.4
2025-05-19,9,2025-05-28,153.65
2025-05-19,10,2025-05-29,156.49
2025-05-19,11,2025-05-30,155.64
2025-05-19,12,2025-05-31,147.31
2025-05-19,13,2025-06-01,142.54
2025-05-19,14,2025-06-02,138.54
2025-05-19,15,2025-06-03,140.27
2025-05-19,16,2025-06-04,136.84
2025-05-19,17,2025-06-05,132.97
2025-05-19,18,2025-06-06,137.08
2025-05-19,19,2025-06-07,136.53
2025-05-19,20,2025-06-08,136.64
2025-05-19,21,2025-06-09,137.03
2025-05-19,22,2025-06-10,138.66
2025-05-19,23,2025-06-11,138.45
2025-05-19,24,2025-06-12,137.48
2025-05-19,25,2025-06-13,137.85
2025-05-19,26,2025-06-14,136.76
2025-05-19,27,2025-06-15,136.88
2025-05-19,28,2025-06-16,140.19
2025-05-19,29,2025-06-17,141.28
2025-05-19,30,2025-06-18,145.76
2025-05-20,1,2025-05-21,123.3
2025-05-20,2,2025-05-22,125.52
2025-05-20,3,2025-05-23,128.22
2025-05-20,4,2025-05-24,132.49
2025-05-20,5,2025-05-25,137.08
2025-05-20,6,2025-05-26,143.0
2025-05-20,7,2025-05-27,150.52
2025-05-20,8,2025-05-28,155.57
2025-05-20,9,2025-05-29,153.53
2025-05-20,10,2025-05-30,155.55
2025-05-20,11,2025-05-31,153.53
2025-05-20,12,2025-06-01,141.59
2025-05-20,13,2025-06-02,138.77
2025-05-20,14,2025-06-03,138.36
2025-05-20,15,2025-06-04,140.7
2025-05-20,16,2025-06-05,135.86
2025-05-20,17,2025-06-06,130.21
2025-05-20,18,2025-06-07,135.15
2025-05-20,19,2025-06-08,136.47
2025-05-20,20,2025-06-09,136.96
2025-05-20,21,2025-06-10,137.3
2025-05-20,22,2025-06-11,137.67
2025-05-20,23,2025-06-12,137.85
2025-05-20,24,2025-06-13,138.85
2025-05-20,25,2025-06-14,138.33
2025-05-20,26,2025-06-15,139.72
2025-05-20,27,2025-06-16,139.81
2025-05-20,28,2025-06-17,144.45
2025-05-20,29,2025-06-18,144.89
2025-05-20,30,2025-06-19,146.74
2025-05-21,1,2025-05-22,124.88
2025-05-21,2,2025-05-23,127.26
2025-05-21,3,2025-05-24,130.11
2025-05-21,4,2025-05-25,136.85
2025-05-21,5,2025-05-26,140.14
2025-05-21,6,2025-05-27,145.24
2025-05-21,7,2025-05-28,150.08
2025-05-21,8,2025-05-29,149.77
2025-05-21,9,2025-05-30,149.5
2025-05-21,10,2025-05-31,148.55
2025-05-21,11,2025-06-01,145.96
2025-05-21,12,2025-06-02,139.49
2025-05-21,13,2025-06-03,136.49
2025-05-21,14,2025-06-04,137.8
2025-05-21,15,2025-06-05,136.42
2025-05-21,16,2025-06-06,133.68
2025-05-21,17,2025-06-07,127.82
2025-05-21,18,2025-06-08,133.92
2025-05-21,19,2025-06-09,136.5
2025-05-21,20,2025-06-10,136.42
2025-05-21,21,2025-06-11,136.23
2025-05-21,22,2025-06-12,137.29
2025-05-21,23,2025-06-13,138.38
2025-05-21,24,2025-06-14,138.42
2025-05-21,25,2025-06-15,140.0
2025-05-21,26,2025-06-16,140.61
2025-05-21,27,2025-06-17,141.37
2025-05-21,28,2025-06-18,144.21
2025-05-21,29,2025-06-19,147.78
2025-05-21,30,2025-06-20,147.42
2025-05-22,1,2025-05-23,125.62
2025-05-22,2,2025-05-24,131.14
2025-05-22,3,2025-05-25,135.02
2025-05-22,4,2025-05-26,141.16
2025-05-22,5,2025-05-27,143.06
2025-05-22,6,2025-05-28,144.8
2025-05-22,7,2025-05-29,146.29
2025-05-22,8,2025-05-30,149.03
2025-05-22,9,2025-05-31,148.0
2025-05-22,10,2025-06-01,143.48
2025-05-22,11,2025-06-02,138.23
2025-05-22,12,2025-06-03,137.48
2025-05-22,13,2025-06-04,138.74
2025-05-22,14,2025-06-05,135.45
2025-05-22,15,2025-06-06,134.49
2025-05-22,16,2025-06-07,129.25
2025-05-22,17,2025-06-08,127.34
2025-05-22,18,2025-06-09,133.67
2025-05-22,19,2025-06-10,135.65
2025-05-22,20,2025-06-11,135.41
2025-05-22,21,2025-06-12,136.32
2025-05-22,22,2025-06-13,138.4
2025-05-22,23,2025-06-14,138.94
2025-05-22,24,2025-06-15,140.03
2025-05-22,25,2025-06-16,141.15
2025-05-22,26,2025-06-17,142.63
2025-05-22,27,2025-06-18,141.56
2025-05-22,28,2025-06-19,143.76
2025-05-22,29,2025-06-20,148.49
2025-05-22,30,2025-06-21,147.52
2025-05-23,1,2025-05-24,127.46
2025-05-23,2,2025-05-25,134.11
2025-05-23,3,2025-05-26,137.92
2025-05-23,4,2025-05-27,140.25
2025-05-23,5,2025-05-28,143.37
2025-05-23,6,2025-05-29,141.09
2025-05-23,7,2025-05-30,143.74
2025-05-23,8,2025-05-31,144.45
2025-05-23,9,2025-06-01,141.19
2025-05-23,10,2025-06-02,138.49
2025-05-23,11,2025-06-03,135.92
2025-05-23,12,2025-06-04,138.51
2025-05-23,13,2025-06-05,136.35
2025-05-23,14,2025-06-06,135.54
2025-05-23,15,2025-06-07,130.41
2025-05-23,16,2025-06-08,127.48
2025-05-23,17,2025-06-09,123.03
2025-05-23,18,2025-06-10,134.19
2025-05-23,19,2025-06-11,136.07
2025-05-23,20,2025-06-12,135.17
2025-05-23,21,2025-06-13,137.18
2025-05-23,22,2025-06-14,138.43
2025-05-23,23,2025-06-15,140.33
2025-05-23,24,2025-06-16,140.8
2025-05-23,25,2025-06-17,141.44
2025-05-23,26,2025-06-18,143.85
2025-05-23,27,2025-06-19,144.45
2025-05-23,28,2025-06-20,147.9
2025-05-23,29,2025-06-21,148.95
2025-05-23,30,2025-06-22,149.4
2025-05-24,1,2025-05-25,129.25
2025-05-24,2,2025-05-26,135.77
2025-05-24,3,2025-05-27,138.98
2025-05-24,4,2025-05-28,141.46
2025-05-24,5,2025-05-29,142.99
2025-05-24,6,2025-05-30,143.43
2025-05-24,7,2025-05-31,143.96
2025-05-24,8,2025-06-01,143.55
2025-05-24,9,2025-06-02,138.76
2025-05-24,10,2025-06-03,138.71
2025-05-24,11,2025-06-04,137.96
2025-05-24,12,2025-06-05,135.54
2025-05-24,13,2025-06-06,137.15
2025-05-24,14,2025-06-07,134.46
2025-05-24,15,2025-06-08,128.11
2025-05-24,16,2025-06-09,127.61
2025-05-24,17,2025-06-10,124.62
2025-05-24,18,2025-06-11,133.3
2025-05-24,19,2025-06-12,135.12
2025-05-24,20,2025-06-13,135.61
2025-05-24,21,2025-06-14,137.14
2025-05-24,22,2025-06-15,139.16
2025-05-24,23,2025-06-16,141.71
2025-05-24,24,2025-06-17,143.27
2025-05-24,25,2025-06-18,143.69
2025-05-24,26,2025-06-19,146.11
2025-05-24,27,2025-06-20,146.65
2025-05-24,28,2025-06-21,149.81
2025-05-24,29,2025-06-22,147.88
2025-05-24,30,2025-06-23,149.42
2025-05-25,1,2025-05-26,133.78
2025-05-25,2,2025-05-27,139.11
2025-05-25,3,2025-05-28,137.49
2025-05-25,4,2025-05-29,139.43
2025-05-25,5,2025-05-30,141.56
2025-05-25,6,2025-05-31,139.44
2025-05-25,7,2025-06-01,137.07
2025-05-25,8,2025-06-02,136.57
2025-05-25,9,2025-06-03,137.44
2025-05-25,10,2025-06-04,134.5
2025-05-25,11,2025-06-05,133.93
2025-05-25,12,2025-06-06,131.07
2025-05-25,13,2025-06-07,132.52
2025-05-25,14,2025-06-08,126.79
2025-05-25,15,2025-06-09,125.24
2025-05-25,16,2025-06-10,126.85
2025-05-25,17,2025-06-11,123.71
2025-05-25,18,2025-06-12,134.19
2025-05-25,19,2025-06-13,135.34
2025-05-25,20,2025-06-14,138.47
2025-05-25,21,2025-06-15,138.75
2025-05-25,22,2025-06-16,140.59
2025-05-25,23,2025-06-17,142.75
2025-05-25,24,2025-06-18,143.28
2025-05-25,25,2025-06-19,145.81
2025-05-25,26,2025-06-20,147.14
2025-05-25,27,2025-06-21,147.26
2025-05-25,28,2025-06-22,149.24
2025-05-25,29,2025-06-23,146.46
2025-05-25,30,2025-06-24,148.25
2025-05-26,1,2025-05-27,135.33
2025-05-26,2,2025-05-28,138.98
2025-05-26,3,2025-05-29,138.51
2025-05-26,4,2025-05-30,139.52
2025-05-26,5,2025-05-31,142.2
2025-05-26,6,2025-06-01,138.24
2025-05-26,7,2025-06-02,138.14
2025-05-26,8,2025-06-03,134.9
2025-05-26,9,2025-06-04,136.38
2025-05-26,10,2025-06-05,133.91
2025-05-26,11,2025-06-06,129.91
2025-05-26,12,2025-06-07,127.86
2025-05-26,13,2025-06-08,125.98
2025-05-26,14,2025-06-09,123.91
2025-05-26,15,2025-06-10,124.26
2025-05-26,16,2025-06-11,125.05
2025-05-26,17,2025-06-12,123.18
2025-05-26,18,2025-06-13,134.77
2025-05-26,19,2025-06-14,136.18
2025-05-26,20,2025-06-15,140.09
2025-05-26,21,2025-06-16,139.32
2025-05-26,22,2025-06-17,142.48
2025-05-26,23,2025-06-18,143.85
2025-05-26,24,2025-06-19,145.39
2025-05-26,25,2025-06-20,147.59
2025-05-26,26,2025-06-21,148.57
2025-05-26,27,2025-06-22,147.75
2025-05-26,28,2025-06-23,148.62
2025-05-26,29,2025-06-24,146.57
2025-05-26,30,2025-06-25,148.7
2025-05-27,1,2025-05-28,139.31
2025-05-27,2,2025-05-29,140.0
2025-05-27,3,2025-05-30,141.23
2025-05-27,4,2025-05-31,139.9
2025-05-27,5,2025-06-01,144.23
2025-05-27,6,2025-06-02,140.76
2025-05-27,7,2025-06-03,141.64
2025-05-27,8,2025-06-04,137.72
2025-05-27,9,2025-06-05,137.18
2025-05-27,10,2025-06-06,132.73
2025-05-27,11,2025-06-07,127.26
2025-05-27,12,2025-06-08,126.17
2025-05-27,13,2025-06-09,125.89
2025-05-27,14,2025-06-10,126.86
2025-05-27,15,2025-06-11,128.99
2025-05-27,16,2025-06-12,128.69
2025-05-27,17,2025-06-13,127.71
2025-05-27,18,2025-06-14,135.38
2025-05-27,19,2025-06-15,136.84
2025-05-27,20,2025-06-16,141.08
2025-05-27,21,2025-06-17,140.41
2025-05-27,22,2025-06-18,143.62
2025-05-27,23,2025-06-19,144.66
2025-05-27,24,2025-06-20,147.11
2025-05-27,25,2025-06-21,149.45
2025-05-27,26,2025-06-22,149.14
2025-05-27,27,2025-06-23,147.25
2025-05-27,28,2025-06-24,148.67
2025-05-27,29,2025-06-25,146.8
2025-05-27,30,2025-06-26,148.41
2025-05-28,1,2025-05-29,143.1
2025-05-28,2,2025-05-30,147.74
2025-05-28,3,2025-05-31,148.27
2025-05-28,4,2025-06-01,144.15
2025-05-28,5,2025-06-02,146.19
2025-05-28,6,2025-06-03,145.77
2025-05-28,7,2025-06-04,143.39
2025-05-28,8,2025-06-05,141.0
2025-05-28,9,2025-06-06,138.24
2025-05-28,10,2025-06-07,134.53
2025-05-28,11,2025-06-08,129.12
2025-05-28,12,2025-06-09,126.75
2025-05-28,13,2025-06-10,131.55
2025-05-28,14,2025-06-11,129.54
2025-05-28,15,2025-06-12,128.35
2025-05-28,16,2025-06-13,129.33
2025-05-28,17,2025-06-14,133.65
2025-05-28,18,2025-06-15,137.11
2025-05-28,19,2025-06-16,139.9
2025-05-28,20,2025-06-17,143.22
2025-05-28,21,2025-06-18,142.55
2025-05-28,22,2025-06-19,144.83
2025-05-28,23,2025-06-20,147.07
2025-05-28,24,2025-06-21,148.21
2025-05-28,25,2025-06-22,150.4
2025-05-28,26,2025-06-23,150.56
2025-05-28,27,2025-06-24,148.99
2025-05-28,28,2025-06-25,148.67
2025-05-28,29,2025-06-26,148.07
2025-05-28,30,2025-06-27,147.91
2025-05-29,1,2025-05-30,143.04
2025-05-29,2,2025-05-31,142.59
2025-05-29,3,2025-06-01,139.1
2025-05-29,4,2025-06-02,136.05
2025-05-29,5,2025-06-03,134.84
2025-05-29,6,2025-06-04,135.84
2025-05-29,7,2025-06-05,131.61
2025-05-29,8,2025-06-06,130.28
2025-05-29,9,2025-06-07,130.59
2025-05-29,10,2025-06-08,124.21
2025-05-29,11,2025-06-09,124.53
2025-05-29,12,2025-06-10,122.88
2025-05-29,13,2025-06-11,127.08
2025-05-29,14,2025-06-12,125.34
2025-05-29,15,2025-06-13,124.68
2025-05-29,16,2025-06-14,128.96
2025-05-29,17,2025-06-15,133.49
2025-05-29,18,2025-06-16,138.37
2025-05-29,19,2025-06-17,141.44
2025-05-29,20,2025-06-18,144.21
2025-05-29,21,2025-06-19,143.93
2025-05-29,22,2025-06-20,147.75
2025-05-29,23,2025-06-21,148.49
2025-05-29,24,2025-06-22,149.78
2025-05-29,25,2025-06-23,150.31
2025-05-29,26,2025-06-24,150.24
2025-05-29,27,2025-06-25,149.32
2025-05-29,28,2025-06-26,148.8
2025-05-29,29,2025-06-27,147.09
2025-05-29,30,2025-06-28,147.56
2025-05-30,1,2025-05-31,155.13
2025-05-30,2,2025-06-01,152.67
2025-05-30,3,2025-06-02,150.69
2025-05-30,4,2025-06-03,146.24
2025-05-30,5,2025-06-04,145.98
2025-05-30,6,2025-06-05,143.36
2025-05-30,7,2025-06-06,140.15
2025-05-30,8,2025-06-07,137.29
2025-05-30,9,2025-06-08,133.19
2025-05-30,10,2025-06-09,127.7
2025-05-30,11,2025-06-10,127.13
2025-05-30,12,2025-06-11,125.11
2025-05-30,13,2025-06-12,127.49
2025-05-30,14,2025-06-13,126.89
2025-05-30,15,2025-06-14,125.2
2025-05-30,16,2025-06-15,130.17
2025-05-30,17,2025-06-16,136.42
2025-05-30,18,2025-06-17,139.91
2025-05-30,19,2025-06-18,142.81
2025-05-30,20,2025-06-19,145.59
2025-05-30,21,2025-06-20,146.32
2025-05-30,22,2025-06-21,148.89
2025-05-30,23,2025-06-22,149.36
2025-05-30,24,2025-06-23,150.52
2025-05-30,25,2025-06-24,150.92
2025-05-30,26,2025-06-25,151.65
2025-05-30,27,2025-06-26,150.64
2025-05-30,28,2025-06-27,150.13
2025-05-30,29,2025-06-28,149.21
2025-05-30,30,2025-06-29,149.3
2025-05-31,1,2025-06-01,156.24
2025-05-31,2,2025-06-02,156.55
2025-05-31,3,2025-06-03,154.2
2025-05-31,4,2025-06-04,150.55
2025-05-31,5,2025-06-05,147.1
2025-05-31,6,2025-06-06,144.04
2025-05-31,7,2025-06-07,138.74
2025-05-31,8,2025-06-08,132.69
2025-05-31,9,2025-06-09,126.97
2025-05-31,10,2025-06-10,125.25
2025-05-31,11,2025-06-11,129.85
2025-05-31,12,2025-06-12,124.56
2025-05-31,13,2025-06-13,127.64
2025-05-31,14,2025-06-14,128.47
2025-05-31,15,2025-06-15,129.45
2025-05-31,16,2025-06-16,133.06
2025-05-31,17,2025-06-17,139.73
2025-05-31,18,2025-06-18,141.39
2025-05-31,19,2025-06-19,143.16
2025-05-31,20,2025-06-20,147.98
2025-05-31,21,2025-06-21,148.82
2025-05-31,22,2025-06-22,150.53
2025-05-31,23,2025-06-23,150.72
2025-05-31,24,2025-06-24,150.98
2025-05-31,25,2025-06-25,151.53
2025-05-31,26,2025-06-26,152.63
2025-05-31,27,2025-06-27,151.26
2025-05-31,28,2025-06-28,151.09
2025-05-31,29,2025-06-29,149.79
2025-05-31,30,2025-06-30,148.25
2025-06-01,1,2025-06-02,144.75
2025-06-01,2,2025-06-03,141.57
2025-06-01,3,2025-06-04,139.43
2025-06-01,4,2025-06-05,136.86
2025-06-01,5,2025-06-06,135.56
2025-06-01,6,2025-06-07,134.82
2025-06-01,7,2025-06-08,130.77
2025-06-01,8,2025-06-09,126.0
2025-06-01,9,2025-06-10,122.69
2025-06-01,10,2025-06-11,122.43
2025-06-01,11,2025-06-12,122.73
2025-06-01,12,2025-06-13,125.49
2025-06-01,13,2025-06-14,126.45
2025-06-01,14,2025-06-15,127.06
2025-06-01,15,2025-06-16,128.99
2025-06-01,16,2025-06-17,135.83
2025-06-01,17,2025-06-18,141.18
2025-06-01,18,2025-06-19,144.59
2025-06-01,19,2025-06-20,146.66
2025-06-01,20,2025-06-21,149.75
2025-06-01,21,2025-06-22,149.64
2025-06-01,22,2025-06-23,150.37
2025-06-01,23,2025-06-24,150.24
2025-06-01,24,2025-06-25,152.14
2025-06-01,25,2025-06-26,151.25
2025-06-01,26,2025-06-27,152.69
2025-06-01,27,2025-06-28,150.5
2025-06-01,28,2025-06-29,149.4
2025-06-01,29,2025-06-30,147.99
2025-06-01,30,2025-07-01,147.13
2025-06-02,1,2025-06-03,131.23
2025-06-02,2,2025-06-04,125.72
2025-06-02,3,2025-06-05,123.74
2025-06-02,4,2025-06-06,119.85
2025-06-02,5,2025-06-07,121.79
2025-06-02,6,2025-06-08,122.56
2025-06-02,7,2025-06-09,124.16
2025-06-02,8,2025-06-10,124.41
2025-06-02,9,2025-06-11,123.52
2025-06-02,10,2025-06-12,125.71
2025-06-02,11,2025-06-13,124.09
2025-06-02,12,2025-06-14,128.18
2025-06-02,13,2025-06-15,131.84
2025-06-02,14,2025-06-16,132.12
2025-06-02,15,2025-06-17,135.16
2025-06-02,16,2025-06-18,139.74
2025-06-02,17,2025-06-19,142.0
2025-06-02,18,2025-06-20,147.55
2025-06-02,19,2025-06-21,148.92
2025-06-02,20,2025-06-22,150.27
2025-06-02,21,2025-06-23,150.65
2025-06-02,22,2025-06-24,150.61
2025-06-02,23,2025-06-25,150.35
2025-06-02,24,2025-06-26,151.22
2025-06-02,25,2025-06-27,150.14
2025-06-02,26,2025-06-28,149.72
2025-06-02,27,2025-06-29,146.29
2025-06-02,28,2025-06-30,145.76
2025-06-02,29,2025-07-01,144.5
2025-06-02,30,2025-07-02,145.21
2025-06-03,1,2025-06-04,123.42
2025-06-03,2,2025-06-05,121.36
2025-06-03,3,2025-06-06,121.23
2025-06-03,4,2025-06-07,120.65
2025-06-03,5,2025-06-08,121.67
2025-06-03,6,2025-06-09,124.01
2025-06-03,7,2025-06-10,125.14
2025-06-03,8,2025-06-11,126.98
2025-06-03,9,2025-06-12,128.2
2025-06-03,10,2025-06-13,130.02
2025-06-03,11,2025-06-14,129.69
2025-06-03,12,2025-06-15,131.12
2025-06-03,13,2025-06-16,136.55
2025-06-03,14,2025-06-17,136.06
2025-06-03,15,2025-06-18,137.35
2025-06-03,16,2025-06-19,142.99
2025-06-03,17,2025-06-20,148.71
2025-06-03,18,2025-06-21,148.13
2025-06-03,19,2025-06-22,149.58
2025-06-03,20,2025-06-23,149.69
2025-06-03,21,2025-06-24,149.38
2025-06-03,22,2025-06-25,149.77
2025-06-03,23,2025-06-26,149.87
2025-06-03,24,2025-06-27,149.22
2025-06-03,25,2025-06-28,148.97
2025-06-03,26,2025-06-29,147.18
2025-06-03,27,2025-06-30,146.18
2025-06-03,28,2025-07-01,144.28
2025-06-03,29,2025-07-02,144.31
2025-06-03,30,2025-07-03,145.03
2025-06-04,1,2025-06-05,123.76
2025-06-04,2,2025-06-06,122.95
2025-06-04,3,2025-06-07,122.82
2025-06-04,4,2025-06-08,121.54
2025-06-04,5,2025-06-09,124.23
2025-06-04,6,2025-06-10,126.27
2025-06-04,7,2025-06-11,128.88
2025-06-04,8,2025-06-12,129.19
2025-06-04,9,2025-06-13,130.78
2025-06-04,10,2025-06-14,132.29
2025-06-04,11,2025-06-15,132.28
2025-06-04,12,2025-06-16,132.28
2025-06-04,13,2025-06-17,137.44
2025-06-04,14,2025-06-18,139.96
2025-06-04,15,2025-06-19,142.29
2025-06-04,16,2025-06-20,150.59
2025-06-04,17,2025-06-21,152.79
2025-06-04,18,2025-06-22,148.21
2025-06-04,19,2025-06-23,149.84
2025-06-04,20,2025-06-24,150.61
2025-06-04,21,2025-06-25,149.4
2025-06-04,22,2025-06-26,148.44
2025-06-04,23,2025-06-27,147.91
2025-06-04,24,2025-06-28,146.69
2025-06-04,25,2025-06-29,146.21
2025-06-04,26,2025-06-30,145.81
2025-06-04,27,2025-07-01,144.74
2025-06-04,28,2025-07-02,144.12
2025-06-04,29,2025-07-03,143.34
2025-06-04,30,2025-07-04,144.1
2025-06-05,1,2025-06-06,120.5
2025-06-05,2,2025-06-07,120.53
2025-06-05,3,2025-06-08,120.46
2025-06-05,4,2025-06-09,120.99
2025-06-05,5,2025-06-10,124.06
2025-06-05,6,2025-06-11,124.03
2025-06-05,7,2025-06-12,125.28
2025-06-05,8,2025-06-13,129.63
2025-06-05,9,2025-06-14,130.46
2025-06-05,10,2025-06-15,131.01
2025-06-05,11,2025-06-16,131.05
2025-06-05,12,2025-06-17,134.73
2025-06-05,13,2025-06-18,134.87
2025-06-05,14,2025-06-19,137.19
2025-06-05,15,2025-06-20,141.69
2025-06-05,16,2025-06-21,148.07
2025-06-05,17,2025-06-22,152.8
2025-06-05,18,2025-06-23,149.35
2025-06-05,19,2025-06-24,149.74
2025-06-05,20,2025-06-25,150.08
2025-06-05,21,2025-06-26,147.6
2025-06-05,22,2025-06-27,146.45
2025-06-05,23,2025-06-28,146.53
2025-06-05,24,2025-06-29,145.64
2025-06-05,25,2025-06-30,144.46
2025-06-05,26,2025-07-01,143.06
2025-06-05,27,2025-07-02,144.0
2025-06-05,28,2025-07-03,143.72
2025-06-05,29,2025-07-04,141.79
2025-06-05,30,2025-07-05,142.51
2025-06-06,1,2025-06-07,120.21
2025-06-06,2,2025-06-08,120.79
2025-06-06,3,2025-06-09,120.37
2025-06-06,4,2025-06-10,123.14
2025-06-06,5,2025-06-11,122.56
2025-06-06,6,2025-06-12,122.45
2025-06-06,7,2025-06-13,122.05
2025-06-06,8,2025-06-14,124.85
2025-06-06,9,2025-06-15,125.34
2025-06-06,10,2025-06-16,129.01
2025-06-06,11,2025-06-17,130.47
2025-06-06,12,2025-06-18,134.44
2025-06-06,13,2025-06-19,134.27
2025-06-06,14,2025-06-20,138.68
2025-06-06,15,2025-06-21,139.63
2025-06-06,16,2025-06-22,144.51
2025-06-06,17,2025-06-23,147.8
2025-06-06,18,2025-06-24,146.89
2025-06-06,19,2025-06-25,147.11
2025-06-06,20,2025-06-26,147.67
2025-06-06,21,2025-06-27,146.52
2025-06-06,22,2025-06-28,144.38
2025-06-06,23,2025-06-29,145.06
2025-06-06,24,2025-06-30,142.9
2025-06-06,25,2025-07-01,142.96
2025-06-06,26,2025-07-02,141.87
2025-06-06,27,2025-07-03,143.79
2025-06-06,28,2025-07-04,143.34
2025-06-06,29,2025-07-05,141.68
2025-06-06,30,2025-07-06,142.74
2025-06-07,1,2025-06-08,118.39
2025-06-07,2,2025-06-09,118.75
2025-06-07,3,2025-06-10,118.3
2025-06-07,4,2025-06-11,120.34
2025-06-07,5,2025-06-12,122.08
2025-06-07,6,2025-06-13,124.84
2025-06-07,7,2025-06-14,124.59
2025-06-07,8,2025-06-15,123.59
2025-06-07,9,2025-06-16,128.03
2025-06-07,10,2025-06-17,131.08
2025-06-07,11,2025-06-18,132.1
2025-06-07,12,2025-06-19,135.79
2025-06-07,13,2025-06-20,137.4
2025-06-07,14,2025-06-21,143.7
2025-06-07,15,2025-06-22,141.47
2025-06-07,16,2025-06-23,140.12
2025-06-07,17,2025-06-24,144.05
2025-06-07,18,2025-06-25,145.44
2025-06-07,19,2025-06-26,146.06
2025-06-07,20,2025-06-27,145.3
2025-06-07,21,2025-06-28,143.81
2025-06-07,22,2025-06-29,144.05
2025-06-07,23,2025-06-30,142.97
2025-06-07,24,2025-07-01,141.24
2025-06-07,25,2025-07-02,141.83
2025-06-07,26,2025-07-03,140.22
2025-06-07,27,2025-07-04,140.84
2025-06-07,28,2025-07-05,140.18
2025-06-07,29,2025-07-06,138.98
2025-06-07,30,2025-07-07,140.95
2025-06-08,1,2025-06-09,117.16
2025-06-08,2,2025-06-10,118.64
2025-06-08,3,2025-06-11,116.31
2025-06-08,4,2025-06-12,121.49
2025-06-08,5,2025-06-13,120.49
2025-06-08,6,2025-06-14,123.69
2025-06-08,7,2025-06-15,127.05
2025-06-08,8,2025-06-16,130.14
2025-06-08,9,2025-06-17,133.22
2025-06-08,10,2025-06-18,135.49
2025-06-08,11,2025-06-19,138.76
2025-06-08,12,2025-06-20,141.08
2025-06-08,13,2025-06-21,142.89
2025-06-08,14,2025-06-22,146.99
2025-06-08,15,2025-06-23,139.93
2025-06-08,16,2025-06-24,142.42
2025-06-08,17,2025-06-25,143.51
2025-06-08,18,2025-06-26,145.48
2025-06-08,19,2025-06-27,144.23
2025-06-08,20,2025-06-28,143.28
2025-06-08,21,2025-06-29,142.0
2025-06-08,22,2025-06-30,141.68
2025-06-08,23,2025-07-01,140.98
2025-06-08,24,2025-07-02,138.39
2025-06-08,25,2025-07-03,138.36
2025-06-08,26,2025-07-04,135.91
2025-06-08,27,2025-07-05,134.55
2025-06-08,28,2025-07-06,133.57
2025-06-08,29,2025-07-07,134.26
2025-06-08,30,2025-07-08,137.26
2025-06-09,1,2025-06-10,121.36
2025-06-09,2,2025-06-11,123.73
2025-06-09,3,2025-06-12,120.01
2025-06-09,4,2025-06-13,122.56
2025-06-09,5,2025-06-14,123.84
2025-06-09,6,2025-06-15,125.51
2025-06-09,7,2025-06-16,126.18
2025-06-09,8,2025-06-17,130.98
2025-06-09,9,2025-06-18,133.04
2025-06-09,10,2025-06-19,134.45
2025-06-09,11,2025-06-20,138.12
2025-06-09,12,2025-06-21,141.36
2025-06-09,13,2025-06-22,142.11
2025-06-09,14,2025-06-23,140.29
2025-06-09,15,2025-06-24,137.75
2025-06-09,16,2025-06-25,136.11
2025-06-09,17,2025-06-26,139.44
2025-06-09,18,2025-06-27,144.19
2025-06-09,19,2025-06-28,141.88
2025-06-09,20,2025-06-29,142.01
2025-06-09,21,2025-06-30,140.8
2025-06-09,22,2025-07-01,140.02
2025-06-09,23,2025-07-02,139.75
2025-06-09,24,2025-07-03,138.65
2025-06-09,25,2025-07-04,136.9
2025-06-09,26,2025-07-05,136.14
2025-06-09,27,2025-07-06,137.78
2025-06-09,28,2025-07-07,140.41
2025-06-09,29,2025-07-08,139.46
2025-06-09,30,2025-07-09,139.94
2025-06-10,1,2025-06-11,128.8
2025-06-10,2,2025-06-12,131.91
2025-06-10,3,2025-06-13,127.7
2025-06-10,4,2025-06-14,132.08
2025-06-10,5,2025-06-15,129.65
2025-06-10,6,2025-06-16,130.53
2025-06-10,7,2025-06-17,130.39
2025-06-10,8,2025-06-18,132.41
2025-06-10,9,2025-06-19,135.05
2025-06-10,10,2025-06-20,138.64
2025-06-10,11,2025-06-21,138.74
2025-06-10,12,2025-06-22,140.37
2025-06-10,13,2025-06-23,140.59
2025-06-10,14,2025-06-24,140.75
2025-06-10,15,2025-06-25,138.98
2025-06-10,16,2025-06-26,139.0
2025-06-10,17,2025-06-27,139.95
2025-06-10,18,2025-06-28,143.05
2025-06-10,19,2025-06-29,140.97
2025-06-10,20,2025-06-30,141.67
2025-06-10,21,2025-07-01,139.78
2025-06-10,22,2025-07-02,139.01
2025-06-10,23,2025-07-03,139.28
2025-06-10,24,2025-07-04,137.37
2025-06-10,25,2025-07-05,136.54
2025-06-10,26,2025-07-06,139.8
2025-06-10,27,2025-07-07,140.84
2025-06-10,28,2025-07-08,142.07
2025-06-10,29,2025-07-09,141.81
2025-06-10,30,2025-07-10,141.85
2025-06-11,1,2025-06-12,141.7
2025-06-11,2,2025-06-13,143.23
2025-06-11,3,2025-06-14,138.94
2025-06-11,4,2025-06-15,141.8
2025-06-11,5,2025-06-16,138.02
2025-06-11,6,2025-06-17,135.4
2025-06-11,7,2025-06-18,134.85
2025-06-11,8,2025-06-19,135.11
2025-06-11,9,2025-06-20,133.35
2025-06-11,10,2025-06-21,136.24
2025-06-11,11,2025-06-22,136.97
2025-06-11,12,2025-06-23,137.16
2025-06-11,13,2025-06-24,139.43
2025-06-11,14,2025-06-25,135.47
2025-06-11,15,2025-06-26,135.92
2025-06-11,16,2025-06-27,135.43
2025-06-11,17,2025-06-28,139.28
2025-06-11,18,2025-06-29,142.5
2025-06-11,19,2025-06-30,141.12
2025-06-11,20,2025-07-01,140.96
2025-06-11,21,2025-07-02,139.42
2025-06-11,22,2025-07-03,141.07
2025-06-11,23,2025-07-04,139.99
2025-06-11,24,2025-07-05,139.46
2025-06-11,25,2025-07-06,142.0
2025-06-11,26,2025-07-07,145.29
2025-06-11,27,2025-07-08,143.79
2025-06-11,28,2025-07-09,144.79
2025-06-11,29,2025-07-10,144.81
2025-06-11,30,2025-07-11,143.23
2025-06-12,1,2025-06-13,143.14
2025-06-12,2,2025-06-14,143.35
2025-06-12,3,2025-06-15,141.91
2025-06-12,4,2025-06-16,142.95
2025-06-12,5,2025-06-17,141.74
2025-06-12,6,2025-06-18,138.94
2025-06-12,7,2025-06-19,135.11
2025-06-12,8,2025-06-20,136.57
2025-06-12,9,2025-06-21,133.5
2025-06-12,10,2025-06-22,138.04
2025-06-12,11,2025-06-23,138.08
2025-06-12,12,2025-06-24,136.5
2025-06-12,13,2025-06-25,136.82
2025-06-12,14,2025-06-26,134.04
2025-06-12,15,2025-06-27,134.08
2025-06-12,16,2025-06-28,133.12
2025-06-12,17,2025-06-29,140.89
2025-06-12,18,2025-06-30,140.9
2025-06-12,19,2025-07-01,140.3
2025-06-12,20,2025-07-02,142.5
2025-06-12,21,2025-07-03,140.81
2025-06-12,22,2025-07-04,140.9
2025-06-12,23,2025-07-05,142.09
2025-06-12,24,2025-07-06,141.21
2025-06-12,25,2025-07-07,143.32
2025-06-12,26,2025-07-08,146.67
2025-06-12,27,2025-07-09,142.64
2025-06-12,28,2025-07-10,144.26
2025-06-12,29,2025-07-11,145.59
2025-06-12,30,2025-07-12,143.83
2025-06-13,1,2025-06-14,141.09
2025-06-13,2,2025-06-15,141.07
2025-06-13,3,2025-06-16,142.1
2025-06-13,4,2025-06-17,139.06
2025-06-13,5,2025-06-18,137.63
2025-06-13,6,2025-06-19,140.43
2025-06-13,7,2025-06-20,136.94
2025-06-13,8,2025-06-21,138.91
2025-06-13,9,2025-06-22,137.77
2025-06-13,10,2025-06-23,136.84
2025-06-13,11,2025-06-24,134.34
2025-06-13,12,2025-06-25,135.29
2025-06-13,13,2025-06-26,136.37
2025-06-13,14,2025-06-27,136.82
2025-06-13,15,2025-06-28,135.98
2025-06-13,16,2025-06-29,134.17
2025-06-13,17,2025-06-30,141.84
2025-06-13,18,2025-07-01,142.28
2025-06-13,19,2025-07-02,141.62
2025-06-13,20,2025-07-03,140.95
2025-06-13,21,2025-07-04,140.11
2025-06-13,22,2025-07-05,140.36
2025-06-13,23,2025-07-06,142.71
2025-06-13,24,2025-07-07,143.45
2025-06-13,25,2025-07-08,144.18
2025-06-13,26,2025-07-09,146.99
2025-06-13,27,2025-07-10,144.57
2025-06-13,28,2025-07-11,144.65
2025-06-13,29,2025-07-12,144.94
2025-06-13,30,2025-07-13,145.18
2025-06-14,1,2025-06-15,152.6
2025-06-14,2,2025-06-16,148.24
2025-06-14,3,2025-06-17,146.98
2025-06-14,4,2025-06-18,146.85
2025-06-14,5,2025-06-19,142.6
2025-06-14,6,2025-06-20,140.92
2025-06-14,7,2025-06-21,139.69
2025-06-14,8,2025-06-22,137.25
2025-06-14,9,2025-06-23,135.27
2025-06-14,10,2025-06-24,135.0
2025-06-14,11,2025-06-25,131.82
2025-06-14,12,2025-06-26,135.5
2025-06-14,13,2025-06-27,136.0
2025-06-14,14,2025-06-28,136.79
2025-06-14,15,2025-06-29,135.39
2025-06-14,16,2025-06-30,135.05
2025-06-14,17,2025-07-01,144.05
2025-06-14,18,2025-07-02,141.98
2025-06-14,19,2025-07-03,141.88
2025-06-14,20,2025-07-04,142.3
2025-06-14,21,2025-07-05,142.45
2025-06-14,22,2025-07-06,142.44
2025-06-14,23,2025-07-07,146.59
2025-06-14,24,2025-07-08,147.44
2025-06-14,25,2025-07-09,147.34
2025-06-14,26,2025-07-10,148.69
2025-06-14,27,2025-07-11,149.62
2025-06-14,28,2025-07-12,148.66
2025-06-14,29,2025-07-13,148.97
2025-06-14,30,2025-07-14,148.82
2025-06-15,1,2025-06-16,160.27
2025-06-15,2,2025-06-17,156.64
2025-06-15,3,2025-06-18,153.23
2025-06-15,4,2025-06-19,149.33
2025-06-15,5,2025-06-20,143.78
2025-06-15,6,2025-06-21,138.93
2025-06-15,7,2025-06-22,137.86
2025-06-15,8,2025-06-23,137.47
2025-06-15,9,2025-06-24,131.0
2025-06-15,10,2025-06-25,132.07
2025-06-15,11,2025-06-26,128.96
2025-06-15,12,2025-06-27,131.09
2025-06-15,13,2025-06-28,134.85
2025-06-15,14,2025-06-29,135.04
2025-06-15,15,2025-06-30,136.86
2025-06-15,16,2025-07-01,145.35
2025-06-15,17,2025-07-02,150.94
2025-06-15,18,2025-07-03,142.17
2025-06-15,19,2025-07-04,143.25
2025-06-15,20,2025-07-05,141.86
2025-06-15,21,2025-07-06,144.62
2025-06-15,22,2025-07-07,144.92
2025-06-15,23,2025-07-08,147.35
2025-06-15,24,2025-07-09,150.54
2025-06-15,25,2025-07-10,149.62
2025-06-15,26,2025-07-11,153.49
2025-06-15,27,2025-07-12,152.39
2025-06-15,28,2025-07-13,152.85
2025-06-15,29,2025-07-14,154.63
2025-06-15,30,2025-07-15,153.21
2025-06-16,1,2025-06-17,146.41
2025-06-16,2,2025-06-18,148.08
2025-06-16,3,2025-06-19,148.15
2025-06-16,4,2025-06-20,147.73
2025-06-16,5,2025-06-21,141.32
2025-06-16,6,2025-06-22,137.43
2025-06-16,7,2025-06-23,138.03
2025-06-16,8,2025-06-24,133.09
2025-06-16,9,2025-06-25,131.68
2025-06-16,10,2025-06-26,133.35
2025-06-16,11,2025-06-27,134.84
2025-06-16,12,2025-06-28,136.18
2025-06-16,13,2025-06-29,137.87
2025-06-16,14,2025-06-30,139.7
2025-06-16,15,2025-07-01,144.16
2025-06-16,16,2025-07-02,146.46
2025-06-16,17,2025-07-03,153.51
2025-06-16,18,2025-07-04,141.14
2025-06-16,19,2025-07-05,142.07
2025-06-16,20,2025-07-06,144.09
2025-06-16,21,2025-07-07,145.87
2025-06-16,22,2025-07-08,146.61
2025-06-16,23,2025-07-09,147.74
2025-06-16,24,2025-07-10,150.78
2025-06-16,25,2025-07-11,148.14
2025-06-16,26,2025-07-12,149.05
2025-06-16,27,2025-07-13,150.59
2025-06-16,28,2025-07-14,150.67
2025-06-16,29,2025-07-15,149.51
2025-06-16,30,2025-07-16,148.76
2025-06-17,1,2025-06-18,139.56
2025-06-17,2,2025-06-19,141.29
2025-06-17,3,2025-06-20,139.39
2025-06-17,4,2025-06-21,137.25
2025-06-17,5,2025-06-22,135.28
2025-06-17,6,2025-06-23,135.81
2025-06-17,7,2025-06-24,135.19
2025-06-17,8,2025-06-25,132.64
2025-06-17,9,2025-06-26,134.23
2025-06-17,10,2025-06-27,137.6
2025-06-17,11,2025-06-28,139.56
2025-06-17,12,2025-06-29,139.0
2025-06-17,13,2025-06-30,143.2
2025-06-17,14,2025-07-01,146.17
2025-06-17,15,2025-07-02,147.75
2025-06-17,16,2025-07-03,152.7
2025-06-17,17,2025-07-04,152.48
2025-06-17,18,2025-07-05,139.88
2025-06-17,19,2025-07-06,143.12
2025-06-17,20,2025-07-07,144.39
2025-06-17,21,2025-07-08,145.84
2025-06-17,22,2025-07-09,146.64
2025-06-17,23,2025-07-10,147.2
2025-06-17,24,2025-07-11,147.66
2025-06-17,25,2025-07-12,144.97
2025-06-17,26,2025-07-13,145.01
2025-06-17,27,2025-07-14,143.89
2025-06-17,28,2025-07-15,142.77
2025-06-17,29,2025-07-16,143.68
2025-06-17,30,2025-07-17,143.15
2025-06-18,1,2025-06-19,142.69
2025-06-18,2,2025-06-20,145.17
2025-06-18,3,2025-06-21,141.68
2025-06-18,4,2025-06-22,138.2
2025-06-18,5,2025-06-23,135.34
2025-06-18,6,2025-06-24,134.44
2025-06-18,7,2025-06-25,132.72
2025-06-18,8,2025-06-26,131.91
2025-06-18,9,2025-06-27,136.47
2025-06-18,10,2025-06-28,137.32
2025-06-18,11,2025-06-29,138.62
2025-06-18,12,2025-06-30,141.35
2025-06-18,13,2025-07-01,144.44
2025-06-18,14,2025-07-02,144.29
2025-06-18,15,2025-07-03,149.68
2025-06-18,16,2025-07-04,145.15
2025-06-18,17,2025-07-05,151.93
2025-06-18,18,2025-07-06,143.22
2025-06-18,19,2025-07-07,145.25
2025-06-18,20,2025-07-08,147.15
2025-06-18,21,2025-07-09,147.64
2025-06-18,22,2025-07-10,147.71
2025-06-18,23,2025-07-11,146.91
2025-06-18,24,2025-07-12,145.31
2025-06-18,25,2025-07-13,145.86
2025-06-18,26,2025-07-14,147.05
2025-06-18,27,2025-07-15,144.2
2025-06-18,28,2025-07-16,144.3
2025-06-18,29,2025-07-17,144.2
2025-06-18,30,2025-07-18,144.14
2025-06-19,1,2025-06-20,143.65
2025-06-19,2,2025-06-21,142.84
2025-06-19,3,2025-06-22,138.51
2025-06-19,4,2025-06-23,134.46
2025-06-19,5,2025-06-24,134.06
2025-06-19,6,2025-06-25,134.3
2025-06-19,7,2025-06-26,135.02
2025-06-19,8,2025-06-27,139.58
2025-06-19,9,2025-06-28,139.65
2025-06-19,10,2025-06-29,140.68
2025-06-19,11,2025-06-30,143.85
2025-06-19,12,2025-07-01,146.1
2025-06-19,13,2025-07-02,148.05
2025-06-19,14,2025-07-03,145.07
2025-06-19,15,2025-07-04,143.56
2025-06-19,16,2025-07-05,146.53
2025-06-19,17,2025-07-06,153.36
2025-06-19,18,2025-07-07,144.13
2025-06-19,19,2025-07-08,146.15
2025-06-19,20,2025-07-09,147.53
2025-06-19,21,2025-07-10,148.47
2025-06-19,22,2025-07-11,145.22
2025-06-19,23,2025-07-12,147.36
2025-06-19,24,2025-07-13,145.8
2025-06-19,25,2025-07-14,145.72
2025-06-19,26,2025-07-15,146.37
2025-06-19,27,2025-07-16,144.43
2025-06-19,28,2025-07-17,143.63
2025-06-19,29,2025-07-18,143.26
2025-06-19,30,2025-07-19,144.03
2025-06-20,1,2025-06-21,130.27
2025-06-20,2,2025-06-22,127.45
2025-06-20,3,2025-06-23,129.84
2025-06-20,4,2025-06-24,128.21
2025-06-20,5,2025-06-25,131.77
2025-06-20,6,2025-06-26,131.09
2025-06-20,7,2025-06-27,132.84
2025-06-20,8,2025-06-28,136.76
2025-06-20,9,2025-06-29,141.39
2025-06-20,10,2025-06-30,143.47
2025-06-20,11,2025-07-01,146.53
2025-06-20,12,2025-07-02,147.11
2025-06-20,13,2025-07-03,145.75
2025-06-20,14,2025-07-04,141.25
2025-06-20,15,2025-07-05,143.67
2025-06-20,16,2025-07-06,151.93
2025-06-20,17,2025-07-07,156.58
2025-06-20,18,2025-07-08,145.99
2025-06-20,19,2025-07-09,148.17
2025-06-20,20,2025-07-10,146.92
2025-06-20,21,2025-07-11,145.45
2025-06-20,22,2025-07-12,143.87
2025-06-20,23,2025-07-13,143.73
2025-06-20,24,2025-07-14,144.8
2025-06-20,25,2025-07-15,142.89
2025-06-20,26,2025-07-16,144.33
2025-06-20,27,2025-07-17,141.59
2025-06-20,28,2025-07-18,143.59
2025-06-20,29,2025-07-19,141.47
2025-06-20,30,2025-07-20,142.02
2025-06-21,1,2025-06-22,125.37
2025-06-21,2,2025-06-23,122.5
2025-06-21,3,2025-06-24,120.71
2025-06-21,4,2025-06-25,120.77
2025-06-21,5,2025-06-26,127.73
2025-06-21,6,2025-06-27,130.35
2025-06-21,7,2025-06-28,138.7
2025-06-21,8,2025-06-29,143.03
2025-06-21,9,2025-06-30,145.22
2025-06-21,10,2025-07-01,145.63
2025-06-21,11,2025-07-02,147.94
2025-06-21,12,2025-07-03,146.77
2025-06-21,13,2025-07-04,143.29
2025-06-21,14,2025-07-05,143.67
2025-06-21,15,2025-07-06,143.82
2025-06-21,16,2025-07-07,151.24
2025-06-21,17,2025-07-08,157.94
2025-06-21,18,2025-07-09,145.95
2025-06-21,19,2025-07-10,148.04
2025-06-21,20,2025-07-11,143.73
2025-06-21,21,2025-07-12,143.09
2025-06-21,22,2025-07-13,143.29
2025-06-21,23,2025-07-14,142.98
2025-06-21,24,2025-07-15,141.64
2025-06-21,25,2025-07-16,142.76
2025-06-21,26,2025-07-17,142.73
2025-06-21,27,2025-07-18,141.91
2025-06-21,28,2025-07-19,141.18
2025-06-21,29,2025-07-20,140.12
2025-06-21,30,2025-07-21,140.82
2025-06-22,1,2025-06-23,128.17
2025-06-22,2,2025-06-24,126.09
2025-06-22,3,2025-06-25,125.63
2025-06-22,4,2025-06-26,124.9
2025-06-22,5,2025-06-27,128.85
2025-06-22,6,2025-06-28,134.14
2025-06-22,7,2025-06-29,139.41
2025-06-22,8,2025-06-30,142.54
2025-06-22,9,2025-07-01,142.3
2025-06-22,10,2025-07-02,142.87
2025-06-22,11,2025-07-03,144.69
2025-06-22,12,2025-07-04,142.16
2025-06-22,13,2025-07-05,141.4
2025-06-22,14,2025-07-06,139.62
2025-06-22,15,2025-07-07,144.28
2025-06-22,16,2025-07-08,150.36
2025-06-22,17,2025-07-09,145.21
2025-06-22,18,2025-07-10,145.66
2025-06-22,19,2025-07-11,145.63
2025-06-22,20,2025-07-12,142.05
2025-06-22,21,2025-07-13,142.4
2025-06-22,22,2025-07-14,143.11
2025-06-22,23,2025-07-15,142.89
2025-06-22,24,2025-07-16,140.47
2025-06-22,25,2025-07-17,141.35
2025-06-22,26,2025-07-18,142.44
2025-06-22,27,2025-07-19,140.85
2025-06-22,28,2025-07-20,141.72
2025-06-22,29,2025-07-21,140.02
2025-06-22,30,2025-07-22,140.27
2025-06-23,1,2025-06-24,123.27
2025-06-23,2,2025-06-25,123.83
2025-06-23,3,2025-06-26,123.78
2025-06-23,4,2025-06-27,126.81
2025-06-23,5,2025-06-28,129.83
2025-06-23,6,2025-06-29,133.94
2025-06-23,7,2025-06-30,141.22
2025-06-23,8,2025-07-01,142.74
2025-06-23,9,2025-07-02,145.21
2025-06-23,10,2025-07-03,143.51
2025-06-23,11,2025-07-04,144.37
2025-06-23,12,2025-07-05,141.43
2025-06-23,13,2025-07-06,142.83
2025-06-23,14,2025-07-07,145.87
2025-06-23,15,2025-07-08,145.73
2025-06-23,16,2025-07-09,146.91
2025-06-23,17,2025-07-10,146.93
2025-06-23,18,2025-07-11,143.78
2025-06-23,19,2025-07-12,143.94
2025-06-23,20,2025-07-13,143.73
2025-06-23,21,2025-07-14,141.73
2025-06-23,22,2025-07-15,139.66
2025-06-23,23,2025-07-16,138.91
2025-06-23,24,2025-07-17,140.41
2025-06-23,25,2025-07-18,140.83
2025-06-23,26,2025-07-19,140.73
2025-06-23,27,2025-07-20,140.78
2025-06-23,28,2025-07-21,141.26
2025-06-23,29,2025-07-22,141.13
2025-06-23,30,2025-07-23,140.49
2025-06-24,1,2025-06-25,121.12
2025-06-24,2,2025-06-26,120.67
2025-06-24,3,2025-06-27,122.9
2025-06-24,4,2025-06-28,127.47
2025-06-24,5,2025-06-29,132.61
2025-06-24,6,2025-06-30,138.16
2025-06-24,7,2025-07-01,145.08
2025-06-24,8,2025-07-02,147.02
2025-06-24,9,2025-07-03,149.67
2025-06-24,10,2025-07-04,143.67
2025-06-24,11,2025-07-05,147.8
2025-06-24,12,2025-07-06,144.31
2025-06-24,13,2025-07-07,147.63
2025-06-24,14,2025-07-08,147.47
2025-06-24,15,2025-07-09,149.9
2025-06-24,16,2025-07-10,147.25
2025-06-24,17,2025-07-11,142.68
2025-06-24,18,2025-07-12,140.47
2025-06-24,19,2025-07-13,138.92
2025-06-24,20,2025-07-14,141.23
2025-06-24,21,2025-07-15,140.57
2025-06-24,22,2025-07-16,139.52
2025-06-24,23,2025-07-17,140.46
2025-06-24,24,2025-07-18,140.22
2025-06-24,25,2025-07-19,138.82
2025-06-24,26,2025-07-20,138.03
2025-06-24,27,2025-07-21,138.64
2025-06-24,28,2025-07-22,137.74
2025-06-24,29,2025-07-23,138.67
2025-06-24,30,2025-07-24,139.11
2025-06-25,1,2025-06-26,120.91
2025-06-25,2,2025-06-27,124.5
2025-06-25,3,2025-06-28,127.64
2025-06-25,4,2025-06-29,134.1
2025-06-25,5,2025-06-30,137.47
2025-06-25,6,2025-07-01,137.63
2025-06-25,7,2025-07-02,141.5
2025-06-25,8,2025-07-03,146.37
2025-06-25,9,2025-07-04,145.41
2025-06-25,10,2025-07-05,144.53
2025-06-25,11,2025-07-06,147.45
2025-06-25,12,2025-07-07,146.31
2025-06-25,13,2025-07-08,148.81
2025-06-25,14,2025-07-09,150.08
2025-06-25,15,2025-07-10,148.69
2025-06-25,16,2025-07-11,139.81
2025-06-25,17,2025-07-12,137.95
2025-06-25,18,2025-07-13,140.4
2025-06-25,19,2025-07-14,139.32
2025-06-25,20,2025-07-15,138.95
2025-06-25,21,2025-07-16,139.35
2025-06-25,22,2025-07-17,139.06
2025-06-25,23,2025-07-18,140.63
2025-06-25,24,2025-07-19,139.59
2025-06-25,25,2025-07-20,138.54
2025-06-25,26,2025-07-21,138.18
2025-06-25,27,2025-07-22,139.41
2025-06-25,28,2025-07-23,140.65
2025-06-25,29,2025-07-24,140.52
2025-06-25,30,2025-07-25,138.73
2025-06-26,1,2025-06-27,123.39
2025-06-26,2,2025-06-28,129.77
2025-06-26,3,2025-06-29,133.4
2025-06-26,4,2025-06-30,138.81
2025-06-26,5,2025-07-01,140.31
2025-06-26,6,2025-07-02,141.39
2025-06-26,7,2025-07-03,143.84
2025-06-26,8,2025-07-04,144.11
2025-06-26,9,2025-07-05,145.01
2025-06-26,10,2025-07-06,144.22
2025-06-26,11,2025-07-07,146.08
2025-06-26,12,2025-07-08,147.55
2025-06-26,13,2025-07-09,146.47
2025-06-26,14,2025-07-10,146.06
2025-06-26,15,2025-07-11,141.52
2025-06-26,16,2025-07-12,136.21
2025-06-26,17,2025-07-13,137.84
2025-06-26,18,2025-07-14,139.99
2025-06-26,19,2025-07-15,137.69
2025-06-26,20,2025-07-16,138.16
2025-06-26,21,2025-07-17,139.38
2025-06-26,22,2025-07-18,138.93
2025-06-26,23,2025-07-19,141.72
2025-06-26,24,2025-07-20,139.51
2025-06-26,25,2025-07-21,139.53
2025-06-26,26,2025-07-22,139.24
2025-06-26,27,2025-07-23,140.41
2025-06-26,28,2025-07-24,142.1
2025-06-26,29,2025-07-25,140.6
2025-06-26,30,2025-07-26,138.79
2025-06-27,1,2025-06-28,126.66
2025-06-27,2,2025-06-29,131.62
2025-06-27,3,2025-06-30,133.46
2025-06-27,4,2025-07-01,138.04
2025-06-27,5,2025-07-02,137.92
2025-06-27,6,2025-07-03,137.33
2025-06-27,7,2025-07-04,137.44
2025-06-27,8,2025-07-05,137.97
2025-06-27,9,2025-07-06,137.91
2025-06-27,10,2025-07-07,142.12
2025-06-27,11,2025-07-08,139.28
2025-06-27,12,2025-07-09,142.37
2025-06-27,13,2025-07-10,139.77
2025-06-27,14,2025-07-11,134.65
2025-06-27,15,2025-07-12,130.82
2025-06-27,16,2025-07-13,133.64
2025-06-27,17,2025-07-14,134.66
2025-06-27,18,2025-07-15,137.83
2025-06-27,19,2025-07-16,137.1
2025-06-27,20,2025-07-17,137.05
2025-06-27,21,2025-07-18,139.09
2025-06-27,22,2025-07-19,138.94
2025-06-27,23,2025-07-20,141.27
2025-06-27,24,2025-07-21,139.31
2025-06-27,25,2025-07-22,139.71
2025-06-27,26,2025-07-23,139.48
2025-06-27,27,2025-07-24,140.92
2025-06-27,28,2025-07-25,142.42
2025-06-27,29,2025-07-26,139.23
2025-06-27,30,2025-07-27,137.9
2025-06-28,1,2025-06-29,133.09
2025-06-28,2,2025-06-30,136.58
2025-06-28,3,2025-07-01,137.65
2025-06-28,4,2025-07-02,136.51
2025-06-28,5,2025-07-03,136.12
2025-06-28,6,2025-07-04,134.97
2025-06-28,7,2025-07-05,136.1
2025-06-28,8,2025-07-06,139.19
2025-06-28,9,2025-07-07,138.64
2025-06-28,10,2025-07-08,139.27
2025-06-28,11,2025-07-09,138.68
2025-06-28,12,2025-07-10,137.45
2025-06-28,13,2025-07-11,134.04
2025-06-28,14,2025-07-12,132.21
2025-06-28,15,2025-07-13,129.75
2025-06-28,16,2025-07-14,132.51
2025-06-28,17,2025-07-15,131.62
2025-06-28,18,2025-07-16,136.66
2025-06-28,19,2025-07-17,136.84
2025-06-28,20,2025-07-18,138.72
2025-06-28,21,2025-07-19,138.67
2025-06-28,22,2025-07-20,140.32
2025-06-28,23,2025-07-21,141.27
2025-06-28,24,2025-07-22,141.63
2025-06-28,25,2025-07-23,141.47
2025-06-28,26,2025-07-24,140.25
2025-06-28,27,2025-07-25,140.48
2025-06-28,28,2025-07-26,142.53
2025-06-28,29,2025-07-27,139.8
2025-06-28,30,2025-07-28,138.13
2025-06-29,1,2025-06-30,135.95
2025-06-29,2,2025-07-01,138.48
2025-06-29,3,2025-07-02,139.73
2025-06-29,4,2025-07-03,138.66
2025-06-29,5,2025-07-04,134.8
2025-06-29,6,2025-07-05,134.44
2025-06-29,7,2025-07-06,134.02
2025-06-29,8,2025-07-07,138.59
2025-06-29,9,2025-07-08,135.63
2025-06-29,10,2025-07-09,137.66
2025-06-29,11,2025-07-10,132.16
2025-06-29,12,2025-07-11,131.62
2025-06-29,13,2025-07-12,130.83
2025-06-29,14,2025-07-13,128.54
2025-06-29,15,2025-07-14,131.75
2025-06-29,16,2025-07-15,129.83
2025-06-29,17,2025-07-16,129.74
2025-06-29,18,2025-07-17,136.58
2025-06-29,19,2025-07-18,137.83
2025-06-29,20,2025-07-19,139.8
2025-06-29,21,2025-07-20,139.44
2025-06-29,22,2025-07-21,141.27
2025-06-29,23,2025-07-22,141.02
2025-06-29,24,2025-07-23,142.62
2025-06-29,25,2025-07-24,142.82
2025-06-29,26,2025-07-25,142.07
2025-06-29,27,2025-07-26,141.04
2025-06-29,28,2025-07-27,141.42
2025-06-29,29,2025-07-28,139.1
2025-06-29,30,2025-07-29,137.57
2025-06-30,1,2025-07-01,135.63
2025-06-30,2,2025-07-02,136.4
2025-06-30,3,2025-07-03,136.93
2025-06-30,4,2025-07-04,132.87
2025-06-30,5,2025-07-05,131.74
2025-06-30,6,2025-07-06,132.34
2025-06-30,7,2025-07-07,133.07
2025-06-30,8,2025-07-08,129.26
2025-06-30,9,2025-07-09,131.77
2025-06-30,10,2025-07-10,130.53
2025-06-30,11,2025-07-11,125.5
2025-06-30,12,2025-07-12,126.36
2025-06-30,13,2025-07-13,128.8
2025-06-30,14,2025-07-14,129.01
2025-06-30,15,2025-07-15,129.38
2025-06-30,16,2025-07-16,130.29
2025-06-30,17,2025-07-17,128.74
2025-06-30,18,2025-07-18,136.79
2025-06-30,19,2025-07-19,137.79
2025-06-30,20,2025-07-20,139.55
2025-06-30,21,2025-07-21,140.19
2025-06-30,22,2025-07-22,141.08
2025-06-30,23,2025-07-23,141.54
2025-06-30,24,2025-07-24,142.73
2025-06-30,25,2025-07-25,141.6
2025-06-30,26,2025-07-26,142.37
2025-06-30,27,2025-07-27,140.56
2025-06-30,28,2025-07-28,141.21
2025-06-30,29,2025-07-29,137.86
2025-06-30,30,2025-07-30,137.05
2025-07-01,1,2025-07-02,134.18
2025-07-01,2,2025-07-03,133.26
2025-07-01,3,2025-07-04,130.73
2025-07-01,4,2025-07-05,127.91
2025-07-01,5,2025-07-06,125.58
2025-07-01,6,2025-07-07,127.37
2025-07-01,7,2025-07-08,130.34
2025-07-01,8,2025-07-09,129.62
2025-07-01,9,2025-07-10,129.28
2025-07-01,10,2025-07-11,127.68
2025-07-01,11,2025-07-12,123.04
2025-07-01,12,2025-07-13,128.78
2025-07-01,13,2025-07-14,130.57
2025-07-01,14,2025-07-15,131.13
2025-07-01,15,2025-07-16,133.83
2025-07-01,16,2025-07-17,131.8
2025-07-01,17,2025-07-18,129.77
2025-07-01,18,2025-07-19,135.92
2025-07-01,19,2025-07-20,136.62
2025-07-01,20,2025-07-21,140.18
2025-07-01,21,2025-07-22,140.36
2025-07-01,22,2025-07-23,140.91
2025-07-01,23,2025-07-24,141.79
2025-07-01,24,2025-07-25,141.79
2025-07-01,25,2025-07-26,140.6
2025-07-01,26,2025-07-27,140.51
2025-07-01,27,2025-07-28,139.87
2025-07-01,28,2025-07-29,140.97
2025-07-01,29,2025-07-30,137.52
2025-07-01,30,2025-07-31,135.87
2025-07-02,1,2025-07-03,133.57
2025-07-02,2,2025-07-04,132.67
2025-07-02,3,2025-07-05,131.22
2025-07-02,4,2025-07-06,128.87
2025-07-02,5,2025-07-07,128.65
2025-07-02,6,2025-07-08,129.03
2025-07-02,7,2025-07-09,129.63
2025-07-02,8,2025-07-10,131.51
2025-07-02,9,2025-07-11,131.6
2025-07-02,10,2025-07-12,134.52
2025-07-02,11,2025-07-13,129.95
2025-07-02,12,2025-07-14,133.17
2025-07-02,13,2025-07-15,134.8
2025-07-02,14,2025-07-16,135.89
2025-07-02,15,2025-07-17,135.01
2025-07-02,16,2025-07-18,134.39
2025-07-02,17,2025-07-19,132.95
2025-07-02,18,2025-07-20,136.88
2025-07-02,19,2025-07-21,137.8
2025-07-02,20,2025-07-22,140.89
2025-07-02,21,2025-07-23,141.35
2025-07-02,22,2025-07-24,140.65
2025-07-02,23,2025-07-25,140.73
2025-07-02,24,2025-07-26,140.98
2025-07-02,25,2025-07-27,140.11
2025-07-02,26,2025-07-28,141.16
2025-07-02,27,2025-07-29,138.19
2025-07-02,28,2025-07-30,139.42
2025-07-02,29,2025-07-31,138.1
2025-07-02,30,2025-08-01,135.07
2025-07-03,1,2025-07-04,129.4
2025-07-03,2,2025-07-05,127.97
2025-07-03,3,2025-07-06,127.97
2025-07-03,4,2025-07-07,127.45
2025-07-03,5,2025-07-08,127.04
2025-07-03,6,2025-07-09,130.5
2025-07-03,7,2025-07-10,131.6
2025-07-03,8,2025-07-11,131.3
2025-07-03,9,2025-07-12,131.76
2025-07-03,10,2025-07-13,133.18
2025-07-03,11,2025-07-14,135.45
2025-07-03,12,2025-07-15,138.51
2025-07-03,13,2025-07-16,136.58
2025-07-03,14,2025-07-17,137.68
2025-07-03,15,2025-07-18,136.18
2025-07-03,16,2025-07-19,132.13
2025-07-03,17,2025-07-20,131.41
2025-07-03,18,2025-07-21,137.97
2025-07-03,19,2025-07-22,137.94
2025-07-03,20,2025-07-23,140.33
2025-07-03,21,2025-07-24,140.89
2025-07-03,22,2025-07-25,139.49
2025-07-03,23,2025-07-26,139.22
2025-07-03,24,2025-07-27,140.09
2025-07-03,25,2025-07-28,139.79
2025-07-03,26,2025-07-29,138.11
2025-07-03,27,2025-07-30,136.7
2025-07-03,28,2025-07-31,136.27
2025-07-03,29,2025-08-01,134.64
2025-07-03,30,2025-08-02,135.25
2025-07-04,1,2025-07-05,122.72
2025-07-04,2,2025-07-06,124.27
2025-07-04,3,2025-07-07,125.48
2025-07-04,4,2025-07-08,122.38
2025-07-04,5,2025-07-09,127.14
2025-07-04,6,2025-07-10,130.07
2025-07-04,7,2025-07-11,129.76
2025-07-04,8,2025-07-12,133.42
2025-07-04,9,2025-07-13,135.84
2025-07-04,10,2025-07-14,136.6
2025-07-04,11,2025-07-15,134.15
2025-07-04,12,2025-07-16,137.61
2025-07-04,13,2025-07-17,135.21
2025-07-04,14,2025-07-18,137.13
2025-07-04,15,2025-07-19,136.13
2025-07-04,16,2025-07-20,135.38
2025-07-04,17,2025-07-21,129.37
2025-07-04,18,2025-07-22,138.32
2025-07-04,19,2025-07-23,139.77
2025-07-04,20,2025-07-24,139.63
2025-07-04,21,2025-07-25,139.46
2025-07-04,22,2025-07-26,138.97
2025-07-04,23,2025-07-27,138.51
2025-07-04,24,2025-07-28,139.49
2025-07-04,25,2025-07-29,137.88
2025-07-04,26,2025-07-30,136.76
2025-07-04,27,2025-07-31,134.0
2025-07-04,28,2025-08-01,134.22
2025-07-04,29,2025-08-02,133.99
2025-07-04,30,2025-08-03,133.33
2025-07-05,1,2025-07-06,117.97
2025-07-05,2,2025-07-07,117.83
2025-07-05,3,2025-07-08,118.14
2025-07-05,4,2025-07-09,115.8
2025-07-05,5,2025-07-10,122.97
2025-07-05,6,2025-07-11,127.2
2025-07-05,7,2025-07-12,127.83
2025-07-05,8,2025-07-13,132.41
2025-07-05,9,2025-07-14,131.6
2025-07-05,10,2025-07-15,132.96
2025-07-05,11,2025-07-16,132.76
2025-07-05,12,2025-07-17,133.24
2025-07-05,13,2025-07-18,131.8
2025-07-05,14,2025-07-19,133.06
2025-07-05,15,2025-07-20,131.4
2025-07-05,16,2025-07-21,129.98
2025-07-05,17,2025-07-22,128.08
2025-07-05,18,2025-07-23,139.52
2025-07-05,19,2025-07-24,140.29
2025-07-05,20,2025-07-25,139.02
2025-07-05,21,2025-07-26,138.59
2025-07-05,22,2025-07-27,137.97
2025-07-05,23,2025-07-28,137.24
2025-07-05,24,2025-07-29,137.8
2025-07-05,25,2025-07-30,134.28
2025-07-05,26,2025-07-31,133.04
2025-07-05,27,2025-08-01,131.12
2025-07-05,28,2025-08-02,132.88
2025-07-05,29,2025-08-03,133.24
2025-07-05,30,2025-08-04,134.31
2025-07-06,1,2025-07-07,121.74
2025-07-06,2,2025-07-08,119.73
2025-07-06,3,2025-07-09,121.53
2025-07-06,4,2025-07-10,121.96
2025-07-06,5,2025-07-11,123.21
2025-07-06,6,2025-07-12,125.29
2025-07-06,7,2025-07-13,126.96
2025-07-06,8,2025-07-14,130.31
2025-07-06,9,2025-07-15,132.58
2025-07-06,10,2025-07-16,130.68
2025-07-06,11,2025-07-17,132.2
2025-07-06,12,2025-07-18,133.3
2025-07-06,13,2025-07-19,132.36
2025-07-06,14,2025-07-20,132.19
2025-07-06,15,2025-07-21,132.2
2025-07-06,16,2025-07-22,132.71
2025-07-06,17,2025-07-23,129.1
2025-07-06,18,2025-07-24,140.62
2025-07-06,19,2025-07-25,139.26
2025-07-06,20,2025-07-26,138.09
2025-07-06,21,2025-07-27,137.65
2025-07-06,22,2025-07-28,137.4
2025-07-06,23,2025-07-29,136.23
2025-07-06,24,2025-07-30,135.02
2025-07-06,25,2025-07-31,132.95
2025-07-06,26,2025-08-01,133.11
2025-07-06,27,2025-08-02,131.95
2025-07-06,28,2025-08-03,132.32
2025-07-06,29,2025-08-04,134.04
2025-07-06,30,2025-08-05,133.85
2025-07-07,1,2025-07-08,122.45
2025-07-07,2,2025-07-09,121.4
2025-07-07,3,2025-07-10,124.47
2025-07-07,4,2025-07-11,121.42
2025-07-07,5,2025-07-12,125.64
2025-07-07,6,2025-07-13,130.33
2025-07-07,7,2025-07-14,130.6
2025-07-07,8,2025-07-15,135.2
2025-07-07,9,2025-07-16,135.67
2025-07-07,10,2025-07-17,136.55
2025-07-07,11,2025-07-18,136.93
2025-07-07,12,2025-07-19,137.4
2025-07-07,13,2025-07-20,134.91
2025-07-07,14,2025-07-21,135.72
2025-07-07,15,2025-07-22,138.81
2025-07-07,16,2025-07-23,135.74
2025-07-07,17,2025-07-24,133.76
2025-07-07,18,2025-07-25,139.05
2025-07-07,19,2025-07-26,138.37
2025-07-07,20,2025-07-27,136.18
2025-07-07,21,2025-07-28,136.87
2025-07-07,22,2025-07-29,135.66
2025-07-07,23,2025-07-30,134.29
2025-07-07,24,2025-07-31,133.95
2025-07-07,25,2025-08-01,132.38
2025-07-07,26,2025-08-02,132.63
2025-07-07,27,2025-08-03,131.36
2025-07-07,28,2025-08-04,131.95
2025-07-07,29,2025-08-05,133.2
2025-07-07,30,2025-08-06,132.8
2025-07-08,1,2025-07-09,117.71
2025-07-08,2,2025-07-10,117.81
2025-07-08,3,2025-07-11,119.03
2025-07-08,4,2025-07-12,120.71
2025-07-08,5,2025-07-13,129.0
2025-07-08,6,2025-07-14,131.49
2025-07-08,7,2025-07-15,133.37
2025-07-08,8,2025-07-16,134.61
2025-07-08,9,2025-07-17,135.71
2025-07-08,10,2025-07-18,139.3
2025-07-08,11,2025-07-19,140.48
2025-07-08,12,2025-07-20,140.38
2025-07-08,13,2025-07-21,138.22
2025-07-08,14,2025-07-22,139.82
2025-07-08,15,2025-07-23,139.58
2025-07-08,16,2025-07-24,136.56
2025-07-08,17,2025-07-25,133.83
2025-07-08,18,2025-07-26,137.45
2025-07-08,19,2025-07-27,135.89
2025-07-08,20,2025-07-28,136.8
2025-07-08,21,2025-07-29,135.49
2025-07-08,22,2025-07-30,134.61
2025-07-08,23,2025-07-31,132.82
2025-07-08,24,2025-08-01,132.81
2025-07-08,25,2025-08-02,131.64
2025-07-08,26,2025-08-03,131.4
2025-07-08,27,2025-08-04,130.96
2025-07-08,28,2025-08-05,131.59
2025-07-08,29,2025-08-06,132.66
2025-07-08,30,2025-08-07,132.46
2025-07-09,1,2025-07-10,123.95
2025-07-09,2,2025-07-11,125.85
2025-07-09,3,2025-07-12,128.66
2025-07-09,4,2025-07-13,134.07
2025-07-09,5,2025-07-14,136.23
2025-07-09,6,2025-07-15,136.77
2025-07-09,7,2025-07-16,139.69
2025-07-09,8,2025-07-17,140.43
2025-07-09,9,2025-07-18,142.01
2025-07-09,10,2025-07-19,141.88
2025-07-09,11,2025-07-20,137.7
2025-07-09,12,2025-07-21,139.02
2025-07-09,13,2025-07-22,138.99
2025-07-09,14,2025-07-23,141.13
2025-07-09,15,2025-07-24,139.43
2025-07-09,16,2025-07-25,135.92
2025-07-09,17,2025-07-26,135.82
2025-07-09,18,2025-07-27,135.95
2025-07-09,19,2025-07-28,135.37
2025-07-09,20,2025-07-29,135.16
2025-07-09,21,2025-07-30,133.72
2025-07-09,22,2025-07-31,132.21
2025-07-09,23,2025-08-01,132.03
2025-07-09,24,2025-08-02,132.01
2025-07-09,25,2025-08-03,130.75
2025-07-09,26,2025-08-04,131.83
2025-07-09,27,2025-08-05,131.89
2025-07-09,28,2025-08-06,132.93
2025-07-09,29,2025-08-07,132.5
2025-07-09,30,2025-08-08,134.88
2025-07-10,1,2025-07-11,129.41
2025-07-10,2,2025-07-12,133.65
2025-07-10,3,2025-07-13,137.93
2025-07-10,4,2025-07-14,141.77
2025-07-10,5,2025-07-15,144.13
2025-07-10,6,2025-07-16,142.57
2025-07-10,7,2025-07-17,144.18
2025-07-10,8,2025-07-18,144.33
2025-07-10,9,2025-07-19,142.04
2025-07-10,10,2025-07-20,139.37
2025-07-10,11,2025-07-21,139.79
2025-07-10,12,2025-07-22,140.69
2025-07-10,13,2025-07-23,138.89
2025-07-10,14,2025-07-24,140.8
2025-07-10,15,2025-07-25,139.57
2025-07-10,16,2025-07-26,131.67
2025-07-10,17,2025-07-27,134.53
2025-07-10,18,2025-07-28,135.88
2025-07-10,19,2025-07-29,134.83
2025-07-10,20,2025-07-30,133.38
2025-07-10,21,2025-07-31,132.19
2025-07-10,22,2025-08-01,131.61
2025-07-10,23,2025-08-02,131.39
2025-07-10,24,2025-08-03,131.07
2025-07-10,25,2025-08-04,130.66
2025-07-10,26,2025-08-05,132.55
2025-07-10,27,2025-08-06,132.27
2025-07-10,28,2025-08-07,132.67
2025-07-10,29,2025-08-08,133.28
2025-07-10,30,2025-08-09,135.94
2025-07-11,1,2025-07-12,140.27
2025-07-11,2,2025-07-13,146.14
2025-07-11,3,2025-07-14,145.93
2025-07-11,4,2025-07-15,150.61
2025-07-11,5,2025-07-16,148.9
2025-07-11,6,2025-07-17,147.24
2025-07-11,7,2025-07-18,145.37
2025-07-11,8,2025-07-19,144.18
2025-07-11,9,2025-07-20,142.78
2025-07-11,10,2025-07-21,140.35
2025-07-11,11,2025-07-22,138.36
2025-07-11,12,2025-07-23,141.58
2025-07-11,13,2025-07-24,139.89
2025-07-11,14,2025-07-25,139.96
2025-07-11,15,2025-07-26,141.69
2025-07-11,16,2025-07-27,133.74
2025-07-11,17,2025-07-28,133.5
2025-07-11,18,2025-07-29,133.76
2025-07-11,19,2025-07-30,133.14
2025-07-11,20,2025-07-31,131.55
2025-07-11,21,2025-08-01,131.22
2025-07-11,22,2025-08-02,131.85
2025-07-11,23,2025-08-03,130.82
2025-07-11,24,2025-08-04,131.54
2025-07-11,25,2025-08-05,133.39
2025-07-11,26,2025-08-06,132.63
2025-07-11,27,2025-08-07,131.85
2025-07-11,28,2025-08-08,132.51
2025-07-11,29,2025-08-09,132.46
2025-07-11,30,2025-08-10,135.28
2025-07-12,1,2025-07-13,145.38
2025-07-12,2,2025-07-14,148.39
2025-07-12,3,2025-07-15,152.08
2025-07-12,4,2025-07-16,153.49
2025-07-12,5,2025-07-17,152.24
2025-07-12,6,2025-07-18,149.03
2025-07-12,7,2025-07-19,146.62
2025-07-12,8,2025-07-20,143.72
2025-07-12,9,2025-07-21,141.14
2025-07-12,10,2025-07-22,143.04
2025-07-12,11,2025-07-23,139.18
2025-07-12,12,2025-07-24,146.34
2025-07-12,13,2025-07-25,143.4
2025-07-12,14,2025-07-26,142.55
2025-07-12,15,2025-07-27,142.39
2025-07-12,16,2025-07-28,134.78
2025-07-12,17,2025-07-29,135.16
2025-07-12,18,2025-07-30,131.87
2025-07-12,19,2025-07-31,129.5
2025-07-12,20,2025-08-01,129.4
2025-07-12,21,2025-08-02,131.4
2025-07-12,22,2025-08-03,132.01
2025-07-12,23,2025-08-04,131.71
2025-07-12,24,2025-08-05,131.96
2025-07-12,25,2025-08-06,132.56
2025-07-12,26,2025-08-07,132.31
2025-07-12,27,2025-08-08,131.59
2025-07-12,28,2025-08-09,132.53
2025-07-12,29,2025-08-10,132.87
2025-07-12,30,2025-08-11,134.48
2025-07-13,1,2025-07-14,134.14
2025-07-13,2,2025-07-15,138.08
2025-07-13,3,2025-07-16,138.82
2025-07-13,4,2025-07-17,139.49
2025-07-13,5,2025-07-18,140.84
2025-07-13,6,2025-07-19,142.66
2025-07-13,7,2025-07-20,141.38
2025-07-13,8,2025-07-21,144.75
2025-07-13,9,2025-07-22,144.81
2025-07-13,10,2025-07-23,147.78
2025-07-13,11,2025-07-24,144.34
2025-07-13,12,2025-07-25,148.26
2025-07-13,13,2025-07-26,143.51
2025-07-13,14,2025-07-27,141.57
2025-07-13,15,2025-07-28,137.41
2025-07-13,16,2025-07-29,135.31
2025-07-13,17,2025-07-30,135.29
2025-07-13,18,2025-07-31,130.04
2025-07-13,19,2025-08-01,129.36
2025-07-13,20,2025-08-02,129.79
2025-07-13,21,2025-08-03,131.57
2025-07-13,22,2025-08-04,131.3
2025-07-13,23,2025-08-05,132.02
2025-07-13,24,2025-08-06,131.94
2025-07-13,25,2025-08-07,131.99
2025-07-13,26,2025-08-08,132.11
2025-07-13,27,2025-08-09,132.44
2025-07-13,28,2025-08-10,133.37
2025-07-13,29,2025-08-11,134.56
2025-07-13,30,2025-08-12,135.5
2025-07-14,1,2025-07-15,131.27
2025-07-14,2,2025-07-16,133.89
2025-07-14,3,2025-07-17,134.68
2025-07-14,4,2025-07-18,134.06
2025-07-14,5,2025-07-19,136.87
2025-07-14,6,2025-07-20,139.97
2025-07-14,7,2025-07-21,137.66
2025-07-14,8,2025-07-22,141.0
2025-07-14,9,2025-07-23,143.59
2025-07-14,10,2025-07-24,144.19
2025-07-14,11,2025-07-25,143.38
2025-07-14,12,2025-07-26,143.32
2025-07-14,13,2025-07-27,138.24
2025-07-14,14,2025-07-28,134.17
2025-07-14,15,2025-07-29,132.29
2025-07-14,16,2025-07-30,136.21
2025-07-14,17,2025-07-31,136.36
2025-07-14,18,2025-08-01,130.75
2025-07-14,19,2025-08-02,130.08
2025-07-14,20,2025-08-03,129.12
2025-07-14,21,2025-08-04,130.7
2025-07-14,22,2025-08-05,132.73
2025-07-14,23,2025-08-06,133.03
2025-07-14,24,2025-08-07,131.81
2025-07-14,25,2025-08-08,133.04
2025-07-14,26,2025-08-09,133.27
2025-07-14,27,2025-08-10,131.8
2025-07-14,28,2025-08-11,134.25
2025-07-14,29,2025-08-12,134.65
2025-07-14,30,2025-08-13,136.1
2025-07-15,1,2025-07-16,142.56
2025-07-15,2,2025-07-17,143.8
2025-07-15,3,2025-07-18,142.01
2025-07-15,4,2025-07-19,141.41
2025-07-15,5,2025-07-20,138.86
2025-07-15,6,2025-07-21,138.73
2025-07-15,7,2025-07-22,137.22
2025-07-15,8,2025-07-23,137.66
2025-07-15,9,2025-07-24,138.5
2025-07-15,10,2025-07-25,137.85
2025-07-15,11,2025-07-26,136.58
2025-07-15,12,2025-07-27,134.7
2025-07-15,13,2025-07-28,131.35
2025-07-15,14,2025-07-29,130.93
2025-07-15,15,2025-07-30,132.98
2025-07-15,16,2025-07-31,137.98
2025-07-15,17,2025-08-01,137.95
2025-07-15,18,2025-08-02,130.78
2025-07-15,19,2025-08-03,129.52
2025-07-15,20,2025-08-04,130.58
2025-07-15,21,2025-08-05,133.1
2025-07-15,22,2025-08-06,134.54
2025-07-15,23,2025-08-07,134.23
2025-07-15,24,2025-08-08,134.56
2025-07-15,25,2025-08-09,136.48
2025-07-15,26,2025-08-10,137.97
2025-07-15,27,2025-08-11,138.35
2025-07-15,28,2025-08-12,136.69
2025-07-15,29,2025-08-13,138.83
2025-07-15,30,2025-08-14,139.54
2025-07-16,1,2025-07-17,151.97
2025-07-16,2,2025-07-18,155.49
2025-07-16,3,2025-07-19,155.21
2025-07-16,4,2025-07-20,146.99
2025-07-16,5,2025-07-21,143.17
2025-07-16,6,2025-07-22,138.34
2025-07-16,7,2025-07-23,138.33
2025-07-16,8,2025-07-24,136.46
2025-07-16,9,2025-07-25,134.89
2025-07-16,10,2025-07-26,133.1
2025-07-16,11,2025-07-27,131.19
2025-07-16,12,2025-07-28,131.8
2025-07-16,13,2025-07-29,130.22
2025-07-16,14,2025-07-30,130.65
2025-07-16,15,2025-07-31,131.2
2025-07-16,16,2025-08-01,137.68
2025-07-16,17,2025-08-02,138.96
2025-07-16,18,2025-08-03,130.67
2025-07-16,19,2025-08-04,131.11
2025-07-16,20,2025-08-05,131.61
2025-07-16,21,2025-08-06,132.65
2025-07-16,22,2025-08-07,134.88
2025-07-16,23,2025-08-08,135.63
2025-07-16,24,2025-08-09,138.58
2025-07-16,25,2025-08-10,140.95
2025-07-16,26,2025-08-11,144.71
2025-07-16,27,2025-08-12,145.58
2025-07-16,28,2025-08-13,143.51
2025-07-16,29,2025-08-14,146.59
2025-07-16,30,2025-08-15,143.32
2025-07-17,1,2025-07-18,158.6
2025-07-17,2,2025-07-19,155.1
2025-07-17,3,2025-07-20,148.17
2025-07-17,4,2025-07-21,144.56
2025-07-17,5,2025-07-22,143.06
2025-07-17,6,2025-07-23,140.29
2025-07-17,7,2025-07-24,138.52
2025-07-17,8,2025-07-25,135.24
2025-07-17,9,2025-07-26,136.21
2025-07-17,10,2025-07-27,135.41
2025-07-17,11,2025-07-28,134.58
2025-07-17,12,2025-07-29,136.0
2025-07-17,13,2025-07-30,134.62
2025-07-17,14,2025-07-31,135.29
2025-07-17,15,2025-08-01,134.16
2025-07-17,16,2025-08-02,138.26
2025-07-17,17,2025-08-03,144.27
2025-07-17,18,2025-08-04,131.27
2025-07-17,19,2025-08-05,132.06
2025-07-17,20,2025-08-06,133.25
2025-07-17,21,2025-08-07,133.67
2025-07-17,22,2025-08-08,137.2
2025-07-17,23,2025-08-09,139.67
2025-07-17,24,2025-08-10,141.93
2025-07-17,25,2025-08-11,143.18
2025-07-17,26,2025-08-12,147.17
2025-07-17,27,2025-08-13,148.53
2025-07-17,28,2025-08-14,146.68
2025-07-17,29,2025-08-15,148.35
2025-07-17,30,2025-08-16,142.82
2025-07-18,1,2025-07-19,150.93
2025-07-18,2,2025-07-20,148.36
2025-07-18,3,2025-07-21,144.05
2025-07-18,4,2025-07-22,139.02
2025-07-18,5,2025-07-23,137.38
2025-07-18,6,2025-07-24,135.65
2025-07-18,7,2025-07-25,133.23
2025-07-18,8,2025-07-26,131.56
2025-07-18,9,2025-07-27,132.86
2025-07-18,10,2025-07-28,134.86
2025-07-18,11,2025-07-29,131.83
2025-07-18,12,2025-07-30,133.69
2025-07-18,13,2025-07-31,131.67
2025-07-18,14,2025-08-01,133.24
2025-07-18,15,2025-08-02,134.16
2025-07-18,16,2025-08-03,141.52
2025-07-18,17,2025-08-04,147.78
2025-07-18,18,2025-08-05,131.58
2025-07-18,19,2025-08-06,134.76
2025-07-18,20,2025-08-07,133.35
2025-07-18,21,2025-08-08,136.11
2025-07-18,22,2025-08-09,141.21
2025-07-18,23,2025-08-10,142.91
2025-07-18,24,2025-08-11,145.14
2025-07-18,25,2025-08-12,145.31
2025-07-18,26,2025-08-13,146.45
2025-07-18,27,2025-08-14,146.02
2025-07-18,28,2025-08-15,145.11
2025-07-18,29,2025-08-16,145.33
2025-07-18,30,2025-08-17,141.1
2025-07-19,1,2025-07-20,147.55
2025-07-19,2,2025-07-21,140.45
2025-07-19,3,2025-07-22,138.0
2025-07-19,4,2025-07-23,132.37
2025-07-19,5,2025-07-24,135.28
2025-07-19,6,2025-07-25,133.99
2025-07-19,7,2025-07-26,130.11
2025-07-19,8,2025-07-27,133.87
2025-07-19,9,2025-07-28,134.59
2025-07-19,10,2025-07-29,132.93
2025-07-19,11,2025-07-30,131.07
2025-07-19,12,2025-07-31,130.92
2025-07-19,13,2025-08-01,129.65
2025-07-19,14,2025-08-02,132.4
2025-07-19,15,2025-08-03,135.29
2025-07-19,16,2025-08-04,143.19
2025-07-19,17,2025-08-05,151.69
2025-07-19,18,2025-08-06,133.3
2025-07-19,19,2025-08-07,135.54
2025-07-19,20,2025-08-08,136.32
2025-07-19,21,2025-08-09,139.52
2025-07-19,22,2025-08-10,143.08
2025-07-19,23,2025-08-11,142.62
2025-07-19,24,2025-08-12,144.3
2025-07-19,25,2025-08-13,143.37
2025-07-19,26,2025-08-14,146.42
2025-07-19,27,2025-08-15,144.32
2025-07-19,28,2025-08-16,144.0
2025-07-19,29,2025-08-17,140.97
2025-07-19,30,2025-08-18,137.11
2025-07-20,1,2025-07-21,142.2
2025-07-20,2,2025-07-22,138.22
2025-07-20,3,2025-07-23,135.15
2025-07-20,4,2025-07-24,133.09
2025-07-20,5,2025-07-25,134.48
2025-07-20,6,2025-07-26,134.45
2025-07-20,7,2025-07-27,135.03
2025-07-20,8,2025-07-28,135.71
2025-07-20,9,2025-07-29,133.63
2025-07-20,10,2025-07-30,134.04
2025-07-20,11,2025-07-31,135.89
2025-07-20,12,2025-08-01,132.75
2025-07-20,13,2025-08-02,132.53
2025-07-20,14,2025-08-03,134.65
2025-07-20,15,2025-08-04,138.2
2025-07-20,16,2025-08-05,145.27
2025-07-20,17,2025-08-06,151.27
2025-07-20,18,2025-08-07,135.7
2025-07-20,19,2025-08-08,137.9
2025-07-20,20,2025-08-09,139.47
2025-07-20,21,2025-08-10,142.24
2025-07-20,22,2025-08-11,143.03
2025-07-20,23,2025-08-12,144.89
2025-07-20,24,2025-08-13,145.05
2025-07-20,25,2025-08-14,143.7
2025-07-20,26,2025-08-15,145.19
2025-07-20,27,2025-08-16,144.49
2025-07-20,28,2025-08-17,141.72
2025-07-20,29,2025-08-18,138.78
2025-07-20,30,2025-08-19,135.68
2025-07-21,1,2025-07-22,138.23
2025-07-21,2,2025-07-23,134.46
2025-07-21,3,2025-07-24,132.46
2025-07-21,4,2025-07-25,133.78
2025-07-21,5,2025-07-26,136.18
2025-07-21,6,2025-07-27,135.85
2025-07-21,7,2025-07-28,138.17
2025-07-21,8,2025-07-29,138.68
2025-07-21,9,2025-07-30,136.93
2025-07-21,10,2025-07-31,138.2
2025-07-21,11,2025-08-01,136.83
2025-07-21,12,2025-08-02,133.4
2025-07-21,13,2025-08-03,133.37
2025-07-21,14,2025-08-04,138.25
2025-07-21,15,2025-08-05,139.87
2025-07-21,16,2025-08-06,149.32
2025-07-21,17,2025-08-07,158.21
2025-07-21,18,2025-08-08,138.04
2025-07-21,19,2025-08-09,140.66
2025-07-21,20,2025-08-10,141.5
2025-07-21,21,2025-08-11,143.11
2025-07-21,22,2025-08-12,144.09
2025-07-21,23,2025-08-13,144.34
2025-07-21,24,2025-08-14,143.47
2025-07-21,25,2025-08-15,141.44
2025-07-21,26,2025-08-16,143.46
2025-07-21,27,2025-08-17,139.87
2025-07-21,28,2025-08-18,135.69
2025-07-21,29,2025-08-19,134.28
2025-07-21,30,2025-08-20,132.97
2025-07-22,1,2025-07-23,137.24
2025-07-22,2,2025-07-24,136.31
2025-07-22,3,2025-07-25,134.98
2025-07-22,4,2025-07-26,135.28
2025-07-22,5,2025-07-27,137.55
2025-07-22,6,2025-07-28,136.65
2025-07-22,7,2025-07-29,136.85
2025-07-22,8,2025-07-30,135.6
2025-07-22,9,2025-07-31,134.01
2025-07-22,10,2025-08-01,131.2
2025-07-22,11,2025-08-02,132.66
2025-07-22,12,2025-08-03,133.82
2025-07-22,13,2025-08-04,134.67
2025-07-22,14,2025-08-05,139.3
2025-07-22,15,2025-08-06,143.13
2025-07-22,16,2025-08-07,150.24
2025-07-22,17,2025-08-08,154.98
2025-07-22,18,2025-08-09,139.29
2025-07-22,19,2025-08-10,141.66
2025-07-22,20,2025-08-11,143.46
2025-07-22,21,2025-08-12,144.42
2025-07-22,22,2025-08-13,143.13
2025-07-22,23,2025-08-14,144.13
2025-07-22,24,2025-08-15,143.19
2025-07-22,25,2025-08-16,140.06
2025-07-22,26,2025-08-17,139.25
2025-07-22,27,2025-08-18,137.62
2025-07-22,28,2025-08-19,134.37
2025-07-22,29,2025-08-20,133.05
2025-07-22,30,2025-08-21,132.51
2025-07-23,1,2025-07-24,143.78
2025-07-23,2,2025-07-25,143.88
2025-07-23,3,2025-07-26,141.72
2025-07-23,4,2025-07-27,141.43
2025-07-23,5,2025-07-28,134.21
2025-07-23,6,2025-07-29,135.81
2025-07-23,7,2025-07-30,135.66
2025-07-23,8,2025-07-31,135.08
2025-07-23,9,2025-08-01,136.74
2025-07-23,10,2025-08-02,135.29
2025-07-23,11,2025-08-03,138.98
2025-07-23,12,2025-08-04,138.8
2025-07-23,13,2025-08-05,135.87
2025-07-23,14,2025-08-06,142.66
2025-07-23,15,2025-08-07,146.07
2025-07-23,16,2025-08-08,151.81
2025-07-23,17,2025-08-09,156.5
2025-07-23,18,2025-08-10,141.61
2025-07-23,19,2025-08-11,142.85
2025-07-23,20,2025-08-12,144.69
2025-07-23,21,2025-08-13,144.86
2025-07-23,22,2025-08-14,144.36
2025-07-23,23,2025-08-15,143.27
2025-07-23,24,2025-08-16,142.46
2025-07-23,25,2025-08-17,137.55
2025-07-23,26,2025-08-18,139.14
2025-07-23,27,2025-08-19,137.06
2025-07-23,28,2025-08-20,135.67
2025-07-23,29,2025-08-21,135.12
2025-07-23,30,2025-08-22,132.66
2025-07-24,1,2025-07-25,155.16
2025-07-24,2,2025-07-26,153.24
2025-07-24,3,2025-07-27,150.82
2025-07-24,4,2025-07-28,147.5
2025-07-24,5,2025-07-29,142.8
2025-07-24,6,2025-07-30,144.02
2025-07-24,7,2025-07-31,143.35
2025-07-24,8,2025-08-01,136.59
2025-07-24,9,2025-08-02,135.65
2025-07-24,10,2025-08-03,131.98
2025-07-24,11,2025-08-04,136.77
2025-07-24,12,2025-08-05,136.81
2025-07-24,13,2025-08-06,135.15
2025-07-24,14,2025-08-07,142.16
2025-07-24,15,2025-08-08,145.61
2025-07-24,16,2025-08-09,149.56
2025-07-24,17,2025-08-10,156.34
2025-07-24,18,2025-08-11,143.24
2025-07-24,19,2025-08-12,143.81
2025-07-24,20,2025-08-13,145.0
2025-07-24,21,2025-08-14,143.89
2025-07-24,22,2025-08-15,144.77
2025-07-24,23,2025-08-16,140.74
2025-07-24,24,2025-08-17,139.43
2025-07-24,25,2025-08-18,136.36
2025-07-24,26,2025-08-19,137.58
2025-07-24,27,2025-08-20,137.88
2025-07-24,28,2025-08-21,138.68
2025-07-24,29,2025-08-22,138.3
2025-07-24,30,2025-08-23,133.81
2025-07-25,1,2025-07-26,148.28
2025-07-25,2,2025-07-27,145.62
2025-07-25,3,2025-07-28,143.74
2025-07-25,4,2025-07-29,140.54
2025-07-25,5,2025-07-30,136.51
2025-07-25,6,2025-07-31,135.0
2025-07-25,7,2025-08-01,134.33
2025-07-25,8,2025-08-02,132.49
2025-07-25,9,2025-08-03,133.63
2025-07-25,10,2025-08-04,132.62
2025-07-25,11,2025-08-05,141.32
2025-07-25,12,2025-08-06,140.0
2025-07-25,13,2025-08-07,139.87
2025-07-25,14,2025-08-08,147.49
2025-07-25,15,2025-08-09,149.92
2025-07-25,16,2025-08-10,152.65
2025-07-25,17,2025-08-11,159.16
2025-07-25,18,2025-08-12,144.63
2025-07-25,19,2025-08-13,144.52
2025-07-25,20,2025-08-14,144.34
2025-07-25,21,2025-08-15,143.77
2025-07-25,22,2025-08-16,143.24
2025-07-25,23,2025-08-17,139.95
2025-07-25,24,2025-08-18,139.25
2025-07-25,25,2025-08-19,140.76
2025-07-25,26,2025-08-20,142.96
2025-07-25,27,2025-08-21,140.05
2025-07-25,28,2025-08-22,138.62
2025-07-25,29,2025-08-23,135.31
2025-07-25,30,2025-08-24,134.39
2025-07-26,1,2025-07-27,140.04
2025-07-26,2,2025-07-28,134.79
2025-07-26,3,2025-07-29,135.49
2025-07-26,4,2025-07-30,132.01
2025-07-26,5,2025-07-31,131.28
2025-07-26,6,2025-08-01,128.69
2025-07-26,7,2025-08-02,129.56
2025-07-26,8,2025-08-03,131.39
2025-07-26,9,2025-08-04,130.64
2025-07-26,10,2025-08-05,132.55
2025-07-26,11,2025-08-06,143.59
2025-07-26,12,2025-08-07,141.49
2025-07-26,13,2025-08-08,146.21
2025-07-26,14,2025-08-09,150.65
2025-07-26,15,2025-08-10,152.94
2025-07-26,16,2025-08-11,151.85
2025-07-26,17,2025-08-12,157.94
2025-07-26,18,2025-08-13,143.54
2025-07-26,19,2025-08-14,145.08
2025-07-26,20,2025-08-15,143.61
2025-07-26,21,2025-08-16,143.21
2025-07-26,22,2025-08-17,140.38
2025-07-26,23,2025-08-18,139.55
2025-07-26,24,2025-08-19,138.55
2025-07-26,25,2025-08-20,137.7
2025-07-26,26,2025-08-21,139.93
2025-07-26,27,2025-08-22,135.83
2025-07-26,28,2025-08-23,134.17
2025-07-26,29,2025-08-24,132.25
2025-07-26,30,2025-08-25,132.33
2025-07-27,1,2025-07-28,140.49
2025-07-27,2,2025-07-29,138.22
2025-07-27,3,2025-07-30,138.3
2025-07-27,4,2025-07-31,134.52
2025-07-27,5,2025-08-01,135.38
2025-07-27,6,2025-08-02,133.29
2025-07-27,7,2025-08-03,133.16
2025-07-27,8,2025-08-04,136.94
2025-07-27,9,2025-08-05,137.08
2025-07-27,10,2025-08-06,138.47
2025-07-27,11,2025-08-07,149.06
2025-07-27,12,2025-08-08,149.07
2025-07-27,13,2025-08-09,147.0
2025-07-27,14,2025-08-10,152.06
2025-07-27,15,2025-08-11,151.16
2025-07-27,16,2025-08-12,149.06
2025-07-27,17,2025-08-13,157.05
2025-07-27,18,2025-08-14,143.24
2025-07-27,19,2025-08-15,144.84
2025-07-27,20,2025-08-16,140.83
2025-07-27,21,2025-08-17,139.85
2025-07-27,22,2025-08-18,138.93
2025-07-27,23,2025-08-19,139.39
2025-07-27,24,2025-08-20,139.9
2025-07-27,25,2025-08-21,137.53
2025-07-27,26,2025-08-22,137.9
2025-07-27,27,2025-08-23,134.92
2025-07-27,28,2025-08-24,135.1
2025-07-27,29,2025-08-25,132.71
2025-07-27,30,2025-08-26,132.48
2025-07-28,1,2025-07-29,137.77
2025-07-28,2,2025-07-30,138.96
2025-07-28,3,2025-07-31,138.28
2025-07-28,4,2025-08-01,137.02
2025-07-28,5,2025-08-02,134.71
2025-07-28,6,2025-08-03,135.92
2025-07-28,7,2025-08-04,136.28
2025-07-28,8,2025-08-05,139.24
2025-07-28,9,2025-08-06,142.54
2025-07-28,10,2025-08-07,144.45
2025-07-28,11,2025-08-08,155.84
2025-07-28,12,2025-08-09,152.67
2025-07-28,13,2025-08-10,148.66
2025-07-28,14,2025-08-11,149.65
2025-07-28,15,2025-08-12,152.39
2025-07-28,16,2025-08-13,151.97
2025-07-28,17,2025-08-14,156.6
2025-07-28,18,2025-08-15,143.23
2025-07-28,19,2025-08-16,142.58
2025-07-28,20,2025-08-17,139.98
2025-07-28,21,2025-08-18,140.52
2025-07-28,22,2025-08-19,140.39
2025-07-28,23,2025-08-20,140.52
2025-07-28,24,2025-08-21,138.85
2025-07-28,25,2025-08-22,137.15
2025-07-28,26,2025-08-23,137.72
2025-07-28,27,2025-08-24,135.16
2025-07-28,28,2025-08-25,134.9
2025-07-28,29,2025-08-26,133.44
2025-07-28,30,2025-08-27,132.58
2025-07-29,1,2025-07-30,144.32
2025-07-29,2,2025-07-31,145.05
2025-07-29,3,2025-08-01,140.72
2025-07-29,4,2025-08-02,143.84
2025-07-29,5,2025-08-03,141.29
2025-07-29,6,2025-08-04,138.24
2025-07-29,7,2025-08-05,140.99
2025-07-29,8,2025-08-06,144.42
2025-07-29,9,2025-08-07,149.39
2025-07-29,10,2025-08-08,151.73
2025-07-29,11,2025-08-09,159.74
2025-07-29,12,2025-08-10,153.4
2025-07-29,13,2025-08-11,152.26
2025-07-29,14,2025-08-12,152.38
2025-07-29,15,2025-08-13,153.67
2025-07-29,16,2025-08-14,157.72
2025-07-29,17,2025-08-15,161.86
2025-07-29,18,2025-08-16,141.83
2025-07-29,19,2025-08-17,140.65
2025-07-29,20,2025-08-18,139.01
2025-07-29,21,2025-08-19,140.8
2025-07-29,22,2025-08-20,140.86
2025-07-29,23,2025-08-21,137.56
2025-07-29,24,2025-08-22,138.92
2025-07-29,25,2025-08-23,135.45
2025-07-29,26,2025-08-24,137.26
2025-07-29,27,2025-08-25,136.66
2025-07-29,28,2025-08-26,137.15
2025-07-29,29,2025-08-27,136.39
2025-07-29,30,2025-08-28,136.26
2025-07-30,1,2025-07-31,147.27
2025-07-30,2,2025-08-01,148.77
2025-07-30,3,2025-08-02,146.49
2025-07-30,4,2025-08-03,149.7
2025-07-30,5,2025-08-04,144.84
2025-07-30,6,2025-08-05,148.18
2025-07-30,7,2025-08-06,150.05
2025-07-30,8,2025-08-07,150.39
2025-07-30,9,2025-08-08,154.96
2025-07-30,10,2025-08-09,154.27
2025-07-30,11,2025-08-10,161.51
2025-07-30,12,2025-08-11,156.03
2025-07-30,13,2025-08-12,152.68
2025-07-30,14,2025-08-13,156.31
2025-07-30,15,2025-08-14,155.51
2025-07-30,16,2025-08-15,157.76
2025-07-30,17,2025-08-16,157.74
2025-07-30,18,2025-08-17,138.6
2025-07-30,19,2025-08-18,140.2
2025-07-30,20,2025-08-19,137.42
2025-07-30,21,2025-08-20,140.2
2025-07-30,22,2025-08-21,142.1
2025-07-30,23,2025-08-22,139.1
2025-07-30,24,2025-08-23,138.94
2025-07-30,25,2025-08-24,139.12
2025-07-30,26,2025-08-25,143.7
2025-07-30,27,2025-08-26,139.96
2025-07-30,28,2025-08-27,139.32
2025-07-30,29,2025-08-28,137.58
2025-07-30,30,2025-08-29,137.13
2025-07-31,1,2025-08-01,143.22
2025-07-31,2,2025-08-02,144.72
2025-07-31,3,2025-08-03,145.19
2025-07-31,4,2025-08-04,147.29
2025-07-31,5,2025-08-05,146.91
2025-07-31,6,2025-08-06,148.62
2025-07-31,7,2025-08-07,150.82
2025-07-31,8,2025-08-08,154.42
2025-07-31,9,2025-08-09,154.24
2025-07-31,10,2025-08-10,156.64
2025-07-31,11,2025-08-11,155.93
2025-07-31,12,2025-08-12,153.9
2025-07-31,13,2025-08-13,151.92
2025-07-31,14,2025-08-14,152.76
2025-07-31,15,2025-08-15,156.34
2025-07-31,16,2025-08-16,155.01
2025-07-31,17,2025-08-17,151.46
2025-07-31,18,2025-08-18,138.03
2025-07-31,19,2025-08-19,141.89
2025-07-31,20,2025-08-20,138.56
2025-07-31,21,2025-08-21,141.65
2025-07-31,22,2025-08-22,140.1
2025-07-31,23,2025-08-23,138.84
2025-07-31,24,2025-08-24,141.18
2025-07-31,25,2025-08-25,140.0
2025-07-31,26,2025-08-26,143.28
2025-07-31,27,2025-08-27,139.69
2025-07-31,28,2025-08-28,137.45
2025-07-31,29,2025-08-29,136.14
2025-07-31,30,2025-08-30,135.29
2025-08-01,1,2025-08-02,143.51
2025-08-01,2,2025-08-03,145.8
2025-08-01,3,2025-08-04,143.84
2025-08-01,4,2025-08-05,147.21
2025-08-01,5,2025-08-06,148.62
2025-08-01,6,2025-08-07,149.31
2025-08-01,7,2025-08-08,151.86
2025-08-01,8,2025-08-09,153.53
2025-08-01,9,2025-08-10,151.96
2025-08-01,10,2025-08-11,154.21
2025-08-01,11,2025-08-12,151.72
2025-08-01,12,2025-08-13,150.53
2025-08-01,13,2025-08-14,146.73
2025-08-01,14,2025-08-15,151.85
2025-08-01,15,2025-08-16,150.61
2025-08-01,16,2025-08-17,149.18
2025-08-01,17,2025-08-18,149.94
2025-08-01,18,2025-08-19,139.29
2025-08-01,19,2025-08-20,140.66
2025-08-01,20,2025-08-21,139.64
2025-08-01,21,2025-08-22,139.3
2025-08-01,22,2025-08-23,140.09
2025-08-01,23,2025-08-24,140.55
2025-08-01,24,2025-08-25,142.19
2025-08-01,25,2025-08-26,142.71
2025-08-01,26,2025-08-27,144.7
2025-08-01,27,2025-08-28,141.39
2025-08-01,28,2025-08-29,139.57
2025-08-01,29,2025-08-30,139.66
2025-08-01,30,2025-08-31,136.76
2025-08-02,1,2025-08-03,149.36
2025-08-02,2,2025-08-04,151.42
2025-08-02,3,2025-08-05,151.52
2025-08-02,4,2025-08-06,155.52
2025-08-02,5,2025-08-07,154.54
2025-08-02,6,2025-08-08,155.89
2025-08-02,7,2025-08-09,157.87
2025-08-02,8,2025-08-10,155.51
2025-08-02,9,2025-08-11,155.31
2025-08-02,10,2025-08-12,154.35
2025-08-02,11,2025-08-13,154.05
2025-08-02,12,2025-08-14,154.01
2025-08-02,13,2025-08-15,149.12
2025-08-02,14,2025-08-16,151.53
2025-08-02,15,2025-08-17,145.86
2025-08-02,16,2025-08-18,147.59
2025-08-02,17,2025-08-19,150.31
2025-08-02,18,2025-08-20,141.29
2025-08-02,19,2025-08-21,141.45
2025-08-02,20,2025-08-22,139.28
2025-08-02,21,2025-08-23,142.48
2025-08-02,22,2025-08-24,143.04
2025-08-02,23,2025-08-25,141.68
2025-08-02,24,2025-08-26,142.05
2025-08-02,25,2025-08-27,142.04
2025-08-02,26,2025-08-28,144.02
2025-08-02,27,2025-08-29,141.93
2025-08-02,28,2025-08-30,139.41
2025-08-02,29,2025-08-31,139.68
2025-08-02,30,2025-09-01,137.19
2025-08-03,1,2025-08-04,149.85
2025-08-03,2,2025-08-05,152.44
2025-08-03,3,2025-08-06,149.44
2025-08-03,4,2025-08-07,153.95
2025-08-03,5,2025-08-08,148.82
2025-08-03,6,2025-08-09,152.31
2025-08-03,7,2025-08-10,154.92
2025-08-03,8,2025-08-11,155.97
2025-08-03,9,2025-08-12,151.35
2025-08-03,10,2025-08-13,153.42
2025-08-03,11,2025-08-14,152.15
2025-08-03,12,2025-08-15,154.42
2025-08-03,13,2025-08-16,148.38
2025-08-03,14,2025-08-17,148.3
2025-08-03,15,2025-08-18,147.44
2025-08-03,16,2025-08-19,147.07
2025-08-03,17,2025-08-20,151.99
2025-08-03,18,2025-08-21,141.45
2025-08-03,19,2025-08-22,140.94
2025-08-03,20,2025-08-23,138.9
2025-08-03,21,2025-08-24,141.59
2025-08-03,22,2025-08-25,145.16
2025-08-03,23,2025-08-26,143.7
2025-08-03,24,2025-08-27,144.33
2025-08-03,25,2025-08-28,142.87
2025-08-03,26,2025-08-29,144.58
2025-08-03,27,2025-08-30,142.88
2025-08-03,28,2025-08-31,141.77
2025-08-03,29,2025-09-01,142.29
2025-08-03,30,2025-09-02,137.86
2025-08-04,1,2025-08-05,145.81
2025-08-04,2,2025-08-06,145.07
2025-08-04,3,2025-08-07,147.98
2025-08-04,4,2025-08-08,152.13
2025-08-04,5,2025-08-09,153.16
2025-08-04,6,2025-08-10,150.73
2025-08-04,7,2025-08-11,152.3
2025-08-04,8,2025-08-12,149.78
2025-08-04,9,2025-08-13,150.5
2025-08-04,10,2025-08-14,150.1
2025-08-04,11,2025-08-15,153.61
2025-08-04,12,2025-08-16,150.55
2025-08-04,13,2025-08-17,147.22
2025-08-04,14,2025-08-18,147.84
2025-08-04,15,2025-08-19,146.29
2025-08-04,16,2025-08-20,152.16
2025-08-04,17,2025-08-21,155.59
2025-08-04,18,2025-08-22,142.35
2025-08-04,19,2025-08-23,142.24
2025-08-04,20,2025-08-24,141.96
2025-08-04,21,2025-08-25,143.65
2025-08-04,22,2025-08-26,144.47
2025-08-04,23,2025-08-27,142.61
2025-08-04,24,2025-08-28,142.05
2025-08-04,25,2025-08-29,141.56
2025-08-04,26,2025-08-30,142.9
2025-08-04,27,2025-08-31,139.84
2025-08-04,28,2025-09-01,139.91
2025-08-04,29,2025-09-02,140.72
2025-08-04,30,2025-09-03,137.49
2025-08-05,1,2025-08-06,157.07
2025-08-05,2,2025-08-07,156.32
2025-08-05,3,2025-08-08,156.15
2025-08-05,4,2025-08-09,157.61
2025-08-05,5,2025-08-10,153.32
2025-08-05,6,2025-08-11,148.53
2025-08-05,7,2025-08-12,149.22
2025-08-05,8,2025-08-13,150.38
2025-08-05,9,2025-08-14,151.68
2025-08-05,10,2025-08-15,148.95
2025-08-05,11,2025-08-16,151.34
2025-08-05,12,2025-08-17,147.95
2025-08-05,13,2025-08-18,145.61
2025-08-05,14,2025-08-19,146.08
2025-08-05,15,2025-08-20,148.3
2025-08-05,16,2025-08-21,153.33
2025-08-05,17,2025-08-22,156.52
2025-08-05,18,2025-08-23,141.56
2025-08-05,19,2025-08-24,143.11
2025-08-05,20,2025-08-25,142.41
2025-08-05,21,2025-08-26,143.48
2025-08-05,22,2025-08-27,145.89
2025-08-05,23,2025-08-28,143.41
2025-08-05,24,2025-08-29,141.87
2025-08-05,25,2025-08-30,142.4
2025-08-05,26,2025-08-31,145.83
2025-08-05,27,2025-09-01,143.3
2025-08-05,28,2025-09-02,144.7
2025-08-05,29,2025-09-03,146.8
2025-08-05,30,2025-09-04,141.42
2025-08-06,1,2025-08-07,159.53
2025-08-06,2,2025-08-08,159.88
2025-08-06,3,2025-08-09,156.41
2025-08-06,4,2025-08-10,155.61
2025-08-06,5,2025-08-11,152.37
2025-08-06,6,2025-08-12,148.39
2025-08-06,7,2025-08-13,148.22
2025-08-06,8,2025-08-14,148.2
2025-08-06,9,2025-08-15,151.78
2025-08-06,10,2025-08-16,148.48
2025-08-06,11,2025-08-17,151.79
2025-08-06,12,2025-08-18,147.65
2025-08-06,13,2025-08-19,147.91
2025-08-06,14,2025-08-20,151.53
2025-08-06,15,2025-08-21,152.6
2025-08-06,16,2025-08-22,150.68
2025-08-06,17,2025-08-23,156.37
2025-08-06,18,2025-08-24,143.45
2025-08-06,19,2025-08-25,146.69
2025-08-06,20,2025-08-26,144.6
2025-08-06,21,2025-08-27,145.6
2025-08-06,22,2025-08-28,143.8
2025-08-06,23,2025-08-29,142.75
2025-08-06,24,2025-08-30,145.22
2025-08-06,25,2025-08-31,145.06
2025-08-06,26,2025-09-01,147.55
2025-08-06,27,2025-09-02,147.67
2025-08-06,28,2025-09-03,147.37
2025-08-06,29,2025-09-04,149.56
2025-08-06,30,2025-09-05,144.66
2025-08-07,1,2025-08-08,152.04
2025-08-07,2,2025-08-09,148.86
2025-08-07,3,2025-08-10,147.64
2025-08-07,4,2025-08-11,146.88
2025-08-07,5,2025-08-12,144.19
2025-08-07,6,2025-08-13,147.44
2025-08-07,7,2025-08-14,149.81
2025-08-07,8,2025-08-15,151.94
2025-08-07,9,2025-08-16,153.35
2025-08-07,10,2025-08-17,152.12
2025-08-07,11,2025-08-18,152.5
2025-08-07,12,2025-08-19,152.04
2025-08-07,13,2025-08-20,153.51
2025-08-07,14,2025-08-21,152.69
2025-08-07,15,2025-08-22,151.52
2025-08-07,16,2025-08-23,152.59
2025-08-07,17,2025-08-24,159.2
2025-08-07,18,2025-08-25,143.67
2025-08-07,19,2025-08-26,147.66
2025-08-07,20,2025-08-27,144.81
2025-08-07,21,2025-08-28,144.33
2025-08-07,22,2025-08-29,144.04
2025-08-07,23,2025-08-30,142.32
2025-08-07,24,2025-08-31,145.39
2025-08-07,25,2025-09-01,145.64
2025-08-07,26,2025-09-02,145.68
2025-08-07,27,2025-09-03,146.7
2025-08-07,28,2025-09-04,146.2
2025-08-07,29,2025-09-05,146.46
2025-08-07,30,2025-09-06,142.87
2025-08-08,1,2025-08-09,146.15
2025-08-08,2,2025-08-10,144.0
2025-08-08,3,2025-08-11,140.76
2025-08-08,4,2025-08-12,139.92
2025-08-08,5,2025-08-13,141.54
2025-08-08,6,2025-08-14,142.57
2025-08-08,7,2025-08-15,144.27
2025-08-08,8,2025-08-16,145.94
2025-08-08,9,2025-08-17,144.93
2025-08-08,10,2025-08-18,143.35
2025-08-08,11,2025-08-19,152.24
2025-08-08,12,2025-08-20,155.11
2025-08-08,13,2025-08-21,155.82
2025-08-08,14,2025-08-22,153.33
2025-08-08,15,2025-08-23,158.1
2025-08-08,16,2025-08-24,157.64
2025-08-08,17,2025-08-25,160.99
2025-08-08,18,2025-08-26,146.66
2025-08-08,19,2025-08-27,147.95
2025-08-08,20,2025-08-28,146.72
2025-08-08,21,2025-08-29,146.49
2025-08-08,22,2025-08-30,147.37
2025-08-08,23,2025-08-31,146.85
2025-08-08,24,2025-09-01,147.87
2025-08-08,25,2025-09-02,147.68
2025-08-08,26,2025-09-03,150.4
2025-08-08,27,2025-09-04,151.89
2025-08-08,28,2025-09-05,149.37
2025-08-08,29,2025-09-06,148.86
2025-08-08,30,2025-09-07,145.87
2025-08-09,1,2025-08-10,137.29
2025-08-09,2,2025-08-11,135.47
2025-08-09,3,2025-08-12,134.25
2025-08-09,4,2025-08-13,137.77
2025-08-09,5,2025-08-14,138.76
2025-08-09,6,2025-08-15,140.17
2025-08-09,7,2025-08-16,141.91
2025-08-09,8,2025-08-17,144.04
2025-08-09,9,2025-08-18,144.83
2025-08-09,10,2025-08-19,148.86
2025-08-09,11,2025-08-20,156.4
2025-08-09,12,2025-08-21,156.89
2025-08-09,13,2025-08-22,152.52
2025-08-09,14,2025-08-23,155.56
2025-08-09,15,2025-08-24,154.81
2025-08-09,16,2025-08-25,158.89
2025-08-09,17,2025-08-26,160.83
2025-08-09,18,2025-08-27,146.88
2025-08-09,19,2025-08-28,147.69
2025-08-09,20,2025-08-29,145.32
2025-08-09,21,2025-08-30,146.33
2025-08-09,22,2025-08-31,145.25
2025-08-09,23,2025-09-01,146.61
2025-08-09,24,2025-09-02,145.71
2025-08-09,25,2025-09-03,142.97
2025-08-09,26,2025-09-04,144.23
2025-08-09,27,2025-09-05,141.54
2025-08-09,28,2025-09-06,140.69
2025-08-09,29,2025-09-07,140.72
2025-08-09,30,2025-09-08,140.43
2025-08-10,1,2025-08-11,148.21
2025-08-10,2,2025-08-12,148.86
2025-08-10,3,2025-08-13,145.67
2025-08-10,4,2025-08-14,145.33
2025-08-10,5,2025-08-15,140.67
2025-08-10,6,2025-08-16,141.44
2025-08-10,7,2025-08-17,139.98
2025-08-10,8,2025-08-18,146.17
2025-08-10,9,2025-08-19,148.0
2025-08-10,10,2025-08-20,151.03
2025-08-10,11,2025-08-21,159.96
2025-08-10,12,2025-08-22,156.23
2025-08-10,13,2025-08-23,152.31
2025-08-10,14,2025-08-24,150.08
2025-08-10,15,2025-08-25,153.69
2025-08-10,16,2025-08-26,157.61
2025-08-10,17,2025-08-27,158.0
2025-08-10,18,2025-08-28,146.01
2025-08-10,19,2025-08-29,147.39
2025-08-10,20,2025-08-30,146.96
2025-08-10,21,2025-08-31,147.32
2025-08-10,22,2025-09-01,148.9
2025-08-10,23,2025-09-02,149.5
2025-08-10,24,2025-09-03,148.78
2025-08-10,25,2025-09-04,149.03
2025-08-10,26,2025-09-05,149.92
2025-08-10,27,2025-09-06,148.78
2025-08-10,28,2025-09-07,147.46
2025-08-10,29,2025-09-08,146.9
2025-08-10,30,2025-09-09,146.52
2025-08-11,1,2025-08-12,144.94
2025-08-11,2,2025-08-13,144.88
2025-08-11,3,2025-08-14,143.04
2025-08-11,4,2025-08-15,143.9
2025-08-11,5,2025-08-16,142.27
2025-08-11,6,2025-08-17,140.95
2025-08-11,7,2025-08-18,145.28
2025-08-11,8,2025-08-19,146.81
2025-08-11,9,2025-08-20,150.18
2025-08-11,10,2025-08-21,153.9
2025-08-11,11,2025-08-22,161.68
2025-08-11,12,2025-08-23,158.57
2025-08-11,13,2025-08-24,153.85
2025-08-11,14,2025-08-25,153.14
2025-08-11,15,2025-08-26,158.24
2025-08-11,16,2025-08-27,160.5
2025-08-11,17,2025-08-28,161.45
2025-08-11,18,2025-08-29,145.85
2025-08-11,19,2025-08-30,148.97
2025-08-11,20,2025-08-31,147.05
2025-08-11,21,2025-09-01,147.84
2025-08-11,22,2025-09-02,150.01
2025-08-11,23,2025-09-03,149.07
2025-08-11,24,2025-09-04,151.34
2025-08-11,25,2025-09-05,148.11
2025-08-11,26,2025-09-06,149.68
2025-08-11,27,2025-09-07,148.16
2025-08-11,28,2025-09-08,146.24
2025-08-11,29,2025-09-09,144.71
2025-08-11,30,2025-09-10,144.2
2025-08-12,1,2025-08-13,149.46
2025-08-12,2,2025-08-14,147.55
2025-08-12,3,2025-08-15,148.02
2025-08-12,4,2025-08-16,146.04
2025-08-12,5,2025-08-17,143.53
2025-08-12,6,2025-08-18,141.45
2025-08-12,7,2025-08-19,146.46
2025-08-12,8,2025-08-20,150.0
2025-08-12,9,2025-08-21,154.14
2025-08-12,10,2025-08-22,156.3
2025-08-12,11,2025-08-23,163.19
2025-08-12,12,2025-08-24,159.17
2025-08-12,13,2025-08-25,157.39
2025-08-12,14,2025-08-26,157.67
2025-08-12,15,2025-08-27,159.68
2025-08-12,16,2025-08-28,163.04
2025-08-12,17,2025-08-29,164.38
2025-08-12,18,2025-08-30,149.38
2025-08-12,19,2025-08-31,148.95
2025-08-12,20,2025-09-01,149.96
2025-08-12,21,2025-09-02,149.14
2025-08-12,22,2025-09-03,151.29
2025-08-12,23,2025-09-04,150.34
2025-08-12,24,2025-09-05,148.89
2025-08-12,25,2025-09-06,146.76
2025-08-12,26,2025-09-07,147.97
2025-08-12,27,2025-09-08,147.78
2025-08-12,28,2025-09-09,146.23
2025-08-12,29,2025-09-10,146.08
2025-08-12,30,2025-09-11,144.27
2025-08-13,1,2025-08-14,140.5
2025-08-13,2,2025-08-15,144.69
2025-08-13,3,2025-08-16,141.18
2025-08-13,4,2025-08-17,141.9
2025-08-13,5,2025-08-18,140.31
2025-08-13,6,2025-08-19,141.31
2025-08-13,7,2025-08-20,145.35
2025-08-13,8,2025-08-21,152.96
2025-08-13,9,2025-08-22,153.48
2025-08-13,10,2025-08-23,155.77
2025-08-13,11,2025-08-24,165.56
2025-08-13,12,2025-08-25,160.29
2025-08-13,13,2025-08-26,158.41
2025-08-13,14,2025-08-27,157.41
2025-08-13,15,2025-08-28,162.97
2025-08-13,16,2025-08-29,166.45
2025-08-13,17,2025-08-30,167.04
2025-08-13,18,2025-08-31,146.84
2025-08-13,19,2025-09-01,151.32
2025-08-13,20,2025-09-02,150.56
2025-08-13,21,2025-09-03,150.69
2025-08-13,22,2025-09-04,151.81
2025-08-13,23,2025-09-05,151.46
2025-08-13,24,2025-09-06,149.47
2025-08-13,25,2025-09-07,147.28
2025-08-13,26,2025-09-08,147.11
2025-08-13,27,2025-09-09,147.35
2025-08-13,28,2025-09-10,146.26
2025-08-13,29,2025-09-11,145.42
2025-08-13,30,2025-09-12,144.04
2025-08-14,1,2025-08-15,134.2
2025-08-14,2,2025-08-16,135.32
2025-08-14,3,2025-08-17,134.44
2025-08-14,4,2025-08-18,136.69
2025-08-14,5,2025-08-19,138.87
2025-08-14,6,2025-08-20,139.3
2025-08-14,7,2025-08-21,146.9
2025-08-14,8,2025-08-22,153.17
2025-08-14,9,2025-08-23,153.38
2025-08-14,10,2025-08-24,153.44
2025-08-14,11,2025-08-25,168.33
2025-08-14,12,2025-08-26,162.1
2025-08-14,13,2025-08-27,157.54
2025-08-14,14,2025-08-28,158.58
2025-08-14,15,2025-08-29,158.77
2025-08-14,16,2025-08-30,161.66
2025-08-14,17,2025-08-31,165.58
2025-08-14,18,2025-09-01,147.65
2025-08-14,19,2025-09-02,149.91
2025-08-14,20,2025-09-03,150.57
2025-08-14,21,2025-09-04,149.88
2025-08-14,22,2025-09-05,149.09
2025-08-14,23,2025-09-06,149.43
2025-08-14,24,2025-09-07,146.38
2025-08-14,25,2025-09-08,146.39
2025-08-14,26,2025-09-09,145.22
2025-08-14,27,2025-09-10,144.06
2025-08-14,28,2025-09-11,145.8
2025-08-14,29,2025-09-12,144.58
2025-08-14,30,2025-09-13,143.65
2025-08-15,1,2025-08-16,129.53
2025-08-15,2,2025-08-17,128.04
2025-08-15,3,2025-08-18,128.09
2025-08-15,4,2025-08-19,129.81
2025-08-15,5,2025-08-20,133.96
2025-08-15,6,2025-08-21,141.85
2025-08-15,7,2025-08-22,148.66
2025-08-15,8,2025-08-23,150.94
2025-08-15,9,2025-08-24,156.4
2025-08-15,10,2025-08-25,156.23
2025-08-15,11,2025-08-26,169.11
2025-08-15,12,2025-08-27,162.62
2025-08-15,13,2025-08-28,157.46
2025-08-15,14,2025-08-29,157.91
2025-08-15,15,2025-08-30,159.65
2025-08-15,16,2025-08-31,162.56
2025-08-15,17,2025-09-01,166.23
2025-08-15,18,2025-09-02,149.11
2025-08-15,19,2025-09-03,150.82
2025-08-15,20,2025-09-04,149.54
2025-08-15,21,2025-09-05,149.58
2025-08-15,22,2025-09-06,146.33
2025-08-15,23,2025-09-07,146.9
2025-08-15,24,2025-09-08,144.82
2025-08-15,25,2025-09-09,142.96
2025-08-15,26,2025-09-10,144.01
2025-08-15,27,2025-09-11,142.46
2025-08-15,28,2025-09-12,144.2
2025-08-15,29,2025-09-13,142.02
2025-08-15,30,2025-09-14,140.25
2025-08-16,1,2025-08-17,127.32
2025-08-16,2,2025-08-18,126.07
2025-08-16,3,2025-08-19,127.91
2025-08-16,4,2025-08-20,133.02
2025-08-16,5,2025-08-21,136.58
2025-08-16,6,2025-08-22,142.2
2025-08-16,7,2025-08-23,148.53
2025-08-16,8,2025-08-24,152.32
2025-08-16,9,2025-08-25,153.67
2025-08-16,10,2025-08-26,162.25
2025-08-16,11,2025-08-27,165.81
2025-08-16,12,2025-08-28,163.49
2025-08-16,13,2025-08-29,159.53
2025-08-16,14,2025-08-30,158.61
2025-08-16,15,2025-08-31,162.56
2025-08-16,16,2025-09-01,164.76
2025-08-16,17,2025-09-02,166.9
2025-08-16,18,2025-09-03,147.14
2025-08-16,19,2025-09-04,149.7
2025-08-16,20,2025-09-05,147.39
2025-08-16,21,2025-09-06,146.03
2025-08-16,22,2025-09-07,144.44
2025-08-16,23,2025-09-08,145.29
2025-08-16,24,2025-09-09,144.08
2025-08-16,25,2025-09-10,141.8
2025-08-16,26,2025-09-11,142.74
2025-08-16,27,2025-09-12,140.87
2025-08-16,28,2025-09-13,142.41
2025-08-16,29,2025-09-14,139.43
2025-08-16,30,2025-09-15,138.13
2025-08-17,1,2025-08-18,118.7
2025-08-17,2,2025-08-19,120.69
2025-08-17,3,2025-08-20,121.92
2025-08-17,4,2025-08-21,129.58
2025-08-17,5,2025-08-22,136.7
2025-08-17,6,2025-08-23,141.81
2025-08-17,7,2025-08-24,147.21
2025-08-17,8,2025-08-25,151.94
2025-08-17,9,2025-08-26,156.32
2025-08-17,10,2025-08-27,159.4
2025-08-17,11,2025-08-28,164.84
2025-08-17,12,2025-08-29,163.2
2025-08-17,13,2025-08-30,160.17
2025-08-17,14,2025-08-31,162.07
2025-08-17,15,2025-09-01,163.73
2025-08-17,16,2025-09-02,161.16
2025-08-17,17,2025-09-03,164.79
2025-08-17,18,2025-09-04,149.34
2025-08-17,19,2025-09-05,148.78
2025-08-17,20,2025-09-06,145.39
2025-08-17,21,2025-09-07,145.44
2025-08-17,22,2025-09-08,144.15
2025-08-17,23,2025-09-09,142.69
2025-08-17,24,2025-09-10,141.92
2025-08-17,25,2025-09-11,139.67
2025-08-17,26,2025-09-12,137.53
2025-08-17,27,2025-09-13,136.15
2025-08-17,28,2025-09-14,134.58
2025-08-17,29,2025-09-15,133.72
2025-08-17,30,2025-09-16,134.02
2025-08-18,1,2025-08-19,117.6
2025-08-18,2,2025-08-20,119.09
2025-08-18,3,2025-08-21,124.07
2025-08-18,4,2025-08-22,134.2
2025-08-18,5,2025-08-23,138.43
2025-08-18,6,2025-08-24,145.34
2025-08-18,7,2025-08-25,151.11
2025-08-18,8,2025-08-26,155.95
2025-08-18,9,2025-08-27,161.75
2025-08-18,10,2025-08-28,163.12
2025-08-18,11,2025-08-29,167.44
2025-08-18,12,2025-08-30,165.65
2025-08-18,13,2025-08-31,159.16
2025-08-18,14,2025-09-01,164.24
2025-08-18,15,2025-09-02,160.36
2025-08-18,16,2025-09-03,160.83
2025-08-18,17,2025-09-04,159.38
2025-08-18,18,2025-09-05,148.32
2025-08-18,19,2025-09-06,145.71
2025-08-18,20,2025-09-07,145.39
2025-08-18,21,2025-09-08,143.69
2025-08-18,22,2025-09-09,141.75
2025-08-18,23,2025-09-10,141.02
2025-08-18,24,2025-09-11,138.58
2025-08-18,25,2025-09-12,136.98
2025-08-18,26,2025-09-13,134.51
2025-08-18,27,2025-09-14,132.09
2025-08-18,28,2025-09-15,130.28
2025-08-18,29,2025-09-16,129.82
2025-08-18,30,2025-09-17,132.87
2025-08-19,1,2025-08-20,117.16
2025-08-19,2,2025-08-21,122.17
2025-08-19,3,2025-08-22,128.71
2025-08-19,4,2025-08-23,138.92
2025-08-19,5,2025-08-24,141.91
2025-08-19,6,2025-08-25,148.46
2025-08-19,7,2025-08-26,154.4
2025-08-19,8,2025-08-27,157.89
2025-08-19,9,2025-08-28,162.15
2025-08-19,10,2025-08-29,164.75
2025-08-19,11,2025-08-30,168.78
2025-08-19,12,2025-08-31,162.71
2025-08-19,13,2025-09-01,158.18
2025-08-19,14,2025-09-02,158.36
2025-08-19,15,2025-09-03,157.86
2025-08-19,16,2025-09-04,158.07
2025-08-19,17,2025-09-05,153.42
2025-08-19,18,2025-09-06,145.78
2025-08-19,19,2025-09-07,142.06
2025-08-19,20,2025-09-08,143.58
2025-08-19,21,2025-09-09,140.3
2025-08-19,22,2025-09-10,139.38
2025-08-19,23,2025-09-11,138.33
2025-08-19,24,2025-09-12,136.15
2025-08-19,25,2025-09-13,132.49
2025-08-19,26,2025-09-14,131.31
2025-08-19,27,2025-09-15,128.26
2025-08-19,28,2025-09-16,128.5
2025-08-19,29,2025-09-17,130.74
2025-08-19,30,2025-09-18,133.01
2025-08-20,1,2025-08-21,120.64
2025-08-20,2,2025-08-22,128.89
2025-08-20,3,2025-08-23,135.2
2025-08-20,4,2025-08-24,144.22
2025-08-20,5,2025-08-25,145.77
2025-08-20,6,2025-08-26,152.01
2025-08-20,7,2025-08-27,158.33
2025-08-20,8,2025-08-28,158.96
2025-08-20,9,2025-08-29,160.1
2025-08-20,10,2025-08-30,163.2
2025-08-20,11,2025-08-31,166.27
2025-08-20,12,2025-09-01,162.46
2025-08-20,13,2025-09-02,160.72
2025-08-20,14,2025-09-03,158.31
2025-08-20,15,2025-09-04,159.65
2025-08-20,16,2025-09-05,159.6
2025-08-20,17,2025-09-06,153.89
2025-08-20,18,2025-09-07,143.81
2025-08-20,19,2025-09-08,140.84
2025-08-20,20,2025-09-09,141.51
2025-08-20,21,2025-09-10,139.46
2025-08-20,22,2025-09-11,136.84
2025-08-20,23,2025-09-12,136.39
2025-08-20,24,2025-09-13,133.17
2025-08-20,25,2025-09-14,131.53
2025-08-20,26,2025-09-15,130.48
2025-08-20,27,2025-09-16,128.08
2025-08-20,28,2025-09-17,128.88
2025-08-20,29,2025-09-18,130.35
2025-08-20,30,2025-09-19,132.23
2025-08-21,1,2025-08-22,126.46
2025-08-21,2,2025-08-23,134.42
2025-08-21,3,2025-08-24,143.78
2025-08-21,4,2025-08-25,153.71
2025-08-21,5,2025-08-26,151.5
2025-08-21,6,2025-08-27,157.98
2025-08-21,7,2025-08-28,161.96
2025-08-21,8,2025-08-29,164.98
2025-08-21,9,2025-08-30,166.39
2025-08-21,10,2025-08-31,166.11
2025-08-21,11,2025-09-01,170.71
2025-08-21,12,2025-09-02,162.44
2025-08-21,13,2025-09-03,158.28
2025-08-21,14,2025-09-04,156.34
2025-08-21,15,2025-09-05,158.01
2025-08-21,16,2025-09-06,153.03
2025-08-21,17,2025-09-07,150.06
2025-08-21,18,2025-09-08,141.48
2025-08-21,19,2025-09-09,139.84
2025-08-21,20,2025-09-10,139.75
2025-08-21,21,2025-09-11,137.67
2025-08-21,22,2025-09-12,135.04
2025-08-21,23,2025-09-13,132.94
2025-08-21,24,2025-09-14,130.83
2025-08-21,25,2025-09-15,128.73
2025-08-21,26,2025-09-16,129.07
2025-08-21,27,2025-09-17,129.59
2025-08-21,28,2025-09-18,130.53
2025-08-21,29,2025-09-19,132.69
2025-08-21,30,2025-09-20,134.87
2025-08-22,1,2025-08-23,138.43
2025-08-22,2,2025-08-24,147.86
2025-08-22,3,2025-08-25,156.28
2025-08-22,4,2025-08-26,162.25
2025-08-22,5,2025-08-27,162.98
2025-08-22,6,2025-08-28,164.01
2025-08-22,7,2025-08-29,161.62
2025-08-22,8,2025-08-30,161.02
2025-08-22,9,2025-08-31,158.27
2025-08-22,10,2025-09-01,158.42
2025-08-22,11,2025-09-02,159.25
2025-08-22,12,2025-09-03,154.67
2025-08-22,13,2025-09-04,149.22
2025-08-22,14,2025-09-05,147.94
2025-08-22,15,2025-09-06,149.63
2025-08-22,16,2025-09-07,145.93
2025-08-22,17,2025-09-08,141.42
2025-08-22,18,2025-09-09,140.43
2025-08-22,19,2025-09-10,140.49
2025-08-22,20,2025-09-11,137.94
2025-08-22,21,2025-09-12,136.03
2025-08-22,22,2025-09-13,134.37
2025-08-22,23,2025-09-14,132.43
2025-08-22,24,2025-09-15,129.48
2025-08-22,25,2025-09-16,128.65
2025-08-22,26,2025-09-17,130.28
2025-08-22,27,2025-09-18,130.28
2025-08-22,28,2025-09-19,132.06
2025-08-22,29,2025-09-20,134.22
2025-08-22,30,2025-09-21,135.58
2025-08-23,1,2025-08-24,146.15
2025-08-23,2,2025-08-25,150.77
2025-08-23,3,2025-08-26,159.66
2025-08-23,4,2025-08-27,164.95
2025-08-23,5,2025-08-28,166.42
2025-08-23,6,2025-08-29,161.25
2025-08-23,7,2025-08-30,158.42
2025-08-23,8,2025-08-31,155.4
2025-08-23,9,2025-09-01,154.12
2025-08-23,10,2025-09-02,152.29
2025-08-23,11,2025-09-03,153.08
2025-08-23,12,2025-09-04,148.25
2025-08-23,13,2025-09-05,142.87
2025-08-23,14,2025-09-06,146.89
2025-08-23,15,2025-09-07,144.2
2025-08-23,16,2025-09-08,141.77
2025-08-23,17,2025-09-09,141.38
2025-08-23,18,2025-09-10,141.18
2025-08-23,19,2025-09-11,139.28
2025-08-23,20,2025-09-12,135.86
2025-08-23,21,2025-09-13,134.71
2025-08-23,22,2025-09-14,132.76
2025-08-23,23,2025-09-15,132.05
2025-08-23,24,2025-09-16,129.87
2025-08-23,25,2025-09-17,129.33
2025-08-23,26,2025-09-18,132.04
2025-08-23,27,2025-09-19,134.21
2025-08-23,28,2025-09-20,134.97
2025-08-23,29,2025-09-21,135.36
2025-08-23,30,2025-09-22,137.74
2025-08-24,1,2025-08-25,160.65
2025-08-24,2,2025-08-26,166.81
2025-08-24,3,2025-08-27,172.92
2025-08-24,4,2025-08-28,173.15
2025-08-24,5,2025-08-29,167.77
2025-08-24,6,2025-08-30,157.22
2025-08-24,7,2025-08-31,153.92
2025-08-24,8,2025-09-01,149.54
2025-08-24,9,2025-09-02,146.56
2025-08-24,10,2025-09-03,148.41
2025-08-24,11,2025-09-04,147.03
2025-08-24,12,2025-09-05,142.85
2025-08-24,13,2025-09-06,141.52
2025-08-24,14,2025-09-07,141.13
2025-08-24,15,2025-09-08,141.67
2025-08-24,16,2025-09-09,135.53
2025-08-24,17,2025-09-10,139.82
2025-08-24,18,2025-09-11,140.59
2025-08-24,19,2025-09-12,136.56
2025-08-24,20,2025-09-13,132.52
2025-08-24,21,2025-09-14,133.2
2025-08-24,22,2025-09-15,131.04
2025-08-24,23,2025-09-16,131.49
2025-08-24,24,2025-09-17,131.58
2025-08-24,25,2025-09-18,134.41
2025-08-24,26,2025-09-19,137.18
2025-08-24,27,2025-09-20,140.52
2025-08-24,28,2025-09-21,138.59
2025-08-24,29,2025-09-22,140.01
2025-08-24,30,2025-09-23,140.63
2025-08-25,1,2025-08-26,182.22
2025-08-25,2,2025-08-27,190.07
2025-08-25,3,2025-08-28,189.44
2025-08-25,4,2025-08-29,188.35
2025-08-25,5,2025-08-30,178.94
2025-08-25,6,2025-08-31,169.51
2025-08-25,7,2025-09-01,162.79
2025-08-25,8,2025-09-02,159.81
2025-08-25,9,2025-09-03,155.67
2025-08-25,10,2025-09-04,154.97
2025-08-25,11,2025-09-05,150.52
2025-08-25,12,2025-09-06,148.45
2025-08-25,13,2025-09-07,147.66
2025-08-25,14,2025-09-08,147.42
2025-08-25,15,2025-09-09,142.67
2025-08-25,16,2025-09-10,139.93
2025-08-25,17,2025-09-11,143.28
2025-08-25,18,2025-09-12,138.28
2025-08-25,19,2025-09-13,134.3
2025-08-25,20,2025-09-14,132.33
2025-08-25,21,2025-09-15,134.07
2025-08-25,22,2025-09-16,131.41
2025-08-25,23,2025-09-17,132.07
2025-08-25,24,2025-09-18,135.59
2025-08-25,25,2025-09-19,140.4
2025-08-25,26,2025-09-20,145.3
2025-08-25,27,2025-09-21,145.18
2025-08-25,28,2025-09-22,147.84
2025-08-25,29,2025-09-23,146.71
2025-08-25,30,2025-09-24,145.17
2025-08-26,1,2025-08-27,210.78
2025-08-26,2,2025-08-28,212.63
2025-08-26,3,2025-08-29,207.76
2025-08-26,4,2025-08-30,201.51
2025-08-26,5,2025-08-31,191.17
2025-08-26,6,2025-09-01,180.91
2025-08-26,7,2025-09-02,176.11
2025-08-26,8,2025-09-03,169.96
2025-08-26,9,2025-09-04,160.94
2025-08-26,10,2025-09-05,156.43
2025-08-26,11,2025-09-06,152.39
2025-08-26,12,2025-09-07,150.46
2025-08-26,13,2025-09-08,148.26
2025-08-26,14,2025-09-09,147.44
2025-08-26,15,2025-09-10,143.43
2025-08-26,16,2025-09-11,141.52
2025-08-26,17,2025-09-12,146.49
2025-08-26,18,2025-09-13,134.7
2025-08-26,19,2025-09-14,133.25
2025-08-26,20,2025-09-15,132.55
2025-08-26,21,2025-09-16,133.47
2025-08-26,22,2025-09-17,135.5
2025-08-26,23,2025-09-18,137.73
2025-08-26,24,2025-09-19,145.14
2025-08-26,25,2025-09-20,149.95
2025-08-26,26,2025-09-21,154.33
2025-08-26,27,2025-09-22,155.52
2025-08-26,28,2025-09-23,155.76
2025-08-26,29,2025-09-24,154.81
2025-08-26,30,2025-09-25,152.79
2025-08-27,1,2025-08-28,222.87
2025-08-27,2,2025-08-29,225.17
2025-08-27,3,2025-08-30,215.01
2025-08-27,4,2025-08-31,209.94
2025-08-27,5,2025-09-01,200.14
2025-08-27,6,2025-09-02,187.7
2025-08-27,7,2025-09-03,184.04
2025-08-27,8,2025-09-04,176.46
2025-08-27,9,2025-09-05,167.31
2025-08-27,10,2025-09-06,160.54
2025-08-27,11,2025-09-07,153.4
2025-08-27,12,2025-09-08,152.02
2025-08-27,13,2025-09-09,148.68
2025-08-27,14,2025-09-10,145.88
2025-08-27,15,2025-09-11,147.39
2025-08-27,16,2025-09-12,142.65
2025-08-27,17,2025-09-13,146.48
2025-08-27,18,2025-09-14,134.38
2025-08-27,19,2025-09-15,134.14
2025-08-27,20,2025-09-16,133.07
2025-08-27,21,2025-09-17,134.46
2025-08-27,22,2025-09-18,139.86
2025-08-27,23,2025-09-19,145.51
2025-08-27,24,2025-09-20,149.28
2025-08-27,25,2025-09-21,155.11
2025-08-27,26,2025-09-22,157.78
2025-08-27,27,2025-09-23,157.76
2025-08-27,28,2025-09-24,158.95
2025-08-27,29,2025-09-25,159.48
2025-08-27,30,2025-09-26,154.41
2025-08-28,1,2025-08-29,232.81
2025-08-28,2,2025-08-30,231.25
2025-08-28,3,2025-08-31,222.98
2025-08-28,4,2025-09-01,214.91
2025-08-28,5,2025-09-02,202.28
2025-08-28,6,2025-09-03,190.05
2025-08-28,7,2025-09-04,186.04
2025-08-28,8,2025-09-05,177.1
2025-08-28,9,2025-09-06,169.41
2025-08-28,10,2025-09-07,159.32
2025-08-28,11,2025-09-08,152.88
2025-08-28,12,2025-09-09,152.62
2025-08-28,13,2025-09-10,150.96
2025-08-28,14,2025-09-11,148.27
2025-08-28,15,2025-09-12,146.15
2025-08-28,16,2025-09-13,143.13
2025-08-28,17,2025-09-14,144.56
2025-08-28,18,2025-09-15,133.53
2025-08-28,19,2025-09-16,134.6
2025-08-28,20,2025-09-17,135.06
2025-08-28,21,2025-09-18,139.62
2025-08-28,22,2025-09-19,148.49
2025-08-28,23,2025-09-20,153.04
2025-08-28,24,2025-09-21,154.36
2025-08-28,25,2025-09-22,156.98
2025-08-28,26,2025-09-23,160.05
2025-08-28,27,2025-09-24,160.03
2025-08-28,28,2025-09-25,160.3
2025-08-28,29,2025-09-26,161.37
2025-08-28,30,2025-09-27,155.39
2025-08-29,1,2025-08-30,223.47
2025-08-29,2,2025-08-31,220.41
2025-08-29,3,2025-09-01,209.27
2025-08-29,4,2025-09-02,202.31
2025-08-29,5,2025-09-03,192.42
2025-08-29,6,2025-09-04,184.22
2025-08-29,7,2025-09-05,175.85
2025-08-29,8,2025-09-06,167.48
2025-08-29,9,2025-09-07,157.88
2025-08-29,10,2025-09-08,155.05
2025-08-29,11,2025-09-09,148.2
2025-08-29,12,2025-09-10,148.99
2025-08-29,13,2025-09-11,147.17
2025-08-29,14,2025-09-12,146.48
2025-08-29,15,2025-09-13,142.38
2025-08-29,16,2025-09-14,140.83
2025-08-29,17,2025-09-15,145.41
2025-08-29,18,2025-09-16,134.7
2025-08-29,19,2025-09-17,137.89
2025-08-29,20,2025-09-18,140.75
2025-08-29,21,2025-09-19,146.6
2025-08-29,22,2025-09-20,155.64
2025-08-29,23,2025-09-21,158.32
2025-08-29,24,2025-09-22,159.14
2025-08-29,25,2025-09-23,158.43
2025-08-29,26,2025-09-24,160.77
2025-08-29,27,2025-09-25,161.29
2025-08-29,28,2025-09-26,161.02
2025-08-29,29,2025-09-27,162.06
2025-08-29,30,2025-09-28,158.8
2025-08-30,1,2025-08-31,220.09
2025-08-30,2,2025-09-01,210.6
2025-08-30,3,2025-09-02,198.61
2025-08-30,4,2025-09-03,193.3
2025-08-30,5,2025-09-04,186.0
2025-08-30,6,2025-09-05,180.2
2025-08-30,7,2025-09-06,168.5
2025-08-30,8,2025-09-07,163.67
2025-08-30,9,2025-09-08,157.59
2025-08-30,10,2025-09-09,153.42
2025-08-30,11,2025-09-10,152.83
2025-08-30,12,2025-09-11,146.97
2025-08-30,13,2025-09-12,145.92
2025-08-30,14,2025-09-13,142.74
2025-08-30,15,2025-09-14,141.36
2025-08-30,16,2025-09-15,143.76
2025-08-30,17,2025-09-16,156.76
2025-08-30,18,2025-09-17,139.09
2025-08-30,19,2025-09-18,142.83
2025-08-30,20,2025-09-19,146.75
2025-08-30,21,2025-09-20,150.87
2025-08-30,22,2025-09-21,159.87
2025-08-30,23,2025-09-22,159.95
2025-08-30,24,2025-09-23,161.66
2025-08-30,25,2025-09-24,162.04
2025-08-30,26,2025-09-25,162.77
2025-08-30,27,2025-09-26,163.21
2025-08-30,28,2025-09-27,163.12
2025-08-30,29,2025-09-28,165.16
2025-08-30,30,2025-09-29,160.5
2025-08-31,1,2025-09-01,215.34
2025-08-31,2,2025-09-02,205.53
2025-08-31,3,2025-09-03,194.46
2025-08-31,4,2025-09-04,187.89
2025-08-31,5,2025-09-05,178.38
2025-08-31,6,2025-09-06,170.97
2025-08-31,7,2025-09-07,164.22
2025-08-31,8,2025-09-08,162.6
2025-08-31,9,2025-09-09,156.51
2025-08-31,10,2025-09-10,152.11
2025-08-31,11,2025-09-11,149.56
2025-08-31,12,2025-09-12,144.63
2025-08-31,13,2025-09-13,145.02
2025-08-31,14,2025-09-14,143.24
2025-08-31,15,2025-09-15,143.74
2025-08-31,16,2025-09-16,149.03
2025-08-31,17,2025-09-17,152.46
2025-08-31,18,2025-09-18,142.78
2025-08-31,19,2025-09-19,150.15
2025-08-31,20,2025-09-20,153.39
2025-08-31,21,2025-09-21,155.54
2025-08-31,22,2025-09-22,162.19
2025-08-31,23,2025-09-23,163.23
2025-08-31,24,2025-09-24,162.97
2025-08-31,25,2025-09-25,162.77
2025-08-31,26,2025-09-26,164.97
2025-08-31,27,2025-09-27,165.91
2025-08-31,28,2025-09-28,163.72
2025-08-31,29,2025-09-29,164.78
2025-08-31,30,2025-09-30,160.78
2025-09-01,1,2025-09-02,197.46
2025-09-01,2,2025-09-03,186.43
2025-09-01,3,2025-09-04,174.36
2025-09-01,4,2025-09-05,168.09
2025-09-01,5,2025-09-06,158.64
2025-09-01,6,2025-09-07,157.49
2025-09-01,7,2025-09-08,152.82
2025-09-01,8,2025-09-09,149.3
2025-09-01,9,2025-09-10,148.13
2025-09-01,10,2025-09-11,145.82
2025-09-01,11,2025-09-12,143.71
2025-09-01,12,2025-09-13,139.5
2025-09-01,13,2025-09-14,136.69
2025-09-01,14,2025-09-15,138.24
2025-09-01,15,2025-09-16,141.58
2025-09-01,16,2025-09-17,149.04
2025-09-01,17,2025-09-18,154.65
2025-09-01,18,2025-09-19,148.77
2025-09-01,19,2025-09-20,154.97
2025-09-01,20,2025-09-21,158.62
2025-09-01,21,2025-09-22,160.02
2025-09-01,22,2025-09-23,163.72
2025-09-01,23,2025-09-24,164.71
2025-09-01,24,2025-09-25,164.98
2025-09-01,25,2025-09-26,166.43
2025-09-01,26,2025-09-27,165.78
2025-09-01,27,2025-09-28,166.44
2025-09-01,28,2025-09-29,162.99
2025-09-01,29,2025-09-30,162.85
2025-09-01,30,2025-10-01,158.78
2025-09-02,1,2025-09-03,172.47
2025-09-02,2,2025-09-04,162.16
2025-09-02,3,2025-09-05,155.76
2025-09-02,4,2025-09-06,149.75
2025-09-02,5,2025-09-07,146.73
2025-09-02,6,2025-09-08,150.07
2025-09-02,7,2025-09-09,145.91
2025-09-02,8,2025-09-10,144.16
2025-09-02,9,2025-09-11,143.88
2025-09-02,10,2025-09-12,140.44
2025-09-02,11,2025-09-13,135.53
2025-09-02,12,2025-09-14,137.68
2025-09-02,13,2025-09-15,137.82
2025-09-02,14,2025-09-16,142.58
2025-09-02,15,2025-09-17,143.22
2025-09-02,16,2025-09-18,151.82
2025-09-02,17,2025-09-19,162.21
2025-09-02,18,2025-09-20,154.66
2025-09-02,19,2025-09-21,159.02
2025-09-02,20,2025-09-22,162.71
2025-09-02,21,2025-09-23,161.71
2025-09-02,22,2025-09-24,163.93
2025-09-02,23,2025-09-25,164.75
2025-09-02,24,2025-09-26,164.16
2025-09-02,25,2025-09-27,161.11
2025-09-02,26,2025-09-28,160.13
2025-09-02,27,2025-09-29,160.47
2025-09-02,28,2025-09-30,159.87
2025-09-02,29,2025-10-01,158.48
2025-09-02,30,2025-10-02,155.28
2025-09-03,1,2025-09-04,162.26
2025-09-03,2,2025-09-05,155.49
2025-09-03,3,2025-09-06,149.37
2025-09-03,4,2025-09-07,145.25
2025-09-03,5,2025-09-08,144.85
2025-09-03,6,2025-09-09,144.01
2025-09-03,7,2025-09-10,143.9
2025-09-03,8,2025-09-11,140.12
2025-09-03,9,2025-09-12,136.05
2025-09-03,10,2025-09-13,135.98
2025-09-03,11,2025-09-14,135.64
2025-09-03,12,2025-09-15,135.31
2025-09-03,13,2025-09-16,135.14
2025-09-03,14,2025-09-17,144.68
2025-09-03,15,2025-09-18,149.92
2025-09-03,16,2025-09-19,156.57
2025-09-03,17,2025-09-20,163.79
2025-09-03,18,2025-09-21,157.23
2025-09-03,19,2025-09-22,159.79
2025-09-03,20,2025-09-23,163.13
2025-09-03,21,2025-09-24,163.35
2025-09-03,22,2025-09-25,162.27
2025-09-03,23,2025-09-26,163.23
2025-09-03,24,2025-09-27,161.86
2025-09-03,25,2025-09-28,159.38
2025-09-03,26,2025-09-29,160.44
2025-09-03,27,2025-09-30,159.7
2025-09-03,28,2025-10-01,157.07
2025-09-03,29,2025-10-02,155.99
2025-09-03,30,2025-10-03,154.91
2025-09-04,1,2025-09-05,157.86
2025-09-04,2,2025-09-06,149.23
2025-09-04,3,2025-09-07,144.78
2025-09-04,4,2025-09-08,139.42
2025-09-04,5,2025-09-09,137.58
2025-09-04,6,2025-09-10,135.99
2025-09-04,7,2025-09-11,135.96
2025-09-04,8,2025-09-12,135.25
2025-09-04,9,2025-09-13,132.36
2025-09-04,10,2025-09-14,134.44
2025-09-04,11,2025-09-15,136.54
2025-09-04,12,2025-09-16,137.67
2025-09-04,13,2025-09-17,140.18
2025-09-04,14,2025-09-18,150.32
2025-09-04,15,2025-09-19,153.29
2025-09-04,16,2025-09-20,162.56
2025-09-04,17,2025-09-21,169.25
2025-09-04,18,2025-09-22,162.48
2025-09-04,19,2025-09-23,163.11
2025-09-04,20,2025-09-24,161.96
2025-09-04,21,2025-09-25,164.49
2025-09-04,22,2025-09-26,161.12
2025-09-04,23,2025-09-27,162.21
2025-09-04,24,2025-09-28,160.53
2025-09-04,25,2025-09-29,157.77
2025-09-04,26,2025-09-30,157.78
2025-09-04,27,2025-10-01,158.73
2025-09-04,28,2025-10-02,154.83
2025-09-04,29,2025-10-03,154.33
2025-09-04,30,2025-10-04,154.36
2025-09-05,1,2025-09-06,141.83
2025-09-05,2,2025-09-07,135.89
2025-09-05,3,2025-09-08,135.51
2025-09-05,4,2025-09-09,136.55
2025-09-05,5,2025-09-10,131.67
2025-09-05,6,2025-09-11,132.54
2025-09-05,7,2025-09-12,132.14
2025-09-05,8,2025-09-13,130.56
2025-09-05,9,2025-09-14,135.3
2025-09-05,10,2025-09-15,134.97
2025-09-05,11,2025-09-16,136.36
2025-09-05,12,2025-09-17,144.24
2025-09-05,13,2025-09-18,146.78
2025-09-05,14,2025-09-19,152.31
2025-09-05,15,2025-09-20,163.68
2025-09-05,16,2025-09-21,172.35
2025-09-05,17,2025-09-22,172.74
2025-09-05,18,2025-09-23,163.01
2025-09-05,19,2025-09-24,161.99
2025-09-05,20,2025-09-25,162.95
2025-09-05,21,2025-09-26,161.6
2025-09-05,22,2025-09-27,161.31
2025-09-05,23,2025-09-28,161.65
2025-09-05,24,2025-09-29,156.81
2025-09-05,25,2025-09-30,154.32
2025-09-05,26,2025-10-01,153.56
2025-09-05,27,2025-10-02,153.38
2025-09-05,28,2025-10-03,150.16
2025-09-05,29,2025-10-04,148.36
2025-09-05,30,2025-10-05,149.72
2025-09-06,1,2025-09-07,136.22
2025-09-06,2,2025-09-08,133.89
2025-09-06,3,2025-09-09,132.98
2025-09-06,4,2025-09-10,133.51
2025-09-06,5,2025-09-11,126.59
2025-09-06,6,2025-09-12,128.95
2025-09-06,7,2025-09-13,128.94
2025-09-06,8,2025-09-14,135.78
2025-09-06,9,2025-09-15,139.72
2025-09-06,10,2025-09-16,139.88
2025-09-06,11,2025-09-17,146.85
2025-09-06,12,2025-09-18,153.42
2025-09-06,13,2025-09-19,157.94
2025-09-06,14,2025-09-20,162.55
2025-09-06,15,2025-09-21,168.11
2025-09-06,16,2025-09-22,176.49
2025-09-06,17,2025-09-23,175.63
2025-09-06,18,2025-09-24,164.35
2025-09-06,19,2025-09-25,162.47
2025-09-06,20,2025-09-26,160.79
2025-09-06,21,2025-09-27,160.15
2025-09-06,22,2025-09-28,158.23
2025-09-06,23,2025-09-29,156.52
2025-09-06,24,2025-09-30,153.65
2025-09-06,25,2025-10-01,148.4
2025-09-06,26,2025-10-02,149.19
2025-09-06,27,2025-10-03,147.5
2025-09-06,28,2025-10-04,144.62
2025-09-06,29,2025-10-05,144.53
2025-09-06,30,2025-10-06,145.13
2025-09-07,1,2025-09-08,122.8
2025-09-07,2,2025-09-09,123.64
2025-09-07,3,2025-09-10,120.98
2025-09-07,4,2025-09-11,124.43
2025-09-07,5,2025-09-12,123.18
2025-09-07,6,2025-09-13,124.18
2025-09-07,7,2025-09-14,128.58
2025-09-07,8,2025-09-15,131.64
2025-09-07,9,2025-09-16,135.08
2025-09-07,10,2025-09-17,140.93
2025-09-07,11,2025-09-18,150.71
2025-09-07,12,2025-09-19,160.23
2025-09-07,13,2025-09-20,159.79
2025-09-07,14,2025-09-21,167.85
2025-09-07,15,2025-09-22,170.98
2025-09-07,16,2025-09-23,175.65
2025-09-07,17,2025-09-24,172.09
2025-09-07,18,2025-09-25,163.43
2025-09-07,19,2025-09-26,159.34
2025-09-07,20,2025-09-27,159.49
2025-09-07,21,2025-09-28,157.65
2025-09-07,22,2025-09-29,153.67
2025-09-07,23,2025-09-30,152.79
2025-09-07,24,2025-10-01,150.41
2025-09-07,25,2025-10-02,145.1
2025-09-07,26,2025-10-03,143.78
2025-09-07,27,2025-10-04,143.87
2025-09-07,28,2025-10-05,142.9
2025-09-07,29,2025-10-06,142.24
2025-09-07,30,2025-10-07,143.8
2025-09-08,1,2025-09-09,118.05
2025-09-08,2,2025-09-10,119.53
2025-09-08,3,2025-09-11,119.42
2025-09-08,4,2025-09-12,123.45
2025-09-08,5,2025-09-13,121.72
2025-09-08,6,2025-09-14,125.84
2025-09-08,7,2025-09-15,129.87
2025-09-08,8,2025-09-16,137.7
2025-09-08,9,2025-09-17,141.71
2025-09-08,10,2025-09-18,149.34
2025-09-08,11,2025-09-19,160.54
2025-09-08,12,2025-09-20,166.05
2025-09-08,13,2025-09-21,166.75
2025-09-08,14,2025-09-22,173.12
2025-09-08,15,2025-09-23,170.89
2025-09-08,16,2025-09-24,169.61
2025-09-08,17,2025-09-25,166.4
2025-09-08,18,2025-09-26,162.37
2025-09-08,19,2025-09-27,157.44
2025-09-08,20,2025-09-28,155.59
2025-09-08,21,2025-09-29,155.36
2025-09-08,22,2025-09-30,151.8
2025-09-08,23,2025-10-01,150.78
2025-09-08,24,2025-10-02,146.57
2025-09-08,25,2025-10-03,143.97
2025-09-08,26,2025-10-04,142.56
2025-09-08,27,2025-10-05,142.19
2025-09-08,28,2025-10-06,142.68
2025-09-08,29,2025-10-07,142.16
2025-09-08,30,2025-10-08,143.56
2025-09-09,1,2025-09-10,116.43
2025-09-09,2,2025-09-11,117.37
2025-09-09,3,2025-09-12,119.37
2025-09-09,4,2025-09-13,124.82
2025-09-09,5,2025-09-14,123.66
2025-09-09,6,2025-09-15,126.7
2025-09-09,7,2025-09-16,133.94
2025-09-09,8,2025-09-17,143.25
2025-09-09,9,2025-09-18,150.12
2025-09-09,10,2025-09-19,159.61
2025-09-09,11,2025-09-20,167.64
2025-09-09,12,2025-09-21,170.35
2025-09-09,13,2025-09-22,173.17
2025-09-09,14,2025-09-23,172.37
2025-09-09,15,2025-09-24,172.48
2025-09-09,16,2025-09-25,171.95
2025-09-09,17,2025-09-26,165.56
2025-09-09,18,2025-09-27,159.02
2025-09-09,19,2025-09-28,154.23
2025-09-09,20,2025-09-29,152.06
2025-09-09,21,2025-09-30,150.0
2025-09-09,22,2025-10-01,146.32
2025-09-09,23,2025-10-02,146.35
2025-09-09,24,2025-10-03,145.27
2025-09-09,25,2025-10-04,140.76
2025-09-09,26,2025-10-05,142.09
2025-09-09,27,2025-10-06,142.16
2025-09-09,28,2025-10-07,142.72
2025-09-09,29,2025-10-08,142.61
2025-09-09,30,2025-10-09,142.67
2025-09-10,1,2025-09-11,114.3
2025-09-10,2,2025-09-12,118.4
2025-09-10,3,2025-09-13,119.62
2025-09-10,4,2025-09-14,123.71
2025-09-10,5,2025-09-15,129.76
2025-09-10,6,2025-09-16,133.53
2025-09-10,7,2025-09-17,145.61
2025-09-10,8,2025-09-18,154.44
2025-09-10,9,2025-09-19,158.56
2025-09-10,10,2025-09-20,165.38
2025-09-10,11,2025-09-21,179.66
2025-09-10,12,2025-09-22,177.4
2025-09-10,13,2025-09-23,174.51
2025-09-10,14,2025-09-24,171.65
2025-09-10,15,2025-09-25,166.07
2025-09-10,16,2025-09-26,163.78
2025-09-10,17,2025-09-27,161.5
2025-09-10,18,2025-09-28,156.94
2025-09-10,19,2025-09-29,154.51
2025-09-10,20,2025-09-30,150.04
2025-09-10,21,2025-10-01,147.59
2025-09-10,22,2025-10-02,144.14
2025-09-10,23,2025-10-03,142.65
2025-09-10,24,2025-10-04,143.1
2025-09-10,25,2025-10-05,140.46
2025-09-10,26,2025-10-06,138.79
2025-09-10,27,2025-10-07,137.92
2025-09-10,28,2025-10-08,138.84
2025-09-10,29,2025-10-09,138.86
2025-09-10,30,2025-10-10,140.88
2025-09-11,1,2025-09-12,113.17
2025-09-11,2,2025-09-13,116.41
2025-09-11,3,2025-09-14,119.58
2025-09-11,4,2025-09-15,127.29
2025-09-11,5,2025-09-16,136.31
2025-09-11,6,2025-09-17,143.53
2025-09-11,7,2025-09-18,152.98
2025-09-11,8,2025-09-19,161.44
2025-09-11,9,2025-09-20,164.52
2025-09-11,10,2025-09-21,172.38
2025-09-11,11,2025-09-22,180.7
2025-09-11,12,2025-09-23,177.82
2025-09-11,13,2025-09-24,171.16
2025-09-11,14,2025-09-25,167.13
2025-09-11,15,2025-09-26,162.4
2025-09-11,16,2025-09-27,159.69
2025-09-11,17,2025-09-28,157.15
2025-09-11,18,2025-09-29,153.08
2025-09-11,19,2025-09-30,151.92
2025-09-11,20,2025-10-01,147.78
2025-09-11,21,2025-10-02,145.15
2025-09-11,22,2025-10-03,142.16
2025-09-11,23,2025-10-04,142.09
2025-09-11,24,2025-10-05,140.79
2025-09-11,25,2025-10-06,140.34
2025-09-11,26,2025-10-07,137.02
2025-09-11,27,2025-10-08,136.87
2025-09-11,28,2025-10-09,137.77
2025-09-11,29,2025-10-10,137.1
2025-09-11,30,2025-10-11,140.39
2025-09-12,1,2025-09-13,111.61
2025-09-12,2,2025-09-14,116.31
2025-09-12,3,2025-09-15,122.72
2025-09-12,4,2025-09-16,136.69
2025-09-12,5,2025-09-17,143.33
2025-09-12,6,2025-09-18,150.22
2025-09-12,7,2025-09-19,158.23
2025-09-12,8,2025-09-20,167.97
2025-09-12,9,2025-09-21,174.38
2025-09-12,10,2025-09-22,173.84
2025-09-12,11,2025-09-23,180.68
2025-09-12,12,2025-09-24,175.4
2025-09-12,13,2025-09-25,171.05
2025-09-12,14,2025-09-26,161.02
2025-09-12,15,2025-09-27,161.32
2025-09-12,16,2025-09-28,155.9
2025-09-12,17,2025-09-29,152.28
2025-09-12,18,2025-09-30,151.88
2025-09-12,19,2025-10-01,150.06
2025-09-12,20,2025-10-02,145.55
2025-09-12,21,2025-10-03,142.96
2025-09-12,22,2025-10-04,140.77
2025-09-12,23,2025-10-05,139.75
2025-09-12,24,2025-10-06,137.77
2025-09-12,25,2025-10-07,137.75
2025-09-12,26,2025-10-08,134.68
2025-09-12,27,2025-10-09,133.48
2025-09-12,28,2025-10-10,135.17
2025-09-12,29,2025-10-11,135.44
2025-09-12,30,2025-10-12,139.7
2025-09-13,1,2025-09-14,114.4
2025-09-13,2,2025-09-15,121.64
2025-09-13,3,2025-09-16,134.74
2025-09-13,4,2025-09-17,144.93
2025-09-13,5,2025-09-18,148.65
2025-09-13,6,2025-09-19,157.52
2025-09-13,7,2025-09-20,162.9
2025-09-13,8,2025-09-21,173.9
2025-09-13,9,2025-09-22,176.04
2025-09-13,10,2025-09-23,178.38
2025-09-13,11,2025-09-24,179.14
2025-09-13,12,2025-09-25,172.04
2025-09-13,13,2025-09-26,169.1
2025-09-13,14,2025-09-27,162.2
2025-09-13,15,2025-09-28,157.13
2025-09-13,16,2025-09-29,154.99
2025-09-13,17,2025-09-30,150.25
2025-09-13,18,2025-10-01,148.06
2025-09-13,19,2025-10-02,144.82
2025-09-13,20,2025-10-03,143.58
2025-09-13,21,2025-10-04,140.84
2025-09-13,22,2025-10-05,138.96
2025-09-13,23,2025-10-06,138.62
2025-09-13,24,2025-10-07,136.71
2025-09-13,25,2025-10-08,135.53
2025-09-13,26,2025-10-09,133.37
2025-09-13,27,2025-10-10,133.57
2025-09-13,28,2025-10-11,135.11
2025-09-13,29,2025-10-12,136.7
2025-09-13,30,2025-10-13,139.68
2025-09-14,1,2025-09-15,118.48
2025-09-14,2,2025-09-16,129.65
2025-09-14,3,2025-09-17,141.73
2025-09-14,4,2025-09-18,150.47
2025-09-14,5,2025-09-19,156.21
2025-09-14,6,2025-09-20,163.52
2025-09-14,7,2025-09-21,168.69
2025-09-14,8,2025-09-22,176.92
2025-09-14,9,2025-09-23,176.39
2025-09-14,10,2025-09-24,176.74
2025-09-14,11,2025-09-25,176.54
2025-09-14,12,2025-09-26,168.28
2025-09-14,13,2025-09-27,164.7
2025-09-14,14,2025-09-28,158.42
2025-09-14,15,2025-09-29,152.62
2025-09-14,16,2025-09-30,152.06
2025-09-14,17,2025-10-01,142.23
2025-09-14,18,2025-10-02,144.87
2025-09-14,19,2025-10-03,142.9
2025-09-14,20,2025-10-04,141.25
2025-09-14,21,2025-10-05,139.44
2025-09-14,22,2025-10-06,140.01
2025-09-14,23,2025-10-07,136.82
2025-09-14,24,2025-10-08,134.91
2025-09-14,25,2025-10-09,134.28
2025-09-14,26,2025-10-10,134.81
2025-09-14,27,2025-10-11,136.24
2025-09-14,28,2025-10-12,139.27
2025-09-14,29,2025-10-13,138.31
2025-09-14,30,2025-10-14,141.64
2025-09-15,1,2025-09-16,128.24
2025-09-15,2,2025-09-17,136.52
2025-09-15,3,2025-09-18,148.67
2025-09-15,4,2025-09-19,160.71
2025-09-15,5,2025-09-20,161.0
2025-09-15,6,2025-09-21,167.39
2025-09-15,7,2025-09-22,172.41
2025-09-15,8,2025-09-23,176.57
2025-09-15,9,2025-09-24,177.96
2025-09-15,10,2025-09-25,172.11
2025-09-15,11,2025-09-26,170.05
2025-09-15,12,2025-09-27,167.33
2025-09-15,13,2025-09-28,161.8
2025-09-15,14,2025-09-29,156.87
2025-09-15,15,2025-09-30,147.35
2025-09-15,16,2025-10-01,145.96
2025-09-15,17,2025-10-02,135.33
2025-09-15,18,2025-10-03,141.9
2025-09-15,19,2025-10-04,141.54
2025-09-15,20,2025-10-05,139.06
2025-09-15,21,2025-10-06,138.89
2025-09-15,22,2025-10-07,137.9
2025-09-15,23,2025-10-08,135.62
2025-09-15,24,2025-10-09,134.91
2025-09-15,25,2025-10-10,136.03
2025-09-15,26,2025-10-11,137.7
2025-09-15,27,2025-10-12,139.73
2025-09-15,28,2025-10-13,142.1
2025-09-15,29,2025-10-14,141.52
2025-09-15,30,2025-10-15,144.31
2025-09-16,1,2025-09-17,139.81
2025-09-16,2,2025-09-18,146.88
2025-09-16,3,2025-09-19,159.64
2025-09-16,4,2025-09-20,166.75
2025-09-16,5,2025-09-21,170.73
2025-09-16,6,2025-09-22,175.48
2025-09-16,7,2025-09-23,175.35
2025-09-16,8,2025-09-24,174.07
2025-09-16,9,2025-09-25,175.66
2025-09-16,10,2025-09-26,169.57
2025-09-16,11,2025-09-27,165.88
2025-09-16,12,2025-09-28,160.29
2025-09-16,13,2025-09-29,155.1
2025-09-16,14,2025-09-30,152.63
2025-09-16,15,2025-10-01,145.37
2025-09-16,16,2025-10-02,140.76
2025-09-16,17,2025-10-03,133.84
2025-09-16,18,2025-10-04,140.24
2025-09-16,19,2025-10-05,139.66
2025-09-16,20,2025-10-06,139.74
2025-09-16,21,2025-10-07,137.63
2025-09-16,22,2025-10-08,136.66
2025-09-16,23,2025-10-09,136.1
2025-09-16,24,2025-10-10,135.49
2025-09-16,25,2025-10-11,137.87
2025-09-16,26,2025-10-12,139.55
2025-09-16,27,2025-10-13,140.53
2025-09-16,28,2025-10-14,144.53
2025-09-16,29,2025-10-15,146.57
2025-09-16,30,2025-10-16,147.68
2025-09-17,1,2025-09-18,154.56
2025-09-17,2,2025-09-19,166.17
2025-09-17,3,2025-09-20,176.71
2025-09-17,4,2025-09-21,179.39
2025-09-17,5,2025-09-22,180.42
2025-09-17,6,2025-09-23,181.24
2025-09-17,7,2025-09-24,176.99
2025-09-17,8,2025-09-25,172.53
2025-09-17,9,2025-09-26,169.73
2025-09-17,10,2025-09-27,164.19
2025-09-17,11,2025-09-28,157.15
2025-09-17,12,2025-09-29,151.5
2025-09-17,13,2025-09-30,148.06
2025-09-17,14,2025-10-01,143.25
2025-09-17,15,2025-10-02,139.78
2025-09-17,16,2025-10-03,133.51
2025-09-17,17,2025-10-04,132.23
2025-09-17,18,2025-10-05,138.96
2025-09-17,19,2025-10-06,138.45
2025-09-17,20,2025-10-07,138.09
2025-09-17,21,2025-10-08,137.17
2025-09-17,22,2025-10-09,136.66
2025-09-17,23,2025-10-10,137.67
2025-09-17,24,2025-10-11,138.55
2025-09-17,25,2025-10-12,142.38
2025-09-17,26,2025-10-13,143.7
2025-09-17,27,2025-10-14,147.15
2025-09-17,28,2025-10-15,148.7
2025-09-17,29,2025-10-16,149.62
2025-09-17,30,2025-10-17,151.14
2025-09-18,1,2025-09-19,162.98
2025-09-18,2,2025-09-20,170.98
2025-09-18,3,2025-09-21,178.44
2025-09-18,4,2025-09-22,182.28
2025-09-18,5,2025-09-23,175.39
2025-09-18,6,2025-09-24,178.95
2025-09-18,7,2025-09-25,176.73
2025-09-18,8,2025-09-26,170.1
2025-09-18,9,2025-09-27,165.33
2025-09-18,10,2025-09-28,161.21
2025-09-18,11,2025-09-29,153.96
2025-09-18,12,2025-09-30,149.66
2025-09-18,13,2025-10-01,146.04
2025-09-18,14,2025-10-02,142.31
2025-09-18,15,2025-10-03,137.21
2025-09-18,16,2025-10-04,132.78
2025-09-18,17,2025-10-05,138.73
2025-09-18,18,2025-10-06,137.89
2025-09-18,19,2025-10-07,137.94
2025-09-18,20,2025-10-08,137.39
2025-09-18,21,2025-10-09,136.44
2025-09-18,22,2025-10-10,136.87
2025-09-18,23,2025-10-11,140.61
2025-09-18,24,2025-10-12,142.75
2025-09-18,25,2025-10-13,144.2
2025-09-18,26,2025-10-14,146.12
2025-09-18,27,2025-10-15,149.0
2025-09-18,28,2025-10-16,151.7
2025-09-18,29,2025-10-17,153.55
2025-09-18,30,2025-10-18,153.23
2025-09-19,1,2025-09-20,169.69
2025-09-19,2,2025-09-21,175.84
2025-09-19,3,2025-09-22,177.43
2025-09-19,4,2025-09-23,180.41
2025-09-19,5,2025-09-24,173.02
2025-09-19,6,2025-09-25,172.8
2025-09-19,7,2025-09-26,168.74
2025-09-19,8,2025-09-27,163.34
2025-09-19,9,2025-09-28,156.7
2025-09-19,10,2025-09-29,152.65
2025-09-19,11,2025-09-30,150.77
2025-09-19,12,2025-10-01,145.02
2025-09-19,13,2025-10-02,141.8
2025-09-19,14,2025-10-03,136.63
2025-09-19,15,2025-10-04,132.67
2025-09-19,16,2025-10-05,134.57
2025-09-19,17,2025-10-06,135.34
2025-09-19,18,2025-10-07,137.49
2025-09-19,19,2025-10-08,136.88
2025-09-19,20,2025-10-09,136.72
2025-09-19,21,2025-10-10,136.27
2025-09-19,22,2025-10-11,138.71
2025-09-19,23,2025-10-12,143.32
2025-09-19,24,2025-10-13,146.28
2025-09-19,25,2025-10-14,149.71
2025-09-19,26,2025-10-15,154.05
2025-09-19,27,2025-10-16,153.14
2025-09-19,28,2025-10-17,157.7
2025-09-19,29,2025-10-18,158.88
2025-09-19,30,2025-10-19,155.94
2025-09-20,1,2025-09-21,172.93
2025-09-20,2,2025-09-22,173.51
2025-09-20,3,2025-09-23,175.52
2025-09-20,4,2025-09-24,170.49
2025-09-20,5,2025-09-25,167.29
2025-09-20,6,2025-09-26,159.73
2025-09-20,7,2025-09-27,159.59
2025-09-20,8,2025-09-28,155.93
2025-09-20,9,2025-09-29,154.26
2025-09-20,10,2025-09-30,147.67
2025-09-20,11,2025-10-01,141.21
2025-09-20,12,2025-10-02,135.87
2025-09-20,13,2025-10-03,134.34
2025-09-20,14,2025-10-04,132.64
2025-09-20,15,2025-10-05,133.42
2025-09-20,16,2025-10-06,135.64
2025-09-20,17,2025-10-07,138.58
2025-09-20,18,2025-10-08,136.27
2025-09-20,19,2025-10-09,136.91
2025-09-20,20,2025-10-10,137.9
2025-09-20,21,2025-10-11,138.55
2025-09-20,22,2025-10-12,141.88
2025-09-20,23,2025-10-13,147.72
2025-09-20,24,2025-10-14,151.34
2025-09-20,25,2025-10-15,154.8
2025-09-20,26,2025-10-16,157.45
2025-09-20,27,2025-10-17,156.86
2025-09-20,28,2025-10-18,159.43
2025-09-20,29,2025-10-19,160.82
2025-09-20,30,2025-10-20,159.53
2025-09-21,1,2025-09-22,173.11
2025-09-21,2,2025-09-23,176.26
2025-09-21,3,2025-09-24,175.96
2025-09-21,4,2025-09-25,166.49
2025-09-21,5,2025-09-26,164.48
2025-09-21,6,2025-09-27,160.3
2025-09-21,7,2025-09-28,155.64
2025-09-21,8,2025-09-29,152.27
2025-09-21,9,2025-09-30,146.26
2025-09-21,10,2025-10-01,143.77
2025-09-21,11,2025-10-02,130.93
2025-09-21,12,2025-10-03,132.53
2025-09-21,13,2025-10-04,133.75
2025-09-21,14,2025-10-05,130.83
2025-09-21,15,2025-10-06,133.25
2025-09-21,16,2025-10-07,135.45
2025-09-21,17,2025-10-08,139.69
2025-09-21,18,2025-10-09,136.43
2025-09-21,19,2025-10-10,138.3
2025-09-21,20,2025-10-11,140.31
2025-09-21,21,2025-10-12,142.7
2025-09-21,22,2025-10-13,146.3
2025-09-21,23,2025-10-14,152.76
2025-09-21,24,2025-10-15,154.72
2025-09-21,25,2025-10-16,155.8
2025-09-21,26,2025-10-17,158.73
2025-09-21,27,2025-10-18,159.67
2025-09-21,28,2025-10-19,163.71
2025-09-21,29,2025-10-20,162.41
2025-09-21,30,2025-10-21,162.48
2025-09-22,1,2025-09-23,173.23
2025-09-22,2,2025-09-24,165.25
2025-09-22,3,2025-09-25,162.36
2025-09-22,4,2025-09-26,155.9
2025-09-22,5,2025-09-27,155.0
2025-09-22,6,2025-09-28,153.53
2025-09-22,7,2025-09-29,150.72
2025-09-22,8,2025-09-30,148.0
2025-09-22,9,2025-10-01,143.53
2025-09-22,10,2025-10-02,139.74
2025-09-22,11,2025-10-03,131.42
2025-09-22,12,2025-10-04,130.69
2025-09-22,13,2025-10-05,134.11
2025-09-22,14,2025-10-06,131.85
2025-09-22,15,2025-10-07,134.72
2025-09-22,16,2025-10-08,137.51
2025-09-22,17,2025-10-09,142.16
2025-09-22,18,2025-10-10,137.66
2025-09-22,19,2025-10-11,139.12
2025-09-22,20,2025-10-12,144.7
2025-09-22,21,2025-10-13,147.68
2025-09-22,22,2025-10-14,151.54
2025-09-22,23,2025-10-15,155.26
2025-09-22,24,2025-10-16,155.7
2025-09-22,25,2025-10-17,156.84
2025-09-22,26,2025-10-18,159.43
2025-09-22,27,2025-10-19,160.03
2025-09-22,28,2025-10-20,161.32
2025-09-22,29,2025-10-21,162.07
2025-09-22,30,2025-10-22,160.46
2025-09-23,1,2025-09-24,171.49
2025-09-23,2,2025-09-25,163.06
2025-09-23,3,2025-09-26,160.22
2025-09-23,4,2025-09-27,153.95
2025-09-23,5,2025-09-28,151.69
2025-09-23,6,2025-09-29,149.94
2025-09-23,7,2025-09-30,148.17
2025-09-23,8,2025-10-01,145.28
2025-09-23,9,2025-10-02,137.13
2025-09-23,10,2025-10-03,138.39
2025-09-23,11,2025-10-04,131.84
2025-09-23,12,2025-10-05,131.85
2025-09-23,13,2025-10-06,134.38
2025-09-23,14,2025-10-07,135.12
2025-09-23,15,2025-10-08,136.85
2025-09-23,16,2025-10-09,143.1
2025-09-23,17,2025-10-10,146.6
2025-09-23,18,2025-10-11,139.93
2025-09-23,19,2025-10-12,142.71
2025-09-23,20,2025-10-13,148.41
2025-09-23,21,2025-10-14,152.26
2025-09-23,22,2025-10-15,154.27
2025-09-23,23,2025-10-16,157.35
2025-09-23,24,2025-10-17,160.14
2025-09-23,25,2025-10-18,161.76
2025-09-23,26,2025-10-19,163.56
2025-09-23,27,2025-10-20,163.88
2025-09-23,28,2025-10-21,166.49
2025-09-23,29,2025-10-22,166.17
2025-09-23,30,2025-10-23,165.03
2025-09-24,1,2025-09-25,177.92
2025-09-24,2,2025-09-26,172.59
2025-09-24,3,2025-09-27,168.75
2025-09-24,4,2025-09-28,162.89
2025-09-24,5,2025-09-29,160.43
2025-09-24,6,2025-09-30,151.4
2025-09-24,7,2025-10-01,147.39
2025-09-24,8,2025-10-02,138.56
2025-09-24,9,2025-10-03,141.25
2025-09-24,10,2025-10-04,139.5
2025-09-24,11,2025-10-05,134.76
2025-09-24,12,2025-10-06,133.76
2025-09-24,13,2025-10-07,137.24
2025-09-24,14,2025-10-08,137.12
2025-09-24,15,2025-10-09,138.76
2025-09-24,16,2025-10-10,146.22
2025-09-24,17,2025-10-11,152.61
2025-09-24,18,2025-10-12,142.9
2025-09-24,19,2025-10-13,146.42
2025-09-24,20,2025-10-14,151.6
2025-09-24,21,2025-10-15,154.23
2025-09-24,22,2025-10-16,156.84
2025-09-24,23,2025-10-17,160.86
2025-09-24,24,2025-10-18,161.84
2025-09-24,25,2025-10-19,162.57
2025-09-24,26,2025-10-20,162.49
2025-09-24,27,2025-10-21,160.92
2025-09-24,28,2025-10-22,161.84
2025-09-24,29,2025-10-23,162.17
2025-09-24,30,2025-10-24,159.71
2025-09-25,1,2025-09-26,170.39
2025-09-25,2,2025-09-27,159.91
2025-09-25,3,2025-09-28,156.47
2025-09-25,4,2025-09-29,152.24
2025-09-25,5,2025-09-30,149.52
2025-09-25,6,2025-10-01,143.75
2025-09-25,7,2025-10-02,138.81
2025-09-25,8,2025-10-03,134.28
2025-09-25,9,2025-10-04,136.7
2025-09-25,10,2025-10-05,134.75
2025-09-25,11,2025-10-06,135.3
2025-09-25,12,2025-10-07,135.16
2025-09-25,13,2025-10-08,135.98
2025-09-25,14,2025-10-09,138.08
2025-09-25,15,2025-10-10,145.25
2025-09-25,16,2025-10-11,149.25
2025-09-25,17,2025-10-12,154.98
2025-09-25,18,2025-10-13,147.92
2025-09-25,19,2025-10-14,151.05
2025-09-25,20,2025-10-15,154.42
2025-09-25,21,2025-10-16,155.21
2025-09-25,22,2025-10-17,160.25
2025-09-25,23,2025-10-18,163.96
2025-09-25,24,2025-10-19,164.87
2025-09-25,25,2025-10-20,164.39
2025-09-25,26,2025-10-21,162.08
2025-09-25,27,2025-10-22,160.45
2025-09-25,28,2025-10-23,161.53
2025-09-25,29,2025-10-24,159.81
2025-09-25,30,2025-10-25,158.25
2025-09-26,1,2025-09-27,160.48
2025-09-26,2,2025-09-28,155.03
2025-09-26,3,2025-09-29,153.95
2025-09-26,4,2025-09-30,146.1
2025-09-26,5,2025-10-01,145.01
2025-09-26,6,2025-10-02,140.2
2025-09-26,7,2025-10-03,140.83
2025-09-26,8,2025-10-04,139.4
2025-09-26,9,2025-10-05,140.14
2025-09-26,10,2025-10-06,138.76
2025-09-26,11,2025-10-07,141.26
2025-09-26,12,2025-10-08,140.21
2025-09-26,13,2025-10-09,138.07
2025-09-26,14,2025-10-10,143.39
2025-09-26,15,2025-10-11,146.17
2025-09-26,16,2025-10-12,151.56
2025-09-26,17,2025-10-13,161.68
2025-09-26,18,2025-10-14,151.49
2025-09-26,19,2025-10-15,153.98
2025-09-26,20,2025-10-16,157.01
2025-09-26,21,2025-10-17,157.66
2025-09-26,22,2025-10-18,161.9
2025-09-26,23,2025-10-19,163.86
2025-09-26,24,2025-10-20,164.69
2025-09-26,25,2025-10-21,164.13
2025-09-26,26,2025-10-22,162.41
2025-09-26,27,2025-10-23,160.62
2025-09-26,28,2025-10-24,161.84
2025-09-26,29,2025-10-25,160.19
2025-09-26,30,2025-10-26,158.29
2025-09-27,1,2025-09-28,161.83
2025-09-27,2,2025-09-29,157.24
2025-09-27,3,2025-09-30,151.25
2025-09-27,4,2025-10-01,144.28
2025-09-27,5,2025-10-02,140.68
2025-09-27,6,2025-10-03,141.2
2025-09-27,7,2025-10-04,141.26
2025-09-27,8,2025-10-05,141.9
2025-09-27,9,2025-10-06,140.17
2025-09-27,10,2025-10-07,141.59
2025-09-27,11,2025-10-08,145.78
2025-09-27,12,2025-10-09,142.62
2025-09-27,13,2025-10-10,143.4
2025-09-27,14,2025-10-11,147.32
2025-09-27,15,2025-10-12,149.76
2025-09-27,16,2025-10-13,152.38
2025-09-27,17,2025-10-14,162.21
2025-09-27,18,2025-10-15,152.93
2025-09-27,19,2025-10-16,156.07
2025-09-27,20,2025-10-17,157.57
2025-09-27,21,2025-10-18,159.64
2025-09-27,22,2025-10-19,164.26
2025-09-27,23,2025-10-20,166.53
2025-09-27,24,2025-10-21,165.38
2025-09-27,25,2025-10-22,163.62
2025-09-27,26,2025-10-23,162.03
2025-09-27,27,2025-10-24,161.01
2025-09-27,28,2025-10-25,162.28
2025-09-27,29,2025-10-26,160.75
2025-09-27,30,2025-10-27,158.98
2025-09-28,1,2025-09-29,169.2
2025-09-28,2,2025-09-30,164.7
2025-09-28,3,2025-10-01,157.28
2025-09-28,4,2025-10-02,153.05
2025-09-28,5,2025-10-03,149.19
2025-09-28,6,2025-10-04,146.94
2025-09-28,7,2025-10-05,145.63
2025-09-28,8,2025-10-06,142.78
2025-09-28,9,2025-10-07,140.85
2025-09-28,10,2025-10-08,138.6
2025-09-28,11,2025-10-09,147.53
2025-09-28,12,2025-10-10,143.78
2025-09-28,13,2025-10-11,143.55
2025-09-28,14,2025-10-12,149.12
2025-09-28,15,2025-10-13,151.67
2025-09-28,16,2025-10-14,159.03
2025-09-28,17,2025-10-15,164.38
2025-09-28,18,2025-10-16,155.54
2025-09-28,19,2025-10-17,157.94
2025-09-28,20,2025-10-18,161.62
2025-09-28,21,2025-10-19,162.66
2025-09-28,22,2025-10-20,168.17
2025-09-28,23,2025-10-21,166.81
2025-09-28,24,2025-10-22,165.25
2025-09-28,25,2025-10-23,164.89
2025-09-28,26,2025-10-24,162.21
2025-09-28,27,2025-10-25,161.88
2025-09-28,28,2025-10-26,162.05
2025-09-28,29,2025-10-27,161.36
2025-09-28,30,2025-10-28,159.66
2025-09-29,1,2025-09-30,180.09
2025-09-29,2,2025-10-01,180.56
2025-09-29,3,2025-10-02,172.76
2025-09-29,4,2025-10-03,166.56
2025-09-29,5,2025-10-04,161.42
2025-09-29,6,2025-10-05,158.1
2025-09-29,7,2025-10-06,153.73
2025-09-29,8,2025-10-07,149.54
2025-09-29,9,2025-10-08,146.57
2025-09-29,10,2025-10-09,140.77
2025-09-29,11,2025-10-10,149.58
2025-09-29,12,2025-10-11,145.84
2025-09-29,13,2025-10-12,145.87
2025-09-29,14,2025-10-13,154.55
2025-09-29,15,2025-10-14,154.28
2025-09-29,16,2025-10-15,158.93
2025-09-29,17,2025-10-16,164.69
2025-09-29,18,2025-10-17,158.07
2025-09-29,19,2025-10-18,162.97
2025-09-29,20,2025-10-19,163.88
2025-09-29,21,2025-10-20,167.18
2025-09-29,22,2025-10-21,169.84
2025-09-29,23,2025-10-22,168.42
2025-09-29,24,2025-10-23,167.82
2025-09-29,25,2025-10-24,169.87
2025-09-29,26,2025-10-25,168.6
2025-09-29,27,2025-10-26,168.49
2025-09-29,28,2025-10-27,166.76
2025-09-29,29,2025-10-28,166.58
2025-09-29,30,2025-10-29,163.76
2025-09-30,1,2025-10-01,182.65
2025-09-30,2,2025-10-02,181.44
2025-09-30,3,2025-10-03,170.77
2025-09-30,4,2025-10-04,164.86
2025-09-30,5,2025-10-05,157.33
2025-09-30,6,2025-10-06,148.42
2025-09-30,7,2025-10-07,145.29
2025-09-30,8,2025-10-08,140.63
2025-09-30,9,2025-10-09,140.1
2025-09-30,10,2025-10-10,142.31
2025-09-30,11,2025-10-11,150.97
2025-09-30,12,2025-10-12,147.27
2025-09-30,13,2025-10-13,149.0
2025-09-30,14,2025-10-14,153.89
2025-09-30,15,2025-10-15,157.59
2025-09-30,16,2025-10-16,164.78
2025-09-30,17,2025-10-17,167.19
2025-09-30,18,2025-10-18,164.84
2025-09-30,19,2025-10-19,167.43
2025-09-30,20,2025-10-20,168.32
2025-09-30,21,2025-10-21,168.2
2025-09-30,22,2025-10-22,171.29
2025-09-30,23,2025-10-23,169.62
2025-09-30,24,2025-10-24,169.09
2025-09-30,25,2025-10-25,172.25
2025-09-30,26,2025-10-26,170.31
2025-09-30,27,2025-10-27,170.31
2025-09-30,28,2025-10-28,167.29
2025-09-30,29,2025-10-29,167.57
2025-09-30,30,2025-10-30,164.52
2025-10-01,1,2025-10-02,180.83
2025-10-01,2,2025-10-03,172.79
2025-10-01,3,2025-10-04,166.72
2025-10-01,4,2025-10-05,159.35
2025-10-01,5,2025-10-06,155.39
2025-10-01,6,2025-10-07,150.2
2025-10-01,7,2025-10-08,147.26
2025-10-01,8,2025-10-09,142.18
2025-10-01,9,2025-10-10,143.82
2025-10-01,10,2025-10-11,146.46
2025-10-01,11,2025-10-12,153.98
2025-10-01,12,2025-10-13,151.31
2025-10-01,13,2025-10-14,151.56
2025-10-01,14,2025-10-15,157.48
2025-10-01,15,2025-10-16,161.74
2025-10-01,16,2025-10-17,168.55
2025-10-01,17,2025-10-18,176.02
2025-10-01,18,2025-10-19,167.05
2025-10-01,19,2025-10-20,166.78
2025-10-01,20,2025-10-21,169.01
2025-10-01,21,2025-10-22,169.44
2025-10-01,22,2025-10-23,171.6
2025-10-01,23,2025-10-24,172.4
2025-10-01,24,2025-10-25,170.3
2025-10-01,25,2025-10-26,170.04
2025-10-01,26,2025-10-27,169.0
2025-10-01,27,2025-10-28,167.53
2025-10-01,28,2025-10-29,164.54
2025-10-01,29,2025-10-30,164.33
2025-10-01,30,2025-10-31,162.68
2025-10-02,1,2025-10-03,165.89
2025-10-02,2,2025-10-04,158.85
2025-10-02,3,2025-10-05,150.81
2025-10-02,4,2025-10-06,147.81
2025-10-02,5,2025-10-07,144.94
2025-10-02,6,2025-10-08,145.0
2025-10-02,7,2025-10-09,139.37
2025-10-02,8,2025-10-10,144.71
2025-10-02,9,2025-10-11,143.48
2025-10-02,10,2025-10-12,146.91
2025-10-02,11,2025-10-13,152.95
2025-10-02,12,2025-10-14,152.37
2025-10-02,13,2025-10-15,154.93
2025-10-02,14,2025-10-16,155.65
2025-10-02,15,2025-10-17,163.02
2025-10-02,16,2025-10-18,168.69
2025-10-02,17,2025-10-19,176.96
2025-10-02,18,2025-10-20,169.6
2025-10-02,19,2025-10-21,171.87
2025-10-02,20,2025-10-22,171.97
2025-10-02,21,2025-10-23,171.24
2025-10-02,22,2025-10-24,171.87
2025-10-02,23,2025-10-25,171.71
2025-10-02,24,2025-10-26,171.16
2025-10-02,25,2025-10-27,168.57
2025-10-02,26,2025-10-28,169.03
2025-10-02,27,2025-10-29,164.8
2025-10-02,28,2025-10-30,163.16
2025-10-02,29,2025-10-31,161.06
2025-10-02,30,2025-11-01,159.35
2025-10-03,1,2025-10-04,162.65
2025-10-03,2,2025-10-05,155.42
2025-10-03,3,2025-10-06,150.09
2025-10-03,4,2025-10-07,148.74
2025-10-03,5,2025-10-08,147.61
2025-10-03,6,2025-10-09,145.25
2025-10-03,7,2025-10-10,144.87
2025-10-03,8,2025-10-11,144.94
2025-10-03,9,2025-10-12,147.68
2025-10-03,10,2025-10-13,150.61
2025-10-03,11,2025-10-14,157.16
2025-10-03,12,2025-10-15,158.5
2025-10-03,13,2025-10-16,159.05
2025-10-03,14,2025-10-17,161.79
2025-10-03,15,2025-10-18,170.64
2025-10-03,16,2025-10-19,174.33
2025-10-03,17,2025-10-20,182.39
2025-10-03,18,2025-10-21,170.83
2025-10-03,19,2025-10-22,172.72
2025-10-03,20,2025-10-23,172.12
2025-10-03,21,2025-10-24,174.29
2025-10-03,22,2025-10-25,170.92
2025-10-03,23,2025-10-26,171.8
2025-10-03,24,2025-10-27,170.39
2025-10-03,25,2025-10-28,168.68
2025-10-03,26,2025-10-29,169.44
2025-10-03,27,2025-10-30,166.71
2025-10-03,28,2025-10-31,162.63
2025-10-03,29,2025-11-01,157.97
2025-10-03,30,2025-11-02,157.41
2025-10-04,1,2025-10-05,149.93
2025-10-04,2,2025-10-06,142.48
2025-10-04,3,2025-10-07,139.34
2025-10-04,4,2025-10-08,139.86
2025-10-04,5,2025-10-09,136.98
2025-10-04,6,2025-10-10,140.26
2025-10-04,7,2025-10-11,142.53
2025-10-04,8,2025-10-12,148.16
2025-10-04,9,2025-10-13,152.58
2025-10-04,10,2025-10-14,153.34
2025-10-04,11,2025-10-15,161.39
2025-10-04,12,2025-10-16,159.49
2025-10-04,13,2025-10-17,165.42
2025-10-04,14,2025-10-18,165.36
2025-10-04,15,2025-10-19,171.46
2025-10-04,16,2025-10-20,178.54
2025-10-04,17,2025-10-21,184.11
2025-10-04,18,2025-10-22,171.41
2025-10-04,19,2025-10-23,171.46
2025-10-04,20,2025-10-24,173.25
2025-10-04,21,2025-10-25,173.69
2025-10-04,22,2025-10-26,171.53
2025-10-04,23,2025-10-27,169.6
2025-10-04,24,2025-10-28,166.27
2025-10-04,25,2025-10-29,165.16
2025-10-04,26,2025-10-30,163.78
2025-10-04,27,2025-10-31,157.57
2025-10-04,28,2025-11-01,154.84
2025-10-04,29,2025-11-02,153.48
2025-10-04,30,2025-11-03,157.62
2025-10-05,1,2025-10-06,142.08
2025-10-05,2,2025-10-07,136.79
2025-10-05,3,2025-10-08,138.16
2025-10-05,4,2025-10-09,138.93
2025-10-05,5,2025-10-10,137.22
2025-10-05,6,2025-10-11,136.24
2025-10-05,7,2025-10-12,139.8
2025-10-05,8,2025-10-13,147.04
2025-10-05,9,2025-10-14,152.32
2025-10-05,10,2025-10-15,148.33
2025-10-05,11,2025-10-16,155.45
2025-10-05,12,2025-10-17,159.74
2025-10-05,13,2025-10-18,162.44
2025-10-05,14,2025-10-19,166.7
2025-10-05,15,2025-10-20,172.43
2025-10-05,16,2025-10-21,179.02
2025-10-05,17,2025-10-22,186.51
2025-10-05,18,2025-10-23,171.61
2025-10-05,19,2025-10-24,173.97
2025-10-05,20,2025-10-25,175.77
2025-10-05,21,2025-10-26,171.97
2025-10-05,22,2025-10-27,169.65
2025-10-05,23,2025-10-28,166.44
2025-10-05,24,2025-10-29,162.97
2025-10-05,25,2025-10-30,159.46
2025-10-05,26,2025-10-31,157.53
2025-10-05,27,2025-11-01,153.87
2025-10-05,28,2025-11-02,153.76
2025-10-05,29,2025-11-03,152.63
2025-10-05,30,2025-11-04,157.4
2025-10-06,1,2025-10-07,133.98
2025-10-06,2,2025-10-08,132.39
2025-10-06,3,2025-10-09,135.69
2025-10-06,4,2025-10-10,139.44
2025-10-06,5,2025-10-11,139.18
2025-10-06,6,2025-10-12,142.1
2025-10-06,7,2025-10-13,145.86
2025-10-06,8,2025-10-14,149.62
2025-10-06,9,2025-10-15,154.2
2025-10-06,10,2025-10-16,155.21
2025-10-06,11,2025-10-17,167.35
2025-10-06,12,2025-10-18,167.27
2025-10-06,13,2025-10-19,171.83
2025-10-06,14,2025-10-20,174.86
2025-10-06,15,2025-10-21,179.99
2025-10-06,16,2025-10-22,184.87
2025-10-06,17,2025-10-23,193.75
2025-10-06,18,2025-10-24,175.14
2025-10-06,19,2025-10-25,174.9
2025-10-06,20,2025-10-26,171.86
2025-10-06,21,2025-10-27,169.56
2025-10-06,22,2025-10-28,166.72
2025-10-06,23,2025-10-29,165.29
2025-10-06,24,2025-10-30,160.13
2025-10-06,25,2025-10-31,154.97
2025-10-06,26,2025-11-01,154.58
2025-10-06,27,2025-11-02,152.56
2025-10-06,28,2025-11-03,153.04
2025-10-06,29,2025-11-04,153.04
2025-10-06,30,2025-11-05,156.09
2025-10-07,1,2025-10-08,127.47
2025-10-07,2,2025-10-09,131.02
2025-10-07,3,2025-10-10,133.82
2025-10-07,4,2025-10-11,135.23
2025-10-07,5,2025-10-12,138.2
2025-10-07,6,2025-10-13,143.46
2025-10-07,7,2025-10-14,148.69
2025-10-07,8,2025-10-15,148.81
2025-10-07,9,2025-10-16,154.61
2025-10-07,10,2025-10-17,160.05
2025-10-07,11,2025-10-18,172.95
2025-10-07,12,2025-10-19,175.4
2025-10-07,13,2025-10-20,176.92
2025-10-07,14,2025-10-21,179.58
2025-10-07,15,2025-10-22,182.63
2025-10-07,16,2025-10-23,186.38
2025-10-07,17,2025-10-24,194.6
2025-10-07,18,2025-10-25,174.19
2025-10-07,19,2025-10-26,173.17
2025-10-07,20,2025-10-27,169.71
2025-10-07,21,2025-10-28,166.23
2025-10-07,22,2025-10-29,161.87
2025-10-07,23,2025-10-30,159.76
2025-10-07,24,2025-10-31,154.2
2025-10-07,25,2025-11-01,151.44
2025-10-07,26,2025-11-02,150.19
2025-10-07,27,2025-11-03,151.32
2025-10-07,28,2025-11-04,151.74
2025-10-07,29,2025-11-05,151.93
2025-10-07,30,2025-11-06,154.31
2025-10-08,1,2025-10-09,118.4
2025-10-08,2,2025-10-10,122.18
2025-10-08,3,2025-10-11,128.72
2025-10-08,4,2025-10-12,135.34
2025-10-08,5,2025-10-13,140.49
2025-10-08,6,2025-10-14,142.55
2025-10-08,7,2025-10-15,149.48
2025-10-08,8,2025-10-16,150.9
2025-10-08,9,2025-10-17,162.45
2025-10-08,10,2025-10-18,167.97
2025-10-08,11,2025-10-19,179.96
2025-10-08,12,2025-10-20,181.0
2025-10-08,13,2025-10-21,176.18
2025-10-08,14,2025-10-22,182.43
2025-10-08,15,2025-10-23,182.82
2025-10-08,16,2025-10-24,187.15
2025-10-08,17,2025-10-25,189.23
2025-10-08,18,2025-10-26,171.28
2025-10-08,19,2025-10-27,170.32
2025-10-08,20,2025-10-28,164.74
2025-10-08,21,2025-10-29,160.93
2025-10-08,22,2025-10-30,156.96
2025-10-08,23,2025-10-31,154.15
2025-10-08,24,2025-11-01,150.26
2025-10-08,25,2025-11-02,147.9
2025-10-08,26,2025-11-03,147.65
2025-10-08,27,2025-11-04,149.23
2025-10-08,28,2025-11-05,149.45
2025-10-08,29,2025-11-06,150.82
2025-10-08,30,2025-11-07,152.85
2025-10-09,1,2025-10-10,119.79
2025-10-09,2,2025-10-11,122.8
2025-10-09,3,2025-10-12,131.02
2025-10-09,4,2025-10-13,138.49
2025-10-09,5,2025-10-14,139.38
2025-10-09,6,2025-10-15,147.86
2025-10-09,7,2025-10-16,153.09
2025-10-09,8,2025-10-17,158.5
2025-10-09,9,2025-10-18,168.35
2025-10-09,10,2025-10-19,171.32
2025-10-09,11,2025-10-20,184.77
2025-10-09,12,2025-10-21,181.27
2025-10-09,13,2025-10-22,178.79
2025-10-09,14,2025-10-23,184.03
2025-10-09,15,2025-10-24,183.22
2025-10-09,16,2025-10-25,184.5
2025-10-09,17,2025-10-26,178.04
2025-10-09,18,2025-10-27,167.91
2025-10-09,19,2025-10-28,164.72
2025-10-09,20,2025-10-29,160.91
2025-10-09,21,2025-10-30,157.18
2025-10-09,22,2025-10-31,151.78
2025-10-09,23,2025-11-01,150.01
2025-10-09,24,2025-11-02,147.53
2025-10-09,25,2025-11-03,146.26
2025-10-09,26,2025-11-04,146.51
2025-10-09,27,2025-11-05,147.22
2025-10-09,28,2025-11-06,148.51
2025-10-09,29,2025-11-07,149.28
2025-10-09,30,2025-11-08,152.02
2025-10-10,1,2025-10-11,118.92
2025-10-10,2,2025-10-12,124.5
2025-10-10,3,2025-10-13,130.25
2025-10-10,4,2025-10-14,136.83
2025-10-10,5,2025-10-15,141.51
2025-10-10,6,2025-10-16,147.3
2025-10-10,7,2025-10-17,153.59
2025-10-10,8,2025-10-18,157.42
2025-10-10,9,2025-10-19,168.6
2025-10-10,10,2025-10-20,169.28
2025-10-10,11,2025-10-21,177.63
2025-10-10,12,2025-10-22,177.48
2025-10-10,13,2025-10-23,173.79
2025-10-10,14,2025-10-24,180.79
2025-10-10,15,2025-10-25,176.82
2025-10-10,16,2025-10-26,175.47
2025-10-10,17,2025-10-27,166.51
2025-10-10,18,2025-10-28,162.57
2025-10-10,19,2025-10-29,160.16
2025-10-10,20,2025-10-30,155.98
2025-10-10,21,2025-10-31,151.3
2025-10-10,22,2025-11-01,147.8
2025-10-10,23,2025-11-02,146.66
2025-10-10,24,2025-11-03,146.13
2025-10-10,25,2025-11-04,146.3
2025-10-10,26,2025-11-05,146.37
2025-10-10,27,2025-11-06,146.44
2025-10-10,28,2025-11-07,148.13
2025-10-10,29,2025-11-08,148.14
2025-10-10,30,2025-11-09,152.3
2025-10-11,1,2025-10-12,127.89
2025-10-11,2,2025-10-13,133.4
2025-10-11,3,2025-10-14,141.51
2025-10-11,4,2025-10-15,149.38
2025-10-11,5,2025-10-16,149.47
2025-10-11,6,2025-10-17,157.37
2025-10-11,7,2025-10-18,162.46
2025-10-11,8,2025-10-19,170.09
2025-10-11,9,2025-10-20,175.47
2025-10-11,10,2025-10-21,176.81
2025-10-11,11,2025-10-22,184.23
2025-10-11,12,2025-10-23,179.48
2025-10-11,13,2025-10-24,181.13
2025-10-11,14,2025-10-25,183.2
2025-10-11,15,2025-10-26,177.12
2025-10-11,16,2025-10-27,172.04
2025-10-11,17,2025-10-28,164.4
2025-10-11,18,2025-10-29,161.28
2025-10-11,19,2025-10-30,155.8
2025-10-11,20,2025-10-31,152.32
2025-10-11,21,2025-11-01,147.46
2025-10-11,22,2025-11-02,145.75
2025-10-11,23,2025-11-03,145.54
2025-10-11,24,2025-11-04,145.15
2025-10-11,25,2025-11-05,146.3
2025-10-11,26,2025-11-06,146.15
2025-10-11,27,2025-11-07,147.18
2025-10-11,28,2025-11-08,149.89
2025-10-11,29,2025-11-09,149.52
2025-10-11,30,2025-11-10,154.67
2025-10-12,1,2025-10-13,143.68
2025-10-12,2,2025-10-14,152.24
2025-10-12,3,2025-10-15,159.31
2025-10-12,4,2025-10-16,163.5
2025-10-12,5,2025-10-17,165.23
2025-10-12,6,2025-10-18,169.54
2025-10-12,7,2025-10-19,174.85
2025-10-12,8,2025-10-20,182.52
2025-10-12,9,2025-10-21,182.17
2025-10-12,10,2025-10-22,180.67
2025-10-12,11,2025-10-23,187.49
2025-10-12,12,2025-10-24,184.21
2025-10-12,13,2025-10-25,183.07
2025-10-12,14,2025-10-26,179.74
2025-10-12,15,2025-10-27,171.69
2025-10-12,16,2025-10-28,160.73
2025-10-12,17,2025-10-29,157.03
2025-10-12,18,2025-10-30,155.63
2025-10-12,19,2025-10-31,150.84
2025-10-12,20,2025-11-01,147.18
2025-10-12,21,2025-11-02,146.67
2025-10-12,22,2025-11-03,145.09
2025-10-12,23,2025-11-04,145.29
2025-10-12,24,2025-11-05,146.46
2025-10-12,25,2025-11-06,147.89
2025-10-12,26,2025-11-07,147.24
2025-10-12,27,2025-11-08,148.35
2025-10-12,28,2025-11-09,152.47
2025-10-12,29,2025-11-10,153.71
2025-10-12,30,2025-11-11,156.89
2025-10-13,1,2025-10-14,146.13
2025-10-13,2,2025-10-15,151.38
2025-10-13,3,2025-10-16,157.72
2025-10-13,4,2025-10-17,164.63
2025-10-13,5,2025-10-18,172.87
2025-10-13,6,2025-10-19,178.59
2025-10-13,7,2025-10-20,180.09
2025-10-13,8,2025-10-21,185.16
2025-10-13,9,2025-10-22,185.36
2025-10-13,10,2025-10-23,185.44
2025-10-13,11,2025-10-24,189.5
2025-10-13,12,2025-10-25,185.57
2025-10-13,13,2025-10-26,182.44
2025-10-13,14,2025-10-27,175.61
2025-10-13,15,2025-10-28,165.0
2025-10-13,16,2025-10-29,159.38
2025-10-13,17,2025-10-30,155.34
2025-10-13,18,2025-10-31,150.68
2025-10-13,19,2025-11-01,148.87
2025-10-13,20,2025-11-02,145.6
2025-10-13,21,2025-11-03,146.27
2025-10-13,22,2025-11-04,144.45
2025-10-13,23,2025-11-05,146.08
2025-10-13,24,2025-11-06,145.57
2025-10-13,25,2025-11-07,147.26
2025-10-13,26,2025-11-08,147.88
2025-10-13,27,2025-11-09,151.14
2025-10-13,28,2025-11-10,154.42
2025-10-13,29,2025-11-11,156.92
2025-10-13,30,2025-11-12,158.59
2025-10-14,1,2025-10-15,154.13
2025-10-14,2,2025-10-16,162.01
2025-10-14,3,2025-10-17,167.59
2025-10-14,4,2025-10-18,172.83
2025-10-14,5,2025-10-19,180.07
2025-10-14,6,2025-10-20,187.24
2025-10-14,7,2025-10-21,182.27
2025-10-14,8,2025-10-22,185.99
2025-10-14,9,2025-10-23,185.06
2025-10-14,10,2025-10-24,182.52
2025-10-14,11,2025-10-25,182.31
2025-10-14,12,2025-10-26,180.24
2025-10-14,13,2025-10-27,173.88
2025-10-14,14,2025-10-28,164.44
2025-10-14,15,2025-10-29,156.31
2025-10-14,16,2025-10-30,150.41
2025-10-14,17,2025-10-31,149.78
2025-10-14,18,2025-11-01,145.25
2025-10-14,19,2025-11-02,145.22
2025-10-14,20,2025-11-03,145.09
2025-10-14,21,2025-11-04,144.9
2025-10-14,22,2025-11-05,144.58
2025-10-14,23,2025-11-06,146.29
2025-10-14,24,2025-11-07,145.67
2025-10-14,25,2025-11-08,149.03
2025-10-14,26,2025-11-09,149.88
2025-10-14,27,2025-11-10,154.76
2025-10-14,28,2025-11-11,159.12
2025-10-14,29,2025-11-12,160.6
2025-10-14,30,2025-11-13,163.79
2025-10-15,1,2025-10-16,162.83
2025-10-15,2,2025-10-17,171.58
2025-10-15,3,2025-10-18,176.63
2025-10-15,4,2025-10-19,184.31
2025-10-15,5,2025-10-20,186.8
2025-10-15,6,2025-10-21,186.6
2025-10-15,7,2025-10-22,186.41
2025-10-15,8,2025-10-23,186.65
2025-10-15,9,2025-10-24,187.54
2025-10-15,10,2025-10-25,187.03
2025-10-15,11,2025-10-26,181.98
2025-10-15,12,2025-10-27,174.9
2025-10-15,13,2025-10-28,164.65
2025-10-15,14,2025-10-29,159.14
2025-10-15,15,2025-10-30,152.54
2025-10-15,16,2025-10-31,150.12
2025-10-15,17,2025-11-01,152.05
2025-10-15,18,2025-11-02,145.12
2025-10-15,19,2025-11-03,143.43
2025-10-15,20,2025-11-04,145.18
2025-10-15,21,2025-11-05,145.53
2025-10-15,22,2025-11-06,145.66
2025-10-15,23,2025-11-07,145.59
2025-10-15,24,2025-11-08,149.11
2025-10-15,25,2025-11-09,151.62
2025-10-15,26,2025-11-10,155.2
2025-10-15,27,2025-11-11,158.54
2025-10-15,28,2025-11-12,162.64
2025-10-15,29,2025-11-13,167.59
2025-10-15,30,2025-11-14,165.87
2025-10-16,1,2025-10-17,172.45
2025-10-16,2,2025-10-18,179.15
2025-10-16,3,2025-10-19,178.69
2025-10-16,4,2025-10-20,182.25
2025-10-16,5,2025-10-21,182.01
2025-10-16,6,2025-10-22,181.78
2025-10-16,7,2025-10-23,184.14
2025-10-16,8,2025-10-24,186.89
2025-10-16,9,2025-10-25,186.83
2025-10-16,10,2025-10-26,178.57
2025-10-16,11,2025-10-27,170.48
2025-10-16,12,2025-10-28,163.81
2025-10-16,13,2025-10-29,157.7
2025-10-16,14,2025-10-30,150.86
2025-10-16,15,2025-10-31,145.77
2025-10-16,16,2025-11-01,146.45
2025-10-16,17,2025-11-02,152.92
2025-10-16,18,2025-11-03,145.49
2025-10-16,19,2025-11-04,143.85
2025-10-16,20,2025-11-05,146.45
2025-10-16,21,2025-11-06,146.56
2025-10-16,22,2025-11-07,147.22
2025-10-16,23,2025-11-08,147.01
2025-10-16,24,2025-11-09,152.92
2025-10-16,25,2025-11-10,156.22
2025-10-16,26,2025-11-11,161.72
2025-10-16,27,2025-11-12,165.2
2025-10-16,28,2025-11-13,166.36
2025-10-16,29,2025-11-14,167.51
2025-10-16,30,2025-11-15,165.82
2025-10-17,1,2025-10-18,172.21
2025-10-17,2,2025-10-19,176.09
2025-10-17,3,2025-10-20,177.23
2025-10-17,4,2025-10-21,178.45
2025-10-17,5,2025-10-22,179.86
2025-10-17,6,2025-10-23,180.75
2025-10-17,7,2025-10-24,181.82
2025-10-17,8,2025-10-25,181.43
2025-10-17,9,2025-10-26,179.21
2025-10-17,10,2025-10-27,171.09
2025-10-17,11,2025-10-28,159.67
2025-10-17,12,2025-10-29,155.78
2025-10-17,13,2025-10-30,152.37
2025-10-17,14,2025-10-31,146.98
2025-10-17,15,2025-11-01,146.55
2025-10-17,16,2025-11-02,149.14
2025-10-17,17,2025-11-03,156.35
2025-10-17,18,2025-11-04,145.99
2025-10-17,19,2025-11-05,146.01
2025-10-17,20,2025-11-06,147.89
2025-10-17,21,2025-11-07,148.3
2025-10-17,22,2025-11-08,149.75
2025-10-17,23,2025-11-09,152.19
2025-10-17,24,2025-11-10,153.81
2025-10-17,25,2025-11-11,155.55
2025-10-17,26,2025-11-12,160.79
2025-10-17,27,2025-11-13,163.37
2025-10-17,28,2025-11-14,167.06
2025-10-17,29,2025-11-15,168.48
2025-10-17,30,2025-11-16,165.51
2025-10-18,1,2025-10-19,167.32
2025-10-18,2,2025-10-20,169.42
2025-10-18,3,2025-10-21,170.0
2025-10-18,4,2025-10-22,173.04
2025-10-18,5,2025-10-23,172.23
2025-10-18,6,2025-10-24,172.7
2025-10-18,7,2025-10-25,180.3
2025-10-18,8,2025-10-26,177.69
2025-10-18,9,2025-10-27,170.01
2025-10-18,10,2025-10-28,162.47
2025-10-18,11,2025-10-29,155.64
2025-10-18,12,2025-10-30,155.24
2025-10-18,13,2025-10-31,147.07
2025-10-18,14,2025-11-01,144.38
2025-10-18,15,2025-11-02,146.69
2025-10-18,16,2025-11-03,153.09
2025-10-18,17,2025-11-04,160.75
2025-10-18,18,2025-11-05,147.51
2025-10-18,19,2025-11-06,147.66
2025-10-18,20,2025-11-07,149.58
2025-10-18,21,2025-11-08,151.0
2025-10-18,22,2025-11-09,152.64
2025-10-18,23,2025-11-10,152.51
2025-10-18,24,2025-11-11,155.73
2025-10-18,25,2025-11-12,157.41
2025-10-18,26,2025-11-13,162.06
2025-10-18,27,2025-11-14,165.61
2025-10-18,28,2025-11-15,164.85
2025-10-18,29,2025-11-16,167.25
2025-10-18,30,2025-11-17,165.06
2025-10-19,1,2025-10-20,160.39
2025-10-19,2,2025-10-21,160.75
2025-10-19,3,2025-10-22,162.24
2025-10-19,4,2025-10-23,165.12
2025-10-19,5,2025-10-24,167.11
2025-10-19,6,2025-10-25,170.45
2025-10-19,7,2025-10-26,172.26
2025-10-19,8,2025-10-27,165.98
2025-10-19,9,2025-10-28,160.34
2025-10-19,10,2025-10-29,157.53
2025-10-19,11,2025-10-30,152.11
2025-10-19,12,2025-10-31,154.06
2025-10-19,13,2025-11-01,146.85
2025-10-19,14,2025-11-02,148.19
2025-10-19,15,2025-11-03,153.75
2025-10-19,16,2025-11-04,160.42
2025-10-19,17,2025-11-05,165.84
2025-10-19,18,2025-11-06,149.56
2025-10-19,19,2025-11-07,148.29
2025-10-19,20,2025-11-08,150.48
2025-10-19,21,2025-11-09,152.35
2025-10-19,22,2025-11-10,155.52
2025-10-19,23,2025-11-11,155.39
2025-10-19,24,2025-11-12,158.29
2025-10-19,25,2025-11-13,160.25
2025-10-19,26,2025-11-14,163.11
2025-10-19,27,2025-11-15,163.05
2025-10-19,28,2025-11-16,163.62
2025-10-19,29,2025-11-17,164.87
2025-10-19,30,2025-11-18,164.58
2025-10-20,1,2025-10-21,150.09
2025-10-20,2,2025-10-22,151.19
2025-10-20,3,2025-10-23,156.13
2025-10-20,4,2025-10-24,160.68
2025-10-20,5,2025-10-25,163.3
2025-10-20,6,2025-10-26,166.09
2025-10-20,7,2025-10-27,166.83
2025-10-20,8,2025-10-28,163.17
2025-10-20,9,2025-10-29,157.08
2025-10-20,10,2025-10-30,156.16
2025-10-20,11,2025-10-31,153.19
2025-10-20,12,2025-11-01,150.48
2025-10-20,13,2025-11-02,150.49
2025-10-20,14,2025-11-03,150.48
2025-10-20,15,2025-11-04,156.05
2025-10-20,16,2025-11-05,162.63
2025-10-20,17,2025-11-06,168.46
2025-10-20,18,2025-11-07,151.06
2025-10-20,19,2025-11-08,149.65
2025-10-20,20,2025-11-09,152.72
2025-10-20,21,2025-11-10,154.52
2025-10-20,22,2025-11-11,155.36
2025-10-20,23,2025-11-12,156.26
2025-10-20,24,2025-11-13,158.98
2025-10-20,25,2025-11-14,161.17
2025-10-20,26,2025-11-15,162.71
2025-10-20,27,2025-11-16,161.64
2025-10-20,28,2025-11-17,161.37
2025-10-20,29,2025-11-18,161.29
2025-10-20,30,2025-11-19,159.9
2025-10-21,1,2025-10-22,144.44
2025-10-21,2,2025-10-23,144.09
2025-10-21,3,2025-10-24,150.08
2025-10-21,4,2025-10-25,152.21
2025-10-21,5,2025-10-26,153.6
2025-10-21,6,2025-10-27,155.31
2025-10-21,7,2025-10-28,152.96
2025-10-21,8,2025-10-29,154.79
2025-10-21,9,2025-10-30,153.61
2025-10-21,10,2025-10-31,151.23
2025-10-21,11,2025-11-01,151.81
2025-10-21,12,2025-11-02,150.97
2025-10-21,13,2025-11-03,150.89
2025-10-21,14,2025-11-04,152.93
2025-10-21,15,2025-11-05,157.93
2025-10-21,16,2025-11-06,161.91
2025-10-21,17,2025-11-07,170.52
2025-10-21,18,2025-11-08,151.02
2025-10-21,19,2025-11-09,151.22
2025-10-21,20,2025-11-10,152.28
2025-10-21,21,2025-11-11,156.46
2025-10-21,22,2025-11-12,155.82
2025-10-21,23,2025-11-13,158.57
2025-10-21,24,2025-11-14,159.23
2025-10-21,25,2025-11-15,162.98
2025-10-21,26,2025-11-16,163.17
2025-10-21,27,2025-11-17,160.29
2025-10-21,28,2025-11-18,162.08
2025-10-21,29,2025-11-19,162.56
2025-10-21,30,2025-11-20,159.65
2025-10-22,1,2025-10-23,141.83
2025-10-22,2,2025-10-24,142.01
2025-10-22,3,2025-10-25,146.62
2025-10-22,4,2025-10-26,147.58
2025-10-22,5,2025-10-27,147.71
2025-10-22,6,2025-10-28,150.94
2025-10-22,7,2025-10-29,146.73
2025-10-22,8,2025-10-30,147.59
2025-10-22,9,2025-10-31,148.87
2025-10-22,10,2025-11-01,149.23
2025-10-22,11,2025-11-02,154.58
2025-10-22,12,2025-11-03,153.15
2025-10-22,13,2025-11-04,152.97
2025-10-22,14,2025-11-05,155.38
2025-10-22,15,2025-11-06,156.89
2025-10-22,16,2025-11-07,161.62
2025-10-22,17,2025-11-08,161.49
2025-10-22,18,2025-11-09,152.13
2025-10-22,19,2025-11-10,151.71
2025-10-22,20,2025-11-11,153.18
2025-10-22,21,2025-11-12,157.11
2025-10-22,22,2025-11-13,157.79
2025-10-22,23,2025-11-14,159.7
2025-10-22,24,2025-11-15,160.81
2025-10-22,25,2025-11-16,162.99
2025-10-22,26,2025-11-17,163.2
2025-10-22,27,2025-11-18,161.47
2025-10-22,28,2025-11-19,160.9
2025-10-22,29,2025-11-20,159.68
2025-10-22,30,2025-11-21,157.97
2025-10-23,1,2025-10-24,138.48
2025-10-23,2,2025-10-25,140.3
2025-10-23,3,2025-10-26,140.32
2025-10-23,4,2025-10-27,142.03
2025-10-23,5,2025-10-28,142.17
2025-10-23,6,2025-10-29,144.78
2025-10-23,7,2025-10-30,143.96
2025-10-23,8,2025-10-31,143.53
2025-10-23,9,2025-11-01,145.78
2025-10-23,10,2025-11-02,150.14
2025-10-23,11,2025-11-03,157.48
2025-10-23,12,2025-11-04,152.66
2025-10-23,13,2025-11-05,152.87
2025-10-23,14,2025-11-06,156.04
2025-10-23,15,2025-11-07,159.69
2025-10-23,16,2025-11-08,157.98
2025-10-23,17,2025-11-09,160.64
2025-10-23,18,2025-11-10,151.5
2025-10-23,19,2025-11-11,152.98
2025-10-23,20,2025-11-12,153.04
2025-10-23,21,2025-11-13,157.61
2025-10-23,22,2025-11-14,157.99
2025-10-23,23,2025-11-15,162.17
2025-10-23,24,2025-11-16,161.41
2025-10-23,25,2025-11-17,162.65
2025-10-23,26,2025-11-18,161.69
2025-10-23,27,2025-11-19,162.1
2025-10-23,28,2025-11-20,159.24
2025-10-23,29,2025-11-21,157.46
2025-10-23,30,2025-11-22,156.51
2025-10-24,1,2025-10-25,140.44
2025-10-24,2,2025-10-26,140.18
2025-10-24,3,2025-10-27,139.01
2025-10-24,4,2025-10-28,140.0
2025-10-24,5,2025-10-29,139.11
2025-10-24,6,2025-10-30,140.78
2025-10-24,7,2025-10-31,142.9
2025-10-24,8,2025-11-01,142.66
2025-10-24,9,2025-11-02,151.15
2025-10-24,10,2025-11-03,153.59
2025-10-24,11,2025-11-04,162.29
2025-10-24,12,2025-11-05,156.8
2025-10-24,13,2025-11-06,159.53
2025-10-24,14,2025-11-07,163.41
2025-10-24,15,2025-11-08,160.71
2025-10-24,16,2025-11-09,159.21
2025-10-24,17,2025-11-10,161.7
2025-10-24,18,2025-11-11,153.34
2025-10-24,19,2025-11-12,154.56
2025-10-24,20,2025-11-13,154.49
2025-10-24,21,2025-11-14,160.35
2025-10-24,22,2025-11-15,160.82
2025-10-24,23,2025-11-16,161.61
2025-10-24,24,2025-11-17,161.96
2025-10-24,25,2025-11-18,163.08
2025-10-24,26,2025-11-19,162.23
2025-10-24,27,2025-11-20,161.09
2025-10-24,28,2025-11-21,157.15
2025-10-24,29,2025-11-22,155.82
2025-10-24,30,2025-11-23,154.82
2025-10-25,1,2025-10-26,134.81
2025-10-25,2,2025-10-27,134.86
2025-10-25,3,2025-10-28,134.58
2025-10-25,4,2025-10-29,135.82
2025-10-25,5,2025-10-30,135.06
2025-10-25,6,2025-10-31,140.82
2025-10-25,7,2025-11-01,143.49
2025-10-25,8,2025-11-02,150.58
2025-10-25,9,2025-11-03,155.89
2025-10-25,10,2025-11-04,158.36
2025-10-25,11,2025-11-05,166.47
2025-10-25,12,2025-11-06,160.19
2025-10-25,13,2025-11-07,160.52
2025-10-25,14,2025-11-08,163.27
2025-10-25,15,2025-11-09,158.47
2025-10-25,16,2025-11-10,158.85
2025-10-25,17,2025-11-11,156.78
2025-10-25,18,2025-11-12,154.51
2025-10-25,19,2025-11-13,155.62
2025-10-25,20,2025-11-14,155.76
2025-10-25,21,2025-11-15,158.8
2025-10-25,22,2025-11-16,160.12
2025-10-25,23,2025-11-17,160.89
2025-10-25,24,2025-11-18,160.24
2025-10-25,25,2025-11-19,161.43
2025-10-25,26,2025-11-20,159.62
2025-10-25,27,2025-11-21,158.65
2025-10-25,28,2025-11-22,154.29
2025-10-25,29,2025-11-23,153.98
2025-10-25,30,2025-11-24,154.05
2025-10-26,1,2025-10-27,131.38
2025-10-26,2,2025-10-28,131.62
2025-10-26,3,2025-10-29,132.75
2025-10-26,4,2025-10-30,134.67
2025-10-26,5,2025-10-31,135.32
2025-10-26,6,2025-11-01,142.57
2025-10-26,7,2025-11-02,147.29
2025-10-26,8,2025-11-03,154.22
2025-10-26,9,2025-11-04,159.05
2025-10-26,10,2025-11-05,160.46
2025-10-26,11,2025-11-06,167.22
2025-10-26,12,2025-11-07,165.63
2025-10-26,13,2025-11-08,160.08
2025-10-26,14,2025-11-09,159.95
2025-10-26,15,2025-11-10,156.99
2025-10-26,16,2025-11-11,158.17
2025-10-26,17,2025-11-12,157.42
2025-10-26,18,2025-11-13,153.39
2025-10-26,19,2025-11-14,155.76
2025-10-26,20,2025-11-15,158.99
2025-10-26,21,2025-11-16,159.2
2025-10-26,22,2025-11-17,160.56
2025-10-26,23,2025-11-18,160.75
2025-10-26,24,2025-11-19,159.59
2025-10-26,25,2025-11-20,159.2
2025-10-26,26,2025-11-21,156.71
2025-10-26,27,2025-11-22,153.26
2025-10-26,28,2025-11-23,149.14
2025-10-26,29,2025-11-24,150.23
2025-10-26,30,2025-11-25,151.62
2025-10-27,1,2025-10-28,128.05
2025-10-27,2,2025-10-29,130.38
2025-10-27,3,2025-10-30,131.88
2025-10-27,4,2025-10-31,135.35
2025-10-27,5,2025-11-01,135.81
2025-10-27,6,2025-11-02,144.11
2025-10-27,7,2025-11-03,149.43
2025-10-27,8,2025-11-04,154.38
2025-10-27,9,2025-11-05,157.44
2025-10-27,10,2025-11-06,160.35
2025-10-27,11,2025-11-07,165.73
2025-10-27,12,2025-11-08,162.04
2025-10-27,13,2025-11-09,156.8
2025-10-27,14,2025-11-10,156.92
2025-10-27,15,2025-11-11,158.72
2025-10-27,16,2025-11-12,160.24
2025-10-27,17,2025-11-13,161.97
2025-10-27,18,2025-11-14,155.46
2025-10-27,19,2025-11-15,157.07
2025-10-27,20,2025-11-16,157.84
2025-10-27,21,2025-11-17,158.46
2025-10-27,22,2025-11-18,159.4
2025-10-27,23,2025-11-19,160.52
2025-10-27,24,2025-11-20,158.94
2025-10-27,25,2025-11-21,155.36
2025-10-27,26,2025-11-22,151.76
2025-10-27,27,2025-11-23,148.65
2025-10-27,28,2025-11-24,147.56
2025-10-27,29,2025-11-25,150.01
2025-10-27,30,2025-11-26,151.21
2025-10-28,1,2025-10-29,129.14
2025-10-28,2,2025-10-30,133.19
2025-10-28,3,2025-10-31,135.26
2025-10-28,4,2025-11-01,136.65
2025-10-28,5,2025-11-02,139.66
2025-10-28,6,2025-11-03,145.34
2025-10-28,7,2025-11-04,150.41
2025-10-28,8,2025-11-05,154.74
2025-10-28,9,2025-11-06,160.14
2025-10-28,10,2025-11-07,161.1
2025-10-28,11,2025-11-08,164.87
2025-10-28,12,2025-11-09,158.31
2025-10-28,13,2025-11-10,156.9
2025-10-28,14,2025-11-11,158.79
2025-10-28,15,2025-11-12,160.32
2025-10-28,16,2025-11-13,159.62
2025-10-28,17,2025-11-14,162.81
2025-10-28,18,2025-11-15,156.83
2025-10-28,19,2025-11-16,157.53
2025-10-28,20,2025-11-17,158.56
2025-10-28,21,2025-11-18,158.1
2025-10-28,22,2025-11-19,160.21
2025-10-28,23,2025-11-20,159.38
2025-10-28,24,2025-11-21,156.63
2025-10-28,25,2025-11-22,151.62
2025-10-28,26,2025-11-23,147.57
2025-10-28,27,2025-11-24,145.25
2025-10-28,28,2025-11-25,147.08
2025-10-28,29,2025-11-26,147.47
2025-10-28,30,2025-11-27,150.55
2025-10-29,1,2025-10-30,126.79
2025-10-29,2,2025-10-31,131.36
2025-10-29,3,2025-11-01,133.66
2025-10-29,4,2025-11-02,135.6
2025-10-29,5,2025-11-03,140.93
2025-10-29,6,2025-11-04,145.14
2025-10-29,7,2025-11-05,153.06
2025-10-29,8,2025-11-06,159.56
2025-10-29,9,2025-11-07,160.89
2025-10-29,10,2025-11-08,160.31
2025-10-29,11,2025-11-09,159.11
2025-10-29,12,2025-11-10,157.83
2025-10-29,13,2025-11-11,155.55
2025-10-29,14,2025-11-12,158.02
2025-10-29,15,2025-11-13,159.1
2025-10-29,16,2025-11-14,160.85
2025-10-29,17,2025-11-15,161.36
2025-10-29,18,2025-11-16,157.1
2025-10-29,19,2025-11-17,157.31
2025-10-29,20,2025-11-18,157.51
2025-10-29,21,2025-11-19,159.15
2025-10-29,22,2025-11-20,158.4
2025-10-29,23,2025-11-21,156.47
2025-10-29,24,2025-11-22,154.0
2025-10-29,25,2025-11-23,149.01
2025-10-29,26,2025-11-24,144.65
2025-10-29,27,2025-11-25,144.42
2025-10-29,28,2025-11-26,146.57
2025-10-29,29,2025-11-27,147.53
2025-10-29,30,2025-11-28,150.45
2025-10-30,1,2025-10-31,126.15
2025-10-30,2,2025-11-01,132.54
2025-10-30,3,2025-11-02,134.66
2025-10-30,4,2025-11-03,138.87
2025-10-30,5,2025-11-04,142.6
2025-10-30,6,2025-11-05,148.07
2025-10-30,7,2025-11-06,157.84
2025-10-30,8,2025-11-07,160.18
2025-10-30,9,2025-11-08,161.96
2025-10-30,10,2025-11-09,157.99
2025-10-30,11,2025-11-10,157.84
2025-10-30,12,2025-11-11,159.82
2025-10-30,13,2025-11-12,157.64
2025-10-30,14,2025-11-13,157.61
2025-10-30,15,2025-11-14,156.26
2025-10-30,16,2025-11-15,161.97
2025-10-30,17,2025-11-16,163.3
2025-10-30,18,2025-11-17,156.96
2025-10-30,19,2025-11-18,158.37
2025-10-30,20,2025-11-19,158.44
2025-10-30,21,2025-11-20,157.67
2025-10-30,22,2025-11-21,155.96
2025-10-30,23,2025-11-22,151.46
2025-10-30,24,2025-11-23,148.02
2025-10-30,25,2025-11-24,144.42
2025-10-30,26,2025-11-25,141.5
2025-10-30,27,2025-11-26,141.77
2025-10-30,28,2025-11-27,143.47
2025-10-30,29,2025-11-28,144.96
2025-10-30,30,2025-11-29,148.8
2025-10-31,1,2025-11-01,130.73
2025-10-31,2,2025-11-02,134.29
2025-10-31,3,2025-11-03,139.05
2025-10-31,4,2025-11-04,142.72
2025-10-31,5,2025-11-05,147.04
2025-10-31,6,2025-11-06,151.88
2025-10-31,7,2025-11-07,157.15
2025-10-31,8,2025-11-08,160.17
2025-10-31,9,2025-11-09,158.19
2025-10-31,10,2025-11-10,157.13
2025-10-31,11,2025-11-11,160.35
2025-10-31,12,2025-11-12,162.51
2025-10-31,13,2025-11-13,155.71
2025-10-31,14,2025-11-14,160.91
2025-10-31,15,2025-11-15,160.46
2025-10-31,16,2025-11-16,167.14
2025-10-31,17,2025-11-17,164.76
2025-10-31,18,2025-11-18,158.63
2025-10-31,19,2025-11-19,156.71
2025-10-31,20,2025-11-20,156.39
2025-10-31,21,2025-11-21,154.31
2025-10-31,22,2025-11-22,151.51
2025-10-31,23,2025-11-23,147.91
2025-10-31,24,2025-11-24,144.42
2025-10-31,25,2025-11-25,142.25
2025-10-31,26,2025-11-26,142.15
2025-10-31,27,2025-11-27,144.73
2025-10-31,28,2025-11-28,147.69
2025-10-31,29,2025-11-29,146.71
2025-10-31,30,2025-11-30,150.25
2025-11-01,1,2025-11-02,124.54
2025-11-01,2,2025-11-03,129.1
2025-11-01,3,2025-11-04,133.57
2025-11-01,4,2025-11-05,140.04
2025-11-01,5,2025-11-06,146.9
2025-11-01,6,2025-11-07,150.9
2025-11-01,7,2025-11-08,157.89
2025-11-01,8,2025-11-09,155.25
2025-11-01,9,2025-11-10,157.97
2025-11-01,10,2025-11-11,157.42
2025-11-01,11,2025-11-12,162.24
2025-11-01,12,2025-11-13,159.27
2025-11-01,13,2025-11-14,157.34
2025-11-01,14,2025-11-15,164.01
2025-11-01,15,2025-11-16,163.66
2025-11-01,16,2025-11-17,161.6
2025-11-01,17,2025-11-18,161.01
2025-11-01,18,2025-11-19,156.02
2025-11-01,19,2025-11-20,154.69
2025-11-01,20,2025-11-21,153.7
2025-11-01,21,2025-11-22,150.61
2025-11-01,22,2025-11-23,146.38
2025-11-01,23,2025-11-24,143.22
2025-11-01,24,2025-11-25,141.61
2025-11-01,25,2025-11-26,140.82
2025-11-01,26,2025-11-27,140.85
2025-11-01,27,2025-11-28,142.28
2025-11-01,28,2025-11-29,143.83
2025-11-01,29,2025-11-30,145.02
2025-11-01,30,2025-12-01,148.49
2025-11-02,1,2025-11-03,130.92
2025-11-02,2,2025-11-04,136.28
2025-11-02,3,2025-11-05,142.94
2025-11-02,4,2025-11-06,146.0
2025-11-02,5,2025-11-07,144.7
2025-11-02,6,2025-11-08,151.3
2025-11-02,7,2025-11-09,158.84
2025-11-02,8,2025-11-10,155.52
2025-11-02,9,2025-11-11,158.55
2025-11-02,10,2025-11-12,158.2
2025-11-02,11,2025-11-13,162.28
2025-11-02,12,2025-11-14,157.92
2025-11-02,13,2025-11-15,154.82
2025-11-02,14,2025-11-16,161.28
2025-11-02,15,2025-11-17,159.03
2025-11-02,16,2025-11-18,158.88
2025-11-02,17,2025-11-19,155.3
2025-11-02,18,2025-11-20,155.44
2025-11-02,19,2025-11-21,153.51
2025-11-02,20,2025-11-22,148.22
2025-11-02,21,2025-11-23,145.81
2025-11-02,22,2025-11-24,142.61
2025-11-02,23,2025-11-25,141.67
2025-11-02,24,2025-11-26,139.77
2025-11-02,25,2025-11-27,139.77
2025-11-02,26,2025-11-28,140.76
2025-11-02,27,2025-11-29,142.36
2025-11-02,28,2025-11-30,145.02
2025-11-02,29,2025-12-01,146.38
2025-11-02,30,2025-12-02,148.46
2025-11-03,1,2025-11-04,143.85
2025-11-03,2,2025-11-05,150.85
2025-11-03,3,2025-11-06,155.59
2025-11-03,4,2025-11-07,162.07
2025-11-03,5,2025-11-08,160.82
2025-11-03,6,2025-11-09,161.31
2025-11-03,7,2025-11-10,164.62
2025-11-03,8,2025-11-11,163.3
2025-11-03,9,2025-11-12,167.98
2025-11-03,10,2025-11-13,158.71
2025-11-03,11,2025-11-14,160.83
2025-11-03,12,2025-11-15,155.02
2025-11-03,13,2025-11-16,156.52
2025-11-03,14,2025-11-17,154.72
2025-11-03,15,2025-11-18,157.82
2025-11-03,16,2025-11-19,151.69
2025-11-03,17,2025-11-20,149.29
2025-11-03,18,2025-11-21,151.87
2025-11-03,19,2025-11-22,148.08
2025-11-03,20,2025-11-23,145.5
2025-11-03,21,2025-11-24,143.14
2025-11-03,22,2025-11-25,142.14
2025-11-03,23,2025-11-26,142.22
2025-11-03,24,2025-11-27,142.78
2025-11-03,25,2025-11-28,143.45
2025-11-03,26,2025-11-29,144.62
2025-11-03,27,2025-11-30,147.13
2025-11-03,28,2025-12-01,149.73
2025-11-03,29,2025-12-02,147.53
2025-11-03,30,2025-12-03,152.25
2025-11-04,1,2025-11-05,161.03
2025-11-04,2,2025-11-06,166.45
2025-11-04,3,2025-11-07,174.31
2025-11-04,4,2025-11-08,176.9
2025-11-04,5,2025-11-09,173.75
2025-11-04,6,2025-11-10,173.9
2025-11-04,7,2025-11-11,172.42
2025-11-04,8,2025-11-12,172.02
2025-11-04,9,2025-11-13,166.57
2025-11-04,10,2025-11-14,160.47
2025-11-04,11,2025-11-15,165.28
2025-11-04,12,2025-11-16,159.64
2025-11-04,13,2025-11-17,156.59
2025-11-04,14,2025-11-18,155.85
2025-11-04,15,2025-11-19,153.04
2025-11-04,16,2025-11-20,151.08
2025-11-04,17,2025-11-21,143.09
2025-11-04,18,2025-11-22,148.34
2025-11-04,19,2025-11-23,144.51
2025-11-04,20,2025-11-24,143.78
2025-11-04,21,2025-11-25,141.66
2025-11-04,22,2025-11-26,143.08
2025-11-04,23,2025-11-27,141.99
2025-11-04,24,2025-11-28,143.95
2025-11-04,25,2025-11-29,146.41
2025-11-04,26,2025-11-30,148.33
2025-11-04,27,2025-12-01,149.22
2025-11-04,28,2025-12-02,151.9
2025-11-04,29,2025-12-03,151.24
2025-11-04,30,2025-12-04,153.94
2025-11-05,1,2025-11-06,157.4
2025-11-05,2,2025-11-07,161.77
2025-11-05,3,2025-11-08,163.2
2025-11-05,4,2025-11-09,165.52
2025-11-05,5,2025-11-10,162.0
2025-11-05,6,2025-11-11,166.23
2025-11-05,7,2025-11-12,169.61
2025-11-05,8,2025-11-13,163.78
2025-11-05,9,2025-11-14,166.29
2025-11-05,10,2025-11-15,159.71
2025-11-05,11,2025-11-16,160.29
2025-11-05,12,2025-11-17,156.51
2025-11-05,13,2025-11-18,152.89
2025-11-05,14,2025-11-19,152.98
2025-11-05,15,2025-11-20,149.94
2025-11-05,16,2025-11-21,145.51
2025-11-05,17,2025-11-22,139.05
2025-11-05,18,2025-11-23,146.84
2025-11-05,19,2025-11-24,143.1
2025-11-05,20,2025-11-25,141.99
2025-11-05,21,2025-11-26,142.2
2025-11-05,22,2025-11-27,142.15
2025-11-05,23,2025-11-28,143.03
2025-11-05,24,2025-11-29,145.93
2025-11-05,25,2025-11-30,147.9
2025-11-05,26,2025-12-01,148.89
2025-11-05,27,2025-12-02,151.26
2025-11-05,28,2025-12-03,153.49
2025-11-05,29,2025-12-04,153.2
2025-11-05,30,2025-12-05,154.17
2025-11-06,1,2025-11-07,172.67
2025-11-06,2,2025-11-08,168.83
2025-11-06,3,2025-11-09,172.43
2025-11-06,4,2025-11-10,169.29
2025-11-06,5,2025-11-11,168.77
2025-11-06,6,2025-11-12,171.69
2025-11-06,7,2025-11-13,166.73
2025-11-06,8,2025-11-14,162.33
2025-11-06,9,2025-11-15,162.11
2025-11-06,10,2025-11-16,158.39
2025-11-06,11,2025-11-17,156.78
2025-11-06,12,2025-11-18,156.68
2025-11-06,13,2025-11-19,156.16
2025-11-06,14,2025-11-20,155.01
2025-11-06,15,2025-11-21,150.01
2025-11-06,16,2025-11-22,142.71
2025-11-06,17,2025-11-23,139.45
2025-11-06,18,2025-11-24,143.91
2025-11-06,19,2025-11-25,141.25
2025-11-06,20,2025-11-26,142.67
2025-11-06,21,2025-11-27,143.55
2025-11-06,22,2025-11-28,144.46
2025-11-06,23,2025-11-29,146.58
2025-11-06,24,2025-11-30,149.1
2025-11-06,25,2025-12-01,151.9
2025-11-06,26,2025-12-02,152.16
2025-11-06,27,2025-12-03,154.79
2025-11-06,28,2025-12-04,155.66
2025-11-06,29,2025-12-05,159.04
2025-11-06,30,2025-12-06,155.91
2025-11-07,1,2025-11-08,169.93
2025-11-07,2,2025-11-09,168.75
2025-11-07,3,2025-11-10,170.95
2025-11-07,4,2025-11-11,169.93
2025-11-07,5,2025-11-12,168.22
2025-11-07,6,2025-11-13,170.59
2025-11-07,7,2025-11-14,168.27
2025-11-07,8,2025-11-15,165.27
2025-11-07,9,2025-11-16,160.02
2025-11-07,10,2025-11-17,159.43
2025-11-07,11,2025-11-18,156.16
2025-11-07,12,2025-11-19,156.8
2025-11-07,13,2025-11-20,158.57
2025-11-07,14,2025-11-21,151.8
2025-11-07,15,2025-11-22,143.97
2025-11-07,16,2025-11-23,140.03
2025-11-07,17,2025-11-24,139.4
2025-11-07,18,2025-11-25,142.04
2025-11-07,19,2025-11-26,142.0
2025-11-07,20,2025-11-27,143.35
2025-11-07,21,2025-11-28,144.36
2025-11-07,22,2025-11-29,146.35
2025-11-07,23,2025-11-30,149.72
2025-11-07,24,2025-12-01,151.9
2025-11-07,25,2025-12-02,153.97
2025-11-07,26,2025-12-03,155.08
2025-11-07,27,2025-12-04,158.49
2025-11-07,28,2025-12-05,159.57
2025-11-07,29,2025-12-06,161.15
2025-11-07,30,2025-12-07,158.59
2025-11-08,1,2025-11-09,175.12
2025-11-08,2,2025-11-10,170.87
2025-11-08,3,2025-11-11,173.0
2025-11-08,4,2025-11-12,169.37
2025-11-08,5,2025-11-13,170.87
2025-11-08,6,2025-11-14,170.1
2025-11-08,7,2025-11-15,166.42
2025-11-08,8,2025-11-16,162.74
2025-11-08,9,2025-11-17,161.06
2025-11-08,10,2025-11-18,160.91
2025-11-08,11,2025-11-19,158.44
2025-11-08,12,2025-11-20,155.37
2025-11-08,13,2025-11-21,153.99
2025-11-08,14,2025-11-22,147.17
2025-11-08,15,2025-11-23,143.0
2025-11-08,16,2025-11-24,142.55
2025-11-08,17,2025-11-25,141.06
2025-11-08,18,2025-11-26,141.5
2025-11-08,19,2025-11-27,143.51
2025-11-08,20,2025-11-28,145.08
2025-11-08,21,2025-11-29,147.11
2025-11-08,22,2025-11-30,150.09
2025-11-08,23,2025-12-01,153.15
2025-11-08,24,2025-12-02,154.92
2025-11-08,25,2025-12-03,156.24
2025-11-08,26,2025-12-04,159.2
2025-11-08,27,2025-12-05,162.41
2025-11-08,28,2025-12-06,163.35
2025-11-08,29,2025-12-07,163.49
2025-11-08,30,2025-12-08,161.09
2025-11-09,1,2025-11-10,175.38
2025-11-09,2,2025-11-11,174.81
2025-11-09,3,2025-11-12,173.45
2025-11-09,4,2025-11-13,172.46
2025-11-09,5,2025-11-14,169.58
2025-11-09,6,2025-11-15,160.69
2025-11-09,7,2025-11-16,156.67
2025-11-09,8,2025-11-17,155.09
2025-11-09,9,2025-11-18,152.7
2025-11-09,10,2025-11-19,152.52
2025-11-09,11,2025-11-20,153.24
2025-11-09,12,2025-11-21,150.47
2025-11-09,13,2025-11-22,146.61
2025-11-09,14,2025-11-23,141.37
2025-11-09,15,2025-11-24,140.45
2025-11-09,16,2025-11-25,141.62
2025-11-09,17,2025-11-26,143.18
2025-11-09,18,2025-11-27,143.2
2025-11-09,19,2025-11-28,145.0
2025-11-09,20,2025-11-29,147.79
2025-11-09,21,2025-11-30,151.25
2025-11-09,22,2025-12-01,152.49
2025-11-09,23,2025-12-02,156.27
2025-11-09,24,2025-12-03,157.41
2025-11-09,25,2025-12-04,158.57
2025-11-09,26,2025-12-05,162.88
2025-11-09,27,2025-12-06,163.79
2025-11-09,28,2025-12-07,165.38
2025-11-09,29,2025-12-08,164.4
2025-11-09,30,2025-12-09,164.25
2025-11-10,1,2025-11-11,177.71
2025-11-10,2,2025-11-12,178.23
2025-11-10,3,2025-11-13,175.79
2025-11-10,4,2025-11-14,172.11
2025-11-10,5,2025-11-15,169.11
2025-11-10,6,2025-11-16,162.55
2025-11-10,7,2025-11-17,158.91
2025-11-10,8,2025-11-18,155.46
2025-11-10,9,2025-11-19,153.51
2025-11-10,10,2025-11-20,152.56
2025-11-10,11,2025-11-21,147.94
2025-11-10,12,2025-11-22,145.92
2025-11-10,13,2025-11-23,141.54
2025-11-10,14,2025-11-24,140.47
2025-11-10,15,2025-11-25,138.21
2025-11-10,16,2025-11-26,142.31
2025-11-10,17,2025-11-27,144.96
2025-11-10,18,2025-11-28,145.14
2025-11-10,19,2025-11-29,147.45
2025-11-10,20,2025-11-30,151.3
2025-11-10,21,2025-12-01,154.34
2025-11-10,22,2025-12-02,155.76
2025-11-10,23,2025-12-03,159.08
2025-11-10,24,2025-12-04,161.66
2025-11-10,25,2025-12-05,161.12
2025-11-10,26,2025-12-06,164.74
2025-11-10,27,2025-12-07,166.48
2025-11-10,28,2025-12-08,167.47
2025-11-10,29,2025-12-09,168.39
2025-11-10,30,2025-12-10,168.54
2025-11-11,1,2025-11-12,165.33
2025-11-11,2,2025-11-13,157.97
2025-11-11,3,2025-11-14,150.37
2025-11-11,4,2025-11-15,149.68
2025-11-11,5,2025-11-16,147.3
2025-11-11,6,2025-11-17,146.29
2025-11-11,7,2025-11-18,146.27
2025-11-11,8,2025-11-19,149.86
2025-11-11,9,2025-11-20,151.77
2025-11-11,10,2025-11-21,152.53
2025-11-11,11,2025-11-22,146.27
2025-11-11,12,2025-11-23,140.62
2025-11-11,13,2025-11-24,141.52
2025-11-11,14,2025-11-25,140.57
2025-11-11,15,2025-11-26,137.77
2025-11-11,16,2025-11-27,141.8
2025-11-11,17,2025-11-28,143.98
2025-11-11,18,2025-11-29,150.71
2025-11-11,19,2025-11-30,152.26
2025-11-11,20,2025-12-01,154.84
2025-11-11,21,2025-12-02,157.82
2025-11-11,22,2025-12-03,159.46
2025-11-11,23,2025-12-04,161.88
2025-11-11,24,2025-12-05,161.8
2025-11-11,25,2025-12-06,162.69
2025-11-11,26,2025-12-07,164.63
2025-11-11,27,2025-12-08,166.6
2025-11-11,28,2025-12-09,168.43
2025-11-11,29,2025-12-10,169.68
2025-11-11,30,2025-12-11,168.03
2025-11-12,1,2025-11-13,154.35
2025-11-12,2,2025-11-14,151.25
2025-11-12,3,2025-11-15,144.17
2025-11-12,4,2025-11-16,143.38
2025-11-12,5,2025-11-17,140.35
2025-11-12,6,2025-11-18,142.03
2025-11-12,7,2025-11-19,144.99
2025-11-12,8,2025-11-20,143.9
2025-11-12,9,2025-11-21,148.13
2025-11-12,10,2025-11-22,145.28
2025-11-12,11,2025-11-23,140.32
2025-11-12,12,2025-11-24,141.39
2025-11-12,13,2025-11-25,139.41
2025-11-12,14,2025-11-26,142.75
2025-11-12,15,2025-11-27,140.99
2025-11-12,16,2025-11-28,147.48
2025-11-12,17,2025-11-29,149.48
2025-11-12,18,2025-11-30,152.56
2025-11-12,19,2025-12-01,155.72
2025-11-12,20,2025-12-02,157.94
2025-11-12,21,2025-12-03,160.13
2025-11-12,22,2025-12-04,162.76
2025-11-12,23,2025-12-05,161.9
2025-11-12,24,2025-12-06,164.6
2025-11-12,25,2025-12-07,164.83
2025-11-12,26,2025-12-08,166.68
2025-11-12,27,2025-12-09,167.59
2025-11-12,28,2025-12-10,167.93
2025-11-12,29,2025-12-11,167.7
2025-11-12,30,2025-12-12,164.73
2025-11-13,1,2025-11-14,147.58
2025-11-13,2,2025-11-15,143.21
2025-11-13,3,2025-11-16,139.96
2025-11-13,4,2025-11-17,136.55
2025-11-13,5,2025-11-18,135.74
2025-11-13,6,2025-11-19,139.73
2025-11-13,7,2025-11-20,140.46
2025-11-13,8,2025-11-21,141.65
2025-11-13,9,2025-11-22,140.11
2025-11-13,10,2025-11-23,138.17
2025-11-13,11,2025-11-24,140.07
2025-11-13,12,2025-11-25,141.4
2025-11-13,13,2025-11-26,141.93
2025-11-13,14,2025-11-27,145.6
2025-11-13,15,2025-11-28,147.21
2025-11-13,16,2025-11-29,155.92
2025-11-13,17,2025-11-30,160.42
2025-11-13,18,2025-12-01,154.57
2025-11-13,19,2025-12-02,156.66
2025-11-13,20,2025-12-03,160.05
2025-11-13,21,2025-12-04,162.43
2025-11-13,22,2025-12-05,162.87
2025-11-13,23,2025-12-06,163.04
2025-11-13,24,2025-12-07,166.61
2025-11-13,25,2025-12-08,164.88
2025-11-13,26,2025-12-09,166.76
2025-11-13,27,2025-12-10,165.94
2025-11-13,28,2025-12-11,164.89
2025-11-13,29,2025-12-12,163.75
2025-11-13,30,2025-12-13,161.8
2025-11-14,1,2025-11-15,138.01
2025-11-14,2,2025-11-16,134.77
2025-11-14,3,2025-11-17,133.6
2025-11-14,4,2025-11-18,132.12
2025-11-14,5,2025-11-19,133.47
2025-11-14,6,2025-11-20,134.01
2025-11-14,7,2025-11-21,137.48
2025-11-14,8,2025-11-22,137.17
2025-11-14,9,2025-11-23,138.58
2025-11-14,10,2025-11-24,136.21
2025-11-14,11,2025-11-25,140.35
2025-11-14,12,2025-11-26,142.84
2025-11-14,13,2025-11-27,143.41
2025-11-14,14,2025-11-28,147.57
2025-11-14,15,2025-11-29,152.41
2025-11-14,16,2025-11-30,164.16
2025-11-14,17,2025-12-01,167.46
2025-11-14,18,2025-12-02,157.65
2025-11-14,19,2025-12-03,160.74
2025-11-14,20,2025-12-04,162.52
2025-11-14,21,2025-12-05,164.06
2025-11-14,22,2025-12-06,163.22
2025-11-14,23,2025-12-07,163.07
2025-11-14,24,2025-12-08,163.21
2025-11-14,25,2025-12-09,160.72
2025-11-14,26,2025-12-10,160.36
2025-11-14,27,2025-12-11,158.84
2025-11-14,28,2025-12-12,157.33
2025-11-14,29,2025-12-13,157.3
2025-11-14,30,2025-12-14,155.36
2025-11-15,1,2025-11-16,132.41
2025-11-15,2,2025-11-17,129.79
2025-11-15,3,2025-11-18,129.07
2025-11-15,4,2025-11-19,127.85
2025-11-15,5,2025-11-20,130.62
2025-11-15,6,2025-11-21,129.73
2025-11-15,7,2025-11-22,135.13
2025-11-15,8,2025-11-23,135.12
2025-11-15,9,2025-11-24,138.17
2025-11-15,10,2025-11-25,138.36
2025-11-15,11,2025-11-26,142.53
2025-11-15,12,2025-11-27,144.27
2025-11-15,13,2025-11-28,148.67
2025-11-15,14,2025-11-29,152.61
2025-11-15,15,2025-11-30,159.13
2025-11-15,16,2025-12-01,166.16
2025-11-15,17,2025-12-02,169.18
2025-11-15,18,2025-12-03,158.78
2025-11-15,19,2025-12-04,162.19
2025-11-15,20,2025-12-05,162.96
2025-11-15,21,2025-12-06,163.31
2025-11-15,22,2025-12-07,162.2
2025-11-15,23,2025-12-08,160.1
2025-11-15,24,2025-12-09,158.42
2025-11-15,25,2025-12-10,158.07
2025-11-15,26,2025-12-11,156.85
2025-11-15,27,2025-12-12,155.45
2025-11-15,28,2025-12-13,157.0
2025-11-15,29,2025-12-14,155.92
2025-11-15,30,2025-12-15,155.45
2025-11-16,1,2025-11-17,126.11
2025-11-16,2,2025-11-18,126.24
2025-11-16,3,2025-11-19,126.67
2025-11-16,4,2025-11-20,127.86
2025-11-16,5,2025-11-21,132.43
2025-11-16,6,2025-11-22,133.69
2025-11-16,7,2025-11-23,137.24
2025-11-16,8,2025-11-24,137.98
2025-11-16,9,2025-11-25,142.27
2025-11-16,10,2025-11-26,141.48
2025-11-16,11,2025-11-27,146.47
2025-11-16,12,2025-11-28,148.89
2025-11-16,13,2025-11-29,153.22
2025-11-16,14,2025-11-30,157.02
2025-11-16,15,2025-12-01,163.38
2025-11-16,16,2025-12-02,168.81
2025-11-16,17,2025-12-03,172.61
2025-11-16,18,2025-12-04,159.25
2025-11-16,19,2025-12-05,161.63
2025-11-16,20,2025-12-06,160.8
2025-11-16,21,2025-12-07,161.03
2025-11-16,22,2025-12-08,159.39
2025-11-16,23,2025-12-09,156.49
2025-11-16,24,2025-12-10,153.89
2025-11-16,25,2025-12-11,154.96
2025-11-16,26,2025-12-12,153.41
2025-11-16,27,2025-12-13,150.28
2025-11-16,28,2025-12-14,150.75
2025-11-16,29,2025-12-15,150.24
2025-11-16,30,2025-12-16,151.45
2025-11-17,1,2025-11-18,122.12
2025-11-17,2,2025-11-19,121.67
2025-11-17,3,2025-11-20,125.09
2025-11-17,4,2025-11-21,123.63
2025-11-17,5,2025-11-22,128.49
2025-11-17,6,2025-11-23,131.19
2025-11-17,7,2025-11-24,135.51
2025-11-17,8,2025-11-25,138.75
2025-11-17,9,2025-11-26,144.85
2025-11-17,10,2025-11-27,145.4
2025-11-17,11,2025-11-28,155.52
2025-11-17,12,2025-11-29,155.21
2025-11-17,13,2025-11-30,157.57
2025-11-17,14,2025-12-01,163.25
2025-11-17,15,2025-12-02,167.69
2025-11-17,16,2025-12-03,170.91
2025-11-17,17,2025-12-04,169.19
2025-11-17,18,2025-12-05,158.21
2025-11-17,19,2025-12-06,160.94
2025-11-17,20,2025-12-07,159.92
2025-11-17,21,2025-12-08,158.05
2025-11-17,22,2025-12-09,155.22
2025-11-17,23,2025-12-10,154.35
2025-11-17,24,2025-12-11,153.3
2025-11-17,25,2025-12-12,152.07
2025-11-17,26,2025-12-13,150.36
2025-11-17,27,2025-12-14,148.62
2025-11-17,28,2025-12-15,148.49
2025-11-17,29,2025-12-16,147.59
2025-11-17,30,2025-12-17,148.53
2025-11-18,1,2025-11-19,119.82
2025-11-18,2,2025-11-20,118.85
2025-11-18,3,2025-11-21,120.64
2025-11-18,4,2025-11-22,125.35
2025-11-18,5,2025-11-23,130.03
2025-11-18,6,2025-11-24,131.27
2025-11-18,7,2025-11-25,136.34
2025-11-18,8,2025-11-26,139.31
2025-11-18,9,2025-11-27,142.53
2025-11-18,10,2025-11-28,147.9
2025-11-18,11,2025-11-29,156.34
2025-11-18,12,2025-11-30,159.99
2025-11-18,13,2025-12-01,160.47
2025-11-18,14,2025-12-02,166.97
2025-11-18,15,2025-12-03,168.09
2025-11-18,16,2025-12-04,172.31
2025-11-18,17,2025-12-05,172.42
2025-11-18,18,2025-12-06,158.17
2025-11-18,19,2025-12-07,159.57
2025-11-18,20,2025-12-08,155.19
2025-11-18,21,2025-12-09,155.59
2025-11-18,22,2025-12-10,151.51
2025-11-18,23,2025-12-11,150.2
2025-11-18,24,2025-12-12,150.19
2025-11-18,25,2025-12-13,147.44
2025-11-18,26,2025-12-14,148.08
2025-11-18,27,2025-12-15,146.51
2025-11-18,28,2025-12-16,144.6
2025-11-18,29,2025-12-17,144.22
2025-11-18,30,2025-12-18,145.66
2025-11-19,1,2025-11-20,120.87
2025-11-19,2,2025-11-21,121.55
2025-11-19,3,2025-11-22,125.64
2025-11-19,4,2025-11-23,128.56
2025-11-19,5,2025-11-24,131.69
2025-11-19,6,2025-11-25,133.35
2025-11-19,7,2025-11-26,138.09
2025-11-19,8,2025-11-27,140.88
2025-11-19,9,2025-11-28,147.85
2025-11-19,10,2025-11-29,155.0
2025-11-19,11,2025-11-30,163.17
2025-11-19,12,2025-12-01,162.77
2025-11-19,13,2025-12-02,163.18
2025-11-19,14,2025-12-03,165.79
2025-11-19,15,2025-12-04,162.08
2025-11-19,16,2025-12-05,164.67
2025-11-19,17,2025-12-06,167.9
2025-11-19,18,2025-12-07,155.6
2025-11-19,19,2025-12-08,154.93
2025-11-19,20,2025-12-09,154.44
2025-11-19,21,2025-12-10,152.66
2025-11-19,22,2025-12-11,149.32
2025-11-19,23,2025-12-12,147.86
2025-11-19,24,2025-12-13,145.49
2025-11-19,25,2025-12-14,145.79
2025-11-19,26,2025-12-15,146.04
2025-11-19,27,2025-12-16,144.48
2025-11-19,28,2025-12-17,141.33
2025-11-19,29,2025-12-18,141.05
2025-11-19,30,2025-12-19,143.95
2025-11-20,1,2025-11-21,119.97
2025-11-20,2,2025-11-22,121.24
2025-11-20,3,2025-11-23,127.35
2025-11-20,4,2025-11-24,133.09
2025-11-20,5,2025-11-25,132.95
2025-11-20,6,2025-11-26,134.87
2025-11-20,7,2025-11-27,140.82
2025-11-20,8,2025-11-28,145.23
2025-11-20,9,2025-11-29,147.37
2025-11-20,10,2025-11-30,157.55
2025-11-20,11,2025-12-01,167.55
2025-11-20,12,2025-12-02,165.78
2025-11-20,13,2025-12-03,160.9
2025-11-20,14,2025-12-04,167.03
2025-11-20,15,2025-12-05,164.29
2025-11-20,16,2025-12-06,166.22
2025-11-20,17,2025-12-07,170.6
2025-11-20,18,2025-12-08,154.24
2025-11-20,19,2025-12-09,151.21
2025-11-20,20,2025-12-10,151.87
2025-11-20,21,2025-12-11,147.71
2025-11-20,22,2025-12-12,146.68
2025-11-20,23,2025-12-13,146.61
2025-11-20,24,2025-12-14,145.07
2025-11-20,25,2025-12-15,145.01
2025-11-20,26,2025-12-16,144.14
2025-11-20,27,2025-12-17,142.57
2025-11-20,28,2025-12-18,138.96
2025-11-20,29,2025-12-19,140.48
2025-11-20,30,2025-12-20,142.08
2025-11-21,1,2025-11-22,122.11
2025-11-21,2,2025-11-23,123.82
2025-11-21,3,2025-11-24,126.93
2025-11-21,4,2025-11-25,134.77
2025-11-21,5,2025-11-26,132.9
2025-11-21,6,2025-11-27,135.18
2025-11-21,7,2025-11-28,143.44
2025-11-21,8,2025-11-29,149.02
2025-11-21,9,2025-11-30,154.34
2025-11-21,10,2025-12-01,160.79
2025-11-21,11,2025-12-02,169.94
2025-11-21,12,2025-12-03,163.19
2025-11-21,13,2025-12-04,159.59
2025-11-21,14,2025-12-05,161.68
2025-11-21,15,2025-12-06,160.92
2025-11-21,16,2025-12-07,163.04
2025-11-21,17,2025-12-08,162.53
2025-11-21,18,2025-12-09,150.7
2025-11-21,19,2025-12-10,148.35
2025-11-21,20,2025-12-11,148.3
2025-11-21,21,2025-12-12,145.54
2025-11-21,22,2025-12-13,144.61
2025-11-21,23,2025-12-14,144.97
2025-11-21,24,2025-12-15,143.75
2025-11-21,25,2025-12-16,142.29
2025-11-21,26,2025-12-17,140.64
2025-11-21,27,2025-12-18,139.53
2025-11-21,28,2025-12-19,136.35
2025-11-21,29,2025-12-20,139.02
2025-11-21,30,2025-12-21,141.66
2025-11-22,1,2025-11-23,122.45
2025-11-22,2,2025-11-24,127.32
2025-11-22,3,2025-11-25,132.25
2025-11-22,4,2025-11-26,144.47
2025-11-22,5,2025-11-27,149.06
2025-11-22,6,2025-11-28,151.76
2025-11-22,7,2025-11-29,158.82
2025-11-22,8,2025-11-30,162.9
2025-11-22,9,2025-12-01,162.68
2025-11-22,10,2025-12-02,163.81
2025-11-22,11,2025-12-03,167.03
2025-11-22,12,2025-12-04,163.22
2025-11-22,13,2025-12-05,161.51
2025-11-22,14,2025-12-06,160.35
2025-11-22,15,2025-12-07,159.46
2025-11-22,16,2025-12-08,158.67
2025-11-22,17,2025-12-09,158.5
2025-11-22,18,2025-12-10,149.41
2025-11-22,19,2025-12-11,146.5
2025-11-22,20,2025-12-12,146.76
2025-11-22,21,2025-12-13,143.97
2025-11-22,22,2025-12-14,140.6
2025-11-22,23,2025-12-15,142.48
2025-11-22,24,2025-12-16,141.8
2025-11-22,25,2025-12-17,139.34
2025-11-22,26,2025-12-18,136.23
2025-11-22,27,2025-12-19,136.63
2025-11-22,28,2025-12-20,135.81
2025-11-22,29,2025-12-21,137.94
2025-11-22,30,2025-12-22,141.0
2025-11-23,1,2025-11-24,123.5
2025-11-23,2,2025-11-25,126.24
2025-11-23,3,2025-11-26,134.26
2025-11-23,4,2025-11-27,143.04
2025-11-23,5,2025-11-28,144.23
2025-11-23,6,2025-11-29,148.84
2025-11-23,7,2025-11-30,155.26
2025-11-23,8,2025-12-01,159.4
2025-11-23,9,2025-12-02,162.03
2025-11-23,10,2025-12-03,163.5
2025-11-23,11,2025-12-04,162.85
2025-11-23,12,2025-12-05,162.6
2025-11-23,13,2025-12-06,162.69
2025-11-23,14,2025-12-07,159.04
2025-11-23,15,2025-12-08,158.59
2025-11-23,16,2025-12-09,154.13
2025-11-23,17,2025-12-10,155.13
2025-11-23,18,2025-12-11,147.83
2025-11-23,19,2025-12-12,145.58
2025-11-23,20,2025-12-13,144.32
2025-11-23,21,2025-12-14,142.43
2025-11-23,22,2025-12-15,140.36
2025-11-23,23,2025-12-16,141.93
2025-11-23,24,2025-12-17,141.25
2025-11-23,25,2025-12-18,138.5
2025-11-23,26,2025-12-19,136.16
2025-11-23,27,2025-12-20,137.05
2025-11-23,28,2025-12-21,138.18
2025-11-23,29,2025-12-22,139.97
2025-11-23,30,2025-12-23,143.23
2025-11-24,1,2025-11-25,123.67
2025-11-24,2,2025-11-26,128.47
2025-11-24,3,2025-11-27,133.29
2025-11-24,4,2025-11-28,139.8
2025-11-24,5,2025-11-29,142.56
2025-11-24,6,2025-11-30,149.65
2025-11-24,7,2025-12-01,157.42
2025-11-24,8,2025-12-02,162.11
2025-11-24,9,2025-12-03,164.28
2025-11-24,10,2025-12-04,166.19
2025-11-24,11,2025-12-05,164.82
2025-11-24,12,2025-12-06,165.01
2025-11-24,13,2025-12-07,162.64
2025-11-24,14,2025-12-08,160.87
2025-11-24,15,2025-12-09,159.57
2025-11-24,16,2025-12-10,152.68
2025-11-24,17,2025-12-11,152.41
2025-11-24,18,2025-12-12,144.32
2025-11-24,19,2025-12-13,143.54
2025-11-24,20,2025-12-14,141.65
2025-11-24,21,2025-12-15,142.67
2025-11-24,22,2025-12-16,139.7
2025-11-24,23,2025-12-17,140.85
2025-11-24,24,2025-12-18,139.69
2025-11-24,25,2025-12-19,138.18
2025-11-24,26,2025-12-20,136.48
2025-11-24,27,2025-12-21,136.56
2025-11-24,28,2025-12-22,139.18
2025-11-24,29,2025-12-23,139.69
2025-11-24,30,2025-12-24,142.9
2025-11-25,1,2025-11-26,124.05
2025-11-25,2,2025-11-27,129.27
2025-11-25,3,2025-11-28,135.71
2025-11-25,4,2025-11-29,142.12
2025-11-25,5,2025-11-30,146.18
2025-11-25,6,2025-12-01,152.19
2025-11-25,7,2025-12-02,156.95
2025-11-25,8,2025-12-03,162.75
2025-11-25,9,2025-12-04,162.33
2025-11-25,10,2025-12-05,164.88
2025-11-25,11,2025-12-06,164.21
2025-11-25,12,2025-12-07,167.01
2025-11-25,13,2025-12-08,162.95
2025-11-25,14,2025-12-09,160.63
2025-11-25,15,2025-12-10,152.24
2025-11-25,16,2025-12-11,148.3
2025-11-25,17,2025-12-12,145.56
2025-11-25,18,2025-12-13,142.03
2025-11-25,19,2025-12-14,141.29
2025-11-25,20,2025-12-15,141.98
2025-11-25,21,2025-12-16,140.66
2025-11-25,22,2025-12-17,139.02
2025-11-25,23,2025-12-18,137.51
2025-11-25,24,2025-12-19,138.74
2025-11-25,25,2025-12-20,137.34
2025-11-25,26,2025-12-21,137.04
2025-11-25,27,2025-12-22,136.74
2025-11-25,28,2025-12-23,139.64
2025-11-25,29,2025-12-24,140.85
2025-11-25,30,2025-12-25,142.81
2025-11-26,1,2025-11-27,128.82
2025-11-26,2,2025-11-28,133.49
2025-11-26,3,2025-11-29,138.25
2025-11-26,4,2025-11-30,144.75
2025-11-26,5,2025-12-01,148.25
2025-11-26,6,2025-12-02,153.5
2025-11-26,7,2025-12-03,159.77
2025-11-26,8,2025-12-04,162.99
2025-11-26,9,2025-12-05,162.59
2025-11-26,10,2025-12-06,163.47
2025-11-26,11,2025-12-07,162.23
2025-11-26,12,2025-12-08,163.09
2025-11-26,13,2025-12-09,156.04
2025-11-26,14,2025-12-10,151.8
2025-11-26,15,2025-12-11,146.82
2025-11-26,16,2025-12-12,148.54
2025-11-26,17,2025-12-13,141.18
2025-11-26,18,2025-12-14,139.89
2025-11-26,19,2025-12-15,140.32
2025-11-26,20,2025-12-16,138.47
2025-11-26,21,2025-12-17,139.04
2025-11-26,22,2025-12-18,135.76
2025-11-26,23,2025-12-19,136.76
2025-11-26,24,2025-12-20,137.12
2025-11-26,25,2025-12-21,137.38
2025-11-26,26,2025-12-22,138.05
2025-11-26,27,2025-12-23,138.22
2025-11-26,28,2025-12-24,141.87
2025-11-26,29,2025-12-25,142.77
2025-11-26,30,2025-12-26,142.99
2025-11-27,1,2025-11-28,127.82
2025-11-27,2,2025-11-29,134.58
2025-11-27,3,2025-11-30,140.18
2025-11-27,4,2025-12-01,148.5
2025-11-27,5,2025-12-02,150.3
2025-11-27,6,2025-12-03,156.11
2025-11-27,7,2025-12-04,158.49
2025-11-27,8,2025-12-05,163.34
2025-11-27,9,2025-12-06,164.51
2025-11-27,10,2025-12-07,161.8
2025-11-27,11,2025-12-08,163.13
2025-11-27,12,2025-12-09,157.2
2025-11-27,13,2025-12-10,151.15
2025-11-27,14,2025-12-11,144.85
2025-11-27,15,2025-12-12,143.39
2025-11-27,16,2025-12-13,142.17
2025-11-27,17,2025-12-14,141.88
2025-11-27,18,2025-12-15,139.54
2025-11-27,19,2025-12-16,138.48
2025-11-27,20,2025-12-17,137.29
2025-11-27,21,2025-12-18,136.14
2025-11-27,22,2025-12-19,136.08
2025-11-27,23,2025-12-20,135.54
2025-11-27,24,2025-12-21,136.67
2025-11-27,25,2025-12-22,138.81
2025-11-27,26,2025-12-23,139.37
2025-11-27,27,2025-12-24,137.54
2025-11-27,28,2025-12-25,141.0
2025-11-27,29,2025-12-26,143.35
2025-11-27,30,2025-12-27,142.32
2025-11-28,1,2025-11-29,140.97
2025-11-28,2,2025-11-30,148.57
2025-11-28,3,2025-12-01,154.98
2025-11-28,4,2025-12-02,159.01
2025-11-28,5,2025-12-03,160.39
2025-11-28,6,2025-12-04,164.11
2025-11-28,7,2025-12-05,165.8
2025-11-28,8,2025-12-06,166.24
2025-11-28,9,2025-12-07,164.45
2025-11-28,10,2025-12-08,162.7
2025-11-28,11,2025-12-09,160.34
2025-11-28,12,2025-12-10,152.28
2025-11-28,13,2025-12-11,147.61
2025-11-28,14,2025-12-12,145.9
2025-11-28,15,2025-12-13,141.96
2025-11-28,16,2025-12-14,141.58
2025-11-28,17,2025-12-15,142.74
2025-11-28,18,2025-12-16,138.68
2025-11-28,19,2025-12-17,136.99
2025-11-28,20,2025-12-18,134.76
2025-11-28,21,2025-12-19,135.47
2025-11-28,22,2025-12-20,135.71
2025-11-28,23,2025-12-21,136.57
2025-11-28,24,2025-12-22,137.87
2025-11-28,25,2025-12-23,139.4
2025-11-28,26,2025-12-24,142.41
2025-11-28,27,2025-12-25,141.62
2025-11-28,28,2025-12-26,144.72
2025-11-28,29,2025-12-27,144.8
2025-11-28,30,2025-12-28,145.15
2025-11-29,1,2025-11-30,170.12
2025-11-29,2,2025-12-01,179.39
2025-11-29,3,2025-12-02,189.06
2025-11-29,4,2025-12-03,191.52
2025-11-29,5,2025-12-04,192.26
2025-11-29,6,2025-12-05,189.02
2025-11-29,7,2025-12-06,183.1
2025-11-29,8,2025-12-07,179.4
2025-11-29,9,2025-12-08,166.59
2025-11-29,10,2025-12-09,162.7
2025-11-29,11,2025-12-10,156.51
2025-11-29,12,2025-12-11,151.48
2025-11-29,13,2025-12-12,145.56
2025-11-29,14,2025-12-13,145.53
2025-11-29,15,2025-12-14,140.69
2025-11-29,16,2025-12-15,138.74
2025-11-29,17,2025-12-16,137.77
2025-11-29,18,2025-12-17,136.05
2025-11-29,19,2025-12-18,134.43
2025-11-29,20,2025-12-19,135.65
2025-11-29,21,2025-12-20,135.26
2025-11-29,22,2025-12-21,136.81
2025-11-29,23,2025-12-22,137.6
2025-11-29,24,2025-12-23,139.68
2025-11-29,25,2025-12-24,145.25
2025-11-29,26,2025-12-25,148.6
2025-11-29,27,2025-12-26,149.14
2025-11-29,28,2025-12-27,150.86
2025-11-29,29,2025-12-28,151.58
2025-11-29,30,2025-12-29,150.12
2025-11-30,1,2025-12-01,190.81
2025-11-30,2,2025-12-02,194.26
2025-11-30,3,2025-12-03,199.8
2025-11-30,4,2025-12-04,196.84
2025-11-30,5,2025-12-05,197.09
2025-11-30,6,2025-12-06,193.33
2025-11-30,7,2025-12-07,186.76
2025-11-30,8,2025-12-08,180.06
2025-11-30,9,2025-12-09,167.33
2025-11-30,10,2025-12-10,156.2
2025-11-30,11,2025-12-11,155.81
2025-11-30,12,2025-12-12,145.74
2025-11-30,13,2025-12-13,142.93
2025-11-30,14,2025-12-14,140.66
2025-11-30,15,2025-12-15,138.89
2025-11-30,16,2025-12-16,137.45
2025-11-30,17,2025-12-17,136.71
2025-11-30,18,2025-12-18,135.35
2025-11-30,19,2025-12-19,135.52
2025-11-30,20,2025-12-20,136.52
2025-11-30,21,2025-12-21,136.4
2025-11-30,22,2025-12-22,140.53
2025-11-30,23,2025-12-23,139.98
2025-11-30,24,2025-12-24,142.53
2025-11-30,25,2025-12-25,147.52
2025-11-30,26,2025-12-26,149.99
2025-11-30,27,2025-12-27,152.44
2025-11-30,28,2025-12-28,153.35
2025-11-30,29,2025-12-29,154.11
2025-11-30,30,2025-12-30,153.02
2025-12-01,1,2025-12-02,204.21
2025-12-01,2,2025-12-03,205.82
2025-12-01,3,2025-12-04,205.19
2025-12-01,4,2025-12-05,205.11
2025-12-01,5,2025-12-06,201.0
2025-12-01,6,2025-12-07,195.15
2025-12-01,7,2025-12-08,186.61
2025-12-01,8,2025-12-09,179.82
2025-12-01,9,2025-12-10,165.32
2025-12-01,10,2025-12-11,156.61
2025-12-01,11,2025-12-12,153.07
2025-12-01,12,2025-12-13,146.94
2025-12-01,13,2025-12-14,142.95
2025-12-01,14,2025-12-15,141.07
2025-12-01,15,2025-12-16,139.31
2025-12-01,16,2025-12-17,138.02
2025-12-01,17,2025-12-18,138.03
2025-12-01,18,2025-12-19,136.42
2025-12-01,19,2025-12-20,137.29
2025-12-01,20,2025-12-21,139.37
2025-12-01,21,2025-12-22,138.51
2025-12-01,22,2025-12-23,141.62
2025-12-01,23,2025-12-24,144.1
2025-12-01,24,2025-12-25,149.69
2025-12-01,25,2025-12-26,154.86
2025-12-01,26,2025-12-27,155.45
2025-12-01,27,2025-12-28,156.81
2025-12-01,28,2025-12-29,159.04
2025-12-01,29,2025-12-30,159.93
2025-12-01,30,2025-12-31,157.16
2025-12-02,1,2025-12-03,204.19
2025-12-02,2,2025-12-04,203.77
2025-12-02,3,2025-12-05,203.6
2025-12-02,4,2025-12-06,202.42
2025-12-02,5,2025-12-07,197.58
2025-12-02,6,2025-12-08,190.25
2025-12-02,7,2025-12-09,182.76
2025-12-02,8,2025-12-10,172.16
2025-12-02,9,2025-12-11,160.3
2025-12-02,10,2025-12-12,154.43
2025-12-02,11,2025-12-13,148.54
2025-12-02,12,2025-12-14,145.32
2025-12-02,13,2025-12-15,142.27
2025-12-02,14,2025-12-16,140.13
2025-12-02,15,2025-12-17,138.46
2025-12-02,16,2025-12-18,139.54
2025-12-02,17,2025-12-19,137.33
2025-12-02,18,2025-12-20,137.5
2025-12-02,19,2025-12-21,138.79
2025-12-02,20,2025-12-22,141.44
2025-12-02,21,2025-12-23,142.46
2025-12-02,22,2025-12-24,146.2
2025-12-02,23,2025-12-25,149.5
2025-12-02,24,2025-12-26,154.63
2025-12-02,25,2025-12-27,160.61
2025-12-02,26,2025-12-28,161.93
2025-12-02,27,2025-12-29,164.81
2025-12-02,28,2025-12-30,165.36
2025-12-02,29,2025-12-31,167.45
2025-12-02,30,2026-01-01,164.48
2025-12-03,1,2025-12-04,209.21
2025-12-03,2,2025-12-05,210.78
2025-12-03,3,2025-12-06,210.48
2025-12-03,4,2025-12-07,204.01
2025-12-03,5,2025-12-08,198.8
2025-12-03,6,2025-12-09,189.66
2025-12-03,7,2025-12-10,176.62
2025-12-03,8,2025-12-11,169.83
2025-12-03,9,2025-12-12,159.91
2025-12-03,10,2025-12-13,155.68
2025-12-03,11,2025-12-14,146.21
2025-12-03,12,2025-12-15,146.92
2025-12-03,13,2025-12-16,145.14
2025-12-03,14,2025-12-17,141.06
2025-12-03,15,2025-12-18,138.91
2025-12-03,16,2025-12-19,140.47
2025-12-03,17,2025-12-20,139.1
2025-12-03,18,2025-12-21,139.3
2025-12-03,19,2025-12-22,141.89
2025-12-03,20,2025-12-23,142.47
2025-12-03,21,2025-12-24,146.7
2025-12-03,22,2025-12-25,149.79
2025-12-03,23,2025-12-26,153.94
2025-12-03,24,2025-12-27,159.92
2025-12-03,25,2025-12-28,163.99
2025-12-03,26,2025-12-29,166.53
2025-12-03,27,2025-12-30,169.95
2025-12-03,28,2025-12-31,167.07
2025-12-03,29,2026-01-01,169.27
2025-12-03,30,2026-01-02,166.25
2025-12-04,1,2025-12-05,222.67
2025-12-04,2,2025-12-06,220.72
2025-12-04,3,2025-12-07,214.66
2025-12-04,4,2025-12-08,201.67
2025-12-04,5,2025-12-09,189.4
2025-12-04,6,2025-12-10,177.0
2025-12-04,7,2025-12-11,164.73
2025-12-04,8,2025-12-12,156.22
2025-12-04,9,2025-12-13,147.67
2025-12-04,10,2025-12-14,146.88
2025-12-04,11,2025-12-15,142.59
2025-12-04,12,2025-12-16,145.31
2025-12-04,13,2025-12-17,145.1
2025-12-04,14,2025-12-18,139.3
2025-12-04,15,2025-12-19,139.24
2025-12-04,16,2025-12-20,140.14
2025-12-04,17,2025-12-21,140.26
2025-12-04,18,2025-12-22,142.22
2025-12-04,19,2025-12-23,143.42
2025-12-04,20,2025-12-24,146.58
2025-12-04,21,2025-12-25,152.24
2025-12-04,22,2025-12-26,156.82
2025-12-04,23,2025-12-27,161.91
2025-12-04,24,2025-12-28,164.8
2025-12-04,25,2025-12-29,167.36
2025-12-04,26,2025-12-30,169.13
2025-12-04,27,2025-12-31,170.15
2025-12-04,28,2026-01-01,168.83
2025-12-04,29,2026-01-02,170.73
2025-12-04,30,2026-01-03,167.13
2025-12-05,1,2025-12-06,213.4
2025-12-05,2,2025-12-07,204.42
2025-12-05,3,2025-12-08,191.09
2025-12-05,4,2025-12-09,177.86
2025-12-05,5,2025-12-10,168.25
2025-12-05,6,2025-12-11,158.78
2025-12-05,7,2025-12-12,152.64
2025-12-05,8,2025-12-13,144.81
2025-12-05,9,2025-12-14,140.77
2025-12-05,10,2025-12-15,141.49
2025-12-05,11,2025-12-16,135.98
2025-12-05,12,2025-12-17,141.13
2025-12-05,13,2025-12-18,138.23
2025-12-05,14,2025-12-19,135.99
2025-12-05,15,2025-12-20,138.34
2025-12-05,16,2025-12-21,142.53
2025-12-05,17,2025-12-22,143.01
2025-12-05,18,2025-12-23,144.67
2025-12-05,19,2025-12-24,147.97
2025-12-05,20,2025-12-25,151.36
2025-12-05,21,2025-12-26,157.62
2025-12-05,22,2025-12-27,161.7
2025-12-05,23,2025-12-28,165.7
2025-12-05,24,2025-12-29,169.59
2025-12-05,25,2025-12-30,169.15
2025-12-05,26,2025-12-31,170.31
2025-12-05,27,2026-01-01,169.9
2025-12-05,28,2026-01-02,167.47
2025-12-05,29,2026-01-03,169.34
2025-12-05,30,2026-01-04,165.94
2025-12-06,1,2025-12-07,201.87
2025-12-06,2,2025-12-08,191.94
2025-12-06,3,2025-12-09,177.38
2025-12-06,4,2025-12-10,164.68
2025-12-06,5,2025-12-11,158.08
2025-12-06,6,2025-12-12,148.3
2025-12-06,7,2025-12-13,144.32
2025-12-06,8,2025-12-14,139.91
2025-12-06,9,2025-12-15,138.34
2025-12-06,10,2025-12-16,140.53
2025-12-06,11,2025-12-17,140.51
2025-12-06,12,2025-12-18,139.56
2025-12-06,13,2025-12-19,137.01
2025-12-06,14,2025-12-20,140.12
2025-12-06,15,2025-12-21,142.51
2025-12-06,16,2025-12-22,145.89
2025-12-06,17,2025-12-23,144.82
2025-12-06,18,2025-12-24,148.42
2025-12-06,19,2025-12-25,151.25
2025-12-06,20,2025-12-26,156.65
2025-12-06,21,2025-12-27,163.14
2025-12-06,22,2025-12-28,166.73
2025-12-06,23,2025-12-29,171.49
2025-12-06,24,2025-12-30,172.65
2025-12-06,25,2025-12-31,170.38
2025-12-06,26,2026-01-01,167.37
2025-12-06,27,2026-01-02,170.28
2025-12-06,28,2026-01-03,168.47
2025-12-06,29,2026-01-04,167.42
2025-12-06,30,2026-01-05,165.46
2025-12-07,1,2025-12-08,192.01
2025-12-07,2,2025-12-09,179.11
2025-12-07,3,2025-12-10,163.01
2025-12-07,4,2025-12-11,149.57
2025-12-07,5,2025-12-12,145.53
2025-12-07,6,2025-12-13,140.96
2025-12-07,7,2025-12-14,139.38
2025-12-07,8,2025-12-15,136.46
2025-12-07,9,2025-12-16,140.75
2025-12-07,10,2025-12-17,140.88
2025-12-07,11,2025-12-18,135.26
2025-12-07,12,2025-12-19,135.45
2025-12-07,13,2025-12-20,139.41
2025-12-07,14,2025-12-21,142.38
2025-12-07,15,2025-12-22,142.33
2025-12-07,16,2025-12-23,142.28
2025-12-07,17,2025-12-24,148.6
2025-12-07,18,2025-12-25,151.95
2025-12-07,19,2025-12-26,155.28
2025-12-07,20,2025-12-27,160.98
2025-12-07,21,2025-12-28,165.93
2025-12-07,22,2025-12-29,170.82
2025-12-07,23,2025-12-30,169.81
2025-12-07,24,2025-12-31,171.17
2025-12-07,25,2026-01-01,167.33
2025-12-07,26,2026-01-02,167.27
2025-12-07,27,2026-01-03,165.7
2025-12-07,28,2026-01-04,167.31
2025-12-07,29,2026-01-05,166.51
2025-12-07,30,2026-01-06,163.66
2025-12-08,1,2025-12-09,182.77
2025-12-08,2,2025-12-10,167.42
2025-12-08,3,2025-12-11,153.75
2025-12-08,4,2025-12-12,142.27
2025-12-08,5,2025-12-13,137.69
2025-12-08,6,2025-12-14,136.96
2025-12-08,7,2025-12-15,134.13
2025-12-08,8,2025-12-16,133.06
2025-12-08,9,2025-12-17,134.55
2025-12-08,10,2025-12-18,135.88
2025-12-08,11,2025-12-19,137.12
2025-12-08,12,2025-12-20,139.08
2025-12-08,13,2025-12-21,140.13
2025-12-08,14,2025-12-22,142.29
2025-12-08,15,2025-12-23,138.6
2025-12-08,16,2025-12-24,143.61
2025-12-08,17,2025-12-25,149.83
2025-12-08,18,2025-12-26,156.81
2025-12-08,19,2025-12-27,159.61
2025-12-08,20,2025-12-28,166.43
2025-12-08,21,2025-12-29,167.13
2025-12-08,22,2025-12-30,169.88
2025-12-08,23,2025-12-31,171.09
2025-12-08,24,2026-01-01,168.38
2025-12-08,25,2026-01-02,168.35
2025-12-08,26,2026-01-03,167.44
2025-12-08,27,2026-01-04,168.53
2025-12-08,28,2026-01-05,167.39
2025-12-08,29,2026-01-06,166.07
2025-12-08,30,2026-01-07,164.66
2025-12-09,1,2025-12-10,174.36
2025-12-09,2,2025-12-11,159.17
2025-12-09,3,2025-12-12,149.12
2025-12-09,4,2025-12-13,138.69
2025-12-09,5,2025-12-14,134.92
2025-12-09,6,2025-12-15,130.48
2025-12-09,7,2025-12-16,130.16
2025-12-09,8,2025-12-17,130.92
2025-12-09,9,2025-12-18,128.01
2025-12-09,10,2025-12-19,133.02
2025-12-09,11,2025-12-20,139.52
2025-12-09,12,2025-12-21,137.65
2025-12-09,13,2025-12-22,139.75
2025-12-09,14,2025-12-23,142.89
2025-12-09,15,2025-12-24,144.62
2025-12-09,16,2025-12-25,152.43
2025-12-09,17,2025-12-26,156.92
2025-12-09,18,2025-12-27,162.13
2025-12-09,19,2025-12-28,166.39
2025-12-09,20,2025-12-29,168.11
2025-12-09,21,2025-12-30,168.26
2025-12-09,22,2025-12-31,169.34
2025-12-09,23,2026-01-01,167.87
2025-12-09,24,2026-01-02,168.6
2025-12-09,25,2026-01-03,166.2
2025-12-09,26,2026-01-04,166.6
2025-12-09,27,2026-01-05,164.48
2025-12-09,28,2026-01-06,163.01
2025-12-09,29,2026-01-07,161.12
2025-12-09,30,2026-01-08,158.61
2025-12-10,1,2025-12-11,160.74
2025-12-10,2,2025-12-12,145.28
2025-12-10,3,2025-12-13,135.06
2025-12-10,4,2025-12-14,124.84
2025-12-10,5,2025-12-15,122.86
2025-12-10,6,2025-12-16,123.48
2025-12-10,7,2025-12-17,124.3
2025-12-10,8,2025-12-18,126.13
2025-12-10,9,2025-12-19,125.36
2025-12-10,10,2025-12-20,130.23
2025-12-10,11,2025-12-21,136.14
2025-12-10,12,2025-12-22,136.76
2025-12-10,13,2025-12-23,140.32
2025-12-10,14,2025-12-24,144.19
2025-12-10,15,2025-12-25,148.37
2025-12-10,16,2025-12-26,154.23
2025-12-10,17,2025-12-27,157.79
2025-12-10,18,2025-12-28,163.56
2025-12-10,19,2025-12-29,167.27
2025-12-10,20,2025-12-30,169.47
2025-12-10,21,2025-12-31,168.66
2025-12-10,22,2026-01-01,169.52
2025-12-10,23,2026-01-02,168.43
2025-12-10,24,2026-01-03,168.74
2025-12-10,25,2026-01-04,166.21
2025-12-10,26,2026-01-05,165.96
2025-12-10,27,2026-01-06,163.88
2025-12-10,28,2026-01-07,163.05
2025-12-10,29,2026-01-08,158.47
2025-12-10,30,2026-01-09,157.33
2025-12-11,1,2025-12-12,144.57
2025-12-11,2,2025-12-13,131.85
2025-12-11,3,2025-12-14,123.91
2025-12-11,4,2025-12-15,115.87
2025-12-11,5,2025-12-16,116.67
2025-12-11,6,2025-12-17,120.08
2025-12-11,7,2025-12-18,123.15
2025-12-11,8,2025-12-19,127.03
2025-12-11,9,2025-12-20,129.75
2025-12-11,10,2025-12-21,133.97
2025-12-11,11,2025-12-22,136.73
2025-12-11,12,2025-12-23,141.32
2025-12-11,13,2025-12-24,142.38
2025-12-11,14,2025-12-25,149.79
2025-12-11,15,2025-12-26,156.04
2025-12-11,16,2025-12-27,161.27
2025-12-11,17,2025-12-28,164.2
2025-12-11,18,2025-12-29,166.64
2025-12-11,19,2025-12-30,169.66
2025-12-11,20,2025-12-31,169.68
2025-12-11,21,2026-01-01,169.44
2025-12-11,22,2026-01-02,167.33
2025-12-11,23,2026-01-03,164.97
2025-12-11,24,2026-01-04,163.51
2025-12-11,25,2026-01-05,161.01
2025-12-11,26,2026-01-06,160.07
2025-12-11,27,2026-01-07,156.07
2025-12-11,28,2026-01-08,153.88
2025-12-11,29,2026-01-09,151.77
2025-12-11,30,2026-01-10,150.51
2025-12-12,1,2025-12-13,132.32
2025-12-12,2,2025-12-14,124.95
2025-12-12,3,2025-12-15,117.63
2025-12-12,4,2025-12-16,112.18
2025-12-12,5,2025-12-17,117.68
2025-12-12,6,2025-12-18,121.56
2025-12-12,7,2025-12-19,122.27
2025-12-12,8,2025-12-20,125.93
2025-12-12,9,2025-12-21,132.14
2025-12-12,10,2025-12-22,136.69
2025-12-12,11,2025-12-23,140.3
2025-12-12,12,2025-12-24,144.19
2025-12-12,13,2025-12-25,152.16
2025-12-12,14,2025-12-26,160.74
2025-12-12,15,2025-12-27,165.03
2025-12-12,16,2025-12-28,167.12
2025-12-12,17,2025-12-29,170.08
2025-12-12,18,2025-12-30,168.6
2025-12-12,19,2025-12-31,169.31
2025-12-12,20,2026-01-01,166.7
2025-12-12,21,2026-01-02,167.49
2025-12-12,22,2026-01-03,162.16
2025-12-12,23,2026-01-04,162.63
2025-12-12,24,2026-01-05,160.3
2025-12-12,25,2026-01-06,157.84
2025-12-12,26,2026-01-07,155.17
2025-12-12,27,2026-01-08,153.33
2025-12-12,28,2026-01-09,150.02
2025-12-12,29,2026-01-10,148.52
2025-12-12,30,2026-01-11,147.82
2025-12-13,1,2025-12-14,123.23
2025-12-13,2,2025-12-15,116.83
2025-12-13,3,2025-12-16,114.94
2025-12-13,4,2025-12-17,117.45
2025-12-13,5,2025-12-18,122.64
2025-12-13,6,2025-12-19,125.4
2025-12-13,7,2025-12-20,130.33
2025-12-13,8,2025-12-21,131.88
2025-12-13,9,2025-12-22,135.61
2025-12-13,10,2025-12-23,141.75
2025-12-13,11,2025-12-24,147.33
2025-12-13,12,2025-12-25,152.73
2025-12-13,13,2025-12-26,159.75
2025-12-13,14,2025-12-27,163.44
2025-12-13,15,2025-12-28,166.69
2025-12-13,16,2025-12-29,172.44
2025-12-13,17,2025-12-30,171.69
2025-12-13,18,2025-12-31,168.98
2025-12-13,19,2026-01-01,168.62
2025-12-13,20,2026-01-02,166.04
2025-12-13,21,2026-01-03,164.84
2025-12-13,22,2026-01-04,159.78
2025-12-13,23,2026-01-05,158.61
2025-12-13,24,2026-01-06,157.24
2025-12-13,25,2026-01-07,154.56
2025-12-13,26,2026-01-08,150.1
2025-12-13,27,2026-01-09,147.07
2025-12-13,28,2026-01-10,143.74
2025-12-13,29,2026-01-11,144.19
2025-12-13,30,2026-01-12,144.34
2025-12-14,1,2025-12-15,115.93
2025-12-14,2,2025-12-16,114.62
2025-12-14,3,2025-12-17,116.73
2025-12-14,4,2025-12-18,119.29
2025-12-14,5,2025-12-19,125.12
2025-12-14,6,2025-12-20,129.45
2025-12-14,7,2025-12-21,132.59
2025-12-14,8,2025-12-22,134.76
2025-12-14,9,2025-12-23,140.93
2025-12-14,10,2025-12-24,146.75
2025-12-14,11,2025-12-25,154.64
2025-12-14,12,2025-12-26,158.95
2025-12-14,13,2025-12-27,164.88
2025-12-14,14,2025-12-28,173.17
2025-12-14,15,2025-12-29,173.34
2025-12-14,16,2025-12-30,178.69
2025-12-14,17,2025-12-31,177.59
2025-12-14,18,2026-01-01,167.99
2025-12-14,19,2026-01-02,166.14
2025-12-14,20,2026-01-03,159.44
2025-12-14,21,2026-01-04,159.95
2025-12-14,22,2026-01-05,155.91
2025-12-14,23,2026-01-06,156.7
2025-12-14,24,2026-01-07,152.37
2025-12-14,25,2026-01-08,148.39
2025-12-14,26,2026-01-09,145.29
2025-12-14,27,2026-01-10,141.85
2025-12-14,28,2026-01-11,139.67
2025-12-14,29,2026-01-12,138.32
2025-12-14,30,2026-01-13,142.68
2025-12-15,1,2025-12-16,117.04
2025-12-15,2,2025-12-17,120.66
2025-12-15,3,2025-12-18,120.34
2025-12-15,4,2025-12-19,123.31
2025-12-15,5,2025-12-20,129.37
2025-12-15,6,2025-12-21,131.73
2025-12-15,7,2025-12-22,136.89
2025-12-15,8,2025-12-23,137.4
2025-12-15,9,2025-12-24,146.01
2025-12-15,10,2025-12-25,156.32
2025-12-15,11,2025-12-26,160.26
2025-12-15,12,2025-12-27,167.67
2025-12-15,13,2025-12-28,170.96
2025-12-15,14,2025-12-29,178.51
2025-12-15,15,2025-12-30,175.41
2025-12-15,16,2025-12-31,177.51
2025-12-15,17,2026-01-01,173.92
2025-12-15,18,2026-01-02,166.28
2025-12-15,19,2026-01-03,161.4
2025-12-15,20,2026-01-04,157.67
2025-12-15,21,2026-01-05,157.7
2025-12-15,22,2026-01-06,155.63
2025-12-15,23,2026-01-07,152.23
2025-12-15,24,2026-01-08,147.96
2025-12-15,25,2026-01-09,145.84
2025-12-15,26,2026-01-10,141.04
2025-12-15,27,2026-01-11,140.18
2025-12-15,28,2026-01-12,138.6
2025-12-15,29,2026-01-13,138.39
2025-12-15,30,2026-01-14,142.83
2025-12-16,1,2025-12-17,117.08
2025-12-16,2,2025-12-18,118.92
2025-12-16,3,2025-12-19,120.23
2025-12-16,4,2025-12-20,125.27
2025-12-16,5,2025-12-21,129.35
2025-12-16,6,2025-12-22,135.65
2025-12-16,7,2025-12-23,140.86
2025-12-16,8,2025-12-24,144.55
2025-12-16,9,2025-12-25,151.67
2025-12-16,10,2025-12-26,159.03
2025-12-16,11,2025-12-27,163.55
2025-12-16,12,2025-12-28,171.99
2025-12-16,13,2025-12-29,173.67
2025-12-16,14,2025-12-30,179.43
2025-12-16,15,2025-12-31,179.05
2025-12-16,16,2026-01-01,175.29
2025-12-16,17,2026-01-02,172.44
2025-12-16,18,2026-01-03,163.5
2025-12-16,19,2026-01-04,157.61
2025-12-16,20,2026-01-05,155.16
2025-12-16,21,2026-01-06,155.58
2025-12-16,22,2026-01-07,152.8
2025-12-16,23,2026-01-08,148.71
2025-12-16,24,2026-01-09,145.68
2025-12-16,25,2026-01-10,142.45
2025-12-16,26,2026-01-11,138.17
2025-12-16,27,2026-01-12,136.78
2025-12-16,28,2026-01-13,137.63
2025-12-16,29,2026-01-14,137.35
2025-12-16,30,2026-01-15,142.48
2025-12-17,1,2025-12-18,119.92
2025-12-17,2,2025-12-19,121.44
2025-12-17,3,2025-12-20,124.85
2025-12-17,4,2025-12-21,127.65
2025-12-17,5,2025-12-22,134.38
2025-12-17,6,2025-12-23,139.35
2025-12-17,7,2025-12-24,141.71
2025-12-17,8,2025-12-25,148.66
2025-12-17,9,2025-12-26,159.21
2025-12-17,10,2025-12-27,164.73
2025-12-17,11,2025-12-28,168.88
2025-12-17,12,2025-12-29,172.83
2025-12-17,13,2025-12-30,173.99
2025-12-17,14,2025-12-31,176.46
2025-12-17,15,2026-01-01,175.86
2025-12-17,16,2026-01-02,174.16
2025-12-17,17,2026-01-03,173.56
2025-12-17,18,2026-01-04,161.76
2025-12-17,19,2026-01-05,156.2
2025-12-17,20,2026-01-06,154.34
2025-12-17,21,2026-01-07,152.51
2025-12-17,22,2026-01-08,149.52
2025-12-17,23,2026-01-09,145.22
2025-12-17,24,2026-01-10,142.22
2025-12-17,25,2026-01-11,140.86
2025-12-17,26,2026-01-12,136.57
2025-12-17,27,2026-01-13,136.45
2025-12-17,28,2026-01-14,136.95
2025-12-17,29,2026-01-15,137.27
2025-12-17,30,2026-01-16,141.8
2025-12-18,1,2025-12-19,118.02
2025-12-18,2,2025-12-20,119.19
2025-12-18,3,2025-12-21,123.4
2025-12-18,4,2025-12-22,127.58
2025-12-18,5,2025-12-23,134.38
2025-12-18,6,2025-12-24,143.81
2025-12-18,7,2025-12-25,149.89
2025-12-18,8,2025-12-26,156.24
2025-12-18,9,2025-12-27,162.4
2025-12-18,10,2025-12-28,170.29
2025-12-18,11,2025-12-29,175.55
2025-12-18,12,2025-12-30,176.86
2025-12-18,13,2025-12-31,176.56
2025-12-18,14,2026-01-01,178.28
2025-12-18,15,2026-01-02,175.63
2025-12-18,16,2026-01-03,170.13
2025-12-18,17,2026-01-04,170.47
2025-12-18,18,2026-01-05,156.06
2025-12-18,19,2026-01-06,154.35
2025-12-18,20,2026-01-07,151.65
2025-12-18,21,2026-01-08,148.96
2025-12-18,22,2026-01-09,144.47
2025-12-18,23,2026-01-10,140.61
2025-12-18,24,2026-01-11,138.69
2025-12-18,25,2026-01-12,137.01
2025-12-18,26,2026-01-13,133.68
2025-12-18,27,2026-01-14,133.41
2025-12-18,28,2026-01-15,135.01
2025-12-18,29,2026-01-16,135.52
2025-12-18,30,2026-01-17,140.23
2025-12-19,1,2025-12-20,118.76
2025-12-19,2,2025-12-21,119.66
2025-12-19,3,2025-12-22,126.51
2025-12-19,4,2025-12-23,132.44
2025-12-19,5,2025-12-24,140.57
2025-12-19,6,2025-12-25,151.27
2025-12-19,7,2025-12-26,155.93
2025-12-19,8,2025-12-27,163.54
2025-12-19,9,2025-12-28,169.59
2025-12-19,10,2025-12-29,176.36
2025-12-19,11,2025-12-30,175.2
2025-12-19,12,2025-12-31,178.75
2025-12-19,13,2026-01-01,174.31
2025-12-19,14,2026-01-02,173.99
2025-12-19,15,2026-01-03,168.66
2025-12-19,16,2026-01-04,166.95
2025-12-19,17,2026-01-05,167.34
2025-12-19,18,2026-01-06,154.2
2025-12-19,19,2026-01-07,151.41
2025-12-19,20,2026-01-08,148.72
2025-12-19,21,2026-01-09,142.71
2025-12-19,22,2026-01-10,140.05
2025-12-19,23,2026-01-11,137.26
2025-12-19,24,2026-01-12,135.63
2025-12-19,25,2026-01-13,134.84
2025-12-19,26,2026-01-14,131.8
2025-12-19,27,2026-01-15,131.88
2025-12-19,28,2026-01-16,133.48
2025-12-19,29,2026-01-17,134.02
2025-12-19,30,2026-01-18,139.52
2025-12-20,1,2025-12-21,120.06
2025-12-20,2,2025-12-22,124.06
2025-12-20,3,2025-12-23,129.65
2025-12-20,4,2025-12-24,138.59
2025-12-20,5,2025-12-25,147.29
2025-12-20,6,2025-12-26,157.56
2025-12-20,7,2025-12-27,162.81
2025-12-20,8,2025-12-28,167.66
2025-12-20,9,2025-12-29,172.09
2025-12-20,10,2025-12-30,174.56
2025-12-20,11,2025-12-31,174.68
2025-12-20,12,2026-01-01,176.21
2025-12-20,13,2026-01-02,172.94
2025-12-20,14,2026-01-03,171.37
2025-12-20,15,2026-01-04,166.34
2025-12-20,16,2026-01-05,165.17
2025-12-20,17,2026-01-06,166.83
2025-12-20,18,2026-01-07,151.03
2025-12-20,19,2026-01-08,146.44
2025-12-20,20,2026-01-09,144.13
2025-12-20,21,2026-01-10,138.56
2025-12-20,22,2026-01-11,136.97
2025-12-20,23,2026-01-12,134.65
2025-12-20,24,2026-01-13,132.85
2025-12-20,25,2026-01-14,132.47
2025-12-20,26,2026-01-15,130.63
2025-12-20,27,2026-01-16,131.66
2025-12-20,28,2026-01-17,133.36
2025-12-20,29,2026-01-18,134.66
2025-12-20,30,2026-01-19,139.6
2025-12-21,1,2025-12-22,127.01
2025-12-21,2,2025-12-23,132.17
2025-12-21,3,2025-12-24,141.61
2025-12-21,4,2025-12-25,151.17
2025-12-21,5,2025-12-26,155.92
2025-12-21,6,2025-12-27,163.22
2025-12-21,7,2025-12-28,169.54
2025-12-21,8,2025-12-29,174.64
2025-12-21,9,2025-12-30,177.27
2025-12-21,10,2025-12-31,175.44
2025-12-21,11,2026-01-01,176.77
2025-12-21,12,2026-01-02,176.19
2025-12-21,13,2026-01-03,170.77
2025-12-21,14,2026-01-04,169.89
2025-12-21,15,2026-01-05,166.78
2025-12-21,16,2026-01-06,158.48
2025-12-21,17,2026-01-07,156.71
2025-12-21,18,2026-01-08,147.26
2025-12-21,19,2026-01-09,143.4
2025-12-21,20,2026-01-10,138.27
2025-12-21,21,2026-01-11,134.45
2025-12-21,22,2026-01-12,133.45
2025-12-21,23,2026-01-13,131.35
2025-12-21,24,2026-01-14,131.3
2025-12-21,25,2026-01-15,131.41
2025-12-21,26,2026-01-16,130.97
2025-12-21,27,2026-01-17,132.19
2025-12-21,28,2026-01-18,134.89
2025-12-21,29,2026-01-19,136.89
2025-12-21,30,2026-01-20,141.67
2025-12-22,1,2025-12-23,136.31
2025-12-22,2,2025-12-24,147.09
2025-12-22,3,2025-12-25,158.12
2025-12-22,4,2025-12-26,165.65
2025-12-22,5,2025-12-27,165.24
2025-12-22,6,2025-12-28,173.97
2025-12-22,7,2025-12-29,177.89
2025-12-22,8,2025-12-30,178.45
2025-12-22,9,2025-12-31,178.22
2025-12-22,10,2026-01-01,175.85
2025-12-22,11,2026-01-02,175.69
2025-12-22,12,2026-01-03,172.29
2025-12-22,13,2026-01-04,166.34
2025-12-22,14,2026-01-05,163.69
2025-12-22,15,2026-01-06,160.96
2025-12-22,16,2026-01-07,153.0
2025-12-22,17,2026-01-08,150.07
2025-12-22,18,2026-01-09,140.29
2025-12-22,19,2026-01-10,137.89
2025-12-22,20,2026-01-11,135.13
2025-12-22,21,2026-01-12,132.51
2025-12-22,22,2026-01-13,132.28
2025-12-22,23,2026-01-14,131.5
2025-12-22,24,2026-01-15,131.65
2025-12-22,25,2026-01-16,132.47
2025-12-22,26,2026-01-17,134.25
2025-12-22,27,2026-01-18,136.5
2025-12-22,28,2026-01-19,140.26
2025-12-22,29,2026-01-20,141.63
2025-12-22,30,2026-01-21,145.27
2025-12-23,1,2025-12-24,151.16
2025-12-23,2,2025-12-25,162.36
2025-12-23,3,2025-12-26,175.74
2025-12-23,4,2025-12-27,182.47
2025-12-23,5,2025-12-28,176.68
2025-12-23,6,2025-12-29,181.94
2025-12-23,7,2025-12-30,177.75
2025-12-23,8,2025-12-31,180.79
2025-12-23,9,2026-01-01,180.34
2025-12-23,10,2026-01-02,174.41
2025-12-23,11,2026-01-03,174.18
2025-12-23,12,2026-01-04,170.95
2025-12-23,13,2026-01-05,164.63
2025-12-23,14,2026-01-06,159.38
2025-12-23,15,2026-01-07,157.06
2025-12-23,16,2026-01-08,146.5
2025-12-23,17,2026-01-09,141.3
2025-12-23,18,2026-01-10,136.17
2025-12-23,19,2026-01-11,134.34
2025-12-23,20,2026-01-12,132.89
2025-12-23,21,2026-01-13,130.63
2025-12-23,22,2026-01-14,130.96
2025-12-23,23,2026-01-15,130.84
2025-12-23,24,2026-01-16,132.5
2025-12-23,25,2026-01-17,134.1
2025-12-23,26,2026-01-18,137.31
2025-12-23,27,2026-01-19,139.41
2025-12-23,28,2026-01-20,142.05
2025-12-23,29,2026-01-21,143.85
2025-12-23,30,2026-01-22,146.25
2025-12-24,1,2025-12-25,160.31
2025-12-24,2,2025-12-26,169.41
2025-12-24,3,2025-12-27,178.91
2025-12-24,4,2025-12-28,183.32
2025-12-24,5,2025-12-29,181.63
2025-12-24,6,2025-12-30,184.13
2025-12-24,7,2025-12-31,180.28
2025-12-24,8,2026-01-01,181.96
2025-12-24,9,2026-01-02,176.29
2025-12-24,10,2026-01-03,171.99
2025-12-24,11,2026-01-04,169.91
2025-12-24,12,2026-01-05,163.27
2025-12-24,13,2026-01-06,157.29
2025-12-24,14,2026-01-07,153.26
2025-12-24,15,2026-01-08,151.28
2025-12-24,16,2026-01-09,138.57
2025-12-24,17,2026-01-10,134.24
2025-12-24,18,2026-01-11,133.89
2025-12-24,19,2026-01-12,132.49
2025-12-24,20,2026-01-13,132.27
2025-12-24,21,2026-01-14,130.41
2025-12-24,22,2026-01-15,131.54
2025-12-24,23,2026-01-16,131.44
2025-12-24,24,2026-01-17,134.54
2025-12-24,25,2026-01-18,137.81
2025-12-24,26,2026-01-19,142.03
2025-12-24,27,2026-01-20,142.31
2025-12-24,28,2026-01-21,144.92
2025-12-24,29,2026-01-22,147.3
2025-12-24,30,2026-01-23,147.87
2025-12-25,1,2025-12-26,173.35
2025-12-25,2,2025-12-27,183.86
2025-12-25,3,2025-12-28,187.89
2025-12-25,4,2025-12-29,187.58
2025-12-25,5,2025-12-30,188.17
2025-12-25,6,2025-12-31,185.29
2025-12-25,7,2026-01-01,180.21
2025-12-25,8,2026-01-02,178.89
2025-12-25,9,2026-01-03,174.24
2025-12-25,10,2026-01-04,167.73
2025-12-25,11,2026-01-05,165.41
2025-12-25,12,2026-01-06,162.1
2025-12-25,13,2026-01-07,155.45
2025-12-25,14,2026-01-08,151.06
2025-12-25,15,2026-01-09,144.33
2025-12-25,16,2026-01-10,134.53
2025-12-25,17,2026-01-11,131.99
2025-12-25,18,2026-01-12,131.99
2025-12-25,19,2026-01-13,131.05
2025-12-25,20,2026-01-14,131.84
2025-12-25,21,2026-01-15,130.77
2025-12-25,22,2026-01-16,132.36
2025-12-25,23,2026-01-17,134.56
2025-12-25,24,2026-01-18,139.16
2025-12-25,25,2026-01-19,142.41
2025-12-25,26,2026-01-20,145.52
2025-12-25,27,2026-01-21,149.44
2025-12-25,28,2026-01-22,151.27
2025-12-25,29,2026-01-23,152.73
2025-12-25,30,2026-01-24,153.53
2025-12-26,1,2025-12-27,176.85
2025-12-26,2,2025-12-28,178.74
2025-12-26,3,2025-12-29,180.56
2025-12-26,4,2025-12-30,176.72
2025-12-26,5,2025-12-31,178.66
2025-12-26,6,2026-01-01,177.24
2025-12-26,7,2026-01-02,171.99
2025-12-26,8,2026-01-03,169.85
2025-12-26,9,2026-01-04,167.87
2025-12-26,10,2026-01-05,161.35
2025-12-26,11,2026-01-06,157.31
2025-12-26,12,2026-01-07,153.53
2025-12-26,13,2026-01-08,148.31
2025-12-26,14,2026-01-09,141.17
2025-12-26,15,2026-01-10,134.37
2025-12-26,16,2026-01-11,129.78
2025-12-26,17,2026-01-12,130.47
2025-12-26,18,2026-01-13,130.61
2025-12-26,19,2026-01-14,129.88
2025-12-26,20,2026-01-15,131.82
2025-12-26,21,2026-01-16,131.37
2025-12-26,22,2026-01-17,134.42
2025-12-26,23,2026-01-18,139.91
2025-12-26,24,2026-01-19,143.83
2025-12-26,25,2026-01-20,146.04
2025-12-26,26,2026-01-21,150.84
2025-12-26,27,2026-01-22,154.96
2025-12-26,28,2026-01-23,154.73
2025-12-26,29,2026-01-24,157.76
2025-12-26,30,2026-01-25,154.25
2025-12-27,1,2025-12-28,180.14
2025-12-27,2,2025-12-29,179.12
2025-12-27,3,2025-12-30,177.25
2025-12-27,4,2025-12-31,176.46
2025-12-27,5,2026-01-01,174.52
2025-12-27,6,2026-01-02,168.8
2025-12-27,7,2026-01-03,165.19
2025-12-27,8,2026-01-04,163.35
2025-12-27,9,2026-01-05,158.07
2025-12-27,10,2026-01-06,153.97
2025-12-27,11,2026-01-07,147.41
2025-12-27,12,2026-01-08,145.66
2025-12-27,13,2026-01-09,138.07
2025-12-27,14,2026-01-10,130.88
2025-12-27,15,2026-01-11,129.83
2025-12-27,16,2026-01-12,129.07
2025-12-27,17,2026-01-13,125.32
2025-12-27,18,2026-01-14,130.22
2025-12-27,19,2026-01-15,131.43
2025-12-27,20,2026-01-16,133.22
2025-12-27,21,2026-01-17,135.37
2025-12-27,22,2026-01-18,139.75
2025-12-27,23,2026-01-19,143.23
2025-12-27,24,2026-01-20,148.05
2025-12-27,25,2026-01-21,150.14
2025-12-27,26,2026-01-22,153.78
2025-12-27,27,2026-01-23,156.23
2025-12-27,28,2026-01-24,158.14
2025-12-27,29,2026-01-25,158.25
2025-12-27,30,2026-01-26,156.45
2025-12-28,1,2025-12-29,176.87
2025-12-28,2,2025-12-30,174.48
2025-12-28,3,2025-12-31,173.93
2025-12-28,4,2026-01-01,165.46
2025-12-28,5,2026-01-02,167.36
2025-12-28,6,2026-01-03,163.18
2025-12-28,7,2026-01-04,159.5
2025-12-28,8,2026-01-05,155.14
2025-12-28,9,2026-01-06,152.22
2025-12-28,10,2026-01-07,148.43
2025-12-28,11,2026-01-08,140.8
2025-12-28,12,2026-01-09,135.3
2025-12-28,13,2026-01-10,131.04
2025-12-28,14,2026-01-11,128.95
2025-12-28,15,2026-01-12,128.49
2025-12-28,16,2026-01-13,127.09
2025-12-28,17,2026-01-14,124.75
2025-12-28,18,2026-01-15,131.05
2025-12-28,19,2026-01-16,133.33
2025-12-28,20,2026-01-17,136.55
2025-12-28,21,2026-01-18,141.02
2025-12-28,22,2026-01-19,143.33
2025-12-28,23,2026-01-20,149.43
2025-12-28,24,2026-01-21,151.2
2025-12-28,25,2026-01-22,153.37
2025-12-28,26,2026-01-23,156.22
2025-12-28,27,2026-01-24,158.72
2025-12-28,28,2026-01-25,159.45
2025-12-28,29,2026-01-26,160.31
2025-12-28,30,2026-01-27,157.07
2025-12-29,1,2025-12-30,185.02
2025-12-29,2,2025-12-31,181.11
2025-12-29,3,2026-01-01,177.33
2025-12-29,4,2026-01-02,173.7
2025-12-29,5,2026-01-03,171.32
2025-12-29,6,2026-01-04,164.52
2025-12-29,7,2026-01-05,160.5
2025-12-29,8,2026-01-06,154.57
2025-12-29,9,2026-01-07,153.32
2025-12-29,10,2026-01-08,148.0
2025-12-29,11,2026-01-09,136.07
2025-12-29,12,2026-01-10,131.06
2025-12-29,13,2026-01-11,131.47
2025-12-29,14,2026-01-12,131.87
2025-12-29,15,2026-01-13,127.06
2025-12-29,16,2026-01-14,127.28
2025-12-29,17,2026-01-15,127.1
2025-12-29,18,2026-01-16,132.92
2025-12-29,19,2026-01-17,136.28
2025-12-29,20,2026-01-18,143.02
2025-12-29,21,2026-01-19,144.07
2025-12-29,22,2026-01-20,148.03
2025-12-29,23,2026-01-21,152.23
2025-12-29,24,2026-01-22,154.92
2025-12-29,25,2026-01-23,155.69
2025-12-29,26,2026-01-24,158.15
2025-12-29,27,2026-01-25,159.48
2025-12-29,28,2026-01-26,159.17
2025-12-29,29,2026-01-27,161.61
2025-12-29,30,2026-01-28,157.01
2025-12-30,1,2025-12-31,175.63
2025-12-30,2,2026-01-01,170.6
2025-12-30,3,2026-01-02,165.22
2025-12-30,4,2026-01-03,158.22
2025-12-30,5,2026-01-04,155.06
2025-12-30,6,2026-01-05,152.85
2025-12-30,7,2026-01-06,149.58
2025-12-30,8,2026-01-07,144.02
2025-12-30,9,2026-01-08,146.87
2025-12-30,10,2026-01-09,140.46
2025-12-30,11,2026-01-10,138.59
2025-12-30,12,2026-01-11,135.85
2025-12-30,13,2026-01-12,133.29
2025-12-30,14,2026-01-13,131.79
2025-12-30,15,2026-01-14,128.6
2025-12-30,16,2026-01-15,130.26
2025-12-30,17,2026-01-16,127.83
2025-12-30,18,2026-01-17,137.26
2025-12-30,19,2026-01-18,140.68
2025-12-30,20,2026-01-19,145.5
2025-12-30,21,2026-01-20,148.65
2025-12-30,22,2026-01-21,151.83
2025-12-30,23,2026-01-22,156.2
2025-12-30,24,2026-01-23,158.67
2025-12-30,25,2026-01-24,158.38
2025-12-30,26,2026-01-25,158.56
2025-12-30,27,2026-01-26,159.82
2025-12-30,28,2026-01-27,161.26
2025-12-30,29,2026-01-28,160.46
2025-12-30,30,2026-01-29,157.25
2025-12-31,1,2026-01-01,165.28
2025-12-31,2,2026-01-02,159.69
2025-12-31,3,2026-01-03,151.92
2025-12-31,4,2026-01-04,149.99
2025-12-31,5,2026-01-05,145.45
2025-12-31,6,2026-01-06,145.76
2025-12-31,7,2026-01-07,143.42
2025-12-31,8,2026-01-08,142.36
2025-12-31,9,2026-01-09,139.52
2025-12-31,10,2026-01-10,134.2
2025-12-31,11,2026-01-11,135.56
2025-12-31,12,2026-01-12,131.77
2025-12-31,13,2026-01-13,129.69
2025-12-31,14,2026-01-14,128.09
2025-12-31,15,2026-01-15,127.37
2025-12-31,16,2026-01-16,129.41
2025-12-31,17,2026-01-17,132.04
2025-12-31,18,2026-01-18,143.76
2025-12-31,19,2026-01-19,144.52
2025-12-31,20,2026-01-20,148.3
2025-12-31,21,2026-01-21,152.45
2025-12-31,22,2026-01-22,154.82
2025-12-31,23,2026-01-23,157.63
2025-12-31,24,2026-01-24,159.63
2025-12-31,25,2026-01-25,159.85
2025-12-31,26,2026-01-26,158.55
2025-12-31,27,2026-01-27,160.36
2025-12-31,28,2026-01-28,160.93
2025-12-31,29,2026-01-29,159.56
2025-12-31,30,2026-01-30,157.73
2026-01-01,1,2026-01-02,162.29
2026-01-01,2,2026-01-03,158.5
2026-01-01,3,2026-01-04,150.6
2026-01-01,4,2026-01-05,145.02
2026-01-01,5,2026-01-06,140.83
2026-01-01,6,2026-01-07,140.24
2026-01-01,7,2026-01-08,137.75
2026-01-01,8,2026-01-09,133.69
2026-01-01,9,2026-01-10,132.4
2026-01-01,10,2026-01-11,130.62
2026-01-01,11,2026-01-12,131.6
2026-01-01,12,2026-01-13,125.95
2026-01-01,13,2026-01-14,126.15
2026-01-01,14,2026-01-15,126.03
2026-01-01,15,2026-01-16,126.54
2026-01-01,16,2026-01-17,129.06
2026-01-01,17,2026-01-18,134.76
2026-01-01,18,2026-01-19,144.93
2026-01-01,19,2026-01-20,148.43
2026-01-01,20,2026-01-21,150.63
2026-01-01,21,2026-01-22,154.76
2026-01-01,22,2026-01-23,157.61
2026-01-01,23,2026-01-24,158.03
2026-01-01,24,2026-01-25,157.59
2026-01-01,25,2026-01-26,155.93
2026-01-01,26,2026-01-27,156.31
2026-01-01,27,2026-01-28,157.93
2026-01-01,28,2026-01-29,157.91
2026-01-01,29,2026-01-30,155.47
2026-01-01,30,2026-01-31,153.49
2026-01-02,1,2026-01-03,161.33
2026-01-02,2,2026-01-04,155.1
2026-01-02,3,2026-01-05,147.57
2026-01-02,4,2026-01-06,141.47
2026-01-02,5,2026-01-07,138.16
2026-01-02,6,2026-01-08,134.57
2026-01-02,7,2026-01-09,133.52
2026-01-02,8,2026-01-10,134.82
2026-01-02,9,2026-01-11,130.76
2026-01-02,10,2026-01-12,130.77
2026-01-02,11,2026-01-13,128.69
2026-01-02,12,2026-01-14,125.04
2026-01-02,13,2026-01-15,126.87
2026-01-02,14,2026-01-16,128.75
2026-01-02,15,2026-01-17,131.13
2026-01-02,16,2026-01-18,136.47
2026-01-02,17,2026-01-19,138.33
2026-01-02,18,2026-01-20,146.57
2026-01-02,19,2026-01-21,150.19
2026-01-02,20,2026-01-22,152.82
2026-01-02,21,2026-01-23,154.02
2026-01-02,22,2026-01-24,157.81
2026-01-02,23,2026-01-25,158.78
2026-01-02,24,2026-01-26,156.16
2026-01-02,25,2026-01-27,156.73
2026-01-02,26,2026-01-28,156.45
2026-01-02,27,2026-01-29,157.21
2026-01-02,28,2026-01-30,156.15
2026-01-02,29,2026-01-31,154.54
2026-01-02,30,2026-02-01,151.14
2026-01-03,1,2026-01-04,163.71
2026-01-03,2,2026-01-05,155.52
2026-01-03,3,2026-01-06,149.06
2026-01-03,4,2026-01-07,143.56
2026-01-03,5,2026-01-08,140.78
2026-01-03,6,2026-01-09,134.64
2026-01-03,7,2026-01-10,135.01
2026-01-03,8,2026-01-11,134.29
2026-01-03,9,2026-01-12,135.16
2026-01-03,10,2026-01-13,132.02
2026-01-03,11,2026-01-14,129.96
2026-01-03,12,2026-01-15,128.6
2026-01-03,13,2026-01-16,131.4
2026-01-03,14,2026-01-17,135.69
2026-01-03,15,2026-01-18,136.39
2026-01-03,16,2026-01-19,138.26
2026-01-03,17,2026-01-20,141.19
2026-01-03,18,2026-01-21,150.73
2026-01-03,19,2026-01-22,151.2
2026-01-03,20,2026-01-23,154.21
2026-01-03,21,2026-01-24,157.43
2026-01-03,22,2026-01-25,157.37
2026-01-03,23,2026-01-26,157.45
2026-01-03,24,2026-01-27,155.22
2026-01-03,25,2026-01-28,156.01
2026-01-03,26,2026-01-29,155.58
2026-01-03,27,2026-01-30,156.14
2026-01-03,28,2026-01-31,155.48
2026-01-03,29,2026-02-01,153.5
2026-01-03,30,2026-02-02,150.03
2026-01-04,1,2026-01-05,155.42
2026-01-04,2,2026-01-06,145.93
2026-01-04,3,2026-01-07,141.44
2026-01-04,4,2026-01-08,135.4
2026-01-04,5,2026-01-09,133.66
2026-01-04,6,2026-01-10,134.26
2026-01-04,7,2026-01-11,136.62
2026-01-04,8,2026-01-12,133.9
2026-01-04,9,2026-01-13,131.78
2026-01-04,10,2026-01-14,130.6
2026-01-04,11,2026-01-15,133.67
2026-01-04,12,2026-01-16,132.1
2026-01-04,13,2026-01-17,134.97
2026-01-04,14,2026-01-18,141.49
2026-01-04,15,2026-01-19,143.58
2026-01-04,16,2026-01-20,141.07
2026-01-04,17,2026-01-21,147.82
2026-01-04,18,2026-01-22,154.57
2026-01-04,19,2026-01-23,155.73
2026-01-04,20,2026-01-24,156.59
2026-01-04,21,2026-01-25,156.73
2026-01-04,22,2026-01-26,157.81
2026-01-04,23,2026-01-27,157.52
2026-01-04,24,2026-01-28,156.17
2026-01-04,25,2026-01-29,155.64
2026-01-04,26,2026-01-30,154.6
2026-01-04,27,2026-01-31,153.94
2026-01-04,28,2026-02-01,153.89
2026-01-04,29,2026-02-02,150.88
2026-01-04,30,2026-02-03,148.45
2026-01-05,1,2026-01-06,149.88
2026-01-05,2,2026-01-07,143.23
2026-01-05,3,2026-01-08,136.71
2026-01-05,4,2026-01-09,133.78
2026-01-05,5,2026-01-10,137.63
2026-01-05,6,2026-01-11,136.48
2026-01-05,7,2026-01-12,136.65
2026-01-05,8,2026-01-13,131.25
2026-01-05,9,2026-01-14,133.36
2026-01-05,10,2026-01-15,129.23
2026-01-05,11,2026-01-16,129.46
2026-01-05,12,2026-01-17,134.23
2026-01-05,13,2026-01-18,137.09
2026-01-05,14,2026-01-19,139.22
2026-01-05,15,2026-01-20,142.34
2026-01-05,16,2026-01-21,150.09
2026-01-05,17,2026-01-22,155.87
2026-01-05,18,2026-01-23,156.58
2026-01-05,19,2026-01-24,157.0
2026-01-05,20,2026-01-25,158.32
2026-01-05,21,2026-01-26,156.07
2026-01-05,22,2026-01-27,156.39
2026-01-05,23,2026-01-28,158.84
2026-01-05,24,2026-01-29,156.09
2026-01-05,25,2026-01-30,155.53
2026-01-05,26,2026-01-31,154.63
2026-01-05,27,2026-02-01,150.69
2026-01-05,28,2026-02-02,150.19
2026-01-05,29,2026-02-03,146.85
2026-01-05,30,2026-02-04,145.29
2026-01-06,1,2026-01-07,139.96
2026-01-06,2,2026-01-08,135.46
2026-01-06,3,2026-01-09,131.73
2026-01-06,4,2026-01-10,133.0
2026-01-06,5,2026-01-11,131.59
2026-01-06,6,2026-01-12,132.55
2026-01-06,7,2026-01-13,133.78
2026-01-06,8,2026-01-14,133.54
2026-01-06,9,2026-01-15,133.85
2026-01-06,10,2026-01-16,131.32
2026-01-06,11,2026-01-17,130.26
2026-01-06,12,2026-01-18,136.6
2026-01-06,13,2026-01-19,140.38
2026-01-06,14,2026-01-20,142.94
2026-01-06,15,2026-01-21,150.21
2026-01-06,16,2026-01-22,151.87
2026-01-06,17,2026-01-23,159.57
2026-01-06,18,2026-01-24,158.95
2026-01-06,19,2026-01-25,156.84
2026-01-06,20,2026-01-26,155.79
2026-01-06,21,2026-01-27,155.51
2026-01-06,22,2026-01-28,155.35
2026-01-06,23,2026-01-29,156.88
2026-01-06,24,2026-01-30,155.17
2026-01-06,25,2026-01-31,153.59
2026-01-06,26,2026-02-01,150.96
2026-01-06,27,2026-02-02,147.8
2026-01-06,28,2026-02-03,146.35
2026-01-06,29,2026-02-04,143.25
2026-01-06,30,2026-02-05,144.21
2026-01-07,1,2026-01-08,134.03
2026-01-07,2,2026-01-09,129.67
2026-01-07,3,2026-01-10,128.93
2026-01-07,4,2026-01-11,129.66
2026-01-07,5,2026-01-12,129.94
2026-01-07,6,2026-01-13,131.3
2026-01-07,7,2026-01-14,131.32
2026-01-07,8,2026-01-15,131.83
2026-01-07,9,2026-01-16,133.83
2026-01-07,10,2026-01-17,132.67
2026-01-07,11,2026-01-18,137.49
2026-01-07,12,2026-01-19,139.79
2026-01-07,13,2026-01-20,144.22
2026-01-07,14,2026-01-21,145.17
2026-01-07,15,2026-01-22,151.95
2026-01-07,16,2026-01-23,157.3
2026-01-07,17,2026-01-24,160.27
2026-01-07,18,2026-01-25,159.07
2026-01-07,19,2026-01-26,156.97
2026-01-07,20,2026-01-27,155.05
2026-01-07,21,2026-01-28,154.75
2026-01-07,22,2026-01-29,154.12
2026-01-07,23,2026-01-30,155.24
2026-01-07,24,2026-01-31,153.06
2026-01-07,25,2026-02-01,151.24
2026-01-07,26,2026-02-02,149.45
2026-01-07,27,2026-02-03,145.76
2026-01-07,28,2026-02-04,143.27
2026-01-07,29,2026-02-05,141.6
2026-01-07,30,2026-02-06,143.73
2026-01-08,1,2026-01-09,134.03
2026-01-08,2,2026-01-10,129.11
2026-01-08,3,2026-01-11,127.4
2026-01-08,4,2026-01-12,126.72
2026-01-08,5,2026-01-13,127.27
2026-01-08,6,2026-01-14,128.17
2026-01-08,7,2026-01-15,129.38
2026-01-08,8,2026-01-16,130.9
2026-01-08,9,2026-01-17,132.63
2026-01-08,10,2026-01-18,137.49
2026-01-08,11,2026-01-19,139.79
2026-01-08,12,2026-01-20,144.32
2026-01-08,13,2026-01-21,148.67
2026-01-08,14,2026-01-22,150.75
2026-01-08,15,2026-01-23,159.19
2026-01-08,16,2026-01-24,157.52
2026-01-08,17,2026-01-25,164.09
2026-01-08,18,2026-01-26,157.92
2026-01-08,19,2026-01-27,155.29
2026-01-08,20,2026-01-28,155.33
2026-01-08,21,2026-01-29,154.75
2026-01-08,22,2026-01-30,152.28
2026-01-08,23,2026-01-31,152.69
2026-01-08,24,2026-02-01,149.12
2026-01-08,25,2026-02-02,148.0
2026-01-08,26,2026-02-03,145.08
2026-01-08,27,2026-02-04,142.34
2026-01-08,28,2026-02-05,139.52
2026-01-08,29,2026-02-06,139.6
2026-01-08,30,2026-02-07,142.69
2026-01-09,1,2026-01-10,119.72
2026-01-09,2,2026-01-11,118.53
2026-01-09,3,2026-01-12,116.9
2026-01-09,4,2026-01-13,116.86
2026-01-09,5,2026-01-14,121.84
2026-01-09,6,2026-01-15,127.47
2026-01-09,7,2026-01-16,128.32
2026-01-09,8,2026-01-17,132.06
2026-01-09,9,2026-01-18,136.71
2026-01-09,10,2026-01-19,143.8
2026-01-09,11,2026-01-20,143.81
2026-01-09,12,2026-01-21,150.04
2026-01-09,13,2026-01-22,154.0
2026-01-09,14,2026-01-23,157.21
2026-01-09,15,2026-01-24,158.78
2026-01-09,16,2026-01-25,156.8
2026-01-09,17,2026-01-26,158.58
2026-01-09,18,2026-01-27,155.27
2026-01-09,19,2026-01-28,154.93
2026-01-09,20,2026-01-29,154.04
2026-01-09,21,2026-01-30,152.09
2026-01-09,22,2026-01-31,150.73
2026-01-09,23,2026-02-01,149.6
2026-01-09,24,2026-02-02,146.06
2026-01-09,25,2026-02-03,143.05
2026-01-09,26,2026-02-04,137.01
2026-01-09,27,2026-02-05,135.36
2026-01-09,28,2026-02-06,134.22
2026-01-09,29,2026-02-07,135.47
2026-01-09,30,2026-02-08,140.39
2026-01-10,1,2026-01-11,113.85
2026-01-10,2,2026-01-12,114.88
2026-01-10,3,2026-01-13,115.33
2026-01-10,4,2026-01-14,116.1
2026-01-10,5,2026-01-15,122.71
2026-01-10,6,2026-01-16,126.34
2026-01-10,7,2026-01-17,131.73
2026-01-10,8,2026-01-18,135.22
2026-01-10,9,2026-01-19,142.5
2026-01-10,10,2026-01-20,145.2
2026-01-10,11,2026-01-21,144.98
2026-01-10,12,2026-01-22,152.94
2026-01-10,13,2026-01-23,156.37
2026-01-10,14,2026-01-24,158.76
2026-01-10,15,2026-01-25,156.63
2026-01-10,16,2026-01-26,155.29
2026-01-10,17,2026-01-27,154.61
2026-01-10,18,2026-01-28,153.58
2026-01-10,19,2026-01-29,154.81
2026-01-10,20,2026-01-30,152.34
2026-01-10,21,2026-01-31,151.24
2026-01-10,22,2026-02-01,148.5
2026-01-10,23,2026-02-02,146.01
2026-01-10,24,2026-02-03,142.92
2026-01-10,25,2026-02-04,139.07
2026-01-10,26,2026-02-05,132.98
2026-01-10,27,2026-02-06,133.44
2026-01-10,28,2026-02-07,134.84
2026-01-10,29,2026-02-08,135.2
2026-01-10,30,2026-02-09,139.98
2026-01-11,1,2026-01-12,113.46
2026-01-11,2,2026-01-13,113.16
2026-01-11,3,2026-01-14,118.37
2026-01-11,4,2026-01-15,120.16
2026-01-11,5,2026-01-16,125.96
2026-01-11,6,2026-01-17,131.61
2026-01-11,7,2026-01-18,136.23
2026-01-11,8,2026-01-19,137.69
2026-01-11,9,2026-01-20,141.09
2026-01-11,10,2026-01-21,145.16
2026-01-11,11,2026-01-22,148.23
2026-01-11,12,2026-01-23,157.92
2026-01-11,13,2026-01-24,158.08
2026-01-11,14,2026-01-25,159.83
2026-01-11,15,2026-01-26,159.28
2026-01-11,16,2026-01-27,156.01
2026-01-11,17,2026-01-28,156.23
2026-01-11,18,2026-01-29,152.75
2026-01-11,19,2026-01-30,154.35
2026-01-11,20,2026-01-31,150.27
2026-01-11,21,2026-02-01,149.03
2026-01-11,22,2026-02-02,147.91
2026-01-11,23,2026-02-03,141.57
2026-01-11,24,2026-02-04,137.04
2026-01-11,25,2026-02-05,134.51
2026-01-11,26,2026-02-06,131.43
2026-01-11,27,2026-02-07,132.66
2026-01-11,28,2026-02-08,134.23
2026-01-11,29,2026-02-09,135.41
2026-01-11,30,2026-02-10,139.6
2026-01-12,1,2026-01-13,113.02
2026-01-12,2,2026-01-14,113.61
2026-01-12,3,2026-01-15,120.32
2026-01-12,4,2026-01-16,122.8
2026-01-12,5,2026-01-17,128.64
2026-01-12,6,2026-01-18,133.21
2026-01-12,7,2026-01-19,140.41
2026-01-12,8,2026-01-20,139.09
2026-01-12,9,2026-01-21,146.91
2026-01-12,10,2026-01-22,153.77
2026-01-12,11,2026-01-23,157.3
2026-01-12,12,2026-01-24,161.71
2026-01-12,13,2026-01-25,160.22
2026-01-12,14,2026-01-26,160.09
2026-01-12,15,2026-01-27,156.89
2026-01-12,16,2026-01-28,153.18
2026-01-12,17,2026-01-29,155.23
2026-01-12,18,2026-01-30,151.46
2026-01-12,19,2026-01-31,152.4
2026-01-12,20,2026-02-01,148.52
2026-01-12,21,2026-02-02,145.51
2026-01-12,22,2026-02-03,143.24
2026-01-12,23,2026-02-04,137.45
2026-01-12,24,2026-02-05,133.99
2026-01-12,25,2026-02-06,132.79
2026-01-12,26,2026-02-07,131.31
2026-01-12,27,2026-02-08,132.82
2026-01-12,28,2026-02-09,135.01
2026-01-12,29,2026-02-10,135.49
2026-01-12,30,2026-02-11,140.25
2026-01-13,1,2026-01-14,115.27
2026-01-13,2,2026-01-15,118.21
2026-01-13,3,2026-01-16,124.06
2026-01-13,4,2026-01-17,127.01
2026-01-13,5,2026-01-18,132.16
2026-01-13,6,2026-01-19,141.01
2026-01-13,7,2026-01-20,144.42
2026-01-13,8,2026-01-21,144.72
2026-01-13,9,2026-01-22,152.28
2026-01-13,10,2026-01-23,158.02
2026-01-13,11,2026-01-24,160.46
2026-01-13,12,2026-01-25,160.41
2026-01-13,13,2026-01-26,158.38
2026-01-13,14,2026-01-27,155.74
2026-01-13,15,2026-01-28,153.24
2026-01-13,16,2026-01-29,151.31
2026-01-13,17,2026-01-30,151.45
2026-01-13,18,2026-01-31,149.43
2026-01-13,19,2026-02-01,150.12
2026-01-13,20,2026-02-02,145.34
2026-01-13,21,2026-02-03,141.17
2026-01-13,22,2026-02-04,137.79
2026-01-13,23,2026-02-05,133.21
2026-01-13,24,2026-02-06,132.59
2026-01-13,25,2026-02-07,132.63
2026-01-13,26,2026-02-08,132.26
2026-01-13,27,2026-02-09,134.25
2026-01-13,28,2026-02-10,135.17
2026-01-13,29,2026-02-11,136.15
2026-01-13,30,2026-02-12,139.67
2026-01-14,1,2026-01-15,131.17
2026-01-14,2,2026-01-16,139.32
2026-01-14,3,2026-01-17,142.95
2026-01-14,4,2026-01-18,144.69
2026-01-14,5,2026-01-19,151.29
2026-01-14,6,2026-01-20,157.84
2026-01-14,7,2026-01-21,154.82
2026-01-14,8,2026-01-22,159.36
2026-01-14,9,2026-01-23,166.67
2026-01-14,10,2026-01-24,164.15
2026-01-14,11,2026-01-25,161.05
2026-01-14,12,2026-01-26,158.32
2026-01-14,13,2026-01-27,155.11
2026-01-14,14,2026-01-28,153.01
2026-01-14,15,2026-01-29,152.34
2026-01-14,16,2026-01-30,149.85
2026-01-14,17,2026-01-31,148.08
2026-01-14,18,2026-02-01,148.03
2026-01-14,19,2026-02-02,146.85
2026-01-14,20,2026-02-03,141.98
2026-01-14,21,2026-02-04,136.61
2026-01-14,22,2026-02-05,134.61
2026-01-14,23,2026-02-06,132.45
2026-01-14,24,2026-02-07,133.35
2026-01-14,25,2026-02-08,133.31
2026-01-14,26,2026-02-09,134.29
2026-01-14,27,2026-02-10,135.84
2026-01-14,28,2026-02-11,137.49
2026-01-14,29,2026-02-12,136.58
2026-01-14,30,2026-02-13,138.8
2026-01-15,1,2026-01-16,142.76
2026-01-15,2,2026-01-17,148.55
2026-01-15,3,2026-01-18,151.7
2026-01-15,4,2026-01-19,153.54
2026-01-15,5,2026-01-20,159.75
2026-01-15,6,2026-01-21,160.18
2026-01-15,7,2026-01-22,166.3
2026-01-15,8,2026-01-23,166.34
2026-01-15,9,2026-01-24,169.55
2026-01-15,10,2026-01-25,163.97
2026-01-15,11,2026-01-26,160.9
2026-01-15,12,2026-01-27,160.72
2026-01-15,13,2026-01-28,154.29
2026-01-15,14,2026-01-29,153.14
2026-01-15,15,2026-01-30,153.29
2026-01-15,16,2026-01-31,152.26
2026-01-15,17,2026-02-01,145.71
2026-01-15,18,2026-02-02,145.67
2026-01-15,19,2026-02-03,142.31
2026-01-15,20,2026-02-04,138.12
2026-01-15,21,2026-02-05,133.32
2026-01-15,22,2026-02-06,132.68
2026-01-15,23,2026-02-07,133.47
2026-01-15,24,2026-02-08,134.98
2026-01-15,25,2026-02-09,135.76
2026-01-15,26,2026-02-10,136.84
2026-01-15,27,2026-02-11,137.46
2026-01-15,28,2026-02-12,141.02
2026-01-15,29,2026-02-13,141.51
2026-01-15,30,2026-02-14,144.71
2026-01-16,1,2026-01-17,152.56
2026-01-16,2,2026-01-18,157.44
2026-01-16,3,2026-01-19,160.25
2026-01-16,4,2026-01-20,162.61
2026-01-16,5,2026-01-21,171.59
2026-01-16,6,2026-01-22,171.21
2026-01-16,7,2026-01-23,175.84
2026-01-16,8,2026-01-24,173.27
2026-01-16,9,2026-01-25,171.6
2026-01-16,10,2026-01-26,165.49
2026-01-16,11,2026-01-27,156.27
2026-01-16,12,2026-01-28,155.46
2026-01-16,13,2026-01-29,154.12
2026-01-16,14,2026-01-30,152.68
2026-01-16,15,2026-01-31,150.72
2026-01-16,16,2026-02-01,147.12
2026-01-16,17,2026-02-02,140.11
2026-01-16,18,2026-02-03,141.75
2026-01-16,19,2026-02-04,137.47
2026-01-16,20,2026-02-05,134.16
2026-01-16,21,2026-02-06,133.36
2026-01-16,22,2026-02-07,134.04
2026-01-16,23,2026-02-08,134.37
2026-01-16,24,2026-02-09,136.6
2026-01-16,25,2026-02-10,139.02
2026-01-16,26,2026-02-11,140.05
2026-01-16,27,2026-02-12,141.58
2026-01-16,28,2026-02-13,143.42
2026-01-16,29,2026-02-14,146.83
2026-01-16,30,2026-02-15,147.07
2026-01-17,1,2026-01-18,159.18
2026-01-17,2,2026-01-19,163.34
2026-01-17,3,2026-01-20,169.39
2026-01-17,4,2026-01-21,169.15
2026-01-17,5,2026-01-22,173.13
2026-01-17,6,2026-01-23,176.88
2026-01-17,7,2026-01-24,173.5
2026-01-17,8,2026-01-25,170.59
2026-01-17,9,2026-01-26,170.88
2026-01-17,10,2026-01-27,162.14
2026-01-17,11,2026-01-28,148.65
2026-01-17,12,2026-01-29,154.75
2026-01-17,13,2026-01-30,154.34
2026-01-17,14,2026-01-31,149.88
2026-01-17,15,2026-02-01,146.88
2026-01-17,16,2026-02-02,143.65
2026-01-17,17,2026-02-03,137.13
2026-01-17,18,2026-02-04,136.74
2026-01-17,19,2026-02-05,133.88
2026-01-17,20,2026-02-06,132.4
2026-01-17,21,2026-02-07,134.18
2026-01-17,22,2026-02-08,134.45
2026-01-17,23,2026-02-09,137.54
2026-01-17,24,2026-02-10,138.11
2026-01-17,25,2026-02-11,142.03
2026-01-17,26,2026-02-12,142.98
2026-01-17,27,2026-02-13,145.27
2026-01-17,28,2026-02-14,147.37
2026-01-17,29,2026-02-15,149.16
2026-01-17,30,2026-02-16,151.96
2026-01-18,1,2026-01-19,176.97
2026-01-18,2,2026-01-20,180.97
2026-01-18,3,2026-01-21,182.63
2026-01-18,4,2026-01-22,183.32
2026-01-18,5,2026-01-23,183.93
2026-01-18,6,2026-01-24,180.05
2026-01-18,7,2026-01-25,170.24
2026-01-18,8,2026-01-26,166.87
2026-01-18,9,2026-01-27,159.67
2026-01-18,10,2026-01-28,159.41
2026-01-18,11,2026-01-29,148.21
2026-01-18,12,2026-01-30,154.15
2026-01-18,13,2026-01-31,150.62
2026-01-18,14,2026-02-01,144.07
2026-01-18,15,2026-02-02,142.42
2026-01-18,16,2026-02-03,137.58
2026-01-18,17,2026-02-04,136.42
2026-01-18,18,2026-02-05,135.14
2026-01-18,19,2026-02-06,134.53
2026-01-18,20,2026-02-07,134.06
2026-01-18,21,2026-02-08,135.44
2026-01-18,22,2026-02-09,137.59
2026-01-18,23,2026-02-10,140.76
2026-01-18,24,2026-02-11,142.44
2026-01-18,25,2026-02-12,147.62
2026-01-18,26,2026-02-13,149.38
2026-01-18,27,2026-02-14,152.35
2026-01-18,28,2026-02-15,153.12
2026-01-18,29,2026-02-16,156.98
2026-01-18,30,2026-02-17,157.25
2026-01-19,1,2026-01-20,170.69
2026-01-19,2,2026-01-21,173.08
2026-01-19,3,2026-01-22,176.46
2026-01-19,4,2026-01-23,178.32
2026-01-19,5,2026-01-24,174.97
2026-01-19,6,2026-01-25,171.19
2026-01-19,7,2026-01-26,166.86
2026-01-19,8,2026-01-27,161.46
2026-01-19,9,2026-01-28,156.58
2026-01-19,10,2026-01-29,155.62
2026-01-19,11,2026-01-30,147.07
2026-01-19,12,2026-01-31,152.0
2026-01-19,13,2026-02-01,148.86
2026-01-19,14,2026-02-02,145.47
2026-01-19,15,2026-02-03,143.02
2026-01-19,16,2026-02-04,136.37
2026-01-19,17,2026-02-05,136.21
2026-01-19,18,2026-02-06,134.49
2026-01-19,19,2026-02-07,135.92
2026-01-19,20,2026-02-08,136.18
2026-01-19,21,2026-02-09,137.69
2026-01-19,22,2026-02-10,140.93
2026-01-19,23,2026-02-11,142.58
2026-01-19,24,2026-02-12,146.65
2026-01-19,25,2026-02-13,150.52
2026-01-19,26,2026-02-14,151.76
2026-01-19,27,2026-02-15,155.99
2026-01-19,28,2026-02-16,158.51
2026-01-19,29,2026-02-17,160.97
2026-01-19,30,2026-02-18,160.58
2026-01-20,1,2026-01-21,177.7
2026-01-20,2,2026-01-22,181.5
2026-01-20,3,2026-01-23,179.72
2026-01-20,4,2026-01-24,178.45
2026-01-20,5,2026-01-25,173.36
2026-01-20,6,2026-01-26,164.69
2026-01-20,7,2026-01-27,157.53
2026-01-20,8,2026-01-28,156.58
2026-01-20,9,2026-01-29,152.65
2026-01-20,10,2026-01-30,153.89
2026-01-20,11,2026-01-31,145.29
2026-01-20,12,2026-02-01,146.89
2026-01-20,13,2026-02-02,144.29
2026-01-20,14,2026-02-03,139.46
2026-01-20,15,2026-02-04,134.83
2026-01-20,16,2026-02-05,133.85
2026-01-20,17,2026-02-06,135.38
2026-01-20,18,2026-02-07,136.29
2026-01-20,19,2026-02-08,135.83
2026-01-20,20,2026-02-09,137.81
2026-01-20,21,2026-02-10,140.35
2026-01-20,22,2026-02-11,145.46
2026-01-20,23,2026-02-12,148.06
2026-01-20,24,2026-02-13,149.99
2026-01-20,25,2026-02-14,154.65
2026-01-20,26,2026-02-15,156.69
2026-01-20,27,2026-02-16,162.22
2026-01-20,28,2026-02-17,162.93
2026-01-20,29,2026-02-18,164.89
2026-01-20,30,2026-02-19,163.18
2026-01-21,1,2026-01-22,191.07
2026-01-21,2,2026-01-23,188.39
2026-01-21,3,2026-01-24,183.89
2026-01-21,4,2026-01-25,177.45
2026-01-21,5,2026-01-26,173.5
2026-01-21,6,2026-01-27,166.03
2026-01-21,7,2026-01-28,160.36
2026-01-21,8,2026-01-29,152.43
2026-01-21,9,2026-01-30,152.63
2026-01-21,10,2026-01-31,151.46
2026-01-21,11,2026-02-01,148.86
2026-01-21,12,2026-02-02,147.63
2026-01-21,13,2026-02-03,143.95
2026-01-21,14,2026-02-04,138.43
2026-01-21,15,2026-02-05,133.61
2026-01-21,16,2026-02-06,133.59
2026-01-21,17,2026-02-07,138.43
2026-01-21,18,2026-02-08,137.73
2026-01-21,19,2026-02-09,138.45
2026-01-21,20,2026-02-10,140.82
2026-01-21,21,2026-02-11,145.02
2026-01-21,22,2026-02-12,148.39
2026-01-21,23,2026-02-13,151.85
2026-01-21,24,2026-02-14,152.82
2026-01-21,25,2026-02-15,154.81
2026-01-21,26,2026-02-16,161.3
2026-01-21,27,2026-02-17,164.14
2026-01-21,28,2026-02-18,165.8
2026-01-21,29,2026-02-19,166.45
2026-01-21,30,2026-02-20,163.14
2026-01-22,1,2026-01-23,196.86
2026-01-22,2,2026-01-24,193.38
2026-01-22,3,2026-01-25,185.78
2026-01-22,4,2026-01-26,176.96
2026-01-22,5,2026-01-27,169.62
2026-01-22,6,2026-01-28,158.6
2026-01-22,7,2026-01-29,155.91
2026-01-22,8,2026-01-30,151.42
2026-01-22,9,2026-01-31,153.77
2026-01-22,10,2026-02-01,153.4
2026-01-22,11,2026-02-02,149.57
2026-01-22,12,2026-02-03,149.4
2026-01-22,13,2026-02-04,139.62
2026-01-22,14,2026-02-05,134.68
2026-01-22,15,2026-02-06,136.77
2026-01-22,16,2026-02-07,138.52
2026-01-22,17,2026-02-08,141.68
2026-01-22,18,2026-02-09,140.68
2026-01-22,19,2026-02-10,141.46
2026-01-22,20,2026-02-11,145.46
2026-01-22,21,2026-02-12,149.42
2026-01-22,22,2026-02-13,151.61
2026-01-22,23,2026-02-14,154.67
2026-01-22,24,2026-02-15,156.83
2026-01-22,25,2026-02-16,161.61
2026-01-22,26,2026-02-17,167.67
2026-01-22,27,2026-02-18,170.28
2026-01-22,28,2026-02-19,167.93
2026-01-22,29,2026-02-20,170.23
2026-01-22,30,2026-02-21,165.15
2026-01-23,1,2026-01-24,178.16
2026-01-23,2,2026-01-25,169.01
2026-01-23,3,2026-01-26,159.11
2026-01-23,4,2026-01-27,151.96
2026-01-23,5,2026-01-28,150.94
2026-01-23,6,2026-01-29,146.86
2026-01-23,7,2026-01-30,145.59
2026-01-23,8,2026-01-31,145.39
2026-01-23,9,2026-02-01,149.31
2026-01-23,10,2026-02-02,148.81
2026-01-23,11,2026-02-03,144.66
2026-01-23,12,2026-02-04,143.05
2026-01-23,13,2026-02-05,134.31
2026-01-23,14,2026-02-06,133.18
2026-01-23,15,2026-02-07,135.94
2026-01-23,16,2026-02-08,137.04
2026-01-23,17,2026-02-09,141.33
2026-01-23,18,2026-02-10,144.12
2026-01-23,19,2026-02-11,145.57
2026-01-23,20,2026-02-12,149.24
2026-01-23,21,2026-02-13,154.35
2026-01-23,22,2026-02-14,156.13
2026-01-23,23,2026-02-15,159.09
2026-01-23,24,2026-02-16,163.06
2026-01-23,25,2026-02-17,165.15
2026-01-23,26,2026-02-18,168.51
2026-01-23,27,2026-02-19,169.79
2026-01-23,28,2026-02-20,167.91
2026-01-23,29,2026-02-21,166.65
2026-01-23,30,2026-02-22,162.72
2026-01-24,1,2026-01-25,167.45
2026-01-24,2,2026-01-26,155.36
2026-01-24,3,2026-01-27,149.51
2026-01-24,4,2026-01-28,140.25
2026-01-24,5,2026-01-29,141.66
2026-01-24,6,2026-01-30,141.32
2026-01-24,7,2026-01-31,140.59
2026-01-24,8,2026-02-01,139.71
2026-01-24,9,2026-02-02,141.63
2026-01-24,10,2026-02-03,142.66
2026-01-24,11,2026-02-04,137.04
2026-01-24,12,2026-02-05,135.36
2026-01-24,13,2026-02-06,130.93
2026-01-24,14,2026-02-07,131.76
2026-01-24,15,2026-02-08,133.29
2026-01-24,16,2026-02-09,135.76
2026-01-24,17,2026-02-10,142.22
2026-01-24,18,2026-02-11,147.43
2026-01-24,19,2026-02-12,149.19
2026-01-24,20,2026-02-13,151.92
2026-01-24,21,2026-02-14,158.64
2026-01-24,22,2026-02-15,160.72
2026-01-24,23,2026-02-16,165.14
2026-01-24,24,2026-02-17,165.83
2026-01-24,25,2026-02-18,164.85
2026-01-24,26,2026-02-19,166.25
2026-01-24,27,2026-02-20,165.11
2026-01-24,28,2026-02-21,164.05
2026-01-24,29,2026-02-22,163.75
2026-01-24,30,2026-02-23,160.09
2026-01-25,1,2026-01-26,160.88
2026-01-25,2,2026-01-27,152.23
2026-01-25,3,2026-01-28,142.57
2026-01-25,4,2026-01-29,136.27
2026-01-25,5,2026-01-30,138.43
2026-01-25,6,2026-01-31,138.5
2026-01-25,7,2026-02-01,139.85
2026-01-25,8,2026-02-02,137.89
2026-01-25,9,2026-02-03,137.86
2026-01-25,10,2026-02-04,136.52
2026-01-25,11,2026-02-05,136.79
2026-01-25,12,2026-02-06,133.63
2026-01-25,13,2026-02-07,132.14
2026-01-25,14,2026-02-08,136.79
2026-01-25,15,2026-02-09,135.51
2026-01-25,16,2026-02-10,141.33
2026-01-25,17,2026-02-11,147.51
2026-01-25,18,2026-02-12,148.75
2026-01-25,19,2026-02-13,150.81
2026-01-25,20,2026-02-14,153.93
2026-01-25,21,2026-02-15,161.54
2026-01-25,22,2026-02-16,163.29
2026-01-25,23,2026-02-17,167.37
2026-01-25,24,2026-02-18,168.04
2026-01-25,25,2026-02-19,164.66
2026-01-25,26,2026-02-20,164.76
2026-01-25,27,2026-02-21,164.47
2026-01-25,28,2026-02-22,162.04
2026-01-25,29,2026-02-23,162.44
2026-01-25,30,2026-02-24,158.49
2026-01-26,1,2026-01-27,147.97
2026-01-26,2,2026-01-28,144.35
2026-01-26,3,2026-01-29,137.74
2026-01-26,4,2026-01-30,133.31
2026-01-26,5,2026-01-31,134.7
2026-01-26,6,2026-02-01,134.67
2026-01-26,7,2026-02-02,137.18
2026-01-26,8,2026-02-03,133.98
2026-01-26,9,2026-02-04,133.49
2026-01-26,10,2026-02-05,131.96
2026-01-26,11,2026-02-06,133.35
2026-01-26,12,2026-02-07,132.36
2026-01-26,13,2026-02-08,133.6
2026-01-26,14,2026-02-09,136.13
2026-01-26,15,2026-02-10,138.87
2026-01-26,16,2026-02-11,142.66
2026-01-26,17,2026-02-12,143.12
2026-01-26,18,2026-02-13,151.43
2026-01-26,19,2026-02-14,154.37
2026-01-26,20,2026-02-15,157.82
2026-01-26,21,2026-02-16,163.97
2026-01-26,22,2026-02-17,166.91
2026-01-26,23,2026-02-18,166.24
2026-01-26,24,2026-02-19,164.39
2026-01-26,25,2026-02-20,161.33
2026-01-26,26,2026-02-21,162.14
2026-01-26,27,2026-02-22,161.05
2026-01-26,28,2026-02-23,157.13
2026-01-26,29,2026-02-24,155.78
2026-01-26,30,2026-02-25,152.77
2026-01-27,1,2026-01-28,135.63
2026-01-27,2,2026-01-29,133.01
2026-01-27,3,2026-01-30,133.4
2026-01-27,4,2026-01-31,130.23
2026-01-27,5,2026-02-01,130.57
2026-01-27,6,2026-02-02,130.13
2026-01-27,7,2026-02-03,129.92
2026-01-27,8,2026-02-04,132.29
2026-01-27,9,2026-02-05,131.16
2026-01-27,10,2026-02-06,132.52
2026-01-27,11,2026-02-07,132.31
2026-01-27,12,2026-02-08,133.69
2026-01-27,13,2026-02-09,134.09
2026-01-27,14,2026-02-10,139.87
2026-01-27,15,2026-02-11,142.75
2026-01-27,16,2026-02-12,141.39
2026-01-27,17,2026-02-13,144.94
2026-01-27,18,2026-02-14,155.51
2026-01-27,19,2026-02-15,159.02
2026-01-27,20,2026-02-16,161.67
2026-01-27,21,2026-02-17,164.5
2026-01-27,22,2026-02-18,162.68
2026-01-27,23,2026-02-19,161.45
2026-01-27,24,2026-02-20,158.37
2026-01-27,25,2026-02-21,155.15
2026-01-27,26,2026-02-22,154.11
2026-01-27,27,2026-02-23,154.47
2026-01-27,28,2026-02-24,153.28
2026-01-27,29,2026-02-25,152.22
2026-01-27,30,2026-02-26,150.44
2026-01-28,1,2026-01-29,137.9
2026-01-28,2,2026-01-30,133.36
2026-01-28,3,2026-01-31,128.87
2026-01-28,4,2026-02-01,126.99
2026-01-28,5,2026-02-02,126.98
2026-01-28,6,2026-02-03,127.39
2026-01-28,7,2026-02-04,128.34
2026-01-28,8,2026-02-05,129.21
2026-01-28,9,2026-02-06,131.93
2026-01-28,10,2026-02-07,130.92
2026-01-28,11,2026-02-08,133.0
2026-01-28,12,2026-02-09,133.64
2026-01-28,13,2026-02-10,136.71
2026-01-28,14,2026-02-11,143.53
2026-01-28,15,2026-02-12,144.15
2026-01-28,16,2026-02-13,147.45
2026-01-28,17,2026-02-14,145.2
2026-01-28,18,2026-02-15,156.22
2026-01-28,19,2026-02-16,160.81
2026-01-28,20,2026-02-17,160.63
2026-01-28,21,2026-02-18,163.1
2026-01-28,22,2026-02-19,161.02
2026-01-28,23,2026-02-20,158.8
2026-01-28,24,2026-02-21,155.99
2026-01-28,25,2026-02-22,153.47
2026-01-28,26,2026-02-23,153.33
2026-01-28,27,2026-02-24,153.63
2026-01-28,28,2026-02-25,151.77
2026-01-28,29,2026-02-26,151.43
2026-01-28,30,2026-02-27,147.63
2026-01-29,1,2026-01-30,129.82
2026-01-29,2,2026-01-31,126.34
2026-01-29,3,2026-02-01,126.37
2026-01-29,4,2026-02-02,123.36
2026-01-29,5,2026-02-03,125.59
2026-01-29,6,2026-02-04,123.57
2026-01-29,7,2026-02-05,127.01
2026-01-29,8,2026-02-06,129.77
2026-01-29,9,2026-02-07,130.65
2026-01-29,10,2026-02-08,132.11
2026-01-29,11,2026-02-09,132.27
2026-01-29,12,2026-02-10,137.28
2026-01-29,13,2026-02-11,141.49
2026-01-29,14,2026-02-12,143.65
2026-01-29,15,2026-02-13,145.07
2026-01-29,16,2026-02-14,149.69
2026-01-29,17,2026-02-15,152.96
2026-01-29,18,2026-02-16,161.95
2026-01-29,19,2026-02-17,164.66
2026-01-29,20,2026-02-18,162.39
2026-01-29,21,2026-02-19,161.48
2026-01-29,22,2026-02-20,159.08
2026-01-29,23,2026-02-21,156.68
2026-01-29,24,2026-02-22,153.98
2026-01-29,25,2026-02-23,152.59
2026-01-29,26,2026-02-24,152.77
2026-01-29,27,2026-02-25,151.08
2026-01-29,28,2026-02-26,150.32
2026-01-29,29,2026-02-27,148.91
2026-01-29,30,2026-02-28,146.55
2026-01-30,1,2026-01-31,126.93
2026-01-30,2,2026-02-01,125.54
2026-01-30,3,2026-02-02,123.48
2026-01-30,4,2026-02-03,124.42
2026-01-30,5,2026-02-04,123.42
2026-01-30,6,2026-02-05,125.39
2026-01-30,7,2026-02-06,127.78
2026-01-30,8,2026-02-07,128.53
2026-01-30,9,2026-02-08,130.1
2026-01-30,10,2026-02-09,132.78
2026-01-30,11,2026-02-10,133.05
2026-01-30,12,2026-02-11,141.56
2026-01-30,13,2026-02-12,144.18
2026-01-30,14,2026-02-13,145.39
2026-01-30,15,2026-02-14,146.94
2026-01-30,16,2026-02-15,154.47
2026-01-30,17,2026-02-16,155.62
2026-01-30,18,2026-02-17,161.0
2026-01-30,19,2026-02-18,162.53
2026-01-30,20,2026-02-19,159.32
2026-01-30,21,2026-02-20,158.69
2026-01-30,22,2026-02-21,154.11
2026-01-30,23,2026-02-22,154.98
2026-01-30,24,2026-02-23,152.59
2026-01-30,25,2026-02-24,149.92
2026-01-30,26,2026-02-25,147.34
2026-01-30,27,2026-02-26,146.5
2026-01-30,28,2026-02-27,144.01
2026-01-30,29,2026-02-28,142.43
2026-01-30,30,2026-03-01,144.15
2026-01-31,1,2026-02-01,137.83
2026-01-31,2,2026-02-02,138.12
2026-01-31,3,2026-02-03,140.92
2026-01-31,4,2026-02-04,142.38
2026-01-31,5,2026-02-05,138.77
2026-01-31,6,2026-02-06,137.94
2026-01-31,7,2026-02-07,139.6
2026-01-31,8,2026-02-08,136.46
2026-01-31,9,2026-02-09,137.07
2026-01-31,10,2026-02-10,137.69
2026-01-31,11,2026-02-11,136.83
2026-01-31,12,2026-02-12,143.45
2026-01-31,13,2026-02-13,150.39
2026-01-31,14,2026-02-14,150.74
2026-01-31,15,2026-02-15,156.36
2026-01-31,16,2026-02-16,157.26
2026-01-31,17,2026-02-17,156.51
2026-01-31,18,2026-02-18,162.32
2026-01-31,19,2026-02-19,160.47
2026-01-31,20,2026-02-20,155.93
2026-01-31,21,2026-02-21,156.91
2026-01-31,22,2026-02-22,152.93
2026-01-31,23,2026-02-23,154.79
2026-01-31,24,2026-02-24,151.79
2026-01-31,25,2026-02-25,150.61
2026-01-31,26,2026-02-26,148.64
2026-01-31,27,2026-02-27,147.6
2026-01-31,28,2026-02-28,143.85
2026-01-31,29,2026-03-01,143.12
2026-01-31,30,2026-03-02,143.93
2026-02-01,1,2026-02-02,155.06
2026-02-01,2,2026-02-03,159.6
2026-02-01,3,2026-02-04,165.38
2026-02-01,4,2026-02-05,167.59
2026-02-01,5,2026-02-06,167.26
2026-02-01,6,2026-02-07,163.29
2026-02-01,7,2026-02-08,162.39
2026-02-01,8,2026-02-09,152.04
2026-02-01,9,2026-02-10,147.84
2026-02-01,10,2026-02-11,148.67
2026-02-01,11,2026-02-12,144.14
2026-02-01,12,2026-02-13,149.92
2026-02-01,13,2026-02-14,152.04
2026-02-01,14,2026-02-15,151.23
2026-02-01,15,2026-02-16,157.18
2026-02-01,16,2026-02-17,158.16
2026-02-01,17,2026-02-18,157.06
2026-02-01,18,2026-02-19,161.28
2026-02-01,19,2026-02-20,155.99
2026-02-01,20,2026-02-21,154.88
2026-02-01,21,2026-02-22,155.78
2026-02-01,22,2026-02-23,152.86
2026-02-01,23,2026-02-24,153.64
2026-02-01,24,2026-02-25,152.56
2026-02-01,25,2026-02-26,151.82
2026-02-01,26,2026-02-27,148.2
2026-02-01,27,2026-02-28,147.73
2026-02-01,28,2026-03-01,145.19
2026-02-01,29,2026-03-02,142.99
2026-02-01,30,2026-03-03,144.61
2026-02-02,1,2026-02-03,169.97
2026-02-02,2,2026-02-04,174.31
2026-02-02,3,2026-02-05,171.92
2026-02-02,4,2026-02-06,169.61
2026-02-02,5,2026-02-07,162.59
2026-02-02,6,2026-02-08,157.67
2026-02-02,7,2026-02-09,152.7
2026-02-02,8,2026-02-10,145.27
2026-02-02,9,2026-02-11,148.07
2026-02-02,10,2026-02-12,143.57
2026-02-02,11,2026-02-13,145.01
2026-02-02,12,2026-02-14,149.55
2026-02-02,13,2026-02-15,154.04
2026-02-02,14,2026-02-16,154.32
2026-02-02,15,2026-02-17,156.52
2026-02-02,16,2026-02-18,157.67
2026-02-02,17,2026-02-19,157.36
2026-02-02,18,2026-02-20,158.21
2026-02-02,19,2026-02-21,154.7
2026-02-02,20,2026-02-22,156.44
2026-02-02,21,2026-02-23,153.91
2026-02-02,22,2026-02-24,153.8
2026-02-02,23,2026-02-25,153.54
2026-02-02,24,2026-02-26,152.11
2026-02-02,25,2026-02-27,151.35
2026-02-02,26,2026-02-28,151.96
2026-02-02,27,2026-03-01,149.71
2026-02-02,28,2026-03-02,148.41
2026-02-02,29,2026-03-03,146.0
2026-02-02,30,2026-03-04,147.6
2026-02-03,1,2026-02-04,177.84
2026-02-03,2,2026-02-05,179.91
2026-02-03,3,2026-02-06,178.94
2026-02-03,4,2026-02-07,171.78
2026-02-03,5,2026-02-08,165.73
2026-02-03,6,2026-02-09,160.59
2026-02-03,7,2026-02-10,153.96
2026-02-03,8,2026-02-11,151.4
2026-02-03,9,2026-02-12,150.08
2026-02-03,10,2026-02-13,151.11
2026-02-03,11,2026-02-14,147.57
2026-02-03,12,2026-02-15,153.74
2026-02-03,13,2026-02-16,160.48
2026-02-03,14,2026-02-17,160.23
2026-02-03,15,2026-02-18,158.62
2026-02-03,16,2026-02-19,156.87
2026-02-03,17,2026-02-20,155.64
2026-02-03,18,2026-02-21,157.12
2026-02-03,19,2026-02-22,155.57
2026-02-03,20,2026-02-23,155.43
2026-02-03,21,2026-02-24,155.1
2026-02-03,22,2026-02-25,155.33
2026-02-03,23,2026-02-26,153.77
2026-02-03,24,2026-02-27,153.7
2026-02-03,25,2026-02-28,152.49
2026-02-03,26,2026-03-01,155.47
2026-02-03,27,2026-03-02,152.64
2026-02-03,28,2026-03-03,151.8
2026-02-03,29,2026-03-04,146.89
2026-02-03,30,2026-03-05,148.6
2026-02-04,1,2026-02-05,166.21
2026-02-04,2,2026-02-06,166.68
2026-02-04,3,2026-02-07,164.04
2026-02-04,4,2026-02-08,154.34
2026-02-04,5,2026-02-09,150.99
2026-02-04,6,2026-02-10,150.62
2026-02-04,7,2026-02-11,148.16
2026-02-04,8,2026-02-12,148.24
2026-02-04,9,2026-02-13,150.67
2026-02-04,10,2026-02-14,149.61
2026-02-04,11,2026-02-15,150.65
2026-02-04,12,2026-02-16,157.73
2026-02-04,13,2026-02-17,162.01
2026-02-04,14,2026-02-18,161.56
2026-02-04,15,2026-02-19,159.26
2026-02-04,16,2026-02-20,158.27
2026-02-04,17,2026-02-21,152.65
2026-02-04,18,2026-02-22,155.56
2026-02-04,19,2026-02-23,156.91
2026-02-04,20,2026-02-24,156.1
2026-02-04,21,2026-02-25,154.96
2026-02-04,22,2026-02-26,154.95
2026-02-04,23,2026-02-27,153.57
2026-02-04,24,2026-02-28,151.94
2026-02-04,25,2026-03-01,150.63
2026-02-04,26,2026-03-02,153.7
2026-02-04,27,2026-03-03,149.82
2026-02-04,28,2026-03-04,148.29
2026-02-04,29,2026-03-05,146.2
2026-02-04,30,2026-03-06,145.62
2026-02-05,1,2026-02-06,169.78
2026-02-05,2,2026-02-07,171.25
2026-02-05,3,2026-02-08,162.14
2026-02-05,4,2026-02-09,154.55
2026-02-05,5,2026-02-10,151.56
2026-02-05,6,2026-02-11,153.21
2026-02-05,7,2026-02-12,150.16
2026-02-05,8,2026-02-13,147.86
2026-02-05,9,2026-02-14,153.45
2026-02-05,10,2026-02-15,152.9
2026-02-05,11,2026-02-16,155.6
2026-02-05,12,2026-02-17,162.96
2026-02-05,13,2026-02-18,160.6
2026-02-05,14,2026-02-19,160.41
2026-02-05,15,2026-02-20,155.1
2026-02-05,16,2026-02-21,155.77
2026-02-05,17,2026-02-22,152.3
2026-02-05,18,2026-02-23,156.24
2026-02-05,19,2026-02-24,156.84
2026-02-05,20,2026-02-25,156.15
2026-02-05,21,2026-02-26,155.45
2026-02-05,22,2026-02-27,154.26
2026-02-05,23,2026-02-28,153.05
2026-02-05,24,2026-03-01,151.52
2026-02-05,25,2026-03-02,151.3
2026-02-05,26,2026-03-03,152.73
2026-02-05,27,2026-03-04,149.54
2026-02-05,28,2026-03-05,148.01
2026-02-05,29,2026-03-06,146.62
2026-02-05,30,2026-03-07,148.17
2026-02-06,1,2026-02-07,157.63
2026-02-06,2,2026-02-08,152.43
2026-02-06,3,2026-02-09,148.9
2026-02-06,4,2026-02-10,141.0
2026-02-06,5,2026-02-11,144.28
2026-02-06,6,2026-02-12,146.68
2026-02-06,7,2026-02-13,151.47
2026-02-06,8,2026-02-14,153.43
2026-02-06,9,2026-02-15,154.63
2026-02-06,10,2026-02-16,159.3
2026-02-06,11,2026-02-17,166.74
2026-02-06,12,2026-02-18,168.01
2026-02-06,13,2026-02-19,166.65
2026-02-06,14,2026-02-20,162.38
2026-02-06,15,2026-02-21,157.17
2026-02-06,16,2026-02-22,155.52
2026-02-06,17,2026-02-23,157.77
2026-02-06,18,2026-02-24,156.78
2026-02-06,19,2026-02-25,158.88
2026-02-06,20,2026-02-26,156.57
2026-02-06,21,2026-02-27,154.89
2026-02-06,22,2026-02-28,154.55
2026-02-06,23,2026-03-01,154.62
2026-02-06,24,2026-03-02,152.11
2026-02-06,25,2026-03-03,149.76
2026-02-06,26,2026-03-04,148.67
2026-02-06,27,2026-03-05,147.27
2026-02-06,28,2026-03-06,146.45
2026-02-06,29,2026-03-07,146.18
2026-02-06,30,2026-03-08,147.44
2026-02-07,1,2026-02-08,163.03
2026-02-07,2,2026-02-09,156.08
2026-02-07,3,2026-02-10,149.8
2026-02-07,4,2026-02-11,146.48
2026-02-07,5,2026-02-12,150.77
2026-02-07,6,2026-02-13,154.85
2026-02-07,7,2026-02-14,156.45
2026-02-07,8,2026-02-15,156.13
2026-02-07,9,2026-02-16,159.34
2026-02-07,10,2026-02-17,163.31
2026-02-07,11,2026-02-18,165.19
2026-02-07,12,2026-02-19,165.65
2026-02-07,13,2026-02-20,159.8
2026-02-07,14,2026-02-21,160.15
2026-02-07,15,2026-02-22,161.35
2026-02-07,16,2026-02-23,160.22
2026-02-07,17,2026-02-24,163.59
2026-02-07,18,2026-02-25,158.8
2026-02-07,19,2026-02-26,159.76
2026-02-07,20,2026-02-27,158.03
2026-02-07,21,2026-02-28,154.39
2026-02-07,22,2026-03-01,153.93
2026-02-07,23,2026-03-02,152.72
2026-02-07,24,2026-03-03,151.14
2026-02-07,25,2026-03-04,149.81
2026-02-07,26,2026-03-05,148.95
2026-02-07,27,2026-03-06,148.48
2026-02-07,28,2026-03-07,150.09
2026-02-07,29,2026-03-08,149.57
2026-02-07,30,2026-03-09,153.13
2026-02-08,1,2026-02-09,164.63
2026-02-08,2,2026-02-10,154.74
2026-02-08,3,2026-02-11,149.67
2026-02-08,4,2026-02-12,144.87
2026-02-08,5,2026-02-13,151.77
2026-02-08,6,2026-02-14,155.34
2026-02-08,7,2026-02-15,157.16
2026-02-08,8,2026-02-16,158.21
2026-02-08,9,2026-02-17,162.43
2026-02-08,10,2026-02-18,162.99
2026-02-08,11,2026-02-19,162.05
2026-02-08,12,2026-02-20,160.62
2026-02-08,13,2026-02-21,158.85
2026-02-08,14,2026-02-22,158.73
2026-02-08,15,2026-02-23,160.67
2026-02-08,16,2026-02-24,160.61
2026-02-08,17,2026-02-25,166.46
2026-02-08,18,2026-02-26,158.63
2026-02-08,19,2026-02-27,158.4
2026-02-08,20,2026-02-28,157.31
2026-02-08,21,2026-03-01,153.77
2026-02-08,22,2026-03-02,152.65
2026-02-08,23,2026-03-03,152.05
2026-02-08,24,2026-03-04,150.19
2026-02-08,25,2026-03-05,150.04
2026-02-08,26,2026-03-06,148.28
2026-02-08,27,2026-03-07,147.63
2026-02-08,28,2026-03-08,149.35
2026-02-08,29,2026-03-09,153.67
2026-02-08,30,2026-03-10,152.98
2026-02-09,1,2026-02-10,143.66
2026-02-09,2,2026-02-11,135.88
2026-02-09,3,2026-02-12,136.96
2026-02-09,4,2026-02-13,140.21
2026-02-09,5,2026-02-14,148.08
2026-02-09,6,2026-02-15,152.48
2026-02-09,7,2026-02-16,155.72
2026-02-09,8,2026-02-17,158.44
2026-02-09,9,2026-02-18,164.4
2026-02-09,10,2026-02-19,165.96
2026-02-09,11,2026-02-20,162.73
2026-02-09,12,2026-02-21,163.22
2026-02-09,13,2026-02-22,163.57
2026-02-09,14,2026-02-23,162.03
2026-02-09,15,2026-02-24,162.22
2026-02-09,16,2026-02-25,165.54
2026-02-09,17,2026-02-26,165.94
2026-02-09,18,2026-02-27,156.06
2026-02-09,19,2026-02-28,158.06
2026-02-09,20,2026-03-01,155.07
2026-02-09,21,2026-03-02,153.35
2026-02-09,22,2026-03-03,150.64
2026-02-09,23,2026-03-04,149.87
2026-02-09,24,2026-03-05,145.7
2026-02-09,25,2026-03-06,144.47
2026-02-09,26,2026-03-07,144.32
2026-02-09,27,2026-03-08,146.03
2026-02-09,28,2026-03-09,147.18
2026-02-09,29,2026-03-10,148.97
2026-02-09,30,2026-03-11,149.06
2026-02-10,1,2026-02-11,140.71
2026-02-10,2,2026-02-12,136.8
2026-02-10,3,2026-02-13,141.67
2026-02-10,4,2026-02-14,146.59
2026-02-10,5,2026-02-15,152.9
2026-02-10,6,2026-02-16,159.72
2026-02-10,7,2026-02-17,165.15
2026-02-10,8,2026-02-18,165.72
2026-02-10,9,2026-02-19,171.03
2026-02-10,10,2026-02-20,169.05
2026-02-10,11,2026-02-21,169.04
2026-02-10,12,2026-02-22,169.2
2026-02-10,13,2026-02-23,166.37
2026-02-10,14,2026-02-24,167.63
2026-02-10,15,2026-02-25,167.1
2026-02-10,16,2026-02-26,170.52
2026-02-10,17,2026-02-27,171.76
2026-02-10,18,2026-02-28,154.99
2026-02-10,19,2026-03-01,157.18
2026-02-10,20,2026-03-02,153.79
2026-02-10,21,2026-03-03,151.89
2026-02-10,22,2026-03-04,150.14
2026-02-10,23,2026-03-05,147.28
2026-02-10,24,2026-03-06,145.1
2026-02-10,25,2026-03-07,145.12
2026-02-10,26,2026-03-08,144.95
2026-02-10,27,2026-03-09,148.78
2026-02-10,28,2026-03-10,148.72
2026-02-10,29,2026-03-11,151.88
2026-02-10,30,2026-03-12,151.67
2026-02-11,1,2026-02-12,131.07
2026-02-11,2,2026-02-13,133.48
2026-02-11,3,2026-02-14,141.37
2026-02-11,4,2026-02-15,148.46
2026-02-11,5,2026-02-16,155.68
2026-02-11,6,2026-02-17,165.41
2026-02-11,7,2026-02-18,171.0
2026-02-11,8,2026-02-19,169.64
2026-02-11,9,2026-02-20,175.54
2026-02-11,10,2026-02-21,171.11
2026-02-11,11,2026-02-22,170.53
2026-02-11,12,2026-02-23,168.29
2026-02-11,13,2026-02-24,170.18
2026-02-11,14,2026-02-25,168.53
2026-02-11,15,2026-02-26,167.58
2026-02-11,16,2026-02-27,171.1
2026-02-11,17,2026-02-28,167.91
2026-02-11,18,2026-03-01,155.17
2026-02-11,19,2026-03-02,153.8
2026-02-11,20,2026-03-03,150.52
2026-02-11,21,2026-03-04,148.98
2026-02-11,22,2026-03-05,145.99
2026-02-11,23,2026-03-06,144.38
2026-02-11,24,2026-03-07,144.42
2026-02-11,25,2026-03-08,145.23
2026-02-11,26,2026-03-09,146.12
2026-02-11,27,2026-03-10,148.95
2026-02-11,28,2026-03-11,149.7
2026-02-11,29,2026-03-12,149.53
2026-02-11,30,2026-03-13,150.98
2026-02-12,1,2026-02-13,129.25
2026-02-12,2,2026-02-14,133.17
2026-02-12,3,2026-02-15,139.73
2026-02-12,4,2026-02-16,150.78
2026-02-12,5,2026-02-17,154.7
2026-02-12,6,2026-02-18,162.93
2026-02-12,7,2026-02-19,166.79
2026-02-12,8,2026-02-20,169.34
2026-02-12,9,2026-02-21,172.15
2026-02-12,10,2026-02-22,171.4
2026-02-12,11,2026-02-23,170.47
2026-02-12,12,2026-02-24,169.83
2026-02-12,13,2026-02-25,168.43
2026-02-12,14,2026-02-26,168.28
2026-02-12,15,2026-02-27,169.11
2026-02-12,16,2026-02-28,169.77
2026-02-12,17,2026-03-01,163.56
2026-02-12,18,2026-03-02,152.72
2026-02-12,19,2026-03-03,150.42
2026-02-12,20,2026-03-04,147.01
2026-02-12,21,2026-03-05,145.83
2026-02-12,22,2026-03-06,144.54
2026-02-12,23,2026-03-07,143.59
2026-02-12,24,2026-03-08,145.19
2026-02-12,25,2026-03-09,144.94
2026-02-12,26,2026-03-10,146.55
2026-02-12,27,2026-03-11,148.34
2026-02-12,28,2026-03-12,148.09
2026-02-12,29,2026-03-13,147.29
2026-02-12,30,2026-03-14,148.69
2026-02-13,1,2026-02-14,124.73
2026-02-13,2,2026-02-15,129.53
2026-02-13,3,2026-02-16,134.99
2026-02-13,4,2026-02-17,142.48
2026-02-13,5,2026-02-18,149.46
2026-02-13,6,2026-02-19,154.02
2026-02-13,7,2026-02-20,158.25
2026-02-13,8,2026-02-21,159.28
2026-02-13,9,2026-02-22,164.76
2026-02-13,10,2026-02-23,171.21
2026-02-13,11,2026-02-24,173.97
2026-02-13,12,2026-02-25,170.53
2026-02-13,13,2026-02-26,168.9
2026-02-13,14,2026-02-27,167.12
2026-02-13,15,2026-02-28,169.46
2026-02-13,16,2026-03-01,161.95
2026-02-13,17,2026-03-02,156.51
2026-02-13,18,2026-03-03,150.17
2026-02-13,19,2026-03-04,147.34
2026-02-13,20,2026-03-05,144.94
2026-02-13,21,2026-03-06,144.29
2026-02-13,22,2026-03-07,143.9
2026-02-13,23,2026-03-08,142.75
2026-02-13,24,2026-03-09,144.62
2026-02-13,25,2026-03-10,143.2
2026-02-13,26,2026-03-11,141.13
2026-02-13,27,2026-03-12,139.29
2026-02-13,28,2026-03-13,139.81
2026-02-13,29,2026-03-14,142.15
2026-02-13,30,2026-03-15,145.62
2026-02-14,1,2026-02-15,127.96
2026-02-14,2,2026-02-16,131.07
2026-02-14,3,2026-02-17,136.68
2026-02-14,4,2026-02-18,144.19
2026-02-14,5,2026-02-19,149.86
2026-02-14,6,2026-02-20,155.01
2026-02-14,7,2026-02-21,157.93
2026-02-14,8,2026-02-22,164.57
2026-02-14,9,2026-02-23,169.96
2026-02-14,10,2026-02-24,172.25
2026-02-14,11,2026-02-25,175.5
2026-02-14,12,2026-02-26,172.7
2026-02-14,13,2026-02-27,170.42
2026-02-14,14,2026-02-28,166.44
2026-02-14,15,2026-03-01,164.38
2026-02-14,16,2026-03-02,159.1
2026-02-14,17,2026-03-03,149.17
2026-02-14,18,2026-03-04,145.85
2026-02-14,19,2026-03-05,144.89
2026-02-14,20,2026-03-06,142.79
2026-02-14,21,2026-03-07,143.43
2026-02-14,22,2026-03-08,143.26
2026-02-14,23,2026-03-09,144.01
2026-02-14,24,2026-03-10,145.13
2026-02-14,25,2026-03-11,144.97
2026-02-14,26,2026-03-12,141.22
2026-02-14,27,2026-03-13,141.8
2026-02-14,28,2026-03-14,144.25
2026-02-14,29,2026-03-15,145.1
2026-02-14,30,2026-03-16,147.89
2026-02-15,1,2026-02-16,127.77
2026-02-15,2,2026-02-17,132.43
2026-02-15,3,2026-02-18,138.5
2026-02-15,4,2026-02-19,143.81
2026-02-15,5,2026-02-20,149.98
2026-02-15,6,2026-02-21,152.29
2026-02-15,7,2026-02-22,159.41
2026-02-15,8,2026-02-23,163.91
2026-02-15,9,2026-02-24,169.98
2026-02-15,10,2026-02-25,169.17
2026-02-15,11,2026-02-26,173.96
2026-02-15,12,2026-02-27,171.27
2026-02-15,13,2026-02-28,166.58
2026-02-15,14,2026-03-01,162.36
2026-02-15,15,2026-03-02,157.81
2026-02-15,16,2026-03-03,151.31
2026-02-15,17,2026-03-04,141.04
2026-02-15,18,2026-03-05,144.23
2026-02-15,19,2026-03-06,142.71
2026-02-15,20,2026-03-07,142.33
2026-02-15,21,2026-03-08,143.31
2026-02-15,22,2026-03-09,143.92
2026-02-15,23,2026-03-10,143.75
2026-02-15,24,2026-03-11,142.63
2026-02-15,25,2026-03-12,141.86
2026-02-15,26,2026-03-13,140.19
2026-02-15,27,2026-03-14,141.16
2026-02-15,28,2026-03-15,143.41
2026-02-15,29,2026-03-16,145.49
2026-02-15,30,2026-03-17,148.07
2026-02-16,1,2026-02-17,129.18
2026-02-16,2,2026-02-18,131.41
2026-02-16,3,2026-02-19,136.41
2026-02-16,4,2026-02-20,143.33
2026-02-16,5,2026-02-21,147.77
2026-02-16,6,2026-02-22,152.37
2026-02-16,7,2026-02-23,159.48
2026-02-16,8,2026-02-24,166.0
2026-02-16,9,2026-02-25,165.8
2026-02-16,10,2026-02-26,168.65
2026-02-16,11,2026-02-27,171.73
2026-02-16,12,2026-02-28,168.28
2026-02-16,13,2026-03-01,160.67
2026-02-16,14,2026-03-02,157.06
2026-02-16,15,2026-03-03,150.56
2026-02-16,16,2026-03-04,143.25
2026-02-16,17,2026-03-05,136.35
2026-02-16,18,2026-03-06,142.12
2026-02-16,19,2026-03-07,141.34
2026-02-16,20,2026-03-08,142.76
2026-02-16,21,2026-03-09,144.4
2026-02-16,22,2026-03-10,143.39
2026-02-16,23,2026-03-11,144.19
2026-02-16,24,2026-03-12,142.18
2026-02-16,25,2026-03-13,143.31
2026-02-16,26,2026-03-14,142.79
2026-02-16,27,2026-03-15,144.18
2026-02-16,28,2026-03-16,146.12
2026-02-16,29,2026-03-17,147.46
2026-02-16,30,2026-03-18,149.79
2026-02-17,1,2026-02-18,130.09
2026-02-17,2,2026-02-19,132.82
2026-02-17,3,2026-02-20,139.31
2026-02-17,4,2026-02-21,140.61
2026-02-17,5,2026-02-22,146.43
2026-02-17,6,2026-02-23,152.92
2026-02-17,7,2026-02-24,161.72
2026-02-17,8,2026-02-25,165.05
2026-02-17,9,2026-02-26,170.83
2026-02-17,10,2026-02-27,170.15
2026-02-17,11,2026-02-28,173.65
2026-02-17,12,2026-03-01,163.48
2026-02-17,13,2026-03-02,156.98
2026-02-17,14,2026-03-03,152.67
2026-02-17,15,2026-03-04,143.73
2026-02-17,16,2026-03-05,137.91
2026-02-17,17,2026-03-06,133.89
2026-02-17,18,2026-03-07,141.97
2026-02-17,19,2026-03-08,142.71
2026-02-17,20,2026-03-09,144.25
2026-02-17,21,2026-03-10,144.07
2026-02-17,22,2026-03-11,142.56
2026-02-17,23,2026-03-12,142.13
2026-02-17,24,2026-03-13,141.19
2026-02-17,25,2026-03-14,140.83
2026-02-17,26,2026-03-15,142.7
2026-02-17,27,2026-03-16,142.29
2026-02-17,28,2026-03-17,145.21
2026-02-17,29,2026-03-18,147.62
2026-02-17,30,2026-03-19,149.36
2026-02-18,1,2026-02-19,125.78
2026-02-18,2,2026-02-20,129.13
2026-02-18,3,2026-02-21,132.31
2026-02-18,4,2026-02-22,138.56
2026-02-18,5,2026-02-23,143.59
2026-02-18,6,2026-02-24,150.12
2026-02-18,7,2026-02-25,154.72
2026-02-18,8,2026-02-26,160.28
2026-02-18,9,2026-02-27,162.41
2026-02-18,10,2026-02-28,162.03
2026-02-18,11,2026-03-01,160.98
2026-02-18,12,2026-03-02,152.86
2026-02-18,13,2026-03-03,145.59
2026-02-18,14,2026-03-04,140.65
2026-02-18,15,2026-03-05,137.71
2026-02-18,16,2026-03-06,130.22
2026-02-18,17,2026-03-07,127.71
2026-02-18,18,2026-03-08,141.95
2026-02-18,19,2026-03-09,142.38
2026-02-18,20,2026-03-10,143.05
2026-02-18,21,2026-03-11,142.24
2026-02-18,22,2026-03-12,140.66
2026-02-18,23,2026-03-13,140.58
2026-02-18,24,2026-03-14,139.52
2026-02-18,25,2026-03-15,138.93
2026-02-18,26,2026-03-16,140.34
2026-02-18,27,2026-03-17,140.86
2026-02-18,28,2026-03-18,144.34
2026-02-18,29,2026-03-19,146.97
2026-02-18,30,2026-03-20,148.95
2026-02-19,1,2026-02-20,123.49
2026-02-19,2,2026-02-21,128.1
2026-02-19,3,2026-02-22,132.69
2026-02-19,4,2026-02-23,135.77
2026-02-19,5,2026-02-24,143.22
2026-02-19,6,2026-02-25,147.17
2026-02-19,7,2026-02-26,158.81
2026-02-19,8,2026-02-27,160.26
2026-02-19,9,2026-02-28,157.8
2026-02-19,10,2026-03-01,157.92
2026-02-19,11,2026-03-02,154.61
2026-02-19,12,2026-03-03,143.88
2026-02-19,13,2026-03-04,140.78
2026-02-19,14,2026-03-05,140.41
2026-02-19,15,2026-03-06,138.48
2026-02-19,16,2026-03-07,138.04
2026-02-19,17,2026-03-08,133.1
2026-02-19,18,2026-03-09,141.51
2026-02-19,19,2026-03-10,142.05
2026-02-19,20,2026-03-11,141.05
2026-02-19,21,2026-03-12,139.65
2026-02-19,22,2026-03-13,139.25
2026-02-19,23,2026-03-14,139.97
2026-02-19,24,2026-03-15,139.72
2026-02-19,25,2026-03-16,137.99
2026-02-19,26,2026-03-17,139.76
2026-02-19,27,2026-03-18,141.77
2026-02-19,28,2026-03-19,144.95
2026-02-19,29,2026-03-20,145.4
2026-02-19,30,2026-03-21,146.99
2026-02-20,1,2026-02-21,118.63
2026-02-20,2,2026-02-22,124.57
2026-02-20,3,2026-02-23,126.27
2026-02-20,4,2026-02-24,131.75
2026-02-20,5,2026-02-25,136.94
2026-02-20,6,2026-02-26,144.18
2026-02-20,7,2026-02-27,150.11
2026-02-20,8,2026-02-28,152.41
2026-02-20,9,2026-03-01,150.26
2026-02-20,10,2026-03-02,150.01
2026-02-20,11,2026-03-03,145.02
2026-02-20,12,2026-03-04,137.52
2026-02-20,13,2026-03-05,137.76
2026-02-20,14,2026-03-06,137.39
2026-02-20,15,2026-03-07,136.89
2026-02-20,16,2026-03-08,135.21
2026-02-20,17,2026-03-09,129.85
2026-02-20,18,2026-03-10,140.8
2026-02-20,19,2026-03-11,139.81
2026-02-20,20,2026-03-12,140.42
2026-02-20,21,2026-03-13,138.84
2026-02-20,22,2026-03-14,138.82
2026-02-20,23,2026-03-15,137.57
2026-02-20,24,2026-03-16,137.08
2026-02-20,25,2026-03-17,138.7
2026-02-20,26,2026-03-18,139.53
2026-02-20,27,2026-03-19,139.79
2026-02-20,28,2026-03-20,141.01
2026-02-20,29,2026-03-21,142.89
2026-02-20,30,2026-03-22,144.94
2026-02-21,1,2026-02-22,120.27
2026-02-21,2,2026-02-23,124.82
2026-02-21,3,2026-02-24,129.05
2026-02-21,4,2026-02-25,134.21
2026-02-21,5,2026-02-26,142.14
2026-02-21,6,2026-02-27,146.96
2026-02-21,7,2026-02-28,152.07
2026-02-21,8,2026-03-01,147.97
2026-02-21,9,2026-03-02,146.3
2026-02-21,10,2026-03-03,143.46
2026-02-21,11,2026-03-04,139.18
2026-02-21,12,2026-03-05,138.02
2026-02-21,13,2026-03-06,136.88
2026-02-21,14,2026-03-07,140.51
2026-02-21,15,2026-03-08,137.95
2026-02-21,16,2026-03-09,136.58
2026-02-21,17,2026-03-10,132.72
2026-02-21,18,2026-03-11,138.47
2026-02-21,19,2026-03-12,138.07
2026-02-21,20,2026-03-13,137.8
2026-02-21,21,2026-03-14,136.81
2026-02-21,22,2026-03-15,136.75
2026-02-21,23,2026-03-16,135.53
2026-02-21,24,2026-03-17,136.47
2026-02-21,25,2026-03-18,137.53
2026-02-21,26,2026-03-19,138.37
2026-02-21,27,2026-03-20,139.9
2026-02-21,28,2026-03-21,141.01
2026-02-21,29,2026-03-22,140.83
2026-02-21,30,2026-03-23,142.32
2026-02-22,1,2026-02-23,120.61
2026-02-22,2,2026-02-24,126.14
2026-02-22,3,2026-02-25,127.46
2026-02-22,4,2026-02-26,134.43
2026-02-22,5,2026-02-27,138.28
2026-02-22,6,2026-02-28,144.03
2026-02-22,7,2026-03-01,147.31
2026-02-22,8,2026-03-02,143.86
2026-02-22,9,2026-03-03,142.15
2026-02-22,10,2026-03-04,136.92
2026-02-22,11,2026-03-05,135.9
2026-02-22,12,2026-03-06,135.96
2026-02-22,13,2026-03-07,134.71
2026-02-22,14,2026-03-08,134.18
2026-02-22,15,2026-03-09,135.98
2026-02-22,16,2026-03-10,131.11
2026-02-22,17,2026-03-11,127.8
2026-02-22,18,2026-03-12,136.73
2026-02-22,19,2026-03-13,136.96
2026-02-22,20,2026-03-14,136.44
2026-02-22,21,2026-03-15,134.5
2026-02-22,22,2026-03-16,134.85
2026-02-22,23,2026-03-17,134.9
2026-02-22,24,2026-03-18,136.21
2026-02-22,25,2026-03-19,137.06
2026-02-22,26,2026-03-20,137.6
2026-02-22,27,2026-03-21,139.17
2026-02-22,28,2026-03-22,139.94
2026-02-22,29,2026-03-23,139.68
2026-02-22,30,2026-03-24,141.4
2026-02-23,1,2026-02-24,117.73
2026-02-23,2,2026-02-25,123.49
2026-02-23,3,2026-02-26,127.38
2026-02-23,4,2026-02-27,135.06
2026-02-23,5,2026-02-28,140.35
2026-02-23,6,2026-03-01,142.9
2026-02-23,7,2026-03-02,144.44
2026-02-23,8,2026-03-03,143.83
2026-02-23,9,2026-03-04,140.3
2026-02-23,10,2026-03-05,138.02
2026-02-23,11,2026-03-06,134.73
2026-02-23,12,2026-03-07,134.98
2026-02-23,13,2026-03-08,134.81
2026-02-23,14,2026-03-09,132.34
2026-02-23,15,2026-03-10,134.13
2026-02-23,16,2026-03-11,130.6
2026-02-23,17,2026-03-12,132.21
2026-02-23,18,2026-03-13,133.68
2026-02-23,19,2026-03-14,133.42
2026-02-23,20,2026-03-15,133.6
2026-02-23,21,2026-03-16,133.49
2026-02-23,22,2026-03-17,132.93
2026-02-23,23,2026-03-18,133.36
2026-02-23,24,2026-03-19,134.34
2026-02-23,25,2026-03-20,136.72
2026-02-23,26,2026-03-21,137.12
2026-02-23,27,2026-03-22,137.31
2026-02-23,28,2026-03-23,138.02
2026-02-23,29,2026-03-24,137.68
2026-02-23,30,2026-03-25,139.54
2026-02-24,1,2026-02-25,122.72
2026-02-24,2,2026-02-26,129.25
2026-02-24,3,2026-02-27,132.85
2026-02-24,4,2026-02-28,138.38
2026-02-24,5,2026-03-01,139.96
2026-02-24,6,2026-03-02,139.34
2026-02-24,7,2026-03-03,138.85
2026-02-24,8,2026-03-04,137.51
2026-02-24,9,2026-03-05,138.86
2026-02-24,10,2026-03-06,135.84
2026-02-24,11,2026-03-07,138.22
2026-02-24,12,2026-03-08,133.22
2026-02-24,13,2026-03-09,134.81
2026-02-24,14,2026-03-10,132.36
2026-02-24,15,2026-03-11,129.58
2026-02-24,16,2026-03-12,130.3
2026-02-24,17,2026-03-13,132.85
2026-02-24,18,2026-03-14,132.69
2026-02-24,19,2026-03-15,132.47
2026-02-24,20,2026-03-16,132.92
2026-02-24,21,2026-03-17,132.25
2026-02-24,22,2026-03-18,133.02
2026-02-24,23,2026-03-19,133.55
2026-02-24,24,2026-03-20,135.43
2026-02-24,25,2026-03-21,136.23
2026-02-24,26,2026-03-22,136.22
2026-02-24,27,2026-03-23,136.24
2026-02-24,28,2026-03-24,136.8
2026-02-24,29,2026-03-25,136.07
2026-02-24,30,2026-03-26,138.91
2026-02-25,1,2026-02-26,126.3
2026-02-25,2,2026-02-27,132.62
2026-02-25,3,2026-02-28,137.59
2026-02-25,4,2026-03-01,139.3
2026-02-25,5,2026-03-02,137.16
2026-02-25,6,2026-03-03,137.26
2026-02-25,7,2026-03-04,136.39
2026-02-25,8,2026-03-05,135.94
2026-02-25,9,2026-03-06,135.36
2026-02-25,10,2026-03-07,134.14
2026-02-25,11,2026-03-08,135.45
2026-02-25,12,2026-03-09,131.8
2026-02-25,13,2026-03-10,131.66
2026-02-25,14,2026-03-11,129.4
2026-02-25,15,2026-03-12,130.86
2026-02-25,16,2026-03-13,127.45
2026-02-25,17,2026-03-14,129.93
2026-02-25,18,2026-03-15,130.21
2026-02-25,19,2026-03-16,131.02
2026-02-25,20,2026-03-17,131.73
2026-02-25,21,2026-03-18,132.65
2026-02-25,22,2026-03-19,132.5
2026-02-25,23,2026-03-20,133.83
2026-02-25,24,2026-03-21,134.27
2026-02-25,25,2026-03-22,134.43
2026-02-25,26,2026-03-23,135.12
2026-02-25,27,2026-03-24,136.69
2026-02-25,28,2026-03-25,137.27
2026-02-25,29,2026-03-26,136.08
2026-02-25,30,2026-03-27,138.06
2026-02-26,1,2026-02-27,129.26
2026-02-26,2,2026-02-28,136.54
2026-02-26,3,2026-03-01,139.08
2026-02-26,4,2026-03-02,140.27
2026-02-26,5,2026-03-03,139.94
2026-02-26,6,2026-03-04,136.5
2026-02-26,7,2026-03-05,137.96
2026-02-26,8,2026-03-06,135.89
2026-02-26,9,2026-03-07,137.99
2026-02-26,10,2026-03-08,131.74
2026-02-26,11,2026-03-09,137.5
2026-02-26,12,2026-03-10,133.0
2026-02-26,13,2026-03-11,130.73
2026-02-26,14,2026-03-12,127.85
2026-02-26,15,2026-03-13,126.26
2026-02-26,16,2026-03-14,125.25
2026-02-26,17,2026-03-15,128.29
2026-02-26,18,2026-03-16,129.77
2026-02-26,19,2026-03-17,131.0
2026-02-26,20,2026-03-18,131.58
2026-02-26,21,2026-03-19,132.22
2026-02-26,22,2026-03-20,132.99
2026-02-26,23,2026-03-21,133.73
2026-02-26,24,2026-03-22,134.28
2026-02-26,25,2026-03-23,133.52
2026-02-26,26,2026-03-24,134.54
2026-02-26,27,2026-03-25,137.22
2026-02-26,28,2026-03-26,137.39
2026-02-26,29,2026-03-27,136.35
2026-02-26,30,2026-03-28,138.38
2026-02-27,1,2026-02-28,138.42
2026-02-27,2,2026-03-01,141.07
2026-02-27,3,2026-03-02,144.13
2026-02-27,4,2026-03-03,143.81
2026-02-27,5,2026-03-04,141.25
2026-02-27,6,2026-03-05,138.77
2026-02-27,7,2026-03-06,139.11
2026-02-27,8,2026-03-07,136.77
2026-02-27,9,2026-03-08,136.12
2026-02-27,10,2026-03-09,133.02
2026-02-27,11,2026-03-10,137.34
2026-02-27,12,2026-03-11,127.62
2026-02-27,13,2026-03-12,127.92
2026-02-27,14,2026-03-13,125.74
2026-02-27,15,2026-03-14,124.73
2026-02-27,16,2026-03-15,127.67
2026-02-27,17,2026-03-16,129.79
2026-02-27,18,2026-03-17,129.66
2026-02-27,19,2026-03-18,130.66
2026-02-27,20,2026-03-19,131.91
2026-02-27,21,2026-03-20,133.1
2026-02-27,22,2026-03-21,133.3
2026-02-27,23,2026-03-22,131.89
2026-02-27,24,2026-03-23,132.8
2026-02-27,25,2026-03-24,134.48
2026-02-27,26,2026-03-25,135.26
2026-02-27,27,2026-03-26,136.05
2026-02-27,28,2026-03-27,136.78
2026-02-27,29,2026-03-28,135.2
2026-02-27,30,2026-03-29,137.89
2026-02-28,1,2026-03-01,142.21
2026-02-28,2,2026-03-02,144.09
2026-02-28,3,2026-03-03,144.58
2026-02-28,4,2026-03-04,141.74
2026-02-28,5,2026-03-05,140.38
2026-02-28,6,2026-03-06,139.21
2026-02-28,7,2026-03-07,137.68
2026-02-28,8,2026-03-08,135.54
2026-02-28,9,2026-03-09,134.77
2026-02-28,10,2026-03-10,131.53
2026-02-28,11,2026-03-11,130.35
2026-02-28,12,2026-03-12,126.55
2026-02-28,13,2026-03-13,125.97
2026-02-28,14,2026-03-14,125.15
2026-02-28,15,2026-03-15,125.16
2026-02-28,16,2026-03-16,126.27
2026-02-28,17,2026-03-17,130.65
2026-02-28,18,2026-03-18,129.7
2026-02-28,19,2026-03-19,130.3
2026-02-28,20,2026-03-20,131.43
2026-02-28,21,2026-03-21,131.89
2026-02-28,22,2026-03-22,132.56
2026-02-28,23,2026-03-23,133.58
2026-02-28,24,2026-03-24,133.29
2026-02-28,25,2026-03-25,133.93
2026-02-28,26,2026-03-26,134.76
2026-02-28,27,2026-03-27,135.92
2026-02-28,28,2026-03-28,136.37
2026-02-28,29,2026-03-29,134.36
2026-02-28,30,2026-03-30,137.6
2026-03-01,1,2026-03-02,145.92
2026-03-01,2,2026-03-03,144.34
2026-03-01,3,2026-03-04,146.39
2026-03-01,4,2026-03-05,144.53
2026-03-01,5,2026-03-06,141.29
2026-03-01,6,2026-03-07,141.8
2026-03-01,7,2026-03-08,137.28
2026-03-01,8,2026-03-09,136.18
2026-03-01,9,2026-03-10,135.16
2026-03-01,10,2026-03-11,130.96
2026-03-01,11,2026-03-12,130.01
2026-03-01,12,2026-03-13,124.6
2026-03-01,13,2026-03-14,123.53
2026-03-01,14,2026-03-15,123.06
2026-03-01,15,2026-03-16,125.26
2026-03-01,16,2026-03-17,127.26
2026-03-01,17,2026-03-18,130.25
2026-03-01,18,2026-03-19,128.97
2026-03-01,19,2026-03-20,130.7
2026-03-01,20,2026-03-21,131.83
2026-03-01,21,2026-03-22,130.65
2026-03-01,22,2026-03-23,132.34
2026-03-01,23,2026-03-24,132.61
2026-03-01,24,2026-03-25,134.2
2026-03-01,25,2026-03-26,135.55
2026-03-01,26,2026-03-27,135.71
2026-03-01,27,2026-03-28,135.27
2026-03-01,28,2026-03-29,136.44
2026-03-01,29,2026-03-30,134.19
2026-03-01,30,2026-03-31,137.58
2026-03-02,1,2026-03-03,143.55
2026-03-02,2,2026-03-04,142.84
2026-03-02,3,2026-03-05,143.86
2026-03-02,4,2026-03-06,146.64
2026-03-02,5,2026-03-07,144.61
2026-03-02,6,2026-03-08,142.99
2026-03-02,7,2026-03-09,136.18
2026-03-02,8,2026-03-10,137.35
2026-03-02,9,2026-03-11,133.52
2026-03-02,10,2026-03-12,130.72
2026-03-02,11,2026-03-13,125.72
2026-03-02,12,2026-03-14,123.42
2026-03-02,13,2026-03-15,122.78
2026-03-02,14,2026-03-16,122.75
2026-03-02,15,2026-03-17,124.48
2026-03-02,16,2026-03-18,126.28
2026-03-02,17,2026-03-19,131.46
2026-03-02,18,2026-03-20,129.45
2026-03-02,19,2026-03-21,130.79
2026-03-02,20,2026-03-22,131.4
2026-03-02,21,2026-03-23,131.13
2026-03-02,22,2026-03-24,133.4
2026-03-02,23,2026-03-25,134.08
2026-03-02,24,2026-03-26,135.21
2026-03-02,25,2026-03-27,135.82
2026-03-02,26,2026-03-28,135.74
2026-03-02,27,2026-03-29,135.12
2026-03-02,28,2026-03-30,136.07
2026-03-02,29,2026-03-31,134.6
2026-03-02,30,2026-04-01,138.09
2026-03-03,1,2026-03-04,141.58
2026-03-03,2,2026-03-05,139.02
2026-03-03,3,2026-03-06,143.75
2026-03-03,4,2026-03-07,145.44
2026-03-03,5,2026-03-08,143.28
2026-03-03,6,2026-03-09,142.3
2026-03-03,7,2026-03-10,135.9
2026-03-03,8,2026-03-11,135.95
2026-03-03,9,2026-03-12,134.39
2026-03-03,10,2026-03-13,127.3
2026-03-03,11,2026-03-14,124.87
2026-03-03,12,2026-03-15,123.54
2026-03-03,13,2026-03-16,120.79
2026-03-03,14,2026-03-17,120.72
2026-03-03,15,2026-03-18,122.81
2026-03-03,16,2026-03-19,126.57
2026-03-03,17,2026-03-20,127.37
2026-03-03,18,2026-03-21,130.25
2026-03-03,19,2026-03-22,129.88
2026-03-03,20,2026-03-23,131.31
2026-03-03,21,2026-03-24,133.0
2026-03-03,22,2026-03-25,135.49
2026-03-03,23,2026-03-26,135.39
2026-03-03,24,2026-03-27,135.19
2026-03-03,25,2026-03-28,135.46
2026-03-03,26,2026-03-29,135.49
2026-03-03,27,2026-03-30,134.73
2026-03-03,28,2026-03-31,135.66
2026-03-03,29,2026-04-01,134.64
2026-03-03,30,2026-04-02,138.25
2026-03-04,1,2026-03-05,139.7
2026-03-04,2,2026-03-06,137.86
2026-03-04,3,2026-03-07,141.28
2026-03-04,4,2026-03-08,137.36
2026-03-04,5,2026-03-09,138.29
2026-03-04,6,2026-03-10,136.08
2026-03-04,7,2026-03-11,132.64
2026-03-04,8,2026-03-12,131.22
2026-03-04,9,2026-03-13,127.54
2026-03-04,10,2026-03-14,126.53
2026-03-04,11,2026-03-15,123.14
2026-03-04,12,2026-03-16,123.39
2026-03-04,13,2026-03-17,123.31
2026-03-04,14,2026-03-18,125.12
2026-03-04,15,2026-03-19,126.12
2026-03-04,16,2026-03-20,128.08
2026-03-04,17,2026-03-21,132.93
2026-03-04,18,2026-03-22,131.34
2026-03-04,19,2026-03-23,130.52
2026-03-04,20,2026-03-24,132.14
2026-03-04,21,2026-03-25,133.6
2026-03-04,22,2026-03-26,136.28
2026-03-04,23,2026-03-27,135.55
2026-03-04,24,2026-03-28,134.88
2026-03-04,25,2026-03-29,133.98
2026-03-04,26,2026-03-30,133.46
2026-03-04,27,2026-03-31,134.12
2026-03-04,28,2026-04-01,134.87
2026-03-04,29,2026-04-02,134.27
2026-03-04,30,2026-04-03,138.55
2026-03-05,1,2026-03-06,142.57
2026-03-05,2,2026-03-07,141.34
2026-03-05,3,2026-03-08,136.78
2026-03-05,4,2026-03-09,133.52
2026-03-05,5,2026-03-10,134.69
2026-03-05,6,2026-03-11,130.97
2026-03-05,7,2026-03-12,126.86
2026-03-05,8,2026-03-13,122.71
2026-03-05,9,2026-03-14,120.64
2026-03-05,10,2026-03-15,120.12
2026-03-05,11,2026-03-16,122.73
2026-03-05,12,2026-03-17,122.09
2026-03-05,13,2026-03-18,123.55
2026-03-05,14,2026-03-19,125.18
2026-03-05,15,2026-03-20,126.63
2026-03-05,16,2026-03-21,126.78
2026-03-05,17,2026-03-22,128.9
2026-03-05,18,2026-03-23,130.9
2026-03-05,19,2026-03-24,132.41
2026-03-05,20,2026-03-25,134.81
2026-03-05,21,2026-03-26,135.46
2026-03-05,22,2026-03-27,136.34
2026-03-05,23,2026-03-28,135.84
2026-03-05,24,2026-03-29,135.18
2026-03-05,25,2026-03-30,134.44
2026-03-05,26,2026-03-31,134.22
2026-03-05,27,2026-04-01,135.26
2026-03-05,28,2026-04-02,135.77
2026-03-05,29,2026-04-03,137.64
2026-03-05,30,2026-04-04,139.28
2026-03-06,1,2026-03-07,139.78
2026-03-06,2,2026-03-08,136.88
2026-03-06,3,2026-03-09,134.53
2026-03-06,4,2026-03-10,131.38
2026-03-06,5,2026-03-11,130.96
2026-03-06,6,2026-03-12,128.7
2026-03-06,7,2026-03-13,125.04
2026-03-06,8,2026-03-14,123.57
2026-03-06,9,2026-03-15,120.0
2026-03-06,10,2026-03-16,123.56
2026-03-06,11,2026-03-17,122.53
2026-03-06,12,2026-03-18,122.58
2026-03-06,13,2026-03-19,124.48
2026-03-06,14,2026-03-20,122.79
2026-03-06,15,2026-03-21,126.71
2026-03-06,16,2026-03-22,125.64
2026-03-06,17,2026-03-23,127.53
2026-03-06,18,2026-03-24,131.81
2026-03-06,19,2026-03-25,134.02
2026-03-06,20,2026-03-26,136.75
2026-03-06,21,2026-03-27,136.5
2026-03-06,22,2026-03-28,135.92
2026-03-06,23,2026-03-29,134.16
2026-03-06,24,2026-03-30,135.08
2026-03-06,25,2026-03-31,135.48
2026-03-06,26,2026-04-01,135.16
2026-03-06,27,2026-04-02,136.73
2026-03-06,28,2026-04-03,137.16
2026-03-06,29,2026-04-04,137.89
2026-03-06,30,2026-04-05,139.85
2026-03-07,1,2026-03-08,133.93
2026-03-07,2,2026-03-09,130.16
2026-03-07,3,2026-03-10,128.5
2026-03-07,4,2026-03-11,124.79
2026-03-07,5,2026-03-12,125.55
2026-03-07,6,2026-03-13,126.15
2026-03-07,7,2026-03-14,122.66
2026-03-07,8,2026-03-15,120.68
2026-03-07,9,2026-03-16,118.76
2026-03-07,10,2026-03-17,119.53
2026-03-07,11,2026-03-18,121.77
2026-03-07,12,2026-03-19,122.86
2026-03-07,13,2026-03-20,123.22
2026-03-07,14,2026-03-21,124.53
2026-03-07,15,2026-03-22,125.04
2026-03-07,16,2026-03-23,123.0
2026-03-07,17,2026-03-24,128.08
2026-03-07,18,2026-03-25,134.83
2026-03-07,19,2026-03-26,135.85
2026-03-07,20,2026-03-27,135.74
2026-03-07,21,2026-03-28,135.3
2026-03-07,22,2026-03-29,135.57
2026-03-07,23,2026-03-30,134.47
2026-03-07,24,2026-03-31,134.69
2026-03-07,25,2026-04-01,136.71
2026-03-07,26,2026-04-02,136.42
2026-03-07,27,2026-04-03,139.1
2026-03-07,28,2026-04-04,139.54
2026-03-07,29,2026-04-05,139.52
2026-03-07,30,2026-04-06,139.21
2026-03-08,1,2026-03-09,132.92
2026-03-08,2,2026-03-10,128.46
2026-03-08,3,2026-03-11,126.03
2026-03-08,4,2026-03-12,122.83
2026-03-08,5,2026-03-13,123.72
2026-03-08,6,2026-03-14,121.34
2026-03-08,7,2026-03-15,120.54
2026-03-08,8,2026-03-16,121.05
2026-03-08,9,2026-03-17,120.46
2026-03-08,10,2026-03-18,122.88
2026-03-08,11,2026-03-19,124.17
2026-03-08,12,2026-03-20,124.36
2026-03-08,13,2026-03-21,124.77
2026-03-08,14,2026-03-22,127.79
2026-03-08,15,2026-03-23,128.56
2026-03-08,16,2026-03-24,127.76
2026-03-08,17,2026-03-25,129.14
2026-03-08,18,2026-03-26,134.79
2026-03-08,19,2026-03-27,135.74
2026-03-08,20,2026-03-28,137.06
2026-03-08,21,2026-03-29,135.82
2026-03-08,22,2026-03-30,135.61
2026-03-08,23,2026-03-31,134.78
2026-03-08,24,2026-04-01,136.09
2026-03-08,25,2026-04-02,138.11
2026-03-08,26,2026-04-03,139.96
2026-03-08,27,2026-04-04,140.15
2026-03-08,28,2026-04-05,139.5
2026-03-08,29,2026-04-06,138.92
2026-03-08,30,2026-04-07,138.32
2026-03-09,1,2026-03-10,131.11
2026-03-09,2,2026-03-11,127.79
2026-03-09,3,2026-03-12,123.93
2026-03-09,4,2026-03-13,123.36
2026-03-09,5,2026-03-14,122.24
2026-03-09,6,2026-03-15,121.58
2026-03-09,7,2026-03-16,122.95
2026-03-09,8,2026-03-17,119.38
2026-03-09,9,2026-03-18,121.19
2026-03-09,10,2026-03-19,123.63
2026-03-09,11,2026-03-20,123.65
2026-03-09,12,2026-03-21,125.72
2026-03-09,13,2026-03-22,123.8
2026-03-09,14,2026-03-23,126.47
2026-03-09,15,2026-03-24,126.17
2026-03-09,16,2026-03-25,124.92
2026-03-09,17,2026-03-26,123.11
2026-03-09,18,2026-03-27,135.71
2026-03-09,19,2026-03-28,135.97
2026-03-09,20,2026-03-29,135.93
2026-03-09,21,2026-03-30,134.59
2026-03-09,22,2026-03-31,135.25
2026-03-09,23,2026-04-01,135.75
2026-03-09,24,2026-04-02,137.98
2026-03-09,25,2026-04-03,139.52
2026-03-09,26,2026-04-04,141.14
2026-03-09,27,2026-04-05,141.05
2026-03-09,28,2026-04-06,140.74
2026-03-09,29,2026-04-07,140.44
2026-03-09,30,2026-04-08,139.64
2026-03-10,1,2026-03-11,129.8
2026-03-10,2,2026-03-12,128.5
2026-03-10,3,2026-03-13,123.82
2026-03-10,4,2026-03-14,121.67
2026-03-10,5,2026-03-15,121.72
2026-03-10,6,2026-03-16,119.02
2026-03-10,7,2026-03-17,122.3
2026-03-10,8,2026-03-18,120.25
2026-03-10,9,2026-03-19,121.38
2026-03-10,10,2026-03-20,121.31
2026-03-10,11,2026-03-21,122.67
2026-03-10,12,2026-03-22,122.61
2026-03-10,13,2026-03-23,121.95
2026-03-10,14,2026-03-24,125.93
2026-03-10,15,2026-03-25,126.18
2026-03-10,16,2026-03-26,126.6
2026-03-10,17,2026-03-27,125.92
2026-03-10,18,2026-03-28,135.29
2026-03-10,19,2026-03-29,134.74
2026-03-10,20,2026-03-30,134.81
2026-03-10,21,2026-03-31,135.45
2026-03-10,22,2026-04-01,135.8
2026-03-10,23,2026-04-02,136.86
2026-03-10,24,2026-04-03,140.29
2026-03-10,25,2026-04-04,140.1
2026-03-10,26,2026-04-05,141.21
2026-03-10,27,2026-04-06,141.17
2026-03-10,28,2026-04-07,139.46
2026-03-10,29,2026-04-08,139.04
2026-03-10,30,2026-04-09,138.64
2026-03-11,1,2026-03-12,129.97
2026-03-11,2,2026-03-13,126.56
2026-03-11,3,2026-03-14,125.15
2026-03-11,4,2026-03-15,120.47
2026-03-11,5,2026-03-16,122.49
2026-03-11,6,2026-03-17,121.59
2026-03-11,7,2026-03-18,124.69
2026-03-11,8,2026-03-19,122.85
2026-03-11,9,2026-03-20,124.19
2026-03-11,10,2026-03-21,125.37
2026-03-11,11,2026-03-22,128.73
2026-03-11,12,2026-03-23,124.41
2026-03-11,13,2026-03-24,127.32
2026-03-11,14,2026-03-25,128.54
2026-03-11,15,2026-03-26,128.73
2026-03-11,16,2026-03-27,129.01
2026-03-11,17,2026-03-28,125.27
2026-03-11,18,2026-03-29,136.16
2026-03-11,19,2026-03-30,134.76
2026-03-11,20,2026-03-31,135.16
2026-03-11,21,2026-04-01,135.55
2026-03-11,22,2026-04-02,136.13
2026-03-11,23,2026-04-03,138.87
2026-03-11,24,2026-04-04,140.1
2026-03-11,25,2026-04-05,140.74
2026-03-11,26,2026-04-06,140.36
2026-03-11,27,2026-04-07,140.41
2026-03-11,28,2026-04-08,139.96
2026-03-11,29,2026-04-09,137.87
2026-03-11,30,2026-04-10,139.05
2026-03-12,1,2026-03-13,125.56
2026-03-12,2,2026-03-14,121.84
2026-03-12,3,2026-03-15,120.32
2026-03-12,4,2026-03-16,118.07
2026-03-12,5,2026-03-17,122.43
2026-03-12,6,2026-03-18,121.82
2026-03-12,7,2026-03-19,124.48
2026-03-12,8,2026-03-20,124.68
2026-03-12,9,2026-03-21,125.63
2026-03-12,10,2026-03-22,125.79
2026-03-12,11,2026-03-23,124.4
2026-03-12,12,2026-03-24,128.1
2026-03-12,13,2026-03-25,129.26
2026-03-12,14,2026-03-26,129.8
2026-03-12,15,2026-03-27,129.22
2026-03-12,16,2026-03-28,127.85
2026-03-12,17,2026-03-29,125.62
2026-03-12,18,2026-03-30,134.12
2026-03-12,19,2026-03-31,134.75
2026-03-12,20,2026-04-01,135.69
2026-03-12,21,2026-04-02,136.97
2026-03-12,22,2026-04-03,137.88
2026-03-12,23,2026-04-04,138.99
2026-03-12,24,2026-04-05,139.63
2026-03-12,25,2026-04-06,138.91
2026-03-12,26,2026-04-07,138.2
2026-03-12,27,2026-04-08,137.04
2026-03-12,28,2026-04-09,137.77
2026-03-12,29,2026-04-10,137.66
2026-03-12,30,2026-04-11,137.37
2026-03-13,1,2026-03-14,122.19
2026-03-13,2,2026-03-15,119.23
2026-03-13,3,2026-03-16,122.05
2026-03-13,4,2026-03-17,120.61
2026-03-13,5,2026-03-18,124.2
2026-03-13,6,2026-03-19,121.42
2026-03-13,7,2026-03-20,125.69
2026-03-13,8,2026-03-21,124.12
2026-03-13,9,2026-03-22,128.22
2026-03-13,10,2026-03-23,127.84
2026-03-13,11,2026-03-24,130.45
2026-03-13,12,2026-03-25,130.49
2026-03-13,13,2026-03-26,132.93
2026-03-13,14,2026-03-27,133.03
2026-03-13,15,2026-03-28,126.6
2026-03-13,16,2026-03-29,128.09
2026-03-13,17,2026-03-30,124.94
2026-03-13,18,2026-03-31,135.01
2026-03-13,19,2026-04-01,135.03
2026-03-13,20,2026-04-02,136.25
2026-03-13,21,2026-04-03,138.79
2026-03-13,22,2026-04-04,139.42
2026-03-13,23,2026-04-05,140.23
2026-03-13,24,2026-04-06,140.56
2026-03-13,25,2026-04-07,138.34
2026-03-13,26,2026-04-08,136.29
2026-03-13,27,2026-04-09,134.48
2026-03-13,28,2026-04-10,132.74
2026-03-13,29,2026-04-11,134.37
2026-03-13,30,2026-04-12,135.56
2026-03-14,1,2026-03-15,115.69
2026-03-14,2,2026-03-16,115.03
2026-03-14,3,2026-03-17,117.23
2026-03-14,4,2026-03-18,119.5
2026-03-14,5,2026-03-19,118.4
2026-03-14,6,2026-03-20,119.88
2026-03-14,7,2026-03-21,123.8
2026-03-14,8,2026-03-22,125.15
2026-03-14,9,2026-03-23,126.96
2026-03-14,10,2026-03-24,130.14
2026-03-14,11,2026-03-25,132.9
2026-03-14,12,2026-03-26,132.47
2026-03-14,13,2026-03-27,131.2
2026-03-14,14,2026-03-28,131.45
2026-03-14,15,2026-03-29,127.12
2026-03-14,16,2026-03-30,127.12
2026-03-14,17,2026-03-31,125.92
2026-03-14,18,2026-04-01,135.97
2026-03-14,19,2026-04-02,135.01
2026-03-14,20,2026-04-03,138.22
2026-03-14,21,2026-04-04,138.44
2026-03-14,22,2026-04-05,138.16
2026-03-14,23,2026-04-06,139.57
2026-03-14,24,2026-04-07,137.71
2026-03-14,25,2026-04-08,133.76
2026-03-14,26,2026-04-09,131.54
2026-03-14,27,2026-04-10,128.87
2026-03-14,28,2026-04-11,127.82
2026-03-14,29,2026-04-12,129.64
2026-03-14,30,2026-04-13,132.89
2026-03-15,1,2026-03-16,114.12
2026-03-15,2,2026-03-17,114.84
2026-03-15,3,2026-03-18,119.22
2026-03-15,4,2026-03-19,122.03
2026-03-15,5,2026-03-20,119.29
2026-03-15,6,2026-03-21,123.67
2026-03-15,7,2026-03-22,125.16
2026-03-15,8,2026-03-23,123.37
2026-03-15,9,2026-03-24,129.52
2026-03-15,10,2026-03-25,131.11
2026-03-15,11,2026-03-26,131.91
2026-03-15,12,2026-03-27,131.46
2026-03-15,13,2026-03-28,130.72
2026-03-15,14,2026-03-29,128.99
2026-03-15,15,2026-03-30,124.2
2026-03-15,16,2026-03-31,125.69
2026-03-15,17,2026-04-01,125.22
2026-03-15,18,2026-04-02,136.0
2026-03-15,19,2026-04-03,136.08
2026-03-15,20,2026-04-04,138.19
2026-03-15,21,2026-04-05,137.32
2026-03-15,22,2026-04-06,137.21
2026-03-15,23,2026-04-07,138.16
2026-03-15,24,2026-04-08,136.36
2026-03-15,25,2026-04-09,132.52
2026-03-15,26,2026-04-10,128.38
2026-03-15,27,2026-04-11,126.9
2026-03-15,28,2026-04-12,127.4
2026-03-15,29,2026-04-13,128.64
2026-03-15,30,2026-04-14,132.1
2026-03-16,1,2026-03-17,115.35
2026-03-16,2,2026-03-18,116.21
2026-03-16,3,2026-03-19,118.53
2026-03-16,4,2026-03-20,119.36
2026-03-16,5,2026-03-21,119.33
2026-03-16,6,2026-03-22,122.04
2026-03-16,7,2026-03-23,128.31
2026-03-16,8,2026-03-24,127.81
2026-03-16,9,2026-03-25,134.19
2026-03-16,10,2026-03-26,133.67
2026-03-16,11,2026-03-27,134.29
2026-03-16,12,2026-03-28,130.73
2026-03-16,13,2026-03-29,131.35
2026-03-16,14,2026-03-30,129.13
2026-03-16,15,2026-03-31,127.06
2026-03-16,16,2026-04-01,127.86
2026-03-16,17,2026-04-02,126.29
2026-03-16,18,2026-04-03,137.36
2026-03-16,19,2026-04-04,136.88
2026-03-16,20,2026-04-05,135.68
2026-03-16,21,2026-04-06,137.36
2026-03-16,22,2026-04-07,136.15
2026-03-16,23,2026-04-08,134.66
2026-03-16,24,2026-04-09,132.58
2026-03-16,25,2026-04-10,128.39
2026-03-16,26,2026-04-11,125.31
2026-03-16,27,2026-04-12,126.37
2026-03-16,28,2026-04-13,126.98
2026-03-16,29,2026-04-14,128.11
2026-03-16,30,2026-04-15,132.39
2026-03-17,1,2026-03-18,115.93
2026-03-17,2,2026-03-19,118.39
2026-03-17,3,2026-03-20,118.65
2026-03-17,4,2026-03-21,118.28
2026-03-17,5,2026-03-22,119.96
2026-03-17,6,2026-03-23,125.36
2026-03-17,7,2026-03-24,127.94
2026-03-17,8,2026-03-25,128.95
2026-03-17,9,2026-03-26,132.56
2026-03-17,10,2026-03-27,131.38
2026-03-17,11,2026-03-28,132.61
2026-03-17,12,2026-03-29,128.73
2026-03-17,13,2026-03-30,128.95
2026-03-17,14,2026-03-31,127.83
2026-03-17,15,2026-04-01,129.39
2026-03-17,16,2026-04-02,130.5
2026-03-17,17,2026-04-03,129.81
2026-03-17,18,2026-04-04,136.54
2026-03-17,19,2026-04-05,137.47
2026-03-17,20,2026-04-06,134.8
2026-03-17,21,2026-04-07,135.06
2026-03-17,22,2026-04-08,133.55
2026-03-17,23,2026-04-09,131.39
2026-03-17,24,2026-04-10,129.02
2026-03-17,25,2026-04-11,125.99
2026-03-17,26,2026-04-12,124.12
2026-03-17,27,2026-04-13,125.89
2026-03-17,28,2026-04-14,127.45
2026-03-17,29,2026-04-15,127.99
2026-03-17,30,2026-04-16,131.56
2026-03-18,1,2026-03-19,115.95
2026-03-18,2,2026-03-20,118.79
2026-03-18,3,2026-03-21,123.01
2026-03-18,4,2026-03-22,124.79
2026-03-18,5,2026-03-23,124.85
2026-03-18,6,2026-03-24,125.06
2026-03-18,7,2026-03-25,128.69
2026-03-18,8,2026-03-26,128.58
2026-03-18,9,2026-03-27,130.75
2026-03-18,10,2026-03-28,129.89
2026-03-18,11,2026-03-29,134.28
2026-03-18,12,2026-03-30,130.02
2026-03-18,13,2026-03-31,129.63
2026-03-18,14,2026-04-01,132.85
2026-03-18,15,2026-04-02,133.47
2026-03-18,16,2026-04-03,133.2
2026-03-18,17,2026-04-04,131.41
2026-03-18,18,2026-04-05,135.86
2026-03-18,19,2026-04-06,136.26
2026-03-18,20,2026-04-07,135.13
2026-03-18,21,2026-04-08,131.72
2026-03-18,22,2026-04-09,129.54
2026-03-18,23,2026-04-10,125.35
2026-03-18,24,2026-04-11,125.3
2026-03-18,25,2026-04-12,125.15
2026-03-18,26,2026-04-13,124.47
2026-03-18,27,2026-04-14,125.01
2026-03-18,28,2026-04-15,127.64
2026-03-18,29,2026-04-16,129.15
2026-03-18,30,2026-04-17,132.58
2026-03-19,1,2026-03-20,112.04
2026-03-19,2,2026-03-21,114.89
2026-03-19,3,2026-03-22,119.84
2026-03-19,4,2026-03-23,120.61
2026-03-19,5,2026-03-24,120.29
2026-03-19,6,2026-03-25,124.91
2026-03-19,7,2026-03-26,128.21
2026-03-19,8,2026-03-27,127.52
2026-03-19,9,2026-03-28,127.42
2026-03-19,10,2026-03-29,130.09
2026-03-19,11,2026-03-30,132.66
2026-03-19,12,2026-03-31,128.9
2026-03-19,13,2026-04-01,130.07
2026-03-19,14,2026-04-02,132.81
2026-03-19,15,2026-04-03,135.25
2026-03-19,16,2026-04-04,133.89
2026-03-19,17,2026-04-05,134.11
2026-03-19,18,2026-04-06,134.0
2026-03-19,19,2026-04-07,135.79
2026-03-19,20,2026-04-08,132.02
2026-03-19,21,2026-04-09,128.98
2026-03-19,22,2026-04-10,126.49
2026-03-19,23,2026-04-11,123.55
2026-03-19,24,2026-04-12,124.38
2026-03-19,25,2026-04-13,124.8
2026-03-19,26,2026-04-14,124.09
2026-03-19,27,2026-04-15,125.57
2026-03-19,28,2026-04-16,127.78
2026-03-19,29,2026-04-17,130.48
2026-03-19,30,2026-04-18,132.4
2026-03-20,1,2026-03-21,108.85
2026-03-20,2,2026-03-22,112.63
2026-03-20,3,2026-03-23,115.47
2026-03-20,4,2026-03-24,118.28
2026-03-20,5,2026-03-25,119.03
2026-03-20,6,2026-03-26,123.04
2026-03-20,7,2026-03-27,125.01
2026-03-20,8,2026-03-28,127.1
2026-03-20,9,2026-03-29,131.11
2026-03-20,10,2026-03-30,129.85
2026-03-20,11,2026-03-31,131.12
2026-03-20,12,2026-04-01,130.83
2026-03-20,13,2026-04-02,130.66
2026-03-20,14,2026-04-03,134.63
2026-03-20,15,2026-04-04,137.27
2026-03-20,16,2026-04-05,136.34
2026-03-20,17,2026-04-06,132.68
2026-03-20,18,2026-04-07,132.25
2026-03-20,19,2026-04-08,131.47
2026-03-20,20,2026-04-09,128.05
2026-03-20,21,2026-04-10,124.87
2026-03-20,22,2026-04-11,122.58
2026-03-20,23,2026-04-12,122.12
2026-03-20,24,2026-04-13,122.28
2026-03-20,25,2026-04-14,123.81
2026-03-20,26,2026-04-15,122.95
2026-03-20,27,2026-04-16,125.02
2026-03-20,28,2026-04-17,126.44
2026-03-20,29,2026-04-18,128.45
2026-03-20,30,2026-04-19,130.26
2026-03-21,1,2026-03-22,112.06
2026-03-21,2,2026-03-23,115.49
2026-03-21,3,2026-03-24,117.07
2026-03-21,4,2026-03-25,119.43
2026-03-21,5,2026-03-26,122.64
2026-03-21,6,2026-03-27,125.17
2026-03-21,7,2026-03-28,127.59
2026-03-21,8,2026-03-29,131.45
2026-03-21,9,2026-03-30,132.99
2026-03-21,10,2026-03-31,131.42
2026-03-21,11,2026-04-01,136.46
2026-03-21,12,2026-04-02,133.67
2026-03-21,13,2026-04-03,134.58
2026-03-21,14,2026-04-04,135.08
2026-03-21,15,2026-04-05,136.68
2026-03-21,16,2026-04-06,137.26
2026-03-21,17,2026-04-07,130.97
2026-03-21,18,2026-04-08,131.26
2026-03-21,19,2026-04-09,126.51
2026-03-21,20,2026-04-10,123.89
2026-03-21,21,2026-04-11,121.8
2026-03-21,22,2026-04-12,121.24
2026-03-21,23,2026-04-13,121.62
2026-03-21,24,2026-04-14,121.14
2026-03-21,25,2026-04-15,123.43
2026-03-21,26,2026-04-16,123.54
2026-03-21,27,2026-04-17,125.64
2026-03-21,28,2026-04-18,127.56
2026-03-21,29,2026-04-19,128.25
2026-03-21,30,2026-04-20,131.2
2026-03-22,1,2026-03-23,125.62
2026-03-22,2,2026-03-24,135.21
2026-03-22,3,2026-03-25,138.72
2026-03-22,4,2026-03-26,138.9
2026-03-22,5,2026-03-27,139.53
2026-03-22,6,2026-03-28,143.76
2026-03-22,7,2026-03-29,141.35
2026-03-22,8,2026-03-30,144.37
2026-03-22,9,2026-03-31,138.88
2026-03-22,10,2026-04-01,140.16
2026-03-22,11,2026-04-02,140.63
2026-03-22,12,2026-04-03,137.07
2026-03-22,13,2026-04-04,139.19
2026-03-22,14,2026-04-05,136.21
2026-03-22,15,2026-04-06,136.28
2026-03-22,16,2026-04-07,136.5
2026-03-22,17,2026-04-08,132.73
2026-03-22,18,2026-04-09,126.26
2026-03-22,19,2026-04-10,122.94
2026-03-22,20,2026-04-11,120.94
2026-03-22,21,2026-04-12,121.07
2026-03-22,22,2026-04-13,120.75
2026-03-22,23,2026-04-14,121.25
2026-03-22,24,2026-04-15,123.23
2026-03-22,25,2026-04-16,125.91
2026-03-22,26,2026-04-17,127.61
2026-03-22,27,2026-04-18,129.28
2026-03-22,28,2026-04-19,132.16
2026-03-22,29,2026-04-20,130.58
2026-03-22,30,2026-04-21,132.71
2026-03-23,1,2026-03-24,134.01
2026-03-23,2,2026-03-25,140.72
2026-03-23,3,2026-03-26,144.72
2026-03-23,4,2026-03-27,146.07
2026-03-23,5,2026-03-28,147.54
2026-03-23,6,2026-03-29,149.38
2026-03-23,7,2026-03-30,148.66
2026-03-23,8,2026-03-31,148.47
2026-03-23,9,2026-04-01,144.26
2026-03-23,10,2026-04-02,141.4
2026-03-23,11,2026-04-03,139.09
2026-03-23,12,2026-04-04,136.99
2026-03-23,13,2026-04-05,136.25
2026-03-23,14,2026-04-06,133.43
2026-03-23,15,2026-04-07,134.06
2026-03-23,16,2026-04-08,133.55
2026-03-23,17,2026-04-09,128.2
2026-03-23,18,2026-04-10,123.57
2026-03-23,19,2026-04-11,120.72
2026-03-23,20,2026-04-12,119.55
2026-03-23,21,2026-04-13,121.19
2026-03-23,22,2026-04-14,121.1
2026-03-23,23,2026-04-15,122.56
2026-03-23,24,2026-04-16,124.62
2026-03-23,25,2026-04-17,127.12
2026-03-23,26,2026-04-18,130.77
2026-03-23,27,2026-04-19,130.6
2026-03-23,28,2026-04-20,133.19
2026-03-23,29,2026-04-21,132.12
2026-03-23,30,2026-04-22,133.66
2026-03-24,1,2026-03-25,138.23
2026-03-24,2,2026-03-26,142.21
2026-03-24,3,2026-03-27,142.57
2026-03-24,4,2026-03-28,146.6
2026-03-24,5,2026-03-29,144.78
2026-03-24,6,2026-03-30,147.21
2026-03-24,7,2026-03-31,145.91
2026-03-24,8,2026-04-01,146.3
2026-03-24,9,2026-04-02,141.16
2026-03-24,10,2026-04-03,138.24
2026-03-24,11,2026-04-04,135.25
2026-03-24,12,2026-04-05,133.51
2026-03-24,13,2026-04-06,130.28
2026-03-24,14,2026-04-07,128.47
2026-03-24,15,2026-04-08,127.28
2026-03-24,16,2026-04-09,125.18
2026-03-24,17,2026-04-10,121.52
2026-03-24,18,2026-04-11,120.65
2026-03-24,19,2026-04-12,119.87
2026-03-24,20,2026-04-13,119.6
2026-03-24,21,2026-04-14,120.87
2026-03-24,22,2026-04-15,121.86
2026-03-24,23,2026-04-16,124.53
2026-03-24,24,2026-04-17,125.76
2026-03-24,25,2026-04-18,129.86
2026-03-24,26,2026-04-19,132.54
2026-03-24,27,2026-04-20,131.8
2026-03-24,28,2026-04-21,133.17
2026-03-24,29,2026-04-22,131.17
2026-03-24,30,2026-04-23,132.91
2026-03-25,1,2026-03-26,141.44
2026-03-25,2,2026-03-27,141.83
2026-03-25,3,2026-03-28,147.47
2026-03-25,4,2026-03-29,149.11
2026-03-25,5,2026-03-30,148.22
2026-03-25,6,2026-03-31,145.45
2026-03-25,7,2026-04-01,143.49
2026-03-25,8,2026-04-02,138.08
2026-03-25,9,2026-04-03,138.34
2026-03-25,10,2026-04-04,136.42
2026-03-25,11,2026-04-05,130.67
2026-03-25,12,2026-04-06,132.07
2026-03-25,13,2026-04-07,131.53
2026-03-25,14,2026-04-08,128.82
2026-03-25,15,2026-04-09,122.74
2026-03-25,16,2026-04-10,122.07
2026-03-25,17,2026-04-11,124.08
2026-03-25,18,2026-04-12,120.46
2026-03-25,19,2026-04-13,120.58
2026-03-25,20,2026-04-14,120.28
2026-03-25,21,2026-04-15,121.59
2026-03-25,22,2026-04-16,123.88
2026-03-25,23,2026-04-17,126.2
2026-03-25,24,2026-04-18,128.15
2026-03-25,25,2026-04-19,130.92
2026-03-25,26,2026-04-20,134.3
2026-03-25,27,2026-04-21,132.78
2026-03-25,28,2026-04-22,132.56
2026-03-25,29,2026-04-23,130.71
2026-03-25,30,2026-04-24,132.48
2026-03-26,1,2026-03-27,155.99
2026-03-26,2,2026-03-28,161.13
2026-03-26,3,2026-03-29,161.18
2026-03-26,4,2026-03-30,160.44
2026-03-26,5,2026-03-31,157.51
2026-03-26,6,2026-04-01,149.71
2026-03-26,7,2026-04-02,144.45
2026-03-26,8,2026-04-03,137.65
2026-03-26,9,2026-04-04,131.04
2026-03-26,10,2026-04-05,132.61
2026-03-26,11,2026-04-06,127.81
2026-03-26,12,2026-04-07,129.22
2026-03-26,13,2026-04-08,125.95
2026-03-26,14,2026-04-09,124.21
2026-03-26,15,2026-04-10,120.87
2026-03-26,16,2026-04-11,121.08
2026-03-26,17,2026-04-12,121.89
2026-03-26,18,2026-04-13,120.01
2026-03-26,19,2026-04-14,120.38
2026-03-26,20,2026-04-15,121.15
2026-03-26,21,2026-04-16,122.44
2026-03-26,22,2026-04-17,125.67
2026-03-26,23,2026-04-18,129.17
2026-03-26,24,2026-04-19,129.84
2026-03-26,25,2026-04-20,134.3
2026-03-26,26,2026-04-21,136.04
2026-03-26,27,2026-04-22,137.17
2026-03-26,28,2026-04-23,135.71
2026-03-26,29,2026-04-24,135.57
2026-03-26,30,2026-04-25,133.79
2026-03-27,1,2026-03-28,165.78
2026-03-27,2,2026-03-29,170.01
2026-03-27,3,2026-03-30,164.92
2026-03-27,4,2026-03-31,165.04
2026-03-27,5,2026-04-01,162.04
2026-03-27,6,2026-04-02,154.97
2026-03-27,7,2026-04-03,147.57
2026-03-27,8,2026-04-04,142.45
2026-03-27,9,2026-04-05,139.03
2026-03-27,10,2026-04-06,135.09
2026-03-27,11,2026-04-07,128.59
2026-03-27,12,2026-04-08,125.67
2026-03-27,13,2026-04-09,122.67
2026-03-27,14,2026-04-10,118.12
2026-03-27,15,2026-04-11,117.35
2026-03-27,16,2026-04-12,119.77
2026-03-27,17,2026-04-13,122.2
2026-03-27,18,2026-04-14,120.89
2026-03-27,19,2026-04-15,121.38
2026-03-27,20,2026-04-16,123.16
2026-03-27,21,2026-04-17,126.03
2026-03-27,22,2026-04-18,130.01
2026-03-27,23,2026-04-19,132.1
2026-03-27,24,2026-04-20,134.57
2026-03-27,25,2026-04-21,136.71
2026-03-27,26,2026-04-22,139.51
2026-03-27,27,2026-04-23,140.43
2026-03-27,28,2026-04-24,138.45
2026-03-27,29,2026-04-25,137.58
2026-03-27,30,2026-04-26,135.62
2026-03-28,1,2026-03-29,172.6
2026-03-28,2,2026-03-30,173.99
2026-03-28,3,2026-03-31,169.47
2026-03-28,4,2026-04-01,166.78
2026-03-28,5,2026-04-02,160.18
2026-03-28,6,2026-04-03,155.7
2026-03-28,7,2026-04-04,148.76
2026-03-28,8,2026-04-05,142.06
2026-03-28,9,2026-04-06,141.59
2026-03-28,10,2026-04-07,133.46
2026-03-28,11,2026-04-08,126.09
2026-03-28,12,2026-04-09,123.51
2026-03-28,13,2026-04-10,120.07
2026-03-28,14,2026-04-11,120.12
2026-03-28,15,2026-04-12,120.63
2026-03-28,16,2026-04-13,123.74
2026-03-28,17,2026-04-14,125.26
2026-03-28,18,2026-04-15,122.04
2026-03-28,19,2026-04-16,124.1
2026-03-28,20,2026-04-17,125.51
2026-03-28,21,2026-04-18,130.63
2026-03-28,22,2026-04-19,131.76
2026-03-28,23,2026-04-20,134.29
2026-03-28,24,2026-04-21,138.21
2026-03-28,25,2026-04-22,139.01
2026-03-28,26,2026-04-23,140.44
2026-03-28,27,2026-04-24,141.67
2026-03-28,28,2026-04-25,141.96
2026-03-28,29,2026-04-26,142.9
2026-03-28,30,2026-04-27,138.25
2026-03-29,1,2026-03-30,165.1
2026-03-29,2,2026-03-31,167.09
2026-03-29,3,2026-04-01,162.3
2026-03-29,4,2026-04-02,152.12
2026-03-29,5,2026-04-03,148.0
2026-03-29,6,2026-04-04,144.49
2026-03-29,7,2026-04-05,137.77
2026-03-29,8,2026-04-06,132.56
2026-03-29,9,2026-04-07,128.21
2026-03-29,10,2026-04-08,124.69
2026-03-29,11,2026-04-09,116.62
2026-03-29,12,2026-04-10,116.68
2026-03-29,13,2026-04-11,116.71
2026-03-29,14,2026-04-12,114.13
2026-03-29,15,2026-04-13,116.85
2026-03-29,16,2026-04-14,120.55
2026-03-29,17,2026-04-15,122.69
2026-03-29,18,2026-04-16,124.54
2026-03-29,19,2026-04-17,127.7
2026-03-29,20,2026-04-18,129.75
2026-03-29,21,2026-04-19,133.2
2026-03-29,22,2026-04-20,135.4
2026-03-29,23,2026-04-21,139.21
2026-03-29,24,2026-04-22,140.63
2026-03-29,25,2026-04-23,141.35
2026-03-29,26,2026-04-24,142.67
2026-03-29,27,2026-04-25,143.45
2026-03-29,28,2026-04-26,141.76
2026-03-29,29,2026-04-27,143.69
2026-03-29,30,2026-04-28,139.32
2026-03-30,1,2026-03-31,158.97
2026-03-30,2,2026-04-01,158.44
2026-03-30,3,2026-04-02,153.05
2026-03-30,4,2026-04-03,144.59
2026-03-30,5,2026-04-04,140.68
2026-03-30,6,2026-04-05,134.99
2026-03-30,7,2026-04-06,129.3
2026-03-30,8,2026-04-07,123.3
2026-03-30,9,2026-04-08,122.02
2026-03-30,10,2026-04-09,117.81
2026-03-30,11,2026-04-10,114.44
2026-03-30,12,2026-04-11,114.05
2026-03-30,13,2026-04-12,114.47
2026-03-30,14,2026-04-13,113.99
2026-03-30,15,2026-04-14,117.32
2026-03-30,16,2026-04-15,121.64
2026-03-30,17,2026-04-16,122.3
2026-03-30,18,2026-04-17,127.78
2026-03-30,19,2026-04-18,130.01
2026-03-30,20,2026-04-19,132.38
2026-03-30,21,2026-04-20,135.77
2026-03-30,22,2026-04-21,139.94
2026-03-30,23,2026-04-22,142.39
2026-03-30,24,2026-04-23,143.05
2026-03-30,25,2026-04-24,142.47
2026-03-30,26,2026-04-25,144.3
2026-03-30,27,2026-04-26,144.17
2026-03-30,28,2026-04-27,142.49
2026-03-30,29,2026-04-28,142.55
2026-03-30,30,2026-04-29,139.51
2026-03-31,1,2026-04-01,144.68
2026-03-31,2,2026-04-02,140.64
2026-03-31,3,2026-04-03,134.79
2026-03-31,4,2026-04-04,128.14
2026-03-31,5,2026-04-05,123.51
2026-03-31,6,2026-04-06,121.95
2026-03-31,7,2026-04-07,117.38
2026-03-31,8,2026-04-08,117.66
2026-03-31,9,2026-04-09,112.95
2026-03-31,10,2026-04-10,111.45
2026-03-31,11,2026-04-11,109.63
2026-03-31,12,2026-04-12,112.68
2026-03-31,13,2026-04-13,113.37
2026-03-31,14,2026-04-14,115.92
2026-03-31,15,2026-04-15,116.42
2026-03-31,16,2026-04-16,122.74
2026-03-31,17,2026-04-17,121.96
2026-03-31,18,2026-04-18,129.35
2026-03-31,19,2026-04-19,132.77
2026-03-31,20,2026-04-20,136.23
2026-03-31,21,2026-04-21,137.86
2026-03-31,22,2026-04-22,139.99
2026-03-31,23,2026-04-23,141.66
2026-03-31,24,2026-04-24,141.73
2026-03-31,25,2026-04-25,139.49
2026-03-31,26,2026-04-26,139.66
2026-03-31,27,2026-04-27,139.28
2026-03-31,28,2026-04-28,137.35
2026-03-31,29,2026-04-29,136.77
2026-03-31,30,2026-04-30,134.73
2026-04-01,1,2026-04-02,141.96
2026-04-01,2,2026-04-03,135.89
2026-04-01,3,2026-04-04,130.32
2026-04-01,4,2026-04-05,121.85
2026-04-01,5,2026-04-06,119.01
2026-04-01,6,2026-04-07,116.58
2026-04-01,7,2026-04-08,112.46
2026-04-01,8,2026-04-09,112.94
2026-04-01,9,2026-04-10,111.22
2026-04-01,10,2026-04-11,111.79
2026-04-01,11,2026-04-12,108.18
2026-04-01,12,2026-04-13,112.08
2026-04-01,13,2026-04-14,112.58
2026-04-01,14,2026-04-15,114.54
2026-04-01,15,2026-04-16,115.9
2026-04-01,16,2026-04-17,119.84
2026-04-01,17,2026-04-18,122.79
2026-04-01,18,2026-04-19,132.9
2026-04-01,19,2026-04-20,134.86
2026-04-01,20,2026-04-21,138.96
2026-04-01,21,2026-04-22,140.69
2026-04-01,22,2026-04-23,142.36
2026-04-01,23,2026-04-24,142.24
2026-04-01,24,2026-04-25,142.58
2026-04-01,25,2026-04-26,141.04
2026-04-01,26,2026-04-27,140.54
2026-04-01,27,2026-04-28,138.29
2026-04-01,28,2026-04-29,137.89
2026-04-01,29,2026-04-30,135.98
2026-04-01,30,2026-05-01,135.07
2026-04-02,1,2026-04-03,141.37
2026-04-02,2,2026-04-04,134.59
2026-04-02,3,2026-04-05,129.53
2026-04-02,4,2026-04-06,121.2
2026-04-02,5,2026-04-07,119.21
2026-04-02,6,2026-04-08,115.6
2026-04-02,7,2026-04-09,116.28
2026-04-02,8,2026-04-10,116.57
2026-04-02,9,2026-04-11,114.22
2026-04-02,10,2026-04-12,116.09
2026-04-02,11,2026-04-13,118.14
2026-04-02,12,2026-04-14,119.04
2026-04-02,13,2026-04-15,121.5
2026-04-02,14,2026-04-16,124.39
2026-04-02,15,2026-04-17,128.52
2026-04-02,16,2026-04-18,128.89
2026-04-02,17,2026-04-19,128.49
2026-04-02,18,2026-04-20,136.52
2026-04-02,19,2026-04-21,137.1
2026-04-02,20,2026-04-22,139.85
2026-04-02,21,2026-04-23,141.86
2026-04-02,22,2026-04-24,141.99
2026-04-02,23,2026-04-25,142.03
2026-04-02,24,2026-04-26,142.51
2026-04-02,25,2026-04-27,140.05
2026-04-02,26,2026-04-28,140.63
2026-04-02,27,2026-04-29,138.99
2026-04-02,28,2026-04-30,138.33
2026-04-02,29,2026-05-01,137.29
2026-04-02,30,2026-05-02,135.33
2026-04-03,1,2026-04-04,134.47
2026-04-03,2,2026-04-05,129.8
2026-04-03,3,2026-04-06,123.82
2026-04-03,4,2026-04-07,116.1
2026-04-03,5,2026-04-08,115.9
2026-04-03,6,2026-04-09,115.85
2026-04-03,7,2026-04-10,114.68
2026-04-03,8,2026-04-11,115.79
2026-04-03,9,2026-04-12,116.49
2026-04-03,10,2026-04-13,118.52
2026-04-03,11,2026-04-14,117.99
2026-04-03,12,2026-04-15,120.42
2026-04-03,13,2026-04-16,121.83
2026-04-03,14,2026-04-17,124.04
2026-04-03,15,2026-04-18,126.56
2026-04-03,16,2026-04-19,128.98
2026-04-03,17,2026-04-20,130.03
2026-04-03,18,2026-04-21,138.26
2026-04-03,19,2026-04-22,139.48
2026-04-03,20,2026-04-23,140.68
2026-04-03,21,2026-04-24,141.22
2026-04-03,22,2026-04-25,142.28
2026-04-03,23,2026-04-26,141.35
2026-04-03,24,2026-04-27,141.94
2026-04-03,25,2026-04-28,140.03
2026-04-03,26,2026-04-29,139.78
2026-04-03,27,2026-04-30,138.75
2026-04-03,28,2026-05-01,138.88
2026-04-03,29,2026-05-02,136.24
2026-04-03,30,2026-05-03,134.83
2026-04-04,1,2026-04-05,128.0
2026-04-04,2,2026-04-06,121.11
2026-04-04,3,2026-04-07,118.68
2026-04-04,4,2026-04-08,113.76
2026-04-04,5,2026-04-09,113.61
2026-04-04,6,2026-04-10,113.16
2026-04-04,7,2026-04-11,114.07
2026-04-04,8,2026-04-12,119.54
2026-04-04,9,2026-04-13,116.88
2026-04-04,10,2026-04-14,116.88
2026-04-04,11,2026-04-15,117.43
2026-04-04,12,2026-04-16,121.35
2026-04-04,13,2026-04-17,121.81
2026-04-04,14,2026-04-18,123.92
2026-04-04,15,2026-04-19,126.31
2026-04-04,16,2026-04-20,128.42
2026-04-04,17,2026-04-21,129.79
2026-04-04,18,2026-04-22,141.36
2026-04-04,19,2026-04-23,142.0
2026-04-04,20,2026-04-24,140.88
2026-04-04,21,2026-04-25,142.0
2026-04-04,22,2026-04-26,141.71
2026-04-04,23,2026-04-27,141.33
2026-04-04,24,2026-04-28,141.01
2026-04-04,25,2026-04-29,140.12
2026-04-04,26,2026-04-30,138.34
2026-04-04,27,2026-05-01,138.53
2026-04-04,28,2026-05-02,139.21
2026-04-04,29,2026-05-03,135.75
2026-04-04,30,2026-05-04,134.06
2026-04-05,1,2026-04-06,119.2
2026-04-05,2,2026-04-07,115.37
2026-04-05,3,2026-04-08,112.66
2026-04-05,4,2026-04-09,110.62
2026-04-05,5,2026-04-10,110.48
2026-04-05,6,2026-04-11,108.96
2026-04-05,7,2026-04-12,113.86
2026-04-05,8,2026-04-13,114.66
2026-04-05,9,2026-04-14,116.49
2026-04-05,10,2026-04-15,117.6
2026-04-05,11,2026-04-16,122.38
2026-04-05,12,2026-04-17,123.35
2026-04-05,13,2026-04-18,125.81
2026-04-05,14,2026-04-19,126.99
2026-04-05,15,2026-04-20,127.92
2026-04-05,16,2026-04-21,129.86
2026-04-05,17,2026-04-22,130.37
2026-04-05,18,2026-04-23,142.66
2026-04-05,19,2026-04-24,140.95
2026-04-05,20,2026-04-25,140.92
2026-04-05,21,2026-04-26,141.35
2026-04-05,22,2026-04-27,141.45
2026-04-05,23,2026-04-28,140.18
2026-04-05,24,2026-04-29,138.57
2026-04-05,25,2026-04-30,137.2
2026-04-05,26,2026-05-01,134.24
2026-04-05,27,2026-05-02,135.8
2026-04-05,28,2026-05-03,135.28
2026-04-05,29,2026-05-04,131.62
2026-04-05,30,2026-05-05,129.91
2026-04-06,1,2026-04-07,117.44
2026-04-06,2,2026-04-08,115.16
2026-04-06,3,2026-04-09,111.89
2026-04-06,4,2026-04-10,111.75
2026-04-06,5,2026-04-11,111.98
2026-04-06,6,2026-04-12,109.62
2026-04-06,7,2026-04-13,113.1
2026-04-06,8,2026-04-14,114.09
2026-04-06,9,2026-04-15,114.38
2026-04-06,10,2026-04-16,117.33
2026-04-06,11,2026-04-17,120.83
2026-04-06,12,2026-04-18,122.48
2026-04-06,13,2026-04-19,125.12
2026-04-06,14,2026-04-20,124.12
2026-04-06,15,2026-04-21,127.94
2026-04-06,16,2026-04-22,130.77
2026-04-06,17,2026-04-23,134.7
2026-04-06,18,2026-04-24,141.91
2026-04-06,19,2026-04-25,142.22
2026-04-06,20,2026-04-26,141.7
2026-04-06,21,2026-04-27,141.42
2026-04-06,22,2026-04-28,139.32
2026-04-06,23,2026-04-29,139.57
2026-04-06,24,2026-04-30,139.02
2026-04-06,25,2026-05-01,137.34
2026-04-06,26,2026-05-02,138.02
2026-04-06,27,2026-05-03,136.29
2026-04-06,28,2026-05-04,133.63
2026-04-06,29,2026-05-05,131.63
2026-04-06,30,2026-05-06,129.62
2026-04-07,1,2026-04-08,110.97
2026-04-07,2,2026-04-09,109.1
2026-04-07,3,2026-04-10,107.82
2026-04-07,4,2026-04-11,110.64
2026-04-07,5,2026-04-12,108.59
2026-04-07,6,2026-04-13,108.69
2026-04-07,7,2026-04-14,112.57
2026-04-07,8,2026-04-15,114.96
2026-04-07,9,2026-04-16,116.76
2026-04-07,10,2026-04-17,119.66
2026-04-07,11,2026-04-18,121.79
2026-04-07,12,2026-04-19,124.62
2026-04-07,13,2026-04-20,127.01
2026-04-07,14,2026-04-21,129.21
2026-04-07,15,2026-04-22,133.68
2026-04-07,16,2026-04-23,137.28
2026-04-07,17,2026-04-24,139.31
2026-04-07,18,2026-04-25,141.57
2026-04-07,19,2026-04-26,142.76
2026-04-07,20,2026-04-27,141.21
2026-04-07,21,2026-04-28,140.55
2026-04-07,22,2026-04-29,137.23
2026-04-07,23,2026-04-30,138.18
2026-04-07,24,2026-05-01,136.52
2026-04-07,25,2026-05-02,136.0
2026-04-07,26,2026-05-03,131.81
2026-04-07,27,2026-05-04,130.96
2026-04-07,28,2026-05-05,128.91
2026-04-07,29,2026-05-06,126.77
2026-04-07,30,2026-05-07,127.52
2026-04-08,1,2026-04-09,106.76
2026-04-08,2,2026-04-10,108.26
2026-04-08,3,2026-04-11,108.8
2026-04-08,4,2026-04-12,110.59
2026-04-08,5,2026-04-13,110.1
2026-04-08,6,2026-04-14,108.83
2026-04-08,7,2026-04-15,112.13
2026-04-08,8,2026-04-16,115.84
2026-04-08,9,2026-04-17,117.43
2026-04-08,10,2026-04-18,119.56
2026-04-08,11,2026-04-19,121.44
2026-04-08,12,2026-04-20,125.11
2026-04-08,13,2026-04-21,132.43
2026-04-08,14,2026-04-22,134.42
2026-04-08,15,2026-04-23,136.09
2026-04-08,16,2026-04-24,137.7
2026-04-08,17,2026-04-25,138.97
2026-04-08,18,2026-04-26,141.15
2026-04-08,19,2026-04-27,141.05
2026-04-08,20,2026-04-28,139.98
2026-04-08,21,2026-04-29,139.04
2026-04-08,22,2026-04-30,136.93
2026-04-08,23,2026-05-01,136.45
2026-04-08,24,2026-05-02,135.41
2026-04-08,25,2026-05-03,132.57
2026-04-08,26,2026-05-04,128.52
2026-04-08,27,2026-05-05,126.14
2026-04-08,28,2026-05-06,124.12
2026-04-08,29,2026-05-07,122.85
2026-04-08,30,2026-05-08,124.85
2026-04-09,1,2026-04-10,100.83
2026-04-09,2,2026-04-11,102.13
2026-04-09,3,2026-04-12,103.13
2026-04-09,4,2026-04-13,105.5
2026-04-09,5,2026-04-14,106.66
2026-04-09,6,2026-04-15,109.43
2026-04-09,7,2026-04-16,112.36
2026-04-09,8,2026-04-17,114.83
2026-04-09,9,2026-04-18,118.41
2026-04-09,10,2026-04-19,119.71
2026-04-09,11,2026-04-20,121.99
2026-04-09,12,2026-04-21,126.79
2026-04-09,13,2026-04-22,131.21
2026-04-09,14,2026-04-23,133.27
2026-04-09,15,2026-04-24,132.32
2026-04-09,16,2026-04-25,134.44
2026-04-09,17,2026-04-26,133.4
2026-04-09,18,2026-04-27,139.64
2026-04-09,19,2026-04-28,138.96
2026-04-09,20,2026-04-29,136.81
2026-04-09,21,2026-04-30,136.08
2026-04-09,22,2026-05-01,134.31
2026-04-09,23,2026-05-02,132.35
2026-04-09,24,2026-05-03,131.19
2026-04-09,25,2026-05-04,127.5
2026-04-09,26,2026-05-05,122.91
2026-04-09,27,2026-05-06,121.23
2026-04-09,28,2026-05-07,119.74
2026-04-09,29,2026-05-08,120.54
2026-04-09,30,2026-05-09,123.75
2026-04-10,1,2026-04-11,100.12
2026-04-10,2,2026-04-12,101.74
2026-04-10,3,2026-04-13,105.68
2026-04-10,4,2026-04-14,107.04
2026-04-10,5,2026-04-15,109.02
2026-04-10,6,2026-04-16,114.89
2026-04-10,7,2026-04-17,118.47
2026-04-10,8,2026-04-18,119.21
2026-04-10,9,2026-04-19,121.69
2026-04-10,10,2026-04-20,127.52
2026-04-10,11,2026-04-21,128.13
2026-04-10,12,2026-04-22,132.22
2026-04-10,13,2026-04-23,135.49
2026-04-10,14,2026-04-24,135.24
2026-04-10,15,2026-04-25,136.32
2026-04-10,16,2026-04-26,133.04
2026-04-10,17,2026-04-27,130.76
2026-04-10,18,2026-04-28,137.61
2026-04-10,19,2026-04-29,135.47
2026-04-10,20,2026-04-30,134.48
2026-04-10,21,2026-05-01,133.21
2026-04-10,22,2026-05-02,131.31
2026-04-10,23,2026-05-03,129.99
2026-04-10,24,2026-05-04,127.37
2026-04-10,25,2026-05-05,123.1
2026-04-10,26,2026-05-06,120.11
2026-04-10,27,2026-05-07,118.84
2026-04-10,28,2026-05-08,118.35
2026-04-10,29,2026-05-09,119.23
2026-04-10,30,2026-05-10,122.98
2026-04-11,1,2026-04-12,100.87
2026-04-11,2,2026-04-13,102.78
2026-04-11,3,2026-04-14,104.75
2026-04-11,4,2026-04-15,106.81
2026-04-11,5,2026-04-16,111.24
2026-04-11,6,2026-04-17,116.58
2026-04-11,7,2026-04-18,117.69
2026-04-11,8,2026-04-19,122.96
2026-04-11,9,2026-04-20,126.29
2026-04-11,10,2026-04-21,131.17
2026-04-11,11,2026-04-22,132.65
2026-04-11,12,2026-04-23,135.81
2026-04-11,13,2026-04-24,139.08
2026-04-11,14,2026-04-25,137.43
2026-04-11,15,2026-04-26,133.34
2026-04-11,16,2026-04-27,131.17
2026-04-11,17,2026-04-28,124.31
2026-04-11,18,2026-04-29,134.15
2026-04-11,19,2026-04-30,133.62
2026-04-11,20,2026-05-01,132.7
2026-04-11,21,2026-05-02,130.05
2026-04-11,22,2026-05-03,128.39
2026-04-11,23,2026-05-04,125.66
2026-04-11,24,2026-05-05,124.27
2026-04-11,25,2026-05-06,120.26
2026-04-11,26,2026-05-07,117.94
2026-04-11,27,2026-05-08,117.37
2026-04-11,28,2026-05-09,117.63
2026-04-11,29,2026-05-10,118.39
2026-04-11,30,2026-05-11,121.74
2026-04-12,1,2026-04-13,102.29
2026-04-12,2,2026-04-14,102.69
2026-04-12,3,2026-04-15,104.62
2026-04-12,4,2026-04-16,106.95
2026-04-12,5,2026-04-17,111.6
2026-04-12,6,2026-04-18,114.44
2026-04-12,7,2026-04-19,119.29
2026-04-12,8,2026-04-20,123.26
2026-04-12,9,2026-04-21,126.51
2026-04-12,10,2026-04-22,132.62
2026-04-12,11,2026-04-23,134.39
2026-04-12,12,2026-04-24,137.24
2026-04-12,13,2026-04-25,139.95
2026-04-12,14,2026-04-26,135.9
2026-04-12,15,2026-04-27,132.03
2026-04-12,16,2026-04-28,125.26
2026-04-12,17,2026-04-29,122.08
2026-04-12,18,2026-04-30,131.61
2026-04-12,19,2026-05-01,130.37
2026-04-12,20,2026-05-02,131.45
2026-04-12,21,2026-05-03,128.09
2026-04-12,22,2026-05-04,124.85
2026-04-12,23,2026-05-05,122.48
2026-04-12,24,2026-05-06,119.83
2026-04-12,25,2026-05-07,118.2
2026-04-12,26,2026-05-08,115.67
2026-04-12,27,2026-05-09,115.85
2026-04-12,28,2026-05-10,117.69
2026-04-12,29,2026-05-11,117.33
2026-04-12,30,2026-05-12,121.11
2026-04-13,1,2026-04-14,102.66
2026-04-13,2,2026-04-15,105.5
2026-04-13,3,2026-04-16,108.94
2026-04-13,4,2026-04-17,112.59
2026-04-13,5,2026-04-18,116.99
2026-04-13,6,2026-04-19,118.83
2026-04-13,7,2026-04-20,123.56
2026-04-13,8,2026-04-21,127.85
2026-04-13,9,2026-04-22,131.04
2026-04-13,10,2026-04-23,133.23
2026-04-13,11,2026-04-24,129.84
2026-04-13,12,2026-04-25,133.6
2026-04-13,13,2026-04-26,134.99
2026-04-13,14,2026-04-27,128.2
2026-04-13,15,2026-04-28,128.38
2026-04-13,16,2026-04-29,123.31
2026-04-13,17,2026-04-30,119.37
2026-04-13,18,2026-05-01,130.19
2026-04-13,19,2026-05-02,128.98
2026-04-13,20,2026-05-03,128.05
2026-04-13,21,2026-05-04,124.2
2026-04-13,22,2026-05-05,122.32
2026-04-13,23,2026-05-06,118.16
2026-04-13,24,2026-05-07,117.12
2026-04-13,25,2026-05-08,116.03
2026-04-13,26,2026-05-09,115.07
2026-04-13,27,2026-05-10,115.33
2026-04-13,28,2026-05-11,117.4
2026-04-13,29,2026-05-12,117.65
2026-04-13,30,2026-05-13,120.69
2026-04-14,1,2026-04-15,102.94
2026-04-14,2,2026-04-16,104.75
2026-04-14,3,2026-04-17,107.56
2026-04-14,4,2026-04-18,111.35
2026-04-14,5,2026-04-19,117.65
2026-04-14,6,2026-04-20,120.77
2026-04-14,7,2026-04-21,124.57
2026-04-14,8,2026-04-22,125.93
2026-04-14,9,2026-04-23,126.45
2026-04-14,10,2026-04-24,130.57
2026-04-14,11,2026-04-25,128.84
2026-04-14,12,2026-04-26,129.98
2026-04-14,13,2026-04-27,129.87
2026-04-14,14,2026-04-28,126.35
2026-04-14,15,2026-04-29,124.2
2026-04-14,16,2026-04-30,119.66
2026-04-14,17,2026-05-01,119.67
2026-04-14,18,2026-05-02,127.46
2026-04-14,19,2026-05-03,126.62
2026-04-14,20,2026-05-04,124.28
2026-04-14,21,2026-05-05,118.9
2026-04-14,22,2026-05-06,117.03
2026-04-14,23,2026-05-07,115.52
2026-04-14,24,2026-05-08,114.63
2026-04-14,25,2026-05-09,114.88
2026-04-14,26,2026-05-10,114.56
2026-04-14,27,2026-05-11,115.67
2026-04-14,28,2026-05-12,117.78
2026-04-14,29,2026-05-13,118.05
2026-04-14,30,2026-05-14,121.22
2026-04-15,1,2026-04-16,110.68
2026-04-15,2,2026-04-17,114.89
2026-04-15,3,2026-04-18,116.74
2026-04-15,4,2026-04-19,119.41
2026-04-15,5,2026-04-20,124.95
2026-04-15,6,2026-04-21,127.61
2026-04-15,7,2026-04-22,127.44
2026-04-15,8,2026-04-23,127.84
2026-04-15,9,2026-04-24,130.76
2026-04-15,10,2026-04-25,134.12
2026-04-15,11,2026-04-26,128.02
2026-04-15,12,2026-04-27,125.12
2026-04-15,13,2026-04-28,126.0
2026-04-15,14,2026-04-29,124.63
2026-04-15,15,2026-04-30,123.47
2026-04-15,16,2026-05-01,120.58
2026-04-15,17,2026-05-02,118.34
2026-04-15,18,2026-05-03,126.84
2026-04-15,19,2026-05-04,121.71
2026-04-15,20,2026-05-05,119.83
2026-04-15,21,2026-05-06,116.2
2026-04-15,22,2026-05-07,115.32
2026-04-15,23,2026-05-08,114.37
2026-04-15,24,2026-05-09,113.93
2026-04-15,25,2026-05-10,114.81
2026-04-15,26,2026-05-11,114.76
2026-04-15,27,2026-05-12,115.99
2026-04-15,28,2026-05-13,118.63
2026-04-15,29,2026-05-14,121.04
2026-04-15,30,2026-05-15,123.13
2026-04-16,1,2026-04-17,113.43
2026-04-16,2,2026-04-18,115.76
2026-04-16,3,2026-04-19,121.16
2026-04-16,4,2026-04-20,120.88
2026-04-16,5,2026-04-21,126.34
2026-04-16,6,2026-04-22,127.01
2026-04-16,7,2026-04-23,126.62
2026-04-16,8,2026-04-24,125.45
2026-04-16,9,2026-04-25,130.45
2026-04-16,10,2026-04-26,129.38
2026-04-16,11,2026-04-27,122.78
2026-04-16,12,2026-04-28,123.48
2026-04-16,13,2026-04-29,124.03
2026-04-16,14,2026-04-30,123.26
2026-04-16,15,2026-05-01,120.73
2026-04-16,16,2026-05-02,119.68
2026-04-16,17,2026-05-03,116.66
2026-04-16,18,2026-05-04,122.11
2026-04-16,19,2026-05-05,117.8
2026-04-16,20,2026-05-06,114.74
2026-04-16,21,2026-05-07,113.18
2026-04-16,22,2026-05-08,113.31
2026-04-16,23,2026-05-09,113.11
2026-04-16,24,2026-05-10,112.69
2026-04-16,25,2026-05-11,114.41
2026-04-16,26,2026-05-12,114.67
2026-04-16,27,2026-05-13,118.17
2026-04-16,28,2026-05-14,119.67
2026-04-16,29,2026-05-15,121.83
2026-04-16,30,2026-05-16,123.73
2026-04-17,1,2026-04-18,112.26
2026-04-17,2,2026-04-19,111.04
2026-04-17,3,2026-04-20,113.9
2026-04-17,4,2026-04-21,115.28
2026-04-17,5,2026-04-22,119.05
2026-04-17,6,2026-04-23,121.65
2026-04-17,7,2026-04-24,122.79
2026-04-17,8,2026-04-25,123.55
2026-04-17,9,2026-04-26,123.22
2026-04-17,10,2026-04-27,122.52
2026-04-17,11,2026-04-28,117.56
2026-04-17,12,2026-04-29,118.79
2026-04-17,13,2026-04-30,123.59
2026-04-17,14,2026-05-01,123.05
2026-04-17,15,2026-05-02,118.99
2026-04-17,16,2026-05-03,117.36
2026-04-17,17,2026-05-04,112.09
2026-04-17,18,2026-05-05,117.55
2026-04-17,19,2026-05-06,114.32
2026-04-17,20,2026-05-07,112.87
2026-04-17,21,2026-05-08,112.56
2026-04-17,22,2026-05-09,113.22
2026-04-17,23,2026-05-10,113.54
2026-04-17,24,2026-05-11,113.38
2026-04-17,25,2026-05-12,114.37
2026-04-17,26,2026-05-13,116.37
2026-04-17,27,2026-05-14,118.12
2026-04-17,28,2026-05-15,120.19
2026-04-17,29,2026-05-16,120.99
2026-04-17,30,2026-05-17,122.71
2026-04-18,1,2026-04-19,109.3
2026-04-18,2,2026-04-20,111.1
2026-04-18,3,2026-04-21,111.48
2026-04-18,4,2026-04-22,113.0
2026-04-18,5,2026-04-23,117.55
2026-04-18,6,2026-04-24,119.3
2026-04-18,7,2026-04-25,119.95
2026-04-18,8,2026-04-26,120.65
2026-04-18,9,2026-04-27,121.6
2026-04-18,10,2026-04-28,120.96
2026-04-18,11,2026-04-29,117.6
2026-04-18,12,2026-04-30,117.18
2026-04-18,13,2026-05-01,122.75
2026-04-18,14,2026-05-02,121.3
2026-04-18,15,2026-05-03,118.89
2026-04-18,16,2026-05-04,116.24
2026-04-18,17,2026-05-05,110.7
2026-04-18,18,2026-05-06,114.29
2026-04-18,19,2026-05-07,112.86
2026-04-18,20,2026-05-08,112.11
2026-04-18,21,2026-05-09,111.87
2026-04-18,22,2026-05-10,113.35
2026-04-18,23,2026-05-11,112.8
2026-04-18,24,2026-05-12,113.69
2026-04-18,25,2026-05-13,114.46
2026-04-18,26,2026-05-14,116.29
2026-04-18,27,2026-05-15,117.61
2026-04-18,28,2026-05-16,120.48
2026-04-18,29,2026-05-17,120.71
2026-04-18,30,2026-05-18,122.52
2026-04-19,1,2026-04-20,109.34
2026-04-19,2,2026-04-21,112.67
2026-04-19,3,2026-04-22,113.32
2026-04-19,4,2026-04-23,112.04
2026-04-19,5,2026-04-24,117.58
2026-04-19,6,2026-04-25,118.7
2026-04-19,7,2026-04-26,119.69
2026-04-19,8,2026-04-27,120.87
2026-04-19,9,2026-04-28,117.41
2026-04-19,10,2026-04-29,121.51
2026-04-19,11,2026-04-30,117.39
2026-04-19,12,2026-05-01,120.51
2026-04-19,13,2026-05-02,121.82
2026-04-19,14,2026-05-03,118.94
2026-04-19,15,2026-05-04,116.37
2026-04-19,16,2026-05-05,112.16
2026-04-19,17,2026-05-06,111.55
2026-04-19,18,2026-05-07,112.81
2026-04-19,19,2026-05-08,111.8
2026-04-19,20,2026-05-09,112.14
2026-04-19,21,2026-05-10,111.9
2026-04-19,22,2026-05-11,113.38
2026-04-19,23,2026-05-12,112.79
2026-04-19,24,2026-05-13,113.73
2026-04-19,25,2026-05-14,115.46
2026-04-19,26,2026-05-15,117.03
2026-04-19,27,2026-05-16,119.0
2026-04-19,28,2026-05-17,119.35
2026-04-19,29,2026-05-18,120.5
2026-04-19,30,2026-05-19,121.8
2026-04-20,1,2026-04-21,110.81
2026-04-20,2,2026-04-22,112.39
2026-04-20,3,2026-04-23,112.41
2026-04-20,4,2026-04-24,112.05
2026-04-20,5,2026-04-25,116.43
2026-04-20,6,2026-04-26,118.94
2026-04-20,7,2026-04-27,117.84
2026-04-20,8,2026-04-28,118.15
2026-04-20,9,2026-04-29,115.27
2026-04-20,10,2026-04-30,120.17
2026-04-20,11,2026-05-01,118.34
2026-04-20,12,2026-05-02,118.46
2026-04-20,13,2026-05-03,119.98
2026-04-20,14,2026-05-04,117.86
2026-04-20,15,2026-05-05,112.87
2026-04-20,16,2026-05-06,109.99
2026-04-20,17,2026-05-07,107.81
2026-04-20,18,2026-05-08,111.9
2026-04-20,19,2026-05-09,111.57
2026-04-20,20,2026-05-10,111.75
2026-04-20,21,2026-05-11,112.12
2026-04-20,22,2026-05-12,114.02
2026-04-20,23,2026-05-13,113.2
2026-04-20,24,2026-05-14,114.48
2026-04-20,25,2026-05-15,116.13
2026-04-20,26,2026-05-16,117.49
2026-04-20,27,2026-05-17,118.88
2026-04-20,28,2026-05-18,119.37
2026-04-20,29,2026-05-19,120.2
2026-04-20,30,2026-05-20,121.97
2026-04-21,1,2026-04-22,117.91
2026-04-21,2,2026-04-23,119.38
2026-04-21,3,2026-04-24,117.69
2026-04-21,4,2026-04-25,119.14
2026-04-21,5,2026-04-26,124.32
2026-04-21,6,2026-04-27,122.79
2026-04-21,7,2026-04-28,123.05
2026-04-21,8,2026-04-29,119.7
2026-04-21,9,2026-04-30,121.18
2026-04-21,10,2026-05-01,120.94
2026-04-21,11,2026-05-02,120.46
2026-04-21,12,2026-05-03,120.59
2026-04-21,13,2026-05-04,117.67
2026-04-21,14,2026-05-05,113.74
2026-04-21,15,2026-05-06,110.21
2026-04-21,16,2026-05-07,108.65
2026-04-21,17,2026-05-08,105.92
2026-04-21,18,2026-05-09,111.56
2026-04-21,19,2026-05-10,111.69
2026-04-21,20,2026-05-11,111.98
2026-04-21,21,2026-05-12,112.49
2026-04-21,22,2026-05-13,114.11
2026-04-21,23,2026-05-14,114.58
2026-04-21,24,2026-05-15,115.69
2026-04-21,25,2026-05-16,117.13
2026-04-21,26,2026-05-17,117.98
2026-04-21,27,2026-05-18,119.36
2026-04-21,28,2026-05-19,119.73
2026-04-21,29,2026-05-20,121.41
2026-04-21,30,2026-05-21,124.08
2026-04-22,1,2026-04-23,121.73
2026-04-22,2,2026-04-24,121.51
2026-04-22,3,2026-04-25,124.25
2026-04-22,4,2026-04-26,123.05
2026-04-22,5,2026-04-27,126.91
2026-04-22,6,2026-04-28,127.35
2026-04-22,7,2026-04-29,127.65
2026-04-22,8,2026-04-30,123.6
2026-04-22,9,2026-05-01,122.7
2026-04-22,10,2026-05-02,121.46
2026-04-22,11,2026-05-03,121.29
2026-04-22,12,2026-05-04,116.14
2026-04-22,13,2026-05-05,112.63
2026-04-22,14,2026-05-06,111.45
2026-04-22,15,2026-05-07,106.87
2026-04-22,16,2026-05-08,107.34
2026-04-22,17,2026-05-09,104.37
2026-04-22,18,2026-05-10,111.03
2026-04-22,19,2026-05-11,110.96
2026-04-22,20,2026-05-12,112.52
2026-04-22,21,2026-05-13,112.84
2026-04-22,22,2026-05-14,114.32
2026-04-22,23,2026-05-15,116.03
2026-04-22,24,2026-05-16,117.14
2026-04-22,25,2026-05-17,118.41
2026-04-22,26,2026-05-18,119.46
2026-04-22,27,2026-05-19,120.41
2026-04-22,28,2026-05-20,121.1
2026-04-22,29,2026-05-21,121.77
2026-04-22,30,2026-05-22,124.3
2026-04-23,1,2026-04-24,128.34
2026-04-23,2,2026-04-25,129.55
2026-04-23,3,2026-04-26,130.33
2026-04-23,4,2026-04-27,128.07
2026-04-23,5,2026-04-28,131.03
2026-04-23,6,2026-04-29,133.35
2026-04-23,7,2026-04-30,135.8
2026-04-23,8,2026-05-01,127.62
2026-04-23,9,2026-05-02,126.59
2026-04-23,10,2026-05-03,123.96
2026-04-23,11,2026-05-04,122.97
2026-04-23,12,2026-05-05,117.27
2026-04-23,13,2026-05-06,110.84
2026-04-23,14,2026-05-07,110.89
2026-04-23,15,2026-05-08,105.75
2026-04-23,16,2026-05-09,106.45
2026-04-23,17,2026-05-10,105.35
2026-04-23,18,2026-05-11,111.48
2026-04-23,19,2026-05-12,111.18
2026-04-23,20,2026-05-13,113.08
2026-04-23,21,2026-05-14,114.32
2026-04-23,22,2026-05-15,115.23
2026-04-23,23,2026-05-16,117.37
2026-04-23,24,2026-05-17,118.21
2026-04-23,25,2026-05-18,118.91
2026-04-23,26,2026-05-19,119.6
2026-04-23,27,2026-05-20,120.58
2026-04-23,28,2026-05-21,120.97
2026-04-23,29,2026-05-22,122.25
2026-04-23,30,2026-05-23,124.78
2026-04-24,1,2026-04-25,142.17
2026-04-24,2,2026-04-26,143.25
2026-04-24,3,2026-04-27,144.77
2026-04-24,4,2026-04-28,144.83
2026-04-24,5,2026-04-29,144.67
2026-04-24,6,2026-04-30,142.16
2026-04-24,7,2026-05-01,135.25
2026-04-24,8,2026-05-02,129.17
2026-04-24,9,2026-05-03,125.87
2026-04-24,10,2026-05-04,119.44
2026-04-24,11,2026-05-05,113.49
2026-04-24,12,2026-05-06,109.94
2026-04-24,13,2026-05-07,106.47
2026-04-24,14,2026-05-08,106.76
2026-04-24,15,2026-05-09,103.07
2026-04-24,16,2026-05-10,104.62
2026-04-24,17,2026-05-11,104.58
2026-04-24,18,2026-05-12,111.49
2026-04-24,19,2026-05-13,113.38
2026-04-24,20,2026-05-14,113.99
2026-04-24,21,2026-05-15,115.37
2026-04-24,22,2026-05-16,117.31
2026-04-24,23,2026-05-17,119.65
2026-04-24,24,2026-05-18,120.19
2026-04-24,25,2026-05-19,121.85
2026-04-24,26,2026-05-20,126.03
2026-04-24,27,2026-05-21,127.95
2026-04-24,28,2026-05-22,128.75
2026-04-24,29,2026-05-23,130.42
2026-04-24,30,2026-05-24,128.25
2026-04-25,1,2026-04-26,149.63
2026-04-25,2,2026-04-27,152.45
2026-04-25,3,2026-04-28,154.49
2026-04-25,4,2026-04-29,153.6
2026-04-25,5,2026-04-30,148.67
2026-04-25,6,2026-05-01,144.42
2026-04-25,7,2026-05-02,133.12
2026-04-25,8,2026-05-03,125.87
2026-04-25,9,2026-05-04,122.07
2026-04-25,10,2026-05-05,113.07
2026-04-25,11,2026-05-06,111.82
2026-04-25,12,2026-05-07,106.83
2026-04-25,13,2026-05-08,103.62
2026-04-25,14,2026-05-09,103.43
2026-04-25,15,2026-05-10,104.49
2026-04-25,16,2026-05-11,103.2
2026-04-25,17,2026-05-12,106.04
2026-04-25,18,2026-05-13,111.99
2026-04-25,19,2026-05-14,113.44
2026-04-25,20,2026-05-15,114.26
2026-04-25,21,2026-05-16,116.08
2026-04-25,22,2026-05-17,118.67
2026-04-25,23,2026-05-18,120.21
2026-04-25,24,2026-05-19,121.86
2026-04-25,25,2026-05-20,125.51
2026-04-25,26,2026-05-21,127.85
2026-04-25,27,2026-05-22,130.04
2026-04-25,28,2026-05-23,131.4
2026-04-25,29,2026-05-24,130.67
2026-04-25,30,2026-05-25,127.9
2026-04-26,1,2026-04-27,156.14
2026-04-26,2,2026-04-28,157.45
2026-04-26,3,2026-04-29,156.26
2026-04-26,4,2026-04-30,154.37
2026-04-26,5,2026-05-01,150.28
2026-04-26,6,2026-05-02,142.12
2026-04-26,7,2026-05-03,136.51
2026-04-26,8,2026-05-04,123.4
2026-04-26,9,2026-05-05,116.09
2026-04-26,10,2026-05-06,110.64
2026-04-26,11,2026-05-07,108.47
2026-04-26,12,2026-05-08,105.33
2026-04-26,13,2026-05-09,104.63
2026-04-26,14,2026-05-10,105.47
2026-04-26,15,2026-05-11,106.16
2026-04-26,16,2026-05-12,107.49
2026-04-26,17,2026-05-13,107.16
2026-04-26,18,2026-05-14,112.18
2026-04-26,19,2026-05-15,114.62
2026-04-26,20,2026-05-16,116.05
2026-04-26,21,2026-05-17,119.36
2026-04-26,22,2026-05-18,120.95
2026-04-26,23,2026-05-19,121.92
2026-04-26,24,2026-05-20,124.95
2026-04-26,25,2026-05-21,127.24
2026-04-26,26,2026-05-22,128.96
2026-04-26,27,2026-05-23,130.5
2026-04-26,28,2026-05-24,130.92
2026-04-26,29,2026-05-25,131.18
2026-04-26,30,2026-05-26,126.46
2026-04-27,1,2026-04-28,142.01
2026-04-27,2,2026-04-29,141.26
2026-04-27,3,2026-04-30,136.49
2026-04-27,4,2026-05-01,134.98
2026-04-27,5,2026-05-02,129.22
2026-04-27,6,2026-05-03,125.7
2026-04-27,7,2026-05-04,119.39
2026-04-27,8,2026-05-05,117.1
2026-04-27,9,2026-05-06,110.35
2026-04-27,10,2026-05-07,107.4
2026-04-27,11,2026-05-08,103.79
2026-04-27,12,2026-05-09,103.46
2026-04-27,13,2026-05-10,103.89
2026-04-27,14,2026-05-11,102.14
2026-04-27,15,2026-05-12,107.3
2026-04-27,16,2026-05-13,106.96
2026-04-27,17,2026-05-14,104.68
2026-04-27,18,2026-05-15,114.49
2026-04-27,19,2026-05-16,116.63
2026-04-27,20,2026-05-17,119.12
2026-04-27,21,2026-05-18,120.28
2026-04-27,22,2026-05-19,122.21
2026-04-27,23,2026-05-20,123.93
2026-04-27,24,2026-05-21,126.96
2026-04-27,25,2026-05-22,128.23
2026-04-27,26,2026-05-23,128.28
2026-04-27,27,2026-05-24,128.32
2026-04-27,28,2026-05-25,128.06
2026-04-27,29,2026-05-26,125.61
2026-04-27,30,2026-05-27,122.81
2026-04-28,1,2026-04-29,150.36
2026-04-28,2,2026-04-30,147.23
2026-04-28,3,2026-05-01,140.23
2026-04-28,4,2026-05-02,136.85
2026-04-28,5,2026-05-03,128.28
2026-04-28,6,2026-05-04,119.33
2026-04-28,7,2026-05-05,114.06
2026-04-28,8,2026-05-06,107.29
2026-04-28,9,2026-05-07,103.73
2026-04-28,10,2026-05-08,101.12
2026-04-28,11,2026-05-09,99.58
2026-04-28,12,2026-05-10,104.0
2026-04-28,13,2026-05-11,102.92
2026-04-28,14,2026-05-12,101.2
2026-04-28,15,2026-05-13,106.92
2026-04-28,16,2026-05-14,109.19
2026-04-28,17,2026-05-15,109.17
2026-04-28,18,2026-05-16,116.96
2026-04-28,19,2026-05-17,120.26
2026-04-28,20,2026-05-18,121.17
2026-04-28,21,2026-05-19,121.73
2026-04-28,22,2026-05-20,125.01
2026-04-28,23,2026-05-21,126.82
2026-04-28,24,2026-05-22,127.48
2026-04-28,25,2026-05-23,130.49
2026-04-28,26,2026-05-24,131.14
2026-04-28,27,2026-05-25,131.18
2026-04-28,28,2026-05-26,129.96
2026-04-28,29,2026-05-27,127.73
2026-04-28,30,2026-05-28,125.27
2026-04-29,1,2026-04-30,138.76
2026-04-29,2,2026-05-01,132.51
2026-04-29,3,2026-05-02,124.19
2026-04-29,4,2026-05-03,120.66
2026-04-29,5,2026-05-04,112.98
2026-04-29,6,2026-05-05,107.73
2026-04-29,7,2026-05-06,104.01
2026-04-29,8,2026-05-07,103.88
2026-04-29,9,2026-05-08,100.97
2026-04-29,10,2026-05-09,100.64
2026-04-29,11,2026-05-10,99.4
2026-04-29,12,2026-05-11,102.49
2026-04-29,13,2026-05-12,104.37
2026-04-29,14,2026-05-13,103.67
2026-04-29,15,2026-05-14,107.3
2026-04-29,16,2026-05-15,108.56
2026-04-29,17,2026-05-16,110.31
2026-04-29,18,2026-05-17,118.67
2026-04-29,19,2026-05-18,121.48
2026-04-29,20,2026-05-19,121.42
2026-04-29,21,2026-05-20,123.6
2026-04-29,22,2026-05-21,126.21
2026-04-29,23,2026-05-22,127.69
2026-04-29,24,2026-05-23,129.34
2026-04-29,25,2026-05-24,128.22
2026-04-29,26,2026-05-25,130.62
2026-04-29,27,2026-05-26,128.5
2026-04-29,28,2026-05-27,128.94
2026-04-29,29,2026-05-28,125.47
2026-04-29,30,2026-05-29,122.97
2026-04-30,1,2026-05-01,138.35
2026-04-30,2,2026-05-02,131.82
2026-04-30,3,2026-05-03,124.75
2026-04-30,4,2026-05-04,119.86
2026-04-30,5,2026-05-05,112.49
2026-04-30,6,2026-05-06,107.31
2026-04-30,7,2026-05-07,104.46
2026-04-30,8,2026-05-08,104.08
2026-04-30,9,2026-05-09,103.38
2026-04-30,10,2026-05-10,102.49
2026-04-30,11,2026-05-11,100.46
2026-04-30,12,2026-05-12,103.29
2026-04-30,13,2026-05-13,106.44
2026-04-30,14,2026-05-14,107.09
2026-04-30,15,2026-05-15,108.98
2026-04-30,16,2026-05-16,112.84
2026-04-30,17,2026-05-17,116.23
2026-04-30,18,2026-05-18,120.77
2026-04-30,19,2026-05-19,121.43
2026-04-30,20,2026-05-20,123.45
2026-04-30,21,2026-05-21,126.45
2026-04-30,22,2026-05-22,129.79
2026-04-30,23,2026-05-23,130.85
2026-04-30,24,2026-05-24,128.92
2026-04-30,25,2026-05-25,131.83
2026-04-30,26,2026-05-26,132.46
2026-04-30,27,2026-05-27,129.99
2026-04-30,28,2026-05-28,128.17
2026-04-30,29,2026-05-29,125.65
2026-04-30,30,2026-05-30,121.23
2026-05-01,1,2026-05-02,140.89
2026-05-01,2,2026-05-03,138.02
2026-05-01,3,2026-05-04,128.26
2026-05-01,4,2026-05-05,121.87
2026-05-01,5,2026-05-06,114.3
2026-05-01,6,2026-05-07,109.67
2026-05-01,7,2026-05-08,107.8
2026-05-01,8,2026-05-09,105.54
2026-05-01,9,2026-05-10,105.89
2026-05-01,10,2026-05-11,104.48
2026-05-01,11,2026-05-12,106.37
2026-05-01,12,2026-05-13,110.21
2026-05-01,13,2026-05-14,112.08
2026-05-01,14,2026-05-15,114.64
2026-05-01,15,2026-05-16,114.99
2026-05-01,16,2026-05-17,118.94
2026-05-01,17,2026-05-18,118.25
2026-05-01,18,2026-05-19,121.96
2026-05-01,19,2026-05-20,123.97
2026-05-01,20,2026-05-21,126.72
2026-05-01,21,2026-05-22,129.73
2026-05-01,22,2026-05-23,131.48
2026-05-01,23,2026-05-24,130.93
2026-05-01,24,2026-05-25,131.87
2026-05-01,25,2026-05-26,131.64
2026-05-01,26,2026-05-27,133.47
2026-05-01,27,2026-05-28,131.07
2026-05-01,28,2026-05-29,127.87
2026-05-01,29,2026-05-30,124.35
2026-05-01,30,2026-05-31,122.0
2026-05-02,1,2026-05-03,152.33
2026-05-02,2,2026-05-04,146.3
2026-05-02,3,2026-05-05,139.33
2026-05-02,4,2026-05-06,131.2
2026-05-02,5,2026-05-07,125.45
2026-05-02,6,2026-05-08,119.63
2026-05-02,7,2026-05-09,115.27
2026-05-02,8,2026-05-10,110.7
2026-05-02,9,2026-05-11,108.56
2026-05-02,10,2026-05-12,107.63
2026-05-02,11,2026-05-13,111.36
2026-05-02,12,2026-05-14,111.76
2026-05-02,13,2026-05-15,112.85
2026-05-02,14,2026-05-16,117.23
2026-05-02,15,2026-05-17,119.82
2026-05-02,16,2026-05-18,122.82
2026-05-02,17,2026-05-19,121.01
2026-05-02,18,2026-05-20,126.65
2026-05-02,19,2026-05-21,127.08
2026-05-02,20,2026-05-22,129.06
2026-05-02,21,2026-05-23,131.0
2026-05-02,22,2026-05-24,132.76
2026-05-02,23,2026-05-25,135.37
2026-05-02,24,2026-05-26,134.49
2026-05-02,25,2026-05-27,132.14
2026-05-02,26,2026-05-28,133.95
2026-05-02,27,2026-05-29,131.42
2026-05-02,28,2026-05-30,130.14
2026-05-02,29,2026-05-31,127.93
2026-05-02,30,2026-06-01,123.14
2026-05-03,1,2026-05-04,133.51
2026-05-03,2,2026-05-05,125.12
2026-05-03,3,2026-05-06,121.58
2026-05-03,4,2026-05-07,116.67
2026-05-03,5,2026-05-08,114.19
2026-05-03,6,2026-05-09,108.56
2026-05-03,7,2026-05-10,110.53
2026-05-03,8,2026-05-11,112.33
2026-05-03,9,2026-05-12,109.79
2026-05-03,10,2026-05-13,113.33
2026-05-03,11,2026-05-14,117.12
2026-05-03,12,2026-05-15,117.63
2026-05-03,13,2026-05-16,121.23
2026-05-03,14,2026-05-17,124.62
2026-05-03,15,2026-05-18,126.85
2026-05-03,16,2026-05-19,128.5
2026-05-03,17,2026-05-20,134.44
2026-05-03,18,2026-05-21,127.79
2026-05-03,19,2026-05-22,131.4
2026-05-03,20,2026-05-23,134.28
2026-05-03,21,2026-05-24,133.54
2026-05-03,22,2026-05-25,134.79
2026-05-03,23,2026-05-26,134.05
2026-05-03,24,2026-05-27,132.9
2026-05-03,25,2026-05-28,132.04
2026-05-03,26,2026-05-29,129.37
2026-05-03,27,2026-05-30,127.69
2026-05-03,28,2026-05-31,125.29
2026-05-03,29,2026-06-01,121.7
2026-05-03,30,2026-06-02,119.8
2026-05-04,1,2026-05-05,128.66
2026-05-04,2,2026-05-06,123.43
2026-05-04,3,2026-05-07,121.56
2026-05-04,4,2026-05-08,119.05
2026-05-04,5,2026-05-09,116.36
2026-05-04,6,2026-05-10,113.93
2026-05-04,7,2026-05-11,113.44
2026-05-04,8,2026-05-12,115.75
2026-05-04,9,2026-05-13,114.15
2026-05-04,10,2026-05-14,116.58
2026-05-04,11,2026-05-15,122.75
2026-05-04,12,2026-05-16,125.73
2026-05-04,13,2026-05-17,129.99
2026-05-04,14,2026-05-18,130.86
2026-05-04,15,2026-05-19,132.05
2026-05-04,16,2026-05-20,139.96
2026-05-04,17,2026-05-21,145.52
2026-05-04,18,2026-05-22,133.09
2026-05-04,19,2026-05-23,134.18
2026-05-04,20,2026-05-24,134.94
2026-05-04,21,2026-05-25,135.88
2026-05-04,22,2026-05-26,136.2
2026-05-04,23,2026-05-27,133.88
2026-05-04,24,2026-05-28,132.38
2026-05-04,25,2026-05-29,129.28
2026-05-04,26,2026-05-30,127.93
2026-05-04,27,2026-05-31,125.07
2026-05-04,28,2026-06-01,121.47
2026-05-04,29,2026-06-02,120.32
2026-05-04,30,2026-06-03,119.9
2026-05-05,1,2026-05-06,126.62
2026-05-05,2,2026-05-07,122.78
2026-05-05,3,2026-05-08,118.91
2026-05-05,4,2026-05-09,117.61
2026-05-05,5,2026-05-10,117.94
2026-05-05,6,2026-05-11,116.37
2026-05-05,7,2026-05-12,118.21
2026-05-05,8,2026-05-13,119.68
2026-05-05,9,2026-05-14,120.22
2026-05-05,10,2026-05-15,124.49
2026-05-05,11,2026-05-16,122.59
2026-05-05,12,2026-05-17,131.45
2026-05-05,13,2026-05-18,132.19
2026-05-05,14,2026-05-19,133.83
2026-05-05,15,2026-05-20,134.96
2026-05-05,16,2026-05-21,141.84
2026-05-05,17,2026-05-22,147.4
2026-05-05,18,2026-05-23,135.32
2026-05-05,19,2026-05-24,136.33
2026-05-05,20,2026-05-25,135.91
2026-05-05,21,2026-05-26,136.18
2026-05-05,22,2026-05-27,135.76
2026-05-05,23,2026-05-28,134.9
2026-05-05,24,2026-05-29,131.77
2026-05-05,25,2026-05-30,129.27
2026-05-05,26,2026-05-31,127.36
2026-05-05,27,2026-06-01,123.42
2026-05-05,28,2026-06-02,121.07
2026-05-05,29,2026-06-03,118.97
2026-05-05,30,2026-06-04,120.2
2026-05-06,1,2026-05-07,116.46
2026-05-06,2,2026-05-08,116.56
2026-05-06,3,2026-05-09,113.42
2026-05-06,4,2026-05-10,115.38
2026-05-06,5,2026-05-11,115.44
2026-05-06,6,2026-05-12,115.78
2026-05-06,7,2026-05-13,121.34
2026-05-06,8,2026-05-14,121.19
2026-05-06,9,2026-05-15,123.14
2026-05-06,10,2026-05-16,126.74
2026-05-06,11,2026-05-17,130.42
2026-05-06,12,2026-05-18,130.72
2026-05-06,13,2026-05-19,132.21
2026-05-06,14,2026-05-20,134.81
2026-05-06,15,2026-05-21,136.82
2026-05-06,16,2026-05-22,145.18
2026-05-06,17,2026-05-23,146.83
2026-05-06,18,2026-05-24,134.63
2026-05-06,19,2026-05-25,136.06
2026-05-06,20,2026-05-26,136.13
2026-05-06,21,2026-05-27,136.01
2026-05-06,22,2026-05-28,132.1
2026-05-06,23,2026-05-29,131.27
2026-05-06,24,2026-05-30,129.5
2026-05-06,25,2026-05-31,125.58
2026-05-06,26,2026-06-01,120.05
2026-05-06,27,2026-06-02,115.92
2026-05-06,28,2026-06-03,115.63
2026-05-06,29,2026-06-04,114.47
2026-05-06,30,2026-06-05,117.26
2026-05-07,1,2026-05-08,112.88
2026-05-07,2,2026-05-09,110.68
2026-05-07,3,2026-05-10,107.77
2026-05-07,4,2026-05-11,110.73
2026-05-07,5,2026-05-12,114.7
2026-05-07,6,2026-05-13,112.83
2026-05-07,7,2026-05-14,117.48
2026-05-07,8,2026-05-15,120.25
2026-05-07,9,2026-05-16,121.62
2026-05-07,10,2026-05-17,126.64
2026-05-07,11,2026-05-18,133.97
2026-05-07,12,2026-05-19,133.73
2026-05-07,13,2026-05-20,135.73
2026-05-07,14,2026-05-21,140.35
2026-05-07,15,2026-05-22,143.11
2026-05-07,16,2026-05-23,146.94
2026-05-07,17,2026-05-24,147.5
2026-05-07,18,2026-05-25,134.39
2026-05-07,19,2026-05-26,135.74
2026-05-07,20,2026-05-27,134.56
2026-05-07,21,2026-05-28,133.27
2026-05-07,22,2026-05-29,131.42
2026-05-07,23,2026-05-30,127.08
2026-05-07,24,2026-05-31,125.26
2026-05-07,25,2026-06-01,120.29
2026-05-07,26,2026-06-02,116.14
2026-05-07,27,2026-06-03,111.59
2026-05-07,28,2026-06-04,112.17
2026-05-07,29,2026-06-05,112.14
2026-05-07,30,2026-06-06,115.12
2026-05-08,1,2026-05-09,114.81
2026-05-08,2,2026-05-10,113.61
2026-05-08,3,2026-05-11,110.66
2026-05-08,4,2026-05-12,113.41
2026-05-08,5,2026-05-13,117.21
2026-05-08,6,2026-05-14,116.3
2026-05-08,7,2026-05-15,122.34
2026-05-08,8,2026-05-16,122.03
2026-05-08,9,2026-05-17,124.8
2026-05-08,10,2026-05-18,127.34
2026-05-08,11,2026-05-19,132.57
2026-05-08,12,2026-05-20,135.53
2026-05-08,13,2026-05-21,137.78
2026-05-08,14,2026-05-22,142.66
2026-05-08,15,2026-05-23,144.41
2026-05-08,16,2026-05-24,148.03
2026-05-08,17,2026-05-25,145.54
2026-05-08,18,2026-05-26,134.97
2026-05-08,19,2026-05-27,133.44
2026-05-08,20,2026-05-28,133.44
2026-05-08,21,2026-05-29,131.83
2026-05-08,22,2026-05-30,128.73
2026-05-08,23,2026-05-31,126.06
2026-05-08,24,2026-06-01,122.27
2026-05-08,25,2026-06-02,117.32
2026-05-08,26,2026-06-03,115.17
2026-05-08,27,2026-06-04,112.73
2026-05-08,28,2026-06-05,113.59
2026-05-08,29,2026-06-06,112.81
2026-05-08,30,2026-06-07,115.67
2026-05-09,1,2026-05-10,119.86
2026-05-09,2,2026-05-11,122.73
2026-05-09,3,2026-05-12,120.87
2026-05-09,4,2026-05-13,122.44
2026-05-09,5,2026-05-14,121.3
2026-05-09,6,2026-05-15,124.5
2026-05-09,7,2026-05-16,124.24
2026-05-09,8,2026-05-17,127.52
2026-05-09,9,2026-05-18,130.55
2026-05-09,10,2026-05-19,125.74
2026-05-09,11,2026-05-20,131.55
2026-05-09,12,2026-05-21,130.25
2026-05-09,13,2026-05-22,136.27
2026-05-09,14,2026-05-23,141.2
2026-05-09,15,2026-05-24,142.09
2026-05-09,16,2026-05-25,142.88
2026-05-09,17,2026-05-26,146.03
2026-05-09,18,2026-05-27,135.68
2026-05-09,19,2026-05-28,133.53
2026-05-09,20,2026-05-29,131.08
2026-05-09,21,2026-05-30,128.77
2026-05-09,22,2026-05-31,125.43
2026-05-09,23,2026-06-01,121.93
2026-05-09,24,2026-06-02,120.32
2026-05-09,25,2026-06-03,115.62
2026-05-09,26,2026-06-04,116.23
2026-05-09,27,2026-06-05,116.82
2026-05-09,28,2026-06-06,118.08
2026-05-09,29,2026-06-07,116.29
2026-05-09,30,2026-06-08,119.66
2026-05-10,1,2026-05-11,124.51
2026-05-10,2,2026-05-12,123.62
2026-05-10,3,2026-05-13,120.82
2026-05-10,4,2026-05-14,122.98
2026-05-10,5,2026-05-15,124.12
2026-05-10,6,2026-05-16,125.36
2026-05-10,7,2026-05-17,125.02
2026-05-10,8,2026-05-18,128.9
2026-05-10,9,2026-05-19,126.22
2026-05-10,10,2026-05-20,127.2
2026-05-10,11,2026-05-21,129.86
2026-05-10,12,2026-05-22,131.48
2026-05-10,13,2026-05-23,135.28
2026-05-10,14,2026-05-24,139.34
2026-05-10,15,2026-05-25,137.34
2026-05-10,16,2026-05-26,143.92
2026-05-10,17,2026-05-27,147.59
2026-05-10,18,2026-05-28,133.74
2026-05-10,19,2026-05-29,132.68
2026-05-10,20,2026-05-30,131.33
2026-05-10,21,2026-05-31,126.86
2026-05-10,22,2026-06-01,124.3
2026-05-10,23,2026-06-02,120.24
2026-05-10,24,2026-06-03,118.07
2026-05-10,25,2026-06-04,116.45
2026-05-10,26,2026-06-05,118.28
2026-05-10,27,2026-06-06,119.21
2026-05-10,28,2026-06-07,120.4
2026-05-10,29,2026-06-08,118.69
2026-05-10,30,2026-06-09,122.37
2026-05-11,1,2026-05-12,116.58
2026-05-11,2,2026-05-13,112.39
2026-05-11,3,2026-05-14,111.64
2026-05-11,4,2026-05-15,112.42
2026-05-11,5,2026-05-16,119.05
2026-05-11,6,2026-05-17,118.84
2026-05-11,7,2026-05-18,121.37
2026-05-11,8,2026-05-19,123.33
2026-05-11,9,2026-05-20,126.17
2026-05-11,10,2026-05-21,126.45
2026-05-11,11,2026-05-22,133.09
2026-05-11,12,2026-05-23,131.21
2026-05-11,13,2026-05-24,136.44
2026-05-11,14,2026-05-25,137.29
2026-05-11,15,2026-05-26,142.42
2026-05-11,16,2026-05-27,142.49
2026-05-11,17,2026-05-28,147.56
2026-05-11,18,2026-05-29,132.55
2026-05-11,19,2026-05-30,130.45
2026-05-11,20,2026-05-31,127.27
2026-05-11,21,2026-06-01,123.73
2026-05-11,22,2026-06-02,120.45
2026-05-11,23,2026-06-03,118.1
2026-05-11,24,2026-06-04,116.87
2026-05-11,25,2026-06-05,117.27
2026-05-11,26,2026-06-06,117.14
2026-05-11,27,2026-06-07,115.32
2026-05-11,28,2026-06-08,116.83
2026-05-11,29,2026-06-09,117.98
2026-05-11,30,2026-06-10,121.89
2026-05-12,1,2026-05-13,108.05
2026-05-12,2,2026-05-14,103.95
2026-05-12,3,2026-05-15,105.92
2026-05-12,4,2026-05-16,105.77
2026-05-12,5,2026-05-17,109.56
2026-05-12,6,2026-05-18,111.89
2026-05-12,7,2026-05-19,116.52
2026-05-12,8,2026-05-20,121.29
2026-05-12,9,2026-05-21,125.09
2026-05-12,10,2026-05-22,128.64
2026-05-12,11,2026-05-23,134.09
2026-05-12,12,2026-05-24,131.36
2026-05-12,13,2026-05-25,133.59
2026-05-12,14,2026-05-26,138.41
2026-05-12,15,2026-05-27,142.76
2026-05-12,16,2026-05-28,142.71
2026-05-12,17,2026-05-29,145.73
2026-05-12,18,2026-05-30,130.72
2026-05-12,19,2026-05-31,127.76
2026-05-12,20,2026-06-01,124.18
2026-05-12,21,2026-06-02,120.6
2026-05-12,22,2026-06-03,116.71
2026-05-12,23,2026-06-04,116.22
2026-05-12,24,2026-06-05,115.63
2026-05-12,25,2026-06-06,115.54
2026-05-12,26,2026-06-07,113.5
2026-05-12,27,2026-06-08,113.43
2026-05-12,28,2026-06-09,115.05
2026-05-12,29,2026-06-10,117.03
2026-05-12,30,2026-06-11,120.9
2026-05-13,1,2026-05-14,101.99
2026-05-13,2,2026-05-15,102.7
2026-05-13,3,2026-05-16,102.23
2026-05-13,4,2026-05-17,103.45
2026-05-13,5,2026-05-18,107.46
2026-05-13,6,2026-05-19,115.21
2026-05-13,7,2026-05-20,115.43
2026-05-13,8,2026-05-21,120.07
2026-05-13,9,2026-05-22,129.72
2026-05-13,10,2026-05-23,128.45
2026-05-13,11,2026-05-24,133.96
2026-05-13,12,2026-05-25,132.92
2026-05-13,13,2026-05-26,139.0
2026-05-13,14,2026-05-27,137.71
2026-05-13,15,2026-05-28,140.78
2026-05-13,16,2026-05-29,139.71
2026-05-13,17,2026-05-30,136.58
2026-05-13,18,2026-05-31,128.45
2026-05-13,19,2026-06-01,124.24
2026-05-13,20,2026-06-02,119.75
2026-05-13,21,2026-06-03,117.02
2026-05-13,22,2026-06-04,116.26
2026-05-13,23,2026-06-05,115.84
2026-05-13,24,2026-06-06,115.04
2026-05-13,25,2026-06-07,113.58
2026-05-13,26,2026-06-08,112.6
2026-05-13,27,2026-06-09,112.97
2026-05-13,28,2026-06-10,115.5
2026-05-13,29,2026-06-11,118.12
2026-05-13,30,2026-06-12,118.65
2026-05-14,1,2026-05-15,102.54
2026-05-14,2,2026-05-16,102.92
2026-05-14,3,2026-05-17,107.98
2026-05-14,4,2026-05-18,111.69
2026-05-14,5,2026-05-19,115.43
2026-05-14,6,2026-05-20,121.97
2026-05-14,7,2026-05-21,124.69
2026-05-14,8,2026-05-22,132.12
2026-05-14,9,2026-05-23,137.23
2026-05-14,10,2026-05-24,138.41
2026-05-14,11,2026-05-25,144.34
2026-05-14,12,2026-05-26,144.65
2026-05-14,13,2026-05-27,141.45
2026-05-14,14,2026-05-28,142.4
2026-05-14,15,2026-05-29,144.07
2026-05-14,16,2026-05-30,140.73
2026-05-14,17,2026-05-31,134.2
2026-05-14,18,2026-06-01,124.48
2026-05-14,19,2026-06-02,120.52
2026-05-14,20,2026-06-03,117.14
2026-05-14,21,2026-06-04,115.97
2026-05-14,22,2026-06-05,115.47
2026-05-14,23,2026-06-06,114.01
2026-05-14,24,2026-06-07,113.05
2026-05-14,25,2026-06-08,112.43
2026-05-14,26,2026-06-09,112.27
2026-05-14,27,2026-06-10,113.86
2026-05-14,28,2026-06-11,115.85
2026-05-14,29,2026-06-12,118.61
2026-05-14,30,2026-06-13,119.86
2026-05-15,1,2026-05-16,99.73
2026-05-15,2,2026-05-17,100.68
2026-05-15,3,2026-05-18,107.17
2026-05-15,4,2026-05-19,111.68
2026-05-15,5,2026-05-20,115.92
2026-05-15,6,2026-05-21,124.27
2026-05-15,7,2026-05-22,130.37
2026-05-15,8,2026-05-23,133.17
2026-05-15,9,2026-05-24,141.42
2026-05-15,10,2026-05-25,144.38
2026-05-15,11,2026-05-26,147.95
2026-05-15,12,2026-05-27,148.8
2026-05-15,13,2026-05-28,143.67
2026-05-15,14,2026-05-29,143.59
2026-05-15,15,2026-05-30,140.69
2026-05-15,16,2026-05-31,137.46
2026-05-15,17,2026-06-01,130.49
2026-05-15,18,2026-06-02,121.76
2026-05-15,19,2026-06-03,117.46
2026-05-15,20,2026-06-04,115.06
2026-05-15,21,2026-06-05,114.01
2026-05-15,22,2026-06-06,115.17
2026-05-15,23,2026-06-07,112.38
2026-05-15,24,2026-06-08,112.5
2026-05-15,25,2026-06-09,112.41
2026-05-15,26,2026-06-10,112.81
2026-05-15,27,2026-06-11,114.48
2026-05-15,28,2026-06-12,115.26
2026-05-15,29,2026-06-13,116.27
2026-05-15,30,2026-06-14,118.72
2026-05-16,1,2026-05-17,110.7
2026-05-16,2,2026-05-18,115.69
2026-05-16,3,2026-05-19,123.44
2026-05-16,4,2026-05-20,131.3
2026-05-16,5,2026-05-21,131.09
2026-05-16,6,2026-05-22,136.39
2026-05-16,7,2026-05-23,140.55
2026-05-16,8,2026-05-24,145.59
2026-05-16,9,2026-05-25,150.09
2026-05-16,10,2026-05-26,152.43
2026-05-16,11,2026-05-27,155.53
2026-05-16,12,2026-05-28,149.39
2026-05-16,13,2026-05-29,145.15
2026-05-16,14,2026-05-30,140.81
2026-05-16,15,2026-05-31,139.32
2026-05-16,16,2026-06-01,133.51
2026-05-16,17,2026-06-02,128.83
2026-05-16,18,2026-06-03,116.14
2026-05-16,19,2026-06-04,115.04
2026-05-16,20,2026-06-05,115.06
2026-05-16,21,2026-06-06,114.3
2026-05-16,22,2026-06-07,112.92
2026-05-16,23,2026-06-08,111.39
2026-05-16,24,2026-06-09,112.25
2026-05-16,25,2026-06-10,113.35
2026-05-16,26,2026-06-11,115.68
2026-05-16,27,2026-06-12,116.16
2026-05-16,28,2026-06-13,118.62
2026-05-16,29,2026-06-14,119.92
2026-05-16,30,2026-06-15,121.54
2026-05-17,1,2026-05-18,113.77
2026-05-17,2,2026-05-19,117.93
2026-05-17,3,2026-05-20,124.17
2026-05-17,4,2026-05-21,128.81
2026-05-17,5,2026-05-22,134.74
2026-05-17,6,2026-05-23,140.38
2026-05-17,7,2026-05-24,142.88
2026-05-17,8,2026-05-25,149.77
2026-05-17,9,2026-05-26,152.5
2026-05-17,10,2026-05-27,153.62
2026-05-17,11,2026-05-28,160.39
2026-05-17,12,2026-05-29,150.61
2026-05-17,13,2026-05-30,144.11
2026-05-17,14,2026-05-31,139.6
2026-05-17,15,2026-06-01,135.79
2026-05-17,16,2026-06-02,128.3
2026-05-17,17,2026-06-03,125.76
2026-05-17,18,2026-06-04,113.55
2026-05-17,19,2026-06-05,112.9
2026-05-17,20,2026-06-06,113.51
2026-05-17,21,2026-06-07,111.93
2026-05-17,22,2026-06-08,111.57
2026-05-17,23,2026-06-09,112.06
2026-05-17,24,2026-06-10,113.72
2026-05-17,25,2026-06-11,115.62
2026-05-17,26,2026-06-12,117.32
2026-05-17,27,2026-06-13,119.18
2026-05-17,28,2026-06-14,119.73
2026-05-17,29,2026-06-15,119.05
2026-05-17,30,2026-06-16,120.94
2026-05-18,1,2026-05-19,115.3
2026-05-18,2,2026-05-20,122.16
2026-05-18,3,2026-05-21,125.97
2026-05-18,4,2026-05-22,135.52
2026-05-18,5,2026-05-23,138.81
2026-05-18,6,2026-05-24,142.15
2026-05-18,7,2026-05-25,145.51
2026-05-18,8,2026-05-26,150.56
2026-05-18,9,2026-05-27,155.71
2026-05-18,10,2026-05-28,152.16
2026-05-18,11,2026-05-29,157.12
2026-05-18,12,2026-05-30,149.68
2026-05-18,13,2026-05-31,142.67
2026-05-18,14,2026-06-01,137.29
2026-05-18,15,2026-06-02,129.36
2026-05-18,16,2026-06-03,125.29
2026-05-18,17,2026-06-04,120.27
2026-05-18,18,2026-06-05,112.94
2026-05-18,19,2026-06-06,112.74
2026-05-18,20,2026-06-07,111.51
2026-05-18,21,2026-06-08,111.67
2026-05-18,22,2026-06-09,111.8
2026-05-18,23,2026-06-10,112.54
2026-05-18,24,2026-06-11,115.3
2026-05-18,25,2026-06-12,116.77
2026-05-18,26,2026-06-13,118.11
2026-05-18,27,2026-06-14,119.04
2026-05-18,28,2026-06-15,118.62
2026-05-18,29,2026-06-16,119.9
2026-05-18,30,2026-06-17,121.48
2026-05-19,1,2026-05-20,114.9
2026-05-19,2,2026-05-21,120.26
2026-05-19,3,2026-05-22,123.65
2026-05-19,4,2026-05-23,131.65
2026-05-19,5,2026-05-24,132.94
2026-05-19,6,2026-05-25,139.11
2026-05-19,7,2026-05-26,144.92
2026-05-19,8,2026-05-27,146.24
2026-05-19,9,2026-05-28,150.03
2026-05-19,10,2026-05-29,147.91
2026-05-19,11,2026-05-30,149.26
2026-05-19,12,2026-05-31,142.57
2026-05-19,13,2026-06-01,133.3
2026-05-19,14,2026-06-02,129.34
2026-05-19,15,2026-06-03,121.05
2026-05-19,16,2026-06-04,119.48
2026-05-19,17,2026-06-05,113.85
2026-05-19,18,2026-06-06,111.1
2026-05-19,19,2026-06-07,110.72
2026-05-19,20,2026-06-08,110.95
2026-05-19,21,2026-06-09,110.61
2026-05-19,22,2026-06-10,112.29
2026-05-19,23,2026-06-11,113.93
2026-05-19,24,2026-06-12,115.94
2026-05-19,25,2026-06-13,116.69
2026-05-19,26,2026-06-14,117.77
2026-05-19,27,2026-06-15,118.14
2026-05-19,28,2026-06-16,118.17
2026-05-19,29,2026-06-17,119.87
2026-05-19,30,2026-06-18,120.91
2026-05-20,1,2026-05-21,118.3
2026-05-20,2,2026-05-22,122.8
2026-05-20,3,2026-05-23,126.53
2026-05-20,4,2026-05-24,133.51
2026-05-20,5,2026-05-25,137.04
2026-05-20,6,2026-05-26,141.81
2026-05-20,7,2026-05-27,145.85
2026-05-20,8,2026-05-28,146.95
2026-05-20,9,2026-05-29,147.99
2026-05-20,10,2026-05-30,143.82
2026-05-20,11,2026-05-31,142.99
2026-05-20,12,2026-06-01,137.15
2026-05-20,13,2026-06-02,126.62
2026-05-20,14,2026-06-03,121.66
2026-05-20,15,2026-06-04,115.63
2026-05-20,16,2026-06-05,113.54
2026-05-20,17,2026-06-06,109.86
2026-05-20,18,2026-06-07,110.48
2026-05-20,19,2026-06-08,110.32
2026-05-20,20,2026-06-09,110.65
2026-05-20,21,2026-06-10,111.6
2026-05-20,22,2026-06-11,114.64
2026-05-20,23,2026-06-12,115.27
2026-05-20,24,2026-06-13,116.3
2026-05-20,25,2026-06-14,116.47
2026-05-20,26,2026-06-15,116.69
2026-05-20,27,2026-06-16,117.43
2026-05-20,28,2026-06-17,119.7
2026-05-20,29,2026-06-18,120.42
2026-05-20,30,2026-06-19,122.14
2026-05-21,1,2026-05-22,123.43
2026-05-21,2,2026-05-23,127.77
2026-05-21,3,2026-05-24,130.81
2026-05-21,4,2026-05-25,136.01
2026-05-21,5,2026-05-26,138.86
2026-05-21,6,2026-05-27,142.47
2026-05-21,7,2026-05-28,148.87
2026-05-21,8,2026-05-29,148.97
2026-05-21,9,2026-05-30,146.46
2026-05-21,10,2026-05-31,141.38
2026-05-21,11,2026-06-01,139.17
2026-05-21,12,2026-06-02,130.71
2026-05-21,13,2026-06-03,118.96
2026-05-21,14,2026-06-04,115.05
2026-05-21,15,2026-06-05,110.7
2026-05-21,16,2026-06-06,109.95
2026-05-21,17,2026-06-07,107.66
2026-05-21,18,2026-06-08,109.64
2026-05-21,19,2026-06-09,110.88
2026-05-21,20,2026-06-10,112.84
2026-05-21,21,2026-06-11,113.64
2026-05-21,22,2026-06-12,114.28
2026-05-21,23,2026-06-13,116.29
2026-05-21,24,2026-06-14,116.75
2026-05-21,25,2026-06-15,116.33
2026-05-21,26,2026-06-16,118.98
2026-05-21,27,2026-06-17,119.58
2026-05-21,28,2026-06-18,122.1
2026-05-21,29,2026-06-19,122.64
2026-05-21,30,2026-06-20,122.84
2026-05-22,1,2026-05-23,129.95
2026-05-22,2,2026-05-24,134.62
2026-05-22,3,2026-05-25,137.74
2026-05-22,4,2026-05-26,142.85
2026-05-22,5,2026-05-27,143.49
2026-05-22,6,2026-05-28,146.17
2026-05-22,7,2026-05-29,148.58
2026-05-22,8,2026-05-30,147.46
2026-05-22,9,2026-05-31,141.0
2026-05-22,10,2026-06-01,136.55
2026-05-22,11,2026-06-02,129.48
2026-05-22,12,2026-06-03,123.55
2026-05-22,13,2026-06-04,114.4
2026-05-22,14,2026-06-05,111.7
2026-05-22,15,2026-06-06,110.14
2026-05-22,16,2026-06-07,109.24
2026-05-22,17,2026-06-08,109.87
2026-05-22,18,2026-06-09,109.9
2026-05-22,19,2026-06-10,112.41
2026-05-22,20,2026-06-11,114.74
2026-05-22,21,2026-06-12,115.28
2026-05-22,22,2026-06-13,116.7
2026-05-22,23,2026-06-14,117.66
2026-05-22,24,2026-06-15,117.49
2026-05-22,25,2026-06-16,118.9
2026-05-22,26,2026-06-17,121.94
2026-05-22,27,2026-06-18,122.9
2026-05-22,28,2026-06-19,124.2
2026-05-22,29,2026-06-20,125.98
2026-05-22,30,2026-06-21,123.68
2026-05-23,1,2026-05-24,142.55
2026-05-23,2,2026-05-25,150.67
2026-05-23,3,2026-05-26,153.15
2026-05-23,4,2026-05-27,156.6
2026-05-23,5,2026-05-28,155.82
2026-05-23,6,2026-05-29,151.93
2026-05-23,7,2026-05-30,151.17
2026-05-23,8,2026-05-31,146.34
2026-05-23,9,2026-06-01,139.17
2026-05-23,10,2026-06-02,132.06
2026-05-23,11,2026-06-03,123.47
2026-05-23,12,2026-06-04,117.12
2026-05-23,13,2026-06-05,112.55
2026-05-23,14,2026-06-06,110.07
2026-05-23,15,2026-06-07,109.36
2026-05-23,16,2026-06-08,108.75
2026-05-23,17,2026-06-09,113.7
2026-05-23,18,2026-06-10,112.86
2026-05-23,19,2026-06-11,114.13
2026-05-23,20,2026-06-12,116.89
2026-05-23,21,2026-06-13,116.7
2026-05-23,22,2026-06-14,117.37
2026-05-23,23,2026-06-15,117.76
2026-05-23,24,2026-06-16,119.23
2026-05-23,25,2026-06-17,121.46
2026-05-23,26,2026-06-18,124.69
2026-05-23,27,2026-06-19,123.0
2026-05-23,28,2026-06-20,124.7
2026-05-23,29,2026-06-21,124.45
2026-05-23,30,2026-06-22,122.66
2026-05-24,1,2026-05-25,135.53
2026-05-24,2,2026-05-26,139.05
2026-05-24,3,2026-05-27,140.64
2026-05-24,4,2026-05-28,146.43
2026-05-24,5,2026-05-29,147.3
2026-05-24,6,2026-05-30,143.75
2026-05-24,7,2026-05-31,139.6
2026-05-24,8,2026-06-01,139.65
2026-05-24,9,2026-06-02,132.36
2026-05-24,10,2026-06-03,123.57
2026-05-24,11,2026-06-04,118.47
2026-05-24,12,2026-06-05,114.29
2026-05-24,13,2026-06-06,110.54
2026-05-24,14,2026-06-07,109.68
2026-05-24,15,2026-06-08,108.87
2026-05-24,16,2026-06-09,113.62
2026-05-24,17,2026-06-10,117.96
2026-05-24,18,2026-06-11,115.46
2026-05-24,19,2026-06-12,116.71
2026-05-24,20,2026-06-13,116.29
2026-05-24,21,2026-06-14,117.04
2026-05-24,22,2026-06-15,118.0
2026-05-24,23,2026-06-16,119.79
2026-05-24,24,2026-06-17,121.55
2026-05-24,25,2026-06-18,123.23
2026-05-24,26,2026-06-19,124.3
2026-05-24,27,2026-06-20,122.82
2026-05-24,28,2026-06-21,123.76
2026-05-24,29,2026-06-22,124.66
2026-05-24,30,2026-06-23,122.35
2026-05-25,1,2026-05-26,142.77
2026-05-25,2,2026-05-27,146.48
2026-05-25,3,2026-05-28,149.71
2026-05-25,4,2026-05-29,154.13
2026-05-25,5,2026-05-30,150.13
2026-05-25,6,2026-05-31,144.28
2026-05-25,7,2026-06-01,140.9
2026-05-25,8,2026-06-02,138.52
2026-05-25,9,2026-06-03,130.87
2026-05-25,10,2026-06-04,120.15
2026-05-25,11,2026-06-05,117.85
2026-05-25,12,2026-06-06,112.43
2026-05-25,13,2026-06-07,111.43
2026-05-25,14,2026-06-08,112.95
2026-05-25,15,2026-06-09,114.92
2026-05-25,16,2026-06-10,118.31
2026-05-25,17,2026-06-11,121.99
2026-05-25,18,2026-06-12,116.41
2026-05-25,19,2026-06-13,117.45
2026-05-25,20,2026-06-14,117.58
2026-05-25,21,2026-06-15,118.58
2026-05-25,22,2026-06-16,119.87
2026-05-25,23,2026-06-17,122.53
2026-05-25,24,2026-06-18,123.49
2026-05-25,25,2026-06-19,125.16
2026-05-25,26,2026-06-20,124.93
2026-05-25,27,2026-06-21,125.81
2026-05-25,28,2026-06-22,125.99
2026-05-25,29,2026-06-23,124.81
2026-05-25,30,2026-06-24,122.47
2026-05-26,1,2026-05-27,147.48
2026-05-26,2,2026-05-28,152.9
2026-05-26,3,2026-05-29,154.02
2026-05-26,4,2026-05-30,156.19
2026-05-26,5,2026-05-31,150.89
2026-05-26,6,2026-06-01,146.25
2026-05-26,7,2026-06-02,140.26
2026-05-26,8,2026-06-03,136.29
2026-05-26,9,2026-06-04,127.32
2026-05-26,10,2026-06-05,119.36
2026-05-26,11,2026-06-06,119.28
2026-05-26,12,2026-06-07,114.02
2026-05-26,13,2026-06-08,113.72
2026-05-26,14,2026-06-09,116.16
2026-05-26,15,2026-06-10,115.29
2026-05-26,16,2026-06-11,119.87
2026-05-26,17,2026-06-12,126.99
2026-05-26,18,2026-06-13,117.5
2026-05-26,19,2026-06-14,117.79
2026-05-26,20,2026-06-15,117.97
2026-05-26,21,2026-06-16,120.08
2026-05-26,22,2026-06-17,122.43
2026-05-26,23,2026-06-18,125.98
2026-05-26,24,2026-06-19,127.35
2026-05-26,25,2026-06-20,129.86
2026-05-26,26,2026-06-21,127.85
2026-05-26,27,2026-06-22,126.94
2026-05-26,28,2026-06-23,126.78
2026-05-26,29,2026-06-24,125.62
2026-05-26,30,2026-06-25,122.84
2026-05-27,1,2026-05-28,149.84
2026-05-27,2,2026-05-29,157.63
2026-05-27,3,2026-05-30,155.8
2026-05-27,4,2026-05-31,155.64
2026-05-27,5,2026-06-01,151.15
2026-05-27,6,2026-06-02,150.04
2026-05-27,7,2026-06-03,145.72
2026-05-27,8,2026-06-04,136.08
2026-05-27,9,2026-06-05,126.3
2026-05-27,10,2026-06-06,119.2
2026-05-27,11,2026-06-07,117.91
2026-05-27,12,2026-06-08,115.7
2026-05-27,13,2026-06-09,115.74
2026-05-27,14,2026-06-10,117.18
2026-05-27,15,2026-06-11,118.99
2026-05-27,16,2026-06-12,122.01
2026-05-27,17,2026-06-13,127.01
2026-05-27,18,2026-06-14,116.79
2026-05-27,19,2026-06-15,118.48
2026-05-27,20,2026-06-16,119.68
2026-05-27,21,2026-06-17,122.18
2026-05-27,22,2026-06-18,126.11
2026-05-27,23,2026-06-19,129.33
2026-05-27,24,2026-06-20,133.16
2026-05-27,25,2026-06-21,134.83
2026-05-27,26,2026-06-22,132.53
2026-05-27,27,2026-06-23,131.74
2026-05-27,28,2026-06-24,129.29
2026-05-27,29,2026-06-25,128.26
2026-05-27,30,2026-06-26,123.67
2026-05-28,1,2026-05-29,149.16
2026-05-28,2,2026-05-30,149.24
2026-05-28,3,2026-05-31,147.46
2026-05-28,4,2026-06-01,146.34
2026-05-28,5,2026-06-02,141.32
2026-05-28,6,2026-06-03,138.96
2026-05-28,7,2026-06-04,132.6
2026-05-28,8,2026-06-05,126.6
2026-05-28,9,2026-06-06,119.67
2026-05-28,10,2026-06-07,114.9
2026-05-28,11,2026-06-08,115.79
2026-05-28,12,2026-06-09,112.76
2026-05-28,13,2026-06-10,113.17
2026-05-28,14,2026-06-11,113.98
2026-05-28,15,2026-06-12,117.81
2026-05-28,16,2026-06-13,123.91
2026-05-28,17,2026-06-14,126.51
2026-05-28,18,2026-06-15,118.42
2026-05-28,19,2026-06-16,121.36
2026-05-28,20,2026-06-17,123.09
2026-05-28,21,2026-06-18,126.5
2026-05-28,22,2026-06-19,130.38
2026-05-28,23,2026-06-20,132.68
2026-05-28,24,2026-06-21,133.83
2026-05-28,25,2026-06-22,134.38
2026-05-28,26,2026-06-23,134.45
2026-05-28,27,2026-06-24,131.12
2026-05-28,28,2026-06-25,128.07
2026-05-28,29,2026-06-26,126.64
2026-05-28,30,2026-06-27,124.02
2026-05-29,1,2026-05-30,152.65
2026-05-29,2,2026-05-31,148.03
2026-05-29,3,2026-06-01,146.29
2026-05-29,4,2026-06-02,144.56
2026-05-29,5,2026-06-03,140.31
2026-05-29,6,2026-06-04,134.16
2026-05-29,7,2026-06-05,128.87
2026-05-29,8,2026-06-06,121.51
2026-05-29,9,2026-06-07,115.15
2026-05-29,10,2026-06-08,110.29
2026-05-29,11,2026-06-09,112.76
2026-05-29,12,2026-06-10,112.23
2026-05-29,13,2026-06-11,112.66
2026-05-29,14,2026-06-12,113.86
2026-05-29,15,2026-06-13,117.11
2026-05-29,16,2026-06-14,120.3
2026-05-29,17,2026-06-15,121.8
2026-05-29,18,2026-06-16,120.57
2026-05-29,19,2026-06-17,125.11
2026-05-29,20,2026-06-18,127.21
2026-05-29,21,2026-06-19,130.29
2026-05-29,22,2026-06-20,134.92
2026-05-29,23,2026-06-21,138.0
2026-05-29,24,2026-06-22,136.72
2026-05-29,25,2026-06-23,135.51
2026-05-29,26,2026-06-24,135.73
2026-05-29,27,2026-06-25,133.46
2026-05-29,28,2026-06-26,130.65
2026-05-29,29,2026-06-27,127.41
2026-05-29,30,2026-06-28,125.21
2026-05-30,1,2026-05-31,142.89
2026-05-30,2,2026-06-01,139.08
2026-05-30,3,2026-06-02,133.14
2026-05-30,4,2026-06-03,129.78
2026-05-30,5,2026-06-04,123.27
2026-05-30,6,2026-06-05,119.76
2026-05-30,7,2026-06-06,119.65
2026-05-30,8,2026-06-07,112.89
2026-05-30,9,2026-06-08,110.0
2026-05-30,10,2026-06-09,111.31
2026-05-30,11,2026-06-10,117.48
2026-05-30,12,2026-06-11,118.07
2026-05-30,13,2026-06-12,120.66
2026-05-30,14,2026-06-13,121.99
2026-05-30,15,2026-06-14,122.41
2026-05-30,16,2026-06-15,124.03
2026-05-30,17,2026-06-16,126.87
2026-05-30,18,2026-06-17,124.78
2026-05-30,19,2026-06-18,127.55
2026-05-30,20,2026-06-19,129.51
2026-05-30,21,2026-06-20,133.74
2026-05-30,22,2026-06-21,135.8
2026-05-30,23,2026-06-22,137.24
2026-05-30,24,2026-06-23,135.21
2026-05-30,25,2026-06-24,133.42
2026-05-30,26,2026-06-25,132.5
2026-05-30,27,2026-06-26,129.83
2026-05-30,28,2026-06-27,127.79
2026-05-30,29,2026-06-28,125.56
2026-05-30,30,2026-06-29,122.06
2026-05-31,1,2026-06-01,133.93
2026-05-31,2,2026-06-02,127.65
2026-05-31,3,2026-06-03,122.66
2026-05-31,4,2026-06-04,116.28
2026-05-31,5,2026-06-05,113.4
2026-05-31,6,2026-06-06,111.75
2026-05-31,7,2026-06-07,108.09
2026-05-31,8,2026-06-08,105.19
2026-05-31,9,2026-06-09,106.24
2026-05-31,10,2026-06-10,109.84
2026-05-31,11,2026-06-11,114.59
2026-05-31,12,2026-06-12,116.59
2026-05-31,13,2026-06-13,118.95
2026-05-31,14,2026-06-14,119.74
2026-05-31,15,2026-06-15,120.09
2026-05-31,16,2026-06-16,125.81
2026-05-31,17,2026-06-17,126.33
2026-05-31,18,2026-06-18,127.45
2026-05-31,19,2026-06-19,131.86
2026-05-31,20,2026-06-20,135.15
2026-05-31,21,2026-06-21,135.41
2026-05-31,22,2026-06-22,135.77
2026-05-31,23,2026-06-23,134.63
2026-05-31,24,2026-06-24,133.26
2026-05-31,25,2026-06-25,131.18
2026-05-31,26,2026-06-26,129.81
2026-05-31,27,2026-06-27,128.33
2026-05-31,28,2026-06-28,126.0
2026-05-31,29,2026-06-29,123.35
2026-05-31,30,2026-06-30,120.45
