t_date,oof_adj,y_adj
1996-02-29,70.3665,69.0
1996-03-01,69.6514,68.1
1996-03-02,69.2166,68.0
1996-03-03,68.6288,68.4
1996-03-04,68.3061,66.8
1996-03-05,68.1043,68.8
1996-03-06,68.5256,66.6
1996-03-07,68.0947,68.2
1996-03-08,68.5122,70.9
1996-03-09,67.9813,72.4
1996-03-10,68.2184,70.5
1996-03-11,70.7924,70.0
1996-03-12,71.7745,69.6
1996-03-13,70.6533,70.3
1996-03-14,70.057,70.0
1996-03-15,69.5946,70.0
1996-03-16,70.0768,69.4
1996-03-17,70.0328,68.8
1996-03-18,69.9418,69.9
1996-03-19,69.4589,73.4
1996-03-20,69.0422,71.6
1996-03-21,69.8919,70.9
1996-03-22,72.0115,72.1
1996-03-23,71.4365,71.6
1996-03-24,70.6825,71.6
1996-03-25,70.8077,71.7
1996-03-26,70.7153,70.3
1996-03-27,70.4675,70.1
1996-03-28,70.7098,70.0
1996-03-29,69.8729,68.1
1996-03-30,69.3998,70.6
1996-03-31,69.3183,71.1
1996-04-01,68.2759,70.2
1996-04-02,69.909,70.0
1996-04-03,70.5799,68.8
1996-04-04,69.7631,68.6
1996-04-05,69.4537,68.6
1996-04-06,68.8323,69.3
1996-04-07,68.6971,69.1
1996-04-08,68.6898,68.8
1996-04-09,69.211,68.7
1996-04-10,69.1475,69.3
1996-04-11,68.9924,69.1
1996-04-12,69.4817,68.5
1996-04-13,69.5078,68.8
1996-04-14,69.3102,69.9
1996-04-15,68.9742,70.8
1996-04-16,68.9885,71.2
1996-04-17,69.9219,72.3
1996-04-18,70.5066,74.8
1996-04-19,70.6485,73.2
1996-04-20,71.7304,71.9
1996-04-21,72.6962,69.5
1996-04-22,71.7068,68.7
1996-04-23,71.0077,69.1
1996-04-24,69.4889,69.2
1996-04-25,68.8016,68.6
1996-04-26,68.9691,69.5
1996-04-27,68.9684,69.6
1996-04-28,68.6277,68.9
1996-04-29,69.1159,69.0
1996-04-30,68.914,69.5
1996-05-01,68.6479,70.6
1996-05-02,68.9087,72.0
1996-05-03,69.4,76.0
1996-05-04,70.278,76.3
1996-05-05,71.0542,77.5
1996-05-06,75.0058,77.7
1996-05-07,75.9391,79.1
1996-05-08,76.2567,78.0
1996-05-09,77.9272,75.1
1996-05-10,77.8175,74.3
1996-05-11,76.8343,73.4
1996-05-12,74.55,72.5
1996-05-13,73.7896,72.6
1996-05-14,72.8654,72.9
1996-05-15,72.378,72.0
1996-05-16,72.1983,70.4
1996-05-17,71.8878,69.6
1996-05-18,71.0152,68.5
1996-05-19,69.7802,68.1
1996-05-20,68.9993,68.9
1996-05-21,68.57,69.0
1996-05-22,68.46,68.7
1996-05-23,68.9878,68.7
1996-05-24,69.0175,68.4
1996-05-25,68.9714,67.8
1996-05-26,68.8931,68.3
1996-05-27,68.8523,68.4
1996-05-28,68.7385,69.9
1996-05-29,69.3482,70.8
1996-05-30,69.6576,70.7
1996-05-31,70.5488,71.3
1996-06-01,70.9952,71.6
1996-06-02,70.8155,73.0
1996-06-03,70.7893,73.9
1996-06-04,71.2345,75.9
1996-06-05,72.2452,72.9
1996-06-06,73.3316,72.4
1996-06-07,74.8156,71.5
1996-06-08,72.8577,70.6
1996-06-09,72.2647,69.7
1996-06-10,71.4616,70.7
1996-06-11,70.5453,70.1
1996-06-12,69.9986,69.5
1996-06-13,69.8526,69.6
1996-06-14,69.5947,69.8
1996-06-15,68.9904,69.9
1996-06-16,69.0896,70.7
1996-06-17,69.3037,71.9
1996-06-18,69.5895,72.7
1996-06-19,71.1347,72.6
1996-06-20,71.8417,72.0
1996-06-21,72.7093,75.2
1996-06-22,73.0967,74.7
1996-06-23,72.2384,74.5
1996-06-24,74.4864,74.0
1996-06-25,74.4551,74.2
1996-06-26,74.4238,73.7
1996-06-27,73.754,73.6
1996-06-28,73.0281,73.3
1996-06-29,72.9917,72.8
1996-06-30,72.8511,71.3
1996-07-01,72.6058,71.5
1996-07-02,72.4788,71.0
1996-07-03,71.2295,70.5
1996-07-04,70.8454,74.3
1996-07-05,70.4314,84.3
1996-07-06,69.8831,86.5
1996-07-07,72.7278,82.5
1996-07-08,80.6884,79.6
1996-07-09,81.7692,76.2
1996-07-10,78.4141,72.5
1996-07-11,75.5071,70.0
1996-07-12,73.6592,69.3
1996-07-13,72.0867,69.1
1996-07-14,70.335,69.0
1996-07-15,69.4811,67.0
1996-07-16,69.2546,68.3
1996-07-17,69.1986,67.5
1996-07-18,68.6953,67.2
1996-07-19,69.2566,68.2
1996-07-20,68.7056,68.9
1996-07-21,68.6292,68.3
1996-07-22,68.9988,70.4
1996-07-23,69.8913,72.4
1996-07-24,69.8117,75.6
1996-07-25,71.0498,77.8
1996-07-26,72.7736,80.3
1996-07-27,76.5028,82.3
1996-07-28,79.9454,82.7
1996-07-29,81.3916,82.8
1996-07-30,84.3561,81.9
1996-07-31,82.1348,81.6
1996-08-01,81.8152,79.9
1996-08-02,81.0871,76.2
1996-08-03,80.4254,75.1
1996-08-04,77.152,73.7
1996-08-05,74.0773,71.7
1996-08-06,72.7316,72.1
1996-08-07,72.0548,73.6
1996-08-08,70.7553,74.8
1996-08-09,71.2291,72.0
1996-08-10,72.1804,71.4
1996-08-11,73.3762,70.5
1996-08-12,71.6091,69.3
1996-08-13,71.0932,69.3
1996-08-14,70.4068,69.5
1996-08-15,69.6632,68.4
1996-08-16,69.4947,69.3
1996-08-17,69.883,70.1
1996-08-18,69.9567,71.3
1996-08-19,71.1422,74.5
1996-08-20,71.6645,75.8
1996-08-21,72.1253,76.2
1996-08-22,74.3489,76.3
1996-08-23,76.3066,75.8
1996-08-24,76.6738,75.9
1996-08-25,76.4873,74.7
1996-08-26,76.5704,75.0
1996-08-27,75.1579,74.7
1996-08-28,74.2282,77.6
1996-08-29,74.3185,74.8
1996-08-30,74.1252,73.6
1996-08-31,76.7358,72.4
1996-09-01,74.4173,72.0
1996-09-02,73.2682,71.4
1996-09-03,72.529,70.8
1996-09-04,71.2418,70.5
1996-09-05,70.5988,69.2
1996-09-06,70.093,68.8
1996-09-07,70.3834,68.9
1996-09-08,69.2612,68.5
1996-09-09,68.8304,68.6
1996-09-10,68.7069,68.1
1996-09-11,68.4269,67.9
1996-09-12,69.0935,67.1
1996-09-13,68.8195,68.7
1996-09-14,68.9399,69.6
1996-09-15,69.1001,69.6
1996-09-16,69.5739,69.8
1996-09-17,69.8927,69.7
1996-09-18,69.8327,70.3
1996-09-19,70.0627,69.1
1996-09-20,69.9636,70.4
1996-09-21,70.311,70.4
1996-09-22,69.7144,71.2
1996-09-23,70.1963,70.4
1996-09-24,70.2304,70.1
1996-09-25,70.6489,71.2
1996-09-26,70.3763,70.3
1996-09-27,69.9852,69.7
1996-09-28,70.2883,69.6
1996-09-29,69.8654,69.8
1996-09-30,69.5097,69.6
1996-10-01,69.1286,69.4
1996-10-02,69.3539,68.5
1996-10-03,69.0124,68.8
1996-10-04,68.9543,68.2
1996-10-05,68.4732,67.7
1996-10-06,68.585,67.7
1996-10-07,68.2916,67.4
1996-10-08,68.3499,66.4
1996-10-09,68.4623,66.9
1996-10-10,68.3868,67.3
1996-10-11,68.3752,68.2
1996-10-12,68.3983,68.6
1996-10-13,68.4052,68.1
1996-10-14,68.5425,68.0
1996-10-15,68.8026,69.0
1996-10-16,68.5821,70.4
1996-10-17,68.531,70.6
1996-10-18,68.9142,69.0
1996-10-19,69.7194,69.1
1996-10-20,69.8699,69.1
1996-10-21,69.0126,69.1
1996-10-22,68.9511,69.1
1996-10-23,68.932,70.3
1996-10-24,68.8703,71.2
1996-10-25,68.906,67.5
1996-10-26,69.6451,69.4
1996-10-27,70.117,69.7
1996-10-28,68.3718,68.6
1996-10-29,68.8648,68.5
1996-10-30,69.1218,67.9
1996-10-31,68.4031,68.3
1996-11-01,68.3195,67.8
1996-11-02,68.0906,67.1
1996-11-03,68.2048,68.0
1996-11-04,68.0759,67.3
1996-11-05,67.9792,67.8
1996-11-06,68.0836,68.9
1996-11-07,67.9839,69.6
1996-11-08,68.091,70.0
1996-11-09,68.5712,70.7
1996-11-10,69.5044,71.5
1996-11-11,69.9808,72.1
1996-11-12,70.7285,71.9
1996-11-13,71.2604,72.2
1996-11-14,71.3633,70.4
1996-11-15,71.3787,72.4
1996-11-16,72.2469,72.6
1996-11-17,70.6616,72.7
1996-11-18,71.5952,72.6
1996-11-19,72.0972,80.6
1996-11-20,71.9557,88.7
1996-11-21,72.4425,97.3
1996-11-22,78.0874,101.7
1996-11-23,85.731,100.8
1996-11-24,93.1275,100.0
1996-11-25,98.6099,95.4
1996-11-26,95.5973,88.5
1996-11-27,92.6641,85.1
1996-11-28,83.9783,80.8
1996-11-29,79.4306,75.7
1996-11-30,76.8267,70.7
1996-12-01,73.957,68.6
1996-12-02,72.7637,67.6
1996-12-03,70.3147,67.6
1996-12-04,68.8871,67.1
1996-12-05,68.6107,66.6
1996-12-06,68.8403,71.5
1996-12-07,68.9184,70.2
1996-12-08,69.1534,75.2
1996-12-09,71.5294,78.6
1996-12-10,71.3384,79.2
1996-12-11,75.1033,80.0
1996-12-12,79.7477,82.3
1996-12-13,82.3336,83.5
1996-12-14,82.4001,83.6
1996-12-15,84.8242,85.6
1996-12-16,85.2547,84.6
1996-12-17,85.0782,80.3
1996-12-18,86.1034,80.9
1996-12-19,84.0719,78.9
1996-12-20,79.2278,76.9
1996-12-21,79.1529,76.4
1996-12-22,78.0395,74.7
1996-12-23,75.6249,73.0
1996-12-24,75.0568,72.2
1996-12-25,73.9686,71.8
1996-12-26,72.5723,71.4
1996-12-27,71.6792,70.1
1996-12-28,71.0873,69.8
1996-12-29,70.487,70.0
1996-12-30,69.7804,69.7
1996-12-31,69.7216,70.8
1997-01-01,70.0915,71.4
1997-01-02,70.5329,71.9
1997-01-03,71.5287,70.6
1997-01-04,72.5286,70.9
1997-01-05,73.3112,71.3
1997-01-06,72.8753,71.3
1997-01-07,72.7973,72.9
1997-01-08,73.147,71.6
1997-01-09,73.0703,72.1
1997-01-10,74.1012,72.1
1997-01-11,73.2262,72.4
1997-01-12,73.1851,73.3
1997-01-13,72.9138,72.4
1997-01-14,73.0355,71.7
1997-01-15,73.5721,72.2
1997-01-16,73.3539,72.9
1997-01-17,71.9056,74.3
1997-01-18,71.8786,71.8
1997-01-19,72.0046,70.7
1997-01-20,73.1825,71.1
1997-01-21,71.7653,71.9
1997-01-22,70.2432,70.9
1997-01-23,70.4134,71.9
1997-01-24,71.2069,71.3
1997-01-25,70.2072,70.8
1997-01-26,70.8896,72.4
1997-01-27,70.6159,71.5
1997-01-28,70.2868,70.3
1997-01-29,72.3051,69.2
1997-01-30,71.6653,76.2
1997-01-31,70.7485,77.4
1997-02-01,69.815,78.4
1997-02-02,74.5436,73.3
1997-02-03,75.4105,72.2
1997-02-04,76.314,73.7
1997-02-05,72.9139,73.2
1997-02-06,71.9014,71.2
1997-02-07,73.0145,70.4
1997-02-08,72.4456,69.3
1997-02-09,71.3557,69.1
1997-02-10,70.4255,69.3
1997-02-11,69.5737,69.6
1997-02-12,69.3721,70.1
1997-02-13,69.4333,70.3
1997-02-14,69.4552,71.4
1997-02-15,69.8303,71.2
1997-02-16,70.164,70.4
1997-02-17,70.6284,71.0
1997-02-18,70.9239,71.6
1997-02-19,70.6918,71.9
1997-02-20,70.938,73.0
1997-02-21,71.5485,73.1
1997-02-22,71.5764,72.6
1997-02-23,72.3032,72.4
1997-02-24,73.1175,72.4
1997-02-25,73.5489,71.5
1997-02-26,72.8,72.9
1997-02-27,72.5001,71.1
1997-02-28,71.5217,72.8
1997-03-01,71.9377,72.8
1997-03-02,70.8788,73.4
1997-03-03,71.8231,74.2
1997-03-04,72.0124,73.1
1997-03-05,72.3024,73.6
1997-03-06,74.1567,74.1
1997-03-07,73.5208,73.8
1997-03-08,73.7855,73.4
1997-03-09,74.258,73.4
1997-03-10,73.2126,73.3
1997-03-11,72.7262,74.7
1997-03-12,72.7978,75.0
1997-03-13,72.6689,75.0
1997-03-14,73.6469,74.4
1997-03-15,73.9724,73.7
1997-03-16,73.9069,73.1
1997-03-17,73.5035,71.0
1997-03-18,73.2056,70.0
1997-03-19,72.3152,70.1
1997-03-20,71.3047,70.3
1997-03-21,70.3128,70.6
1997-03-22,70.2196,70.2
1997-03-23,70.2076,69.5
1997-03-24,70.3084,71.9
1997-03-25,70.042,72.9
1997-03-26,69.4746,75.1
1997-03-27,71.1714,73.8
1997-03-28,73.2782,74.6
1997-03-29,75.1097,76.2
1997-03-30,75.0867,80.4
1997-03-31,74.1444,78.8
1997-04-01,75.3008,78.6
1997-04-02,78.7511,80.3
1997-04-03,79.0283,78.3
1997-04-04,78.1312,77.0
1997-04-05,78.6485,76.3
1997-04-06,76.9428,78.3
1997-04-07,75.4998,78.0
1997-04-08,75.1852,77.4
1997-04-09,76.8158,76.9
1997-04-10,77.0678,79.3
1997-04-11,75.7373,77.9
1997-04-12,75.0672,79.2
1997-04-13,76.742,75.6
1997-04-14,76.1591,72.3
1997-04-15,76.4827,70.7
1997-04-16,73.9298,70.6
1997-04-17,71.9654,70.4
1997-04-18,71.2135,70.9
1997-04-19,71.147,71.5
1997-04-20,70.6426,69.7
1997-04-21,71.0344,70.7
1997-04-22,71.9822,69.6
1997-04-23,71.1818,71.8
1997-04-24,71.6508,74.1
1997-04-25,71.0453,73.4
1997-04-26,72.4184,72.9
1997-04-27,74.2718,73.7
1997-04-28,74.1723,73.4
1997-04-29,73.81,73.3
1997-04-30,74.3728,72.3
1997-05-01,74.0104,72.1
1997-05-02,73.9396,73.6
1997-05-03,73.7281,73.4
1997-05-04,73.0067,73.3
1997-05-05,73.6207,73.3
1997-05-06,74.4741,73.0
1997-05-07,74.1026,74.8
1997-05-08,72.9455,73.8
1997-05-09,72.5771,73.7
1997-05-10,73.8238,75.4
1997-05-11,73.3579,75.1
1997-05-12,73.1839,74.7
1997-05-13,74.318,73.9
1997-05-14,74.2203,74.4
1997-05-15,74.0391,75.8
1997-05-16,73.8296,76.0
1997-05-17,73.964,81.1
1997-05-18,75.0574,86.9
1997-05-19,75.9083,83.0
1997-05-20,79.6441,78.1
1997-05-21,85.7055,78.9
1997-05-22,82.3913,80.1
1997-05-23,77.2193,82.0
1997-05-24,76.5758,80.4
1997-05-25,76.7456,79.5
1997-05-26,79.2548,77.6
1997-05-27,78.3717,77.2
1997-05-28,77.948,74.5
1997-05-29,77.8898,79.6
1997-05-30,76.8644,79.1
1997-05-31,75.4668,77.4
1997-06-01,77.9288,76.1
1997-06-02,78.0074,76.1
1997-06-03,76.2989,76.4
1997-06-04,75.7835,76.9
1997-06-05,75.9337,75.4
1997-06-06,75.4617,75.3
1997-06-07,75.8473,74.2
1997-06-08,76.1235,73.0
1997-06-09,75.6864,71.8
1997-06-10,75.5536,72.3
1997-06-11,74.5019,72.9
1997-06-12,73.8082,73.0
1997-06-13,73.9902,74.4
1997-06-14,74.138,71.8
1997-06-15,74.1716,73.5
1997-06-16,74.9031,72.4
1997-06-17,73.33,72.5
1997-06-18,74.0893,69.8
1997-06-19,73.7755,71.8
1997-06-20,73.8918,71.3
1997-06-21,71.7456,72.2
1997-06-22,72.1958,74.1
1997-06-23,72.2662,74.2
1997-06-24,72.7901,74.1
1997-06-25,74.299,73.6
1997-06-26,74.273,72.6
1997-06-27,74.1418,72.1
1997-06-28,73.5769,72.4
1997-06-29,73.0389,72.4
1997-06-30,72.2127,71.4
1997-07-01,72.4752,72.0
1997-07-02,73.0256,72.0
1997-07-03,71.8102,70.6
1997-07-04,71.6287,72.6
1997-07-05,71.4402,72.1
1997-07-06,70.7125,72.3
1997-07-07,72.4751,70.8
1997-07-08,72.3587,70.9
1997-07-09,72.7644,69.6
1997-07-10,71.394,69.3
1997-07-11,70.9605,70.3
1997-07-12,69.7941,71.5
1997-07-13,69.6039,71.9
1997-07-14,70.2078,72.2
1997-07-15,71.068,72.3
1997-07-16,71.3259,72.8
1997-07-17,71.6386,73.5
1997-07-18,72.1762,73.6
1997-07-19,72.4931,74.5
1997-07-20,73.1033,78.1
1997-07-21,72.9435,81.2
1997-07-22,74.4718,83.0
1997-07-23,77.8992,79.0
1997-07-24,81.1385,76.8
1997-07-25,81.7171,76.5
1997-07-26,77.6609,75.0
1997-07-27,74.8915,73.2
1997-07-28,74.699,72.5
1997-07-29,74.0997,73.2
1997-07-30,72.75,72.9
1997-07-31,72.4033,74.3
1997-08-01,72.3656,74.9
1997-08-02,72.6135,76.9
1997-08-03,74.0139,79.0
1997-08-04,73.8475,80.1
1997-08-05,75.4576,79.9
1997-08-06,77.6775,80.3
1997-08-07,77.8158,80.4
1997-08-08,78.9423,81.6
1997-08-09,78.8106,83.0
1997-08-10,78.5623,84.2
1997-08-11,81.8842,81.6
1997-08-12,82.8841,79.6
1997-08-13,83.438,79.8
1997-08-14,82.6567,77.4
1997-08-15,79.1009,77.7
1997-08-16,78.3017,76.1
1997-08-17,76.5656,76.3
1997-08-18,76.5185,76.3
1997-08-19,75.4238,77.2
1997-08-20,75.4059,78.2
1997-08-21,75.5702,79.4
1997-08-22,75.8388,83.7
1997-08-23,77.5532,85.5
1997-08-24,78.3861,83.5
1997-08-25,83.0427,92.3
1997-08-26,85.9492,93.3
1997-08-27,84.3973,93.8
1997-08-28,91.4014,98.2
1997-08-29,93.2187,95.1
1997-08-30,92.8283,93.3
1997-08-31,96.9301,94.7
1997-09-01,92.397,94.6
1997-09-02,87.8621,97.6
1997-09-03,86.7442,99.1
1997-09-04,87.5559,103.6
1997-09-05,90.7543,109.3
1997-09-06,95.4625,117.7
1997-09-07,102.2154,116.4
1997-09-08,111.1626,110.0
1997-09-09,118.1549,110.3
1997-09-10,105.0826,108.9
1997-09-11,96.3651,103.7
1997-09-12,95.3133,99.1
1997-09-13,94.0382,96.4
1997-09-14,91.9377,94.0
1997-09-15,88.4771,89.0
1997-09-16,85.7306,89.1
1997-09-17,85.9565,88.4
1997-09-18,85.7943,85.8
1997-09-19,86.6405,89.6
1997-09-20,87.4283,92.3
1997-09-21,87.1965,93.5
1997-09-22,91.9566,88.9
1997-09-23,95.6357,89.5
1997-09-24,97.5095,88.8
1997-09-25,95.5461,87.5
1997-09-26,94.7455,90.0
1997-09-27,90.8496,87.9
1997-09-28,89.7118,87.3
1997-09-29,90.4364,86.0
1997-09-30,92.1669,85.8
1997-10-01,92.8603,83.4
1997-10-02,90.442,84.3
1997-10-03,89.0987,83.6
1997-10-04,86.6236,83.4
1997-10-05,85.9382,82.7
1997-10-06,85.6694,83.3
1997-10-07,86.2691,84.0
1997-10-08,85.5779,85.8
1997-10-09,86.1421,88.3
1997-10-10,85.259,87.8
1997-10-11,86.7811,84.3
1997-10-12,90.4623,86.4
1997-10-13,90.4754,86.9
1997-10-14,87.0226,87.5
1997-10-15,88.0831,85.9
1997-10-16,88.1129,84.0
1997-10-17,88.4382,82.1
1997-10-18,87.3956,84.2
1997-10-19,83.9613,79.9
1997-10-20,82.6181,78.8
1997-10-21,83.8983,77.7
1997-10-22,81.6168,80.5
1997-10-23,81.0824,81.0
1997-10-24,80.7999,83.3
1997-10-25,82.334,84.4
1997-10-26,83.1472,86.0
1997-10-27,86.7147,86.9
1997-10-28,87.531,89.2
1997-10-29,88.3474,91.6
1997-10-30,90.1339,96.2
1997-10-31,90.255,108.0
1997-11-01,92.1828,115.9
1997-11-02,94.7957,111.9
1997-11-03,107.4858,103.5
1997-11-04,104.0161,92.7
1997-11-05,98.5043,87.9
1997-11-06,90.3966,84.8
1997-11-07,83.1911,87.6
1997-11-08,81.9788,89.6
1997-11-09,80.8903,85.4
1997-11-10,82.2981,88.2
1997-11-11,84.4012,91.0
1997-11-12,82.4301,94.1
1997-11-13,86.9322,94.1
1997-11-14,91.8853,92.0
1997-11-15,96.5548,89.4
1997-11-16,96.7744,96.8
1997-11-17,92.9894,86.5
1997-11-18,91.7398,93.6
1997-11-19,98.431,97.7
1997-11-20,92.0995,97.3
1997-11-21,95.8738,100.6
1997-11-22,98.6426,99.4
1997-11-23,97.0212,105.2
1997-11-24,97.7748,108.2
1997-11-25,95.2642,113.2
1997-11-26,105.5857,109.0
1997-11-27,111.7705,109.3
1997-11-28,117.0774,113.7
1997-11-29,114.4204,109.0
1997-11-30,107.2073,109.0
1997-12-01,109.67,104.2
1997-12-02,105.8481,100.7
1997-12-03,102.9021,105.6
1997-12-04,98.6775,96.0
1997-12-05,93.5693,95.1
1997-12-06,98.8608,93.8
1997-12-07,90.7226,92.2
1997-12-08,91.8388,93.4
1997-12-09,92.8181,89.6
1997-12-10,91.5818,86.5
1997-12-11,91.0654,87.1
1997-12-12,88.5163,86.3
1997-12-13,86.0141,82.0
1997-12-14,85.7546,82.9
1997-12-15,85.9157,83.5
1997-12-16,85.346,86.8
1997-12-17,84.8725,86.7
1997-12-18,86.3697,89.0
1997-12-19,89.5032,85.5
1997-12-20,91.622,100.7
1997-12-21,95.1223,104.3
1997-12-22,92.4811,101.3
1997-12-23,109.4088,101.3
1997-12-24,108.1315,92.7
1997-12-25,105.0179,98.7
1997-12-26,103.04,101.0
1997-12-27,93.5818,101.0
1997-12-28,96.8227,101.1
1997-12-29,99.507,98.3
1997-12-30,98.7834,97.6
1997-12-31,98.6302,97.7
1998-01-01,93.7211,87.7
1998-01-02,90.7996,86.3
1998-01-03,91.3178,84.1
1998-01-04,86.1243,82.1
1998-01-05,84.1249,79.5
1998-01-06,83.1006,78.9
1998-01-07,82.7557,78.0
1998-01-08,80.7555,82.0
1998-01-09,79.7511,92.7
1998-01-10,79.8195,87.5
1998-01-11,84.5279,90.8
1998-01-12,96.8786,94.6
1998-01-13,93.0877,94.4
1998-01-14,94.1755,93.1
1998-01-15,95.1632,92.0
1998-01-16,94.4498,90.5
1998-01-17,93.1528,88.5
1998-01-18,90.7733,88.0
1998-01-19,89.7772,90.1
1998-01-20,89.3833,93.9
1998-01-21,88.837,94.5
1998-01-22,90.1582,105.0
1998-01-23,96.08,96.9
1998-01-24,99.2351,97.7
1998-01-25,108.7956,93.7
1998-01-26,97.1958,90.9
1998-01-27,94.6079,88.4
1998-01-28,90.2215,86.8
1998-01-29,86.2812,88.1
1998-01-30,83.9794,86.5
1998-01-31,83.4553,86.3
1998-02-01,86.1452,86.6
1998-02-02,85.9436,83.1
1998-02-03,87.7436,81.8
1998-02-04,89.0332,80.8
1998-02-05,87.4423,81.3
1998-02-06,86.3255,81.5
1998-02-07,83.6983,81.5
1998-02-08,85.2856,84.0
1998-02-09,86.0255,88.3
1998-02-10,87.3585,92.3
1998-02-11,89.4307,102.3
1998-02-12,93.9573,104.7
1998-02-13,99.0708,104.2
1998-02-14,106.339,102.4
1998-02-15,105.8126,100.9
1998-02-16,104.1529,96.3
1998-02-17,100.4666,93.6
1998-02-18,94.7932,92.8
1998-02-19,87.9608,93.5
1998-02-20,86.9133,97.3
1998-02-21,85.9469,96.6
1998-02-22,87.8371,92.9
1998-02-23,93.2931,90.9
1998-02-24,96.768,88.6
1998-02-25,93.1208,92.3
1998-02-26,87.9804,96.5
1998-02-27,85.3052,95.1
1998-02-28,86.864,95.0
1998-03-01,91.1171,100.0
1998-03-02,92.0714,95.1
1998-03-03,88.9581,90.3
1998-03-04,91.96,90.5
1998-03-05,88.0282,89.9
1998-03-06,87.0727,88.7
1998-03-07,90.3825,95.0
1998-03-08,91.8072,99.4
1998-03-09,91.3739,100.3
1998-03-10,96.5001,103.7
1998-03-11,103.3022,118.2
1998-03-12,105.7106,131.6
1998-03-13,107.552,122.6
1998-03-14,114.5464,124.3
1998-03-15,122.6575,125.9
1998-03-16,113.914,123.5
1998-03-17,106.2657,125.5
1998-03-18,106.6688,124.9
1998-03-19,106.3125,126.8
1998-03-20,106.3225,121.3
1998-03-21,107.3102,119.9
1998-03-22,113.1406,114.4
1998-03-23,112.3195,109.5
1998-03-24,114.9941,110.0
1998-03-25,105.5495,103.6
1998-03-26,101.2795,100.0
1998-03-27,100.3945,107.2
1998-03-28,95.0663,107.9
1998-03-29,95.3735,105.6
1998-03-30,99.521,103.4
1998-03-31,102.2248,103.6
1998-04-01,102.2545,110.2
1998-04-02,100.5647,126.4
1998-04-03,102.2542,133.7
1998-04-04,110.6401,135.5
1998-04-05,130.0149,141.0
1998-04-06,139.3322,140.2
1998-04-07,145.4022,130.2
1998-04-08,151.0292,128.8
1998-04-09,144.9729,117.6
1998-04-10,129.0528,115.5
1998-04-11,122.5347,112.6
1998-04-12,109.5959,113.5
1998-04-13,106.5091,107.2
1998-04-14,105.7341,102.1
1998-04-15,106.046,99.4
1998-04-16,100.5041,96.7
1998-04-17,95.6364,98.7
1998-04-18,94.608,92.9
1998-04-19,95.0349,88.5
1998-04-20,97.4931,91.3
1998-04-21,95.9294,91.7
1998-04-22,92.0575,93.0
1998-04-23,93.6703,91.8
1998-04-24,96.442,92.6
1998-04-25,100.5828,99.8
1998-04-26,101.7125,99.1
1998-04-27,102.8697,104.1
1998-04-28,111.2545,115.1
1998-04-29,110.4583,118.8
1998-04-30,114.0694,119.3
1998-05-01,124.0011,123.2
1998-05-02,125.23,135.7
1998-05-03,120.3689,132.4
1998-05-04,119.4336,125.6
1998-05-05,128.7364,120.2
1998-05-06,121.5566,112.8
1998-05-07,110.5384,109.3
1998-05-08,108.6256,110.2
1998-05-09,106.91,114.4
1998-05-10,104.2295,119.1
1998-05-11,107.2461,119.8
1998-05-12,114.0715,118.6
1998-05-13,117.984,120.4
1998-05-14,116.1527,113.0
1998-05-15,110.5537,104.6
1998-05-16,110.2087,101.5
1998-05-17,103.6127,94.1
1998-05-18,97.745,91.2
1998-05-19,95.983,89.6
1998-05-20,93.7295,92.6
1998-05-21,95.8329,98.0
1998-05-22,96.6318,94.7
1998-05-23,96.9295,94.9
1998-05-24,104.1012,96.6
1998-05-25,102.8746,101.1
1998-05-26,101.3269,97.6
1998-05-27,103.406,98.8
1998-05-28,105.4215,96.8
1998-05-29,102.69,103.0
1998-05-30,105.2517,107.7
1998-05-31,104.512,116.4
1998-06-01,109.0742,115.0
1998-06-02,114.1497,118.4
1998-06-03,120.8643,118.5
1998-06-04,123.5351,116.4
1998-06-05,124.7391,120.5
1998-06-06,116.1426,115.7
1998-06-07,110.4919,115.3
1998-06-08,112.6253,115.8
1998-06-09,109.088,115.7
1998-06-10,105.1692,113.9
1998-06-11,106.2309,105.1
1998-06-12,109.4179,103.6
1998-06-13,107.2581,107.3
1998-06-14,101.5702,103.9
1998-06-15,101.4843,103.3
1998-06-16,104.7621,101.8
1998-06-17,104.2569,104.4
1998-06-18,103.7586,105.4
1998-06-19,101.6042,103.8
1998-06-20,102.6181,98.9
1998-06-21,103.0574,108.8
1998-06-22,98.7778,109.7
1998-06-23,98.9362,112.8
1998-06-24,108.7661,119.1
1998-06-25,119.6825,126.1
1998-06-26,123.6235,123.3
1998-06-27,128.1392,125.0
1998-06-28,134.5489,131.1
1998-06-29,129.1434,124.4
1998-06-30,127.7887,131.9
1998-07-01,132.2368,133.5
1998-07-02,122.8509,127.6
1998-07-03,127.5436,125.2
1998-07-04,127.6697,118.5
1998-07-05,121.5428,116.2
1998-07-06,115.6523,118.2
1998-07-07,109.0762,112.9
1998-07-08,105.5548,111.3
1998-07-09,106.7477,102.6
1998-07-10,105.9519,109.7
1998-07-11,108.2074,106.3
1998-07-12,103.3489,108.2
1998-07-13,106.9164,109.7
1998-07-14,104.8877,103.6
1998-07-15,107.4113,102.4
1998-07-16,113.5181,105.2
1998-07-17,105.9367,115.4
1998-07-18,103.7223,113.9
1998-07-19,105.3377,117.8
1998-07-20,118.4401,119.1
1998-07-21,121.293,129.2
1998-07-22,128.7549,125.5
1998-07-23,130.5804,122.8
1998-07-24,138.3625,123.2
1998-07-25,129.8767,125.1
1998-07-26,119.9186,123.1
1998-07-27,119.3479,118.3
1998-07-28,122.3873,117.2
1998-07-29,117.5861,115.4
1998-07-30,109.7351,112.9
1998-07-31,109.6561,111.7
1998-08-01,106.9424,119.2
1998-08-02,110.3648,130.5
1998-08-03,110.1522,142.2
1998-08-04,117.7771,149.1
1998-08-05,133.0569,150.9
1998-08-06,148.6784,158.3
1998-08-07,159.6603,153.3
1998-08-08,155.2723,154.1
1998-08-09,163.8863,150.9
1998-08-10,152.7177,140.4
1998-08-11,143.5559,140.6
1998-08-12,140.5607,136.8
1998-08-13,131.0225,143.3
1998-08-14,136.1588,139.7
1998-08-15,133.5626,136.8
1998-08-16,133.4402,137.9
1998-08-17,128.7074,141.9
1998-08-18,124.1859,135.2
1998-08-19,134.5197,135.9
1998-08-20,141.9119,129.3
1998-08-21,137.2598,126.0
1998-08-22,136.624,124.8
1998-08-23,129.1069,129.6
1998-08-24,123.476,137.8
1998-08-25,123.8717,142.0
1998-08-26,128.9749,149.4
1998-08-27,143.7879,166.4
1998-08-28,148.9191,181.8
1998-08-29,156.1894,180.2
1998-08-30,168.3926,166.3
1998-08-31,180.2489,165.5
1998-09-01,168.9759,157.3
1998-09-02,148.771,156.8
1998-09-03,148.4275,167.1
1998-09-04,145.6977,153.5
1998-09-05,146.7241,155.8
1998-09-06,160.1942,147.4
1998-09-07,140.2705,143.6
1998-09-08,139.7579,140.4
1998-09-09,137.2669,136.6
1998-09-10,133.913,132.3
1998-09-11,133.2578,123.3
1998-09-12,131.687,118.6
1998-09-13,129.9557,119.9
1998-09-14,123.3554,118.6
1998-09-15,120.1656,123.7
1998-09-16,120.5381,128.0
1998-09-17,125.4293,133.3
1998-09-18,133.632,139.4
1998-09-19,140.8146,142.1
1998-09-20,144.7918,144.1
1998-09-21,149.4013,136.2
1998-09-22,151.1458,139.2
1998-09-23,150.6036,136.2
1998-09-24,140.4488,128.0
1998-09-25,140.4402,123.0
1998-09-26,133.662,116.3
1998-09-27,131.3125,121.8
1998-09-28,128.1926,119.1
1998-09-29,120.0914,112.9
1998-09-30,120.9629,112.0
1998-10-01,119.9222,114.9
1998-10-02,118.0221,117.1
1998-10-03,118.8379,116.9
1998-10-04,124.4511,124.1
1998-10-05,125.4575,123.8
1998-10-06,126.8919,123.2
1998-10-07,137.1906,120.3
1998-10-08,137.9425,118.5
1998-10-09,132.8172,113.4
1998-10-10,124.5721,117.5
1998-10-11,122.1049,118.4
1998-10-12,116.4125,130.4
1998-10-13,120.8929,130.1
1998-10-14,125.5045,134.4
1998-10-15,136.7557,125.0
1998-10-16,133.1689,116.8
1998-10-17,131.1078,120.2
1998-10-18,119.7195,117.2
1998-10-19,113.8843,113.8
1998-10-20,116.1047,111.4
1998-10-21,115.2924,109.6
1998-10-22,110.6088,106.3
1998-10-23,108.3854,102.8
1998-10-24,108.7575,101.8
1998-10-25,109.4919,106.4
1998-10-26,109.1787,108.0
1998-10-27,109.771,109.9
1998-10-28,114.0653,117.0
1998-10-29,118.929,119.5
1998-10-30,121.441,124.1
1998-10-31,124.6064,129.9
1998-11-01,128.2482,139.0
1998-11-02,132.5026,150.1
1998-11-03,138.3373,138.4
1998-11-04,151.3225,145.8
1998-11-05,164.3466,149.9
1998-11-06,148.4608,159.3
1998-11-07,147.5823,150.8
1998-11-08,142.1979,144.1
1998-11-09,149.5112,138.7
1998-11-10,144.6697,132.6
1998-11-11,139.4191,123.8
1998-11-12,137.7468,123.7
1998-11-13,128.7985,121.8
1998-11-14,120.4374,118.0
1998-11-15,118.5634,112.2
1998-11-16,112.7509,113.7
1998-11-17,110.148,118.6
1998-11-18,104.4047,118.3
1998-11-19,105.4549,123.0
1998-11-20,114.4837,126.7
1998-11-21,119.6497,136.7
1998-11-22,124.2009,145.6
1998-11-23,133.3214,152.3
1998-11-24,149.2586,154.7
1998-11-25,162.29,160.4
1998-11-26,167.8843,163.2
1998-11-27,167.3443,158.9
1998-11-28,166.0707,158.2
1998-11-29,160.8202,147.4
1998-11-30,155.8772,148.7
1998-12-01,156.1191,144.0
1998-12-02,145.474,138.3
1998-12-03,139.8148,138.1
1998-12-04,135.7061,148.7
1998-12-05,128.317,157.1
1998-12-06,129.2289,149.3
1998-12-07,141.1107,129.8
1998-12-08,154.7241,138.8
1998-12-09,140.3219,138.9
1998-12-10,122.846,139.7
1998-12-11,124.7594,139.9
1998-12-12,130.3489,137.2
1998-12-13,132.954,136.1
1998-12-14,137.1051,141.5
1998-12-15,133.0938,137.9
1998-12-16,132.2703,133.6
1998-12-17,140.4558,130.4
1998-12-18,143.8073,130.9
1998-12-19,140.5177,124.6
1998-12-20,138.5072,135.2
1998-12-21,136.9116,134.9
1998-12-22,133.9929,139.6
1998-12-23,141.5178,140.2
1998-12-24,143.743,161.4
1998-12-25,150.7808,178.3
1998-12-26,154.1408,176.8
1998-12-27,176.9455,173.1
1998-12-28,185.98,168.8
1998-12-29,172.1937,161.6
1998-12-30,158.8568,154.8
1998-12-31,148.9476,149.4
1999-01-01,137.4018,142.0
1999-01-02,134.0919,132.0
1999-01-03,130.4887,121.6
1999-01-04,128.9955,111.3
1999-01-05,125.6415,111.7
1999-01-06,119.1379,111.0
1999-01-07,111.7954,109.6
1999-01-08,111.8369,108.2
1999-01-09,111.6668,109.1
1999-01-10,112.5772,114.7
1999-01-11,112.5451,132.4
1999-01-12,116.9147,138.0
1999-01-13,124.6907,153.4
1999-01-14,146.3836,156.2
1999-01-15,157.8882,165.4
1999-01-16,171.0794,170.3
1999-01-17,173.89,166.4
1999-01-18,177.8182,169.7
1999-01-19,173.9628,172.3
1999-01-20,162.1407,160.8
1999-01-21,152.4597,156.8
1999-01-22,150.2517,133.9
1999-01-23,138.4559,129.1
1999-01-24,138.0604,121.6
1999-01-25,126.0638,115.2
1999-01-26,123.196,114.2
1999-01-27,120.0938,114.5
1999-01-28,117.0839,111.5
1999-01-29,117.5227,114.5
1999-01-30,115.8975,107.7
1999-01-31,112.794,105.8
1999-02-01,117.2871,104.3
1999-02-02,113.2758,100.9
1999-02-03,113.762,96.6
1999-02-04,111.2442,106.5
1999-02-05,113.1675,121.1
1999-02-06,112.3522,125.9
1999-02-07,121.4988,148.4
1999-02-08,142.7162,159.3
1999-02-09,150.3481,183.6
1999-02-10,168.241,193.4
1999-02-11,182.3456,199.6
1999-02-12,199.5292,185.5
1999-02-13,204.8014,187.3
1999-02-14,202.1949,185.3
1999-02-15,176.7863,164.2
1999-02-16,163.5819,160.5
1999-02-17,155.6157,153.6
1999-02-18,135.0752,144.0
1999-02-19,128.0637,127.0
1999-02-20,123.6361,124.3
1999-02-21,118.5432,117.3
1999-02-22,111.5938,117.1
1999-02-23,111.1894,113.4
1999-02-24,111.6808,113.1
1999-02-25,113.4418,120.7
1999-02-26,113.5712,118.0
1999-02-27,117.1166,127.6
1999-02-28,128.7184,134.6
1999-03-01,127.1762,141.6
1999-03-02,135.8168,125.4
1999-03-03,143.5629,112.6
1999-03-04,152.7727,108.3
1999-03-05,138.6119,125.0
1999-03-06,124.6225,125.3
1999-03-07,116.8502,133.6
1999-03-08,129.8213,135.3
1999-03-09,137.5455,138.5
1999-03-10,144.2831,142.7
1999-03-11,140.6596,148.7
1999-03-12,144.1357,148.4
1999-03-13,141.2901,154.1
1999-03-14,147.5841,152.9
1999-03-15,146.2535,146.7
1999-03-16,146.7389,138.1
1999-03-17,141.045,131.6
1999-03-18,136.0228,123.1
1999-03-19,128.464,115.0
1999-03-20,121.933,112.2
1999-03-21,115.4334,107.6
1999-03-22,111.852,106.4
1999-03-23,107.443,103.1
1999-03-24,104.981,104.1
1999-03-25,104.5142,102.7
1999-03-26,102.686,103.8
1999-03-27,103.0881,104.4
1999-03-28,106.5741,101.7
1999-03-29,109.6225,102.9
1999-03-30,113.2025,99.4
1999-03-31,113.1785,98.4
1999-04-01,115.1779,116.0
1999-04-02,110.9532,132.7
1999-04-03,111.8579,137.6
1999-04-04,132.0979,141.7
1999-04-05,149.4198,139.5
1999-04-06,150.8104,136.7
1999-04-07,146.6695,136.9
1999-04-08,141.8079,131.3
1999-04-09,137.4927,130.7
1999-04-10,134.9886,130.3
1999-04-11,123.066,121.0
1999-04-12,122.579,122.7
1999-04-13,123.9706,123.8
1999-04-14,118.4245,116.6
1999-04-15,119.3015,113.8
1999-04-16,120.5379,110.9
1999-04-17,116.127,105.8
1999-04-18,111.2701,104.4
1999-04-19,109.7316,101.4
1999-04-20,104.6279,99.3
1999-04-21,102.1168,102.0
1999-04-22,101.3155,103.8
1999-04-23,101.0686,105.8
1999-04-24,105.495,110.0
1999-04-25,108.7038,111.3
1999-04-26,112.3121,123.9
1999-04-27,116.1242,125.3
1999-04-28,118.1807,128.4
1999-04-29,137.0858,137.9
1999-04-30,138.1876,129.2
1999-05-01,137.8919,141.1
1999-05-02,148.2445,143.3
1999-05-03,135.1829,149.5
1999-05-04,142.6137,166.4
1999-05-05,143.6462,175.1
1999-05-06,151.5754,181.7
1999-05-07,169.6075,172.8
1999-05-08,171.9159,162.6
1999-05-09,174.1843,156.3
1999-05-10,153.0051,150.5
1999-05-11,143.21,147.3
1999-05-12,137.5259,146.8
1999-05-13,132.8461,155.6
1999-05-14,131.1353,148.6
1999-05-15,136.8579,143.8
1999-05-16,146.365,145.8
1999-05-17,134.5145,145.9
1999-05-18,131.3307,143.7
1999-05-19,137.4913,143.7
1999-05-20,140.8587,144.2
1999-05-21,140.8065,140.4
1999-05-22,140.84,146.8
1999-05-23,140.2235,156.6
1999-05-24,135.6997,159.3
1999-05-25,148.4749,156.2
1999-05-26,164.2294,152.7
1999-05-27,168.0329,161.1
1999-05-28,159.8312,170.1
1999-05-29,156.1453,181.2
1999-05-30,163.5708,178.1
1999-05-31,174.7202,178.5
1999-06-01,183.6639,175.9
1999-06-02,169.8557,168.8
1999-06-03,158.9915,172.9
1999-06-04,153.8994,162.4
1999-06-05,148.7633,161.3
1999-06-06,156.4295,170.3
1999-06-07,151.2429,166.0
1999-06-08,150.52,169.8
1999-06-09,164.3017,173.2
1999-06-10,162.2603,173.0
1999-06-11,160.6353,173.5
1999-06-12,159.6734,163.5
1999-06-13,157.3227,157.6
1999-06-14,160.5735,151.3
1999-06-15,152.1319,151.2
1999-06-16,149.1396,143.3
1999-06-17,145.7978,156.5
1999-06-18,144.7741,150.3
1999-06-19,139.7638,166.9
1999-06-20,159.0625,173.0
1999-06-21,158.4426,191.1
1999-06-22,177.1679,207.5
1999-06-23,186.7789,206.1
1999-06-24,203.3627,214.3
1999-06-25,215.2386,203.2
1999-06-26,210.9164,197.7
1999-06-27,207.0871,216.5
1999-06-28,194.5255,202.0
1999-06-29,188.6697,193.4
1999-06-30,206.2145,203.5
1999-07-01,195.6445,191.9
1999-07-02,181.2175,180.0
1999-07-03,188.619,173.5
1999-07-04,177.1365,163.7
1999-07-05,162.7907,154.1
1999-07-06,159.1455,155.9
1999-07-07,148.6799,161.5
1999-07-08,144.0511,157.8
1999-07-09,145.9459,159.2
1999-07-10,154.4377,148.3
1999-07-11,152.6682,133.9
1999-07-12,159.196,133.8
1999-07-13,149.7586,136.4
1999-07-14,142.3267,141.3
1999-07-15,142.289,142.8
1999-07-16,146.3632,145.8
1999-07-17,152.4122,144.1
1999-07-18,155.1619,152.1
1999-07-19,156.3059,157.8
1999-07-20,149.5435,181.6
1999-07-21,158.7638,190.1
1999-07-22,164.3815,188.0
1999-07-23,189.468,177.8
1999-07-24,195.3947,179.9
1999-07-25,192.8623,203.9
1999-07-26,177.7003,208.6
1999-07-27,176.4216,212.2
1999-07-28,202.7312,206.7
1999-07-29,206.1107,222.9
1999-07-30,205.6662,218.8
1999-07-31,192.0826,216.9
1999-08-01,210.4685,206.0
1999-08-02,206.8726,182.1
1999-08-03,193.7365,175.3
1999-08-04,180.5305,157.6
1999-08-05,156.8985,141.7
1999-08-06,147.6001,141.9
1999-08-07,136.1018,130.8
1999-08-08,132.1064,131.4
1999-08-09,134.9474,126.4
1999-08-10,131.9474,129.8
1999-08-11,134.9828,131.5
1999-08-12,135.9765,134.5
1999-08-13,142.8862,134.4
1999-08-14,145.4584,136.4
1999-08-15,148.2447,133.9
1999-08-16,150.424,138.0
1999-08-17,158.5736,155.2
1999-08-18,157.5316,165.0
1999-08-19,163.1022,176.7
1999-08-20,180.273,191.7
1999-08-21,189.422,206.4
1999-08-22,197.2545,212.9
1999-08-23,207.4135,226.9
1999-08-24,214.4663,227.7
1999-08-25,214.8771,253.4
1999-08-26,221.4128,222.5
1999-08-27,219.2007,201.9
1999-08-28,234.0304,186.1
1999-08-29,203.8034,165.8
1999-08-30,178.8065,159.3
1999-08-31,155.7902,141.7
1999-09-01,141.6048,133.5
1999-09-02,140.0782,123.8
1999-09-03,131.2124,120.4
1999-09-04,124.5021,114.1
1999-09-05,120.6051,108.4
1999-09-06,121.1653,108.0
1999-09-07,120.4785,123.7
1999-09-08,119.4288,124.1
1999-09-09,120.8701,142.6
1999-09-10,135.6832,156.5
1999-09-11,140.3739,158.2
1999-09-12,157.1211,156.6
1999-09-13,177.3199,159.9
1999-09-14,177.6212,159.1
1999-09-15,172.022,153.0
1999-09-16,166.3692,150.6
1999-09-17,162.5021,146.2
1999-09-18,158.9751,147.9
1999-09-19,155.0555,141.5
1999-09-20,147.9512,137.8
1999-09-21,143.8031,132.4
1999-09-22,138.3321,126.1
1999-09-23,137.6428,123.3
1999-09-24,134.1627,124.4
1999-09-25,123.8514,126.5
1999-09-26,121.143,125.3
1999-09-27,124.2601,125.1
1999-09-28,125.3539,121.9
1999-09-29,128.0918,126.6
1999-09-30,128.5303,134.7
1999-10-01,128.558,144.4
1999-10-02,133.8244,146.2
1999-10-03,144.8269,133.5
1999-10-04,154.7799,129.2
1999-10-05,160.8058,150.9
1999-10-06,143.6476,152.8
1999-10-07,136.5763,160.0
1999-10-08,149.2331,166.0
1999-10-09,155.2159,182.9
1999-10-10,160.8133,190.1
1999-10-11,167.2638,198.7
1999-10-12,183.4651,197.1
1999-10-13,193.2368,187.8
1999-10-14,195.2497,176.8
1999-10-15,186.8645,171.4
1999-10-16,170.8755,168.2
1999-10-17,160.004,157.4
1999-10-18,151.0731,157.0
1999-10-19,143.3916,158.8
1999-10-20,136.5525,162.8
1999-10-21,138.9438,157.1
1999-10-22,147.5861,170.8
1999-10-23,157.5279,187.1
1999-10-24,156.7118,194.8
1999-10-25,174.5087,181.5
1999-10-26,195.168,177.2
1999-10-27,200.8393,167.0
1999-10-28,176.2357,158.1
1999-10-29,165.8654,148.4
1999-10-30,158.7817,140.6
1999-10-31,151.1026,140.8
1999-11-01,143.2495,145.1
1999-11-02,139.4518,157.8
1999-11-03,144.1979,147.4
1999-11-04,148.4398,170.8
1999-11-05,163.301,188.4
1999-11-06,149.7261,225.5
1999-11-07,171.3351,243.6
1999-11-08,193.8879,235.0
1999-11-09,227.449,227.1
1999-11-10,247.3672,219.1
1999-11-11,232.2037,214.2
1999-11-12,209.0012,201.1
1999-11-13,197.9668,228.2
1999-11-14,197.0492,216.3
1999-11-15,184.4106,212.9
1999-11-16,211.0467,205.1
1999-11-17,202.7608,199.5
1999-11-18,195.4655,205.0
1999-11-19,186.4156,187.2
1999-11-20,175.296,180.9
1999-11-21,184.4753,181.9
1999-11-22,162.2353,179.0
1999-11-23,160.6344,167.7
1999-11-24,158.6462,164.5
1999-11-25,160.3373,170.1
1999-11-26,152.5209,159.5
1999-11-27,159.3712,158.3
1999-11-28,169.4824,160.4
1999-11-29,166.3625,160.9
1999-11-30,167.3931,147.5
1999-12-01,175.5536,143.3
1999-12-02,172.1042,138.6
1999-12-03,154.591,138.6
1999-12-04,152.1547,148.8
1999-12-05,149.0188,145.6
1999-12-06,153.1349,151.5
1999-12-07,167.5873,159.5
1999-12-08,160.1181,154.3
1999-12-09,167.3677,154.4
1999-12-10,177.9245,161.0
1999-12-11,162.2463,163.1
1999-12-12,157.2615,173.1
1999-12-13,162.2583,187.9
1999-12-14,165.7716,194.4
1999-12-15,175.5423,198.9
1999-12-16,191.5394,200.3
1999-12-17,199.4605,202.4
1999-12-18,204.4693,210.1
1999-12-19,200.4288,195.1
1999-12-20,196.8388,191.9
1999-12-21,197.0441,176.5
1999-12-22,184.0259,172.5
1999-12-23,182.2205,171.2
1999-12-24,168.1329,156.4
1999-12-25,160.7058,145.4
1999-12-26,156.0997,139.0
1999-12-27,147.3772,131.2
1999-12-28,142.5956,125.8
1999-12-29,141.7297,125.6
1999-12-30,138.6939,128.5
1999-12-31,135.6283,128.7
2000-01-01,136.1024,130.3
2000-01-02,140.96,132.0
2000-01-03,141.1928,140.0
2000-01-04,143.3952,144.8
2000-01-05,144.4242,149.6
2000-01-06,155.2713,155.3
2000-01-07,159.4782,157.8
2000-01-08,163.1691,171.8
2000-01-09,165.5149,189.3
2000-01-10,170.7391,195.4
2000-01-11,183.9582,194.7
2000-01-12,204.6292,203.9
2000-01-13,205.6187,201.0
2000-01-14,197.8706,190.1
2000-01-15,197.4807,188.4
2000-01-16,187.3081,172.9
2000-01-17,170.9344,165.3
2000-01-18,166.8217,154.3
2000-01-19,154.0386,145.8
2000-01-20,147.5502,136.1
2000-01-21,134.5691,136.3
2000-01-22,129.3436,133.1
2000-01-23,127.1041,136.4
2000-01-24,128.3575,128.4
2000-01-25,131.6919,131.0
2000-01-26,133.3045,123.9
2000-01-27,130.0139,128.7
2000-01-28,131.9151,134.5
2000-01-29,130.4787,134.1
2000-01-30,134.5581,140.2
2000-01-31,143.01,149.7
2000-02-01,146.581,162.7
2000-02-02,156.829,163.1
2000-02-03,169.0422,172.8
2000-02-04,180.1715,177.0
2000-02-05,178.5161,169.0
2000-02-06,183.2489,170.8
2000-02-07,178.9966,171.1
2000-02-08,165.236,165.8
2000-02-09,160.3055,159.1
2000-02-10,160.8676,155.9
2000-02-11,156.1627,154.7
2000-02-12,147.9858,152.2
2000-02-13,144.7038,156.3
2000-02-14,145.7298,153.4
2000-02-15,143.5043,137.8
2000-02-16,147.7075,141.5
2000-02-17,146.6311,149.9
2000-02-18,134.5555,148.7
2000-02-19,135.3623,168.6
2000-02-20,144.1709,181.2
2000-02-21,143.1279,188.3
2000-02-22,165.7029,206.2
2000-02-23,184.0488,210.6
2000-02-24,193.4788,222.9
2000-02-25,212.9623,214.7
2000-02-26,213.8835,215.1
2000-02-27,227.4455,228.7
2000-02-28,213.2658,209.6
2000-02-29,200.871,200.4
2000-03-01,211.5675,197.0
2000-03-02,192.1328,216.8
2000-03-03,177.3974,219.1
2000-03-04,174.8368,218.5
2000-03-05,191.8864,211.8
2000-03-06,205.1548,203.0
2000-03-07,211.486,200.7
2000-03-08,206.9911,200.6
2000-03-09,193.7272,200.8
2000-03-10,188.2346,186.0
2000-03-11,191.2892,180.6
2000-03-12,192.9819,175.9
2000-03-13,179.939,182.5
2000-03-14,173.314,190.6
2000-03-15,172.9082,193.0
2000-03-16,177.5243,206.5
2000-03-17,190.2831,208.7
2000-03-18,205.0099,228.9
2000-03-19,221.1596,232.2
2000-03-20,219.461,222.7
2000-03-21,232.6697,217.7
2000-03-22,234.3694,204.1
2000-03-23,222.8516,210.4
2000-03-24,211.3482,204.1
2000-03-25,203.0212,200.3
2000-03-26,205.6401,208.3
2000-03-27,202.6736,205.1
2000-03-28,198.8796,225.1
2000-03-29,206.1858,222.7
2000-03-30,205.3322,219.3
2000-03-31,224.1999,215.5
2000-04-01,226.7457,206.9
2000-04-02,214.5708,194.7
2000-04-03,203.2517,178.1
2000-04-04,196.3265,175.4
2000-04-05,186.6228,182.5
2000-04-06,173.4363,176.9
2000-04-07,171.3033,178.6
2000-04-08,182.4529,182.4
2000-04-09,180.7914,173.9
2000-04-10,182.8938,165.0
2000-04-11,189.828,166.3
2000-04-12,183.9938,164.9
2000-04-13,177.1904,160.2
2000-04-14,175.4935,159.2
2000-04-15,174.124,161.8
2000-04-16,169.12,169.2
2000-04-17,168.9844,182.4
2000-04-18,168.4027,189.2
2000-04-19,176.2785,204.1
2000-04-20,196.7858,208.4
2000-04-21,201.4051,208.1
2000-04-22,218.1677,205.1
2000-04-23,221.1001,192.4
2000-04-24,212.6425,186.0
2000-04-25,202.6857,186.0
2000-04-26,184.2026,177.5
2000-04-27,176.4937,172.0
2000-04-28,178.3362,160.1
2000-04-29,165.8219,155.3
2000-04-30,161.4678,139.6
2000-05-01,151.6552,136.8
2000-05-02,148.8651,132.1
2000-05-03,139.8071,129.1
2000-05-04,140.8841,133.4
2000-05-05,140.5613,139.6
2000-05-06,139.5993,152.5
2000-05-07,144.0931,163.0
2000-05-08,153.3316,181.3
2000-05-09,170.9137,191.0
2000-05-10,179.7828,222.0
2000-05-11,197.323,237.6
2000-05-12,202.7808,244.6
2000-05-13,234.0836,264.5
2000-05-14,246.5905,268.1
2000-05-15,252.7312,258.8
2000-05-16,255.0147,260.4
2000-05-17,248.9194,251.6
2000-05-18,241.6493,238.0
2000-05-19,235.9944,220.3
2000-05-20,220.8385,209.5
2000-05-21,206.2315,194.3
2000-05-22,190.897,177.4
2000-05-23,178.6882,172.4
2000-05-24,166.237,166.2
2000-05-25,159.2282,160.2
2000-05-26,159.7641,153.1
2000-05-27,159.4118,150.5
2000-05-28,160.9599,158.7
2000-05-29,156.029,152.3
2000-05-30,152.4534,155.3
2000-05-31,162.7247,170.7
2000-06-01,158.0732,174.7
2000-06-02,164.6705,176.1
2000-06-03,182.2895,186.9
2000-06-04,194.2533,185.8
2000-06-05,189.5326,179.9
2000-06-06,200.7787,174.1
2000-06-07,203.068,185.1
2000-06-08,193.2268,192.6
2000-06-09,178.6146,198.7
2000-06-10,185.7095,205.5
2000-06-11,198.6576,206.9
2000-06-12,203.4904,208.9
2000-06-13,206.6542,203.8
2000-06-14,199.862,199.4
2000-06-15,196.5164,193.7
2000-06-16,190.594,184.2
2000-06-17,186.699,189.7
2000-06-18,188.8736,194.2
2000-06-19,180.1387,185.6
2000-06-20,182.3407,181.0
2000-06-21,186.1898,173.9
2000-06-22,177.9393,180.9
2000-06-23,167.8753,183.4
2000-06-24,161.3479,184.6
2000-06-25,175.3394,181.2
2000-06-26,184.2375,168.8
2000-06-27,186.125,165.0
2000-06-28,178.7107,169.2
2000-06-29,165.6536,167.9
2000-06-30,162.4981,161.5
2000-07-01,174.5321,163.7
2000-07-02,174.1571,174.4
2000-07-03,164.4161,180.1
2000-07-04,164.1647,193.5
2000-07-05,180.5474,217.1
2000-07-06,189.6777,218.4
2000-07-07,201.8851,238.9
2000-07-08,221.534,249.7
2000-07-09,219.4157,258.7
2000-07-10,231.8925,239.6
2000-07-11,239.2681,210.6
2000-07-12,233.8287,220.1
2000-07-13,216.877,226.1
2000-07-14,192.035,235.8
2000-07-15,196.1479,270.5
2000-07-16,206.6449,258.0
2000-07-17,226.0124,261.1
2000-07-18,255.0786,259.0
2000-07-19,242.8899,259.0
2000-07-20,246.095,224.3
2000-07-21,238.6936,232.0
2000-07-22,230.1463,208.2
2000-07-23,199.9838,180.1
2000-07-24,197.7458,167.4
2000-07-25,190.6368,162.7
2000-07-26,172.563,157.9
2000-07-27,165.408,154.5
2000-07-28,159.9635,152.4
2000-07-29,158.0746,153.9
2000-07-30,158.258,155.1
2000-07-31,160.5871,158.8
2000-08-01,165.3865,158.7
2000-08-02,167.5982,163.2
2000-08-03,171.5872,170.8
2000-08-04,169.7434,171.6
2000-08-05,174.8615,175.6
2000-08-06,183.9669,187.2
2000-08-07,186.9091,185.9
2000-08-08,190.4196,192.3
2000-08-09,197.5964,194.3
2000-08-10,197.867,190.9
2000-08-11,204.7355,194.3
2000-08-12,201.7898,198.9
2000-08-13,187.9989,190.3
2000-08-14,192.2711,181.5
2000-08-15,192.6994,173.6
2000-08-16,183.6782,160.8
2000-08-17,177.107,156.0
2000-08-18,169.4776,154.9
2000-08-19,156.929,147.5
2000-08-20,149.2176,139.9
2000-08-21,148.2919,133.5
2000-08-22,145.1591,136.0
2000-08-23,140.8159,139.9
2000-08-24,139.8156,153.2
2000-08-25,147.2079,163.2
2000-08-26,153.6111,166.5
2000-08-27,170.3464,167.9
2000-08-28,179.2361,165.9
2000-08-29,181.7873,160.5
2000-08-30,178.1551,156.7
2000-08-31,173.6026,156.7
2000-09-01,164.5518,173.6
2000-09-02,161.6604,183.1
2000-09-03,162.9207,181.5
2000-09-04,181.1766,175.8
2000-09-05,187.811,165.7
2000-09-06,183.0482,153.0
2000-09-07,169.4998,142.5
2000-09-08,158.0207,136.7
2000-09-09,145.1278,134.2
2000-09-10,137.1982,134.8
2000-09-11,134.1809,152.5
2000-09-12,132.3514,161.1
2000-09-13,137.5076,176.4
2000-09-14,160.4153,183.2
2000-09-15,176.8266,205.7
2000-09-16,190.2264,208.8
2000-09-17,197.6862,213.1
2000-09-18,216.7128,226.7
2000-09-19,218.5424,233.8
2000-09-20,217.4703,226.7
2000-09-21,228.4525,225.8
2000-09-22,231.3884,226.8
2000-09-23,226.9079,224.7
2000-09-24,212.4896,205.5
2000-09-25,210.1511,203.0
2000-09-26,199.495,192.6
2000-09-27,182.6119,194.0
2000-09-28,177.954,201.9
2000-09-29,172.1921,202.9
2000-09-30,178.6719,192.1
2000-10-01,196.3355,184.1
2000-10-02,207.3183,173.7
2000-10-03,190.7261,157.9
2000-10-04,176.3949,155.3
2000-10-05,162.6036,148.6
2000-10-06,149.1277,140.4
2000-10-07,149.4636,139.1
2000-10-08,147.5311,150.8
2000-10-09,144.1518,161.9
2000-10-10,149.6891,167.2
2000-10-11,167.5021,162.3
2000-10-12,184.5833,160.1
2000-10-13,185.8575,159.8
2000-10-14,169.7979,153.0
2000-10-15,162.6174,149.9
2000-10-16,164.0964,156.5
2000-10-17,159.1021,159.3
2000-10-18,158.1609,156.5
2000-10-19,162.5324,158.6
2000-10-20,171.727,164.8
2000-10-21,160.8761,157.5
2000-10-22,162.3566,162.0
2000-10-23,165.0852,168.9
2000-10-24,158.2675,173.7
2000-10-25,164.5216,179.7
2000-10-26,169.6339,184.5
2000-10-27,175.1216,191.0
2000-10-28,183.1633,190.5
2000-10-29,188.8427,201.2
2000-10-30,185.2864,193.2
2000-10-31,181.5856,195.5
2000-11-01,198.0016,191.4
2000-11-02,189.7986,183.1
2000-11-03,186.4251,174.9
2000-11-04,181.7577,176.6
2000-11-05,172.8155,169.5
2000-11-06,165.0048,163.0
2000-11-07,169.1266,150.4
2000-11-08,166.945,146.6
2000-11-09,158.3502,143.6
2000-11-10,151.4914,140.6
2000-11-11,149.104,145.4
2000-11-12,145.1617,143.2
2000-11-13,143.7645,150.7
2000-11-14,151.8228,159.6
2000-11-15,151.9062,172.9
2000-11-16,164.3667,170.7
2000-11-17,173.1903,169.6
2000-11-18,186.4079,180.9
2000-11-19,184.0668,190.1
2000-11-20,175.3946,200.1
2000-11-21,185.0835,194.0
2000-11-22,192.6389,194.6
2000-11-23,204.2992,197.0
2000-11-24,198.5615,186.6
2000-11-25,194.8412,190.3
2000-11-26,190.3255,183.2
2000-11-27,178.0747,187.0
2000-11-28,182.6771,179.3
2000-11-29,182.4649,162.3
2000-11-30,181.8032,158.9
2000-12-01,169.5594,147.6
2000-12-02,151.9538,142.7
2000-12-03,152.4055,136.9
2000-12-04,141.921,139.9
2000-12-05,141.622,134.1
2000-12-06,140.6571,130.7
2000-12-07,145.0011,142.1
2000-12-08,142.0108,139.2
2000-12-09,139.8928,145.2
2000-12-10,148.98,159.5
2000-12-11,153.6876,176.5
2000-12-12,157.805,181.9
2000-12-13,174.9847,184.4
2000-12-14,187.9625,190.4
2000-12-15,191.9541,191.6
2000-12-16,187.8875,192.2
2000-12-17,188.6647,194.8
2000-12-18,193.2964,188.2
2000-12-19,193.4483,183.8
2000-12-20,196.8812,184.7
2000-12-21,183.7598,186.7
2000-12-22,178.269,180.9
2000-12-23,174.6813,182.6
2000-12-24,177.0071,181.4
2000-12-25,172.5093,179.3
2000-12-26,172.1493,175.5
2000-12-27,171.1267,176.1
2000-12-28,173.4479,163.9
2000-12-29,168.3322,165.3
2000-12-30,171.036,170.2
2000-12-31,157.0647,164.2
2001-01-01,162.8102,168.8
2001-01-02,172.8605,170.5
2001-01-03,166.753,173.4
2001-01-04,166.2546,170.9
2001-01-05,170.4178,161.5
2001-01-06,174.4462,160.8
2001-01-07,168.8605,157.4
2001-01-08,159.4261,160.5
2001-01-09,159.0831,172.5
2001-01-10,155.0795,178.3
2001-01-11,163.4958,170.6
2001-01-12,175.3007,163.8
2001-01-13,180.6113,156.6
2001-01-14,170.9093,147.0
2001-01-15,158.2772,146.6
2001-01-16,152.7781,147.7
2001-01-17,143.9675,148.3
2001-01-18,143.7656,146.7
2001-01-19,150.5907,157.1
2001-01-20,156.7875,162.0
2001-01-21,154.4676,167.2
2001-01-22,167.4033,163.4
2001-01-23,174.0525,160.5
2001-01-24,172.9782,161.8
2001-01-25,160.6538,162.6
2001-01-26,157.1787,160.5
2001-01-27,159.8195,154.9
2001-01-28,164.2591,148.8
2001-01-29,161.7546,156.2
2001-01-30,152.6151,161.6
2001-01-31,147.6644,159.0
2001-02-01,156.9349,144.0
2001-02-02,166.5555,160.7
2001-02-03,166.0653,165.3
2001-02-04,149.4413,159.6
2001-02-05,162.1059,152.3
2001-02-06,169.6008,158.1
2001-02-07,163.4026,156.5
2001-02-08,152.2395,147.4
2001-02-09,157.8225,140.9
2001-02-10,156.6347,137.8
2001-02-11,150.4456,134.6
2001-02-12,142.2585,131.8
2001-02-13,141.5492,126.5
2001-02-14,138.0474,126.8
2001-02-15,136.6699,129.0
2001-02-16,131.4562,134.0
2001-02-17,131.4299,142.3
2001-02-18,136.7532,140.5
2001-02-19,139.6137,142.7
2001-02-20,145.6075,142.2
2001-02-21,149.0067,134.6
2001-02-22,146.7344,132.2
2001-02-23,144.1879,132.8
2001-02-24,137.2627,128.1
2001-02-25,135.9721,129.4
2001-02-26,140.7866,129.0
2001-02-27,137.0652,127.4
2001-02-28,137.056,137.3
2001-03-01,135.6852,138.7
2001-03-02,135.5514,153.4
2001-03-03,144.9315,155.4
2001-03-04,145.4838,174.0
2001-03-05,157.9012,164.8
2001-03-06,157.9884,159.2
2001-03-07,171.1057,158.0
2001-03-08,153.4267,155.8
2001-03-09,153.5673,155.7
2001-03-10,151.5407,145.6
2001-03-11,150.0072,140.7
2001-03-12,151.0788,134.7
2001-03-13,139.1876,138.5
2001-03-14,138.1006,132.9
2001-03-15,131.8182,138.5
2001-03-16,134.263,145.7
2001-03-17,131.2439,152.1
2001-03-18,136.5745,158.2
2001-03-19,149.0121,181.8
2001-03-20,158.1456,178.9
2001-03-21,165.7328,217.5
2001-03-22,189.3087,215.7
2001-03-23,189.0166,262.6
2001-03-24,218.0284,272.4
2001-03-25,222.1536,272.6
2001-03-26,251.2095,261.0
2001-03-27,264.2592,256.3
2001-03-28,260.7888,245.3
2001-03-29,244.8955,257.2
2001-03-30,222.9656,236.7
2001-03-31,201.3973,223.1
2001-04-01,204.941,205.0
2001-04-02,190.1807,207.8
2001-04-03,187.8832,198.0
2001-04-04,179.7688,180.0
2001-04-05,182.5054,169.7
2001-04-06,178.1279,165.4
2001-04-07,162.3263,170.4
2001-04-08,152.9405,160.3
2001-04-09,152.7099,149.8
2001-04-10,163.3895,137.8
2001-04-11,154.3029,139.6
2001-04-12,143.7656,135.1
2001-04-13,145.4293,124.3
2001-04-14,148.0218,127.1
2001-04-15,147.3482,133.0
2001-04-16,141.83,145.8
2001-04-17,140.798,182.2
2001-04-18,149.1967,193.0
2001-04-19,169.6987,194.6
2001-04-20,201.7948,198.6
2001-04-21,216.5635,195.8
2001-04-22,207.6761,196.3
2001-04-23,202.3955,198.7
2001-04-24,197.1198,193.3
2001-04-25,195.1154,190.4
2001-04-26,195.1214,194.5
2001-04-27,189.4206,190.7
2001-04-28,182.5101,187.4
2001-04-29,183.9328,179.0
2001-04-30,180.7153,175.1
2001-05-01,178.8711,178.6
2001-05-02,167.4618,163.5
2001-05-03,155.3866,157.8
2001-05-04,162.8858,140.9
2001-05-05,148.7931,131.1
2001-05-06,141.417,131.9
2001-05-07,134.1557,133.0
2001-05-08,126.198,139.4
2001-05-09,128.8608,141.0
2001-05-10,139.425,141.9
2001-05-11,156.8453,141.2
2001-05-12,160.3032,145.2
2001-05-13,159.3574,140.9
2001-05-14,156.0852,150.8
2001-05-15,158.3798,141.5
2001-05-16,153.636,144.6
2001-05-17,162.4146,144.9
2001-05-18,152.1923,153.8
2001-05-19,156.3656,155.8
2001-05-20,158.8455,162.8
2001-05-21,168.318,174.7
2001-05-22,165.677,166.1
2001-05-23,169.4108,151.3
2001-05-24,178.4214,150.8
2001-05-25,163.2915,146.9
2001-05-26,146.6073,142.3
2001-05-27,140.7721,136.0
2001-05-28,137.0123,136.6
2001-05-29,132.5521,136.8
2001-05-30,132.1164,137.8
2001-05-31,133.2229,149.5
2001-06-01,135.6258,158.3
2001-06-02,142.8047,158.0
2001-06-03,158.4736,162.4
2001-06-04,164.832,169.8
2001-06-05,161.9145,185.7
2001-06-06,158.7178,182.4
2001-06-07,168.4003,168.0
2001-06-08,185.6209,167.4
2001-06-09,177.2959,171.6
2001-06-10,158.9407,187.1
2001-06-11,160.655,200.9
2001-06-12,164.8919,203.2
2001-06-13,188.8106,214.3
2001-06-14,197.6416,211.2
2001-06-15,199.3104,205.7
2001-06-16,201.8487,201.7
2001-06-17,194.0843,205.0
2001-06-18,184.8388,206.9
2001-06-19,177.9235,206.8
2001-06-20,183.3872,213.0
2001-06-21,185.0242,201.3
2001-06-22,185.3922,188.4
2001-06-23,194.8704,173.5
2001-06-24,185.0086,152.8
2001-06-25,176.0796,144.9
2001-06-26,162.5764,144.6
2001-06-27,155.3637,141.2
2001-06-28,150.3448,140.0
2001-06-29,151.8237,138.8
2001-06-30,152.618,136.3
2001-07-01,152.5801,131.3
2001-07-02,154.7759,123.6
2001-07-03,150.1547,120.3
2001-07-04,145.9359,121.8
2001-07-05,140.0686,130.5
2001-07-06,137.9772,134.4
2001-07-07,141.3383,134.3
2001-07-08,147.6167,136.3
2001-07-09,155.889,138.3
2001-07-10,156.4108,137.7
2001-07-11,153.1293,145.4
2001-07-12,153.0261,146.8
2001-07-13,152.3462,154.7
2001-07-14,155.7899,150.4
2001-07-15,154.0485,147.7
2001-07-16,160.0366,146.9
2001-07-17,152.6743,147.2
2001-07-18,144.5695,143.5
2001-07-19,138.7337,144.9
2001-07-20,136.3069,147.8
2001-07-21,132.3771,136.7
2001-07-22,134.2515,137.5
2001-07-23,136.4752,127.2
2001-07-24,128.4056,125.1
2001-07-25,129.6958,119.0
2001-07-26,123.7518,120.5
2001-07-27,123.0503,118.0
2001-07-28,123.9802,120.3
2001-07-29,126.8947,123.8
2001-07-30,130.0002,124.3
2001-07-31,135.1409,135.5
2001-08-01,140.2769,152.7
2001-08-02,140.1302,160.5
2001-08-03,146.3971,168.3
2001-08-04,165.1179,171.0
2001-08-05,167.0753,171.5
2001-08-06,169.7382,167.8
2001-08-07,170.5212,164.7
2001-08-08,167.8118,169.5
2001-08-09,157.2285,164.0
2001-08-10,150.662,155.5
2001-08-11,154.1287,151.1
2001-08-12,151.6271,150.5
2001-08-13,139.1781,146.2
2001-08-14,138.2012,148.4
2001-08-15,141.8067,159.9
2001-08-16,139.0032,161.3
2001-08-17,142.8309,159.8
2001-08-18,157.5766,163.9
2001-08-19,159.6746,165.2
2001-08-20,156.0276,173.4
2001-08-21,166.0438,178.7
2001-08-22,168.6854,191.6
2001-08-23,175.5587,193.8
2001-08-24,180.934,195.9
2001-08-25,194.5091,203.1
2001-08-26,193.1723,200.9
2001-08-27,193.9933,203.0
2001-08-28,202.532,192.2
2001-08-29,198.6673,187.4
2001-08-30,195.3705,185.7
2001-08-31,186.0431,202.1
2001-09-01,174.2938,222.1
2001-09-02,170.4116,221.8
2001-09-03,188.595,225.6
2001-09-04,208.7961,229.5
2001-09-05,212.1865,253.1
2001-09-06,215.1821,239.5
2001-09-07,220.4865,247.8
2001-09-08,238.3752,252.9
2001-09-09,223.944,238.1
2001-09-10,221.6613,242.6
2001-09-11,219.7759,239.3
2001-09-12,211.9572,221.7
2001-09-13,220.9019,209.3
2001-09-14,220.2419,201.1
2001-09-15,205.9831,205.7
2001-09-16,191.8039,200.6
2001-09-17,187.5473,228.7
2001-09-18,196.2927,240.5
2001-09-19,197.7688,257.0
2001-09-20,226.967,260.2
2001-09-21,233.8476,281.0
2001-09-22,239.8849,276.6
2001-09-23,246.8456,284.0
2001-09-24,264.2085,270.6
2001-09-25,266.2917,285.5
2001-09-26,263.4437,240.2
2001-09-27,253.5734,236.3
2001-09-28,261.4156,216.9
2001-09-29,220.7662,201.1
2001-09-30,216.748,191.8
2001-10-01,207.0754,186.5
2001-10-02,192.359,176.8
2001-10-03,186.1824,180.2
2001-10-04,181.1627,172.4
2001-10-05,175.8437,170.8
2001-10-06,184.9129,175.9
2001-10-07,176.6036,178.1
2001-10-08,171.054,174.1
2001-10-09,180.6793,178.5
2001-10-10,192.0611,178.6
2001-10-11,189.8292,190.8
2001-10-12,197.3599,191.7
2001-10-13,195.0934,205.8
2001-10-14,206.9776,215.8
2001-10-15,208.2245,226.9
2001-10-16,219.772,245.6
2001-10-17,227.9167,242.5
2001-10-18,233.6298,222.0
2001-10-19,246.76,230.4
2001-10-20,244.5899,224.1
2001-10-21,222.6301,236.0
2001-10-22,217.0295,236.1
2001-10-23,215.9184,233.6
2001-10-24,221.4676,243.4
2001-10-25,225.4538,224.2
2001-10-26,222.4153,212.8
2001-10-27,231.341,222.7
2001-10-28,208.5466,217.8
2001-10-29,195.4991,232.0
2001-10-30,202.8754,210.1
2001-10-31,194.3224,212.5
2001-11-01,216.7498,223.5
2001-11-02,201.6934,230.6
2001-11-03,204.9473,233.2
2001-11-04,217.6789,226.0
2001-11-05,226.7897,243.1
2001-11-06,236.393,265.6
2001-11-07,226.6215,241.0
2001-11-08,240.4307,229.3
2001-11-09,251.0793,222.6
2001-11-10,239.6879,226.8
2001-11-11,224.866,212.6
2001-11-12,222.0612,202.4
2001-11-13,223.3445,197.6
2001-11-14,211.9202,194.0
2001-11-15,199.1656,183.8
2001-11-16,195.5465,186.8
2001-11-17,192.9539,180.6
2001-11-18,185.4253,179.7
2001-11-19,188.955,185.3
2001-11-20,182.7117,172.9
2001-11-21,181.6204,168.6
2001-11-22,187.1467,165.6
2001-11-23,172.0759,170.3
2001-11-24,168.8482,185.3
2001-11-25,168.4212,193.1
2001-11-26,179.5386,210.5
2001-11-27,202.9797,219.6
2001-11-28,215.1293,215.1
2001-11-29,226.1671,238.1
2001-11-30,231.8804,228.3
2001-12-01,227.6638,226.6
2001-12-02,239.5439,230.1
2001-12-03,227.2385,239.5
2001-12-04,224.3302,219.3
2001-12-05,220.6485,213.9
2001-12-06,221.1725,217.5
2001-12-07,205.9395,212.3
2001-12-08,201.5434,213.9
2001-12-09,205.3673,215.7
2001-12-10,197.7181,213.4
2001-12-11,198.2264,209.9
2001-12-12,193.471,211.0
2001-12-13,192.1699,202.5
2001-12-14,187.604,199.0
2001-12-15,192.672,205.0
2001-12-16,191.7847,201.6
2001-12-17,191.2524,214.0
2001-12-18,202.0275,226.7
2001-12-19,195.5583,234.9
2001-12-20,210.1846,246.3
2001-12-21,231.1471,265.5
2001-12-22,242.9176,250.3
2001-12-23,247.3426,259.0
2001-12-24,258.0165,265.6
2001-12-25,246.0609,254.6
2001-12-26,247.9909,255.7
2001-12-27,249.029,238.5
2001-12-28,232.7385,237.5
2001-12-29,230.5415,224.5
2001-12-30,219.0043,223.5
2001-12-31,220.8021,213.0
2002-01-01,217.7024,211.0
2002-01-02,214.9908,205.2
2002-01-03,200.9694,190.1
2002-01-04,195.4489,182.4
2002-01-05,188.9173,192.6
2002-01-06,179.0325,216.2
2002-01-07,173.8754,217.3
2002-01-08,191.8565,221.4
2002-01-09,220.1112,225.7
2002-01-10,223.1088,232.9
2002-01-11,229.2796,221.6
2002-01-12,230.4298,211.2
2002-01-13,233.742,209.1
2002-01-14,226.0398,205.0
2002-01-15,210.1399,203.8
2002-01-16,203.7744,206.9
2002-01-17,204.0869,215.2
2002-01-18,205.4794,217.5
2002-01-19,213.0117,221.5
2002-01-20,224.6109,219.4
2002-01-21,223.533,223.6
2002-01-22,222.0971,227.6
2002-01-23,221.8421,248.7
2002-01-24,215.9951,240.5
2002-01-25,218.8268,252.0
2002-01-26,234.9603,253.2
2002-01-27,233.4281,248.8
2002-01-28,239.7758,235.5
2002-01-29,238.0717,238.5
2002-01-30,232.0172,233.7
2002-01-31,223.5041,226.3
2002-02-01,226.4136,228.1
2002-02-02,227.3224,214.5
2002-02-03,224.9627,196.9
2002-02-04,225.3234,186.6
2002-02-05,209.011,186.4
2002-02-06,192.528,194.1
2002-02-07,184.4177,210.9
2002-02-08,188.423,196.6
2002-02-09,203.4773,203.1
2002-02-10,217.7822,198.5
2002-02-11,212.2704,191.3
2002-02-12,212.5427,190.3
2002-02-13,200.6745,188.9
2002-02-14,197.3724,192.0
2002-02-15,193.3186,188.4
2002-02-16,194.3695,185.1
2002-02-17,203.3931,189.1
2002-02-18,198.5629,196.7
2002-02-19,194.2298,187.9
2002-02-20,198.0325,184.2
2002-02-21,205.0323,188.9
2002-02-22,191.3949,206.4
2002-02-23,187.834,203.5
2002-02-24,190.2246,194.9
2002-02-25,208.5974,200.4
2002-02-26,208.201,184.3
2002-02-27,191.851,187.6
2002-02-28,193.0808,179.6
2002-03-01,183.7564,172.0
2002-03-02,185.5927,169.4
2002-03-03,179.6303,175.0
2002-03-04,174.4546,177.0
2002-03-05,169.1827,174.2
2002-03-06,176.2557,181.2
2002-03-07,177.5385,176.9
2002-03-08,174.0828,180.0
2002-03-09,189.5555,176.2
2002-03-10,188.1003,182.1
2002-03-11,195.1387,178.6
2002-03-12,190.6238,174.9
2002-03-13,191.9576,182.7
2002-03-14,187.6389,182.7
2002-03-15,182.4027,176.5
2002-03-16,190.6868,173.3
2002-03-17,184.9453,186.3
2002-03-18,177.5027,172.8
2002-03-19,173.0532,170.4
2002-03-20,192.9921,169.4
2002-03-21,175.659,174.3
2002-03-22,168.3789,169.1
2002-03-23,171.4204,164.9
2002-03-24,172.4743,168.4
2002-03-25,163.89,175.6
2002-03-26,157.4601,180.8
2002-03-27,158.1647,188.2
2002-03-28,169.2215,204.0
2002-03-29,180.9974,206.7
2002-03-30,192.337,205.9
2002-03-31,209.1712,209.4
2002-04-01,209.206,216.3
2002-04-02,197.1438,217.6
2002-04-03,195.3149,206.7
2002-04-04,207.1158,208.4
2002-04-05,208.5072,206.8
2002-04-06,195.6701,205.8
2002-04-07,193.298,195.1
2002-04-08,194.7618,198.3
2002-04-09,193.3682,213.0
2002-04-10,185.4513,227.3
2002-04-11,190.3356,211.6
2002-04-12,204.8054,204.7
2002-04-13,215.4624,197.2
2002-04-14,201.3104,195.0
2002-04-15,188.6328,189.8
2002-04-16,181.817,181.4
2002-04-17,179.1114,179.0
2002-04-18,180.9799,175.1
2002-04-19,179.6541,171.7
2002-04-20,179.4112,177.2
2002-04-21,178.3282,178.9
2002-04-22,177.516,169.3
2002-04-23,185.3389,164.7
2002-04-24,190.4872,159.0
2002-04-25,173.7805,149.2
2002-04-26,163.6405,155.2
2002-04-27,159.4613,155.6
2002-04-28,155.3574,164.9
2002-04-29,161.0523,171.7
2002-04-30,166.1054,182.0
2002-05-01,181.708,192.7
2002-05-02,191.9464,183.2
2002-05-03,206.5126,194.3
2002-05-04,214.1754,190.3
2002-05-05,195.6554,190.2
2002-05-06,196.1211,193.7
2002-05-07,193.5618,194.8
2002-05-08,193.0326,191.8
2002-05-09,191.6338,187.1
2002-05-10,188.6235,175.6
2002-05-11,189.1419,164.2
2002-05-12,185.0893,162.7
2002-05-13,171.0883,162.0
2002-05-14,158.7262,160.7
2002-05-15,155.4952,166.8
2002-05-16,166.6795,175.0
2002-05-17,167.3097,175.4
2002-05-18,167.7466,190.4
2002-05-19,179.7455,185.6
2002-05-20,181.5136,184.8
2002-05-21,198.5384,193.9
2002-05-22,196.3298,187.4
2002-05-23,191.6939,188.0
2002-05-24,195.8859,191.6
2002-05-25,189.5474,191.4
2002-05-26,188.7685,189.8
2002-05-27,192.433,185.1
2002-05-28,195.6394,187.0
2002-05-29,192.5736,183.9
2002-05-30,186.2411,180.0
2002-05-31,189.5899,175.4
2002-06-01,181.1908,174.7
2002-06-02,180.98,163.7
2002-06-03,176.5621,159.1
2002-06-04,178.1872,163.1
2002-06-05,163.3695,159.9
2002-06-06,154.8247,161.9
2002-06-07,163.5876,156.2
2002-06-08,166.041,152.4
2002-06-09,166.329,146.2
2002-06-10,162.0908,137.6
2002-06-11,154.9525,135.6
2002-06-12,150.6377,139.7
2002-06-13,146.9996,141.0
2002-06-14,145.2827,147.5
2002-06-15,152.1729,147.5
2002-06-16,154.1483,150.5
2002-06-17,158.3056,149.8
2002-06-18,158.7183,144.2
2002-06-19,167.2528,146.6
2002-06-20,167.0856,147.5
2002-06-21,155.3287,155.3
2002-06-22,154.2086,149.5
2002-06-23,156.2419,148.6
2002-06-24,167.3838,143.2
2002-06-25,161.163,141.9
2002-06-26,152.7756,147.5
2002-06-27,141.7319,151.4
2002-06-28,138.9837,152.3
2002-06-29,145.5707,153.5
2002-06-30,156.5122,152.4
2002-07-01,160.2689,151.3
2002-07-02,154.727,143.5
2002-07-03,147.5198,138.0
2002-07-04,145.9478,141.5
2002-07-05,141.8573,135.3
2002-07-06,134.7309,140.9
2002-07-07,133.6245,133.1
2002-07-08,129.4761,135.9
2002-07-09,139.2297,137.7
2002-07-10,138.2288,139.4
2002-07-11,141.6171,148.6
2002-07-12,147.0884,164.8
2002-07-13,147.7738,177.2
2002-07-14,155.7332,185.9
2002-07-15,169.5413,186.6
2002-07-16,185.1905,188.3
2002-07-17,187.9651,190.7
2002-07-18,185.8304,188.7
2002-07-19,174.7718,195.8
2002-07-20,173.0918,204.6
2002-07-21,174.4626,215.0
2002-07-22,188.6942,224.5
2002-07-23,198.4938,240.4
2002-07-24,203.3028,238.0
2002-07-25,205.4608,246.2
2002-07-26,217.8652,241.1
2002-07-27,218.986,234.1
2002-07-28,222.6928,214.8
2002-07-29,215.1549,198.3
2002-07-30,197.3748,185.7
2002-07-31,184.3849,172.7
2002-08-01,170.7606,155.3
2002-08-02,162.0668,146.0
2002-08-03,156.211,148.8
2002-08-04,147.4193,140.1
2002-08-05,140.6394,138.3
2002-08-06,148.5894,144.0
2002-08-07,142.1132,152.4
2002-08-08,143.7446,176.9
2002-08-09,150.3895,188.8
2002-08-10,163.9309,196.8
2002-08-11,191.5825,213.5
2002-08-12,204.9302,215.7
2002-08-13,214.231,219.1
2002-08-14,229.4179,232.3
2002-08-15,225.7297,246.9
2002-08-16,222.0708,242.6
2002-08-17,225.7828,232.8
2002-08-18,235.2653,225.0
2002-08-19,235.5107,225.1
2002-08-20,216.001,229.5
2002-08-21,210.5334,199.8
2002-08-22,202.3259,182.4
2002-08-23,206.4215,172.2
2002-08-24,185.3129,164.7
2002-08-25,167.6669,166.4
2002-08-26,148.6112,172.6
2002-08-27,141.963,176.9
2002-08-28,147.757,183.7
2002-08-29,162.0039,183.8
2002-08-30,175.0167,176.9
2002-08-31,186.2768,174.4
2002-09-01,192.5958,174.2
2002-09-02,186.6984,178.1
2002-09-03,184.8714,180.9
2002-09-04,182.6859,185.6
2002-09-05,186.8859,194.4
2002-09-06,184.0302,209.0
2002-09-07,189.8249,223.5
2002-09-08,204.4853,219.0
2002-09-09,215.3323,215.1
2002-09-10,229.5968,208.6
2002-09-11,220.0391,209.2
2002-09-12,209.9759,189.9
2002-09-13,199.1947,184.5
2002-09-14,192.5329,195.9
2002-09-15,180.984,178.4
2002-09-16,177.197,166.7
2002-09-17,188.9604,165.8
2002-09-18,175.1907,159.8
2002-09-19,159.6133,161.1
2002-09-20,160.2638,154.8
2002-09-21,155.475,158.9
2002-09-22,158.078,154.2
2002-09-23,153.7061,150.6
2002-09-24,156.584,152.2
2002-09-25,153.8593,149.1
2002-09-26,151.6476,138.6
2002-09-27,153.7504,140.1
2002-09-28,152.0815,140.1
2002-09-29,147.4292,136.0
2002-09-30,149.4686,146.1
2002-10-01,152.5097,157.6
2002-10-02,148.8202,155.1
2002-10-03,161.7698,161.6
2002-10-04,179.3123,163.5
2002-10-05,176.8996,165.1
2002-10-06,176.8031,166.8
2002-10-07,178.6704,171.4
2002-10-08,176.5056,178.7
2002-10-09,179.0125,179.7
2002-10-10,177.1021,178.3
2002-10-11,183.0113,180.2
2002-10-12,183.6252,175.7
2002-10-13,173.8576,181.4
2002-10-14,170.9663,177.7
2002-10-15,164.7641,171.3
2002-10-16,169.0537,178.1
2002-10-17,158.9601,178.7
2002-10-18,158.7143,180.8
2002-10-19,174.6151,167.7
2002-10-20,177.8385,161.9
2002-10-21,175.6234,158.5
2002-10-22,156.3603,170.9
2002-10-23,153.206,156.1
2002-10-24,151.7382,155.2
2002-10-25,168.5908,156.3
2002-10-26,161.8437,159.4
2002-10-27,156.0802,165.3
2002-10-28,156.3382,167.7
2002-10-29,163.2692,159.7
2002-10-30,169.7105,162.1
2002-10-31,172.86,166.5
2002-11-01,169.4984,174.4
2002-11-02,170.7535,180.0
2002-11-03,176.9139,181.2
2002-11-04,180.728,186.4
2002-11-05,182.8158,185.5
2002-11-06,183.3472,187.0
2002-11-07,187.7252,187.7
2002-11-08,180.7787,181.0
2002-11-09,183.0171,174.6
2002-11-10,186.6322,178.6
2002-11-11,178.9269,180.2
2002-11-12,165.9776,193.2
2002-11-13,174.274,194.8
2002-11-14,179.7013,180.5
2002-11-15,193.1667,174.8
2002-11-16,193.3222,164.3
2002-11-17,174.2784,155.3
2002-11-18,166.2506,147.2
2002-11-19,152.1459,145.5
2002-11-20,150.3474,143.8
2002-11-21,144.2967,143.5
2002-11-22,142.2335,133.2
2002-11-23,143.7037,138.5
2002-11-24,144.9819,138.8
2002-11-25,140.5116,136.0
2002-11-26,145.7138,137.5
2002-11-27,154.1468,142.1
2002-11-28,153.1612,145.5
2002-11-29,154.4927,142.0
2002-11-30,155.8298,141.8
2002-12-01,161.0614,144.5
2002-12-02,159.2378,144.4
2002-12-03,152.4804,143.9
2002-12-04,152.1736,146.6
2002-12-05,151.2198,149.8
2002-12-06,145.9076,151.6
2002-12-07,146.4666,156.5
2002-12-08,154.001,147.7
2002-12-09,155.4681,148.4
2002-12-10,157.9787,161.8
2002-12-11,140.8607,180.1
2002-12-12,138.4327,196.6
2002-12-13,162.0415,196.5
2002-12-14,186.4783,205.8
2002-12-15,198.2574,190.6
2002-12-16,193.2279,186.7
2002-12-17,189.7106,190.3
2002-12-18,171.7288,177.9
2002-12-19,169.0652,166.4
2002-12-20,167.6388,153.7
2002-12-21,157.9594,142.5
2002-12-22,149.1828,127.6
2002-12-23,141.6973,123.2
2002-12-24,131.7393,112.7
2002-12-25,124.4966,113.1
2002-12-26,124.4952,111.0
2002-12-27,121.0624,110.1
2002-12-28,125.8519,111.3
2002-12-29,125.5896,111.2
2002-12-30,124.2581,114.4
2002-12-31,124.8356,127.0
2003-01-01,126.0932,138.2
2003-01-02,131.6134,143.2
2003-01-03,149.493,156.8
2003-01-04,166.105,157.8
2003-01-05,162.8948,168.0
2003-01-06,173.0411,176.9
2003-01-07,171.1891,178.7
2003-01-08,180.8502,182.6
2003-01-09,182.646,167.7
2003-01-10,180.1727,166.2
2003-01-11,175.8581,158.6
2003-01-12,155.1186,145.0
2003-01-13,145.7362,139.9
2003-01-14,140.8311,137.1
2003-01-15,132.3603,133.0
2003-01-16,128.7261,126.1
2003-01-17,127.0767,133.7
2003-01-18,124.9146,129.4
2003-01-19,118.0493,125.4
2003-01-20,128.3897,131.6
2003-01-21,129.267,125.8
2003-01-22,128.3641,124.9
2003-01-23,131.4146,121.2
2003-01-24,132.518,117.7
2003-01-25,130.5859,121.8
2003-01-26,133.3434,120.7
2003-01-27,130.9909,117.6
2003-01-28,135.9,116.9
2003-01-29,135.2206,122.1
2003-01-30,130.0264,123.0
2003-01-31,130.3129,128.7
2003-02-01,135.8932,131.0
2003-02-02,140.0433,136.2
2003-02-03,146.6281,145.4
2003-02-04,145.8438,143.3
2003-02-05,148.2509,135.4
2003-02-06,158.9165,137.6
2003-02-07,157.404,132.6
2003-02-08,141.1179,131.4
2003-02-09,139.1692,128.2
2003-02-10,133.655,127.3
2003-02-11,131.5552,128.1
2003-02-12,128.0399,120.6
2003-02-13,125.8442,115.7
2003-02-14,125.5108,109.4
2003-02-15,117.237,107.4
2003-02-16,113.8306,113.6
2003-02-17,110.0724,115.7
2003-02-18,108.8981,117.0
2003-02-19,114.5331,104.3
2003-02-20,117.1151,101.8
2003-02-21,122.2106,99.9
2003-02-22,110.7937,99.5
2003-02-23,106.8335,107.2
2003-02-24,105.3629,115.4
2003-02-25,108.5396,122.6
2003-02-26,118.2101,135.6
2003-02-27,128.6181,131.4
2003-02-28,139.9736,146.5
2003-03-01,149.5036,143.6
2003-03-02,144.218,146.2
2003-03-03,157.0178,147.9
2003-03-04,151.7534,147.6
2003-03-05,147.2265,146.2
2003-03-06,143.6897,150.6
2003-03-07,144.8564,141.7
2003-03-08,140.9112,139.7
2003-03-09,145.1213,136.2
2003-03-10,132.9279,132.5
2003-03-11,126.9465,137.3
2003-03-12,122.7117,129.3
2003-03-13,122.3118,127.2
2003-03-14,128.8234,123.1
2003-03-15,119.4469,117.3
2003-03-16,115.5247,107.2
2003-03-17,110.3979,96.6
2003-03-18,109.6325,90.3
2003-03-19,103.2227,88.3
2003-03-20,97.5967,92.4
2003-03-21,96.1389,97.3
2003-03-22,97.5248,108.2
2003-03-23,101.3538,126.6
2003-03-24,108.8562,140.5
2003-03-25,122.9153,146.4
2003-03-26,141.7295,154.6
2003-03-27,155.9037,154.2
2003-03-28,154.4974,159.8
2003-03-29,156.674,152.8
2003-03-30,154.5656,157.3
2003-03-31,153.9435,155.7
2003-04-01,143.2156,152.7
2003-04-02,143.4486,137.5
2003-04-03,142.2444,126.1
2003-04-04,137.5486,115.9
2003-04-05,126.8545,112.6
2003-04-06,116.5976,109.7
2003-04-07,106.1388,104.1
2003-04-08,103.8976,103.0
2003-04-09,103.8227,102.6
2003-04-10,102.0823,103.0
2003-04-11,101.1335,102.6
2003-04-12,102.0923,101.1
2003-04-13,104.1809,99.2
2003-04-14,105.9341,101.8
2003-04-15,104.1496,108.7
2003-04-16,106.3901,113.1
2003-04-17,111.6213,119.7
2003-04-18,123.0166,127.0
2003-04-19,132.0617,133.8
2003-04-20,141.8121,134.3
2003-04-21,146.7264,129.8
2003-04-22,149.3009,145.3
2003-04-23,143.748,145.5
2003-04-24,132.8945,156.1
2003-04-25,145.0822,154.3
2003-04-26,145.0638,157.4
2003-04-27,150.9316,155.8
2003-04-28,149.6052,151.0
2003-04-29,139.8313,159.0
2003-04-30,136.5848,150.1
2003-05-01,133.9241,144.4
2003-05-02,138.0071,131.1
2003-05-03,133.5476,124.1
2003-05-04,124.6204,112.2
2003-05-05,113.5968,102.8
2003-05-06,110.1114,98.9
2003-05-07,103.5101,94.5
2003-05-08,97.4499,93.4
2003-05-09,98.3318,95.8
2003-05-10,96.772,98.1
2003-05-11,98.715,98.3
2003-05-12,102.0588,101.4
2003-05-13,105.9265,104.9
2003-05-14,108.2173,104.7
2003-05-15,111.8212,111.5
2003-05-16,119.4721,117.4
2003-05-17,117.8151,120.0
2003-05-18,127.5279,122.2
2003-05-19,136.0106,121.3
2003-05-20,139.2411,120.9
2003-05-21,139.7355,119.8
2003-05-22,137.0561,124.3
2003-05-23,130.4749,128.4
2003-05-24,122.2479,132.3
2003-05-25,120.5874,133.7
2003-05-26,122.9658,127.8
2003-05-27,130.2354,120.4
2003-05-28,129.8591,116.3
2003-05-29,115.9818,115.5
2003-05-30,107.1449,124.8
2003-05-31,102.5038,117.8
2003-06-01,106.0295,108.7
2003-06-02,119.3055,117.0
2003-06-03,116.9344,129.4
2003-06-04,111.6399,137.2
2003-06-05,116.7016,158.0
2003-06-06,132.1707,163.1
2003-06-07,142.8786,182.0
2003-06-08,157.3529,198.9
2003-06-09,157.1655,168.6
2003-06-10,165.4016,155.8
2003-06-11,180.1982,137.7
2003-06-12,151.6192,132.8
2003-06-13,139.1253,126.5
2003-06-14,132.1388,125.8
2003-06-15,127.102,124.3
2003-06-16,124.2012,122.55
2003-06-17,124.0207,120.8
2003-06-18,126.0565,118.8
2003-06-19,125.7863,113.9
2003-06-20,124.6246,117.2
2003-06-21,119.5194,118.3
2003-06-22,117.7436,120.2
2003-06-23,121.5463,122.9
2003-06-24,126.9644,128.1
2003-06-25,129.8582,128.1
2003-06-26,132.3815,131.6
2003-06-27,138.4632,132.5
2003-06-28,140.5428,135.6
2003-06-29,141.8877,139.3
2003-06-30,143.452,136.7
2003-07-01,138.6181,144.8
2003-07-02,140.8002,146.7
2003-07-03,137.0925,135.3
2003-07-04,141.9414,137.8
2003-07-05,141.5165,135.7
2003-07-06,125.6412,130.2
2003-07-07,131.8392,126.9
2003-07-08,129.8197,126.1
2003-07-09,124.4407,125.5
2003-07-10,120.6953,130.7
2003-07-11,120.3913,131.4
2003-07-12,121.6706,129.9
2003-07-13,129.4433,137.5
2003-07-14,131.5661,143.2
2003-07-15,132.5523,144.3
2003-07-16,135.3333,150.8
2003-07-17,141.4248,162.4
2003-07-18,140.9302,160.7
2003-07-19,146.7853,157.4
2003-07-20,156.6385,148.7
2003-07-21,151.8305,129.2
2003-07-22,144.8235,115.1
2003-07-23,137.8961,105.9
2003-07-24,125.4715,104.9
2003-07-25,115.5665,106.6
2003-07-26,108.5478,103.0
2003-07-27,108.3279,101.7
2003-07-28,113.6029,105.2
2003-07-29,112.8691,110.6
2003-07-30,112.2138,114.7
2003-07-31,113.3902,123.6
2003-08-01,118.9348,126.0
2003-08-02,127.9129,134.4
2003-08-03,141.2745,132.4
2003-08-04,143.5955,140.9
2003-08-05,142.9921,136.6
2003-08-06,140.3957,133.6
2003-08-07,145.6898,134.7
2003-08-08,141.7047,132.7
2003-08-09,134.2397,126.6
2003-08-10,132.2799,134.3
2003-08-11,128.3233,133.1
2003-08-12,121.2571,134.7
2003-08-13,126.4459,130.1
2003-08-14,125.9512,122.3
2003-08-15,126.2663,118.7
2003-08-16,123.5359,119.5
2003-08-17,120.2184,114.5
2003-08-18,116.3633,122.0
2003-08-19,115.9104,123.7
2003-08-20,113.7863,122.9
2003-08-21,121.9647,120.95
2003-08-22,128.3208,119.0
2003-08-23,126.7028,123.4
2003-08-24,125.2838,128.3
2003-08-25,125.0194,121.1
2003-08-26,129.6419,118.7
2003-08-27,130.7206,116.2
2003-08-28,124.1721,111.8
2003-08-29,121.7532,110.1
2003-08-30,119.5394,107.6
2003-08-31,115.6931,112.4
2003-09-01,111.7729,114.1
2003-09-02,109.4846,109.8
2003-09-03,115.1025,106.6
2003-09-04,120.6062,109.4
2003-09-05,116.0211,100.3
2003-09-06,112.5073,97.3
2003-09-07,114.969,100.6
2003-09-08,107.1127,98.0
2003-09-09,105.6618,95.6
2003-09-10,108.7599,97.3
2003-09-11,106.0558,95.8
2003-09-12,102.5581,98.4
2003-09-13,102.7009,100.4
2003-09-14,100.7619,107.0
2003-09-15,106.2963,110.2
2003-09-16,108.121,112.1
2003-09-17,113.3508,116.5
2003-09-18,115.0508,120.9
2003-09-19,114.2735,123.5
2003-09-20,117.209,125.7
2003-09-21,123.7934,134.3
2003-09-22,128.3458,133.4
2003-09-23,129.4063,131.8
2003-09-24,133.4379,130.3
2003-09-25,130.5559,137.6
2003-09-26,124.8824,135.6
2003-09-27,122.8408,133.3
2003-09-28,124.4687,137.1
2003-09-29,121.8652,125.0
2003-09-30,119.8492,120.3
2003-10-01,126.5691,119.0
2003-10-02,120.1219,109.6
2003-10-03,113.8567,112.0
2003-10-04,110.727,111.8
2003-10-05,107.054,113.1
2003-10-06,109.5402,110.5
2003-10-07,111.1279,111.4
2003-10-08,112.9384,105.4
2003-10-09,112.042,97.4
2003-10-10,112.7999,94.0
2003-10-11,110.1444,91.9
2003-10-12,103.809,95.3
2003-10-13,102.3736,94.6
2003-10-14,102.3018,98.1
2003-10-15,104.7758,107.8
2003-10-16,105.7038,119.4
2003-10-17,107.0875,133.9
2003-10-18,115.8495,150.2
2003-10-19,128.7421,152.0
2003-10-20,141.352,181.3
2003-10-21,154.8306,188.5
2003-10-22,158.6244,219.0
2003-10-23,180.7851,240.6
2003-10-24,187.0383,254.0
2003-10-25,204.6332,268.4
2003-10-26,214.3611,275.4
2003-10-27,222.3079,267.6
2003-10-28,228.1445,245.2
2003-10-29,228.8584,233.2
2003-10-30,219.0239,187.4
2003-10-31,198.0403,164.2
2003-11-01,183.3119,165.6
2003-11-02,155.607,112.1
2003-11-03,132.5714,96.1
2003-11-04,132.1518,89.4
2003-11-05,105.3669,91.0
2003-11-06,94.1176,91.2
2003-11-07,91.9184,92.8
2003-11-08,93.2068,93.7
2003-11-09,95.9945,95.8
2003-11-10,98.3444,100.0
2003-11-11,102.9228,96.8
2003-11-12,107.1786,95.6
2003-11-13,116.5306,102.0
2003-11-14,115.6372,118.2
2003-11-15,116.0105,141.0
2003-11-16,121.698,151.5
2003-11-17,139.7051,171.0
2003-11-18,164.3449,172.8
2003-11-19,178.4319,171.9
2003-11-20,189.7566,173.8
2003-11-21,188.8125,172.8
2003-11-22,175.0736,166.3
2003-11-23,166.706,166.5
2003-11-24,161.5887,170.1
2003-11-25,152.3074,163.2
2003-11-26,143.8534,161.4
2003-11-27,141.5952,148.6
2003-11-28,136.2285,139.3
2003-11-29,135.2339,135.4
2003-11-30,128.8976,120.3
2003-12-01,125.6138,112.5
2003-12-02,121.4314,108.5
2003-12-03,114.1813,105.7
2003-12-04,105.5961,89.3
2003-12-05,103.5909,90.9
2003-12-06,102.7146,89.4
2003-12-07,94.0337,86.5
2003-12-08,92.2306,83.4
2003-12-09,93.083,84.5
2003-12-10,94.0603,85.0
2003-12-11,95.8995,89.5
2003-12-12,98.293,97.7
2003-12-13,99.9068,103.0
2003-12-14,103.2964,113.8
2003-12-15,111.2725,119.1
2003-12-16,119.8532,118.6
2003-12-17,133.5961,125.9
2003-12-18,140.9603,129.1
2003-12-19,137.9506,133.2
2003-12-20,136.0452,137.4
2003-12-21,134.5485,134.4
2003-12-22,132.725,134.6
2003-12-23,135.211,132.7
2003-12-24,127.4071,124.3
2003-12-25,122.12,115.1
2003-12-26,116.545,110.7
2003-12-27,108.3906,104.2
2003-12-28,103.7031,104.4
2003-12-29,99.2641,112.2
2003-12-30,95.6248,112.6
2003-12-31,97.4757,112.3
2004-01-01,112.1673,115.5
2004-01-02,116.821,119.0
2004-01-03,116.7959,113.4
2004-01-04,119.208,114.9
2004-01-05,119.4329,116.1
2004-01-06,115.9466,114.4
2004-01-07,117.8261,115.3
2004-01-08,121.0698,114.6
2004-01-09,121.7435,114.4
2004-01-10,116.8155,114.1
2004-01-11,116.8413,117.1
2004-01-12,120.5353,115.2
2004-01-13,124.775,116.4
2004-01-14,125.6996,118.6
2004-01-15,122.4044,115.6
2004-01-16,121.1673,130.3
2004-01-17,121.6876,124.8
2004-01-18,116.8079,126.0
2004-01-19,126.9503,117.9
2004-01-20,124.2758,111.6
2004-01-21,122.3001,104.1
2004-01-22,112.2769,99.1
2004-01-23,105.9894,95.0
2004-01-24,99.3555,90.8
2004-01-25,97.3952,85.9
2004-01-26,95.7841,84.8
2004-01-27,92.7908,89.9
2004-01-28,88.7846,91.6
2004-01-29,88.981,94.5
2004-01-30,93.1216,98.5
2004-01-31,96.7963,96.6
2004-02-01,99.9316,98.6
2004-02-02,107.2806,102.5
2004-02-03,103.9427,103.7
2004-02-04,105.3128,108.1
2004-02-05,107.3506,113.1
2004-02-06,106.5108,114.7
2004-02-07,109.5269,113.5
2004-02-08,116.0616,111.2
2004-02-09,119.1531,109.3
2004-02-10,117.6563,105.1
2004-02-11,110.9078,101.1
2004-02-12,107.1153,99.6
2004-02-13,103.7234,96.3
2004-02-14,99.2418,99.5
2004-02-15,100.159,95.4
2004-02-16,94.9982,94.2
2004-02-17,98.467,93.2
2004-02-18,94.7698,96.0
2004-02-19,94.996,101.7
2004-02-20,96.7035,102.1
2004-02-21,99.6038,103.4
2004-02-22,103.6443,116.1
2004-02-23,105.5437,118.4
2004-02-24,105.1291,119.8
2004-02-25,115.008,113.6
2004-02-26,118.7039,108.0
2004-02-27,117.1036,100.0
2004-02-28,110.5838,97.1
2004-02-29,100.609,88.9
2004-03-01,95.592,95.9
2004-03-02,94.5895,105.0
2004-03-03,92.2126,102.9
2004-03-04,95.3325,104.6
2004-03-05,106.3156,106.3
2004-03-06,106.8722,107.2
2004-03-07,108.2369,111.1
2004-03-08,111.1277,111.7
2004-03-09,111.0534,106.2
2004-03-10,111.9447,102.6
2004-03-11,111.1784,101.3
2004-03-12,108.4877,100.3
2004-03-13,105.1021,108.5
2004-03-14,103.3,108.8
2004-03-15,102.8005,114.4
2004-03-16,109.016,111.3
2004-03-17,111.3108,112.7
2004-03-18,114.9311,110.4
2004-03-19,113.0732,115.6
2004-03-20,112.0084,117.6
2004-03-21,107.3822,119.0
2004-03-22,111.0541,126.4
2004-03-23,114.9168,123.2
2004-03-24,115.7923,127.2
2004-03-25,125.0641,128.6
2004-03-26,123.0934,128.3
2004-03-27,126.5325,126.4
2004-03-28,125.8028,121.0
2004-03-29,121.8179,112.6
2004-03-30,117.988,108.1
2004-03-31,114.7921,107.4
2004-04-01,108.0139,109.0
2004-04-02,103.0274,108.9
2004-04-03,101.5964,101.6
2004-04-04,105.3207,98.4
2004-04-05,107.2549,93.8
2004-04-06,100.1133,90.3
2004-04-07,99.7829,88.1
2004-04-08,96.8507,90.0
2004-04-09,95.2104,91.8
2004-04-10,93.724,93.6
2004-04-11,95.2704,95.8
2004-04-12,97.7053,97.4
2004-04-13,101.2338,97.6
2004-04-14,103.3631,99.0
2004-04-15,104.171,110.0
2004-04-16,103.633,114.5
2004-04-17,105.2262,111.8
2004-04-18,116.3806,113.9
2004-04-19,121.1767,118.4
2004-04-20,115.1186,116.6
2004-04-21,111.6037,112.9
2004-04-22,114.9906,108.4
2004-04-23,110.2377,100.9
2004-04-24,109.7986,96.4
2004-04-25,103.4735,90.7
2004-04-26,97.0113,89.8
2004-04-27,93.2347,90.8
2004-04-28,90.505,95.7
2004-04-29,89.3489,99.1
2004-04-30,90.9364,92.8
2004-05-01,95.4447,88.9
2004-05-02,98.768,90.1
2004-05-03,95.2753,88.0
2004-05-04,94.0677,86.8
2004-05-05,92.288,88.9
2004-05-06,92.7511,95.0
2004-05-07,93.2986,94.8
2004-05-08,96.7335,92.0
2004-05-09,101.8688,100.9
2004-05-10,103.3887,103.0
2004-05-11,100.0341,112.1
2004-05-12,106.2583,117.9
2004-05-13,108.0586,121.0
2004-05-14,116.4815,113.7
2004-05-15,122.4784,110.4
2004-05-16,124.3992,111.4
2004-05-17,113.2535,107.2
2004-05-18,106.2349,109.6
2004-05-19,104.0158,105.0
2004-05-20,102.1955,106.6
2004-05-21,104.2234,107.9
2004-05-22,103.7076,105.1
2004-05-23,102.3062,106.1
2004-05-24,102.8777,104.6
2004-05-25,101.7378,105.2
2004-05-26,100.3231,104.0
2004-05-27,97.9858,102.4
2004-05-28,99.321,98.1
2004-05-29,97.9693,92.5
2004-05-30,101.3004,93.0
2004-05-31,100.4295,92.6
2004-06-01,100.7406,92.0
2004-06-02,100.8973,87.0
2004-06-03,98.7471,91.0
2004-06-04,98.3351,91.2
2004-06-05,93.3257,88.6
2004-06-06,93.5657,87.9
2004-06-07,94.5604,85.0
2004-06-08,94.2947,86.5
2004-06-09,94.0116,90.7
2004-06-10,91.5565,98.2
2004-06-11,91.2847,103.1
2004-06-12,95.3256,112.9
2004-06-13,102.2049,115.1
2004-06-14,108.6555,114.9
2004-06-15,116.789,111.3
2004-06-16,120.4349,116.4
2004-06-17,118.1388,123.0
2004-06-18,109.9436,119.6
2004-06-19,109.7604,120.5
2004-06-20,117.301,116.2
2004-06-21,110.1659,111.9
2004-06-22,109.7568,106.3
2004-06-23,103.6915,102.2
2004-06-24,98.3806,97.3
2004-06-25,94.211,92.4
2004-06-26,93.0206,87.9
2004-06-27,93.7417,84.5
2004-06-28,92.4332,84.0
2004-06-29,92.1604,83.4
2004-06-30,88.0468,82.2
2004-07-01,87.4744,82.1
2004-07-02,88.078,80.9
2004-07-03,88.7942,81.6
2004-07-04,89.5255,81.9
2004-07-05,87.8716,84.6
2004-07-06,90.2067,89.6
2004-07-07,90.5036,96.4
2004-07-08,93.127,107.9
2004-07-09,97.5266,129.2
2004-07-10,101.9893,131.6
2004-07-11,112.2738,142.6
2004-07-12,127.3505,150.5
2004-07-13,132.8951,151.3
2004-07-14,142.1013,154.1
2004-07-15,147.7211,160.2
2004-07-16,145.2186,175.8
2004-07-17,147.4798,180.8
2004-07-18,155.8429,177.7
2004-07-19,168.2619,178.4
2004-07-20,168.6633,170.4
2004-07-21,151.4316,151.8
2004-07-22,151.1445,143.9
2004-07-23,140.9688,132.0
2004-07-24,132.9569,121.8
2004-07-25,122.7377,103.8
2004-07-26,111.7467,102.8
2004-07-27,104.3996,91.4
2004-07-28,94.2382,89.0
2004-07-29,93.3936,85.8
2004-07-30,92.4956,87.0
2004-07-31,93.1824,90.1
2004-08-01,93.2123,87.9
2004-08-02,94.2464,91.5
2004-08-03,96.8834,93.6
2004-08-04,97.023,97.3
2004-08-05,99.8602,107.7
2004-08-06,103.3571,117.0
2004-08-07,109.1694,124.7
2004-08-08,119.3651,134.3
2004-08-09,135.1146,151.1
2004-08-10,144.6638,152.5
2004-08-11,150.8207,153.1
2004-08-12,163.4486,142.4
2004-08-13,162.6224,137.0
2004-08-14,149.3537,138.3
2004-08-15,130.9105,143.3
2004-08-16,125.8365,123.5
2004-08-17,122.1424,124.2
2004-08-18,129.0862,122.8
2004-08-19,112.9118,117.8
2004-08-20,113.474,111.9
2004-08-21,112.1297,107.2
2004-08-22,108.7117,102.5
2004-08-23,101.3065,99.5
2004-08-24,96.7085,92.3
2004-08-25,94.9397,88.9
2004-08-26,95.2011,87.7
2004-08-27,93.4035,91.6
2004-08-28,92.8631,89.7
2004-08-29,94.1432,91.5
2004-08-30,98.0495,95.6
2004-08-31,98.8856,98.3
2004-09-01,101.6328,100.9
2004-09-02,104.4884,104.8
2004-09-03,109.5924,108.2
2004-09-04,113.2805,120.7
2004-09-05,117.0595,126.3
2004-09-06,118.7877,132.8
2004-09-07,130.3321,131.8
2004-09-08,133.4072,117.9
2004-09-09,133.5562,116.0
2004-09-10,126.8781,119.1
2004-09-11,114.8315,116.0
2004-09-12,112.8663,110.8
2004-09-13,112.9357,109.4
2004-09-14,111.0237,105.5
2004-09-15,108.0207,103.6
2004-09-16,108.0125,106.1
2004-09-17,106.3313,101.3
2004-09-18,102.6047,95.6
2004-09-19,102.1549,92.0
2004-09-20,97.8252,90.8
2004-09-21,93.0118,89.9
2004-09-22,92.0253,89.9
2004-09-23,91.2526,89.9
2004-09-24,93.3768,90.2
2004-09-25,96.9855,90.2
2004-09-26,97.3581,90.0
2004-09-27,96.3924,88.4
2004-09-28,97.2603,88.1
2004-09-29,97.6122,88.1
2004-09-30,96.9068,89.1
2004-10-01,96.2681,90.7
2004-10-02,95.0661,90.8
2004-10-03,94.5805,92.0
2004-10-04,95.2234,93.7
2004-10-05,95.2807,90.4
2004-10-06,95.5447,87.7
2004-10-07,95.8988,88.7
2004-10-08,92.8939,86.6
2004-10-09,90.6678,87.2
2004-10-10,91.2395,89.4
2004-10-11,88.1715,90.2
2004-10-12,87.8054,88.6
2004-10-13,91.687,91.1
2004-10-14,93.1814,91.2
2004-10-15,92.5991,95.5
2004-10-16,90.4634,98.2
2004-10-17,92.3306,110.3
2004-10-18,95.4424,111.0
2004-10-19,99.2216,121.2
2004-10-20,108.8609,130.2
2004-10-21,110.7362,138.7
2004-10-22,118.6293,141.5
2004-10-23,124.017,135.0
2004-10-24,134.8466,127.8
2004-10-25,136.3005,134.0
2004-10-26,125.5067,128.8
2004-10-27,117.4873,134.4
2004-10-28,122.2233,137.1
2004-10-29,121.6469,133.4
2004-10-30,124.7939,131.0
2004-10-31,126.962,129.4
2004-11-01,122.094,128.6
2004-11-02,117.5671,138.8
2004-11-03,118.4603,126.5
2004-11-04,112.9305,127.2
2004-11-05,125.6616,121.7
2004-11-06,117.9166,124.2
2004-11-07,116.8646,102.6
2004-11-08,112.4867,93.0
2004-11-09,116.8342,94.0
2004-11-10,100.9843,94.4
2004-11-11,96.2047,98.1
2004-11-12,98.4771,103.3
2004-11-13,101.2405,104.2
2004-11-14,105.3318,102.5
2004-11-15,109.6547,101.6
2004-11-16,108.4947,100.9
2004-11-17,106.937,96.9
2004-11-18,106.1886,98.5
2005-02-18,91.9354,92.5
2005-02-19,86.1475,90.4
2005-02-20,84.6877,82.8
2005-02-21,84.0141,78.6
2005-02-22,82.5209,76.7
2005-02-23,80.3864,75.1
2005-02-24,79.1278,74.4
2005-02-25,78.7464,73.6
2005-02-26,78.0031,72.4
2005-02-27,77.8802,73.4
2005-02-28,77.5691,75.7
2005-03-01,77.8469,77.7
2005-03-02,78.6737,79.9
2005-03-03,80.3198,82.3
2005-03-04,83.3471,85.7
2005-03-05,85.5583,92.2
2005-03-06,89.1787,98.5
2005-03-07,91.8463,100.3
2005-03-08,97.7103,103.6
2005-03-09,104.5584,108.8
2005-03-10,104.2708,112.5
2005-03-11,104.6352,110.3
2005-03-12,109.2782,107.0
2005-03-13,108.5708,103.6
2005-03-14,105.5064,100.7
2005-03-15,98.4968,95.7
2005-03-16,93.2162,92.2
2005-03-17,89.7315,88.3
2005-03-18,84.5919,89.2
2005-03-19,82.7888,86.7
2005-03-20,81.4447,87.1
2005-03-21,83.5384,86.6
2005-03-22,82.3917,81.7
2005-03-23,84.6273,77.4
2005-03-24,84.3635,78.1
2005-03-25,83.2419,79.4
2005-03-26,79.9899,78.6
2005-03-27,80.3515,77.5
2005-03-28,81.0124,76.5
2005-03-29,82.0411,78.2
2005-03-30,82.9149,80.2
2005-03-31,82.0313,81.1
2005-04-01,83.5482,84.9
2005-04-02,85.4667,88.5
2005-04-03,87.4219,88.2
2005-04-04,89.7238,88.0
2005-04-05,92.6872,87.9
2005-04-06,91.4702,88.8
2005-04-07,91.3999,88.6
2005-04-08,90.7728,87.9
2005-04-09,89.9887,85.3
2005-04-10,88.463,84.0
2005-04-11,88.2571,86.0
2005-04-12,85.8652,85.5
2005-04-13,84.9825,83.6
2005-04-14,86.9378,84.2
2005-04-15,85.8474,82.0
2005-04-16,81.5873,78.9
2005-04-17,82.3319,77.8
2005-04-18,81.5765,77.9
2005-04-19,78.8591,78.1
2005-04-20,78.068,80.2
2005-04-21,78.1247,83.2
2005-04-22,78.8685,87.1
2005-04-23,79.7266,92.1
2005-04-24,82.7962,96.6
2005-04-25,88.7732,99.4
2005-04-26,95.6454,106.5
2005-04-27,99.147,108.0
2005-04-28,101.0482,113.4
2005-04-29,106.3715,113.3
2005-04-30,106.4697,114.2
2005-05-01,109.44,110.6
2005-05-02,110.523,111.0
2005-05-03,107.8066,112.4
2005-05-04,103.443,101.8
2005-05-05,101.4193,103.2
2005-05-06,100.1812,112.2
2005-05-07,93.137,121.6
2005-05-08,100.3911,127.9
2005-05-09,110.8171,119.9
2005-05-10,117.4151,115.5
2005-05-11,120.5513,101.7
2005-05-12,107.5508,105.2
2005-05-13,103.646,101.4
2005-05-14,93.4263,92.0
2005-05-15,95.2274,85.8
2005-05-16,93.2068,86.7
2005-05-17,89.8698,85.6
2005-05-18,87.6139,83.9
2005-05-19,88.3682,84.2
2005-05-20,88.178,85.5
2005-05-21,88.1554,87.4
2005-05-22,88.2886,86.0
2005-05-23,88.6221,92.8
2005-05-24,90.2445,98.1
2005-05-25,90.4939,95.1
2005-05-26,98.3468,95.3
2005-05-27,102.9058,97.5
2005-05-28,101.4516,99.0
2005-05-29,97.1308,96.9
2005-05-30,97.5561,96.0
2005-05-31,100.7657,98.0
2005-06-01,98.6555,99.8
2005-06-02,94.9366,108.6
2005-06-03,95.1415,109.2
2005-06-04,98.6482,112.4
2005-06-05,106.8819,119.3
2005-06-06,108.558,119.7
2005-06-07,109.5286,117.9
2005-06-08,112.9114,111.4
2005-06-09,108.5967,106.3
2005-06-10,108.3105,94.7
2005-06-11,101.48,96.8
2005-06-12,95.9817,97.5
2005-06-13,86.0903,100.2
2005-06-14,88.1484,93.7
2005-06-15,90.915,92.9
2005-06-16,96.5015,89.8
2005-06-17,95.3151,88.9
2005-06-18,93.1206,85.5
2005-06-19,89.7448,82.1
2005-06-20,88.1122,80.1
2005-06-21,87.8793,79.2
2005-06-22,86.5569,79.3
2005-06-23,85.0265,81.3
2005-06-24,84.8263,80.0
2005-06-25,84.2577,82.6
2005-06-26,86.8388,91.2
2005-06-27,87.5484,104.85
2005-06-28,90.338,118.5
2005-06-29,96.0006,128.0
2005-06-30,109.9625,134.1
2005-07-01,122.0709,127.8
2005-07-02,128.5547,131.0
2005-07-03,130.3569,127.2
2005-07-04,123.7071,125.5
2005-07-05,119.5852,114.2
2005-07-06,114.264,111.9
2005-07-07,110.9794,105.2
2005-07-08,101.7055,96.4
2005-07-09,98.2382,99.4
2005-07-10,94.0784,94.5
2005-07-11,86.6998,92.9
2005-07-12,90.0214,90.1
2005-07-13,86.6812,78.8
2005-07-14,85.7921,76.5
2005-07-15,86.247,74.4
2005-07-16,80.5846,73.5
2005-07-17,79.5832,74.4
2005-07-18,78.8668,75.2
2005-07-19,78.5581,75.9
2005-07-20,79.9285,82.7
2005-07-21,83.0002,82.8
2005-07-22,83.2547,86.5
2005-07-23,89.5081,89.2
2005-07-24,90.9417,93.4
2005-07-25,93.0319,98.7
2005-07-26,95.1948,106.9
2005-07-27,97.448,108.2
2005-07-28,104.9342,113.1
2005-07-29,110.5436,114.6
2005-07-30,111.2228,113.5
2005-07-31,117.7805,112.2
2005-08-01,115.9598,109.2
2005-08-02,113.2151,101.7
2005-08-03,109.2004,96.1
2005-08-04,101.5258,94.9
2005-08-05,96.0712,88.9
2005-08-06,89.785,84.7
2005-08-07,88.737,78.3
2005-08-08,84.492,77.9
2005-08-09,80.026,78.3
2005-08-10,75.9853,77.4
2005-08-11,77.2496,76.7
2005-08-12,78.1276,77.7
2005-08-13,77.8078,77.7
2005-08-14,79.1209,78.9
2005-08-15,79.9894,84.7
2005-08-16,81.1223,95.3
2005-08-17,83.0369,100.4
2005-08-18,89.3867,100.8
2005-08-19,100.2035,107.2
2005-08-20,104.4012,109.3
2005-08-21,102.2457,100.7
2005-08-22,104.5411,94.4
2005-08-23,106.1621,95.2
2005-08-24,99.6327,94.0
2005-08-25,95.1473,91.6
2005-08-26,94.091,90.9
2005-08-27,94.2782,87.6
2005-08-28,91.9919,85.6
2005-08-29,90.3169,80.6
2005-08-30,87.3606,78.5
2005-08-31,83.9358,75.4
2005-09-01,79.6863,75.8
2005-09-02,78.1718,76.2
2005-09-03,76.8147,82.4
2005-09-04,78.4325,93.6
2005-09-05,79.1474,92.4
2005-09-06,83.991,100.6
2005-09-07,94.929,117.6
2005-09-08,98.6736,111.1
2005-09-09,103.5907,119.5
2005-09-10,116.4567,115.0
2005-09-11,114.4718,117.9
2005-09-12,116.1707,120.6
2005-09-13,113.2489,112.9
2005-09-14,114.9928,104.9
2005-09-15,114.3945,103.2
2005-09-16,104.7851,91.9
2005-09-17,99.8715,88.5
2005-09-18,97.8187,86.7
2005-09-19,90.0694,84.3
2005-09-20,89.4447,83.3
2005-09-21,84.7292,81.9
2005-09-22,83.4545,81.4
2005-09-23,83.3559,81.7
2005-09-24,83.8577,77.2
2005-09-25,83.08,74.9
2005-09-26,83.98,74.0
2005-09-27,80.0048,72.4
2005-09-28,77.7419,72.3
2005-09-29,76.7346,75.0
2005-09-30,76.1863,74.4
2005-10-01,76.7863,82.7
2005-10-02,78.0692,81.3
2005-10-03,77.2891,79.4
2005-10-04,83.7286,78.7
2005-10-05,83.9122,78.0
2005-10-06,82.1796,78.7
2005-10-07,81.0344,78.8
2005-10-08,80.3916,77.3
2005-10-09,80.8909,76.5
2005-10-10,81.2588,77.6
2005-10-11,79.5474,78.0
2005-10-12,78.1133,79.1
2005-10-13,78.9333,78.7
2005-10-14,79.932,77.5
2005-10-15,80.1073,77.7
2005-10-16,79.4638,77.2
2005-10-17,78.4919,76.0
2005-10-18,77.3679,74.6
2005-10-19,76.3633,74.0
2005-10-20,75.2197,73.4
2005-10-21,74.3017,72.5
2005-10-22,73.6647,72.1
2005-10-23,73.4427,71.2
2005-10-24,73.4622,70.7
2005-10-25,73.4253,72.1
2005-10-26,73.0336,73.1
2005-10-27,72.6639,74.5
2005-10-28,73.2193,76.7
2005-10-29,74.6345,76.1
2005-10-30,77.0164,76.8
2005-10-31,78.3185,75.5
2005-11-01,76.853,76.1
2005-11-02,76.9091,77.9
2005-11-03,76.0848,80.3
2005-11-04,76.4532,78.0
2005-11-05,78.0615,77.9
2005-11-06,79.2428,76.6
2005-11-07,77.9954,76.4
2005-11-08,77.3551,77.0
2005-11-09,76.3456,81.4
2005-11-10,75.2893,86.0
2005-11-11,75.183,90.4
2005-11-12,80.5341,97.8
2005-11-13,83.6269,91.8
2005-11-14,89.7308,98.2
2005-11-15,96.267,98.8
2005-11-16,90.3527,99.6
2005-11-17,93.0892,94.1
2005-11-18,95.5405,92.4
2005-11-19,95.4026,90.3
2005-11-20,91.4354,87.5
2005-11-21,86.9705,84.4
2005-11-22,83.2143,77.9
2005-11-23,81.259,78.7
2005-11-24,79.184,78.6
2005-11-25,76.5069,79.7
2005-11-26,76.9669,82.4
2005-11-27,77.3783,92.0
2005-11-28,78.5243,95.5
2005-11-29,81.9269,101.3
2005-11-30,91.5738,98.4
2005-12-01,94.1675,92.5
2005-12-02,100.1328,89.0
2005-12-03,99.3103,86.5
2005-12-04,93.6656,86.3
2005-12-05,89.6749,86.9
2005-12-06,86.2873,86.4
2005-12-07,85.5125,88.7
2005-12-08,85.0812,90.2
2005-12-09,84.8969,85.6
2005-12-10,89.3469,85.2
2005-12-11,90.3907,86.8
2005-12-12,86.6183,84.2
2005-12-13,84.6795,83.1
2005-12-14,84.133,82.5
2005-12-15,82.8146,82.8
2005-12-16,81.3193,86.6
2005-12-17,81.3785,84.9
2005-12-18,81.9946,83.7
2005-12-19,85.3562,84.8
2005-12-20,85.7036,90.1
2005-12-21,84.7418,88.9
2005-12-22,86.3673,88.8
2005-12-23,88.5338,89.5
2005-12-24,90.2374,89.2
2005-12-25,90.2716,86.1
2005-12-26,90.9689,87.4
2005-12-27,90.5782,86.9
2005-12-28,87.0974,84.5
2005-12-29,86.9686,84.5
2005-12-30,86.4738,81.7
2005-12-31,85.6815,82.1
2006-01-01,83.2392,81.2
2006-01-02,82.2148,80.6
2006-01-03,82.9419,79.3
2006-01-04,82.3309,76.6
2006-01-05,81.6685,75.6
2006-01-06,81.8368,75.0
2006-01-07,79.708,75.2
2006-01-08,78.5905,74.7
2006-01-09,78.1501,74.0
2006-01-10,77.7325,74.0
2006-01-11,77.6956,74.9
2006-01-12,76.9046,78.3
2006-01-13,76.5714,81.1
2006-01-14,77.5439,79.8
2006-01-15,80.1828,82.9
2006-01-16,82.3758,85.8
2006-01-17,81.4997,87.9
2006-01-18,84.4238,90.9
2006-01-19,85.8294,89.9
2006-01-20,88.1615,89.6
2006-01-21,89.4387,89.8
2006-01-22,88.7162,86.3
2006-01-23,88.8897,84.2
2006-01-24,86.0179,81.0
2006-01-25,81.7709,77.6
2006-01-26,80.837,77.2
2006-01-27,78.9675,76.5
2006-01-28,77.4297,75.3
2006-01-29,76.4947,75.3
2006-01-30,75.8209,75.1
2006-01-31,74.7736,76.4
2006-02-01,74.9245,74.9
2006-02-02,74.8912,74.2
2006-02-03,75.678,72.9
2006-02-04,75.1209,72.0
2006-02-05,75.2187,72.0
2006-02-06,74.7246,72.8
2006-02-07,74.4735,73.2
2006-02-08,73.868,74.1
2006-02-09,74.7086,74.1
2006-02-10,75.1972,74.4
2006-02-11,76.1891,75.4
2006-02-12,76.1026,76.6
2006-02-13,75.9683,77.3
2006-02-14,76.552,77.3
2006-02-15,77.0758,76.7
2006-02-16,77.152,74.8
2006-02-17,76.7163,74.5
2006-02-18,76.2362,74.2
2006-02-19,75.147,74.4
2006-02-20,74.8516,73.6
2006-02-21,74.1428,74.4
2006-02-22,74.0265,74.5
2006-02-23,73.1692,75.0
2006-02-24,73.8889,75.5
2006-02-25,74.2431,75.7
2006-02-26,74.2566,75.6
2006-02-27,75.0381,74.7
2006-02-28,75.1881,74.2
2006-03-01,74.769,73.8
2006-03-02,74.2641,73.0
2006-03-03,73.7894,72.5
2006-03-04,73.7437,73.3
2006-03-05,73.6276,71.3
2006-03-06,73.3706,71.8
2006-03-07,73.4092,71.2
2006-03-08,72.3236,73.1
2006-03-09,72.2762,72.3
2006-03-10,71.8931,71.7
2006-03-11,72.9385,72.8
2006-03-12,73.4697,73.4
2006-03-13,72.6786,71.7
2006-03-14,73.5085,71.3
2006-03-15,74.2749,71.7
2006-03-16,72.6558,74.6
2006-03-17,71.5368,76.2
2006-03-18,71.7848,76.1
2006-03-19,73.8512,75.4
2006-03-20,75.0867,76.1
2006-03-21,74.9501,75.4
2006-03-22,74.4996,75.2
2006-03-23,74.7009,73.3
2006-03-24,74.3668,74.0
2006-03-25,74.1895,79.0
2006-03-26,72.7426,81.5
2006-03-27,73.2857,83.7
2006-03-28,77.4784,86.1
2006-03-29,82.0106,86.9
2006-03-30,83.059,91.1
2006-03-31,84.073,100.4
2006-04-01,84.0808,99.6
2006-04-02,87.6266,99.1
2006-04-03,96.087,99.1
2006-04-04,93.0357,94.7
2006-04-05,90.2193,91.3
2006-04-06,88.4146,89.5
2006-04-07,84.5459,89.1
2006-04-08,83.3919,90.1
2006-04-09,82.9142,81.6
2006-04-10,84.5966,80.5
2006-04-11,86.3668,79.4
2006-04-12,81.8081,78.9
2006-04-13,79.4611,77.0
2006-04-14,78.175,78.5
2006-04-15,77.2534,76.1
2006-04-16,76.4123,76.5
2006-04-17,77.7462,79.3
2006-04-18,77.8662,80.0
2006-04-19,79.1545,83.2
2006-04-20,82.2659,87.7
2006-04-21,83.6729,93.9
2006-04-22,86.7774,96.3
2006-04-23,92.0319,101.3
2006-04-24,97.3023,102.0
2006-04-25,99.2679,101.5
2006-04-26,103.8759,102.7
2006-04-27,102.3566,101.4
2006-04-28,101.2657,94.8
2006-04-29,100.2391,90.9
2006-04-30,98.3818,90.4
2006-05-01,91.4038,93.4
2006-05-02,88.4535,88.2
2006-05-03,85.4949,88.6
2006-05-04,87.4743,87.8
2006-05-05,86.7902,86.3
2006-05-06,85.8703,84.2
2006-05-07,86.2364,79.8
2006-05-08,83.2961,77.9
2006-05-09,81.6238,77.3
2006-05-10,78.7343,75.0
2006-05-11,78.5125,73.6
2006-05-12,78.3676,73.2
2006-05-13,77.0173,73.1
2006-05-14,75.3827,73.6
2006-05-15,75.3576,75.0
2006-05-16,75.3419,77.1
2006-05-17,75.9096,78.0
2006-05-18,77.7776,79.4
2006-05-19,80.1743,85.1
2006-05-20,82.3822,86.3
2006-05-21,82.8882,85.9
2006-05-22,87.5968,85.9
2006-05-23,89.5417,83.8
2006-05-24,89.7085,85.2
2006-05-25,87.3513,87.0
2006-05-26,85.7328,83.3
2006-05-27,86.7022,82.3
2006-05-28,87.2406,80.6
2006-05-29,83.7999,79.4
2006-05-30,82.4224,77.5
2006-05-31,79.3392,78.1
2006-06-01,77.689,77.8
2006-06-02,76.8934,80.2
2006-06-03,76.8324,80.3
2006-06-04,78.7449,85.2
2006-06-05,80.1931,82.5
2006-06-06,81.2779,80.0
2006-06-07,84.9436,78.5
2006-06-08,83.7837,76.7
2006-06-09,80.2274,76.5
2006-06-10,80.1207,79.5
2006-06-11,79.0428,77.7
2006-06-12,77.8849,78.8
2006-06-13,79.5876,77.7
2006-06-14,80.0345,75.6
2006-06-15,80.0792,75.7
2006-06-16,79.7184,75.7
2006-06-17,77.5638,75.3
2006-06-18,77.0059,75.1
2006-06-19,76.8892,74.4
2006-06-20,76.2354,74.1
2006-06-21,76.3679,76.1
2006-06-22,75.8512,76.5
2006-06-23,75.7612,79.0
2006-06-24,77.2552,81.2
2006-06-25,78.583,86.3
2006-06-26,80.0138,88.4
2006-06-27,81.8409,89.0
2006-06-28,85.5488,88.4
2006-06-29,88.9785,90.0
2006-06-30,89.4045,88.8
2006-07-01,86.1584,95.1
2006-07-02,86.3737,87.5
2006-07-03,85.8372,87.9
2006-07-04,90.5264,82.6
2006-07-05,86.6726,80.0
2006-07-06,84.5252,77.1
2006-07-07,79.8412,75.2
2006-07-08,75.9769,73.6
2006-07-09,74.6172,72.9
2006-07-10,74.3908,72.2
2006-07-11,73.4106,73.3
2006-07-12,73.2388,72.6
2006-07-13,72.4752,73.2
2006-07-14,74.4625,73.3
2006-07-15,74.5205,73.6
2006-07-16,74.1631,73.4
2006-07-17,74.5617,74.5
2006-07-18,74.8071,75.0
2006-07-19,74.8617,75.9
2006-07-20,76.5311,78.9
2006-07-21,77.4393,79.5
2006-07-22,78.7361,77.9
2006-07-23,80.7283,77.0
2006-07-24,80.7256,76.7
2006-07-25,79.387,74.9
2006-07-26,77.0358,75.2
2006-07-27,76.2984,76.2
2006-07-28,74.8154,74.6
2006-07-29,74.555,74.9
2006-07-30,75.4692,74.3
2006-07-31,74.4872,73.4
2006-08-01,74.2663,71.6
2006-08-02,73.7015,71.5
2006-08-03,73.1726,71.5
2006-08-04,71.7893,71.8
2006-08-05,71.3388,73.4
2006-08-06,71.2465,76.1
2006-08-07,71.2715,82.5
2006-08-08,73.238,86.2
2006-08-09,76.1384,87.0
2006-08-10,82.1898,88.1
2006-08-11,86.1378,88.6
2006-08-12,86.5356,87.8
2006-08-13,85.8348,96.4
2006-08-14,86.128,88.0
2006-08-15,85.5773,90.6
2006-08-16,91.0391,90.9
2006-08-17,86.4523,90.2
2006-08-18,83.008,89.8
2006-08-19,81.4269,82.7
2006-08-20,80.5567,80.1
2006-08-21,84.1624,79.9
2006-08-22,82.7286,78.9
2006-08-23,81.3244,77.3
2006-08-24,80.3795,80.2
2006-08-25,77.8294,78.0
2006-08-26,76.45,74.4
2006-08-27,78.3066,75.7
2006-08-28,77.2707,84.7
2006-08-29,73.1304,78.3
2006-08-30,73.5309,76.9
2006-08-31,80.6984,77.8
2006-09-01,78.826,80.3
2006-09-02,78.3785,81.7
2006-09-03,80.3133,85.3
2006-09-04,81.1985,88.1
2006-09-05,83.9705,88.5
2006-09-06,86.827,86.7
2006-09-07,89.7531,88.5
2006-09-08,90.9067,85.7
2006-09-09,87.1187,85.1
2006-09-10,86.8409,83.9
2006-09-11,82.9707,83.8
2006-09-12,82.1514,81.0
2006-09-13,79.9964,80.1
2006-09-14,79.6456,78.8
2006-09-15,78.5267,75.1
2006-09-16,77.4111,74.0
2006-09-17,76.8434,71.5
2006-09-18,75.5298,72.0
2006-09-19,74.7603,72.9
2006-09-20,72.2552,70.9
2006-09-21,72.1849,70.3
2006-09-22,73.0393,70.6
2006-09-23,72.251,71.0
2006-09-24,72.044,72.4
2006-09-25,72.6758,73.3
2006-09-26,74.5918,76.8
2006-09-27,75.9195,77.9
2006-09-28,77.8884,78.6
2006-09-29,80.1414,78.0
2006-09-30,80.4548,76.7
2006-10-01,80.4158,76.7
2006-10-02,78.8372,77.3
2006-10-03,76.8646,76.3
2006-10-04,76.1515,76.4
2006-10-05,76.3526,75.1
2006-10-06,75.9159,74.8
2006-10-07,75.9812,75.0
2006-10-08,75.3626,73.3
2006-10-09,74.9843,73.3
2006-10-10,74.6466,72.9
2006-10-11,73.468,72.0
2006-10-12,73.0031,70.7
2006-10-13,72.7784,69.1
2006-10-14,71.9806,69.1
2006-10-15,70.8063,69.0
2006-10-16,69.7198,69.0
2006-10-17,69.3235,70.4
2006-10-18,69.4201,74.0
2006-10-19,69.7545,75.1
2006-10-20,71.0009,75.7
2006-10-21,73.3488,74.0
2006-10-22,74.7406,73.9
2006-10-23,74.8075,71.0
2006-10-24,73.5709,71.1
2006-10-25,73.4035,73.7
2006-10-26,72.3935,72.3
2006-10-27,71.8121,74.6
2006-10-28,72.2167,78.9
2006-10-29,72.2743,85.3
2006-10-30,75.0147,86.8
2006-10-31,78.8682,86.0
2006-11-01,85.7623,84.0
2006-11-02,86.6868,83.2
2006-11-03,84.8579,82.1
2006-11-04,82.2781,85.6
2006-11-05,81.2548,84.8
2006-11-06,79.3664,87.7
2006-11-07,80.8988,89.3
2006-11-08,83.2339,95.0
2006-11-09,86.8422,94.7
2006-11-10,88.1521,93.2
2006-11-11,94.5988,92.5
2006-11-12,91.6004,94.0
2006-11-13,92.3189,92.0
2006-11-14,91.5015,87.4
2006-11-15,91.1537,86.8
2006-11-16,86.7402,82.9
2006-11-17,80.9046,78.6
2006-11-18,79.1093,75.6
2006-11-19,77.002,74.6
2006-11-20,75.3678,74.9
2006-11-21,74.9599,75.5
2006-11-22,75.7462,76.5
2006-11-23,76.0173,76.2
2006-11-24,76.351,80.2
2006-11-25,78.776,83.2
2006-11-26,77.8795,82.7
2006-11-27,81.8464,81.8
2006-11-28,84.842,81.8
2006-11-29,85.5175,84.8
2006-11-30,85.156,84.6
2006-12-01,86.1421,93.6
2006-12-02,88.3972,99.4
2006-12-03,87.4151,99.7
2006-12-04,91.7801,94.4
2006-12-05,97.9511,93.1
2006-12-06,99.1969,89.6
2006-12-07,93.5688,87.3
2006-12-08,91.0777,89.4
2006-12-09,85.7127,101.0
2006-12-10,83.8277,93.5
2006-12-11,85.077,91.4
2006-12-12,95.0573,85.4
2006-12-13,88.15,80.0
2006-12-14,82.7929,79.5
2006-12-15,78.9269,73.0
2006-12-16,75.8223,72.0
2006-12-17,76.1853,70.3
2006-12-18,73.9927,71.6
2006-12-19,73.9318,72.2
2006-12-20,72.6683,71.2
2006-12-21,73.3322,71.9
2006-12-22,73.521,73.9
2006-12-23,72.5112,72.5
2006-12-24,72.806,70.9
2006-12-25,75.5153,73.8
2006-12-26,75.5199,75.8
2006-12-27,74.8192,78.2
2006-12-28,77.6458,82.3
2006-12-29,80.0307,85.5
2006-12-30,83.3446,88.6
2006-12-31,86.6182,84.8
2007-01-01,88.9864,88.0
2007-01-02,91.9859,86.5
2007-01-03,87.1694,85.6
2007-01-04,88.5479,85.3
2007-01-05,84.2207,85.7
2007-01-06,82.8997,89.1
2007-01-07,81.9454,83.3
2007-01-08,81.5582,81.2
2007-01-09,82.3601,81.0
2007-01-10,77.4212,78.7
2007-01-11,76.7369,79.4
2007-01-12,77.0023,79.3
2007-01-13,77.5041,76.1
2007-01-14,78.127,75.6
2007-01-15,78.8012,74.4
2007-01-16,75.3738,73.9
2007-01-17,74.6856,76.3
2007-01-18,73.9775,76.1
2007-01-19,74.3481,76.0
2007-01-20,76.7186,76.8
2007-01-21,77.1127,77.9
2007-01-22,77.1375,77.5
2007-01-23,77.931,77.3
2007-01-24,79.228,78.0
2007-01-25,80.3138,79.3
2007-01-26,80.8559,84.1
2007-01-27,81.3943,84.9
2007-01-28,81.6419,86.6
2007-01-29,85.8975,87.3
2007-01-30,86.3154,87.7
2007-01-31,86.4769,84.8
2007-02-01,85.5878,81.3
2007-02-02,85.8763,80.7
2007-02-03,81.8781,79.6
2007-02-04,78.5506,79.8
2007-02-05,77.2188,76.3
2007-02-06,76.1123,74.6
2007-02-07,76.3625,73.9
2007-02-08,74.3695,72.8
2007-02-09,73.1509,71.8
2007-02-10,72.8936,70.9
2007-02-11,72.5357,70.9
2007-02-12,71.7645,71.8
2007-02-13,71.33,72.9
2007-02-14,71.4441,73.5
2007-02-15,72.1914,74.1
2007-02-16,74.8021,73.2
2007-02-17,75.0084,73.1
2007-02-18,76.8989,73.2
2007-02-19,75.5463,73.9
2007-02-20,75.6937,73.6
2007-02-21,75.7439,73.9
2007-02-22,77.002,75.1
2007-02-23,76.1486,73.9
2007-02-24,75.4826,73.4
2007-02-25,76.1035,74.4
2007-02-26,74.7225,73.4
2007-02-27,74.2676,74.2
2007-02-28,75.2634,72.0
2007-03-01,73.3784,71.3
2007-03-02,73.6272,70.8
2007-03-03,72.1148,70.8
2007-03-04,71.456,71.8
2007-03-05,70.9709,71.4
2007-03-06,70.9836,70.6
2007-03-07,71.3921,70.2
2007-03-08,71.0526,70.1
2007-03-09,70.5535,70.3
2007-03-10,70.328,70.6
2007-03-11,70.3774,69.2
2007-03-12,70.4767,68.5
2007-03-13,70.423,68.0
2007-03-14,69.652,68.6
2007-03-15,69.3454,69.8
2007-03-16,69.3886,69.5
2007-03-17,69.5249,72.0
2007-03-18,70.0689,72.3
2007-03-19,70.0291,72.0
2007-03-20,71.6474,72.0
2007-03-21,72.2722,72.4
2007-03-22,71.9551,73.3
2007-03-23,71.6785,73.5
2007-03-24,72.1105,73.0
2007-03-25,72.4802,74.3
2007-03-26,72.9854,73.6
2007-03-27,72.7457,73.9
2007-03-28,75.0154,73.1
2007-03-29,74.5332,71.6
2007-03-30,73.837,71.1
2007-03-31,72.6361,70.8
2007-04-01,71.7861,70.8
2007-04-02,70.8035,71.0
2007-04-03,70.4368,71.1
2007-04-04,70.3984,71.4
2007-04-05,70.6224,71.3
2007-04-06,70.554,70.2
2007-04-07,70.6693,69.7
2007-04-08,70.6612,69.5
2007-04-09,70.0378,68.6
2007-04-10,69.6993,68.6
2007-04-11,69.6677,68.6
2007-04-12,69.3882,69.8
2007-04-13,69.4132,69.8
2007-04-14,69.8431,69.8
2007-04-15,69.8737,69.3
2007-04-16,69.8878,68.9
2007-04-17,69.9274,69.1
2007-04-18,69.7556,69.4
2007-04-19,69.3349,69.7
2007-04-20,69.4842,69.8
2007-04-21,69.664,74.0
2007-04-22,69.7238,77.4
2007-04-23,69.7056,81.5
2007-04-24,72.314,83.8
2007-04-25,77.8038,86.1
2007-04-26,83.1113,86.0
2007-04-27,85.0576,88.2
2007-04-28,87.1793,87.6
2007-04-29,83.9785,88.8
2007-04-30,86.0246,84.4
2007-05-01,85.078,83.9
2007-05-02,85.1116,82.4
2007-05-03,79.0899,79.4
2007-05-04,78.2449,77.1
2007-05-05,77.5667,74.7
2007-05-06,75.8351,73.5
2007-05-07,73.9249,72.6
2007-05-08,72.7114,72.9
2007-05-09,72.844,72.9
2007-05-10,72.645,75.0
2007-05-11,72.7389,74.4
2007-05-12,72.7365,78.5
2007-05-13,73.6963,78.9
2007-05-14,75.0643,78.3
2007-05-15,78.7341,77.6
2007-05-16,80.3013,76.6
2007-05-17,79.5751,75.9
2007-05-18,79.5096,75.0
2007-05-19,78.0103,73.7
2007-05-20,76.5667,71.9
2007-05-21,75.3307,71.7
2007-05-22,74.2574,69.9
2007-05-23,73.1918,69.5
2007-05-24,71.9864,68.8
2007-05-25,70.2798,70.5
2007-05-26,70.0671,71.5
2007-05-27,69.7781,72.6
2007-05-28,70.8264,76.7
2007-05-29,72.2954,81.6
2007-05-30,73.3805,85.6
2007-05-31,74.9256,89.5
2007-06-01,83.0726,88.2
2007-06-02,87.1003,84.8
2007-06-03,90.7367,87.13
2007-06-04,89.6638,88.11
2007-06-05,83.5253,86.8
2007-06-06,84.4101,81.0
2007-06-07,84.3326,78.2
2007-06-08,82.2721,75.6
2007-06-09,77.7864,72.6
2007-06-10,75.8997,73.1
2007-06-11,74.2393,70.6
2007-06-12,72.3811,71.3
2007-06-13,72.1698,70.2
2007-06-14,71.0084,68.9
2007-06-15,71.2628,68.8
2007-06-16,70.5318,68.5
2007-06-17,69.949,67.8
2007-06-18,70.048,67.6
2007-06-19,70.2337,67.5
2007-06-20,70.3001,68.1
2007-06-21,70.8686,69.1
2007-06-22,71.4115,69.8
2007-06-23,71.8949,72.8
2007-06-24,72.0409,75.7
2007-06-25,73.8782,77.4
2007-06-26,75.7767,77.8
2007-06-27,77.6688,76.4
2007-06-28,79.142,76.8
2007-06-29,77.8776,75.1
2007-06-30,76.5391,74.2
2007-07-01,76.2054,74.9
2007-07-02,74.7366,73.9
2007-07-03,73.7269,73.5
2007-07-04,73.7449,75.5
2007-07-05,73.2609,77.6
2007-07-06,72.7534,79.7
2007-07-07,75.5773,80.8
2007-07-08,78.0439,81.1
2007-07-09,80.2505,79.5
2007-07-10,81.824,80.6
2007-07-11,79.1261,78.2
2007-07-12,78.186,77.1
2007-07-13,78.1827,75.3
2007-07-14,76.5398,74.7
2007-07-15,74.9335,71.8
2007-07-16,72.9786,70.5
2007-07-17,72.3309,69.5
2007-07-18,71.1931,68.6
2007-07-19,70.6225,68.3
2007-07-20,70.3283,69.3
2007-07-21,70.2438,70.2
2007-07-22,69.9593,70.8
2007-07-23,70.1329,70.6
2007-07-24,70.6692,70.9
2007-07-25,70.8236,72.1
2007-07-26,70.7495,71.1
2007-07-27,70.889,71.0
2007-07-28,71.9306,70.1
2007-07-29,71.7711,70.4
2007-07-30,72.4362,71.5
2007-07-31,71.8942,72.4
2007-08-01,71.4964,71.4
2007-08-02,71.7829,70.9
2007-08-03,72.7683,72.0
2007-08-04,72.0762,71.0
2007-08-05,71.3101,71.0
2007-08-06,71.5783,69.3
2007-08-07,70.8944,69.3
2007-08-08,70.8215,69.5
2007-08-09,69.8654,70.0
2007-08-10,69.6875,69.5
2007-08-11,69.6264,70.3
2007-08-12,69.8188,69.3
2007-08-13,69.5551,69.0
2007-08-14,70.0233,69.3
2007-08-15,69.5616,69.6
2007-08-16,69.1993,69.4
2007-08-17,69.5989,70.7
2007-08-18,69.6027,70.9
2007-08-19,69.6403,71.6
2007-08-20,70.3823,72.4
2007-08-21,72.1025,73.2
2007-08-22,72.475,73.1
2007-08-23,73.4111,71.6
2007-08-24,73.968,70.7
2007-08-25,72.785,71.6
2007-08-26,72.0291,71.0
2007-08-27,71.0461,73.0
2007-08-28,71.4356,72.2
2007-08-29,70.8438,72.1
2007-08-30,71.7708,70.6
2007-08-31,71.719,69.1
2007-09-01,71.5867,69.4
2007-09-02,70.4834,68.8
2007-09-03,69.5064,67.8
2007-09-04,69.6314,68.2
2007-09-05,69.3789,67.6
2007-09-06,69.1039,67.7
2007-09-07,69.069,67.9
2007-09-08,69.0423,67.0
2007-09-09,68.9517,66.7
2007-09-10,68.8688,67.2
2007-09-11,68.8872,67.6
2007-09-12,68.9414,68.5
2007-09-13,69.12,67.8
2007-09-14,69.1647,67.6
2007-09-15,69.2305,67.1
2007-09-16,69.1041,67.4
2007-09-17,69.064,67.4
2007-09-18,68.9863,67.4
2007-09-19,69.0123,67.2
2007-09-20,69.0496,66.8
2007-09-21,69.0819,66.5
2007-09-22,69.0109,66.6
2007-09-23,68.9931,66.8
2007-09-24,68.9452,67.4
2007-09-25,68.8251,67.4
2007-09-26,68.7747,67.8
2007-09-27,68.7037,65.1
2007-09-28,68.7974,67.8
2007-09-29,68.7792,66.5
2007-09-30,68.6064,67.3
2007-10-01,68.5232,67.4
2007-10-02,68.418,67.8
2007-10-03,68.489,68.9
2007-10-04,68.4496,68.1
2007-10-05,68.5156,67.9
2007-10-06,69.057,68.6
2007-10-07,68.8055,67.9
2007-10-08,68.5922,68.6
2007-10-09,68.7092,68.3
2007-10-10,68.6431,67.3
2007-10-11,68.7836,66.7
2007-10-12,68.7192,66.8
2007-10-13,68.6224,66.7
2007-10-14,68.5894,67.0
2007-10-15,68.5936,67.7
2007-10-16,68.5766,66.8
2007-10-17,68.5303,66.3
2007-10-18,68.5703,66.6
2007-10-19,68.5366,66.0
2007-10-20,68.52,66.4
2007-10-21,68.528,66.8
2007-10-22,68.4608,66.3
2007-10-23,68.4483,66.7
2007-10-24,68.4733,66.2
2007-10-25,68.4408,66.6
2007-10-26,68.4784,66.2
2007-10-27,68.4918,66.3
2007-10-28,68.4429,66.1
2007-10-29,68.4687,66.3
2007-10-30,68.4968,66.8
2007-10-31,68.5004,66.5
2007-11-01,68.5532,66.5
2007-11-02,68.5306,66.2
2007-11-03,68.4878,67.3
2007-11-04,68.4669,66.9
2007-11-05,68.4703,68.4
2007-11-06,68.6565,68.2
2007-11-07,68.5078,68.4
2007-11-08,68.626,67.7
2007-11-09,68.5704,68.3
2007-11-10,68.6277,68.4
2007-11-11,68.5522,68.9
2007-11-12,68.6133,67.7
2007-11-13,68.6091,69.1
2007-11-14,68.6984,68.2
2007-11-15,68.5426,67.2
2007-11-16,69.0468,67.9
2007-11-17,68.8063,68.0
2007-11-18,68.504,67.4
2007-11-19,68.5486,68.0
2007-11-20,68.5632,68.3
2007-11-21,68.5259,69.5
2007-11-22,68.5365,68.8
2007-11-23,68.5919,69.6
2007-11-24,69.2363,69.6
2007-11-25,68.884,69.3
2007-11-26,69.0498,69.3
2007-11-27,69.0272,69.2
2007-11-28,69.0458,69.9
2007-11-29,69.0698,71.0
2007-11-30,68.8948,70.5
2007-12-01,69.5988,71.5
2007-12-02,71.2016,73.1
2007-12-03,70.9483,75.9
2007-12-04,70.7808,79.8
2007-12-05,71.6399,84.4
2007-12-06,75.6177,86.2
2007-12-07,78.8643,84.3
2007-12-08,82.5642,90.5
2007-12-09,83.0093,91.1
2007-12-10,80.9134,90.9
2007-12-11,85.868,89.0
2007-12-12,86.7035,86.1
2007-12-13,85.7113,79.1
2007-12-14,82.2705,76.9
2007-12-15,79.1776,74.4
2007-12-16,74.9374,72.1
2007-12-17,74.0511,70.2
2007-12-18,72.749,68.7
2007-12-19,71.7365,69.1
2007-12-20,70.1251,69.1
2007-12-21,69.1281,69.1
2007-12-22,69.3674,69.7
2007-12-23,69.5529,70.2
2007-12-24,69.8278,69.7
2007-12-25,70.1278,69.5
2007-12-26,70.9144,70.3
2007-12-27,71.4621,72.5
2007-12-28,72.2286,74.2
2007-12-29,73.3807,76.7
2007-12-30,74.5399,77.0
2007-12-31,75.4769,76.7
2008-01-01,77.9613,76.4
2008-01-02,77.9615,77.1
2008-01-03,76.7727,76.6
2008-01-04,75.8959,75.2
2008-01-05,75.9826,73.0
2008-01-06,75.3275,74.0
2008-01-07,74.6615,73.2
2008-01-08,72.7409,73.5
2008-01-09,72.8741,73.2
2008-01-10,72.2981,72.9
2008-01-11,72.4461,73.1
2008-01-12,72.1733,71.3
2008-01-13,72.0875,70.6
2008-01-14,72.1098,71.3
2008-01-15,71.0258,68.8
2008-01-16,70.238,68.6
2008-01-17,70.627,68.0
2008-01-18,69.2259,69.3
2008-01-19,69.0744,68.1
2008-01-20,69.0665,68.4
2008-01-21,69.735,69.1
2008-01-22,69.696,68.9
2008-01-23,69.8507,70.3
2008-01-24,70.1386,69.8
2008-01-25,69.9043,69.2
2008-01-26,70.8801,69.5
2008-01-27,70.4358,70.6
2008-01-28,69.9663,69.9
2008-01-29,70.4673,69.0
2008-01-30,72.1745,69.8
2008-01-31,70.5066,69.55
2008-02-01,69.9073,69.3
2008-02-02,70.1671,68.5
2008-02-03,70.0073,69.6
2008-02-04,69.9273,68.9
2008-02-05,69.4385,69.0
2008-02-06,69.6596,70.3
2008-02-07,69.2734,70.7
2008-02-08,69.2711,70.2
2008-02-09,69.9846,70.3
2008-02-10,70.0359,68.7
2008-02-11,69.8041,68.8
2008-02-12,69.7596,68.0
2008-02-13,68.942,68.6
2008-02-14,68.9285,69.4
2008-02-15,68.819,69.5
2008-02-16,68.9975,70.0
2008-02-17,69.4767,69.3
2008-02-18,69.523,70.3
2008-02-19,69.8114,70.8
2008-02-20,69.5694,70.1
2008-02-21,70.1369,69.3
2008-02-22,70.3099,69.9
2008-02-23,70.0811,69.3
2008-02-24,69.5503,69.4
2008-02-25,69.7863,68.7
2008-02-26,69.4459,68.5
2008-02-27,69.4426,67.4
2008-02-28,69.0474,68.0
2008-02-29,68.973,67.3
2008-03-01,68.902,67.2
2008-03-02,68.9992,68.2
2008-03-03,68.976,69.3
2008-03-04,68.9604,69.5
2008-03-05,68.9677,68.8
2008-03-06,69.4724,68.5
2008-03-07,69.2192,69.4
2008-03-08,68.9074,69.3
2008-03-09,68.801,68.5
2008-03-10,69.2094,68.7
2008-03-11,69.2549,69.1
2008-03-12,68.9247,68.8
2008-03-13,69.0239,69.6
2008-03-14,69.2198,69.1
2008-03-15,69.0998,69.0
2008-03-16,69.4393,68.4
2008-03-17,69.1911,67.9
2008-03-18,69.1073,67.7
2008-03-19,68.9538,69.1
2008-03-20,68.8937,71.5
2008-03-21,68.8261,79.0
2008-03-22,68.9702,88.2
2008-03-23,71.715,81.2
2008-03-24,77.7208,84.5
2008-03-25,87.2124,82.6
2008-03-26,83.0542,82.4
2008-03-27,83.2905,80.4
2008-03-28,82.3769,79.1
2008-03-29,80.1877,77.7
2008-03-30,77.6217,75.9
2008-03-31,75.6242,76.4
2008-04-01,74.3266,73.1
2008-04-02,73.0521,71.1
2008-04-03,73.7341,69.5
2008-04-04,72.3561,69.3
2008-04-05,70.9017,70.0
2008-04-06,69.535,68.2
2008-04-07,69.3832,68.1
2008-04-08,69.8285,67.4
2008-04-09,69.4249,68.5
2008-04-10,69.5831,69.7
2008-04-11,69.5413,69.0
2008-04-12,70.0272,69.7
2008-04-13,70.4892,70.0
2008-04-14,70.8044,69.8
2008-04-15,71.9382,70.8
2008-04-16,72.0424,71.7
2008-04-17,71.5149,71.5
2008-04-18,71.1671,71.6
2008-04-19,71.7528,72.1
2008-04-20,71.364,71.5
2008-04-21,71.3008,71.2
2008-04-22,71.7733,70.7
2008-04-23,71.3178,69.9
2008-04-24,70.8094,69.0
2008-04-25,70.5164,69.4
2008-04-26,70.0315,69.6
2008-04-27,69.3193,68.0
2008-04-28,69.5536,69.6
2008-04-29,69.3178,69.2
2008-04-30,68.7524,68.5
2008-05-01,69.0936,69.5
2008-05-02,68.8899,68.8
2008-05-03,68.7374,68.4
2008-05-04,69.1765,67.8
2008-05-05,68.9616,67.7
2008-05-06,68.875,68.6
2008-05-07,68.8798,68.7
2008-05-08,68.9378,69.4
2008-05-09,69.1522,69.5
2008-05-10,69.2112,69.7
2008-05-11,69.8234,70.5
2008-05-12,69.8774,72.7
2008-05-13,70.0293,73.2
2008-05-14,70.6436,72.8
2008-05-15,72.281,73.3
2008-05-16,73.4354,70.5
2008-05-17,73.3092,70.2
2008-05-18,73.9094,70.8
2008-05-19,71.2176,71.0
2008-05-20,70.2825,69.6
2008-05-21,70.3472,70.3
2008-05-22,70.6398,70.1
2008-05-23,69.7067,69.8
2008-05-24,70.0864,69.7
2008-05-25,69.9433,69.6
2008-05-26,69.5813,69.9
2008-05-27,69.3,69.0
2008-05-28,69.1751,68.8
2008-05-29,69.4391,68.5
2008-05-30,68.9004,69.0
2008-05-31,68.8776,68.2
2008-06-01,68.8503,67.1
2008-06-02,68.9446,68.4
2008-06-03,68.9304,67.9
2008-06-04,68.897,67.6
2008-06-05,69.1875,66.9
2008-06-06,69.0633,68.0
2008-06-07,69.1097,68.2
2008-06-08,69.0835,67.8
2008-06-09,69.1788,69.2
2008-06-10,70.5857,68.6
2008-06-11,69.667,69.2
2008-06-12,69.4241,68.6
2008-06-13,69.299,67.4
2008-06-14,69.6667,68.1
2008-06-15,69.4086,67.5
2008-06-16,70.0038,67.0
2008-06-17,69.8765,67.3
2008-06-18,69.6173,67.0
2008-06-19,68.9862,67.5
2008-06-20,69.0577,67.5
2008-06-21,68.921,68.0
2008-06-22,68.9046,68.1
2008-06-23,68.7435,67.5
2008-06-24,68.6617,68.3
2008-06-25,68.6528,68.1
2008-06-26,68.5356,68.8
2008-06-27,68.5805,68.9
2008-06-28,68.5317,67.8
2008-06-29,68.6691,68.2
2008-06-30,68.7051,67.7
2008-07-01,68.5681,67.6
2008-07-02,68.6481,67.3
2008-07-03,68.7194,68.3
2008-07-04,68.7633,67.7
2008-07-05,68.8085,67.8
2008-07-06,68.8423,68.3
2008-07-07,68.7372,67.6
2008-07-08,68.6596,67.9
2008-07-09,68.6716,67.1
2008-07-10,68.588,67.4
2008-07-11,68.6071,67.8
2008-07-12,68.533,67.9
2008-07-13,68.536,66.7
2008-07-14,68.5554,67.1
2008-07-15,68.5507,67.4
2008-07-16,68.4983,68.5
2008-07-17,68.5722,68.0
2008-07-18,68.6078,68.4
2008-07-19,68.7215,68.0
2008-07-20,68.7026,67.6
2008-07-21,68.6883,67.5
2008-07-22,68.5838,67.9
2008-07-23,68.581,68.1
2008-07-24,68.5269,68.4
2008-07-25,68.5381,68.3
2008-07-26,68.5526,68.1
2008-07-27,68.6165,68.5
2008-07-28,68.5828,67.5
2008-07-29,68.5625,68.1
2008-07-30,68.6491,68.2
2008-07-31,68.5209,67.4
2008-08-01,68.5793,68.2
2008-08-02,68.5644,68.4
2008-08-03,68.5262,68.9
2008-08-04,68.5561,68.0
2008-08-05,68.5879,67.3
2008-08-06,68.6714,67.3
2008-08-07,68.5442,67.4
2008-08-08,68.527,67.5
2008-08-09,68.567,66.9
2008-08-10,68.5449,67.0
2008-08-11,68.5566,67.6
2008-08-12,68.4802,67.0
2008-08-13,68.4992,67.8
2008-08-14,68.5333,68.2
2008-08-15,68.5047,67.8
2008-08-16,68.5671,68.9
2008-08-17,68.6312,67.4
2008-08-18,68.5935,68.7
2008-08-19,68.741,69.1
2008-08-20,68.61,69.4
2008-08-21,68.704,68.6
2008-08-22,68.8634,68.0
2008-08-23,69.0298,68.3
2008-08-24,68.6794,68.0
2008-08-25,68.5955,67.4
2008-08-26,68.6674,68.1
2008-08-27,68.6282,68.4
2008-08-28,68.5392,67.9
2008-08-29,68.6188,67.0
2008-08-30,68.6222,67.2
2008-08-31,68.5581,67.3
2008-09-01,68.4873,67.0
2008-09-02,68.4976,66.3
2008-09-03,68.5021,66.8
2008-09-04,68.4857,67.6
2008-09-05,68.4521,68.0
2008-09-06,68.4839,68.0
2008-09-07,68.5278,68.1
2008-09-08,68.5854,67.8
2008-09-09,68.6277,67.1
2008-09-10,68.617,67.2
2008-09-11,68.7396,67.6
2008-09-12,68.651,68.2
2008-09-13,68.6854,70.1
2008-09-14,68.7118,67.7
2008-09-15,68.7269,67.8
2008-09-16,69.5618,68.4
2008-09-17,68.6267,68.4
2008-09-18,68.5452,68.4
2008-09-19,68.6378,69.6
2008-09-20,68.637,69.8
2008-09-21,68.6138,68.8
2008-09-22,69.0721,68.6
2008-09-23,69.1656,68.0
2008-09-24,68.6938,67.6
2008-09-25,68.6761,67.3
2008-09-26,68.5474,67.0
2008-09-27,68.497,66.4
2008-09-28,68.4868,65.9
2008-09-29,68.4951,66.4
2008-09-30,68.465,67.2
2008-10-01,68.4296,66.6
2008-10-02,68.4502,67.4
2008-10-03,68.4938,67.2
2008-10-04,68.4899,66.6
2008-10-05,68.5319,67.5
2008-10-06,68.5646,68.5
2008-10-07,68.5835,68.7
2008-10-08,68.6154,70.5
2008-10-09,68.7263,69.7
2008-10-10,68.8546,70.5
2008-10-11,71.2379,70.0
2008-10-12,69.641,70.5
2008-10-13,70.0027,71.4
2008-10-14,69.8474,69.5
2008-10-15,69.9985,68.6
2008-10-16,70.6469,69.0
2008-10-17,69.3376,68.6
2008-10-18,68.7451,68.2
2008-10-19,68.7156,67.0
2008-10-20,68.6234,66.5
2008-10-21,68.537,66.7
2008-10-22,68.4828,66.7
2008-10-23,68.4464,66.0
2008-10-24,68.4676,66.1
2008-10-25,68.4789,66.2
2008-10-26,68.4393,65.8
2008-10-27,68.4481,65.9
2008-10-28,68.4618,67.1
2008-10-29,68.498,65.6
2008-10-30,68.623,68.0
2008-10-31,68.862,68.3
2008-11-01,68.8479,66.8
2008-11-02,69.1235,66.5
2008-11-03,69.0711,67.3
2008-11-04,69.0384,66.5
2008-11-05,69.0798,67.0
2008-11-06,68.9235,67.1
2008-11-07,68.8788,67.9
2008-11-08,68.8791,70.0
2008-11-09,68.7884,69.5
2008-11-10,68.8086,67.6
2008-11-11,69.8236,66.8
2008-11-12,69.4279,66.7
2008-11-13,68.6919,66.2
2008-11-14,68.5398,66.2
2008-11-15,68.5272,68.2
2008-11-16,68.509,67.7
2008-11-17,68.4202,67.9
2008-11-18,68.564,66.8
2008-11-19,68.5367,67.3
2008-11-20,68.5186,67.2
2008-11-21,68.4558,66.1
2008-11-22,68.4723,66.0
2008-11-23,68.5032,66.5
2008-11-24,68.4505,66.4
2008-11-25,68.4201,65.2
2008-11-26,68.4501,66.4
2008-11-27,68.4357,66.5
2008-11-28,68.3988,66.2
2008-11-29,68.4837,67.0
2008-11-30,68.5142,67.2
2008-12-01,68.5065,67.6
2008-12-02,68.6644,66.8
2008-12-03,68.6884,67.1
2008-12-04,68.7179,67.0
2008-12-05,68.6285,66.4
2008-12-06,68.5838,66.7
2008-12-07,68.4955,68.7
2008-12-08,68.4338,68.0
2008-12-09,68.4093,68.8
2008-12-10,68.6433,67.5
2008-12-11,68.494,66.6
2008-12-12,68.5885,66.7
2008-12-13,68.4757,67.2
2008-12-14,68.4243,66.6
2008-12-15,68.4364,66.2
2008-12-16,68.4771,67.0
2008-12-17,68.4362,66.9
2008-12-18,68.4083,66.2
2008-12-19,68.4566,65.5
2008-12-20,68.4673,66.3
2008-12-21,68.4396,67.1
2008-12-22,68.4166,67.0
2008-12-23,68.4801,67.0
2008-12-24,68.5308,67.1
2008-12-25,68.5345,67.5
2008-12-26,68.5331,67.5
2008-12-27,68.4955,66.3
2008-12-28,68.491,67.0
2008-12-29,68.5019,66.6
2008-12-30,68.475,67.6
2008-12-31,68.5818,67.2
2009-01-01,68.5455,66.6
2009-01-02,68.6234,66.9
2009-01-03,68.5526,66.5
2009-01-04,68.5025,66.7
2009-01-05,68.4964,66.5
2009-01-06,68.4561,67.4
2009-01-07,68.4406,68.5
2009-01-08,68.4227,67.7
2009-01-09,69.0253,67.0
2009-01-10,68.6638,68.2
2009-01-11,68.5607,68.9
2009-01-12,68.5344,68.8
2009-01-13,68.6106,68.5
2009-01-14,68.6934,69.6
2009-01-15,68.6863,68.8
2009-01-16,68.6401,68.6
2009-01-17,69.0173,68.1
2009-01-18,68.6922,67.2
2009-01-19,68.6839,66.9
2009-01-20,68.5724,67.8
2009-01-21,68.5221,66.6
2009-01-22,68.5041,67.7
2009-01-23,68.5502,67.8
2009-01-24,68.4859,67.6
2009-01-25,68.5397,67.4
2009-01-26,68.5402,67.3
2009-01-27,68.5329,67.1
2009-01-28,68.5115,67.4
2009-01-29,68.5171,67.5
2009-01-30,68.5254,67.1
2009-01-31,68.6075,67.3
2009-02-01,68.543,67.5
2009-02-02,68.5063,68.1
2009-02-03,68.5321,68.2
2009-02-04,68.6195,69.2
2009-02-05,68.6771,69.3
2009-02-06,68.7521,68.8
2009-02-07,69.0294,65.8
2009-02-08,69.2543,68.5
2009-02-09,68.9092,68.0
2009-02-10,68.5346,68.3
2009-02-11,69.1894,68.4
2009-02-12,69.0842,67.9
2009-02-13,69.1101,67.9
2009-02-14,68.676,69.0
2009-02-15,68.6162,68.2
2009-02-16,68.5956,67.4
2009-02-17,68.7333,67.6
2009-02-18,68.5897,69.1
2009-02-19,68.5363,68.8
2009-02-20,68.5418,69.3
2009-02-21,68.8206,69.5
2009-02-22,68.6871,69.3
2009-02-23,69.0213,68.6
2009-02-24,69.0671,67.6
2009-02-25,69.0469,69.3
2009-02-26,68.7031,68.1
2009-02-27,68.5854,68.0
2009-02-28,69.1224,68.0
2009-03-01,68.7237,68.6
2009-03-02,68.7172,68.1
2009-03-03,68.7077,68.0
2009-03-04,68.7912,68.0
2009-03-05,68.6797,67.9
2009-03-06,68.6904,67.2
2009-03-07,68.6033,67.8
2009-03-08,68.5718,68.0
2009-03-09,68.5753,67.8
2009-03-10,68.6367,67.4
2009-03-11,68.5958,67.7
2009-03-12,68.6192,67.7
2009-03-13,68.5781,68.7
2009-03-14,68.6679,68.2
2009-03-15,68.6706,67.8
2009-03-16,68.882,68.5
2009-03-17,68.772,68.2
2009-03-18,68.8274,69.6
2009-03-19,68.8535,68.2
2009-03-20,68.7674,67.6
2009-03-21,69.2142,68.7
2009-03-22,68.6714,68.2
2009-03-23,68.6248,68.8
2009-03-24,68.766,71.4
2009-03-25,68.7002,70.4
2009-03-26,68.7168,70.7
2009-03-27,70.1937,70.8
2009-03-28,69.7838,71.1
2009-03-29,69.8637,70.7
2009-03-30,69.9678,70.6
2009-03-31,70.2177,70.4
2009-04-01,69.9477,70.1
2009-04-02,69.8465,70.5
2009-04-03,69.7051,68.9
2009-04-04,69.5382,70.4
2009-04-05,69.7746,70.2
2009-04-06,68.8962,70.3
2009-04-07,69.6176,69.7
2009-04-08,69.6096,69.7
2009-04-09,69.7388,69.7
2009-04-10,69.2813,68.8
2009-04-11,69.284,69.9
2009-04-12,69.2719,69.9
2009-04-13,68.8883,70.5
2009-04-14,69.5128,70.4
2009-04-15,69.4956,70.5
2009-04-16,69.8702,70.8
2009-04-17,69.9311,70.4
2009-04-18,70.0453,71.8
2009-04-19,70.274,71.9
2009-04-20,70.1301,71.4
2009-04-21,70.9701,70.5
2009-04-22,71.0911,70.3
2009-04-23,70.7158,70.1
2009-04-24,70.2294,68.6
2009-04-25,70.0563,69.8
2009-04-26,69.9097,70.5
2009-04-27,69.0671,70.5
2009-04-28,69.4898,69.6
2009-04-29,70.2026,69.4
2009-04-30,70.2587,69.7
2009-05-01,69.4927,69.2
2009-05-02,69.4255,69.2
2009-05-03,69.5143,70.0
2009-05-04,69.259,70.8
2009-05-05,69.2348,72.2
2009-05-06,69.6695,73.7
2009-05-07,70.1434,73.2
2009-05-08,71.1737,73.3
2009-05-09,72.0662,75.5
2009-05-10,72.2463,75.3
2009-05-11,72.3792,75.5
2009-05-12,74.0509,75.4
2009-05-13,74.0878,75.8
2009-05-14,74.5946,75.7
2009-05-15,74.4177,74.6
2009-05-16,74.6287,74.0
2009-05-17,74.3815,73.2
2009-05-18,73.5787,73.5
2009-05-19,72.9723,73.9
2009-05-20,72.3912,72.2
2009-05-21,72.4991,71.0
2009-05-22,72.8982,70.7
2009-05-23,72.8561,69.9
2009-05-24,70.9528,68.5
2009-05-25,70.3881,69.6
2009-05-26,69.8585,70.1
2009-05-27,69.0932,70.4
2009-05-28,69.5194,70.4
2009-05-29,70.0192,74.6
2009-05-30,70.2686,74.0
2009-05-31,71.3078,74.6
2009-06-01,73.3482,73.1
2009-06-02,73.5054,72.2
2009-06-03,73.9458,71.1
2009-06-04,73.0229,71.0
2009-06-05,72.1428,71.1
2009-06-06,71.0046,71.2
2009-06-07,70.7753,71.3
2009-06-08,70.8261,71.4
2009-06-09,70.8495,71.2
2009-06-10,70.9239,70.4
2009-06-11,70.9265,70.3
2009-06-12,70.8254,69.5
2009-06-13,70.3605,70.5
2009-06-14,70.2497,70.0
2009-06-15,69.679,69.9
2009-06-16,70.2902,69.2
2009-06-17,70.2109,68.8
2009-06-18,69.8337,69.2
2009-06-19,69.3219,70.2
2009-06-20,69.1183,70.2
2009-06-21,69.5051,69.1
2009-06-22,70.2186,70.3
2009-06-23,70.3114,69.0
2009-06-24,69.7261,69.3
2009-06-25,70.2863,69.2
2009-06-26,69.4232,70.8
2009-06-27,69.7088,70.5
2009-06-28,69.5218,69.8
2009-06-29,70.4248,68.7
2009-06-30,70.5056,69.5
2009-07-01,69.9361,73.4
2009-07-02,69.3975,74.0
2009-07-03,69.7425,71.2
2009-07-04,72.39,73.7
2009-07-05,73.2994,73.1
2009-07-06,71.6138,71.4
2009-07-07,71.6472,70.1
2009-07-08,71.3257,70.5
2009-07-09,70.158,70.3
2009-07-10,69.744,69.5
2009-07-11,70.0253,68.8
2009-07-12,70.0056,68.7
2009-07-13,69.4122,68.9
2009-07-14,69.1132,68.4
2009-07-15,69.0995,69.2
2009-07-16,69.0885,69.9
2009-07-17,69.0795,70.4
2009-07-18,69.3642,69.9
2009-07-19,69.9119,70.0
2009-07-20,70.2937,69.9
2009-07-21,70.1013,70.5
2009-07-22,70.0408,71.2
2009-07-23,69.9221,69.8
2009-07-24,70.231,70.5
2009-07-25,70.501,70.9
2009-07-26,69.6731,70.4
2009-07-27,70.094,70.1
2009-07-28,70.5583,70.8
2009-07-29,70.2737,70.2
2009-07-30,70.1141,70.1
2009-07-31,70.3293,69.3
2009-08-01,70.053,67.8
2009-08-02,69.9189,68.1
2009-08-03,69.4648,68.7
2009-08-04,68.9258,69.7
2009-08-05,68.8531,68.8
2009-08-06,68.9092,69.1
2009-08-07,69.2741,69.0
2009-08-08,68.9254,68.4
2009-08-09,69.0333,68.2
2009-08-10,68.9886,68.9
2009-08-11,68.9595,69.4
2009-08-12,68.9371,69.8
2009-08-13,69.0497,70.6
2009-08-14,69.409,69.8
2009-08-15,69.5459,69.1
2009-08-16,70.1304,68.7
2009-08-17,69.6736,69.2
2009-08-18,69.3081,67.9
2009-08-19,69.1675,68.1
2009-08-20,69.3731,68.8
2009-08-21,69.0309,69.1
2009-08-22,69.0409,68.5
2009-08-23,69.1817,68.7
2009-08-24,69.292,69.1
2009-08-25,68.9405,69.3
2009-08-26,68.9311,69.3
2009-08-27,69.0695,68.5
2009-08-28,69.2468,69.6
2009-08-29,69.2395,70.4
2009-08-30,68.9049,69.4
2009-08-31,69.7817,69.8
2009-09-01,69.9707,69.5
2009-09-02,69.235,69.6
2009-09-03,69.3009,70.3
2009-09-04,69.1968,69.8
2009-09-05,69.244,70.0
2009-09-06,69.8768,70.2
2009-09-07,69.5748,70.2
2009-09-08,69.7175,70.2
2009-09-09,69.8256,69.8
2009-09-10,69.8088,69.9
2009-09-11,69.6967,69.8
2009-09-12,69.4143,69.9
2009-09-13,69.5816,69.5
2009-09-14,69.3814,69.8
2009-09-15,69.538,69.6
2009-09-16,69.3355,71.1
2009-09-17,69.4216,71.9
2009-09-18,69.2994,72.5
2009-09-19,70.3054,75.3
2009-09-20,70.9613,76.6
2009-09-21,72.2789,75.0
2009-09-22,75.3401,72.8
2009-09-23,76.3034,72.2
2009-09-24,74.0534,72.6
2009-09-25,72.8114,73.5
2009-09-26,72.0102,72.5
2009-09-27,71.9007,72.1
2009-09-28,72.4316,72.2
2009-09-29,72.3885,71.7
2009-09-30,71.6512,71.7
2009-10-01,71.3799,71.1
2009-10-02,71.1984,69.9
2009-10-03,71.0794,68.8
2009-10-04,70.6328,68.4
2009-10-05,69.9452,68.6
2009-10-06,69.2094,69.0
2009-10-07,69.1205,69.8
2009-10-08,69.1511,70.1
2009-10-09,69.1805,69.8
2009-10-10,69.6222,69.4
2009-10-11,70.158,70.5
2009-10-12,69.8748,70.0
2009-10-13,69.6358,69.2
2009-10-14,70.4668,70.2
2009-10-15,70.1054,69.5
2009-10-16,69.4971,70.3
2009-10-17,70.0104,70.3
2009-10-18,69.5771,70.6
2009-10-19,70.1053,70.9
2009-10-20,70.6692,72.1
2009-10-21,70.3189,74.7
2009-10-22,70.6518,74.7
2009-10-23,71.7271,80.3
2009-10-24,73.3587,80.4
2009-10-25,73.7349,78.9
2009-10-26,76.5478,75.6
2009-10-27,76.4449,74.2
2009-10-28,75.5362,74.0
2009-10-29,72.7504,71.2
2009-10-30,71.7934,70.3
2009-10-31,71.9848,70.3
2009-11-01,70.9867,70.2
2009-11-02,70.1764,69.3
2009-11-03,69.9997,69.6
2009-11-04,69.9675,69.3
2009-11-05,69.6377,69.6
2009-11-06,69.7288,70.7
2009-11-07,69.556,71.3
2009-11-08,69.7016,71.0
2009-11-09,70.5799,71.7
2009-11-10,71.1632,72.6
2009-11-11,71.5914,73.2
2009-11-12,72.481,73.5
2009-11-13,73.2185,74.5
2009-11-14,73.0531,75.4
2009-11-15,72.7618,74.4
2009-11-16,73.8227,74.9
2009-11-17,74.5243,74.4
2009-11-18,74.7576,74.0
2009-11-19,75.6243,74.4
2009-11-20,73.7256,73.8
2009-11-21,73.2099,72.8
2009-11-22,73.3805,72.3
2009-11-23,73.141,72.7
2009-11-24,72.5879,71.7
2009-11-25,72.2122,70.9
2009-11-26,72.0787,70.1
2009-11-27,71.4554,70.4
2009-11-28,70.5722,70.2
2009-11-29,69.9667,69.4
2009-11-30,70.0108,69.6
2009-12-01,69.9398,69.4
2009-12-02,69.5513,69.6
2009-12-03,69.5745,69.8
2009-12-04,69.6813,69.0
2009-12-05,69.6948,70.0
2009-12-06,69.8573,70.8
2009-12-07,69.3736,71.6
2009-12-08,70.0362,69.9
2009-12-09,70.9633,72.2
2009-12-10,71.6651,73.1
2009-12-11,70.7604,76.2
2009-12-12,72.0005,79.0
2009-12-13,72.4094,80.6
2009-12-14,74.8997,84.2
2009-12-15,77.1685,81.6
2009-12-16,78.2368,79.1
2009-12-17,80.5293,81.0
2009-12-18,78.9776,80.0
2009-12-19,77.0253,79.5
2009-12-20,77.2298,75.9
2009-12-21,77.0405,74.6
2009-12-22,76.8076,73.5
2009-12-23,74.9326,73.4
2009-12-24,73.8308,74.3
2009-12-25,72.5836,73.3
2009-12-26,73.0613,72.7
2009-12-27,74.8594,74.3
2009-12-28,73.0484,77.2
2009-12-29,72.8255,72.7
2009-12-30,73.4727,75.4
2009-12-31,75.5914,73.8
2010-01-01,73.6804,70.6
2010-01-02,74.1032,74.3
2010-01-03,72.9984,74.7
2010-01-04,71.652,75.5
2010-01-05,73.5211,74.9
2010-01-06,74.857,79.0
2010-01-07,76.9886,81.6
2010-01-08,76.266,86.3
2010-01-09,78.7918,90.2
2010-01-10,80.5553,87.5
2010-01-11,84.1919,87.0
2010-01-12,87.3737,82.6
2010-01-13,85.608,81.4
2010-01-14,82.7319,79.9
2010-01-15,78.2855,78.9
2010-01-16,78.0076,81.6
2010-01-17,76.6971,79.1
2010-01-18,76.7598,80.0
2010-01-19,79.1504,79.8
2010-01-20,79.4122,82.0
2010-01-21,79.8984,81.9
2010-01-22,80.1468,78.7
2010-01-23,81.4141,77.3
2010-01-24,79.6178,75.4
2010-01-25,77.7671,74.0
2010-01-26,75.6513,71.1
2010-01-27,74.6993,72.8
2010-01-28,74.2099,73.0
2010-01-29,73.2172,73.1
2010-01-30,75.6325,73.0
2010-01-31,74.7234,72.3
2010-02-01,74.7802,71.8
2010-02-02,74.5088,75.6
2010-02-03,73.8524,85.1
2010-02-04,72.6666,87.8
2010-02-05,74.4759,91.2
2010-02-06,82.4979,89.0
2010-02-07,86.7939,88.9
2010-02-08,91.0583,91.8
2010-02-09,88.0274,93.1
2010-02-10,85.4372,91.8
2010-02-11,84.9922,87.2
2010-02-12,86.0644,85.5
2010-02-13,86.4367,84.7
2010-02-14,84.0413,84.8
2010-02-15,82.5251,83.1
2010-02-16,81.69,81.8
2010-02-17,81.3586,82.0
2010-02-18,80.3594,81.7
2010-02-19,80.2508,81.9
2010-02-20,80.0421,82.4
2010-02-21,80.1342,80.9
2010-02-22,80.7226,81.1
2010-02-23,81.8993,78.9
2010-02-24,83.1398,77.1
2010-02-25,82.3426,76.6
2010-02-26,81.8848,76.5
2010-02-27,78.0185,78.0
2010-02-28,77.5005,79.0
2010-03-01,77.1296,80.0
2010-03-02,79.1365,78.2
2010-03-03,80.1584,77.1
2010-03-04,80.9552,75.4
2010-03-05,80.1316,75.1
2010-03-06,78.0259,76.8
2010-03-07,76.8747,79.3
2010-03-08,76.4516,83.1
2010-03-09,77.1932,88.5
2010-03-10,79.2917,90.7
2010-03-11,83.8112,88.3
2010-03-12,87.7064,85.5
2010-03-13,89.1563,84.3
2010-03-14,87.1624,85.9
2010-03-15,83.4971,85.0
2010-03-16,81.9742,83.7
2010-03-17,83.6178,82.8
2010-03-18,84.0808,84.1
2010-03-19,81.5926,81.9
2010-03-20,81.2362,83.3
2010-03-21,81.8396,83.9
2010-03-22,80.7723,87.1
2010-03-23,81.5549,85.5
2010-03-24,84.5975,87.8
2010-03-25,88.7487,85.7
2010-03-26,86.9686,82.9
2010-03-27,88.2277,82.6
2010-03-28,85.6347,80.9
2010-03-29,83.917,79.1
2010-03-30,84.3822,76.1
2010-03-31,80.673,77.4
2010-04-01,79.2039,78.7
2010-04-02,76.3968,79.3
2010-04-03,77.0153,77.7
2010-04-04,79.578,76.5
2010-04-05,80.6399,75.9
2010-04-06,79.6894,76.3
2010-04-07,77.433,75.3
2010-04-08,77.0251,74.9
2010-04-09,76.7597,74.9
2010-04-10,76.0362,75.3
2010-04-11,75.82,75.6
2010-04-12,75.4701,75.0
2010-04-13,75.8384,75.4
2010-04-14,76.5031,74.5
2010-04-15,75.975,75.3
2010-04-16,76.3529,76.1
2010-04-17,75.8154,76.4
2010-04-18,75.701,76.9
2010-04-19,75.6783,76.9
2010-04-20,75.6491,75.8
2010-04-21,75.9912,75.0
2010-04-22,75.9281,76.4
2010-04-23,75.2909,77.0
2010-04-24,74.509,75.7
2010-04-25,75.6672,77.2
2010-04-26,75.9527,77.3
2010-04-27,75.1547,79.8
2010-04-28,76.0273,79.0
2010-04-29,75.6212,80.8
2010-04-30,77.8703,81.6
2010-05-01,77.7277,83.1
2010-05-02,79.0873,84.7
2010-05-03,81.2154,80.5
2010-05-04,82.5691,80.5
2010-05-05,82.7578,80.3
2010-05-06,78.4667,76.9
2010-05-07,77.4829,75.1
2010-05-08,77.5353,75.0
2010-05-09,75.8234,72.7
2010-05-10,74.4071,70.9
2010-05-11,74.2502,71.2
2010-05-12,73.2599,71.8
2010-05-13,72.1146,70.0
2010-05-14,71.7346,70.8
2010-05-15,71.9303,70.3
2010-05-16,70.8732,70.2
2010-05-17,71.2912,70.4
2010-05-18,71.0087,72.6
2010-05-19,71.189,74.3
2010-05-20,71.5839,76.4
2010-05-21,73.1533,74.4
2010-05-22,75.1735,75.1
2010-05-23,76.5231,74.3
2010-05-24,75.2443,74.6
2010-05-25,75.642,75.2
2010-05-26,74.9269,75.7
2010-05-27,74.6609,75.0
2010-05-28,75.1494,74.1
2010-05-29,76.1349,74.8
2010-05-30,75.2751,76.1
2010-05-31,74.4416,76.8
2010-06-01,74.5808,74.0
2010-06-02,75.6881,72.4
2010-06-03,76.0569,70.0
2010-06-04,74.083,70.6
2010-06-05,73.147,74.0
2010-06-06,70.5383,73.7
2010-06-07,70.6076,75.2
2010-06-08,72.4943,76.9
2010-06-09,72.1862,78.6
2010-06-10,73.1383,78.7
2010-06-11,74.7981,75.1
2010-06-12,76.3307,72.3
2010-06-13,76.5591,73.9
2010-06-14,74.7788,72.7
2010-06-15,72.9208,72.8
2010-06-16,72.9419,71.2
2010-06-17,73.0939,72.3
2010-06-18,72.6944,74.3
2010-06-19,71.7987,75.7
2010-06-20,72.3287,76.5
2010-06-21,73.4193,76.9
2010-06-22,74.7545,76.9
2010-06-23,75.2834,76.9
2010-06-24,75.7535,75.3
2010-06-25,76.3172,76.4
2010-06-26,77.0002,76.0
2010-06-27,76.9589,76.3
2010-06-28,76.735,75.5
2010-06-29,76.4865,75.9
2010-06-30,74.9476,74.8
2010-07-01,74.7147,74.0
2010-07-02,75.0017,75.2
2010-07-03,74.3394,75.2
2010-07-04,73.7311,76.6
2010-07-05,74.5654,78.2
2010-07-06,74.5939,82.7
2010-07-07,75.2677,82.6
2010-07-08,76.951,85.4
2010-07-09,81.5018,82.6
2010-07-10,83.0269,81.1
2010-07-11,84.7548,80.3
2010-07-12,82.9682,78.4
2010-07-13,79.9633,79.1
2010-07-14,78.8917,81.3
2010-07-15,77.6462,79.4
2010-07-16,77.3018,82.5
2010-07-17,79.0961,89.9
2010-07-18,78.0871,92.0
2010-07-19,82.6193,90.5
2010-07-20,89.0732,89.2
2010-07-21,92.9581,87.9
2010-07-22,90.3999,87.9
2010-07-23,86.3053,87.1
2010-07-24,84.7785,85.2
2010-07-25,84.5854,88.0
2010-07-26,83.5189,87.2
2010-07-27,81.7597,85.7
2010-07-28,85.9618,83.9
2010-07-29,85.7815,82.1
2010-07-30,85.2255,81.5
2010-07-31,84.7387,83.0
2010-08-01,82.3351,83.2
2010-08-02,81.8481,85.1
2010-08-03,82.5991,84.4
2010-08-04,83.686,84.1
2010-08-05,84.5383,84.9
2010-08-06,83.3294,86.5
2010-08-07,83.7519,85.8
2010-08-08,82.8977,88.1
2010-08-09,84.6799,86.0
2010-08-10,85.802,86.0
2010-08-11,89.2627,87.4
2010-08-12,85.3763,87.8
2010-08-13,84.3543,86.9
2010-08-14,84.9978,83.1
2010-08-15,85.4505,81.8
2010-08-16,84.8915,79.8
2010-08-17,83.1558,78.9
2010-08-18,82.7604,77.3
2010-08-19,80.4903,76.3
2010-08-20,79.318,76.5
2010-08-21,78.0868,75.2
2010-08-22,77.1644,75.1
2010-08-23,76.9537,75.0
2010-08-24,77.1417,74.8
2010-08-25,77.5112,73.3
2010-08-26,77.6441,75.4
2010-08-27,77.9579,76.4
2010-08-28,75.8582,76.0
2010-08-29,77.2734,77.7
2010-08-30,77.4896,78.4
2010-08-31,77.3578,78.5
2010-09-01,77.7225,83.6
2010-09-02,78.5033,83.5
2010-09-03,78.6797,81.0
2010-09-04,81.7982,77.3
2010-09-05,81.7188,75.6
2010-09-06,79.619,74.7
2010-09-07,77.3145,76.4
2010-09-08,76.5695,79.1
2010-09-09,75.8641,79.3
2010-09-10,76.7031,80.4
2010-09-11,79.2174,81.6
2010-09-12,79.1122,82.1
2010-09-13,80.6635,83.3
2010-09-14,82.9958,83.0
2010-09-15,81.6654,82.9
2010-09-16,86.5224,81.9
2010-09-17,86.8517,83.3
2010-09-18,86.6799,85.2
2010-09-19,85.2844,85.4
2010-09-20,81.206,84.9
2010-09-21,83.2744,83.1
2010-09-22,84.4912,83.4
2010-09-23,84.6388,84.3
2010-09-24,83.3712,83.4
2010-09-25,80.4858,83.5
2010-09-26,81.1718,91.0
2010-09-27,80.2835,90.2
2010-09-28,80.1268,86.9
2010-09-29,86.8264,85.1
2010-09-30,84.205,80.1
2010-10-01,81.1282,76.1
2010-10-02,80.1311,75.4
2010-10-03,77.358,74.2
2010-10-04,76.5861,75.0
2010-10-05,76.6263,74.7
2010-10-06,75.7704,76.2
2010-10-07,75.3406,75.7
2010-10-08,75.7494,75.0
2010-10-09,77.8552,74.9
2010-10-10,77.4931,77.7
2010-10-11,76.8346,79.9
2010-10-12,76.5105,81.7
2010-10-13,79.9908,86.3
2010-10-14,81.83,83.0
2010-10-15,85.4094,89.9
2010-10-16,89.428,85.9
2010-10-17,85.3886,83.2
2010-10-18,87.5964,82.7
2010-10-19,85.1743,81.4
2010-10-20,83.7855,83.4
2010-10-21,82.667,81.2
2010-10-22,81.1922,85.2
2010-10-23,79.5942,85.1
2010-10-24,78.3381,86.5
2010-10-25,81.3444,85.3
2010-10-26,80.67,84.5
2010-10-27,81.0217,83.6
2010-10-28,78.7869,80.0
2010-10-29,76.5824,77.9
2010-10-30,76.9465,77.7
2010-10-31,76.4266,77.2
2010-11-01,76.6873,77.8
2010-11-02,77.5946,81.6
2010-11-03,77.1436,83.1
2010-11-04,79.1348,83.5
2010-11-05,83.2603,82.2
2010-11-06,85.7701,82.5
2010-11-07,86.8183,83.9
2010-11-08,85.1878,82.8
2010-11-09,84.4089,83.7
2010-11-10,85.3956,83.6
2010-11-11,84.9817,84.6
2010-11-12,87.1938,88.8
2010-11-13,86.9711,89.8
2010-11-14,87.2273,89.1
2010-11-15,88.4167,84.5
2010-11-16,87.491,82.0
2010-11-17,85.461,77.9
2010-11-18,81.7659,75.8
2010-11-19,80.2865,72.9
2010-11-20,77.4782,73.4
2010-11-21,75.5961,73.9
2010-11-22,73.5717,75.9
2010-11-23,73.6546,74.2
2010-11-24,74.2198,74.5
2010-11-25,76.4294,77.9
2010-11-26,75.6736,80.2
2010-11-27,75.6493,84.0
2010-11-28,78.836,84.1
2010-11-29,80.8353,84.1
2010-11-30,84.7371,84.4
2010-12-01,84.1324,84.9
2010-12-02,85.4047,85.4
2010-12-03,86.4695,85.9
2010-12-04,88.0087,84.5
2010-12-05,87.2136,84.6
2010-12-06,87.8657,84.2
2010-12-07,85.5936,85.8
2010-12-08,82.9411,84.3
2010-12-09,81.8888,86.7
2010-12-10,82.1433,85.0
2010-12-11,79.9816,87.5
2010-12-12,81.0916,84.2
2010-12-13,80.035,81.4
2010-12-14,81.8399,79.1
2010-12-15,80.056,78.0
2010-12-16,80.0057,78.3
2010-12-17,77.7353,75.4
2010-12-18,77.2925,75.3
2010-12-19,78.0802,75.2
2010-12-20,75.9676,77.5
2010-12-21,75.5826,76.1
2010-12-22,76.0131,76.8
2010-12-23,78.117,77.9
2010-12-24,77.583,77.4
2010-12-25,77.8595,78.0
2010-12-26,79.2428,79.9
2010-12-27,79.8483,80.2
2010-12-28,79.9814,87.9
2010-12-29,80.3103,88.0
2010-12-30,80.3472,88.1
2010-12-31,87.7038,89.1
2011-01-01,90.6845,87.6
2011-01-02,90.0986,84.8
2011-01-03,88.4991,83.9
2011-01-04,85.7139,83.5
2011-01-05,82.8102,82.0
2011-01-06,81.0183,80.0
2011-01-07,80.8558,80.6
2011-01-08,79.4143,79.9
2011-01-09,78.6228,77.4
2011-01-10,78.399,76.9
2011-01-11,78.9928,76.7
2011-01-12,77.15,77.6
2011-01-13,76.1743,77.8
2011-01-14,75.5512,79.1
2011-01-15,78.1444,78.4
2011-01-16,79.3689,78.2
2011-01-17,80.7332,79.7
2011-01-18,81.0627,84.8
2011-01-19,79.7943,84.9
2011-01-20,81.0526,81.7
2011-01-21,85.8256,79.9
2011-01-22,86.4293,78.0
2011-01-23,83.2398,77.6
2011-01-24,81.0237,78.1
2011-01-25,78.5054,78.1
2011-01-26,77.5375,79.0
2011-01-27,77.5387,80.2
2011-01-28,78.007,78.9
2011-01-29,79.093,77.6
2011-01-30,81.0095,77.0
2011-01-31,79.5299,78.1
2011-02-01,78.2647,79.8
2011-02-02,77.1613,78.7
2011-02-03,77.989,78.0
2011-02-04,79.1292,80.1
2011-02-05,78.6382,87.3
2011-02-06,78.1988,86.4
2011-02-07,79.5558,89.0
2011-02-08,87.0831,88.9
2011-02-09,84.8894,93.1
2011-02-10,87.1544,101.4
2011-02-11,86.7655,109.8
2011-02-12,89.0857,110.0
2011-02-13,96.8123,111.4
2011-02-14,106.5908,108.3
2011-02-15,107.3247,121.9
2011-02-16,99.9477,106.9
2011-02-17,96.14,102.2
2011-02-18,107.2314,94.6
2011-02-19,96.9928,89.0
2011-02-20,93.5006,87.4
2011-02-21,86.2925,87.0
2011-02-22,82.7259,86.4
2011-02-23,81.4923,88.4
2011-02-24,84.4158,88.7
2011-02-25,86.0838,94.0
2011-02-26,89.4193,108.5
2011-02-27,89.3264,111.4
2011-02-28,96.6062,118.8
2011-03-01,106.381,124.7
2011-03-02,109.6948,132.5
2011-03-03,119.4385,140.3
2011-03-04,125.0427,149.6
2011-03-05,126.6625,147.7
2011-03-06,133.0153,141.1
2011-03-07,138.3346,129.5
2011-03-08,133.8064,121.5
2011-03-09,123.8351,119.2
2011-03-10,114.6106,111.5
2011-03-11,105.5264,106.1
2011-03-12,102.6351,100.3
2011-03-13,96.3828,100.8
2011-03-14,93.5178,89.2
2011-03-15,89.0322,86.8
2011-03-16,91.8301,88.0
2011-03-17,86.7556,91.2
2011-03-18,86.8637,100.2
2011-03-19,90.9115,99.1
2011-03-20,97.9218,104.0
2011-03-21,107.0378,106.9
2011-03-22,107.6266,112.0
2011-03-23,111.8499,113.9
2011-03-24,112.2086,115.1
2011-03-25,121.0039,118.1
2011-03-26,124.3747,115.9
2011-03-27,124.5484,117.3
2011-03-28,125.9669,113.1
2011-03-29,118.4683,108.7
2011-03-30,114.0507,107.4
2011-03-31,107.7864,114.0
2011-04-01,102.6453,112.7
2011-04-02,98.7645,109.3
2011-04-03,104.8952,117.2
2011-04-04,108.9573,112.5
2011-04-05,106.4019,109.0
2011-04-06,111.4828,105.3
2011-04-07,108.9661,105.2
2011-04-08,104.9301,106.3
2011-04-09,101.7842,110.8
2011-04-10,99.5078,118.4
2011-04-11,99.2778,119.4
2011-04-12,107.2197,130.2
2011-04-13,120.0036,120.0
2011-04-14,121.2986,115.3
2011-04-15,128.872,111.9
2011-04-16,115.3029,111.9
2011-04-17,104.464,118.1
2011-04-18,103.505,114.1
2011-04-19,104.3476,116.0
2011-04-20,115.6982,120.4
2011-04-21,115.1102,118.5
2011-04-22,114.7357,113.5
2011-04-23,115.8107,110.8
2011-04-24,113.7052,109.3
2011-04-25,109.6539,111.9
2011-04-26,109.277,111.2
2011-04-27,107.4173,111.1
2011-04-28,112.3973,107.7
2011-04-29,112.0814,111.5
2011-04-30,112.5322,108.8
2011-05-01,107.8034,108.7
2011-05-02,108.8682,106.7
2011-05-03,107.6007,103.7
2011-05-04,106.2401,104.1
2011-05-05,106.4674,104.1
2011-05-06,103.0163,105.7
2011-05-07,102.1157,99.4
2011-05-08,100.1448,96.0
2011-05-09,105.9918,94.7
2011-05-10,101.8409,93.5
2011-05-11,96.6217,93.4
2011-05-12,98.1912,96.6
2011-05-13,98.402,94.3
2011-05-14,97.6509,93.6
2011-05-15,100.1464,92.7
2011-05-16,101.01,86.4
2011-05-17,99.6033,85.7
2011-05-18,97.647,85.7
2011-05-19,90.9193,86.6
2011-05-20,90.8028,86.3
2011-05-21,89.549,83.8
2011-05-22,91.0695,82.4
2011-05-23,90.6973,84.9
2011-05-24,88.6091,92.3
2011-05-25,88.1287,103.2
2011-05-26,89.6474,113.8
2011-05-27,100.2466,115.0
2011-05-28,110.739,115.2
2011-05-29,122.8737,116.8
2011-05-30,125.4723,114.8
2011-05-31,120.4301,110.2
2011-06-01,119.1763,105.8
2011-06-02,116.3967,105.9
2011-06-03,111.663,103.2
2011-06-04,107.3043,99.3
2011-06-05,102.4421,92.9
2011-06-06,98.8327,90.2
2011-06-07,95.8843,89.4
2011-06-08,92.2211,87.2
2011-06-09,88.8309,87.3
2011-06-10,89.1225,89.4
2011-06-11,89.1932,102.5
2011-06-12,90.3679,104.8
2011-06-13,92.7778,106.6
2011-06-14,105.1214,107.6
2011-06-15,109.772,102.4
2011-06-16,111.0472,102.4
2011-06-17,110.1445,99.6
2011-06-18,101.7573,98.2
2011-06-19,102.0263,96.0
2011-06-20,101.4749,99.5
2011-06-21,101.1471,99.4
2011-06-22,98.3897,96.7
2011-06-23,100.5906,93.1
2011-06-24,98.1523,92.2
2011-06-25,95.1327,89.8
2011-06-26,92.1952,90.3
2011-06-27,91.5084,92.2
2011-06-28,90.4749,90.5
2011-06-29,91.0755,88.5
2011-06-30,93.8125,89.2
2011-07-01,91.037,87.9
2011-07-02,89.0794,87.7
2011-07-03,90.0481,87.5
2011-07-04,89.2617,88.4
2011-07-05,89.0087,88.7
2011-07-06,89.8845,88.5
2011-07-07,92.7666,93.7
2011-07-08,94.18,93.1
2011-07-09,93.3613,94.7
2011-07-10,95.4523,97.7
2011-07-11,95.1202,97.2
2011-07-12,95.6676,96.9
2011-07-13,98.7094,96.9
2011-07-14,98.6417,107.0
2011-07-15,99.9375,105.3
2011-07-16,98.8274,103.6
2011-07-17,107.7186,103.4
2011-07-18,108.2882,99.1
2011-07-19,102.3146,95.4
2011-07-20,100.5765,91.1
2011-07-21,99.7207,88.9
2011-07-22,92.9011,89.8
2011-07-23,88.9023,96.4
2011-07-24,87.2005,102.5
2011-07-25,88.2744,110.7
2011-07-26,97.0792,115.2
2011-07-27,105.3828,116.2
2011-07-28,115.0298,122.2
2011-07-29,119.1099,128.7
2011-07-30,119.7515,125.2
2011-07-31,122.3504,123.5
2011-08-01,123.2405,119.7
2011-08-02,116.217,112.5
2011-08-03,111.9122,113.2
2011-08-04,108.5505,108.4
2011-08-05,97.6401,106.9
2011-08-06,100.7621,100.2
2011-08-07,96.6008,92.7
2011-08-08,94.4732,86.5
2011-08-09,92.5188,85.7
2011-08-10,89.4721,85.3
2011-08-11,87.7364,90.4
2011-08-12,86.8227,92.7
2011-08-13,86.0815,95.4
2011-08-14,90.7639,100.0
2011-08-15,97.3975,100.2
2011-08-16,102.286,100.6
2011-08-17,107.0798,102.9
2011-08-18,108.6506,103.3
2011-08-19,106.5675,110.7
2011-08-20,109.0672,106.1
2011-08-21,108.2838,106.4
2011-08-22,115.0565,106.4
2011-08-23,111.5022,106.8
2011-08-24,101.1695,106.0
2011-08-25,100.2146,103.1
2011-08-26,101.6482,103.2
2011-08-27,103.0031,103.2
2011-08-28,100.4458,111.0
2011-08-29,99.0767,113.8
2011-08-30,102.1914,117.5
2011-08-31,112.3224,120.8
2011-09-01,116.5734,121.5
2011-09-02,115.0859,120.7
2011-09-03,113.7494,114.2
2011-09-04,113.7485,114.5
2011-09-05,112.0963,111.7
2011-09-06,107.713,113.4
2011-09-07,109.262,117.8
2011-09-08,107.4693,122.9
2011-09-09,111.1889,125.5
2011-09-10,112.9031,131.0
2011-09-11,122.6894,144.3
2011-09-12,128.4146,142.3
2011-09-13,130.3681,144.6
2011-09-14,140.64,146.2
2011-09-15,140.5295,151.6
2011-09-16,138.2782,142.2
2011-09-17,138.6748,145.5
2011-09-18,145.6502,145.3
2011-09-19,133.2459,151.9
2011-09-20,133.3154,159.3
2011-09-21,134.1343,169.8
2011-09-22,148.7652,169.8
2011-09-23,158.8276,149.0
2011-09-24,167.3752,139.6
2011-09-25,169.8667,134.0
2011-09-26,142.7313,137.0
2011-09-27,134.907,138.5
2011-09-28,131.4119,137.2
2011-09-29,137.2626,131.1
2011-09-30,140.991,129.1
2011-10-01,134.4584,130.4
2011-10-02,127.2448,126.7
2011-10-03,125.5952,123.9
2011-10-04,132.0868,121.9
2011-10-05,132.0356,118.2
2011-10-06,132.1204,120.7
2011-10-07,130.2869,126.0
2011-10-08,125.0702,129.7
2011-10-09,126.1727,133.5
2011-10-10,133.0378,137.0
2011-10-11,142.6022,135.4
2011-10-12,148.7102,136.9
2011-10-13,143.7785,150.0
2011-10-14,138.8474,151.6
2011-10-15,140.2491,145.7
2011-10-16,151.685,146.1
2011-10-17,154.5081,157.8
2011-10-18,139.1225,166.3
2011-10-19,137.0058,162.5
2011-10-20,149.5636,153.9
2011-10-21,153.3876,143.8
2011-10-22,152.0215,137.3
2011-10-23,141.3182,130.6
2011-10-24,139.851,129.9
2011-10-25,133.1784,132.2
2011-10-26,124.2702,121.4
2011-10-27,124.8082,124.9
2011-10-28,128.1138,136.1
2011-10-29,122.1076,136.5
2011-10-30,121.7868,151.2
2011-10-31,133.1355,157.8
2011-11-01,142.8002,161.1
2011-11-02,167.0508,169.0
2011-11-03,176.1521,173.6
2011-11-04,174.5597,178.9
2011-11-05,179.1977,177.7
2011-11-06,173.935,176.7
2011-11-07,183.1661,175.2
2011-11-08,171.5836,170.4
2011-11-09,165.4793,165.3
2011-11-10,158.4444,152.1
2011-11-11,149.0544,157.7
2011-11-12,143.5301,145.1
2011-11-13,137.8655,139.2
2011-11-14,145.1364,144.4
2011-11-15,138.5457,141.1
2011-11-16,134.8363,136.3
2011-11-17,140.2078,136.6
2011-11-18,143.1368,137.7
2011-11-19,136.2695,138.9
2011-11-20,138.1984,136.5
2011-11-21,142.6374,133.8
2011-11-22,144.5796,131.7
2011-11-23,141.2707,129.3
2011-11-24,138.6621,131.7
2011-11-25,139.0688,134.0
2011-11-26,136.8054,136.8
2011-11-27,136.5711,140.1
2011-11-28,138.9713,148.0
2011-11-29,145.186,152.9
2011-11-30,151.2343,155.95
2011-12-01,156.8747,159.0
2011-12-02,157.8545,153.6
2011-12-03,155.5748,146.6
2011-12-04,157.4973,144.5
2011-12-05,144.8421,140.4
2011-12-06,138.7425,139.2
2011-12-07,131.539,135.8
2011-12-08,132.8536,130.2
2011-12-09,131.5123,127.5
2011-12-10,130.2002,129.0
2011-12-11,125.2378,127.9
2011-12-12,125.53,120.3
2011-12-13,127.4948,117.2
2011-12-14,128.5544,115.8
2011-12-15,123.9896,123.3
2011-12-16,122.3836,124.1
2011-12-17,122.3873,133.0
2011-12-18,130.015,139.9
2011-12-19,130.9257,141.1
2011-12-20,137.0358,133.7
2011-12-21,147.2811,138.1
2011-12-22,147.3581,137.2
2011-12-23,137.8976,140.8
2011-12-24,142.4866,135.7
2011-12-25,140.26,140.0
2011-12-26,144.2246,142.3
2011-12-27,135.4112,136.4
2011-12-28,135.9592,128.5
2011-12-29,138.6042,129.4
2011-12-30,136.7,130.3
2011-12-31,130.6092,130.2
2012-01-01,126.8535,131.6
2012-01-02,128.3622,136.6
2012-01-03,132.5313,131.0
2012-01-04,137.9274,135.9
2012-01-05,140.7132,131.4
2012-01-06,129.382,137.6
2012-01-07,128.6144,124.6
2012-01-08,127.9444,116.1
2012-01-09,130.6539,113.0
2012-01-10,126.6847,120.0
2012-01-11,118.463,128.0
2012-01-12,119.7328,129.2
2012-01-13,130.6948,135.1
2012-01-14,141.6272,134.5
2012-01-15,143.8352,143.4
2012-01-16,146.4443,146.1
2012-01-17,142.3699,136.7
2012-01-18,143.865,137.2
2012-01-19,144.8158,136.6
2012-01-20,136.6046,139.8
2012-01-21,137.9944,131.5
2012-01-22,138.8233,122.5
2012-01-23,140.9889,124.3
2012-01-24,129.9714,124.7
2012-01-25,121.9805,111.0
2012-01-26,123.138,106.6
2012-01-27,126.7337,111.0
2012-01-28,117.3804,113.1
2012-01-29,112.0636,114.1
2012-01-30,116.444,114.6
2012-01-31,120.3589,107.9
2012-02-01,119.7561,104.0
2012-02-02,117.5369,99.8
2012-02-03,109.1129,108.9
2012-02-04,103.2708,104.3
2012-02-05,103.6852,94.6
2012-02-06,115.1371,96.6
2012-02-07,114.6126,107.9
2012-02-08,108.158,109.4
2012-02-09,108.1088,107.6
2012-02-10,117.9768,105.7
2012-02-11,118.3332,104.8
2012-02-12,116.9291,102.0
2012-02-13,115.2628,100.8
2012-02-14,111.045,101.3
2012-02-15,107.8089,101.7
2012-02-16,103.868,102.9
2012-02-17,102.4987,108.7
2012-02-18,103.7747,101.0
2012-02-19,106.3376,102.0
2012-02-20,110.2023,101.2
2012-02-21,102.4174,106.7
2012-02-22,99.169,105.9
2012-02-23,99.3713,104.9
2012-02-24,105.955,103.5
2012-02-25,106.5558,101.3
2012-02-26,104.5625,100.2
2012-02-27,103.9307,101.6
2012-02-28,101.4402,106.3
2012-02-29,100.8428,114.5
2012-03-01,103.1263,118.2
2012-03-02,106.5162,129.5
2012-03-03,118.2749,136.0
2012-03-04,127.2379,133.7
2012-03-05,136.5608,137.5
2012-03-06,138.2883,143.5
2012-03-07,131.7775,146.9
2012-03-08,132.1043,129.5
2012-03-09,137.0208,128.7
2012-03-10,144.3099,125.0
2012-03-11,121.0868,117.5
2012-03-12,116.9702,109.4
2012-03-13,114.5707,97.6
2012-03-14,108.4941,101.4
2012-03-15,104.4605,101.1
2012-03-16,97.3955,100.9
2012-03-17,98.3301,98.8
2012-03-18,97.2604,99.2
2012-03-19,97.1295,101.7
2012-03-20,98.243,104.2
2012-03-21,99.7041,102.1
2012-03-22,102.7417,100.8
2012-03-23,105.8559,101.9
2012-03-24,107.9219,105.2
2012-03-25,110.5103,106.6
2012-03-26,112.4333,111.2
2012-03-27,114.2565,110.4
2012-03-28,113.8161,109.9
2012-03-29,117.3915,107.2
2012-03-30,114.73,105.9
2012-03-31,112.0339,103.6
2012-04-01,108.3352,102.1
2012-04-02,109.4644,101.0
2012-04-03,107.0026,97.6
2012-04-04,103.0278,98.7
2012-04-05,99.2449,93.5
2012-04-06,96.0263,94.9
2012-04-07,97.3815,93.7
2012-04-08,94.8851,93.8
2012-04-09,95.6862,95.8
2012-04-10,97.4841,98.3
2012-04-11,99.345,98.8
2012-04-12,100.9106,102.4
2012-04-13,102.8846,108.8
2012-04-14,104.012,114.7
2012-04-15,107.8848,122.6
2012-04-16,113.4009,139.1
2012-04-17,118.1312,143.1
2012-04-18,126.4166,150.6
2012-04-19,145.453,149.5
2012-04-20,144.9416,143.4
2012-04-21,145.9601,135.2
2012-04-22,136.6066,128.8
2012-04-23,125.1572,120.7
2012-04-24,118.4917,119.5
2012-04-25,117.0677,122.8
2012-04-26,111.5324,117.7
2012-04-27,111.0047,115.9
2012-04-28,114.5941,111.6
2012-04-29,114.6775,117.4
2012-04-30,113.5344,115.9
2012-05-01,110.5905,115.9
2012-05-02,112.2489,118.1
2012-05-03,113.0295,119.4
2012-05-04,113.8913,123.9
2012-05-05,121.2615,125.1
2012-05-06,124.6322,129.8
2012-05-07,131.2208,133.3
2012-05-08,133.8605,139.2
2012-05-09,136.7626,132.2
2012-05-10,142.6391,133.3
2012-05-11,150.146,132.9
2012-05-12,140.4901,131.9
2012-05-13,131.7812,133.9
2012-05-14,130.5902,139.5
2012-05-15,129.2507,135.3
2012-05-16,134.7278,134.1
2012-05-17,138.4588,134.0
2012-05-18,134.1814,128.2
2012-05-19,132.0434,124.3
2012-05-20,130.4967,120.2
2012-05-21,120.3434,118.5
2012-05-22,113.3178,120.3
2012-05-23,109.3576,112.9
2012-05-24,112.3739,113.7
2012-05-25,117.7436,113.3
2012-05-26,112.5077,109.3
2012-05-27,115.7676,114.1
2012-05-28,120.4263,120.6
2012-05-29,112.2102,132.2
2012-05-30,114.9399,132.9
2012-05-31,122.2633,133.2
2012-06-01,141.7401,131.9
2012-06-02,142.3009,142.8
2012-06-03,138.1371,138.5
2012-06-04,133.7584,132.1
2012-06-05,143.1038,127.9
2012-06-06,140.7024,132.3
2012-06-07,129.4881,132.3
2012-06-08,122.5806,138.1
2012-06-09,125.885,145.8
2012-06-10,128.7152,147.3
2012-06-11,143.0334,144.8
2012-06-12,147.5115,149.6
2012-06-13,147.3044,138.8
2012-06-14,138.4431,128.0
2012-06-15,144.785,121.9
2012-06-16,129.6902,113.5
2012-06-17,114.8637,107.1
2012-06-18,106.5318,100.9
2012-06-19,104.0781,91.4
2012-06-20,102.749,86.8
2012-06-21,102.5354,88.1
2012-06-22,101.2752,91.5
2012-06-23,97.5934,102.5
2012-06-24,98.1394,109.9
2012-06-25,101.2524,123.7
2012-06-26,112.7866,121.3
2012-06-27,122.4559,128.2
2012-06-28,135.8436,137.9
2012-06-29,136.8881,142.0
2012-06-30,140.333,150.7
2012-07-01,147.1325,152.5
2012-07-02,150.3947,170.1
2012-07-03,158.6151,163.0
2012-07-04,158.2027,163.7
2012-07-05,162.726,183.7
2012-07-06,146.7822,179.6
2012-07-07,145.4289,179.2
2012-07-08,169.5229,167.1
2012-07-09,172.4222,170.9
2012-07-10,161.7505,152.1
2012-07-11,150.4983,152.8
2012-07-12,153.5591,145.1
2012-07-13,140.0612,142.5
2012-07-14,132.9383,131.7
2012-07-15,122.6749,113.1
2012-07-16,120.6812,103.2
2012-07-17,115.0221,95.3
2012-07-18,109.6284,92.8
2012-07-19,105.4875,96.7
2012-07-20,104.0309,99.8
2012-07-21,104.0506,105.7
2012-07-22,110.5185,108.7
2012-07-23,115.264,118.3
2012-07-24,120.574,127.1
2012-07-25,123.5551,130.5
2012-07-26,133.9106,135.4
2012-07-27,144.3426,140.1
2012-07-28,148.573,144.0
2012-07-29,149.8648,146.0
2012-07-30,151.4321,138.6
2012-07-31,152.9528,143.8
2012-08-01,154.366,142.7
2012-08-02,141.632,137.9
2012-08-03,139.2089,137.9
2012-08-04,134.4102,132.1
2012-08-05,130.2006,137.0
2012-08-06,128.707,134.8
2012-08-07,123.9561,128.8
2012-08-08,134.192,123.0
2012-08-09,131.9338,115.3
2012-08-10,123.2022,110.9
2012-08-11,112.3411,108.5
2012-08-12,106.6423,103.2
2012-08-13,104.8763,100.8
2012-08-14,102.9893,97.7
2012-08-15,100.3558,99.4
2012-08-16,102.0748,98.5
2012-08-17,103.5532,98.5
2012-08-18,108.652,96.4
2012-08-19,109.2678,96.9
2012-08-20,109.1756,98.8
2012-08-21,107.1762,106.4
2012-08-22,107.3905,108.1
2012-08-23,110.2175,115.6
2012-08-24,117.0051,113.7
2012-08-25,119.7267,113.4
2012-08-26,127.0607,120.6
2012-08-27,125.1087,130.2
2012-08-28,121.9202,132.9
2012-08-29,127.6199,148.2
2012-08-30,134.8482,144.7
2012-08-31,138.1705,144.0
2012-09-01,151.4443,139.9
2012-09-02,139.7084,134.9
2012-09-03,134.2405,130.0
2012-09-04,129.7953,135.4
2012-09-05,123.218,130.5
2012-09-06,119.1397,124.8
2012-09-07,122.0418,112.8
2012-09-08,120.5633,106.4
2012-09-09,114.3522,103.8
2012-09-10,108.5578,100.3
2012-09-11,105.2839,101.7
2012-09-12,103.9394,98.6
2012-09-13,102.066,98.3
2012-09-14,105.1238,102.5
2012-09-15,103.2118,105.3
2012-09-16,103.3857,110.8
2012-09-17,107.0455,118.4
2012-09-18,113.7571,117.8
2012-09-19,121.6619,125.3
2012-09-20,131.3387,134.4
2012-09-21,132.6544,137.4
2012-09-22,138.4819,140.6
2012-09-23,145.0373,139.9
2012-09-24,149.8342,133.8
2012-09-25,154.185,138.3
2012-09-26,150.9742,136.4
2012-09-27,138.6458,135.9
2012-09-28,139.6356,128.3
2012-09-29,133.3887,118.3
2012-09-30,131.5798,111.8
2012-10-01,123.7357,109.5
2012-10-02,114.5269,106.1
2012-10-03,110.4651,98.7
2012-10-04,107.0809,97.9
2012-10-05,100.1409,103.2
2012-10-06,95.735,105.9
2012-10-07,96.746,111.6
2012-10-08,103.8017,116.2
2012-10-09,111.1148,121.3
2012-10-10,118.04,124.3
2012-10-11,125.3847,131.3
2012-10-12,133.1225,135.9
2012-10-13,135.4374,136.1
2012-10-14,140.3472,134.1
2012-10-15,145.5473,136.5
2012-10-16,143.3892,140.3
2012-10-17,136.635,150.1
2012-10-18,140.4129,142.8
2012-10-19,145.2109,153.9
2012-10-20,158.2519,140.1
2012-10-21,150.4788,134.1
2012-10-22,158.6481,128.5
2012-10-23,145.4766,129.1
2012-10-24,132.2084,120.2
2012-10-25,124.7409,115.4
2012-10-26,122.1823,106.9
2012-10-27,113.4035,104.8
2012-10-28,109.7215,102.7
2012-10-29,102.648,96.8
2012-10-30,102.0516,94.9
2012-10-31,103.5977,91.8
2012-11-01,99.7212,93.4
2012-11-02,98.29,94.9
2012-11-03,100.1372,96.9
2012-11-04,100.4138,99.8
2012-11-05,102.6447,102.2
2012-11-06,107.0094,112.9
2012-11-07,111.4298,119.8
2012-11-08,115.6264,130.6
2012-11-09,126.9796,140.8
2012-11-10,133.4425,143.1
2012-11-11,142.5107,139.1
2012-11-12,158.3502,138.6
2012-11-13,153.5356,135.2
2012-11-14,144.3205,132.4
2012-11-15,138.3628,137.7
2012-11-16,130.4433,130.7
2012-11-17,124.1642,137.8
2012-11-18,129.2203,137.0
2012-11-19,120.2752,124.5
2012-11-20,126.8271,123.5
2012-11-21,127.4436,115.0
2012-11-22,115.6034,118.4
2012-11-23,109.466,118.6
2012-11-24,105.3019,114.0
2012-11-25,110.0389,111.2
2012-11-26,112.8823,110.0
2012-11-27,114.2247,107.5
2012-11-28,112.6926,98.8
2012-11-29,113.3729,94.9
2012-11-30,114.764,93.9
2012-12-01,105.2258,93.4
2012-12-02,100.9548,92.7
2012-12-03,101.0703,94.6
2012-12-04,102.6121,94.2
2012-12-05,101.3518,98.1
2012-12-06,102.9305,100.6
2012-12-07,103.4797,100.9
2012-12-08,110.4848,100.5
2012-12-09,114.7422,108.4
2012-12-10,113.8982,113.0
2012-12-11,112.8768,115.5
2012-12-12,120.2627,118.5
2012-12-13,118.8727,115.8
2012-12-14,116.104,111.3
2012-12-15,119.2494,112.5
2012-12-16,117.4941,109.8
2012-12-17,112.4547,110.4
2012-12-18,110.9448,110.9
2012-12-19,109.0194,111.6
2012-12-20,111.5071,110.4
2012-12-21,111.6944,109.4
2012-12-22,109.3592,109.3
2012-12-23,107.1362,106.2
2012-12-24,105.5514,103.2
2012-12-25,104.5847,102.3
2012-12-26,100.4592,100.9
2012-12-27,102.5076,103.2
2012-12-28,106.711,109.8
2012-12-29,106.5906,113.9
2012-12-30,109.0905,115.0
2012-12-31,115.6904,124.6
2013-01-01,119.3447,138.4
2013-01-02,119.4017,140.3
2013-01-03,126.7635,137.5
2013-01-04,142.3505,144.8
2013-01-05,144.1121,150.5
2013-01-06,136.5782,163.8
2013-01-07,142.4234,168.2
2013-01-08,152.9232,166.7
2013-01-09,159.3445,163.0
2013-01-10,165.1256,151.4
2013-01-11,161.9503,149.1
2013-01-12,147.7867,135.2
2013-01-13,138.9045,132.6
2013-01-14,137.7003,118.8
2013-01-15,126.0697,111.5
2013-01-16,116.4803,103.3
2013-01-17,107.9249,103.2
2013-01-18,105.6711,104.9
2013-01-19,102.1269,106.9
2013-01-20,103.3843,101.6
2013-01-21,108.8087,100.2
2013-01-22,110.3769,97.5
2013-01-23,105.8544,96.3
2013-01-24,106.0199,94.7
2013-01-25,104.8402,94.7
2013-01-26,104.4634,92.6
2013-01-27,107.0791,93.8
2013-01-28,106.8517,99.7
2013-01-29,106.7323,100.7
2013-01-30,109.0487,108.6
2013-01-31,115.3088,107.9
2013-02-01,117.5351,103.7
2013-02-02,125.1299,102.2
2013-02-03,121.4727,100.7
2013-02-04,110.9317,100.0
2013-02-05,106.6683,101.4
2013-02-06,103.3546,104.8
2013-02-07,101.9199,103.2
2013-02-08,102.0126,102.5
2013-02-09,102.1677,99.2
2013-02-10,100.7153,97.8
2013-02-11,103.2423,97.0
2013-02-12,99.3757,97.7
2013-02-13,98.2269,100.8
2013-02-14,96.6638,103.1
2013-02-15,98.2563,102.3
2013-02-16,103.184,109.9
2013-02-17,106.1817,111.0
2013-02-18,108.1022,106.2
2013-02-19,111.6279,104.7
2013-02-20,109.3821,97.5
2013-02-21,100.4689,93.0
2013-02-22,96.7558,93.5
2013-02-23,93.6515,96.8
2013-02-24,94.2375,100.0
2013-02-25,97.3689,103.6
2013-02-26,101.4309,110.6
2013-02-27,105.8305,109.1
2013-02-28,108.6269,110.1
2013-03-01,113.7112,112.4
2013-03-02,114.589,116.6
2013-03-03,113.8099,112.6
2013-03-04,111.1666,112.1
2013-03-05,112.5361,113.3
2013-03-06,113.8996,114.6
2013-03-07,114.3891,117.7
2013-03-08,118.481,118.2
2013-03-09,120.5721,121.5
2013-03-10,123.8508,121.5
2013-03-11,122.424,121.5
2013-03-12,122.4454,121.8
2013-03-13,118.4813,124.8
2013-03-14,118.2395,124.5
2013-03-15,112.3172,116.6
2013-03-16,112.4188,109.5
2013-03-17,113.1599,106.7
2013-03-18,107.741,105.3
2013-03-19,99.5624,100.2
2013-03-20,97.0308,97.6
2013-03-21,98.8617,95.4
2013-03-22,96.7467,92.2
2013-03-23,100.1214,92.0
2013-03-24,100.326,92.6
2013-03-25,99.8871,98.3
2013-03-26,99.0172,104.8
2013-03-27,98.5238,108.2
2013-03-28,104.7588,113.1
2013-03-29,111.6677,119.0
2013-03-30,120.3455,122.1
2013-03-31,126.514,127.0
2013-04-01,130.4204,128.6
2013-04-02,133.4701,134.5
2013-04-03,133.1279,137.3
2013-04-04,132.8512,138.2
2013-04-05,132.7801,139.6
2013-04-06,137.8776,147.0
2013-04-07,139.7262,148.6
2013-04-08,134.4862,137.8
2013-04-09,138.0509,138.6
2013-04-10,138.7522,125.8
2013-04-11,122.6167,117.5
2013-04-12,121.879,114.1
2013-04-13,115.1104,114.1
2013-04-14,110.3048,109.0
2013-04-15,108.1339,105.9
2013-04-16,110.0058,100.3
2013-04-17,103.9511,105.9
2013-04-18,98.8303,110.5
2013-04-19,98.5286,114.1
2013-04-20,104.0674,118.8
2013-04-21,113.0817,116.1
2013-04-22,114.5188,120.7
2013-04-23,118.9633,123.5
2013-04-24,117.1925,128.8
2013-04-25,124.4402,133.5
2013-04-26,130.0938,144.5
2013-04-27,137.5365,156.7
2013-04-28,141.3059,161.7
2013-04-29,153.5148,151.8
2013-04-30,166.9255,150.4
2013-05-01,165.3893,144.1
2013-05-02,144.8249,139.5
2013-05-03,141.9392,133.0
2013-05-04,138.9844,131.1
2013-05-05,135.9469,129.3
2013-05-06,129.2824,130.9
2013-05-07,123.8698,127.3
2013-05-08,123.0972,139.4
2013-05-09,120.8465,150.4
2013-05-10,122.5528,153.5
2013-05-11,137.0506,151.1
2013-05-12,156.1638,148.8
2013-05-13,156.5121,148.0
2013-05-14,151.2701,139.6
2013-05-15,145.3871,135.2
2013-05-16,145.9907,138.5
2013-05-17,133.1145,135.2
2013-05-18,127.3044,128.4
2013-05-19,132.9154,136.7
2013-05-20,131.9434,137.9
2013-05-21,132.3493,130.6
2013-05-22,144.308,124.5
2013-05-23,146.9194,123.2
2013-05-24,136.4178,113.1
2013-05-25,131.0261,107.6
2013-05-26,124.1868,109.8
2013-05-27,118.4496,106.9
2013-05-28,111.8489,104.7
2013-05-29,112.1485,108.8
2013-05-30,112.4985,114.1
2013-05-31,111.8406,115.0
2013-06-01,117.6072,113.1
2013-06-02,127.0841,112.1
2013-06-03,126.4377,112.3
2013-06-04,121.9316,112.6
2013-06-05,115.3943,106.3
2013-06-06,115.1964,99.0
2013-06-07,115.7583,96.2
2013-06-08,110.9498,92.3
2013-06-09,105.0779,96.2
2013-06-10,103.5798,102.0
2013-06-11,103.5173,112.6
2013-06-12,106.8366,114.5
2013-06-13,112.3425,119.7
2013-06-14,121.5791,127.8
2013-06-15,122.0894,128.8
2013-06-16,123.7509,127.4
2013-06-17,132.3524,130.5
2013-06-18,132.3488,137.6
2013-06-19,126.6704,134.2
2013-06-20,128.1332,132.4
2013-06-21,134.4617,124.6
2013-06-22,127.826,112.9
2013-06-23,119.6555,110.1
2013-06-24,114.5429,102.9
2013-06-25,107.1658,104.3
2013-06-26,105.8995,103.6
2013-06-27,100.4512,106.3
2013-06-28,102.181,111.4
2013-06-29,103.0989,118.1
2013-06-30,104.8519,128.7
2013-07-01,111.4602,142.3
2013-07-02,123.0402,145.6
2013-07-03,137.2494,138.7
2013-07-04,149.1951,129.8
2013-07-05,150.9819,123.3
2013-07-06,144.9546,124.0
2013-07-07,135.1382,121.9
2013-07-08,127.4839,117.1
2013-07-09,122.148,121.6
2013-07-10,117.5213,117.8
2013-07-11,115.1956,116.7
2013-07-12,118.7392,117.9
2013-07-13,120.6135,117.6
2013-07-14,120.8839,114.9
2013-07-15,126.515,118.6
2013-07-16,124.4823,117.3
2013-07-17,121.9904,116.1
2013-07-18,123.2543,112.9
2013-07-19,119.4922,113.4
2013-07-20,115.0514,110.1
2013-07-21,111.4273,111.0
2013-07-22,115.3789,110.3
2013-07-23,116.5775,112.9
2013-07-24,117.9724,111.3
2013-07-25,117.5674,112.7
2013-07-26,117.1222,115.6
2013-07-27,114.0546,116.5
2013-07-28,113.3692,112.0
2013-07-29,118.533,115.4
2013-07-30,119.5379,116.2
2013-07-31,116.0861,110.5
2013-08-01,117.5792,107.9
2013-08-02,120.085,107.3
2013-08-03,114.9201,106.8
2013-08-04,108.5943,108.5
2013-08-05,107.7359,107.3
2013-08-06,106.0857,106.5
2013-08-07,111.1766,105.3
2013-08-08,110.4728,113.4
2013-08-09,108.2052,117.2
2013-08-10,108.7209,125.1
2013-08-11,115.4441,128.5
2013-08-12,122.5748,125.8
2013-08-13,128.6897,122.9
2013-08-14,130.1325,126.3
2013-08-15,126.8363,129.2
2013-08-16,121.7946,131.4
2013-08-17,121.6169,134.6
2013-08-18,127.4625,133.4
2013-08-19,132.386,134.5
2013-08-20,134.4306,126.8
2013-08-21,134.2551,119.9
2013-08-22,129.434,115.0
2013-08-23,121.5182,113.5
2013-08-24,112.9383,111.9
2013-08-25,111.6733,110.3
2013-08-26,112.692,111.0
2013-08-27,115.0145,109.5
2013-08-28,114.1022,109.5
2013-08-29,116.0772,105.6
2013-08-30,115.3792,107.5
2013-08-31,114.1339,107.9
2013-09-01,112.6287,111.1
2013-09-02,114.0329,111.9
2013-09-03,113.3137,102.9
2013-09-04,115.199,100.0
2013-09-05,116.3098,97.1
2013-09-06,108.8524,95.6
2013-09-07,106.4955,96.2
2013-09-08,104.0346,94.1
2013-09-09,104.1641,94.1
2013-09-10,106.8418,92.7
2013-09-11,105.443,93.6
2013-09-12,105.0654,93.8
2013-09-13,102.869,95.5
2013-09-14,100.1633,99.7
2013-09-15,99.3861,105.1
2013-09-16,100.5935,108.9
2013-09-17,106.7338,110.0
2013-09-18,114.6553,111.2
2013-09-19,118.2315,111.9
2013-09-20,117.4779,108.5
2013-09-21,114.82,110.9
2013-09-22,113.6014,111.7
2013-09-23,107.5512,110.5
2013-09-24,108.4381,108.3
2013-09-25,108.4827,106.0
2013-09-26,108.0147,104.6
2013-09-27,105.3991,105.2
2013-09-28,104.1722,107.0
2013-09-29,102.8065,108.3
2013-09-30,105.3411,113.9
2013-10-01,107.1805,109.2
2013-10-02,110.9796,105.9
2013-10-03,117.2948,106.5
2013-10-04,112.902,111.8
2013-10-05,107.4309,111.7
2013-10-06,104.405,113.1
2013-10-07,111.7337,120.3
2013-10-08,117.0264,128.5
2013-10-09,120.6042,127.3
2013-10-10,124.9854,128.6
2013-10-11,132.3064,124.3
2013-10-12,126.1666,124.5
2013-10-13,127.3175,127.2
2013-10-14,119.8696,135.1
2013-10-15,118.3566,138.8
2013-10-16,119.0104,131.6
2013-10-17,127.7389,132.2
2013-10-18,137.9445,134.5
2013-10-19,130.4367,144.8
2013-10-20,129.8099,151.1
2013-10-21,135.0998,158.8
2013-10-22,142.8134,159.6
2013-10-23,152.3939,169.7
2013-10-24,161.9285,164.8
2013-10-25,153.8299,157.8
2013-10-26,156.0829,150.6
2013-10-27,154.2967,139.9
2013-10-28,140.5181,140.5
2013-10-29,137.6746,144.2
2013-10-30,133.7126,139.4
2013-10-31,138.0976,141.1
2013-11-01,140.2983,144.9
2013-11-02,138.8281,145.9
2013-11-03,145.4916,150.8
2013-11-04,149.9165,145.3
2013-11-05,151.3275,143.3
2013-11-06,152.2139,145.2
2013-11-07,141.5192,151.1
2013-11-08,142.129,160.4
2013-11-09,142.4666,164.0
2013-11-10,156.5951,167.4
2013-11-11,172.8743,172.0
2013-11-12,179.556,174.0
2013-11-13,180.387,170.6
2013-11-14,178.2701,172.9
2013-11-15,173.071,159.5
2013-11-16,162.2735,149.3
2013-11-17,157.8678,143.5
2013-11-18,143.9014,137.8
2013-11-19,135.3934,139.2
2013-11-20,134.4072,132.2
2013-11-21,125.9997,123.9
2013-11-22,130.2251,116.0
2013-11-23,130.5299,112.4
2013-11-24,126.3941,125.6
2013-11-25,121.9528,129.3
2013-11-26,119.031,125.0
2013-11-27,134.6592,127.6
2013-11-28,141.0863,126.9
2013-11-29,136.822,130.0
2013-11-30,136.0175,131.9
2013-12-01,133.7141,134.0
2013-12-02,139.472,145.3
2013-12-03,139.8808,146.1
2013-12-04,140.5512,152.3
2013-12-05,147.6705,160.6
2013-12-06,149.4089,163.1
2013-12-07,158.0755,169.9
2013-12-08,167.0072,165.6
2013-12-09,168.0747,159.8
2013-12-10,172.2624,158.1
2013-12-11,159.7883,159.0
2013-12-12,148.7762,151.3
2013-12-13,142.1129,149.4
2013-12-14,147.722,153.9
2013-12-15,139.3018,151.1
2013-12-16,135.7546,148.5
2013-12-17,137.7376,144.4
2013-12-18,138.329,139.5
2013-12-19,140.6473,133.4
2013-12-20,134.6053,131.6
2013-12-21,132.1411,124.1
2013-12-22,128.8989,118.7
2013-12-23,125.1093,120.6
2013-12-24,125.4273,126.3
2013-12-25,126.2221,130.1
2013-12-26,128.5025,132.5
2013-12-27,131.8884,138.2
2013-12-28,134.2144,140.5
2013-12-29,137.5438,154.3
2013-12-30,147.1285,155.2
2013-12-31,150.1968,176.3
2014-01-01,164.7915,206.2
2014-01-02,171.6865,210.3
2014-01-03,189.0966,197.2
2014-01-04,209.6299,193.3
2014-01-05,209.7441,188.2
2014-01-06,189.621,178.1
2014-01-07,178.7727,169.4
2014-01-08,171.0169,160.7
2014-01-09,163.67,150.2
2014-01-10,153.9436,138.7
2014-01-11,146.077,132.6
2014-01-12,134.4163,122.1
2014-01-13,127.6262,117.1
2014-01-14,126.961,124.7
2014-01-15,120.6048,125.5
2014-01-16,116.6846,123.4
2014-01-17,123.1238,133.0
2014-01-18,131.6592,141.4
2014-01-19,133.2009,138.9
2014-01-20,142.0546,132.1
2014-01-21,151.1971,131.3
2014-01-22,146.7528,129.1
2014-01-23,137.9546,133.7
2014-01-24,133.9198,139.6
2014-01-25,134.1698,152.5
2014-01-26,136.9242,151.8
2014-01-27,147.4814,155.8
2014-01-28,171.2476,160.9
2014-01-29,172.1304,171.6
2014-01-30,173.0742,184.4
2014-01-31,167.2215,183.0
2014-02-01,170.1739,182.9
2014-02-02,184.8384,188.1
2014-02-03,181.3552,186.1
2014-02-04,175.8109,173.2
2014-02-05,175.047,167.2
2014-02-06,168.0388,164.6
2014-02-07,150.1421,156.8
2014-02-08,144.1331,167.8
2014-02-09,144.2725,156.1
2014-02-10,150.7718,162.5
2014-02-11,162.7029,162.5
2014-02-12,149.5749,158.1
2014-02-13,155.2738,150.2
2014-02-14,143.3856,148.9
2014-02-15,135.4491,147.9
2014-02-16,132.9329,154.2
2014-02-17,135.0594,153.0
2014-02-18,139.9885,153.4
2014-02-19,160.2057,159.7
2014-02-20,160.5176,168.2
2014-02-21,157.2525,167.2
2014-02-22,165.4711,170.4
2014-02-23,174.5715,174.7
2014-02-24,173.7996,172.4
2014-02-25,165.9506,167.5
2014-02-26,172.9942,161.6
2014-02-27,171.6917,158.5
2014-02-28,164.9448,158.3
2014-03-01,155.4582,155.4
2014-03-02,156.6663,146.7
2014-03-03,156.4519,146.5
2014-03-04,153.8077,146.0
2014-03-05,145.8543,139.5
2014-03-06,142.0049,143.8
2014-03-07,139.6088,149.5
2014-03-08,133.0447,162.5
2014-03-09,135.9157,167.1
2014-03-10,149.6605,145.9
2014-03-11,167.4654,142.1
2014-03-12,175.9158,137.5
2014-03-13,148.2282,134.2
2014-03-14,141.5311,135.1
2014-03-15,137.0569,137.0
2014-03-16,133.7991,147.9
2014-03-17,135.5638,150.1
2014-03-18,139.2363,151.4
2014-03-19,152.7625,153.8
2014-03-20,155.9746,156.0
2014-03-21,153.6472,157.7
2014-03-22,152.2277,152.0
2014-03-23,149.3899,152.5
2014-03-24,151.4355,144.2
2014-03-25,145.1197,145.9
2014-03-26,145.4657,142.3
2014-03-27,137.7428,148.1
2014-03-28,139.7118,152.1
2014-03-29,136.3018,153.1
2014-03-30,147.7168,154.6
2014-03-31,154.9484,153.0
2014-04-01,155.2326,157.0
2014-04-02,157.5493,142.3
2014-04-03,156.0675,141.2
2014-04-04,159.3917,140.2
2014-04-05,139.9609,132.4
2014-04-06,138.2359,131.0
2014-04-07,137.1959,137.3
2014-04-08,129.5616,138.2
2014-04-09,131.1315,136.5
2014-04-10,140.4412,137.9
2014-04-11,148.5347,151.2
2014-04-12,152.4932,163.0
2014-04-13,158.1001,185.2
2014-04-14,164.7493,180.3
2014-04-15,172.0692,173.7
2014-04-16,192.2268,170.8
2014-04-17,186.9855,164.1
2014-04-18,165.3368,160.4
2014-04-19,155.585,146.3
2014-04-20,148.592,137.6
2014-04-21,146.2847,131.6
2014-04-22,142.3389,126.2
2014-04-23,131.8151,122.3
2014-04-24,126.6233,119.6
2014-04-25,124.6149,122.5
2014-04-26,123.6527,121.8
2014-04-27,124.8674,125.5
2014-04-28,131.0337,127.7
2014-04-29,131.3671,137.6
2014-04-30,133.3862,134.8
2014-05-01,136.4985,133.7
2014-05-02,148.3257,141.5
2014-05-03,145.6339,141.3
2014-05-04,141.6521,148.6
2014-05-05,146.9663,150.8
2014-05-06,149.3315,155.2
2014-05-07,161.921,155.1
2014-05-08,167.0423,167.7
2014-05-09,168.2773,166.3
2014-05-10,153.6566,162.7
2014-05-11,164.089,166.7
2014-05-12,161.5049,155.5
2014-05-13,148.7902,141.8
2014-05-14,153.0,136.6
2014-05-15,143.403,130.4
2014-05-16,131.2642,119.7
2014-05-17,130.7109,120.1
2014-05-18,128.5699,116.7
2014-05-19,119.9797,114.1
2014-05-20,118.0249,119.2
2014-05-21,120.1029,127.7
2014-05-22,118.608,116.0
2014-05-23,124.5092,111.1
2014-05-24,135.6127,108.7
2014-05-25,124.1387,102.1
2014-05-26,118.0639,105.5
2014-05-27,115.4808,104.4
2014-05-28,112.4008,106.6
2014-05-29,118.2008,106.2
2014-05-30,118.2117,108.3
2014-05-31,121.7023,110.1
2014-06-01,121.7113,108.5
2014-06-02,124.5591,113.8
2014-06-03,124.8098,136.9
2014-06-04,120.6828,140.8
2014-06-05,124.3214,153.1
2014-06-06,144.2113,166.1
2014-06-07,149.6485,171.3
2014-06-08,160.8604,173.6
2014-06-09,164.8693,179.8
2014-06-10,160.0494,157.5
2014-06-11,156.6314,148.0
2014-06-12,160.958,134.3
2014-06-13,140.0155,120.5
2014-06-14,129.9022,118.0
2014-06-15,119.0725,114.4
2014-06-16,112.5692,114.7
2014-06-17,113.6195,105.5
2014-06-18,113.4036,104.5
2014-06-19,113.0619,97.3
2014-06-20,103.1664,95.6
2014-06-21,101.0133,96.6
2014-06-22,101.1569,100.2
2014-06-23,102.1283,103.3
2014-06-24,104.3468,107.6
2014-06-25,109.7629,118.4
2014-06-26,114.0002,129.9
2014-06-27,120.8761,145.2
2014-06-28,134.0787,156.9
2014-06-29,146.6737,175.1
2014-06-30,165.3165,184.1
2014-07-01,176.8154,193.9
2014-07-02,188.1245,199.4
2014-07-03,190.6095,207.7
2014-07-04,194.4583,204.5
2014-07-05,197.1062,208.1
2014-07-06,197.2533,205.0
2014-07-07,185.1711,183.3
2014-07-08,185.1882,171.8
2014-07-09,179.5382,149.9
2014-07-10,153.8126,131.0
2014-07-11,137.7416,113.0
2014-07-12,126.9794,103.9
2014-07-13,112.3877,95.1
2014-07-14,101.8415,91.5
2014-07-15,97.7879,91.4
2014-07-16,94.9158,88.9
2014-07-17,96.0001,89.9
2014-07-18,98.4465,93.0
2014-07-19,96.2566,95.5
2014-07-20,95.8957,102.2
2014-07-21,101.1872,107.4
2014-07-22,110.6067,109.9
2014-07-23,121.3039,120.1
2014-07-24,129.6026,125.2
2014-07-25,130.4553,136.3
2014-07-26,139.5628,146.0
2014-07-27,145.1627,156.6
2014-07-28,153.9116,161.1
2014-07-29,165.1446,173.5
2014-07-30,171.3114,160.2
2014-07-31,165.5962,156.2
2014-08-01,171.7034,143.3
2014-08-02,153.3324,143.3
2014-08-03,142.3994,140.5
2014-08-04,133.807,140.0
2014-08-05,130.3814,126.4
2014-08-06,128.555,116.3
2014-08-07,130.2311,111.3
2014-08-08,117.441,107.3
2014-08-09,104.9743,106.8
2014-08-10,102.3141,105.6
2014-08-11,102.67,105.4
2014-08-12,104.2994,116.0
2014-08-13,105.282,114.8
2014-08-14,106.3875,117.9
2014-08-15,119.6568,113.3
2014-08-16,120.2557,113.3
2014-08-17,121.8615,121.1
2014-08-18,118.4206,131.3
2014-08-19,119.7426,129.3
2014-08-20,128.6045,134.9
2014-08-21,140.5916,144.0
2014-08-22,141.9798,140.2
2014-08-23,143.8557,130.8
2014-08-24,150.1224,125.3
2014-08-25,142.3361,121.0
2014-08-26,127.6555,122.5
2014-08-27,120.7103,125.5
2014-08-28,116.389,127.1
2014-08-29,117.4103,128.9
2014-08-30,119.6258,138.7
2014-08-31,122.0811,140.1
2014-09-01,125.8642,148.4
2014-09-02,140.645,146.3
2014-09-03,138.7155,159.8
2014-09-04,150.2935,162.6
2014-09-05,149.8447,166.3
2014-09-06,168.3904,161.6
2014-09-07,170.5662,157.4
2014-09-08,162.5927,153.4
2014-09-09,155.6524,154.0
2014-09-10,146.7259,146.9
2014-09-11,142.8602,141.0
2014-09-12,142.2029,134.4
2014-09-13,138.6145,134.1
2014-09-14,134.1502,134.2
2014-09-15,128.865,121.3
2014-09-16,131.2238,122.8
2014-09-17,136.7371,120.1
2014-09-18,126.4263,124.9
2014-09-19,125.8276,136.8
2014-09-20,125.9429,139.1
2014-09-21,133.232,145.6
2014-09-22,147.3316,167.8
2014-09-23,154.2417,171.0
2014-09-24,152.604,182.2
2014-09-25,175.9052,181.8
2014-09-26,178.0258,175.6
2014-09-27,184.9633,162.6
2014-09-28,173.8928,155.4
2014-09-29,161.6108,149.3
2014-09-30,148.1671,136.9
2014-10-01,140.0851,127.6
2014-10-02,140.4986,128.4
2014-10-03,132.0948,129.9
2014-10-04,125.9109,125.2
2014-10-05,125.6629,126.2
2014-10-06,126.6369,118.6
2014-10-07,124.9951,120.4
2014-10-08,128.0515,111.6
2014-10-09,126.7662,110.0
2014-10-10,128.2556,112.6
2014-10-11,120.0543,119.7
2014-10-12,120.5444,125.0
2014-10-13,126.9489,138.0
2014-10-14,136.9521,144.8
2014-10-15,141.6811,171.1
2014-10-16,153.4132,171.7
2014-10-17,156.6079,202.2
2014-10-18,184.7726,197.1
2014-10-19,187.533,214.2
2014-10-20,205.7932,221.8
2014-10-21,197.0331,219.5
2014-10-22,212.6801,216.8
2014-10-23,216.4206,214.0
2014-10-24,214.7432,185.4
2014-10-25,201.7988,165.1
2014-10-26,196.0206,148.4
2014-10-27,160.7923,138.4
2014-10-28,140.3584,119.5
2014-10-29,128.8373,118.1
2014-10-30,126.3272,122.4
2014-10-31,113.8022,123.2
2014-11-01,114.6712,127.3
2014-11-02,120.6252,142.7
2014-11-03,121.5511,133.1
2014-11-04,125.6939,129.6
2014-11-05,144.9373,129.6
2014-11-06,139.7308,129.2
2014-11-07,138.3675,133.4
2014-11-08,135.6643,139.5
2014-11-09,138.863,149.8
2014-11-10,145.8619,150.3
2014-11-11,157.714,157.6
2014-11-12,170.3502,157.1
2014-11-13,170.1912,165.0
2014-11-14,178.1546,163.8
2014-11-15,172.9914,163.6
2014-11-16,176.2427,165.7
2014-11-17,166.5646,164.1
2014-11-18,160.2387,158.6
2014-11-19,162.1736,162.6
2014-11-20,163.9279,168.8
2014-11-21,165.3263,165.8
2014-11-22,161.4905,165.0
2014-11-23,160.5599,166.5
2014-11-24,158.0808,174.1
2014-11-25,156.3882,176.6
2014-11-26,160.8941,172.5
2014-11-27,170.2495,172.4
2014-11-28,171.2815,163.4
2014-11-29,162.3224,163.0
2014-11-30,152.2027,149.8
2014-12-01,143.9931,147.6
2014-12-02,143.0947,132.8
2014-12-03,139.8424,125.0
2014-12-04,135.0994,127.9
2014-12-05,126.2371,128.7
2014-12-06,121.1929,135.5
2014-12-07,126.738,145.3
2014-12-08,135.373,143.0
2014-12-09,147.6648,149.4
2014-12-10,160.1362,154.9
2014-12-11,158.4194,161.2
2014-12-12,164.5144,164.0
2014-12-13,170.1155,178.8
2014-12-14,176.9379,192.3
2014-12-15,171.5385,206.4
2014-12-16,186.7972,208.9
2014-12-17,195.9484,196.7
2014-12-18,206.8451,199.2
2014-12-19,202.8795,173.4
2014-12-20,175.8491,160.5
2014-12-21,173.2632,146.5
2014-12-22,153.6403,140.6
2014-12-23,140.5138,132.5
2014-12-24,134.0871,129.7
2014-12-25,129.6655,128.2
2014-12-26,125.2733,127.1
2014-12-27,128.6787,126.0
2014-12-28,129.812,129.2
2014-12-29,128.038,132.9
2014-12-30,126.7505,141.0
2014-12-31,133.3394,143.8
2015-01-01,140.5123,144.8
2015-01-02,150.2174,137.2
2015-01-03,149.4427,137.2
2015-01-04,151.3157,142.4
2015-01-05,142.7597,152.0
2015-01-06,140.7093,146.2
2015-01-07,147.8808,146.9
2015-01-08,163.3726,148.6
2015-01-09,152.6951,153.4
2015-01-10,150.001,145.3
2015-01-11,145.2759,137.2
2015-01-12,149.2637,127.1
2015-01-13,135.1248,120.7
2015-01-14,128.8202,118.0
2015-01-15,125.8352,121.7
2015-01-16,120.0409,125.9
2015-01-17,122.3219,121.6
2015-01-18,125.6024,120.0
2015-01-19,130.839,116.6
2015-01-20,128.3037,117.3
2015-01-21,127.5128,121.4
2015-01-22,124.6015,122.7
2015-01-23,130.6763,142.5
2015-01-24,136.1427,153.3
2015-01-25,137.8849,154.5
2015-01-26,154.1107,166.7
2015-01-27,166.8523,154.6
2015-01-28,163.2447,149.0
2015-01-29,170.129,137.6
2015-01-30,146.7347,139.8
2015-01-31,137.8901,145.1
2015-02-01,126.8765,150.1
2015-02-02,129.7607,138.0
2015-02-03,137.8333,139.3
2015-02-04,152.1962,148.9
2015-02-05,138.8307,148.7
2015-02-06,137.1779,141.9
2015-02-07,149.551,137.3
2015-02-08,147.834,127.7
2015-02-09,138.6259,124.4
2015-02-10,135.4814,121.8
2015-02-11,126.1407,117.4
2015-02-12,123.2975,116.7
2015-02-13,127.2524,115.3
2015-02-14,128.6407,115.7
2015-02-15,127.0233,118.2
2015-02-16,124.3563,116.0
2015-02-17,123.2863,117.0
2015-02-18,130.5307,113.6
2015-02-19,128.6323,115.0
2015-02-20,128.2132,114.3
2015-02-21,121.9477,112.1
2015-02-22,124.109,108.8
2015-02-23,125.8382,109.1
2015-02-24,122.5432,115.7
2015-02-25,119.1489,121.1
2015-02-26,119.8807,125.3
2015-02-27,126.0558,128.1
2015-02-28,129.8225,122.9
2015-03-01,131.708,122.1
2015-03-02,131.2311,124.5
2015-03-03,122.9019,125.4
2015-03-04,121.0717,130.9
2015-03-05,123.9586,122.3
2015-03-06,125.9594,121.2
2015-03-07,131.0347,119.2
2015-03-08,127.8354,129.9
2015-03-09,125.0702,125.1
2015-03-10,119.5595,117.9
2015-03-11,126.1021,114.3
2015-03-12,126.5444,113.1
2015-03-13,119.6812,116.0
2015-03-14,114.1288,113.2
2015-03-15,110.2105,113.7
2015-03-16,112.3165,108.3
2015-03-17,115.6705,111.8
2015-03-18,114.4361,112.7
2015-03-19,110.0859,121.5
2015-03-20,113.1312,127.2
2015-03-21,116.9049,132.2
2015-03-22,128.3953,137.0
2015-03-23,136.4053,135.5
2015-03-24,139.306,137.2
2015-03-25,140.9161,145.1
2015-03-26,134.5157,144.0
2015-03-27,136.5834,133.3
2015-03-28,142.2591,127.8
2015-03-29,142.0036,123.9
2015-03-30,130.6927,121.2
2015-03-31,124.5657,119.8
2015-04-01,120.8006,122.4
2015-04-02,118.8371,122.3
2015-04-03,119.3252,125.8
2015-04-04,122.4773,111.4
2015-04-05,124.243,106.3
2015-04-06,125.2182,111.6
2015-04-07,113.3219,115.5
2015-04-08,107.6862,123.5
2015-04-09,112.5782,134.6
2015-04-10,119.5476,142.1
2015-04-11,131.5504,147.7
2015-04-12,145.9376,155.7
2015-04-13,158.7721,151.3
2015-04-14,161.3601,150.8
2015-04-15,169.437,148.9
2015-04-16,160.5593,153.0
2015-04-17,154.3553,151.0
2015-04-18,151.5797,155.3
2015-04-19,150.4387,151.8
2015-04-20,146.1108,142.0
2015-04-21,147.3185,136.0
2015-04-22,144.201,127.4
2015-04-23,131.7537,120.0
2015-04-24,125.8189,108.9
2015-04-25,116.019,109.2
2015-04-26,109.3204,105.5
2015-04-27,104.7367,103.3
2015-04-28,104.6238,101.4
2015-04-29,104.1027,107.3
2015-04-30,105.7525,112.9
2015-05-01,106.6112,125.4
2015-05-02,115.2858,130.0
2015-05-03,123.102,138.6
2015-05-04,140.1,149.2
2015-05-05,145.4569,152.6
2015-05-06,157.6548,157.5
2015-05-07,171.2293,163.1
2015-05-08,170.0136,166.2
2015-05-09,160.86,166.5
2015-05-10,164.8276,160.3
2015-05-11,163.8546,148.2
2015-05-12,155.9658,139.5
2015-05-13,146.8681,134.0
2015-05-14,136.7943,122.3
2015-05-15,129.7093,117.6
2015-05-16,123.6766,112.9
2015-05-17,112.6539,108.2
2015-05-18,109.6592,104.3
2015-05-19,106.1345,101.6
2015-05-20,105.0779,100.2
2015-05-21,100.5065,101.2
2015-05-22,101.3258,99.0
2015-05-23,101.588,97.0
2015-05-24,105.1598,97.8
2015-05-25,104.5081,95.5
2015-05-26,103.9349,94.8
2015-05-27,107.3542,97.7
2015-05-28,108.8975,97.0
2015-05-29,110.0298,103.2
2015-05-30,114.5386,103.9
2015-05-31,115.3109,111.6
2015-06-01,119.7541,121.4
2015-06-02,118.7922,129.7
2015-06-03,125.7082,136.6
2015-06-04,133.3028,141.4
2015-06-05,137.8474,138.2
2015-06-06,146.4509,140.6
2015-06-07,149.4226,139.5
2015-06-08,139.758,144.2
2015-06-09,136.0792,141.0
2015-06-10,133.3619,140.3
2015-06-11,139.1935,135.8
2015-06-12,139.5299,139.1
2015-06-13,138.5212,140.5
2015-06-14,131.8181,140.2
2015-06-15,133.2893,141.7
2015-06-16,140.6327,141.8
2015-06-17,146.0995,139.8
2015-06-18,148.7887,136.0
2015-06-19,141.4408,134.3
2015-06-20,140.0904,119.9
2015-06-21,134.8866,113.1
2015-06-22,131.9279,105.2
2015-06-23,122.6722,104.6
2015-06-24,111.7192,100.5
2015-06-25,106.1898,100.5
2015-06-26,107.4556,100.4
2015-06-27,108.5348,104.2
2015-06-28,112.6699,113.3
2015-06-29,115.4746,117.6
2015-06-30,118.2212,116.1
2015-07-01,126.9823,120.7
2015-07-02,132.1825,129.0
2015-07-03,129.2498,137.9
2015-07-04,132.0034,137.1
2015-07-05,138.2199,133.2
2015-07-06,147.2635,126.0
2015-07-07,140.1758,133.3
2015-07-08,137.8372,124.3
2015-07-09,128.8001,119.9
2015-07-10,132.3747,113.8
2015-07-11,120.5976,108.7
2015-07-12,112.8034,104.4
2015-07-13,107.279,102.9
2015-07-14,104.4295,100.6
2015-07-15,100.1077,99.1
2015-07-16,101.139,102.6
2015-07-17,101.4615,96.3
2015-07-18,102.0882,94.0
2015-07-19,102.9467,91.9
2015-07-20,99.1902,92.2
2015-07-21,98.7936,95.2
2015-07-22,98.4023,96.9
2015-07-23,99.3157,100.1
2015-07-24,103.2722,103.2
2015-07-25,108.9019,104.2
2015-07-26,113.5554,103.8
2015-07-27,116.8065,105.1
2015-07-28,116.7621,103.8
2015-07-29,113.1699,106.0
2015-07-30,114.321,104.5
2015-07-31,110.3741,108.7
2015-08-01,110.134,109.9
2015-08-02,104.3283,115.5
2015-08-03,109.5891,125.1
2015-08-04,112.8255,125.5
2015-08-05,117.212,124.4
2015-08-06,123.7904,117.6
2015-08-07,121.9664,109.1
2015-08-08,117.2384,105.6
2015-08-09,109.837,101.9
2015-08-10,98.4727,97.3
2015-08-11,93.6317,95.7
2015-08-12,92.2495,91.7
2015-08-13,91.5425,87.8
2015-08-14,94.5472,89.2
2015-08-15,93.4956,90.9
2015-08-16,91.8526,100.6
2015-08-17,92.997,105.3
2015-08-18,95.9431,121.4
2015-08-19,105.2741,119.6
2015-08-20,113.8928,119.8
2015-08-21,125.3591,130.6
2015-08-22,123.4136,123.9
2015-08-23,122.4677,128.9
2015-08-24,131.9356,112.5
2015-08-25,122.4363,111.3
2015-08-26,119.3307,102.1
2015-08-27,107.2039,93.4
2015-08-28,105.2405,92.7
2015-08-29,98.9178,90.7
2015-08-30,93.7368,89.8
2015-08-31,94.4918,88.0
2015-09-01,92.1987,91.5
2015-09-02,91.8054,86.8
2015-09-03,90.4348,86.9
2015-09-04,93.5878,85.0
2015-09-05,90.8269,84.7
2015-09-06,91.2381,83.5
2015-09-07,90.9991,84.6
2015-09-08,92.0835,94.1
2015-09-09,92.0471,100.4
2015-09-10,93.9865,100.0
2015-09-11,103.2493,97.7
2015-09-12,110.4037,102.2
2015-09-13,110.0969,110.6
2015-09-14,103.9215,107.9
2015-09-15,105.3011,103.8
2015-09-16,114.2358,106.7
2015-09-17,108.6808,111.3
2015-09-18,102.2304,104.2
2015-09-19,101.103,107.8
2015-09-20,108.5686,111.4
2015-09-21,103.0878,107.4
2015-09-22,106.5225,120.5
2015-09-23,112.4364,120.8
2015-09-24,104.5176,128.1
2015-09-25,114.3262,124.5
2015-09-26,114.6105,129.6
2015-09-27,119.6594,131.5
2015-09-28,111.4632,120.0
2015-09-29,110.5533,107.6
2015-09-30,109.4518,97.0
2015-10-01,101.0173,88.3
2015-10-02,94.6632,82.6
2015-10-03,90.2093,81.3
2015-10-04,89.1269,80.4
2015-10-05,88.2525,79.5
2015-10-06,88.5047,81.0
2015-10-07,84.7708,81.2
2015-10-08,85.0262,84.3
2015-10-09,86.5737,88.7
2015-10-10,88.1064,95.2
2015-10-11,92.7157,100.2
2015-10-12,98.5725,106.1
2015-10-13,105.8518,108.4
2015-10-14,110.9749,115.8
2015-10-15,116.1024,118.6
2015-10-16,117.791,122.7
2015-10-17,124.271,121.7
2015-10-18,125.3771,127.8
2015-10-19,125.0655,119.3
2015-10-20,122.1719,113.7
2015-10-21,121.6526,105.2
2015-10-22,112.632,105.2
2015-10-23,107.4186,104.9
2015-10-24,100.8668,108.7
2015-10-25,97.1119,110.7
2015-10-26,95.4806,111.4
2015-10-27,101.166,115.5
2015-10-28,103.4977,116.7
2015-10-29,109.3788,122.4
2015-10-30,115.112,120.1
2015-10-31,116.6892,122.2
2015-11-01,115.3355,112.0
2015-11-02,111.4084,108.1
2015-11-03,113.7052,113.2
2015-11-04,108.7211,112.9
2015-11-05,105.901,105.7
2015-11-06,111.4314,105.6
2015-11-07,114.854,103.3
2015-11-08,109.9123,102.9
2015-11-09,109.949,101.4
2015-11-10,106.4326,100.8
2015-11-11,107.3326,104.1
2015-11-12,104.2008,103.5
2015-11-13,103.8944,103.2
2015-11-14,107.606,104.6
2015-11-15,107.0814,105.1
2015-11-16,105.457,105.6
2015-11-17,105.8944,108.4
2015-11-18,108.2386,119.2
2015-11-19,109.0081,119.9
2015-11-20,114.7142,116.7
2015-11-21,122.418,110.3
2015-11-22,122.9889,106.2
2015-11-23,118.6524,101.2
2015-11-24,112.9032,96.3
2015-11-25,107.24,94.0
2015-11-26,102.1376,92.9
2015-11-27,97.937,93.1
2015-11-28,95.2169,91.9
2015-11-29,94.3825,92.6
2015-11-30,93.6016,91.8
2015-12-01,94.3424,94.8
2015-12-02,95.0906,97.6
2015-12-03,95.9396,99.3
2015-12-04,98.199,97.8
2015-12-05,102.1259,107.9
2015-12-06,104.4943,105.5
2015-12-07,103.359,105.2
2015-12-08,112.1131,110.3
2015-12-09,110.2126,113.1
2015-12-10,109.7019,118.7
2015-12-11,114.7589,120.2
2015-12-12,118.1421,115.2
2015-12-13,123.6436,122.2
2015-12-14,124.2894,114.0
2015-12-15,120.1954,113.3
2015-12-16,122.8503,115.2
2015-12-17,112.7535,112.8
2015-12-18,111.8851,117.8
2015-12-19,113.3268,125.8
2015-12-20,110.8413,129.5
2015-12-21,114.6142,128.4
2015-12-22,125.3465,122.3
2015-12-23,130.4137,113.5
2015-12-24,129.5633,106.7
2015-12-25,119.6657,108.4
2015-12-26,111.8546,101.9
2015-12-27,105.8807,98.1
2015-12-28,105.921,93.0
2015-12-29,97.9057,95.1
2015-12-30,95.1522,96.6
2015-12-31,93.5555,98.5
2016-01-01,97.0052,92.2
2016-01-02,102.5835,92.1
2016-01-03,107.0337,96.9
2016-01-04,102.8944,99.9
2016-01-05,100.1893,104.9
2016-01-06,103.6708,103.5
2016-01-07,105.7001,105.4
2016-01-08,111.3598,104.5
2016-01-09,109.0161,102.0
2016-01-10,108.2594,100.7
2016-01-11,104.5295,99.9
2016-01-12,103.9369,100.1
2016-01-13,104.7077,96.7
2016-01-14,103.8533,97.4
2016-01-15,103.2838,96.7
2016-01-16,98.7741,94.4
2016-01-17,98.4756,97.2
2016-01-18,97.0386,100.7
2016-01-19,97.2805,97.3
2016-01-20,99.7345,95.8
2016-01-21,102.472,100.6
2016-01-22,97.6307,104.3
2016-01-23,95.6082,111.3
2016-01-24,99.1546,109.3
2016-01-25,103.9091,106.6
2016-01-26,113.4348,103.7
2016-01-27,109.4981,102.0
2016-01-28,104.1119,98.3
2016-01-29,100.3177,97.3
2016-01-30,98.4724,99.1
2016-01-31,97.2513,108.9
2016-02-01,97.042,119.8
2016-02-02,100.1189,116.3
2016-02-03,109.8825,113.9
2016-02-04,120.5444,113.9
2016-02-05,116.6787,112.1
2016-02-06,113.5139,114.1
2016-02-07,112.9132,109.2
2016-02-08,110.4691,109.8
2016-02-09,109.1029,109.3
2016-02-10,105.5676,107.5
2016-02-11,105.9066,105.4
2016-02-12,106.3382,104.7
2016-02-13,101.6401,101.5
2016-02-14,101.2294,97.5
2016-02-15,101.3234,92.7
2016-02-16,101.3667,91.9
2016-02-17,100.1638,97.8
2016-02-18,96.9093,93.5
2016-02-19,96.1116,91.7
2016-02-20,99.3844,89.1
2016-02-21,97.3569,86.1
2016-02-22,95.65,89.9
2016-02-23,93.3976,87.2
2016-02-24,90.826,88.6
2016-02-25,94.8653,91.5
2016-02-26,93.5889,89.3
2016-02-27,94.982,95.1
2016-02-28,97.1393,96.5
2016-02-29,95.0439,97.1
2016-03-01,97.3552,98.9
2016-03-02,100.923,94.7
2016-03-03,101.5649,94.1
2016-03-04,103.2563,92.8
2016-03-05,98.038,94.2
2016-03-06,95.3624,96.0
2016-03-07,94.1855,93.7
2016-03-08,93.523,93.0
2016-03-09,97.6335,93.9
2016-03-10,95.1042,91.5
2016-03-11,93.5371,92.4
2016-03-12,94.7467,93.1
2016-03-13,92.4892,90.1
2016-03-14,92.2513,90.7
2016-03-15,92.672,89.5
2016-03-16,93.3511,88.6
2016-03-17,93.8047,86.9
2016-03-18,92.8886,88.2
2016-03-19,93.2699,86.7
2016-03-20,89.9695,86.2
2016-03-21,91.6879,86.0
2016-03-22,90.1587,85.1
2016-03-23,90.8429,85.1
2016-03-24,92.5688,87.9
2016-03-25,92.3888,87.4
2016-03-26,92.6443,87.5
2016-03-27,94.553,83.6
2016-03-28,92.302,81.6
2016-03-29,91.8844,82.0
2016-03-30,88.498,81.5
2016-03-31,87.034,82.3
2016-04-01,86.2013,83.5
2016-04-02,84.911,83.5
2016-04-03,85.0007,87.2
2016-04-04,85.7002,92.5
2016-04-05,85.6773,98.6
2016-04-06,89.4156,105.9
2016-04-07,97.0182,111.1
2016-04-08,103.9486,117.2
2016-04-09,111.1249,111.9
2016-04-10,114.7694,108.8
2016-04-11,115.1752,111.8
2016-04-12,109.31,113.2
2016-04-13,106.986,114.0
2016-04-14,107.0521,102.9
2016-04-15,109.0078,95.4
2016-04-16,105.7832,89.9
2016-04-17,96.0336,84.0
2016-04-18,89.3395,77.5
2016-04-19,84.6588,77.5
2016-04-20,83.1708,79.6
2016-04-21,80.2474,82.8
2016-04-22,80.3485,82.9
2016-04-23,81.5916,86.3
2016-04-24,84.2954,93.8
2016-04-25,85.0184,96.3
2016-04-26,88.7465,93.8
2016-04-27,96.4186,95.4
2016-04-28,98.8688,93.6
2016-04-29,96.8143,91.3
2016-04-30,98.0542,91.5
2016-05-01,97.7955,91.6
2016-05-02,96.0694,88.7
2016-05-03,94.4712,91.2
2016-05-04,95.6851,89.7
2016-05-05,91.0659,85.6
2016-05-06,89.4731,90.2
2016-05-07,87.3476,90.5
2016-05-08,84.8715,95.8
2016-05-09,87.0981,93.9
2016-05-10,88.6546,95.4
2016-05-11,93.7531,103.4
2016-05-12,90.38,105.7
2016-05-13,89.5843,104.3
2016-05-14,98.5622,105.6
2016-05-15,103.5692,104.7
2016-05-16,101.8739,101.2
2016-05-17,103.2335,102.0
2016-05-18,98.6759,100.2
2016-05-19,97.3806,99.8
2016-05-20,99.28,99.8
2016-05-21,98.7395,96.7
2016-05-22,95.3024,96.1
2016-05-23,93.2742,94.2
2016-05-24,91.0963,92.8
2016-05-25,91.6367,90.1
2016-05-26,91.5195,85.3
2016-05-27,93.9124,88.7
2016-05-28,91.3822,89.0
2016-05-29,89.0247,88.4
2016-05-30,91.927,87.7
2016-05-31,92.6605,85.7
2016-06-01,91.7044,82.4
2016-06-02,90.1967,81.5
2016-06-03,88.4858,80.8
2016-06-04,87.0655,80.8
2016-06-05,87.6636,82.6
2016-06-06,85.894,87.8
2016-06-07,85.8648,87.5
2016-06-08,88.3564,90.9
2016-06-09,91.5008,97.1
2016-06-10,91.1645,93.9
2016-06-11,92.6087,90.4
2016-06-12,98.0683,90.1
2016-06-13,96.4582,91.0
2016-06-14,90.8573,89.4
2016-06-15,89.5568,86.3
2016-06-16,90.097,87.9
2016-06-17,90.0923,87.1
2016-06-18,85.8605,82.9
2016-06-19,86.4629,80.9
2016-06-20,83.5589,80.0
2016-06-21,81.3696,78.2
2016-06-22,79.0877,79.6
2016-06-23,79.165,79.2
2016-06-24,78.8126,78.0
2016-06-25,79.7389,75.5
2016-06-26,80.0563,76.0
2016-06-27,79.8095,75.4
2016-06-28,78.3841,74.4
2016-06-29,77.9024,73.3
2016-06-30,77.568,74.8
2016-07-01,77.4299,76.3
2016-07-02,77.2814,74.9
2016-07-03,79.0983,79.7
2016-07-04,79.9831,86.1
2016-07-05,79.1868,90.0
2016-07-06,81.2231,95.3
2016-07-07,87.8612,97.6
2016-07-08,91.8914,97.8
2016-07-09,97.931,95.5
2016-07-10,100.4015,100.0
2016-07-11,99.0607,98.2
2016-07-12,95.0476,105.4
2016-07-13,98.7083,110.1
2016-07-14,97.0735,108.6
2016-07-15,102.4954,110.6
2016-07-16,105.7674,104.1
2016-07-17,104.1048,111.5
2016-07-18,103.9072,103.3
2016-07-19,96.8734,93.3
2016-07-20,97.1368,88.9
2016-07-21,92.5236,84.8
2016-07-22,84.0918,75.9
2016-07-23,82.1484,75.9
2016-07-24,80.9413,73.8
2016-07-25,76.7508,72.5
2016-07-26,76.3121,72.6
2016-07-27,75.2767,73.1
2016-07-28,75.6232,73.7
2016-07-29,75.8908,74.1
2016-07-30,76.2693,77.1
2016-07-31,76.7869,77.0
2016-08-01,77.4823,78.5
2016-08-02,80.1017,82.1
2016-08-03,81.0021,85.5
2016-08-04,84.3182,95.3
2016-08-05,89.9036,99.0
2016-08-06,91.9902,94.9
2016-08-07,98.5005,97.6
2016-08-08,101.266,97.2
2016-08-09,99.2987,97.3
2016-08-10,100.5129,92.9
2016-08-11,97.5977,89.4
2016-08-12,94.0164,89.8
2016-08-13,89.3321,88.7
2016-08-14,86.1986,84.9
2016-08-15,84.7949,84.4
2016-08-16,84.6359,82.7
2016-08-17,81.6708,80.0
2016-08-18,80.706,78.4
2016-08-19,79.3056,81.8
2016-08-20,78.0804,83.1
2016-08-21,77.3964,79.7
2016-08-22,81.6122,80.3
2016-08-23,83.2571,83.6
2016-08-24,81.066,85.6
2016-08-25,81.8344,87.1
2016-08-26,84.9503,89.5
2016-08-27,88.0775,102.3
2016-08-28,89.0978,99.3
2016-08-29,90.906,96.9
2016-08-30,99.7578,96.3
2016-08-31,101.6287,100.7
2016-09-01,101.2755,99.0
2016-09-02,99.3526,95.3
2016-09-03,102.8165,93.9
2016-09-04,97.1464,94.4
2016-09-05,91.7394,95.9
2016-09-06,90.5954,92.3
2016-09-07,91.0922,94.3
2016-09-08,90.9056,87.5
2016-09-09,88.0886,87.5
2016-09-10,87.9269,87.0
2016-09-11,84.5344,86.2
2016-09-12,84.8272,85.3
2016-09-13,85.433,84.5
2016-09-14,85.8502,81.0
2016-09-15,85.4254,83.8
2016-09-16,85.6648,83.3
2016-09-17,82.2274,85.2
2016-09-18,85.1338,86.1
2016-09-19,86.2103,85.7
2016-09-20,88.0311,86.1
2016-09-21,87.7552,85.4
2016-09-22,87.9416,85.1
2016-09-23,89.3935,87.2
2016-09-24,90.168,85.9
2016-09-25,89.0022,84.8
2016-09-26,89.4003,83.0
2016-09-27,87.5263,80.8
2016-09-28,86.9275,81.2
2016-09-29,85.1896,82.4
2016-09-30,82.5239,87.9
2016-10-01,82.0811,93.1
2016-10-02,84.1231,99.3
2016-10-03,91.3874,101.4
2016-10-04,97.608,104.0
2016-10-05,103.8447,104.1
2016-10-06,105.5774,104.2
2016-10-07,104.3359,101.6
2016-10-08,102.5982,98.8
2016-10-09,100.3509,97.2
2016-10-10,96.7928,94.8
2016-10-11,93.079,92.3
2016-10-12,90.5877,84.4
2016-10-13,89.5782,80.4
2016-10-14,87.3513,75.6
2016-10-15,83.5114,76.8
2016-10-16,79.4523,75.8
2016-10-17,77.4241,74.0
2016-10-18,76.8868,77.1
2016-10-19,77.2293,76.7
2016-10-20,76.1647,76.0
2016-10-21,77.9423,74.5
2016-10-22,78.2732,76.9
2016-10-23,78.2339,77.1
2016-10-24,77.8296,77.8
2016-10-25,79.8243,78.2
2016-10-26,79.2548,78.0
2016-10-27,80.4554,75.1
2016-10-28,81.8466,75.5
2016-10-29,82.1183,75.4
2016-10-30,79.2033,74.8
2016-10-31,77.8667,74.4
2016-11-01,77.0871,75.4
2016-11-02,76.5079,75.3
2016-11-03,76.1747,74.9
2016-11-04,76.969,75.1
2016-11-05,76.0606,75.4
2016-11-06,75.2487,78.3
2016-11-07,74.8732,78.6
2016-11-08,75.1039,76.8
2016-11-09,77.2953,76.8
2016-11-10,77.7407,76.2
2016-11-11,76.2917,75.6
2016-11-12,75.4886,74.9
2016-11-13,75.6299,79.1
2016-11-14,75.3158,76.8
2016-11-15,74.999,75.8
2016-11-16,78.0137,74.9
2016-11-17,77.4101,74.6
2016-11-18,76.6264,73.1
2016-11-19,75.8334,75.4
2016-11-20,75.7475,75.7
2016-11-21,74.6868,77.0
2016-11-22,76.1342,78.8
2016-11-23,77.4982,79.1
2016-11-24,78.2541,80.4
2016-11-25,79.6862,82.9
2016-11-26,78.6429,83.1
2016-11-27,79.001,81.3
2016-11-28,81.7485,82.1
2016-11-29,82.6458,82.0
2016-11-30,83.067,82.2
2016-12-01,82.1524,80.0
2016-12-02,81.3802,80.3
2016-12-03,80.5922,77.4
2016-12-04,77.777,74.9
2016-12-05,76.6375,72.6
2016-12-06,75.5231,70.7
2016-12-07,74.2348,70.0
2016-12-08,73.5048,69.2
2016-12-09,71.7136,68.6
2016-12-10,71.1408,69.0
2016-12-11,70.3003,70.1
2016-12-12,69.9897,70.2
2016-12-13,70.3276,70.3
2016-12-14,72.0915,69.8
2016-12-15,72.2339,70.0
2016-12-16,72.4878,70.5
2016-12-17,72.7896,72.5
2016-12-18,72.6808,72.6
2016-12-19,72.7472,72.4
2016-12-20,74.3815,71.3
2016-12-21,74.5079,70.7
2016-12-22,74.2688,70.1
2016-12-23,72.7602,71.4
2016-12-24,71.9187,71.3
2016-12-25,71.4112,70.9
2016-12-26,71.8411,70.9
2016-12-27,71.7226,71.2
2016-12-28,71.2777,71.1
2016-12-29,70.9738,70.1
2016-12-30,71.0144,70.6
2016-12-31,70.9298,71.0
2017-01-01,70.4192,70.0
2017-01-02,70.6092,70.9
2017-01-03,71.019,69.6
2017-01-04,70.2655,69.7
2017-01-05,70.9523,69.2
2017-01-06,69.9702,68.9
2017-01-07,70.2101,70.3
2017-01-08,69.994,72.0
2017-01-09,69.7324,73.0
2017-01-10,70.5406,72.4
2017-01-11,71.8051,74.1
2017-01-12,73.4024,75.0
2017-01-13,74.3772,75.8
2017-01-14,75.6654,76.1
2017-01-15,76.5793,76.1
2017-01-16,75.4518,77.0
2017-01-17,75.7782,80.6
2017-01-18,75.614,83.4
2017-01-19,75.7308,84.0
2017-01-20,78.6479,81.5
2017-01-21,82.5199,79.7
2017-01-22,82.3689,82.5
2017-01-23,80.6691,80.6
2017-01-24,79.2552,77.9
2017-01-25,81.3971,76.1
2017-01-26,79.1144,74.4
2017-01-27,76.2907,74.7
2017-01-28,75.1992,73.8
2017-01-29,73.5484,73.9
2017-01-30,74.2733,73.1
2017-01-31,73.419,73.0
2017-02-01,73.2032,71.9
2017-02-02,72.815,70.6
2017-02-03,73.0115,70.5
2017-02-04,72.6155,70.1
2017-02-05,72.2711,71.1
2017-02-06,72.0558,71.5
2017-02-07,72.0967,72.1
2017-02-08,72.3749,73.8
2017-02-09,72.9883,74.3
2017-02-10,73.4331,73.0
2017-02-11,74.712,72.7
2017-02-12,74.7886,73.0
2017-02-13,74.5026,72.2
2017-02-14,74.5528,72.8
2017-02-15,75.29,74.9
2017-02-16,75.5271,76.4
2017-02-17,75.2557,78.9
2017-02-18,75.7983,80.7
2017-02-19,77.2932,81.4
2017-02-20,78.9919,81.6
2017-02-21,80.3737,80.5
2017-02-22,82.5145,78.5
2017-02-23,81.4293,77.5
2017-02-24,79.1728,80.6
2017-02-25,77.5658,80.1
2017-02-26,77.1936,79.3
2017-02-27,79.4166,77.8
2017-02-28,78.4833,76.7
2017-03-01,77.4535,73.9
2017-03-02,76.598,71.6
2017-03-03,74.9203,71.3
2017-03-04,73.0589,70.6
2017-03-05,72.1751,69.6
2017-03-06,71.4934,70.3
2017-03-07,71.0229,70.0
2017-03-08,70.4925,69.1
2017-03-09,70.7922,69.2
2017-03-10,70.8054,69.5
2017-03-11,70.2729,68.8
2017-03-12,70.7017,69.1
2017-03-13,71.4445,69.7
2017-03-14,72.31,69.9
2017-03-15,73.1896,69.6
2017-03-16,73.34,70.5
2017-03-17,72.5798,72.1
2017-03-18,71.7144,70.5
2017-03-19,72.1126,72.0
2017-03-20,73.1305,71.5
2017-03-21,72.5529,71.9
2017-03-22,73.1929,73.7
2017-03-23,72.7469,76.8
2017-03-24,72.0111,82.5
2017-03-25,72.6693,83.4
2017-03-26,75.9939,83.1
2017-03-27,81.3953,85.7
2017-03-28,82.6058,90.4
2017-03-29,81.4498,100.9
2017-03-30,82.3441,111.9
2017-03-31,84.3716,107.9
2017-04-01,93.562,93.9
2017-04-02,103.7121,84.7
2017-04-03,100.4084,85.8
2017-04-04,84.8464,74.1
2017-04-05,78.9459,73.3
2017-04-06,78.1526,74.7
2017-04-07,73.5889,73.9
2017-04-08,72.6004,74.9
2017-04-09,74.1853,71.8
2017-04-10,74.5589,73.9
2017-04-11,75.9981,73.3
2017-04-12,74.155,73.5
2017-04-13,75.0162,75.0
2017-04-14,74.9764,75.8
2017-04-15,75.8717,77.5
2017-04-16,78.1984,81.6
2017-04-17,80.7801,81.4
2017-04-18,85.4275,83.1
2017-04-19,90.5557,84.5
2017-04-20,89.8859,83.4
2017-04-21,88.6197,81.1
2017-04-22,88.5138,82.3
2017-04-23,86.2406,80.6
2017-04-24,82.7855,79.3
2017-04-25,81.8672,79.1
2017-04-26,79.0555,78.2
2017-04-27,77.3301,78.6
2017-04-28,77.1855,76.4
2017-04-29,76.4403,78.4
2017-04-30,76.6801,76.2
2017-05-01,75.5131,75.4
2017-05-02,76.712,74.8
2017-05-03,75.2492,74.1
2017-05-04,74.9152,73.0
2017-05-05,74.3353,71.8
2017-05-06,73.8471,70.2
2017-05-07,73.1829,69.9
2017-05-08,72.1259,70.5
2017-05-09,71.4947,70.4
2017-05-10,71.6077,71.9
2017-05-11,72.3048,72.7
2017-05-12,72.3203,72.2
2017-05-13,73.064,73.5
2017-05-14,74.035,73.1
2017-05-15,73.9239,73.9
2017-05-16,75.6127,74.0
2017-05-17,75.1364,74.2
2017-05-18,75.6104,75.3
2017-05-19,74.6924,76.3
2017-05-20,74.8086,77.9
2017-05-21,75.8143,79.9
2017-05-22,76.9712,78.1
2017-05-23,77.6358,82.4
2017-05-24,78.2372,84.1
2017-05-25,76.6074,81.0
2017-05-26,78.5347,77.9
2017-05-27,80.0377,75.7
2017-05-28,77.9303,76.2
2017-05-29,76.2271,77.9
2017-05-30,74.5555,80.4
2017-05-31,75.4896,80.2
2017-06-01,77.1653,79.9
2017-06-02,79.675,81.8
2017-06-03,80.2906,77.6
2017-06-04,78.6208,77.8
2017-06-05,80.9202,76.2
2017-06-06,78.4042,76.0
2017-06-07,77.8884,77.0
2017-06-08,76.319,76.6
2017-06-09,75.8519,77.5
2017-06-10,76.2761,77.2
2017-06-11,76.005,76.4
2017-06-12,77.6079,79.9
2017-06-13,78.7072,75.8
2017-06-14,78.2703,77.2
2017-06-15,80.2971,77.3
2017-06-16,76.8613,76.0
2017-06-17,77.017,76.9
2017-06-18,76.694,76.2
2017-06-19,76.1449,76.1
2017-06-20,77.0149,76.1
2017-06-21,76.5438,76.6
2017-06-22,76.9757,76.2
2017-06-23,77.8127,76.2
2017-06-24,76.9466,76.6
2017-06-25,77.0225,74.5
2017-06-26,77.2305,74.2
2017-06-27,77.5901,73.9
2017-06-28,76.3877,73.1
2017-06-29,74.6278,73.6
2017-06-30,73.6404,74.1
2017-07-01,73.3557,74.2
2017-07-02,73.5955,75.5
2017-07-03,74.2792,78.5
2017-07-04,74.6127,82.2
2017-07-05,76.5569,89.5
2017-07-06,79.2842,94.0
2017-07-07,83.9196,98.2
2017-07-08,90.5892,94.1
2017-07-09,91.9306,93.2
2017-07-10,96.5021,95.3
2017-07-11,92.2005,97.0
2017-07-12,89.5055,94.6
2017-07-13,86.8255,89.3
2017-07-14,88.4549,88.4
2017-07-15,86.6372,80.8
2017-07-16,83.0602,75.5
2017-07-17,81.2678,72.5
2017-07-18,77.3128,71.6
2017-07-19,76.2865,71.8
2017-07-20,74.0554,72.8
2017-07-21,72.1954,72.3
2017-07-22,72.0417,72.0
2017-07-23,72.4973,70.7
2017-07-24,73.0365,70.5
2017-07-25,72.7704,71.6
2017-07-26,72.0717,72.1
2017-07-27,73.0151,71.7
2017-07-28,75.4776,74.4
2017-07-29,77.1323,75.7
2017-07-30,76.2685,76.6
2017-07-31,77.1964,77.3
2017-08-01,78.7406,76.3
2017-08-02,79.8274,76.3
2017-08-03,79.1066,75.6
2017-08-04,78.6285,74.8
2017-08-05,77.4414,73.0
2017-08-06,76.8088,73.4
2017-08-07,75.9639,73.0
2017-08-08,73.9705,71.7
2017-08-09,73.0157,72.2
2017-08-10,72.7384,70.0
2017-08-11,72.0375,74.9
2017-08-12,71.3216,76.1
2017-08-13,69.7148,79.2
2017-08-14,73.6682,78.5
2017-08-15,76.5302,82.0
2017-08-16,79.7995,88.9
2017-08-17,79.2227,88.0
2017-08-18,80.2633,89.1
2017-08-19,86.0567,92.3
2017-08-20,86.4479,87.0
2017-08-21,87.4308,80.5
2017-08-22,89.2928,82.5
2017-08-23,85.6536,79.2
2017-08-24,78.1873,79.8
2017-08-25,79.2439,83.2
2017-08-26,76.8932,85.9
2017-08-27,77.2202,88.6
2017-08-28,79.2835,93.6
2017-08-29,84.46,95.1
2017-08-30,88.0487,101.7
2017-08-31,94.7089,122.2
2017-09-01,93.8908,136.3
2017-09-02,95.6747,122.5
2017-09-03,113.7139,134.9
2017-09-04,129.3681,130.4
2017-09-05,111.1107,118.5
2017-09-06,110.8292,108.7
2017-09-07,108.0535,101.6
2017-09-08,99.3469,80.9
2017-09-09,91.6929,76.4
2017-09-10,90.6854,76.0
2017-09-11,82.3098,75.1
2017-09-12,79.3411,73.6
2017-09-13,76.115,72.9
2017-09-14,75.852,72.9
2017-09-15,75.3649,72.9
2017-09-16,75.4797,71.3
2017-09-17,76.0342,74.5
2017-09-18,75.8658,73.6
2017-09-19,76.2788,78.1
2017-09-20,80.6523,81.7
2017-09-21,81.4557,87.4
2017-09-22,84.8155,90.4
2017-09-23,90.1222,91.1
2017-09-24,95.4626,91.3
2017-09-25,96.3465,91.2
2017-09-26,97.2418,90.0
2017-09-27,97.1773,89.6
2017-09-28,93.179,85.9
2017-09-29,90.4852,86.1
2017-09-30,88.1134,86.5
2017-10-01,83.1641,86.8
2017-10-02,81.5247,84.7
2017-10-03,80.1507,84.0
2017-10-04,79.1752,79.5
2017-10-05,79.0096,76.5
2017-10-06,78.8926,72.1
2017-10-07,75.6475,70.7
2017-10-08,74.8547,69.3
2017-10-09,71.9019,69.9
2017-10-10,70.931,69.4
2017-10-11,69.6181,68.6
2017-10-12,69.9572,69.9
2017-10-13,70.6127,70.4
2017-10-14,71.0457,69.8
2017-10-15,72.4867,72.7
2017-10-16,73.1657,72.8
2017-10-17,73.8967,75.1
2017-10-18,76.8314,75.7
2017-10-19,77.8269,76.5
2017-10-20,79.5629,77.2
2017-10-21,80.1839,76.7
2017-10-22,79.1441,77.9
2017-10-23,79.1137,76.4
2017-10-24,78.9669,75.0
2017-10-25,79.7681,74.4
2017-10-26,77.659,74.3
2017-10-27,75.8342,74.5
2017-10-28,75.182,74.2
2017-10-29,74.4515,71.5
2017-10-30,74.4552,72.4
2017-10-31,73.9464,72.0
2017-11-01,71.7156,70.9
2017-11-02,71.4369,69.9
2017-11-03,71.1229,68.1
2017-11-04,70.5271,67.0
2017-11-05,69.635,66.4
2017-11-06,68.56,64.6
2017-11-07,68.6398,67.2
2017-11-08,68.9862,65.9
2017-11-09,68.6667,68.0
2017-11-10,69.0983,70.6
2017-11-11,69.1348,72.8
2017-11-12,69.5374,72.6
2017-11-13,70.9109,71.6
2017-11-14,73.6687,74.7
2017-11-15,74.2228,74.3
2017-11-16,73.4744,72.7
2017-11-17,75.0105,71.8
2017-11-18,73.9544,71.4
2017-11-19,73.2127,71.6
2017-11-20,72.1297,70.6
2017-11-21,71.5113,72.2
2017-11-22,71.6533,72.4
2017-11-23,70.9878,73.5
2017-11-24,71.9141,71.7
2017-11-25,72.7763,70.0
2017-11-26,72.8773,70.6
2017-11-27,71.7289,69.8
2017-11-28,70.1631,68.3
2017-11-29,70.1303,69.5
2017-11-30,69.767,67.0
2017-12-01,68.7003,66.4
2017-12-02,69.3017,66.0
2017-12-03,68.5565,66.3
2017-12-04,68.6034,65.9
2017-12-05,68.9466,67.8
2017-12-06,69.195,69.0
2017-12-07,69.4578,69.8
2017-12-08,69.7601,70.1
2017-12-09,70.0454,69.2
2017-12-10,70.8655,69.9
2017-12-11,70.9138,69.8
2017-12-12,70.2781,69.5
2017-12-13,70.5587,69.0
2017-12-14,70.4611,68.8
2017-12-15,70.2078,69.4
2017-12-16,69.6322,66.6
2017-12-17,69.5141,71.8
2017-12-18,69.9104,73.6
2017-12-19,69.0017,72.9
2017-12-20,72.3752,73.7
2017-12-21,73.5754,73.6
2017-12-22,72.8231,73.2
2017-12-23,73.0775,69.5
2017-12-24,72.9978,68.6
2017-12-25,72.8383,68.8
2017-12-26,70.2334,69.1
2017-12-27,69.026,68.1
2017-12-28,68.9074,68.3
2017-12-29,69.0981,66.8
2017-12-30,68.6646,67.2
2017-12-31,68.8086,68.3
2018-01-01,68.8553,67.2
2018-01-02,68.9727,67.0
2018-01-03,69.0365,67.1
2018-01-04,69.0496,67.6
2018-01-05,69.024,68.0
2018-01-06,69.006,68.5
2018-01-07,69.0913,68.1
2018-01-08,69.0405,68.5
2018-01-09,69.2212,68.6
2018-01-10,69.0762,68.5
2018-01-11,69.1149,68.2
2018-01-12,69.2256,67.9
2018-01-13,69.2144,68.8
2018-01-14,69.2368,68.6
2018-01-15,69.1698,68.8
2018-01-16,69.5782,68.5
2018-01-17,69.3137,67.4
2018-01-18,69.4133,66.1
2018-01-19,69.0654,67.9
2018-01-20,68.9083,68.3
2018-01-21,68.6826,67.7
2018-01-22,68.683,68.2
2018-01-23,68.7846,67.7
2018-01-24,68.6242,66.7
2018-01-25,68.724,66.4
2018-01-26,68.5695,66.2
2018-01-27,68.4954,66.9
2018-01-28,68.6055,67.2
2018-01-29,68.6351,67.0
2018-01-30,68.8821,66.8
2018-01-31,68.6018,67.3
2018-02-01,68.6259,71.0
2018-02-02,68.9548,72.0
2018-02-03,68.6321,74.8
2018-02-04,71.6089,74.6
2018-02-05,72.6262,75.5
2018-02-06,74.7108,76.1
2018-02-07,75.3549,76.2
2018-02-08,74.6387,76.2
2018-02-09,75.0967,76.6
2018-02-10,75.391,74.1
2018-02-11,75.0996,73.4
2018-02-12,75.1595,70.8
2018-02-13,72.9564,69.8
2018-02-14,72.1113,67.4
2018-02-15,70.4192,68.7
2018-02-16,69.937,67.5
2018-02-17,68.5537,68.9
2018-02-18,68.805,66.1
2018-02-19,68.6247,68.2
2018-02-20,69.1049,68.5
2018-02-21,68.6303,68.6
2018-02-22,68.7934,67.8
2018-02-23,68.7183,70.6
2018-02-24,68.7327,68.7
2018-02-25,68.6414,68.6
2018-02-26,70.5076,66.0
2018-02-27,69.7497,66.6
2018-02-28,69.5042,66.7
2018-03-01,69.1472,66.4
2018-03-02,69.1162,66.5
2018-03-03,69.3281,66.5
2018-03-04,69.1865,66.8
2018-03-05,69.2053,65.6
2018-03-06,69.1123,66.6
2018-03-07,69.0518,66.8
2018-03-08,69.0019,66.9
2018-03-09,68.9923,67.3
2018-03-10,68.8885,67.7
2018-03-11,68.7906,66.9
2018-03-12,68.7223,68.3
2018-03-13,68.833,67.9
2018-03-14,68.7768,69.0
2018-03-15,68.9071,68.5
2018-03-16,68.6929,69.7
2018-03-17,69.2312,68.2
2018-03-18,68.9012,68.8
2018-03-19,69.653,68.0
2018-03-20,68.8914,67.7
2018-03-21,69.1221,67.2
2018-03-22,68.8798,68.0
2018-03-23,68.732,67.5
2018-03-24,68.7144,68.0
2018-03-25,68.7304,68.3
2018-03-26,68.7176,68.8
2018-03-27,68.9012,68.6
2018-03-28,68.9329,68.9
2018-03-29,69.1415,68.9
2018-03-30,69.4459,68.4
2018-03-31,69.666,67.8
2018-04-01,69.3457,68.6
2018-04-02,68.8885,66.4
2018-04-03,68.7395,67.4
2018-04-04,68.8544,67.0
2018-04-05,68.823,68.1
2018-04-06,69.3199,68.9
2018-04-07,69.4632,68.8
2018-04-08,69.6791,68.6
2018-04-09,70.0592,70.4
2018-04-10,69.5567,70.1
2018-04-11,69.929,69.9
2018-04-12,71.2304,71.0
2018-04-13,71.0164,69.7
2018-04-14,69.9483,69.8
2018-04-15,70.7648,71.4
2018-04-16,69.9184,71.4
2018-04-17,69.9086,73.7
2018-04-18,70.7539,77.5
2018-04-19,71.4252,76.5
2018-04-20,72.8026,74.7
2018-04-21,77.3023,73.7
2018-04-22,75.626,71.6
2018-04-23,74.1246,70.3
2018-04-24,73.1992,69.6
2018-04-25,71.8718,71.1
2018-04-26,70.5575,72.2
2018-04-27,69.6694,71.3
2018-04-28,70.5672,69.5
2018-04-29,71.3671,68.1
2018-04-30,70.9221,67.6
2018-05-01,69.6291,68.9
2018-05-02,68.9021,68.7
2018-05-03,68.8732,68.4
2018-05-04,70.1431,70.9
2018-05-05,69.7521,70.9
2018-05-06,69.2981,70.9
2018-05-07,71.0825,71.0
2018-05-08,71.5848,71.7
2018-05-09,71.588,71.2
2018-05-10,71.4382,72.4
2018-05-11,71.5812,71.8
2018-05-12,71.5114,71.9
2018-05-13,72.695,71.5
2018-05-14,71.8249,70.5
2018-05-15,71.6901,71.1
2018-05-16,71.3317,71.9
2018-05-17,70.4861,70.4
2018-05-18,70.9963,71.3
2018-05-19,71.3851,72.6
2018-05-20,70.5617,75.0
2018-05-21,71.6489,75.6
2018-05-22,72.9091,77.7
2018-05-23,74.3327,74.9
2018-05-24,75.5675,76.6
2018-05-25,77.2362,78.9
2018-05-26,75.1204,77.0
2018-05-27,75.1676,77.3
2018-05-28,76.8368,78.9
2018-05-29,75.822,76.9
2018-05-30,75.6043,76.5
2018-05-31,77.1177,75.7
2018-06-01,75.8806,72.6
2018-06-02,75.2852,73.4
2018-06-03,74.6563,73.2
2018-06-04,73.0417,71.3
2018-06-05,72.9553,70.2
2018-06-06,73.1747,68.8
2018-06-07,72.0438,72.4
2018-06-08,71.011,72.0
2018-06-09,69.8218,72.5
2018-06-10,72.3881,73.0
2018-06-11,72.0769,74.7
2018-06-12,73.0107,72.8
2018-06-13,73.9119,72.7
2018-06-14,75.061,74.6
2018-06-15,74.0894,76.1
2018-06-16,73.6442,79.0
2018-06-17,74.6592,84.7
2018-06-18,76.1139,84.2
2018-06-19,78.6784,83.0
2018-06-20,82.6863,79.7
2018-06-21,82.5821,77.0
2018-06-22,81.8481,75.2
2018-06-23,78.5675,73.4
2018-06-24,75.7674,72.4
2018-06-25,74.4839,71.9
2018-06-26,73.1986,70.9
2018-06-27,72.9259,71.1
2018-06-28,72.1059,70.4
2018-06-29,71.4035,68.8
2018-06-30,71.3267,70.5
2018-07-01,70.9607,70.2
2018-07-02,69.8775,70.4
2018-07-03,70.9763,72.9
2018-07-04,71.4659,74.4
2018-07-05,72.3546,74.0
2018-07-06,74.412,75.4
2018-07-07,76.2109,74.5
2018-07-08,75.1591,75.8
2018-07-09,75.5855,74.6
2018-07-10,75.8089,74.9
2018-07-11,76.5021,74.7
2018-07-12,75.6512,74.1
2018-07-13,75.5176,74.3
2018-07-14,75.3049,73.5
2018-07-15,74.4397,73.6
2018-07-16,74.1565,72.8
2018-07-17,73.3956,72.7
2018-07-18,73.097,72.2
2018-07-19,72.5179,70.4
2018-07-20,72.6413,69.1
2018-07-21,72.5276,69.0
2018-07-22,71.6383,67.9
2018-07-23,70.1397,68.3
2018-07-24,70.7764,68.6
2018-07-25,69.7504,70.0
2018-07-26,69.5758,70.0
2018-07-27,69.6111,70.4
2018-07-28,71.4371,71.0
2018-07-29,70.9317,72.3
2018-07-30,71.2029,72.0
2018-07-31,71.5756,72.3
2018-08-01,73.4669,72.5
2018-08-02,72.4256,71.2
2018-08-03,72.8408,71.1
2018-08-04,72.8679,71.5
2018-08-05,71.8492,71.6
2018-08-06,71.4397,72.2
2018-08-07,71.4647,71.4
2018-08-08,71.4534,69.3
2018-08-09,71.789,69.9
2018-08-10,71.3971,69.6
2018-08-11,69.8937,70.5
2018-08-12,70.013,70.6
2018-08-13,69.4546,70.0
2018-08-14,70.4185,69.0
2018-08-15,70.6208,68.9
2018-08-16,70.184,68.4
2018-08-17,69.4834,69.6
2018-08-18,69.2783,69.4
2018-08-19,69.3037,68.4
2018-08-20,69.7722,71.1
2018-08-21,69.8151,74.0
2018-08-22,69.2434,73.1
2018-08-23,71.2191,72.6
2018-08-24,73.1297,71.0
2018-08-25,72.739,71.2
2018-08-26,72.9365,71.8
2018-08-27,71.7765,69.6
2018-08-28,71.4472,68.8
2018-08-29,71.5761,69.5
2018-08-30,70.2077,68.9
2018-08-31,69.6667,69.3
2018-09-01,69.9901,68.6
2018-09-02,69.5992,68.6
2018-09-03,69.7381,68.4
2018-09-04,69.2736,68.6
2018-09-05,69.2536,69.7
2018-09-06,69.1493,69.4
2018-09-07,69.3688,69.9
2018-09-08,70.3137,70.3
2018-09-09,70.1574,70.6
2018-09-10,70.2936,70.5
2018-09-11,70.5675,69.8
2018-09-12,70.6584,69.2
2018-09-13,70.5497,69.8
2018-09-14,70.2251,68.5
2018-09-15,69.723,68.8
2018-09-16,70.1791,68.5
2018-09-17,69.5583,67.2
2018-09-18,69.5693,67.4
2018-09-19,69.3173,68.4
2018-09-20,69.0966,68.9
2018-09-21,69.0718,69.0
2018-09-22,69.0751,68.0
2018-09-23,69.4076,69.3
2018-09-24,69.4216,67.4
2018-09-25,69.014,69.4
2018-09-26,69.659,68.9
2018-09-27,68.8122,68.5
2018-09-28,69.4234,70.3
2018-09-29,69.2307,67.1
2018-09-30,69.0412,68.4
2018-10-01,70.1803,67.2
2018-10-02,69.0771,68.7
2018-10-03,69.0413,68.6
2018-10-04,68.9318,69.4
2018-10-05,69.2641,68.7
2018-10-06,69.0907,69.3
2018-10-07,69.5906,69.6
2018-10-08,69.3094,70.6
2018-10-09,69.6065,71.3
2018-10-10,69.5916,72.1
2018-10-11,70.3868,71.1
2018-10-12,71.3512,69.6
2018-10-13,72.2053,69.3
2018-10-14,71.502,69.6
2018-10-15,70.0163,69.0
2018-10-16,69.8013,69.0
2018-10-17,69.7992,69.8
2018-10-18,69.3733,70.4
2018-10-19,69.2818,70.2
2018-10-20,69.8768,70.9
2018-10-21,70.2656,68.9
2018-10-22,70.2006,68.6
2018-10-23,70.7208,68.3
2018-10-24,69.4524,68.5
2018-10-25,68.9354,67.4
2018-10-26,68.8202,67.9
2018-10-27,68.9455,66.1
2018-10-28,68.8859,67.1
2018-10-29,68.8843,65.8
2018-10-30,68.8423,66.5
2018-10-31,68.8879,66.3
2018-11-01,68.9224,65.5
2018-11-02,68.9461,67.2
2018-11-03,69.0106,67.6
2018-11-04,69.1383,67.5
2018-11-05,69.1502,68.2
2018-11-06,69.0315,67.6
2018-11-07,68.9613,67.6
2018-11-08,69.0045,68.0
2018-11-09,68.8565,66.8
2018-11-10,68.8551,65.6
2018-11-11,68.9417,66.5
2018-11-12,68.9801,66.9
2018-11-13,68.8048,69.5
2018-11-14,68.9014,71.7
2018-11-15,68.9787,70.6
2018-11-16,69.8721,69.5
2018-11-17,71.0686,68.8
2018-11-18,70.4496,67.1
2018-11-19,69.6862,67.5
2018-11-20,68.9915,67.5
2018-11-21,68.4977,68.2
2018-11-22,68.4981,67.8
2018-11-23,68.5523,66.8
2018-11-24,68.6554,66.6
2018-11-25,68.5957,65.7
2018-11-26,68.4888,66.0
2018-11-27,68.5148,66.1
2018-11-28,68.4717,67.4
2018-11-29,68.5244,67.0
2018-11-30,68.7006,66.4
2018-12-01,68.7463,66.8
2018-12-02,68.7046,68.8
2018-12-03,68.5905,67.7
2018-12-04,68.5772,68.1
2018-12-05,69.0482,68.4
2018-12-06,68.6215,69.5
2018-12-07,68.6731,68.8
2018-12-08,68.7238,68.9
2018-12-09,69.6513,68.6
2018-12-10,69.3026,68.0
2018-12-11,69.4808,68.6
2018-12-12,69.1189,68.9
2018-12-13,68.8891,67.6
2018-12-14,69.1884,67.9
2018-12-15,69.4541,68.1
2018-12-16,68.6309,68.0
2018-12-17,68.6252,67.6
2018-12-18,68.7417,68.8
2018-12-19,68.7449,68.7
2018-12-20,68.6695,68.0
2018-12-21,68.9085,67.2
2018-12-22,68.8529,67.3
2018-12-23,68.4706,66.5
2018-12-24,68.4413,66.2
2018-12-25,68.3512,67.0
2018-12-26,68.3009,66.7
2018-12-27,68.3359,67.1
2018-12-28,68.581,67.0
2018-12-29,68.5506,69.5
2018-12-30,68.6002,72.7
2018-12-31,68.6175,70.2
2019-01-01,69.6055,69.1
2019-01-02,72.1185,68.8
2019-01-03,70.444,69.6
2019-01-04,69.5847,69.1
2019-01-05,69.0433,69.0
2019-01-06,69.4499,69.2
2019-01-07,69.2537,67.8
2019-01-08,69.1596,65.9
2019-01-09,69.1993,67.3
2019-01-10,68.4285,66.6
2019-01-11,68.4467,67.8
2019-01-12,68.6107,67.3
2019-01-13,68.6732,67.5
2019-01-14,68.7506,66.4
2019-01-15,68.6865,66.6
2019-01-16,68.7435,67.4
2019-01-17,68.6452,67.0
2019-01-18,68.6487,67.7
2019-01-19,68.5702,68.5
2019-01-20,68.5398,69.3
2019-01-21,68.5865,70.2
2019-01-22,68.8461,72.7
2019-01-23,69.5041,74.3
2019-01-24,70.2332,72.8
2019-01-25,72.4055,73.5
2019-01-26,73.1324,70.9
2019-01-27,72.8226,71.4
2019-01-28,72.7198,70.0
2019-01-29,71.1909,70.0
2019-01-30,70.8917,68.8
2019-01-31,70.0936,69.1
2019-02-01,69.9942,68.7
2019-02-02,69.1553,68.7
2019-02-03,69.156,69.3
2019-02-04,68.9325,68.3
2019-02-05,68.9338,69.8
2019-02-06,69.2787,68.4
2019-02-07,68.7665,68.1
2019-02-08,69.7893,68.0
2019-02-09,69.2561,68.4
2019-02-10,69.2382,68.6
2019-02-11,69.5025,69.7
2019-02-12,69.1885,69.2
2019-02-13,69.1131,69.0
2019-02-14,69.8384,68.4
2019-02-15,69.6233,68.3
2019-02-16,69.4841,68.6
2019-02-17,69.2439,69.4
2019-02-18,69.2172,69.2
2019-02-19,69.3416,69.7
2019-02-20,69.8821,69.2
2019-02-21,69.6751,69.0
2019-02-22,70.0966,68.9
2019-02-23,69.6127,69.2
2019-02-24,69.3646,69.4
2019-02-25,69.2026,68.8
2019-02-26,69.2305,68.7
2019-02-27,69.4424,68.2
2019-02-28,69.2036,68.3
2019-03-01,69.1301,69.7
2019-03-02,68.8487,70.8
2019-03-03,68.7831,71.3
2019-03-04,69.6727,69.9
2019-03-05,70.3935,70.7
2019-03-06,70.7534,69.7
2019-03-07,70.0301,70.1
2019-03-08,70.2465,69.5
2019-03-09,69.9753,69.8
2019-03-10,70.1417,70.0
2019-03-11,69.6999,69.3
2019-03-12,69.8109,68.9
2019-03-13,70.004,68.8
2019-03-14,69.6463,68.6
2019-03-15,69.4052,69.3
2019-03-16,69.33,69.1
2019-03-17,69.0264,76.2
2019-03-18,69.532,79.4
2019-03-19,69.3855,81.8
2019-03-20,74.0402,78.9
2019-03-21,76.0755,75.0
2019-03-22,78.0787,70.8
2019-03-23,75.9048,68.7
2019-03-24,74.1305,68.6
2019-03-25,71.0702,68.1
2019-03-26,69.4146,68.6
2019-03-27,69.0165,69.2
2019-03-28,68.9905,69.4
2019-03-29,69.2611,69.2
2019-03-30,69.5727,70.8
2019-03-31,70.3859,70.6
2019-04-01,70.2068,70.3
2019-04-02,71.1086,71.8
2019-04-03,71.3141,73.7
2019-04-04,71.4488,76.6
2019-04-05,73.2131,78.8
2019-04-06,74.6018,79.3
2019-04-07,78.1978,78.4
2019-04-08,79.2214,78.9
2019-04-09,79.5746,77.7
2019-04-10,79.5472,78.3
2019-04-11,78.1634,75.9
2019-04-12,78.1612,75.9
2019-04-13,78.0592,74.7
2019-04-14,75.6376,76.7
2019-04-15,73.9521,75.2
2019-04-16,72.4455,73.3
2019-04-17,73.1953,70.6
2019-04-18,72.5849,69.9
2019-04-19,71.0768,70.2
2019-04-20,69.7238,69.6
2019-04-21,69.7768,70.1
2019-04-22,70.0779,68.4
2019-04-23,69.9429,68.0
2019-04-24,69.9283,67.8
2019-04-25,68.921,68.8
2019-04-26,68.7251,67.9
2019-04-27,68.897,69.5
2019-04-28,69.7803,68.7
2019-04-29,70.2561,70.3
2019-04-30,71.5938,70.9
2019-05-01,71.3206,73.5
2019-05-02,72.6707,74.7
2019-05-03,74.2488,77.3
2019-05-04,75.3672,80.1
2019-05-05,76.6043,76.8
2019-05-06,78.3516,77.7
2019-05-07,79.503,77.8
2019-05-08,77.334,79.5
2019-05-09,78.1142,77.6
2019-05-10,77.0412,76.2
2019-05-11,77.4778,76.0
2019-05-12,76.6645,75.6
2019-05-13,75.1206,75.3
2019-05-14,74.2899,73.8
2019-05-15,73.4295,72.2
2019-05-16,73.0551,69.6
2019-05-17,71.8659,70.4
2019-05-18,70.7487,69.7
2019-05-19,69.3369,69.0
2019-05-20,69.6076,68.2
2019-05-21,69.614,68.1
2019-05-22,69.0543,68.7
2019-05-23,68.6921,69.8
2019-05-24,68.7901,69.3
2019-05-25,69.3121,70.0
2019-05-26,70.3237,70.1
2019-05-27,70.6195,70.6
2019-05-28,71.2827,70.6
2019-05-29,71.4512,71.7
2019-05-30,71.5328,71.9
2019-05-31,71.6847,71.8
2019-06-01,72.4429,72.1
2019-06-02,72.2653,71.8
2019-06-03,71.8824,70.9
2019-06-04,71.8291,71.0
2019-06-05,71.7169,70.5
2019-06-06,71.1314,70.5
2019-06-07,71.2068,71.0
2019-06-08,70.691,71.9
2019-06-09,70.4959,71.6
2019-06-10,70.8482,69.6
2019-06-11,71.0382,70.1
2019-06-12,71.0259,68.8
2019-06-13,69.6114,68.0
2019-06-14,69.7245,68.5
2019-06-15,69.038,69.2
2019-06-16,68.7194,70.2
2019-06-17,68.9213,69.9
2019-06-18,69.3494,68.6
2019-06-19,70.1825,68.6
2019-06-20,70.2569,69.5
2019-06-21,69.4325,70.2
2019-06-22,69.3448,70.2
2019-06-23,70.0716,70.3
2019-06-24,70.5154,69.3
2019-06-25,70.6711,70.4
2019-06-26,70.7661,69.9
2019-06-27,70.2097,69.7
2019-06-28,70.6559,70.5
2019-06-29,70.4003,69.5
2019-06-30,70.3363,69.1
2019-07-01,70.6613,69.9
2019-07-02,69.9979,69.0
2019-07-03,69.6605,68.8
2019-07-04,70.4441,69.6
2019-07-05,69.7405,68.7
2019-07-06,69.5774,69.7
2019-07-07,70.4102,70.1
2019-07-08,69.6151,69.4
2019-07-09,70.0808,69.0
2019-07-10,70.1044,68.2
2019-07-11,69.9353,69.4
2019-07-12,69.6326,69.3
2019-07-13,69.7467,69.5
2019-07-14,70.0709,70.0
2019-07-15,70.6607,69.2
2019-07-16,70.2585,68.9
2019-07-17,70.1848,69.1
2019-07-18,69.7304,69.8
2019-07-19,69.7558,69.5
2019-07-20,69.6705,69.6
2019-07-21,70.1197,70.0
2019-07-22,70.0069,70.3
2019-07-23,69.8701,69.8
2019-07-24,70.1455,68.7
2019-07-25,70.3901,69.2
2019-07-26,70.0867,68.2
2019-07-27,69.3275,68.3
2019-07-28,69.3897,68.9
2019-07-29,69.0809,68.8
2019-07-30,69.0577,68.9
2019-07-31,69.5062,67.7
2019-08-01,69.3453,68.8
2019-08-02,69.4235,70.1
2019-08-03,68.9336,70.1
2019-08-04,69.1118,69.9
2019-08-05,69.889,70.6
2019-08-06,70.1396,69.1
2019-08-07,70.123,69.1
2019-08-08,70.4777,69.5
2019-08-09,69.6267,69.0
2019-08-10,69.479,68.6
2019-08-11,69.7533,69.1
2019-08-12,69.4781,69.4
2019-08-13,69.1255,69.2
2019-08-14,69.5042,69.7
2019-08-15,69.6634,69.2
2019-08-16,69.5343,69.3
2019-08-17,70.0273,68.9
2019-08-18,69.6714,68.4
2019-08-19,69.7146,67.3
2019-08-20,69.3891,68.0
2019-08-21,68.9825,67.8
2019-08-22,68.7683,67.4
2019-08-23,68.9162,67.2
2019-08-24,68.9518,67.5
2019-08-25,68.8983,67.2
2019-08-26,68.8106,67.2
2019-08-27,68.8913,67.8
2019-08-28,68.8718,67.7
2019-08-29,68.9419,68.3
2019-08-30,68.9903,70.0
2019-08-31,68.9828,69.8
2019-09-01,69.1982,69.8
2019-09-02,70.1758,69.4
2019-09-03,70.1323,70.0
2019-09-04,70.1486,75.0
2019-09-05,69.6211,68.5
2019-09-06,69.912,69.8
2019-09-07,73.2645,70.9
2019-09-08,69.9058,69.0
2019-09-09,70.2129,70.3
2019-09-10,70.8793,69.1
2019-09-11,69.6007,69.4
2019-09-12,70.1191,68.4
2019-09-13,69.4121,69.4
2019-09-14,69.4531,68.8
2019-09-15,68.7907,66.9
2019-09-16,69.3484,67.7
2019-09-17,69.0496,67.7
2019-09-18,68.6312,68.2
2019-09-19,68.6344,68.8
2019-09-20,68.6373,66.6
2019-09-21,68.7092,67.5
2019-09-22,68.9547,67.9
2019-09-23,68.6062,67.4
2019-09-24,68.733,66.8
2019-09-25,68.8545,67.5
2019-09-26,68.905,67.7
2019-09-27,68.8956,68.1
2019-09-28,68.9593,68.8
2019-09-29,69.0265,68.4
2019-09-30,69.0346,68.3
2019-10-01,69.228,68.1
2019-10-02,68.9811,67.8
2019-10-03,68.9873,67.3
2019-10-04,68.9572,67.6
2019-10-05,68.921,67.0
2019-10-06,68.868,67.9
2019-10-07,68.8443,67.3
2019-10-08,68.8622,68.3
2019-10-09,68.928,68.0
2019-10-10,68.83,66.9
2019-10-11,68.7657,65.8
2019-10-12,68.6657,66.9
2019-10-13,68.5212,65.9
2019-10-14,68.4999,65.6
2019-10-15,68.6115,65.6
2019-10-16,68.5108,65.5
2019-10-17,68.4876,64.4
2019-10-18,68.4475,63.4
2019-10-19,68.4487,64.9
2019-10-20,68.468,63.9
2019-10-21,68.5355,64.3
2019-10-22,68.6215,67.9
2019-10-23,68.5093,67.8
2019-10-24,68.5444,68.0
2019-10-25,68.7348,68.5
2019-10-26,68.6799,68.2
2019-10-27,68.6479,68.8
2019-10-28,68.7571,70.2
2019-10-29,68.6956,69.6
2019-10-30,68.9349,69.6
2019-10-31,69.8311,68.3
2019-11-01,69.5242,69.6
2019-11-02,69.497,69.2
2019-11-03,68.7973,68.1
2019-11-04,69.4088,68.5
2019-11-05,69.1909,68.9
2019-11-06,68.7359,68.3
2019-11-07,68.749,69.4
2019-11-08,69.0334,68.1
2019-11-09,68.6927,69.3
2019-11-10,69.3064,69.6
2019-11-11,68.6909,68.4
2019-11-12,69.2753,68.5
2019-11-13,69.4127,68.2
2019-11-14,68.7698,68.5
2019-11-15,68.7948,68.8
2019-11-16,68.7107,67.6
2019-11-17,68.7929,68.5
2019-11-18,68.9989,69.1
2019-11-19,68.7062,67.9
2019-11-20,68.8195,68.5
2019-11-21,69.2375,68.8
2019-11-22,68.8559,67.7
2019-11-23,69.004,68.6
2019-11-24,69.2397,69.6
2019-11-25,68.859,68.3
2019-11-26,68.9615,67.9
2019-11-27,69.632,68.5
2019-11-28,68.9475,69.2
2019-11-29,68.8068,68.4
2019-11-30,68.8454,67.9
2019-12-01,69.2341,67.6
2019-12-02,68.8636,68.6
2019-12-03,68.7959,68.3
2019-12-04,68.7315,68.2
2019-12-05,68.994,69.4
2019-12-06,68.9149,68.6
2019-12-07,68.8439,68.4
2019-12-08,69.3556,68.6
2019-12-09,68.8902,68.3
2019-12-10,68.7737,66.8
2019-12-11,68.8918,68.1
2019-12-12,68.8218,68.8
2019-12-13,68.651,67.7
2019-12-14,68.7532,68.2
2019-12-15,69.0901,68.0
2019-12-16,68.7119,67.7
2019-12-17,68.7949,67.7
2019-12-18,68.7801,68.4
2019-12-19,68.7262,68.7
2019-12-20,68.7376,70.2
2019-12-21,68.7965,70.3
2019-12-22,69.0703,69.8
2019-12-23,69.8985,69.7
2019-12-24,70.5516,70.1
2019-12-25,70.0745,69.8
2019-12-26,69.8374,69.6
2019-12-27,69.9925,68.6
2019-12-28,70.049,68.2
2019-12-29,69.6251,69.4
2019-12-30,69.3679,69.5
2019-12-31,69.4033,68.9
2020-01-01,70.6534,69.8
2020-01-02,70.6291,69.4
2020-01-03,69.7183,68.1
2020-01-04,69.7541,69.3
2020-01-05,69.6745,71.2
2020-01-06,68.8803,71.9
2020-01-07,69.5459,70.4
2020-01-08,70.5915,71.0
2020-01-09,71.2181,69.5
2020-01-10,70.289,69.1
2020-01-11,70.6579,69.5
2020-01-12,69.9704,68.9
2020-01-13,69.53,69.4
2020-01-14,70.5624,67.9
2020-01-15,69.8288,69.0
2020-01-16,69.781,69.5
2020-01-17,69.1247,69.0
2020-01-18,69.4376,68.3
2020-01-19,69.7856,69.6
2020-01-20,69.4851,68.6
2020-01-21,69.0532,68.8
2020-01-22,69.5497,70.4
2020-01-23,69.0814,72.4
2020-01-24,69.545,70.7
2020-01-25,70.2383,72.0
2020-01-26,72.2043,72.0
2020-01-27,71.113,71.9
2020-01-28,71.5434,71.7
2020-01-29,71.2879,70.4
2020-01-30,71.3602,70.2
2020-01-31,71.4455,70.0
2020-02-01,70.5575,68.3
2020-02-02,70.2722,68.6
2020-02-03,70.0847,69.3
2020-02-04,69.1291,68.9
2020-02-05,69.1365,70.0
2020-02-06,69.7276,68.8
2020-02-07,69.4002,68.3
2020-02-08,69.9352,69.3
2020-02-09,69.3257,69.8
2020-02-10,69.0146,69.4
2020-02-11,69.7608,69.5
2020-02-12,70.163,68.8
2020-02-13,69.8493,68.8
2020-02-14,69.7632,69.0
2020-02-15,69.283,69.4
2020-02-16,69.3244,69.4
2020-02-17,69.5315,69.2
2020-02-18,69.8208,69.6
2020-02-19,69.8342,70.7
2020-02-20,69.7501,68.8
2020-02-21,69.9453,68.7
2020-02-22,70.6505,69.1
2020-02-23,69.5515,68.7
2020-02-24,69.2639,69.6
2020-02-25,69.4525,69.3
2020-02-26,69.3049,68.8
2020-02-27,69.6272,68.1
2020-02-28,69.5056,68.1
2020-02-29,69.2018,68.8
2020-03-01,68.9435,68.7
2020-03-02,68.922,68.3
2020-03-03,69.2176,68.9
2020-03-04,69.1333,68.8
2020-03-05,68.9516,69.2
2020-03-06,69.3009,69.8
2020-03-07,69.2572,69.8
2020-03-08,69.5699,69.6
2020-03-09,69.959,69.1
2020-03-10,70.0193,67.9
2020-03-11,69.8382,67.4
2020-03-12,69.4798,69.5
2020-03-13,69.0091,69.1
2020-03-14,69.0201,70.9
2020-03-15,69.7422,71.4
2020-03-16,69.5557,71.5
2020-03-17,70.8419,71.1
2020-03-18,71.1327,70.3
2020-03-19,71.4121,69.8
2020-03-20,71.0679,69.9
2020-03-21,70.3743,70.8
2020-03-22,70.0811,70.9
2020-03-23,70.0974,69.9
2020-03-24,70.3756,69.2
2020-03-25,70.7234,69.0
2020-03-26,70.1015,68.6
2020-03-27,69.4787,69.1
2020-03-28,69.2902,69.8
2020-03-29,69.0236,69.2
2020-03-30,69.3819,69.7
2020-03-31,70.2545,70.0
2020-04-01,70.1653,70.2
2020-04-02,70.165,71.3
2020-04-03,70.3436,70.1
2020-04-04,70.3417,70.1
2020-04-05,70.8007,70.7
2020-04-06,70.1577,70.6
2020-04-07,70.3746,69.5
2020-04-08,70.6276,70.9
2020-04-09,70.7035,71.1
2020-04-10,70.2438,70.7
2020-04-11,71.4109,69.4
2020-04-12,71.2225,68.9
2020-04-13,70.7245,69.0
2020-04-14,70.0078,68.4
2020-04-15,69.5806,70.4
2020-04-16,69.593,69.2
2020-04-17,69.1589,68.9
2020-04-18,70.2973,69.8
2020-04-19,69.6448,71.4
2020-04-20,69.4381,69.5
2020-04-21,69.8886,70.5
2020-04-22,70.9666,69.8
2020-04-23,69.8306,70.1
2020-04-24,70.3676,69.9
2020-04-25,70.5182,69.9
2020-04-26,70.3574,71.0
2020-04-27,70.4999,70.9
2020-04-28,70.4939,71.3
2020-04-29,71.2533,70.3
2020-04-30,71.1387,69.8
2020-05-01,70.9061,70.5
2020-05-02,70.3353,70.5
2020-05-03,70.1682,71.1
2020-05-04,70.5171,70.0
2020-05-05,70.5643,69.2
2020-05-06,70.9169,72.4
2020-05-07,70.2563,69.3
2020-05-08,69.6843,67.5
2020-05-09,72.045,70.3
2020-05-10,70.1013,70.2
2020-05-11,69.2062,68.7
2020-05-12,70.2076,69.4
2020-05-13,70.4077,71.0
2020-05-14,69.6836,71.2
2020-05-15,69.8258,71.8
2020-05-16,70.9581,70.3
2020-05-17,71.1055,71.3
2020-05-18,71.4344,71.9
2020-05-19,70.3412,72.6
2020-05-20,70.9995,70.9
2020-05-21,71.5206,70.6
2020-05-22,72.429,72.1
2020-05-23,71.434,71.6
2020-05-24,70.8924,70.0
2020-05-25,71.8117,69.3
2020-05-26,71.6994,71.6
2020-05-27,70.4596,71.9
2020-05-28,69.9346,72.8
2020-05-29,71.1854,71.2
2020-05-30,71.4503,72.4
2020-05-31,72.3391,72.0
2020-06-01,71.424,72.1
2020-06-02,72.4321,73.2
2020-06-03,72.687,73.8
2020-06-04,72.8615,73.8
2020-06-05,73.882,73.2
2020-06-06,74.3085,74.6
2020-06-07,73.2578,73.2
2020-06-08,73.1643,73.7
2020-06-09,74.1981,72.7
2020-06-10,73.2643,71.6
2020-06-11,73.2126,72.4
2020-06-12,73.0247,72.7
2020-06-13,72.6193,71.5
2020-06-14,73.0901,71.0
2020-06-15,73.7888,70.2
2020-06-16,72.5898,71.1
2020-06-17,71.504,70.0
2020-06-18,70.4346,69.9
2020-06-19,71.112,69.9
2020-06-20,70.4388,69.3
2020-06-21,70.4633,69.1
2020-06-22,70.4679,71.2
2020-06-23,70.0373,70.0
2020-06-24,69.6338,71.2
2020-06-25,71.2028,71.5
2020-06-26,70.6396,71.0
2020-06-27,71.2577,70.4
2020-06-28,71.7329,71.2
2020-06-29,71.5147,70.3
2020-06-30,70.8775,71.6
2020-07-01,71.3279,71.8
2020-07-02,70.6261,71.8
2020-07-03,71.7616,70.8
2020-07-04,71.8746,70.0
2020-07-05,72.0194,69.4
2020-07-06,70.9755,71.0
2020-07-07,70.4359,71.1
2020-07-08,70.6129,71.0
2020-07-09,71.501,69.8
2020-07-10,71.9781,70.5
2020-07-11,71.7762,71.2
2020-07-12,70.4105,70.6
2020-07-13,70.4878,70.9
2020-07-14,71.0,71.3
2020-07-15,70.558,70.0
2020-07-16,70.8879,71.1
2020-07-17,71.1807,71.6
2020-07-18,70.3961,72.1
2020-07-19,71.4787,72.2
2020-07-20,71.7607,72.5
2020-07-21,73.9046,71.7
2020-07-22,73.7319,72.6
2020-07-23,74.1744,73.6
2020-07-24,73.3115,73.7
2020-07-25,72.6673,74.1
2020-07-26,72.8998,74.9
2020-07-27,73.2982,75.6
2020-07-28,74.1596,74.4
2020-07-29,74.2729,74.1
2020-07-30,74.8552,74.9
2020-07-31,73.6798,74.8
2020-08-01,73.6207,75.1
2020-08-02,74.3535,75.6
2020-08-03,74.9751,75.1
2020-08-04,75.1932,76.0
2020-08-05,76.3058,76.8
2020-08-06,75.6664,76.0
2020-08-07,75.3998,76.2
2020-08-08,75.5578,75.4
2020-08-09,75.2555,75.1
2020-08-10,75.1121,74.2
2020-08-11,74.4447,72.6
2020-08-12,74.8467,72.4
2020-08-13,74.3234,72.6
2020-08-14,73.1641,72.5
2020-08-15,72.9602,73.1
2020-08-16,73.0601,72.2
2020-08-17,73.0251,71.6
2020-08-18,73.0864,72.6
2020-08-19,72.5938,71.6
2020-08-20,72.0352,72.1
2020-08-21,72.5632,71.8
2020-08-22,71.9224,72.1
2020-08-23,72.1192,71.9
2020-08-24,72.0621,71.4
2020-08-25,72.0204,71.5
2020-08-26,72.1173,71.6
2020-08-27,71.5816,71.4
2020-08-28,71.6303,70.5
2020-08-29,71.84,70.8
2020-08-30,71.5549,69.5
2020-08-31,70.9762,71.2
2020-09-01,70.9595,70.8
2020-09-02,70.2834,70.3
2020-09-03,71.2271,70.5
2020-09-04,70.8935,71.3
2020-09-05,70.6553,70.9
2020-09-06,70.8109,70.7
2020-09-07,71.2644,70.2
2020-09-08,71.2255,69.6
2020-09-09,70.8536,70.2
2020-09-10,70.5844,70.6
2020-09-11,70.2185,69.7
2020-09-12,70.444,69.6
2020-09-13,70.8117,70.2
2020-09-14,70.6022,70.4
2020-09-15,70.2612,70.6
2020-09-16,70.4919,71.2
2020-09-17,70.7238,70.7
2020-09-18,70.8199,71.9
2020-09-19,71.2827,72.9
2020-09-20,70.9891,73.7
2020-09-21,71.7078,74.1
2020-09-22,72.5076,73.8
2020-09-23,73.2564,72.9
2020-09-24,73.6637,74.4
2020-09-25,73.9292,74.1
2020-09-26,72.9705,73.0
2020-09-27,73.8103,73.5
2020-09-28,73.8446,73.0
2020-09-29,73.1219,72.3
2020-09-30,72.9873,71.9
2020-10-01,72.8965,71.2
2020-10-02,72.6917,72.2
2020-10-03,71.9565,71.6
2020-10-04,71.3041,70.6
2020-10-05,71.6989,71.5
2020-10-06,71.6235,72.9
2020-10-07,70.6382,73.3
2020-10-08,71.4209,72.6
2020-10-09,72.5448,73.4
2020-10-10,72.9285,72.0
2020-10-11,73.0857,74.1
2020-10-12,73.1179,73.4
2020-10-13,72.1022,74.8
2020-10-14,73.593,72.5
2020-10-15,73.8455,75.3
2020-10-16,75.0143,74.2
2020-10-17,73.3993,74.0
2020-10-18,74.4913,73.0
2020-10-19,74.0789,74.2
2020-10-20,73.7306,71.0
2020-10-21,73.0627,71.3
2020-10-22,73.5845,73.3
2020-10-23,72.0155,74.1
2020-10-24,71.5192,81.4
2020-10-25,72.6199,86.4
2020-10-26,73.6018,83.5
2020-10-27,79.8992,78.4
2020-10-28,81.94,75.6
2020-10-29,79.5683,76.1
2020-10-30,76.0373,80.3
2020-10-31,74.5638,81.6
2020-11-01,74.6748,86.6
2020-11-02,77.4591,89.1
2020-11-03,81.9546,92.1
2020-11-04,86.8818,88.9
2020-11-05,90.7035,88.3
2020-11-06,93.7194,88.3
2020-11-07,87.8035,85.1
2020-11-08,85.8539,86.3
2020-11-09,85.0955,83.3
2020-11-10,81.9368,80.7
2020-11-11,82.0499,78.5
2020-11-12,81.5135,76.9
2020-11-13,79.7572,74.9
2020-11-14,77.5568,77.3
2020-11-15,76.1475,75.5
2020-11-16,74.915,74.9
2020-11-17,77.3913,79.7
2020-11-18,77.8107,82.9
2020-11-19,77.6496,85.5
2020-11-20,80.971,93.1
2020-11-21,84.2259,97.9
2020-11-22,87.7792,101.0
2020-11-23,95.6363,103.0
2020-11-24,102.077,103.5
2020-11-25,104.4905,106.6
2020-11-26,105.749,113.1
2020-11-27,101.6317,106.4
2020-11-28,103.8514,101.2
2020-11-29,109.1244,101.9
2020-11-30,101.2499,99.9
2020-12-01,93.8048,93.0
2020-12-02,92.6308,97.0
2020-12-03,91.3355,88.2
2020-12-04,83.6234,86.8
2020-12-05,86.9031,80.0
2020-12-06,84.8759,79.6
2020-12-07,82.2183,79.1
2020-12-08,78.6899,80.8
2020-12-09,78.3722,79.3
2020-12-10,77.9439,78.1
2020-12-11,79.1779,80.4
2020-12-12,79.4554,80.3
2020-12-13,80.0336,79.3
2020-12-14,82.8717,79.1
2020-12-15,83.9289,77.9
2020-12-16,84.3039,79.1
2020-12-17,84.8515,81.1
2020-12-18,84.0731,77.0
2020-12-19,83.5082,83.0
2020-12-20,85.0296,83.6
2020-12-21,81.2083,84.5
2020-12-22,85.7539,84.9
2020-12-23,87.4725,85.0
2020-12-24,89.1676,84.9
2020-12-25,88.0957,84.3
2020-12-26,86.2076,81.4
2020-12-27,85.3137,80.1
2020-12-28,84.1159,78.5
2020-12-29,80.9845,77.7
2020-12-30,78.0612,78.8
2020-12-31,76.8347,77.8
2021-01-01,76.6896,75.0
2021-01-02,76.8784,72.6
2021-01-03,77.8065,71.7
2021-01-04,75.6752,72.2
2021-01-05,73.7781,72.8
2021-01-06,72.3749,71.8
2021-01-07,72.3901,70.7
2021-01-08,73.2754,70.8
2021-01-09,73.3246,70.4
2021-01-10,72.6396,70.8
2021-01-11,72.4281,71.2
2021-01-12,72.8509,71.0
2021-01-13,73.845,75.2
2021-01-14,74.5387,74.8
2021-01-15,75.0606,72.9
2021-01-16,77.2579,75.6
2021-01-17,77.4616,74.7
2021-01-18,75.8287,75.2
2021-01-19,76.624,75.8
2021-01-20,76.3241,75.5
2021-01-21,75.9983,75.2
2021-01-22,76.1112,74.8
2021-01-23,75.7387,73.4
2021-01-24,75.2519,74.0
2021-01-25,74.6718,73.4
2021-01-26,73.4457,73.2
2021-01-27,73.4615,71.6
2021-01-28,72.6697,71.2
2021-01-29,72.8883,70.8
2021-01-30,71.7961,70.2
2021-01-31,71.3166,71.3
2021-02-01,70.8576,71.2
2021-02-02,70.378,71.1
2021-02-03,71.0734,71.0
2021-02-04,71.2099,70.8
2021-02-05,71.2734,71.3
2021-02-06,71.3299,71.0
2021-02-07,71.0702,71.0
2021-02-08,71.5743,70.5
2021-02-09,71.46,71.7
2021-02-10,71.5357,69.6
2021-02-11,71.1441,69.7
2021-02-12,71.9936,68.0
2021-02-13,70.4907,69.1
2021-02-14,70.5724,70.0
2021-02-15,69.5885,70.6
2021-02-16,70.0515,69.9
2021-02-17,70.6862,71.7
2021-02-18,71.092,70.9
2021-02-19,71.2673,73.2
2021-02-20,71.801,74.2
2021-02-21,71.5083,77.6
2021-02-22,72.5473,77.1
2021-02-23,73.3955,78.1
2021-02-24,76.476,76.4
2021-02-25,75.0511,75.7
2021-02-26,75.6193,72.7
2021-02-27,74.3866,73.3
2021-02-28,73.9007,74.4
2021-03-01,72.839,74.1
2021-03-02,73.4337,73.9
2021-03-03,73.8228,74.4
2021-03-04,73.834,76.4
2021-03-05,73.4609,78.7
2021-03-06,73.5839,75.4
2021-03-07,75.3245,75.3
2021-03-08,77.0052,74.6
2021-03-09,75.6717,74.7
2021-03-10,75.1854,75.0
2021-03-11,75.439,74.2
2021-03-12,75.3444,73.1
2021-03-13,74.6123,72.9
2021-03-14,74.2872,72.1
2021-03-15,73.5227,72.5
2021-03-16,73.8478,72.5
2021-03-17,73.6565,74.1
2021-03-18,75.0508,74.6
2021-03-19,73.4893,76.0
2021-03-20,74.2365,76.4
2021-03-21,74.9426,75.3
2021-03-22,76.3546,74.8
2021-03-23,76.6905,74.7
2021-03-24,75.6496,74.7
2021-03-25,74.5923,73.6
2021-03-26,74.5182,73.2
2021-03-27,74.3967,74.5
2021-03-28,73.64,72.4
2021-03-29,73.5184,77.8
2021-03-30,74.3017,71.4
2021-03-31,73.1596,72.2
2021-04-01,76.7224,72.0
2021-04-02,72.6173,71.8
2021-04-03,72.2991,71.3
2021-04-04,71.9325,70.7
2021-04-05,71.6522,70.5
2021-04-06,71.2208,70.8
2021-04-07,70.8937,70.8
2021-04-08,70.8274,72.2
2021-04-09,71.0525,74.5
2021-04-10,71.0362,73.6
2021-04-11,72.1043,74.3
2021-04-12,74.1571,76.0
2021-04-13,73.7124,75.2
2021-04-14,74.3331,75.9
2021-04-15,75.7586,76.4
2021-04-16,76.2924,81.1
2021-04-17,76.0738,83.7
2021-04-18,77.5293,77.7
2021-04-19,79.5451,78.6
2021-04-20,82.4636,76.1
2021-04-21,78.167,77.7
2021-04-22,77.6763,78.7
2021-04-23,75.7215,79.2
2021-04-24,76.5936,79.4
2021-04-25,77.0165,77.9
2021-04-26,77.4335,78.0
2021-04-27,77.0647,74.0
2021-04-28,76.4095,72.7
2021-04-29,76.4833,73.1
2021-04-30,73.8654,72.8
2021-05-01,72.9268,71.8
2021-05-02,73.186,70.7
2021-05-03,73.3484,72.1
2021-05-04,72.8322,75.9
2021-05-05,71.7264,77.4
2021-05-06,72.6017,77.7
2021-05-07,76.77,78.0
2021-05-08,77.8506,77.6
2021-05-09,79.7964,76.3
2021-05-10,80.2615,76.3
2021-05-11,79.1672,72.4
2021-05-12,78.1848,74.9
2021-05-13,77.8951,74.9
2021-05-14,75.1868,76.5
2021-05-15,75.876,78.2
2021-05-16,76.4635,77.7
2021-05-17,77.717,74.0
2021-05-18,79.7082,75.5
2021-05-19,79.3911,77.5
2021-05-20,76.0079,81.0
2021-05-21,74.8694,74.5
2021-05-22,77.0511,85.7
2021-05-23,79.4644,90.3
2021-05-24,75.7782,85.5
2021-05-25,81.8526,79.5
2021-05-26,83.9396,78.1
2021-05-27,79.9544,76.5
2021-05-28,74.7538,84.0
2021-05-29,75.51,77.3
2021-05-30,75.9571,78.5
2021-05-31,81.2686,77.7
2021-06-01,77.1907,79.4
2021-06-02,78.1546,76.6
2021-06-03,77.9109,79.7
2021-06-04,77.9553,83.2
2021-06-05,75.7861,82.3
2021-06-06,77.0109,81.0
2021-06-07,80.4831,75.6
2021-06-08,81.7103,79.7
2021-06-09,81.1398,80.0
2021-06-10,78.3843,80.5
2021-06-11,80.9327,79.3
2021-06-12,81.6181,77.9
2021-06-13,82.465,79.6
2021-06-14,80.7688,87.7
2021-06-15,79.5275,79.5
2021-06-16,79.5382,79.6
2021-06-17,86.6293,78.9
2021-06-18,80.3787,81.7
2021-06-19,80.5694,83.4
2021-06-20,80.1825,82.3
2021-06-21,81.9409,83.3
2021-06-22,81.7287,86.1
2021-06-23,81.1996,85.1
2021-06-24,81.4809,89.9
2021-06-25,84.771,91.6
2021-06-26,85.4135,95.6
2021-06-27,89.7512,97.3
2021-06-28,91.1147,97.2
2021-06-29,94.0803,98.1
2021-06-30,95.3784,96.8
2021-07-01,94.4074,94.1
2021-07-02,94.7384,92.4
2021-07-03,89.8958,86.0
2021-07-04,86.6715,78.6
2021-07-05,84.1593,75.9
2021-07-06,81.5646,76.2
2021-07-07,78.914,76.5
2021-07-08,76.8258,76.0
2021-07-09,76.985,74.0
2021-07-10,77.6803,74.3
2021-07-11,78.0239,74.5
2021-07-12,76.7005,75.9
2021-07-13,76.9901,77.5
2021-07-14,76.6892,80.0
2021-07-15,78.0375,83.0
2021-07-16,81.5432,85.3
2021-07-17,83.9644,89.8
2021-07-18,89.7035,96.5
2021-07-19,91.9136,91.8
2021-07-20,93.2942,90.2
2021-07-21,97.0805,86.5
2021-07-22,93.6538,84.2
2021-07-23,90.0615,83.4
2021-07-24,85.1292,82.1
2021-07-25,82.9969,81.2
2021-07-26,82.1306,78.1
2021-07-27,81.9808,77.8
2021-07-28,80.6907,78.2
2021-07-29,78.7247,77.2
2021-07-30,77.8634,76.8
2021-07-31,78.8868,78.1
2021-08-01,77.2291,72.8
2021-08-02,76.2864,76.5
2021-08-03,78.2739,76.5
2021-08-04,74.957,75.8
2021-08-05,77.4042,75.5
2021-08-06,77.9698,75.0
2021-08-07,78.1459,75.3
2021-08-08,77.3928,75.8
2021-08-09,77.3755,75.6
2021-08-10,77.5844,74.8
2021-08-11,79.1096,74.5
2021-08-12,78.3839,76.5
2021-08-13,77.4052,76.3
2021-08-14,76.8899,75.0
2021-08-15,78.6578,77.1
2021-08-16,78.2475,76.7
2021-08-17,76.8978,79.5
2021-08-18,78.0135,78.9
2021-08-19,78.4649,78.8
2021-08-20,79.7238,79.8
2021-08-21,80.1303,82.6
2021-08-22,79.8157,85.4
2021-08-23,80.6855,90.5
2021-08-24,83.5487,91.3
2021-08-25,83.9036,91.7
2021-08-26,88.3135,90.5
2021-08-27,89.9036,92.4
2021-08-28,89.5491,86.0
2021-08-29,86.7983,85.7
2021-08-30,85.6416,87.3
2021-08-31,81.285,85.3
2021-09-01,80.43,88.0
2021-09-02,81.015,94.9
2021-09-03,81.7039,101.1
2021-09-04,86.8547,102.8
2021-09-05,93.4719,101.9
2021-09-06,100.2511,101.1
2021-09-07,98.1706,97.6
2021-09-08,95.8995,93.0
2021-09-09,94.8866,88.8
2021-09-10,91.2205,84.3
2021-09-11,85.8716,79.0
2021-09-12,83.0946,76.1
2021-09-13,81.8709,74.0
2021-09-14,79.8948,74.1
2021-09-15,78.3953,74.4
2021-09-16,76.2595,75.7
2021-09-17,76.0216,80.7
2021-09-18,77.3513,85.5
2021-09-19,78.4177,89.2
2021-09-20,83.6554,90.2
2021-09-21,89.6975,88.9
2021-09-22,92.0236,88.9
2021-09-23,91.8667,86.7
2021-09-24,91.8449,85.6
2021-09-25,92.4779,89.3
2021-09-26,93.5893,102.0
2021-09-27,90.2411,94.8
2021-09-28,91.6203,90.7
2021-09-29,101.7199,87.1
2021-09-30,94.4795,86.1
2021-10-01,87.4028,83.5
2021-10-02,83.4139,81.7
2021-10-03,83.6836,84.7
2021-10-04,83.1223,85.6
2021-10-05,82.1883,92.2
2021-10-06,84.218,89.8
2021-10-07,83.3995,84.2
2021-10-08,90.6623,88.2
2021-10-09,89.2698,83.1
2021-10-10,84.2984,83.1
2021-10-11,88.0753,83.6
2021-10-12,85.0263,81.2
2021-10-13,83.9714,79.8
2021-10-14,83.4577,77.1
2021-10-15,81.5995,76.2
2021-10-16,80.5261,78.2
2021-10-17,78.5036,77.2
2021-10-18,79.9905,81.6
2021-10-19,81.969,84.8
2021-10-20,81.8246,89.1
2021-10-21,84.2219,92.8
2021-10-22,88.2497,100.6
2021-10-23,93.3989,109.4
2021-10-24,96.3112,110.8
2021-10-25,100.8632,111.3
2021-10-26,110.9925,106.5
2021-10-27,114.7559,108.9
2021-10-28,111.3412,100.2
2021-10-29,104.2689,96.1
2021-10-30,100.123,94.5
2021-10-31,95.4475,90.9
2021-11-01,90.8806,90.8
2021-11-02,87.6847,89.6
2021-11-03,86.2403,85.4
2021-11-04,84.6149,88.2
2021-11-05,86.0121,89.1
2021-11-06,83.7969,89.6
2021-11-07,86.6445,86.9
2021-11-08,86.1042,82.5
2021-11-09,86.7756,82.3
2021-11-10,84.1097,81.9
2021-11-11,82.9677,77.4
2021-11-12,84.4424,79.1
2021-11-13,84.9316,79.0
2021-11-14,80.8039,78.5
2021-11-15,80.6833,77.1
2021-11-16,82.3538,77.0
2021-11-17,81.9823,79.7
2021-11-18,80.2943,77.9
2021-11-19,78.6564,77.5
2021-11-20,81.5849,78.9
2021-11-21,81.4434,84.4
2021-11-22,81.6366,82.7
2021-11-23,81.8995,91.1
2021-11-24,87.1237,90.0
2021-11-25,85.0951,91.0
2021-11-26,91.4874,89.8
2021-11-27,90.6123,87.5
2021-11-28,90.7738,84.0
2021-11-29,86.7916,84.2
2021-11-30,84.0591,82.9
2021-12-01,80.3821,85.6
2021-12-02,80.1838,80.3
2021-12-03,79.8535,77.6
2021-12-04,81.9924,76.6
2021-12-05,79.308,74.6
2021-12-06,77.8338,74.4
2021-12-07,76.8006,73.4
2021-12-08,75.6353,73.9
2021-12-09,75.0489,77.4
2021-12-10,74.8665,78.2
2021-12-11,75.6159,86.2
2021-12-12,78.658,99.3
2021-12-13,81.1879,114.2
2021-12-14,87.8327,117.0
2021-12-15,106.6529,117.4
2021-12-16,119.0072,111.6
2021-12-17,121.5783,118.8
2021-12-18,115.2011,132.2
2021-12-19,107.5247,135.8
2021-12-20,111.3666,125.6
2021-12-21,123.3232,122.1
2021-12-22,127.2659,126.5
2021-12-23,116.2076,121.2
2021-12-24,111.9491,119.9
2021-12-25,111.6805,116.5
2021-12-26,108.1342,107.8
2021-12-27,106.4672,99.0
2021-12-28,103.7876,98.2
2021-12-29,98.083,90.8
2021-12-30,87.4684,86.0
2021-12-31,89.1552,81.3
