t_date,oof_adj,y_adj
1996-02-29,70.0545,70.3
1996-03-01,70.069,70.0
1996-03-02,70.5688,70.0
1996-03-03,70.2261,69.4
1996-03-04,69.7722,68.8
1996-03-05,70.4247,69.9
1996-03-06,71.1805,73.4
1996-03-07,70.628,71.6
1996-03-08,70.5306,70.9
1996-03-09,70.3048,72.1
1996-03-10,70.1136,71.6
1996-03-11,70.46,71.6
1996-03-12,70.4325,71.7
1996-03-13,70.2244,70.3
1996-03-14,69.933,70.1
1996-03-15,69.6757,70.0
1996-03-16,69.5389,68.1
1996-03-17,69.6398,70.6
1996-03-18,69.3059,71.1
1996-03-19,69.6405,70.2
1996-03-20,68.9004,70.0
1996-03-21,69.2939,68.8
1996-03-22,70.3214,68.6
1996-03-23,70.8414,68.6
1996-03-24,70.3495,69.3
1996-03-25,70.0885,69.1
1996-03-26,70.0684,68.8
1996-03-27,70.2595,68.7
1996-03-28,70.1377,69.3
1996-03-29,70.2504,69.1
1996-03-30,70.0199,68.5
1996-03-31,69.9574,68.8
1996-04-01,70.3902,69.9
1996-04-02,71.404,70.8
1996-04-03,71.0204,71.2
1996-04-04,70.6264,72.3
1996-04-05,70.8753,74.8
1996-04-06,70.4403,73.2
1996-04-07,70.3945,71.9
1996-04-08,70.287,69.5
1996-04-09,69.8273,68.7
1996-04-10,69.7142,69.1
1996-04-11,69.6617,69.2
1996-04-12,69.2308,68.6
1996-04-13,70.0517,69.5
1996-04-14,70.1204,69.6
1996-04-15,69.8897,68.9
1996-04-16,69.7883,69.0
1996-04-17,69.5909,69.5
1996-04-18,69.5359,70.6
1996-04-19,69.5576,72.0
1996-04-20,69.9516,76.0
1996-04-21,70.2278,76.3
1996-04-22,70.0594,77.5
1996-04-23,69.953,77.7
1996-04-24,69.8327,79.1
1996-04-25,69.531,78.0
1996-04-26,69.5476,75.1
1996-04-27,69.6928,74.3
1996-04-28,69.9127,73.4
1996-04-29,70.3894,72.5
1996-04-30,70.6322,72.6
1996-05-01,70.7564,72.9
1996-05-02,71.2946,72.0
1996-05-03,70.8741,70.4
1996-05-04,70.5293,69.6
1996-05-05,69.8793,68.5
1996-05-06,69.9655,68.1
1996-05-07,70.3693,68.9
1996-05-08,70.4853,69.0
1996-05-09,70.6826,68.7
1996-05-10,71.0497,68.7
1996-05-11,71.0254,68.4
1996-05-12,70.8584,67.8
1996-05-13,70.8465,68.3
1996-05-14,70.7404,68.4
1996-05-15,70.9627,69.9
1996-05-16,71.2814,70.8
1996-05-17,72.3609,70.7
1996-05-18,72.4511,71.3
1996-05-19,72.7289,71.6
1996-05-20,72.8496,73.0
1996-05-21,72.9769,73.9
1996-05-22,72.7185,75.9
1996-05-23,71.984,72.9
1996-05-24,71.9306,72.4
1996-05-25,71.9813,71.5
1996-05-26,71.7114,70.6
1996-05-27,71.6924,69.7
1996-05-28,71.5248,70.7
1996-05-29,71.0443,70.1
1996-05-30,70.5148,69.5
1996-05-31,70.2742,69.6
1996-06-01,69.9469,69.8
1996-06-02,69.7682,69.9
1996-06-03,69.8049,70.7
1996-06-04,69.8979,71.9
1996-06-05,69.886,72.7
1996-06-06,69.9974,72.6
1996-06-07,70.2781,72.0
1996-06-08,69.879,75.2
1996-06-09,70.0622,74.7
1996-06-10,70.0526,74.5
1996-06-11,70.3374,74.0
1996-06-12,70.7176,74.2
1996-06-13,70.7459,73.7
1996-06-14,70.9831,73.6
1996-06-15,71.052,73.3
1996-06-16,71.4255,72.8
1996-06-17,71.7262,71.3
1996-06-18,72.4334,71.5
1996-06-19,71.7514,71.0
1996-06-20,71.724,70.5
1996-06-21,71.412,74.3
1996-06-22,71.2511,84.3
1996-06-23,70.9779,86.5
1996-06-24,71.3387,82.5
1996-06-25,71.258,79.6
1996-06-26,71.0842,76.2
1996-06-27,71.2228,72.5
1996-06-28,71.4058,70.0
1996-06-29,71.636,69.3
1996-06-30,71.9283,69.1
1996-07-01,72.0934,69.0
1996-07-02,72.1205,67.0
1996-07-03,72.0418,68.3
1996-07-04,71.8484,67.5
1996-07-05,72.5045,67.2
1996-07-06,72.3635,68.2
1996-07-07,72.6602,68.9
1996-07-08,73.6677,68.3
1996-07-09,74.4058,70.4
1996-07-10,74.3055,72.4
1996-07-11,74.3661,75.6
1996-07-12,74.203,77.8
1996-07-13,73.5685,80.3
1996-07-14,72.939,82.3
1996-07-15,72.8141,82.7
1996-07-16,72.8925,82.8
1996-07-17,72.753,81.9
1996-07-18,73.4722,81.6
1996-07-19,76.0714,79.9
1996-07-20,76.2648,76.2
1996-07-21,74.5494,75.1
1996-07-22,73.4728,73.7
1996-07-23,72.5701,71.7
1996-07-24,71.5386,72.1
1996-07-25,71.032,73.6
1996-07-26,70.8808,74.8
1996-07-27,71.1506,72.0
1996-07-28,71.0852,71.4
1996-07-29,70.7283,70.5
1996-07-30,71.2061,69.3
1996-07-31,71.1792,69.3
1996-08-01,71.2778,69.5
1996-08-02,71.6858,68.4
1996-08-03,71.8669,69.3
1996-08-04,71.7423,70.1
1996-08-05,72.1587,71.3
1996-08-06,72.7213,74.5
1996-08-07,73.5842,75.8
1996-08-08,74.026,76.2
1996-08-09,74.8465,76.3
1996-08-10,75.4086,75.8
1996-08-11,76.1292,75.9
1996-08-12,76.0341,74.7
1996-08-13,75.887,75.0
1996-08-14,75.7384,74.7
1996-08-15,74.896,77.6
1996-08-16,73.9186,74.8
1996-08-17,73.5919,73.6
1996-08-18,73.1965,72.4
1996-08-19,72.6961,72.0
1996-08-20,72.293,71.4
1996-08-21,72.7938,70.8
1996-08-22,73.2763,70.5
1996-08-23,72.4278,69.2
1996-08-24,72.6178,68.8
1996-08-25,72.4324,68.9
1996-08-26,71.9201,68.5
1996-08-27,71.9888,68.6
1996-08-28,72.026,68.1
1996-08-29,71.8304,67.9
1996-08-30,71.8917,67.1
1996-08-31,72.5849,68.7
1996-09-01,73.0075,69.6
1996-09-02,73.6658,69.6
1996-09-03,74.0328,69.8
1996-09-04,73.7698,69.7
1996-09-05,73.4977,70.3
1996-09-06,73.3334,69.1
1996-09-07,73.4284,70.4
1996-09-08,72.9912,70.4
1996-09-09,72.9705,71.2
1996-09-10,72.9919,70.4
1996-09-11,73.8435,70.1
1996-09-12,73.0924,71.2
1996-09-13,72.6531,70.3
1996-09-14,72.3083,69.7
1996-09-15,72.1178,69.6
1996-09-16,72.242,69.8
1996-09-17,72.0448,69.6
1996-09-18,71.7505,69.4
1996-09-19,71.4045,68.5
1996-09-20,71.284,68.8
1996-09-21,71.2969,68.2
1996-09-22,71.1496,67.7
1996-09-23,71.2797,67.7
1996-09-24,71.097,67.4
1996-09-25,70.9733,66.4
1996-09-26,70.4482,66.9
1996-09-27,70.7025,67.3
1996-09-28,70.9197,68.2
1996-09-29,70.7017,68.6
1996-09-30,70.8009,68.1
1996-10-01,70.6694,68.0
1996-10-02,70.8069,69.0
1996-10-03,70.5073,70.4
1996-10-04,70.8315,70.6
1996-10-05,70.7586,69.0
1996-10-06,70.8036,69.1
1996-10-07,70.6323,69.1
1996-10-08,70.4222,69.1
1996-10-09,70.7558,69.1
1996-10-10,70.4244,70.3
1996-10-11,70.1021,71.2
1996-10-12,70.0554,67.5
1996-10-13,70.1268,69.4
1996-10-14,70.0704,69.7
1996-10-15,70.0356,68.6
1996-10-16,69.642,68.5
1996-10-17,69.5443,67.9
1996-10-18,69.5213,68.3
1996-10-19,69.6317,67.8
1996-10-20,69.6505,67.1
1996-10-21,69.3819,68.0
1996-10-22,69.0558,67.3
1996-10-23,69.0932,67.8
1996-10-24,69.1865,68.9
1996-10-25,69.4511,69.6
1996-10-26,69.6491,70.0
1996-10-27,69.6687,70.7
1996-10-28,69.2528,71.5
1996-10-29,69.7082,72.1
1996-10-30,70.1195,71.9
1996-10-31,70.09,72.2
1996-11-01,69.6713,70.4
1996-11-02,69.4079,72.4
1996-11-03,69.3316,72.6
1996-11-04,69.1633,72.7
1996-11-05,69.1134,72.6
1996-11-06,69.4854,80.6
1996-11-07,69.6079,88.7
1996-11-08,68.6879,97.3
1996-11-09,69.2749,101.7
1996-11-10,69.5099,100.8
1996-11-11,69.2917,100.0
1996-11-12,69.2046,95.4
1996-11-13,69.0794,88.5
1996-11-14,69.1459,85.1
1996-11-15,68.977,80.8
1996-11-16,68.7338,75.7
1996-11-17,68.8149,70.7
1996-11-18,68.6732,68.6
1996-11-19,68.8846,67.6
1996-11-20,69.3004,67.6
1996-11-21,69.6954,67.1
1996-11-22,70.5377,66.6
1996-11-23,71.3652,71.5
1996-11-24,72.2232,70.2
1996-11-25,73.0986,75.2
1996-11-26,73.3473,78.6
1996-11-27,73.9139,79.2
1996-11-28,73.9351,80.0
1996-11-29,74.2892,82.3
1996-11-30,74.8488,83.5
1996-12-01,75.056,83.6
1996-12-02,75.6463,85.6
1996-12-03,77.8209,84.6
1996-12-04,79.6236,80.3
1996-12-05,81.7004,80.9
1996-12-06,82.3034,78.9
1996-12-07,81.51,76.9
1996-12-08,81.1516,76.4
1996-12-09,80.0173,74.7
1996-12-10,77.5723,73.0
1996-12-11,77.1494,72.2
1996-12-12,76.5777,71.8
1996-12-13,74.6953,71.4
1996-12-14,73.3464,70.1
1996-12-15,72.4953,69.8
1996-12-16,72.2453,70.0
1996-12-17,71.9204,69.7
1996-12-18,72.146,70.8
1996-12-19,71.8882,71.4
1996-12-20,73.0582,71.9
1996-12-21,72.8817,70.6
1996-12-22,74.1824,70.9
1996-12-23,75.6164,71.3
1996-12-24,75.7388,71.3
1996-12-25,76.1846,72.9
1996-12-26,76.666,71.6
1996-12-27,77.1351,72.1
1996-12-28,76.7179,72.1
1996-12-29,77.3566,72.4
1996-12-30,77.2265,73.3
1996-12-31,76.389,72.4
1997-01-01,76.895,71.7
1997-01-02,76.4401,72.2
1997-01-03,75.8604,72.9
1997-01-04,75.8802,74.3
1997-01-05,75.0528,71.8
1997-01-06,74.3223,70.7
1997-01-07,73.9008,71.1
1997-01-08,73.5547,71.9
1997-01-09,73.0734,70.9
1997-01-10,72.4212,71.9
1997-01-11,72.1289,71.3
1997-01-12,72.2161,70.8
1997-01-13,72.1419,72.4
1997-01-14,72.3534,71.5
1997-01-15,72.7692,70.3
1997-01-16,73.1867,69.2
1997-01-17,73.0741,76.2
1997-01-18,72.9065,77.4
1997-01-19,73.0226,78.4
1997-01-20,73.0466,73.3
1997-01-21,73.2011,72.2
1997-01-22,72.7702,73.7
1997-01-23,72.696,73.2
1997-01-24,72.8682,71.2
1997-01-25,73.001,70.4
1997-01-26,73.2594,69.3
1997-01-27,73.3091,69.1
1997-01-28,73.2402,69.3
1997-01-29,73.4864,69.6
1997-01-30,73.6437,70.1
1997-01-31,74.1203,70.3
1997-02-01,73.622,71.4
1997-02-02,73.7459,71.2
1997-02-03,74.2605,70.4
1997-02-04,74.6664,71.0
1997-02-05,74.1921,71.6
1997-02-06,74.2258,71.9
1997-02-07,74.2238,73.0
1997-02-08,73.9915,73.1
1997-02-09,74.2403,72.6
1997-02-10,73.9119,72.4
1997-02-11,73.2896,72.4
1997-02-12,72.8674,71.5
1997-02-13,74.4715,72.9
1997-02-14,74.6956,71.1
1997-02-15,74.9097,72.8
1997-02-16,73.4122,72.8
1997-02-17,72.6004,73.4
1997-02-18,72.9559,74.2
1997-02-19,72.7833,73.1
1997-02-20,71.9882,73.6
1997-02-21,71.7186,74.1
1997-02-22,71.2728,73.8
1997-02-23,71.3586,73.4
1997-02-24,71.4895,73.4
1997-02-25,71.5717,73.3
1997-02-26,71.5654,74.7
1997-02-27,71.4931,75.0
1997-02-28,71.6673,75.0
1997-03-01,71.7488,74.4
1997-03-02,71.4073,73.7
1997-03-03,71.4813,73.1
1997-03-04,71.6163,71.0
1997-03-05,71.8633,70.0
1997-03-06,72.4037,70.1
1997-03-07,72.6222,70.3
1997-03-08,72.767,70.6
1997-03-09,72.9093,70.2
1997-03-10,73.0337,69.5
1997-03-11,72.6961,71.9
1997-03-12,73.2823,72.9
1997-03-13,72.7367,75.1
1997-03-14,73.1593,73.8
1997-03-15,73.3272,74.6
1997-03-16,73.6433,76.2
1997-03-17,73.7957,80.4
1997-03-18,73.5949,78.8
1997-03-19,73.6726,78.6
1997-03-20,73.3997,80.3
1997-03-21,73.0774,78.3
1997-03-22,72.7398,77.0
1997-03-23,72.7314,76.3
1997-03-24,72.9654,78.3
1997-03-25,73.2292,78.0
1997-03-26,73.3625,77.4
1997-03-27,73.4753,76.9
1997-03-28,73.4322,79.3
1997-03-29,73.5925,77.9
1997-03-30,73.3812,79.2
1997-03-31,72.9865,75.6
1997-04-01,72.6127,72.3
1997-04-02,73.0301,70.7
1997-04-03,72.9953,70.6
1997-04-04,73.0092,70.4
1997-04-05,73.0032,70.9
1997-04-06,72.7089,71.5
1997-04-07,73.3262,69.7
1997-04-08,73.7435,70.7
1997-04-09,74.4517,69.6
1997-04-10,74.0942,71.8
1997-04-11,74.5137,74.1
1997-04-12,75.1977,73.4
1997-04-13,76.6421,72.9
1997-04-14,76.6553,73.7
1997-04-15,76.9352,73.4
1997-04-16,77.3614,73.3
1997-04-17,76.3751,72.3
1997-04-18,75.8176,72.1
1997-04-19,75.6056,73.6
1997-04-20,75.9013,73.4
1997-04-21,76.051,73.3
1997-04-22,75.6681,73.3
1997-04-23,75.5209,73.0
1997-04-24,75.8343,74.8
1997-04-25,75.0666,73.8
1997-04-26,75.5148,73.7
1997-04-27,74.8089,75.4
1997-04-28,73.7164,75.1
1997-04-29,73.2358,74.7
1997-04-30,72.8323,73.9
1997-05-01,72.6654,74.4
1997-05-02,72.6214,75.8
1997-05-03,72.6688,76.0
1997-05-04,72.1119,81.1
1997-05-05,72.1621,86.9
1997-05-06,72.1076,83.0
1997-05-07,72.6274,78.1
1997-05-08,73.2498,78.9
1997-05-09,72.9039,80.1
1997-05-10,73.0452,82.0
1997-05-11,73.2903,80.4
1997-05-12,73.271,79.5
1997-05-13,73.5309,77.6
1997-05-14,73.2048,77.2
1997-05-15,73.4161,74.5
1997-05-16,74.2734,79.6
1997-05-17,74.2466,79.1
1997-05-18,74.4062,77.4
1997-05-19,74.7852,76.1
1997-05-20,75.3205,76.1
1997-05-21,76.4128,76.4
1997-05-22,76.1657,76.9
1997-05-23,75.6983,75.4
1997-05-24,76.227,75.3
1997-05-25,76.105,74.2
1997-05-26,76.1261,73.0
1997-05-27,75.9429,71.8
1997-05-28,76.2788,72.3
1997-05-29,76.6509,72.9
1997-05-30,76.8947,73.0
1997-05-31,78.2838,74.4
1997-06-01,80.1597,71.8
1997-06-02,79.3956,73.5
1997-06-03,78.0577,72.4
1997-06-04,78.3297,72.5
1997-06-05,78.4137,69.8
1997-06-06,78.9758,71.8
1997-06-07,78.6407,71.3
1997-06-08,78.2455,72.2
1997-06-09,77.7359,74.1
1997-06-10,77.2947,74.2
1997-06-11,75.6839,74.1
1997-06-12,77.0189,73.6
1997-06-13,76.6758,72.6
1997-06-14,76.1981,72.1
1997-06-15,75.7362,72.4
1997-06-16,76.0756,72.4
1997-06-17,75.6435,71.4
1997-06-18,75.8522,72.0
1997-06-19,75.2904,72.0
1997-06-20,75.3741,70.6
1997-06-21,74.7251,72.6
1997-06-22,74.3471,72.1
1997-06-23,74.0005,72.3
1997-06-24,74.0934,70.8
1997-06-25,74.5497,70.9
1997-06-26,74.7585,69.6
1997-06-27,74.8988,69.3
1997-06-28,74.2296,70.3
1997-06-29,74.4608,71.5
1997-06-30,73.9645,71.9
1997-07-01,73.7918,72.2
1997-07-02,73.0014,72.3
1997-07-03,73.4247,72.8
1997-07-04,73.3088,73.5
1997-07-05,73.5656,73.6
1997-07-06,73.9002,74.5
1997-07-07,74.473,78.1
1997-07-08,74.2936,81.2
1997-07-09,74.4063,83.0
1997-07-10,74.1833,79.0
1997-07-11,73.9308,76.8
1997-07-12,73.9424,76.5
1997-07-13,73.7396,75.0
1997-07-14,73.3598,73.2
1997-07-15,73.6663,72.5
1997-07-16,73.7137,73.2
1997-07-17,73.3181,72.9
1997-07-18,73.6106,74.3
1997-07-19,73.5165,74.9
1997-07-20,73.6462,76.9
1997-07-21,73.2808,79.0
1997-07-22,73.5122,80.1
1997-07-23,73.5442,79.9
1997-07-24,73.7427,80.3
1997-07-25,74.5257,80.4
1997-07-26,74.4118,81.6
1997-07-27,74.4869,83.0
1997-07-28,74.5315,84.2
1997-07-29,74.293,81.6
1997-07-30,74.3605,79.6
1997-07-31,74.3011,79.8
1997-08-01,74.3234,77.4
1997-08-02,74.4992,77.7
1997-08-03,76.3056,76.1
1997-08-04,77.3131,76.3
1997-08-05,77.8516,76.3
1997-08-06,77.1734,77.2
1997-08-07,77.1668,78.2
1997-08-08,77.0935,79.4
1997-08-09,76.4598,83.7
1997-08-10,75.72,85.5
1997-08-11,75.5279,83.5
1997-08-12,75.8926,92.3
1997-08-13,76.2545,93.3
1997-08-14,76.6609,93.8
1997-08-15,76.7454,98.2
1997-08-16,77.4167,95.1
1997-08-17,77.8355,93.3
1997-08-18,78.0577,94.7
1997-08-19,77.9229,94.6
1997-08-20,78.0006,97.6
1997-08-21,77.8506,99.1
1997-08-22,78.2708,103.6
1997-08-23,78.6222,109.3
1997-08-24,79.2643,117.7
1997-08-25,78.7898,116.4
1997-08-26,78.3113,110.0
1997-08-27,78.3487,110.3
1997-08-28,78.4528,108.9
1997-08-29,78.4893,103.7
1997-08-30,78.0051,99.1
1997-08-31,78.7732,96.4
1997-09-01,78.9659,94.0
1997-09-02,79.7254,89.0
1997-09-03,80.8004,89.1
1997-09-04,80.7797,88.4
1997-09-05,82.2345,85.8
1997-09-06,83.4081,89.6
1997-09-07,83.5762,92.3
1997-09-08,86.2855,93.5
1997-09-09,87.1627,88.9
1997-09-10,87.6932,89.5
1997-09-11,88.9639,88.8
1997-09-12,88.9626,87.5
1997-09-13,88.4961,90.0
1997-09-14,89.0924,87.9
1997-09-15,89.7889,87.3
1997-09-16,90.7863,86.0
1997-09-17,91.8226,85.8
1997-09-18,93.2479,83.4
1997-09-19,94.4317,84.3
1997-09-20,96.862,83.6
1997-09-21,96.1184,83.4
1997-09-22,94.4405,82.7
1997-09-23,94.8537,83.3
1997-09-24,95.0004,84.0
1997-09-25,92.9309,85.8
1997-09-26,91.1562,88.3
1997-09-27,90.822,87.8
1997-09-28,89.5881,84.3
1997-09-29,88.5468,86.4
1997-09-30,88.2088,86.9
1997-10-01,87.4213,87.5
1997-10-02,86.9885,85.9
1997-10-03,87.6362,84.0
1997-10-04,88.4109,82.1
1997-10-05,88.1467,84.2
1997-10-06,86.8282,79.9
1997-10-07,87.1189,78.8
1997-10-08,87.0454,77.7
1997-10-09,86.8502,80.5
1997-10-10,87.9347,81.0
1997-10-11,87.3823,83.3
1997-10-12,88.0733,84.4
1997-10-13,88.8285,86.0
1997-10-14,88.7257,86.9
1997-10-15,88.9153,89.2
1997-10-16,88.9409,91.6
1997-10-17,88.5782,96.2
1997-10-18,88.5056,108.0
1997-10-19,87.9873,115.9
1997-10-20,88.238,111.9
1997-10-21,87.7478,103.5
1997-10-22,88.7796,92.7
1997-10-23,88.9442,87.9
1997-10-24,88.3009,84.8
1997-10-25,88.2815,87.6
1997-10-26,88.5922,89.6
1997-10-27,88.3521,85.4
1997-10-28,88.2768,88.2
1997-10-29,87.0618,91.0
1997-10-30,86.2107,94.1
1997-10-31,85.8939,94.1
1997-11-01,86.4046,92.0
1997-11-02,85.3878,89.4
1997-11-03,85.6593,96.8
1997-11-04,85.8797,86.5
1997-11-05,86.8576,93.6
1997-11-06,87.9308,97.7
1997-11-07,88.1766,97.3
1997-11-08,88.2623,100.6
1997-11-09,88.7358,99.4
1997-11-10,88.8914,105.2
1997-11-11,89.6636,108.2
1997-11-12,90.2043,113.2
1997-11-13,91.8185,109.0
1997-11-14,95.5003,109.3
1997-11-15,97.8461,113.7
1997-11-16,96.6948,109.0
1997-11-17,93.9677,109.0
1997-11-18,90.8277,104.2
1997-11-19,89.9677,100.7
1997-11-20,88.6338,105.6
1997-11-21,89.4101,96.0
1997-11-22,90.2847,95.1
1997-11-23,89.124,93.8
1997-11-24,90.2521,92.2
1997-11-25,91.0612,93.4
1997-11-26,91.9816,89.6
1997-11-27,91.7989,86.5
1997-11-28,91.3041,87.1
1997-11-29,90.6594,86.3
1997-11-30,92.0157,82.0
1997-12-01,89.7411,82.9
1997-12-02,91.5412,83.5
1997-12-03,93.1891,86.8
1997-12-04,92.8484,86.7
1997-12-05,94.2013,89.0
1997-12-06,94.5357,85.5
1997-12-07,96.0004,100.7
1997-12-08,96.9869,104.3
1997-12-09,98.5869,101.3
1997-12-10,97.6377,101.3
1997-12-11,97.8464,92.7
1997-12-12,98.9993,98.7
1997-12-13,97.6954,101.0
1997-12-14,97.9151,101.0
1997-12-15,96.4693,101.1
1997-12-16,95.486,98.3
1997-12-17,96.7309,97.6
1997-12-18,92.961,97.7
1997-12-19,92.3138,87.7
1997-12-20,91.672,86.3
1997-12-21,91.2042,84.1
1997-12-22,91.3865,82.1
1997-12-23,91.4144,79.5
1997-12-24,91.3578,78.9
1997-12-25,90.2982,78.0
1997-12-26,90.2323,82.0
1997-12-27,88.9583,92.7
1997-12-28,88.9788,87.5
1997-12-29,89.4859,90.8
1997-12-30,90.7599,94.6
1997-12-31,91.1484,94.4
1998-01-01,91.9989,93.1
1998-01-02,91.344,92.0
1998-01-03,96.3105,90.5
1998-01-04,96.9041,88.5
1998-01-05,95.5757,88.0
1998-01-06,95.358,90.1
1998-01-07,92.9944,93.9
1998-01-08,94.044,94.5
1998-01-09,94.5141,105.0
1998-01-10,94.3741,96.9
1998-01-11,94.8476,97.7
1998-01-12,94.6135,93.7
1998-01-13,94.9633,90.9
1998-01-14,94.6053,88.4
1998-01-15,91.744,86.8
1998-01-16,90.4132,88.1
1998-01-17,89.922,86.5
1998-01-18,88.8377,86.3
1998-01-19,88.376,86.6
1998-01-20,88.3545,83.1
1998-01-21,88.2436,81.8
1998-01-22,89.2399,80.8
1998-01-23,92.7062,81.3
1998-01-24,91.5221,81.5
1998-01-25,92.9546,81.5
1998-01-26,93.9199,84.0
1998-01-27,93.7602,88.3
1998-01-28,93.2227,92.3
1998-01-29,92.2746,102.3
1998-01-30,91.5455,104.7
1998-01-31,91.0262,104.2
1998-02-01,91.3076,102.4
1998-02-02,92.2454,100.9
1998-02-03,92.8596,96.3
1998-02-04,93.3522,93.6
1998-02-05,95.9366,92.8
1998-02-06,93.9061,93.5
1998-02-07,93.7901,97.3
1998-02-08,92.748,96.6
1998-02-09,92.7909,92.9
1998-02-10,92.0016,90.9
1998-02-11,91.3986,88.6
1998-02-12,91.4177,92.3
1998-02-13,90.617,96.5
1998-02-14,90.3409,95.1
1998-02-15,90.5892,95.0
1998-02-16,89.2265,100.0
1998-02-17,88.4801,95.1
1998-02-18,87.7287,90.3
1998-02-19,87.2104,90.5
1998-02-20,86.7596,89.9
1998-02-21,87.1332,88.7
1998-02-22,87.9066,95.0
1998-02-23,89.5003,99.4
1998-02-24,91.0672,100.3
1998-02-25,93.8055,103.7
1998-02-26,94.6133,118.2
1998-02-27,94.941,131.6
1998-02-28,95.0956,122.6
1998-03-01,95.4346,124.3
1998-03-02,94.3326,125.9
1998-03-03,94.3174,123.5
1998-03-04,94.3298,125.5
1998-03-05,93.9512,124.9
1998-03-06,95.04,126.8
1998-03-07,95.3315,121.3
1998-03-08,93.8844,119.9
1998-03-09,93.0586,114.4
1998-03-10,92.5252,109.5
1998-03-11,94.5212,110.0
1998-03-12,95.3128,103.6
1998-03-13,94.9622,100.0
1998-03-14,95.8836,107.2
1998-03-15,97.7462,107.9
1998-03-16,96.1332,105.6
1998-03-17,94.7942,103.4
1998-03-18,95.1459,103.6
1998-03-19,95.3024,110.2
1998-03-20,95.3564,126.4
1998-03-21,97.3459,133.7
1998-03-22,98.8195,135.5
1998-03-23,99.1957,141.0
1998-03-24,100.8912,140.2
1998-03-25,105.5101,130.2
1998-03-26,109.6876,128.8
1998-03-27,108.3531,117.6
1998-03-28,110.0565,115.5
1998-03-29,112.2826,112.6
1998-03-30,112.5998,113.5
1998-03-31,113.512,107.2
1998-04-01,112.9737,102.1
1998-04-02,113.9523,99.4
1998-04-03,112.207,96.7
1998-04-04,111.7484,98.7
1998-04-05,109.7841,92.9
1998-04-06,107.2836,88.5
1998-04-07,106.1763,91.3
1998-04-08,104.5057,91.7
1998-04-09,102.9119,93.0
1998-04-10,104.1062,91.8
1998-04-11,104.6272,92.6
1998-04-12,104.2476,99.8
1998-04-13,104.1568,99.1
1998-04-14,104.5422,104.1
1998-04-15,107.99,115.1
1998-04-16,112.6187,118.8
1998-04-17,114.8202,119.3
1998-04-18,115.4604,123.2
1998-04-19,116.8214,135.7
1998-04-20,116.9669,132.4
1998-04-21,114.4052,125.6
1998-04-22,113.322,120.2
1998-04-23,110.5451,112.8
1998-04-24,110.4215,109.3
1998-04-25,109.5012,110.2
1998-04-26,109.1438,114.4
1998-04-27,107.0389,119.1
1998-04-28,105.577,119.8
1998-04-29,104.3185,118.6
1998-04-30,103.6584,120.4
1998-05-01,104.6614,113.0
1998-05-02,102.6559,104.6
1998-05-03,100.6919,101.5
1998-05-04,101.987,94.1
1998-05-05,102.7345,91.2
1998-05-06,102.7028,89.6
1998-05-07,103.1237,92.6
1998-05-08,104.2139,98.0
1998-05-09,105.7522,94.7
1998-05-10,105.6434,94.9
1998-05-11,107.3825,96.6
1998-05-12,110.2829,101.1
1998-05-13,112.6135,97.6
1998-05-14,112.5842,98.8
1998-05-15,114.216,96.8
1998-05-16,117.7798,103.0
1998-05-17,117.9134,107.7
1998-05-18,117.0548,116.4
1998-05-19,116.0739,115.0
1998-05-20,113.6646,118.4
1998-05-21,111.6105,118.5
1998-05-22,111.7856,116.4
1998-05-23,112.5739,120.5
1998-05-24,113.3257,115.7
1998-05-25,112.0485,115.3
1998-05-26,111.9161,115.8
1998-05-27,111.6528,115.7
1998-05-28,109.6561,113.9
1998-05-29,107.4511,105.1
1998-05-30,106.8276,103.6
1998-05-31,104.8071,107.3
1998-06-01,104.1176,103.9
1998-06-02,103.9636,103.3
1998-06-03,104.3956,101.8
1998-06-04,104.6305,104.4
1998-06-05,103.3961,105.4
1998-06-06,102.9751,103.8
1998-06-07,103.6378,98.9
1998-06-08,104.1386,108.8
1998-06-09,103.1922,109.7
1998-06-10,104.0013,112.8
1998-06-11,104.2541,119.1
1998-06-12,106.8368,126.1
1998-06-13,108.5079,123.3
1998-06-14,111.0918,125.0
1998-06-15,111.7022,131.1
1998-06-16,113.7633,124.4
1998-06-17,113.5422,131.9
1998-06-18,113.4078,133.5
1998-06-19,114.4888,127.6
1998-06-20,112.9345,125.2
1998-06-21,112.5819,118.5
1998-06-22,112.1491,116.2
1998-06-23,112.1044,118.2
1998-06-24,111.8626,112.9
1998-06-25,109.1187,111.3
1998-06-26,108.1749,102.6
1998-06-27,109.4537,109.7
1998-06-28,108.2758,106.3
1998-06-29,107.1778,108.2
1998-06-30,105.9623,109.7
1998-07-01,106.3949,103.6
1998-07-02,106.6199,102.4
1998-07-03,106.3576,105.2
1998-07-04,105.2877,115.4
1998-07-05,107.6036,113.9
1998-07-06,108.8573,117.8
1998-07-07,110.5347,119.1
1998-07-08,112.5999,129.2
1998-07-09,115.3405,125.5
1998-07-10,115.4134,122.8
1998-07-11,116.4194,123.2
1998-07-12,118.3457,125.1
1998-07-13,117.5802,123.1
1998-07-14,119.958,118.3
1998-07-15,120.7016,117.2
1998-07-16,119.5975,115.4
1998-07-17,118.902,112.9
1998-07-18,116.6343,111.7
1998-07-19,115.6715,119.2
1998-07-20,116.2438,130.5
1998-07-21,114.2934,142.2
1998-07-22,113.3962,149.1
1998-07-23,110.9393,150.9
1998-07-24,112.8991,158.3
1998-07-25,111.4874,153.3
1998-07-26,111.9389,154.1
1998-07-27,113.3612,150.9
1998-07-28,111.494,140.4
1998-07-29,110.8175,140.6
1998-07-30,111.7489,136.8
1998-07-31,115.174,143.3
1998-08-01,115.8037,139.7
1998-08-02,116.4054,136.8
1998-08-03,117.1318,137.9
1998-08-04,119.9281,141.9
1998-08-05,120.5609,135.2
1998-08-06,121.6002,135.9
1998-08-07,123.1189,129.3
1998-08-08,124.4609,126.0
1998-08-09,124.328,124.8
1998-08-10,123.5253,129.6
1998-08-11,123.0884,137.8
1998-08-12,123.1611,142.0
1998-08-13,123.0546,149.4
1998-08-14,123.8521,166.4
1998-08-15,126.2872,181.8
1998-08-16,130.0608,180.2
1998-08-17,135.0956,166.3
1998-08-18,137.6595,165.5
1998-08-19,136.8599,157.3
1998-08-20,140.1211,156.8
1998-08-21,138.0876,167.1
1998-08-22,138.4322,153.5
1998-08-23,136.1241,155.8
1998-08-24,132.2557,147.4
1998-08-25,131.4072,143.6
1998-08-26,130.6308,140.4
1998-08-27,132.7641,136.6
1998-08-28,132.1156,132.3
1998-08-29,131.8669,123.3
1998-08-30,132.8335,118.6
1998-08-31,135.6615,119.9
1998-09-01,134.4671,118.6
1998-09-02,135.7315,123.7
1998-09-03,135.3402,128.0
1998-09-04,134.9772,133.3
1998-09-05,133.4789,139.4
1998-09-06,135.4899,142.1
1998-09-07,136.8651,144.1
1998-09-08,139.7923,136.2
1998-09-09,142.9689,139.2
1998-09-10,148.425,136.2
1998-09-11,152.5887,128.0
1998-09-12,153.4921,123.0
1998-09-13,151.0699,116.3
1998-09-14,150.8401,121.8
1998-09-15,147.5191,119.1
1998-09-16,145.7429,112.9
1998-09-17,146.9992,112.0
1998-09-18,143.142,114.9
1998-09-19,142.0801,117.1
1998-09-20,137.5359,116.9
1998-09-21,136.4055,124.1
1998-09-22,135.3359,123.8
1998-09-23,134.3652,123.2
1998-09-24,132.8417,120.3
1998-09-25,129.8388,118.5
1998-09-26,128.3225,113.4
1998-09-27,129.0297,117.5
1998-09-28,128.6207,118.4
1998-09-29,129.4802,130.4
1998-09-30,130.2656,130.1
1998-10-01,131.2964,134.4
1998-10-02,132.2074,125.0
1998-10-03,133.3498,116.8
1998-10-04,134.1778,120.2
1998-10-05,132.7125,117.2
1998-10-06,134.0673,113.8
1998-10-07,133.942,111.4
1998-10-08,130.9338,109.6
1998-10-09,129.0905,106.3
1998-10-10,126.8511,102.8
1998-10-11,128.7672,101.8
1998-10-12,127.791,106.4
1998-10-13,126.3904,108.0
1998-10-14,125.7026,109.9
1998-10-15,125.5024,117.0
1998-10-16,125.1083,119.5
1998-10-17,123.9874,124.1
1998-10-18,126.4765,129.9
1998-10-19,125.9705,139.0
1998-10-20,126.1552,150.1
1998-10-21,126.0043,138.4
1998-10-22,126.2544,145.8
1998-10-23,124.3001,149.9
1998-10-24,125.8238,159.3
1998-10-25,125.5262,150.8
1998-10-26,128.221,144.1
1998-10-27,129.1742,138.7
1998-10-28,130.5255,132.6
1998-10-29,127.8131,123.8
1998-10-30,126.5775,123.7
1998-10-31,127.4793,121.8
1998-11-01,125.6743,118.0
1998-11-02,124.5576,112.2
1998-11-03,122.3849,113.7
1998-11-04,121.1019,118.6
1998-11-05,120.0635,118.3
1998-11-06,118.6916,123.0
1998-11-07,117.9415,126.7
1998-11-08,119.059,136.7
1998-11-09,119.9142,145.6
1998-11-10,121.6818,152.3
1998-11-11,124.2399,154.7
1998-11-12,125.7192,160.4
1998-11-13,126.8508,163.2
1998-11-14,129.7067,158.9
1998-11-15,133.036,158.2
1998-11-16,135.6248,147.4
1998-11-17,132.9371,148.7
1998-11-18,135.7044,144.0
1998-11-19,138.2367,138.3
1998-11-20,139.7025,138.1
1998-11-21,136.5987,148.7
1998-11-22,133.8786,157.1
1998-11-23,132.0879,149.3
1998-11-24,130.7663,129.8
1998-11-25,128.5086,138.8
1998-11-26,128.1812,138.9
1998-11-27,127.6156,139.7
1998-11-28,126.0494,139.9
1998-11-29,123.665,137.2
1998-11-30,124.4889,136.1
1998-12-01,126.02,141.5
1998-12-02,125.9453,137.9
1998-12-03,126.7109,133.6
1998-12-04,128.476,130.4
1998-12-05,132.6706,130.9
1998-12-06,136.6569,124.6
1998-12-07,139.5971,135.2
1998-12-08,140.2789,134.9
1998-12-09,141.9887,139.6
1998-12-10,141.0397,140.2
1998-12-11,141.3598,161.4
1998-12-12,140.8945,178.3
1998-12-13,138.5345,176.8
1998-12-14,138.3003,173.1
1998-12-15,137.606,168.8
1998-12-16,135.7198,161.6
1998-12-17,136.9666,154.8
1998-12-18,140.0515,149.4
1998-12-19,141.7938,142.0
1998-12-20,138.679,132.0
1998-12-21,132.6352,121.6
1998-12-22,133.494,111.3
1998-12-23,133.0159,111.7
1998-12-24,132.3849,111.0
1998-12-25,132.3058,109.6
1998-12-26,131.2509,108.2
1998-12-27,132.2623,109.1
1998-12-28,134.6898,114.7
1998-12-29,134.6489,132.4
1998-12-30,133.6003,138.0
1998-12-31,133.191,153.4
1999-01-01,133.6161,156.2
1999-01-02,132.3251,165.4
1999-01-03,136.7359,170.3
1999-01-04,136.4385,166.4
1999-01-05,137.9232,169.7
1999-01-06,139.4601,172.3
1999-01-07,145.2045,160.8
1999-01-08,150.2793,156.8
1999-01-09,150.3895,133.9
1999-01-10,148.7496,129.1
1999-01-11,146.8794,121.6
1999-01-12,145.5319,115.2
1999-01-13,143.4162,114.2
1999-01-14,140.6284,114.5
1999-01-15,138.0077,111.5
1999-01-16,135.6011,114.5
1999-01-17,131.213,107.7
1999-01-18,128.37,105.8
1999-01-19,128.811,104.3
1999-01-20,127.5434,100.9
1999-01-21,127.9452,96.6
1999-01-22,127.5259,106.5
1999-01-23,128.646,121.1
1999-01-24,130.9158,125.9
1999-01-25,136.1875,148.4
1999-01-26,139.035,159.3
1999-01-27,143.9525,183.6
1999-01-28,144.4821,193.4
1999-01-29,147.4078,199.6
1999-01-30,149.2654,185.5
1999-01-31,149.2918,187.3
1999-02-01,151.1557,185.3
1999-02-02,150.7254,164.2
1999-02-03,145.9112,160.5
1999-02-04,142.3845,153.6
1999-02-05,134.5041,144.0
1999-02-06,131.444,127.0
1999-02-07,128.3422,124.3
1999-02-08,125.6177,117.3
1999-02-09,124.6154,117.1
1999-02-10,124.0362,113.4
1999-02-11,122.6862,113.1
1999-02-12,123.8997,120.7
1999-02-13,122.1793,118.0
1999-02-14,122.2156,127.6
1999-02-15,121.8413,134.6
1999-02-16,121.0299,141.6
1999-02-17,120.6343,125.4
1999-02-18,123.7789,112.6
1999-02-19,130.232,108.3
1999-02-20,134.2431,125.0
1999-02-21,143.1813,125.3
1999-02-22,147.9495,133.6
1999-02-23,155.7138,135.3
1999-02-24,157.6811,138.5
1999-02-25,159.5938,142.7
1999-02-26,155.7772,148.7
1999-02-27,155.8843,148.4
1999-02-28,154.065,154.1
1999-03-01,147.8369,152.9
1999-03-02,145.3256,146.7
1999-03-03,141.648,138.1
1999-03-04,138.0146,131.6
1999-03-05,131.102,123.1
1999-03-06,129.2086,115.0
1999-03-07,126.5829,112.2
1999-03-08,126.4922,107.6
1999-03-09,125.0728,106.4
1999-03-10,124.7584,103.1
1999-03-11,125.8264,104.1
1999-03-12,124.3793,102.7
1999-03-13,127.2899,103.8
1999-03-14,129.3099,104.4
1999-03-15,131.6854,101.7
1999-03-16,129.037,102.9
1999-03-17,126.9209,99.4
1999-03-18,127.4858,98.4
1999-03-19,131.611,116.0
1999-03-20,132.0328,132.7
1999-03-21,134.3014,137.6
1999-03-22,135.2197,141.7
1999-03-23,136.4317,139.5
1999-03-24,137.9207,136.7
1999-03-25,139.5192,136.9
1999-03-26,139.7025,131.3
1999-03-27,141.5173,130.7
1999-03-28,140.1271,130.3
1999-03-29,136.7879,121.0
1999-03-30,133.2471,122.7
1999-03-31,129.494,123.8
1999-04-01,125.8263,116.6
1999-04-02,122.1954,113.8
1999-04-03,121.0927,110.9
1999-04-04,119.6633,105.8
1999-04-05,119.9807,104.4
1999-04-06,118.3316,101.4
1999-04-07,118.5508,99.3
1999-04-08,117.8076,102.0
1999-04-09,117.4203,103.8
1999-04-10,117.5408,105.8
1999-04-11,116.6593,110.0
1999-04-12,117.6022,111.3
1999-04-13,117.4907,123.9
1999-04-14,117.4631,125.3
1999-04-15,124.3327,128.4
1999-04-16,128.9913,137.9
1999-04-17,130.6736,129.2
1999-04-18,131.8764,141.1
1999-04-19,131.7244,143.3
1999-04-20,131.2805,149.5
1999-04-21,131.8605,166.4
1999-04-22,130.1335,175.1
1999-04-23,129.6492,181.7
1999-04-24,129.4727,172.8
1999-04-25,126.0076,162.6
1999-04-26,125.3563,156.3
1999-04-27,124.8542,150.5
1999-04-28,121.8211,147.3
1999-04-29,120.1711,146.8
1999-04-30,118.5262,155.6
1999-05-01,116.0566,148.6
1999-05-02,115.6499,143.8
1999-05-03,113.2758,145.8
1999-05-04,113.682,145.9
1999-05-05,114.6677,143.7
1999-05-06,115.806,143.7
1999-05-07,117.7186,144.2
1999-05-08,119.4261,140.4
1999-05-09,120.9769,146.8
1999-05-10,125.4538,156.6
1999-05-11,126.105,159.3
1999-05-12,128.0904,156.2
1999-05-13,132.0666,152.7
1999-05-14,131.8913,161.1
1999-05-15,136.5556,170.1
1999-05-16,139.9684,181.2
1999-05-17,142.0852,178.1
1999-05-18,147.9752,178.5
1999-05-19,150.5418,175.9
1999-05-20,151.9708,168.8
1999-05-21,149.3072,172.9
1999-05-22,146.5357,162.4
1999-05-23,144.8884,161.3
1999-05-24,143.0805,170.3
1999-05-25,141.7429,166.0
1999-05-26,142.756,169.8
1999-05-27,143.8793,173.2
1999-05-28,141.6756,173.0
1999-05-29,140.1455,173.5
1999-05-30,141.3585,163.5
1999-05-31,141.2902,157.6
1999-06-01,141.8109,151.3
1999-06-02,141.3503,151.2
1999-06-03,142.4795,143.3
1999-06-04,142.6811,156.5
1999-06-05,145.3687,150.3
1999-06-06,148.8892,166.9
1999-06-07,149.5616,173.0
1999-06-08,148.3339,191.1
1999-06-09,148.9007,207.5
1999-06-10,151.313,206.1
1999-06-11,154.5211,214.3
1999-06-12,158.796,203.2
1999-06-13,158.4532,197.7
1999-06-14,159.9461,216.5
1999-06-15,159.0672,202.0
1999-06-16,156.9591,193.4
1999-06-17,158.0481,203.5
1999-06-18,155.7137,191.9
1999-06-19,154.9446,180.0
1999-06-20,157.5776,173.5
1999-06-21,155.9814,163.7
1999-06-22,158.3369,154.1
1999-06-23,160.5823,155.9
1999-06-24,160.5129,161.5
1999-06-25,161.5601,157.8
1999-06-26,160.1628,159.2
1999-06-27,158.7033,148.3
1999-06-28,156.2388,133.9
1999-06-29,155.5902,133.8
1999-06-30,155.7791,136.4
1999-07-01,158.5185,141.3
1999-07-02,158.9405,142.8
1999-07-03,166.7381,145.8
1999-07-04,171.3269,144.1
1999-07-05,176.4891,152.1
1999-07-06,180.0965,157.8
1999-07-07,178.9237,181.6
1999-07-08,179.186,190.1
1999-07-09,175.7674,188.0
1999-07-10,174.12,177.8
1999-07-11,179.136,179.9
1999-07-12,175.9875,203.9
1999-07-13,173.0388,208.6
1999-07-14,173.3572,212.2
1999-07-15,169.9475,206.7
1999-07-16,166.6675,222.9
1999-07-17,165.1745,218.8
1999-07-18,162.2254,216.9
1999-07-19,158.1734,206.0
1999-07-20,158.8997,182.1
1999-07-21,159.5978,175.3
1999-07-22,158.8359,157.6
1999-07-23,160.2655,141.7
1999-07-24,157.9315,141.9
1999-07-25,153.9363,130.8
1999-07-26,153.533,131.4
1999-07-27,154.2371,126.4
1999-07-28,158.5189,129.8
1999-07-29,161.0783,131.5
1999-07-30,162.8938,134.5
1999-07-31,164.5029,134.4
1999-08-01,169.4096,136.4
1999-08-02,172.6248,133.9
1999-08-03,180.2591,138.0
1999-08-04,184.9753,155.2
1999-08-05,183.9132,165.0
1999-08-06,181.3124,176.7
1999-08-07,180.1936,191.7
1999-08-08,185.3304,206.4
1999-08-09,187.1575,212.9
1999-08-10,186.8608,226.9
1999-08-11,184.7119,227.7
1999-08-12,186.9967,253.4
1999-08-13,183.8699,222.5
1999-08-14,180.448,201.9
1999-08-15,176.4739,186.1
1999-08-16,168.8751,165.8
1999-08-17,164.6617,159.3
1999-08-18,158.7749,141.7
1999-08-19,153.5146,133.5
1999-08-20,152.8026,123.8
1999-08-21,150.071,120.4
1999-08-22,150.3899,114.1
1999-08-23,149.8699,108.4
1999-08-24,151.6357,108.0
1999-08-25,154.0371,123.7
1999-08-26,155.9246,124.1
1999-08-27,156.6285,142.6
1999-08-28,159.3523,156.5
1999-08-29,159.4816,158.2
1999-08-30,161.0026,156.6
1999-08-31,167.1461,159.9
1999-09-01,170.6175,159.1
1999-09-02,173.8003,153.0
1999-09-03,177.4868,150.6
1999-09-04,181.603,146.2
1999-09-05,182.837,147.9
1999-09-06,186.5528,141.5
1999-09-07,185.6717,137.8
1999-09-08,190.2686,132.4
1999-09-09,179.4573,126.1
1999-09-10,172.3808,123.3
1999-09-11,166.4001,124.4
1999-09-12,160.669,126.5
1999-09-13,157.424,125.3
1999-09-14,151.2474,125.1
1999-09-15,147.4307,121.9
1999-09-16,144.4297,126.6
1999-09-17,142.4488,134.7
1999-09-18,141.1898,144.4
1999-09-19,139.815,146.2
1999-09-20,140.0322,133.5
1999-09-21,144.0238,129.2
1999-09-22,143.9406,150.9
1999-09-23,149.8648,152.8
1999-09-24,154.1686,160.0
1999-09-25,154.6706,166.0
1999-09-26,154.0664,182.9
1999-09-27,155.4876,190.1
1999-09-28,153.8508,198.7
1999-09-29,151.5949,197.1
1999-09-30,150.4926,187.8
1999-10-01,147.9444,176.8
1999-10-02,148.4263,171.4
1999-10-03,146.3043,168.2
1999-10-04,143.702,157.4
1999-10-05,142.0982,157.0
1999-10-06,139.1058,158.8
1999-10-07,137.5333,162.8
1999-10-08,138.9736,157.1
1999-10-09,139.8529,170.8
1999-10-10,140.1779,187.1
1999-10-11,141.013,194.8
1999-10-12,140.6481,181.5
1999-10-13,142.461,177.2
1999-10-14,146.3164,167.0
1999-10-15,150.0161,158.1
1999-10-16,149.2957,148.4
1999-10-17,144.9527,140.6
1999-10-18,145.6597,140.8
1999-10-19,153.3308,145.1
1999-10-20,154.7897,157.8
1999-10-21,158.397,147.4
1999-10-22,161.1025,170.8
1999-10-23,166.2646,188.4
1999-10-24,168.3591,225.5
1999-10-25,171.9976,243.6
1999-10-26,172.9308,235.0
1999-10-27,171.2237,227.1
1999-10-28,167.0672,219.1
1999-10-29,163.909,214.2
1999-10-30,161.4915,201.1
1999-10-31,157.527,228.2
1999-11-01,156.0507,216.3
1999-11-02,155.9318,212.9
1999-11-03,156.5814,205.1
1999-11-04,155.1126,199.5
1999-11-05,160.5498,205.0
1999-11-06,163.3222,187.2
1999-11-07,167.9871,180.9
1999-11-08,166.2543,181.9
1999-11-09,166.536,179.0
1999-11-10,164.435,167.7
1999-11-11,161.0815,164.5
1999-11-12,157.9295,170.1
1999-11-13,155.5114,159.5
1999-11-14,157.3006,158.3
1999-11-15,159.6716,160.4
1999-11-16,165.2718,160.9
1999-11-17,164.8153,147.5
1999-11-18,173.3876,143.3
1999-11-19,179.457,138.6
1999-11-20,189.5022,138.6
1999-11-21,196.6221,148.8
1999-11-22,192.5336,145.6
1999-11-23,189.8919,151.5
1999-11-24,188.2745,159.5
1999-11-25,187.4117,154.3
1999-11-26,183.6722,154.4
1999-11-27,191.2195,161.0
1999-11-28,187.6956,163.1
1999-11-29,184.6638,173.1
1999-11-30,181.2343,187.9
1999-12-01,179.9784,194.4
1999-12-02,180.692,198.9
1999-12-03,173.9156,200.3
1999-12-04,172.406,202.4
1999-12-05,172.1807,210.1
1999-12-06,170.4637,195.1
1999-12-07,167.0466,191.9
1999-12-08,165.6549,176.5
1999-12-09,166.2954,172.5
1999-12-10,162.7161,171.2
1999-12-11,162.3324,156.4
1999-12-12,162.2418,145.4
1999-12-13,162.3405,139.0
1999-12-14,158.8402,131.2
1999-12-15,157.0933,125.8
1999-12-16,157.6732,125.6
1999-12-17,159.5545,128.5
1999-12-18,163.8647,128.7
1999-12-19,164.9516,130.3
1999-12-20,167.7872,132.0
1999-12-21,171.0213,140.0
1999-12-22,170.3839,144.8
1999-12-23,172.0484,149.6
1999-12-24,172.805,155.3
1999-12-25,172.8441,157.8
1999-12-26,175.9778,171.8
1999-12-27,179.482,189.3
1999-12-28,180.6728,195.4
1999-12-29,181.1481,194.7
1999-12-30,181.253,203.9
1999-12-31,180.7052,201.0
2000-01-01,182.6595,190.1
2000-01-02,176.8639,188.4
2000-01-03,174.5662,172.9
2000-01-04,168.117,165.3
2000-01-05,166.4388,154.3
2000-01-06,164.8794,145.8
2000-01-07,159.5958,136.1
2000-01-08,155.2884,136.3
2000-01-09,152.9957,133.1
2000-01-10,150.0219,136.4
2000-01-11,148.6243,128.4
2000-01-12,149.6764,131.0
2000-01-13,151.5771,123.9
2000-01-14,151.7234,128.7
2000-01-15,152.8702,134.5
2000-01-16,153.8608,134.1
2000-01-17,154.37,140.2
2000-01-18,156.7519,149.7
2000-01-19,158.8501,162.7
2000-01-20,161.3375,163.1
2000-01-21,161.7669,172.8
2000-01-22,165.5704,177.0
2000-01-23,171.3224,169.0
2000-01-24,173.7533,170.8
2000-01-25,173.3846,171.1
2000-01-26,175.2296,165.8
2000-01-27,173.11,159.1
2000-01-28,170.445,155.9
2000-01-29,168.9661,154.7
2000-01-30,163.7047,152.2
2000-01-31,159.8907,156.3
2000-02-01,155.4289,153.4
2000-02-02,151.3048,137.8
2000-02-03,147.2131,141.5
2000-02-04,147.0586,149.9
2000-02-05,146.1102,148.7
2000-02-06,147.0409,168.6
2000-02-07,144.398,181.2
2000-02-08,145.3452,188.3
2000-02-09,143.9128,206.2
2000-02-10,145.8982,210.6
2000-02-11,146.5509,222.9
2000-02-12,146.3032,214.7
2000-02-13,148.4967,215.1
2000-02-14,152.5881,228.7
2000-02-15,155.8672,209.6
2000-02-16,156.6438,200.4
2000-02-17,160.3581,197.0
2000-02-18,161.8461,216.8
2000-02-19,161.769,219.1
2000-02-20,163.3164,218.5
2000-02-21,164.2483,211.8
2000-02-22,164.9432,203.0
2000-02-23,163.9212,200.7
2000-02-24,162.3243,200.6
2000-02-25,162.5396,200.8
2000-02-26,163.0151,186.0
2000-02-27,163.6478,180.6
2000-02-28,161.8624,175.9
2000-02-29,157.9662,182.5
2000-03-01,161.0955,190.6
2000-03-02,163.7872,193.0
2000-03-03,165.1101,206.5
2000-03-04,172.9105,208.7
2000-03-05,178.928,228.9
2000-03-06,182.8036,232.2
2000-03-07,188.0652,222.7
2000-03-08,189.2734,217.7
2000-03-09,193.0119,204.1
2000-03-10,191.0125,210.4
2000-03-11,191.3644,204.1
2000-03-12,195.0134,200.3
2000-03-13,189.026,208.3
2000-03-14,185.6913,205.1
2000-03-15,184.4772,225.1
2000-03-16,190.1577,222.7
2000-03-17,190.525,219.3
2000-03-18,192.2418,215.5
2000-03-19,191.1794,206.9
2000-03-20,188.8475,194.7
2000-03-21,189.5385,178.1
2000-03-22,189.1593,175.4
2000-03-23,189.3111,182.5
2000-03-24,185.8514,176.9
2000-03-25,184.4321,178.6
2000-03-26,184.909,182.4
2000-03-27,187.2474,173.9
2000-03-28,189.5569,165.0
2000-03-29,190.5849,166.3
2000-03-30,194.8172,164.9
2000-03-31,197.1183,160.2
2000-04-01,203.6638,159.2
2000-04-02,204.6651,161.8
2000-04-03,202.329,169.2
2000-04-04,201.0561,182.4
2000-04-05,197.1288,189.2
2000-04-06,197.0458,204.1
2000-04-07,193.0043,208.4
2000-04-08,193.1766,208.1
2000-04-09,193.779,205.1
2000-04-10,193.0635,192.4
2000-04-11,198.4064,186.0
2000-04-12,196.3697,186.0
2000-04-13,194.2296,177.5
2000-04-14,191.9254,172.0
2000-04-15,189.2293,160.1
2000-04-16,184.5384,155.3
2000-04-17,178.3884,139.6
2000-04-18,178.2218,136.8
2000-04-19,182.6843,132.1
2000-04-20,183.239,129.1
2000-04-21,183.9858,133.4
2000-04-22,187.3342,139.6
2000-04-23,186.381,152.5
2000-04-24,184.7626,163.0
2000-04-25,185.2235,181.3
2000-04-26,183.5627,191.0
2000-04-27,180.8976,222.0
2000-04-28,179.3707,237.6
2000-04-29,179.6454,244.6
2000-04-30,181.6184,264.5
2000-05-01,184.8375,268.1
2000-05-02,186.7835,258.8
2000-05-03,189.8512,260.4
2000-05-04,189.4932,251.6
2000-05-05,188.9872,238.0
2000-05-06,187.2961,220.3
2000-05-07,182.7963,209.5
2000-05-08,179.5214,194.3
2000-05-09,179.5788,177.4
2000-05-10,177.1042,172.4
2000-05-11,176.9992,166.2
2000-05-12,173.2553,160.2
2000-05-13,171.4471,153.1
2000-05-14,167.6255,150.5
2000-05-15,166.7147,158.7
2000-05-16,167.5371,152.3
2000-05-17,168.5985,155.3
2000-05-18,171.0694,170.7
2000-05-19,174.5863,174.7
2000-05-20,179.6655,176.1
2000-05-21,182.7632,186.9
2000-05-22,188.2224,185.8
2000-05-23,192.195,179.9
2000-05-24,200.7957,174.1
2000-05-25,204.4373,185.1
2000-05-26,206.0564,192.6
2000-05-27,210.8823,198.7
2000-05-28,209.7822,205.5
2000-05-29,207.0631,206.9
2000-05-30,206.1288,208.9
2000-05-31,204.7447,203.8
2000-06-01,199.9723,199.4
2000-06-02,194.9177,193.7
2000-06-03,193.2062,184.2
2000-06-04,189.0335,189.7
2000-06-05,183.6507,194.2
2000-06-06,182.1694,185.6
2000-06-07,179.506,181.0
2000-06-08,175.6915,173.9
2000-06-09,173.1055,180.9
2000-06-10,172.8811,183.4
2000-06-11,174.7597,184.6
2000-06-12,173.7547,181.2
2000-06-13,176.2505,168.8
2000-06-14,180.937,165.0
2000-06-15,183.7832,169.2
2000-06-16,185.1507,167.9
2000-06-17,188.4737,161.5
2000-06-18,187.5156,163.7
2000-06-19,184.2364,174.4
2000-06-20,183.7378,180.1
2000-06-21,188.3088,193.5
2000-06-22,190.1907,217.1
2000-06-23,189.8536,218.4
2000-06-24,190.6525,238.9
2000-06-25,191.3749,249.7
2000-06-26,191.5061,258.7
2000-06-27,190.0654,239.6
2000-06-28,187.6381,210.6
2000-06-29,184.4711,220.1
2000-06-30,181.4135,226.1
2000-07-01,182.5615,235.8
2000-07-02,183.0996,270.5
2000-07-03,179.9132,258.0
2000-07-04,178.5686,261.1
2000-07-05,178.2472,259.0
2000-07-06,180.8582,259.0
2000-07-07,183.1051,224.3
2000-07-08,185.4815,232.0
2000-07-09,185.4496,208.2
2000-07-10,182.6045,180.1
2000-07-11,182.9552,167.4
2000-07-12,185.2031,162.7
2000-07-13,183.2883,157.9
2000-07-14,181.7085,154.5
2000-07-15,183.1603,152.4
2000-07-16,188.01,153.9
2000-07-17,190.5724,155.1
2000-07-18,196.3406,158.8
2000-07-19,202.5632,158.7
2000-07-20,203.2392,163.2
2000-07-21,209.744,170.8
2000-07-22,212.6805,171.6
2000-07-23,214.8484,175.6
2000-07-24,210.4663,187.2
2000-07-25,203.5649,185.9
2000-07-26,203.951,192.3
2000-07-27,204.2804,194.3
2000-07-28,205.8721,190.9
2000-07-29,214.4147,194.3
2000-07-30,210.3085,198.9
2000-07-31,211.0788,190.3
2000-08-01,209.3237,181.5
2000-08-02,209.237,173.6
2000-08-03,198.1174,160.8
2000-08-04,198.5527,156.0
2000-08-05,191.3576,154.9
2000-08-06,184.9164,147.5
2000-08-07,180.3717,139.9
2000-08-08,178.2967,133.5
2000-08-09,177.4132,136.0
2000-08-10,175.9247,139.9
2000-08-11,175.8725,153.2
2000-08-12,177.0698,163.2
2000-08-13,177.1167,166.5
2000-08-14,178.0311,167.9
2000-08-15,180.7317,165.9
2000-08-16,182.7041,160.5
2000-08-17,184.0478,156.7
2000-08-18,184.8966,156.7
2000-08-19,185.0084,173.6
2000-08-20,186.6718,183.1
2000-08-21,186.5094,181.5
2000-08-22,187.779,175.8
2000-08-23,187.5346,165.7
2000-08-24,186.1923,153.0
2000-08-25,186.3118,142.5
2000-08-26,186.0952,136.7
2000-08-27,183.2358,134.2
2000-08-28,180.3326,134.8
2000-08-29,178.3041,152.5
2000-08-30,174.2852,161.1
2000-08-31,171.6568,176.4
2000-09-01,169.6601,183.2
2000-09-02,167.3339,205.7
2000-09-03,165.4626,208.8
2000-09-04,163.4837,213.1
2000-09-05,164.4153,226.7
2000-09-06,166.2658,233.8
2000-09-07,170.7519,226.7
2000-09-08,173.2097,225.8
2000-09-09,173.7266,226.8
2000-09-10,173.132,224.7
2000-09-11,172.2069,205.5
2000-09-12,170.4981,203.0
2000-09-13,169.9536,192.6
2000-09-14,170.4696,194.0
2000-09-15,174.9817,201.9
2000-09-16,178.4914,202.9
2000-09-17,179.0585,192.1
2000-09-18,179.2169,184.1
2000-09-19,176.7597,173.7
2000-09-20,172.8452,157.9
2000-09-21,169.6149,155.3
2000-09-22,168.2309,148.6
2000-09-23,168.2892,140.4
2000-09-24,169.0338,139.1
2000-09-25,175.3803,150.8
2000-09-26,178.1728,161.9
2000-09-27,181.2428,167.2
2000-09-28,184.7373,162.3
2000-09-29,190.6497,160.1
2000-09-30,192.16,159.8
2000-10-01,194.1589,153.0
2000-10-02,197.8454,149.9
2000-10-03,200.0123,156.5
2000-10-04,197.337,159.3
2000-10-05,196.2507,156.5
2000-10-06,193.3993,158.6
2000-10-07,191.629,164.8
2000-10-08,185.9247,157.5
2000-10-09,184.9423,162.0
2000-10-10,180.7337,168.9
2000-10-11,180.112,173.7
2000-10-12,182.0035,179.7
2000-10-13,182.5669,184.5
2000-10-14,177.9143,191.0
2000-10-15,174.4828,190.5
2000-10-16,170.5945,201.2
2000-10-17,164.5736,193.2
2000-10-18,161.1707,195.5
2000-10-19,158.2915,191.4
2000-10-20,156.9895,183.1
2000-10-21,156.766,174.9
2000-10-22,159.8134,176.6
2000-10-23,163.6015,169.5
2000-10-24,165.1792,163.0
2000-10-25,165.3203,150.4
2000-10-26,167.3537,146.6
2000-10-27,166.9454,143.6
2000-10-28,165.2789,140.6
2000-10-29,164.2075,145.4
2000-10-30,166.4162,143.2
2000-10-31,166.3549,150.7
2000-11-01,166.8063,159.6
2000-11-02,168.9133,172.9
2000-11-03,171.2575,170.7
2000-11-04,169.3775,169.6
2000-11-05,171.3598,180.9
2000-11-06,171.8681,190.1
2000-11-07,173.409,200.1
2000-11-08,175.765,194.0
2000-11-09,176.5261,194.6
2000-11-10,176.1747,197.0
2000-11-11,174.415,186.6
2000-11-12,176.5361,190.3
2000-11-13,174.42,183.2
2000-11-14,174.7894,187.0
2000-11-15,172.3331,179.3
2000-11-16,170.905,162.3
2000-11-17,168.3671,158.9
2000-11-18,170.4617,147.6
2000-11-19,168.2584,142.7
2000-11-20,166.124,136.9
2000-11-21,162.1652,139.9
2000-11-22,160.7969,134.1
2000-11-23,161.1582,130.7
2000-11-24,161.302,142.1
2000-11-25,163.4402,139.2
2000-11-26,162.8475,145.2
2000-11-27,164.8443,159.5
2000-11-28,167.7513,176.5
2000-11-29,172.8974,181.9
2000-11-30,173.9674,184.4
2000-12-01,173.7965,190.4
2000-12-02,175.6723,191.6
2000-12-03,177.4453,192.2
2000-12-04,180.151,194.8
2000-12-05,177.6656,188.2
2000-12-06,177.7823,183.8
2000-12-07,177.0389,184.7
2000-12-08,174.6329,186.7
2000-12-09,174.713,180.9
2000-12-10,172.4822,182.6
2000-12-11,171.4476,181.4
2000-12-12,169.0275,179.3
2000-12-13,162.9491,175.5
2000-12-14,162.3417,176.1
2000-12-15,157.5911,163.9
2000-12-16,155.2549,165.3
2000-12-17,154.2319,170.2
2000-12-18,155.6758,164.2
2000-12-19,153.8924,168.8
2000-12-20,154.0099,170.5
2000-12-21,156.5353,173.4
2000-12-22,156.0948,170.9
2000-12-23,159.6484,161.5
2000-12-24,165.1707,160.8
2000-12-25,170.5344,157.4
2000-12-26,174.1907,160.5
2000-12-27,175.8555,172.5
2000-12-28,178.9432,178.3
2000-12-29,180.3852,170.6
2000-12-30,181.5413,163.8
2000-12-31,180.8673,156.6
2001-01-01,179.1936,147.0
2001-01-02,177.724,146.6
2001-01-03,176.5848,147.7
2001-01-04,176.781,148.3
2001-01-05,175.009,146.7
2001-01-06,175.3695,157.1
2001-01-07,174.2095,162.0
2001-01-08,171.2387,167.2
2001-01-09,169.2392,163.4
2001-01-10,169.0675,160.5
2001-01-11,164.4539,161.8
2001-01-12,166.9891,162.6
2001-01-13,169.1773,160.5
2001-01-14,167.5511,154.9
2001-01-15,169.6436,148.8
2001-01-16,167.8472,156.2
2001-01-17,167.7228,161.6
2001-01-18,165.118,159.0
2001-01-19,162.1525,144.0
2001-01-20,161.6466,160.7
2001-01-21,159.911,165.3
2001-01-22,161.5704,159.6
2001-01-23,164.7752,152.3
2001-01-24,167.9687,158.1
2001-01-25,166.6839,156.5
2001-01-26,164.3667,147.4
2001-01-27,162.7788,140.9
2001-01-28,160.6967,137.8
2001-01-29,160.0309,134.6
2001-01-30,160.3303,131.8
2001-01-31,159.409,126.5
2001-02-01,158.7726,126.8
2001-02-02,161.9196,129.0
2001-02-03,163.2892,134.0
2001-02-04,164.0823,142.3
2001-02-05,163.8962,140.5
2001-02-06,164.5229,142.7
2001-02-07,164.2854,142.2
2001-02-08,163.0467,134.6
2001-02-09,162.4076,132.2
2001-02-10,161.7812,132.8
2001-02-11,159.6294,128.1
2001-02-12,161.679,129.4
2001-02-13,162.2885,129.0
2001-02-14,161.0013,127.4
2001-02-15,156.9182,137.3
2001-02-16,159.3394,138.7
2001-02-17,159.9618,153.4
2001-02-18,156.7567,155.4
2001-02-19,154.0283,174.0
2001-02-20,155.4087,164.8
2001-02-21,154.021,159.2
2001-02-22,150.58,158.0
2001-02-23,149.1066,155.8
2001-02-24,147.4346,155.7
2001-02-25,146.2073,145.6
2001-02-26,145.2319,140.7
2001-02-27,143.0933,134.7
2001-02-28,142.654,138.5
2001-03-01,143.6485,132.9
2001-03-02,144.8544,138.5
2001-03-03,146.9481,145.7
2001-03-04,146.1067,152.1
2001-03-05,147.2739,158.2
2001-03-06,147.8175,181.8
2001-03-07,147.1974,178.9
2001-03-08,146.9281,217.5
2001-03-09,146.7145,215.7
2001-03-10,145.8165,262.6
2001-03-11,145.407,272.4
2001-03-12,146.6747,272.6
2001-03-13,145.5299,261.0
2001-03-14,149.2122,256.3
2001-03-15,147.7567,245.3
2001-03-16,151.9049,257.2
2001-03-17,153.3515,236.7
2001-03-18,158.6306,223.1
2001-03-19,157.1314,205.0
2001-03-20,156.1272,207.8
2001-03-21,155.364,198.0
2001-03-22,156.6301,180.0
2001-03-23,154.5203,169.7
2001-03-24,152.8454,165.4
2001-03-25,151.4546,170.4
2001-03-26,152.3043,160.3
2001-03-27,153.4631,149.8
2001-03-28,153.288,137.8
2001-03-29,155.8941,139.6
2001-03-30,160.4159,135.1
2001-03-31,163.8325,124.3
2001-04-01,169.4713,127.1
2001-04-02,176.9901,133.0
2001-04-03,178.2362,145.8
2001-04-04,188.7554,182.2
2001-04-05,189.2288,193.0
2001-04-06,202.2382,194.6
2001-04-07,204.6525,198.6
2001-04-08,204.3056,195.8
2001-04-09,201.1864,196.3
2001-04-10,199.222,198.7
2001-04-11,193.7608,193.3
2001-04-12,195.1562,190.4
2001-04-13,188.0632,194.5
2001-04-14,183.8202,190.7
2001-04-15,178.4774,187.4
2001-04-16,178.5546,179.0
2001-04-17,175.3951,175.1
2001-04-18,169.1262,178.6
2001-04-19,164.6407,163.5
2001-04-20,163.7539,157.8
2001-04-21,162.9392,140.9
2001-04-22,158.0121,131.1
2001-04-23,154.3088,131.9
2001-04-24,150.375,133.0
2001-04-25,150.4232,139.4
2001-04-26,149.8803,141.0
2001-04-27,147.7046,141.9
2001-04-28,149.3929,141.2
2001-04-29,153.8269,145.2
2001-04-30,159.043,140.9
2001-05-01,170.4611,150.8
2001-05-02,175.7983,141.5
2001-05-03,176.6404,144.6
2001-05-04,178.6084,144.9
2001-05-05,178.0922,153.8
2001-05-06,178.0563,155.8
2001-05-07,178.7614,162.8
2001-05-08,177.203,174.7
2001-05-09,176.4427,166.1
2001-05-10,177.0902,151.3
2001-05-11,174.9769,150.8
2001-05-12,172.7005,146.9
2001-05-13,169.2518,142.3
2001-05-14,166.378,136.0
2001-05-15,166.1827,136.6
2001-05-16,160.9764,136.8
2001-05-17,159.6832,137.8
2001-05-18,154.8907,149.5
2001-05-19,152.5611,158.3
2001-05-20,152.2348,158.0
2001-05-21,152.7056,162.4
2001-05-22,154.4616,169.8
2001-05-23,153.8568,185.7
2001-05-24,154.2327,182.4
2001-05-25,152.9374,168.0
2001-05-26,153.8623,167.4
2001-05-27,152.86,171.6
2001-05-28,155.9254,187.1
2001-05-29,155.0612,200.9
2001-05-30,157.2461,203.2
2001-05-31,159.432,214.3
2001-06-01,161.8644,211.2
2001-06-02,162.4279,205.7
2001-06-03,164.3355,201.7
2001-06-04,166.6508,205.0
2001-06-05,163.2766,206.9
2001-06-06,159.9886,206.8
2001-06-07,161.2317,213.0
2001-06-08,162.6345,201.3
2001-06-09,161.1546,188.4
2001-06-10,159.7918,173.5
2001-06-11,159.9485,152.8
2001-06-12,160.6355,144.9
2001-06-13,162.4957,144.6
2001-06-14,167.6157,141.2
2001-06-15,170.2914,140.0
2001-06-16,171.4768,138.8
2001-06-17,172.7263,136.3
2001-06-18,174.811,131.3
2001-06-19,179.9439,123.6
2001-06-20,179.3147,120.3
2001-06-21,175.0973,121.8
2001-06-22,173.9392,130.5
2001-06-23,174.3658,134.4
2001-06-24,178.043,134.3
2001-06-25,181.6752,136.3
2001-06-26,182.0658,138.3
2001-06-27,184.8111,137.7
2001-06-28,184.3862,145.4
2001-06-29,182.8891,146.8
2001-06-30,181.5052,154.7
2001-07-01,181.4043,150.4
2001-07-02,180.6996,147.7
2001-07-03,178.8243,146.9
2001-07-04,178.4523,147.2
2001-07-05,172.793,143.5
2001-07-06,167.6161,144.9
2001-07-07,159.8925,147.8
2001-07-08,153.2415,136.7
2001-07-09,150.3789,137.5
2001-07-10,149.1964,127.2
2001-07-11,148.0496,125.1
2001-07-12,147.3897,119.0
2001-07-13,146.7021,120.5
2001-07-14,145.3163,118.0
2001-07-15,143.6084,120.3
2001-07-16,142.6476,123.8
2001-07-17,140.9051,124.3
2001-07-18,142.164,135.5
2001-07-19,145.8579,152.7
2001-07-20,147.2361,160.5
2001-07-21,148.2555,168.3
2001-07-22,149.7812,171.0
2001-07-23,151.1351,171.5
2001-07-24,152.304,167.8
2001-07-25,155.4568,164.7
2001-07-26,155.4318,169.5
2001-07-27,156.7095,164.0
2001-07-28,155.6006,155.5
2001-07-29,153.5987,151.1
2001-07-30,152.4059,150.5
2001-07-31,151.4134,146.2
2001-08-01,150.111,148.4
2001-08-02,149.844,159.9
2001-08-03,150.3504,161.3
2001-08-04,147.4177,159.8
2001-08-05,147.4683,163.9
2001-08-06,145.216,165.2
2001-08-07,144.8259,173.4
2001-08-08,143.8754,178.7
2001-08-09,144.1711,191.6
2001-08-10,144.0619,193.8
2001-08-11,146.2612,195.9
2001-08-12,148.9113,203.1
2001-08-13,150.1982,200.9
2001-08-14,155.2514,203.0
2001-08-15,161.1124,192.2
2001-08-16,164.9868,187.4
2001-08-17,168.3203,185.7
2001-08-18,169.2083,202.1
2001-08-19,168.8993,222.1
2001-08-20,167.1221,221.8
2001-08-21,165.2748,225.6
2001-08-22,165.3787,229.5
2001-08-23,163.4078,253.1
2001-08-24,160.7974,239.5
2001-08-25,159.1121,247.8
2001-08-26,158.5034,252.9
2001-08-27,158.3589,238.1
2001-08-28,160.5228,242.6
2001-08-29,163.7738,239.3
2001-08-30,166.0754,221.7
2001-08-31,165.5691,209.3
2001-09-01,167.1212,201.1
2001-09-02,167.1767,205.7
2001-09-03,170.277,200.6
2001-09-04,172.3042,228.7
2001-09-05,175.6307,240.5
2001-09-06,175.7489,257.0
2001-09-07,175.8647,260.2
2001-09-08,179.9232,281.0
2001-09-09,180.0578,276.6
2001-09-10,181.6282,284.0
2001-09-11,180.2922,270.6
2001-09-12,178.7366,285.5
2001-09-13,180.0885,240.2
2001-09-14,185.6011,236.3
2001-09-15,191.4343,216.9
2001-09-16,190.6626,201.1
2001-09-17,192.7663,191.8
2001-09-18,194.2653,186.5
2001-09-19,201.4279,176.8
2001-09-20,199.304,180.2
2001-09-21,201.6001,172.4
2001-09-22,203.093,170.8
2001-09-23,198.5558,175.9
2001-09-24,200.5554,178.1
2001-09-25,199.3456,174.1
2001-09-26,195.8357,178.5
2001-09-27,193.0604,178.6
2001-09-28,192.1717,190.8
2001-09-29,191.9731,191.7
2001-09-30,191.6325,205.8
2001-10-01,198.8675,215.8
2001-10-02,202.7385,226.9
2001-10-03,206.3685,245.6
2001-10-04,207.3377,242.5
2001-10-05,212.5224,222.0
2001-10-06,211.7001,230.4
2001-10-07,213.6654,224.1
2001-10-08,210.1857,236.0
2001-10-09,213.8932,236.1
2001-10-10,202.2643,233.6
2001-10-11,199.5639,243.4
2001-10-12,193.3691,224.2
2001-10-13,187.8064,212.8
2001-10-14,184.9763,222.7
2001-10-15,182.1116,217.8
2001-10-16,179.8741,232.0
2001-10-17,180.3182,210.1
2001-10-18,178.9531,212.5
2001-10-19,180.916,223.5
2001-10-20,183.1793,230.6
2001-10-21,184.6984,233.2
2001-10-22,184.8666,226.0
2001-10-23,187.8843,243.1
2001-10-24,190.7704,265.6
2001-10-25,194.8417,241.0
2001-10-26,197.4827,229.3
2001-10-27,202.0394,222.6
2001-10-28,205.5483,226.8
2001-10-29,208.9885,212.6
2001-10-30,214.3298,202.4
2001-10-31,213.7665,197.6
2001-11-01,209.6421,194.0
2001-11-02,211.456,183.8
2001-11-03,210.7879,186.8
2001-11-04,215.3071,180.6
2001-11-05,215.706,179.7
2001-11-06,215.3309,185.3
2001-11-07,217.9437,172.9
2001-11-08,213.3207,168.6
2001-11-09,210.397,165.6
2001-11-10,211.8739,170.3
2001-11-11,208.9064,185.3
2001-11-12,211.7903,193.1
2001-11-13,205.5553,210.5
2001-11-14,206.5335,219.6
2001-11-15,209.2143,215.1
2001-11-16,212.0309,238.1
2001-11-17,212.5416,228.3
2001-11-18,210.7508,226.6
2001-11-19,215.0201,230.1
2001-11-20,219.9276,239.5
2001-11-21,213.4769,219.3
2001-11-22,209.9071,213.9
2001-11-23,207.9296,217.5
2001-11-24,207.6081,212.3
2001-11-25,202.9404,213.9
2001-11-26,199.9272,215.7
2001-11-27,199.2053,213.4
2001-11-28,197.4138,209.9
2001-11-29,194.5499,211.0
2001-11-30,194.2496,202.5
2001-12-01,190.4986,199.0
2001-12-02,190.0632,205.0
2001-12-03,191.1552,201.6
2001-12-04,187.6453,214.0
2001-12-05,187.2785,226.7
2001-12-06,188.1538,234.9
2001-12-07,189.5796,246.3
2001-12-08,193.8293,265.5
2001-12-09,197.4347,250.3
2001-12-10,202.5317,259.0
2001-12-11,205.555,265.6
2001-12-12,205.1398,254.6
2001-12-13,211.8642,255.7
2001-12-14,210.1524,238.5
2001-12-15,210.046,237.5
2001-12-16,210.7736,224.5
2001-12-17,212.7696,223.5
2001-12-18,207.2241,213.0
2001-12-19,205.2841,211.0
2001-12-20,206.8638,205.2
2001-12-21,205.88,190.1
2001-12-22,205.6145,182.4
2001-12-23,205.8613,192.6
2001-12-24,205.429,216.2
2001-12-25,202.4484,217.3
2001-12-26,202.9688,221.4
2001-12-27,200.6374,225.7
2001-12-28,199.6191,232.9
2001-12-29,202.7046,221.6
2001-12-30,202.2079,211.2
2001-12-31,205.6091,209.1
2002-01-01,209.8105,205.0
2002-01-02,212.9642,203.8
2002-01-03,215.9554,206.9
2002-01-04,221.4443,215.2
2002-01-05,217.1788,217.5
2002-01-06,219.4755,221.5
2002-01-07,221.1778,219.4
2002-01-08,217.8991,223.6
2002-01-09,218.7764,227.6
2002-01-10,213.3698,248.7
2002-01-11,212.2872,240.5
2002-01-12,208.1719,252.0
2002-01-13,208.302,253.2
2002-01-14,204.1646,248.8
2002-01-15,202.4594,235.5
2002-01-16,201.7478,238.5
2002-01-17,198.2729,233.7
2002-01-18,196.4117,226.3
2002-01-19,198.6221,228.1
2002-01-20,205.167,214.5
2002-01-21,205.0621,196.9
2002-01-22,205.7203,186.6
2002-01-23,206.6819,186.4
2002-01-24,209.0807,194.1
2002-01-25,207.652,210.9
2002-01-26,206.5851,196.6
2002-01-27,205.1264,203.1
2002-01-28,204.8314,198.5
2002-01-29,206.3389,191.3
2002-01-30,206.8137,190.3
2002-01-31,209.6039,188.9
2002-02-01,209.7087,192.0
2002-02-02,209.6418,188.4
2002-02-03,209.2769,185.1
2002-02-04,209.9224,189.1
2002-02-05,211.4246,196.7
2002-02-06,216.5909,187.9
2002-02-07,214.4608,184.2
2002-02-08,217.92,188.9
2002-02-09,218.3137,206.4
2002-02-10,217.4285,203.5
2002-02-11,211.9954,194.9
2002-02-12,211.5414,200.4
2002-02-13,208.9009,184.3
2002-02-14,206.617,187.6
2002-02-15,206.9659,179.6
2002-02-16,203.6139,172.0
2002-02-17,200.0018,169.4
2002-02-18,196.6336,175.0
2002-02-19,195.2277,177.0
2002-02-20,196.8949,174.2
2002-02-21,200.7495,181.2
2002-02-22,195.7474,176.9
2002-02-23,196.9899,180.0
2002-02-24,196.8853,176.2
2002-02-25,196.732,182.1
2002-02-26,196.1851,178.6
2002-02-27,196.2598,174.9
2002-02-28,197.5019,182.7
2002-03-01,195.4081,182.7
2002-03-02,194.7285,176.5
2002-03-03,195.1911,173.3
2002-03-04,195.566,186.3
2002-03-05,193.2874,172.8
2002-03-06,192.1356,170.4
2002-03-07,193.34,169.4
2002-03-08,198.0334,174.3
2002-03-09,197.0984,169.1
2002-03-10,195.5254,164.9
2002-03-11,195.2344,168.4
2002-03-12,188.8449,175.6
2002-03-13,188.8539,180.8
2002-03-14,184.7127,188.2
2002-03-15,180.6905,204.0
2002-03-16,180.469,206.7
2002-03-17,181.281,205.9
2002-03-18,181.8599,209.4
2002-03-19,181.9212,216.3
2002-03-20,183.8092,217.6
2002-03-21,182.2896,206.7
2002-03-22,182.7491,208.4
2002-03-23,181.9914,206.8
2002-03-24,183.3144,205.8
2002-03-25,182.9787,195.1
2002-03-26,182.0175,198.3
2002-03-27,183.1441,213.0
2002-03-28,184.5538,227.3
2002-03-29,183.9266,211.6
2002-03-30,183.2084,204.7
2002-03-31,187.4991,197.2
2002-04-01,183.5571,195.0
2002-04-02,182.3687,189.8
2002-04-03,181.0752,181.4
2002-04-04,181.8848,179.0
2002-04-05,180.2546,175.1
2002-04-06,180.2757,171.7
2002-04-07,181.4235,177.2
2002-04-08,185.444,178.9
2002-04-09,188.1538,169.3
2002-04-10,190.3412,164.7
2002-04-11,194.9336,159.0
2002-04-12,196.7591,149.2
2002-04-13,196.4939,155.2
2002-04-14,196.5834,155.6
2002-04-15,197.3971,164.9
2002-04-16,197.6893,171.7
2002-04-17,195.1716,182.0
2002-04-18,195.841,192.7
2002-04-19,195.2899,183.2
2002-04-20,195.1655,194.3
2002-04-21,192.127,190.3
2002-04-22,192.7037,190.2
2002-04-23,196.4018,193.7
2002-04-24,199.7531,194.8
2002-04-25,194.4069,191.8
2002-04-26,191.6636,187.1
2002-04-27,188.5239,175.6
2002-04-28,186.3543,164.2
2002-04-29,183.547,162.7
2002-04-30,180.3318,162.0
2002-05-01,178.3971,160.7
2002-05-02,177.3991,166.8
2002-05-03,176.2341,175.0
2002-05-04,177.2451,175.4
2002-05-05,175.5932,190.4
2002-05-06,173.3122,185.6
2002-05-07,171.647,184.8
2002-05-08,169.1186,193.9
2002-05-09,167.6575,187.4
2002-05-10,169.1491,188.0
2002-05-11,170.8533,191.6
2002-05-12,174.5864,191.4
2002-05-13,177.7079,189.8
2002-05-14,180.9024,185.1
2002-05-15,184.5543,187.0
2002-05-16,182.6745,183.9
2002-05-17,185.8038,180.0
2002-05-18,185.0473,175.4
2002-05-19,183.31,174.7
2002-05-20,185.0269,163.7
2002-05-21,185.6695,159.1
2002-05-22,184.3096,163.1
2002-05-23,182.8237,159.9
2002-05-24,180.3424,161.9
2002-05-25,176.8172,156.2
2002-05-26,178.6953,152.4
2002-05-27,178.2521,146.2
2002-05-28,178.427,137.6
2002-05-29,180.9094,135.6
2002-05-30,183.5099,139.7
2002-05-31,184.2395,141.0
2002-06-01,188.2879,147.5
2002-06-02,186.4313,147.5
2002-06-03,185.3206,150.5
2002-06-04,186.3075,149.8
2002-06-05,183.8914,144.2
2002-06-06,182.1296,146.6
2002-06-07,182.4455,147.5
2002-06-08,182.2785,155.3
2002-06-09,181.2768,149.5
2002-06-10,180.297,148.6
2002-06-11,181.7311,143.2
2002-06-12,181.4861,141.9
2002-06-13,179.5865,147.5
2002-06-14,178.0884,151.4
2002-06-15,178.4133,152.3
2002-06-16,175.1319,153.5
2002-06-17,172.7535,152.4
2002-06-18,170.4228,151.3
2002-06-19,167.6963,143.5
2002-06-20,165.7892,138.0
2002-06-21,162.3475,141.5
2002-06-22,160.4779,135.3
2002-06-23,157.7742,140.9
2002-06-24,154.7392,133.1
2002-06-25,153.0391,135.9
2002-06-26,153.6281,137.7
2002-06-27,152.9559,139.4
2002-06-28,153.8123,148.6
2002-06-29,153.9204,164.8
2002-06-30,155.5603,177.2
2002-07-01,156.8145,185.9
2002-07-02,156.2563,186.6
2002-07-03,156.5168,188.3
2002-07-04,157.4871,190.7
2002-07-05,159.255,188.7
2002-07-06,158.4763,195.8
2002-07-07,157.7176,204.6
2002-07-08,156.6723,215.0
2002-07-09,155.9864,224.5
2002-07-10,156.0726,240.4
2002-07-11,156.0465,238.0
2002-07-12,155.7211,246.2
2002-07-13,153.6719,241.1
2002-07-14,152.4081,234.1
2002-07-15,152.5302,214.8
2002-07-16,151.1501,198.3
2002-07-17,149.6231,185.7
2002-07-18,151.3638,172.7
2002-07-19,151.0994,155.3
2002-07-20,152.8128,146.0
2002-07-21,151.4816,148.8
2002-07-22,153.3575,140.1
2002-07-23,155.1608,138.3
2002-07-24,157.7969,144.0
2002-07-25,161.5216,152.4
2002-07-26,166.872,176.9
2002-07-27,170.5048,188.8
2002-07-28,174.7487,196.8
2002-07-29,175.2387,213.5
2002-07-30,175.0786,215.7
2002-07-31,176.1001,219.1
2002-08-01,175.4738,232.3
2002-08-02,178.0711,246.9
2002-08-03,180.0258,242.6
2002-08-04,183.3705,232.8
2002-08-05,186.7778,225.0
2002-08-06,191.8291,225.1
2002-08-07,191.7212,229.5
2002-08-08,193.7822,199.8
2002-08-09,191.9284,182.4
2002-08-10,188.6313,172.2
2002-08-11,181.9623,164.7
2002-08-12,174.5745,166.4
2002-08-13,168.7904,172.6
2002-08-14,164.0183,176.9
2002-08-15,159.0844,183.7
2002-08-16,155.9853,183.8
2002-08-17,157.4097,176.9
2002-08-18,157.7347,174.4
2002-08-19,158.4645,174.2
2002-08-20,161.796,178.1
2002-08-21,164.8132,180.9
2002-08-22,172.061,185.6
2002-08-23,176.9149,194.4
2002-08-24,178.7042,209.0
2002-08-25,183.8498,223.5
2002-08-26,185.7736,219.0
2002-08-27,187.6284,215.1
2002-08-28,192.5796,208.6
2002-08-29,197.1374,209.2
2002-08-30,197.8997,189.9
2002-08-31,196.2142,184.5
2002-09-01,194.1861,195.9
2002-09-02,192.1495,178.4
2002-09-03,191.6694,166.7
2002-09-04,183.8118,165.8
2002-09-05,177.2721,159.8
2002-09-06,172.8097,161.1
2002-09-07,170.8833,154.8
2002-09-08,172.6152,158.9
2002-09-09,176.1823,154.2
2002-09-10,179.4733,150.6
2002-09-11,181.8348,152.2
2002-09-12,182.1783,149.1
2002-09-13,181.0886,138.6
2002-09-14,181.519,140.1
2002-09-15,180.5135,140.1
2002-09-16,182.6372,136.0
2002-09-17,184.4912,146.1
2002-09-18,184.984,157.6
2002-09-19,187.7926,155.1
2002-09-20,192.3602,161.6
2002-09-21,196.2056,163.5
2002-09-22,194.5461,165.1
2002-09-23,193.8083,166.8
2002-09-24,192.227,171.4
2002-09-25,192.1815,178.7
2002-09-26,186.9801,179.7
2002-09-27,185.655,178.3
2002-09-28,187.9482,180.2
2002-09-29,182.8672,175.7
2002-09-30,179.011,181.4
2002-10-01,178.0229,177.7
2002-10-02,172.8969,171.3
2002-10-03,171.2433,178.1
2002-10-04,167.3004,178.7
2002-10-05,166.0009,180.8
2002-10-06,163.3545,167.7
2002-10-07,163.4708,161.9
2002-10-08,163.2661,158.5
2002-10-09,162.6606,170.9
2002-10-10,160.2144,156.1
2002-10-11,160.9537,155.2
2002-10-12,160.7487,156.3
2002-10-13,161.3018,159.4
2002-10-14,165.1698,165.3
2002-10-15,168.8761,167.7
2002-10-16,170.1317,159.7
2002-10-17,172.1099,162.1
2002-10-18,173.0874,166.5
2002-10-19,174.2214,174.4
2002-10-20,175.0197,180.0
2002-10-21,177.3385,181.2
2002-10-22,178.8148,186.4
2002-10-23,178.0266,185.5
2002-10-24,177.5494,187.0
2002-10-25,178.5659,187.7
2002-10-26,175.5151,181.0
2002-10-27,177.1991,174.6
2002-10-28,175.9142,178.6
2002-10-29,175.0656,180.2
2002-10-30,178.1974,193.2
2002-10-31,177.9867,194.8
2002-11-01,178.4169,180.5
2002-11-02,174.0758,174.8
2002-11-03,170.9638,164.3
2002-11-04,168.9165,155.3
2002-11-05,171.8399,147.2
2002-11-06,167.084,145.5
2002-11-07,166.6424,143.8
2002-11-08,165.1607,143.5
2002-11-09,165.9859,133.2
2002-11-10,168.0979,138.5
2002-11-11,169.6301,138.8
2002-11-12,168.0222,136.0
2002-11-13,170.3779,137.5
2002-11-14,172.3959,142.1
2002-11-15,176.958,145.5
2002-11-16,177.818,142.0
2002-11-17,177.7402,141.8
2002-11-18,178.2559,144.5
2002-11-19,178.1075,144.4
2002-11-20,178.3275,143.9
2002-11-21,177.0289,146.6
2002-11-22,175.0194,149.8
2002-11-23,171.7754,151.6
2002-11-24,171.533,156.5
2002-11-25,170.0701,147.7
2002-11-26,173.8238,148.4
2002-11-27,172.4187,161.8
2002-11-28,166.7263,180.1
2002-11-29,163.627,196.6
2002-11-30,159.0585,196.5
2002-12-01,154.5185,205.8
2002-12-02,150.826,190.6
2002-12-03,149.182,186.7
2002-12-04,148.2306,190.3
2002-12-05,148.7925,177.9
2002-12-06,146.0432,166.4
2002-12-07,147.7128,153.7
2002-12-08,147.9779,142.5
2002-12-09,146.7427,127.6
2002-12-10,147.5486,123.2
2002-12-11,149.3787,112.7
2002-12-12,150.376,113.1
2002-12-13,150.1745,111.0
2002-12-14,152.1238,110.1
2002-12-15,153.4393,111.3
2002-12-16,152.9183,111.2
2002-12-17,154.4306,114.4
2002-12-18,154.4252,127.0
2002-12-19,154.8241,138.2
2002-12-20,157.1569,143.2
2002-12-21,158.6844,156.8
2002-12-22,157.8703,157.8
2002-12-23,159.5245,168.0
2002-12-24,163.6678,176.9
2002-12-25,168.3425,178.7
2002-12-26,174.2525,182.6
2002-12-27,174.0314,167.7
2002-12-28,175.7736,166.2
2002-12-29,170.4034,158.6
2002-12-30,166.6995,145.0
2002-12-31,165.6585,139.9
2003-01-01,159.6557,137.1
2003-01-02,154.2539,133.0
2003-01-03,149.3318,126.1
2003-01-04,144.9103,133.7
2003-01-05,139.1064,129.4
2003-01-06,137.3912,125.4
2003-01-07,134.8321,131.6
2003-01-08,136.1699,125.8
2003-01-09,135.9168,124.9
2003-01-10,136.4344,121.2
2003-01-11,138.5534,117.7
2003-01-12,139.3056,121.8
2003-01-13,143.307,120.7
2003-01-14,148.0158,117.6
2003-01-15,151.4781,116.9
2003-01-16,154.2276,122.1
2003-01-17,157.6862,123.0
2003-01-18,158.3871,128.7
2003-01-19,160.7504,131.0
2003-01-20,163.188,136.2
2003-01-21,163.6733,145.4
2003-01-22,163.9145,143.3
2003-01-23,158.9712,135.4
2003-01-24,156.6447,137.6
2003-01-25,153.1924,132.6
2003-01-26,148.0513,131.4
2003-01-27,146.1057,128.2
2003-01-28,144.651,127.3
2003-01-29,143.4606,128.1
2003-01-30,141.4372,120.6
2003-01-31,143.098,115.7
2003-02-01,142.0443,109.4
2003-02-02,139.2585,107.4
2003-02-03,139.7737,113.6
2003-02-04,136.9584,115.7
2003-02-05,135.1986,117.0
2003-02-06,133.276,104.3
2003-02-07,131.2703,101.8
2003-02-08,131.0566,99.9
2003-02-09,130.2155,99.5
2003-02-10,130.4713,107.2
2003-02-11,131.219,115.4
2003-02-12,134.3803,122.6
2003-02-13,135.6389,135.6
2003-02-14,138.4088,131.4
2003-02-15,139.4574,146.5
2003-02-16,141.2612,143.6
2003-02-17,143.7702,146.2
2003-02-18,143.2068,147.9
2003-02-19,141.3055,147.6
2003-02-20,142.0623,146.2
2003-02-21,140.2229,150.6
2003-02-22,138.2217,141.7
2003-02-23,136.6829,139.7
2003-02-24,134.8589,136.2
2003-02-25,133.4407,132.5
2003-02-26,130.7094,137.3
2003-02-27,128.8689,129.3
2003-02-28,126.9852,127.2
2003-03-01,126.1103,123.1
2003-03-02,127.2774,117.3
2003-03-03,128.6011,107.2
2003-03-04,127.7566,96.6
2003-03-05,124.4113,90.3
2003-03-06,124.3892,88.3
2003-03-07,123.665,92.4
2003-03-08,123.6161,97.3
2003-03-09,126.1144,108.2
2003-03-10,129.99,126.6
2003-03-11,132.4918,140.5
2003-03-12,137.3798,146.4
2003-03-13,137.9812,154.6
2003-03-14,142.3165,154.2
2003-03-15,141.1111,159.8
2003-03-16,141.1881,152.8
2003-03-17,140.8916,157.3
2003-03-18,141.1425,155.7
2003-03-19,140.1397,152.7
2003-03-20,140.2135,137.5
2003-03-21,136.7349,126.1
2003-03-22,134.7099,115.9
2003-03-23,132.5234,112.6
2003-03-24,130.3053,109.7
2003-03-25,130.174,104.1
2003-03-26,126.7475,103.0
2003-03-27,125.1218,102.6
2003-03-28,123.1467,103.0
2003-03-29,121.3168,102.6
2003-03-30,118.3841,101.1
2003-03-31,116.3595,99.2
2003-04-01,114.4586,101.8
2003-04-02,114.144,108.7
2003-04-03,116.6667,113.1
2003-04-04,119.4984,119.7
2003-04-05,123.4314,127.0
2003-04-06,129.4906,133.8
2003-04-07,135.2617,134.3
2003-04-08,138.5516,129.8
2003-04-09,142.4801,145.3
2003-04-10,142.1419,145.5
2003-04-11,143.0219,156.1
2003-04-12,139.0884,154.3
2003-04-13,139.5336,157.4
2003-04-14,137.0472,155.8
2003-04-15,133.694,151.0
2003-04-16,127.1233,159.0
2003-04-17,122.2072,150.1
2003-04-18,118.6185,144.4
2003-04-19,116.9661,131.1
2003-04-20,115.7635,124.1
2003-04-21,114.3457,112.2
2003-04-22,113.8126,102.8
2003-04-23,113.5975,98.9
2003-04-24,113.6494,94.5
2003-04-25,115.0308,93.4
2003-04-26,114.4717,95.8
2003-04-27,114.9154,98.1
2003-04-28,116.0865,98.3
2003-04-29,118.7105,101.4
2003-04-30,122.2505,104.9
2003-05-01,125.7204,104.7
2003-05-02,130.0662,111.5
2003-05-03,133.671,117.4
2003-05-04,135.6419,120.0
2003-05-05,135.4993,122.2
2003-05-06,141.7943,121.3
2003-05-07,142.6997,120.9
2003-05-08,143.7089,119.8
2003-05-09,143.8858,124.3
2003-05-10,142.793,128.4
2003-05-11,140.1771,132.3
2003-05-12,137.3162,133.7
2003-05-13,135.8713,127.8
2003-05-14,131.5939,120.4
2003-05-15,128.2894,116.3
2003-05-16,122.9123,115.5
2003-05-17,119.8176,124.8
2003-05-18,116.1412,117.8
2003-05-19,113.5424,108.7
2003-05-20,112.5364,117.0
2003-05-21,110.366,129.4
2003-05-22,109.6825,137.2
2003-05-23,110.4163,158.0
2003-05-24,111.6736,163.1
2003-05-25,112.4092,182.0
2003-05-26,113.8847,198.9
2003-05-27,115.7041,168.6
2003-05-28,116.2768,155.8
2003-05-29,118.0369,137.7
2003-05-30,120.6221,132.8
2003-05-31,122.3037,126.5
2003-06-01,123.0388,125.8
2003-06-02,124.2298,124.3
2003-06-03,124.4384,122.55
2003-06-04,124.2438,120.8
2003-06-05,125.8031,118.8
2003-06-06,127.0571,113.9
2003-06-07,128.5367,117.2
2003-06-08,130.0125,118.3
2003-06-09,129.1306,120.2
2003-06-10,128.8867,122.9
2003-06-11,130.5038,128.1
2003-06-12,130.1743,128.1
2003-06-13,132.673,131.6
2003-06-14,131.3966,132.5
2003-06-15,130.303,135.6
2003-06-16,132.2209,139.3
2003-06-17,136.3489,136.7
2003-06-18,139.2657,144.8
2003-06-19,145.0619,146.7
2003-06-20,146.4343,135.3
2003-06-21,148.9385,137.8
2003-06-22,152.44,135.7
2003-06-23,141.8219,130.2
2003-06-24,135.968,126.9
2003-06-25,130.2089,126.1
2003-06-26,127.5327,125.5
2003-06-27,125.6941,130.7
2003-06-28,125.0196,131.4
2003-06-29,124.6869,129.9
2003-06-30,124.1012,137.5
2003-07-01,124.0669,143.2
2003-07-02,123.9621,144.3
2003-07-03,122.3379,150.8
2003-07-04,124.0817,162.4
2003-07-05,124.9982,160.7
2003-07-06,126.1863,157.4
2003-07-07,127.5362,148.7
2003-07-08,129.2112,129.2
2003-07-09,130.0881,115.1
2003-07-10,131.5389,105.9
2003-07-11,131.6887,104.9
2003-07-12,132.6442,106.6
2003-07-13,133.5197,103.0
2003-07-14,132.9922,101.7
2003-07-15,135.7508,105.2
2003-07-16,136.333,110.6
2003-07-17,133.9245,114.7
2003-07-18,135.2023,123.6
2003-07-19,134.7882,126.0
2003-07-20,133.432,134.4
2003-07-21,133.4762,132.4
2003-07-22,134.6482,140.9
2003-07-23,135.2872,136.6
2003-07-24,136.7861,133.6
2003-07-25,137.3883,134.7
2003-07-26,136.8325,132.7
2003-07-27,139.1943,126.6
2003-07-28,140.8747,134.3
2003-07-29,140.7302,133.1
2003-07-30,141.8316,134.7
2003-07-31,142.1747,130.1
2003-08-01,139.809,122.3
2003-08-02,136.0699,118.7
2003-08-03,132.8435,119.5
2003-08-04,127.1132,114.5
2003-08-05,122.7316,122.0
2003-08-06,120.8289,123.7
2003-08-07,121.4162,122.9
2003-08-08,122.1171,120.95
2003-08-09,120.924,119.0
2003-08-10,121.2463,123.4
2003-08-11,121.8506,128.3
2003-08-12,124.1253,121.1
2003-08-13,126.4333,118.7
2003-08-14,129.6434,116.2
2003-08-15,130.7727,111.8
2003-08-16,133.1849,110.1
2003-08-17,132.6034,107.6
2003-08-18,134.5628,112.4
2003-08-19,133.849,114.1
2003-08-20,132.6473,109.8
2003-08-21,132.5758,106.6
2003-08-22,131.5237,109.4
2003-08-23,129.6633,100.3
2003-08-24,131.1125,97.3
2003-08-25,131.1492,100.6
2003-08-26,131.4927,98.0
2003-08-27,130.126,95.6
2003-08-28,127.6587,97.3
2003-08-29,126.1141,95.8
2003-08-30,126.2948,98.4
2003-08-31,125.1228,100.4
2003-09-01,126.651,107.0
2003-09-02,125.9608,110.2
2003-09-03,125.8845,112.1
2003-09-04,124.9945,116.5
2003-09-05,124.09,120.9
2003-09-06,123.4558,123.5
2003-09-07,123.953,125.7
2003-09-08,121.2968,134.3
2003-09-09,119.5294,133.4
2003-09-10,119.3476,131.8
2003-09-11,117.5705,130.3
2003-09-12,116.9261,137.6
2003-09-13,116.5699,135.6
2003-09-14,117.9413,133.3
2003-09-15,118.3291,137.1
2003-09-16,116.6028,125.0
2003-09-17,116.0565,120.3
2003-09-18,117.0756,119.0
2003-09-19,114.3548,109.6
2003-09-20,113.5022,112.0
2003-09-21,114.4439,111.8
2003-09-22,114.1667,113.1
2003-09-23,113.7043,110.5
2003-09-24,114.5807,111.4
2003-09-25,114.1976,105.4
2003-09-26,114.9621,97.4
2003-09-27,115.4607,94.0
2003-09-28,117.9456,91.9
2003-09-29,119.7388,95.3
2003-09-30,120.8513,94.6
2003-10-01,123.9749,98.1
2003-10-02,126.036,107.8
2003-10-03,126.8004,119.4
2003-10-04,128.2559,133.9
2003-10-05,129.4066,150.2
2003-10-06,129.0513,152.0
2003-10-07,128.5074,181.3
2003-10-08,127.2744,188.5
2003-10-09,128.349,219.0
2003-10-10,126.5049,240.6
2003-10-11,123.6965,254.0
2003-10-12,122.8079,268.4
2003-10-13,118.6284,275.4
2003-10-14,116.0202,267.6
2003-10-15,115.4414,245.2
2003-10-16,112.1091,233.2
2003-10-17,112.4398,187.4
2003-10-18,112.343,164.2
2003-10-19,112.9252,165.6
2003-10-20,112.7962,112.1
2003-10-21,113.7226,96.1
2003-10-22,112.5862,89.4
2003-10-23,112.4043,91.0
2003-10-24,112.0871,91.2
2003-10-25,113.9156,92.8
2003-10-26,116.6398,93.7
2003-10-27,118.2451,95.8
2003-10-28,122.2695,100.0
2003-10-29,128.0057,96.8
2003-10-30,134.3518,95.6
2003-10-31,140.3675,102.0
2003-11-01,146.592,118.2
2003-11-02,147.8747,141.0
2003-11-03,157.0008,151.5
2003-11-04,161.0318,171.0
2003-11-05,168.0817,172.8
2003-11-06,173.7532,171.9
2003-11-07,176.0909,173.8
2003-11-08,180.3585,172.8
2003-11-09,180.6611,166.3
2003-11-10,176.515,166.5
2003-11-11,168.2406,170.1
2003-11-12,161.2211,163.2
2003-11-13,145.8952,161.4
2003-11-14,135.3172,148.6
2003-11-15,131.9371,139.3
2003-11-16,116.4216,135.4
2003-11-17,111.0636,120.3
2003-11-18,109.3034,112.5
2003-11-19,110.0583,108.5
2003-11-20,111.2475,105.7
2003-11-21,112.088,89.3
2003-11-22,112.571,90.9
2003-11-23,114.0689,89.4
2003-11-24,116.4839,86.5
2003-11-25,117.0184,83.4
2003-11-26,118.6604,84.5
2003-11-27,123.4912,85.0
2003-11-28,130.6053,89.5
2003-11-29,139.5847,97.7
2003-11-30,144.1965,103.0
2003-12-01,151.3469,113.8
2003-12-02,154.1572,119.1
2003-12-03,154.6299,118.6
2003-12-04,155.1832,125.9
2003-12-05,154.4748,129.1
2003-12-06,152.3132,133.2
2003-12-07,150.4558,137.4
2003-12-08,150.9019,134.4
2003-12-09,146.6951,134.6
2003-12-10,143.8416,132.7
2003-12-11,138.3416,124.3
2003-12-12,133.5465,115.1
2003-12-13,129.2166,110.7
2003-12-14,121.7638,104.2
2003-12-15,117.1708,104.4
2003-12-16,114.4701,112.2
2003-12-17,113.2552,112.6
2003-12-18,109.1873,112.3
2003-12-19,109.1202,115.5
2003-12-20,108.9478,119.0
2003-12-21,108.2987,113.4
2003-12-22,108.8769,114.9
2003-12-23,109.9676,116.1
2003-12-24,111.2358,114.4
2003-12-25,113.8269,115.3
2003-12-26,117.2429,114.6
2003-12-27,119.3222,114.4
2003-12-28,123.5609,114.1
2003-12-29,126.1393,117.1
2003-12-30,127.8309,115.2
2003-12-31,130.9846,116.4
2004-01-01,132.7206,118.6
2004-01-02,133.9596,115.6
2004-01-03,135.4503,130.3
2004-01-04,134.5203,124.8
2004-01-05,133.6873,126.0
2004-01-06,132.035,117.9
2004-01-07,129.8073,111.6
2004-01-08,127.3368,104.1
2004-01-09,124.9796,99.1
2004-01-10,122.0125,95.0
2004-01-11,120.6013,90.8
2004-01-12,121.5816,85.9
2004-01-13,121.506,84.8
2004-01-14,120.2925,89.9
2004-01-15,119.7048,91.6
2004-01-16,119.2465,94.5
2004-01-17,117.1607,98.5
2004-01-18,116.8269,96.6
2004-01-19,117.3362,98.6
2004-01-20,116.4954,102.5
2004-01-21,116.6614,103.7
2004-01-22,116.1802,108.1
2004-01-23,115.8865,113.1
2004-01-24,115.3656,114.7
2004-01-25,116.0828,113.5
2004-01-26,115.9296,111.2
2004-01-27,115.8615,109.3
2004-01-28,116.071,105.1
2004-01-29,115.0353,101.1
2004-01-30,118.8293,99.6
2004-01-31,116.6331,96.3
2004-02-01,116.4664,99.5
2004-02-02,114.035,95.4
2004-02-03,112.5057,94.2
2004-02-04,110.1495,93.2
2004-02-05,108.7671,96.0
2004-02-06,106.8752,101.7
2004-02-07,105.46,102.1
2004-02-08,103.6315,103.4
2004-02-09,103.218,116.1
2004-02-10,103.8779,118.4
2004-02-11,103.9943,119.8
2004-02-12,103.9547,113.6
2004-02-13,104.7993,108.0
2004-02-14,104.2559,100.0
2004-02-15,104.7606,97.1
2004-02-16,106.0593,88.9
2004-02-17,106.5945,95.9
2004-02-18,107.7904,105.0
2004-02-19,109.3709,102.9
2004-02-20,108.9813,104.6
2004-02-21,109.1471,106.3
2004-02-22,108.8408,107.2
2004-02-23,107.9087,111.1
2004-02-24,106.4898,111.7
2004-02-25,106.2091,106.2
2004-02-26,105.7906,102.6
2004-02-27,104.7449,101.3
2004-02-28,104.987,100.3
2004-02-29,104.144,108.5
2004-03-01,104.0834,108.8
2004-03-02,103.5206,114.4
2004-03-03,103.5293,111.3
2004-03-04,105.0092,112.7
2004-03-05,105.2465,110.4
2004-03-06,105.4423,115.6
2004-03-07,108.9883,117.6
2004-03-08,108.8735,119.0
2004-03-09,109.526,126.4
2004-03-10,108.2269,123.2
2004-03-11,106.6617,127.2
2004-03-12,104.4159,128.6
2004-03-13,103.8764,128.3
2004-03-14,102.0725,126.4
2004-03-15,103.9171,121.0
2004-03-16,107.1581,112.6
2004-03-17,106.8823,108.1
2004-03-18,107.4094,107.4
2004-03-19,108.1252,109.0
2004-03-20,108.342,108.9
2004-03-21,109.5686,101.6
2004-03-22,110.0127,98.4
2004-03-23,108.8504,93.8
2004-03-24,107.8206,90.3
2004-03-25,107.7359,88.1
2004-03-26,108.2803,90.0
2004-03-27,110.8099,91.8
2004-03-28,111.4019,93.6
2004-03-29,113.0148,95.8
2004-03-30,113.1303,97.4
2004-03-31,113.6844,97.6
2004-04-01,112.5777,99.0
2004-04-02,114.1973,110.0
2004-04-03,115.1057,114.5
2004-04-04,115.3536,111.8
2004-04-05,117.3437,113.9
2004-04-06,116.0375,118.4
2004-04-07,115.6355,116.6
2004-04-08,115.5439,112.9
2004-04-09,113.2741,108.4
2004-04-10,111.8134,100.9
2004-04-11,109.9377,96.4
2004-04-12,107.255,90.7
2004-04-13,105.5597,89.8
2004-04-14,105.4189,90.8
2004-04-15,105.5886,95.7
2004-04-16,104.8241,99.1
2004-04-17,102.9047,92.8
2004-04-18,102.8746,88.9
2004-04-19,102.2969,90.1
2004-04-20,101.0795,88.0
2004-04-21,100.3821,86.8
2004-04-22,101.3869,88.9
2004-04-23,102.1781,95.0
2004-04-24,103.1401,94.8
2004-04-25,104.2609,92.0
2004-04-26,104.8982,100.9
2004-04-27,104.937,103.0
2004-04-28,104.8407,112.1
2004-04-29,107.6834,117.9
2004-04-30,108.8884,121.0
2004-05-01,108.9004,113.7
2004-05-02,109.9753,110.4
2004-05-03,110.6482,111.4
2004-05-04,110.1337,107.2
2004-05-05,108.7016,109.6
2004-05-06,106.9547,105.0
2004-05-07,104.7253,106.6
2004-05-08,102.9806,107.9
2004-05-09,100.7698,105.1
2004-05-10,100.1255,106.1
2004-05-11,100.2537,104.6
2004-05-12,101.9918,105.2
2004-05-13,102.8545,104.0
2004-05-14,101.7557,102.4
2004-05-15,100.2086,98.1
2004-05-16,100.6124,92.5
2004-05-17,99.5382,93.0
2004-05-18,99.1339,92.6
2004-05-19,100.4222,92.0
2004-05-20,102.4181,87.0
2004-05-21,103.3317,91.0
2004-05-22,102.9117,91.2
2004-05-23,105.6725,88.6
2004-05-24,106.8395,87.9
2004-05-25,109.7743,85.0
2004-05-26,111.9376,86.5
2004-05-27,112.7385,90.7
2004-05-28,110.8463,98.2
2004-05-29,110.444,103.1
2004-05-30,109.9966,112.9
2004-05-31,108.7623,115.1
2004-06-01,108.7303,114.9
2004-06-02,106.7599,111.3
2004-06-03,106.6989,116.4
2004-06-04,106.238,123.0
2004-06-05,104.406,119.6
2004-06-06,103.6432,120.5
2004-06-07,102.5397,116.2
2004-06-08,102.1029,111.9
2004-06-09,101.486,106.3
2004-06-10,100.9934,102.2
2004-06-11,99.0374,97.3
2004-06-12,96.8695,92.4
2004-06-13,96.8834,87.9
2004-06-14,97.3931,84.5
2004-06-15,98.1583,84.0
2004-06-16,97.6863,83.4
2004-06-17,98.7274,82.2
2004-06-18,98.6143,82.1
2004-06-19,98.3232,80.9
2004-06-20,98.7737,81.6
2004-06-21,98.923,81.9
2004-06-22,100.5609,84.6
2004-06-23,102.4673,89.6
2004-06-24,105.1474,96.4
2004-06-25,106.9941,107.9
2004-06-26,109.948,129.2
2004-06-27,110.6623,131.6
2004-06-28,110.3702,142.6
2004-06-29,108.8226,150.5
2004-06-30,109.2623,151.3
2004-07-01,110.3768,154.1
2004-07-02,108.3404,160.2
2004-07-03,107.797,175.8
2004-07-04,105.7409,180.8
2004-07-05,103.6171,177.7
2004-07-06,101.0545,178.4
2004-07-07,99.1418,170.4
2004-07-08,97.3948,151.8
2004-07-09,95.3758,143.9
2004-07-10,93.5715,132.0
2004-07-11,92.8611,121.8
2004-07-12,93.856,103.8
2004-07-13,94.0828,102.8
2004-07-14,94.8571,91.4
2004-07-15,95.6109,89.0
2004-07-16,96.0263,85.8
2004-07-17,97.5405,87.0
2004-07-18,100.0021,90.1
2004-07-19,103.1479,87.9
2004-07-20,106.8739,91.5
2004-07-21,110.8328,93.6
2004-07-22,116.4191,97.3
2004-07-23,123.7408,107.7
2004-07-24,125.4737,117.0
2004-07-25,129.2638,124.7
2004-07-26,132.267,134.3
2004-07-27,133.0566,151.1
2004-07-28,135.1687,152.5
2004-07-29,137.3541,153.1
2004-07-30,142.3444,142.4
2004-07-31,141.8432,137.0
2004-08-01,139.142,138.3
2004-08-02,135.9238,143.3
2004-08-03,129.2491,123.5
2004-08-04,121.6433,124.2
2004-08-05,117.4656,122.8
2004-08-06,112.0452,117.8
2004-08-07,107.9413,111.9
2004-08-08,102.4697,107.2
2004-08-09,102.3917,102.5
2004-08-10,99.4042,99.5
2004-08-11,98.9406,92.3
2004-08-12,99.4845,88.9
2004-08-13,99.9723,87.7
2004-08-14,101.8344,91.6
2004-08-15,102.0911,89.7
2004-08-16,104.4425,91.5
2004-08-17,106.642,95.6
2004-08-18,109.8981,98.3
2004-08-19,113.3715,100.9
2004-08-20,117.3444,104.8
2004-08-21,121.7416,108.2
2004-08-22,125.3373,120.7
2004-08-23,130.449,126.3
2004-08-24,130.6682,132.8
2004-08-25,130.741,131.8
2004-08-26,127.9369,117.9
2004-08-27,125.8423,116.0
2004-08-28,124.7976,119.1
2004-08-29,125.276,116.0
2004-08-30,119.7232,110.8
2004-08-31,118.1771,109.4
2004-09-01,116.3834,105.5
2004-09-02,114.1164,103.6
2004-09-03,111.2872,106.1
2004-09-04,109.4207,101.3
2004-09-05,107.4233,95.6
2004-09-06,105.7629,92.0
2004-09-07,103.454,90.8
2004-09-08,102.2626,89.9
2004-09-09,102.3277,89.9
2004-09-10,103.4375,89.9
2004-09-11,102.5418,90.2
2004-09-12,104.0197,90.2
2004-09-13,106.1182,90.0
2004-09-14,106.974,88.4
2004-09-15,108.5617,88.1
2004-09-16,110.7522,88.1
2004-09-17,112.7548,89.1
2004-09-18,116.6113,90.7
2004-09-19,118.4407,90.8
2004-09-20,119.8791,92.0
2004-09-21,119.6116,93.7
2004-09-22,115.8702,90.4
2004-09-23,115.2579,87.7
2004-09-24,115.1496,88.7
2004-09-25,114.3192,86.6
2004-09-26,112.2839,87.2
2004-09-27,111.2986,89.4
2004-09-28,109.5304,90.2
2004-09-29,108.1654,88.6
2004-09-30,108.0471,91.1
2004-10-01,105.6775,91.2
2004-10-02,102.6511,95.5
2004-10-03,100.8219,98.2
2004-10-04,99.2123,110.3
2004-10-05,97.6211,111.0
2004-10-06,97.2828,121.2
2004-10-07,96.8179,130.2
2004-10-08,96.4908,138.7
2004-10-09,96.4713,141.5
2004-10-10,95.7573,135.0
2004-10-11,94.7117,127.8
2004-10-12,94.6235,134.0
2004-10-13,95.1563,128.8
2004-10-14,95.0941,134.4
2004-10-15,95.7653,137.1
2004-10-16,96.4894,133.4
2004-10-17,97.0445,131.0
2004-10-18,98.3203,129.4
2004-10-19,98.4389,128.6
2004-10-20,98.0585,138.8
2004-10-21,99.2796,126.5
2004-10-22,99.6065,127.2
2004-10-23,100.5203,121.7
2004-10-24,101.5929,124.2
2004-10-25,102.2183,102.6
2004-10-26,102.2479,93.0
2004-10-27,103.5857,94.0
2004-10-28,105.065,94.4
2004-10-29,106.9031,98.1
2004-10-30,108.9431,103.3
2004-10-31,113.5134,104.2
2004-11-01,115.5186,102.5
2004-11-02,119.5838,101.6
2004-11-03,122.4158,100.9
2004-11-04,125.2407,96.9
2004-11-05,126.1573,98.5
2004-11-06,123.9737,103.7
2004-11-07,122.1821,104.2
2004-11-08,123.392,104.5
2004-11-09,122.0552,106.6
2004-11-10,122.1297,108.2
2004-11-11,122.2427,107.4
2004-11-12,120.7057,109.8
2004-11-13,118.5786,108.4
2004-11-14,117.3723,107.5
2004-11-15,116.0694,107.8
2004-11-16,117.0417,102.6
2004-11-17,112.4188,97.9
2004-11-18,110.4692,94.6
2005-02-18,100.4034,82.3
2005-02-19,102.1315,85.7
2005-02-20,102.6712,92.2
2005-02-21,104.0917,98.5
2005-02-22,104.1995,100.3
2005-02-23,104.9616,103.6
2005-02-24,104.5706,108.8
2005-02-25,104.4874,112.5
2005-02-26,104.5508,110.3
2005-02-27,101.6764,107.0
2005-02-28,99.3703,103.6
2005-03-01,96.4303,100.7
2005-03-02,94.0728,95.7
2005-03-03,92.0373,92.2
2005-03-04,90.7899,88.3
2005-03-05,89.016,89.2
2005-03-06,86.4131,86.7
2005-03-07,84.9453,87.1
2005-03-08,84.345,86.6
2005-03-09,83.9294,81.7
2005-03-10,83.942,77.4
2005-03-11,84.3238,78.1
2005-03-12,84.5943,79.4
2005-03-13,85.5131,78.6
2005-03-14,86.3362,77.5
2005-03-15,87.5817,76.5
2005-03-16,88.7454,78.2
2005-03-17,89.4891,80.2
2005-03-18,91.5554,81.1
2005-03-19,94.2293,84.9
2005-03-20,96.85,88.5
2005-03-21,98.809,88.2
2005-03-22,100.0783,88.0
2005-03-23,102.212,87.9
2005-03-24,102.5846,88.8
2005-03-25,101.7155,88.6
2005-03-26,100.0561,87.9
2005-03-27,97.9074,85.3
2005-03-28,96.0865,84.0
2005-03-29,93.6166,86.0
2005-03-30,91.508,85.5
2005-03-31,89.6007,83.6
2005-04-01,89.4682,84.2
2005-04-02,88.4043,82.0
2005-04-03,87.7844,78.9
2005-04-04,87.2605,77.8
2005-04-05,85.7345,77.9
2005-04-06,84.4127,78.1
2005-04-07,84.5,80.2
2005-04-08,84.3215,83.2
2005-04-09,83.9493,87.1
2005-04-10,83.6247,92.1
2005-04-11,83.0638,96.6
2005-04-12,83.4102,99.4
2005-04-13,83.7601,106.5
2005-04-14,84.8608,108.0
2005-04-15,86.2553,113.4
2005-04-16,87.4292,113.3
2005-04-17,87.3578,114.2
2005-04-18,87.6871,110.6
2005-04-19,87.6637,111.0
2005-04-20,87.8585,112.4
2005-04-21,88.2323,101.8
2005-04-22,87.7154,103.2
2005-04-23,87.2155,112.2
2005-04-24,86.7514,121.6
2005-04-25,87.5841,127.9
2005-04-26,87.5007,119.9
2005-04-27,87.1234,115.5
2005-04-28,87.2072,101.7
2005-04-29,86.8402,105.2
2005-04-30,86.5637,101.4
2005-05-01,86.7815,92.0
2005-05-02,86.6353,85.8
2005-05-03,87.2257,86.7
2005-05-04,87.9096,85.6
2005-05-05,89.9547,83.9
2005-05-06,92.1741,84.2
2005-05-07,93.9023,85.5
2005-05-08,95.9676,87.4
2005-05-09,97.3953,86.0
2005-05-10,99.7146,92.8
2005-05-11,100.7453,98.1
2005-05-12,102.3966,95.1
2005-05-13,103.1143,95.3
2005-05-14,103.261,97.5
2005-05-15,102.9619,99.0
2005-05-16,103.8905,96.9
2005-05-17,102.9155,96.0
2005-05-18,100.0624,98.0
2005-05-19,99.6274,99.8
2005-05-20,101.744,108.6
2005-05-21,102.5551,109.2
2005-05-22,102.8465,112.4
2005-05-23,100.1099,119.3
2005-05-24,98.0338,119.7
2005-05-25,94.0839,117.9
2005-05-26,94.9383,111.4
2005-05-27,94.2008,106.3
2005-05-28,90.7529,94.7
2005-05-29,89.3305,96.8
2005-05-30,89.6344,97.5
2005-05-31,89.7915,100.2
2005-06-01,89.726,93.7
2005-06-02,89.5511,92.9
2005-06-03,90.5704,89.8
2005-06-04,91.0799,88.9
2005-06-05,91.7209,85.5
2005-06-06,93.7716,82.1
2005-06-07,96.2771,80.1
2005-06-08,96.4919,79.2
2005-06-09,97.1545,79.3
2005-06-10,98.2445,81.3
2005-06-11,99.0974,80.0
2005-06-12,99.2803,82.6
2005-06-13,99.0231,91.2
2005-06-14,100.2485,104.85
2005-06-15,101.2874,118.5
2005-06-16,104.41,128.0
2005-06-17,103.9077,134.1
2005-06-18,104.6069,127.8
2005-06-19,105.6311,131.0
2005-06-20,105.5265,127.2
2005-06-21,104.7169,125.5
2005-06-22,101.328,114.2
2005-06-23,97.9038,111.9
2005-06-24,94.0477,105.2
2005-06-25,93.4363,96.4
2005-06-26,93.0896,99.4
2005-06-27,93.1864,94.5
2005-06-28,90.7053,92.9
2005-06-29,90.6744,90.1
2005-06-30,90.6158,78.8
2005-07-01,91.1012,76.5
2005-07-02,91.626,74.4
2005-07-03,91.98,73.5
2005-07-04,92.1127,74.4
2005-07-05,92.0353,75.2
2005-07-06,92.7154,75.9
2005-07-07,95.3008,82.7
2005-07-08,96.1581,82.8
2005-07-09,98.4918,86.5
2005-07-10,101.8494,89.2
2005-07-11,106.9258,93.4
2005-07-12,111.7773,98.7
2005-07-13,114.7905,106.9
2005-07-14,115.6209,108.2
2005-07-15,113.4966,113.1
2005-07-16,113.4548,114.6
2005-07-17,110.8142,113.5
2005-07-18,109.3687,112.2
2005-07-19,104.5424,109.2
2005-07-20,102.5786,101.7
2005-07-21,100.0461,96.1
2005-07-22,96.4722,94.9
2005-07-23,96.579,88.9
2005-07-24,94.3724,84.7
2005-07-25,92.9775,78.3
2005-07-26,91.487,77.9
2005-07-27,88.0712,78.3
2005-07-28,86.7118,77.4
2005-07-29,86.7637,76.7
2005-07-30,86.3149,77.7
2005-07-31,86.5694,77.7
2005-08-01,87.6201,78.9
2005-08-02,88.4602,84.7
2005-08-03,91.2644,95.3
2005-08-04,92.1037,100.4
2005-08-05,94.402,100.8
2005-08-06,95.7701,107.2
2005-08-07,97.6193,109.3
2005-08-08,99.2667,100.7
2005-08-09,102.4287,94.4
2005-08-10,103.0403,95.2
2005-08-11,104.8664,94.0
2005-08-12,105.431,91.6
2005-08-13,104.4167,90.9
2005-08-14,103.479,87.6
2005-08-15,102.0221,85.6
2005-08-16,98.5229,80.6
2005-08-17,96.1957,78.5
2005-08-18,94.5158,75.4
2005-08-19,92.4914,75.8
2005-08-20,91.3616,76.2
2005-08-21,89.5342,82.4
2005-08-22,89.5324,93.6
2005-08-23,90.0183,92.4
2005-08-24,89.153,100.6
2005-08-25,88.3642,117.6
2005-08-26,88.3549,111.1
2005-08-27,88.6762,119.5
2005-08-28,88.9178,115.0
2005-08-29,90.9287,117.9
2005-08-30,93.9991,120.6
2005-08-31,95.2838,112.9
2005-09-01,94.7593,104.9
2005-09-02,95.9388,103.2
2005-09-03,96.4103,91.9
2005-09-04,94.4085,88.5
2005-09-05,92.6072,86.7
2005-09-06,93.2127,84.3
2005-09-07,93.1861,83.3
2005-09-08,92.6027,81.9
2005-09-09,93.3323,81.4
2005-09-10,93.975,81.7
2005-09-11,93.5265,77.2
2005-09-12,92.77,74.9
2005-09-13,91.6145,74.0
2005-09-14,90.6354,72.4
2005-09-15,91.2117,72.3
2005-09-16,91.6602,75.0
2005-09-17,94.3809,74.4
2005-09-18,98.0149,82.7
2005-09-19,97.1346,81.3
2005-09-20,98.676,79.4
2005-09-21,102.361,78.7
2005-09-22,99.9136,78.0
2005-09-23,102.0453,78.7
2005-09-24,100.3869,78.8
2005-09-25,100.3924,77.3
2005-09-26,99.8463,76.5
2005-09-27,97.1023,77.6
2005-09-28,94.8183,78.0
2005-09-29,93.6225,79.1
2005-09-30,89.9599,78.7
2005-10-01,88.2052,77.5
2005-10-02,87.4231,77.7
2005-10-03,86.4549,77.2
2005-10-04,86.4021,76.0
2005-10-05,85.8078,74.6
2005-10-06,85.1321,74.0
2005-10-07,84.5377,73.4
2005-10-08,82.8628,72.5
2005-10-09,81.9697,72.1
2005-10-10,81.446,71.2
2005-10-11,80.5443,70.7
2005-10-12,80.4851,72.1
2005-10-13,81.3784,73.1
2005-10-14,81.4813,74.5
2005-10-15,83.8857,76.7
2005-10-16,84.0423,76.1
2005-10-17,83.4334,76.8
2005-10-18,83.5331,75.5
2005-10-19,83.6537,76.1
2005-10-20,83.7284,77.9
2005-10-21,83.7285,80.3
2005-10-22,83.2178,78.0
2005-10-23,82.628,77.9
2005-10-24,82.5782,76.6
2005-10-25,82.0354,76.4
2005-10-26,81.6865,77.0
2005-10-27,81.15,81.4
2005-10-28,80.3571,86.0
2005-10-29,80.0202,90.4
2005-10-30,79.9739,97.8
2005-10-31,79.1572,91.8
2005-11-01,78.6044,98.2
2005-11-02,78.4577,98.8
2005-11-03,78.2131,99.6
2005-11-04,77.6303,94.1
2005-11-05,77.6069,92.4
2005-11-06,77.3103,90.3
2005-11-07,77.0109,87.5
2005-11-08,77.3056,84.4
2005-11-09,77.5536,77.9
2005-11-10,77.66,78.7
2005-11-11,78.5333,78.6
2005-11-12,78.5907,79.7
2005-11-13,79.1887,82.4
2005-11-14,79.3539,92.0
2005-11-15,80.1214,95.5
2005-11-16,80.9647,101.3
2005-11-17,81.9546,98.4
2005-11-18,81.6333,92.5
2005-11-19,81.9728,89.0
2005-11-20,81.5413,86.5
2005-11-21,81.5798,86.3
2005-11-22,82.124,86.9
2005-11-23,83.5766,86.4
2005-11-24,84.5,88.7
2005-11-25,85.0837,90.2
2005-11-26,86.702,85.6
2005-11-27,84.7492,85.2
2005-11-28,86.3258,86.8
2005-11-29,86.3828,84.2
2005-11-30,87.4855,83.1
2005-12-01,86.6571,82.5
2005-12-02,86.9103,82.8
2005-12-03,86.503,86.6
2005-12-04,85.5555,84.9
2005-12-05,84.7485,83.7
2005-12-06,82.8171,84.8
2005-12-07,82.4895,90.1
2005-12-08,82.3994,88.9
2005-12-09,82.469,88.8
2005-12-10,83.0335,89.5
2005-12-11,86.0459,89.2
2005-12-12,86.6299,86.1
2005-12-13,88.1803,87.4
2005-12-14,87.482,86.9
2005-12-15,85.7276,84.5
2005-12-16,84.5145,84.5
2005-12-17,83.7459,81.7
2005-12-18,83.3299,82.1
2005-12-19,83.8614,81.2
2005-12-20,83.8201,80.6
2005-12-21,84.5992,79.3
2005-12-22,85.6016,76.6
2005-12-23,84.5616,75.6
2005-12-24,84.5902,75.0
2005-12-25,85.149,75.2
2005-12-26,85.0891,74.7
2005-12-27,85.6095,74.0
2005-12-28,85.867,74.0
2005-12-29,86.2879,74.9
2005-12-30,86.8057,78.3
2005-12-31,86.2582,81.1
2006-01-01,85.9386,79.8
2006-01-02,85.7779,82.9
2006-01-03,86.6116,85.8
2006-01-04,85.9931,87.9
2006-01-05,85.3965,90.9
2006-01-06,85.3037,89.9
2006-01-07,85.0639,89.6
2006-01-08,84.3049,89.8
2006-01-09,84.304,86.3
2006-01-10,83.9822,84.2
2006-01-11,83.2521,81.0
2006-01-12,82.6883,77.6
2006-01-13,81.7528,77.2
2006-01-14,81.85,76.5
2006-01-15,81.3448,75.3
2006-01-16,81.2134,75.3
2006-01-17,80.787,75.1
2006-01-18,79.9856,76.4
2006-01-19,80.0642,74.9
2006-01-20,79.9053,74.2
2006-01-21,80.4076,72.9
2006-01-22,80.5448,72.0
2006-01-23,80.6881,72.0
2006-01-24,81.1296,72.8
2006-01-25,81.3553,73.2
2006-01-26,82.0785,74.1
2006-01-27,82.8404,74.1
2006-01-28,82.0825,74.4
2006-01-29,82.8522,75.4
2006-01-30,83.7226,76.6
2006-01-31,84.5315,77.3
2006-02-01,85.7722,77.3
2006-02-02,85.9499,76.7
2006-02-03,85.7217,74.8
2006-02-04,85.3279,74.5
2006-02-05,83.9985,74.2
2006-02-06,82.6083,74.4
2006-02-07,81.5641,73.6
2006-02-08,80.2349,74.4
2006-02-09,79.5355,74.5
2006-02-10,78.8936,75.0
2006-02-11,78.5891,75.5
2006-02-12,78.1273,75.7
2006-02-13,78.1303,75.6
2006-02-14,78.4045,74.7
2006-02-15,78.0473,74.2
2006-02-16,77.744,73.8
2006-02-17,77.546,73.0
2006-02-18,77.1295,72.5
2006-02-19,76.8178,73.3
2006-02-20,77.036,71.3
2006-02-21,76.9972,71.8
2006-02-22,77.3074,71.2
2006-02-23,77.0173,73.1
2006-02-24,77.0962,72.3
2006-02-25,77.5101,71.7
2006-02-26,78.0985,72.8
2006-02-27,78.3273,73.4
2006-02-28,78.3955,71.7
2006-03-01,78.3685,71.3
2006-03-02,77.7469,71.7
2006-03-03,77.6977,74.6
2006-03-04,77.4902,76.2
2006-03-05,77.3231,76.1
2006-03-06,76.7041,75.4
2006-03-07,76.5641,76.1
2006-03-08,76.1277,75.4
2006-03-09,76.2182,75.2
2006-03-10,76.0081,73.3
2006-03-11,76.1083,74.0
2006-03-12,76.0541,79.0
2006-03-13,75.8673,81.5
2006-03-14,75.6388,83.7
2006-03-15,75.3854,86.1
2006-03-16,75.1311,86.9
2006-03-17,74.8045,91.1
2006-03-18,74.7668,100.4
2006-03-19,74.5047,99.6
2006-03-20,75.1199,99.1
2006-03-21,75.0327,99.1
2006-03-22,75.7078,94.7
2006-03-23,75.418,91.3
2006-03-24,75.1848,89.5
2006-03-25,75.4806,89.1
2006-03-26,75.4629,90.1
2006-03-27,74.9521,81.6
2006-03-28,75.1514,80.5
2006-03-29,75.4134,79.4
2006-03-30,76.349,78.9
2006-03-31,76.9911,77.0
2006-04-01,77.0662,78.5
2006-04-02,77.3796,76.1
2006-04-03,78.3767,76.5
2006-04-04,78.4907,79.3
2006-04-05,78.9663,80.0
2006-04-06,78.9694,83.2
2006-04-07,79.3601,87.7
2006-04-08,81.22,93.9
2006-04-09,82.227,96.3
2006-04-10,83.1585,101.3
2006-04-11,83.8825,102.0
2006-04-12,83.7244,101.5
2006-04-13,84.6877,102.7
2006-04-14,87.302,101.4
2006-04-15,86.7094,94.8
2006-04-16,85.8453,90.9
2006-04-17,85.5348,90.4
2006-04-18,84.1497,93.4
2006-04-19,83.3042,88.2
2006-04-20,82.5959,88.6
2006-04-21,82.5446,87.8
2006-04-22,82.894,86.3
2006-04-23,80.8528,84.2
2006-04-24,80.9926,79.8
2006-04-25,80.8556,77.9
2006-04-26,81.2102,77.3
2006-04-27,81.1405,75.0
2006-04-28,81.4184,73.6
2006-04-29,81.0516,73.2
2006-04-30,81.2745,73.1
2006-05-01,81.9485,73.6
2006-05-02,82.3518,75.0
2006-05-03,83.3661,77.1
2006-05-04,85.1406,78.0
2006-05-05,86.4723,79.4
2006-05-06,87.5219,85.1
2006-05-07,88.8856,86.3
2006-05-08,89.9672,85.9
2006-05-09,90.1295,85.9
2006-05-10,90.1277,83.8
2006-05-11,89.362,85.2
2006-05-12,87.4944,87.0
2006-05-13,86.3203,83.3
2006-05-14,85.9125,82.3
2006-05-15,86.6826,80.6
2006-05-16,85.3414,79.4
2006-05-17,85.2559,77.5
2006-05-18,84.8749,78.1
2006-05-19,83.7426,77.8
2006-05-20,83.0287,80.2
2006-05-21,81.9448,80.3
2006-05-22,81.5061,85.2
2006-05-23,81.0784,82.5
2006-05-24,80.2569,80.0
2006-05-25,80.1344,78.5
2006-05-26,79.783,76.7
2006-05-27,79.7734,76.5
2006-05-28,79.6371,79.5
2006-05-29,80.0166,77.7
2006-05-30,81.0107,78.8
2006-05-31,81.6122,77.7
2006-06-01,81.915,75.6
2006-06-02,83.8528,75.7
2006-06-03,84.253,75.7
2006-06-04,84.6719,75.3
2006-06-05,85.5371,75.1
2006-06-06,85.0075,74.4
2006-06-07,86.5661,74.1
2006-06-08,87.0268,76.1
2006-06-09,86.0605,76.5
2006-06-10,85.3696,79.0
2006-06-11,84.3904,81.2
2006-06-12,83.3706,86.3
2006-06-13,82.6287,88.4
2006-06-14,82.6652,89.0
2006-06-15,82.2792,88.4
2006-06-16,82.8964,90.0
2006-06-17,82.3081,88.8
2006-06-18,83.4471,95.1
2006-06-19,82.6028,87.5
2006-06-20,81.2163,87.9
2006-06-21,80.6633,82.6
2006-06-22,79.8194,80.0
2006-06-23,79.8175,77.1
2006-06-24,80.961,75.2
2006-06-25,80.577,73.6
2006-06-26,81.023,72.9
2006-06-27,80.744,72.2
2006-06-28,80.5668,73.3
2006-06-29,80.5319,72.6
2006-06-30,80.4163,73.2
2006-07-01,80.1514,73.3
2006-07-02,80.3587,73.6
2006-07-03,80.0401,73.4
2006-07-04,79.915,74.5
2006-07-05,80.2084,75.0
2006-07-06,80.7969,75.9
2006-07-07,81.6315,78.9
2006-07-08,82.1051,79.5
2006-07-09,83.3177,77.9
2006-07-10,83.6375,77.0
2006-07-11,83.3427,76.7
2006-07-12,82.9076,74.9
2006-07-13,83.2671,75.2
2006-07-14,82.6909,76.2
2006-07-15,83.8383,74.6
2006-07-16,81.323,74.9
2006-07-17,80.8782,74.3
2006-07-18,79.3277,73.4
2006-07-19,78.4248,71.6
2006-07-20,77.8134,71.5
2006-07-21,76.9383,71.5
2006-07-22,76.6007,71.8
2006-07-23,76.4641,73.4
2006-07-24,76.5214,76.1
2006-07-25,76.5059,82.5
2006-07-26,76.1937,86.2
2006-07-27,76.2811,87.0
2006-07-28,76.2372,88.1
2006-07-29,76.0838,88.6
2006-07-30,75.9246,87.8
2006-07-31,75.9951,96.4
2006-08-01,76.0583,88.0
2006-08-02,76.4731,90.6
2006-08-03,77.1015,90.9
2006-08-04,77.0453,90.2
2006-08-05,76.6412,89.8
2006-08-06,76.5013,82.7
2006-08-07,76.3112,80.1
2006-08-08,76.0759,79.9
2006-08-09,76.4501,78.9
2006-08-10,77.1931,77.3
2006-08-11,77.2969,80.2
2006-08-12,77.5073,78.0
2006-08-13,77.5484,74.4
2006-08-14,77.3988,75.7
2006-08-15,77.0042,84.7
2006-08-16,77.3213,78.3
2006-08-17,77.0612,76.9
2006-08-18,77.1319,77.8
2006-08-19,77.8139,80.3
2006-08-20,78.8318,81.7
2006-08-21,81.1173,85.3
2006-08-22,81.7857,88.1
2006-08-23,81.8306,88.5
2006-08-24,81.8444,86.7
2006-08-25,81.9689,88.5
2006-08-26,83.3916,85.7
2006-08-27,85.5531,85.1
2006-08-28,83.0936,83.9
2006-08-29,83.464,83.8
2006-08-30,83.3579,81.0
2006-08-31,83.2895,80.1
2006-09-01,82.4092,78.8
2006-09-02,80.3544,75.1
2006-09-03,79.6591,74.0
2006-09-04,79.709,71.5
2006-09-05,79.6445,72.0
2006-09-06,79.6688,72.9
2006-09-07,80.7069,70.9
2006-09-08,80.3011,70.3
2006-09-09,79.5946,70.6
2006-09-10,80.4005,71.0
2006-09-11,82.7622,72.4
2006-09-12,81.3396,73.3
2006-09-13,80.7801,76.8
2006-09-14,81.1483,77.9
2006-09-15,81.8699,78.6
2006-09-16,82.4134,78.0
2006-09-17,82.6706,76.7
2006-09-18,82.9916,76.7
2006-09-19,82.9309,77.3
2006-09-20,81.7936,76.3
2006-09-21,81.7812,76.4
2006-09-22,80.9255,75.1
2006-09-23,79.9483,74.8
2006-09-24,79.3558,75.0
2006-09-25,79.1805,73.3
2006-09-26,78.367,73.3
2006-09-27,78.025,72.9
2006-09-28,77.6246,72.0
2006-09-29,76.7535,70.7
2006-09-30,76.8557,69.1
2006-10-01,76.5302,69.1
2006-10-02,76.6824,69.0
2006-10-03,76.7618,69.0
2006-10-04,75.9996,70.4
2006-10-05,75.8746,74.0
2006-10-06,75.82,75.1
2006-10-07,75.9307,75.7
2006-10-08,76.227,74.0
2006-10-09,76.5051,73.9
2006-10-10,77.538,71.0
2006-10-11,77.7793,71.1
2006-10-12,77.98,73.7
2006-10-13,77.5762,72.3
2006-10-14,77.1706,74.6
2006-10-15,76.9805,78.9
2006-10-16,77.1345,85.3
2006-10-17,76.8551,86.8
2006-10-18,76.7144,86.0
2006-10-19,76.5714,84.0
2006-10-20,76.5723,83.2
2006-10-21,77.1789,82.1
2006-10-22,76.7708,85.6
2006-10-23,76.7382,84.8
2006-10-24,76.6091,87.7
2006-10-25,75.9119,89.3
2006-10-26,75.1738,95.0
2006-10-27,74.4677,94.7
2006-10-28,74.4584,93.2
2006-10-29,74.2273,92.5
2006-10-30,74.4397,94.0
2006-10-31,75.2363,92.0
2006-11-01,76.9053,87.4
2006-11-02,77.8445,86.8
2006-11-03,78.3321,82.9
2006-11-04,78.2433,78.6
2006-11-05,78.4612,75.6
2006-11-06,77.7088,74.6
2006-11-07,77.7157,74.9
2006-11-08,78.0629,75.5
2006-11-09,78.2723,76.5
2006-11-10,79.288,76.2
2006-11-11,81.0709,80.2
2006-11-12,82.9726,83.2
2006-11-13,83.4138,82.7
2006-11-14,83.3981,81.8
2006-11-15,83.1891,81.8
2006-11-16,83.2142,84.8
2006-11-17,82.8612,84.6
2006-11-18,83.7942,93.6
2006-11-19,83.4928,99.4
2006-11-20,83.8552,99.7
2006-11-21,84.0461,94.4
2006-11-22,85.6189,93.1
2006-11-23,84.9703,89.6
2006-11-24,84.1676,87.3
2006-11-25,83.7939,89.4
2006-11-26,83.754,101.0
2006-11-27,83.0601,93.5
2006-11-28,81.9054,91.4
2006-11-29,81.3414,85.4
2006-11-30,80.362,80.0
2006-12-01,78.8473,79.5
2006-12-02,78.3626,73.0
2006-12-03,78.4662,72.0
2006-12-04,79.1442,70.3
2006-12-05,79.8409,71.6
2006-12-06,80.4249,72.2
2006-12-07,80.2223,71.2
2006-12-08,81.3761,71.9
2006-12-09,82.3438,73.9
2006-12-10,82.5953,72.5
2006-12-11,82.6164,70.9
2006-12-12,83.49,73.8
2006-12-13,84.0405,75.8
2006-12-14,84.1192,78.2
2006-12-15,86.7028,82.3
2006-12-16,88.0067,85.5
2006-12-17,88.0471,88.6
2006-12-18,86.0634,84.8
2006-12-19,85.2691,88.0
2006-12-20,83.9141,86.5
2006-12-21,82.9623,85.6
2006-12-22,84.0274,85.3
2006-12-23,86.5531,85.7
2006-12-24,83.9603,89.1
2006-12-25,82.8975,83.3
2006-12-26,80.7108,81.2
2006-12-27,78.751,81.0
2006-12-28,78.3779,78.7
2006-12-29,76.7082,79.4
2006-12-30,76.3905,79.3
2006-12-31,76.2562,76.1
2007-01-01,77.3401,75.6
2007-01-02,77.3709,74.4
2007-01-03,76.9036,73.9
2007-01-04,77.5484,76.3
2007-01-05,78.2829,76.1
2007-01-06,78.169,76.0
2007-01-07,77.9878,76.8
2007-01-08,79.3391,77.9
2007-01-09,80.7459,77.5
2007-01-10,81.7143,77.3
2007-01-11,83.2384,78.0
2007-01-12,83.8579,79.3
2007-01-13,84.814,84.1
2007-01-14,84.0585,84.9
2007-01-15,84.48,86.6
2007-01-16,83.7189,87.3
2007-01-17,83.5767,87.7
2007-01-18,83.5012,84.8
2007-01-19,83.7281,81.3
2007-01-20,84.8864,80.7
2007-01-21,82.8802,79.6
2007-01-22,82.1919,79.8
2007-01-23,82.1432,76.3
2007-01-24,81.0892,74.6
2007-01-25,81.0705,73.9
2007-01-26,81.0103,72.8
2007-01-27,79.4976,71.8
2007-01-28,79.504,70.9
2007-01-29,79.4023,70.9
2007-01-30,79.1898,71.8
2007-01-31,79.6925,72.9
2007-02-01,79.8449,73.5
2007-02-02,79.9923,74.1
2007-02-03,80.5927,73.2
2007-02-04,80.5831,73.1
2007-02-05,80.5516,73.2
2007-02-06,80.33,73.9
2007-02-07,80.4417,73.6
2007-02-08,80.9696,73.9
2007-02-09,81.9062,75.1
2007-02-10,81.9617,73.9
2007-02-11,82.1413,73.4
2007-02-12,81.6588,74.4
2007-02-13,81.1614,73.4
2007-02-14,80.2178,74.2
2007-02-15,79.126,72.0
2007-02-16,78.8747,71.3
2007-02-17,78.5415,70.8
2007-02-18,78.6155,70.8
2007-02-19,77.4183,71.8
2007-02-20,76.8614,71.4
2007-02-21,76.7221,70.6
2007-02-22,76.3724,70.2
2007-02-23,75.7734,70.1
2007-02-24,75.6088,70.3
2007-02-25,75.5971,70.6
2007-02-26,75.491,69.2
2007-02-27,75.8792,68.5
2007-02-28,76.116,68.0
2007-03-01,76.2725,68.6
2007-03-02,75.9692,69.8
2007-03-03,75.8008,69.5
2007-03-04,75.6049,72.0
2007-03-05,75.7655,72.3
2007-03-06,75.496,72.0
2007-03-07,75.5652,72.0
2007-03-08,75.7335,72.4
2007-03-09,75.211,73.3
2007-03-10,75.0835,73.5
2007-03-11,75.4191,73.0
2007-03-12,74.9902,74.3
2007-03-13,75.1608,73.6
2007-03-14,74.5003,73.9
2007-03-15,74.1748,73.1
2007-03-16,73.8729,71.6
2007-03-17,73.7221,71.1
2007-03-18,74.0406,70.8
2007-03-19,74.0436,70.8
2007-03-20,73.8113,71.0
2007-03-21,73.6266,71.1
2007-03-22,73.4452,71.4
2007-03-23,73.4513,71.3
2007-03-24,73.3906,70.2
2007-03-25,73.1778,69.7
2007-03-26,73.0639,69.5
2007-03-27,72.8207,68.6
2007-03-28,73.0913,68.6
2007-03-29,73.23,68.6
2007-03-30,73.1661,69.8
2007-03-31,73.7919,69.8
2007-04-01,73.8499,69.8
2007-04-02,73.4092,69.3
2007-04-03,73.462,68.9
2007-04-04,73.565,69.1
2007-04-05,73.5927,69.4
2007-04-06,73.5916,69.7
2007-04-07,73.5151,69.8
2007-04-08,73.8131,74.0
2007-04-09,73.5896,77.4
2007-04-10,73.5988,81.5
2007-04-11,73.3715,83.8
2007-04-12,72.8968,86.1
2007-04-13,72.7803,86.0
2007-04-14,72.7458,88.2
2007-04-15,72.8378,87.6
2007-04-16,73.0046,88.8
2007-04-17,73.1425,84.4
2007-04-18,73.0082,83.9
2007-04-19,72.819,82.4
2007-04-20,72.2353,79.4
2007-04-21,71.854,77.1
2007-04-22,71.6739,74.7
2007-04-23,71.468,73.5
2007-04-24,71.5844,72.6
2007-04-25,71.7937,72.9
2007-04-26,72.3071,72.9
2007-04-27,72.855,75.0
2007-04-28,73.2996,74.4
2007-04-29,73.3969,78.5
2007-04-30,73.9555,78.9
2007-05-01,74.3547,78.3
2007-05-02,74.6921,77.6
2007-05-03,75.0363,76.6
2007-05-04,75.3481,75.9
2007-05-05,76.7866,75.0
2007-05-06,77.9048,73.7
2007-05-07,78.3347,71.9
2007-05-08,78.5554,71.7
2007-05-09,79.1988,69.9
2007-05-10,79.0356,69.5
2007-05-11,79.2426,68.8
2007-05-12,78.6204,70.5
2007-05-13,79.038,71.5
2007-05-14,77.6634,72.6
2007-05-15,77.8461,76.7
2007-05-16,77.6538,81.6
2007-05-17,77.0032,85.6
2007-05-18,76.4474,89.5
2007-05-19,75.8041,88.2
2007-05-20,75.4102,84.8
2007-05-21,75.0511,87.13
2007-05-22,74.7724,88.11
2007-05-23,74.4366,86.8
2007-05-24,74.6667,81.0
2007-05-25,74.286,78.2
2007-05-26,75.2957,75.6
2007-05-27,75.2981,72.6
2007-05-28,75.1837,73.1
2007-05-29,74.9099,70.6
2007-05-30,74.5739,71.3
2007-05-31,74.479,70.2
2007-06-01,74.9593,68.9
2007-06-02,75.4087,68.8
2007-06-03,75.5719,68.5
2007-06-04,75.6801,67.8
2007-06-05,75.2041,67.6
2007-06-06,75.7948,67.5
2007-06-07,75.7832,68.1
2007-06-08,76.4489,69.1
2007-06-09,76.2889,69.8
2007-06-10,76.615,72.8
2007-06-11,77.6326,75.7
2007-06-12,78.8739,77.4
2007-06-13,79.7532,77.8
2007-06-14,80.3666,76.4
2007-06-15,79.5751,76.8
2007-06-16,78.6667,75.1
2007-06-17,78.9287,74.2
2007-06-18,78.9655,74.9
2007-06-19,78.3767,73.9
2007-06-20,76.6976,73.5
2007-06-21,75.9254,75.5
2007-06-22,75.0349,77.6
2007-06-23,74.2915,79.7
2007-06-24,74.2298,80.8
2007-06-25,73.546,81.1
2007-06-26,73.5974,79.5
2007-06-27,73.4903,80.6
2007-06-28,73.1794,78.2
2007-06-29,73.085,77.1
2007-06-30,72.9457,75.3
2007-07-01,72.6806,74.7
2007-07-02,72.6697,71.8
2007-07-03,72.5733,70.5
2007-07-04,72.7954,69.5
2007-07-05,73.4393,68.6
2007-07-06,73.8668,68.3
2007-07-07,74.9462,69.3
2007-07-08,76.0408,70.2
2007-07-09,77.2245,70.8
2007-07-10,77.7012,70.6
2007-07-11,77.6928,70.9
2007-07-12,77.5222,72.1
2007-07-13,77.1906,71.1
2007-07-14,77.0735,71.0
2007-07-15,77.2067,70.1
2007-07-16,76.6005,70.4
2007-07-17,76.3742,71.5
2007-07-18,76.375,72.4
2007-07-19,76.7818,71.4
2007-07-20,76.9467,70.9
2007-07-21,77.3064,72.0
2007-07-22,77.0959,71.0
2007-07-23,76.5982,71.0
2007-07-24,76.7919,69.3
2007-07-25,76.093,69.3
2007-07-26,75.4632,69.5
2007-07-27,74.8131,70.0
2007-07-28,74.7884,69.5
2007-07-29,74.0418,70.3
2007-07-30,72.9806,69.3
2007-07-31,72.4825,69.0
2007-08-01,71.8586,69.3
2007-08-02,71.8428,69.6
2007-08-03,72.0934,69.4
2007-08-04,72.4131,70.7
2007-08-05,72.5554,70.9
2007-08-06,72.5976,71.6
2007-08-07,72.6466,72.4
2007-08-08,73.0472,73.2
2007-08-09,72.6488,73.1
2007-08-10,72.4979,71.6
2007-08-11,72.3219,70.7
2007-08-12,72.4346,71.6
2007-08-13,72.7938,71.0
2007-08-14,73.3034,73.0
2007-08-15,73.06,72.2
2007-08-16,73.0391,72.1
2007-08-17,73.0847,70.6
2007-08-18,72.9126,69.1
2007-08-19,72.8256,69.4
2007-08-20,72.3734,68.8
2007-08-21,72.3963,67.8
2007-08-22,72.2933,68.2
2007-08-23,72.3236,67.6
2007-08-24,72.2503,67.7
2007-08-25,72.5382,67.9
2007-08-26,72.011,67.0
2007-08-27,71.7425,66.7
2007-08-28,71.8618,67.2
2007-08-29,71.7803,67.6
2007-08-30,71.6266,68.5
2007-08-31,72.075,67.8
2007-09-01,72.1994,67.6
2007-09-02,72.3285,67.1
2007-09-03,72.6077,67.4
2007-09-04,72.8006,67.4
2007-09-05,72.7409,67.4
2007-09-06,72.1926,67.2
2007-09-07,71.721,66.8
2007-09-08,72.0056,66.5
2007-09-09,71.7747,66.6
2007-09-10,72.3668,66.8
2007-09-11,72.0008,67.4
2007-09-12,71.9864,67.4
2007-09-13,71.4646,67.8
2007-09-14,70.9021,65.1
2007-09-15,70.9714,67.8
2007-09-16,70.7991,66.5
2007-09-17,70.4204,67.3
2007-09-18,70.4697,67.4
2007-09-19,70.3093,67.8
2007-09-20,70.4053,68.9
2007-09-21,70.3604,68.1
2007-09-22,70.0226,67.9
2007-09-23,69.8996,68.6
2007-09-24,69.9942,67.9
2007-09-25,70.1179,68.6
2007-09-26,70.3035,68.3
2007-09-27,70.1129,67.3
2007-09-28,70.1595,66.7
2007-09-29,70.0505,66.8
2007-09-30,70.0785,66.7
2007-10-01,70.1381,67.0
2007-10-02,70.0079,67.7
2007-10-03,69.9373,66.8
2007-10-04,69.8212,66.3
2007-10-05,69.7025,66.6
2007-10-06,69.8955,66.0
2007-10-07,69.8883,66.4
2007-10-08,70.0001,66.8
2007-10-09,69.9585,66.3
2007-10-10,69.9803,66.7
2007-10-11,69.3209,66.2
2007-10-12,69.9576,66.6
2007-10-13,69.5809,66.2
2007-10-14,69.6222,66.3
2007-10-15,69.4738,66.1
2007-10-16,69.5306,66.3
2007-10-17,69.8216,66.8
2007-10-18,69.583,66.5
2007-10-19,69.4776,66.5
2007-10-20,69.6874,66.2
2007-10-21,69.4451,67.3
2007-10-22,69.6378,66.9
2007-10-23,69.5737,68.4
2007-10-24,69.2728,68.2
2007-10-25,69.0665,68.4
2007-10-26,69.1461,67.7
2007-10-27,69.1133,68.3
2007-10-28,69.22,68.4
2007-10-29,69.3747,68.9
2007-10-30,69.1811,67.7
2007-10-31,69.046,69.1
2007-11-01,69.1398,68.2
2007-11-02,68.9815,67.2
2007-11-03,69.0877,67.9
2007-11-04,69.1627,68.0
2007-11-05,69.014,67.4
2007-11-06,69.1761,68.0
2007-11-07,69.0366,68.3
2007-11-08,69.178,69.5
2007-11-09,69.0488,68.8
2007-11-10,69.0438,69.6
2007-11-11,68.9151,69.6
2007-11-12,68.9748,69.3
2007-11-13,69.0997,69.3
2007-11-14,69.0275,69.2
2007-11-15,68.963,69.9
2007-11-16,68.9841,71.0
2007-11-17,69.1971,70.5
2007-11-18,69.0559,71.5
2007-11-19,69.4625,73.1
2007-11-20,69.4288,75.9
2007-11-21,69.4172,79.8
2007-11-22,69.2164,84.4
2007-11-23,69.3684,86.2
2007-11-24,69.5113,84.3
2007-11-25,69.5581,90.5
2007-11-26,69.303,91.1
2007-11-27,69.6984,90.9
2007-11-28,69.4561,89.0
2007-11-29,69.2336,86.1
2007-11-30,69.3892,79.1
2007-12-01,69.4852,76.9
2007-12-02,69.4609,74.4
2007-12-03,69.6358,72.1
2007-12-04,69.8573,70.2
2007-12-05,70.3382,68.7
2007-12-06,70.3252,69.1
2007-12-07,70.7328,69.1
2007-12-08,71.2484,69.1
2007-12-09,71.7896,69.7
2007-12-10,71.964,70.2
2007-12-11,72.8018,69.7
2007-12-12,73.5064,69.5
2007-12-13,74.2497,70.3
2007-12-14,74.4501,72.5
2007-12-15,75.0268,74.2
2007-12-16,75.3359,76.7
2007-12-17,76.1142,77.0
2007-12-18,76.8606,76.7
2007-12-19,77.7811,76.4
2007-12-20,78.1918,77.1
2007-12-21,77.4572,76.6
2007-12-22,79.0905,75.2
2007-12-23,79.108,73.0
2007-12-24,78.5331,74.0
2007-12-25,77.6545,73.2
2007-12-26,76.492,73.5
2007-12-27,74.3979,73.2
2007-12-28,73.506,72.9
2007-12-29,72.6655,73.1
2007-12-30,71.9095,71.3
2007-12-31,71.3498,70.6
2008-01-01,71.0624,71.3
2008-01-02,71.3744,68.8
2008-01-03,71.5285,68.6
2008-01-04,71.5916,68.0
2008-01-05,71.7951,69.3
2008-01-06,71.9534,68.1
2008-01-07,72.0112,68.4
2008-01-08,71.866,69.1
2008-01-09,72.1681,68.9
2008-01-10,72.8416,70.3
2008-01-11,73.5456,69.8
2008-01-12,74.4101,69.2
2008-01-13,74.6522,69.5
2008-01-14,74.6285,70.6
2008-01-15,74.5189,69.9
2008-01-16,74.6296,69.0
2008-01-17,74.4953,69.8
2008-01-18,73.8807,69.55
2008-01-19,73.473,69.3
2008-01-20,73.6457,68.5
2008-01-21,73.4893,69.6
2008-01-22,73.5777,68.9
2008-01-23,73.4514,69.0
2008-01-24,73.3297,70.3
2008-01-25,73.2167,70.7
2008-01-26,72.867,70.2
2008-01-27,72.5579,70.3
2008-01-28,72.568,68.7
2008-01-29,71.9025,68.8
2008-01-30,71.8338,68.0
2008-01-31,71.6163,68.6
2008-02-01,71.9779,69.4
2008-02-02,71.6886,69.5
2008-02-03,71.8965,70.0
2008-02-04,72.0919,69.3
2008-02-05,71.9183,70.3
2008-02-06,72.2557,70.8
2008-02-07,71.999,70.1
2008-02-08,71.8734,69.3
2008-02-09,71.844,69.9
2008-02-10,72.0839,69.3
2008-02-11,71.8832,69.4
2008-02-12,71.6497,68.7
2008-02-13,71.7787,68.5
2008-02-14,71.8105,67.4
2008-02-15,71.7052,68.0
2008-02-16,71.6539,67.3
2008-02-17,71.9103,67.2
2008-02-18,71.7877,68.2
2008-02-19,71.8299,69.3
2008-02-20,72.1425,69.5
2008-02-21,72.1868,68.8
2008-02-22,72.0935,68.5
2008-02-23,72.1268,69.4
2008-02-24,71.6621,69.3
2008-02-25,71.7181,68.5
2008-02-26,71.4133,68.7
2008-02-27,71.4485,69.1
2008-02-28,71.5597,68.8
2008-02-29,71.5324,69.6
2008-03-01,71.4904,69.1
2008-03-02,71.2106,69.0
2008-03-03,71.3782,68.4
2008-03-04,71.3508,67.9
2008-03-05,71.1419,67.7
2008-03-06,70.9716,69.1
2008-03-07,71.1294,71.5
2008-03-08,70.9729,79.0
2008-03-09,70.9558,88.2
2008-03-10,70.9151,81.2
2008-03-11,70.7789,84.5
2008-03-12,70.3617,82.6
2008-03-13,70.4548,82.4
2008-03-14,70.2023,80.4
2008-03-15,70.2076,79.1
2008-03-16,70.5014,77.7
2008-03-17,70.7795,75.9
2008-03-18,70.8256,76.4
2008-03-19,70.5515,73.1
2008-03-20,70.4215,71.1
2008-03-21,70.5882,69.5
2008-03-22,70.652,69.3
2008-03-23,70.649,70.0
2008-03-24,71.2106,68.2
2008-03-25,72.104,68.1
2008-03-26,72.0323,67.4
2008-03-27,72.7852,68.5
2008-03-28,72.6128,69.7
2008-03-29,72.8028,69.0
2008-03-30,72.7591,69.7
2008-03-31,72.3545,70.0
2008-04-01,72.2509,69.8
2008-04-02,72.766,70.8
2008-04-03,73.8392,71.7
2008-04-04,75.7198,71.5
2008-04-05,77.9421,71.6
2008-04-06,75.6076,72.1
2008-04-07,76.2236,71.5
2008-04-08,75.5771,71.2
2008-04-09,75.2399,70.7
2008-04-10,74.4493,69.9
2008-04-11,73.9652,69.0
2008-04-12,73.5911,69.4
2008-04-13,73.0412,69.6
2008-04-14,73.0845,68.0
2008-04-15,72.3366,69.6
2008-04-16,71.5811,69.2
2008-04-17,70.9073,68.5
2008-04-18,70.829,69.5
2008-04-19,71.0168,68.8
2008-04-20,70.487,68.4
2008-04-21,70.4327,67.8
2008-04-22,70.1914,67.7
2008-04-23,70.5543,68.6
2008-04-24,70.8929,68.7
2008-04-25,70.8518,69.4
2008-04-26,71.0497,69.5
2008-04-27,71.182,69.7
2008-04-28,71.1898,70.5
2008-04-29,71.4535,72.7
2008-04-30,71.7972,73.2
2008-05-01,72.0111,72.8
2008-05-02,71.9674,73.3
2008-05-03,72.1116,70.5
2008-05-04,71.9021,70.2
2008-05-05,71.7773,70.8
2008-05-06,71.7332,71.0
2008-05-07,71.5134,69.6
2008-05-08,71.2388,70.3
2008-05-09,71.5514,70.1
2008-05-10,71.2703,69.8
2008-05-11,70.8338,69.7
2008-05-12,71.0691,69.6
2008-05-13,70.9078,69.9
2008-05-14,70.8612,69.0
2008-05-15,71.3425,68.8
2008-05-16,71.304,68.5
2008-05-17,71.1296,69.0
2008-05-18,71.1077,68.2
2008-05-19,70.8822,67.1
2008-05-20,71.0578,68.4
2008-05-21,71.0156,67.9
2008-05-22,71.2715,67.6
2008-05-23,71.1319,66.9
2008-05-24,71.236,68.0
2008-05-25,71.458,68.2
2008-05-26,72.0552,67.8
2008-05-27,72.2296,69.2
2008-05-28,72.235,68.6
2008-05-29,72.4709,69.2
2008-05-30,71.8256,68.6
2008-05-31,71.6636,67.4
2008-06-01,72.0576,68.1
2008-06-02,72.1634,67.5
2008-06-03,71.7777,67.0
2008-06-04,72.0004,67.3
2008-06-05,71.999,67.0
2008-06-06,71.7769,67.5
2008-06-07,71.6368,67.5
2008-06-08,71.3604,68.0
2008-06-09,71.3815,68.1
2008-06-10,71.0781,67.5
2008-06-11,70.8074,68.3
2008-06-12,70.8713,68.1
2008-06-13,70.902,68.8
2008-06-14,70.652,68.9
2008-06-15,70.2206,67.8
2008-06-16,70.4746,68.2
2008-06-17,70.2676,67.7
2008-06-18,70.1416,67.6
2008-06-19,69.9332,67.3
2008-06-20,70.1711,68.3
2008-06-21,70.1597,67.7
2008-06-22,70.1457,67.8
2008-06-23,70.5011,68.3
2008-06-24,70.3477,67.6
2008-06-25,70.4491,67.9
2008-06-26,70.2666,67.1
2008-06-27,69.9218,67.4
2008-06-28,70.1021,67.8
2008-06-29,69.9327,67.9
2008-06-30,69.8662,66.7
2008-07-01,69.886,67.1
2008-07-02,69.8036,67.4
2008-07-03,69.8913,68.5
2008-07-04,69.859,68.0
2008-07-05,70.0001,68.4
2008-07-06,70.0186,68.0
2008-07-07,69.935,67.6
2008-07-08,70.1394,67.5
2008-07-09,69.9217,67.9
2008-07-10,70.0084,68.1
2008-07-11,70.0625,68.4
2008-07-12,69.7069,68.3
2008-07-13,69.7561,68.1
2008-07-14,69.6029,68.5
2008-07-15,69.5509,67.5
2008-07-16,69.372,68.1
2008-07-17,69.7154,68.2
2008-07-18,69.5454,67.4
2008-07-19,69.6565,68.2
2008-07-20,69.7905,68.4
2008-07-21,69.6392,68.9
2008-07-22,69.749,68.0
2008-07-23,69.4601,67.3
2008-07-24,69.4682,67.3
2008-07-25,69.6496,67.4
2008-07-26,69.5842,67.5
2008-07-27,69.3197,66.9
2008-07-28,69.4083,67.0
2008-07-29,69.499,67.6
2008-07-30,69.7563,67.0
2008-07-31,69.6328,67.8
2008-08-01,69.7871,68.2
2008-08-02,69.6867,67.8
2008-08-03,69.4856,68.9
2008-08-04,69.4836,67.4
2008-08-05,69.5831,68.7
2008-08-06,69.6628,69.1
2008-08-07,69.7126,69.4
2008-08-08,69.6243,68.6
2008-08-09,69.6431,68.0
2008-08-10,69.7018,68.3
2008-08-11,69.3903,68.0
2008-08-12,69.5433,67.4
2008-08-13,69.5943,68.1
2008-08-14,69.3997,68.4
2008-08-15,69.5302,67.9
2008-08-16,69.6132,67.0
2008-08-17,69.7859,67.2
2008-08-18,69.5158,67.3
2008-08-19,69.3797,67.0
2008-08-20,69.2923,66.3
2008-08-21,69.3424,66.8
2008-08-22,69.3794,67.6
2008-08-23,69.2209,68.0
2008-08-24,69.1997,68.0
2008-08-25,69.3346,68.1
2008-08-26,69.2044,67.8
2008-08-27,69.4456,67.1
2008-08-28,69.5185,67.2
2008-08-29,69.4946,67.6
2008-08-30,69.84,68.2
2008-08-31,69.4209,70.1
2008-09-01,69.7182,67.7
2008-09-02,69.7924,67.8
2008-09-03,69.889,68.4
2008-09-04,69.6402,68.4
2008-09-05,69.4211,68.4
2008-09-06,69.5186,69.6
2008-09-07,69.4606,69.8
2008-09-08,69.3267,68.8
2008-09-09,69.5133,68.6
2008-09-10,69.6261,68.0
2008-09-11,69.4728,67.6
2008-09-12,69.2099,67.3
2008-09-13,69.2475,67.0
2008-09-14,69.2902,66.4
2008-09-15,69.2356,65.9
2008-09-16,69.1846,66.4
2008-09-17,69.1724,67.2
2008-09-18,69.3786,66.6
2008-09-19,69.5297,67.4
2008-09-20,69.5018,67.2
2008-09-21,69.5325,66.6
2008-09-22,69.4836,67.5
2008-09-23,69.3258,68.5
2008-09-24,69.405,68.7
2008-09-25,69.4757,70.5
2008-09-26,69.58,69.7
2008-09-27,70.0726,70.5
2008-09-28,69.4784,70.0
2008-09-29,69.4975,70.5
2008-09-30,69.6466,71.4
2008-10-01,69.6603,69.5
2008-10-02,69.6691,68.6
2008-10-03,69.9786,69.0
2008-10-04,69.9438,68.6
2008-10-05,69.7065,68.2
2008-10-06,69.7035,67.0
2008-10-07,69.4778,66.5
2008-10-08,69.319,66.7
2008-10-09,69.2532,66.7
2008-10-10,69.1996,66.0
2008-10-11,69.1808,66.1
2008-10-12,69.0208,66.2
2008-10-13,69.221,65.8
2008-10-14,69.4073,65.9
2008-10-15,69.2507,67.1
2008-10-16,69.5873,65.6
2008-10-17,69.4268,68.0
2008-10-18,69.2506,68.3
2008-10-19,69.469,66.8
2008-10-20,69.6986,66.5
2008-10-21,69.8534,67.3
2008-10-22,70.4286,66.5
2008-10-23,70.3176,67.0
2008-10-24,70.5931,67.1
2008-10-25,70.3688,67.9
2008-10-26,70.3191,70.0
2008-10-27,70.464,69.5
2008-10-28,69.8964,67.6
2008-10-29,69.6902,66.8
2008-10-30,69.7603,66.7
2008-10-31,69.6185,66.2
2008-11-01,69.4354,66.2
2008-11-02,69.2871,68.2
2008-11-03,69.0636,67.7
2008-11-04,68.993,67.9
2008-11-05,68.9777,66.8
2008-11-06,68.7824,67.3
2008-11-07,68.7741,67.2
2008-11-08,68.8148,66.1
2008-11-09,68.7012,66.0
2008-11-10,68.7968,66.5
2008-11-11,69.2252,66.4
2008-11-12,68.7745,65.2
2008-11-13,69.403,66.4
2008-11-14,69.4033,66.5
2008-11-15,68.9825,66.2
2008-11-16,68.8469,67.0
2008-11-17,68.99,67.2
2008-11-18,68.9054,67.6
2008-11-19,69.069,66.8
2008-11-20,69.1833,67.1
2008-11-21,69.3635,67.0
2008-11-22,69.8835,66.4
2008-11-23,69.748,66.7
2008-11-24,69.164,68.7
2008-11-25,68.8977,68.0
2008-11-26,68.7797,68.8
2008-11-27,68.6149,67.5
2008-11-28,68.5328,66.6
2008-11-29,69.1139,66.7
2008-11-30,68.8912,67.2
2008-12-01,68.8899,66.6
2008-12-02,68.6617,66.2
2008-12-03,68.7712,67.0
2008-12-04,68.832,66.9
2008-12-05,68.5199,66.2
2008-12-06,68.5241,65.5
2008-12-07,68.6826,66.3
2008-12-08,68.7019,67.1
2008-12-09,68.4593,67.0
2008-12-10,68.9197,67.0
2008-12-11,68.8965,67.1
2008-12-12,68.8482,67.5
2008-12-13,69.0581,67.5
2008-12-14,69.0665,66.3
2008-12-15,69.1524,67.0
2008-12-16,68.9711,66.6
2008-12-17,69.0186,67.6
2008-12-18,68.9838,67.2
2008-12-19,68.803,66.6
2008-12-20,68.9334,66.9
2008-12-21,69.4049,66.5
2008-12-22,69.2141,66.7
2008-12-23,69.4236,66.5
2008-12-24,69.1142,67.4
2008-12-25,68.796,68.5
2008-12-26,68.7635,67.7
2008-12-27,68.8765,67.0
2008-12-28,68.7247,68.2
2008-12-29,68.6017,68.9
2008-12-30,68.77,68.8
2008-12-31,68.7882,68.5
2009-01-01,68.5241,69.6
2009-01-02,68.3905,68.8
2009-01-03,68.6072,68.6
2009-01-04,68.8197,68.1
2009-01-05,68.7836,67.2
2009-01-06,68.7666,66.9
2009-01-07,68.8082,67.8
2009-01-08,68.947,66.6
2009-01-09,68.9703,67.7
2009-01-10,68.6815,67.8
2009-01-11,68.8749,67.6
2009-01-12,68.7696,67.4
2009-01-13,69.1129,67.3
2009-01-14,69.0442,67.1
2009-01-15,68.8918,67.4
2009-01-16,68.9782,67.5
2009-01-17,68.9716,67.1
2009-01-18,68.9996,67.3
2009-01-19,68.9165,67.5
2009-01-20,69.1586,68.1
2009-01-21,69.3717,68.2
2009-01-22,69.197,69.2
2009-01-23,69.0489,69.3
2009-01-24,69.2535,68.8
2009-01-25,69.5287,65.8
2009-01-26,69.4652,68.5
2009-01-27,69.3884,68.0
2009-01-28,69.635,68.3
2009-01-29,69.4517,68.4
2009-01-30,69.3911,67.9
2009-01-31,69.1893,67.9
2009-02-01,69.0058,69.0
2009-02-02,68.9163,68.2
2009-02-03,69.1262,67.4
2009-02-04,68.839,67.6
2009-02-05,69.1757,69.1
2009-02-06,69.1736,68.8
2009-02-07,69.2337,69.3
2009-02-08,69.2375,69.5
2009-02-09,69.156,69.3
2009-02-10,69.0045,68.6
2009-02-11,69.1827,67.6
2009-02-12,69.124,69.3
2009-02-13,69.0997,68.1
2009-02-14,69.1461,68.0
2009-02-15,69.226,68.0
2009-02-16,69.3653,68.6
2009-02-17,69.3995,68.1
2009-02-18,69.6541,68.0
2009-02-19,69.694,68.0
2009-02-20,69.551,67.9
2009-02-21,68.8575,67.2
2009-02-22,69.5506,67.8
2009-02-23,69.4183,68.0
2009-02-24,69.5481,67.8
2009-02-25,69.6321,67.4
2009-02-26,69.4996,67.7
2009-02-27,69.415,67.7
2009-02-28,69.7644,68.7
2009-03-01,69.4859,68.2
2009-03-02,69.2988,67.8
2009-03-03,69.3447,68.5
2009-03-04,69.798,68.2
2009-03-05,69.783,69.6
2009-03-06,69.8901,68.2
2009-03-07,69.9308,67.6
2009-03-08,69.9352,68.7
2009-03-09,69.6702,68.2
2009-03-10,69.4665,68.8
2009-03-11,69.8897,71.4
2009-03-12,69.5586,70.4
2009-03-13,69.5015,70.7
2009-03-14,69.5003,70.8
2009-03-15,69.6402,71.1
2009-03-16,69.5704,70.7
2009-03-17,69.5225,70.6
2009-03-18,69.5,70.4
2009-03-19,69.4488,70.1
2009-03-20,69.2759,70.5
2009-03-21,69.4792,68.9
2009-03-22,69.4362,70.4
2009-03-23,69.3589,70.2
2009-03-24,69.3505,70.3
2009-03-25,69.3699,69.7
2009-03-26,69.4236,69.7
2009-03-27,69.9746,69.7
2009-03-28,69.7906,68.8
2009-03-29,69.7259,69.9
2009-03-30,69.8996,69.9
2009-03-31,69.8606,70.5
2009-04-01,70.2647,70.4
2009-04-02,69.8666,70.5
2009-04-03,69.678,70.8
2009-04-04,69.9823,70.4
2009-04-05,69.93,71.8
2009-04-06,70.0491,71.9
2009-04-07,70.768,71.4
2009-04-08,70.506,70.5
2009-04-09,70.6341,70.3
2009-04-10,70.5858,70.1
2009-04-11,70.6408,68.6
2009-04-12,70.5506,69.8
2009-04-13,70.4564,70.5
2009-04-14,70.4969,70.5
2009-04-15,70.466,69.6
2009-04-16,70.6502,69.4
2009-04-17,70.2692,69.7
2009-04-18,70.7059,69.2
2009-04-19,70.7634,69.2
2009-04-20,70.699,70.0
2009-04-21,70.6661,70.8
2009-04-22,70.7086,72.2
2009-04-23,70.7032,73.7
2009-04-24,70.4349,73.2
2009-04-25,70.6281,73.3
2009-04-26,70.6543,75.5
2009-04-27,70.7034,75.3
2009-04-28,70.7823,75.5
2009-04-29,70.8755,75.4
2009-04-30,71.0202,75.8
2009-05-01,70.8509,75.7
2009-05-02,71.1789,74.6
2009-05-03,71.2439,74.0
2009-05-04,71.1364,73.2
2009-05-05,70.8446,73.5
2009-05-06,70.8602,73.9
2009-05-07,70.9647,72.2
2009-05-08,70.8326,71.0
2009-05-09,71.2999,70.7
2009-05-10,71.5463,69.9
2009-05-11,71.5997,68.5
2009-05-12,71.5236,69.6
2009-05-13,71.4959,70.1
2009-05-14,71.6054,70.4
2009-05-15,71.4932,70.4
2009-05-16,71.5751,74.6
2009-05-17,71.8203,74.0
2009-05-18,72.1205,74.6
2009-05-19,72.4085,73.1
2009-05-20,72.8474,72.2
2009-05-21,72.7652,71.1
2009-05-22,72.6819,71.0
2009-05-23,73.1202,71.1
2009-05-24,72.9864,71.2
2009-05-25,73.128,71.3
2009-05-26,73.0311,71.4
2009-05-27,73.0793,71.2
2009-05-28,73.2635,70.4
2009-05-29,73.0437,70.3
2009-05-30,72.8239,69.5
2009-05-31,72.7479,70.5
2009-06-01,73.1306,70.0
2009-06-02,73.5069,69.9
2009-06-03,73.1268,69.2
2009-06-04,72.7537,68.8
2009-06-05,72.42,69.2
2009-06-06,71.9422,70.2
2009-06-07,71.4438,70.2
2009-06-08,71.8864,69.1
2009-06-09,72.0242,70.3
2009-06-10,72.1092,69.0
2009-06-11,72.2446,69.3
2009-06-12,73.3259,69.2
2009-06-13,73.1039,70.8
2009-06-14,73.0778,70.5
2009-06-15,72.6007,69.8
2009-06-16,72.3815,68.7
2009-06-17,72.0424,69.5
2009-06-18,71.9197,73.4
2009-06-19,71.8935,74.0
2009-06-20,71.847,71.2
2009-06-21,72.1066,73.7
2009-06-22,72.2814,73.1
2009-06-23,72.2303,71.4
2009-06-24,71.9356,70.1
2009-06-25,71.8849,70.5
2009-06-26,71.5766,70.3
2009-06-27,71.8096,69.5
2009-06-28,71.526,68.8
2009-06-29,71.7446,68.7
2009-06-30,71.5111,68.9
2009-07-01,71.2515,68.4
2009-07-02,71.251,69.2
2009-07-03,71.6218,69.9
2009-07-04,72.064,70.4
2009-07-05,71.9465,69.9
2009-07-06,72.2156,70.0
2009-07-07,72.0527,69.9
2009-07-08,72.12,70.5
2009-07-09,71.8308,71.2
2009-07-10,72.0466,69.8
2009-07-11,71.9054,70.5
2009-07-12,71.6173,70.9
2009-07-13,71.3039,70.4
2009-07-14,71.3913,70.1
2009-07-15,72.3785,70.8
2009-07-16,72.5436,70.2
2009-07-17,71.8103,70.1
2009-07-18,72.4725,69.3
2009-07-19,72.3423,67.8
2009-07-20,71.8467,68.1
2009-07-21,71.5813,68.7
2009-07-22,71.6526,69.7
2009-07-23,71.344,68.8
2009-07-24,71.1254,69.1
2009-07-25,70.9515,69.0
2009-07-26,70.7667,68.4
2009-07-27,70.8782,68.2
2009-07-28,70.7406,68.9
2009-07-29,70.9147,69.4
2009-07-30,71.0185,69.8
2009-07-31,71.2418,70.6
2009-08-01,71.1455,69.8
2009-08-02,71.2387,69.1
2009-08-03,71.155,68.7
2009-08-04,71.2393,69.2
2009-08-05,71.3996,67.9
2009-08-06,71.0848,68.1
2009-08-07,71.2775,68.8
2009-08-08,71.3728,69.1
2009-08-09,71.2948,68.5
2009-08-10,71.2075,68.7
2009-08-11,71.3317,69.1
2009-08-12,71.1553,69.3
2009-08-13,71.1251,69.3
2009-08-14,70.9609,68.5
2009-08-15,70.5662,69.6
2009-08-16,70.742,70.4
2009-08-17,70.7922,69.4
2009-08-18,70.9715,69.8
2009-08-19,70.7051,69.5
2009-08-20,70.7388,69.6
2009-08-21,70.6718,70.3
2009-08-22,70.4732,69.8
2009-08-23,70.3372,70.0
2009-08-24,70.4358,70.2
2009-08-25,70.5312,70.2
2009-08-26,70.6601,70.2
2009-08-27,70.9402,69.8
2009-08-28,70.7907,69.9
2009-08-29,70.6206,69.8
2009-08-30,70.4935,69.9
2009-08-31,70.7024,69.5
2009-09-01,70.4103,69.8
2009-09-02,70.4025,69.6
2009-09-03,70.6084,71.1
2009-09-04,70.6564,71.9
2009-09-05,70.5748,72.5
2009-09-06,70.6464,75.3
2009-09-07,70.8249,76.6
2009-09-08,70.8601,75.0
2009-09-09,70.8933,72.8
2009-09-10,70.677,72.2
2009-09-11,70.9548,72.6
2009-09-12,71.103,73.5
2009-09-13,70.8439,72.5
2009-09-14,70.8996,72.1
2009-09-15,70.7775,72.2
2009-09-16,70.7363,71.7
2009-09-17,70.9177,71.7
2009-09-18,70.7958,71.1
2009-09-19,70.988,69.9
2009-09-20,71.2147,68.8
2009-09-21,71.2228,68.4
2009-09-22,71.4458,68.6
2009-09-23,71.4851,69.0
2009-09-24,71.5118,69.8
2009-09-25,71.6373,70.1
2009-09-26,71.5064,69.8
2009-09-27,71.3602,69.4
2009-09-28,71.4134,70.5
2009-09-29,71.368,70.0
2009-09-30,71.6,69.2
2009-10-01,71.8526,70.2
2009-10-02,72.0106,69.5
2009-10-03,72.8005,70.3
2009-10-04,73.0894,70.3
2009-10-05,72.4779,70.6
2009-10-06,71.6648,70.9
2009-10-07,71.4634,72.1
2009-10-08,71.5366,74.7
2009-10-09,71.7658,74.7
2009-10-10,71.6984,80.3
2009-10-11,71.7075,80.4
2009-10-12,71.7848,78.9
2009-10-13,71.7165,75.6
2009-10-14,71.7225,74.2
2009-10-15,71.4781,74.0
2009-10-16,71.0309,71.2
2009-10-17,70.7545,70.3
2009-10-18,70.5971,70.3
2009-10-19,70.7418,70.2
2009-10-20,70.8787,69.3
2009-10-21,71.1576,69.6
2009-10-22,71.2779,69.3
2009-10-23,71.5286,69.6
2009-10-24,71.5431,70.7
2009-10-25,71.8448,71.3
2009-10-26,72.1523,71.0
2009-10-27,72.0352,71.7
2009-10-28,72.3327,72.6
2009-10-29,72.1654,73.2
2009-10-30,72.4128,73.5
2009-10-31,72.4328,74.5
2009-11-01,72.3616,75.4
2009-11-02,72.3467,74.4
2009-11-03,72.6079,74.9
2009-11-04,73.356,74.4
2009-11-05,73.3137,74.0
2009-11-06,74.7142,74.4
2009-11-07,74.6915,73.8
2009-11-08,74.0781,72.8
2009-11-09,73.329,72.3
2009-11-10,73.0309,72.7
2009-11-11,72.9216,71.7
2009-11-12,72.2539,70.9
2009-11-13,71.8804,70.1
2009-11-14,71.9007,70.4
2009-11-15,71.7583,70.2
2009-11-16,71.4872,69.4
2009-11-17,71.6041,69.6
2009-11-18,71.5323,69.4
2009-11-19,71.972,69.6
2009-11-20,72.308,69.8
2009-11-21,72.5079,69.0
2009-11-22,72.3508,70.0
2009-11-23,72.6186,70.8
2009-11-24,72.7623,71.6
2009-11-25,72.8155,69.9
2009-11-26,72.948,72.2
2009-11-27,73.2304,73.1
2009-11-28,73.4412,76.2
2009-11-29,73.1783,79.0
2009-11-30,73.2814,80.6
2009-12-01,73.1888,84.2
2009-12-02,73.2146,81.6
2009-12-03,73.4681,79.1
2009-12-04,73.2431,81.0
2009-12-05,73.0507,80.0
2009-12-06,72.9584,79.5
2009-12-07,73.0029,75.9
2009-12-08,72.8175,74.6
2009-12-09,72.3911,73.5
2009-12-10,72.2212,73.4
2009-12-11,72.0974,74.3
2009-12-12,72.0083,73.3
2009-12-13,71.9129,72.7
2009-12-14,72.0134,74.3
2009-12-15,72.3692,77.2
2009-12-16,72.7476,72.7
2009-12-17,73.3393,75.4
2009-12-18,72.9402,73.8
2009-12-19,73.4016,70.6
2009-12-20,73.8998,74.3
2009-12-21,74.1794,74.7
2009-12-22,73.8453,75.5
2009-12-23,74.378,74.9
2009-12-24,74.5117,79.0
2009-12-25,75.2072,81.6
2009-12-26,76.0952,86.3
2009-12-27,76.4171,90.2
2009-12-28,77.383,87.5
2009-12-29,76.8747,87.0
2009-12-30,76.2112,82.6
2009-12-31,77.114,81.4
2010-01-01,76.4572,79.9
2010-01-02,76.4652,78.9
2010-01-03,75.2581,81.6
2010-01-04,74.9061,79.1
2010-01-05,74.8662,80.0
2010-01-06,74.825,79.8
2010-01-07,74.9334,82.0
2010-01-08,74.715,81.9
2010-01-09,74.8002,78.7
2010-01-10,75.6643,77.3
2010-01-11,76.671,75.4
2010-01-12,75.8403,74.0
2010-01-13,76.5332,71.1
2010-01-14,76.4561,72.8
2010-01-15,75.7038,73.0
2010-01-16,76.7045,73.1
2010-01-17,76.7597,73.0
2010-01-18,76.8299,72.3
2010-01-19,77.2052,71.8
2010-01-20,78.1591,75.6
2010-01-21,79.2737,85.1
2010-01-22,80.498,87.8
2010-01-23,81.4111,91.2
2010-01-24,80.9266,89.0
2010-01-25,80.3747,88.9
2010-01-26,78.7571,91.8
2010-01-27,78.4375,93.1
2010-01-28,77.7174,91.8
2010-01-29,76.9977,87.2
2010-01-30,77.8723,85.5
2010-01-31,76.9593,84.7
2010-02-01,77.475,84.8
2010-02-02,77.1341,83.1
2010-02-03,77.6029,81.8
2010-02-04,77.4786,82.0
2010-02-05,76.7165,81.7
2010-02-06,77.0301,81.9
2010-02-07,76.9839,82.4
2010-02-08,77.1182,80.9
2010-02-09,76.8392,81.1
2010-02-10,77.2615,78.9
2010-02-11,77.6115,77.1
2010-02-12,78.0484,76.6
2010-02-13,78.122,76.5
2010-02-14,78.0054,78.0
2010-02-15,78.3433,79.0
2010-02-16,79.7837,80.0
2010-02-17,82.48,78.2
2010-02-18,83.5213,77.1
2010-02-19,84.1121,75.4
2010-02-20,83.5514,75.1
2010-02-21,83.7419,76.8
2010-02-22,84.2902,79.3
2010-02-23,84.4686,83.1
2010-02-24,84.3007,88.5
2010-02-25,82.9506,90.7
2010-02-26,82.2071,88.3
2010-02-27,81.6795,85.5
2010-02-28,81.2454,84.3
2010-03-01,80.537,85.9
2010-03-02,80.5414,85.0
2010-03-03,80.7014,83.7
2010-03-04,81.2025,82.8
2010-03-05,80.7174,84.1
2010-03-06,80.6021,81.9
2010-03-07,80.0439,83.3
2010-03-08,79.5171,83.9
2010-03-09,78.959,87.1
2010-03-10,78.6831,85.5
2010-03-11,79.3808,87.8
2010-03-12,79.9314,85.7
2010-03-13,80.9999,82.9
2010-03-14,81.701,82.6
2010-03-15,81.8139,80.9
2010-03-16,81.5063,79.1
2010-03-17,81.5031,76.1
2010-03-18,80.9359,77.4
2010-03-19,80.8272,78.7
2010-03-20,81.4572,79.3
2010-03-21,82.5357,77.7
2010-03-22,83.3086,76.5
2010-03-23,84.7715,75.9
2010-03-24,85.3019,76.3
2010-03-25,85.3141,75.3
2010-03-26,85.0355,74.9
2010-03-27,85.0167,74.9
2010-03-28,85.108,75.3
2010-03-29,84.7432,75.6
2010-03-30,84.115,75.0
2010-03-31,83.3715,75.4
2010-04-01,82.9977,74.5
2010-04-02,82.0273,75.3
2010-04-03,82.0016,76.1
2010-04-04,82.2562,76.4
2010-04-05,83.5437,76.9
2010-04-06,82.4145,76.9
2010-04-07,82.9329,75.8
2010-04-08,81.7716,75.0
2010-04-09,81.0549,76.4
2010-04-10,80.5214,77.0
2010-04-11,79.7602,75.7
2010-04-12,79.1372,77.2
2010-04-13,78.5973,77.3
2010-04-14,79.1008,79.8
2010-04-15,79.3603,79.0
2010-04-16,79.3503,80.8
2010-04-17,78.6294,81.6
2010-04-18,78.3991,83.1
2010-04-19,78.408,84.7
2010-04-20,78.507,80.5
2010-04-21,78.2284,80.5
2010-04-22,77.9763,80.3
2010-04-23,77.7139,76.9
2010-04-24,77.7661,75.1
2010-04-25,77.7818,75.0
2010-04-26,77.6935,72.7
2010-04-27,77.7137,70.9
2010-04-28,77.5486,71.2
2010-04-29,77.7569,71.8
2010-04-30,78.3085,70.0
2010-05-01,78.1767,70.8
2010-05-02,78.4971,70.3
2010-05-03,78.7823,70.2
2010-05-04,78.7142,70.4
2010-05-05,78.9057,72.6
2010-05-06,79.3314,74.3
2010-05-07,79.6675,76.4
2010-05-08,78.9997,74.4
2010-05-09,78.8889,75.1
2010-05-10,78.7739,74.3
2010-05-11,79.3674,74.6
2010-05-12,78.8377,75.2
2010-05-13,79.198,75.7
2010-05-14,79.2919,75.0
2010-05-15,79.8842,74.1
2010-05-16,80.0313,74.8
2010-05-17,79.1234,76.1
2010-05-18,79.159,76.8
2010-05-19,79.0763,74.0
2010-05-20,78.0826,72.4
2010-05-21,77.7149,70.0
2010-05-22,77.6397,70.6
2010-05-23,76.9316,74.0
2010-05-24,76.4607,73.7
2010-05-25,76.4253,75.2
2010-05-26,76.1902,76.9
2010-05-27,75.6518,78.6
2010-05-28,75.6893,78.7
2010-05-29,75.7161,75.1
2010-05-30,75.5058,72.3
2010-05-31,75.4617,73.9
2010-06-01,75.9391,72.7
2010-06-02,76.7048,72.8
2010-06-03,77.4771,71.2
2010-06-04,76.7725,72.3
2010-06-05,76.4987,74.3
2010-06-06,75.6896,75.7
2010-06-07,75.4993,76.5
2010-06-08,76.1008,76.9
2010-06-09,76.0325,76.9
2010-06-10,76.0945,76.9
2010-06-11,76.1382,75.3
2010-06-12,76.5345,76.4
2010-06-13,77.1736,76.0
2010-06-14,77.0324,76.3
2010-06-15,76.1712,75.5
2010-06-16,75.499,75.9
2010-06-17,74.5825,74.8
2010-06-18,74.4247,74.0
2010-06-19,75.2215,75.2
2010-06-20,75.0709,75.2
2010-06-21,75.55,76.6
2010-06-22,76.1905,78.2
2010-06-23,76.9081,82.7
2010-06-24,76.9257,82.6
2010-06-25,75.8687,85.4
2010-06-26,75.247,82.6
2010-06-27,75.9619,81.1
2010-06-28,75.791,80.3
2010-06-29,75.9328,78.4
2010-06-30,75.1811,79.1
2010-07-01,75.2345,81.3
2010-07-02,75.8604,79.4
2010-07-03,76.1572,82.5
2010-07-04,76.476,89.9
2010-07-05,76.4821,92.0
2010-07-06,76.4254,90.5
2010-07-07,76.6696,89.2
2010-07-08,76.4817,87.9
2010-07-09,77.0162,87.9
2010-07-10,77.284,87.1
2010-07-11,77.6351,85.2
2010-07-12,77.2301,88.0
2010-07-13,77.3351,87.2
2010-07-14,76.9426,85.7
2010-07-15,76.4965,83.9
2010-07-16,77.0835,82.1
2010-07-17,77.152,81.5
2010-07-18,77.4508,83.0
2010-07-19,78.3333,83.2
2010-07-20,80.1054,85.1
2010-07-21,80.3466,84.4
2010-07-22,81.855,84.1
2010-07-23,81.3939,84.9
2010-07-24,81.0974,86.5
2010-07-25,81.2002,85.8
2010-07-26,80.763,88.1
2010-07-27,81.0373,86.0
2010-07-28,81.923,86.0
2010-07-29,81.5868,87.4
2010-07-30,82.532,87.8
2010-07-31,84.2341,86.9
2010-08-01,84.7436,83.1
2010-08-02,83.9223,81.8
2010-08-03,83.5131,79.8
2010-08-04,82.6207,78.9
2010-08-05,83.1618,77.3
2010-08-06,83.4579,76.3
2010-08-07,83.3001,76.5
2010-08-08,83.9592,75.2
2010-08-09,83.8696,75.1
2010-08-10,83.65,75.0
2010-08-11,83.5595,74.8
2010-08-12,82.7512,73.3
2010-08-13,82.6493,75.4
2010-08-14,83.1194,76.4
2010-08-15,82.9706,76.0
2010-08-16,83.5316,77.7
2010-08-17,83.2593,78.4
2010-08-18,82.7981,78.5
2010-08-19,82.8176,83.6
2010-08-20,83.1213,83.5
2010-08-21,82.3777,81.0
2010-08-22,82.7264,77.3
2010-08-23,82.2824,75.6
2010-08-24,82.1847,74.7
2010-08-25,82.5758,76.4
2010-08-26,82.3117,79.1
2010-08-27,81.9979,79.3
2010-08-28,80.6744,80.4
2010-08-29,80.0692,81.6
2010-08-30,79.7175,82.1
2010-08-31,79.6477,83.3
2010-09-01,79.4276,83.0
2010-09-02,79.1821,82.9
2010-09-03,79.1899,81.9
2010-09-04,79.4097,83.3
2010-09-05,79.1728,85.2
2010-09-06,79.5868,85.4
2010-09-07,79.299,84.9
2010-09-08,78.6984,83.1
2010-09-09,78.8164,83.4
2010-09-10,79.0082,84.3
2010-09-11,79.0709,83.4
2010-09-12,79.6279,83.5
2010-09-13,80.3637,91.0
2010-09-14,80.9221,90.2
2010-09-15,82.0853,86.9
2010-09-16,82.1184,85.1
2010-09-17,81.5652,80.1
2010-09-18,80.4159,76.1
2010-09-19,79.4908,75.4
2010-09-20,79.4636,74.2
2010-09-21,80.4803,75.0
2010-09-22,81.3466,74.7
2010-09-23,81.6458,76.2
2010-09-24,81.8872,75.7
2010-09-25,82.2357,75.0
2010-09-26,82.7501,74.9
2010-09-27,82.9788,77.7
2010-09-28,82.9776,79.9
2010-09-29,83.4051,81.7
2010-09-30,83.556,86.3
2010-10-01,83.938,83.0
2010-10-02,84.6452,89.9
2010-10-03,84.4879,85.9
2010-10-04,83.7877,83.2
2010-10-05,82.9349,82.7
2010-10-06,82.5643,81.4
2010-10-07,82.2393,83.4
2010-10-08,81.733,81.2
2010-10-09,82.0947,85.2
2010-10-10,83.8497,85.1
2010-10-11,83.0132,86.5
2010-10-12,81.9019,85.3
2010-10-13,81.2195,84.5
2010-10-14,80.3764,83.6
2010-10-15,79.024,80.0
2010-10-16,78.7086,77.9
2010-10-17,78.1902,77.7
2010-10-18,78.8026,77.2
2010-10-19,78.5413,77.8
2010-10-20,78.839,81.6
2010-10-21,78.4792,83.1
2010-10-22,78.1685,83.5
2010-10-23,78.2824,82.2
2010-10-24,79.2756,82.5
2010-10-25,80.5201,83.9
2010-10-26,80.9968,82.8
2010-10-27,82.7653,83.7
2010-10-28,82.4214,83.6
2010-10-29,84.2801,84.6
2010-10-30,84.2075,88.8
2010-10-31,83.245,89.8
2010-11-01,83.7403,89.1
2010-11-02,83.0676,84.5
2010-11-03,83.3608,82.0
2010-11-04,82.5403,77.9
2010-11-05,83.5432,75.8
2010-11-06,83.1675,72.9
2010-11-07,83.6913,73.4
2010-11-08,83.2601,73.9
2010-11-09,83.0919,75.9
2010-11-10,82.6087,74.2
2010-11-11,81.1864,74.5
2010-11-12,80.6966,77.9
2010-11-13,80.8422,80.2
2010-11-14,80.7145,84.0
2010-11-15,81.3381,84.1
2010-11-16,82.7395,84.1
2010-11-17,82.9622,84.4
2010-11-18,82.9792,84.9
2010-11-19,82.3338,85.4
2010-11-20,82.0769,85.9
2010-11-21,82.1288,84.5
2010-11-22,81.2549,84.6
2010-11-23,81.7133,84.2
2010-11-24,81.7814,85.8
2010-11-25,82.4273,84.3
2010-11-26,83.4905,86.7
2010-11-27,83.5237,85.0
2010-11-28,83.7633,87.5
2010-11-29,82.9201,84.2
2010-11-30,82.4803,81.4
2010-12-01,81.0013,79.1
2010-12-02,80.3972,78.0
2010-12-03,79.732,78.3
2010-12-04,79.9374,75.4
2010-12-05,80.0114,75.3
2010-12-06,80.2976,75.2
2010-12-07,79.5758,77.5
2010-12-08,79.8754,76.1
2010-12-09,80.7129,76.8
2010-12-10,81.6302,77.9
2010-12-11,82.5201,77.4
2010-12-12,82.7516,78.0
2010-12-13,82.8062,79.9
2010-12-14,83.5751,80.2
2010-12-15,83.6606,87.9
2010-12-16,83.8522,88.0
2010-12-17,83.6015,88.1
2010-12-18,82.9369,89.1
2010-12-19,82.2569,87.6
2010-12-20,81.5934,84.8
2010-12-21,81.5818,83.9
2010-12-22,80.6795,83.5
2010-12-23,81.137,82.0
2010-12-24,80.7133,80.0
2010-12-25,81.4634,80.6
2010-12-26,80.685,79.9
2010-12-27,80.2116,77.4
2010-12-28,79.8324,76.9
2010-12-29,79.731,76.7
2010-12-30,79.4611,77.6
2010-12-31,79.3584,77.8
2011-01-01,79.7298,79.1
2011-01-02,80.0172,78.4
2011-01-03,81.2681,78.2
2011-01-04,80.5157,79.7
2011-01-05,80.5631,84.8
2011-01-06,81.561,84.9
2011-01-07,81.7056,81.7
2011-01-08,81.5994,79.9
2011-01-09,81.9928,78.0
2011-01-10,82.0786,77.6
2011-01-11,84.098,78.1
2011-01-12,83.84,78.1
2011-01-13,83.6198,79.0
2011-01-14,83.3961,80.2
2011-01-15,82.6111,78.9
2011-01-16,82.3854,77.6
2011-01-17,82.2891,77.0
2011-01-18,81.9113,78.1
2011-01-19,81.6837,79.8
2011-01-20,81.0007,78.7
2011-01-21,81.7172,78.0
2011-01-22,82.5813,80.1
2011-01-23,81.6446,87.3
2011-01-24,81.4304,86.4
2011-01-25,80.8037,89.0
2011-01-26,80.7647,88.9
2011-01-27,80.9376,93.1
2011-01-28,80.883,101.4
2011-01-29,80.8343,109.8
2011-01-30,81.037,110.0
2011-01-31,80.8806,111.4
2011-02-01,81.8706,108.3
2011-02-02,81.9293,121.9
2011-02-03,80.7838,106.9
2011-02-04,80.4677,102.2
2011-02-05,79.7054,94.6
2011-02-06,79.5713,89.0
2011-02-07,80.3147,87.4
2011-02-08,80.8714,87.0
2011-02-09,81.3108,86.4
2011-02-10,81.782,88.4
2011-02-11,81.6398,88.7
2011-02-12,82.2862,94.0
2011-02-13,82.916,108.5
2011-02-14,83.2957,111.4
2011-02-15,83.9394,118.8
2011-02-16,84.2551,124.7
2011-02-17,84.4659,132.5
2011-02-18,86.4344,140.3
2011-02-19,87.9487,149.6
2011-02-20,87.3462,147.7
2011-02-21,88.0058,141.1
2011-02-22,88.3307,129.5
2011-02-23,89.5578,121.5
2011-02-24,91.9223,119.2
2011-02-25,93.6286,111.5
2011-02-26,94.3775,106.1
2011-02-27,94.809,100.3
2011-02-28,94.7161,100.8
2011-03-01,98.9766,89.2
2011-03-02,95.0051,86.8
2011-03-03,93.3161,88.0
2011-03-04,91.4565,91.2
2011-03-05,89.9724,100.2
2011-03-06,90.0448,99.1
2011-03-07,90.9878,104.0
2011-03-08,91.0401,106.9
2011-03-09,92.3352,112.0
2011-03-10,93.248,113.9
2011-03-11,95.1926,115.1
2011-03-12,100.0404,118.1
2011-03-13,102.0067,115.9
2011-03-14,105.2041,117.3
2011-03-15,107.5108,113.1
2011-03-16,111.7424,108.7
2011-03-17,114.8186,107.4
2011-03-18,116.6482,114.0
2011-03-19,115.6668,112.7
2011-03-20,112.9923,109.3
2011-03-21,109.022,117.2
2011-03-22,105.0955,112.5
2011-03-23,103.3725,109.0
2011-03-24,100.7488,105.3
2011-03-25,99.5106,105.2
2011-03-26,97.9212,106.3
2011-03-27,97.9297,110.8
2011-03-28,94.8786,118.4
2011-03-29,93.5418,119.4
2011-03-30,94.5583,130.2
2011-03-31,95.752,120.0
2011-04-01,98.2125,115.3
2011-04-02,98.4847,111.9
2011-04-03,99.9571,111.9
2011-04-04,100.8024,118.1
2011-04-05,101.2522,114.1
2011-04-06,102.5056,116.0
2011-04-07,103.6335,120.4
2011-04-08,104.5098,118.5
2011-04-09,104.6191,113.5
2011-04-10,106.6256,110.8
2011-04-11,106.0859,109.3
2011-04-12,106.2551,111.9
2011-04-13,107.0655,111.2
2011-04-14,108.746,111.1
2011-04-15,109.1318,107.7
2011-04-16,108.7519,111.5
2011-04-17,111.9783,108.8
2011-04-18,109.7673,108.7
2011-04-19,109.4865,106.7
2011-04-20,108.6059,103.7
2011-04-21,107.7521,104.1
2011-04-22,108.7907,104.1
2011-04-23,109.7512,105.7
2011-04-24,112.5921,99.4
2011-04-25,113.4892,96.0
2011-04-26,115.2369,94.7
2011-04-27,111.8163,93.5
2011-04-28,110.2934,93.4
2011-04-29,110.084,96.6
2011-04-30,109.7867,94.3
2011-05-01,111.3713,93.6
2011-05-02,110.7326,92.7
2011-05-03,112.1666,86.4
2011-05-04,113.3395,85.7
2011-05-05,113.01,85.7
2011-05-06,111.6202,86.6
2011-05-07,110.6109,86.3
2011-05-08,110.042,83.8
2011-05-09,110.8648,82.4
2011-05-10,110.9032,84.9
2011-05-11,111.0616,92.3
2011-05-12,110.1436,103.2
2011-05-13,111.1891,113.8
2011-05-14,110.8785,115.0
2011-05-15,110.3401,115.2
2011-05-16,110.0586,116.8
2011-05-17,108.9244,114.8
2011-05-18,108.8964,110.2
2011-05-19,108.7195,105.8
2011-05-20,109.287,105.9
2011-05-21,106.8654,103.2
2011-05-22,105.6783,99.3
2011-05-23,105.0498,92.9
2011-05-24,104.8554,90.2
2011-05-25,104.3423,89.4
2011-05-26,104.5079,87.2
2011-05-27,102.9727,87.3
2011-05-28,102.336,89.4
2011-05-29,101.6357,102.5
2011-05-30,99.6086,104.8
2011-05-31,99.316,106.6
2011-06-01,98.741,107.6
2011-06-02,98.5026,102.4
2011-06-03,98.9752,102.4
2011-06-04,98.1856,99.6
2011-06-05,99.043,98.2
2011-06-06,100.7691,96.0
2011-06-07,102.927,99.5
2011-06-08,106.0442,99.4
2011-06-09,109.869,96.7
2011-06-10,110.3036,93.1
2011-06-11,110.1549,92.2
2011-06-12,110.4538,89.8
2011-06-13,109.618,90.3
2011-06-14,108.046,92.2
2011-06-15,107.4086,90.5
2011-06-16,107.2642,88.5
2011-06-17,105.9409,89.2
2011-06-18,103.7974,87.9
2011-06-19,101.7454,87.7
2011-06-20,99.6172,87.5
2011-06-21,98.8749,88.4
2011-06-22,97.2047,88.7
2011-06-23,96.7933,88.5
2011-06-24,97.4396,93.7
2011-06-25,99.6794,93.1
2011-06-26,100.006,94.7
2011-06-27,99.9922,97.7
2011-06-28,100.1145,97.2
2011-06-29,98.9342,96.9
2011-06-30,98.9432,96.9
2011-07-01,98.9904,107.0
2011-07-02,98.8603,105.3
2011-07-03,99.7117,103.6
2011-07-04,100.6262,103.4
2011-07-05,99.3848,99.1
2011-07-06,98.8786,95.4
2011-07-07,97.5776,91.1
2011-07-08,97.3698,88.9
2011-07-09,97.1022,89.8
2011-07-10,97.661,96.4
2011-07-11,97.738,102.5
2011-07-12,96.8344,110.7
2011-07-13,96.186,115.2
2011-07-14,95.392,116.2
2011-07-15,95.0985,122.2
2011-07-16,94.4029,128.7
2011-07-17,94.6038,125.2
2011-07-18,94.8705,123.5
2011-07-19,95.1375,119.7
2011-07-20,95.4881,112.5
2011-07-21,97.0032,113.2
2011-07-22,96.6437,108.4
2011-07-23,97.1009,106.9
2011-07-24,97.8699,100.2
2011-07-25,98.8637,92.7
2011-07-26,100.1432,86.5
2011-07-27,100.9664,85.7
2011-07-28,103.3763,85.3
2011-07-29,103.5292,90.4
2011-07-30,102.7764,92.7
2011-07-31,102.3478,95.4
2011-08-01,100.8266,100.0
2011-08-02,99.1407,100.2
2011-08-03,97.8817,100.6
2011-08-04,97.2919,102.9
2011-08-05,96.9233,103.3
2011-08-06,98.7562,110.7
2011-08-07,100.3234,106.1
2011-08-08,102.5725,106.4
2011-08-09,104.0938,106.4
2011-08-10,104.6613,106.8
2011-08-11,107.4913,106.0
2011-08-12,110.0888,103.1
2011-08-13,108.4287,103.2
2011-08-14,107.3649,103.2
2011-08-15,106.0513,111.0
2011-08-16,102.7845,113.8
2011-08-17,102.8733,117.5
2011-08-18,101.4214,120.8
2011-08-19,101.4473,121.5
2011-08-20,99.0345,120.7
2011-08-21,96.3424,114.2
2011-08-22,94.7854,114.5
2011-08-23,94.6814,111.7
2011-08-24,95.0884,113.4
2011-08-25,96.9441,117.8
2011-08-26,97.8967,122.9
2011-08-27,99.1276,125.5
2011-08-28,99.7712,131.0
2011-08-29,99.6717,144.3
2011-08-30,100.7272,142.3
2011-08-31,102.0625,144.6
2011-09-01,102.5049,146.2
2011-09-02,104.6504,151.6
2011-09-03,103.9085,142.2
2011-09-04,104.8775,145.5
2011-09-05,106.4695,145.3
2011-09-06,106.8601,151.9
2011-09-07,107.724,159.3
2011-09-08,106.8592,169.8
2011-09-09,107.0935,169.8
2011-09-10,108.5326,149.0
2011-09-11,111.2086,139.6
2011-09-12,112.0181,134.0
2011-09-13,112.9623,137.0
2011-09-14,114.9141,138.5
2011-09-15,114.8106,137.2
2011-09-16,115.1503,131.1
2011-09-17,113.8508,129.1
2011-09-18,114.0737,130.4
2011-09-19,114.2864,126.7
2011-09-20,115.5177,123.9
2011-09-21,119.9153,121.9
2011-09-22,121.9997,118.2
2011-09-23,123.8058,120.7
2011-09-24,126.507,126.0
2011-09-25,131.3431,129.7
2011-09-26,130.5446,133.5
2011-09-27,132.3143,137.0
2011-09-28,133.4794,135.4
2011-09-29,134.193,136.9
2011-09-30,132.6663,150.0
2011-10-01,133.0687,151.6
2011-10-02,133.6065,145.7
2011-10-03,135.1619,146.1
2011-10-04,137.3116,157.8
2011-10-05,139.482,166.3
2011-10-06,137.8628,162.5
2011-10-07,129.8735,153.9
2011-10-08,127.6226,143.8
2011-10-09,124.9263,137.3
2011-10-10,125.2992,130.6
2011-10-11,126.0235,129.9
2011-10-12,126.3121,132.2
2011-10-13,124.7382,121.4
2011-10-14,124.5016,124.9
2011-10-15,125.8393,136.1
2011-10-16,125.7526,136.5
2011-10-17,125.746,151.2
2011-10-18,125.992,157.8
2011-10-19,125.5602,161.1
2011-10-20,126.83,169.0
2011-10-21,130.9078,173.6
2011-10-22,131.3253,178.9
2011-10-23,132.57,177.7
2011-10-24,133.0197,176.7
2011-10-25,132.6377,175.2
2011-10-26,133.5379,170.4
2011-10-27,137.0169,165.3
2011-10-28,137.7861,152.1
2011-10-29,134.941,157.7
2011-10-30,135.814,145.1
2011-10-31,140.1044,139.2
2011-11-01,142.1947,144.4
2011-11-02,141.4208,141.1
2011-11-03,138.6591,136.3
2011-11-04,135.7301,136.6
2011-11-05,135.1288,137.7
2011-11-06,134.1592,138.9
2011-11-07,135.8958,136.5
2011-11-08,137.3201,133.8
2011-11-09,135.8629,131.7
2011-11-10,138.2279,129.3
2011-11-11,142.72,131.7
2011-11-12,144.4739,134.0
2011-11-13,148.8165,136.8
2011-11-14,152.1606,140.1
2011-11-15,152.7175,148.0
2011-11-16,155.9029,152.9
2011-11-17,157.302,155.95
2011-11-18,158.925,159.0
2011-11-19,158.8763,153.6
2011-11-20,157.1492,146.6
2011-11-21,156.4452,144.5
2011-11-22,154.6099,140.4
2011-11-23,152.0655,139.2
2011-11-24,148.0955,135.8
2011-11-25,146.6858,130.2
2011-11-26,142.4533,127.5
2011-11-27,139.3084,129.0
2011-11-28,140.4221,127.9
2011-11-29,139.953,120.3
2011-11-30,138.1206,117.2
2011-12-01,138.0836,115.8
2011-12-02,138.0619,123.3
2011-12-03,138.6861,124.1
2011-12-04,138.0779,133.0
2011-12-05,137.5217,139.9
2011-12-06,137.3802,141.1
2011-12-07,137.2723,133.7
2011-12-08,139.2482,138.1
2011-12-09,141.2157,137.2
2011-12-10,142.9469,140.8
2011-12-11,144.4963,135.7
2011-12-12,146.8188,140.0
2011-12-13,148.0299,142.3
2011-12-14,149.5039,136.4
2011-12-15,148.2403,128.5
2011-12-16,144.7603,129.4
2011-12-17,141.6805,130.3
2011-12-18,140.991,130.2
2011-12-19,138.8096,131.6
2011-12-20,139.1133,136.6
2011-12-21,138.1815,131.0
2011-12-22,136.857,135.9
2011-12-23,135.2407,131.4
2011-12-24,135.7601,137.6
2011-12-25,135.839,124.6
2011-12-26,133.9872,116.1
2011-12-27,131.8488,113.0
2011-12-28,131.6068,120.0
2011-12-29,135.3208,128.0
2011-12-30,136.9596,129.2
2011-12-31,139.387,135.1
2012-01-01,142.2473,134.5
2012-01-02,143.1561,143.4
2012-01-03,140.0344,146.1
2012-01-04,140.6991,136.7
2012-01-05,140.0605,137.2
2012-01-06,140.5578,136.6
2012-01-07,139.0064,139.8
2012-01-08,139.7136,131.5
2012-01-09,141.2143,122.5
2012-01-10,139.4121,124.3
2012-01-11,137.4597,124.7
2012-01-12,137.131,111.0
2012-01-13,137.4249,106.6
2012-01-14,137.507,111.0
2012-01-15,137.7888,113.1
2012-01-16,138.7024,114.1
2012-01-17,137.5332,114.6
2012-01-18,137.9486,107.9
2012-01-19,137.0283,104.0
2012-01-20,137.8066,99.8
2012-01-21,133.5012,108.9
2012-01-22,131.28,104.3
2012-01-23,129.4005,94.6
2012-01-24,131.898,96.6
2012-01-25,133.8013,107.9
2012-01-26,134.82,109.4
2012-01-27,136.4936,107.6
2012-01-28,135.8097,105.7
2012-01-29,136.704,104.8
2012-01-30,137.0631,102.0
2012-01-31,134.3547,100.8
2012-02-01,133.7381,101.3
2012-02-02,133.1319,101.7
2012-02-03,133.3308,102.9
2012-02-04,129.8081,108.7
2012-02-05,126.7867,101.0
2012-02-06,127.501,102.0
2012-02-07,126.5741,101.2
2012-02-08,121.3105,106.7
2012-02-09,118.7786,105.9
2012-02-10,119.5216,104.9
2012-02-11,119.3963,103.5
2012-02-12,118.4195,101.3
2012-02-13,118.1153,100.2
2012-02-14,115.2305,101.6
2012-02-15,113.9742,106.3
2012-02-16,112.3537,114.5
2012-02-17,114.7495,118.2
2012-02-18,113.8839,129.5
2012-02-19,111.8354,136.0
2012-02-20,112.1031,133.7
2012-02-21,114.2318,137.5
2012-02-22,114.6893,143.5
2012-02-23,113.9226,146.9
2012-02-24,113.2183,129.5
2012-02-25,112.6979,128.7
2012-02-26,111.8168,125.0
2012-02-27,110.7685,117.5
2012-02-28,110.2971,109.4
2012-02-29,110.8556,97.6
2012-03-01,111.029,101.4
2012-03-02,112.7887,101.1
2012-03-03,111.026,100.9
2012-03-04,112.1387,98.8
2012-03-05,112.8265,99.2
2012-03-06,114.4183,101.7
2012-03-07,113.5243,104.2
2012-03-08,113.3583,102.1
2012-03-09,113.1304,100.8
2012-03-10,113.0714,101.9
2012-03-11,112.1909,105.2
2012-03-12,112.8498,106.6
2012-03-13,114.2104,111.2
2012-03-14,117.4712,110.4
2012-03-15,119.3022,109.9
2012-03-16,122.4909,107.2
2012-03-17,125.5124,105.9
2012-03-18,124.6465,103.6
2012-03-19,125.6647,102.1
2012-03-20,127.8574,101.0
2012-03-21,128.4619,97.6
2012-03-22,123.9469,98.7
2012-03-23,122.5251,93.5
2012-03-24,119.0859,94.9
2012-03-25,116.7771,93.7
2012-03-26,113.8118,93.8
2012-03-27,110.1164,95.8
2012-03-28,110.6199,98.3
2012-03-29,109.9597,98.8
2012-03-30,109.9107,102.4
2012-03-31,109.136,108.8
2012-04-01,108.8363,114.7
2012-04-02,110.0023,122.6
2012-04-03,109.8649,139.1
2012-04-04,109.1422,143.1
2012-04-05,108.297,150.6
2012-04-06,108.3224,149.5
2012-04-07,109.1033,143.4
2012-04-08,109.1417,135.2
2012-04-09,110.333,128.8
2012-04-10,109.3811,120.7
2012-04-11,109.1024,119.5
2012-04-12,108.4097,122.8
2012-04-13,107.8487,117.7
2012-04-14,107.1361,115.9
2012-04-15,106.5808,111.6
2012-04-16,106.1305,117.4
2012-04-17,105.1653,115.9
2012-04-18,105.4476,115.9
2012-04-19,104.5076,118.1
2012-04-20,105.568,119.4
2012-04-21,105.4754,123.9
2012-04-22,106.1081,125.1
2012-04-23,107.316,129.8
2012-04-24,107.8987,133.3
2012-04-25,107.8691,139.2
2012-04-26,109.1919,132.2
2012-04-27,111.7544,133.3
2012-04-28,113.6652,132.9
2012-04-29,117.0011,131.9
2012-04-30,122.0981,133.9
2012-05-01,124.8167,139.5
2012-05-02,127.2411,135.3
2012-05-03,129.1094,134.1
2012-05-04,127.0855,134.0
2012-05-05,125.4152,128.2
2012-05-06,122.879,124.3
2012-05-07,121.4349,120.2
2012-05-08,120.9862,118.5
2012-05-09,121.2826,120.3
2012-05-10,119.7445,112.9
2012-05-11,118.507,113.7
2012-05-12,116.2608,113.3
2012-05-13,117.9888,109.3
2012-05-14,117.093,114.1
2012-05-15,117.5341,120.6
2012-05-16,118.2803,132.2
2012-05-17,118.9061,132.9
2012-05-18,120.759,133.2
2012-05-19,121.4943,131.9
2012-05-20,122.8073,142.8
2012-05-21,124.4732,138.5
2012-05-22,126.3997,132.1
2012-05-23,123.9586,127.9
2012-05-24,123.7693,132.3
2012-05-25,123.9222,132.3
2012-05-26,122.9147,138.1
2012-05-27,123.6448,145.8
2012-05-28,124.6766,147.3
2012-05-29,123.1414,144.8
2012-05-30,123.0879,149.6
2012-05-31,123.1201,138.8
2012-06-01,121.9236,128.0
2012-06-02,120.8745,121.9
2012-06-03,119.6637,113.5
2012-06-04,119.1766,107.1
2012-06-05,119.8232,100.9
2012-06-06,118.2767,91.4
2012-06-07,118.2519,86.8
2012-06-08,118.348,88.1
2012-06-09,117.5063,91.5
2012-06-10,119.6179,102.5
2012-06-11,122.0995,109.9
2012-06-12,125.7624,123.7
2012-06-13,126.9978,121.3
2012-06-14,127.9545,128.2
2012-06-15,128.2142,137.9
2012-06-16,132.7707,142.0
2012-06-17,134.77,150.7
2012-06-18,133.7174,152.5
2012-06-19,132.2337,170.1
2012-06-20,132.5572,163.0
2012-06-21,131.3231,163.7
2012-06-22,131.5577,183.7
2012-06-23,132.3534,179.6
2012-06-24,129.405,179.2
2012-06-25,128.5684,167.1
2012-06-26,129.6428,170.9
2012-06-27,126.2956,152.1
2012-06-28,123.2377,152.8
2012-06-29,120.9637,145.1
2012-06-30,117.8713,142.5
2012-07-01,115.7112,131.7
2012-07-02,114.1177,113.1
2012-07-03,111.8933,103.2
2012-07-04,111.6816,95.3
2012-07-05,113.9328,92.8
2012-07-06,115.435,96.7
2012-07-07,119.6138,99.8
2012-07-08,124.2042,105.7
2012-07-09,129.1448,108.7
2012-07-10,130.4913,118.3
2012-07-11,133.5337,127.1
2012-07-12,137.6165,130.5
2012-07-13,139.9353,135.4
2012-07-14,143.39,140.1
2012-07-15,144.3031,144.0
2012-07-16,149.6386,146.0
2012-07-17,147.8166,138.6
2012-07-18,147.4327,143.8
2012-07-19,151.8338,142.7
2012-07-20,149.0379,137.9
2012-07-21,147.2721,137.9
2012-07-22,142.9714,132.1
2012-07-23,142.4623,137.0
2012-07-24,136.3414,134.8
2012-07-25,134.9325,128.8
2012-07-26,132.1925,123.0
2012-07-27,130.7415,115.3
2012-07-28,127.5188,110.9
2012-07-29,122.2146,108.5
2012-07-30,119.6554,103.2
2012-07-31,116.6166,100.8
2012-08-01,115.3285,97.7
2012-08-02,116.0224,99.4
2012-08-03,116.9375,98.5
2012-08-04,118.9033,98.5
2012-08-05,120.2244,96.4
2012-08-06,123.7392,96.9
2012-08-07,127.1689,98.8
2012-08-08,129.7317,106.4
2012-08-09,131.4168,108.1
2012-08-10,133.3052,115.6
2012-08-11,134.2964,113.7
2012-08-12,134.6213,113.4
2012-08-13,132.1543,120.6
2012-08-14,132.8556,130.2
2012-08-15,130.9578,132.9
2012-08-16,128.3449,148.2
2012-08-17,128.2249,144.7
2012-08-18,126.6115,144.0
2012-08-19,127.7155,139.9
2012-08-20,126.7292,134.9
2012-08-21,124.5612,130.0
2012-08-22,122.228,135.4
2012-08-23,119.44,130.5
2012-08-24,117.9082,124.8
2012-08-25,116.7162,112.8
2012-08-26,115.5169,106.4
2012-08-27,113.8526,103.8
2012-08-28,112.6643,100.3
2012-08-29,113.5865,101.7
2012-08-30,113.8224,98.6
2012-08-31,113.7466,98.3
2012-09-01,114.2797,102.5
2012-09-02,114.4118,105.3
2012-09-03,114.8576,110.8
2012-09-04,117.0424,118.4
2012-09-05,117.1299,117.8
2012-09-06,119.897,125.3
2012-09-07,119.7864,134.4
2012-09-08,120.7046,137.4
2012-09-09,124.6479,140.6
2012-09-10,127.7402,139.9
2012-09-11,129.0,133.8
2012-09-12,133.561,138.3
2012-09-13,132.7325,136.4
2012-09-14,131.8679,135.9
2012-09-15,128.3141,128.3
2012-09-16,126.7996,118.3
2012-09-17,125.6594,111.8
2012-09-18,126.7628,109.5
2012-09-19,125.4561,106.1
2012-09-20,123.9018,98.7
2012-09-21,120.0358,97.9
2012-09-22,117.9183,103.2
2012-09-23,117.6019,105.9
2012-09-24,116.5383,111.6
2012-09-25,116.2698,116.2
2012-09-26,115.13,121.3
2012-09-27,114.5434,124.3
2012-09-28,115.194,131.3
2012-09-29,115.7263,135.9
2012-09-30,117.5219,136.1
2012-10-01,119.7007,134.1
2012-10-02,119.9023,136.5
2012-10-03,123.4365,140.3
2012-10-04,126.0656,150.1
2012-10-05,127.0483,142.8
2012-10-06,127.8958,153.9
2012-10-07,127.994,140.1
2012-10-08,126.0073,134.1
2012-10-09,124.7261,128.5
2012-10-10,124.2835,129.1
2012-10-11,124.0687,120.2
2012-10-12,122.3315,115.4
2012-10-13,119.7818,106.9
2012-10-14,117.5273,104.8
2012-10-15,116.6198,102.7
2012-10-16,115.3856,96.8
2012-10-17,113.2893,94.9
2012-10-18,113.984,91.8
2012-10-19,115.9076,93.4
2012-10-20,117.4992,94.9
2012-10-21,118.9857,96.9
2012-10-22,121.4995,99.8
2012-10-23,123.3618,102.2
2012-10-24,125.0241,112.9
2012-10-25,126.6224,119.8
2012-10-26,129.189,130.6
2012-10-27,130.1435,140.8
2012-10-28,129.884,143.1
2012-10-29,129.9392,139.1
2012-10-30,131.2656,138.6
2012-10-31,133.4389,135.2
2012-11-01,130.9832,132.4
2012-11-02,133.4562,137.7
2012-11-03,128.3723,130.7
2012-11-04,126.0796,137.8
2012-11-05,123.9835,137.0
2012-11-06,123.2408,124.5
2012-11-07,119.0452,123.5
2012-11-08,116.2874,115.0
2012-11-09,114.0992,118.4
2012-11-10,113.3539,118.6
2012-11-11,113.655,114.0
2012-11-12,111.7481,111.2
2012-11-13,111.0452,110.0
2012-11-14,110.8268,107.5
2012-11-15,110.7903,98.8
2012-11-16,112.0144,94.9
2012-11-17,112.2751,93.9
2012-11-18,113.5177,93.4
2012-11-19,114.5075,92.7
2012-11-20,119.1442,94.6
2012-11-21,122.1578,94.2
2012-11-22,125.002,98.1
2012-11-23,129.1889,100.6
2012-11-24,129.5712,100.9
2012-11-25,129.6157,100.5
2012-11-26,128.9147,108.4
2012-11-27,127.3527,113.0
2012-11-28,126.9498,115.5
2012-11-29,127.1821,118.5
2012-11-30,123.2528,115.8
2012-12-01,124.6973,111.3
2012-12-02,123.8681,112.5
2012-12-03,120.4167,109.8
2012-12-04,119.6153,110.4
2012-12-05,117.4917,110.9
2012-12-06,118.0506,111.6
2012-12-07,117.1717,110.4
2012-12-08,115.9916,109.4
2012-12-09,114.3293,109.3
2012-12-10,113.872,106.2
2012-12-11,111.9947,103.2
2012-12-12,109.1891,102.3
2012-12-13,108.0467,100.9
2012-12-14,107.1544,103.2
2012-12-15,107.5674,109.8
2012-12-16,106.8894,113.9
2012-12-17,107.1748,115.0
2012-12-18,107.6159,124.6
2012-12-19,108.1007,138.4
2012-12-20,108.9565,140.3
2012-12-21,109.0309,137.5
2012-12-22,109.2306,144.8
2012-12-23,111.5153,150.5
2012-12-24,112.7815,163.8
2012-12-25,113.6945,168.2
2012-12-26,114.2507,166.7
2012-12-27,114.1416,163.0
2012-12-28,113.2495,151.4
2012-12-29,114.104,149.1
2012-12-30,113.2063,135.2
2012-12-31,113.2147,132.6
2013-01-01,113.7523,118.8
2013-01-02,113.8025,111.5
2013-01-03,113.943,103.3
2013-01-04,113.6752,103.2
2013-01-05,114.3696,104.9
2013-01-06,113.3482,106.9
2013-01-07,112.4417,101.6
2013-01-08,113.2253,100.2
2013-01-09,114.1708,97.5
2013-01-10,114.9194,96.3
2013-01-11,116.5636,94.7
2013-01-12,118.3537,94.7
2013-01-13,119.6524,92.6
2013-01-14,123.6881,93.8
2013-01-15,129.1502,99.7
2013-01-16,130.6562,100.7
2013-01-17,130.3006,108.6
2013-01-18,133.5317,107.9
2013-01-19,134.7592,103.7
2013-01-20,136.8335,102.2
2013-01-21,137.6286,100.7
2013-01-22,136.2713,100.0
2013-01-23,134.0654,101.4
2013-01-24,129.8824,104.8
2013-01-25,128.1941,103.2
2013-01-26,123.3439,102.5
2013-01-27,121.7068,99.2
2013-01-28,117.3425,97.8
2013-01-29,114.4677,97.0
2013-01-30,111.5519,97.7
2013-01-31,111.2314,100.8
2013-02-01,111.3416,103.1
2013-02-02,111.3544,102.3
2013-02-03,109.0594,109.9
2013-02-04,108.0056,111.0
2013-02-05,106.9783,106.2
2013-02-06,106.4965,104.7
2013-02-07,105.2419,97.5
2013-02-08,105.8733,93.0
2013-02-09,105.1415,93.5
2013-02-10,105.2681,96.8
2013-02-11,107.0248,100.0
2013-02-12,107.234,103.6
2013-02-13,109.2102,110.6
2013-02-14,108.9835,109.1
2013-02-15,107.6974,110.1
2013-02-16,107.748,112.4
2013-02-17,107.0472,116.6
2013-02-18,106.9348,112.6
2013-02-19,108.23,112.1
2013-02-20,109.7514,113.3
2013-02-21,109.0156,114.6
2013-02-22,108.5946,117.7
2013-02-23,108.0942,118.2
2013-02-24,107.1053,121.5
2013-02-25,107.446,121.5
2013-02-26,107.6082,121.5
2013-02-27,108.6087,121.8
2013-02-28,109.1863,124.8
2013-03-01,109.3841,124.5
2013-03-02,111.2621,116.6
2013-03-03,111.5625,109.5
2013-03-04,110.5052,106.7
2013-03-05,109.3502,105.3
2013-03-06,107.215,100.2
2013-03-07,106.186,97.6
2013-03-08,106.1179,95.4
2013-03-09,107.0398,92.2
2013-03-10,108.2593,92.0
2013-03-11,109.2795,92.6
2013-03-12,111.2616,98.3
2013-03-13,110.7683,104.8
2013-03-14,111.4639,108.2
2013-03-15,112.471,113.1
2013-03-16,114.6638,119.0
2013-03-17,113.5081,122.1
2013-03-18,112.767,127.0
2013-03-19,113.3142,128.6
2013-03-20,114.2226,134.5
2013-03-21,115.0871,137.3
2013-03-22,114.5495,138.2
2013-03-23,115.5922,139.6
2013-03-24,115.4665,147.0
2013-03-25,115.1192,148.6
2013-03-26,115.2342,137.8
2013-03-27,115.3004,138.6
2013-03-28,114.9014,125.8
2013-03-29,112.9756,117.5
2013-03-30,110.8802,114.1
2013-03-31,109.7902,114.1
2013-04-01,108.9519,109.0
2013-04-02,107.6779,105.9
2013-04-03,107.2292,100.3
2013-04-04,105.8356,105.9
2013-04-05,104.7646,110.5
2013-04-06,104.9777,114.1
2013-04-07,105.451,118.8
2013-04-08,107.2546,116.1
2013-04-09,110.0757,120.7
2013-04-10,112.3119,123.5
2013-04-11,114.0785,128.8
2013-04-12,117.1029,133.5
2013-04-13,117.8024,144.5
2013-04-14,120.7662,156.7
2013-04-15,121.6554,161.7
2013-04-16,123.7081,151.8
2013-04-17,124.4056,150.4
2013-04-18,123.5099,144.1
2013-04-19,123.5529,139.5
2013-04-20,125.5073,133.0
2013-04-21,125.7782,131.1
2013-04-22,122.8507,129.3
2013-04-23,123.1326,130.9
2013-04-24,119.6639,127.3
2013-04-25,117.3752,139.4
2013-04-26,115.9107,150.4
2013-04-27,116.452,153.5
2013-04-28,114.9112,151.1
2013-04-29,114.4527,148.8
2013-04-30,113.8482,148.0
2013-05-01,115.0423,139.6
2013-05-02,116.5931,135.2
2013-05-03,117.1013,138.5
2013-05-04,117.9832,135.2
2013-05-05,117.2407,128.4
2013-05-06,120.0415,136.7
2013-05-07,122.5584,137.9
2013-05-08,125.167,130.6
2013-05-09,127.0649,124.5
2013-05-10,132.1355,123.2
2013-05-11,136.7604,113.1
2013-05-12,138.5277,107.6
2013-05-13,135.763,109.8
2013-05-14,135.2186,106.9
2013-05-15,133.6258,104.7
2013-05-16,133.0635,108.8
2013-05-17,131.8016,114.1
2013-05-18,132.0285,115.0
2013-05-19,132.2684,113.1
2013-05-20,132.409,112.1
2013-05-21,131.1544,112.3
2013-05-22,135.1783,112.6
2013-05-23,138.4561,106.3
2013-05-24,137.2233,99.0
2013-05-25,135.4458,96.2
2013-05-26,133.251,92.3
2013-05-27,131.9556,96.2
2013-05-28,129.2225,102.0
2013-05-29,127.6174,112.6
2013-05-30,127.9803,114.5
2013-05-31,127.0912,119.7
2013-06-01,126.6664,127.8
2013-06-02,129.2639,128.8
2013-06-03,130.2072,127.4
2013-06-04,127.7145,130.5
2013-06-05,125.639,137.6
2013-06-06,124.3149,134.2
2013-06-07,120.8356,132.4
2013-06-08,118.3411,124.6
2013-06-09,118.0001,112.9
2013-06-10,116.9935,110.1
2013-06-11,115.0504,102.9
2013-06-12,116.1105,104.3
2013-06-13,117.081,103.6
2013-06-14,117.4634,106.3
2013-06-15,116.7236,111.4
2013-06-16,116.6629,118.1
2013-06-17,116.8537,128.7
2013-06-18,116.7211,142.3
2013-06-19,115.0355,145.6
2013-06-20,113.36,138.7
2013-06-21,113.0198,129.8
2013-06-22,112.2428,123.3
2013-06-23,114.1556,124.0
2013-06-24,115.9412,121.9
2013-06-25,119.0348,117.1
2013-06-26,120.8941,121.6
2013-06-27,123.3766,117.8
2013-06-28,125.993,116.7
2013-06-29,127.0074,117.9
2013-06-30,126.6492,117.6
2013-07-01,128.1975,114.9
2013-07-02,130.9536,118.6
2013-07-03,129.8829,117.3
2013-07-04,129.6944,116.1
2013-07-05,126.8767,112.9
2013-07-06,122.2956,113.4
2013-07-07,120.792,110.1
2013-07-08,118.107,111.0
2013-07-09,118.1919,110.3
2013-07-10,117.902,112.9
2013-07-11,118.9596,111.3
2013-07-12,120.984,112.7
2013-07-13,123.1371,115.6
2013-07-14,126.2126,116.5
2013-07-15,130.4161,112.0
2013-07-16,131.5145,115.4
2013-07-17,129.5262,116.2
2013-07-18,127.428,110.5
2013-07-19,124.245,107.9
2013-07-20,124.1566,107.3
2013-07-21,122.9391,106.8
2013-07-22,120.5317,108.5
2013-07-23,120.2012,107.3
2013-07-24,119.2145,106.5
2013-07-25,118.0266,105.3
2013-07-26,118.389,113.4
2013-07-27,118.0522,117.2
2013-07-28,117.0718,125.1
2013-07-29,117.4268,128.5
2013-07-30,116.8891,125.8
2013-07-31,116.5586,122.9
2013-08-01,116.0718,126.3
2013-08-02,116.552,129.2
2013-08-03,115.6597,131.4
2013-08-04,116.1956,134.6
2013-08-05,115.7816,133.4
2013-08-06,116.1097,134.5
2013-08-07,115.3742,126.8
2013-08-08,115.5517,119.9
2013-08-09,115.6139,115.0
2013-08-10,116.0733,113.5
2013-08-11,114.9358,111.9
2013-08-12,115.905,110.3
2013-08-13,116.3283,111.0
2013-08-14,114.731,109.5
2013-08-15,113.7658,109.5
2013-08-16,114.0021,105.6
2013-08-17,114.3293,107.5
2013-08-18,116.0299,107.9
2013-08-19,115.6861,111.1
2013-08-20,116.3936,111.9
2013-08-21,116.3089,102.9
2013-08-22,118.5219,100.0
2013-08-23,119.0991,97.1
2013-08-24,121.0159,95.6
2013-08-25,121.7514,96.2
2013-08-26,121.2539,94.1
2013-08-27,120.3687,94.1
2013-08-28,121.5811,92.7
2013-08-29,122.8862,93.6
2013-08-30,123.8008,93.8
2013-08-31,126.9218,95.5
2013-09-01,126.9563,99.7
2013-09-02,126.8961,105.1
2013-09-03,123.5365,108.9
2013-09-04,121.8738,110.0
2013-09-05,118.1886,111.2
2013-09-06,117.395,111.9
2013-09-07,115.5363,108.5
2013-09-08,114.4736,110.9
2013-09-09,113.953,111.7
2013-09-10,113.1215,110.5
2013-09-11,112.3541,108.3
2013-09-12,111.1166,106.0
2013-09-13,110.9257,104.6
2013-09-14,111.0027,105.2
2013-09-15,111.895,107.0
2013-09-16,112.0088,108.3
2013-09-17,109.4706,113.9
2013-09-18,109.4214,109.2
2013-09-19,108.981,105.9
2013-09-20,108.4743,106.5
2013-09-21,108.2318,111.8
2013-09-22,107.5269,111.7
2013-09-23,107.5202,113.1
2013-09-24,106.3721,120.3
2013-09-25,106.548,128.5
2013-09-26,106.5069,127.3
2013-09-27,107.4665,128.6
2013-09-28,108.7349,124.3
2013-09-29,110.0739,124.5
2013-09-30,111.3348,127.2
2013-10-01,111.9086,135.1
2013-10-02,112.168,138.8
2013-10-03,112.8948,131.6
2013-10-04,112.04,132.2
2013-10-05,112.2462,134.5
2013-10-06,112.7575,144.8
2013-10-07,112.374,151.1
2013-10-08,111.2406,158.8
2013-10-09,110.7817,159.6
2013-10-10,110.8221,169.7
2013-10-11,111.3351,164.8
2013-10-12,111.643,157.8
2013-10-13,112.2132,150.6
2013-10-14,113.9047,139.9
2013-10-15,112.2079,140.5
2013-10-16,111.443,144.2
2013-10-17,111.7277,139.4
2013-10-18,114.2193,141.1
2013-10-19,113.5526,144.9
2013-10-20,114.349,145.9
2013-10-21,117.2173,150.8
2013-10-22,120.763,145.3
2013-10-23,121.4725,143.3
2013-10-24,122.6491,145.2
2013-10-25,122.9162,151.1
2013-10-26,124.9917,160.4
2013-10-27,126.4832,164.0
2013-10-28,130.7295,167.4
2013-10-29,133.0185,172.0
2013-10-30,132.4063,174.0
2013-10-31,133.5451,170.6
2013-11-01,135.3358,172.9
2013-11-02,138.8109,159.5
2013-11-03,141.1379,149.3
2013-11-04,143.1651,143.5
2013-11-05,143.1676,137.8
2013-11-06,146.0049,139.2
2013-11-07,144.87,132.2
2013-11-08,141.8176,123.9
2013-11-09,139.1285,116.0
2013-11-10,136.301,112.4
2013-11-11,136.3528,125.6
2013-11-12,136.7745,129.3
2013-11-13,135.2324,125.0
2013-11-14,134.9361,127.6
2013-11-15,137.4051,126.9
2013-11-16,138.4549,130.0
2013-11-17,140.1425,131.9
2013-11-18,137.8629,134.0
2013-11-19,137.2905,145.3
2013-11-20,139.2077,146.1
2013-11-21,141.7224,152.3
2013-11-22,144.7892,160.6
2013-11-23,145.7519,163.1
2013-11-24,146.0544,169.9
2013-11-25,147.0169,165.6
2013-11-26,146.4953,159.8
2013-11-27,145.2425,158.1
2013-11-28,144.6266,159.0
2013-11-29,137.3638,151.3
2013-11-30,134.2877,149.4
2013-12-01,131.8426,153.9
2013-12-02,130.3473,151.1
2013-12-03,130.4734,148.5
2013-12-04,128.4561,144.4
2013-12-05,126.8932,139.5
2013-12-06,124.7422,133.4
2013-12-07,124.7388,131.6
2013-12-08,129.3617,124.1
2013-12-09,132.7914,118.7
2013-12-10,132.5122,120.6
2013-12-11,134.2189,126.3
2013-12-12,134.0215,130.1
2013-12-13,136.0281,132.5
2013-12-14,138.2307,138.2
2013-12-15,139.8716,140.5
2013-12-16,143.6579,154.3
2013-12-17,144.7144,155.2
2013-12-18,147.3568,176.3
2013-12-19,150.0011,206.2
2013-12-20,151.6613,210.3
2013-12-21,154.1625,197.2
2013-12-22,153.7289,193.3
2013-12-23,152.1185,188.2
2013-12-24,152.2328,178.1
2013-12-25,151.3221,169.4
2013-12-26,147.8761,160.7
2013-12-27,146.955,150.2
2013-12-28,146.9481,138.7
2013-12-29,144.6288,132.6
2013-12-30,143.3283,122.1
2013-12-31,142.0197,117.1
2014-01-01,141.2285,124.7
2014-01-02,140.1819,125.5
2014-01-03,140.7585,123.4
2014-01-04,140.5051,133.0
2014-01-05,139.6345,141.4
2014-01-06,140.926,138.9
2014-01-07,142.9861,132.1
2014-01-08,143.9474,131.3
2014-01-09,145.5111,129.1
2014-01-10,147.8388,133.7
2014-01-11,148.9796,139.6
2014-01-12,153.7706,152.5
2014-01-13,154.4967,151.8
2014-01-14,160.3334,155.8
2014-01-15,168.2818,160.9
2014-01-16,168.0633,171.6
2014-01-17,163.8929,184.4
2014-01-18,161.4616,183.0
2014-01-19,157.1814,182.9
2014-01-20,154.1486,188.1
2014-01-21,150.6756,186.1
2014-01-22,144.9893,173.2
2014-01-23,141.0019,167.2
2014-01-24,137.7256,164.6
2014-01-25,137.0756,156.8
2014-01-26,134.8942,167.8
2014-01-27,133.3446,156.1
2014-01-28,136.5454,162.5
2014-01-29,136.5721,162.5
2014-01-30,137.3147,158.1
2014-01-31,140.1267,150.2
2014-02-01,143.793,148.9
2014-02-02,144.9416,147.9
2014-02-03,142.8472,154.2
2014-02-04,142.82,153.0
2014-02-05,142.4982,153.4
2014-02-06,144.3487,159.7
2014-02-07,146.6277,168.2
2014-02-08,151.0996,167.2
2014-02-09,152.356,170.4
2014-02-10,154.4626,174.7
2014-02-11,157.5094,172.4
2014-02-12,160.4545,167.5
2014-02-13,164.203,161.6
2014-02-14,164.3508,158.5
2014-02-15,165.5374,158.3
2014-02-16,167.0327,155.4
2014-02-17,166.412,146.7
2014-02-18,162.8871,146.5
2014-02-19,161.7544,146.0
2014-02-20,160.9982,139.5
2014-02-21,158.0012,143.8
2014-02-22,160.3916,149.5
2014-02-23,156.8764,162.5
2014-02-24,158.2916,167.1
2014-02-25,158.3263,145.9
2014-02-26,156.84,142.1
2014-02-27,154.0152,137.5
2014-02-28,153.6447,134.2
2014-03-01,153.0326,135.1
2014-03-02,154.8289,137.0
2014-03-03,155.1157,147.9
2014-03-04,154.964,150.1
2014-03-05,156.0653,151.4
2014-03-06,158.044,153.8
2014-03-07,157.6538,156.0
2014-03-08,159.2865,157.7
2014-03-09,161.3094,152.0
2014-03-10,160.2835,152.5
2014-03-11,158.5515,144.2
2014-03-12,156.4319,145.9
2014-03-13,154.4335,142.3
2014-03-14,152.6719,148.1
2014-03-15,150.2608,152.1
2014-03-16,147.7665,153.1
2014-03-17,147.712,154.6
2014-03-18,147.7787,153.0
2014-03-19,146.1592,157.0
2014-03-20,149.1455,142.3
2014-03-21,151.397,141.2
2014-03-22,155.0503,140.2
2014-03-23,155.7547,132.4
2014-03-24,149.9926,131.0
2014-03-25,149.6251,137.3
2014-03-26,148.992,138.2
2014-03-27,147.5905,136.5
2014-03-28,147.8191,137.9
2014-03-29,148.729,151.2
2014-03-30,152.7694,163.0
2014-03-31,154.8306,185.2
2014-04-01,155.5284,180.3
2014-04-02,156.0644,173.7
2014-04-03,155.8216,170.8
2014-04-04,156.4952,164.1
2014-04-05,154.6339,160.4
2014-04-06,154.3872,146.3
2014-04-07,152.9609,137.6
2014-04-08,152.569,131.6
2014-04-09,151.3948,126.2
2014-04-10,153.3001,122.3
2014-04-11,155.1484,119.6
2014-04-12,154.0828,122.5
2014-04-13,153.0651,121.8
2014-04-14,151.9765,125.5
2014-04-15,152.72,127.7
2014-04-16,149.8695,137.6
2014-04-17,149.5623,134.8
2014-04-18,150.4716,133.7
2014-04-19,148.8559,141.5
2014-04-20,149.312,141.3
2014-04-21,151.6348,148.6
2014-04-22,152.2856,150.8
2014-04-23,151.8306,155.2
2014-04-24,152.1677,155.1
2014-04-25,155.5222,167.7
2014-04-26,158.3799,166.3
2014-04-27,163.0822,162.7
2014-04-28,160.5393,166.7
2014-04-29,157.1322,155.5
2014-04-30,154.4789,141.8
2014-05-01,151.3743,136.6
2014-05-02,148.8998,130.4
2014-05-03,144.0271,119.7
2014-05-04,141.8294,120.1
2014-05-05,139.6707,116.7
2014-05-06,137.7439,114.1
2014-05-07,137.3935,119.2
2014-05-08,137.7138,127.7
2014-05-09,139.5686,116.0
2014-05-10,139.6793,111.1
2014-05-11,141.1885,108.7
2014-05-12,142.0559,102.1
2014-05-13,145.1037,105.5
2014-05-14,145.4599,104.4
2014-05-15,144.9762,106.6
2014-05-16,146.5201,106.2
2014-05-17,147.8897,108.3
2014-05-18,149.7322,110.1
2014-05-19,149.9553,108.5
2014-05-20,151.8537,113.8
2014-05-21,150.604,136.9
2014-05-22,153.2273,140.8
2014-05-23,151.6831,153.1
2014-05-24,150.031,166.1
2014-05-25,149.5085,171.3
2014-05-26,144.5772,173.6
2014-05-27,139.6714,179.8
2014-05-28,137.554,157.5
2014-05-29,134.926,148.0
2014-05-30,130.3965,134.3
2014-05-31,129.8485,120.5
2014-06-01,127.8493,118.0
2014-06-02,126.1988,114.4
2014-06-03,127.5819,114.7
2014-06-04,128.995,105.5
2014-06-05,125.6606,104.5
2014-06-06,124.6184,97.3
2014-06-07,123.7251,95.6
2014-06-08,122.0536,96.6
2014-06-09,123.2985,100.2
2014-06-10,123.5314,103.3
2014-06-11,124.2891,107.6
2014-06-12,125.2795,118.4
2014-06-13,124.979,129.9
2014-06-14,125.9644,145.2
2014-06-15,126.6449,156.9
2014-06-16,128.5501,175.1
2014-06-17,136.4921,184.1
2014-06-18,139.4388,193.9
2014-06-19,143.64,199.4
2014-06-20,146.5639,207.7
2014-06-21,147.0041,204.5
2014-06-22,146.2575,208.1
2014-06-23,145.6669,205.0
2014-06-24,137.6013,183.3
2014-06-25,133.8002,171.8
2014-06-26,129.5734,149.9
2014-06-27,125.3762,131.0
2014-06-28,125.0029,113.0
2014-06-29,124.2383,103.9
2014-06-30,124.9259,95.1
2014-07-01,122.2747,91.5
2014-07-02,122.2867,91.4
2014-07-03,120.6958,88.9
2014-07-04,121.3166,89.9
2014-07-05,122.3293,93.0
2014-07-06,124.4671,95.5
2014-07-07,125.7895,102.2
2014-07-08,127.7888,107.4
2014-07-09,132.7514,109.9
2014-07-10,136.5414,120.1
2014-07-11,142.6403,125.2
2014-07-12,146.6162,136.3
2014-07-13,152.9106,146.0
2014-07-14,157.0215,156.6
2014-07-15,160.033,161.1
2014-07-16,160.6126,173.5
2014-07-17,160.7773,160.2
2014-07-18,158.5548,156.2
2014-07-19,157.2938,143.3
2014-07-20,153.9016,143.3
2014-07-21,146.2942,140.5
2014-07-22,142.7905,140.0
2014-07-23,133.6942,126.4
2014-07-24,127.1618,116.3
2014-07-25,121.5953,111.3
2014-07-26,118.4372,107.3
2014-07-27,115.8893,106.8
2014-07-28,114.7376,105.6
2014-07-29,114.1291,105.4
2014-07-30,114.1418,116.0
2014-07-31,114.1945,114.8
2014-08-01,115.381,117.9
2014-08-02,116.1423,113.3
2014-08-03,118.1289,113.3
2014-08-04,119.329,121.1
2014-08-05,120.7685,131.3
2014-08-06,125.4341,129.3
2014-08-07,128.1808,134.9
2014-08-08,132.6239,144.0
2014-08-09,136.9864,140.2
2014-08-10,142.0662,130.8
2014-08-11,142.7627,125.3
2014-08-12,145.9256,121.0
2014-08-13,141.001,122.5
2014-08-14,136.1956,125.5
2014-08-15,132.3549,127.1
2014-08-16,131.8547,128.9
2014-08-17,130.6636,138.7
2014-08-18,130.293,140.1
2014-08-19,126.0889,148.4
2014-08-20,123.5428,146.3
2014-08-21,122.1703,159.8
2014-08-22,120.8539,162.6
2014-08-23,120.8241,166.3
2014-08-24,121.0498,161.6
2014-08-25,120.6661,157.4
2014-08-26,122.5617,153.4
2014-08-27,121.7679,154.0
2014-08-28,121.9701,146.9
2014-08-29,121.1379,141.0
2014-08-30,121.7334,134.4
2014-08-31,126.4745,134.1
2014-09-01,130.0055,134.2
2014-09-02,131.1794,121.3
2014-09-03,133.0297,122.8
2014-09-04,137.1045,120.1
2014-09-05,137.3339,124.9
2014-09-06,135.3055,136.8
2014-09-07,134.901,139.1
2014-09-08,135.104,145.6
2014-09-09,136.8902,167.8
2014-09-10,137.0764,171.0
2014-09-11,136.4831,182.2
2014-09-12,137.8129,181.8
2014-09-13,140.6586,175.6
2014-09-14,141.6333,162.6
2014-09-15,144.3279,155.4
2014-09-16,144.7746,149.3
2014-09-17,149.0204,136.9
2014-09-18,148.2772,127.6
2014-09-19,148.424,128.4
2014-09-20,144.9955,129.9
2014-09-21,142.8013,125.2
2014-09-22,141.3527,126.2
2014-09-23,140.4412,118.6
2014-09-24,138.5961,120.4
2014-09-25,139.4233,111.6
2014-09-26,138.5373,110.0
2014-09-27,139.0774,112.6
2014-09-28,138.9249,119.7
2014-09-29,135.8894,125.0
2014-09-30,136.4448,138.0
2014-10-01,135.7052,144.8
2014-10-02,136.0405,171.1
2014-10-03,138.3908,171.7
2014-10-04,139.5099,202.2
2014-10-05,141.8674,197.1
2014-10-06,147.9113,214.2
2014-10-07,147.2819,221.8
2014-10-08,150.6045,219.5
2014-10-09,149.6576,216.8
2014-10-10,146.439,214.0
2014-10-11,141.7091,185.4
2014-10-12,138.3459,165.1
2014-10-13,136.1941,148.4
2014-10-14,132.8862,138.4
2014-10-15,130.0969,119.5
2014-10-16,130.5143,118.1
2014-10-17,131.5114,122.4
2014-10-18,131.4381,123.2
2014-10-19,132.9287,127.3
2014-10-20,131.905,142.7
2014-10-21,132.6056,133.1
2014-10-22,131.4079,129.6
2014-10-23,130.2593,129.6
2014-10-24,130.9702,129.2
2014-10-25,133.9599,133.4
2014-10-26,135.7366,139.5
2014-10-27,140.0386,149.8
2014-10-28,143.6934,150.3
2014-10-29,153.9188,157.6
2014-10-30,155.9134,157.1
2014-10-31,165.5662,165.0
2014-11-01,164.9782,163.8
2014-11-02,169.6336,163.6
2014-11-03,171.1795,165.7
2014-11-04,169.9646,164.1
2014-11-05,168.8281,158.6
2014-11-06,166.4559,162.6
2014-11-07,156.7393,168.8
2014-11-08,149.1848,165.8
2014-11-09,143.7798,165.0
2014-11-10,140.2957,166.5
2014-11-11,134.556,174.1
2014-11-12,133.4239,176.6
2014-11-13,134.437,172.5
2014-11-14,136.0585,172.4
2014-11-15,137.4643,163.4
2014-11-16,141.5577,163.0
2014-11-17,140.4991,149.8
2014-11-18,140.1566,147.6
2014-11-19,140.5701,132.8
2014-11-20,141.6535,125.0
2014-11-21,143.1697,127.9
2014-11-22,145.6037,128.7
2014-11-23,149.8462,135.5
2014-11-24,151.01,145.3
2014-11-25,154.4361,143.0
2014-11-26,155.3993,149.4
2014-11-27,158.7395,154.9
2014-11-28,158.9791,161.2
2014-11-29,158.8315,164.0
2014-11-30,159.5083,178.8
2014-12-01,158.4173,192.3
2014-12-02,157.0688,206.4
2014-12-03,158.0477,208.9
2014-12-04,159.5232,196.7
2014-12-05,157.3828,199.2
2014-12-06,156.0974,173.4
2014-12-07,155.9137,160.5
2014-12-08,156.9672,146.5
2014-12-09,156.9212,140.6
2014-12-10,155.9278,132.5
2014-12-11,154.3906,129.7
2014-12-12,150.7721,128.2
2014-12-13,150.6231,127.1
2014-12-14,148.9722,126.0
2014-12-15,149.4653,129.2
2014-12-16,145.4481,132.9
2014-12-17,143.692,141.0
2014-12-18,145.0105,143.8
2014-12-19,146.3391,144.8
2014-12-20,147.8479,137.2
2014-12-21,151.2437,137.2
2014-12-22,150.2851,142.4
2014-12-23,152.8008,152.0
2014-12-24,154.5801,146.2
2014-12-25,157.3018,146.9
2014-12-26,157.3775,148.6
2014-12-27,161.7995,153.4
2014-12-28,165.9583,145.3
2014-12-29,167.3811,137.2
2014-12-30,166.9342,127.1
2014-12-31,162.3622,120.7
2015-01-01,161.0803,118.0
2015-01-02,154.8845,121.7
2015-01-03,150.7996,125.9
2015-01-04,146.2526,121.6
2015-01-05,144.2862,120.0
2015-01-06,142.2534,116.6
2015-01-07,142.3359,117.3
2015-01-08,143.5165,121.4
2015-01-09,142.6266,122.7
2015-01-10,143.5424,142.5
2015-01-11,145.306,153.3
2015-01-12,146.4321,154.5
2015-01-13,148.2601,166.7
2015-01-14,148.6171,154.6
2015-01-15,147.9501,149.0
2015-01-16,144.5401,137.6
2015-01-17,143.1869,139.8
2015-01-18,144.3382,145.1
2015-01-19,146.5472,150.1
2015-01-20,144.7159,138.0
2015-01-21,144.5599,139.3
2015-01-22,144.8085,148.9
2015-01-23,144.504,148.7
2015-01-24,141.7747,141.9
2015-01-25,138.6488,137.3
2015-01-26,136.1211,127.7
2015-01-27,134.6508,124.4
2015-01-28,133.6815,121.8
2015-01-29,135.8623,117.4
2015-01-30,137.0582,116.7
2015-01-31,135.5611,115.3
2015-02-01,135.7182,115.7
2015-02-02,133.8342,118.2
2015-02-03,134.3334,116.0
2015-02-04,136.9101,117.0
2015-02-05,138.3435,113.6
2015-02-06,143.7144,115.0
2015-02-07,148.0209,114.3
2015-02-08,149.698,112.1
2015-02-09,154.0344,108.8
2015-02-10,149.9395,109.1
2015-02-11,148.1544,115.7
2015-02-12,143.9124,121.1
2015-02-13,143.6811,125.3
2015-02-14,144.6554,128.1
2015-02-15,145.4813,122.9
2015-02-16,141.3017,122.1
2015-02-17,140.8057,124.5
2015-02-18,142.9016,125.4
2015-02-19,141.175,130.9
2015-02-20,138.4619,122.3
2015-02-21,136.2179,121.2
2015-02-22,132.6861,119.2
2015-02-23,130.5612,129.9
2015-02-24,128.5309,125.1
2015-02-25,126.5116,117.9
2015-02-26,125.2361,114.3
2015-02-27,124.5163,113.1
2015-02-28,124.2025,116.0
2015-03-01,125.0302,113.2
2015-03-02,124.499,113.7
2015-03-03,123.8469,108.3
2015-03-04,122.5981,111.8
2015-03-05,123.0467,112.7
2015-03-06,122.7217,121.5
2015-03-07,121.6211,127.2
2015-03-08,120.2891,132.2
2015-03-09,120.4369,137.0
2015-03-10,121.8597,135.5
2015-03-11,124.5483,137.2
2015-03-12,125.7692,145.1
2015-03-13,126.5467,144.0
2015-03-14,125.0757,133.3
2015-03-15,124.8048,127.8
2015-03-16,124.2834,123.9
2015-03-17,123.9912,121.2
2015-03-18,125.6629,119.8
2015-03-19,123.7843,122.4
2015-03-20,123.0472,122.3
2015-03-21,122.04,125.8
2015-03-22,125.4434,111.4
2015-03-23,123.6886,106.3
2015-03-24,121.7261,111.6
2015-03-25,120.8295,115.5
2015-03-26,121.0106,123.5
2015-03-27,120.9228,134.6
2015-03-28,120.2744,142.1
2015-03-29,120.5446,147.7
2015-03-30,118.6372,155.7
2015-03-31,119.5125,151.3
2015-04-01,120.6428,150.8
2015-04-02,123.8177,148.9
2015-04-03,126.5287,153.0
2015-04-04,128.5132,151.0
2015-04-05,130.2081,155.3
2015-04-06,130.21,151.8
2015-04-07,130.0929,142.0
2015-04-08,131.5346,136.0
2015-04-09,131.7124,127.4
2015-04-10,128.5376,120.0
2015-04-11,126.481,108.9
2015-04-12,124.4843,109.2
2015-04-13,123.7832,105.5
2015-04-14,123.4446,103.3
2015-04-15,123.9397,101.4
2015-04-16,123.8836,107.3
2015-04-17,125.1092,112.9
2015-04-18,121.3382,125.4
2015-04-19,120.1886,130.0
2015-04-20,121.8821,138.6
2015-04-21,123.5037,149.2
2015-04-22,125.9238,152.6
2015-04-23,130.325,157.5
2015-04-24,133.1784,163.1
2015-04-25,135.8694,166.2
2015-04-26,137.44,166.5
2015-04-27,136.3952,160.3
2015-04-28,135.7522,148.2
2015-04-29,135.2453,139.5
2015-04-30,136.1151,134.0
2015-05-01,133.6616,122.3
2015-05-02,133.9528,117.6
2015-05-03,132.0162,112.9
2015-05-04,129.0723,108.2
2015-05-05,128.5654,104.3
2015-05-06,124.586,101.6
2015-05-07,122.5434,100.2
2015-05-08,119.4346,101.2
2015-05-09,120.5651,99.0
2015-05-10,119.3326,97.0
2015-05-11,118.7185,97.8
2015-05-12,119.2903,95.5
2015-05-13,120.9769,94.8
2015-05-14,122.654,97.7
2015-05-15,126.8733,97.0
2015-05-16,129.883,103.2
2015-05-17,133.3772,103.9
2015-05-18,137.1222,111.6
2015-05-19,139.0012,121.4
2015-05-20,139.7662,129.7
2015-05-21,141.782,136.6
2015-05-22,142.8713,141.4
2015-05-23,142.04,138.2
2015-05-24,138.6541,140.6
2015-05-25,134.378,139.5
2015-05-26,130.8629,144.2
2015-05-27,128.1313,141.0
2015-05-28,123.9926,140.3
2015-05-29,121.1736,135.8
2015-05-30,118.8861,139.1
2015-05-31,116.7503,140.5
2015-06-01,115.6716,140.2
2015-06-02,114.6427,141.7
2015-06-03,114.4084,141.8
2015-06-04,114.8462,139.8
2015-06-05,113.8315,136.0
2015-06-06,113.432,134.3
2015-06-07,113.8588,119.9
2015-06-08,113.5793,113.1
2015-06-09,113.125,105.2
2015-06-10,114.4971,104.6
2015-06-11,115.1255,100.5
2015-06-12,117.1556,100.5
2015-06-13,118.3531,100.4
2015-06-14,121.5458,104.2
2015-06-15,125.8577,113.3
2015-06-16,130.5171,117.6
2015-06-17,133.9552,116.1
2015-06-18,136.2803,120.7
2015-06-19,136.1842,129.0
2015-06-20,137.3077,137.9
2015-06-21,137.4193,137.1
2015-06-22,138.7483,133.2
2015-06-23,135.9641,126.0
2015-06-24,134.169,133.3
2015-06-25,131.5857,124.3
2015-06-26,131.3407,119.9
2015-06-27,130.7118,113.8
2015-06-28,130.385,108.7
2015-06-29,130.0608,104.4
2015-06-30,129.9068,102.9
2015-07-01,129.1065,100.6
2015-07-02,128.4666,99.1
2015-07-03,128.2533,102.6
2015-07-04,123.7351,96.3
2015-07-05,120.0123,94.0
2015-07-06,117.3013,91.9
2015-07-07,116.0215,92.2
2015-07-08,114.5691,95.2
2015-07-09,113.8395,96.9
2015-07-10,113.97,100.1
2015-07-11,115.1459,103.2
2015-07-12,117.9237,104.2
2015-07-13,119.2306,103.8
2015-07-14,119.1999,105.1
2015-07-15,119.7726,103.8
2015-07-16,122.4299,106.0
2015-07-17,124.6827,104.5
2015-07-18,124.4432,108.7
2015-07-19,123.8545,109.9
2015-07-20,121.2182,115.5
2015-07-21,123.037,125.1
2015-07-22,120.2918,125.5
2015-07-23,118.7629,124.4
2015-07-24,116.9514,117.6
2015-07-25,115.2925,109.1
2015-07-26,113.75,105.6
2015-07-27,112.51,101.9
2015-07-28,111.5475,97.3
2015-07-29,109.9763,95.7
2015-07-30,110.3388,91.7
2015-07-31,107.8573,87.8
2015-08-01,106.5024,89.2
2015-08-02,105.3835,90.9
2015-08-03,106.0063,100.6
2015-08-04,106.9849,105.3
2015-08-05,107.7177,121.4
2015-08-06,108.7953,119.6
2015-08-07,109.8943,119.8
2015-08-08,109.8627,130.6
2015-08-09,109.2881,123.9
2015-08-10,109.7449,128.9
2015-08-11,110.1325,112.5
2015-08-12,110.6524,111.3
2015-08-13,110.3444,102.1
2015-08-14,111.7839,93.4
2015-08-15,112.5151,92.7
2015-08-16,114.756,90.7
2015-08-17,117.657,89.8
2015-08-18,117.8572,88.0
2015-08-19,117.4114,91.5
2015-08-20,115.7395,86.8
2015-08-21,112.9188,86.9
2015-08-22,111.4301,85.0
2015-08-23,110.9006,84.7
2015-08-24,109.725,83.5
2015-08-25,108.5631,84.6
2015-08-26,107.1839,94.1
2015-08-27,104.864,100.4
2015-08-28,105.0578,100.0
2015-08-29,104.289,97.7
2015-08-30,106.9069,102.2
2015-08-31,107.7566,110.6
2015-09-01,111.7736,107.9
2015-09-02,113.2942,103.8
2015-09-03,113.7651,106.7
2015-09-04,116.6314,111.3
2015-09-05,115.5626,104.2
2015-09-06,114.5641,107.8
2015-09-07,110.8779,111.4
2015-09-08,108.5915,107.4
2015-09-09,104.8447,120.5
2015-09-10,101.8296,120.8
2015-09-11,100.9108,128.1
2015-09-12,100.4397,124.5
2015-09-13,99.2218,129.6
2015-09-14,98.3524,131.5
2015-09-15,99.2783,120.0
2015-09-16,98.5228,107.6
2015-09-17,98.8302,97.0
2015-09-18,97.8794,88.3
2015-09-19,98.1826,82.6
2015-09-20,98.7345,81.3
2015-09-21,99.0425,80.4
2015-09-22,101.6104,79.5
2015-09-23,103.803,81.0
2015-09-24,103.2509,81.2
2015-09-25,103.2378,84.3
2015-09-26,104.9078,88.7
2015-09-27,107.4436,95.2
2015-09-28,107.1166,100.2
2015-09-29,106.3964,106.1
2015-09-30,107.5688,108.4
2015-10-01,108.6873,115.8
2015-10-02,106.3722,118.6
2015-10-03,106.5586,122.7
2015-10-04,107.6112,121.7
2015-10-05,105.8395,127.8
2015-10-06,109.9198,119.3
2015-10-07,110.3083,113.7
2015-10-08,112.274,105.2
2015-10-09,111.3048,105.2
2015-10-10,112.2977,104.9
2015-10-11,112.2502,108.7
2015-10-12,108.7848,110.7
2015-10-13,104.0305,111.4
2015-10-14,100.0613,115.5
2015-10-15,96.6901,116.7
2015-10-16,94.9516,122.4
2015-10-17,94.8879,120.1
2015-10-18,94.5947,122.2
2015-10-19,94.6769,112.0
2015-10-20,95.654,108.1
2015-10-21,96.8567,113.2
2015-10-22,98.0379,112.9
2015-10-23,98.9458,105.7
2015-10-24,100.93,105.6
2015-10-25,102.5419,103.3
2015-10-26,104.4908,102.9
2015-10-27,106.0451,101.4
2015-10-28,108.9729,100.8
2015-10-29,110.3917,104.1
2015-10-30,112.617,103.5
2015-10-31,112.9325,103.2
2015-11-01,115.2749,104.6
2015-11-02,112.8287,105.1
2015-11-03,111.1877,105.6
2015-11-04,108.3571,108.4
2015-11-05,108.9188,119.2
2015-11-06,109.5854,119.9
2015-11-07,110.184,116.7
2015-11-08,110.3903,110.3
2015-11-09,110.2792,106.2
2015-11-10,110.6751,101.2
2015-11-11,110.8575,96.3
2015-11-12,111.5831,94.0
2015-11-13,111.3222,92.9
2015-11-14,111.0447,93.1
2015-11-15,108.2502,91.9
2015-11-16,106.4066,92.6
2015-11-17,107.7431,91.8
2015-11-18,107.5299,94.8
2015-11-19,105.3571,97.6
2015-11-20,105.4434,99.3
2015-11-21,105.0403,97.8
2015-11-22,104.437,107.9
2015-11-23,103.9652,105.5
2015-11-24,103.3317,105.2
2015-11-25,104.5093,110.3
2015-11-26,104.3949,113.1
2015-11-27,104.9393,118.7
2015-11-28,105.9873,120.2
2015-11-29,105.8896,115.2
2015-11-30,106.8603,122.2
2015-12-01,107.5989,114.0
2015-12-02,110.8658,113.3
2015-12-03,111.024,115.2
2015-12-04,110.4711,112.8
2015-12-05,108.6459,117.8
2015-12-06,107.8739,125.8
2015-12-07,106.0473,129.5
2015-12-08,104.741,128.4
2015-12-09,103.5574,122.3
2015-12-10,102.9416,113.5
2015-12-11,102.8443,106.7
2015-12-12,103.0998,108.4
2015-12-13,103.8192,101.9
2015-12-14,103.797,98.1
2015-12-15,104.5946,93.0
2015-12-16,105.8024,95.1
2015-12-17,105.9332,96.6
2015-12-18,105.5076,98.5
2015-12-19,108.7635,92.2
2015-12-20,107.2824,92.1
2015-12-21,107.679,96.9
2015-12-22,109.6951,99.9
2015-12-23,110.4413,104.9
2015-12-24,112.3094,103.5
2015-12-25,112.5953,105.4
2015-12-26,110.9206,104.5
2015-12-27,112.8558,102.0
2015-12-28,110.7004,100.7
2015-12-29,110.4626,99.9
2015-12-30,110.7435,100.1
2015-12-31,110.1132,96.7
2016-01-01,112.0202,97.4
2016-01-02,113.8142,96.7
2016-01-03,115.1428,94.4
2016-01-04,114.6945,97.2
2016-01-05,112.4525,100.7
2016-01-06,109.4082,97.3
2016-01-07,106.5582,95.8
2016-01-08,107.1699,100.6
2016-01-09,104.9474,104.3
2016-01-10,103.8453,111.3
2016-01-11,102.1934,109.3
2016-01-12,102.385,106.6
2016-01-13,102.2824,103.7
2016-01-14,102.9851,102.0
2016-01-15,101.6296,98.3
2016-01-16,101.6549,97.3
2016-01-17,102.9552,99.1
2016-01-18,103.8408,108.9
2016-01-19,105.6928,119.8
2016-01-20,105.4418,116.3
2016-01-21,105.8284,113.9
2016-01-22,105.3929,113.9
2016-01-23,104.1366,112.1
2016-01-24,103.9699,114.1
2016-01-25,104.2198,109.2
2016-01-26,104.6821,109.8
2016-01-27,103.7823,109.3
2016-01-28,103.9648,107.5
2016-01-29,103.5024,105.4
2016-01-30,103.3877,104.7
2016-01-31,103.553,101.5
2016-02-01,104.2984,97.5
2016-02-02,103.0817,92.7
2016-02-03,103.1823,91.9
2016-02-04,104.453,97.8
2016-02-05,104.796,93.5
2016-02-06,106.9972,91.7
2016-02-07,106.7539,89.1
2016-02-08,106.1974,86.1
2016-02-09,105.1178,89.9
2016-02-10,104.3625,87.2
2016-02-11,102.9077,88.6
2016-02-12,103.161,91.5
2016-02-13,104.0822,89.3
2016-02-14,106.7492,95.1
2016-02-15,109.7067,96.5
2016-02-16,108.1255,97.1
2016-02-17,107.7208,98.9
2016-02-18,107.6611,94.7
2016-02-19,108.024,94.1
2016-02-20,108.7261,92.8
2016-02-21,107.7166,94.2
2016-02-22,107.09,96.0
2016-02-23,107.0006,93.7
2016-02-24,106.3424,93.0
2016-02-25,105.1692,93.9
2016-02-26,103.7977,91.5
2016-02-27,102.3673,92.4
2016-02-28,101.372,93.1
2016-02-29,99.7908,90.1
2016-03-01,99.1968,90.7
2016-03-02,101.0892,89.5
2016-03-03,99.2557,88.6
2016-03-04,98.7839,86.9
2016-03-05,98.0013,88.2
2016-03-06,97.2894,86.7
2016-03-07,98.8361,86.2
2016-03-08,98.8455,86.0
2016-03-09,99.3565,85.1
2016-03-10,100.2326,85.1
2016-03-11,99.4125,87.9
2016-03-12,100.9187,87.4
2016-03-13,100.5714,87.5
2016-03-14,100.812,83.6
2016-03-15,101.4593,81.6
2016-03-16,100.3404,82.0
2016-03-17,100.1899,81.5
2016-03-18,100.0564,82.3
2016-03-19,100.7855,83.5
2016-03-20,101.1212,83.5
2016-03-21,100.2844,87.2
2016-03-22,100.3025,92.5
2016-03-23,99.8359,98.6
2016-03-24,98.1707,105.9
2016-03-25,97.6859,111.1
2016-03-26,97.7769,117.2
2016-03-27,96.48,111.9
2016-03-28,95.4027,108.8
2016-03-29,94.1404,111.8
2016-03-30,93.2064,113.2
2016-03-31,91.4509,114.0
2016-04-01,91.8684,102.9
2016-04-02,90.9806,95.4
2016-04-03,90.8496,89.9
2016-04-04,90.9154,84.0
2016-04-05,90.5999,77.5
2016-04-06,90.5431,77.5
2016-04-07,91.6381,79.6
2016-04-08,91.1169,82.8
2016-04-09,91.6464,82.9
2016-04-10,90.8518,86.3
2016-04-11,90.7178,93.8
2016-04-12,91.5269,96.3
2016-04-13,91.1784,93.8
2016-04-14,91.8011,95.4
2016-04-15,93.3019,93.6
2016-04-16,93.9149,91.3
2016-04-17,94.2628,91.5
2016-04-18,95.8168,91.6
2016-04-19,97.2509,88.7
2016-04-20,99.7222,91.2
2016-04-21,100.464,89.7
2016-04-22,101.3321,85.6
2016-04-23,99.446,90.2
2016-04-24,99.0937,90.5
2016-04-25,99.3908,95.8
2016-04-26,99.2896,93.9
2016-04-27,99.6201,95.4
2016-04-28,96.1162,103.4
2016-04-29,93.3719,105.7
2016-04-30,91.5912,104.3
2016-05-01,89.7731,105.6
2016-05-02,88.3064,104.7
2016-05-03,88.5933,101.2
2016-05-04,89.3717,102.0
2016-05-05,90.257,100.2
2016-05-06,90.5458,99.8
2016-05-07,91.9441,99.8
2016-05-08,93.1809,96.7
2016-05-09,93.9681,96.1
2016-05-10,93.5016,94.2
2016-05-11,94.2722,92.8
2016-05-12,93.6499,90.1
2016-05-13,92.9308,85.3
2016-05-14,93.6871,88.7
2016-05-15,94.1367,89.0
2016-05-16,93.524,88.4
2016-05-17,93.9482,87.7
2016-05-18,93.7769,85.7
2016-05-19,92.7112,82.4
2016-05-20,94.3489,81.5
2016-05-21,94.3699,80.8
2016-05-22,96.1298,80.8
2016-05-23,95.4628,82.6
2016-05-24,96.1286,87.8
2016-05-25,98.4049,87.5
2016-05-26,99.1294,90.9
2016-05-27,98.6923,97.1
2016-05-28,98.8669,93.9
2016-05-29,97.9734,90.4
2016-05-30,97.0146,90.1
2016-05-31,96.7078,91.0
2016-06-01,96.2475,89.4
2016-06-02,96.1629,86.3
2016-06-03,95.3906,87.9
2016-06-04,94.0058,87.1
2016-06-05,93.3127,82.9
2016-06-06,92.835,80.9
2016-06-07,91.8673,80.0
2016-06-08,90.7714,78.2
2016-06-09,89.5229,79.6
2016-06-10,90.4635,79.2
2016-06-11,90.4296,78.0
2016-06-12,90.5159,75.5
2016-06-13,90.1766,76.0
2016-06-14,90.0797,75.4
2016-06-15,88.9433,74.4
2016-06-16,89.2986,73.3
2016-06-17,89.7166,74.8
2016-06-18,90.143,76.3
2016-06-19,91.4246,74.9
2016-06-20,92.8577,79.7
2016-06-21,92.5958,86.1
2016-06-22,93.0318,90.0
2016-06-23,94.3056,95.3
2016-06-24,93.1652,97.6
2016-06-25,92.7832,97.8
2016-06-26,92.502,95.5
2016-06-27,92.2959,100.0
2016-06-28,91.2643,98.2
2016-06-29,89.9757,105.4
2016-06-30,89.3904,110.1
2016-07-01,88.3623,108.6
2016-07-02,86.4871,110.6
2016-07-03,85.719,104.1
2016-07-04,85.0195,111.5
2016-07-05,84.2976,103.3
2016-07-06,84.6592,93.3
2016-07-07,84.5644,88.9
2016-07-08,84.0757,84.8
2016-07-09,83.3264,75.9
2016-07-10,83.6209,75.9
2016-07-11,83.6075,73.8
2016-07-12,83.8507,72.5
2016-07-13,83.7983,72.6
2016-07-14,84.3494,73.1
2016-07-15,85.7571,73.7
2016-07-16,86.5627,74.1
2016-07-17,88.8017,77.1
2016-07-18,91.1836,77.0
2016-07-19,92.4238,78.5
2016-07-20,94.5169,82.1
2016-07-21,94.7293,85.5
2016-07-22,93.6375,95.3
2016-07-23,92.5561,99.0
2016-07-24,93.9112,94.9
2016-07-25,92.9503,97.6
2016-07-26,94.9352,97.2
2016-07-27,95.9158,97.3
2016-07-28,95.4982,92.9
2016-07-29,95.8348,89.4
2016-07-30,93.4438,89.8
2016-07-31,94.6401,88.7
2016-08-01,91.8151,84.9
2016-08-02,88.4404,84.4
2016-08-03,86.0697,82.7
2016-08-04,84.4599,80.0
2016-08-05,82.3627,78.4
2016-08-06,82.1894,81.8
2016-08-07,82.1247,83.1
2016-08-08,82.0039,79.7
2016-08-09,81.7817,80.3
2016-08-10,82.0483,83.6
2016-08-11,82.0859,85.6
2016-08-12,82.7391,87.1
2016-08-13,84.4703,89.5
2016-08-14,84.9951,102.3
2016-08-15,85.2932,99.3
2016-08-16,87.235,96.9
2016-08-17,88.3284,96.3
2016-08-18,90.8323,100.7
2016-08-19,91.6436,99.0
2016-08-20,90.3599,95.3
2016-08-21,91.3167,93.9
2016-08-22,91.3043,94.4
2016-08-23,91.647,95.9
2016-08-24,90.5299,92.3
2016-08-25,89.2279,94.3
2016-08-26,89.4294,87.5
2016-08-27,88.7417,87.5
2016-08-28,87.6186,87.0
2016-08-29,87.8834,86.2
2016-08-30,87.9874,85.3
2016-08-31,87.1915,84.5
2016-09-01,86.5064,81.0
2016-09-02,87.4134,83.8
2016-09-03,87.9998,83.3
2016-09-04,87.4055,85.2
2016-09-05,87.5846,86.1
2016-09-06,88.8404,85.7
2016-09-07,89.7394,86.1
2016-09-08,90.428,85.4
2016-09-09,90.8116,85.1
2016-09-10,94.5662,87.2
2016-09-11,93.5089,85.9
2016-09-12,92.4195,84.8
2016-09-13,92.2094,83.0
2016-09-14,93.1707,80.8
2016-09-15,92.3798,81.2
2016-09-16,91.28,82.4
2016-09-17,90.2997,87.9
2016-09-18,90.612,93.1
2016-09-19,90.8163,99.3
2016-09-20,89.8995,101.4
2016-09-21,90.4093,104.0
2016-09-22,88.7829,104.1
2016-09-23,88.6326,104.2
2016-09-24,87.9653,101.6
2016-09-25,87.8944,98.8
2016-09-26,87.832,97.2
2016-09-27,87.53,94.8
2016-09-28,86.6638,92.3
2016-09-29,86.6262,84.4
2016-09-30,86.5371,80.4
2016-10-01,87.3753,75.6
2016-10-02,86.9421,76.8
2016-10-03,86.86,75.8
2016-10-04,87.4228,74.0
2016-10-05,87.4475,77.1
2016-10-06,87.5941,76.7
2016-10-07,88.7118,76.0
2016-10-08,88.7,74.5
2016-10-09,88.8922,76.9
2016-10-10,88.3643,77.1
2016-10-11,88.0849,77.8
2016-10-12,88.5437,78.2
2016-10-13,88.8327,78.0
2016-10-14,90.9,75.1
2016-10-15,92.2218,75.5
2016-10-16,93.7753,75.4
2016-10-17,94.2493,74.8
2016-10-18,94.5308,74.4
2016-10-19,94.5089,75.4
2016-10-20,93.838,75.3
2016-10-21,93.0413,74.9
2016-10-22,91.8025,75.1
2016-10-23,90.9075,75.4
2016-10-24,89.0426,78.3
2016-10-25,87.8476,78.6
2016-10-26,85.3824,76.8
2016-10-27,84.1984,76.8
2016-10-28,82.4544,76.2
2016-10-29,82.3325,75.6
2016-10-30,81.4916,74.9
2016-10-31,81.1651,79.1
2016-11-01,81.6538,76.8
2016-11-02,81.1536,75.8
2016-11-03,80.6062,74.9
2016-11-04,80.3271,74.6
2016-11-05,80.7139,73.1
2016-11-06,80.9527,75.4
2016-11-07,80.8726,75.7
2016-11-08,81.2919,77.0
2016-11-09,81.4903,78.8
2016-11-10,81.0704,79.1
2016-11-11,81.4556,80.4
2016-11-12,81.8018,82.9
2016-11-13,82.2965,83.1
2016-11-14,82.1803,81.3
2016-11-15,82.1402,82.1
2016-11-16,82.37,82.0
2016-11-17,82.2044,82.2
2016-11-18,82.236,80.0
2016-11-19,81.2139,80.3
2016-11-20,81.8426,77.4
2016-11-21,81.3232,74.9
2016-11-22,81.0542,72.6
2016-11-23,81.209,70.7
2016-11-24,81.2783,70.0
2016-11-25,81.2987,69.2
2016-11-26,80.7444,68.6
2016-11-27,81.4599,69.0
2016-11-28,80.8238,70.1
2016-11-29,80.4457,70.2
2016-11-30,79.9393,70.3
2016-12-01,79.9149,69.8
2016-12-02,79.7132,70.0
2016-12-03,80.4141,70.5
2016-12-04,80.5044,72.5
2016-12-05,81.1977,72.6
2016-12-06,81.8588,72.4
2016-12-07,81.6018,71.3
2016-12-08,81.3691,70.7
2016-12-09,81.7292,70.1
2016-12-10,81.9128,71.4
2016-12-11,81.2174,71.3
2016-12-12,81.0615,70.9
2016-12-13,80.6145,70.9
2016-12-14,80.3203,71.2
2016-12-15,79.4205,71.1
2016-12-16,79.3238,70.1
2016-12-17,78.1874,70.6
2016-12-18,77.2362,71.0
2016-12-19,76.4644,70.0
2016-12-20,75.9684,70.9
2016-12-21,75.8087,69.6
2016-12-22,75.3327,69.7
2016-12-23,75.0366,69.2
2016-12-24,74.9977,68.9
2016-12-25,75.0684,70.3
2016-12-26,74.8169,72.0
2016-12-27,74.4774,73.0
2016-12-28,74.2282,72.4
2016-12-29,74.3246,74.1
2016-12-30,74.5055,75.0
2016-12-31,74.8173,75.8
2017-01-01,74.6339,76.1
2017-01-02,74.555,76.1
2017-01-03,74.4229,77.0
2017-01-04,74.1239,80.6
2017-01-05,73.8288,83.4
2017-01-06,74.1032,84.0
2017-01-07,74.1528,81.5
2017-01-08,74.2425,79.7
2017-01-09,74.0586,82.5
2017-01-10,74.0927,80.6
2017-01-11,73.9023,77.9
2017-01-12,73.6312,76.1
2017-01-13,73.935,74.4
2017-01-14,74.0624,74.7
2017-01-15,73.8387,73.8
2017-01-16,74.3747,73.9
2017-01-17,74.1874,73.1
2017-01-18,74.323,73.0
2017-01-19,74.2061,71.9
2017-01-20,74.5249,70.6
2017-01-21,74.9424,70.5
2017-01-22,75.6397,70.1
2017-01-23,76.042,71.1
2017-01-24,75.9458,71.5
2017-01-25,76.7052,72.1
2017-01-26,76.9701,73.8
2017-01-27,77.0713,74.3
2017-01-28,77.2102,73.0
2017-01-29,77.2523,72.7
2017-01-30,77.9794,73.0
2017-01-31,79.0383,72.2
2017-02-01,79.6349,72.8
2017-02-02,79.7328,74.9
2017-02-03,78.9564,76.4
2017-02-04,78.3544,78.9
2017-02-05,78.6001,80.7
2017-02-06,77.9057,81.4
2017-02-07,77.06,81.6
2017-02-08,76.4236,80.5
2017-02-09,75.7618,78.5
2017-02-10,75.7276,77.5
2017-02-11,75.6585,80.6
2017-02-12,75.7359,80.1
2017-02-13,75.3682,79.3
2017-02-14,75.2632,77.8
2017-02-15,74.8816,76.7
2017-02-16,74.5107,73.9
2017-02-17,74.4639,71.6
2017-02-18,74.5593,71.3
2017-02-19,74.8748,70.6
2017-02-20,74.9342,69.6
2017-02-21,75.2481,70.3
2017-02-22,75.7799,70.0
2017-02-23,76.1702,69.1
2017-02-24,75.8973,69.2
2017-02-25,75.6944,69.5
2017-02-26,75.8364,68.8
2017-02-27,75.8809,69.1
2017-02-28,76.3846,69.7
2017-03-01,77.1436,69.9
2017-03-02,78.0319,69.6
2017-03-03,78.783,70.5
2017-03-04,79.1768,72.1
2017-03-05,78.7804,70.5
2017-03-06,78.8742,72.0
2017-03-07,78.341,71.5
2017-03-08,77.7583,71.9
2017-03-09,77.6502,73.7
2017-03-10,78.586,76.8
2017-03-11,78.3421,82.5
2017-03-12,77.3752,83.4
2017-03-13,76.8367,83.1
2017-03-14,76.1294,85.7
2017-03-15,75.1348,90.4
2017-03-16,74.2531,100.9
2017-03-17,74.0063,111.9
2017-03-18,73.8596,107.9
2017-03-19,73.4199,93.9
2017-03-20,73.7804,84.7
2017-03-21,73.4575,85.8
2017-03-22,73.2496,74.1
2017-03-23,73.2166,73.3
2017-03-24,73.2437,74.7
2017-03-25,73.0625,73.9
2017-03-26,73.4963,74.9
2017-03-27,74.204,71.8
2017-03-28,74.3731,73.9
2017-03-29,74.4079,73.3
2017-03-30,75.0265,73.5
2017-03-31,75.857,75.0
2017-04-01,76.2004,75.8
2017-04-02,77.6507,77.5
2017-04-03,77.9634,81.6
2017-04-04,78.6546,81.4
2017-04-05,79.5723,83.1
2017-04-06,81.1745,84.5
2017-04-07,81.9635,83.4
2017-04-08,81.7256,81.1
2017-04-09,81.61,82.3
2017-04-10,82.2996,80.6
2017-04-11,83.8182,79.3
2017-04-12,86.6514,79.1
2017-04-13,89.1356,78.2
2017-04-14,87.5367,78.6
2017-04-15,83.6552,76.4
2017-04-16,81.152,78.4
2017-04-17,81.3705,76.2
2017-04-18,78.3291,75.4
2017-04-19,78.1141,74.8
2017-04-20,78.2508,74.1
2017-04-21,78.0659,73.0
2017-04-22,78.0822,71.8
2017-04-23,76.9947,70.2
2017-04-24,77.4452,69.9
2017-04-25,77.5261,70.5
2017-04-26,77.4494,70.4
2017-04-27,77.9259,71.9
2017-04-28,78.3144,72.7
2017-04-29,78.7942,72.2
2017-04-30,80.0757,73.5
2017-05-01,80.1755,73.1
2017-05-02,81.0032,73.9
2017-05-03,81.3619,74.0
2017-05-04,81.0508,74.2
2017-05-05,80.4243,75.3
2017-05-06,80.3167,76.3
2017-05-07,79.2005,77.9
2017-05-08,78.9045,79.9
2017-05-09,78.2042,78.1
2017-05-10,77.9737,82.4
2017-05-11,77.5463,84.1
2017-05-12,76.8146,81.0
2017-05-13,77.2905,77.9
2017-05-14,76.5927,75.7
2017-05-15,76.1869,76.2
2017-05-16,76.1272,77.9
2017-05-17,75.8948,80.4
2017-05-18,75.622,80.2
2017-05-19,75.4543,79.9
2017-05-20,75.1027,81.8
2017-05-21,75.1966,77.6
2017-05-22,75.693,77.8
2017-05-23,75.7284,76.2
2017-05-24,76.2774,76.0
2017-05-25,76.5995,77.0
2017-05-26,76.8935,76.6
2017-05-27,77.0634,77.5
2017-05-28,76.7969,77.2
2017-05-29,76.8022,76.4
2017-05-30,77.1167,79.9
2017-05-31,77.3674,75.8
2017-06-01,78.0479,77.2
2017-06-02,78.9017,77.3
2017-06-03,79.4588,76.0
2017-06-04,80.1261,76.9
2017-06-05,79.9096,76.2
2017-06-06,81.0432,76.1
2017-06-07,81.6015,76.1
2017-06-08,80.3375,76.6
2017-06-09,79.282,76.2
2017-06-10,78.9558,76.2
2017-06-11,79.2033,76.6
2017-06-12,79.6248,74.5
2017-06-13,80.3838,74.2
2017-06-14,80.288,73.9
2017-06-15,80.4682,73.1
2017-06-16,80.433,73.6
2017-06-17,79.471,74.1
2017-06-18,79.5692,74.2
2017-06-19,78.9844,75.5
2017-06-20,78.8712,78.5
2017-06-21,78.9095,82.2
2017-06-22,78.6668,89.5
2017-06-23,79.1998,94.0
2017-06-24,79.1011,98.2
2017-06-25,79.0003,94.1
2017-06-26,79.6772,93.2
2017-06-27,78.4375,95.3
2017-06-28,78.5225,97.0
2017-06-29,78.292,94.6
2017-06-30,77.5582,89.3
2017-07-01,77.5773,88.4
2017-07-02,77.2975,80.8
2017-07-03,77.3134,75.5
2017-07-04,77.2643,72.5
2017-07-05,77.6203,71.6
2017-07-06,78.0987,71.8
2017-07-07,78.3246,72.8
2017-07-08,78.7291,72.3
2017-07-09,78.4335,72.0
2017-07-10,78.7491,70.7
2017-07-11,78.5369,70.5
2017-07-12,78.6765,71.6
2017-07-13,79.1781,72.1
2017-07-14,79.8842,71.7
2017-07-15,80.8992,74.4
2017-07-16,81.0948,75.7
2017-07-17,82.5989,76.6
2017-07-18,83.4663,77.3
2017-07-19,84.9283,76.3
2017-07-20,85.7712,76.3
2017-07-21,86.6475,75.6
2017-07-22,85.2723,74.8
2017-07-23,84.9997,73.0
2017-07-24,85.6738,73.4
2017-07-25,85.9554,73.0
2017-07-26,84.9621,71.7
2017-07-27,82.9886,72.2
2017-07-28,82.0519,70.0
2017-07-29,80.0965,74.9
2017-07-30,78.2582,76.1
2017-07-31,77.444,79.2
2017-08-01,76.8668,78.5
2017-08-02,77.1262,82.0
2017-08-03,77.4937,88.9
2017-08-04,76.926,88.0
2017-08-05,76.6557,89.1
2017-08-06,76.3701,92.3
2017-08-07,76.3509,87.0
2017-08-08,76.2339,80.5
2017-08-09,76.159,82.5
2017-08-10,75.8713,79.2
2017-08-11,76.5426,79.8
2017-08-12,77.0134,83.2
2017-08-13,77.1567,85.9
2017-08-14,77.7872,88.6
2017-08-15,77.7678,93.6
2017-08-16,78.1944,95.1
2017-08-17,77.9311,101.7
2017-08-18,77.8088,122.2
2017-08-19,77.6251,136.3
2017-08-20,77.823,122.5
2017-08-21,77.6503,134.9
2017-08-22,77.2871,130.4
2017-08-23,77.7306,118.5
2017-08-24,76.9663,108.7
2017-08-25,78.7583,101.6
2017-08-26,79.1365,80.9
2017-08-27,80.7542,76.4
2017-08-28,81.6534,76.0
2017-08-29,82.7006,75.1
2017-08-30,84.882,73.6
2017-08-31,84.954,72.9
2017-09-01,85.671,72.9
2017-09-02,86.8508,72.9
2017-09-03,86.6576,71.3
2017-09-04,85.8174,74.5
2017-09-05,85.9893,73.6
2017-09-06,86.3753,78.1
2017-09-07,87.0133,81.7
2017-09-08,88.0541,87.4
2017-09-09,89.1355,90.4
2017-09-10,89.5,91.1
2017-09-11,90.9444,91.3
2017-09-12,92.2366,91.2
2017-09-13,94.5814,90.0
2017-09-14,101.2458,89.6
2017-09-15,104.7478,85.9
2017-09-16,101.8336,86.1
2017-09-17,103.8129,86.5
2017-09-18,101.8225,86.8
2017-09-19,96.7395,84.7
2017-09-20,92.5587,84.0
2017-09-21,89.5745,79.5
2017-09-22,83.4888,76.5
2017-09-23,82.092,72.1
2017-09-24,81.7382,70.7
2017-09-25,81.5469,69.3
2017-09-26,80.9878,69.9
2017-09-27,80.9729,69.4
2017-09-28,80.732,68.6
2017-09-29,80.6596,69.9
2017-09-30,80.1818,70.4
2017-10-01,80.6098,69.8
2017-10-02,80.3768,72.7
2017-10-03,81.8625,72.8
2017-10-04,83.544,75.1
2017-10-05,85.5727,75.7
2017-10-06,86.6752,76.5
2017-10-07,87.1196,77.2
2017-10-08,87.1737,76.7
2017-10-09,86.4532,77.9
2017-10-10,85.5569,76.4
2017-10-11,84.9045,75.0
2017-10-12,83.7382,74.4
2017-10-13,83.656,74.3
2017-10-14,83.7179,74.5
2017-10-15,83.6795,74.2
2017-10-16,83.4885,71.5
2017-10-17,82.876,72.4
2017-10-18,81.4394,72.0
2017-10-19,80.1754,70.9
2017-10-20,78.4901,69.9
2017-10-21,78.2206,68.1
2017-10-22,77.9132,67.0
2017-10-23,78.115,66.4
2017-10-24,77.9385,64.6
2017-10-25,77.4336,67.2
2017-10-26,77.6298,65.9
2017-10-27,77.712,68.0
2017-10-28,77.4118,70.6
2017-10-29,77.9587,72.8
2017-10-30,77.9491,72.6
2017-10-31,78.5346,71.6
2017-11-01,78.45,74.7
2017-11-02,78.893,74.3
2017-11-03,79.0891,72.7
2017-11-04,78.8447,71.8
2017-11-05,79.1747,71.4
2017-11-06,78.6213,71.6
2017-11-07,78.327,70.6
2017-11-08,78.2207,72.2
2017-11-09,78.1732,72.4
2017-11-10,78.524,73.5
2017-11-11,78.1567,71.7
2017-11-12,77.2361,70.0
2017-11-13,77.4718,70.6
2017-11-14,77.2904,69.8
2017-11-15,76.633,68.3
2017-11-16,76.1925,69.5
2017-11-17,75.8439,67.0
2017-11-18,75.4101,66.4
2017-11-19,74.9223,66.0
2017-11-20,74.3428,66.3
2017-11-21,74.8494,65.9
2017-11-22,74.2469,67.8
2017-11-23,74.5341,69.0
2017-11-24,75.0737,69.8
2017-11-25,75.5067,70.1
2017-11-26,75.3917,69.2
2017-11-27,74.926,69.9
2017-11-28,75.7013,69.8
2017-11-29,75.5406,69.5
2017-11-30,75.0058,69.0
2017-12-01,74.7645,68.8
2017-12-02,74.9224,69.4
2017-12-03,74.6997,66.6
2017-12-04,74.6728,71.8
2017-12-05,74.7139,73.6
2017-12-06,74.5153,72.9
2017-12-07,74.4985,73.7
2017-12-08,73.8642,73.6
2017-12-09,73.5177,73.2
2017-12-10,73.7951,69.5
2017-12-11,73.3863,68.6
2017-12-12,73.0131,68.8
2017-12-13,73.2378,69.1
2017-12-14,72.4272,68.1
2017-12-15,72.1177,68.3
2017-12-16,71.7971,66.8
2017-12-17,71.712,67.2
2017-12-18,71.4466,68.3
2017-12-19,71.5615,67.2
2017-12-20,72.2348,67.0
2017-12-21,72.5829,67.1
2017-12-22,72.7829,67.6
2017-12-23,72.5532,68.0
2017-12-24,72.8255,68.5
2017-12-25,72.7407,68.1
2017-12-26,72.5441,68.5
2017-12-27,72.1413,68.6
2017-12-28,72.1214,68.5
2017-12-29,72.4533,68.2
2017-12-30,71.4048,67.9
2017-12-31,72.5263,68.8
2018-01-01,72.8087,68.6
2018-01-02,72.7641,68.8
2018-01-03,73.1593,68.5
2018-01-04,73.0931,67.4
2018-01-05,72.9625,66.1
2018-01-06,72.0252,67.9
2018-01-07,71.804,68.3
2018-01-08,71.7724,67.7
2018-01-09,71.8371,68.2
2018-01-10,71.5671,67.7
2018-01-11,71.4825,66.7
2018-01-12,70.954,66.4
2018-01-13,70.9262,66.2
2018-01-14,70.995,66.9
2018-01-15,70.5915,67.2
2018-01-16,70.7208,67.0
2018-01-17,70.825,66.8
2018-01-18,70.9856,67.3
2018-01-19,70.8651,71.0
2018-01-20,70.7371,72.0
2018-01-21,70.5207,74.8
2018-01-22,70.6978,74.6
2018-01-23,70.9239,75.5
2018-01-24,70.9399,76.1
2018-01-25,70.9242,76.2
2018-01-26,70.8669,76.2
2018-01-27,70.9724,76.6
2018-01-28,70.8445,74.1
2018-01-29,70.9788,73.4
2018-01-30,70.9003,70.8
2018-01-31,70.6208,69.8
2018-02-01,70.2667,67.4
2018-02-02,70.6699,68.7
2018-02-03,70.6103,67.5
2018-02-04,70.7456,68.9
2018-02-05,70.9281,66.1
2018-02-06,71.2331,68.2
2018-02-07,71.0597,68.5
2018-02-08,71.0275,68.6
2018-02-09,71.0648,67.8
2018-02-10,71.3741,70.6
2018-02-11,71.3424,68.7
2018-02-12,71.413,68.6
2018-02-13,71.1508,66.0
2018-02-14,71.0751,66.6
2018-02-15,72.0815,66.7
2018-02-16,72.1799,66.4
2018-02-17,72.8472,66.5
2018-02-18,72.9767,66.5
2018-02-19,73.2102,66.8
2018-02-20,73.6085,65.6
2018-02-21,73.4745,66.6
2018-02-22,73.6412,66.8
2018-02-23,73.9342,66.9
2018-02-24,73.2537,67.3
2018-02-25,72.9844,67.7
2018-02-26,72.5151,66.9
2018-02-27,72.0434,68.3
2018-02-28,71.2341,67.9
2018-03-01,71.1131,69.0
2018-03-02,70.8118,68.5
2018-03-03,70.9854,69.7
2018-03-04,70.1552,68.2
2018-03-05,70.4928,68.8
2018-03-06,70.5884,68.0
2018-03-07,70.5449,67.7
2018-03-08,70.338,67.2
2018-03-09,71.1567,68.0
2018-03-10,70.6627,67.5
2018-03-11,70.6951,68.0
2018-03-12,70.0507,68.3
2018-03-13,70.1253,68.8
2018-03-14,70.0,68.6
2018-03-15,70.0306,68.9
2018-03-16,69.9889,68.9
2018-03-17,70.3414,68.4
2018-03-18,70.3513,67.8
2018-03-19,70.2578,68.6
2018-03-20,70.3634,66.4
2018-03-21,70.4737,67.4
2018-03-22,70.3883,67.0
2018-03-23,70.2965,68.1
2018-03-24,70.2474,68.9
2018-03-25,70.1007,68.8
2018-03-26,70.4098,68.6
2018-03-27,70.3754,70.4
2018-03-28,70.6247,70.1
2018-03-29,70.7394,69.9
2018-03-30,71.1659,71.0
2018-03-31,70.8893,69.7
2018-04-01,71.1021,69.8
2018-04-02,70.8479,71.4
2018-04-03,70.7055,71.4
2018-04-04,70.6764,73.7
2018-04-05,70.6336,77.5
2018-04-06,70.4107,76.5
2018-04-07,70.6056,74.7
2018-04-08,70.5744,73.7
2018-04-09,70.9194,71.6
2018-04-10,70.8823,70.3
2018-04-11,70.8586,69.6
2018-04-12,71.0993,71.1
2018-04-13,71.0812,72.2
2018-04-14,70.9327,71.3
2018-04-15,71.2565,69.5
2018-04-16,70.6245,68.1
2018-04-17,70.9678,67.6
2018-04-18,70.8748,68.9
2018-04-19,71.2989,68.7
2018-04-20,71.5805,68.4
2018-04-21,71.8886,70.9
2018-04-22,72.0094,70.9
2018-04-23,72.4666,70.9
2018-04-24,72.262,71.0
2018-04-25,72.0271,71.7
2018-04-26,72.1725,71.2
2018-04-27,71.8794,72.4
2018-04-28,71.9475,71.8
2018-04-29,72.5318,71.9
2018-04-30,72.4248,71.5
2018-05-01,72.9084,70.5
2018-05-02,73.6781,71.1
2018-05-03,73.1311,71.9
2018-05-04,72.815,70.4
2018-05-05,72.5665,71.3
2018-05-06,71.9325,72.6
2018-05-07,71.9357,75.0
2018-05-08,71.8681,75.6
2018-05-09,72.2779,77.7
2018-05-10,72.5179,74.9
2018-05-11,72.1499,76.6
2018-05-12,71.5842,78.9
2018-05-13,71.1917,77.0
2018-05-14,71.0253,77.3
2018-05-15,71.1598,78.9
2018-05-16,71.0838,76.9
2018-05-17,71.0719,76.5
2018-05-18,71.6362,75.7
2018-05-19,71.7501,72.6
2018-05-20,71.7049,73.4
2018-05-21,71.9175,73.2
2018-05-22,72.3341,71.3
2018-05-23,72.6832,70.2
2018-05-24,73.2986,68.8
2018-05-25,73.5274,72.4
2018-05-26,73.5532,72.0
2018-05-27,73.6504,72.5
2018-05-28,73.6935,73.0
2018-05-29,73.854,74.7
2018-05-30,73.9928,72.8
2018-05-31,73.6947,72.7
2018-06-01,73.9461,74.6
2018-06-02,74.2725,76.1
2018-06-03,74.9125,79.0
2018-06-04,74.7355,84.7
2018-06-05,75.2429,84.2
2018-06-06,74.6809,83.0
2018-06-07,75.1199,79.7
2018-06-08,75.727,77.0
2018-06-09,75.5175,75.2
2018-06-10,75.7082,73.4
2018-06-11,76.0159,72.4
2018-06-12,75.5094,71.9
2018-06-13,75.4829,70.9
2018-06-14,75.521,71.1
2018-06-15,74.6062,70.4
2018-06-16,74.6692,68.8
2018-06-17,74.9421,70.5
2018-06-18,74.7765,70.2
2018-06-19,74.7984,70.4
2018-06-20,74.8447,72.9
2018-06-21,75.5615,74.4
2018-06-22,75.2656,74.0
2018-06-23,75.3473,75.4
2018-06-24,75.3866,74.5
2018-06-25,75.9016,75.8
2018-06-26,75.4892,74.6
2018-06-27,75.3102,74.9
2018-06-28,76.0338,74.7
2018-06-29,76.378,74.1
2018-06-30,77.2569,74.3
2018-07-01,78.9276,73.5
2018-07-02,78.4973,73.6
2018-07-03,78.1994,72.8
2018-07-04,77.1592,72.7
2018-07-05,76.2772,72.2
2018-07-06,75.678,70.4
2018-07-07,75.2099,69.1
2018-07-08,74.688,69.0
2018-07-09,74.867,67.9
2018-07-10,74.6324,68.3
2018-07-11,74.7148,68.6
2018-07-12,74.4437,70.0
2018-07-13,73.8546,70.0
2018-07-14,74.1781,70.4
2018-07-15,73.9597,71.0
2018-07-16,73.7568,72.3
2018-07-17,74.397,72.0
2018-07-18,74.6369,72.3
2018-07-19,74.6081,72.5
2018-07-20,75.4814,71.2
2018-07-21,75.4219,71.1
2018-07-22,75.9675,71.5
2018-07-23,75.4267,71.6
2018-07-24,75.8692,72.2
2018-07-25,75.5695,71.4
2018-07-26,75.1896,69.3
2018-07-27,75.0063,69.9
2018-07-28,75.0757,69.6
2018-07-29,74.9089,70.5
2018-07-30,74.6171,70.6
2018-07-31,74.4842,70.0
2018-08-01,74.1341,69.0
2018-08-02,73.7134,68.9
2018-08-03,73.157,68.4
2018-08-04,72.9449,69.6
2018-08-05,72.7135,69.4
2018-08-06,72.7556,68.4
2018-08-07,72.854,71.1
2018-08-08,73.3104,74.0
2018-08-09,73.3273,73.1
2018-08-10,73.3521,72.6
2018-08-11,73.3809,71.0
2018-08-12,73.7329,71.2
2018-08-13,73.7409,71.8
2018-08-14,73.9606,69.6
2018-08-15,73.9974,68.8
2018-08-16,73.5467,69.5
2018-08-17,73.5159,68.9
2018-08-18,73.6035,69.3
2018-08-19,73.5167,68.6
2018-08-20,73.7501,68.6
2018-08-21,73.5755,68.4
2018-08-22,72.7942,68.6
2018-08-23,73.0372,69.7
2018-08-24,73.0603,69.4
2018-08-25,73.2301,69.9
2018-08-26,73.1533,70.3
2018-08-27,72.8403,70.6
2018-08-28,72.5846,70.5
2018-08-29,72.6414,69.8
2018-08-30,72.2582,69.2
2018-08-31,72.5667,69.8
2018-09-01,72.5424,68.5
2018-09-02,72.2241,68.8
2018-09-03,73.0022,68.5
2018-09-04,73.7503,67.2
2018-09-05,73.4825,67.4
2018-09-06,73.3851,68.4
2018-09-07,72.9787,68.9
2018-09-08,73.222,69.0
2018-09-09,73.3997,68.0
2018-09-10,72.8058,69.3
2018-09-11,72.597,67.4
2018-09-12,72.6544,69.4
2018-09-13,72.3562,68.9
2018-09-14,72.2823,68.5
2018-09-15,72.018,70.3
2018-09-16,71.8394,67.1
2018-09-17,71.6561,68.4
2018-09-18,71.7814,67.2
2018-09-19,71.9773,68.7
2018-09-20,71.7282,68.6
2018-09-21,71.7731,69.4
2018-09-22,71.9054,68.7
2018-09-23,72.1969,69.3
2018-09-24,72.2976,69.6
2018-09-25,71.9546,70.6
2018-09-26,71.8935,71.3
2018-09-27,71.7595,72.1
2018-09-28,71.5873,71.1
2018-09-29,71.7544,69.6
2018-09-30,71.5591,69.3
2018-10-01,71.3765,69.6
2018-10-02,71.0717,69.0
2018-10-03,71.2715,69.0
2018-10-04,71.1748,69.8
2018-10-05,71.2741,70.4
2018-10-06,71.022,70.2
2018-10-07,71.4308,70.9
2018-10-08,70.8156,68.9
2018-10-09,71.3225,68.6
2018-10-10,71.2721,68.3
2018-10-11,71.2245,68.5
2018-10-12,71.756,67.4
2018-10-13,71.1355,67.9
2018-10-14,71.5087,66.1
2018-10-15,71.1952,67.1
2018-10-16,71.4492,65.8
2018-10-17,71.4396,66.5
2018-10-18,71.592,66.3
2018-10-19,71.4112,65.5
2018-10-20,71.6544,67.2
2018-10-21,71.7652,67.6
2018-10-22,72.0762,67.5
2018-10-23,72.3225,68.2
2018-10-24,72.3577,67.6
2018-10-25,72.0462,67.6
2018-10-26,71.5312,68.0
2018-10-27,71.4912,66.8
2018-10-28,71.2923,65.6
2018-10-29,71.2519,66.5
2018-10-30,71.0059,66.9
2018-10-31,71.4848,69.5
2018-11-01,71.4772,71.7
2018-11-02,71.4535,70.6
2018-11-03,71.4985,69.5
2018-11-04,70.8552,68.8
2018-11-05,70.8578,67.1
2018-11-06,70.7305,67.5
2018-11-07,70.8064,67.5
2018-11-08,70.4507,68.2
2018-11-09,70.5096,67.8
2018-11-10,69.8614,66.8
2018-11-11,70.1696,66.6
2018-11-12,69.7508,65.7
2018-11-13,69.8147,66.0
2018-11-14,69.7934,66.1
2018-11-15,69.4649,67.4
2018-11-16,70.2985,67.0
2018-11-17,70.5673,66.4
2018-11-18,70.632,66.8
2018-11-19,70.7975,68.8
2018-11-20,70.7046,67.7
2018-11-21,70.4429,68.1
2018-11-22,70.4192,68.4
2018-11-23,69.9707,69.5
2018-11-24,69.7113,68.8
2018-11-25,69.9418,68.9
2018-11-26,69.9602,68.6
2018-11-27,70.5526,68.0
2018-11-28,71.1426,68.6
2018-11-29,70.9053,68.9
2018-11-30,70.7675,67.6
2018-12-01,70.556,67.9
2018-12-02,70.0089,68.1
2018-12-03,70.0072,68.0
2018-12-04,70.0031,67.6
2018-12-05,70.5482,68.8
2018-12-06,70.2134,68.7
2018-12-07,69.9874,68.0
2018-12-08,69.9249,67.2
2018-12-09,69.8364,67.3
2018-12-10,69.7863,66.5
2018-12-11,69.9744,66.2
2018-12-12,69.9344,67.0
2018-12-13,69.7543,66.7
2018-12-14,69.5907,67.1
2018-12-15,69.7436,67.0
2018-12-16,70.2621,69.5
2018-12-17,70.111,72.7
2018-12-18,70.3425,70.2
2018-12-19,70.389,69.1
2018-12-20,70.5784,68.8
2018-12-21,70.4456,69.6
2018-12-22,70.582,69.1
2018-12-23,70.4107,69.0
2018-12-24,70.3209,69.2
2018-12-25,70.4472,67.8
2018-12-26,70.5031,65.9
2018-12-27,70.0992,67.3
2018-12-28,70.2144,66.6
2018-12-29,70.1675,67.8
2018-12-30,70.0111,67.3
2018-12-31,69.8514,67.5
2019-01-01,70.4565,66.4
2019-01-02,70.8033,66.6
2019-01-03,70.5737,67.4
2019-01-04,70.2905,67.0
2019-01-05,70.2354,67.7
2019-01-06,70.0326,68.5
2019-01-07,69.7947,69.3
2019-01-08,69.8907,70.2
2019-01-09,69.8499,72.7
2019-01-10,69.7734,74.3
2019-01-11,69.6794,72.8
2019-01-12,70.2152,73.5
2019-01-13,71.1169,70.9
2019-01-14,70.612,71.4
2019-01-15,70.4657,70.0
2019-01-16,70.4647,70.0
2019-01-17,70.5478,68.8
2019-01-18,70.4275,69.1
2019-01-19,70.4723,68.7
2019-01-20,70.5135,68.7
2019-01-21,70.1997,69.3
2019-01-22,69.9923,68.3
2019-01-23,70.3853,69.8
2019-01-24,70.3658,68.4
2019-01-25,70.8329,68.1
2019-01-26,70.6671,68.0
2019-01-27,70.5822,68.4
2019-01-28,70.2957,68.6
2019-01-29,70.2233,69.7
2019-01-30,70.4011,69.2
2019-01-31,70.2601,69.0
2019-02-01,70.4479,68.4
2019-02-02,70.6048,68.3
2019-02-03,70.9414,68.6
2019-02-04,71.1445,69.4
2019-02-05,71.8029,69.2
2019-02-06,72.4995,69.7
2019-02-07,72.1083,69.2
2019-02-08,72.5239,69.0
2019-02-09,71.8523,68.9
2019-02-10,71.947,69.2
2019-02-11,71.4409,69.4
2019-02-12,71.5946,68.8
2019-02-13,71.2498,68.7
2019-02-14,71.464,68.2
2019-02-15,71.1616,68.3
2019-02-16,70.978,69.7
2019-02-17,71.0236,70.8
2019-02-18,70.5718,71.3
2019-02-19,71.0221,69.9
2019-02-20,70.7442,70.7
2019-02-21,70.7571,69.7
2019-02-22,70.6904,70.1
2019-02-23,70.7815,69.5
2019-02-24,70.7,69.8
2019-02-25,71.0217,70.0
2019-02-26,70.9821,69.3
2019-02-27,71.0313,68.9
2019-02-28,70.8905,68.8
2019-03-01,70.7904,68.6
2019-03-02,70.798,69.3
2019-03-03,70.9718,69.1
2019-03-04,71.1067,76.2
2019-03-05,71.4028,79.4
2019-03-06,71.1997,81.8
2019-03-07,71.1243,78.9
2019-03-08,71.0544,75.0
2019-03-09,71.0116,70.8
2019-03-10,71.0465,68.7
2019-03-11,70.8989,68.6
2019-03-12,70.9825,68.1
2019-03-13,70.935,68.6
2019-03-14,70.9635,69.2
2019-03-15,71.4232,69.4
2019-03-16,71.654,69.2
2019-03-17,71.5779,70.8
2019-03-18,71.3467,70.6
2019-03-19,71.5948,70.3
2019-03-20,71.8946,71.8
2019-03-21,72.2762,73.7
2019-03-22,72.3005,76.6
2019-03-23,72.3268,78.8
2019-03-24,72.3344,79.3
2019-03-25,71.948,78.4
2019-03-26,71.7632,78.9
2019-03-27,71.5292,77.7
2019-03-28,71.6142,78.3
2019-03-29,71.928,75.9
2019-03-30,72.0447,75.9
2019-03-31,74.1366,74.7
2019-04-01,75.1435,76.7
2019-04-02,75.7798,75.2
2019-04-03,74.8064,73.3
2019-04-04,73.7163,70.6
2019-04-05,72.5923,69.9
2019-04-06,72.2016,70.2
2019-04-07,72.4423,69.6
2019-04-08,72.2822,70.1
2019-04-09,72.2803,68.4
2019-04-10,72.5617,68.0
2019-04-11,72.6162,67.8
2019-04-12,72.4809,68.8
2019-04-13,73.0907,67.9
2019-04-14,73.0382,69.5
2019-04-15,73.0876,68.7
2019-04-16,73.6456,70.3
2019-04-17,74.7648,70.9
2019-04-18,75.7836,73.5
2019-04-19,76.2013,74.7
2019-04-20,76.4237,77.3
2019-04-21,76.0571,80.1
2019-04-22,75.902,76.8
2019-04-23,75.3679,77.7
2019-04-24,75.3612,77.8
2019-04-25,74.3644,79.5
2019-04-26,74.0816,77.6
2019-04-27,73.5949,76.2
2019-04-28,74.2108,76.0
2019-04-29,73.475,75.6
2019-04-30,73.3623,75.3
2019-05-01,72.6333,73.8
2019-05-02,72.4132,72.2
2019-05-03,72.3447,69.6
2019-05-04,72.1509,70.4
2019-05-05,72.1892,69.7
2019-05-06,72.1266,69.0
2019-05-07,72.1673,68.2
2019-05-08,71.9955,68.1
2019-05-09,72.5228,68.7
2019-05-10,72.2398,69.8
2019-05-11,72.7725,69.3
2019-05-12,72.3496,70.0
2019-05-13,72.802,70.1
2019-05-14,73.2329,70.6
2019-05-15,74.1857,70.6
2019-05-16,74.9419,71.7
2019-05-17,75.6252,71.9
2019-05-18,76.2852,71.8
2019-05-19,75.406,72.1
2019-05-20,75.7165,71.8
2019-05-21,75.4206,70.9
2019-05-22,75.9248,71.0
2019-05-23,75.1795,70.5
2019-05-24,74.7582,70.5
2019-05-25,74.847,71.0
2019-05-26,74.8428,71.9
2019-05-27,74.7495,71.6
2019-05-28,74.127,69.6
2019-05-29,73.501,70.1
2019-05-30,72.6415,68.8
2019-05-31,72.5203,68.0
2019-06-01,72.335,68.5
2019-06-02,72.1327,69.2
2019-06-03,71.9406,70.2
2019-06-04,72.2098,69.9
2019-06-05,72.315,68.6
2019-06-06,72.3366,68.6
2019-06-07,72.2191,69.5
2019-06-08,72.3583,70.2
2019-06-09,72.4359,70.2
2019-06-10,72.8066,70.3
2019-06-11,72.8817,69.3
2019-06-12,73.136,70.4
2019-06-13,73.2582,69.9
2019-06-14,73.2474,69.7
2019-06-15,73.2802,70.5
2019-06-16,72.9553,69.5
2019-06-17,72.718,69.1
2019-06-18,72.8188,69.9
2019-06-19,72.728,69.0
2019-06-20,72.893,68.8
2019-06-21,72.9635,69.6
2019-06-22,73.0334,68.7
2019-06-23,73.1175,69.7
2019-06-24,72.6776,70.1
2019-06-25,72.779,69.4
2019-06-26,72.3795,69.0
2019-06-27,71.9599,68.2
2019-06-28,72.0071,69.4
2019-06-29,72.113,69.3
2019-06-30,72.3787,69.5
2019-07-01,72.2417,70.0
2019-07-02,71.9207,69.2
2019-07-03,71.8822,68.9
2019-07-04,72.2968,69.1
2019-07-05,72.4352,69.8
2019-07-06,72.4619,69.5
2019-07-07,72.5046,69.6
2019-07-08,71.974,70.0
2019-07-09,72.405,70.3
2019-07-10,72.2856,69.8
2019-07-11,72.5746,68.7
2019-07-12,72.8225,69.2
2019-07-13,72.3304,68.2
2019-07-14,72.3958,68.3
2019-07-15,72.5273,68.9
2019-07-16,72.1867,68.8
2019-07-17,72.127,68.9
2019-07-18,72.2494,67.7
2019-07-19,71.9803,68.8
2019-07-20,72.3035,70.1
2019-07-21,72.4485,70.1
2019-07-22,72.2249,69.9
2019-07-23,72.1521,70.6
2019-07-24,71.9116,69.1
2019-07-25,72.1783,69.1
2019-07-26,72.075,69.5
2019-07-27,71.8205,69.0
2019-07-28,72.1034,68.6
2019-07-29,71.5407,69.1
2019-07-30,71.4055,69.4
2019-07-31,71.5857,69.2
2019-08-01,71.7742,69.7
2019-08-02,71.7139,69.2
2019-08-03,71.4738,69.3
2019-08-04,71.7521,68.9
2019-08-05,71.9971,68.4
2019-08-06,71.868,67.3
2019-08-07,71.5147,68.0
2019-08-08,71.608,67.8
2019-08-09,71.4068,67.4
2019-08-10,71.4291,67.2
2019-08-11,71.5552,67.5
2019-08-12,71.5062,67.2
2019-08-13,71.4083,67.2
2019-08-14,71.0324,67.8
2019-08-15,71.4857,67.7
2019-08-16,71.82,68.3
2019-08-17,71.7502,70.0
2019-08-18,71.8092,69.8
2019-08-19,71.9763,69.8
2019-08-20,71.6748,69.4
2019-08-21,71.4747,70.0
2019-08-22,71.3503,75.0
2019-08-23,71.2152,68.5
2019-08-24,71.0551,69.8
2019-08-25,71.1697,70.9
2019-08-26,71.1171,69.0
2019-08-27,71.0887,70.3
2019-08-28,71.1579,69.1
2019-08-29,70.9521,69.4
2019-08-30,71.0426,68.4
2019-08-31,70.8317,69.4
2019-09-01,70.8797,68.8
2019-09-02,70.8055,66.9
2019-09-03,71.1374,67.7
2019-09-04,71.0691,67.7
2019-09-05,70.8086,68.2
2019-09-06,70.7587,68.8
2019-09-07,71.1344,66.6
2019-09-08,70.7008,67.5
2019-09-09,70.6418,67.9
2019-09-10,70.9002,67.4
2019-09-11,70.7859,66.8
2019-09-12,70.9312,67.5
2019-09-13,71.3583,67.7
2019-09-14,71.416,68.1
2019-09-15,71.3079,68.8
2019-09-16,71.4428,68.4
2019-09-17,71.6109,68.3
2019-09-18,72.64,68.1
2019-09-19,70.9924,67.8
2019-09-20,71.2988,67.3
2019-09-21,71.6148,67.6
2019-09-22,71.1759,67.0
2019-09-23,71.4311,67.9
2019-09-24,71.0492,67.3
2019-09-25,71.0595,68.3
2019-09-26,70.6327,68.0
2019-09-27,70.87,66.9
2019-09-28,70.6865,65.8
2019-09-29,70.1616,66.9
2019-09-30,70.3347,65.9
2019-10-01,70.5018,65.6
2019-10-02,70.6173,65.6
2019-10-03,70.6589,65.5
2019-10-04,70.2149,64.4
2019-10-05,70.5453,63.4
2019-10-06,70.4949,64.9
2019-10-07,70.2696,63.9
2019-10-08,70.0406,64.3
2019-10-09,70.164,67.9
2019-10-10,70.1077,67.8
2019-10-11,70.3104,68.0
2019-10-12,70.5037,68.5
2019-10-13,70.3931,68.2
2019-10-14,70.3488,68.8
2019-10-15,70.3871,70.2
2019-10-16,70.4357,69.6
2019-10-17,70.2404,69.6
2019-10-18,70.218,68.3
2019-10-19,69.9402,69.6
2019-10-20,70.0591,69.2
2019-10-21,69.8543,68.1
2019-10-22,70.1084,68.5
2019-10-23,70.0197,68.9
2019-10-24,69.6962,68.3
2019-10-25,69.5551,69.4
2019-10-26,69.7535,68.1
2019-10-27,69.4494,69.3
2019-10-28,69.4485,69.6
2019-10-29,69.4198,68.4
2019-10-30,69.5023,68.5
2019-10-31,69.3907,68.2
2019-11-01,69.1243,68.5
2019-11-02,69.5317,68.8
2019-11-03,69.0942,67.6
2019-11-04,69.3435,68.5
2019-11-05,70.3386,69.1
2019-11-06,70.1397,67.9
2019-11-07,70.1465,68.5
2019-11-08,70.3745,68.8
2019-11-09,70.2641,67.7
2019-11-10,70.6246,68.6
2019-11-11,70.9519,69.6
2019-11-12,70.9524,68.3
2019-11-13,71.1416,67.9
2019-11-14,70.6373,68.5
2019-11-15,70.9671,69.2
2019-11-16,70.7999,68.4
2019-11-17,70.5732,67.9
2019-11-18,70.7928,67.6
2019-11-19,70.7303,68.6
2019-11-20,70.5931,68.3
2019-11-21,71.0024,68.2
2019-11-22,70.5155,69.4
2019-11-23,70.7822,68.6
2019-11-24,70.8847,68.4
2019-11-25,70.4396,68.6
2019-11-26,70.5186,68.3
2019-11-27,70.5473,66.8
2019-11-28,70.5491,68.1
2019-11-29,70.4453,68.8
2019-11-30,70.2425,67.7
2019-12-01,70.5997,68.2
2019-12-02,70.695,68.0
2019-12-03,70.1792,67.7
2019-12-04,70.318,67.7
2019-12-05,70.4904,68.4
2019-12-06,70.2184,68.7
2019-12-07,70.4078,70.2
2019-12-08,70.8125,70.3
2019-12-09,70.5,69.8
2019-12-10,70.296,69.7
2019-12-11,70.4629,70.1
2019-12-12,70.6496,69.8
2019-12-13,70.2545,69.6
2019-12-14,70.1649,68.6
2019-12-15,70.194,68.2
2019-12-16,70.3917,69.4
2019-12-17,70.258,69.5
2019-12-18,70.182,68.9
2019-12-19,70.5185,69.8
2019-12-20,70.3284,69.4
2019-12-21,70.398,68.1
2019-12-22,70.4607,69.3
2019-12-23,70.6033,71.2
2019-12-24,70.3643,71.9
2019-12-25,70.7457,70.4
2019-12-26,70.8713,71.0
2019-12-27,70.6272,69.5
2019-12-28,71.0492,69.1
2019-12-29,70.8738,69.5
2019-12-30,70.638,68.9
2019-12-31,70.3819,69.4
2020-01-01,70.6835,67.9
2020-01-02,71.0027,69.0
2020-01-03,71.3628,69.5
2020-01-04,71.6186,69.0
2020-01-05,71.399,68.3
2020-01-06,71.1145,69.6
2020-01-07,71.3971,68.6
2020-01-08,71.4512,68.8
2020-01-09,71.5095,70.4
2020-01-10,71.3857,72.4
2020-01-11,71.3309,70.7
2020-01-12,71.8276,72.0
2020-01-13,71.6837,72.0
2020-01-14,71.5618,71.9
2020-01-15,71.5118,71.7
2020-01-16,71.4319,70.4
2020-01-17,70.8403,70.2
2020-01-18,71.2663,70.0
2020-01-19,71.8103,68.3
2020-01-20,72.0141,68.6
2020-01-21,71.5116,69.3
2020-01-22,71.7971,68.9
2020-01-23,71.3056,70.0
2020-01-24,71.0786,68.8
2020-01-25,71.2739,68.3
2020-01-26,71.3384,69.3
2020-01-27,71.5226,69.8
2020-01-28,71.168,69.4
2020-01-29,71.4488,69.5
2020-01-30,71.4921,68.8
2020-01-31,71.4453,68.8
2020-02-01,71.221,69.0
2020-02-02,71.4525,69.4
2020-02-03,71.3357,69.4
2020-02-04,71.2197,69.2
2020-02-05,71.5945,69.6
2020-02-06,72.2325,70.7
2020-02-07,71.9171,68.8
2020-02-08,72.3288,68.7
2020-02-09,72.2916,69.1
2020-02-10,72.014,68.7
2020-02-11,72.1702,69.6
2020-02-12,71.9151,69.3
2020-02-13,71.864,68.8
2020-02-14,71.648,68.1
2020-02-15,71.1413,68.1
2020-02-16,71.1823,68.8
2020-02-17,71.3646,68.7
2020-02-18,71.3137,68.3
2020-02-19,71.5922,68.9
2020-02-20,71.3222,68.8
2020-02-21,71.2813,69.2
2020-02-22,71.5327,69.8
2020-02-23,71.5739,69.8
2020-02-24,71.3762,69.6
2020-02-25,71.5099,69.1
2020-02-26,71.0976,67.9
2020-02-27,71.2059,67.4
2020-02-28,71.2823,69.5
2020-02-29,71.3739,69.1
2020-03-01,71.2553,70.9
2020-03-02,71.1434,71.4
2020-03-03,71.404,71.5
2020-03-04,71.7902,71.1
2020-03-05,71.2038,70.3
2020-03-06,71.3045,69.8
2020-03-07,71.4995,69.9
2020-03-08,71.6044,70.8
2020-03-09,71.8683,70.9
2020-03-10,71.778,69.9
2020-03-11,71.5779,69.2
2020-03-12,71.2831,69.0
2020-03-13,71.0285,68.6
2020-03-14,70.9384,69.1
2020-03-15,71.3191,69.8
2020-03-16,71.2322,69.2
2020-03-17,71.4896,69.7
2020-03-18,71.4213,70.0
2020-03-19,71.4716,70.2
2020-03-20,71.642,71.3
2020-03-21,71.6035,70.1
2020-03-22,71.557,70.1
2020-03-23,71.4478,70.7
2020-03-24,71.2377,70.6
2020-03-25,71.2517,69.5
2020-03-26,71.649,70.9
2020-03-27,71.5585,71.1
2020-03-28,72.0254,70.7
2020-03-29,71.9914,69.4
2020-03-30,72.1088,68.9
2020-03-31,72.1784,69.0
2020-04-01,71.9558,68.4
2020-04-02,71.7479,70.4
2020-04-03,71.7848,69.2
2020-04-04,71.989,68.9
2020-04-05,72.0641,69.8
2020-04-06,71.7263,71.4
2020-04-07,71.7258,69.5
2020-04-08,71.7618,70.5
2020-04-09,71.7487,69.8
2020-04-10,71.4381,70.1
2020-04-11,71.6893,69.9
2020-04-12,71.6002,69.9
2020-04-13,71.8136,71.0
2020-04-14,71.8323,70.9
2020-04-15,71.8717,71.3
2020-04-16,72.1504,70.3
2020-04-17,71.7165,69.8
2020-04-18,72.1135,70.5
2020-04-19,72.1935,70.5
2020-04-20,72.2839,71.1
2020-04-21,71.7962,70.0
2020-04-22,72.1484,69.2
2020-04-23,72.0537,72.4
2020-04-24,72.0562,69.3
2020-04-25,71.5919,67.5
2020-04-26,71.581,70.3
2020-04-27,71.5444,70.2
2020-04-28,71.511,68.7
2020-04-29,72.0781,69.4
2020-04-30,71.8262,71.0
2020-05-01,71.7869,71.2
2020-05-02,72.0092,71.8
2020-05-03,72.2452,70.3
2020-05-04,71.7479,71.3
2020-05-05,72.138,71.9
2020-05-06,72.0048,72.6
2020-05-07,71.9982,70.9
2020-05-08,71.8699,70.6
2020-05-09,72.0296,72.1
2020-05-10,72.2875,71.6
2020-05-11,72.0903,70.0
2020-05-12,72.4478,69.3
2020-05-13,72.2515,71.6
2020-05-14,72.0635,71.9
2020-05-15,72.3411,72.8
2020-05-16,72.3633,71.2
2020-05-17,72.4439,72.4
2020-05-18,72.1966,72.0
2020-05-19,71.9358,72.1
2020-05-20,72.6652,73.2
2020-05-21,71.8525,73.8
2020-05-22,71.449,73.8
2020-05-23,72.0212,73.2
2020-05-24,71.985,74.6
2020-05-25,71.6247,73.2
2020-05-26,71.8376,73.7
2020-05-27,72.1442,72.7
2020-05-28,72.2041,71.6
2020-05-29,72.5665,72.4
2020-05-30,72.2442,72.7
2020-05-31,72.6957,71.5
2020-06-01,72.7384,71.0
2020-06-02,72.9685,70.2
2020-06-03,72.7337,71.1
2020-06-04,72.9385,70.0
2020-06-05,73.3994,69.9
2020-06-06,73.2648,69.9
2020-06-07,72.7681,69.3
2020-06-08,72.6917,69.1
2020-06-09,73.4617,71.2
2020-06-10,73.3057,70.0
2020-06-11,74.0602,71.2
2020-06-12,73.6246,71.5
2020-06-13,73.6783,71.0
2020-06-14,73.4537,70.4
2020-06-15,73.3514,71.2
2020-06-16,73.7975,70.3
2020-06-17,73.9968,71.6
2020-06-18,74.0274,71.8
2020-06-19,73.8802,71.8
2020-06-20,74.3487,70.8
2020-06-21,73.8398,70.0
2020-06-22,73.9704,69.4
2020-06-23,73.6398,71.0
2020-06-24,73.4067,71.1
2020-06-25,73.807,71.0
2020-06-26,73.5505,69.8
2020-06-27,73.1751,70.5
2020-06-28,73.1919,71.2
2020-06-29,72.8296,70.6
2020-06-30,73.0856,70.9
2020-07-01,73.1108,71.3
2020-07-02,72.7118,70.0
2020-07-03,72.6036,71.1
2020-07-04,72.5769,71.6
2020-07-05,72.4297,72.1
2020-07-06,73.4777,72.2
2020-07-07,72.7822,72.5
2020-07-08,72.9628,71.7
2020-07-09,73.0271,72.6
2020-07-10,72.7994,73.6
2020-07-11,72.6929,73.7
2020-07-12,72.861,74.1
2020-07-13,72.702,74.9
2020-07-14,73.0114,75.6
2020-07-15,73.0487,74.4
2020-07-16,73.0729,74.1
2020-07-17,73.0946,74.9
2020-07-18,72.9759,74.8
2020-07-19,72.8214,75.1
2020-07-20,73.0668,75.6
2020-07-21,72.8907,75.1
2020-07-22,72.957,76.0
2020-07-23,72.8126,76.8
2020-07-24,72.9371,76.0
2020-07-25,73.0427,76.2
2020-07-26,73.043,75.4
2020-07-27,73.2645,75.1
2020-07-28,73.3161,74.2
2020-07-29,73.1799,72.6
2020-07-30,73.7531,72.4
2020-07-31,73.6941,72.6
2020-08-01,73.7631,72.5
2020-08-02,73.9285,73.1
2020-08-03,74.2234,72.2
2020-08-04,74.1259,71.6
2020-08-05,74.5441,72.6
2020-08-06,74.9245,71.6
2020-08-07,75.1069,72.1
2020-08-08,75.3996,71.8
2020-08-09,75.6242,72.1
2020-08-10,75.9077,71.9
2020-08-11,75.7839,71.4
2020-08-12,75.7003,71.5
2020-08-13,75.6943,71.6
2020-08-14,75.4333,71.4
2020-08-15,75.4004,70.5
2020-08-16,75.5533,70.8
2020-08-17,75.4431,69.5
2020-08-18,75.7407,71.2
2020-08-19,75.9136,70.8
2020-08-20,75.4625,70.3
2020-08-21,75.7439,70.5
2020-08-22,75.5088,71.3
2020-08-23,75.3145,70.9
2020-08-24,74.8411,70.7
2020-08-25,74.4145,70.2
2020-08-26,74.5636,69.6
2020-08-27,74.5002,70.2
2020-08-28,74.4123,70.6
2020-08-29,74.5775,69.7
2020-08-30,74.263,69.6
2020-08-31,74.1562,70.2
2020-09-01,74.4191,70.4
2020-09-02,73.8956,70.6
2020-09-03,73.9323,71.2
2020-09-04,73.8361,70.7
2020-09-05,73.7501,71.9
2020-09-06,73.8,72.9
2020-09-07,73.584,73.7
2020-09-08,73.5191,74.1
2020-09-09,73.4297,73.8
2020-09-10,73.3182,72.9
2020-09-11,72.954,74.4
2020-09-12,73.1115,74.1
2020-09-13,72.6741,73.0
2020-09-14,73.1307,73.5
2020-09-15,72.9955,73.0
2020-09-16,72.9185,72.3
2020-09-17,73.0363,71.9
2020-09-18,73.2025,71.2
2020-09-19,73.0986,72.2
2020-09-20,73.122,71.6
2020-09-21,72.9721,70.6
2020-09-22,72.7242,71.5
2020-09-23,73.148,72.9
2020-09-24,73.3519,73.3
2020-09-25,73.1801,72.6
2020-09-26,72.9577,73.4
2020-09-27,73.2299,72.0
2020-09-28,73.2517,74.1
2020-09-29,73.248,73.4
2020-09-30,73.4356,74.8
2020-10-01,73.4651,72.5
2020-10-02,73.8941,75.3
2020-10-03,74.0539,74.2
2020-10-04,74.34,74.0
2020-10-05,74.5479,73.0
2020-10-06,74.496,74.2
2020-10-07,74.2479,71.0
2020-10-08,74.8282,71.3
2020-10-09,74.98,73.3
2020-10-10,74.8678,74.1
2020-10-11,75.0956,81.4
2020-10-12,75.1016,86.4
2020-10-13,74.7819,83.5
2020-10-14,74.7384,78.4
2020-10-15,74.5384,75.6
2020-10-16,75.065,76.1
2020-10-17,74.6342,80.3
2020-10-18,74.7042,81.6
2020-10-19,74.6423,86.6
2020-10-20,74.7012,89.1
2020-10-21,74.8447,92.1
2020-10-22,74.6413,88.9
2020-10-23,74.5441,88.3
2020-10-24,74.2776,88.3
2020-10-25,74.8213,85.1
2020-10-26,74.809,86.3
2020-10-27,75.6692,83.3
2020-10-28,75.6692,80.7
2020-10-29,76.3213,78.5
2020-10-30,75.9692,76.9
2020-10-31,76.2086,74.9
2020-11-01,75.7537,77.3
2020-11-02,76.4675,75.5
2020-11-03,75.6545,74.9
2020-11-04,76.1391,79.7
2020-11-05,76.7673,82.9
2020-11-06,77.4562,85.5
2020-11-07,79.3677,93.1
2020-11-08,81.1279,97.9
2020-11-09,80.5317,101.0
2020-11-10,78.9912,103.0
2020-11-11,78.4684,103.5
2020-11-12,78.6223,106.6
2020-11-13,79.7123,113.1
2020-11-14,80.8762,106.4
2020-11-15,82.3171,101.2
2020-11-16,83.137,101.9
2020-11-17,84.1166,99.9
2020-11-18,83.4458,93.0
2020-11-19,83.129,97.0
2020-11-20,83.3695,88.2
2020-11-21,82.5216,86.8
2020-11-22,82.756,80.0
2020-11-23,82.0012,79.6
2020-11-24,81.1358,79.1
2020-11-25,80.698,80.8
2020-11-26,80.6143,79.3
2020-11-27,80.3068,78.1
2020-11-28,81.3424,80.4
2020-11-29,81.801,80.3
2020-11-30,82.0164,79.3
2020-12-01,83.2855,79.1
2020-12-02,85.255,77.9
2020-12-03,86.1645,79.1
2020-12-04,88.113,81.1
2020-12-05,89.9245,77.0
2020-12-06,90.6176,83.0
2020-12-07,91.2038,83.6
2020-12-08,90.7788,84.5
2020-12-09,91.4235,84.9
2020-12-10,92.9189,85.0
2020-12-11,91.2896,84.9
2020-12-12,89.6744,84.3
2020-12-13,90.3616,81.4
2020-12-14,89.8926,80.1
2020-12-15,87.6878,78.5
2020-12-16,88.1136,77.7
2020-12-17,85.2506,78.8
2020-12-18,83.97,77.8
2020-12-19,81.9598,75.0
2020-12-20,82.0926,72.6
2020-12-21,81.9477,71.7
2020-12-22,82.8339,72.2
2020-12-23,82.6757,72.8
2020-12-24,81.9559,71.8
2020-12-25,82.4832,70.7
2020-12-26,82.3241,70.8
2020-12-27,82.0101,70.4
2020-12-28,81.9564,70.8
2020-12-29,81.754,71.2
2020-12-30,82.0216,71.0
2020-12-31,82.4096,75.2
2021-01-01,81.4462,74.8
2021-01-02,83.2534,72.9
2021-01-03,83.2777,75.6
2021-01-04,83.3482,74.7
2021-01-05,83.2994,75.2
2021-01-06,83.3957,75.8
2021-01-07,83.5179,75.5
2021-01-08,83.4879,75.2
2021-01-09,83.0972,74.8
2021-01-10,82.6263,73.4
2021-01-11,81.8145,74.0
2021-01-12,81.2251,73.4
2021-01-13,80.8837,73.2
2021-01-14,80.0861,71.6
2021-01-15,79.1288,71.2
2021-01-16,78.4024,70.8
2021-01-17,78.2499,70.2
2021-01-18,78.4638,71.3
2021-01-19,78.4516,71.2
2021-01-20,78.0636,71.1
2021-01-21,77.6624,71.0
2021-01-22,77.6866,70.8
2021-01-23,77.523,71.3
2021-01-24,77.4194,71.0
2021-01-25,77.4902,71.0
2021-01-26,77.1958,70.5
2021-01-27,78.4245,71.7
2021-01-28,78.1333,69.6
2021-01-29,77.386,69.7
2021-01-30,77.9815,68.0
2021-01-31,77.843,69.1
2021-02-01,77.7584,70.0
2021-02-02,78.1753,70.6
2021-02-03,78.1211,69.9
2021-02-04,78.3098,71.7
2021-02-05,78.2504,70.9
2021-02-06,77.7322,73.2
2021-02-07,77.8251,74.2
2021-02-08,77.5987,77.6
2021-02-09,77.3834,77.1
2021-02-10,76.6449,78.1
2021-02-11,76.3568,76.4
2021-02-12,76.3311,75.7
2021-02-13,76.0498,72.7
2021-02-14,76.1586,73.3
2021-02-15,75.745,74.4
2021-02-16,75.7608,74.1
2021-02-17,75.6239,73.9
2021-02-18,75.1985,74.4
2021-02-19,74.9925,76.4
2021-02-20,74.8205,78.7
2021-02-21,74.6421,75.4
2021-02-22,74.4654,75.3
2021-02-23,74.7289,74.6
2021-02-24,74.477,74.7
2021-02-25,74.7193,75.0
2021-02-26,74.2333,74.2
2021-02-27,74.2632,73.1
2021-02-28,74.4274,72.9
2021-03-01,74.3882,72.1
2021-03-02,74.0775,72.5
2021-03-03,74.6962,72.5
2021-03-04,74.6083,74.1
2021-03-05,75.1879,74.6
2021-03-06,75.5929,76.0
2021-03-07,76.9876,76.4
2021-03-08,77.3821,75.3
2021-03-09,77.5385,74.8
2021-03-10,77.0024,74.7
2021-03-11,76.9643,74.7
2021-03-12,76.1192,73.6
2021-03-13,76.0664,73.2
2021-03-14,76.3392,74.5
2021-03-15,75.9792,72.4
2021-03-16,75.8977,77.8
2021-03-17,75.8216,71.4
2021-03-18,76.1721,72.2
2021-03-19,76.7699,72.0
2021-03-20,76.0236,71.8
2021-03-21,76.1663,71.3
2021-03-22,76.1988,70.7
2021-03-23,76.3408,70.5
2021-03-24,76.5894,70.8
2021-03-25,76.1604,70.8
2021-03-26,75.8654,72.2
2021-03-27,75.9478,74.5
2021-03-28,75.6397,73.6
2021-03-29,75.2231,74.3
2021-03-30,75.229,76.0
2021-03-31,75.3605,75.2
2021-04-01,75.958,75.9
2021-04-02,76.0509,76.4
2021-04-03,76.0221,81.1
2021-04-04,75.6286,83.7
2021-04-05,75.4136,77.7
2021-04-06,75.5314,78.6
2021-04-07,75.3753,76.1
2021-04-08,75.0864,77.7
2021-04-09,75.0699,78.7
2021-04-10,75.4626,79.2
2021-04-11,74.8996,79.4
2021-04-12,76.4248,77.9
2021-04-13,74.5732,78.0
2021-04-14,75.3639,74.0
2021-04-15,75.4029,72.7
2021-04-16,75.1954,73.1
2021-04-17,75.0676,72.8
2021-04-18,74.8545,71.8
2021-04-19,74.9082,70.7
2021-04-20,75.3812,72.1
2021-04-21,75.0103,75.9
2021-04-22,75.483,77.4
2021-04-23,76.051,77.7
2021-04-24,76.2648,78.0
2021-04-25,76.4651,77.6
2021-04-26,77.3599,76.3
2021-04-27,77.493,76.3
2021-04-28,77.8112,72.4
2021-04-29,78.1488,74.9
2021-04-30,79.0438,74.9
2021-05-01,79.4629,76.5
2021-05-02,77.8981,78.2
2021-05-03,78.0527,77.7
2021-05-04,77.4584,74.0
2021-05-05,77.8669,75.5
2021-05-06,77.9654,77.5
2021-05-07,78.3781,81.0
2021-05-08,78.703,74.5
2021-05-09,78.39,85.7
2021-05-10,78.4519,90.3
2021-05-11,77.4156,85.5
2021-05-12,77.1696,79.5
2021-05-13,77.0741,78.1
2021-05-14,76.4964,76.5
2021-05-15,76.1649,84.0
2021-05-16,75.8493,77.3
2021-05-17,76.1691,78.5
2021-05-18,77.5812,77.7
2021-05-19,77.9274,79.4
2021-05-20,77.7854,76.6
2021-05-21,77.9046,79.7
2021-05-22,77.9375,83.2
2021-05-23,77.6442,82.3
2021-05-24,77.2716,81.0
2021-05-25,76.8912,75.6
2021-05-26,78.1328,79.7
2021-05-27,78.1774,80.0
2021-05-28,78.6399,80.5
2021-05-29,79.1178,79.3
2021-05-30,78.934,77.9
2021-05-31,78.3892,79.6
2021-06-01,78.5456,87.7
2021-06-02,78.9841,79.5
2021-06-03,79.868,79.6
2021-06-04,78.7517,78.9
2021-06-05,81.2672,81.7
2021-06-06,82.6248,83.4
2021-06-07,81.153,82.3
2021-06-08,79.5098,83.3
2021-06-09,79.2382,86.1
2021-06-10,78.2389,85.1
2021-06-11,80.8316,89.9
2021-06-12,78.778,91.6
2021-06-13,79.3386,95.6
2021-06-14,79.0197,97.3
2021-06-15,79.691,97.2
2021-06-16,79.5008,98.1
2021-06-17,80.5942,96.8
2021-06-18,81.9118,94.1
2021-06-19,81.241,92.4
2021-06-20,80.6896,86.0
2021-06-21,79.2494,78.6
2021-06-22,80.2836,75.9
2021-06-23,80.4929,76.2
2021-06-24,80.7616,76.5
2021-06-25,80.5148,76.0
2021-06-26,80.2195,74.0
2021-06-27,81.023,74.3
2021-06-28,83.7537,74.5
2021-06-29,82.1163,75.9
2021-06-30,82.4528,77.5
2021-07-01,82.4616,80.0
2021-07-02,83.6416,83.0
2021-07-03,84.7246,85.3
2021-07-04,84.5202,89.8
2021-07-05,85.048,96.5
2021-07-06,85.7368,91.8
2021-07-07,85.4848,90.2
2021-07-08,86.7823,86.5
2021-07-09,86.5744,84.2
2021-07-10,86.9483,83.4
2021-07-11,87.2921,82.1
2021-07-12,87.1155,81.2
2021-07-13,87.2945,78.1
2021-07-14,86.7037,77.8
2021-07-15,85.1574,78.2
2021-07-16,84.611,77.2
2021-07-17,82.5387,76.8
2021-07-18,80.3911,78.1
2021-07-19,79.7431,72.8
2021-07-20,80.2721,76.5
2021-07-21,80.8052,76.5
2021-07-22,80.7003,75.8
2021-07-23,80.319,75.5
2021-07-24,80.763,75.0
2021-07-25,81.2407,75.3
2021-07-26,81.7952,75.8
2021-07-27,82.2878,75.6
2021-07-28,82.9707,74.8
2021-07-29,83.4992,74.5
2021-07-30,84.2817,76.5
2021-07-31,85.6995,76.3
2021-08-01,87.8108,75.0
2021-08-02,86.4539,77.1
2021-08-03,85.6954,76.7
2021-08-04,84.0367,79.5
2021-08-05,83.2905,78.9
2021-08-06,83.0837,78.8
2021-08-07,82.9156,79.8
2021-08-08,82.3062,82.6
2021-08-09,81.3047,85.4
2021-08-10,80.8035,90.5
2021-08-11,81.3196,91.3
2021-08-12,80.9218,91.7
2021-08-13,80.719,90.5
2021-08-14,80.206,92.4
2021-08-15,79.2506,86.0
2021-08-16,80.4213,85.7
2021-08-17,80.1924,87.3
2021-08-18,80.2392,85.3
2021-08-19,79.8674,88.0
2021-08-20,79.9222,94.9
2021-08-21,80.2945,101.1
2021-08-22,80.2582,102.8
2021-08-23,80.4103,101.9
2021-08-24,80.1003,101.1
2021-08-25,79.8721,97.6
2021-08-26,80.7148,93.0
2021-08-27,81.2447,88.8
2021-08-28,81.1661,84.3
2021-08-29,82.5326,79.0
2021-08-30,83.1934,76.1
2021-08-31,83.3792,74.0
2021-09-01,84.0966,74.1
2021-09-02,84.0107,74.4
2021-09-03,83.749,75.7
2021-09-04,85.2225,80.7
2021-09-05,86.7992,85.5
2021-09-06,89.0381,89.2
2021-09-07,89.616,90.2
2021-09-08,90.2883,88.9
2021-09-09,89.746,88.9
2021-09-10,89.8365,86.7
2021-09-11,88.3751,85.6
2021-09-12,87.8895,89.3
2021-09-13,88.7481,102.0
2021-09-14,87.5706,94.8
2021-09-15,87.9998,90.7
2021-09-16,89.386,87.1
2021-09-17,90.5753,86.1
2021-09-18,91.0472,83.5
2021-09-19,90.1157,81.7
2021-09-20,90.5944,84.7
2021-09-21,89.3207,85.6
2021-09-22,88.0306,92.2
2021-09-23,86.4677,89.8
2021-09-24,85.0646,84.2
2021-09-25,83.3481,88.2
2021-09-26,82.3362,83.1
2021-09-27,81.5281,83.1
2021-09-28,81.8645,83.6
2021-09-29,82.5414,81.2
2021-09-30,83.089,79.8
2021-10-01,84.7532,77.1
2021-10-02,86.4817,76.2
2021-10-03,87.7384,78.2
2021-10-04,87.42,77.2
2021-10-05,86.3521,81.6
2021-10-06,86.3202,84.8
2021-10-07,85.9007,89.1
2021-10-08,86.1646,92.8
2021-10-09,87.3481,100.6
2021-10-10,90.8134,109.4
2021-10-11,88.9319,110.8
2021-10-12,87.4849,111.3
2021-10-13,86.5835,106.5
2021-10-14,86.3613,108.9
2021-10-15,85.4304,100.2
2021-10-16,84.4935,96.1
2021-10-17,85.9423,94.5
2021-10-18,86.2741,90.9
2021-10-19,88.0734,90.8
2021-10-20,87.4981,89.6
2021-10-21,85.2884,85.4
2021-10-22,86.2364,88.2
2021-10-23,84.8253,89.1
2021-10-24,85.2338,89.6
2021-10-25,85.7822,86.9
2021-10-26,85.4103,82.5
2021-10-27,85.4304,82.3
2021-10-28,85.0334,81.9
2021-10-29,85.1063,77.4
2021-10-30,86.0558,79.1
2021-10-31,86.2512,79.0
2021-11-01,87.6505,78.5
2021-11-02,88.9878,77.1
2021-11-03,89.8007,77.0
2021-11-04,90.4385,79.7
2021-11-05,92.8162,77.9
2021-11-06,94.8685,77.5
2021-11-07,95.3311,78.9
2021-11-08,95.7169,84.4
2021-11-09,94.6817,82.7
2021-11-10,95.3977,91.1
2021-11-11,92.7329,90.0
2021-11-12,91.2882,91.0
2021-11-13,91.1876,89.8
2021-11-14,89.616,87.5
2021-11-15,89.3877,84.0
2021-11-16,88.595,84.2
2021-11-17,87.0289,82.9
2021-11-18,87.5063,85.6
2021-11-19,87.0815,80.3
2021-11-20,86.9882,77.6
2021-11-21,85.5352,76.6
2021-11-22,84.2242,74.6
2021-11-23,84.1099,74.4
2021-11-24,84.1478,73.4
2021-11-25,82.6013,73.9
2021-11-26,83.73,77.4
2021-11-27,83.4572,78.2
2021-11-28,83.6843,86.2
2021-11-29,83.0412,99.3
2021-11-30,83.4511,114.2
2021-12-01,84.1253,117.0
2021-12-02,83.6906,117.4
2021-12-03,83.6406,111.6
2021-12-04,83.9929,118.8
2021-12-05,86.1492,132.2
2021-12-06,86.0009,135.8
2021-12-07,88.5655,125.6
2021-12-08,88.7683,122.1
2021-12-09,88.9294,126.5
2021-12-10,88.4334,121.2
2021-12-11,87.4266,119.9
2021-12-12,86.8114,116.5
2021-12-13,86.6765,107.8
2021-12-14,86.3151,99.0
2021-12-15,87.2926,98.2
2021-12-16,86.2345,90.8
2021-12-17,85.5374,86.0
2021-12-18,85.2314,81.3
2021-12-19,85.0322,82.7
2021-12-20,85.4455,81.0
2021-12-21,86.3949,90.6
2021-12-22,87.6793,103.8
2021-12-23,89.2576,99.1
2021-12-24,90.4633,98.7
2021-12-25,93.7942,98.8
2021-12-26,97.3542,96.7
2021-12-27,101.9521,99.8
2021-12-28,103.6809,102.1
2021-12-29,104.1936,106.6
2021-12-30,103.2083,111.8
2021-12-31,106.8772,115.6
